delta;theta;resp;error;rt;obs;block;cond;study;experiment;stimulus;expnum;codenum;delta_1;delta_2;delta_3;delta_4;delta_5;delta_6;trial_in_block;block_unique
59;160;173.0;13.0;2.29150867462158;1;1;1;Abreo et al. (2023);Experiment 1;Orientation;1;1;;;;;;;1;1
48;170;171.0;0.999999999999989;2.84200549125671;1;1;1;Abreo et al. (2023);Experiment 1;Orientation;1;1;;;;;;;2;1
41;150;163.5;13.5;4.67462348937988;1;1;1;Abreo et al. (2023);Experiment 1;Orientation;1;1;;;;;;;3;1
-64;61;61.5;0.500000000000008;3.7828516960144;1;1;1;Abreo et al. (2023);Experiment 1;Orientation;1;1;;;;;;;4;1
-82;158;147.0;-11.0;7.10818767547607;1;1;1;Abreo et al. (2023);Experiment 1;Orientation;1;1;;;;;;;5;1
30;106;148.5;42.5;3.09983849525452;1;1;1;Abreo et al. (2023);Experiment 1;Orientation;1;1;;;;;;;6;1
80;178;135.0;-43.0;5.68307948112488;1;1;1;Abreo et al. (2023);Experiment 1;Orientation;1;1;;;;;;;7;1
-39;121;112.5;-8.5;3.16619443893433;1;1;1;Abreo et al. (2023);Experiment 1;Orientation;1;1;;;;;;;8;1
-49;51;48.5;-2.50000000000001;2.44123363494873;1;1;1;Abreo et al. (2023);Experiment 1;Orientation;1;1;;;;;;;9;1
-75;63;52.5;-10.5;2.17467856407166;1;1;1;Abreo et al. (2023);Experiment 1;Orientation;1;1;;;;;;;10;1
19;64;33.5;-30.5;2.48321413993835;1;1;1;Abreo et al. (2023);Experiment 1;Orientation;1;1;;;;;;;11;1
42;29;45.5;16.5;1.94130277633667;1;1;1;Abreo et al. (2023);Experiment 1;Orientation;1;1;;;;;;;12;1
2;150;152.5;2.5;3.48303151130676;1;1;1;Abreo et al. (2023);Experiment 1;Orientation;1;1;;;;;;;13;1
-73;28;35.5;7.5;2.26653790473938;1;1;1;Abreo et al. (2023);Experiment 1;Orientation;1;1;;;;;;;14;1
-41;151;163.0;12.0;3.16635227203369;1;1;1;Abreo et al. (2023);Experiment 1;Orientation;1;1;;;;;;;15;1
-7;38;37.5;-0.5;3.24136972427368;1;1;1;Abreo et al. (2023);Experiment 1;Orientation;1;1;;;;;;;16;1
-1;167;160.0;-7.0;3.40801239013672;1;1;1;Abreo et al. (2023);Experiment 1;Orientation;1;1;;;;;;;17;1
20;70;52.5;-17.5;2.94138073921204;1;1;1;Abreo et al. (2023);Experiment 1;Orientation;1;1;;;;;;;18;1
-16;24;36.0;12.0;2.04970502853394;1;1;1;Abreo et al. (2023);Experiment 1;Orientation;1;1;;;;;;;19;1
-22;133;129.0;-4.0;4.44985151290894;1;1;1;Abreo et al. (2023);Experiment 1;Orientation;1;1;;;;;;;20;1
-2;172;159.5;-12.5;2.44147944450378;1;1;1;Abreo et al. (2023);Experiment 1;Orientation;1;1;;;;;;;21;1
10;42;39.5;-2.5;1.73323798179626;1;1;1;Abreo et al. (2023);Experiment 1;Orientation;1;1;;;;;;;22;1
43;172;22.0;30.0;4.22456765174866;1;1;1;Abreo et al. (2023);Experiment 1;Orientation;1;1;;;;;;;23;1
22;74;66.0;-8.0;3.39151382446289;1;1;1;Abreo et al. (2023);Experiment 1;Orientation;1;1;;;;;;;24;1
-50;144;146.0;2.0;2.08302545547485;1;1;1;Abreo et al. (2023);Experiment 1;Orientation;1;1;;;;;;;25;1
-78;74;65.0;-9.00000000000001;3.18315768241882;1;1;1;Abreo et al. (2023);Experiment 1;Orientation;1;1;;;;;;;26;1
-1;37;28.5;-8.5;2.14178776741028;1;2;1;Abreo et al. (2023);Experiment 1;Orientation;1;1;;;;;;;1;2
60;26;34.0;8.00000000000001;3.18326759338379;1;2;1;Abreo et al. (2023);Experiment 1;Orientation;1;1;;;;;;;2;2
-26;172;148.0;-24.0;2.19220662117004;1;2;1;Abreo et al. (2023);Experiment 1;Orientation;1;1;;;;;;;3;2
-65;4;16.0;12.0;1.7829282283783;1;2;1;Abreo et al. (2023);Experiment 1;Orientation;1;1;;;;;;;4;2
-41;5;16.5;11.5;3.00781536102295;1;2;1;Abreo et al. (2023);Experiment 1;Orientation;1;1;;;;;;;5;2
-47;146;130.5;-15.5;3.27488327026367;1;2;1;Abreo et al. (2023);Experiment 1;Orientation;1;1;;;;;;;6;2
-79;134;141.5;7.49999999999999;2.12483978271484;1;2;1;Abreo et al. (2023);Experiment 1;Orientation;1;1;;;;;;;7;2
18;131;125.0;-5.99999999999998;3.32480764389038;1;2;1;Abreo et al. (2023);Experiment 1;Orientation;1;1;;;;;;;8;2
-67;39;49.0;10.0;2.44962573051453;1;2;1;Abreo et al. (2023);Experiment 1;Orientation;1;1;;;;;;;9;2
-71;93;46.0;-47.0;2.61654257774353;1;2;1;Abreo et al. (2023);Experiment 1;Orientation;1;1;;;;;;;10;2
-88;74;58.0;-16.0;2.94975829124451;1;2;1;Abreo et al. (2023);Experiment 1;Orientation;1;1;;;;;;;11;2
-38;38;38.5;0.499999999999998;2.09147953987122;1;2;1;Abreo et al. (2023);Experiment 1;Orientation;1;1;;;;;;;12;2
51;24;35.0;11.0;2.21639060974121;1;2;1;Abreo et al. (2023);Experiment 1;Orientation;1;1;;;;;;;13;2
24;51;29.0;-22.0;6.01649904251099;1;2;1;Abreo et al. (2023);Experiment 1;Orientation;1;1;;;;;;;14;2
76;36;39.0;3.0;1.56619334220886;1;2;1;Abreo et al. (2023);Experiment 1;Orientation;1;1;;;;;;;15;2
-33;41;47.0;6.0;1.41647553443909;1;2;1;Abreo et al. (2023);Experiment 1;Orientation;1;1;;;;;;;16;2
-77;21;176.5;-24.5;1.74967241287231;1;2;1;Abreo et al. (2023);Experiment 1;Orientation;1;1;;;;;;;17;2
-53;176;145.5;-30.5;2.28319048881531;1;2;1;Abreo et al. (2023);Experiment 1;Orientation;1;1;;;;;;;18;2
-7;112;131.5;19.5;1.4829318523407;1;2;1;Abreo et al. (2023);Experiment 1;Orientation;1;1;;;;;;;19;2
4;170;165.0;-5.00000000000002;2.24973130226135;1;2;1;Abreo et al. (2023);Experiment 1;Orientation;1;1;;;;;;;20;2
-70;111;107.0;-4.0;1.87460851669312;1;2;1;Abreo et al. (2023);Experiment 1;Orientation;1;1;;;;;;;21;2
-48;16;15.5;-0.5;2.08318877220154;1;2;1;Abreo et al. (2023);Experiment 1;Orientation;1;1;;;;;;;22;2
80;159;148.5;-10.5;1.99985694885254;1;2;1;Abreo et al. (2023);Experiment 1;Orientation;1;1;;;;;;;23;2
26;160;157.0;-2.99999999999999;2.68307733535767;1;2;1;Abreo et al. (2023);Experiment 1;Orientation;1;1;;;;;;;24;2
0;16;23.5;7.5;2.19972348213196;1;2;1;Abreo et al. (2023);Experiment 1;Orientation;1;1;;;;;;;25;2
-36;167;149.0;-18.0;2.08311796188354;1;2;1;Abreo et al. (2023);Experiment 1;Orientation;1;1;;;;;;;26;2
76;99;138.5;39.5;1.86632561683655;1;2;1;Abreo et al. (2023);Experiment 1;Orientation;1;1;;;;;;;27;2
29;9;32.5;23.5;2.14129376411438;1;2;1;Abreo et al. (2023);Experiment 1;Orientation;1;1;;;;;;;28;2
-19;37;42.0;5.0;2.19128847122192;1;2;1;Abreo et al. (2023);Experiment 1;Orientation;1;1;;;;;;;29;2
82;134;2.5;48.5;2.36657571792603;1;2;1;Abreo et al. (2023);Experiment 1;Orientation;1;1;;;;;;;30;2
62;49;60.0;11.0;1.54131293296814;1;2;1;Abreo et al. (2023);Experiment 1;Orientation;1;1;;;;;;;31;2
16;30;56.0;26.0;2.774822473526;1;2;1;Abreo et al. (2023);Experiment 1;Orientation;1;1;;;;;;;32;2
-65;122;128.0;6.00000000000001;3.8748574256897;1;2;1;Abreo et al. (2023);Experiment 1;Orientation;1;1;;;;;;;33;2
-36;100;116.0;16.0;2.31655955314636;1;2;1;Abreo et al. (2023);Experiment 1;Orientation;1;1;;;;;;;34;2
72;75;58.0;-17.0;2.44952893257141;1;2;1;Abreo et al. (2023);Experiment 1;Orientation;1;1;;;;;;;35;2
-68;4;151.5;-32.5;2.63307881355286;1;2;1;Abreo et al. (2023);Experiment 1;Orientation;1;1;;;;;;;36;2
14;142;142.0;0.0;1.85813045501709;1;2;1;Abreo et al. (2023);Experiment 1;Orientation;1;1;;;;;;;37;2
-85;80;56.0;-24.0;1.57481646537781;1;2;1;Abreo et al. (2023);Experiment 1;Orientation;1;1;;;;;;;38;2
-54;134;121.0;-13.0;1.7664155960083;1;2;1;Abreo et al. (2023);Experiment 1;Orientation;1;1;;;;;;;39;2
-32;48;51.5;3.5;2.27477645874023;1;2;1;Abreo et al. (2023);Experiment 1;Orientation;1;1;;;;;;;40;2
-33;177;165.0;-12.0;2.61652660369873;1;2;1;Abreo et al. (2023);Experiment 1;Orientation;1;1;;;;;;;41;2
-10;30;30.0;-2.7544411522729304e-15;2.15800452232361;1;2;1;Abreo et al. (2023);Experiment 1;Orientation;1;1;;;;;;;42;2
-21;109;110.0;1.0;3.67488169670105;1;2;1;Abreo et al. (2023);Experiment 1;Orientation;1;1;;;;;;;43;2
37;151;143.0;-7.99999999999998;1.53314828872681;1;2;1;Abreo et al. (2023);Experiment 1;Orientation;1;1;;;;;;;44;2
-1;155;157.0;2.0;3.21167373657227;1;3;1;Abreo et al. (2023);Experiment 1;Orientation;1;1;;;;;;;1;3
-62;71;39.5;-31.5;2.7577965259552;1;3;1;Abreo et al. (2023);Experiment 1;Orientation;1;1;;;;;;;2;3
85;28;25.0;-3.0;2.08319664001465;1;3;1;Abreo et al. (2023);Experiment 1;Orientation;1;1;;;;;;;3;3
-33;9;28.5;19.5;2.15797972679138;1;3;1;Abreo et al. (2023);Experiment 1;Orientation;1;1;;;;;;;4;3
-75;173;142.5;-30.5;1.47483921051025;1;3;1;Abreo et al. (2023);Experiment 1;Orientation;1;1;;;;;;;5;3
-19;108;121.0;13.0;2.4998254776001;1;3;1;Abreo et al. (2023);Experiment 1;Orientation;1;1;;;;;;;6;3
-82;129;147.0;18.0;2.24154448509216;1;3;1;Abreo et al. (2023);Experiment 1;Orientation;1;1;;;;;;;7;3
-61;29;44.5;15.5;1.63301277160645;1;3;1;Abreo et al. (2023);Experiment 1;Orientation;1;1;;;;;;;8;3
14;109;130.0;21.0;1.88308668136597;1;3;1;Abreo et al. (2023);Experiment 1;Orientation;1;1;;;;;;;9;3
-70;179;167.5;-11.5;1.88320183753967;1;3;1;Abreo et al. (2023);Experiment 1;Orientation;1;1;;;;;;;10;3
-5;88;88.5;0.500000000000007;2.10814523696899;1;3;1;Abreo et al. (2023);Experiment 1;Orientation;1;1;;;;;;;11;3
46;166;160.0;-6.00000000000001;2.13309669494629;1;3;1;Abreo et al. (2023);Experiment 1;Orientation;1;1;;;;;;;12;3
20;158;145.0;-13.0;2.18300676345825;1;3;1;Abreo et al. (2023);Experiment 1;Orientation;1;1;;;;;;;13;3
-60;117;134.0;17.0;3.78314733505249;1;3;1;Abreo et al. (2023);Experiment 1;Orientation;1;1;;;;;;;14;3
77;30;40.5;10.5;2.14974999427795;1;3;1;Abreo et al. (2023);Experiment 1;Orientation;1;1;;;;;;;15;3
68;153;154.5;1.50000000000001;1.95803737640381;1;3;1;Abreo et al. (2023);Experiment 1;Orientation;1;1;;;;;;;16;3
87;59;35.0;-24.0;2.44977450370789;1;3;1;Abreo et al. (2023);Experiment 1;Orientation;1;1;;;;;;;17;3
-62;78;32.0;-46.0;2.10820245742798;1;3;1;Abreo et al. (2023);Experiment 1;Orientation;1;1;;;;;;;18;3
62;125;133.5;8.49999999999998;2.14152455329895;1;3;1;Abreo et al. (2023);Experiment 1;Orientation;1;1;;;;;;;19;3
64;54;131.5;77.5;2.54985475540161;1;3;1;Abreo et al. (2023);Experiment 1;Orientation;1;1;;;;;;;20;3
25;167;159.5;-7.49999999999999;1.78306818008423;1;3;1;Abreo et al. (2023);Experiment 1;Orientation;1;1;;;;;;;21;3
-27;142;124.0;-18.0;1.54152345657349;1;3;1;Abreo et al. (2023);Experiment 1;Orientation;1;1;;;;;;;22;3
-27;161;142.5;-18.5;2.14128756523132;1;3;1;Abreo et al. (2023);Experiment 1;Orientation;1;1;;;;;;;23;3
80;18;27.5;9.5;1.99141001701355;1;3;1;Abreo et al. (2023);Experiment 1;Orientation;1;1;;;;;;;24;3
3;85;82.0;-3.0;1.74145340919495;1;3;1;Abreo et al. (2023);Experiment 1;Orientation;1;1;;;;;;;25;3
24;47;56.0;9.0;2.9161536693573;1;3;1;Abreo et al. (2023);Experiment 1;Orientation;1;1;;;;;;;26;3
30;174;148.5;-25.5;2.824711561203;1;3;1;Abreo et al. (2023);Experiment 1;Orientation;1;1;;;;;;;27;3
90;0;39.5;39.5;2.4163806438446;1;3;1;Abreo et al. (2023);Experiment 1;Orientation;1;1;;;;;;;28;3
-87;75;137.0;62.0;2.83296060562134;1;3;1;Abreo et al. (2023);Experiment 1;Orientation;1;1;;;;;;;29;3
-69;39;31.0;-8.0;2.12484884262085;1;3;1;Abreo et al. (2023);Experiment 1;Orientation;1;1;;;;;;;30;3
13;77;86.5;9.49999999999999;2.64955449104309;1;3;1;Abreo et al. (2023);Experiment 1;Orientation;1;1;;;;;;;31;3
-34;44;39.5;-4.5;1.44980359077454;1;3;1;Abreo et al. (2023);Experiment 1;Orientation;1;1;;;;;;;32;3
-44;78;58.0;-20.0;2.44124388694763;1;3;1;Abreo et al. (2023);Experiment 1;Orientation;1;1;;;;;;;33;3
55;45;41.0;-3.99999999999999;3.03715562820435;1;4;1;Abreo et al. (2023);Experiment 1;Orientation;1;1;;;;;;;1;4
-61;131;129.5;-1.49999999999998;2.20000648498535;1;4;1;Abreo et al. (2023);Experiment 1;Orientation;1;1;;;;;;;2;4
7;168;160.0;-8.00000000000001;2.00866222381592;1;4;1;Abreo et al. (2023);Experiment 1;Orientation;1;1;;;;;;;3;4
27;83;73.5;-9.50000000000001;3.27486157417297;1;4;1;Abreo et al. (2023);Experiment 1;Orientation;1;1;;;;;;;4;4
66;20;31.0;11.0;2.81652665138245;1;4;1;Abreo et al. (2023);Experiment 1;Orientation;1;1;;;;;;;5;4
-31;0;169.0;-11.0;1.77478337287903;1;4;1;Abreo et al. (2023);Experiment 1;Orientation;1;1;;;;;;;6;4
-10;147;160.5;13.5;2.38321733474731;1;4;1;Abreo et al. (2023);Experiment 1;Orientation;1;1;;;;;;;7;4
-19;137;150.0;13.0;1.73321223258972;1;4;1;Abreo et al. (2023);Experiment 1;Orientation;1;1;;;;;;;8;4
-21;122;127.5;5.50000000000001;1.69154238700867;1;4;1;Abreo et al. (2023);Experiment 1;Orientation;1;1;;;;;;;9;4
60;6;20.0;14.0;2.04982447624207;1;4;1;Abreo et al. (2023);Experiment 1;Orientation;1;1;;;;;;;10;4
4;137;130.5;-6.5;2.29987764358521;1;4;1;Abreo et al. (2023);Experiment 1;Orientation;1;1;;;;;;;11;4
58;92;109.0;17.0;2.3246636390686;1;4;1;Abreo et al. (2023);Experiment 1;Orientation;1;1;;;;;;;12;4
-38;41;42.5;1.5;1.36655235290527;1;4;1;Abreo et al. (2023);Experiment 1;Orientation;1;1;;;;;;;13;4
39;146;145.0;-0.999999999999983;1.52478647232056;1;4;1;Abreo et al. (2023);Experiment 1;Orientation;1;1;;;;;;;14;4
-50;45;28.0;-17.0;1.82475566864014;1;4;1;Abreo et al. (2023);Experiment 1;Orientation;1;1;;;;;;;15;4
3;140;140.5;0.500000000000017;1.49139761924744;1;4;1;Abreo et al. (2023);Experiment 1;Orientation;1;1;;;;;;;16;4
-7;13;21.5;8.5;1.78300285339355;1;4;1;Abreo et al. (2023);Experiment 1;Orientation;1;1;;;;;;;17;4
1;159;157.0;-2.0;1.5332043170929;1;4;1;Abreo et al. (2023);Experiment 1;Orientation;1;1;;;;;;;18;4
50;147;150.5;3.50000000000001;1.84151792526245;1;4;1;Abreo et al. (2023);Experiment 1;Orientation;1;1;;;;;;;19;4
35;78;124.5;46.5;2.86619663238525;1;4;1;Abreo et al. (2023);Experiment 1;Orientation;1;1;;;;;;;20;4
81;62;47.5;-14.5;2.18304848670959;1;4;1;Abreo et al. (2023);Experiment 1;Orientation;1;1;;;;;;;21;4
17;85;72.0;-13.0;2.15819382667542;1;4;1;Abreo et al. (2023);Experiment 1;Orientation;1;1;;;;;;;22;4
-35;23;32.5;9.5;1.84146904945374;1;4;1;Abreo et al. (2023);Experiment 1;Orientation;1;1;;;;;;;23;4
-74;7;30.0;23.0;2.16650056838989;1;4;1;Abreo et al. (2023);Experiment 1;Orientation;1;1;;;;;;;24;4
50;173;175.5;2.5;2.00820970535278;1;4;1;Abreo et al. (2023);Experiment 1;Orientation;1;1;;;;;;;25;4
-64;43;48.5;5.5;1.50776147842407;1;4;1;Abreo et al. (2023);Experiment 1;Orientation;1;1;;;;;;;26;4
60;122;129.0;7.0;2.23301649093628;1;4;1;Abreo et al. (2023);Experiment 1;Orientation;1;1;;;;;;;27;4
50;12;23.5;11.5;1.91626048088074;1;4;1;Abreo et al. (2023);Experiment 1;Orientation;1;1;;;;;;;28;4
-39;79;54.0;-25.0;1.89980959892273;1;4;1;Abreo et al. (2023);Experiment 1;Orientation;1;1;;;;;;;29;4
-4;37;51.0;14.0;1.19155073165894;1;4;1;Abreo et al. (2023);Experiment 1;Orientation;1;1;;;;;;;30;4
-3;21;27.0;6.0;1.64148855209351;1;4;1;Abreo et al. (2023);Experiment 1;Orientation;1;1;;;;;;;31;4
-39;42;55.0;13.0;2.23300552368164;1;4;1;Abreo et al. (2023);Experiment 1;Orientation;1;1;;;;;;;32;4
-64;0;140.5;-39.5;2.03319668769836;1;4;1;Abreo et al. (2023);Experiment 1;Orientation;1;1;;;;;;;33;4
33;157;162.5;5.49999999999999;1.72501111030579;1;5;1;Abreo et al. (2023);Experiment 1;Orientation;1;1;;;;;;;1;5
-6;57;50.0;-7.0;1.74164342880249;1;5;1;Abreo et al. (2023);Experiment 1;Orientation;1;1;;;;;;;2;5
-16;27;28.5;1.50000000000001;1.81655836105347;1;5;1;Abreo et al. (2023);Experiment 1;Orientation;1;1;;;;;;;3;5
-4;53;59.0;6.00000000000001;2.44987630844116;1;5;1;Abreo et al. (2023);Experiment 1;Orientation;1;1;;;;;;;4;5
-35;53;55.5;2.5;2.40815305709839;1;5;1;Abreo et al. (2023);Experiment 1;Orientation;1;1;;;;;;;5;5
-16;8;9.5;1.5;2.12486052513123;1;5;1;Abreo et al. (2023);Experiment 1;Orientation;1;1;;;;;;;6;5
45;54;33.5;-20.5;2.24987244606018;1;5;1;Abreo et al. (2023);Experiment 1;Orientation;1;1;;;;;;;7;5
-53;18;31.0;13.0;2.0412266254425;1;5;1;Abreo et al. (2023);Experiment 1;Orientation;1;1;;;;;;;8;5
38;112;124.5;12.5;2.28321886062622;1;5;1;Abreo et al. (2023);Experiment 1;Orientation;1;1;;;;;;;9;5
-44;42;28.5;-13.5;1.77483129501343;1;5;1;Abreo et al. (2023);Experiment 1;Orientation;1;1;;;;;;;10;5
30;174;159.5;-14.5;1.60816550254822;1;5;1;Abreo et al. (2023);Experiment 1;Orientation;1;1;;;;;;;11;5
32;159;163.5;4.5;1.69952344894409;1;5;1;Abreo et al. (2023);Experiment 1;Orientation;1;1;;;;;;;12;5
84;145;147.0;1.99999999999997;1.97482109069824;1;5;1;Abreo et al. (2023);Experiment 1;Orientation;1;1;;;;;;;13;5
36;11;30.0;19.0;1.84977269172668;1;5;1;Abreo et al. (2023);Experiment 1;Orientation;1;1;;;;;;;14;5
-88;85;74.0;-11.0;1.69138669967651;1;5;1;Abreo et al. (2023);Experiment 1;Orientation;1;1;;;;;;;15;5
-59;82;74.5;-7.50000000000001;2.11633253097534;1;5;1;Abreo et al. (2023);Experiment 1;Orientation;1;1;;;;;;;16;5
-82;92;40.5;-51.5;1.23287892341614;1;5;1;Abreo et al. (2023);Experiment 1;Orientation;1;1;;;;;;;17;5
71;72;40.5;-31.5;1.52476787567139;1;5;1;Abreo et al. (2023);Experiment 1;Orientation;1;1;;;;;;;18;5
22;54;43.0;-11.0;1.82483100891113;1;5;1;Abreo et al. (2023);Experiment 1;Orientation;1;1;;;;;;;19;5
12;170;167.0;-3.00000000000002;2.34971189498901;1;5;1;Abreo et al. (2023);Experiment 1;Orientation;1;1;;;;;;;20;5
26;12;37.5;25.5;1.64143228530884;1;5;1;Abreo et al. (2023);Experiment 1;Orientation;1;1;;;;;;;21;5
-19;14;27.0;13.0;1.61652541160583;1;5;1;Abreo et al. (2023);Experiment 1;Orientation;1;1;;;;;;;22;5
-24;125;114.5;-10.5;1.65815281867981;1;5;1;Abreo et al. (2023);Experiment 1;Orientation;1;1;;;;;;;23;5
0;12;30.5;18.5;1.83312273025513;1;5;1;Abreo et al. (2023);Experiment 1;Orientation;1;1;;;;;;;24;5
85;141;141.5;0.499999999999992;1.73320484161377;1;5;1;Abreo et al. (2023);Experiment 1;Orientation;1;1;;;;;;;25;5
24;104;122.0;18.0;1.65792965888977;1;5;1;Abreo et al. (2023);Experiment 1;Orientation;1;1;;;;;;;26;5
50;76;113.5;37.5;4.0913348197937;1;5;1;Abreo et al. (2023);Experiment 1;Orientation;1;1;;;;;;;27;5
-68;82;60.0;-22.0;1.49955582618713;1;5;1;Abreo et al. (2023);Experiment 1;Orientation;1;1;;;;;;;28;5
-14;6;25.0;19.0;1.54154372215271;1;5;1;Abreo et al. (2023);Experiment 1;Orientation;1;1;;;;;;;29;5
-80;168;153.0;-15.0;2.08316445350647;1;5;1;Abreo et al. (2023);Experiment 1;Orientation;1;1;;;;;;;30;5
46;130;138.0;7.99999999999999;1.54137349128723;1;5;1;Abreo et al. (2023);Experiment 1;Orientation;1;1;;;;;;;31;5
12;18;24.0;6.0;1.71653079986572;1;5;1;Abreo et al. (2023);Experiment 1;Orientation;1;1;;;;;;;32;5
69;155;156.5;1.50000000000001;1.59986066818237;1;5;1;Abreo et al. (2023);Experiment 1;Orientation;1;1;;;;;;;33;5
-34;111;123.0;12.0;2.13357067108154;1;6;1;Abreo et al. (2023);Experiment 1;Orientation;1;1;;;;;;;1;6
-2;61;52.5;-8.49999999999999;1.52470779418945;1;6;1;Abreo et al. (2023);Experiment 1;Orientation;1;1;;;;;;;2;6
73;57;63.0;6.0;1.94989252090454;1;6;1;Abreo et al. (2023);Experiment 1;Orientation;1;1;;;;;;;3;6
86;178;155.5;-22.5;1.55823493003845;1;6;1;Abreo et al. (2023);Experiment 1;Orientation;1;1;;;;;;;4;6
87;167;25.0;38.0;1.75819158554077;1;6;1;Abreo et al. (2023);Experiment 1;Orientation;1;1;;;;;;;5;6
-71;43;28.0;-15.0;1.7830765247345;1;6;1;Abreo et al. (2023);Experiment 1;Orientation;1;1;;;;;;;6;6
10;22;32.5;10.5;1.93297076225281;1;6;1;Abreo et al. (2023);Experiment 1;Orientation;1;1;;;;;;;7;6
-66;18;12.5;-5.5;1.5585036277771;1;6;1;Abreo et al. (2023);Experiment 1;Orientation;1;1;;;;;;;8;6
-79;150;136.5;-13.5;1.61625266075134;1;6;1;Abreo et al. (2023);Experiment 1;Orientation;1;1;;;;;;;9;6
-40;39;37.5;-1.49999999999999;1.79981088638306;1;6;1;Abreo et al. (2023);Experiment 1;Orientation;1;1;;;;;;;10;6
-79;131;123.0;-7.99999999999999;2.60807991027832;1;6;1;Abreo et al. (2023);Experiment 1;Orientation;1;1;;;;;;;11;6
69;138;141.5;3.50000000000001;2.46649074554443;1;6;1;Abreo et al. (2023);Experiment 1;Orientation;1;1;;;;;;;12;6
-33;160;152.5;-7.49999999999999;2.13321447372437;1;6;1;Abreo et al. (2023);Experiment 1;Orientation;1;1;;;;;;;13;6
81;126;119.0;-7.0;1.89154505729675;1;6;1;Abreo et al. (2023);Experiment 1;Orientation;1;1;;;;;;;14;6
-12;121;35.0;-86.0;2.43288564682007;1;6;1;Abreo et al. (2023);Experiment 1;Orientation;1;1;;;;;;;15;6
42;70;120.0;50.0;2.408207654953;1;6;1;Abreo et al. (2023);Experiment 1;Orientation;1;1;;;;;;;16;6
69;28;41.5;13.5;1.8748836517334;1;6;1;Abreo et al. (2023);Experiment 1;Orientation;1;1;;;;;;;17;6
-27;171;159.5;-11.5;1.82479071617126;1;6;1;Abreo et al. (2023);Experiment 1;Orientation;1;1;;;;;;;18;6
61;126;125.5;-0.499999999999994;2.1078679561615;1;6;1;Abreo et al. (2023);Experiment 1;Orientation;1;1;;;;;;;19;6
-26;57;51.0;-6.0;2.03298377990723;1;6;1;Abreo et al. (2023);Experiment 1;Orientation;1;1;;;;;;;20;6
-35;28;32.0;4.0;1.66654658317566;1;6;1;Abreo et al. (2023);Experiment 1;Orientation;1;1;;;;;;;21;6
78;28;32.0;4.0;1.82481932640076;1;6;1;Abreo et al. (2023);Experiment 1;Orientation;1;1;;;;;;;22;6
-29;20;31.5;11.5;1.87478852272034;1;6;1;Abreo et al. (2023);Experiment 1;Orientation;1;1;;;;;;;23;6
39;102;127.0;25.0;1.86638259887695;1;6;1;Abreo et al. (2023);Experiment 1;Orientation;1;1;;;;;;;24;6
-4;147;144.0;-3.0;1.9078950881958;1;6;1;Abreo et al. (2023);Experiment 1;Orientation;1;1;;;;;;;25;6
-81;13;35.0;22.0;1.50799584388733;1;6;1;Abreo et al. (2023);Experiment 1;Orientation;1;1;;;;;;;26;6
-1;88;82.0;-5.99999999999999;2.19153070449829;1;6;1;Abreo et al. (2023);Experiment 1;Orientation;1;1;;;;;;;27;6
63;141;133.0;-8.00000000000001;1.74154758453369;1;6;1;Abreo et al. (2023);Experiment 1;Orientation;1;1;;;;;;;28;6
-1;12;25.0;13.0;3.15809631347656;2;1;1;Abreo et al. (2023);Experiment 1;Orientation;1;1;;;;;;;1;1
33;62;73.5;11.5;6.09848046302795;2;1;1;Abreo et al. (2023);Experiment 1;Orientation;1;1;;;;;;;2;1
-65;161;145.5;-15.5;1.42822670936584;2;1;1;Abreo et al. (2023);Experiment 1;Orientation;1;1;;;;;;;3;1
11;163;152.5;-10.5;2.43803548812866;2;1;1;Abreo et al. (2023);Experiment 1;Orientation;1;1;;;;;;;4;1
-84;139;147.0;7.99999999999999;3.08781886100769;2;1;1;Abreo et al. (2023);Experiment 1;Orientation;1;1;;;;;;;5;1
14;137;146.0;9.0;3.86801600456238;2;1;1;Abreo et al. (2023);Experiment 1;Orientation;1;1;;;;;;;6;1
83;84;89.0;5.0;2.56808662414551;2;1;1;Abreo et al. (2023);Experiment 1;Orientation;1;1;;;;;;;7;1
-32;176;174.5;-1.49999999999998;3.35800743103027;2;1;1;Abreo et al. (2023);Experiment 1;Orientation;1;1;;;;;;;8;1
-68;34;43.0;8.99999999999999;3.54810738563538;2;1;1;Abreo et al. (2023);Experiment 1;Orientation;1;1;;;;;;;9;1
-42;27;30.0;3.0;2.31816387176514;2;1;1;Abreo et al. (2023);Experiment 1;Orientation;1;1;;;;;;;10;1
20;70;69.0;-0.999999999999997;6.77802395820618;2;1;1;Abreo et al. (2023);Experiment 1;Orientation;1;1;;;;;;;11;1
75;177;1.0;4.00000000000001;3.02814269065857;2;1;1;Abreo et al. (2023);Experiment 1;Orientation;1;1;;;;;;;12;1
-17;17;20.0;3.0;2.28809285163879;2;1;1;Abreo et al. (2023);Experiment 1;Orientation;1;1;;;;;;;13;1
88;95;91.5;-3.50000000000001;5.8380389213562;2;1;1;Abreo et al. (2023);Experiment 1;Orientation;1;1;;;;;;;14;1
-82;126;128.0;2.00000000000001;1.99808764457703;2;1;1;Abreo et al. (2023);Experiment 1;Orientation;1;1;;;;;;;15;1
54;40;56.0;16.0;2.71814274787903;2;1;1;Abreo et al. (2023);Experiment 1;Orientation;1;1;;;;;;;16;1
-66;20;16.0;-4.0;2.03798151016235;2;1;1;Abreo et al. (2023);Experiment 1;Orientation;1;1;;;;;;;17;1
69;47;44.5;-2.5;3.60812592506409;2;1;1;Abreo et al. (2023);Experiment 1;Orientation;1;1;;;;;;;18;1
84;115;119.5;4.5;2.41781330108643;2;1;1;Abreo et al. (2023);Experiment 1;Orientation;1;1;;;;;;;19;1
60;97;92.5;-4.5;2.5379536151886;2;1;1;Abreo et al. (2023);Experiment 1;Orientation;1;1;;;;;;;20;1
-79;4;180.0;-4.00000000000001;4.89806127548218;2;1;1;Abreo et al. (2023);Experiment 1;Orientation;1;1;;;;;;;21;1
-15;16;19.0;3.0;4.30810379981995;2;1;1;Abreo et al. (2023);Experiment 1;Orientation;1;1;;;;;;;22;1
15;72;64.5;-7.50000000000001;5.55773043632507;2;1;1;Abreo et al. (2023);Experiment 1;Orientation;1;1;;;;;;;23;1
-53;149;150.5;1.50000000000001;1.76813960075378;2;1;1;Abreo et al. (2023);Experiment 1;Orientation;1;1;;;;;;;24;1
-60;19;25.0;6.0;2.908123254776;2;1;1;Abreo et al. (2023);Experiment 1;Orientation;1;1;;;;;;;25;1
-69;55;50.5;-4.5;3.70808529853821;2;1;1;Abreo et al. (2023);Experiment 1;Orientation;1;1;;;;;;;26;1
-37;75;50.0;-25.0;2.61811685562134;2;1;1;Abreo et al. (2023);Experiment 1;Orientation;1;1;;;;;;;27;1
38;163;170.5;7.49999999999999;1.64787840843201;2;1;1;Abreo et al. (2023);Experiment 1;Orientation;1;1;;;;;;;28;1
-12;7;18.0;11.0;2.62816429138184;2;1;1;Abreo et al. (2023);Experiment 1;Orientation;1;1;;;;;;;29;1
78;150;152.0;2.0;1.64852023124695;2;2;1;Abreo et al. (2023);Experiment 1;Orientation;1;1;;;;;;;1;2
87;45;42.0;-2.99999999999999;4.52804446220398;2;2;1;Abreo et al. (2023);Experiment 1;Orientation;1;1;;;;;;;2;2
53;41;58.5;17.5;2.63814568519592;2;2;1;Abreo et al. (2023);Experiment 1;Orientation;1;1;;;;;;;3;2
40;90;91.0;1.0;8.54767274856567;2;2;1;Abreo et al. (2023);Experiment 1;Orientation;1;1;;;;;;;4;2
-60;141;139.0;-2.00000000000001;2.66814541816711;2;2;1;Abreo et al. (2023);Experiment 1;Orientation;1;1;;;;;;;5;2
78;54;59.0;5.00000000000001;6.34799456596375;2;2;1;Abreo et al. (2023);Experiment 1;Orientation;1;1;;;;;;;6;2
-60;16;20.5;4.5;2.55813121795654;2;2;1;Abreo et al. (2023);Experiment 1;Orientation;1;1;;;;;;;7;2
65;79;78.5;-0.499999999999995;8.02763223648071;2;2;1;Abreo et al. (2023);Experiment 1;Orientation;1;1;;;;;;;8;2
48;155;159.5;4.5;2.40805149078369;2;2;1;Abreo et al. (2023);Experiment 1;Orientation;1;1;;;;;;;9;2
-48;68;57.0;-11.0;4.06801843643188;2;2;1;Abreo et al. (2023);Experiment 1;Orientation;1;1;;;;;;;10;2
33;113;121.0;8.0;2.2381603717804;2;2;1;Abreo et al. (2023);Experiment 1;Orientation;1;1;;;;;;;11;2
-43;69;61.5;-7.5;4.88802886009216;2;2;1;Abreo et al. (2023);Experiment 1;Orientation;1;1;;;;;;;12;2
-12;5;173.5;-11.5;3.95772671699524;2;2;1;Abreo et al. (2023);Experiment 1;Orientation;1;1;;;;;;;13;2
19;155;157.5;2.5;3.5081524848938;2;2;1;Abreo et al. (2023);Experiment 1;Orientation;1;1;;;;;;;14;2
69;69;69.0;-0.0;6.3378221988678;2;2;1;Abreo et al. (2023);Experiment 1;Orientation;1;1;;;;;;;15;2
-77;38;52.5;14.5;3.67809295654297;2;2;1;Abreo et al. (2023);Experiment 1;Orientation;1;1;;;;;;;16;2
51;173;174.0;0.999999999999989;2.12816047668457;2;2;1;Abreo et al. (2023);Experiment 1;Orientation;1;1;;;;;;;17;2
61;42;44.0;2.0;3.28808069229126;2;2;1;Abreo et al. (2023);Experiment 1;Orientation;1;1;;;;;;;18;2
-23;96;93.0;-3.0;7.11793160438538;2;2;1;Abreo et al. (2023);Experiment 1;Orientation;1;1;;;;;;;19;2
-71;77;57.5;-19.5;4.2380576133728;2;2;1;Abreo et al. (2023);Experiment 1;Orientation;1;1;;;;;;;20;2
83;129;145.0;16.0;2.50797486305237;2;2;1;Abreo et al. (2023);Experiment 1;Orientation;1;1;;;;;;;21;2
90;36;37.0;1.0;2.47814631462097;2;2;1;Abreo et al. (2023);Experiment 1;Orientation;1;1;;;;;;;22;2
-28;179;173.0;-6.00000000000001;2.23809266090393;2;2;1;Abreo et al. (2023);Experiment 1;Orientation;1;1;;;;;;;23;2
89;7;12.5;5.5;2.79813361167908;2;2;1;Abreo et al. (2023);Experiment 1;Orientation;1;1;;;;;;;24;2
-41;158;151.0;-6.99999999999999;2.10780620574951;2;2;1;Abreo et al. (2023);Experiment 1;Orientation;1;1;;;;;;;25;2
-67;140;133.0;-7.0;1.77816915512085;2;2;1;Abreo et al. (2023);Experiment 1;Orientation;1;1;;;;;;;26;2
74;127;148.0;21.0;4.93790674209595;2;2;1;Abreo et al. (2023);Experiment 1;Orientation;1;1;;;;;;;27;2
-6;131;133.5;2.5;3.68811106681824;2;2;1;Abreo et al. (2023);Experiment 1;Orientation;1;1;;;;;;;28;2
86;35;48.5;13.5;7.08775949478149;2;2;1;Abreo et al. (2023);Experiment 1;Orientation;1;1;;;;;;;29;2
-61;81;67.5;-13.5;3.44809412956238;2;2;1;Abreo et al. (2023);Experiment 1;Orientation;1;1;;;;;;;30;2
-47;17;15.0;-2.0;6.36803483963013;2;2;1;Abreo et al. (2023);Experiment 1;Orientation;1;1;;;;;;;31;2
-75;162;150.0;-12.0;1.82157444953918;2;3;1;Abreo et al. (2023);Experiment 1;Orientation;1;1;;;;;;;1;3
84;164;160.0;-4.00000000000001;2.58832478523254;2;3;1;Abreo et al. (2023);Experiment 1;Orientation;1;1;;;;;;;2;3
-34;95;95.5;0.499999999999994;2.54824686050415;2;3;1;Abreo et al. (2023);Experiment 1;Orientation;1;1;;;;;;;3;3
17;75;72.5;-2.5;2.59830355644226;2;3;1;Abreo et al. (2023);Experiment 1;Orientation;1;1;;;;;;;4;3
-21;3;178.0;-4.99999999999999;5.04778790473938;2;3;1;Abreo et al. (2023);Experiment 1;Orientation;1;1;;;;;;;5;3
-43;22;15.5;-6.5;3.09802412986755;2;3;1;Abreo et al. (2023);Experiment 1;Orientation;1;1;;;;;;;6;3
40;126;127.5;1.50000000000001;2.66796255111694;2;3;1;Abreo et al. (2023);Experiment 1;Orientation;1;1;;;;;;;7;3
24;36;41.5;5.50000000000001;3.67779874801636;2;3;1;Abreo et al. (2023);Experiment 1;Orientation;1;1;;;;;;;8;3
-88;141;149.0;7.99999999999999;2.38811659812927;2;3;1;Abreo et al. (2023);Experiment 1;Orientation;1;1;;;;;;;9;3
73;102;102.0;-0.0;3.21814322471619;2;3;1;Abreo et al. (2023);Experiment 1;Orientation;1;1;;;;;;;10;3
-87;118;121.0;2.99999999999999;4.00812387466431;2;3;1;Abreo et al. (2023);Experiment 1;Orientation;1;1;;;;;;;11;3
-68;144;144.0;0.0;2.71803617477417;2;3;1;Abreo et al. (2023);Experiment 1;Orientation;1;1;;;;;;;12;3
66;113;136.5;23.5;5.50807070732117;2;3;1;Abreo et al. (2023);Experiment 1;Orientation;1;1;;;;;;;13;3
-10;135;136.5;1.50000000000001;2.05817127227783;2;3;1;Abreo et al. (2023);Experiment 1;Orientation;1;1;;;;;;;14;3
-48;23;14.0;-9.0;5.60805726051331;2;3;1;Abreo et al. (2023);Experiment 1;Orientation;1;1;;;;;;;15;3
0;11;6.0;-5.0;4.2881007194519;2;3;1;Abreo et al. (2023);Experiment 1;Orientation;1;1;;;;;;;16;3
30;101;107.0;6.0;3.03811073303223;2;3;1;Abreo et al. (2023);Experiment 1;Orientation;1;1;;;;;;;17;3
-37;6;175.0;-11.0;6.96790552139282;2;3;1;Abreo et al. (2023);Experiment 1;Orientation;1;1;;;;;;;18;3
-1;152;154.5;2.5;2.53815627098083;2;3;1;Abreo et al. (2023);Experiment 1;Orientation;1;1;;;;;;;19;3
-21;131;139.0;8.00000000000001;2.92813348770142;2;3;1;Abreo et al. (2023);Experiment 1;Orientation;1;1;;;;;;;20;3
15;163;169.0;5.99999999999998;3.70811367034912;2;3;1;Abreo et al. (2023);Experiment 1;Orientation;1;1;;;;;;;21;3
16;121;118.0;-2.99999999999999;4.22798871994019;2;3;1;Abreo et al. (2023);Experiment 1;Orientation;1;1;;;;;;;22;3
-54;19;19.0;-0.0;1.848064661026;2;3;1;Abreo et al. (2023);Experiment 1;Orientation;1;1;;;;;;;23;3
23;132;145.0;13.0;2.85805153846741;2;3;1;Abreo et al. (2023);Experiment 1;Orientation;1;1;;;;;;;24;3
80;111;116.5;5.5;2.65806245803833;2;3;1;Abreo et al. (2023);Experiment 1;Orientation;1;1;;;;;;;25;3
65;167;173.0;6.00000000000001;3.09803557395935;2;3;1;Abreo et al. (2023);Experiment 1;Orientation;1;1;;;;;;;26;3
10;160;151.5;-8.5;4.72782468795776;2;3;1;Abreo et al. (2023);Experiment 1;Orientation;1;1;;;;;;;27;3
-29;176;171.0;-4.99999999999999;2.67796969413757;2;3;1;Abreo et al. (2023);Experiment 1;Orientation;1;1;;;;;;;28;3
17;18;21.5;3.5;3.32810997962952;2;3;1;Abreo et al. (2023);Experiment 1;Orientation;1;1;;;;;;;29;3
10;132;137.0;4.99999999999999;2.70809459686279;2;3;1;Abreo et al. (2023);Experiment 1;Orientation;1;1;;;;;;;30;3
50;22;41.0;19.0;3.55798268318176;2;3;1;Abreo et al. (2023);Experiment 1;Orientation;1;1;;;;;;;31;3
-35;177;162.5;-14.5;2.27817034721375;2;3;1;Abreo et al. (2023);Experiment 1;Orientation;1;1;;;;;;;32;3
22;94;94.5;0.499999999999994;3.43810772895813;2;3;1;Abreo et al. (2023);Experiment 1;Orientation;1;1;;;;;;;33;3
-16;135;127.0;-7.99999999999999;2.26811242103577;2;3;1;Abreo et al. (2023);Experiment 1;Orientation;1;1;;;;;;;34;3
-6;37;38.0;1.0;2.7179856300354;2;3;1;Abreo et al. (2023);Experiment 1;Orientation;1;1;;;;;;;35;3
-57;32;29.0;-3.0;6.347900390625;2;3;1;Abreo et al. (2023);Experiment 1;Orientation;1;1;;;;;;;36;3
40;42;46.5;4.5;4.1680953502655;2;3;1;Abreo et al. (2023);Experiment 1;Orientation;1;1;;;;;;;37;3
67;43;50.0;7.0;2.03866362571716;2;4;1;Abreo et al. (2023);Experiment 1;Orientation;1;1;;;;;;;1;4
41;113;126.5;13.5;1.53844404220581;2;4;1;Abreo et al. (2023);Experiment 1;Orientation;1;1;;;;;;;2;4
65;1;5.5;4.5;2.45878553390503;2;4;1;Abreo et al. (2023);Experiment 1;Orientation;1;1;;;;;;;3;4
6;57;55.0;-2.0;3.72809362411499;2;4;1;Abreo et al. (2023);Experiment 1;Orientation;1;1;;;;;;;4;4
-78;47;31.5;-15.5;6.80784678459167;2;4;1;Abreo et al. (2023);Experiment 1;Orientation;1;1;;;;;;;5;4
13;179;179.5;0.499999999999994;4.38809990882874;2;4;1;Abreo et al. (2023);Experiment 1;Orientation;1;1;;;;;;;6;4
-62;13;11.5;-1.5;7.36776208877563;2;4;1;Abreo et al. (2023);Experiment 1;Orientation;1;1;;;;;;;7;4
77;13;19.5;6.5;3.76791524887085;2;4;1;Abreo et al. (2023);Experiment 1;Orientation;1;1;;;;;;;8;4
9;66;63.5;-2.49999999999999;2.32781934738159;2;4;1;Abreo et al. (2023);Experiment 1;Orientation;1;1;;;;;;;9;4
-7;28;24.0;-4.0;3.09775495529175;2;4;1;Abreo et al. (2023);Experiment 1;Orientation;1;1;;;;;;;10;4
-64;56;33.5;-22.5;2.78809952735901;2;4;1;Abreo et al. (2023);Experiment 1;Orientation;1;1;;;;;;;11;4
70;28;42.5;14.5;2.84807872772217;2;4;1;Abreo et al. (2023);Experiment 1;Orientation;1;1;;;;;;;12;4
8;129;121.0;-7.99999999999999;4.08810424804688;2;4;1;Abreo et al. (2023);Experiment 1;Orientation;1;1;;;;;;;13;4
-58;114;93.5;-20.5;2.17804479598999;2;4;1;Abreo et al. (2023);Experiment 1;Orientation;1;1;;;;;;;14;4
-39;48;32.0;-16.0;3.49794673919678;2;4;1;Abreo et al. (2023);Experiment 1;Orientation;1;1;;;;;;;15;4
-81;97;95.0;-1.99999999999999;3.58803462982178;2;4;1;Abreo et al. (2023);Experiment 1;Orientation;1;1;;;;;;;16;4
76;47;51.0;4.0;3.5380961894989;2;4;1;Abreo et al. (2023);Experiment 1;Orientation;1;1;;;;;;;17;4
-34;178;176.5;-1.49999999999998;2.20813655853271;2;4;1;Abreo et al. (2023);Experiment 1;Orientation;1;1;;;;;;;18;4
22;49;59.5;10.5;3.19814491271973;2;4;1;Abreo et al. (2023);Experiment 1;Orientation;1;1;;;;;;;19;4
-77;102;95.0;-7.0;7.62779593467712;2;4;1;Abreo et al. (2023);Experiment 1;Orientation;1;1;;;;;;;20;4
-78;12;17.0;5.0;2.0181245803833;2;4;1;Abreo et al. (2023);Experiment 1;Orientation;1;1;;;;;;;21;4
75;48;44.0;-4.0;3.09808135032654;2;4;1;Abreo et al. (2023);Experiment 1;Orientation;1;1;;;;;;;22;4
31;33;27.5;-5.5;3.35784149169922;2;4;1;Abreo et al. (2023);Experiment 1;Orientation;1;1;;;;;;;23;4
-24;78;67.0;-11.0;2.04816365242004;2;4;1;Abreo et al. (2023);Experiment 1;Orientation;1;1;;;;;;;24;4
1;170;170.0;0.0;2.27783250808716;2;4;1;Abreo et al. (2023);Experiment 1;Orientation;1;1;;;;;;;25;4
41;94;95.0;1.0;1.85807538032532;2;4;1;Abreo et al. (2023);Experiment 1;Orientation;1;1;;;;;;;26;4
-47;32;19.5;-12.5;1.99815773963928;2;4;1;Abreo et al. (2023);Experiment 1;Orientation;1;1;;;;;;;27;4
-38;148;145.0;-2.99999999999999;3.21789145469666;2;4;1;Abreo et al. (2023);Experiment 1;Orientation;1;1;;;;;;;28;4
55;167;167.5;0.500000000000021;1.98811531066895;2;4;1;Abreo et al. (2023);Experiment 1;Orientation;1;1;;;;;;;29;4
-80;136;132.5;-3.50000000000001;1.95833659172058;2;5;1;Abreo et al. (2023);Experiment 1;Orientation;1;1;;;;;;;1;5
2;76;70.0;-6.00000000000001;2.87801647186279;2;5;1;Abreo et al. (2023);Experiment 1;Orientation;1;1;;;;;;;2;5
70;97;79.5;-17.5;4.37816882133484;2;5;1;Abreo et al. (2023);Experiment 1;Orientation;1;1;;;;;;;3;5
-50;55;40.5;-14.5;2.93793845176697;2;5;1;Abreo et al. (2023);Experiment 1;Orientation;1;1;;;;;;;4;5
-77;101;109.5;8.50000000000001;2.27797245979309;2;5;1;Abreo et al. (2023);Experiment 1;Orientation;1;1;;;;;;;5;5
-3;13;13.0;-0.0;2.4180543422699;2;5;1;Abreo et al. (2023);Experiment 1;Orientation;1;1;;;;;;;6;5
59;85;84.5;-0.500000000000006;5.64802551269531;2;5;1;Abreo et al. (2023);Experiment 1;Orientation;1;1;;;;;;;7;5
70;129;152.0;23.0;2.45814061164856;2;5;1;Abreo et al. (2023);Experiment 1;Orientation;1;1;;;;;;;8;5
-57;85;81.5;-3.5;3.43813633918762;2;5;1;Abreo et al. (2023);Experiment 1;Orientation;1;1;;;;;;;9;5
-80;163;157.0;-6.00000000000001;2.62802171707153;2;5;1;Abreo et al. (2023);Experiment 1;Orientation;1;1;;;;;;;10;5
86;171;172.5;1.50000000000001;2.87813472747803;2;5;1;Abreo et al. (2023);Experiment 1;Orientation;1;1;;;;;;;11;5
8;77;85.0;8.0;3.4981164932251;2;5;1;Abreo et al. (2023);Experiment 1;Orientation;1;1;;;;;;;12;5
-55;28;19.5;-8.5;3.53793239593506;2;5;1;Abreo et al. (2023);Experiment 1;Orientation;1;1;;;;;;;13;5
-34;95;80.0;-15.0;4.04787755012512;2;5;1;Abreo et al. (2023);Experiment 1;Orientation;1;1;;;;;;;14;5
16;102;101.0;-1.0;3.42815685272217;2;5;1;Abreo et al. (2023);Experiment 1;Orientation;1;1;;;;;;;15;5
57;26;36.0;10.0;2.82783246040344;2;5;1;Abreo et al. (2023);Experiment 1;Orientation;1;1;;;;;;;16;5
9;3;8.0;5.0;4.54810214042664;2;5;1;Abreo et al. (2023);Experiment 1;Orientation;1;1;;;;;;;17;5
-4;132;135.0;3.0;3.40795636177063;2;5;1;Abreo et al. (2023);Experiment 1;Orientation;1;1;;;;;;;18;5
5;146;142.0;-4.0;1.47804975509644;2;5;1;Abreo et al. (2023);Experiment 1;Orientation;1;1;;;;;;;19;5
-57;143;124.5;-18.5;2.67813277244568;2;5;1;Abreo et al. (2023);Experiment 1;Orientation;1;1;;;;;;;20;5
-82;150;152.5;2.5;2.62815141677856;2;5;1;Abreo et al. (2023);Experiment 1;Orientation;1;1;;;;;;;21;5
81;116;125.5;9.5;2.29797768592834;2;5;1;Abreo et al. (2023);Experiment 1;Orientation;1;1;;;;;;;22;5
-55;142;135.5;-6.5;3.0481264591217;2;5;1;Abreo et al. (2023);Experiment 1;Orientation;1;1;;;;;;;23;5
-51;177;173.0;-4.00000000000001;1.9081826210022;2;5;1;Abreo et al. (2023);Experiment 1;Orientation;1;1;;;;;;;24;5
66;175;174.5;-0.499999999999994;3.31813836097717;2;5;1;Abreo et al. (2023);Experiment 1;Orientation;1;1;;;;;;;25;5
25;18;16.5;-1.5;4.05797028541565;2;5;1;Abreo et al. (2023);Experiment 1;Orientation;1;1;;;;;;;26;5
14;119;121.5;2.5;2.82797789573669;2;5;1;Abreo et al. (2023);Experiment 1;Orientation;1;1;;;;;;;27;5
-66;45;33.5;-11.5;3.32813858985901;2;5;1;Abreo et al. (2023);Experiment 1;Orientation;1;1;;;;;;;28;5
-40;176;170.5;-5.49999999999999;2.82814788818359;2;5;1;Abreo et al. (2023);Experiment 1;Orientation;1;1;;;;;;;29;5
76;170;168.0;-2.0;2.85813879966736;2;5;1;Abreo et al. (2023);Experiment 1;Orientation;1;1;;;;;;;30;5
9;121;119.0;-2.0;3.6479606628418;2;5;1;Abreo et al. (2023);Experiment 1;Orientation;1;1;;;;;;;31;5
64;1;7.5;6.5;2.3280885219574;2;5;1;Abreo et al. (2023);Experiment 1;Orientation;1;1;;;;;;;32;5
8;173;174.5;1.50000000000001;2.52780365943909;2;5;1;Abreo et al. (2023);Experiment 1;Orientation;1;1;;;;;;;33;5
-13;87;85.0;-1.99999999999999;5.39790177345276;2;5;1;Abreo et al. (2023);Experiment 1;Orientation;1;1;;;;;;;34;5
77;52;59.0;7.0;4.08808922767639;2;5;1;Abreo et al. (2023);Experiment 1;Orientation;1;1;;;;;;;35;5
20;61;67.0;6.00000000000001;4.95804452896118;2;5;1;Abreo et al. (2023);Experiment 1;Orientation;1;1;;;;;;;36;5
24;21;19.0;-2.0;2.26845955848694;2;5;1;Abreo et al. (2023);Experiment 1;Orientation;1;1;;;;;;;37;5
-27;98;87.0;-11.0;11.3278727531433;2;5;1;Abreo et al. (2023);Experiment 1;Orientation;1;1;;;;;;;38;5
-6;96;89.5;-6.5;5.39772963523865;2;5;1;Abreo et al. (2023);Experiment 1;Orientation;1;1;;;;;;;39;5
-4;65;72.0;7.0;2.47822833061218;2;5;1;Abreo et al. (2023);Experiment 1;Orientation;1;1;;;;;;;40;5
-55;154;143.5;-10.5;2.27796268463135;2;5;1;Abreo et al. (2023);Experiment 1;Orientation;1;1;;;;;;;41;5
-69;129;131.5;2.50000000000002;3.52813959121704;2;5;1;Abreo et al. (2023);Experiment 1;Orientation;1;1;;;;;;;42;5
-74;28;14.0;-14.0;3.95805644989014;2;5;1;Abreo et al. (2023);Experiment 1;Orientation;1;1;;;;;;;43;5
-2;117;119.0;2.0;1.86688089370728;3;1;1;Abreo et al. (2023);Experiment 1;Orientation;1;1;;;;;;;1;1
-4;161;141.0;-20.0;2.56650996208191;3;1;1;Abreo et al. (2023);Experiment 1;Orientation;1;1;;;;;;;2;1
-39;55;73.5;18.5;1.87476587295532;3;1;1;Abreo et al. (2023);Experiment 1;Orientation;1;1;;;;;;;3;1
88;106;32.5;-73.5;2.49141669273376;3;1;1;Abreo et al. (2023);Experiment 1;Orientation;1;1;;;;;;;4;1
63;68;77.0;9.0;2.61644506454468;3;1;1;Abreo et al. (2023);Experiment 1;Orientation;1;1;;;;;;;5;1
-86;129;132.0;3.00000000000001;1.77458024024963;3;1;1;Abreo et al. (2023);Experiment 1;Orientation;1;1;;;;;;;6;1
-48;10;166.0;-24.0;3.13297080993652;3;1;1;Abreo et al. (2023);Experiment 1;Orientation;1;1;;;;;;;7;1
12;41;32.0;-9.0;1.42488670349121;3;1;1;Abreo et al. (2023);Experiment 1;Orientation;1;1;;;;;;;8;1
-29;90;92.0;2.0;2.66647529602051;3;1;1;Abreo et al. (2023);Experiment 1;Orientation;1;1;;;;;;;9;1
-55;144;134.5;-9.49999999999999;1.7746798992157;3;1;1;Abreo et al. (2023);Experiment 1;Orientation;1;1;;;;;;;10;1
79;169;157.0;-12.0;1.66634917259216;3;1;1;Abreo et al. (2023);Experiment 1;Orientation;1;1;;;;;;;11;1
15;136;133.5;-2.50000000000002;1.94124960899353;3;1;1;Abreo et al. (2023);Experiment 1;Orientation;1;1;;;;;;;12;1
65;54;46.5;-7.5;2.66635918617249;3;1;1;Abreo et al. (2023);Experiment 1;Orientation;1;1;;;;;;;13;1
-84;64;180.0;-64.0;1.97472190856934;3;1;1;Abreo et al. (2023);Experiment 1;Orientation;1;1;;;;;;;14;1
50;49;66.0;17.0;1.79117822647095;3;1;1;Abreo et al. (2023);Experiment 1;Orientation;1;1;;;;;;;15;1
1;111;111.5;0.499999999999996;3.20806193351746;3;1;1;Abreo et al. (2023);Experiment 1;Orientation;1;1;;;;;;;16;1
-4;62;65.5;3.5;1.82486867904663;3;1;1;Abreo et al. (2023);Experiment 1;Orientation;1;1;;;;;;;17;1
32;23;28.5;5.5;2.09991407394409;3;1;1;Abreo et al. (2023);Experiment 1;Orientation;1;1;;;;;;;18;1
49;16;27.0;11.0;1.54987812042236;3;1;1;Abreo et al. (2023);Experiment 1;Orientation;1;1;;;;;;;19;1
11;172;143.5;-28.5;1.57453179359436;3;1;1;Abreo et al. (2023);Experiment 1;Orientation;1;1;;;;;;;20;1
36;36;5.5;-30.5;2.40784502029419;3;1;1;Abreo et al. (2023);Experiment 1;Orientation;1;1;;;;;;;21;1
-24;58;178.0;-60.0;1.19975900650024;3;1;1;Abreo et al. (2023);Experiment 1;Orientation;1;1;;;;;;;22;1
-55;114;44.0;-70.0;1.1998827457428;3;1;1;Abreo et al. (2023);Experiment 1;Orientation;1;1;;;;;;;23;1
-10;47;55.5;8.5;1.46660232543945;3;2;1;Abreo et al. (2023);Experiment 1;Orientation;1;1;;;;;;;1;2
-14;58;43.0;-15.0;1.56650710105896;3;2;1;Abreo et al. (2023);Experiment 1;Orientation;1;1;;;;;;;2;2
18;126;122.0;-4.0;2.05051612854004;3;2;1;Abreo et al. (2023);Experiment 1;Orientation;1;1;;;;;;;3;2
46;90;97.5;7.5;1.55795502662659;3;2;1;Abreo et al. (2023);Experiment 1;Orientation;1;1;;;;;;;4;2
-26;123;119.0;-4.0;1.64985060691833;3;2;1;Abreo et al. (2023);Experiment 1;Orientation;1;1;;;;;;;5;2
61;45;31.5;-13.5;1.93312811851501;3;2;1;Abreo et al. (2023);Experiment 1;Orientation;1;1;;;;;;;6;2
7;26;28.5;2.5;1.8579568862915;3;2;1;Abreo et al. (2023);Experiment 1;Orientation;1;1;;;;;;;7;2
10;69;73.0;4.0;2.04984021186829;3;2;1;Abreo et al. (2023);Experiment 1;Orientation;1;1;;;;;;;8;2
75;4;23.0;19.0;1.69970393180847;3;2;1;Abreo et al. (2023);Experiment 1;Orientation;1;1;;;;;;;9;2
83;14;20.0;6.0;1.63304209709167;3;2;1;Abreo et al. (2023);Experiment 1;Orientation;1;1;;;;;;;10;2
23;94;93.5;-0.500000000000007;2.12468886375427;3;2;1;Abreo et al. (2023);Experiment 1;Orientation;1;1;;;;;;;11;2
90;145;156.0;11.0;2.39150786399841;3;2;1;Abreo et al. (2023);Experiment 1;Orientation;1;1;;;;;;;12;2
-9;33;39.0;6.0;1.19155812263489;3;2;1;Abreo et al. (2023);Experiment 1;Orientation;1;1;;;;;;;13;2
-35;173;165.0;-8.00000000000001;1.55794048309326;3;2;1;Abreo et al. (2023);Experiment 1;Orientation;1;1;;;;;;;14;2
43;110;137.5;27.5;1.52453589439392;3;2;1;Abreo et al. (2023);Experiment 1;Orientation;1;1;;;;;;;15;2
18;6;174.0;-12.0;3.19142985343933;3;2;1;Abreo et al. (2023);Experiment 1;Orientation;1;1;;;;;;;16;2
-2;46;50.5;4.5;1.65802788734436;3;2;1;Abreo et al. (2023);Experiment 1;Orientation;1;1;;;;;;;17;2
54;19;24.5;5.5;2.39155197143555;3;2;1;Abreo et al. (2023);Experiment 1;Orientation;1;1;;;;;;;18;2
-42;44;45.0;0.999999999999999;1.99957752227783;3;2;1;Abreo et al. (2023);Experiment 1;Orientation;1;1;;;;;;;19;2
-66;139;148.0;9.0;2.21639823913574;3;2;1;Abreo et al. (2023);Experiment 1;Orientation;1;1;;;;;;;20;2
83;104;68.0;-36.0;1.99957895278931;3;2;1;Abreo et al. (2023);Experiment 1;Orientation;1;1;;;;;;;21;2
-44;144;135.5;-8.5;1.59953594207764;3;2;1;Abreo et al. (2023);Experiment 1;Orientation;1;1;;;;;;;22;2
81;123;147.0;24.0;1.77487254142761;3;2;1;Abreo et al. (2023);Experiment 1;Orientation;1;1;;;;;;;23;2
-84;106;120.5;14.5;1.65801572799683;3;2;1;Abreo et al. (2023);Experiment 1;Orientation;1;1;;;;;;;24;2
81;43;47.0;4.0;1.18289279937744;3;2;1;Abreo et al. (2023);Experiment 1;Orientation;1;1;;;;;;;25;2
39;90;89.0;-1.0;1.7331600189209;3;2;1;Abreo et al. (2023);Experiment 1;Orientation;1;1;;;;;;;26;2
14;27;39.5;12.5;1.67471528053284;3;2;1;Abreo et al. (2023);Experiment 1;Orientation;1;1;;;;;;;27;2
-71;173;150.0;-23.0;1.58319091796875;3;2;1;Abreo et al. (2023);Experiment 1;Orientation;1;1;;;;;;;28;2
0;53;55.0;2.0;2.14985179901123;3;2;1;Abreo et al. (2023);Experiment 1;Orientation;1;1;;;;;;;29;2
69;89;89.0;-0.0;1.8998498916626;3;2;1;Abreo et al. (2023);Experiment 1;Orientation;1;1;;;;;;;30;2
-27;170;161.0;-9.0;1.90788602828979;3;2;1;Abreo et al. (2023);Experiment 1;Orientation;1;1;;;;;;;31;2
20;3;15.0;12.0;1.74989151954651;3;2;1;Abreo et al. (2023);Experiment 1;Orientation;1;1;;;;;;;32;2
-7;68;73.0;4.99999999999999;2.52478289604187;3;2;1;Abreo et al. (2023);Experiment 1;Orientation;1;1;;;;;;;33;2
-77;82;74.5;-7.50000000000001;1.37489008903503;3;2;1;Abreo et al. (2023);Experiment 1;Orientation;1;1;;;;;;;34;2
-79;139;127.0;-12.0;1.22473621368408;3;2;1;Abreo et al. (2023);Experiment 1;Orientation;1;1;;;;;;;35;2
-81;160;142.5;-17.5;1.93319487571716;3;2;1;Abreo et al. (2023);Experiment 1;Orientation;1;1;;;;;;;36;2
66;116;164.5;48.5;1.46142792701721;3;3;1;Abreo et al. (2023);Experiment 1;Orientation;1;1;;;;;;;1;3
46;70;56.5;-13.5;1.59204936027527;3;3;1;Abreo et al. (2023);Experiment 1;Orientation;1;1;;;;;;;2;3
52;10;20.0;10.0;1.56645631790161;3;3;1;Abreo et al. (2023);Experiment 1;Orientation;1;1;;;;;;;3;3
88;56;44.0;-12.0;1.18315720558167;3;3;1;Abreo et al. (2023);Experiment 1;Orientation;1;1;;;;;;;4;3
-35;80;95.0;15.0;1.39078974723816;3;3;1;Abreo et al. (2023);Experiment 1;Orientation;1;1;;;;;;;5;3
-47;109;105.5;-3.5;3.04142498970032;3;3;1;Abreo et al. (2023);Experiment 1;Orientation;1;1;;;;;;;6;3
-54;46;49.0;3.0;1.92478704452515;3;3;1;Abreo et al. (2023);Experiment 1;Orientation;1;1;;;;;;;7;3
58;153;135.5;-17.5;2.30808591842651;3;3;1;Abreo et al. (2023);Experiment 1;Orientation;1;1;;;;;;;8;3
89;45;40.0;-5.0;1.44150900840759;3;3;1;Abreo et al. (2023);Experiment 1;Orientation;1;1;;;;;;;9;3
-70;43;34.0;-9.0;2.12488198280334;3;3;1;Abreo et al. (2023);Experiment 1;Orientation;1;1;;;;;;;10;3
-4;143;128.5;-14.5;1.89990091323853;3;3;1;Abreo et al. (2023);Experiment 1;Orientation;1;1;;;;;;;11;3
-52;114;114.0;-0.0;5.66648411750793;3;3;1;Abreo et al. (2023);Experiment 1;Orientation;1;1;;;;;;;12;3
-53;98;68.0;-30.0;2.11635899543762;3;3;1;Abreo et al. (2023);Experiment 1;Orientation;1;1;;;;;;;13;3
-8;8;15.5;7.5;1.70818996429443;3;3;1;Abreo et al. (2023);Experiment 1;Orientation;1;1;;;;;;;14;3
-6;92;81.5;-10.5;2.46618938446045;3;3;1;Abreo et al. (2023);Experiment 1;Orientation;1;1;;;;;;;15;3
-53;61;64.5;3.5;2.05784702301025;3;3;1;Abreo et al. (2023);Experiment 1;Orientation;1;1;;;;;;;16;3
-73;169;25.5;36.5;2.38322925567627;3;3;1;Abreo et al. (2023);Experiment 1;Orientation;1;1;;;;;;;17;3
-9;75;67.5;-7.50000000000001;2.51649451255798;3;3;1;Abreo et al. (2023);Experiment 1;Orientation;1;1;;;;;;;18;3
-61;56;48.0;-8.0;2.01657223701477;3;3;1;Abreo et al. (2023);Experiment 1;Orientation;1;1;;;;;;;19;3
-52;66;67.0;1.0;2.324786901474;3;3;1;Abreo et al. (2023);Experiment 1;Orientation;1;1;;;;;;;20;3
18;142;152.0;10.0;2.39956021308899;3;3;1;Abreo et al. (2023);Experiment 1;Orientation;1;1;;;;;;;21;3
-32;28;28.5;0.500000000000002;1.40796399116516;3;3;1;Abreo et al. (2023);Experiment 1;Orientation;1;1;;;;;;;22;3
-6;8;17.0;9.0;2.16637110710144;3;3;1;Abreo et al. (2023);Experiment 1;Orientation;1;1;;;;;;;23;3
5;34;53.5;19.5;2.23307514190674;3;3;1;Abreo et al. (2023);Experiment 1;Orientation;1;1;;;;;;;24;3
6;0;177.5;-2.50000000000001;1.52456283569336;3;3;1;Abreo et al. (2023);Experiment 1;Orientation;1;1;;;;;;;25;3
-36;65;60.5;-4.5;1.94124436378479;3;3;1;Abreo et al. (2023);Experiment 1;Orientation;1;1;;;;;;;26;3
43;168;150.5;-17.5;2.32477307319641;3;3;1;Abreo et al. (2023);Experiment 1;Orientation;1;1;;;;;;;27;3
-74;9;22.0;13.0;1.68306684494019;3;3;1;Abreo et al. (2023);Experiment 1;Orientation;1;1;;;;;;;28;3
86;6;72.5;66.5;2.37003016471863;3;4;1;Abreo et al. (2023);Experiment 1;Orientation;1;1;;;;;;;1;4
66;76;60.0;-16.0;1.44137501716614;3;4;1;Abreo et al. (2023);Experiment 1;Orientation;1;1;;;;;;;2;4
-49;155;154.0;-0.99999999999999;1.40853881835938;3;4;1;Abreo et al. (2023);Experiment 1;Orientation;1;1;;;;;;;3;4
-62;98;101.0;3.00000000000001;1.40815424919128;3;4;1;Abreo et al. (2023);Experiment 1;Orientation;1;1;;;;;;;4;4
24;28;23.5;-4.5;1.3333101272583;3;4;1;Abreo et al. (2023);Experiment 1;Orientation;1;1;;;;;;;5;4
13;155;147.5;-7.49999999999999;1.73310112953186;3;4;1;Abreo et al. (2023);Experiment 1;Orientation;1;1;;;;;;;6;4
72;117;129.5;12.5;1.49154710769653;3;4;1;Abreo et al. (2023);Experiment 1;Orientation;1;1;;;;;;;7;4
-17;89;139.5;50.5;1.48322010040283;3;4;1;Abreo et al. (2023);Experiment 1;Orientation;1;1;;;;;;;8;4
53;175;16.5;21.5;1.47489309310913;3;4;1;Abreo et al. (2023);Experiment 1;Orientation;1;1;;;;;;;9;4
34;59;61.5;2.5;2.06620216369629;3;4;1;Abreo et al. (2023);Experiment 1;Orientation;1;1;;;;;;;10;4
-10;19;24.0;5.0;1.43317294120789;3;4;1;Abreo et al. (2023);Experiment 1;Orientation;1;1;;;;;;;11;4
36;158;159.5;1.50000000000001;1.77484798431396;3;4;1;Abreo et al. (2023);Experiment 1;Orientation;1;1;;;;;;;12;4
48;105;105.0;-0.0;1.53296518325806;3;4;1;Abreo et al. (2023);Experiment 1;Orientation;1;1;;;;;;;13;4
-49;166;126.0;-40.0;1.63317131996155;3;4;1;Abreo et al. (2023);Experiment 1;Orientation;1;1;;;;;;;14;4
67;106;107.0;1.0;1.92488408088684;3;4;1;Abreo et al. (2023);Experiment 1;Orientation;1;1;;;;;;;15;4
-9;104;116.5;12.5;2.79984092712402;3;4;1;Abreo et al. (2023);Experiment 1;Orientation;1;1;;;;;;;16;4
-34;97;51.0;-46.0;1.99975299835205;3;4;1;Abreo et al. (2023);Experiment 1;Orientation;1;1;;;;;;;17;4
-46;33;34.0;1.00000000000001;1.84121966362;3;4;1;Abreo et al. (2023);Experiment 1;Orientation;1;1;;;;;;;18;4
-33;6;5.0;-1.0;1.65808820724487;3;4;1;Abreo et al. (2023);Experiment 1;Orientation;1;1;;;;;;;19;4
-43;35;45.0;10.0;1.89139699935913;3;4;1;Abreo et al. (2023);Experiment 1;Orientation;1;1;;;;;;;20;4
-61;41;30.5;-10.5;1.28302788734436;3;4;1;Abreo et al. (2023);Experiment 1;Orientation;1;1;;;;;;;21;4
-26;1;8.0;7.0;1.28285479545593;3;4;1;Abreo et al. (2023);Experiment 1;Orientation;1;1;;;;;;;22;4
-35;172;156.5;-15.5;1.38305592536926;3;4;1;Abreo et al. (2023);Experiment 1;Orientation;1;1;;;;;;;23;4
8;78;54.0;-24.0;1.79968690872192;3;4;1;Abreo et al. (2023);Experiment 1;Orientation;1;1;;;;;;;24;4
-34;55;55.0;-0.0;2.19143676757812;3;4;1;Abreo et al. (2023);Experiment 1;Orientation;1;1;;;;;;;25;4
-65;87;111.5;24.5;1.75812935829163;3;4;1;Abreo et al. (2023);Experiment 1;Orientation;1;1;;;;;;;26;4
-64;115;118.0;3.00000000000002;1.46655702590942;3;4;1;Abreo et al. (2023);Experiment 1;Orientation;1;1;;;;;;;27;4
27;109;110.0;1.0;1.61632061004639;3;4;1;Abreo et al. (2023);Experiment 1;Orientation;1;1;;;;;;;28;4
-89;177;77.0;80.0;1.55821800231934;3;4;1;Abreo et al. (2023);Experiment 1;Orientation;1;1;;;;;;;29;4
-18;114;98.5;-15.5;2.6745183467865;3;4;1;Abreo et al. (2023);Experiment 1;Orientation;1;1;;;;;;;30;4
25;160;155.0;-5.0;1.66623592376709;3;4;1;Abreo et al. (2023);Experiment 1;Orientation;1;1;;;;;;;31;4
-22;47;51.0;4.0;2.07460594177246;3;4;1;Abreo et al. (2023);Experiment 1;Orientation;1;1;;;;;;;32;4
-52;105;92.5;-12.5;1.65006160736084;3;5;1;Abreo et al. (2023);Experiment 1;Orientation;1;1;;;;;;;1;5
57;142;153.5;11.5;1.39979124069214;3;5;1;Abreo et al. (2023);Experiment 1;Orientation;1;1;;;;;;;2;5
-4;38;38.0;-0.0;2.17486310005188;3;5;1;Abreo et al. (2023);Experiment 1;Orientation;1;1;;;;;;;3;5
-88;130;140.5;10.5;1.38312888145447;3;5;1;Abreo et al. (2023);Experiment 1;Orientation;1;1;;;;;;;4;5
23;37;38.0;1.0;1.69983696937561;3;5;1;Abreo et al. (2023);Experiment 1;Orientation;1;1;;;;;;;5;5
-26;38;34.0;-4.0;1.65806412696838;3;5;1;Abreo et al. (2023);Experiment 1;Orientation;1;1;;;;;;;6;5
-23;28;35.5;7.5;1.90786123275757;3;5;1;Abreo et al. (2023);Experiment 1;Orientation;1;1;;;;;;;7;5
74;174;140.5;-33.5;1.84119391441345;3;5;1;Abreo et al. (2023);Experiment 1;Orientation;1;1;;;;;;;8;5
33;55;60.0;4.99999999999999;1.6330509185791;3;5;1;Abreo et al. (2023);Experiment 1;Orientation;1;1;;;;;;;9;5
28;101;100.0;-1.0;2.61647486686707;3;5;1;Abreo et al. (2023);Experiment 1;Orientation;1;1;;;;;;;10;5
-80;166;165.0;-1.00000000000001;1.20812511444092;3;5;1;Abreo et al. (2023);Experiment 1;Orientation;1;1;;;;;;;11;5
-68;60;41.0;-19.0;1.54145789146423;3;5;1;Abreo et al. (2023);Experiment 1;Orientation;1;1;;;;;;;12;5
79;40;56.5;16.5;2.03321409225464;3;5;1;Abreo et al. (2023);Experiment 1;Orientation;1;1;;;;;;;13;5
-56;40;41.0;1.0;1.14977717399597;3;5;1;Abreo et al. (2023);Experiment 1;Orientation;1;1;;;;;;;14;5
-36;149;140.5;-8.49999999999998;1.32477617263794;3;5;1;Abreo et al. (2023);Experiment 1;Orientation;1;1;;;;;;;15;5
-89;6;29.0;23.0;1.49153256416321;3;5;1;Abreo et al. (2023);Experiment 1;Orientation;1;1;;;;;;;16;5
55;102;105.0;3.00000000000001;2.39984607696533;3;5;1;Abreo et al. (2023);Experiment 1;Orientation;1;1;;;;;;;17;5
80;124;134.0;10.0;2.03306293487549;3;5;1;Abreo et al. (2023);Experiment 1;Orientation;1;1;;;;;;;18;5
-82;32;49.5;17.5;1.19121646881104;3;5;1;Abreo et al. (2023);Experiment 1;Orientation;1;1;;;;;;;19;5
-57;80;39.0;-41.0;2.53306293487549;3;5;1;Abreo et al. (2023);Experiment 1;Orientation;1;1;;;;;;;20;5
12;89;85.0;-3.99999999999999;1.37476825714111;3;5;1;Abreo et al. (2023);Experiment 1;Orientation;1;1;;;;;;;21;5
1;52;57.5;5.49999999999999;1.79124402999878;3;5;1;Abreo et al. (2023);Experiment 1;Orientation;1;1;;;;;;;22;5
18;116;109.5;-6.5;1.93320941925049;3;5;1;Abreo et al. (2023);Experiment 1;Orientation;1;1;;;;;;;23;5
28;48;58.0;10.0;1.58319640159607;3;5;1;Abreo et al. (2023);Experiment 1;Orientation;1;1;;;;;;;24;5
-45;107;122.0;15.0;1.68313097953796;3;5;1;Abreo et al. (2023);Experiment 1;Orientation;1;1;;;;;;;25;5
63;33;49.5;16.5;1.45792102813721;3;5;1;Abreo et al. (2023);Experiment 1;Orientation;1;1;;;;;;;26;5
-57;30;25.0;-4.99999999999999;1.89956307411194;3;5;1;Abreo et al. (2023);Experiment 1;Orientation;1;1;;;;;;;27;5
-39;140;137.5;-2.49999999999999;1.22488594055176;3;5;1;Abreo et al. (2023);Experiment 1;Orientation;1;1;;;;;;;28;5
46;109;114.5;5.5;1.94985461235046;3;5;1;Abreo et al. (2023);Experiment 1;Orientation;1;1;;;;;;;29;5
45;143;133.0;-10.0;1.22490549087524;3;5;1;Abreo et al. (2023);Experiment 1;Orientation;1;1;;;;;;;30;5
38;123;30.0;87.0;1.63318109512329;3;5;1;Abreo et al. (2023);Experiment 1;Orientation;1;1;;;;;;;31;5
-73;78;58.0;-20.0;2.29180693626404;3;6;1;Abreo et al. (2023);Experiment 1;Orientation;1;1;;;;;;;1;6
28;61;77.5;16.5;2.27473878860474;3;6;1;Abreo et al. (2023);Experiment 1;Orientation;1;1;;;;;;;2;6
3;55;59.0;4.0;1.63303303718567;3;6;1;Abreo et al. (2023);Experiment 1;Orientation;1;1;;;;;;;3;6
-49;164;144.5;-19.5;1.54984593391418;3;6;1;Abreo et al. (2023);Experiment 1;Orientation;1;1;;;;;;;4;6
19;136;129.0;-7.00000000000002;1.99153161048889;3;6;1;Abreo et al. (2023);Experiment 1;Orientation;1;1;;;;;;;5;6
-18;71;75.0;4.00000000000001;2.10820245742798;3;6;1;Abreo et al. (2023);Experiment 1;Orientation;1;1;;;;;;;6;6
59;103;160.5;57.5;1.47480773925781;3;6;1;Abreo et al. (2023);Experiment 1;Orientation;1;1;;;;;;;7;6
-34;76;111.0;35.0;2.04982304573059;3;6;1;Abreo et al. (2023);Experiment 1;Orientation;1;1;;;;;;;8;6
9;49;60.0;11.0;1.82485318183899;3;6;1;Abreo et al. (2023);Experiment 1;Orientation;1;1;;;;;;;9;6
-15;130;135.0;4.99999999999999;1.75790786743164;3;6;1;Abreo et al. (2023);Experiment 1;Orientation;1;1;;;;;;;10;6
-69;109;129.0;20.0;1.36626887321472;3;6;1;Abreo et al. (2023);Experiment 1;Orientation;1;1;;;;;;;11;6
-49;29;24.5;-4.5;1.2665388584137;3;6;1;Abreo et al. (2023);Experiment 1;Orientation;1;1;;;;;;;12;6
59;90;85.0;-5.0;1.7078595161438;3;6;1;Abreo et al. (2023);Experiment 1;Orientation;1;1;;;;;;;13;6
2;104;104.0;-0.0;2.16652059555054;3;6;1;Abreo et al. (2023);Experiment 1;Orientation;1;1;;;;;;;14;6
6;141;146.5;5.49999999999999;1.59973907470703;3;6;1;Abreo et al. (2023);Experiment 1;Orientation;1;1;;;;;;;15;6
-1;158;149.0;-8.99999999999999;1.71638679504395;3;6;1;Abreo et al. (2023);Experiment 1;Orientation;1;1;;;;;;;16;6
24;125;126.5;1.49999999999998;1.85798859596252;3;6;1;Abreo et al. (2023);Experiment 1;Orientation;1;1;;;;;;;17;6
75;122;97.0;-25.0;2.59960317611694;3;6;1;Abreo et al. (2023);Experiment 1;Orientation;1;1;;;;;;;18;6
-30;146;139.5;-6.50000000000001;1.72466468811035;3;6;1;Abreo et al. (2023);Experiment 1;Orientation;1;1;;;;;;;19;6
-84;117;109.0;-8.0;2.10818314552307;3;6;1;Abreo et al. (2023);Experiment 1;Orientation;1;1;;;;;;;20;6
-50;27;37.0;10.0;1.82468724250793;3;6;1;Abreo et al. (2023);Experiment 1;Orientation;1;1;;;;;;;21;6
65;159;151.5;-7.50000000000001;1.4580442905426;3;6;1;Abreo et al. (2023);Experiment 1;Orientation;1;1;;;;;;;22;6
31;77;89.5;12.5;1.94980692863464;3;6;1;Abreo et al. (2023);Experiment 1;Orientation;1;1;;;;;;;23;6
17;55;61.5;6.5;1.97486090660095;3;6;1;Abreo et al. (2023);Experiment 1;Orientation;1;1;;;;;;;24;6
17;175;171.5;-3.50000000000001;2.26640009880066;3;6;1;Abreo et al. (2023);Experiment 1;Orientation;1;1;;;;;;;25;6
89;37;122.0;85.0;1.33302927017212;3;6;1;Abreo et al. (2023);Experiment 1;Orientation;1;1;;;;;;;26;6
28;72;67.5;-4.5;1.78316116333008;3;6;1;Abreo et al. (2023);Experiment 1;Orientation;1;1;;;;;;;27;6
-2;22;21.0;-1.0;1.46628880500793;3;6;1;Abreo et al. (2023);Experiment 1;Orientation;1;1;;;;;;;28;6
88;122;119.0;-2.99999999999999;1.46643614768982;3;6;1;Abreo et al. (2023);Experiment 1;Orientation;1;1;;;;;;;29;6
-47;6;11.5;5.5;1.38313770294189;3;6;1;Abreo et al. (2023);Experiment 1;Orientation;1;1;;;;;;;30;6
-4;3;22.5;19.5;1.6915328502655;3;6;1;Abreo et al. (2023);Experiment 1;Orientation;1;1;;;;;;;31;6
85;138;142.0;4.0;1.32443499565125;3;6;1;Abreo et al. (2023);Experiment 1;Orientation;1;1;;;;;;;32;6
66;95;150.5;55.5;1.49145698547363;3;6;1;Abreo et al. (2023);Experiment 1;Orientation;1;1;;;;;;;33;6
57;132;145.0;13.0;1.70821070671082;3;6;1;Abreo et al. (2023);Experiment 1;Orientation;1;1;;;;;;;34;6
-69;47;44.0;-3.0;1.50822043418884;3;6;1;Abreo et al. (2023);Experiment 1;Orientation;1;1;;;;;;;35;6
0;8;25.0;17.0;1.94968581199646;3;6;1;Abreo et al. (2023);Experiment 1;Orientation;1;1;;;;;;;36;6
30;169;165.5;-3.49999999999999;2.34961652755737;4;1;1;Abreo et al. (2023);Experiment 1;Orientation;1;1;;;;;;;1;1
42;32;30.5;-1.5;2.18301272392273;4;1;1;Abreo et al. (2023);Experiment 1;Orientation;1;1;;;;;;;2;1
89;146;159.5;13.5;1.63320589065552;4;1;1;Abreo et al. (2023);Experiment 1;Orientation;1;1;;;;;;;3;1
26;68;73.5;5.49999999999999;2.71630501747131;4;1;1;Abreo et al. (2023);Experiment 1;Orientation;1;1;;;;;;;4;1
44;108;76.5;-31.5;1.73315286636353;4;1;1;Abreo et al. (2023);Experiment 1;Orientation;1;1;;;;;;;5;1
42;176;0.5;4.5;2.27487397193909;4;1;1;Abreo et al. (2023);Experiment 1;Orientation;1;1;;;;;;;6;1
-88;138;145.0;7.00000000000002;1.68285989761353;4;1;1;Abreo et al. (2023);Experiment 1;Orientation;1;1;;;;;;;7;1
3;87;81.0;-6.0;1.94154572486877;4;1;1;Abreo et al. (2023);Experiment 1;Orientation;1;1;;;;;;;8;1
90;93;106.5;13.5;5.74984264373779;4;1;1;Abreo et al. (2023);Experiment 1;Orientation;1;1;;;;;;;9;1
33;147;160.0;13.0;2.3082103729248;4;1;1;Abreo et al. (2023);Experiment 1;Orientation;1;1;;;;;;;10;1
26;39;51.5;12.5;2.5415518283844;4;1;1;Abreo et al. (2023);Experiment 1;Orientation;1;1;;;;;;;11;1
-54;48;171.0;-57.0;2.6245288848877;4;1;1;Abreo et al. (2023);Experiment 1;Orientation;1;1;;;;;;;12;1
43;10;17.5;7.5;2.15806460380554;4;1;1;Abreo et al. (2023);Experiment 1;Orientation;1;1;;;;;;;13;1
53;51;44.5;-6.5;2.19982361793518;4;1;1;Abreo et al. (2023);Experiment 1;Orientation;1;1;;;;;;;14;1
85;84;74.5;-9.50000000000001;4.35817790031433;4;1;1;Abreo et al. (2023);Experiment 1;Orientation;1;1;;;;;;;15;1
15;19;14.0;-5.0;1.86651659011841;4;1;1;Abreo et al. (2023);Experiment 1;Orientation;1;1;;;;;;;16;1
1;44;36.5;-7.5;1.8331937789917;4;1;1;Abreo et al. (2023);Experiment 1;Orientation;1;1;;;;;;;17;1
-26;86;83.5;-2.50000000000001;3.48315668106079;4;1;1;Abreo et al. (2023);Experiment 1;Orientation;1;1;;;;;;;18;1
-47;75;57.5;-17.5;1.89988970756531;4;1;1;Abreo et al. (2023);Experiment 1;Orientation;1;1;;;;;;;19;1
-21;131;147.0;16.0;2.1914656162262;4;1;1;Abreo et al. (2023);Experiment 1;Orientation;1;1;;;;;;;20;1
32;32;28.0;-4.0;1.92478013038635;4;1;1;Abreo et al. (2023);Experiment 1;Orientation;1;1;;;;;;;21;1
-31;99;106.5;7.50000000000001;2.44118714332581;4;1;1;Abreo et al. (2023);Experiment 1;Orientation;1;1;;;;;;;22;1
-3;56;40.5;-15.5;2.34154748916626;4;1;1;Abreo et al. (2023);Experiment 1;Orientation;1;1;;;;;;;23;1
-87;55;48.0;-7.0;1.88315081596375;4;1;1;Abreo et al. (2023);Experiment 1;Orientation;1;1;;;;;;;24;1
17;164;166.5;2.49999999999999;2.008141040802;4;1;1;Abreo et al. (2023);Experiment 1;Orientation;1;1;;;;;;;25;1
-37;123;130.5;7.49999999999999;2.15813875198364;4;1;1;Abreo et al. (2023);Experiment 1;Orientation;1;1;;;;;;;26;1
-55;170;170.5;0.499999999999996;1.5285336971283;4;2;1;Abreo et al. (2023);Experiment 1;Orientation;1;1;;;;;;;1;2
84;86;142.0;56.0;1.85822200775146;4;2;1;Abreo et al. (2023);Experiment 1;Orientation;1;1;;;;;;;2;2
44;135;171.0;36.0;3.29984140396118;4;2;1;Abreo et al. (2023);Experiment 1;Orientation;1;1;;;;;;;3;2
42;128;162.5;34.5;2.18299579620361;4;2;1;Abreo et al. (2023);Experiment 1;Orientation;1;1;;;;;;;4;2
40;6;12.0;6.0;2.07452058792114;4;2;1;Abreo et al. (2023);Experiment 1;Orientation;1;1;;;;;;;5;2
-87;146;153.5;7.49999999999999;1.57487964630127;4;2;1;Abreo et al. (2023);Experiment 1;Orientation;1;1;;;;;;;6;2
53;63;51.5;-11.5;2.27483797073364;4;2;1;Abreo et al. (2023);Experiment 1;Orientation;1;1;;;;;;;7;2
-34;19;21.5;2.5;2.02476072311401;4;2;1;Abreo et al. (2023);Experiment 1;Orientation;1;1;;;;;;;8;2
70;170;166.0;-4.0;2.29954648017883;4;2;1;Abreo et al. (2023);Experiment 1;Orientation;1;1;;;;;;;9;2
-60;19;11.0;-8.0;1.90820598602295;4;2;1;Abreo et al. (2023);Experiment 1;Orientation;1;1;;;;;;;10;2
-16;98;102.0;4.00000000000001;3.47469043731689;4;2;1;Abreo et al. (2023);Experiment 1;Orientation;1;1;;;;;;;11;2
7;146;147.0;0.999999999999993;1.86644291877747;4;2;1;Abreo et al. (2023);Experiment 1;Orientation;1;1;;;;;;;12;2
-59;27;25.0;-2.0;2.07489156723022;4;2;1;Abreo et al. (2023);Experiment 1;Orientation;1;1;;;;;;;13;2
43;179;3.5;4.5;2.54140901565552;4;2;1;Abreo et al. (2023);Experiment 1;Orientation;1;1;;;;;;;14;2
-67;9;13.0;4.0;2.24151730537415;4;2;1;Abreo et al. (2023);Experiment 1;Orientation;1;1;;;;;;;15;2
68;63;58.0;-4.99999999999999;2.04971194267273;4;2;1;Abreo et al. (2023);Experiment 1;Orientation;1;1;;;;;;;16;2
-4;86;88.5;2.5;3.30811071395874;4;2;1;Abreo et al. (2023);Experiment 1;Orientation;1;1;;;;;;;17;2
1;68;58.0;-10.0;2.224773645401;4;2;1;Abreo et al. (2023);Experiment 1;Orientation;1;1;;;;;;;18;2
37;124;125.0;1.00000000000001;1.91651916503906;4;2;1;Abreo et al. (2023);Experiment 1;Orientation;1;1;;;;;;;19;2
-13;115;119.0;4.00000000000001;2.54987645149231;4;2;1;Abreo et al. (2023);Experiment 1;Orientation;1;1;;;;;;;20;2
-83;36;27.0;-9.0;1.5332190990448;4;2;1;Abreo et al. (2023);Experiment 1;Orientation;1;1;;;;;;;21;2
62;48;67.0;19.0;1.85809183120728;4;2;1;Abreo et al. (2023);Experiment 1;Orientation;1;1;;;;;;;22;2
40;127;39.5;-87.5;2.20821785926819;4;2;1;Abreo et al. (2023);Experiment 1;Orientation;1;1;;;;;;;23;2
70;34;41.0;6.99999999999999;2.14137768745422;4;2;1;Abreo et al. (2023);Experiment 1;Orientation;1;1;;;;;;;24;2
-33;170;167.5;-2.5;1.76642775535583;4;2;1;Abreo et al. (2023);Experiment 1;Orientation;1;1;;;;;;;25;2
16;117;114.0;-2.99999999999999;1.51645398139954;4;2;1;Abreo et al. (2023);Experiment 1;Orientation;1;1;;;;;;;26;2
-58;75;56.5;-18.5;2.38287305831909;4;2;1;Abreo et al. (2023);Experiment 1;Orientation;1;1;;;;;;;27;2
-70;25;13.0;-12.0;1.92481994628906;4;2;1;Abreo et al. (2023);Experiment 1;Orientation;1;1;;;;;;;28;2
71;172;177.5;5.49999999999999;2.59977984428406;4;2;1;Abreo et al. (2023);Experiment 1;Orientation;1;1;;;;;;;29;2
-23;179;1.0;2.0;2.22453427314758;4;2;1;Abreo et al. (2023);Experiment 1;Orientation;1;1;;;;;;;30;2
20;100;104.5;4.5;1.69152593612671;4;2;1;Abreo et al. (2023);Experiment 1;Orientation;1;1;;;;;;;31;2
-88;62;54.5;-7.5;1.84990191459656;4;2;1;Abreo et al. (2023);Experiment 1;Orientation;1;1;;;;;;;32;2
71;162;172.5;10.5;2.88680171966553;4;3;1;Abreo et al. (2023);Experiment 1;Orientation;1;1;;;;;;;1;3
64;128;146.5;18.5;1.85823178291321;4;3;1;Abreo et al. (2023);Experiment 1;Orientation;1;1;;;;;;;2;3
-85;40;26.5;-13.5;1.74158954620361;4;3;1;Abreo et al. (2023);Experiment 1;Orientation;1;1;;;;;;;3;3
52;98;123.5;25.5;1.98366522789001;4;3;1;Abreo et al. (2023);Experiment 1;Orientation;1;1;;;;;;;4;3
-53;154;157.0;2.99999999999999;1.64984488487244;4;3;1;Abreo et al. (2023);Experiment 1;Orientation;1;1;;;;;;;5;3
-21;119;123.0;4.0;2.09970474243164;4;3;1;Abreo et al. (2023);Experiment 1;Orientation;1;1;;;;;;;6;3
79;19;38.5;19.5;2.16649079322815;4;3;1;Abreo et al. (2023);Experiment 1;Orientation;1;1;;;;;;;7;3
-19;94;89.0;-5.00000000000001;4.67486095428467;4;3;1;Abreo et al. (2023);Experiment 1;Orientation;1;1;;;;;;;8;3
9;88;89.0;1.0;2.04121685028076;4;3;1;Abreo et al. (2023);Experiment 1;Orientation;1;1;;;;;;;9;3
-65;67;69.5;2.5;2.17472743988037;4;3;1;Abreo et al. (2023);Experiment 1;Orientation;1;1;;;;;;;10;3
81;86;91.5;5.49999999999999;1.50823187828064;4;3;1;Abreo et al. (2023);Experiment 1;Orientation;1;1;;;;;;;11;3
-50;28;32.0;4.0;1.42476177215576;4;3;1;Abreo et al. (2023);Experiment 1;Orientation;1;1;;;;;;;12;3
-80;159;158.0;-1.00000000000002;1.66625380516052;4;3;1;Abreo et al. (2023);Experiment 1;Orientation;1;1;;;;;;;13;3
21;24;33.0;9.0;1.43321943283081;4;3;1;Abreo et al. (2023);Experiment 1;Orientation;1;1;;;;;;;14;3
-79;12;52.0;40.0;2.15805625915527;4;3;1;Abreo et al. (2023);Experiment 1;Orientation;1;1;;;;;;;15;3
-8;105;121.0;16.0;2.56654047966003;4;3;1;Abreo et al. (2023);Experiment 1;Orientation;1;1;;;;;;;16;3
-74;149;149.5;0.500000000000016;1.44987869262695;4;3;1;Abreo et al. (2023);Experiment 1;Orientation;1;1;;;;;;;17;3
24;153;147.5;-5.49999999999999;3.19968771934509;4;3;1;Abreo et al. (2023);Experiment 1;Orientation;1;1;;;;;;;18;3
-12;43;60.5;17.5;2.62457871437073;4;3;1;Abreo et al. (2023);Experiment 1;Orientation;1;1;;;;;;;19;3
19;106;109.0;3.00000000000001;1.7165846824646;4;3;1;Abreo et al. (2023);Experiment 1;Orientation;1;1;;;;;;;20;3
14;172;173.5;1.49999999999998;1.57485890388489;4;3;1;Abreo et al. (2023);Experiment 1;Orientation;1;1;;;;;;;21;3
88;84;165.0;81.0;3.66655325889587;4;3;1;Abreo et al. (2023);Experiment 1;Orientation;1;1;;;;;;;22;3
-30;103;107.5;4.5;1.74158477783203;4;3;1;Abreo et al. (2023);Experiment 1;Orientation;1;1;;;;;;;23;3
54;152;161.5;9.49999999999999;1.59959864616394;4;3;1;Abreo et al. (2023);Experiment 1;Orientation;1;1;;;;;;;24;3
70;173;75.5;82.5;1.78309869766235;4;3;1;Abreo et al. (2023);Experiment 1;Orientation;1;1;;;;;;;25;3
25;156;162.0;6.00000000000001;1.78294062614441;4;3;1;Abreo et al. (2023);Experiment 1;Orientation;1;1;;;;;;;26;3
-45;11;26.0;15.0;1.84157109260559;4;3;1;Abreo et al. (2023);Experiment 1;Orientation;1;1;;;;;;;27;3
-20;75;85.0;10.0;1.96621370315552;4;3;1;Abreo et al. (2023);Experiment 1;Orientation;1;1;;;;;;;28;3
49;96;117.5;21.5;1.59970498085022;4;3;1;Abreo et al. (2023);Experiment 1;Orientation;1;1;;;;;;;29;3
79;46;59.0;13.0;1.84990262985229;4;3;1;Abreo et al. (2023);Experiment 1;Orientation;1;1;;;;;;;30;3
-40;126;124.0;-2.0;1.84134125709534;4;3;1;Abreo et al. (2023);Experiment 1;Orientation;1;1;;;;;;;31;3
-40;46;62.0;16.0;1.60810995101929;4;4;1;Abreo et al. (2023);Experiment 1;Orientation;1;1;;;;;;;1;4
71;69;78.5;9.50000000000001;2.04977989196777;4;4;1;Abreo et al. (2023);Experiment 1;Orientation;1;1;;;;;;;2;4
11;143;149.5;6.5;1.91654443740845;4;4;1;Abreo et al. (2023);Experiment 1;Orientation;1;1;;;;;;;3;4
8;71;65.5;-5.5;2.03293943405151;4;4;1;Abreo et al. (2023);Experiment 1;Orientation;1;1;;;;;;;4;4
-50;170;162.5;-7.50000000000002;1.79990839958191;4;4;1;Abreo et al. (2023);Experiment 1;Orientation;1;1;;;;;;;5;4
13;137;131.5;-5.49999999999999;1.39972376823425;4;4;1;Abreo et al. (2023);Experiment 1;Orientation;1;1;;;;;;;6;4
68;129;123.0;-5.99999999999999;1.86654567718506;4;4;1;Abreo et al. (2023);Experiment 1;Orientation;1;1;;;;;;;7;4
-38;133;121.0;-12.0;1.91635155677795;4;4;1;Abreo et al. (2023);Experiment 1;Orientation;1;1;;;;;;;8;4
-30;93;92.0;-1.0;2.8498809337616;4;4;1;Abreo et al. (2023);Experiment 1;Orientation;1;1;;;;;;;9;4
4;164;168.5;4.5;2.24989366531372;4;4;1;Abreo et al. (2023);Experiment 1;Orientation;1;1;;;;;;;10;4
75;64;71.5;7.5;1.42475175857544;4;4;1;Abreo et al. (2023);Experiment 1;Orientation;1;1;;;;;;;11;4
29;15;22.5;7.5;1.49141669273376;4;4;1;Abreo et al. (2023);Experiment 1;Orientation;1;1;;;;;;;12;4
60;37;38.0;1.0;2.12484645843506;4;4;1;Abreo et al. (2023);Experiment 1;Orientation;1;1;;;;;;;13;4
22;123;118.5;-4.5;1.64126443862915;4;4;1;Abreo et al. (2023);Experiment 1;Orientation;1;1;;;;;;;14;4
-80;141;141.5;0.499999999999992;2.39986371994019;4;4;1;Abreo et al. (2023);Experiment 1;Orientation;1;1;;;;;;;15;4
-88;179;179.0;0.0;1.55824494361877;4;4;1;Abreo et al. (2023);Experiment 1;Orientation;1;1;;;;;;;16;4
-13;32;33.5;1.5;2.09977889060974;4;4;1;Abreo et al. (2023);Experiment 1;Orientation;1;1;;;;;;;17;4
-82;71;64.5;-6.5;1.96651792526245;4;4;1;Abreo et al. (2023);Experiment 1;Orientation;1;1;;;;;;;18;4
-24;52;49.5;-2.5;1.47472858428955;4;4;1;Abreo et al. (2023);Experiment 1;Orientation;1;1;;;;;;;19;4
-57;33;36.0;3.0;1.71655178070068;4;4;1;Abreo et al. (2023);Experiment 1;Orientation;1;1;;;;;;;20;4
-44;112;111.0;-1.0;2.06651282310486;4;4;1;Abreo et al. (2023);Experiment 1;Orientation;1;1;;;;;;;21;4
-12;82;79.0;-3.00000000000001;2.72455978393555;4;4;1;Abreo et al. (2023);Experiment 1;Orientation;1;1;;;;;;;22;4
72;24;21.5;-2.5;1.81641483306885;4;4;1;Abreo et al. (2023);Experiment 1;Orientation;1;1;;;;;;;23;4
-68;44;28.0;-16.0;2.49961495399475;4;4;1;Abreo et al. (2023);Experiment 1;Orientation;1;1;;;;;;;24;4
3;114;104.0;-10.0;1.86623978614807;4;4;1;Abreo et al. (2023);Experiment 1;Orientation;1;1;;;;;;;25;4
-60;74;72.0;-2.0;1.80823040008545;4;4;1;Abreo et al. (2023);Experiment 1;Orientation;1;1;;;;;;;26;4
-11;128;127.5;-0.499999999999995;1.42486000061035;4;4;1;Abreo et al. (2023);Experiment 1;Orientation;1;1;;;;;;;27;4
66;134;145.5;11.5;1.57460379600525;4;4;1;Abreo et al. (2023);Experiment 1;Orientation;1;1;;;;;;;28;4
41;113;116.0;3.0;2.24139547348022;4;4;1;Abreo et al. (2023);Experiment 1;Orientation;1;1;;;;;;;29;4
-74;176;166.5;-9.49999999999999;1.60812163352966;4;4;1;Abreo et al. (2023);Experiment 1;Orientation;1;1;;;;;;;30;4
-54;25;15.0;-10.0;1.50825119018555;4;4;1;Abreo et al. (2023);Experiment 1;Orientation;1;1;;;;;;;31;4
-71;133;136.0;3.00000000000002;1.83316779136658;4;4;1;Abreo et al. (2023);Experiment 1;Orientation;1;1;;;;;;;32;4
43;143;151.5;8.49999999999998;1.95815753936768;4;4;1;Abreo et al. (2023);Experiment 1;Orientation;1;1;;;;;;;33;4
-61;1;175.5;-5.49999999999999;2.19986772537231;4;4;1;Abreo et al. (2023);Experiment 1;Orientation;1;1;;;;;;;34;4
-51;74;73.5;-0.500000000000009;1.90842461585999;4;5;1;Abreo et al. (2023);Experiment 1;Orientation;1;1;;;;;;;1;5
58;25;32.0;7.0;1.9082248210907;4;5;1;Abreo et al. (2023);Experiment 1;Orientation;1;1;;;;;;;2;5
59;154;162.5;8.49999999999998;1.3915057182312;4;5;1;Abreo et al. (2023);Experiment 1;Orientation;1;1;;;;;;;3;5
42;130;136.5;6.5;1.85806584358215;4;5;1;Abreo et al. (2023);Experiment 1;Orientation;1;1;;;;;;;4;5
-16;61;68.0;7.00000000000001;1.68290090560913;4;5;1;Abreo et al. (2023);Experiment 1;Orientation;1;1;;;;;;;5;5
-78;176;166.5;-9.49999999999999;1.5998682975769;4;5;1;Abreo et al. (2023);Experiment 1;Orientation;1;1;;;;;;;6;5
59;41;39.0;-2.0;2.56640386581421;4;5;1;Abreo et al. (2023);Experiment 1;Orientation;1;1;;;;;;;7;5
36;140;145.0;5.00000000000002;1.80824160575867;4;5;1;Abreo et al. (2023);Experiment 1;Orientation;1;1;;;;;;;8;5
-81;179;173.5;-5.50000000000001;1.55812454223633;4;5;1;Abreo et al. (2023);Experiment 1;Orientation;1;1;;;;;;;9;5
42;1;6.0;5.0;2.01656436920166;4;5;1;Abreo et al. (2023);Experiment 1;Orientation;1;1;;;;;;;10;5
-19;69;72.0;3.00000000000001;1.48308777809143;4;5;1;Abreo et al. (2023);Experiment 1;Orientation;1;1;;;;;;;11;5
-39;75;77.0;2.0;1.84989142417908;4;5;1;Abreo et al. (2023);Experiment 1;Orientation;1;1;;;;;;;12;5
-45;170;164.0;-6.00000000000001;2.041348695755;4;5;1;Abreo et al. (2023);Experiment 1;Orientation;1;1;;;;;;;13;5
-73;83;82.5;-0.500000000000005;1.84145331382751;4;5;1;Abreo et al. (2023);Experiment 1;Orientation;1;1;;;;;;;14;5
-30;74;72.5;-1.5;2.27456641197205;4;5;1;Abreo et al. (2023);Experiment 1;Orientation;1;1;;;;;;;15;5
75;19;16.0;-3.0;1.53324842453003;4;5;1;Abreo et al. (2023);Experiment 1;Orientation;1;1;;;;;;;16;5
10;166;172.0;6.00000000000001;1.54124569892883;4;5;1;Abreo et al. (2023);Experiment 1;Orientation;1;1;;;;;;;17;5
6;117;113.0;-3.99999999999999;2.86643767356873;4;5;1;Abreo et al. (2023);Experiment 1;Orientation;1;1;;;;;;;18;5
15;14;13.0;-1.0;2.00788354873657;4;5;1;Abreo et al. (2023);Experiment 1;Orientation;1;1;;;;;;;19;5
-27;8;6.0;-2.0;2.32483386993408;4;5;1;Abreo et al. (2023);Experiment 1;Orientation;1;1;;;;;;;20;5
-52;50;46.0;-3.99999999999999;2.33323049545288;4;5;1;Abreo et al. (2023);Experiment 1;Orientation;1;1;;;;;;;21;5
-59;128;120.0;-8.00000000000001;2.64149785041809;4;5;1;Abreo et al. (2023);Experiment 1;Orientation;1;1;;;;;;;22;5
-71;171;173.0;2.0;2.25817966461182;4;5;1;Abreo et al. (2023);Experiment 1;Orientation;1;1;;;;;;;23;5
11;83;80.5;-2.49999999999999;1.99969267845154;4;5;1;Abreo et al. (2023);Experiment 1;Orientation;1;1;;;;;;;24;5
-7;16;6.0;-10.0;2.05820655822754;4;5;1;Abreo et al. (2023);Experiment 1;Orientation;1;1;;;;;;;25;5
-40;116;107.5;-8.50000000000001;1.64152884483337;4;5;1;Abreo et al. (2023);Experiment 1;Orientation;1;1;;;;;;;26;5
-77;151;152.5;1.50000000000001;2.35821294784546;4;5;1;Abreo et al. (2023);Experiment 1;Orientation;1;1;;;;;;;27;5
-12;174;174.0;0.0;2.08322381973267;4;5;1;Abreo et al. (2023);Experiment 1;Orientation;1;1;;;;;;;28;5
48;115;107.0;-7.99999999999999;1.94138145446777;4;5;1;Abreo et al. (2023);Experiment 1;Orientation;1;1;;;;;;;29;5
60;58;61.0;2.99999999999999;2.21654844284058;4;5;1;Abreo et al. (2023);Experiment 1;Orientation;1;1;;;;;;;30;5
-30;121;117.0;-4.0;2.06986403465271;4;6;1;Abreo et al. (2023);Experiment 1;Orientation;1;1;;;;;;;1;6
46;161;169.0;7.99999999999999;1.42485356330872;4;6;1;Abreo et al. (2023);Experiment 1;Orientation;1;1;;;;;;;2;6
1;146;146.5;0.499999999999999;1.64153075218201;4;6;1;Abreo et al. (2023);Experiment 1;Orientation;1;1;;;;;;;3;6
-26;172;172.5;0.499999999999994;1.79990482330322;4;6;1;Abreo et al. (2023);Experiment 1;Orientation;1;1;;;;;;;4;6
50;130;125.5;-4.5;1.82489943504333;4;6;1;Abreo et al. (2023);Experiment 1;Orientation;1;1;;;;;;;5;6
-59;57;59.5;2.49999999999999;1.51649713516235;4;6;1;Abreo et al. (2023);Experiment 1;Orientation;1;1;;;;;;;6;6
81;169;170.0;1.00000000000001;2.17475581169128;4;6;1;Abreo et al. (2023);Experiment 1;Orientation;1;1;;;;;;;7;6
-33;131;111.5;-19.5;1.52484798431396;4;6;1;Abreo et al. (2023);Experiment 1;Orientation;1;1;;;;;;;8;6
12;10;18.0;8.0;1.64990448951721;4;6;1;Abreo et al. (2023);Experiment 1;Orientation;1;1;;;;;;;9;6
66;114;108.5;-5.5;2.39987850189209;4;6;1;Abreo et al. (2023);Experiment 1;Orientation;1;1;;;;;;;10;6
54;112;107.0;-5.0;1.65788793563843;4;6;1;Abreo et al. (2023);Experiment 1;Orientation;1;1;;;;;;;11;6
-24;66;67.5;1.5;1.44141602516174;4;6;1;Abreo et al. (2023);Experiment 1;Orientation;1;1;;;;;;;12;6
-33;48;32.0;-16.0;1.72470355033875;4;6;1;Abreo et al. (2023);Experiment 1;Orientation;1;1;;;;;;;13;6
28;29;28.0;-1.0;2.42466926574707;4;6;1;Abreo et al. (2023);Experiment 1;Orientation;1;1;;;;;;;14;6
-48;150;139.0;-11.0;2.49984574317932;4;6;1;Abreo et al. (2023);Experiment 1;Orientation;1;1;;;;;;;15;6
-23;104;94.5;-9.50000000000001;2.06657743453979;4;6;1;Abreo et al. (2023);Experiment 1;Orientation;1;1;;;;;;;16;6
15;114;117.5;3.49999999999999;1.89966869354248;4;6;1;Abreo et al. (2023);Experiment 1;Orientation;1;1;;;;;;;17;6
-36;122;123.5;1.50000000000001;2.66628003120422;4;6;1;Abreo et al. (2023);Experiment 1;Orientation;1;1;;;;;;;18;6
-72;136;138.5;2.49999999999999;1.93296432495117;4;6;1;Abreo et al. (2023);Experiment 1;Orientation;1;1;;;;;;;19;6
36;130;137.5;7.49999999999999;1.9081826210022;4;6;1;Abreo et al. (2023);Experiment 1;Orientation;1;1;;;;;;;20;6
9;21;24.0;3.0;2.16643190383911;4;6;1;Abreo et al. (2023);Experiment 1;Orientation;1;1;;;;;;;21;6
-89;155;155.5;0.499999999999995;1.99134206771851;4;6;1;Abreo et al. (2023);Experiment 1;Orientation;1;1;;;;;;;22;6
7;162;159.5;-2.5;1.87486934661865;4;6;1;Abreo et al. (2023);Experiment 1;Orientation;1;1;;;;;;;23;6
-55;154;151.5;-2.50000000000002;2.04142785072327;4;6;1;Abreo et al. (2023);Experiment 1;Orientation;1;1;;;;;;;24;6
45;121;114.5;-6.5;2.14140963554382;4;6;1;Abreo et al. (2023);Experiment 1;Orientation;1;1;;;;;;;25;6
26;62;66.5;4.5;2.96653771400452;4;6;1;Abreo et al. (2023);Experiment 1;Orientation;1;1;;;;;;;26;6
63;29;39.0;9.99999999999999;1.46640968322754;4;6;1;Abreo et al. (2023);Experiment 1;Orientation;1;1;;;;;;;27;6
57;49;60.0;11.0;2.10821342468262;4;6;1;Abreo et al. (2023);Experiment 1;Orientation;1;1;;;;;;;28;6
32;111;107.0;-4.0;3.18323373794556;4;6;1;Abreo et al. (2023);Experiment 1;Orientation;1;1;;;;;;;29;6
58;25;32.5;7.5;1.90822672843933;4;6;1;Abreo et al. (2023);Experiment 1;Orientation;1;1;;;;;;;30;6
-77;53;51.5;-1.5;1.74962258338928;4;6;1;Abreo et al. (2023);Experiment 1;Orientation;1;1;;;;;;;31;6
57;128;142.0;14.0;2.43822193145752;5;1;1;Abreo et al. (2023);Experiment 1;Orientation;1;1;;;;;;;1;1
-7;48;66.5;18.5;1.48812460899353;5;1;1;Abreo et al. (2023);Experiment 1;Orientation;1;1;;;;;;;2;1
-79;178;161.5;-16.5;2.94873976707458;5;1;1;Abreo et al. (2023);Experiment 1;Orientation;1;1;;;;;;;3;1
61;111;122.0;11.0;2.30836153030396;5;1;1;Abreo et al. (2023);Experiment 1;Orientation;1;1;;;;;;;4;1
68;168;137.0;-31.0;1.70817828178406;5;1;1;Abreo et al. (2023);Experiment 1;Orientation;1;1;;;;;;;5;1
61;58;42.0;-16.0;2.46801805496216;5;1;1;Abreo et al. (2023);Experiment 1;Orientation;1;1;;;;;;;6;1
-77;145;140.5;-4.50000000000001;2.09808826446533;5;1;1;Abreo et al. (2023);Experiment 1;Orientation;1;1;;;;;;;7;1
-89;110;121.0;11.0;3.1777777671814;5;1;1;Abreo et al. (2023);Experiment 1;Orientation;1;1;;;;;;;8;1
-48;7;143.5;-43.5;1.84815979003906;5;1;1;Abreo et al. (2023);Experiment 1;Orientation;1;1;;;;;;;9;1
-80;3;12.0;9.0;2.19780325889587;5;1;1;Abreo et al. (2023);Experiment 1;Orientation;1;1;;;;;;;10;1
39;6;9.5;3.5;1.85806131362915;5;1;1;Abreo et al. (2023);Experiment 1;Orientation;1;1;;;;;;;11;1
-14;106;105.5;-0.499999999999994;2.17806172370911;5;1;1;Abreo et al. (2023);Experiment 1;Orientation;1;1;;;;;;;12;1
-73;38;29.0;-9.0;2.75805234909058;5;1;1;Abreo et al. (2023);Experiment 1;Orientation;1;1;;;;;;;13;1
21;51;56.0;5.00000000000001;3.58808946609497;5;1;1;Abreo et al. (2023);Experiment 1;Orientation;1;1;;;;;;;14;1
31;24;33.5;9.49999999999999;2.11815500259399;5;1;1;Abreo et al. (2023);Experiment 1;Orientation;1;1;;;;;;;15;1
59;54;99.5;45.5;3.13811492919922;5;1;1;Abreo et al. (2023);Experiment 1;Orientation;1;1;;;;;;;16;1
-52;99;114.5;15.5;2.90795564651489;5;1;1;Abreo et al. (2023);Experiment 1;Orientation;1;1;;;;;;;17;1
-43;161;141.0;-20.0;3.09778213500977;5;1;1;Abreo et al. (2023);Experiment 1;Orientation;1;1;;;;;;;18;1
-85;174;157.0;-17.0;3.1281201839447;5;1;1;Abreo et al. (2023);Experiment 1;Orientation;1;1;;;;;;;19;1
-65;62;46.0;-16.0;2.87816047668457;5;1;1;Abreo et al. (2023);Experiment 1;Orientation;1;1;;;;;;;20;1
10;89;112.5;23.5;10.1577172279358;5;1;1;Abreo et al. (2023);Experiment 1;Orientation;1;1;;;;;;;21;1
-82;123;125.5;2.5;2.26803374290466;5;1;1;Abreo et al. (2023);Experiment 1;Orientation;1;1;;;;;;;22;1
45;61;42.5;-18.5;8.99782752990723;5;1;1;Abreo et al. (2023);Experiment 1;Orientation;1;1;;;;;;;23;1
-85;18;29.5;11.5;4.22803640365601;5;1;1;Abreo et al. (2023);Experiment 1;Orientation;1;1;;;;;;;24;1
50;129;116.0;-13.0;1.63794636726379;5;1;1;Abreo et al. (2023);Experiment 1;Orientation;1;1;;;;;;;25;1
25;18;33.5;15.5;2.37816309928894;5;1;1;Abreo et al. (2023);Experiment 1;Orientation;1;1;;;;;;;26;1
46;99;117.5;18.5;3.46774840354919;5;1;1;Abreo et al. (2023);Experiment 1;Orientation;1;1;;;;;;;27;1
82;77;45.0;-32.0;2.94790148735046;5;1;1;Abreo et al. (2023);Experiment 1;Orientation;1;1;;;;;;;28;1
71;89;92.5;3.5;11.6577422618866;5;1;1;Abreo et al. (2023);Experiment 1;Orientation;1;1;;;;;;;29;1
-29;50;64.0;14.0;1.81816387176514;5;1;1;Abreo et al. (2023);Experiment 1;Orientation;1;1;;;;;;;30;1
43;171;137.0;-34.0;1.92807555198669;5;1;1;Abreo et al. (2023);Experiment 1;Orientation;1;1;;;;;;;31;1
-89;15;29.5;14.5;1.63817644119263;5;1;1;Abreo et al. (2023);Experiment 1;Orientation;1;1;;;;;;;32;1
-53;61;53.0;-8.0;2.61804437637329;5;1;1;Abreo et al. (2023);Experiment 1;Orientation;1;1;;;;;;;33;1
-3;22;40.0;18.0;3.15797662734985;5;1;1;Abreo et al. (2023);Experiment 1;Orientation;1;1;;;;;;;34;1
-10;99;111.0;12.0;2.80816221237183;5;1;1;Abreo et al. (2023);Experiment 1;Orientation;1;1;;;;;;;35;1
-22;171;146.0;-25.0;3.53789377212524;5;1;1;Abreo et al. (2023);Experiment 1;Orientation;1;1;;;;;;;36;1
-87;91;92.0;1.0;4.31809973716736;5;1;1;Abreo et al. (2023);Experiment 1;Orientation;1;1;;;;;;;37;1
40;24;40.0;16.0;2.02172827720642;5;2;1;Abreo et al. (2023);Experiment 1;Orientation;1;1;;;;;;;1;2
73;19;27.0;8.0;2.92848253250122;5;2;1;Abreo et al. (2023);Experiment 1;Orientation;1;1;;;;;;;2;2
-21;30;22.5;-7.49999999999999;2.51795220375061;5;2;1;Abreo et al. (2023);Experiment 1;Orientation;1;1;;;;;;;3;2
-16;25;20.0;-5.0;3.03809428215027;5;2;1;Abreo et al. (2023);Experiment 1;Orientation;1;1;;;;;;;4;2
-16;81;70.0;-11.0;1.84802937507629;5;2;1;Abreo et al. (2023);Experiment 1;Orientation;1;1;;;;;;;5;2
-4;37;46.0;9.0;1.52808952331543;5;2;1;Abreo et al. (2023);Experiment 1;Orientation;1;1;;;;;;;6;2
55;9;32.0;23.0;3.04803538322449;5;2;1;Abreo et al. (2023);Experiment 1;Orientation;1;1;;;;;;;7;2
-69;105;119.0;14.0;1.8181734085083;5;2;1;Abreo et al. (2023);Experiment 1;Orientation;1;1;;;;;;;8;2
-24;11;10.5;-0.499999999999998;3.53808999061584;5;2;1;Abreo et al. (2023);Experiment 1;Orientation;1;1;;;;;;;9;2
-16;66;69.0;2.99999999999999;2.91805720329285;5;2;1;Abreo et al. (2023);Experiment 1;Orientation;1;1;;;;;;;10;2
50;166;144.0;-22.0;2.05817151069641;5;2;1;Abreo et al. (2023);Experiment 1;Orientation;1;1;;;;;;;11;2
-53;13;35.5;22.5;1.91813230514526;5;2;1;Abreo et al. (2023);Experiment 1;Orientation;1;1;;;;;;;12;2
-23;74;98.0;24.0;3.67796015739441;5;2;1;Abreo et al. (2023);Experiment 1;Orientation;1;1;;;;;;;13;2
31;173;157.0;-16.0;2.12792992591858;5;2;1;Abreo et al. (2023);Experiment 1;Orientation;1;1;;;;;;;14;2
89;9;17.0;8.0;2.90785813331604;5;2;1;Abreo et al. (2023);Experiment 1;Orientation;1;1;;;;;;;15;2
-71;39;40.5;1.5;3.42801475524902;5;2;1;Abreo et al. (2023);Experiment 1;Orientation;1;1;;;;;;;16;2
-30;59;56.5;-2.5;3.26805210113525;5;2;1;Abreo et al. (2023);Experiment 1;Orientation;1;1;;;;;;;17;2
80;44;36.0;-8.0;2.30807018280029;5;2;1;Abreo et al. (2023);Experiment 1;Orientation;1;1;;;;;;;18;2
-24;83;76.5;-6.5;2.28785824775696;5;2;1;Abreo et al. (2023);Experiment 1;Orientation;1;1;;;;;;;19;2
-39;92;87.5;-4.5;2.5778124332428;5;2;1;Abreo et al. (2023);Experiment 1;Orientation;1;1;;;;;;;20;2
-81;47;54.5;7.5;2.29813742637634;5;2;1;Abreo et al. (2023);Experiment 1;Orientation;1;1;;;;;;;21;2
-74;16;20.0;4.0;2.08805441856384;5;2;1;Abreo et al. (2023);Experiment 1;Orientation;1;1;;;;;;;22;2
-66;131;150.0;19.0;2.0780622959137;5;2;1;Abreo et al. (2023);Experiment 1;Orientation;1;1;;;;;;;23;2
-19;80;68.0;-12.0;3.31776404380798;5;2;1;Abreo et al. (2023);Experiment 1;Orientation;1;1;;;;;;;24;2
-1;141;147.5;6.5;2.83813810348511;5;2;1;Abreo et al. (2023);Experiment 1;Orientation;1;1;;;;;;;25;2
2;168;153.0;-15.0;2.37810254096985;5;2;1;Abreo et al. (2023);Experiment 1;Orientation;1;1;;;;;;;26;2
-37;169;168.5;-0.499999999999995;2.07810568809509;5;2;1;Abreo et al. (2023);Experiment 1;Orientation;1;1;;;;;;;27;2
6;81;73.5;-7.50000000000001;2.43174719810486;5;3;1;Abreo et al. (2023);Experiment 1;Orientation;1;1;;;;;;;1;3
-38;115;117.5;2.5;2.52800822257996;5;3;1;Abreo et al. (2023);Experiment 1;Orientation;1;1;;;;;;;2;3
-56;90;114.5;24.5;2.58880519866943;5;3;1;Abreo et al. (2023);Experiment 1;Orientation;1;1;;;;;;;3;3
-72;171;147.0;-24.0;2.5178816318512;5;3;1;Abreo et al. (2023);Experiment 1;Orientation;1;1;;;;;;;4;3
-7;21;30.0;8.99999999999999;1.95783662796021;5;3;1;Abreo et al. (2023);Experiment 1;Orientation;1;1;;;;;;;5;3
-75;114;124.0;9.99999999999999;2.18817520141602;5;3;1;Abreo et al. (2023);Experiment 1;Orientation;1;1;;;;;;;6;3
3;139;139.5;0.49999999999999;2.49817657470703;5;3;1;Abreo et al. (2023);Experiment 1;Orientation;1;1;;;;;;;7;3
-23;8;9.0;1.0;2.78789162635803;5;3;1;Abreo et al. (2023);Experiment 1;Orientation;1;1;;;;;;;8;3
-32;149;143.0;-5.99999999999998;2.66805863380432;5;3;1;Abreo et al. (2023);Experiment 1;Orientation;1;1;;;;;;;9;3
21;114;125.0;11.0;1.82783532142639;5;3;1;Abreo et al. (2023);Experiment 1;Orientation;1;1;;;;;;;10;3
23;71;40.5;-30.5;2.0080463886261;5;3;1;Abreo et al. (2023);Experiment 1;Orientation;1;1;;;;;;;11;3
-42;22;34.0;12.0;2.12805676460266;5;3;1;Abreo et al. (2023);Experiment 1;Orientation;1;1;;;;;;;12;3
75;69;55.5;-13.5;2.28814148902893;5;3;1;Abreo et al. (2023);Experiment 1;Orientation;1;1;;;;;;;13;3
58;42;40.0;-2.00000000000001;2.9681293964386;5;3;1;Abreo et al. (2023);Experiment 1;Orientation;1;1;;;;;;;14;3
-67;23;39.0;16.0;1.78809571266174;5;3;1;Abreo et al. (2023);Experiment 1;Orientation;1;1;;;;;;;15;3
20;17;20.5;3.5;2.74812841415405;5;3;1;Abreo et al. (2023);Experiment 1;Orientation;1;1;;;;;;;16;3
-71;90;76.0;-14.0;3.58796119689941;5;3;1;Abreo et al. (2023);Experiment 1;Orientation;1;1;;;;;;;17;3
17;29;35.0;6.0;2.13811039924622;5;3;1;Abreo et al. (2023);Experiment 1;Orientation;1;1;;;;;;;18;3
45;91;100.0;9.0;2.22802448272705;5;3;1;Abreo et al. (2023);Experiment 1;Orientation;1;1;;;;;;;19;3
-5;125;128.0;2.99999999999999;1.70798206329346;5;3;1;Abreo et al. (2023);Experiment 1;Orientation;1;1;;;;;;;20;3
-75;123;128.0;5.0;2.68808746337891;5;3;1;Abreo et al. (2023);Experiment 1;Orientation;1;1;;;;;;;21;3
44;146;134.0;-12.0;2.01783776283264;5;3;1;Abreo et al. (2023);Experiment 1;Orientation;1;1;;;;;;;22;3
52;89;67.0;-22.0;1.66809868812561;5;3;1;Abreo et al. (2023);Experiment 1;Orientation;1;1;;;;;;;23;3
47;126;122.5;-3.49999999999999;2.32814192771912;5;3;1;Abreo et al. (2023);Experiment 1;Orientation;1;1;;;;;;;24;3
26;41;144.0;-77.0;2.82804346084595;5;3;1;Abreo et al. (2023);Experiment 1;Orientation;1;1;;;;;;;25;3
45;137;131.5;-5.49999999999999;2.18813514709473;5;3;1;Abreo et al. (2023);Experiment 1;Orientation;1;1;;;;;;;26;3
-26;41;44.0;3.0;1.73785614967346;5;3;1;Abreo et al. (2023);Experiment 1;Orientation;1;1;;;;;;;27;3
11;159;149.5;-9.5;2.0479474067688;5;3;1;Abreo et al. (2023);Experiment 1;Orientation;1;1;;;;;;;28;3
29;8;22.5;14.5;1.72783398628235;5;3;1;Abreo et al. (2023);Experiment 1;Orientation;1;1;;;;;;;29;3
-6;83;73.0;-10.0;2.85823678970337;5;3;1;Abreo et al. (2023);Experiment 1;Orientation;1;1;;;;;;;30;3
-19;109;114.5;5.5;2.11817789077759;5;3;1;Abreo et al. (2023);Experiment 1;Orientation;1;1;;;;;;;31;3
6;133;129.0;-4.0;1.78799605369568;5;3;1;Abreo et al. (2023);Experiment 1;Orientation;1;1;;;;;;;32;3
18;29;26.5;-2.50000000000001;2.98815321922302;5;3;1;Abreo et al. (2023);Experiment 1;Orientation;1;1;;;;;;;33;3
61;73;71.5;-1.49999999999999;1.64819264411926;5;3;1;Abreo et al. (2023);Experiment 1;Orientation;1;1;;;;;;;34;3
34;158;150.0;-7.99999999999998;2.61145162582397;5;4;1;Abreo et al. (2023);Experiment 1;Orientation;1;1;;;;;;;1;4
-22;30;37.5;7.5;1.92841839790344;5;4;1;Abreo et al. (2023);Experiment 1;Orientation;1;1;;;;;;;2;4
-29;95;104.0;9.0;2.03813028335571;5;4;1;Abreo et al. (2023);Experiment 1;Orientation;1;1;;;;;;;3;4
31;53;45.5;-7.5;2.59795951843262;5;4;1;Abreo et al. (2023);Experiment 1;Orientation;1;1;;;;;;;4;4
-67;86;118.5;32.5;3.96803402900696;5;4;1;Abreo et al. (2023);Experiment 1;Orientation;1;1;;;;;;;5;4
-90;110;126.0;16.0;2.62811923027039;5;4;1;Abreo et al. (2023);Experiment 1;Orientation;1;1;;;;;;;6;4
79;21;19.0;-2.0;2.69809794425964;5;4;1;Abreo et al. (2023);Experiment 1;Orientation;1;1;;;;;;;7;4
-2;20;18.0;-2.0;3.20783758163452;5;4;1;Abreo et al. (2023);Experiment 1;Orientation;1;1;;;;;;;8;4
28;58;49.0;-9.00000000000001;1.99786710739136;5;4;1;Abreo et al. (2023);Experiment 1;Orientation;1;1;;;;;;;9;4
-55;179;164.5;-14.5;1.79820561408997;5;4;1;Abreo et al. (2023);Experiment 1;Orientation;1;1;;;;;;;10;4
77;36;42.0;6.0;3.14785313606262;5;4;1;Abreo et al. (2023);Experiment 1;Orientation;1;1;;;;;;;11;4
-26;93;103.0;10.0;3.41776275634766;5;4;1;Abreo et al. (2023);Experiment 1;Orientation;1;1;;;;;;;12;4
69;38;47.0;9.0;2.22815918922424;5;4;1;Abreo et al. (2023);Experiment 1;Orientation;1;1;;;;;;;13;4
48;55;109.0;54.0;6.63787221908569;5;4;1;Abreo et al. (2023);Experiment 1;Orientation;1;1;;;;;;;14;4
-39;126;141.5;15.5;1.86781525611877;5;4;1;Abreo et al. (2023);Experiment 1;Orientation;1;1;;;;;;;15;4
-40;37;28.0;-9.0;3.46779131889343;5;4;1;Abreo et al. (2023);Experiment 1;Orientation;1;1;;;;;;;16;4
-40;56;50.0;-6.0;2.24782919883728;5;4;1;Abreo et al. (2023);Experiment 1;Orientation;1;1;;;;;;;17;4
88;52;35.0;-17.0;2.06800436973572;5;4;1;Abreo et al. (2023);Experiment 1;Orientation;1;1;;;;;;;18;4
-22;36;44.5;8.5;2.62814211845398;5;4;1;Abreo et al. (2023);Experiment 1;Orientation;1;1;;;;;;;19;4
-43;52;52.0;-0.0;1.72794842720032;5;4;1;Abreo et al. (2023);Experiment 1;Orientation;1;1;;;;;;;20;4
54;116;128.5;12.5;1.52786111831665;5;4;1;Abreo et al. (2023);Experiment 1;Orientation;1;1;;;;;;;21;4
-87;38;38.0;-0.0;1.32821226119995;5;4;1;Abreo et al. (2023);Experiment 1;Orientation;1;1;;;;;;;22;4
-3;74;63.5;-10.5;1.53818225860596;5;4;1;Abreo et al. (2023);Experiment 1;Orientation;1;1;;;;;;;23;4
50;58;61.0;2.99999999999999;1.8680727481842;5;4;1;Abreo et al. (2023);Experiment 1;Orientation;1;1;;;;;;;24;4
-53;147;152.0;5.00000000000002;2.44809150695801;5;4;1;Abreo et al. (2023);Experiment 1;Orientation;1;1;;;;;;;25;4
-32;107;114.0;7.00000000000001;2.17811298370361;5;4;1;Abreo et al. (2023);Experiment 1;Orientation;1;1;;;;;;;26;4
-33;55;43.0;-12.0;1.40799641609192;5;4;1;Abreo et al. (2023);Experiment 1;Orientation;1;1;;;;;;;27;4
-74;113;120.5;7.50000000000001;1.76817512512207;5;4;1;Abreo et al. (2023);Experiment 1;Orientation;1;1;;;;;;;28;4
85;151;133.5;-17.5;3.19811224937439;5;4;1;Abreo et al. (2023);Experiment 1;Orientation;1;1;;;;;;;29;4
-18;67;55.5;-11.5;1.84818434715271;5;4;1;Abreo et al. (2023);Experiment 1;Orientation;1;1;;;;;;;30;4
-45;112;115.5;3.49999999999998;2.43801116943359;5;4;1;Abreo et al. (2023);Experiment 1;Orientation;1;1;;;;;;;31;4
-27;168;147.0;-21.0;1.76819133758545;5;4;1;Abreo et al. (2023);Experiment 1;Orientation;1;1;;;;;;;32;4
67;56;58.0;2.0;1.54812383651733;5;4;1;Abreo et al. (2023);Experiment 1;Orientation;1;1;;;;;;;33;4
-33;175;145.0;-30.0;2.12806439399719;5;4;1;Abreo et al. (2023);Experiment 1;Orientation;1;1;;;;;;;34;4
74;115;125.0;10.0;2.5181667804718;5;4;1;Abreo et al. (2023);Experiment 1;Orientation;1;1;;;;;;;35;4
-13;66;54.0;-12.0;1.86164808273315;5;5;1;Abreo et al. (2023);Experiment 1;Orientation;1;1;;;;;;;1;5
14;37;32.0;-5.0;2.32846164703369;5;5;1;Abreo et al. (2023);Experiment 1;Orientation;1;1;;;;;;;2;5
-41;131;127.5;-3.49999999999999;1.68831610679626;5;5;1;Abreo et al. (2023);Experiment 1;Orientation;1;1;;;;;;;3;5
77;2;16.0;14.0;1.86810255050659;5;5;1;Abreo et al. (2023);Experiment 1;Orientation;1;1;;;;;;;4;5
-23;11;13.5;2.5;2.46813893318176;5;5;1;Abreo et al. (2023);Experiment 1;Orientation;1;1;;;;;;;5;5
-18;63;52.5;-10.5;1.70808839797974;5;5;1;Abreo et al. (2023);Experiment 1;Orientation;1;1;;;;;;;6;5
-25;81;52.0;-29.0;1.79815626144409;5;5;1;Abreo et al. (2023);Experiment 1;Orientation;1;1;;;;;;;7;5
70;3;14.0;11.0;1.86816453933716;5;5;1;Abreo et al. (2023);Experiment 1;Orientation;1;1;;;;;;;8;5
65;53;41.5;-11.5;1.9081506729126;5;5;1;Abreo et al. (2023);Experiment 1;Orientation;1;1;;;;;;;9;5
-16;91;102.0;11.0;4.92776107788086;5;5;1;Abreo et al. (2023);Experiment 1;Orientation;1;1;;;;;;;10;5
25;46;44.5;-1.5;1.818190574646;5;5;1;Abreo et al. (2023);Experiment 1;Orientation;1;1;;;;;;;11;5
-25;102;113.5;11.5;2.47782826423645;5;5;1;Abreo et al. (2023);Experiment 1;Orientation;1;1;;;;;;;12;5
8;92;101.5;9.49999999999999;2.18787407875061;5;5;1;Abreo et al. (2023);Experiment 1;Orientation;1;1;;;;;;;13;5
14;140;131.5;-8.49999999999998;1.94804406166077;5;5;1;Abreo et al. (2023);Experiment 1;Orientation;1;1;;;;;;;14;5
13;150;145.0;-5.0;1.62819647789001;5;5;1;Abreo et al. (2023);Experiment 1;Orientation;1;1;;;;;;;15;5
-69;77;54.5;-22.5;1.72818613052368;5;5;1;Abreo et al. (2023);Experiment 1;Orientation;1;1;;;;;;;16;5
-47;115;122.5;7.50000000000002;1.57820558547974;5;5;1;Abreo et al. (2023);Experiment 1;Orientation;1;1;;;;;;;17;5
21;30;35.0;5.0;2.14818644523621;5;5;1;Abreo et al. (2023);Experiment 1;Orientation;1;1;;;;;;;18;5
8;37;32.5;-4.5;1.75818228721619;5;5;1;Abreo et al. (2023);Experiment 1;Orientation;1;1;;;;;;;19;5
24;109;120.5;11.5;2.44796562194824;5;5;1;Abreo et al. (2023);Experiment 1;Orientation;1;1;;;;;;;20;5
31;84;63.5;-20.5;1.67818236351013;5;5;1;Abreo et al. (2023);Experiment 1;Orientation;1;1;;;;;;;21;5
-77;174;158.0;-16.0;1.56828260421753;5;5;1;Abreo et al. (2023);Experiment 1;Orientation;1;1;;;;;;;22;5
9;103;113.5;10.5;1.39819645881653;5;5;1;Abreo et al. (2023);Experiment 1;Orientation;1;1;;;;;;;23;5
-37;106;117.0;11.0;1.89813923835754;5;5;1;Abreo et al. (2023);Experiment 1;Orientation;1;1;;;;;;;24;5
-28;15;16.5;1.5;2.31795501708984;5;5;1;Abreo et al. (2023);Experiment 1;Orientation;1;1;;;;;;;25;5
25;98;109.0;11.0;2.06783556938171;5;5;1;Abreo et al. (2023);Experiment 1;Orientation;1;1;;;;;;;26;5
-21;1;173.5;-7.50000000000002;1.77820372581482;5;5;1;Abreo et al. (2023);Experiment 1;Orientation;1;1;;;;;;;27;5
26;3;11.0;8.0;2.63810896873474;5;5;1;Abreo et al. (2023);Experiment 1;Orientation;1;1;;;;;;;28;5
22;119;132.5;13.5;1.86815738677979;5;5;1;Abreo et al. (2023);Experiment 1;Orientation;1;1;;;;;;;29;5
73;30;22.0;-8.0;2.11796927452087;5;5;1;Abreo et al. (2023);Experiment 1;Orientation;1;1;;;;;;;30;5
-84;0;4.0;4.0;1.90817141532898;5;5;1;Abreo et al. (2023);Experiment 1;Orientation;1;1;;;;;;;31;5
20;25;27.0;2.0;2.097825050354;5;5;1;Abreo et al. (2023);Experiment 1;Orientation;1;1;;;;;;;32;5
-58;14;24.0;10.0;1.87819957733154;5;5;1;Abreo et al. (2023);Experiment 1;Orientation;1;1;;;;;;;33;5
-18;85;81.0;-4.0;2.09816741943359;5;5;1;Abreo et al. (2023);Experiment 1;Orientation;1;1;;;;;;;34;5
-59;170;157.5;-12.5;2.17816925048828;5;5;1;Abreo et al. (2023);Experiment 1;Orientation;1;1;;;;;;;35;5
40;34;19.5;-14.5;1.83799719810486;5;5;1;Abreo et al. (2023);Experiment 1;Orientation;1;1;;;;;;;36;5
-68;53;42.0;-11.0;1.99799823760986;5;5;1;Abreo et al. (2023);Experiment 1;Orientation;1;1;;;;;;;37;5
-83;156;153.5;-2.5;1.96817111968994;5;5;1;Abreo et al. (2023);Experiment 1;Orientation;1;1;;;;;;;38;5
88;23;26.5;3.5;3.42787551879883;5;5;1;Abreo et al. (2023);Experiment 1;Orientation;1;1;;;;;;;39;5
40;39;49.0;10.0;1.61781430244446;5;5;1;Abreo et al. (2023);Experiment 1;Orientation;1;1;;;;;;;40;5
32;72;103.5;31.5;5.15792417526245;5;5;1;Abreo et al. (2023);Experiment 1;Orientation;1;1;;;;;;;41;5
-26;48;28.0;-20.0;1.70145201683044;5;6;1;Abreo et al. (2023);Experiment 1;Orientation;1;1;;;;;;;1;6
-23;9;9.0;-0.0;2.47797250747681;5;6;1;Abreo et al. (2023);Experiment 1;Orientation;1;1;;;;;;;2;6
74;2;9.5;7.5;2.36831045150757;5;6;1;Abreo et al. (2023);Experiment 1;Orientation;1;1;;;;;;;3;6
10;51;33.5;-17.5;2.40884637832642;5;6;1;Abreo et al. (2023);Experiment 1;Orientation;1;1;;;;;;;4;6
-42;175;158.5;-16.5;1.8781750202179;5;6;1;Abreo et al. (2023);Experiment 1;Orientation;1;1;;;;;;;5;6
18;25;29.5;4.5;1.58805966377258;5;6;1;Abreo et al. (2023);Experiment 1;Orientation;1;1;;;;;;;6;6
-59;97;106.5;9.50000000000001;1.64786314964294;5;6;1;Abreo et al. (2023);Experiment 1;Orientation;1;1;;;;;;;7;6
52;67;63.5;-3.5;2.1980562210083;5;6;1;Abreo et al. (2023);Experiment 1;Orientation;1;1;;;;;;;8;6
-18;86;83.0;-3.0;2.30815839767456;5;6;1;Abreo et al. (2023);Experiment 1;Orientation;1;1;;;;;;;9;6
83;34;38.0;4.0;2.71805119514465;5;6;1;Abreo et al. (2023);Experiment 1;Orientation;1;1;;;;;;;10;6
-12;96;102.5;6.49999999999999;2.21791124343872;5;6;1;Abreo et al. (2023);Experiment 1;Orientation;1;1;;;;;;;11;6
-16;11;12.5;1.5;1.53794264793396;5;6;1;Abreo et al. (2023);Experiment 1;Orientation;1;1;;;;;;;12;6
50;33;34.5;1.5;2.35829329490662;5;6;1;Abreo et al. (2023);Experiment 1;Orientation;1;1;;;;;;;13;6
-65;166;156.0;-10.0;2.89816236495972;5;6;1;Abreo et al. (2023);Experiment 1;Orientation;1;1;;;;;;;14;6
10;122;144.5;22.5;1.46821546554565;5;6;1;Abreo et al. (2023);Experiment 1;Orientation;1;1;;;;;;;15;6
-60;2;178.5;-3.50000000000002;1.91808938980103;5;6;1;Abreo et al. (2023);Experiment 1;Orientation;1;1;;;;;;;16;6
-21;64;66.0;2.0;2.05814146995544;5;6;1;Abreo et al. (2023);Experiment 1;Orientation;1;1;;;;;;;17;6
49;10;28.5;18.5;2.39805793762207;5;6;1;Abreo et al. (2023);Experiment 1;Orientation;1;1;;;;;;;18;6
-90;89;93.5;4.5;2.14817547798157;5;6;1;Abreo et al. (2023);Experiment 1;Orientation;1;1;;;;;;;19;6
58;172;165.0;-7.00000000000002;1.4581573009491;5;6;1;Abreo et al. (2023);Experiment 1;Orientation;1;1;;;;;;;20;6
-10;70;56.5;-13.5;1.70819282531738;5;6;1;Abreo et al. (2023);Experiment 1;Orientation;1;1;;;;;;;21;6
-71;156;156.0;0.0;1.69811487197876;5;6;1;Abreo et al. (2023);Experiment 1;Orientation;1;1;;;;;;;22;6
-36;119;127.5;8.5;1.3980815410614;5;6;1;Abreo et al. (2023);Experiment 1;Orientation;1;1;;;;;;;23;6
-74;125;139.0;14.0;1.97810220718384;5;6;1;Abreo et al. (2023);Experiment 1;Orientation;1;1;;;;;;;24;6
-44;175;162.5;-12.5;1.70820212364197;5;6;1;Abreo et al. (2023);Experiment 1;Orientation;1;1;;;;;;;25;6
77;75;61.5;-13.5;2.00799536705017;5;6;1;Abreo et al. (2023);Experiment 1;Orientation;1;1;;;;;;;26;6
-37;50;35.0;-15.0;2.69781541824341;5;6;1;Abreo et al. (2023);Experiment 1;Orientation;1;1;;;;;;;27;6
-67;3;8.5;5.5;1.8178083896637;5;6;1;Abreo et al. (2023);Experiment 1;Orientation;1;1;;;;;;;28;6
8;117;124.5;7.49999999999999;1.62794637680054;5;6;1;Abreo et al. (2023);Experiment 1;Orientation;1;1;;;;;;;29;6
31;167;175.5;8.50000000000001;1.7278881072998;5;6;1;Abreo et al. (2023);Experiment 1;Orientation;1;1;;;;;;;30;6
22;32;19.0;-13.0;1.60802674293518;5;6;1;Abreo et al. (2023);Experiment 1;Orientation;1;1;;;;;;;31;6
74;21;23.5;2.5;1.94798111915588;5;6;1;Abreo et al. (2023);Experiment 1;Orientation;1;1;;;;;;;32;6
-27;121;119.5;-1.50000000000001;2.07816934585571;5;6;1;Abreo et al. (2023);Experiment 1;Orientation;1;1;;;;;;;33;6
66;164;161.0;-2.99999999999999;2.63809061050415;5;6;1;Abreo et al. (2023);Experiment 1;Orientation;1;1;;;;;;;34;6
34;35;41.0;6.0;1.62816452980042;5;6;1;Abreo et al. (2023);Experiment 1;Orientation;1;1;;;;;;;35;6
-68;148;158.5;10.5;1.83807516098022;5;6;1;Abreo et al. (2023);Experiment 1;Orientation;1;1;;;;;;;36;6
28;117;150.0;33.0;1.89188528060913;6;1;1;Abreo et al. (2023);Experiment 1;Orientation;1;1;;;;;;;1;1
69;98;99.0;1.0;1.40825295448303;6;1;1;Abreo et al. (2023);Experiment 1;Orientation;1;1;;;;;;;2;1
-19;160;137.0;-23.0;2.55028915405273;6;1;1;Abreo et al. (2023);Experiment 1;Orientation;1;1;;;;;;;3;1
-28;131;146.0;15.0;2.09973311424255;6;1;1;Abreo et al. (2023);Experiment 1;Orientation;1;1;;;;;;;4;1
-55;143;143.5;0.499999999999994;1.64155411720276;6;1;1;Abreo et al. (2023);Experiment 1;Orientation;1;1;;;;;;;5;1
-60;168;160.5;-7.50000000000002;1.74976229667664;6;1;1;Abreo et al. (2023);Experiment 1;Orientation;1;1;;;;;;;6;1
35;75;74.0;-1.0;2.69953107833862;6;1;1;Abreo et al. (2023);Experiment 1;Orientation;1;1;;;;;;;7;1
61;66;102.5;36.5;1.72454190254211;6;1;1;Abreo et al. (2023);Experiment 1;Orientation;1;1;;;;;;;8;1
-20;124;120.5;-3.49999999999998;1.68319320678711;6;1;1;Abreo et al. (2023);Experiment 1;Orientation;1;1;;;;;;;9;1
38;99;92.0;-7.0;1.64153909683228;6;1;1;Abreo et al. (2023);Experiment 1;Orientation;1;1;;;;;;;10;1
75;148;139.5;-8.50000000000001;1.43308186531067;6;1;1;Abreo et al. (2023);Experiment 1;Orientation;1;1;;;;;;;11;1
-87;16;21.5;5.5;2.11647772789001;6;1;1;Abreo et al. (2023);Experiment 1;Orientation;1;1;;;;;;;12;1
74;37;41.0;4.0;1.72484970092773;6;1;1;Abreo et al. (2023);Experiment 1;Orientation;1;1;;;;;;;13;1
51;16;28.5;12.5;1.79148077964783;6;1;1;Abreo et al. (2023);Experiment 1;Orientation;1;1;;;;;;;14;1
-82;109;133.5;24.5;1.32487082481384;6;1;1;Abreo et al. (2023);Experiment 1;Orientation;1;1;;;;;;;15;1
-37;16;23.0;7.0;2.19951820373535;6;1;1;Abreo et al. (2023);Experiment 1;Orientation;1;1;;;;;;;16;1
0;125;134.5;9.49999999999999;2.11645841598511;6;1;1;Abreo et al. (2023);Experiment 1;Orientation;1;1;;;;;;;17;1
43;38;50.5;12.5;1.46637177467346;6;1;1;Abreo et al. (2023);Experiment 1;Orientation;1;1;;;;;;;18;1
-14;124;114.0;-9.99999999999999;1.36645126342773;6;1;1;Abreo et al. (2023);Experiment 1;Orientation;1;1;;;;;;;19;1
71;133;43.0;-90.0;1.37485575675964;6;1;1;Abreo et al. (2023);Experiment 1;Orientation;1;1;;;;;;;20;1
-89;13;16.5;3.5;1.1413950920105;6;1;1;Abreo et al. (2023);Experiment 1;Orientation;1;1;;;;;;;21;1
-46;126;133.5;7.49999999999999;1.70821022987366;6;1;1;Abreo et al. (2023);Experiment 1;Orientation;1;1;;;;;;;22;1
-68;54;51.0;-3.0;1.54983854293823;6;1;1;Abreo et al. (2023);Experiment 1;Orientation;1;1;;;;;;;23;1
19;123;146.5;23.5;1.78315901756287;6;1;1;Abreo et al. (2023);Experiment 1;Orientation;1;1;;;;;;;24;1
-42;85;87.0;1.99999999999999;1.60810470581055;6;1;1;Abreo et al. (2023);Experiment 1;Orientation;1;1;;;;;;;25;1
-65;98;54.5;-43.5;1.37488889694214;6;1;1;Abreo et al. (2023);Experiment 1;Orientation;1;1;;;;;;;26;1
84;104;111.5;7.49999999999999;1.52486205101013;6;1;1;Abreo et al. (2023);Experiment 1;Orientation;1;1;;;;;;;27;1
33;95;135.0;40.0;1.34971308708191;6;1;1;Abreo et al. (2023);Experiment 1;Orientation;1;1;;;;;;;28;1
-16;119;141.5;22.5;1.23321866989136;6;1;1;Abreo et al. (2023);Experiment 1;Orientation;1;1;;;;;;;29;1
39;150;31.5;61.5;1.42455577850342;6;1;1;Abreo et al. (2023);Experiment 1;Orientation;1;1;;;;;;;30;1
-80;62;122.5;60.5;1.56644439697266;6;1;1;Abreo et al. (2023);Experiment 1;Orientation;1;1;;;;;;;31;1
-22;60;99.5;39.5;2.04986476898193;6;1;1;Abreo et al. (2023);Experiment 1;Orientation;1;1;;;;;;;32;1
37;44;80.5;36.5;1.74989461898804;6;1;1;Abreo et al. (2023);Experiment 1;Orientation;1;1;;;;;;;33;1
57;110;35.0;-75.0;2.0415198802948;6;1;1;Abreo et al. (2023);Experiment 1;Orientation;1;1;;;;;;;34;1
50;8;134.0;-54.0;1.51644992828369;6;1;1;Abreo et al. (2023);Experiment 1;Orientation;1;1;;;;;;;35;1
59;9;33.5;24.5;1.34156513214111;6;1;1;Abreo et al. (2023);Experiment 1;Orientation;1;1;;;;;;;36;1
-37;38;37.0;-1.0;1.67819714546204;6;2;1;Abreo et al. (2023);Experiment 1;Orientation;1;1;;;;;;;1;2
6;25;179.5;-25.5;1.15004110336304;6;2;1;Abreo et al. (2023);Experiment 1;Orientation;1;1;;;;;;;2;2
75;122;137.0;15.0;1.72480154037476;6;2;1;Abreo et al. (2023);Experiment 1;Orientation;1;1;;;;;;;3;2
25;140;133.0;-7.0;1.11650824546814;6;2;1;Abreo et al. (2023);Experiment 1;Orientation;1;1;;;;;;;4;2
88;160;132.5;-27.5;1.449622631073;6;2;1;Abreo et al. (2023);Experiment 1;Orientation;1;1;;;;;;;5;2
-34;164;141.5;-22.5;1.52486824989319;6;2;1;Abreo et al. (2023);Experiment 1;Orientation;1;1;;;;;;;6;2
-2;7;20.5;13.5;1.6665186882019;6;2;1;Abreo et al. (2023);Experiment 1;Orientation;1;1;;;;;;;7;2
8;62;149.0;87.0;1.34144401550293;6;2;1;Abreo et al. (2023);Experiment 1;Orientation;1;1;;;;;;;8;2
32;55;83.5;28.5;1.48296403884888;6;2;1;Abreo et al. (2023);Experiment 1;Orientation;1;1;;;;;;;9;2
1;109;132.0;23.0;1.79953169822693;6;2;1;Abreo et al. (2023);Experiment 1;Orientation;1;1;;;;;;;10;2
-52;114;123.0;8.99999999999999;1.21632790565491;6;2;1;Abreo et al. (2023);Experiment 1;Orientation;1;1;;;;;;;11;2
-56;77;100.0;23.0;1.29954385757446;6;2;1;Abreo et al. (2023);Experiment 1;Orientation;1;1;;;;;;;12;2
-32;150;136.0;-14.0;1.11625957489014;6;2;1;Abreo et al. (2023);Experiment 1;Orientation;1;1;;;;;;;13;2
-58;99;98.5;-0.499999999999994;1.24989056587219;6;2;1;Abreo et al. (2023);Experiment 1;Orientation;1;1;;;;;;;14;2
-46;154;153.5;-0.500000000000019;1.07450985908508;6;2;1;Abreo et al. (2023);Experiment 1;Orientation;1;1;;;;;;;15;2
-19;119;145.5;26.5;2.2581889629364;6;2;1;Abreo et al. (2023);Experiment 1;Orientation;1;1;;;;;;;16;2
-57;155;147.0;-8.00000000000001;1.58316206932068;6;2;1;Abreo et al. (2023);Experiment 1;Orientation;1;1;;;;;;;17;2
7;21;49.5;28.5;1.54156899452209;6;2;1;Abreo et al. (2023);Experiment 1;Orientation;1;1;;;;;;;18;2
12;59;66.0;7.0;1.70808005332947;6;2;1;Abreo et al. (2023);Experiment 1;Orientation;1;1;;;;;;;19;2
76;29;43.5;14.5;1.32491111755371;6;2;1;Abreo et al. (2023);Experiment 1;Orientation;1;1;;;;;;;20;2
-11;147;126.5;-20.5;1.2665593624115;6;2;1;Abreo et al. (2023);Experiment 1;Orientation;1;1;;;;;;;21;2
-70;81;55.5;-25.5;1.34124946594238;6;2;1;Abreo et al. (2023);Experiment 1;Orientation;1;1;;;;;;;22;2
48;13;53.0;40.0;1.22480297088623;6;2;1;Abreo et al. (2023);Experiment 1;Orientation;1;1;;;;;;;23;2
-3;57;81.5;24.5;1.84140014648438;6;2;1;Abreo et al. (2023);Experiment 1;Orientation;1;1;;;;;;;24;2
57;103;97.0;-6.00000000000001;1.37481069564819;6;2;1;Abreo et al. (2023);Experiment 1;Orientation;1;1;;;;;;;25;2
-50;69;56.5;-12.5;1.39977073669434;6;2;1;Abreo et al. (2023);Experiment 1;Orientation;1;1;;;;;;;26;2
-51;6;20.5;14.5;1.10822820663452;6;2;1;Abreo et al. (2023);Experiment 1;Orientation;1;1;;;;;;;27;2
-9;95;112.0;17.0;2.77848982810974;6;3;1;Abreo et al. (2023);Experiment 1;Orientation;1;1;;;;;;;1;3
-6;27;42.0;15.0;1.3830258846283;6;3;1;Abreo et al. (2023);Experiment 1;Orientation;1;1;;;;;;;2;3
-13;53;56.0;3.0;1.27542877197266;6;3;1;Abreo et al. (2023);Experiment 1;Orientation;1;1;;;;;;;3;3
54;75;85.5;10.5;1.28315043449402;6;3;1;Abreo et al. (2023);Experiment 1;Orientation;1;1;;;;;;;4;3
47;169;129.0;-40.0;1.36654114723206;6;3;1;Abreo et al. (2023);Experiment 1;Orientation;1;1;;;;;;;5;3
-17;98;110.5;12.5;3.33319520950317;6;3;1;Abreo et al. (2023);Experiment 1;Orientation;1;1;;;;;;;6;3
-78;49;41.5;-7.5;1.20822691917419;6;3;1;Abreo et al. (2023);Experiment 1;Orientation;1;1;;;;;;;7;3
-20;92;91.5;-0.500000000000007;1.74989414215088;6;3;1;Abreo et al. (2023);Experiment 1;Orientation;1;1;;;;;;;8;3
85;87;32.5;-54.5;2.13307881355286;6;3;1;Abreo et al. (2023);Experiment 1;Orientation;1;1;;;;;;;9;3
-90;156;151.5;-4.5;1.6498019695282;6;3;1;Abreo et al. (2023);Experiment 1;Orientation;1;1;;;;;;;10;3
23;44;49.0;5.0;1.77453184127808;6;3;1;Abreo et al. (2023);Experiment 1;Orientation;1;1;;;;;;;11;3
60;145;51.0;86.0;2.14124083518982;6;3;1;Abreo et al. (2023);Experiment 1;Orientation;1;1;;;;;;;12;3
-50;56;51.0;-5.0;1.22484493255615;6;3;1;Abreo et al. (2023);Experiment 1;Orientation;1;1;;;;;;;13;3
-1;119;134.5;15.5;1.24133324623108;6;3;1;Abreo et al. (2023);Experiment 1;Orientation;1;1;;;;;;;14;3
89;51;56.0;5.00000000000001;1.38288569450378;6;3;1;Abreo et al. (2023);Experiment 1;Orientation;1;1;;;;;;;15;3
-54;83;40.0;-43.0;1.59153914451599;6;3;1;Abreo et al. (2023);Experiment 1;Orientation;1;1;;;;;;;16;3
-32;173;164.5;-8.5;1.84133887290955;6;3;1;Abreo et al. (2023);Experiment 1;Orientation;1;1;;;;;;;17;3
-66;176;149.5;-26.5;1.45822072029114;6;3;1;Abreo et al. (2023);Experiment 1;Orientation;1;1;;;;;;;18;3
81;114;97.5;-16.5;1.05821895599365;6;3;1;Abreo et al. (2023);Experiment 1;Orientation;1;1;;;;;;;19;3
26;29;57.0;28.0;1.89989113807678;6;3;1;Abreo et al. (2023);Experiment 1;Orientation;1;1;;;;;;;20;3
-90;155;144.0;-11.0;1.99975991249084;6;3;1;Abreo et al. (2023);Experiment 1;Orientation;1;1;;;;;;;21;3
41;0;13.0;13.0;2.69140458106995;6;3;1;Abreo et al. (2023);Experiment 1;Orientation;1;1;;;;;;;22;3
-53;126;111.5;-14.5;1.8081967830658;6;3;1;Abreo et al. (2023);Experiment 1;Orientation;1;1;;;;;;;23;3
7;103;99.5;-3.5;1.49989700317383;6;3;1;Abreo et al. (2023);Experiment 1;Orientation;1;1;;;;;;;24;3
28;31;10.5;-20.5;1.38323307037354;6;3;1;Abreo et al. (2023);Experiment 1;Orientation;1;1;;;;;;;25;3
82;30;42.0;12.0;1.65811204910278;6;3;1;Abreo et al. (2023);Experiment 1;Orientation;1;1;;;;;;;26;3
-44;143;127.0;-16.0;1.87483143806458;6;3;1;Abreo et al. (2023);Experiment 1;Orientation;1;1;;;;;;;27;3
-73;27;35.5;8.5;1.53325176239014;6;3;1;Abreo et al. (2023);Experiment 1;Orientation;1;1;;;;;;;28;3
-70;72;60.5;-11.5;1.34130716323853;6;3;1;Abreo et al. (2023);Experiment 1;Orientation;1;1;;;;;;;29;3
34;157;143.0;-14.0;1.1332426071167;6;3;1;Abreo et al. (2023);Experiment 1;Orientation;1;1;;;;;;;30;3
-63;17;26.5;9.49999999999999;1.04983901977539;6;3;1;Abreo et al. (2023);Experiment 1;Orientation;1;1;;;;;;;31;3
-70;115;145.5;30.5;1.32464933395386;6;3;1;Abreo et al. (2023);Experiment 1;Orientation;1;1;;;;;;;32;3
-55;4;25.5;21.5;1.61669826507568;6;4;1;Abreo et al. (2023);Experiment 1;Orientation;1;1;;;;;;;1;4
33;100;128.0;28.0;2.04188752174377;6;4;1;Abreo et al. (2023);Experiment 1;Orientation;1;1;;;;;;;2;4
-89;57;36.5;-20.5;1.26646900177002;6;4;1;Abreo et al. (2023);Experiment 1;Orientation;1;1;;;;;;;3;4
41;12;48.5;36.5;1.64980101585388;6;4;1;Abreo et al. (2023);Experiment 1;Orientation;1;1;;;;;;;4;4
-45;160;139.5;-20.5;1.21636128425598;6;4;1;Abreo et al. (2023);Experiment 1;Orientation;1;1;;;;;;;5;4
18;50;37.5;-12.5;2.64153170585632;6;4;1;Abreo et al. (2023);Experiment 1;Orientation;1;1;;;;;;;6;4
-48;46;53.5;7.49999999999999;1.45810985565186;6;4;1;Abreo et al. (2023);Experiment 1;Orientation;1;1;;;;;;;7;4
21;86;80.5;-5.5;2.10823392868042;6;4;1;Abreo et al. (2023);Experiment 1;Orientation;1;1;;;;;;;8;4
-17;167;160.5;-6.5;1.29965853691101;6;4;1;Abreo et al. (2023);Experiment 1;Orientation;1;1;;;;;;;9;4
-51;66;68.0;2.00000000000001;2.19973683357239;6;4;1;Abreo et al. (2023);Experiment 1;Orientation;1;1;;;;;;;10;4
-5;23;50.0;27.0;1.79144287109375;6;4;1;Abreo et al. (2023);Experiment 1;Orientation;1;1;;;;;;;11;4
11;62;65.0;3.0;2.14958691596985;6;4;1;Abreo et al. (2023);Experiment 1;Orientation;1;1;;;;;;;12;4
-30;158;155.0;-2.99999999999999;1.76652193069458;6;4;1;Abreo et al. (2023);Experiment 1;Orientation;1;1;;;;;;;13;4
-40;141;101.5;-39.5;1.57488107681274;6;4;1;Abreo et al. (2023);Experiment 1;Orientation;1;1;;;;;;;14;4
-40;1;2.5;1.5;1.58312392234802;6;4;1;Abreo et al. (2023);Experiment 1;Orientation;1;1;;;;;;;15;4
21;138;154.5;16.5;1.16638803482056;6;4;1;Abreo et al. (2023);Experiment 1;Orientation;1;1;;;;;;;16;4
55;51;79.0;28.0;1.7411789894104;6;4;1;Abreo et al. (2023);Experiment 1;Orientation;1;1;;;;;;;17;4
-74;125;134.5;9.49999999999999;1.37479257583618;6;4;1;Abreo et al. (2023);Experiment 1;Orientation;1;1;;;;;;;18;4
20;44;51.5;7.50000000000001;1.42458510398865;6;4;1;Abreo et al. (2023);Experiment 1;Orientation;1;1;;;;;;;19;4
-13;83;98.0;15.0;1.66652584075928;6;4;1;Abreo et al. (2023);Experiment 1;Orientation;1;1;;;;;;;20;4
88;21;146.5;-54.5;1.07466173171997;6;4;1;Abreo et al. (2023);Experiment 1;Orientation;1;1;;;;;;;21;4
-46;131;133.0;2.0;1.48307275772095;6;4;1;Abreo et al. (2023);Experiment 1;Orientation;1;1;;;;;;;22;4
65;2;41.5;39.5;1.44152688980103;6;4;1;Abreo et al. (2023);Experiment 1;Orientation;1;1;;;;;;;23;4
-61;48;53.5;5.5;2.43309283256531;6;4;1;Abreo et al. (2023);Experiment 1;Orientation;1;1;;;;;;;24;4
73;107;155.0;48.0;1.36650228500366;6;4;1;Abreo et al. (2023);Experiment 1;Orientation;1;1;;;;;;;25;4
31;9;156.5;-32.5;2.17473363876343;6;4;1;Abreo et al. (2023);Experiment 1;Orientation;1;1;;;;;;;26;4
29;108;110.5;2.5;2.14125561714172;6;4;1;Abreo et al. (2023);Experiment 1;Orientation;1;1;;;;;;;27;4
-8;106;93.0;-13.0;1.23321580886841;6;4;1;Abreo et al. (2023);Experiment 1;Orientation;1;1;;;;;;;28;4
-43;13;163.5;-29.5;2.14972019195557;6;4;1;Abreo et al. (2023);Experiment 1;Orientation;1;1;;;;;;;29;4
21;82;100.5;18.5;3.57487750053406;6;5;1;Abreo et al. (2023);Experiment 1;Orientation;1;1;;;;;;;1;5
85;69;119.0;50.0;1.29982280731201;6;5;1;Abreo et al. (2023);Experiment 1;Orientation;1;1;;;;;;;2;5
88;174;155.0;-19.0;1.75821447372437;6;5;1;Abreo et al. (2023);Experiment 1;Orientation;1;1;;;;;;;3;5
84;5;26.5;21.5;1.41641855239868;6;5;1;Abreo et al. (2023);Experiment 1;Orientation;1;1;;;;;;;4;5
41;80;60.0;-20.0;1.50810074806213;6;5;1;Abreo et al. (2023);Experiment 1;Orientation;1;1;;;;;;;5;5
24;60;51.0;-8.99999999999999;1.54145669937134;6;5;1;Abreo et al. (2023);Experiment 1;Orientation;1;1;;;;;;;6;5
-56;125;136.0;11.0;1.7415337562561;6;5;1;Abreo et al. (2023);Experiment 1;Orientation;1;1;;;;;;;7;5
-62;159;155.0;-4.00000000000001;1.3665611743927;6;5;1;Abreo et al. (2023);Experiment 1;Orientation;1;1;;;;;;;8;5
-5;163;17.5;34.5;1.54155492782593;6;5;1;Abreo et al. (2023);Experiment 1;Orientation;1;1;;;;;;;9;5
43;49;19.5;-29.5;1.20823383331299;6;5;1;Abreo et al. (2023);Experiment 1;Orientation;1;1;;;;;;;10;5
-2;4;8.5;4.5;2.07485508918762;6;5;1;Abreo et al. (2023);Experiment 1;Orientation;1;1;;;;;;;11;5
38;107;116.0;9.00000000000001;2.01652598381042;6;5;1;Abreo et al. (2023);Experiment 1;Orientation;1;1;;;;;;;12;5
-36;123;99.5;-23.5;1.3248610496521;6;5;1;Abreo et al. (2023);Experiment 1;Orientation;1;1;;;;;;;13;5
-3;88;82.0;-5.99999999999999;1.49955296516418;6;5;1;Abreo et al. (2023);Experiment 1;Orientation;1;1;;;;;;;14;5
68;128;147.0;19.0;1.33310627937317;6;5;1;Abreo et al. (2023);Experiment 1;Orientation;1;1;;;;;;;15;5
21;14;14.0;-0.0;1.88301753997803;6;5;1;Abreo et al. (2023);Experiment 1;Orientation;1;1;;;;;;;16;5
-35;105;73.5;-31.5;1.93301272392273;6;5;1;Abreo et al. (2023);Experiment 1;Orientation;1;1;;;;;;;17;5
-35;118;103.5;-14.5;1.32461190223694;6;5;1;Abreo et al. (2023);Experiment 1;Orientation;1;1;;;;;;;18;5
-52;35;38.5;3.5;1.49988961219788;6;5;1;Abreo et al. (2023);Experiment 1;Orientation;1;1;;;;;;;19;5
-17;140;129.0;-11.0;2.10791182518005;6;5;1;Abreo et al. (2023);Experiment 1;Orientation;1;1;;;;;;;20;5
79;175;28.0;33.0;0.908160448074341;6;5;1;Abreo et al. (2023);Experiment 1;Orientation;1;1;;;;;;;21;5
14;149;147.5;-1.49999999999999;2.14152908325195;6;5;1;Abreo et al. (2023);Experiment 1;Orientation;1;1;;;;;;;22;5
28;131;140.5;9.50000000000002;1.70809006690979;6;5;1;Abreo et al. (2023);Experiment 1;Orientation;1;1;;;;;;;23;5
61;169;161.5;-7.49999999999999;1.49981117248535;6;5;1;Abreo et al. (2023);Experiment 1;Orientation;1;1;;;;;;;24;5
65;12;19.0;7.0;1.6579213142395;6;5;1;Abreo et al. (2023);Experiment 1;Orientation;1;1;;;;;;;25;5
-28;14;18.5;4.5;2.40802931785583;6;5;1;Abreo et al. (2023);Experiment 1;Orientation;1;1;;;;;;;26;5
-38;128;103.0;-25.0;1.2997350692749;6;5;1;Abreo et al. (2023);Experiment 1;Orientation;1;1;;;;;;;27;5
-85;155;124.5;-30.5;1.42467904090881;6;6;1;Abreo et al. (2023);Experiment 1;Orientation;1;1;;;;;;;1;6
30;32;39.0;7.0;1.8415060043335;6;6;1;Abreo et al. (2023);Experiment 1;Orientation;1;1;;;;;;;2;6
15;86;98.5;12.5;2.11649608612061;6;6;1;Abreo et al. (2023);Experiment 1;Orientation;1;1;;;;;;;3;6
28;87;108.0;21.0;2.04979491233826;6;6;1;Abreo et al. (2023);Experiment 1;Orientation;1;1;;;;;;;4;6
-7;158;148.5;-9.49999999999999;1.91622281074524;6;6;1;Abreo et al. (2023);Experiment 1;Orientation;1;1;;;;;;;5;6
11;104;103.0;-1.0;1.39155459403992;6;6;1;Abreo et al. (2023);Experiment 1;Orientation;1;1;;;;;;;6;6
60;88;27.5;-60.5;1.1165030002594;6;6;1;Abreo et al. (2023);Experiment 1;Orientation;1;1;;;;;;;7;6
76;146;141.5;-4.5;1.14981579780579;6;6;1;Abreo et al. (2023);Experiment 1;Orientation;1;1;;;;;;;8;6
51;120;177.0;57.0;1.0581316947937;6;6;1;Abreo et al. (2023);Experiment 1;Orientation;1;1;;;;;;;9;6
-86;100;93.5;-6.5;1.4912257194519;6;6;1;Abreo et al. (2023);Experiment 1;Orientation;1;1;;;;;;;10;6
33;97;69.0;-28.0;1.83312296867371;6;6;1;Abreo et al. (2023);Experiment 1;Orientation;1;1;;;;;;;11;6
-65;169;52.5;63.5;1.14983868598938;6;6;1;Abreo et al. (2023);Experiment 1;Orientation;1;1;;;;;;;12;6
-75;139;135.5;-3.50000000000001;0.983100891113281;6;6;1;Abreo et al. (2023);Experiment 1;Orientation;1;1;;;;;;;13;6
84;83;71.0;-12.0;1.22478818893433;6;6;1;Abreo et al. (2023);Experiment 1;Orientation;1;1;;;;;;;14;6
69;23;39.5;16.5;1.74982213973999;6;6;1;Abreo et al. (2023);Experiment 1;Orientation;1;1;;;;;;;15;6
84;135;124.5;-10.5;1.18297386169434;6;6;1;Abreo et al. (2023);Experiment 1;Orientation;1;1;;;;;;;16;6
64;171;140.0;-31.0;1.07481789588928;6;6;1;Abreo et al. (2023);Experiment 1;Orientation;1;1;;;;;;;17;6
-30;58;51.5;-6.5;1.60806465148926;6;6;1;Abreo et al. (2023);Experiment 1;Orientation;1;1;;;;;;;18;6
57;112;123.5;11.5;1.14982795715332;6;6;1;Abreo et al. (2023);Experiment 1;Orientation;1;1;;;;;;;19;6
-82;19;30.0;11.0;1.31658363342285;6;6;1;Abreo et al. (2023);Experiment 1;Orientation;1;1;;;;;;;20;6
-72;1;152.5;-28.5;0.891542673110962;6;6;1;Abreo et al. (2023);Experiment 1;Orientation;1;1;;;;;;;21;6
-52;136;114.0;-22.0;2.03311371803284;6;6;1;Abreo et al. (2023);Experiment 1;Orientation;1;1;;;;;;;22;6
-30;142;140.0;-2.00000000000001;1.34148764610291;6;6;1;Abreo et al. (2023);Experiment 1;Orientation;1;1;;;;;;;23;6
56;173;160.0;-13.0;1.36621689796448;6;6;1;Abreo et al. (2023);Experiment 1;Orientation;1;1;;;;;;;24;6
-64;114;81.5;-32.5;1.1665506362915;6;6;1;Abreo et al. (2023);Experiment 1;Orientation;1;1;;;;;;;25;6
33;168;11.5;23.5;1.69144082069397;6;6;1;Abreo et al. (2023);Experiment 1;Orientation;1;1;;;;;;;26;6
-6;5;122.0;-63.0;0.933057069778442;6;6;1;Abreo et al. (2023);Experiment 1;Orientation;1;1;;;;;;;27;6
-49;154;169.0;15.0;0.983058452606201;6;6;1;Abreo et al. (2023);Experiment 1;Orientation;1;1;;;;;;;28;6
16;63;61.0;-2.0;1.57454562187195;6;6;1;Abreo et al. (2023);Experiment 1;Orientation;1;1;;;;;;;29;6
-83;127;143.0;16.0;2.1995735168457;6;6;1;Abreo et al. (2023);Experiment 1;Orientation;1;1;;;;;;;30;6
6;148;150.0;2.0;1.15818476676941;6;6;1;Abreo et al. (2023);Experiment 1;Orientation;1;1;;;;;;;31;6
-34;146;163.5;17.5;0.766695022583008;6;6;1;Abreo et al. (2023);Experiment 1;Orientation;1;1;;;;;;;32;6
76;18;23.0;5.0;1.14982271194458;6;6;1;Abreo et al. (2023);Experiment 1;Orientation;1;1;;;;;;;33;6
12;162;160.5;-1.50000000000001;2.96180748939514;7;1;1;Abreo et al. (2023);Experiment 1;Orientation;1;1;;;;;;;1;1
9;20;22.0;2.0;1.391685962677;7;1;1;Abreo et al. (2023);Experiment 1;Orientation;1;1;;;;;;;2;1
-50;66;38.5;-27.5;3.72485303878784;7;1;1;Abreo et al. (2023);Experiment 1;Orientation;1;1;;;;;;;3;1
27;26;37.5;11.5;1.43314385414124;7;1;1;Abreo et al. (2023);Experiment 1;Orientation;1;1;;;;;;;4;1
-31;116;111.5;-4.50000000000001;2.39156579971313;7;1;1;Abreo et al. (2023);Experiment 1;Orientation;1;1;;;;;;;5;1
-23;156;152.5;-3.49999999999998;1.90789985656738;7;1;1;Abreo et al. (2023);Experiment 1;Orientation;1;1;;;;;;;6;1
76;177;171.0;-6.00000000000001;1.46646475791931;7;1;1;Abreo et al. (2023);Experiment 1;Orientation;1;1;;;;;;;7;1
66;156;153.5;-2.5;4.43290495872498;7;1;1;Abreo et al. (2023);Experiment 1;Orientation;1;1;;;;;;;8;1
-52;9;11.5;2.5;2.13294363021851;7;1;1;Abreo et al. (2023);Experiment 1;Orientation;1;1;;;;;;;9;1
1;14;25.5;11.5;2.31645250320435;7;1;1;Abreo et al. (2023);Experiment 1;Orientation;1;1;;;;;;;10;1
-48;57;37.0;-20.0;1.69979476928711;7;1;1;Abreo et al. (2023);Experiment 1;Orientation;1;1;;;;;;;11;1
-61;0;179.5;-0.499999999999983;1.41657471656799;7;1;1;Abreo et al. (2023);Experiment 1;Orientation;1;1;;;;;;;12;1
-19;11;4.5;-6.5;2.14978647232056;7;1;1;Abreo et al. (2023);Experiment 1;Orientation;1;1;;;;;;;13;1
20;132;141.0;9.00000000000001;1.50809597969055;7;1;1;Abreo et al. (2023);Experiment 1;Orientation;1;1;;;;;;;14;1
-14;137;131.5;-5.49999999999999;1.79147505760193;7;1;1;Abreo et al. (2023);Experiment 1;Orientation;1;1;;;;;;;15;1
9;178;2.5;4.5;2.37460732460022;7;1;1;Abreo et al. (2023);Experiment 1;Orientation;1;1;;;;;;;16;1
19;42;28.5;-13.5;3.96650886535645;7;1;1;Abreo et al. (2023);Experiment 1;Orientation;1;1;;;;;;;17;1
37;156;155.0;-0.999999999999989;2.19141530990601;7;1;1;Abreo et al. (2023);Experiment 1;Orientation;1;1;;;;;;;18;1
-82;153;138.5;-14.5;1.65800666809082;7;1;1;Abreo et al. (2023);Experiment 1;Orientation;1;1;;;;;;;19;1
23;59;56.0;-3.0;1.84127235412598;7;1;1;Abreo et al. (2023);Experiment 1;Orientation;1;1;;;;;;;20;1
-69;164;138.5;-25.5;1.9745786190033;7;1;1;Abreo et al. (2023);Experiment 1;Orientation;1;1;;;;;;;21;1
-69;128;119.0;-9.0;2.24972367286682;7;1;1;Abreo et al. (2023);Experiment 1;Orientation;1;1;;;;;;;22;1
-77;139;128.5;-10.5;1.5912184715271;7;1;1;Abreo et al. (2023);Experiment 1;Orientation;1;1;;;;;;;23;1
-20;81;77.0;-3.99999999999999;1.68324494361877;7;1;1;Abreo et al. (2023);Experiment 1;Orientation;1;1;;;;;;;24;1
67;73;79.5;6.5;2.33296871185303;7;1;1;Abreo et al. (2023);Experiment 1;Orientation;1;1;;;;;;;25;1
69;37;115.0;78.0;2.19988107681274;7;1;1;Abreo et al. (2023);Experiment 1;Orientation;1;1;;;;;;;26;1
-36;63;35.5;-27.5;1.91636919975281;7;1;1;Abreo et al. (2023);Experiment 1;Orientation;1;1;;;;;;;27;1
0;8;7.0;-0.999999999999999;3.0248498916626;7;1;1;Abreo et al. (2023);Experiment 1;Orientation;1;1;;;;;;;28;1
-27;103;102.5;-0.500000000000005;1.71626901626587;7;1;1;Abreo et al. (2023);Experiment 1;Orientation;1;1;;;;;;;29;1
4;70;81.0;11.0;2.93296766281128;7;1;1;Abreo et al. (2023);Experiment 1;Orientation;1;1;;;;;;;30;1
74;145;134.0;-11.0;1.36618065834045;7;1;1;Abreo et al. (2023);Experiment 1;Orientation;1;1;;;;;;;31;1
86;109;106.5;-2.5;2.18322658538818;7;1;1;Abreo et al. (2023);Experiment 1;Orientation;1;1;;;;;;;32;1
14;141;138.5;-2.5;1.51641345024109;7;1;1;Abreo et al. (2023);Experiment 1;Orientation;1;1;;;;;;;33;1
-67;64;79.0;15.0;2.27843999862671;7;2;1;Abreo et al. (2023);Experiment 1;Orientation;1;1;;;;;;;1;2
-4;145;130.0;-15.0;2.33304476737976;7;2;1;Abreo et al. (2023);Experiment 1;Orientation;1;1;;;;;;;2;2
41;92;99.0;7.0;2.40823698043823;7;2;1;Abreo et al. (2023);Experiment 1;Orientation;1;1;;;;;;;3;2
-71;5;5.0;-0.0;1.98376750946045;7;2;1;Abreo et al. (2023);Experiment 1;Orientation;1;1;;;;;;;4;2
82;123;113.5;-9.5;1.99984550476074;7;2;1;Abreo et al. (2023);Experiment 1;Orientation;1;1;;;;;;;5;2
88;5;138.5;-46.5;1.95819091796875;7;2;1;Abreo et al. (2023);Experiment 1;Orientation;1;1;;;;;;;6;2
-39;39;46.0;7.00000000000001;1.80816841125488;7;2;1;Abreo et al. (2023);Experiment 1;Orientation;1;1;;;;;;;7;2
16;30;86.5;56.5;1.80820345878601;7;2;1;Abreo et al. (2023);Experiment 1;Orientation;1;1;;;;;;;8;2
8;71;78.5;7.5;1.86630964279175;7;2;1;Abreo et al. (2023);Experiment 1;Orientation;1;1;;;;;;;9;2
-27;56;48.0;-8.0;1.27490019798279;7;2;1;Abreo et al. (2023);Experiment 1;Orientation;1;1;;;;;;;10;2
-88;81;83.5;2.5;1.49980902671814;7;2;1;Abreo et al. (2023);Experiment 1;Orientation;1;1;;;;;;;11;2
78;160;148.5;-11.5;1.42473149299622;7;2;1;Abreo et al. (2023);Experiment 1;Orientation;1;1;;;;;;;12;2
73;37;27.5;-9.5;2.1245756149292;7;2;1;Abreo et al. (2023);Experiment 1;Orientation;1;1;;;;;;;13;2
68;112;117.5;5.49999999999999;2.06654572486877;7;2;1;Abreo et al. (2023);Experiment 1;Orientation;1;1;;;;;;;14;2
82;9;31.5;22.5;1.66647410392761;7;2;1;Abreo et al. (2023);Experiment 1;Orientation;1;1;;;;;;;15;2
81;20;74.5;54.5;1.89153218269348;7;2;1;Abreo et al. (2023);Experiment 1;Orientation;1;1;;;;;;;16;2
-43;47;57.0;10.0;2.01653265953064;7;2;1;Abreo et al. (2023);Experiment 1;Orientation;1;1;;;;;;;17;2
6;134;125.5;-8.50000000000001;1.41621875762939;7;2;1;Abreo et al. (2023);Experiment 1;Orientation;1;1;;;;;;;18;2
-72;108;105.0;-2.99999999999999;1.37492394447327;7;2;1;Abreo et al. (2023);Experiment 1;Orientation;1;1;;;;;;;19;2
45;136;131.5;-4.5;1.22479391098022;7;2;1;Abreo et al. (2023);Experiment 1;Orientation;1;1;;;;;;;20;2
40;33;17.0;-16.0;1.49951124191284;7;2;1;Abreo et al. (2023);Experiment 1;Orientation;1;1;;;;;;;21;2
40;94;101.0;7.0;2.52489280700684;7;2;1;Abreo et al. (2023);Experiment 1;Orientation;1;1;;;;;;;22;2
32;148;142.0;-6.00000000000001;1.2914297580719;7;2;1;Abreo et al. (2023);Experiment 1;Orientation;1;1;;;;;;;23;2
41;45;39.5;-5.5;2.4332263469696;7;2;1;Abreo et al. (2023);Experiment 1;Orientation;1;1;;;;;;;24;2
-80;143;130.5;-12.5;2.64980483055115;7;2;1;Abreo et al. (2023);Experiment 1;Orientation;1;1;;;;;;;25;2
-49;156;147.0;-9.0;1.64146661758423;7;2;1;Abreo et al. (2023);Experiment 1;Orientation;1;1;;;;;;;26;2
61;12;27.5;15.5;3.26657390594482;7;2;1;Abreo et al. (2023);Experiment 1;Orientation;1;1;;;;;;;27;2
-25;18;41.5;23.5;1.87485575675964;7;2;1;Abreo et al. (2023);Experiment 1;Orientation;1;1;;;;;;;28;2
-68;59;73.0;14.0;2.37473344802856;7;2;1;Abreo et al. (2023);Experiment 1;Orientation;1;1;;;;;;;29;2
65;35;29.0;-5.99999999999999;1.62483859062195;7;2;1;Abreo et al. (2023);Experiment 1;Orientation;1;1;;;;;;;30;2
-67;19;14.5;-4.5;1.54151821136475;7;2;1;Abreo et al. (2023);Experiment 1;Orientation;1;1;;;;;;;31;2
-87;99;102.0;3.0;1.74956083297729;7;2;1;Abreo et al. (2023);Experiment 1;Orientation;1;1;;;;;;;32;2
-56;151;94.0;-57.0;1.84987783432007;7;2;1;Abreo et al. (2023);Experiment 1;Orientation;1;1;;;;;;;33;2
85;164;148.5;-15.5;1.87490892410278;7;2;1;Abreo et al. (2023);Experiment 1;Orientation;1;1;;;;;;;34;2
84;133;125.0;-7.99999999999999;1.82488608360291;7;2;1;Abreo et al. (2023);Experiment 1;Orientation;1;1;;;;;;;35;2
37;36;33.0;-3.0;2.12468409538269;7;2;1;Abreo et al. (2023);Experiment 1;Orientation;1;1;;;;;;;36;2
70;3;5.0;2.0;2.01653575897217;7;2;1;Abreo et al. (2023);Experiment 1;Orientation;1;1;;;;;;;37;2
-9;164;159.5;-4.5;1.70820283889771;7;2;1;Abreo et al. (2023);Experiment 1;Orientation;1;1;;;;;;;38;2
-58;151;148.5;-2.49999999999999;2.31991171836853;7;3;1;Abreo et al. (2023);Experiment 1;Orientation;1;1;;;;;;;1;3
38;42;65.5;23.5;2.88352298736572;7;3;1;Abreo et al. (2023);Experiment 1;Orientation;1;1;;;;;;;2;3
50;43;53.5;10.5;1.69981479644775;7;3;1;Abreo et al. (2023);Experiment 1;Orientation;1;1;;;;;;;3;3
70;66;76.0;10.0;2.34978818893433;7;3;1;Abreo et al. (2023);Experiment 1;Orientation;1;1;;;;;;;4;3
-15;18;18.0;-0.0;1.88323092460632;7;3;1;Abreo et al. (2023);Experiment 1;Orientation;1;1;;;;;;;5;3
-57;154;136.5;-17.5;2.39130902290344;7;3;1;Abreo et al. (2023);Experiment 1;Orientation;1;1;;;;;;;6;3
16;16;26.5;10.5;2.02453923225403;7;3;1;Abreo et al. (2023);Experiment 1;Orientation;1;1;;;;;;;7;3
-81;89;88.5;-0.499999999999994;3.86618113517761;7;3;1;Abreo et al. (2023);Experiment 1;Orientation;1;1;;;;;;;8;3
-72;70;76.0;6.00000000000001;2.38296794891357;7;3;1;Abreo et al. (2023);Experiment 1;Orientation;1;1;;;;;;;9;3
-33;15;12.5;-2.5;2.8581874370575;7;3;1;Abreo et al. (2023);Experiment 1;Orientation;1;1;;;;;;;10;3
77;14;8.5;-5.5;1.44152021408081;7;3;1;Abreo et al. (2023);Experiment 1;Orientation;1;1;;;;;;;11;3
53;37;63.0;26.0;1.84984683990479;7;3;1;Abreo et al. (2023);Experiment 1;Orientation;1;1;;;;;;;12;3
-1;21;30.0;8.99999999999999;2.1079044342041;7;3;1;Abreo et al. (2023);Experiment 1;Orientation;1;1;;;;;;;13;3
-12;85;84.0;-1.0;2.12457704544067;7;3;1;Abreo et al. (2023);Experiment 1;Orientation;1;1;;;;;;;14;3
61;176;173.5;-2.5;2.00820922851562;7;3;1;Abreo et al. (2023);Experiment 1;Orientation;1;1;;;;;;;15;3
73;103;102.5;-0.500000000000005;3.67481374740601;7;3;1;Abreo et al. (2023);Experiment 1;Orientation;1;1;;;;;;;16;3
-71;91;92.0;1.0;3.69153547286987;7;3;1;Abreo et al. (2023);Experiment 1;Orientation;1;1;;;;;;;17;3
-60;126;101.0;-25.0;7.85800457000732;7;3;1;Abreo et al. (2023);Experiment 1;Orientation;1;1;;;;;;;18;3
-3;10;15.5;5.5;2.46657395362854;7;3;1;Abreo et al. (2023);Experiment 1;Orientation;1;1;;;;;;;19;3
81;26;28.5;2.5;5.17479395866394;7;3;1;Abreo et al. (2023);Experiment 1;Orientation;1;1;;;;;;;20;3
46;162;161.5;-0.499999999999993;1.71620321273804;7;3;1;Abreo et al. (2023);Experiment 1;Orientation;1;1;;;;;;;21;3
24;28;40.0;12.0;2.49990200996399;7;3;1;Abreo et al. (2023);Experiment 1;Orientation;1;1;;;;;;;22;3
52;155;148.5;-6.5;1.88317370414734;7;3;1;Abreo et al. (2023);Experiment 1;Orientation;1;1;;;;;;;23;3
-53;154;141.5;-12.5;2.02461075782776;7;3;1;Abreo et al. (2023);Experiment 1;Orientation;1;1;;;;;;;24;3
-34;152;134.0;-18.0;1.59990692138672;7;3;1;Abreo et al. (2023);Experiment 1;Orientation;1;1;;;;;;;25;3
-12;22;33.5;11.5;1.49967193603516;7;3;1;Abreo et al. (2023);Experiment 1;Orientation;1;1;;;;;;;26;3
-65;171;150.0;-21.0;1.33314538002014;7;3;1;Abreo et al. (2023);Experiment 1;Orientation;1;1;;;;;;;27;3
-29;18;28.5;10.5;1.57491087913513;7;3;1;Abreo et al. (2023);Experiment 1;Orientation;1;1;;;;;;;28;3
39;100;105.0;5.00000000000001;2.02472901344299;7;3;1;Abreo et al. (2023);Experiment 1;Orientation;1;1;;;;;;;29;3
-1;88;93.5;5.5;5.26638412475586;7;3;1;Abreo et al. (2023);Experiment 1;Orientation;1;1;;;;;;;30;3
-61;3;4.0;1.0;1.48324298858643;7;3;1;Abreo et al. (2023);Experiment 1;Orientation;1;1;;;;;;;31;3
45;168;165.0;-3.00000000000002;2.14141488075256;7;3;1;Abreo et al. (2023);Experiment 1;Orientation;1;1;;;;;;;32;3
69;174;169.5;-4.5;1.28318214416504;7;3;1;Abreo et al. (2023);Experiment 1;Orientation;1;1;;;;;;;33;3
63;174;163.0;-11.0;1.75014615058899;7;4;1;Abreo et al. (2023);Experiment 1;Orientation;1;1;;;;;;;1;4
-30;91;96.0;5.00000000000001;2.71656489372253;7;4;1;Abreo et al. (2023);Experiment 1;Orientation;1;1;;;;;;;2;4
-78;31;42.0;11.0;2.53291058540344;7;4;1;Abreo et al. (2023);Experiment 1;Orientation;1;1;;;;;;;3;4
-80;60;66.5;6.5;1.70822668075562;7;4;1;Abreo et al. (2023);Experiment 1;Orientation;1;1;;;;;;;4;4
85;67;66.0;-1.0;1.59975695610046;7;4;1;Abreo et al. (2023);Experiment 1;Orientation;1;1;;;;;;;5;4
55;174;171.0;-2.99999999999999;2.00819087028503;7;4;1;Abreo et al. (2023);Experiment 1;Orientation;1;1;;;;;;;6;4
-11;38;44.0;6.0;1.81655168533325;7;4;1;Abreo et al. (2023);Experiment 1;Orientation;1;1;;;;;;;7;4
4;33;35.5;2.5;1.98324370384216;7;4;1;Abreo et al. (2023);Experiment 1;Orientation;1;1;;;;;;;8;4
88;36;29.0;-7.0;1.52490472793579;7;4;1;Abreo et al. (2023);Experiment 1;Orientation;1;1;;;;;;;9;4
-85;5;6.5;1.5;2.4581880569458;7;4;1;Abreo et al. (2023);Experiment 1;Orientation;1;1;;;;;;;10;4
85;23;24.0;0.999999999999999;1.35817718505859;7;4;1;Abreo et al. (2023);Experiment 1;Orientation;1;1;;;;;;;11;4
81;149;156.5;7.50000000000001;2.21657156944275;7;4;1;Abreo et al. (2023);Experiment 1;Orientation;1;1;;;;;;;12;4
33;89;91.5;2.5;2.93307948112488;7;4;1;Abreo et al. (2023);Experiment 1;Orientation;1;1;;;;;;;13;4
8;137;126.0;-11.0;2.31649374961853;7;4;1;Abreo et al. (2023);Experiment 1;Orientation;1;1;;;;;;;14;4
46;79;82.0;3.0;1.81658601760864;7;4;1;Abreo et al. (2023);Experiment 1;Orientation;1;1;;;;;;;15;4
-73;3;175.5;-7.49999999999999;3.19955730438232;7;4;1;Abreo et al. (2023);Experiment 1;Orientation;1;1;;;;;;;16;4
63;128;122.5;-5.49999999999999;1.89124083518982;7;4;1;Abreo et al. (2023);Experiment 1;Orientation;1;1;;;;;;;17;4
38;51;54.5;3.5;1.95790791511536;7;4;1;Abreo et al. (2023);Experiment 1;Orientation;1;1;;;;;;;18;4
75;173;169.5;-3.50000000000001;1.63318920135498;7;4;1;Abreo et al. (2023);Experiment 1;Orientation;1;1;;;;;;;19;4
-32;96;95.5;-0.500000000000008;2.71620273590088;7;4;1;Abreo et al. (2023);Experiment 1;Orientation;1;1;;;;;;;20;4
-60;87;80.5;-6.49999999999999;2.13299918174744;7;4;1;Abreo et al. (2023);Experiment 1;Orientation;1;1;;;;;;;21;4
64;156;145.0;-11.0;1.85806274414062;7;4;1;Abreo et al. (2023);Experiment 1;Orientation;1;1;;;;;;;22;4
41;135;125.0;-9.99999999999999;2.04159069061279;7;4;1;Abreo et al. (2023);Experiment 1;Orientation;1;1;;;;;;;23;4
-73;31;27.5;-3.5;2.16245603561401;7;5;1;Abreo et al. (2023);Experiment 1;Orientation;1;1;;;;;;;1;5
-32;133;112.5;-20.5;2.02480101585388;7;5;1;Abreo et al. (2023);Experiment 1;Orientation;1;1;;;;;;;2;5
54;72;72.5;0.500000000000005;1.51654386520386;7;5;1;Abreo et al. (2023);Experiment 1;Orientation;1;1;;;;;;;3;5
41;4;20.0;16.0;1.30821394920349;7;5;1;Abreo et al. (2023);Experiment 1;Orientation;1;1;;;;;;;4;5
-22;70;64.0;-6.0;1.92478632926941;7;5;1;Abreo et al. (2023);Experiment 1;Orientation;1;1;;;;;;;5;5
-11;101;98.5;-2.5;1.83317422866821;7;5;1;Abreo et al. (2023);Experiment 1;Orientation;1;1;;;;;;;6;5
-29;36;26.0;-10.0;2.00788497924805;7;5;1;Abreo et al. (2023);Experiment 1;Orientation;1;1;;;;;;;7;5
-37;141;133.5;-7.50000000000001;1.5331437587738;7;5;1;Abreo et al. (2023);Experiment 1;Orientation;1;1;;;;;;;8;5
44;5;7.0;2.0;1.72455263137817;7;5;1;Abreo et al. (2023);Experiment 1;Orientation;1;1;;;;;;;9;5
-30;17;10.5;-6.5;1.91655111312866;7;5;1;Abreo et al. (2023);Experiment 1;Orientation;1;1;;;;;;;10;5
-63;158;136.5;-21.5;1.31625819206238;7;5;1;Abreo et al. (2023);Experiment 1;Orientation;1;1;;;;;;;11;5
43;85;84.5;-0.500000000000006;1.84143352508545;7;5;1;Abreo et al. (2023);Experiment 1;Orientation;1;1;;;;;;;12;5
-47;55;37.0;-18.0;2.42487788200378;7;5;1;Abreo et al. (2023);Experiment 1;Orientation;1;1;;;;;;;13;5
-79;177;175.5;-1.50000000000001;2.21647882461548;7;5;1;Abreo et al. (2023);Experiment 1;Orientation;1;1;;;;;;;14;5
56;137;126.5;-10.5;1.87479615211487;7;5;1;Abreo et al. (2023);Experiment 1;Orientation;1;1;;;;;;;15;5
-4;38;38.5;0.499999999999998;1.57463884353638;7;5;1;Abreo et al. (2023);Experiment 1;Orientation;1;1;;;;;;;16;5
-84;169;154.0;-15.0;1.4665310382843;7;5;1;Abreo et al. (2023);Experiment 1;Orientation;1;1;;;;;;;17;5
4;155;151.5;-3.50000000000001;2.02478861808777;7;5;1;Abreo et al. (2023);Experiment 1;Orientation;1;1;;;;;;;18;5
40;31;43.0;12.0;1.62487483024597;7;5;1;Abreo et al. (2023);Experiment 1;Orientation;1;1;;;;;;;19;5
40;88;90.0;2.0;1.78302907943726;7;5;1;Abreo et al. (2023);Experiment 1;Orientation;1;1;;;;;;;20;5
66;68;78.5;10.5;2.63284993171692;7;5;1;Abreo et al. (2023);Experiment 1;Orientation;1;1;;;;;;;21;5
0;144;132.0;-12.0;1.89157366752625;7;5;1;Abreo et al. (2023);Experiment 1;Orientation;1;1;;;;;;;22;5
-33;44;35.5;-8.49999999999999;2.19118523597717;7;5;1;Abreo et al. (2023);Experiment 1;Orientation;1;1;;;;;;;23;5
-1;149;136.0;-13.0;1.73319554328918;7;5;1;Abreo et al. (2023);Experiment 1;Orientation;1;1;;;;;;;24;5
62;1;8.0;7.0;3.25819039344788;7;5;1;Abreo et al. (2023);Experiment 1;Orientation;1;1;;;;;;;25;5
69;166;165.5;-0.499999999999995;3.23299598693848;7;5;1;Abreo et al. (2023);Experiment 1;Orientation;1;1;;;;;;;26;5
21;112;102.0;-10.0;1.64152669906616;7;5;1;Abreo et al. (2023);Experiment 1;Orientation;1;1;;;;;;;27;5
33;104;107.0;2.99999999999999;1.57488250732422;7;5;1;Abreo et al. (2023);Experiment 1;Orientation;1;1;;;;;;;28;5
79;12;26.0;14.0;1.74987936019897;7;5;1;Abreo et al. (2023);Experiment 1;Orientation;1;1;;;;;;;29;5
-40;19;14.0;-5.0;2.06707501411438;7;6;1;Abreo et al. (2023);Experiment 1;Orientation;1;1;;;;;;;1;6
24;168;166.5;-1.50000000000001;1.37472462654114;7;6;1;Abreo et al. (2023);Experiment 1;Orientation;1;1;;;;;;;2;6
-21;17;15.0;-2.0;1.6415708065033;7;6;1;Abreo et al. (2023);Experiment 1;Orientation;1;1;;;;;;;3;6
-1;135;128.5;-6.5;1.8080415725708;7;6;1;Abreo et al. (2023);Experiment 1;Orientation;1;1;;;;;;;4;6
-1;163;173.5;10.5;1.733069896698;7;6;1;Abreo et al. (2023);Experiment 1;Orientation;1;1;;;;;;;5;6
51;93;91.5;-1.50000000000001;3.30785894393921;7;6;1;Abreo et al. (2023);Experiment 1;Orientation;1;1;;;;;;;6;6
13;152;142.0;-10.0;1.42484998703003;7;6;1;Abreo et al. (2023);Experiment 1;Orientation;1;1;;;;;;;7;6
-34;150;146.0;-4.00000000000001;1.42469358444214;7;6;1;Abreo et al. (2023);Experiment 1;Orientation;1;1;;;;;;;8;6
-59;156;146.0;-9.99999999999999;1.34152984619141;7;6;1;Abreo et al. (2023);Experiment 1;Orientation;1;1;;;;;;;9;6
23;34;52.5;18.5;2.44973683357239;7;6;1;Abreo et al. (2023);Experiment 1;Orientation;1;1;;;;;;;10;6
-77;50;59.5;9.5;1.69124150276184;7;6;1;Abreo et al. (2023);Experiment 1;Orientation;1;1;;;;;;;11;6
-5;8;6.5;-1.5;2.41641211509705;7;6;1;Abreo et al. (2023);Experiment 1;Orientation;1;1;;;;;;;12;6
33;31;48.0;17.0;2.3831307888031;7;6;1;Abreo et al. (2023);Experiment 1;Orientation;1;1;;;;;;;13;6
-39;145;131.0;-14.0;2.68320035934448;7;6;1;Abreo et al. (2023);Experiment 1;Orientation;1;1;;;;;;;14;6
-82;112;122.5;10.5;1.89987754821777;7;6;1;Abreo et al. (2023);Experiment 1;Orientation;1;1;;;;;;;15;6
21;33;37.5;4.5;1.43294906616211;7;6;1;Abreo et al. (2023);Experiment 1;Orientation;1;1;;;;;;;16;6
-16;70;68.5;-1.49999999999999;1.68320298194885;7;6;1;Abreo et al. (2023);Experiment 1;Orientation;1;1;;;;;;;17;6
-2;14;14.5;0.500000000000001;2.29146313667297;7;6;1;Abreo et al. (2023);Experiment 1;Orientation;1;1;;;;;;;18;6
-53;50;44.5;-5.5;1.84968376159668;7;6;1;Abreo et al. (2023);Experiment 1;Orientation;1;1;;;;;;;19;6
65;116;125.0;9.0;1.85813522338867;7;6;1;Abreo et al. (2023);Experiment 1;Orientation;1;1;;;;;;;20;6
-84;53;57.0;4.0;1.75792264938354;7;6;1;Abreo et al. (2023);Experiment 1;Orientation;1;1;;;;;;;21;6
-8;101;98.5;-2.5;1.59138560295105;7;6;1;Abreo et al. (2023);Experiment 1;Orientation;1;1;;;;;;;22;6
-53;13;11.0;-2.0;1.59152746200562;7;6;1;Abreo et al. (2023);Experiment 1;Orientation;1;1;;;;;;;23;6
89;64;70.5;6.5;1.65817499160767;7;6;1;Abreo et al. (2023);Experiment 1;Orientation;1;1;;;;;;;24;6
-7;101;103.5;2.5;2.45818972587585;7;6;1;Abreo et al. (2023);Experiment 1;Orientation;1;1;;;;;;;25;6
-4;174;165.5;-8.49999999999998;1.91619491577148;7;6;1;Abreo et al. (2023);Experiment 1;Orientation;1;1;;;;;;;26;6
-6;61;121.5;60.5;2.62452149391174;7;6;1;Abreo et al. (2023);Experiment 1;Orientation;1;1;;;;;;;27;6
-8;90;87.0;-3.0;1.9498918056488;7;6;1;Abreo et al. (2023);Experiment 1;Orientation;1;1;;;;;;;28;6
-87;179;161.0;-18.0;1.52456188201904;7;6;1;Abreo et al. (2023);Experiment 1;Orientation;1;1;;;;;;;29;6
-82;134;125.0;-9.0;1.32464361190796;7;6;1;Abreo et al. (2023);Experiment 1;Orientation;1;1;;;;;;;30;6
18;82;84.0;2.0;1.95808100700378;7;6;1;Abreo et al. (2023);Experiment 1;Orientation;1;1;;;;;;;31;6
78;44;39.0;-5.0;2.59155011177063;7;6;1;Abreo et al. (2023);Experiment 1;Orientation;1;1;;;;;;;32;6
26;162;168.5;6.5;2.76645350456238;7;6;1;Abreo et al. (2023);Experiment 1;Orientation;1;1;;;;;;;33;6
31;159;167.5;8.5;1.6580069065094;7;6;1;Abreo et al. (2023);Experiment 1;Orientation;1;1;;;;;;;34;6
0;144;142.5;-1.5;2.58348560333252;8;1;1;Abreo et al. (2023);Experiment 1;Orientation;1;1;;;;;;;1;1
60;40;43.5;3.5;3.43320202827454;8;1;1;Abreo et al. (2023);Experiment 1;Orientation;1;1;;;;;;;2;1
-20;3;28.5;25.5;2.16643404960632;8;1;1;Abreo et al. (2023);Experiment 1;Orientation;1;1;;;;;;;3;1
-27;163;157.5;-5.50000000000002;2.75811409950256;8;1;1;Abreo et al. (2023);Experiment 1;Orientation;1;1;;;;;;;4;1
11;59;52.0;-7.0;2.32475018501282;8;1;1;Abreo et al. (2023);Experiment 1;Orientation;1;1;;;;;;;5;1
-16;6;21.0;15.0;2.55813574790955;8;1;1;Abreo et al. (2023);Experiment 1;Orientation;1;1;;;;;;;6;1
29;1;6.5;5.5;1.56654667854309;8;1;1;Abreo et al. (2023);Experiment 1;Orientation;1;1;;;;;;;7;1
8;66;65.5;-0.500000000000004;3.4329297542572;8;1;1;Abreo et al. (2023);Experiment 1;Orientation;1;1;;;;;;;8;1
14;105;136.0;31.0;1.78319215774536;8;1;1;Abreo et al. (2023);Experiment 1;Orientation;1;1;;;;;;;9;1
82;117;125.0;8.00000000000001;2.99960851669312;8;1;1;Abreo et al. (2023);Experiment 1;Orientation;1;1;;;;;;;10;1
60;135;51.5;-83.5;1.64990592002869;8;1;1;Abreo et al. (2023);Experiment 1;Orientation;1;1;;;;;;;11;1
-42;73;66.5;-6.5;2.24955868721008;8;1;1;Abreo et al. (2023);Experiment 1;Orientation;1;1;;;;;;;12;1
-74;109;113.5;4.5;2.46634125709534;8;1;1;Abreo et al. (2023);Experiment 1;Orientation;1;1;;;;;;;13;1
15;109;114.0;5.00000000000001;2.82482671737671;8;1;1;Abreo et al. (2023);Experiment 1;Orientation;1;1;;;;;;;14;1
30;171;165.5;-5.49999999999999;2.27458882331848;8;1;1;Abreo et al. (2023);Experiment 1;Orientation;1;1;;;;;;;15;1
-75;128;131.0;2.99999999999999;2.19954037666321;8;1;1;Abreo et al. (2023);Experiment 1;Orientation;1;1;;;;;;;16;1
81;114;128.5;14.5;1.84153032302856;8;1;1;Abreo et al. (2023);Experiment 1;Orientation;1;1;;;;;;;17;1
-78;136;134.0;-2.00000000000001;2.29154872894287;8;1;1;Abreo et al. (2023);Experiment 1;Orientation;1;1;;;;;;;18;1
-42;177;160.5;-16.5;2.24152183532715;8;1;1;Abreo et al. (2023);Experiment 1;Orientation;1;1;;;;;;;19;1
30;9;22.5;13.5;1.90811777114868;8;1;1;Abreo et al. (2023);Experiment 1;Orientation;1;1;;;;;;;20;1
69;173;32.5;39.5;1.59975647926331;8;1;1;Abreo et al. (2023);Experiment 1;Orientation;1;1;;;;;;;21;1
17;134;134.0;-0.0;1.29140186309814;8;1;1;Abreo et al. (2023);Experiment 1;Orientation;1;1;;;;;;;22;1
12;8;18.0;10.0;2.39141726493835;8;1;1;Abreo et al. (2023);Experiment 1;Orientation;1;1;;;;;;;23;1
-76;23;50.0;27.0;2.7164409160614;8;1;1;Abreo et al. (2023);Experiment 1;Orientation;1;1;;;;;;;24;1
34;140;138.0;-2.0;1.94153785705566;8;1;1;Abreo et al. (2023);Experiment 1;Orientation;1;1;;;;;;;25;1
-7;109;118.5;9.50000000000001;1.59122276306152;8;1;1;Abreo et al. (2023);Experiment 1;Orientation;1;1;;;;;;;26;1
11;80;75.0;-4.99999999999999;2.08298277854919;8;1;1;Abreo et al. (2023);Experiment 1;Orientation;1;1;;;;;;;27;1
63;138;145.0;7.00000000000002;1.95811343193054;8;1;1;Abreo et al. (2023);Experiment 1;Orientation;1;1;;;;;;;28;1
-31;135;126.0;-9.0;2.78305697441101;8;1;1;Abreo et al. (2023);Experiment 1;Orientation;1;1;;;;;;;29;1
-27;130;126.0;-4.00000000000001;1.76984310150146;8;2;1;Abreo et al. (2023);Experiment 1;Orientation;1;1;;;;;;;1;2
21;161;150.0;-11.0;1.93352770805359;8;2;1;Abreo et al. (2023);Experiment 1;Orientation;1;1;;;;;;;2;2
51;74;80.5;6.5;2.6249897480011;8;2;1;Abreo et al. (2023);Experiment 1;Orientation;1;1;;;;;;;3;2
-88;95;13.0;-82.0;2.17487597465515;8;2;1;Abreo et al. (2023);Experiment 1;Orientation;1;1;;;;;;;4;2
-9;121;127.5;6.5;2.09981393814087;8;2;1;Abreo et al. (2023);Experiment 1;Orientation;1;1;;;;;;;5;2
8;51;61.0;10.0;2.72483587265015;8;2;1;Abreo et al. (2023);Experiment 1;Orientation;1;1;;;;;;;6;2
86;137;129.0;-8.00000000000001;2.91643691062927;8;2;1;Abreo et al. (2023);Experiment 1;Orientation;1;1;;;;;;;7;2
9;12;26.5;14.5;2.92454290390015;8;2;1;Abreo et al. (2023);Experiment 1;Orientation;1;1;;;;;;;8;2
1;179;3.5;4.5;1.92466878890991;8;2;1;Abreo et al. (2023);Experiment 1;Orientation;1;1;;;;;;;9;2
4;72;73.0;1.0;2.66652727127075;8;2;1;Abreo et al. (2023);Experiment 1;Orientation;1;1;;;;;;;10;2
25;129;124.0;-5.0;1.90801191329956;8;2;1;Abreo et al. (2023);Experiment 1;Orientation;1;1;;;;;;;11;2
-23;46;47.0;0.999999999999998;1.77462887763977;8;2;1;Abreo et al. (2023);Experiment 1;Orientation;1;1;;;;;;;12;2
44;6;32.0;26.0;2.51645970344543;8;2;1;Abreo et al. (2023);Experiment 1;Orientation;1;1;;;;;;;13;2
66;53;62.0;8.99999999999999;1.71627449989319;8;2;1;Abreo et al. (2023);Experiment 1;Orientation;1;1;;;;;;;14;2
-1;128;127.5;-0.499999999999995;2.28299570083618;8;2;1;Abreo et al. (2023);Experiment 1;Orientation;1;1;;;;;;;15;2
74;127;161.0;34.0;2.53319573402405;8;2;1;Abreo et al. (2023);Experiment 1;Orientation;1;1;;;;;;;16;2
33;39;40.0;0.999999999999999;1.75823187828064;8;2;1;Abreo et al. (2023);Experiment 1;Orientation;1;1;;;;;;;17;2
-36;18;20.0;2.0;1.59969902038574;8;2;1;Abreo et al. (2023);Experiment 1;Orientation;1;1;;;;;;;18;2
19;30;38.5;8.5;1.49967885017395;8;2;1;Abreo et al. (2023);Experiment 1;Orientation;1;1;;;;;;;19;2
7;80;66.5;-13.5;2.39984846115112;8;2;1;Abreo et al. (2023);Experiment 1;Orientation;1;1;;;;;;;20;2
28;108;116.5;8.50000000000001;1.72484159469604;8;2;1;Abreo et al. (2023);Experiment 1;Orientation;1;1;;;;;;;21;2
72;164;161.0;-2.99999999999999;1.86655187606812;8;2;1;Abreo et al. (2023);Experiment 1;Orientation;1;1;;;;;;;22;2
41;83;75.5;-7.5;1.6414361000061;8;2;1;Abreo et al. (2023);Experiment 1;Orientation;1;1;;;;;;;23;2
36;59;60.5;1.5;2.13317847251892;8;2;1;Abreo et al. (2023);Experiment 1;Orientation;1;1;;;;;;;24;2
-44;15;24.5;9.5;1.33313083648682;8;2;1;Abreo et al. (2023);Experiment 1;Orientation;1;1;;;;;;;25;2
81;55;49.5;-5.5;1.54980492591858;8;2;1;Abreo et al. (2023);Experiment 1;Orientation;1;1;;;;;;;26;2
56;153;164.0;11.0;2.61644697189331;8;2;1;Abreo et al. (2023);Experiment 1;Orientation;1;1;;;;;;;27;2
-44;23;26.5;3.5;2.0830500125885;8;2;1;Abreo et al. (2023);Experiment 1;Orientation;1;1;;;;;;;28;2
33;5;15.5;10.5;1.6495635509491;8;2;1;Abreo et al. (2023);Experiment 1;Orientation;1;1;;;;;;;29;2
67;3;4.5;1.5;1.39119601249695;8;2;1;Abreo et al. (2023);Experiment 1;Orientation;1;1;;;;;;;30;2
38;178;180.0;2.0;2.23320007324219;8;2;1;Abreo et al. (2023);Experiment 1;Orientation;1;1;;;;;;;31;2
-20;166;160.5;-5.50000000000002;2.16637802124023;8;2;1;Abreo et al. (2023);Experiment 1;Orientation;1;1;;;;;;;32;2
64;79;72.5;-6.49999999999999;1.60790061950684;8;2;1;Abreo et al. (2023);Experiment 1;Orientation;1;1;;;;;;;33;2
-10;154;154.0;0.0;1.49956798553467;8;2;1;Abreo et al. (2023);Experiment 1;Orientation;1;1;;;;;;;34;2
-86;105;124.5;19.5;1.82501411437988;8;3;1;Abreo et al. (2023);Experiment 1;Orientation;1;1;;;;;;;1;3
77;111;133.5;22.5;1.63349080085754;8;3;1;Abreo et al. (2023);Experiment 1;Orientation;1;1;;;;;;;2;3
-86;46;46.0;-0.0;1.60796308517456;8;3;1;Abreo et al. (2023);Experiment 1;Orientation;1;1;;;;;;;3;3
33;27;34.5;7.5;2.04123067855835;8;3;1;Abreo et al. (2023);Experiment 1;Orientation;1;1;;;;;;;4;3
-76;48;40.5;-7.5;2.05792117118835;8;3;1;Abreo et al. (2023);Experiment 1;Orientation;1;1;;;;;;;5;3
-35;165;158.0;-7.0;1.46657371520996;8;3;1;Abreo et al. (2023);Experiment 1;Orientation;1;1;;;;;;;6;3
-22;74;60.0;-14.0;2.15814566612244;8;3;1;Abreo et al. (2023);Experiment 1;Orientation;1;1;;;;;;;7;3
34;31;41.5;10.5;2.89118123054504;8;3;1;Abreo et al. (2023);Experiment 1;Orientation;1;1;;;;;;;8;3
88;34;39.0;4.99999999999999;1.59125089645386;8;3;1;Abreo et al. (2023);Experiment 1;Orientation;1;1;;;;;;;9;3
88;130;140.0;9.99999999999998;1.59149813652039;8;3;1;Abreo et al. (2023);Experiment 1;Orientation;1;1;;;;;;;10;3
64;48;63.0;15.0;2.56653261184692;8;3;1;Abreo et al. (2023);Experiment 1;Orientation;1;1;;;;;;;11;3
-82;20;33.0;13.0;2.14985942840576;8;3;1;Abreo et al. (2023);Experiment 1;Orientation;1;1;;;;;;;12;3
5;70;61.5;-8.49999999999999;1.54989647865295;8;3;1;Abreo et al. (2023);Experiment 1;Orientation;1;1;;;;;;;13;3
21;176;166.5;-9.49999999999999;1.56650042533875;8;3;1;Abreo et al. (2023);Experiment 1;Orientation;1;1;;;;;;;14;3
55;167;165.5;-1.49999999999999;1.62479281425476;8;3;1;Abreo et al. (2023);Experiment 1;Orientation;1;1;;;;;;;15;3
78;99;110.5;11.5;2.3829231262207;8;3;1;Abreo et al. (2023);Experiment 1;Orientation;1;1;;;;;;;16;3
-63;87;66.5;-20.5;1.99128746986389;8;3;1;Abreo et al. (2023);Experiment 1;Orientation;1;1;;;;;;;17;3
51;158;165.5;7.50000000000002;2.00797867774963;8;3;1;Abreo et al. (2023);Experiment 1;Orientation;1;1;;;;;;;18;3
-54;2;178.0;-3.99999999999999;2.80815744400024;8;3;1;Abreo et al. (2023);Experiment 1;Orientation;1;1;;;;;;;19;3
41;106;127.0;21.0;1.99956798553467;8;3;1;Abreo et al. (2023);Experiment 1;Orientation;1;1;;;;;;;20;3
-41;126;123.5;-2.5;1.3830668926239;8;3;1;Abreo et al. (2023);Experiment 1;Orientation;1;1;;;;;;;21;3
85;151;147.5;-3.49999999999999;2.6497106552124;8;3;1;Abreo et al. (2023);Experiment 1;Orientation;1;1;;;;;;;22;3
-63;118;124.0;5.99999999999998;1.89956045150757;8;3;1;Abreo et al. (2023);Experiment 1;Orientation;1;1;;;;;;;23;3
-4;108;115.0;7.0;1.64988994598389;8;3;1;Abreo et al. (2023);Experiment 1;Orientation;1;1;;;;;;;24;3
13;84;63.5;-20.5;2.04958009719849;8;3;1;Abreo et al. (2023);Experiment 1;Orientation;1;1;;;;;;;25;3
-6;151;157.0;6.00000000000001;2.08319926261902;8;3;1;Abreo et al. (2023);Experiment 1;Orientation;1;1;;;;;;;26;3
-50;83;81.0;-2.0;2.10845375061035;8;3;1;Abreo et al. (2023);Experiment 1;Orientation;1;1;;;;;;;27;3
-16;61;63.0;2.0;1.55813670158386;8;3;1;Abreo et al. (2023);Experiment 1;Orientation;1;1;;;;;;;28;3
65;83;80.0;-3.0;1.99989151954651;8;3;1;Abreo et al. (2023);Experiment 1;Orientation;1;1;;;;;;;29;3
-84;8;18.0;10.0;1.42484498023987;8;3;1;Abreo et al. (2023);Experiment 1;Orientation;1;1;;;;;;;30;3
-27;172;162.5;-9.50000000000002;1.43320393562317;8;3;1;Abreo et al. (2023);Experiment 1;Orientation;1;1;;;;;;;31;3
-35;19;27.5;8.5;1.54102563858032;8;3;1;Abreo et al. (2023);Experiment 1;Orientation;1;1;;;;;;;32;3
-20;52;51.0;-1.0;2.14152336120605;8;3;1;Abreo et al. (2023);Experiment 1;Orientation;1;1;;;;;;;33;3
75;23;25.5;2.5;1.60798788070679;8;3;1;Abreo et al. (2023);Experiment 1;Orientation;1;1;;;;;;;34;3
-67;0;19.5;19.5;1.38336968421936;8;4;1;Abreo et al. (2023);Experiment 1;Orientation;1;1;;;;;;;1;4
-55;167;160.0;-7.0;2.0999219417572;8;4;1;Abreo et al. (2023);Experiment 1;Orientation;1;1;;;;;;;2;4
-29;154;152.0;-2.0;1.39160013198853;8;4;1;Abreo et al. (2023);Experiment 1;Orientation;1;1;;;;;;;3;4
-82;72;19.5;-52.5;1.86646699905396;8;4;1;Abreo et al. (2023);Experiment 1;Orientation;1;1;;;;;;;4;4
-58;107;127.5;20.5;1.95821952819824;8;4;1;Abreo et al. (2023);Experiment 1;Orientation;1;1;;;;;;;5;4
58;72;71.5;-0.499999999999996;2.0331757068634;8;4;1;Abreo et al. (2023);Experiment 1;Orientation;1;1;;;;;;;6;4
4;101;105.0;4.00000000000001;1.91645479202271;8;4;1;Abreo et al. (2023);Experiment 1;Orientation;1;1;;;;;;;7;4
-28;118;111.0;-7.00000000000001;2.62465167045593;8;4;1;Abreo et al. (2023);Experiment 1;Orientation;1;1;;;;;;;8;4
-57;61;37.5;-23.5;2.14150810241699;8;4;1;Abreo et al. (2023);Experiment 1;Orientation;1;1;;;;;;;9;4
17;111;119.5;8.49999999999999;2.69120717048645;8;4;1;Abreo et al. (2023);Experiment 1;Orientation;1;1;;;;;;;10;4
32;13;26.5;13.5;1.55822539329529;8;4;1;Abreo et al. (2023);Experiment 1;Orientation;1;1;;;;;;;11;4
-5;88;76.5;-11.5;1.64141869544983;8;4;1;Abreo et al. (2023);Experiment 1;Orientation;1;1;;;;;;;12;4
-57;146;151.5;5.49999999999999;2.14964509010315;8;4;1;Abreo et al. (2023);Experiment 1;Orientation;1;1;;;;;;;13;4
-24;66;61.0;-5.00000000000001;1.36656737327576;8;4;1;Abreo et al. (2023);Experiment 1;Orientation;1;1;;;;;;;14;4
-84;81;81.5;0.500000000000007;1.63312983512878;8;4;1;Abreo et al. (2023);Experiment 1;Orientation;1;1;;;;;;;15;4
40;154;159.0;5.0;1.44987320899963;8;4;1;Abreo et al. (2023);Experiment 1;Orientation;1;1;;;;;;;16;4
13;5;8.0;3.0;2.16638875007629;8;4;1;Abreo et al. (2023);Experiment 1;Orientation;1;1;;;;;;;17;4
50;81;68.0;-13.0;1.84975862503052;8;4;1;Abreo et al. (2023);Experiment 1;Orientation;1;1;;;;;;;18;4
22;3;5.0;2.0;2.00809907913208;8;4;1;Abreo et al. (2023);Experiment 1;Orientation;1;1;;;;;;;19;4
44;15;23.5;8.5;1.4664363861084;8;4;1;Abreo et al. (2023);Experiment 1;Orientation;1;1;;;;;;;20;4
-14;84;76.5;-7.50000000000001;2.09131288528442;8;4;1;Abreo et al. (2023);Experiment 1;Orientation;1;1;;;;;;;21;4
-25;13;17.0;4.0;1.79150867462158;8;4;1;Abreo et al. (2023);Experiment 1;Orientation;1;1;;;;;;;22;4
13;86;97.0;11.0;1.88295674324036;8;4;1;Abreo et al. (2023);Experiment 1;Orientation;1;1;;;;;;;23;4
26;6;16.0;10.0;1.34148573875427;8;4;1;Abreo et al. (2023);Experiment 1;Orientation;1;1;;;;;;;24;4
43;140;150.0;10.0;1.56647801399231;8;4;1;Abreo et al. (2023);Experiment 1;Orientation;1;1;;;;;;;25;4
-7;121;120.5;-0.499999999999994;2.28303790092468;8;4;1;Abreo et al. (2023);Experiment 1;Orientation;1;1;;;;;;;26;4
-31;1;178.0;-2.99999999999999;1.84968185424805;8;4;1;Abreo et al. (2023);Experiment 1;Orientation;1;1;;;;;;;27;4
-46;112;111.0;-1.0;1.8164439201355;8;4;1;Abreo et al. (2023);Experiment 1;Orientation;1;1;;;;;;;28;4
48;9;25.0;16.0;1.4747269153595;8;4;1;Abreo et al. (2023);Experiment 1;Orientation;1;1;;;;;;;29;4
-71;66;38.0;-28.0;1.34147787094116;8;4;1;Abreo et al. (2023);Experiment 1;Orientation;1;1;;;;;;;30;4
4;135;131.5;-3.49999999999999;2.23307490348816;8;4;1;Abreo et al. (2023);Experiment 1;Orientation;1;1;;;;;;;31;4
-8;151;142.0;-9.0;1.91652894020081;8;4;1;Abreo et al. (2023);Experiment 1;Orientation;1;1;;;;;;;32;4
-44;45;42.5;-2.5;1.4415328502655;8;4;1;Abreo et al. (2023);Experiment 1;Orientation;1;1;;;;;;;33;4
36;65;54.5;-10.5;1.79119277000427;8;4;1;Abreo et al. (2023);Experiment 1;Orientation;1;1;;;;;;;34;4
66;148;143.0;-4.99999999999999;1.97476291656494;8;4;1;Abreo et al. (2023);Experiment 1;Orientation;1;1;;;;;;;35;4
19;112;116.0;4.00000000000001;1.84988117218018;8;4;1;Abreo et al. (2023);Experiment 1;Orientation;1;1;;;;;;;36;4
-82;150;135.0;-15.0;2.14976644515991;8;4;1;Abreo et al. (2023);Experiment 1;Orientation;1;1;;;;;;;37;4
-75;49;44.0;-5.00000000000001;1.67478799819946;8;4;1;Abreo et al. (2023);Experiment 1;Orientation;1;1;;;;;;;38;4
78;121;150.0;29.0;1.73319673538208;8;4;1;Abreo et al. (2023);Experiment 1;Orientation;1;1;;;;;;;39;4
-88;79;73.0;-6.0;1.51622080802917;8;4;1;Abreo et al. (2023);Experiment 1;Orientation;1;1;;;;;;;40;4
-16;52;53.5;1.49999999999999;1.52820873260498;8;5;1;Abreo et al. (2023);Experiment 1;Orientation;1;1;;;;;;;1;5
-80;68;57.0;-11.0;2.19161200523376;8;5;1;Abreo et al. (2023);Experiment 1;Orientation;1;1;;;;;;;2;5
89;92;97.0;4.99999999999999;1.6416609287262;8;5;1;Abreo et al. (2023);Experiment 1;Orientation;1;1;;;;;;;3;5
45;149;159.0;10.0;1.65049290657043;8;5;1;Abreo et al. (2023);Experiment 1;Orientation;1;1;;;;;;;4;5
26;82;82.0;-0.0;1.95824575424194;8;5;1;Abreo et al. (2023);Experiment 1;Orientation;1;1;;;;;;;5;5
79;29;78.5;49.5;1.66650652885437;8;5;1;Abreo et al. (2023);Experiment 1;Orientation;1;1;;;;;;;6;5
54;63;62.5;-0.499999999999992;1.34957814216614;8;5;1;Abreo et al. (2023);Experiment 1;Orientation;1;1;;;;;;;7;5
46;119;122.0;2.99999999999999;1.43285918235779;8;5;1;Abreo et al. (2023);Experiment 1;Orientation;1;1;;;;;;;8;5
31;83;77.0;-6.0;1.74974393844604;8;5;1;Abreo et al. (2023);Experiment 1;Orientation;1;1;;;;;;;9;5
-20;63;59.5;-3.5;1.35814881324768;8;5;1;Abreo et al. (2023);Experiment 1;Orientation;1;1;;;;;;;10;5
42;127;148.0;21.0;2.29989385604858;8;5;1;Abreo et al. (2023);Experiment 1;Orientation;1;1;;;;;;;11;5
-86;123;129.0;5.99999999999999;1.69962167739868;8;5;1;Abreo et al. (2023);Experiment 1;Orientation;1;1;;;;;;;12;5
74;124;125.5;1.50000000000001;1.74124002456665;8;5;1;Abreo et al. (2023);Experiment 1;Orientation;1;1;;;;;;;13;5
51;91;95.0;4.00000000000001;1.87491321563721;8;5;1;Abreo et al. (2023);Experiment 1;Orientation;1;1;;;;;;;14;5
-20;122;110.5;-11.5;2.21642804145813;8;5;1;Abreo et al. (2023);Experiment 1;Orientation;1;1;;;;;;;15;5
-21;72;60.5;-11.5;1.54131603240967;8;5;1;Abreo et al. (2023);Experiment 1;Orientation;1;1;;;;;;;16;5
-76;44;33.0;-11.0;1.51642680168152;8;5;1;Abreo et al. (2023);Experiment 1;Orientation;1;1;;;;;;;17;5
5;167;170.5;3.50000000000001;1.70813918113708;8;5;1;Abreo et al. (2023);Experiment 1;Orientation;1;1;;;;;;;18;5
21;24;34.0;10.0;2.10809183120728;8;5;1;Abreo et al. (2023);Experiment 1;Orientation;1;1;;;;;;;19;5
-30;72;62.5;-9.49999999999999;1.59139680862427;8;5;1;Abreo et al. (2023);Experiment 1;Orientation;1;1;;;;;;;20;5
-2;34;35.5;1.49999999999999;1.7412748336792;8;5;1;Abreo et al. (2023);Experiment 1;Orientation;1;1;;;;;;;21;5
66;2;18.5;16.5;1.53288769721985;8;5;1;Abreo et al. (2023);Experiment 1;Orientation;1;1;;;;;;;22;5
59;27;33.5;6.5;2.04977178573608;8;5;1;Abreo et al. (2023);Experiment 1;Orientation;1;1;;;;;;;23;5
-88;7;10.5;3.5;2.04137563705444;8;5;1;Abreo et al. (2023);Experiment 1;Orientation;1;1;;;;;;;24;5
61;82;82.0;-0.0;2.51618885993958;8;5;1;Abreo et al. (2023);Experiment 1;Orientation;1;1;;;;;;;25;5
-89;134;148.0;14.0;1.20822334289551;8;5;1;Abreo et al. (2023);Experiment 1;Orientation;1;1;;;;;;;26;5
50;80;73.5;-6.5;1.72482180595398;8;5;1;Abreo et al. (2023);Experiment 1;Orientation;1;1;;;;;;;27;5
-57;80;73.5;-6.5;2.08305358886719;8;5;1;Abreo et al. (2023);Experiment 1;Orientation;1;1;;;;;;;28;5
62;44;46.0;2.00000000000001;1.616539478302;8;5;1;Abreo et al. (2023);Experiment 1;Orientation;1;1;;;;;;;29;5
40;77;77.0;-0.0;1.97467494010925;8;5;1;Abreo et al. (2023);Experiment 1;Orientation;1;1;;;;;;;30;5
-30;65;58.5;-6.50000000000001;2.3664288520813;8;5;1;Abreo et al. (2023);Experiment 1;Orientation;1;1;;;;;;;31;5
-58;174;170.5;-3.49999999999999;2.16641068458557;8;5;1;Abreo et al. (2023);Experiment 1;Orientation;1;1;;;;;;;32;5
-21;12;12.5;0.500000000000001;1.48321604728699;8;5;1;Abreo et al. (2023);Experiment 1;Orientation;1;1;;;;;;;33;5
3;77;74.5;-2.50000000000001;2.62486267089844;8;5;1;Abreo et al. (2023);Experiment 1;Orientation;1;1;;;;;;;34;5
-32;44;42.5;-1.5;1.64975690841675;8;5;1;Abreo et al. (2023);Experiment 1;Orientation;1;1;;;;;;;35;5
79;153;159.0;6.00000000000001;1.54954862594604;8;5;1;Abreo et al. (2023);Experiment 1;Orientation;1;1;;;;;;;36;5
-21;101;108.5;7.50000000000001;1.97478866577148;8;5;1;Abreo et al. (2023);Experiment 1;Orientation;1;1;;;;;;;37;5
50;131;155.0;24.0;1.66655302047729;8;6;1;Abreo et al. (2023);Experiment 1;Orientation;1;1;;;;;;;1;6
-61;99;108.5;9.50000000000001;2.2326226234436;8;6;1;Abreo et al. (2023);Experiment 1;Orientation;1;1;;;;;;;2;6
-1;153;144.0;-9.00000000000001;1.81663870811462;8;6;1;Abreo et al. (2023);Experiment 1;Orientation;1;1;;;;;;;3;6
-38;118;115.5;-2.50000000000003;2.5162308216095;8;6;1;Abreo et al. (2023);Experiment 1;Orientation;1;1;;;;;;;4;6
54;129;140.0;11.0;1.71652150154114;8;6;1;Abreo et al. (2023);Experiment 1;Orientation;1;1;;;;;;;5;6
45;117;130.5;13.5;1.69977688789368;8;6;1;Abreo et al. (2023);Experiment 1;Orientation;1;1;;;;;;;6;6
74;178;1.0;3.00000000000002;1.81623506546021;8;6;1;Abreo et al. (2023);Experiment 1;Orientation;1;1;;;;;;;7;6
5;174;174.0;0.0;1.79146790504456;8;6;1;Abreo et al. (2023);Experiment 1;Orientation;1;1;;;;;;;8;6
-73;30;28.0;-2.0;1.58311486244202;8;6;1;Abreo et al. (2023);Experiment 1;Orientation;1;1;;;;;;;9;6
-47;89;84.5;-4.5;2.14982056617737;8;6;1;Abreo et al. (2023);Experiment 1;Orientation;1;1;;;;;;;10;6
87;129;122.0;-7.0;2.55816316604614;8;6;1;Abreo et al. (2023);Experiment 1;Orientation;1;1;;;;;;;11;6
38;9;12.0;3.0;1.90819692611694;8;6;1;Abreo et al. (2023);Experiment 1;Orientation;1;1;;;;;;;12;6
-36;61;72.5;11.5;3.04970955848694;8;6;1;Abreo et al. (2023);Experiment 1;Orientation;1;1;;;;;;;13;6
7;16;19.0;3.0;2.45787191390991;8;6;1;Abreo et al. (2023);Experiment 1;Orientation;1;1;;;;;;;14;6
75;108;9.5;81.5;1.81652450561523;8;6;1;Abreo et al. (2023);Experiment 1;Orientation;1;1;;;;;;;15;6
48;78;65.5;-12.5;1.44157671928406;8;6;1;Abreo et al. (2023);Experiment 1;Orientation;1;1;;;;;;;16;6
14;26;46.5;20.5;1.80816054344177;8;6;1;Abreo et al. (2023);Experiment 1;Orientation;1;1;;;;;;;17;6
34;154;148.5;-5.50000000000001;2.02486300468445;8;6;1;Abreo et al. (2023);Experiment 1;Orientation;1;1;;;;;;;18;6
-80;164;150.5;-13.5;1.6747510433197;8;6;1;Abreo et al. (2023);Experiment 1;Orientation;1;1;;;;;;;19;6
25;50;50.0;-0.0;1.30814290046692;8;6;1;Abreo et al. (2023);Experiment 1;Orientation;1;1;;;;;;;20;6
5;69;58.5;-10.5;1.89981698989868;8;6;1;Abreo et al. (2023);Experiment 1;Orientation;1;1;;;;;;;21;6
-84;89;93.5;4.5;1.86632204055786;8;6;1;Abreo et al. (2023);Experiment 1;Orientation;1;1;;;;;;;22;6
-88;23;24.5;1.5;1.48313307762146;8;6;1;Abreo et al. (2023);Experiment 1;Orientation;1;1;;;;;;;23;6
81;122;157.5;35.5;1.34149980545044;8;6;1;Abreo et al. (2023);Experiment 1;Orientation;1;1;;;;;;;24;6
77;152;156.5;4.5;1.98288011550903;8;6;1;Abreo et al. (2023);Experiment 1;Orientation;1;1;;;;;;;25;6
-27;156;145.5;-10.5;2.42474246025085;8;6;1;Abreo et al. (2023);Experiment 1;Orientation;1;1;;;;;;;26;6
-52;145;146.0;0.999999999999985;1.73309803009033;8;6;1;Abreo et al. (2023);Experiment 1;Orientation;1;1;;;;;;;27;6
-47;90;91.0;1.0;2.83295369148254;8;6;1;Abreo et al. (2023);Experiment 1;Orientation;1;1;;;;;;;28;6
44;106;109.5;3.50000000000001;1.66178011894226;9;1;1;Abreo et al. (2023);Experiment 1;Orientation;1;1;;;;;;;1;1
37;150;147.5;-2.5;2.1416003704071;9;1;1;Abreo et al. (2023);Experiment 1;Orientation;1;1;;;;;;;2;1
-83;16;9.5;-6.5;2.54224491119385;9;1;1;Abreo et al. (2023);Experiment 1;Orientation;1;1;;;;;;;3;1
60;107;162.0;55.0;1.94978046417236;9;1;1;Abreo et al. (2023);Experiment 1;Orientation;1;1;;;;;;;4;1
34;106;98.0;-8.0;3.98321914672852;9;1;1;Abreo et al. (2023);Experiment 1;Orientation;1;1;;;;;;;5;1
-68;136;135.0;-1.00000000000002;1.5415027141571;9;1;1;Abreo et al. (2023);Experiment 1;Orientation;1;1;;;;;;;6;1
3;6;11.0;5.0;2.38305354118347;9;1;1;Abreo et al. (2023);Experiment 1;Orientation;1;1;;;;;;;7;1
42;21;22.5;1.5;1.76626586914062;9;1;1;Abreo et al. (2023);Experiment 1;Orientation;1;1;;;;;;;8;1
82;43;54.5;11.5;3.46620011329651;9;1;1;Abreo et al. (2023);Experiment 1;Orientation;1;1;;;;;;;9;1
-43;0;176.0;-4.00000000000002;4.60787749290466;9;1;1;Abreo et al. (2023);Experiment 1;Orientation;1;1;;;;;;;10;1
14;37;31.5;-5.5;2.52474617958069;9;1;1;Abreo et al. (2023);Experiment 1;Orientation;1;1;;;;;;;11;1
-3;29;31.0;1.99999999999999;1.87455630302429;9;1;1;Abreo et al. (2023);Experiment 1;Orientation;1;1;;;;;;;12;1
56;26;19.5;-6.5;2.15801811218262;9;1;1;Abreo et al. (2023);Experiment 1;Orientation;1;1;;;;;;;13;1
53;156;144.0;-12.0;1.78299927711487;9;1;1;Abreo et al. (2023);Experiment 1;Orientation;1;1;;;;;;;14;1
-6;127;126.0;-1.00000000000001;2.14955544471741;9;1;1;Abreo et al. (2023);Experiment 1;Orientation;1;1;;;;;;;15;1
63;158;148.5;-9.49999999999999;2.25809907913208;9;1;1;Abreo et al. (2023);Experiment 1;Orientation;1;1;;;;;;;16;1
-34;17;172.5;-24.5;3.02485871315002;9;1;1;Abreo et al. (2023);Experiment 1;Orientation;1;1;;;;;;;17;1
89;92;93.0;1.0;2.13290905952454;9;1;1;Abreo et al. (2023);Experiment 1;Orientation;1;1;;;;;;;18;1
31;143;161.0;18.0;2.14152336120605;9;1;1;Abreo et al. (2023);Experiment 1;Orientation;1;1;;;;;;;19;1
75;157;155.0;-2.0;1.71623253822327;9;1;1;Abreo et al. (2023);Experiment 1;Orientation;1;1;;;;;;;20;1
-74;159;152.0;-7.0;3.11627984046936;9;1;1;Abreo et al. (2023);Experiment 1;Orientation;1;1;;;;;;;21;1
23;73;64.5;-8.50000000000001;2.46654200553894;9;1;1;Abreo et al. (2023);Experiment 1;Orientation;1;1;;;;;;;22;1
-80;46;55.0;9.0;3.091228723526;9;1;1;Abreo et al. (2023);Experiment 1;Orientation;1;1;;;;;;;23;1
7;53;54.0;0.999999999999998;3.62473320960999;9;1;1;Abreo et al. (2023);Experiment 1;Orientation;1;1;;;;;;;24;1
-63;114;105.5;-8.5;1.74987459182739;9;1;1;Abreo et al. (2023);Experiment 1;Orientation;1;1;;;;;;;25;1
16;76;75.0;-1.0;3.05789732933044;9;1;1;Abreo et al. (2023);Experiment 1;Orientation;1;1;;;;;;;26;1
44;144;153.0;9.0;2.94148230552673;9;1;1;Abreo et al. (2023);Experiment 1;Orientation;1;1;;;;;;;27;1
-89;2;6.0;4.0;2.3663604259491;9;1;1;Abreo et al. (2023);Experiment 1;Orientation;1;1;;;;;;;28;1
73;37;49.0;12.0;1.74151921272278;9;1;1;Abreo et al. (2023);Experiment 1;Orientation;1;1;;;;;;;29;1
59;168;164.5;-3.50000000000001;2.06622624397278;9;1;1;Abreo et al. (2023);Experiment 1;Orientation;1;1;;;;;;;30;1
-77;48;77.0;29.0;2.07467532157898;9;1;1;Abreo et al. (2023);Experiment 1;Orientation;1;1;;;;;;;31;1
-60;67;67.0;-0.0;2.12466025352478;9;1;1;Abreo et al. (2023);Experiment 1;Orientation;1;1;;;;;;;32;1
70;75;86.5;11.5;3.59981727600098;9;2;1;Abreo et al. (2023);Experiment 1;Orientation;1;1;;;;;;;1;2
-65;28;10.0;-18.0;1.99986410140991;9;2;1;Abreo et al. (2023);Experiment 1;Orientation;1;1;;;;;;;2;2
-15;32;31.5;-0.500000000000001;1.37458729743958;9;2;1;Abreo et al. (2023);Experiment 1;Orientation;1;1;;;;;;;3;2
36;79;87.0;8.0;3.97485423088074;9;2;1;Abreo et al. (2023);Experiment 1;Orientation;1;1;;;;;;;4;2
76;22;23.5;1.5;2.47482633590698;9;2;1;Abreo et al. (2023);Experiment 1;Orientation;1;1;;;;;;;5;2
-43;11;6.0;-5.0;2.4412202835083;9;2;1;Abreo et al. (2023);Experiment 1;Orientation;1;1;;;;;;;6;2
-52;2;176.5;-5.5;2.3915433883667;9;2;1;Abreo et al. (2023);Experiment 1;Orientation;1;1;;;;;;;7;2
78;166;170.0;4.0;2.00788640975952;9;2;1;Abreo et al. (2023);Experiment 1;Orientation;1;1;;;;;;;8;2
40;17;15.0;-2.0;2.55815720558167;9;2;1;Abreo et al. (2023);Experiment 1;Orientation;1;1;;;;;;;9;2
-72;159;153.5;-5.50000000000002;1.6498703956604;9;2;1;Abreo et al. (2023);Experiment 1;Orientation;1;1;;;;;;;10;2
-74;29;45.5;16.5;3.39181423187256;9;2;1;Abreo et al. (2023);Experiment 1;Orientation;1;1;;;;;;;11;2
-89;0;179.5;-0.499999999999983;2.73317050933838;9;2;1;Abreo et al. (2023);Experiment 1;Orientation;1;1;;;;;;;12;2
78;131;136.5;5.50000000000001;2.01653814315796;9;2;1;Abreo et al. (2023);Experiment 1;Orientation;1;1;;;;;;;13;2
-27;55;51.5;-3.5;1.46653509140015;9;2;1;Abreo et al. (2023);Experiment 1;Orientation;1;1;;;;;;;14;2
43;141;158.5;17.5;2.47487044334412;9;2;1;Abreo et al. (2023);Experiment 1;Orientation;1;1;;;;;;;15;2
66;62;64.5;2.5;5.73282742500305;9;2;1;Abreo et al. (2023);Experiment 1;Orientation;1;1;;;;;;;16;2
-11;33;47.5;14.5;1.93299412727356;9;2;1;Abreo et al. (2023);Experiment 1;Orientation;1;1;;;;;;;17;2
26;176;165.0;-11.0;1.75819325447083;9;2;1;Abreo et al. (2023);Experiment 1;Orientation;1;1;;;;;;;18;2
-22;58;73.0;15.0;2.1998610496521;9;2;1;Abreo et al. (2023);Experiment 1;Orientation;1;1;;;;;;;19;2
-22;8;172.0;-16.0;2.22483491897583;9;2;1;Abreo et al. (2023);Experiment 1;Orientation;1;1;;;;;;;20;2
35;23;24.5;1.5;1.54953098297119;9;2;1;Abreo et al. (2023);Experiment 1;Orientation;1;1;;;;;;;21;2
84;173;172.5;-0.499999999999994;2.40807676315308;9;2;1;Abreo et al. (2023);Experiment 1;Orientation;1;1;;;;;;;22;2
1;150;155.0;4.99999999999999;2.06650757789612;9;2;1;Abreo et al. (2023);Experiment 1;Orientation;1;1;;;;;;;23;2
-69;81;79.5;-1.5;2.88300132751465;9;2;1;Abreo et al. (2023);Experiment 1;Orientation;1;1;;;;;;;24;2
87;133;79.5;-53.5;3.24143624305725;9;2;1;Abreo et al. (2023);Experiment 1;Orientation;1;1;;;;;;;25;2
-26;55;53.0;-2.0;2.40785717964172;9;2;1;Abreo et al. (2023);Experiment 1;Orientation;1;1;;;;;;;26;2
79;143;137.5;-5.50000000000002;1.98303008079529;9;2;1;Abreo et al. (2023);Experiment 1;Orientation;1;1;;;;;;;27;2
0;103;99.0;-4.00000000000001;2.70812010765076;9;2;1;Abreo et al. (2023);Experiment 1;Orientation;1;1;;;;;;;28;2
85;141;150.0;9.0;2.21624565124512;9;2;1;Abreo et al. (2023);Experiment 1;Orientation;1;1;;;;;;;29;2
-43;74;72.0;-2.0;1.66616368293762;9;2;1;Abreo et al. (2023);Experiment 1;Orientation;1;1;;;;;;;30;2
3;130;139.0;9.0;1.71656227111816;9;2;1;Abreo et al. (2023);Experiment 1;Orientation;1;1;;;;;;;31;2
22;11;4.0;-7.0;1.94162845611572;9;3;1;Abreo et al. (2023);Experiment 1;Orientation;1;1;;;;;;;1;3
55;46;73.0;27.0;1.65812420845032;9;3;1;Abreo et al. (2023);Experiment 1;Orientation;1;1;;;;;;;2;3
-78;70;80.0;10.0;4.36619162559509;9;3;1;Abreo et al. (2023);Experiment 1;Orientation;1;1;;;;;;;3;3
-3;104;94.0;-10.0;2.64153718948364;9;3;1;Abreo et al. (2023);Experiment 1;Orientation;1;1;;;;;;;4;3
-70;119;108.5;-10.5;2.27454209327698;9;3;1;Abreo et al. (2023);Experiment 1;Orientation;1;1;;;;;;;5;3
7;103;102.5;-0.500000000000005;2.0329384803772;9;3;1;Abreo et al. (2023);Experiment 1;Orientation;1;1;;;;;;;6;3
-20;150;146.0;-4.00000000000001;2.11655306816101;9;3;1;Abreo et al. (2023);Experiment 1;Orientation;1;1;;;;;;;7;3
-89;157;158.0;0.999999999999987;2.07482051849365;9;3;1;Abreo et al. (2023);Experiment 1;Orientation;1;1;;;;;;;8;3
56;80;89.0;9.0;2.22487950325012;9;3;1;Abreo et al. (2023);Experiment 1;Orientation;1;1;;;;;;;9;3
86;147;153.5;6.5;1.71645903587341;9;3;1;Abreo et al. (2023);Experiment 1;Orientation;1;1;;;;;;;10;3
84;171;170.5;-0.499999999999995;2.6331775188446;9;3;1;Abreo et al. (2023);Experiment 1;Orientation;1;1;;;;;;;11;3
9;173;169.5;-3.50000000000001;3.09967923164368;9;3;1;Abreo et al. (2023);Experiment 1;Orientation;1;1;;;;;;;12;3
89;91;91.0;-0.0;3.28310632705688;9;3;1;Abreo et al. (2023);Experiment 1;Orientation;1;1;;;;;;;13;3
52;45;59.0;14.0;2.55822920799255;9;3;1;Abreo et al. (2023);Experiment 1;Orientation;1;1;;;;;;;14;3
68;10;3.0;-7.0;2.40817737579346;9;3;1;Abreo et al. (2023);Experiment 1;Orientation;1;1;;;;;;;15;3
68;167;166.5;-0.499999999999994;2.04151773452759;9;3;1;Abreo et al. (2023);Experiment 1;Orientation;1;1;;;;;;;16;3
25;138;101.5;-36.5;2.02482128143311;9;3;1;Abreo et al. (2023);Experiment 1;Orientation;1;1;;;;;;;17;3
-1;104;102.5;-1.50000000000001;1.81646037101746;9;3;1;Abreo et al. (2023);Experiment 1;Orientation;1;1;;;;;;;18;3
1;10;9.5;-0.499999999999999;2.15807628631592;9;3;1;Abreo et al. (2023);Experiment 1;Orientation;1;1;;;;;;;19;3
50;39;51.0;12.0;1.90823817253113;9;3;1;Abreo et al. (2023);Experiment 1;Orientation;1;1;;;;;;;20;3
-85;151;149.5;-1.49999999999999;1.92493319511414;9;3;1;Abreo et al. (2023);Experiment 1;Orientation;1;1;;;;;;;21;3
74;28;32.5;4.5;2.37453317642212;9;3;1;Abreo et al. (2023);Experiment 1;Orientation;1;1;;;;;;;22;3
-58;45;39.0;-6.0;1.50820899009705;9;3;1;Abreo et al. (2023);Experiment 1;Orientation;1;1;;;;;;;23;3
38;169;158.5;-10.5;1.37488031387329;9;3;1;Abreo et al. (2023);Experiment 1;Orientation;1;1;;;;;;;24;3
8;22;12.0;-10.0;3.15791392326355;9;3;1;Abreo et al. (2023);Experiment 1;Orientation;1;1;;;;;;;25;3
-2;160;154.5;-5.49999999999999;1.84983062744141;9;3;1;Abreo et al. (2023);Experiment 1;Orientation;1;1;;;;;;;26;3
-5;40;45.0;5.0;2.36157727241516;9;4;1;Abreo et al. (2023);Experiment 1;Orientation;1;1;;;;;;;1;4
-5;128;111.5;-16.5;1.89969253540039;9;4;1;Abreo et al. (2023);Experiment 1;Orientation;1;1;;;;;;;2;4
61;51;65.5;14.5;1.8998692035675;9;4;1;Abreo et al. (2023);Experiment 1;Orientation;1;1;;;;;;;3;4
-50;38;60.5;22.5;2.22548413276672;9;4;1;Abreo et al. (2023);Experiment 1;Orientation;1;1;;;;;;;4;4
-86;146;138.5;-7.49999999999999;2.41624999046326;9;4;1;Abreo et al. (2023);Experiment 1;Orientation;1;1;;;;;;;5;4
38;140;136.5;-3.49999999999999;2.01640057563782;9;4;1;Abreo et al. (2023);Experiment 1;Orientation;1;1;;;;;;;6;4
-56;14;7.0;-7.0;1.84962892532349;9;4;1;Abreo et al. (2023);Experiment 1;Orientation;1;1;;;;;;;7;4
-21;174;175.0;1.00000000000001;1.49154138565063;9;4;1;Abreo et al. (2023);Experiment 1;Orientation;1;1;;;;;;;8;4
-38;57;69.5;12.5;2.36652612686157;9;4;1;Abreo et al. (2023);Experiment 1;Orientation;1;1;;;;;;;9;4
49;153;143.5;-9.49999999999999;1.7248272895813;9;4;1;Abreo et al. (2023);Experiment 1;Orientation;1;1;;;;;;;10;4
60;4;177.5;-6.50000000000001;2.74964809417725;9;4;1;Abreo et al. (2023);Experiment 1;Orientation;1;1;;;;;;;11;4
82;114;109.0;-5.00000000000001;1.95788812637329;9;4;1;Abreo et al. (2023);Experiment 1;Orientation;1;1;;;;;;;12;4
66;156;163.5;7.50000000000002;1.75818634033203;9;4;1;Abreo et al. (2023);Experiment 1;Orientation;1;1;;;;;;;13;4
51;106;105.5;-0.499999999999994;2.06647348403931;9;4;1;Abreo et al. (2023);Experiment 1;Orientation;1;1;;;;;;;14;4
30;8;1.5;-6.5;2.65820693969727;9;4;1;Abreo et al. (2023);Experiment 1;Orientation;1;1;;;;;;;15;4
-10;0;1.5;1.5;2.27476930618286;9;4;1;Abreo et al. (2023);Experiment 1;Orientation;1;1;;;;;;;16;4
-16;101;90.0;-11.0;3.23321151733398;9;4;1;Abreo et al. (2023);Experiment 1;Orientation;1;1;;;;;;;17;4
-75;90;95.0;5.00000000000001;3.33314323425293;9;4;1;Abreo et al. (2023);Experiment 1;Orientation;1;1;;;;;;;18;4
83;82;87.0;4.99999999999999;1.89143109321594;9;4;1;Abreo et al. (2023);Experiment 1;Orientation;1;1;;;;;;;19;4
-88;18;7.5;-10.5;1.84154653549194;9;4;1;Abreo et al. (2023);Experiment 1;Orientation;1;1;;;;;;;20;4
39;66;88.5;22.5;2.05810284614563;9;4;1;Abreo et al. (2023);Experiment 1;Orientation;1;1;;;;;;;21;4
25;14;20.5;6.5;2.12455987930298;9;4;1;Abreo et al. (2023);Experiment 1;Orientation;1;1;;;;;;;22;4
78;19;12.0;-7.0;2.43317556381226;9;4;1;Abreo et al. (2023);Experiment 1;Orientation;1;1;;;;;;;23;4
-58;140;122.0;-18.0;2.39983010292053;9;4;1;Abreo et al. (2023);Experiment 1;Orientation;1;1;;;;;;;24;4
76;83;79.0;-4.0;1.48309445381165;9;4;1;Abreo et al. (2023);Experiment 1;Orientation;1;1;;;;;;;25;4
-13;162;162.5;0.499999999999993;3.59142899513245;9;4;1;Abreo et al. (2023);Experiment 1;Orientation;1;1;;;;;;;26;4
9;105;93.5;-11.5;3.09136915206909;9;4;1;Abreo et al. (2023);Experiment 1;Orientation;1;1;;;;;;;27;4
-8;79;83.5;4.5;4.32481670379639;9;4;1;Abreo et al. (2023);Experiment 1;Orientation;1;1;;;;;;;28;4
7;143;157.5;14.5;2.49141716957092;9;4;1;Abreo et al. (2023);Experiment 1;Orientation;1;1;;;;;;;29;4
86;146;164.5;18.5;1.7247953414917;9;4;1;Abreo et al. (2023);Experiment 1;Orientation;1;1;;;;;;;30;4
83;24;19.5;-4.5;2.39984273910522;9;4;1;Abreo et al. (2023);Experiment 1;Orientation;1;1;;;;;;;31;4
-18;23;10.0;-13.0;2.59985899925232;9;4;1;Abreo et al. (2023);Experiment 1;Orientation;1;1;;;;;;;32;4
12;160;169.0;9.0;2.21620512008667;9;4;1;Abreo et al. (2023);Experiment 1;Orientation;1;1;;;;;;;33;4
-6;141;139.0;-2.00000000000001;2.76647019386292;9;4;1;Abreo et al. (2023);Experiment 1;Orientation;1;1;;;;;;;34;4
-86;86;81.5;-4.5;3.59985446929932;9;4;1;Abreo et al. (2023);Experiment 1;Orientation;1;1;;;;;;;35;4
14;92;91.5;-0.500000000000007;3.26645612716675;9;4;1;Abreo et al. (2023);Experiment 1;Orientation;1;1;;;;;;;36;4
65;149;160.5;11.5;1.75812220573425;9;5;1;Abreo et al. (2023);Experiment 1;Orientation;1;1;;;;;;;1;5
-8;147;143.5;-3.49999999999999;1.75829219818115;9;5;1;Abreo et al. (2023);Experiment 1;Orientation;1;1;;;;;;;2;5
67;132;142.0;9.99999999999999;1.72488594055176;9;5;1;Abreo et al. (2023);Experiment 1;Orientation;1;1;;;;;;;3;5
-10;80;89.5;9.50000000000001;3.79120349884033;9;5;1;Abreo et al. (2023);Experiment 1;Orientation;1;1;;;;;;;4;5
-9;159;164.0;5.0;2.60791683197021;9;5;1;Abreo et al. (2023);Experiment 1;Orientation;1;1;;;;;;;5;5
-74;63;79.0;16.0;2.69963645935059;9;5;1;Abreo et al. (2023);Experiment 1;Orientation;1;1;;;;;;;6;5
-75;155;153.5;-1.50000000000001;2.58319807052612;9;5;1;Abreo et al. (2023);Experiment 1;Orientation;1;1;;;;;;;7;5
-50;140;133.5;-6.5;1.45821905136108;9;5;1;Abreo et al. (2023);Experiment 1;Orientation;1;1;;;;;;;8;5
-87;100;97.0;-3.00000000000001;1.70820116996765;9;5;1;Abreo et al. (2023);Experiment 1;Orientation;1;1;;;;;;;9;5
-44;18;14.0;-4.0;2.14145946502686;9;5;1;Abreo et al. (2023);Experiment 1;Orientation;1;1;;;;;;;10;5
72;161;167.0;5.99999999999998;1.58313035964966;9;5;1;Abreo et al. (2023);Experiment 1;Orientation;1;1;;;;;;;11;5
-60;9;2.5;-6.5;2.1582202911377;9;5;1;Abreo et al. (2023);Experiment 1;Orientation;1;1;;;;;;;12;5
-45;90;92.5;2.5;2.51657295227051;9;5;1;Abreo et al. (2023);Experiment 1;Orientation;1;1;;;;;;;13;5
5;78;88.0;10.0;1.91650128364563;9;5;1;Abreo et al. (2023);Experiment 1;Orientation;1;1;;;;;;;14;5
75;103;101.5;-1.50000000000001;1.824862241745;9;5;1;Abreo et al. (2023);Experiment 1;Orientation;1;1;;;;;;;15;5
80;33;36.0;3.0;1.90817761421204;9;5;1;Abreo et al. (2023);Experiment 1;Orientation;1;1;;;;;;;16;5
-29;115;107.5;-7.5;1.71616649627686;9;5;1;Abreo et al. (2023);Experiment 1;Orientation;1;1;;;;;;;17;5
-53;119;118.5;-0.499999999999994;2.19968891143799;9;5;1;Abreo et al. (2023);Experiment 1;Orientation;1;1;;;;;;;18;5
-73;3;1.5;-1.5;1.32467913627625;9;5;1;Abreo et al. (2023);Experiment 1;Orientation;1;1;;;;;;;19;5
29;16;11.0;-5.0;2.02480745315552;9;5;1;Abreo et al. (2023);Experiment 1;Orientation;1;1;;;;;;;20;5
-57;87;89.5;2.50000000000001;2.27483701705933;9;5;1;Abreo et al. (2023);Experiment 1;Orientation;1;1;;;;;;;21;5
4;146;146.0;0.0;2.96653246879578;9;5;1;Abreo et al. (2023);Experiment 1;Orientation;1;1;;;;;;;22;5
-32;134;131.0;-3.00000000000001;1.72490191459656;9;5;1;Abreo et al. (2023);Experiment 1;Orientation;1;1;;;;;;;23;5
-81;76;82.0;6.0;2.44983530044556;9;5;1;Abreo et al. (2023);Experiment 1;Orientation;1;1;;;;;;;24;5
-1;175;175.5;0.499999999999994;2.0665283203125;9;5;1;Abreo et al. (2023);Experiment 1;Orientation;1;1;;;;;;;25;5
83;8;6.5;-1.5;3.0913302898407;9;5;1;Abreo et al. (2023);Experiment 1;Orientation;1;1;;;;;;;26;5
65;59;78.5;19.5;2.099848985672;9;5;1;Abreo et al. (2023);Experiment 1;Orientation;1;1;;;;;;;27;5
12;103;97.5;-5.5;2.02480912208557;9;5;1;Abreo et al. (2023);Experiment 1;Orientation;1;1;;;;;;;28;5
10;30;35.5;5.50000000000001;1.73317933082581;9;5;1;Abreo et al. (2023);Experiment 1;Orientation;1;1;;;;;;;29;5
9;176;180.0;4.00000000000001;2.02489423751831;9;5;1;Abreo et al. (2023);Experiment 1;Orientation;1;1;;;;;;;30;5
30;41;60.5;19.5;1.84975910186768;9;5;1;Abreo et al. (2023);Experiment 1;Orientation;1;1;;;;;;;31;5
65;149;148.5;-0.499999999999995;1.44168066978455;9;6;1;Abreo et al. (2023);Experiment 1;Orientation;1;1;;;;;;;1;6
-8;147;161.5;14.5;1.9499340057373;9;6;1;Abreo et al. (2023);Experiment 1;Orientation;1;1;;;;;;;2;6
67;132;138.0;5.99999999999999;1.74956750869751;9;6;1;Abreo et al. (2023);Experiment 1;Orientation;1;1;;;;;;;3;6
-10;80;78.5;-1.5;2.80792117118835;9;6;1;Abreo et al. (2023);Experiment 1;Orientation;1;1;;;;;;;4;6
-9;159;168.0;9.0;1.86633324623108;9;6;1;Abreo et al. (2023);Experiment 1;Orientation;1;1;;;;;;;5;6
-74;63;82.0;19.0;2.0995500087738;9;6;1;Abreo et al. (2023);Experiment 1;Orientation;1;1;;;;;;;6;6
-75;155;153.0;-2.0;2.00804972648621;9;6;1;Abreo et al. (2023);Experiment 1;Orientation;1;1;;;;;;;7;6
-50;140;129.5;-10.5;1.64149403572083;9;6;1;Abreo et al. (2023);Experiment 1;Orientation;1;1;;;;;;;8;6
-87;100;96.0;-3.99999999999999;1.65809512138367;9;6;1;Abreo et al. (2023);Experiment 1;Orientation;1;1;;;;;;;9;6
-44;18;16.0;-2.0;1.9165632724762;9;6;1;Abreo et al. (2023);Experiment 1;Orientation;1;1;;;;;;;10;6
72;161;160.5;-0.50000000000002;1.59956216812134;9;6;1;Abreo et al. (2023);Experiment 1;Orientation;1;1;;;;;;;11;6
-60;9;1.0;-8.0;1.73320937156677;9;6;1;Abreo et al. (2023);Experiment 1;Orientation;1;1;;;;;;;12;6
-45;90;88.5;-1.5;2.71632742881775;9;6;1;Abreo et al. (2023);Experiment 1;Orientation;1;1;;;;;;;13;6
5;78;84.0;6.00000000000001;1.99986720085144;9;6;1;Abreo et al. (2023);Experiment 1;Orientation;1;1;;;;;;;14;6
75;103;104.0;1.0;2.31634736061096;9;6;1;Abreo et al. (2023);Experiment 1;Orientation;1;1;;;;;;;15;6
80;33;52.5;19.5;1.991544008255;9;6;1;Abreo et al. (2023);Experiment 1;Orientation;1;1;;;;;;;16;6
-29;115;104.0;-11.0;1.57479596138;9;6;1;Abreo et al. (2023);Experiment 1;Orientation;1;1;;;;;;;17;6
-53;119;103.0;-16.0;1.95820736885071;9;6;1;Abreo et al. (2023);Experiment 1;Orientation;1;1;;;;;;;18;6
-73;3;176.5;-6.5;2.37464618682861;9;6;1;Abreo et al. (2023);Experiment 1;Orientation;1;1;;;;;;;19;6
29;16;12.0;-4.0;2.5411581993103;9;6;1;Abreo et al. (2023);Experiment 1;Orientation;1;1;;;;;;;20;6
-57;87;85.5;-1.5;2.31649398803711;9;6;1;Abreo et al. (2023);Experiment 1;Orientation;1;1;;;;;;;21;6
4;146;138.5;-7.49999999999999;1.64988589286804;9;6;1;Abreo et al. (2023);Experiment 1;Orientation;1;1;;;;;;;22;6
-32;134;122.5;-11.5;1.86640882492065;9;6;1;Abreo et al. (2023);Experiment 1;Orientation;1;1;;;;;;;23;6
-81;76;81.5;5.5;2.63299155235291;9;6;1;Abreo et al. (2023);Experiment 1;Orientation;1;1;;;;;;;24;6
-1;175;175.0;0.0;2.45802402496338;9;6;1;Abreo et al. (2023);Experiment 1;Orientation;1;1;;;;;;;25;6
83;8;3.0;-5.0;2.0914294719696;9;6;1;Abreo et al. (2023);Experiment 1;Orientation;1;1;;;;;;;26;6
65;59;71.0;12.0;2.32485437393188;9;6;1;Abreo et al. (2023);Experiment 1;Orientation;1;1;;;;;;;27;6
12;103;88.0;-15.0;3.67455840110779;9;6;1;Abreo et al. (2023);Experiment 1;Orientation;1;1;;;;;;;28;6
10;30;25.0;-4.99999999999999;3.11649537086487;9;6;1;Abreo et al. (2023);Experiment 1;Orientation;1;1;;;;;;;29;6
9;176;176.5;0.50000000000002;2.77475619316101;9;6;1;Abreo et al. (2023);Experiment 1;Orientation;1;1;;;;;;;30;6
30;41;67.0;26.0;1.89146304130554;9;6;1;Abreo et al. (2023);Experiment 1;Orientation;1;1;;;;;;;31;6
35;67;52.0;-15.0;1.56182980537415;10;1;1;Abreo et al. (2023);Experiment 1;Orientation;1;1;;;;;;;1;1
7;104;83.0;-21.0;3.07519793510437;10;1;1;Abreo et al. (2023);Experiment 1;Orientation;1;1;;;;;;;2;1
-61;49;50.0;0.999999999999998;1.91645550727844;10;1;1;Abreo et al. (2023);Experiment 1;Orientation;1;1;;;;;;;3;1
67;107;123.5;16.5;2.32485508918762;10;1;1;Abreo et al. (2023);Experiment 1;Orientation;1;1;;;;;;;4;1
-25;151;151.5;0.499999999999996;2.4914882183075;10;1;1;Abreo et al. (2023);Experiment 1;Orientation;1;1;;;;;;;5;1
35;9;16.0;7.0;1.82455563545227;10;1;1;Abreo et al. (2023);Experiment 1;Orientation;1;1;;;;;;;6;1
-8;152;128.5;-23.5;1.48290872573853;10;1;1;Abreo et al. (2023);Experiment 1;Orientation;1;1;;;;;;;7;1
-59;74;86.0;12.0;3.60814189910889;10;1;1;Abreo et al. (2023);Experiment 1;Orientation;1;1;;;;;;;8;1
-83;160;141.5;-18.5;2.08305907249451;10;1;1;Abreo et al. (2023);Experiment 1;Orientation;1;1;;;;;;;9;1
-63;128;128.0;-0.0;1.34952974319458;10;1;1;Abreo et al. (2023);Experiment 1;Orientation;1;1;;;;;;;10;1
-57;16;35.5;19.5;1.72458052635193;10;1;1;Abreo et al. (2023);Experiment 1;Orientation;1;1;;;;;;;11;1
53;5;9.5;4.5;1.73321223258972;10;1;1;Abreo et al. (2023);Experiment 1;Orientation;1;1;;;;;;;12;1
-27;111;95.5;-15.5;2.2997624874115;10;1;1;Abreo et al. (2023);Experiment 1;Orientation;1;1;;;;;;;13;1
30;57;54.5;-2.5;3.54952478408813;10;1;1;Abreo et al. (2023);Experiment 1;Orientation;1;1;;;;;;;14;1
84;146;140.0;-6.00000000000001;1.52484917640686;10;1;1;Abreo et al. (2023);Experiment 1;Orientation;1;1;;;;;;;15;1
-90;82;82.0;-0.0;9.74145984649658;10;1;1;Abreo et al. (2023);Experiment 1;Orientation;1;1;;;;;;;16;1
-43;76;58.0;-18.0;1.9329981803894;10;1;1;Abreo et al. (2023);Experiment 1;Orientation;1;1;;;;;;;17;1
-13;40;34.5;-5.5;1.84971952438354;10;1;1;Abreo et al. (2023);Experiment 1;Orientation;1;1;;;;;;;18;1
0;96;118.5;22.5;5.7998480796814;10;1;1;Abreo et al. (2023);Experiment 1;Orientation;1;1;;;;;;;19;1
70;123;75.5;-47.5;5.17453002929688;10;1;1;Abreo et al. (2023);Experiment 1;Orientation;1;1;;;;;;;20;1
32;6;34.5;28.5;3.39145016670227;10;1;1;Abreo et al. (2023);Experiment 1;Orientation;1;1;;;;;;;21;1
73;97;111.5;14.5;5.68283891677856;10;1;1;Abreo et al. (2023);Experiment 1;Orientation;1;1;;;;;;;22;1
-2;159;160.0;0.999999999999987;2.37488794326782;10;1;1;Abreo et al. (2023);Experiment 1;Orientation;1;1;;;;;;;23;1
67;76;51.0;-25.0;1.69146418571472;10;1;1;Abreo et al. (2023);Experiment 1;Orientation;1;1;;;;;;;24;1
-72;128;45.5;-82.5;2.23288679122925;10;1;1;Abreo et al. (2023);Experiment 1;Orientation;1;1;;;;;;;25;1
26;117;118.0;1.00000000000001;4.1331729888916;10;1;1;Abreo et al. (2023);Experiment 1;Orientation;1;1;;;;;;;26;1
-28;58;40.0;-18.0;4.09130787849426;10;1;1;Abreo et al. (2023);Experiment 1;Orientation;1;1;;;;;;;27;1
-20;7;13.0;6.0;2.25819301605225;10;1;1;Abreo et al. (2023);Experiment 1;Orientation;1;1;;;;;;;28;1
-53;72;68.5;-3.5;2.84153389930725;10;1;1;Abreo et al. (2023);Experiment 1;Orientation;1;1;;;;;;;29;1
25;73;69.0;-4.0;3.3245370388031;10;1;1;Abreo et al. (2023);Experiment 1;Orientation;1;1;;;;;;;30;1
26;28;57.5;29.5;2.49982619285583;10;1;1;Abreo et al. (2023);Experiment 1;Orientation;1;1;;;;;;;31;1
51;60;70.5;10.5;2.51633071899414;10;1;1;Abreo et al. (2023);Experiment 1;Orientation;1;1;;;;;;;32;1
0;5;31.0;26.0;2.01165390014648;10;2;1;Abreo et al. (2023);Experiment 1;Orientation;1;1;;;;;;;1;2
88;48;104.5;56.5;1.63318014144897;10;2;1;Abreo et al. (2023);Experiment 1;Orientation;1;1;;;;;;;2;2
9;16;23.0;7.0;2.15815901756287;10;2;1;Abreo et al. (2023);Experiment 1;Orientation;1;1;;;;;;;3;2
68;0;124.5;-55.5;2.04973363876343;10;2;1;Abreo et al. (2023);Experiment 1;Orientation;1;1;;;;;;;4;2
21;61;60.0;-1.0;1.58320569992065;10;2;1;Abreo et al. (2023);Experiment 1;Orientation;1;1;;;;;;;5;2
-5;5;12.5;7.5;1.73302888870239;10;2;1;Abreo et al. (2023);Experiment 1;Orientation;1;1;;;;;;;6;2
-40;4;154.0;-30.0;1.79970073699951;10;2;1;Abreo et al. (2023);Experiment 1;Orientation;1;1;;;;;;;7;2
34;33;67.0;34.0;1.60811591148376;10;2;1;Abreo et al. (2023);Experiment 1;Orientation;1;1;;;;;;;8;2
-28;131;119.5;-11.5;1.70813012123108;10;2;1;Abreo et al. (2023);Experiment 1;Orientation;1;1;;;;;;;9;2
17;30;53.5;23.5;2.48295068740845;10;2;1;Abreo et al. (2023);Experiment 1;Orientation;1;1;;;;;;;10;2
-25;102;129.0;27.0;2.71630144119263;10;2;1;Abreo et al. (2023);Experiment 1;Orientation;1;1;;;;;;;11;2
50;178;14.0;16.0;1.74124312400818;10;2;1;Abreo et al. (2023);Experiment 1;Orientation;1;1;;;;;;;12;2
0;125;32.5;87.5;2.50813412666321;10;2;1;Abreo et al. (2023);Experiment 1;Orientation;1;1;;;;;;;13;2
1;82;83.5;1.49999999999999;3.80792617797852;10;2;1;Abreo et al. (2023);Experiment 1;Orientation;1;1;;;;;;;14;2
-56;137;106.0;-31.0;2.27484583854675;10;2;1;Abreo et al. (2023);Experiment 1;Orientation;1;1;;;;;;;15;2
12;168;0.5;12.5;1.23286271095276;10;2;1;Abreo et al. (2023);Experiment 1;Orientation;1;1;;;;;;;16;2
63;134;152.0;18.0;1.54960012435913;10;2;1;Abreo et al. (2023);Experiment 1;Orientation;1;1;;;;;;;17;2
-70;128;139.0;11.0;1.74152374267578;10;2;1;Abreo et al. (2023);Experiment 1;Orientation;1;1;;;;;;;18;2
72;174;3.0;9.0;2.14962315559387;10;2;1;Abreo et al. (2023);Experiment 1;Orientation;1;1;;;;;;;19;2
-18;20;9.0;-11.0;1.75816416740417;10;2;1;Abreo et al. (2023);Experiment 1;Orientation;1;1;;;;;;;20;2
-72;144;109.5;-34.5;3.69950175285339;10;2;1;Abreo et al. (2023);Experiment 1;Orientation;1;1;;;;;;;21;2
69;35;89.5;54.5;2.5331552028656;10;2;1;Abreo et al. (2023);Experiment 1;Orientation;1;1;;;;;;;22;2
37;38;13.5;-24.5;2.19983863830566;10;2;1;Abreo et al. (2023);Experiment 1;Orientation;1;1;;;;;;;23;2
-24;109;126.0;17.0;1.43318200111389;10;2;1;Abreo et al. (2023);Experiment 1;Orientation;1;1;;;;;;;24;2
16;129;153.5;24.5;1.65816807746887;10;2;1;Abreo et al. (2023);Experiment 1;Orientation;1;1;;;;;;;25;2
-40;127;129.0;1.99999999999998;2.17487359046936;10;2;1;Abreo et al. (2023);Experiment 1;Orientation;1;1;;;;;;;26;2
85;74;67.5;-6.50000000000001;2.29149985313416;10;2;1;Abreo et al. (2023);Experiment 1;Orientation;1;1;;;;;;;27;2
45;24;101.5;77.5;3.60801124572754;10;2;1;Abreo et al. (2023);Experiment 1;Orientation;1;1;;;;;;;28;2
67;131;101.0;-30.0;2.34972953796387;10;2;1;Abreo et al. (2023);Experiment 1;Orientation;1;1;;;;;;;29;2
-42;7;27.0;20.0;2.7162299156189;10;2;1;Abreo et al. (2023);Experiment 1;Orientation;1;1;;;;;;;30;2
-31;32;30.5;-1.5;2.25784587860107;10;2;1;Abreo et al. (2023);Experiment 1;Orientation;1;1;;;;;;;31;2
-40;119;90.0;-29.0;2.47469997406006;10;2;1;Abreo et al. (2023);Experiment 1;Orientation;1;1;;;;;;;32;2
79;140;143.5;3.50000000000001;1.74991655349731;10;3;1;Abreo et al. (2023);Experiment 1;Orientation;1;1;;;;;;;1;3
37;89;167.5;78.5;2.49973034858704;10;3;1;Abreo et al. (2023);Experiment 1;Orientation;1;1;;;;;;;2;3
2;139;132.5;-6.5;1.85782480239868;10;3;1;Abreo et al. (2023);Experiment 1;Orientation;1;1;;;;;;;3;3
-27;18;139.5;-58.5;2.40822196006775;10;3;1;Abreo et al. (2023);Experiment 1;Orientation;1;1;;;;;;;4;3
-55;56;47.0;-9.0;2.09115958213806;10;3;1;Abreo et al. (2023);Experiment 1;Orientation;1;1;;;;;;;5;3
-40;10;35.0;25.0;1.6244740486145;10;3;1;Abreo et al. (2023);Experiment 1;Orientation;1;1;;;;;;;6;3
-29;101;132.5;31.5;2.19960689544678;10;3;1;Abreo et al. (2023);Experiment 1;Orientation;1;1;;;;;;;7;3
28;138;156.5;18.5;2.11652421951294;10;3;1;Abreo et al. (2023);Experiment 1;Orientation;1;1;;;;;;;8;3
30;168;173.5;5.49999999999999;1.86653685569763;10;3;1;Abreo et al. (2023);Experiment 1;Orientation;1;1;;;;;;;9;3
-60;141;174.0;33.0;1.76645398139954;10;3;1;Abreo et al. (2023);Experiment 1;Orientation;1;1;;;;;;;10;3
-26;138;127.5;-10.5;1.39986634254456;10;3;1;Abreo et al. (2023);Experiment 1;Orientation;1;1;;;;;;;11;3
58;80;145.5;65.5;1.35818290710449;10;3;1;Abreo et al. (2023);Experiment 1;Orientation;1;1;;;;;;;12;3
-5;177;156.0;-21.0;1.53307485580444;10;3;1;Abreo et al. (2023);Experiment 1;Orientation;1;1;;;;;;;13;3
-88;143;146.0;2.99999999999999;1.69139575958252;10;3;1;Abreo et al. (2023);Experiment 1;Orientation;1;1;;;;;;;14;3
-66;5;16.5;11.5;1.74117183685303;10;3;1;Abreo et al. (2023);Experiment 1;Orientation;1;1;;;;;;;15;3
50;84;47.5;-36.5;1.49154615402222;10;3;1;Abreo et al. (2023);Experiment 1;Orientation;1;1;;;;;;;16;3
72;109;119.0;10.0;1.90793895721436;10;3;1;Abreo et al. (2023);Experiment 1;Orientation;1;1;;;;;;;17;3
-44;66;63.5;-2.49999999999999;1.79951786994934;10;3;1;Abreo et al. (2023);Experiment 1;Orientation;1;1;;;;;;;18;3
-70;87;46.5;-40.5;4.24115991592407;10;3;1;Abreo et al. (2023);Experiment 1;Orientation;1;1;;;;;;;19;3
12;27;52.0;25.0;1.7329957485199;10;3;1;Abreo et al. (2023);Experiment 1;Orientation;1;1;;;;;;;20;3
-41;10;137.0;-53.0;2.16645359992981;10;3;1;Abreo et al. (2023);Experiment 1;Orientation;1;1;;;;;;;21;3
68;64;143.5;79.5;2.39982390403748;10;3;1;Abreo et al. (2023);Experiment 1;Orientation;1;1;;;;;;;22;3
-20;173;168.0;-4.99999999999999;2.03318762779236;10;3;1;Abreo et al. (2023);Experiment 1;Orientation;1;1;;;;;;;23;3
-32;175;44.5;49.5;2.25817489624023;10;3;1;Abreo et al. (2023);Experiment 1;Orientation;1;1;;;;;;;24;3
81;54;89.5;35.5;1.84125185012817;10;3;1;Abreo et al. (2023);Experiment 1;Orientation;1;1;;;;;;;25;3
81;82;164.0;82.0;1.89982867240906;10;3;1;Abreo et al. (2023);Experiment 1;Orientation;1;1;;;;;;;26;3
-18;169;171.0;2.0;1.37455892562866;10;3;1;Abreo et al. (2023);Experiment 1;Orientation;1;1;;;;;;;27;3
41;144;159.5;15.5;2.06636691093445;10;3;1;Abreo et al. (2023);Experiment 1;Orientation;1;1;;;;;;;28;3
59;52;60.0;7.99999999999999;2.72484970092773;10;3;1;Abreo et al. (2023);Experiment 1;Orientation;1;1;;;;;;;29;3
72;18;53.0;35.0;1.89153289794922;10;3;1;Abreo et al. (2023);Experiment 1;Orientation;1;1;;;;;;;30;3
-72;168;156.0;-12.0;1.93312001228333;10;3;1;Abreo et al. (2023);Experiment 1;Orientation;1;1;;;;;;;31;3
55;57;64.0;7.0;1.5747241973877;10;3;1;Abreo et al. (2023);Experiment 1;Orientation;1;1;;;;;;;32;3
-7;120;149.5;29.5;3.50313758850098;10;4;1;Abreo et al. (2023);Experiment 1;Orientation;1;1;;;;;;;1;4
-70;10;34.0;24.0;2.02468872070312;10;4;1;Abreo et al. (2023);Experiment 1;Orientation;1;1;;;;;;;2;4
77;133;108.5;-24.5;1.79989743232727;10;4;1;Abreo et al. (2023);Experiment 1;Orientation;1;1;;;;;;;3;4
39;51;74.5;23.5;2.1832103729248;10;4;1;Abreo et al. (2023);Experiment 1;Orientation;1;1;;;;;;;4;4
-26;172;152.0;-20.0;2.21654438972473;10;4;1;Abreo et al. (2023);Experiment 1;Orientation;1;1;;;;;;;5;4
18;10;36.5;26.5;1.8580379486084;10;4;1;Abreo et al. (2023);Experiment 1;Orientation;1;1;;;;;;;6;4
-62;98;106.0;8.0;1.78322601318359;10;4;1;Abreo et al. (2023);Experiment 1;Orientation;1;1;;;;;;;7;4
15;28;40.0;12.0;1.62471508979797;10;4;1;Abreo et al. (2023);Experiment 1;Orientation;1;1;;;;;;;8;4
22;90;73.5;-16.5;1.45808148384094;10;4;1;Abreo et al. (2023);Experiment 1;Orientation;1;1;;;;;;;9;4
-82;37;96.5;59.5;1.81647133827209;10;4;1;Abreo et al. (2023);Experiment 1;Orientation;1;1;;;;;;;10;4
-54;117;115.0;-2.0;2.23317551612854;10;4;1;Abreo et al. (2023);Experiment 1;Orientation;1;1;;;;;;;11;4
-17;99;94.5;-4.5;1.9580385684967;10;4;1;Abreo et al. (2023);Experiment 1;Orientation;1;1;;;;;;;12;4
-51;86;75.5;-10.5;2.39956593513489;10;4;1;Abreo et al. (2023);Experiment 1;Orientation;1;1;;;;;;;13;4
-38;109;138.5;29.5;1.80823302268982;10;4;1;Abreo et al. (2023);Experiment 1;Orientation;1;1;;;;;;;14;4
36;71;73.5;2.5;2.13301968574524;10;4;1;Abreo et al. (2023);Experiment 1;Orientation;1;1;;;;;;;15;4
71;130;175.0;45.0;1.69142270088196;10;4;1;Abreo et al. (2023);Experiment 1;Orientation;1;1;;;;;;;16;4
63;97;119.5;22.5;1.79130268096924;10;4;1;Abreo et al. (2023);Experiment 1;Orientation;1;1;;;;;;;17;4
-19;55;37.0;-18.0;1.95810794830322;10;4;1;Abreo et al. (2023);Experiment 1;Orientation;1;1;;;;;;;18;4
43;5;17.0;12.0;1.65818214416504;10;4;1;Abreo et al. (2023);Experiment 1;Orientation;1;1;;;;;;;19;4
-66;144;135.0;-9.0;1.94973397254944;10;4;1;Abreo et al. (2023);Experiment 1;Orientation;1;1;;;;;;;20;4
-88;29;101.5;72.5;1.38308310508728;10;4;1;Abreo et al. (2023);Experiment 1;Orientation;1;1;;;;;;;21;4
-73;57;54.0;-3.0;2.12452435493469;10;4;1;Abreo et al. (2023);Experiment 1;Orientation;1;1;;;;;;;22;4
-69;36;15.0;-21.0;2.55786991119385;10;4;1;Abreo et al. (2023);Experiment 1;Orientation;1;1;;;;;;;23;4
37;33;37.0;4.0;2.59153199195862;10;4;1;Abreo et al. (2023);Experiment 1;Orientation;1;1;;;;;;;24;4
80;125;123.5;-1.50000000000001;1.48319578170776;10;4;1;Abreo et al. (2023);Experiment 1;Orientation;1;1;;;;;;;25;4
79;164;161.0;-2.99999999999999;2.27479672431946;10;4;1;Abreo et al. (2023);Experiment 1;Orientation;1;1;;;;;;;26;4
43;151;171.0;20.0;3.01655435562134;10;4;1;Abreo et al. (2023);Experiment 1;Orientation;1;1;;;;;;;27;4
-54;87;101.0;14.0;2.23308110237122;10;4;1;Abreo et al. (2023);Experiment 1;Orientation;1;1;;;;;;;28;4
74;3;73.0;70.0;1.87481713294983;10;4;1;Abreo et al. (2023);Experiment 1;Orientation;1;1;;;;;;;29;4
38;118;132.0;14.0;2.59992051124573;10;4;1;Abreo et al. (2023);Experiment 1;Orientation;1;1;;;;;;;30;4
32;162;166.0;4.0;2.11653304100037;10;4;1;Abreo et al. (2023);Experiment 1;Orientation;1;1;;;;;;;31;4
81;149;161.5;12.5;2.18310928344727;10;4;1;Abreo et al. (2023);Experiment 1;Orientation;1;1;;;;;;;32;4
-59;140;87.5;-52.5;1.76991486549377;10;5;1;Abreo et al. (2023);Experiment 1;Orientation;1;1;;;;;;;1;5
39;144;128.0;-16.0;2.55833220481873;10;5;1;Abreo et al. (2023);Experiment 1;Orientation;1;1;;;;;;;2;5
-19;6;25.5;19.5;1.84984374046326;10;5;1;Abreo et al. (2023);Experiment 1;Orientation;1;1;;;;;;;3;5
79;59;43.5;-15.5;2.06676650047302;10;5;1;Abreo et al. (2023);Experiment 1;Orientation;1;1;;;;;;;4;5
78;99;43.0;-56.0;2.12468481063843;10;5;1;Abreo et al. (2023);Experiment 1;Orientation;1;1;;;;;;;5;5
4;85;84.0;-1.0;2.31649589538574;10;5;1;Abreo et al. (2023);Experiment 1;Orientation;1;1;;;;;;;6;5
-68;166;158.0;-8.00000000000001;1.54975819587708;10;5;1;Abreo et al. (2023);Experiment 1;Orientation;1;1;;;;;;;7;5
26;15;152.0;-43.0;1.7162938117981;10;5;1;Abreo et al. (2023);Experiment 1;Orientation;1;1;;;;;;;8;5
90;11;49.5;38.5;2.20797991752625;10;5;1;Abreo et al. (2023);Experiment 1;Orientation;1;1;;;;;;;9;5
49;103;133.0;30.0;1.44133877754211;10;5;1;Abreo et al. (2023);Experiment 1;Orientation;1;1;;;;;;;10;5
-59;99;76.5;-22.5;2.14976406097412;10;5;1;Abreo et al. (2023);Experiment 1;Orientation;1;1;;;;;;;11;5
59;67;73.5;6.49999999999999;1.87490439414978;10;5;1;Abreo et al. (2023);Experiment 1;Orientation;1;1;;;;;;;12;5
3;79;84.0;5.00000000000001;3.86647796630859;10;5;1;Abreo et al. (2023);Experiment 1;Orientation;1;1;;;;;;;13;5
-7;121;111.5;-9.50000000000001;2.26622223854065;10;5;1;Abreo et al. (2023);Experiment 1;Orientation;1;1;;;;;;;14;5
82;146;52.5;86.5;1.82486987113953;10;5;1;Abreo et al. (2023);Experiment 1;Orientation;1;1;;;;;;;15;5
-17;58;64.5;6.49999999999999;2.1582088470459;10;5;1;Abreo et al. (2023);Experiment 1;Orientation;1;1;;;;;;;16;5
37;37;41.0;4.0;2.53321957588196;10;5;1;Abreo et al. (2023);Experiment 1;Orientation;1;1;;;;;;;17;5
28;157;161.0;4.0;1.45806288719177;10;5;1;Abreo et al. (2023);Experiment 1;Orientation;1;1;;;;;;;18;5
-56;104;81.0;-23.0;1.758056640625;10;5;1;Abreo et al. (2023);Experiment 1;Orientation;1;1;;;;;;;19;5
-75;34;41.0;6.99999999999999;1.7746741771698;10;5;1;Abreo et al. (2023);Experiment 1;Orientation;1;1;;;;;;;20;5
45;98;115.0;17.0;1.73306012153625;10;5;1;Abreo et al. (2023);Experiment 1;Orientation;1;1;;;;;;;21;5
37;70;80.5;10.5;1.69988870620728;10;5;1;Abreo et al. (2023);Experiment 1;Orientation;1;1;;;;;;;22;5
0;52;61.0;8.99999999999999;1.57482552528381;10;5;1;Abreo et al. (2023);Experiment 1;Orientation;1;1;;;;;;;23;5
-2;43;38.0;-5.0;2.3247172832489;10;5;1;Abreo et al. (2023);Experiment 1;Orientation;1;1;;;;;;;24;5
59;43;72.5;29.5;1.74157977104187;10;5;1;Abreo et al. (2023);Experiment 1;Orientation;1;1;;;;;;;25;5
-32;44;44.5;0.500000000000002;2.14957070350647;10;5;1;Abreo et al. (2023);Experiment 1;Orientation;1;1;;;;;;;26;5
84;17;36.5;19.5;1.86650514602661;10;5;1;Abreo et al. (2023);Experiment 1;Orientation;1;1;;;;;;;27;5
46;144;113.5;-30.5;3.81645917892456;10;5;1;Abreo et al. (2023);Experiment 1;Orientation;1;1;;;;;;;28;5
13;34;53.5;19.5;1.72453594207764;10;5;1;Abreo et al. (2023);Experiment 1;Orientation;1;1;;;;;;;29;5
9;4;98.0;-86.0;1.41661262512207;10;6;1;Abreo et al. (2023);Experiment 1;Orientation;1;1;;;;;;;1;6
-28;46;32.0;-14.0;2.44986200332642;10;6;1;Abreo et al. (2023);Experiment 1;Orientation;1;1;;;;;;;2;6
51;148;124.0;-24.0;1.30821394920349;10;6;1;Abreo et al. (2023);Experiment 1;Orientation;1;1;;;;;;;3;6
1;134;48.5;-85.5;1.9995641708374;10;6;1;Abreo et al. (2023);Experiment 1;Orientation;1;1;;;;;;;4;6
-37;99;108.0;9.0;2.61634087562561;10;6;1;Abreo et al. (2023);Experiment 1;Orientation;1;1;;;;;;;5;6
-86;127;147.0;20.0;1.88292074203491;10;6;1;Abreo et al. (2023);Experiment 1;Orientation;1;1;;;;;;;6;6
-60;113;106.5;-6.5;1.64988088607788;10;6;1;Abreo et al. (2023);Experiment 1;Orientation;1;1;;;;;;;7;6
-51;31;35.5;4.5;1.98314380645752;10;6;1;Abreo et al. (2023);Experiment 1;Orientation;1;1;;;;;;;8;6
5;5;5.5;0.499999999999999;1.94123649597168;10;6;1;Abreo et al. (2023);Experiment 1;Orientation;1;1;;;;;;;9;6
55;7;80.5;73.5;2.64973187446594;10;6;1;Abreo et al. (2023);Experiment 1;Orientation;1;1;;;;;;;10;6
-58;50;87.0;37.0;2.14976501464844;10;6;1;Abreo et al. (2023);Experiment 1;Orientation;1;1;;;;;;;11;6
69;58;66.5;8.49999999999999;2.2082245349884;10;6;1;Abreo et al. (2023);Experiment 1;Orientation;1;1;;;;;;;12;6
-65;35;26.0;-9.0;4.87487983703613;10;6;1;Abreo et al. (2023);Experiment 1;Orientation;1;1;;;;;;;13;6
-59;32;28.5;-3.49999999999999;2.00783085823059;10;6;1;Abreo et al. (2023);Experiment 1;Orientation;1;1;;;;;;;14;6
-47;81;59.0;-22.0;1.84148597717285;10;6;1;Abreo et al. (2023);Experiment 1;Orientation;1;1;;;;;;;15;6
0;114;106.5;-7.5;2.74119520187378;10;6;1;Abreo et al. (2023);Experiment 1;Orientation;1;1;;;;;;;16;6
-19;175;169.5;-5.50000000000001;3.92444276809692;10;6;1;Abreo et al. (2023);Experiment 1;Orientation;1;1;;;;;;;17;6
35;25;61.5;36.5;2.74977207183838;10;6;1;Abreo et al. (2023);Experiment 1;Orientation;1;1;;;;;;;18;6
-85;96;106.5;10.5;1.84953951835632;10;6;1;Abreo et al. (2023);Experiment 1;Orientation;1;1;;;;;;;19;6
-5;122;64.5;-57.5;1.72488117218018;10;6;1;Abreo et al. (2023);Experiment 1;Orientation;1;1;;;;;;;20;6
-62;68;114.5;46.5;1.94983410835266;10;6;1;Abreo et al. (2023);Experiment 1;Orientation;1;1;;;;;;;21;6
-38;23;26.5;3.5;2.45821714401245;10;6;1;Abreo et al. (2023);Experiment 1;Orientation;1;1;;;;;;;22;6
67;24;80.5;56.5;1.77464294433594;10;6;1;Abreo et al. (2023);Experiment 1;Orientation;1;1;;;;;;;23;6
67;63;79.5;16.5;2.99141621589661;10;6;1;Abreo et al. (2023);Experiment 1;Orientation;1;1;;;;;;;24;6
-25;42;38.0;-3.99999999999999;2.34155201911926;10;6;1;Abreo et al. (2023);Experiment 1;Orientation;1;1;;;;;;;25;6
19;114;99.0;-15.0;2.02485799789429;10;6;1;Abreo et al. (2023);Experiment 1;Orientation;1;1;;;;;;;26;6
72;177;79.0;82.0;3.24153304100037;10;6;1;Abreo et al. (2023);Experiment 1;Orientation;1;1;;;;;;;27;6
-40;158;161.5;3.50000000000001;1.72483110427856;10;6;1;Abreo et al. (2023);Experiment 1;Orientation;1;1;;;;;;;28;6
29;27;34.5;7.5;1.84150218963623;10;6;1;Abreo et al. (2023);Experiment 1;Orientation;1;1;;;;;;;29;6
19;178;160.5;-17.5;2.23312091827393;10;6;1;Abreo et al. (2023);Experiment 1;Orientation;1;1;;;;;;;30;6
0;1;4.0;3.0;1.99157190322876;10;6;1;Abreo et al. (2023);Experiment 1;Orientation;1;1;;;;;;;31;6
-41;51;65.0;14.0;2.43302297592163;10;6;1;Abreo et al. (2023);Experiment 1;Orientation;1;1;;;;;;;32;6
20;34;43.0;8.99999999999999;1.73316621780396;10;6;1;Abreo et al. (2023);Experiment 1;Orientation;1;1;;;;;;;33;6
-56;68;60.0;-8.00000000000002;1.94504427909851;11;1;1;Abreo et al. (2023);Experiment 1;Orientation;1;1;;;;;;;1;1
49;117;116.5;-0.499999999999996;2.75051116943359;11;1;1;Abreo et al. (2023);Experiment 1;Orientation;1;1;;;;;;;2;1
70;41;41.0;-0.0;4.11650609970093;11;1;1;Abreo et al. (2023);Experiment 1;Orientation;1;1;;;;;;;3;1
-73;150;135.0;-15.0;2.27478933334351;11;1;1;Abreo et al. (2023);Experiment 1;Orientation;1;1;;;;;;;4;1
-1;74;63.5;-10.5;3.2161591053009;11;1;1;Abreo et al. (2023);Experiment 1;Orientation;1;1;;;;;;;5;1
46;140;152.5;12.5;2.56631684303284;11;1;1;Abreo et al. (2023);Experiment 1;Orientation;1;1;;;;;;;6;1
7;82;83.0;0.999999999999999;2.89960694313049;11;1;1;Abreo et al. (2023);Experiment 1;Orientation;1;1;;;;;;;7;1
72;104;120.5;16.5;2.0747971534729;11;1;1;Abreo et al. (2023);Experiment 1;Orientation;1;1;;;;;;;8;1
-72;122;25.0;83.0;2.89973831176758;11;1;1;Abreo et al. (2023);Experiment 1;Orientation;1;1;;;;;;;9;1
12;84;81.5;-2.5;2.62484431266785;11;1;1;Abreo et al. (2023);Experiment 1;Orientation;1;1;;;;;;;10;1
-83;25;32.5;7.5;2.09967303276062;11;1;1;Abreo et al. (2023);Experiment 1;Orientation;1;1;;;;;;;11;1
26;111;107.5;-3.5;2.64124631881714;11;1;1;Abreo et al. (2023);Experiment 1;Orientation;1;1;;;;;;;12;1
-42;106;120.0;14.0;2.14983010292053;11;1;1;Abreo et al. (2023);Experiment 1;Orientation;1;1;;;;;;;13;1
89;79;85.5;6.5;3.19985842704773;11;1;1;Abreo et al. (2023);Experiment 1;Orientation;1;1;;;;;;;14;1
-54;89;45.0;-44.0;2.69147324562073;11;1;1;Abreo et al. (2023);Experiment 1;Orientation;1;1;;;;;;;15;1
49;15;30.5;15.5;2.45811223983765;11;1;1;Abreo et al. (2023);Experiment 1;Orientation;1;1;;;;;;;16;1
7;149;130.0;-19.0;2.49146056175232;11;1;1;Abreo et al. (2023);Experiment 1;Orientation;1;1;;;;;;;17;1
-2;114;93.0;-21.0;3.00790333747864;11;1;1;Abreo et al. (2023);Experiment 1;Orientation;1;1;;;;;;;18;1
-3;153;161.5;8.50000000000001;3.22466826438904;11;1;1;Abreo et al. (2023);Experiment 1;Orientation;1;1;;;;;;;19;1
-63;44;66.0;22.0;2.1747944355011;11;1;1;Abreo et al. (2023);Experiment 1;Orientation;1;1;;;;;;;20;1
14;176;174.0;-2.0;3.18299436569214;11;1;1;Abreo et al. (2023);Experiment 1;Orientation;1;1;;;;;;;21;1
-29;179;179.5;0.499999999999994;3.39138650894165;11;1;1;Abreo et al. (2023);Experiment 1;Orientation;1;1;;;;;;;22;1
-43;39;29.5;-9.49999999999999;1.53282499313354;11;1;1;Abreo et al. (2023);Experiment 1;Orientation;1;1;;;;;;;23;1
14;108;80.5;-27.5;2.04140830039978;11;1;1;Abreo et al. (2023);Experiment 1;Orientation;1;1;;;;;;;24;1
-12;22;41.5;19.5;1.82488608360291;11;1;1;Abreo et al. (2023);Experiment 1;Orientation;1;1;;;;;;;25;1
-3;165;137.5;-27.5;2.15816235542297;11;2;1;Abreo et al. (2023);Experiment 1;Orientation;1;1;;;;;;;1;2
-32;129;120.0;-9.0;2.14976835250854;11;2;1;Abreo et al. (2023);Experiment 1;Orientation;1;1;;;;;;;2;2
-48;68;56.0;-12.0;2.05029511451721;11;2;1;Abreo et al. (2023);Experiment 1;Orientation;1;1;;;;;;;3;2
63;61;127.0;66.0;1.87491011619568;11;2;1;Abreo et al. (2023);Experiment 1;Orientation;1;1;;;;;;;4;2
-53;95;104.5;9.5;1.94144415855408;11;2;1;Abreo et al. (2023);Experiment 1;Orientation;1;1;;;;;;;5;2
-59;34;42.0;7.99999999999999;1.69132256507874;11;2;1;Abreo et al. (2023);Experiment 1;Orientation;1;1;;;;;;;6;2
-85;41;44.5;3.5;1.6579384803772;11;2;1;Abreo et al. (2023);Experiment 1;Orientation;1;1;;;;;;;7;2
-11;124;109.5;-14.5;2.04152345657349;11;2;1;Abreo et al. (2023);Experiment 1;Orientation;1;1;;;;;;;8;2
-74;178;146.5;-31.5;1.77473664283752;11;2;1;Abreo et al. (2023);Experiment 1;Orientation;1;1;;;;;;;9;2
29;134;127.5;-6.50000000000001;1.73302054405212;11;2;1;Abreo et al. (2023);Experiment 1;Orientation;1;1;;;;;;;10;2
-83;141;131.5;-9.5;1.34952259063721;11;2;1;Abreo et al. (2023);Experiment 1;Orientation;1;1;;;;;;;11;2
84;171;92.5;-78.5;1.88283729553223;11;2;1;Abreo et al. (2023);Experiment 1;Orientation;1;1;;;;;;;12;2
-8;69;75.0;6.00000000000001;3.07478427886963;11;2;1;Abreo et al. (2023);Experiment 1;Orientation;1;1;;;;;;;13;2
-60;95;81.0;-14.0;1.89986062049866;11;2;1;Abreo et al. (2023);Experiment 1;Orientation;1;1;;;;;;;14;2
-7;124;114.5;-9.49999999999999;1.63302850723267;11;2;1;Abreo et al. (2023);Experiment 1;Orientation;1;1;;;;;;;15;2
-72;5;9.5;4.5;1.68322229385376;11;2;1;Abreo et al. (2023);Experiment 1;Orientation;1;1;;;;;;;16;2
-30;100;98.0;-2.0;3.01644921302795;11;2;1;Abreo et al. (2023);Experiment 1;Orientation;1;1;;;;;;;17;2
-87;171;86.5;-84.5;2.84949994087219;11;2;1;Abreo et al. (2023);Experiment 1;Orientation;1;1;;;;;;;18;2
-3;78;67.5;-10.5;1.84148716926575;11;2;1;Abreo et al. (2023);Experiment 1;Orientation;1;1;;;;;;;19;2
-76;89;89.5;0.500000000000007;1.82489228248596;11;2;1;Abreo et al. (2023);Experiment 1;Orientation;1;1;;;;;;;20;2
12;83;81.5;-1.49999999999999;2.44985485076904;11;2;1;Abreo et al. (2023);Experiment 1;Orientation;1;1;;;;;;;21;2
1;104;102.5;-1.50000000000001;2.05811643600464;11;2;1;Abreo et al. (2023);Experiment 1;Orientation;1;1;;;;;;;22;2
-3;93;89.5;-3.5;2.099764585495;11;2;1;Abreo et al. (2023);Experiment 1;Orientation;1;1;;;;;;;23;2
7;146;131.0;-15.0;1.93316221237183;11;2;1;Abreo et al. (2023);Experiment 1;Orientation;1;1;;;;;;;24;2
54;10;19.0;9.0;1.89122557640076;11;2;1;Abreo et al. (2023);Experiment 1;Orientation;1;1;;;;;;;25;2
-45;129;108.0;-21.0;1.8248872756958;11;2;1;Abreo et al. (2023);Experiment 1;Orientation;1;1;;;;;;;26;2
44;159;151.5;-7.50000000000001;1.78282427787781;11;2;1;Abreo et al. (2023);Experiment 1;Orientation;1;1;;;;;;;27;2
-89;144;114.5;-29.5;2.54964256286621;11;2;1;Abreo et al. (2023);Experiment 1;Orientation;1;1;;;;;;;28;2
31;40;27.5;-12.5;1.5497190952301;11;2;1;Abreo et al. (2023);Experiment 1;Orientation;1;1;;;;;;;29;2
10;48;57.5;9.5;1.34990525245667;11;2;1;Abreo et al. (2023);Experiment 1;Orientation;1;1;;;;;;;30;2
39;172;167.0;-5.00000000000002;1.80815649032593;11;2;1;Abreo et al. (2023);Experiment 1;Orientation;1;1;;;;;;;31;2
-81;91;87.0;-4.00000000000001;2.8748345375061;11;2;1;Abreo et al. (2023);Experiment 1;Orientation;1;1;;;;;;;32;2
6;130;112.5;-17.5;1.87454152107239;11;2;1;Abreo et al. (2023);Experiment 1;Orientation;1;1;;;;;;;33;2
-22;90;98.0;8.0;2.85785913467407;11;2;1;Abreo et al. (2023);Experiment 1;Orientation;1;1;;;;;;;34;2
50;179;166.5;-12.5;1.72004723548889;11;3;1;Abreo et al. (2023);Experiment 1;Orientation;1;1;;;;;;;1;3
-60;78;76.0;-1.99999999999999;2.12521457672119;11;3;1;Abreo et al. (2023);Experiment 1;Orientation;1;1;;;;;;;2;3
5;142;129.5;-12.5;1.82484221458435;11;3;1;Abreo et al. (2023);Experiment 1;Orientation;1;1;;;;;;;3;3
-88;158;129.5;-28.5;1.57549023628235;11;3;1;Abreo et al. (2023);Experiment 1;Orientation;1;1;;;;;;;4;3
78;99;92.0;-7.0;1.84139537811279;11;3;1;Abreo et al. (2023);Experiment 1;Orientation;1;1;;;;;;;5;3
-12;137;101.5;-35.5;2.64983654022217;11;3;1;Abreo et al. (2023);Experiment 1;Orientation;1;1;;;;;;;6;3
-43;58;72.5;14.5;1.78315258026123;11;3;1;Abreo et al. (2023);Experiment 1;Orientation;1;1;;;;;;;7;3
-4;148;129.0;-19.0;1.59965825080872;11;3;1;Abreo et al. (2023);Experiment 1;Orientation;1;1;;;;;;;8;3
-11;16;19.0;3.0;1.92483997344971;11;3;1;Abreo et al. (2023);Experiment 1;Orientation;1;1;;;;;;;9;3
31;96;80.5;-15.5;1.98296046257019;11;3;1;Abreo et al. (2023);Experiment 1;Orientation;1;1;;;;;;;10;3
18;3;2.0;-1.0;1.89975261688232;11;3;1;Abreo et al. (2023);Experiment 1;Orientation;1;1;;;;;;;11;3
27;112;103.0;-9.0;1.69984030723572;11;3;1;Abreo et al. (2023);Experiment 1;Orientation;1;1;;;;;;;12;3
70;65;155.5;-89.5;1.64968085289001;11;3;1;Abreo et al. (2023);Experiment 1;Orientation;1;1;;;;;;;13;3
16;2;0.5;-1.5;1.46655201911926;11;3;1;Abreo et al. (2023);Experiment 1;Orientation;1;1;;;;;;;14;3
-6;102;106.0;4.0;1.79948687553406;11;3;1;Abreo et al. (2023);Experiment 1;Orientation;1;1;;;;;;;15;3
86;82;83.5;1.49999999999999;1.54153895378113;11;3;1;Abreo et al. (2023);Experiment 1;Orientation;1;1;;;;;;;16;3
45;177;154.0;-23.0;2.299880027771;11;3;1;Abreo et al. (2023);Experiment 1;Orientation;1;1;;;;;;;17;3
-3;36;41.0;5.0;3.25790143013;11;3;1;Abreo et al. (2023);Experiment 1;Orientation;1;1;;;;;;;18;3
-84;168;131.5;-36.5;1.68308854103088;11;3;1;Abreo et al. (2023);Experiment 1;Orientation;1;1;;;;;;;19;3
-56;84;85.0;1.0;3.05808019638062;11;3;1;Abreo et al. (2023);Experiment 1;Orientation;1;1;;;;;;;20;3
45;10;23.0;13.0;1.68285012245178;11;3;1;Abreo et al. (2023);Experiment 1;Orientation;1;1;;;;;;;21;3
15;9;0.5;-8.5;1.35823249816895;11;3;1;Abreo et al. (2023);Experiment 1;Orientation;1;1;;;;;;;22;3
17;120;96.5;-23.5;1.6496844291687;11;3;1;Abreo et al. (2023);Experiment 1;Orientation;1;1;;;;;;;23;3
-62;171;120.0;-51.0;1.99148273468018;11;3;1;Abreo et al. (2023);Experiment 1;Orientation;1;1;;;;;;;24;3
-40;16;39.5;23.5;1.42480039596558;11;3;1;Abreo et al. (2023);Experiment 1;Orientation;1;1;;;;;;;25;3
3;129;115.0;-14.0;1.92472672462463;11;3;1;Abreo et al. (2023);Experiment 1;Orientation;1;1;;;;;;;26;3
32;123;112.0;-11.0;1.66635513305664;11;3;1;Abreo et al. (2023);Experiment 1;Orientation;1;1;;;;;;;27;3
70;170;136.0;-34.0;1.79146409034729;11;3;1;Abreo et al. (2023);Experiment 1;Orientation;1;1;;;;;;;28;3
-88;162;142.0;-20.0;1.5164110660553;11;3;1;Abreo et al. (2023);Experiment 1;Orientation;1;1;;;;;;;29;3
17;62;74.0;12.0;1.49968242645264;11;3;1;Abreo et al. (2023);Experiment 1;Orientation;1;1;;;;;;;30;3
-30;171;162.5;-8.50000000000001;1.72483348846436;11;3;1;Abreo et al. (2023);Experiment 1;Orientation;1;1;;;;;;;31;3
-4;122;123.5;1.50000000000001;2.7581741809845;11;3;1;Abreo et al. (2023);Experiment 1;Orientation;1;1;;;;;;;32;3
-45;162;155.0;-7.0;1.94970321655273;11;3;1;Abreo et al. (2023);Experiment 1;Orientation;1;1;;;;;;;33;3
68;85;90.5;5.5;1.44135212898254;11;3;1;Abreo et al. (2023);Experiment 1;Orientation;1;1;;;;;;;34;3
80;39;46.5;7.50000000000001;1.40818619728088;11;3;1;Abreo et al. (2023);Experiment 1;Orientation;1;1;;;;;;;35;3
85;43;57.0;14.0;1.49133729934692;11;3;1;Abreo et al. (2023);Experiment 1;Orientation;1;1;;;;;;;36;3
9;47;54.0;7.0;2.27861332893372;11;4;1;Abreo et al. (2023);Experiment 1;Orientation;1;1;;;;;;;1;4
-49;2;144.5;-37.5;1.91629385948181;11;4;1;Abreo et al. (2023);Experiment 1;Orientation;1;1;;;;;;;2;4
79;58;56.0;-2.0;1.28322815895081;11;4;1;Abreo et al. (2023);Experiment 1;Orientation;1;1;;;;;;;3;4
1;15;39.0;24.0;1.52480506896973;11;4;1;Abreo et al. (2023);Experiment 1;Orientation;1;1;;;;;;;4;4
84;149;79.0;-70.0;2.12475204467773;11;4;1;Abreo et al. (2023);Experiment 1;Orientation;1;1;;;;;;;5;4
-77;171;128.5;-42.5;1.82470726966858;11;4;1;Abreo et al. (2023);Experiment 1;Orientation;1;1;;;;;;;6;4
53;39;70.0;31.0;1.65798926353455;11;4;1;Abreo et al. (2023);Experiment 1;Orientation;1;1;;;;;;;7;4
9;22;25.0;3.0;1.75820279121399;11;4;1;Abreo et al. (2023);Experiment 1;Orientation;1;1;;;;;;;8;4
21;131;99.0;-32.0;1.60804724693298;11;4;1;Abreo et al. (2023);Experiment 1;Orientation;1;1;;;;;;;9;4
75;143;142.5;-0.50000000000002;1.75821733474731;11;4;1;Abreo et al. (2023);Experiment 1;Orientation;1;1;;;;;;;10;4
73;19;38.0;19.0;2.32462358474731;11;4;1;Abreo et al. (2023);Experiment 1;Orientation;1;1;;;;;;;11;4
51;115;107.0;-7.99999999999999;1.84133124351501;11;4;1;Abreo et al. (2023);Experiment 1;Orientation;1;1;;;;;;;12;4
79;12;38.0;26.0;1.64954614639282;11;4;1;Abreo et al. (2023);Experiment 1;Orientation;1;1;;;;;;;13;4
28;137;109.5;-27.5;1.49979305267334;11;4;1;Abreo et al. (2023);Experiment 1;Orientation;1;1;;;;;;;14;4
-74;76;85.5;9.49999999999999;2.48321032524109;11;4;1;Abreo et al. (2023);Experiment 1;Orientation;1;1;;;;;;;15;4
-5;140;112.5;-27.5;1.66635537147522;11;4;1;Abreo et al. (2023);Experiment 1;Orientation;1;1;;;;;;;16;4
73;65;69.5;4.5;1.73302960395813;11;4;1;Abreo et al. (2023);Experiment 1;Orientation;1;1;;;;;;;17;4
-19;72;83.5;11.5;1.85821390151978;11;4;1;Abreo et al. (2023);Experiment 1;Orientation;1;1;;;;;;;18;4
-82;46;36.5;-9.50000000000001;2.40809178352356;11;4;1;Abreo et al. (2023);Experiment 1;Orientation;1;1;;;;;;;19;4
-58;58;20.0;-38.0;1.93283796310425;11;4;1;Abreo et al. (2023);Experiment 1;Orientation;1;1;;;;;;;20;4
-56;44;38.5;-5.5;2.12460470199585;11;4;1;Abreo et al. (2023);Experiment 1;Orientation;1;1;;;;;;;21;4
-18;142;130.5;-11.5;1.46651029586792;11;4;1;Abreo et al. (2023);Experiment 1;Orientation;1;1;;;;;;;22;4
-43;129;94.5;-34.5;1.81633424758911;11;4;1;Abreo et al. (2023);Experiment 1;Orientation;1;1;;;;;;;23;4
-41;41;34.0;-6.99999999999999;1.70812845230103;11;4;1;Abreo et al. (2023);Experiment 1;Orientation;1;1;;;;;;;24;4
-80;37;29.0;-8.0;1.65802502632141;11;4;1;Abreo et al. (2023);Experiment 1;Orientation;1;1;;;;;;;25;4
-40;50;43.0;-7.0;2.33290910720825;11;4;1;Abreo et al. (2023);Experiment 1;Orientation;1;1;;;;;;;26;4
45;6;16.0;10.0;1.98318147659302;11;4;1;Abreo et al. (2023);Experiment 1;Orientation;1;1;;;;;;;27;4
-75;168;107.0;-61.0;1.54966068267822;11;4;1;Abreo et al. (2023);Experiment 1;Orientation;1;1;;;;;;;28;4
56;37;47.5;10.5;1.95818758010864;11;4;1;Abreo et al. (2023);Experiment 1;Orientation;1;1;;;;;;;29;4
-31;63;70.5;7.50000000000001;1.46652412414551;11;4;1;Abreo et al. (2023);Experiment 1;Orientation;1;1;;;;;;;30;4
-88;74;65.0;-9.00000000000001;1.32489895820618;11;4;1;Abreo et al. (2023);Experiment 1;Orientation;1;1;;;;;;;31;4
-80;116;105.0;-11.0;1.53310608863831;11;4;1;Abreo et al. (2023);Experiment 1;Orientation;1;1;;;;;;;32;4
12;170;160.0;-10.0;1.79148054122925;11;4;1;Abreo et al. (2023);Experiment 1;Orientation;1;1;;;;;;;33;4
-63;108;97.0;-11.0;1.3832151889801;11;4;1;Abreo et al. (2023);Experiment 1;Orientation;1;1;;;;;;;34;4
-8;142;125.0;-17.0;2.69124293327332;11;4;1;Abreo et al. (2023);Experiment 1;Orientation;1;1;;;;;;;35;4
0;79;72.5;-6.49999999999999;1.74154996871948;11;4;1;Abreo et al. (2023);Experiment 1;Orientation;1;1;;;;;;;36;4
-2;179;179.0;0.0;1.71643137931824;11;4;1;Abreo et al. (2023);Experiment 1;Orientation;1;1;;;;;;;37;4
17;89;93.0;4.00000000000001;1.85824036598206;11;4;1;Abreo et al. (2023);Experiment 1;Orientation;1;1;;;;;;;38;4
-72;170;123.0;-47.0;2.13286113739014;11;4;1;Abreo et al. (2023);Experiment 1;Orientation;1;1;;;;;;;39;4
90;33;48.0;15.0;2.03323006629944;11;4;1;Abreo et al. (2023);Experiment 1;Orientation;1;1;;;;;;;40;4
77;148;148.5;0.499999999999995;1.69155716896057;11;4;1;Abreo et al. (2023);Experiment 1;Orientation;1;1;;;;;;;41;4
7;73;81.5;8.50000000000001;2.41641616821289;11;4;1;Abreo et al. (2023);Experiment 1;Orientation;1;1;;;;;;;42;4
-48;12;44.0;32.0;1.31171464920044;11;5;1;Abreo et al. (2023);Experiment 1;Orientation;1;1;;;;;;;1;5
85;33;52.5;19.5;1.36690449714661;11;5;1;Abreo et al. (2023);Experiment 1;Orientation;1;1;;;;;;;2;5
25;66;66.0;-0.0;1.48313045501709;11;5;1;Abreo et al. (2023);Experiment 1;Orientation;1;1;;;;;;;3;5
-80;46;60.0;14.0;1.76683664321899;11;5;1;Abreo et al. (2023);Experiment 1;Orientation;1;1;;;;;;;4;5
2;7;19.5;12.5;1.36667847633362;11;5;1;Abreo et al. (2023);Experiment 1;Orientation;1;1;;;;;;;5;5
-14;103;100.0;-3.0;1.85800337791443;11;5;1;Abreo et al. (2023);Experiment 1;Orientation;1;1;;;;;;;6;5
-82;161;129.5;-31.5;1.49149322509766;11;5;1;Abreo et al. (2023);Experiment 1;Orientation;1;1;;;;;;;7;5
45;13;6.5;-6.5;1.38307094573975;11;5;1;Abreo et al. (2023);Experiment 1;Orientation;1;1;;;;;;;8;5
25;124;97.5;-26.5;1.74964427947998;11;5;1;Abreo et al. (2023);Experiment 1;Orientation;1;1;;;;;;;9;5
-88;133;111.5;-21.5;1.5664758682251;11;5;1;Abreo et al. (2023);Experiment 1;Orientation;1;1;;;;;;;10;5
-50;117;86.5;-30.5;2.36657524108887;11;5;1;Abreo et al. (2023);Experiment 1;Orientation;1;1;;;;;;;11;5
-43;62;80.5;18.5;2.09117722511292;11;5;1;Abreo et al. (2023);Experiment 1;Orientation;1;1;;;;;;;12;5
65;135;80.5;-54.5;1.3411762714386;11;5;1;Abreo et al. (2023);Experiment 1;Orientation;1;1;;;;;;;13;5
36;68;87.0;19.0;1.4496283531189;11;5;1;Abreo et al. (2023);Experiment 1;Orientation;1;1;;;;;;;14;5
-10;3;7.0;4.0;1.25823664665222;11;5;1;Abreo et al. (2023);Experiment 1;Orientation;1;1;;;;;;;15;5
16;116;107.0;-9.00000000000001;2.38299918174744;11;5;1;Abreo et al. (2023);Experiment 1;Orientation;1;1;;;;;;;16;5
64;14;31.0;17.0;1.35814428329468;11;5;1;Abreo et al. (2023);Experiment 1;Orientation;1;1;;;;;;;17;5
44;141;136.5;-4.5;1.92472529411316;11;5;1;Abreo et al. (2023);Experiment 1;Orientation;1;1;;;;;;;18;5
-43;100;106.0;6.0;1.25821852684021;11;5;1;Abreo et al. (2023);Experiment 1;Orientation;1;1;;;;;;;19;5
18;92;95.5;3.5;1.91637086868286;11;5;1;Abreo et al. (2023);Experiment 1;Orientation;1;1;;;;;;;20;5
81;75;67.0;-8.0;1.75799155235291;11;5;1;Abreo et al. (2023);Experiment 1;Orientation;1;1;;;;;;;21;5
24;21;15.0;-6.0;1.71657276153564;11;5;1;Abreo et al. (2023);Experiment 1;Orientation;1;1;;;;;;;22;5
-86;65;121.5;56.5;1.71617245674133;11;5;1;Abreo et al. (2023);Experiment 1;Orientation;1;1;;;;;;;23;5
-33;2;0.5;-1.5;1.8248143196106;11;5;1;Abreo et al. (2023);Experiment 1;Orientation;1;1;;;;;;;24;5
-61;110;124.5;14.5;2.53315615653992;11;5;1;Abreo et al. (2023);Experiment 1;Orientation;1;1;;;;;;;25;5
-77;69;52.5;-16.5;1.49147653579712;11;5;1;Abreo et al. (2023);Experiment 1;Orientation;1;1;;;;;;;26;5
-52;56;78.0;22.0;1.55806493759155;11;5;1;Abreo et al. (2023);Experiment 1;Orientation;1;1;;;;;;;27;5
-79;33;152.0;-61.0;1.29985404014587;11;5;1;Abreo et al. (2023);Experiment 1;Orientation;1;1;;;;;;;28;5
-57;11;108.0;-83.0;1.6915442943573;11;5;1;Abreo et al. (2023);Experiment 1;Orientation;1;1;;;;;;;29;5
24;92;88.5;-3.5;2.59976053237915;11;5;1;Abreo et al. (2023);Experiment 1;Orientation;1;1;;;;;;;30;5
82;120;122.5;2.50000000000003;1.22463321685791;11;5;1;Abreo et al. (2023);Experiment 1;Orientation;1;1;;;;;;;31;5
-53;112;108.0;-4.00000000000001;1.83319544792175;11;5;1;Abreo et al. (2023);Experiment 1;Orientation;1;1;;;;;;;32;5
-64;91;86.0;-5.0;2.44157266616821;11;5;1;Abreo et al. (2023);Experiment 1;Orientation;1;1;;;;;;;33;5
-74;44;62.5;18.5;1.86654090881348;11;6;1;Abreo et al. (2023);Experiment 1;Orientation;1;1;;;;;;;1;6
64;70;83.5;13.5;1.65026211738586;11;6;1;Abreo et al. (2023);Experiment 1;Orientation;1;1;;;;;;;2;6
15;1;161.0;-20.0;1.74995040893555;11;6;1;Abreo et al. (2023);Experiment 1;Orientation;1;1;;;;;;;3;6
-57;155;127.5;-27.5;1.51700067520142;11;6;1;Abreo et al. (2023);Experiment 1;Orientation;1;1;;;;;;;4;6
13;75;73.5;-1.50000000000001;1.82458233833313;11;6;1;Abreo et al. (2023);Experiment 1;Orientation;1;1;;;;;;;5;6
23;100;99.5;-0.499999999999995;2.12482714653015;11;6;1;Abreo et al. (2023);Experiment 1;Orientation;1;1;;;;;;;6;6
-55;29;19.5;-9.5;1.70821022987366;11;6;1;Abreo et al. (2023);Experiment 1;Orientation;1;1;;;;;;;7;6
88;127;114.0;-13.0;1.82481098175049;11;6;1;Abreo et al. (2023);Experiment 1;Orientation;1;1;;;;;;;8;6
20;72;72.5;0.500000000000005;1.89971089363098;11;6;1;Abreo et al. (2023);Experiment 1;Orientation;1;1;;;;;;;9;6
-84;26;19.0;-7.0;1.71652865409851;11;6;1;Abreo et al. (2023);Experiment 1;Orientation;1;1;;;;;;;10;6
88;154;162.5;8.49999999999998;1.85804414749146;11;6;1;Abreo et al. (2023);Experiment 1;Orientation;1;1;;;;;;;11;6
18;72;71.5;-0.499999999999996;1.83287048339844;11;6;1;Abreo et al. (2023);Experiment 1;Orientation;1;1;;;;;;;12;6
22;12;14.0;2.0;1.80787444114685;11;6;1;Abreo et al. (2023);Experiment 1;Orientation;1;1;;;;;;;13;6
-87;125;122.0;-3.00000000000002;1.57481837272644;11;6;1;Abreo et al. (2023);Experiment 1;Orientation;1;1;;;;;;;14;6
8;48;45.0;-3.0;1.3828341960907;11;6;1;Abreo et al. (2023);Experiment 1;Orientation;1;1;;;;;;;15;6
-61;16;163.0;-33.0;1.65817618370056;11;6;1;Abreo et al. (2023);Experiment 1;Orientation;1;1;;;;;;;16;6
46;87;83.0;-3.99999999999999;1.92472696304321;11;6;1;Abreo et al. (2023);Experiment 1;Orientation;1;1;;;;;;;17;6
28;6;12.0;6.0;2.04969811439514;11;6;1;Abreo et al. (2023);Experiment 1;Orientation;1;1;;;;;;;18;6
78;160;144.5;-15.5;1.56633281707764;11;6;1;Abreo et al. (2023);Experiment 1;Orientation;1;1;;;;;;;19;6
-73;103;108.5;5.5;1.49155735969543;11;6;1;Abreo et al. (2023);Experiment 1;Orientation;1;1;;;;;;;20;6
65;120;108.5;-11.5;1.93284010887146;11;6;1;Abreo et al. (2023);Experiment 1;Orientation;1;1;;;;;;;21;6
-40;177;162.0;-15.0;1.34990620613098;11;6;1;Abreo et al. (2023);Experiment 1;Orientation;1;1;;;;;;;22;6
-26;106;93.5;-12.5;1.75823020935059;11;6;1;Abreo et al. (2023);Experiment 1;Orientation;1;1;;;;;;;23;6
32;154;174.0;20.0;1.1665723323822;11;6;1;Abreo et al. (2023);Experiment 1;Orientation;1;1;;;;;;;24;6
42;19;43.5;24.5;1.29977941513062;11;6;1;Abreo et al. (2023);Experiment 1;Orientation;1;1;;;;;;;25;6
-63;174;178.5;4.5;4.34358358383179;12;1;1;Abreo et al. (2023);Experiment 1;Orientation;1;1;;;;;;;1;1
89;98;87.0;-11.0;3.10921788215637;12;1;1;Abreo et al. (2023);Experiment 1;Orientation;1;1;;;;;;;2;1
-27;61;99.5;38.5;5.02607369422913;12;1;1;Abreo et al. (2023);Experiment 1;Orientation;1;1;;;;;;;3;1
9;13;9.0;-4.0;5.07643055915833;12;1;1;Abreo et al. (2023);Experiment 1;Orientation;1;1;;;;;;;4;1
59;59;60.0;0.999999999999989;3.31769156455994;12;1;1;Abreo et al. (2023);Experiment 1;Orientation;1;1;;;;;;;5;1
-57;21;20.5;-0.5;2.49253678321838;12;1;1;Abreo et al. (2023);Experiment 1;Orientation;1;1;;;;;;;6;1
88;98;109.5;11.5;2.90912270545959;12;1;1;Abreo et al. (2023);Experiment 1;Orientation;1;1;;;;;;;7;1
-56;42;38.5;-3.5;2.08413505554199;12;1;1;Abreo et al. (2023);Experiment 1;Orientation;1;1;;;;;;;8;1
16;162;113.0;-49.0;2.42595601081848;12;1;1;Abreo et al. (2023);Experiment 1;Orientation;1;1;;;;;;;9;1
-15;90;106.0;16.0;3.48413872718811;12;1;1;Abreo et al. (2023);Experiment 1;Orientation;1;1;;;;;;;10;1
35;120;122.0;2.0;2.54222369194031;12;1;1;Abreo et al. (2023);Experiment 1;Orientation;1;1;;;;;;;11;1
51;171;57.0;66.0;1.90904903411865;12;1;1;Abreo et al. (2023);Experiment 1;Orientation;1;1;;;;;;;12;1
88;6;34.5;28.5;2.03411436080933;12;1;1;Abreo et al. (2023);Experiment 1;Orientation;1;1;;;;;;;13;1
-68;105;158.0;53.0;2.41764378547668;12;1;1;Abreo et al. (2023);Experiment 1;Orientation;1;1;;;;;;;14;1
10;139;130.0;-9.0;3.84286499023438;12;1;1;Abreo et al. (2023);Experiment 1;Orientation;1;1;;;;;;;15;1
29;89;97.5;8.50000000000001;1.91734766960144;12;1;1;Abreo et al. (2023);Experiment 1;Orientation;1;1;;;;;;;16;1
83;148;154.0;6.0;3.47613191604614;12;1;1;Abreo et al. (2023);Experiment 1;Orientation;1;1;;;;;;;17;1
14;22;39.5;17.5;3.44267320632935;12;1;1;Abreo et al. (2023);Experiment 1;Orientation;1;1;;;;;;;18;1
20;111;115.0;3.99999999999999;2.89276456832886;12;1;1;Abreo et al. (2023);Experiment 1;Orientation;1;1;;;;;;;19;1
-67;103;108.5;5.5;3.73433780670166;12;1;1;Abreo et al. (2023);Experiment 1;Orientation;1;1;;;;;;;20;1
88;39;46.5;7.50000000000001;2.11764121055603;12;1;1;Abreo et al. (2023);Experiment 1;Orientation;1;1;;;;;;;21;1
51;11;59.5;48.5;2.90105032920837;12;1;1;Abreo et al. (2023);Experiment 1;Orientation;1;1;;;;;;;22;1
57;71;41.5;-29.5;2.57596182823181;12;1;1;Abreo et al. (2023);Experiment 1;Orientation;1;1;;;;;;;23;1
-4;68;25.5;-42.5;3.04248976707458;12;1;1;Abreo et al. (2023);Experiment 1;Orientation;1;1;;;;;;;24;1
80;6;92.5;86.5;2.27599835395813;12;1;1;Abreo et al. (2023);Experiment 1;Orientation;1;1;;;;;;;25;1
-80;145;137.0;-8.00000000000002;2.47596192359924;12;1;1;Abreo et al. (2023);Experiment 1;Orientation;1;1;;;;;;;26;1
8;142;57.5;-84.5;3.30929684638977;12;1;1;Abreo et al. (2023);Experiment 1;Orientation;1;1;;;;;;;27;1
34;160;10.0;30.0;1.71721172332764;12;1;1;Abreo et al. (2023);Experiment 1;Orientation;1;1;;;;;;;28;1
58;75;93.0;18.0;2.31761574745178;12;1;1;Abreo et al. (2023);Experiment 1;Orientation;1;1;;;;;;;29;1
19;17;22.5;5.5;1.8341326713562;12;1;1;Abreo et al. (2023);Experiment 1;Orientation;1;1;;;;;;;30;1
33;172;8.5;16.5;2.49251866340637;12;1;1;Abreo et al. (2023);Experiment 1;Orientation;1;1;;;;;;;31;1
55;23;27.5;4.5;1.64610981941223;12;2;1;Abreo et al. (2023);Experiment 1;Orientation;1;1;;;;;;;1;2
-20;36;46.5;10.5;1.90163207054138;12;2;1;Abreo et al. (2023);Experiment 1;Orientation;1;1;;;;;;;2;2
-11;108;113.5;5.5;2.1589560508728;12;2;1;Abreo et al. (2023);Experiment 1;Orientation;1;1;;;;;;;3;2
-40;23;54.5;31.5;1.48382949829102;12;2;1;Abreo et al. (2023);Experiment 1;Orientation;1;1;;;;;;;4;2
-19;83;63.0;-20.0;1.75084900856018;12;2;1;Abreo et al. (2023);Experiment 1;Orientation;1;1;;;;;;;5;2
67;23;37.5;14.5;1.7256715297699;12;2;1;Abreo et al. (2023);Experiment 1;Orientation;1;1;;;;;;;6;2
-27;138;165.5;27.5;1.93409371376038;12;2;1;Abreo et al. (2023);Experiment 1;Orientation;1;1;;;;;;;7;2
11;97;158.0;61.0;1.96721816062927;12;2;1;Abreo et al. (2023);Experiment 1;Orientation;1;1;;;;;;;8;2
75;77;176.5;-80.5;1.90920042991638;12;2;1;Abreo et al. (2023);Experiment 1;Orientation;1;1;;;;;;;9;2
-22;41;61.0;20.0;4.81778883934021;12;2;1;Abreo et al. (2023);Experiment 1;Orientation;1;1;;;;;;;10;2
22;85;91.5;6.49999999999999;2.3508517742157;12;2;1;Abreo et al. (2023);Experiment 1;Orientation;1;1;;;;;;;11;2
3;54;65.5;11.5;2.6173837184906;12;2;1;Abreo et al. (2023);Experiment 1;Orientation;1;1;;;;;;;12;2
-57;18;0.5;-17.5;1.47560548782349;12;2;1;Abreo et al. (2023);Experiment 1;Orientation;1;1;;;;;;;13;2
22;118;122.0;3.99999999999998;2.26752781867981;12;2;1;Abreo et al. (2023);Experiment 1;Orientation;1;1;;;;;;;14;2
-70;158;177.0;19.0;1.62584161758423;12;2;1;Abreo et al. (2023);Experiment 1;Orientation;1;1;;;;;;;15;2
-83;138;169.0;31.0;2.05080056190491;12;2;1;Abreo et al. (2023);Experiment 1;Orientation;1;1;;;;;;;16;2
-28;84;73.5;-10.5;1.85905241966248;12;2;1;Abreo et al. (2023);Experiment 1;Orientation;1;1;;;;;;;17;2
26;113;121.5;8.49999999999999;1.91753673553467;12;2;1;Abreo et al. (2023);Experiment 1;Orientation;1;1;;;;;;;18;2
-28;92;83.5;-8.50000000000001;2.30915117263794;12;2;1;Abreo et al. (2023);Experiment 1;Orientation;1;1;;;;;;;19;2
-69;139;118.5;-20.5;2.10077905654907;12;2;1;Abreo et al. (2023);Experiment 1;Orientation;1;1;;;;;;;20;2
84;155;143.5;-11.5;2.39263081550598;12;2;1;Abreo et al. (2023);Experiment 1;Orientation;1;1;;;;;;;21;2
14;4;3.0;-1.0;2.60930943489075;12;2;1;Abreo et al. (2023);Experiment 1;Orientation;1;1;;;;;;;22;2
-3;46;22.5;-23.5;1.56739473342896;12;2;1;Abreo et al. (2023);Experiment 1;Orientation;1;1;;;;;;;23;2
-13;129;146.0;17.0;1.85084223747253;12;2;1;Abreo et al. (2023);Experiment 1;Orientation;1;1;;;;;;;24;2
48;38;48.5;10.5;3.07607507705688;12;2;1;Abreo et al. (2023);Experiment 1;Orientation;1;1;;;;;;;25;2
78;112;105.0;-7.0;2.24256110191345;12;2;1;Abreo et al. (2023);Experiment 1;Orientation;1;1;;;;;;;26;2
3;29;16.5;-12.5;3.27607798576355;12;2;1;Abreo et al. (2023);Experiment 1;Orientation;1;1;;;;;;;27;2
79;145;20.0;55.0;1.47576546669006;12;2;1;Abreo et al. (2023);Experiment 1;Orientation;1;1;;;;;;;28;2
57;101;113.0;12.0;2.00091600418091;12;2;1;Abreo et al. (2023);Experiment 1;Orientation;1;1;;;;;;;29;2
38;37;67.5;30.5;2.72598075866699;12;2;1;Abreo et al. (2023);Experiment 1;Orientation;1;1;;;;;;;30;2
-32;15;22.0;7.0;2.35902643203735;12;2;1;Abreo et al. (2023);Experiment 1;Orientation;1;1;;;;;;;31;2
53;49;62.5;13.5;2.18420767784119;12;2;1;Abreo et al. (2023);Experiment 1;Orientation;1;1;;;;;;;32;2
27;64;89.0;25.0;2.18419003486633;12;2;1;Abreo et al. (2023);Experiment 1;Orientation;1;1;;;;;;;33;2
-44;73;77.0;4.00000000000001;1.63436102867126;12;3;1;Abreo et al. (2023);Experiment 1;Orientation;1;1;;;;;;;1;3
26;157;155.5;-1.50000000000001;1.77612257003784;12;3;1;Abreo et al. (2023);Experiment 1;Orientation;1;1;;;;;;;2;3
89;177;171.5;-5.50000000000001;3.83469462394714;12;3;1;Abreo et al. (2023);Experiment 1;Orientation;1;1;;;;;;;3;3
83;108;109.0;1.0;3.90108585357666;12;3;1;Abreo et al. (2023);Experiment 1;Orientation;1;1;;;;;;;4;3
31;97;93.5;-3.5;2.05927181243896;12;3;1;Abreo et al. (2023);Experiment 1;Orientation;1;1;;;;;;;5;3
54;87;69.0;-18.0;3.2676112651825;12;3;1;Abreo et al. (2023);Experiment 1;Orientation;1;1;;;;;;;6;3
36;16;33.0;17.0;1.5674147605896;12;3;1;Abreo et al. (2023);Experiment 1;Orientation;1;1;;;;;;;7;3
26;30;38.5;8.5;2.72589492797852;12;3;1;Abreo et al. (2023);Experiment 1;Orientation;1;1;;;;;;;8;3
-6;14;87.5;73.5;2.30095386505127;12;3;1;Abreo et al. (2023);Experiment 1;Orientation;1;1;;;;;;;9;3
82;107;28.5;-78.5;2.42577290534973;12;3;1;Abreo et al. (2023);Experiment 1;Orientation;1;1;;;;;;;10;3
-89;44;67.5;23.5;1.77572655677795;12;3;1;Abreo et al. (2023);Experiment 1;Orientation;1;1;;;;;;;11;3
-7;101;108.5;7.50000000000001;1.87587666511536;12;3;1;Abreo et al. (2023);Experiment 1;Orientation;1;1;;;;;;;12;3
-83;36;57.0;21.0;1.70916080474854;12;3;1;Abreo et al. (2023);Experiment 1;Orientation;1;1;;;;;;;13;3
-32;172;2.5;10.5;2.12573480606079;12;3;1;Abreo et al. (2023);Experiment 1;Orientation;1;1;;;;;;;14;3
6;11;19.0;8.0;2.11749053001404;12;3;1;Abreo et al. (2023);Experiment 1;Orientation;1;1;;;;;;;15;3
-26;122;124.0;2.0;1.9007306098938;12;3;1;Abreo et al. (2023);Experiment 1;Orientation;1;1;;;;;;;16;3
38;120;126.5;6.50000000000001;1.94224572181702;12;3;1;Abreo et al. (2023);Experiment 1;Orientation;1;1;;;;;;;17;3
89;2;180.0;-2.00000000000001;5.60110878944397;12;3;1;Abreo et al. (2023);Experiment 1;Orientation;1;1;;;;;;;18;3
-71;145;130.5;-14.5;1.69254779815674;12;3;1;Abreo et al. (2023);Experiment 1;Orientation;1;1;;;;;;;19;3
17;61;68.5;7.50000000000001;1.93425273895264;12;3;1;Abreo et al. (2023);Experiment 1;Orientation;1;1;;;;;;;20;3
-22;48;54.0;6.0;2.01756858825684;12;3;1;Abreo et al. (2023);Experiment 1;Orientation;1;1;;;;;;;21;3
-82;47;152.0;-75.0;1.68384075164795;12;3;1;Abreo et al. (2023);Experiment 1;Orientation;1;1;;;;;;;22;3
47;144;1.0;37.0;2.20090484619141;12;3;1;Abreo et al. (2023);Experiment 1;Orientation;1;1;;;;;;;23;3
-48;94;95.0;1.0;3.1257176399231;12;3;1;Abreo et al. (2023);Experiment 1;Orientation;1;1;;;;;;;24;3
55;33;57.0;24.0;1.55916380882263;12;3;1;Abreo et al. (2023);Experiment 1;Orientation;1;1;;;;;;;25;3
-19;96;88.5;-7.5;2.05912089347839;12;3;1;Abreo et al. (2023);Experiment 1;Orientation;1;1;;;;;;;26;3
80;19;25.5;6.5;1.67576575279236;12;3;1;Abreo et al. (2023);Experiment 1;Orientation;1;1;;;;;;;27;3
48;122;113.5;-8.49999999999999;1.79249715805054;12;3;1;Abreo et al. (2023);Experiment 1;Orientation;1;1;;;;;;;28;3
86;35;29.0;-5.99999999999999;1.76753783226013;12;3;1;Abreo et al. (2023);Experiment 1;Orientation;1;1;;;;;;;29;3
57;20;15.0;-5.0;2.20088696479797;12;3;1;Abreo et al. (2023);Experiment 1;Orientation;1;1;;;;;;;30;3
-83;57;85.5;28.5;1.48400378227234;12;3;1;Abreo et al. (2023);Experiment 1;Orientation;1;1;;;;;;;31;3
-81;53;47.0;-6.0;1.68413543701172;12;3;1;Abreo et al. (2023);Experiment 1;Orientation;1;1;;;;;;;32;3
-9;88;90.0;2.0;1.89256358146667;12;3;1;Abreo et al. (2023);Experiment 1;Orientation;1;1;;;;;;;33;3
-16;94;72.0;-22.0;1.83389067649841;12;3;1;Abreo et al. (2023);Experiment 1;Orientation;1;1;;;;;;;34;3
-62;148;149.0;0.99999999999999;1.88390588760376;12;3;1;Abreo et al. (2023);Experiment 1;Orientation;1;1;;;;;;;35;3
59;143;22.0;59.0;2.94273781776428;12;3;1;Abreo et al. (2023);Experiment 1;Orientation;1;1;;;;;;;36;3
-42;73;61.0;-12.0;1.56646585464478;13;1;1;Abreo et al. (2023);Experiment 1;Orientation;1;1;;;;;;;1;1
37;115;60.0;-55.0;4.6501157283783;13;1;1;Abreo et al. (2023);Experiment 1;Orientation;1;1;;;;;;;2;1
79;142;59.0;-83.0;4.25015473365784;13;1;1;Abreo et al. (2023);Experiment 1;Orientation;1;1;;;;;;;3;1
-69;131;115.5;-15.5;1.50819158554077;13;1;1;Abreo et al. (2023);Experiment 1;Orientation;1;1;;;;;;;4;1
7;104;103.5;-0.500000000000008;2.35781145095825;13;1;1;Abreo et al. (2023);Experiment 1;Orientation;1;1;;;;;;;5;1
34;143;135.5;-7.50000000000002;2.46651363372803;13;1;1;Abreo et al. (2023);Experiment 1;Orientation;1;1;;;;;;;6;1
46;158;157.5;-0.499999999999994;2.15817856788635;13;1;1;Abreo et al. (2023);Experiment 1;Orientation;1;1;;;;;;;7;1
-67;71;62.5;-8.49999999999999;2.87484574317932;13;1;1;Abreo et al. (2023);Experiment 1;Orientation;1;1;;;;;;;8;1
47;71;86.0;15.0;1.51639175415039;13;1;1;Abreo et al. (2023);Experiment 1;Orientation;1;1;;;;;;;9;1
28;111;56.0;-55.0;4.18315482139587;13;1;1;Abreo et al. (2023);Experiment 1;Orientation;1;1;;;;;;;10;1
36;116;125.0;9.0;2.66652417182922;13;1;1;Abreo et al. (2023);Experiment 1;Orientation;1;1;;;;;;;11;1
79;12;17.0;5.0;4.78290581703186;13;1;1;Abreo et al. (2023);Experiment 1;Orientation;1;1;;;;;;;12;1
-82;35;35.5;0.500000000000004;3.30817794799805;13;1;1;Abreo et al. (2023);Experiment 1;Orientation;1;1;;;;;;;13;1
-66;39;87.5;48.5;2.2248706817627;13;1;1;Abreo et al. (2023);Experiment 1;Orientation;1;1;;;;;;;14;1
-90;97;98.0;1.0;1.4082088470459;13;1;1;Abreo et al. (2023);Experiment 1;Orientation;1;1;;;;;;;15;1
-70;78;132.5;54.5;1.48318481445312;13;1;1;Abreo et al. (2023);Experiment 1;Orientation;1;1;;;;;;;16;1
22;98;83.5;-14.5;2.21652674674988;13;1;1;Abreo et al. (2023);Experiment 1;Orientation;1;1;;;;;;;17;1
-7;113;126.5;13.5;3.04152655601501;13;1;1;Abreo et al. (2023);Experiment 1;Orientation;1;1;;;;;;;18;1
3;74;68.0;-6.0;1.55806350708008;13;1;1;Abreo et al. (2023);Experiment 1;Orientation;1;1;;;;;;;19;1
89;69;75.5;6.5;4.83318066596985;13;1;1;Abreo et al. (2023);Experiment 1;Orientation;1;1;;;;;;;20;1
-61;98;126.0;28.0;3.13310766220093;13;1;1;Abreo et al. (2023);Experiment 1;Orientation;1;1;;;;;;;21;1
51;157;156.0;-1.00000000000002;2.7994909286499;13;1;1;Abreo et al. (2023);Experiment 1;Orientation;1;1;;;;;;;22;1
45;55;93.0;38.0;1.56653070449829;13;1;1;Abreo et al. (2023);Experiment 1;Orientation;1;1;;;;;;;23;1
48;16;80.5;64.5;3.44948673248291;13;1;1;Abreo et al. (2023);Experiment 1;Orientation;1;1;;;;;;;24;1
-80;11;25.5;14.5;3.1082010269165;13;1;1;Abreo et al. (2023);Experiment 1;Orientation;1;1;;;;;;;25;1
-15;97;120.0;23.0;1.94120264053345;13;1;1;Abreo et al. (2023);Experiment 1;Orientation;1;1;;;;;;;26;1
19;45;55.0;10.0;1.8246591091156;13;1;1;Abreo et al. (2023);Experiment 1;Orientation;1;1;;;;;;;27;1
-45;68;38.5;-29.5;4.12452268600464;13;1;1;Abreo et al. (2023);Experiment 1;Orientation;1;1;;;;;;;28;1
-90;165;154.5;-10.5;4.01630997657776;13;1;1;Abreo et al. (2023);Experiment 1;Orientation;1;1;;;;;;;29;1
-66;174;161.0;-13.0;1.99950957298279;13;1;1;Abreo et al. (2023);Experiment 1;Orientation;1;1;;;;;;;30;1
17;54;54.0;-0.0;3.14132165908813;13;1;1;Abreo et al. (2023);Experiment 1;Orientation;1;1;;;;;;;31;1
-45;66;52.5;-13.5;1.88312411308289;13;1;1;Abreo et al. (2023);Experiment 1;Orientation;1;1;;;;;;;32;1
-30;67;53.5;-13.5;1.15825438499451;13;1;1;Abreo et al. (2023);Experiment 1;Orientation;1;1;;;;;;;33;1
8;166;159.0;-7.0;1.84153699874878;13;1;1;Abreo et al. (2023);Experiment 1;Orientation;1;1;;;;;;;34;1
-36;119;92.0;-27.0;1.83302092552185;13;1;1;Abreo et al. (2023);Experiment 1;Orientation;1;1;;;;;;;35;1
59;52;37.0;-15.0;2.38682866096497;13;2;1;Abreo et al. (2023);Experiment 1;Orientation;1;1;;;;;;;1;2
38;9;44.5;35.5;2.16688466072083;13;2;1;Abreo et al. (2023);Experiment 1;Orientation;1;1;;;;;;;2;2
-46;74;70.0;-4.00000000000001;2.05023074150085;13;2;1;Abreo et al. (2023);Experiment 1;Orientation;1;1;;;;;;;3;2
-48;56;61.5;5.5;3.54113078117371;13;2;1;Abreo et al. (2023);Experiment 1;Orientation;1;1;;;;;;;4;2
86;42;37.0;-5.0;3.03307580947876;13;2;1;Abreo et al. (2023);Experiment 1;Orientation;1;1;;;;;;;5;2
24;57;61.0;3.99999999999999;2.77478909492493;13;2;1;Abreo et al. (2023);Experiment 1;Orientation;1;1;;;;;;;6;2
-62;12;172.0;-20.0;2.38287758827209;13;2;1;Abreo et al. (2023);Experiment 1;Orientation;1;1;;;;;;;7;2
-81;24;17.5;-6.5;2.16655087471008;13;2;1;Abreo et al. (2023);Experiment 1;Orientation;1;1;;;;;;;8;2
-58;125;76.5;-48.5;2.38292574882507;13;2;1;Abreo et al. (2023);Experiment 1;Orientation;1;1;;;;;;;9;2
69;158;3.0;25.0;3.19154143333435;13;2;1;Abreo et al. (2023);Experiment 1;Orientation;1;1;;;;;;;10;2
-89;66;151.0;85.0;1.549884557724;13;2;1;Abreo et al. (2023);Experiment 1;Orientation;1;1;;;;;;;11;2
43;127;29.5;82.5;1.23319292068481;13;2;1;Abreo et al. (2023);Experiment 1;Orientation;1;1;;;;;;;12;2
43;68;59.0;-9.0;2.00823020935059;13;2;1;Abreo et al. (2023);Experiment 1;Orientation;1;1;;;;;;;13;2
48;81;71.5;-9.49999999999999;7.92471170425415;13;2;1;Abreo et al. (2023);Experiment 1;Orientation;1;1;;;;;;;14;2
20;104;97.0;-7.00000000000001;2.48317646980286;13;2;1;Abreo et al. (2023);Experiment 1;Orientation;1;1;;;;;;;15;2
-42;139;116.5;-22.5;4.5663640499115;13;2;1;Abreo et al. (2023);Experiment 1;Orientation;1;1;;;;;;;16;2
35;155;172.5;17.5;2.27458739280701;13;2;1;Abreo et al. (2023);Experiment 1;Orientation;1;1;;;;;;;17;2
69;74;56.5;-17.5;1.87479400634766;13;2;1;Abreo et al. (2023);Experiment 1;Orientation;1;1;;;;;;;18;2
-1;17;87.0;70.0;1.63324975967407;13;2;1;Abreo et al. (2023);Experiment 1;Orientation;1;1;;;;;;;19;2
35;73;177.0;-76.0;1.76659965515137;13;2;1;Abreo et al. (2023);Experiment 1;Orientation;1;1;;;;;;;20;2
35;68;71.5;3.5;1.59992170333862;13;2;1;Abreo et al. (2023);Experiment 1;Orientation;1;1;;;;;;;21;2
-10;110;110.0;-0.0;2.39975786209106;13;2;1;Abreo et al. (2023);Experiment 1;Orientation;1;1;;;;;;;22;2
-8;75;141.5;66.5;1.54950976371765;13;2;1;Abreo et al. (2023);Experiment 1;Orientation;1;1;;;;;;;23;2
-35;116;166.0;50.0;2.74981665611267;13;2;1;Abreo et al. (2023);Experiment 1;Orientation;1;1;;;;;;;24;2
-78;104;6.5;82.5;0.932825565338135;13;2;1;Abreo et al. (2023);Experiment 1;Orientation;1;1;;;;;;;25;2
-28;100;94.5;-5.5;2.34956169128418;13;2;1;Abreo et al. (2023);Experiment 1;Orientation;1;1;;;;;;;26;2
61;50;46.5;-3.49999999999999;2.06645154953003;13;2;1;Abreo et al. (2023);Experiment 1;Orientation;1;1;;;;;;;27;2
-71;149;132.5;-16.5;1.50781297683716;13;2;1;Abreo et al. (2023);Experiment 1;Orientation;1;1;;;;;;;28;2
-8;102;86.0;-16.0;1.75791358947754;13;2;1;Abreo et al. (2023);Experiment 1;Orientation;1;1;;;;;;;29;2
-3;107;107.5;0.500000000000005;1.8164963722229;13;2;1;Abreo et al. (2023);Experiment 1;Orientation;1;1;;;;;;;30;2
29;44;38.0;-5.99999999999999;2.34121298789978;13;2;1;Abreo et al. (2023);Experiment 1;Orientation;1;1;;;;;;;31;2
2;60;58.5;-1.5;3.24969792366028;13;2;1;Abreo et al. (2023);Experiment 1;Orientation;1;1;;;;;;;32;2
-17;6;20.0;14.0;2.07479071617126;13;2;1;Abreo et al. (2023);Experiment 1;Orientation;1;1;;;;;;;33;2
58;37;1.5;-35.5;1.51647472381592;13;2;1;Abreo et al. (2023);Experiment 1;Orientation;1;1;;;;;;;34;2
7;0;1.5;1.5;3.10824275016785;13;2;1;Abreo et al. (2023);Experiment 1;Orientation;1;1;;;;;;;35;2
-84;13;21.5;8.5;2.06161594390869;13;3;1;Abreo et al. (2023);Experiment 1;Orientation;1;1;;;;;;;1;3
-24;33;50.0;17.0;1.74159955978394;13;3;1;Abreo et al. (2023);Experiment 1;Orientation;1;1;;;;;;;2;3
-11;81;75.5;-5.5;1.40852403640747;13;3;1;Abreo et al. (2023);Experiment 1;Orientation;1;1;;;;;;;3;3
6;97;108.5;11.5;2.63319110870361;13;3;1;Abreo et al. (2023);Experiment 1;Orientation;1;1;;;;;;;4;3
-68;114;112.0;-2.0;1.63296461105347;13;3;1;Abreo et al. (2023);Experiment 1;Orientation;1;1;;;;;;;5;3
79;16;33.0;17.0;1.2997100353241;13;3;1;Abreo et al. (2023);Experiment 1;Orientation;1;1;;;;;;;6;3
20;39;173.5;-45.5;1.53301000595093;13;3;1;Abreo et al. (2023);Experiment 1;Orientation;1;1;;;;;;;7;3
79;139;140.0;0.999999999999988;1.41621279716492;13;3;1;Abreo et al. (2023);Experiment 1;Orientation;1;1;;;;;;;8;3
43;68;68.5;0.499999999999996;1.6247878074646;13;3;1;Abreo et al. (2023);Experiment 1;Orientation;1;1;;;;;;;9;3
64;92;76.0;-16.0;2.04990816116333;13;3;1;Abreo et al. (2023);Experiment 1;Orientation;1;1;;;;;;;10;3
2;97;85.0;-12.0;1.84964489936829;13;3;1;Abreo et al. (2023);Experiment 1;Orientation;1;1;;;;;;;11;3
69;172;123.0;-49.0;2.37486910820007;13;3;1;Abreo et al. (2023);Experiment 1;Orientation;1;1;;;;;;;12;3
41;59;12.0;-47.0;1.73324704170227;13;3;1;Abreo et al. (2023);Experiment 1;Orientation;1;1;;;;;;;13;3
-61;31;35.0;4.0;1.5414867401123;13;3;1;Abreo et al. (2023);Experiment 1;Orientation;1;1;;;;;;;14;3
-52;112;102.5;-9.50000000000001;2.59116768836975;13;3;1;Abreo et al. (2023);Experiment 1;Orientation;1;1;;;;;;;15;3
54;14;10.0;-4.0;3.14114260673523;13;3;1;Abreo et al. (2023);Experiment 1;Orientation;1;1;;;;;;;16;3
-33;56;50.0;-6.0;1.52481889724731;13;3;1;Abreo et al. (2023);Experiment 1;Orientation;1;1;;;;;;;17;3
43;118;114.5;-3.50000000000001;2.51632809638977;13;3;1;Abreo et al. (2023);Experiment 1;Orientation;1;1;;;;;;;18;3
44;127;122.0;-5.00000000000002;2.349604845047;13;3;1;Abreo et al. (2023);Experiment 1;Orientation;1;1;;;;;;;19;3
44;179;36.0;37.0;1.57465600967407;13;3;1;Abreo et al. (2023);Experiment 1;Orientation;1;1;;;;;;;20;3
-47;64;69.0;5.0;2.24114680290222;13;3;1;Abreo et al. (2023);Experiment 1;Orientation;1;1;;;;;;;21;3
85;10;10.0;-0.0;2.44991707801819;13;3;1;Abreo et al. (2023);Experiment 1;Orientation;1;1;;;;;;;22;3
-40;2;179.0;-3.0;3.17448759078979;13;3;1;Abreo et al. (2023);Experiment 1;Orientation;1;1;;;;;;;23;3
-7;167;161.5;-5.49999999999999;2.08292746543884;13;3;1;Abreo et al. (2023);Experiment 1;Orientation;1;1;;;;;;;24;3
-32;89;79.0;-10.0;1.65798354148865;13;3;1;Abreo et al. (2023);Experiment 1;Orientation;1;1;;;;;;;25;3
-28;140;134.0;-5.99999999999998;1.55790686607361;13;3;1;Abreo et al. (2023);Experiment 1;Orientation;1;1;;;;;;;26;3
-74;90;89.5;-0.499999999999994;1.2081024646759;13;3;1;Abreo et al. (2023);Experiment 1;Orientation;1;1;;;;;;;27;3
60;151;157.5;6.5;0.966354370117188;13;3;1;Abreo et al. (2023);Experiment 1;Orientation;1;1;;;;;;;28;3
6;38;29.5;-8.5;1.49151253700256;13;3;1;Abreo et al. (2023);Experiment 1;Orientation;1;1;;;;;;;29;3
-41;32;18.0;-14.0;0.941260576248169;13;3;1;Abreo et al. (2023);Experiment 1;Orientation;1;1;;;;;;;30;3
-78;177;11.5;14.5;1.8617308139801;13;4;1;Abreo et al. (2023);Experiment 1;Orientation;1;1;;;;;;;1;4
-74;151;134.5;-16.5;2.39144778251648;13;4;1;Abreo et al. (2023);Experiment 1;Orientation;1;1;;;;;;;2;4
-13;5;11.5;6.5;2.46653485298157;13;4;1;Abreo et al. (2023);Experiment 1;Orientation;1;1;;;;;;;3;4
-43;78;73.0;-5.0;1.79114174842834;13;4;1;Abreo et al. (2023);Experiment 1;Orientation;1;1;;;;;;;4;4
-69;170;174.5;4.5;1.48309278488159;13;4;1;Abreo et al. (2023);Experiment 1;Orientation;1;1;;;;;;;5;4
25;160;160.0;0.0;1.50796484947205;13;4;1;Abreo et al. (2023);Experiment 1;Orientation;1;1;;;;;;;6;4
-41;4;178.0;-5.99999999999999;1.49991202354431;13;4;1;Abreo et al. (2023);Experiment 1;Orientation;1;1;;;;;;;7;4
-87;108;119.5;11.5;2.44988346099854;13;4;1;Abreo et al. (2023);Experiment 1;Orientation;1;1;;;;;;;8;4
-76;83;68.0;-15.0;1.52490186691284;13;4;1;Abreo et al. (2023);Experiment 1;Orientation;1;1;;;;;;;9;4
76;90;85.5;-4.5;1.97478342056274;13;4;1;Abreo et al. (2023);Experiment 1;Orientation;1;1;;;;;;;10;4
-71;111;91.5;-19.5;2.17479753494263;13;4;1;Abreo et al. (2023);Experiment 1;Orientation;1;1;;;;;;;11;4
55;52;60.5;8.5;2.03318285942078;13;4;1;Abreo et al. (2023);Experiment 1;Orientation;1;1;;;;;;;12;4
-76;111;110.5;-0.500000000000009;1.53313183784485;13;4;1;Abreo et al. (2023);Experiment 1;Orientation;1;1;;;;;;;13;4
-6;154;173.5;19.5;1.47450995445251;13;4;1;Abreo et al. (2023);Experiment 1;Orientation;1;1;;;;;;;14;4
-2;165;163.0;-1.99999999999998;2.06636476516724;13;4;1;Abreo et al. (2023);Experiment 1;Orientation;1;1;;;;;;;15;4
76;6;30.5;24.5;1.20823764801025;13;4;1;Abreo et al. (2023);Experiment 1;Orientation;1;1;;;;;;;16;4
29;27;23.0;-4.0;1.5332658290863;13;4;1;Abreo et al. (2023);Experiment 1;Orientation;1;1;;;;;;;17;4
81;104;101.0;-3.0;1.49146771430969;13;4;1;Abreo et al. (2023);Experiment 1;Orientation;1;1;;;;;;;18;4
28;64;62.5;-1.5;1.86616563796997;13;4;1;Abreo et al. (2023);Experiment 1;Orientation;1;1;;;;;;;19;4
52;101;109.0;8.0;1.29131054878235;13;4;1;Abreo et al. (2023);Experiment 1;Orientation;1;1;;;;;;;20;4
-37;1;8.5;7.5;2.47461748123169;13;4;1;Abreo et al. (2023);Experiment 1;Orientation;1;1;;;;;;;21;4
-52;155;128.0;-27.0;2.21640086174011;13;4;1;Abreo et al. (2023);Experiment 1;Orientation;1;1;;;;;;;22;4
-33;126;1.5;55.5;1.19986867904663;13;4;1;Abreo et al. (2023);Experiment 1;Orientation;1;1;;;;;;;23;4
45;81;85.0;4.00000000000001;1.74142408370972;13;4;1;Abreo et al. (2023);Experiment 1;Orientation;1;1;;;;;;;24;4
-59;149;149.0;0.0;3.25814580917358;13;4;1;Abreo et al. (2023);Experiment 1;Orientation;1;1;;;;;;;25;4
81;173;166.0;-7.0;2.04152965545654;13;4;1;Abreo et al. (2023);Experiment 1;Orientation;1;1;;;;;;;26;4
-29;145;157.5;12.5;1.56656789779663;13;4;1;Abreo et al. (2023);Experiment 1;Orientation;1;1;;;;;;;27;4
-89;56;32.0;-24.0;4.17470622062683;13;4;1;Abreo et al. (2023);Experiment 1;Orientation;1;1;;;;;;;28;4
-8;76;77.0;1.0;1.7915244102478;13;5;1;Abreo et al. (2023);Experiment 1;Orientation;1;1;;;;;;;1;5
-6;103;153.0;50.0;1.12513971328735;13;5;1;Abreo et al. (2023);Experiment 1;Orientation;1;1;;;;;;;2;5
-87;7;6.5;-0.5;2.2665810585022;13;5;1;Abreo et al. (2023);Experiment 1;Orientation;1;1;;;;;;;3;5
-17;50;54.5;4.5;1.70785760879517;13;5;1;Abreo et al. (2023);Experiment 1;Orientation;1;1;;;;;;;4;5
48;118;112.0;-6.00000000000001;1.2995228767395;13;5;1;Abreo et al. (2023);Experiment 1;Orientation;1;1;;;;;;;5;5
-77;57;46.0;-11.0;2.03323340415955;13;5;1;Abreo et al. (2023);Experiment 1;Orientation;1;1;;;;;;;6;5
33;134;142.5;8.49999999999998;1.41621255874634;13;5;1;Abreo et al. (2023);Experiment 1;Orientation;1;1;;;;;;;7;5
63;156;155.5;-0.499999999999995;1.55805373191833;13;5;1;Abreo et al. (2023);Experiment 1;Orientation;1;1;;;;;;;8;5
-55;57;76.5;19.5;1.38319325447083;13;5;1;Abreo et al. (2023);Experiment 1;Orientation;1;1;;;;;;;9;5
-8;59;65.0;5.99999999999999;1.42484188079834;13;5;1;Abreo et al. (2023);Experiment 1;Orientation;1;1;;;;;;;10;5
-62;170;154.0;-16.0;1.48296666145325;13;5;1;Abreo et al. (2023);Experiment 1;Orientation;1;1;;;;;;;11;5
27;174;0.5;6.5;1.77482151985168;13;5;1;Abreo et al. (2023);Experiment 1;Orientation;1;1;;;;;;;12;5
78;168;159.0;-9.0;1.4998037815094;13;5;1;Abreo et al. (2023);Experiment 1;Orientation;1;1;;;;;;;13;5
76;161;166.0;5.0;1.66651010513306;13;5;1;Abreo et al. (2023);Experiment 1;Orientation;1;1;;;;;;;14;5
43;28;36.5;8.49999999999999;2.05820989608765;13;5;1;Abreo et al. (2023);Experiment 1;Orientation;1;1;;;;;;;15;5
84;119;112.5;-6.5;2.57472109794617;13;5;1;Abreo et al. (2023);Experiment 1;Orientation;1;1;;;;;;;16;5
13;103;109.0;6.0;1.9413800239563;13;5;1;Abreo et al. (2023);Experiment 1;Orientation;1;1;;;;;;;17;5
-59;94;99.5;5.5;1.97459554672241;13;5;1;Abreo et al. (2023);Experiment 1;Orientation;1;1;;;;;;;18;5
79;111;106.5;-4.5;1.71645975112915;13;5;1;Abreo et al. (2023);Experiment 1;Orientation;1;1;;;;;;;19;5
68;53;40.5;-12.5;2.5247106552124;13;5;1;Abreo et al. (2023);Experiment 1;Orientation;1;1;;;;;;;20;5
-16;94;88.0;-6.00000000000001;2.15821886062622;13;5;1;Abreo et al. (2023);Experiment 1;Orientation;1;1;;;;;;;21;5
75;30;21.5;-8.49999999999999;2.18281555175781;13;5;1;Abreo et al. (2023);Experiment 1;Orientation;1;1;;;;;;;22;5
5;173;176.0;2.99999999999999;2.30814838409424;13;5;1;Abreo et al. (2023);Experiment 1;Orientation;1;1;;;;;;;23;5
-20;32;29.5;-2.49999999999999;1.65822768211365;13;5;1;Abreo et al. (2023);Experiment 1;Orientation;1;1;;;;;;;24;5
-17;39;52.5;13.5;1.5578944683075;13;5;1;Abreo et al. (2023);Experiment 1;Orientation;1;1;;;;;;;25;5
83;161;154.5;-6.5;1.75796580314636;13;5;1;Abreo et al. (2023);Experiment 1;Orientation;1;1;;;;;;;26;5
19;95;82.0;-13.0;1.50821089744568;13;5;1;Abreo et al. (2023);Experiment 1;Orientation;1;1;;;;;;;27;5
-13;175;170.0;-5.0;1.39982676506042;13;5;1;Abreo et al. (2023);Experiment 1;Orientation;1;1;;;;;;;28;5
5;93;87.5;-5.5;1.75823307037354;13;5;1;Abreo et al. (2023);Experiment 1;Orientation;1;1;;;;;;;29;5
-88;23;29.0;6.00000000000001;1.43301773071289;13;5;1;Abreo et al. (2023);Experiment 1;Orientation;1;1;;;;;;;30;5
61;49;60.0;11.0;1.89979147911072;13;5;1;Abreo et al. (2023);Experiment 1;Orientation;1;1;;;;;;;31;5
-7;53;43.5;-9.50000000000001;2.12463974952698;13;5;1;Abreo et al. (2023);Experiment 1;Orientation;1;1;;;;;;;32;5
-62;59;60.0;0.999999999999989;1.28307676315308;13;5;1;Abreo et al. (2023);Experiment 1;Orientation;1;1;;;;;;;33;5
79;116;121.5;5.49999999999999;1.4001796245575;13;6;1;Abreo et al. (2023);Experiment 1;Orientation;1;1;;;;;;;1;6
-3;125;114.0;-11.0;1.52555203437805;13;6;1;Abreo et al. (2023);Experiment 1;Orientation;1;1;;;;;;;2;6
41;136;148.5;12.5;1.14955067634583;13;6;1;Abreo et al. (2023);Experiment 1;Orientation;1;1;;;;;;;3;6
37;103;22.0;-81.0;1.08295273780823;13;6;1;Abreo et al. (2023);Experiment 1;Orientation;1;1;;;;;;;4;6
0;132;145.5;13.5;1.50822067260742;13;6;1;Abreo et al. (2023);Experiment 1;Orientation;1;1;;;;;;;5;6
27;114;122.0;7.99999999999999;1.39124584197998;13;6;1;Abreo et al. (2023);Experiment 1;Orientation;1;1;;;;;;;6;6
-24;40;39.0;-1.0;2.40823745727539;13;6;1;Abreo et al. (2023);Experiment 1;Orientation;1;1;;;;;;;7;6
84;104;101.0;-3.0;2.28278923034668;13;6;1;Abreo et al. (2023);Experiment 1;Orientation;1;1;;;;;;;8;6
-67;107;95.0;-12.0;1.4831919670105;13;6;1;Abreo et al. (2023);Experiment 1;Orientation;1;1;;;;;;;9;6
-45;44;37.0;-6.99999999999999;1.62489581108093;13;6;1;Abreo et al. (2023);Experiment 1;Orientation;1;1;;;;;;;10;6
62;25;38.5;13.5;1.58315086364746;13;6;1;Abreo et al. (2023);Experiment 1;Orientation;1;1;;;;;;;11;6
42;141;147.0;5.99999999999998;1.39146971702576;13;6;1;Abreo et al. (2023);Experiment 1;Orientation;1;1;;;;;;;12;6
-29;157;172.0;15.0;1.48290705680847;13;6;1;Abreo et al. (2023);Experiment 1;Orientation;1;1;;;;;;;13;6
-14;161;158.0;-3.00000000000002;1.73319172859192;13;6;1;Abreo et al. (2023);Experiment 1;Orientation;1;1;;;;;;;14;6
74;150;141.0;-9.0;2.15803098678589;13;6;1;Abreo et al. (2023);Experiment 1;Orientation;1;1;;;;;;;15;6
-25;63;51.5;-11.5;3.56645560264587;13;6;1;Abreo et al. (2023);Experiment 1;Orientation;1;1;;;;;;;16;6
-34;59;64.0;5.0;2.10801291465759;13;6;1;Abreo et al. (2023);Experiment 1;Orientation;1;1;;;;;;;17;6
86;113;107.5;-5.5;1.90813279151917;13;6;1;Abreo et al. (2023);Experiment 1;Orientation;1;1;;;;;;;18;6
-89;73;72.0;-0.999999999999998;1.67476654052734;13;6;1;Abreo et al. (2023);Experiment 1;Orientation;1;1;;;;;;;19;6
-72;143;128.0;-15.0;1.66631650924683;13;6;1;Abreo et al. (2023);Experiment 1;Orientation;1;1;;;;;;;20;6
-32;81;6.0;-75.0;1.20800995826721;13;6;1;Abreo et al. (2023);Experiment 1;Orientation;1;1;;;;;;;21;6
74;27;40.0;13.0;1.42486572265625;13;6;1;Abreo et al. (2023);Experiment 1;Orientation;1;1;;;;;;;22;6
-58;29;11.5;-17.5;1.54137587547302;13;6;1;Abreo et al. (2023);Experiment 1;Orientation;1;1;;;;;;;23;6
30;5;5.0;-0.0;2.90820789337158;13;6;1;Abreo et al. (2023);Experiment 1;Orientation;1;1;;;;;;;24;6
0;61;62.5;1.50000000000001;1.89150834083557;13;6;1;Abreo et al. (2023);Experiment 1;Orientation;1;1;;;;;;;25;6
-35;160;5.0;25.0;1.45822477340698;13;6;1;Abreo et al. (2023);Experiment 1;Orientation;1;1;;;;;;;26;6
78;115;103.5;-11.5;1.70822429656982;13;6;1;Abreo et al. (2023);Experiment 1;Orientation;1;1;;;;;;;27;6
-74;164;148.5;-15.5;1.44145464897156;13;6;1;Abreo et al. (2023);Experiment 1;Orientation;1;1;;;;;;;28;6
-36;13;26.5;13.5;1.633141040802;13;6;1;Abreo et al. (2023);Experiment 1;Orientation;1;1;;;;;;;29;6
25;18;31.0;13.0;1.85813665390015;13;6;1;Abreo et al. (2023);Experiment 1;Orientation;1;1;;;;;;;30;6
-69;144;126.5;-17.5;1.23321461677551;13;6;1;Abreo et al. (2023);Experiment 1;Orientation;1;1;;;;;;;31;6
35;116;106.0;-10.0;1.94155430793762;13;6;1;Abreo et al. (2023);Experiment 1;Orientation;1;1;;;;;;;32;6
-46;2;165.0;-17.0;1.54476809501648;14;1;1;Abreo et al. (2023);Experiment 1;Orientation;1;1;;;;;;;1;1
-42;63;62.0;-1.0;1.55003046989441;14;1;1;Abreo et al. (2023);Experiment 1;Orientation;1;1;;;;;;;2;1
25;114;112.5;-1.5;2.06665825843811;14;1;1;Abreo et al. (2023);Experiment 1;Orientation;1;1;;;;;;;3;1
54;38;67.5;29.5;1.72544121742249;14;1;1;Abreo et al. (2023);Experiment 1;Orientation;1;1;;;;;;;4;1
-15;38;54.5;16.5;1.64119124412537;14;1;1;Abreo et al. (2023);Experiment 1;Orientation;1;1;;;;;;;5;1
-26;104;118.0;14.0;1.59984302520752;14;1;1;Abreo et al. (2023);Experiment 1;Orientation;1;1;;;;;;;6;1
-53;6;26.5;20.5;1.70810675621033;14;1;1;Abreo et al. (2023);Experiment 1;Orientation;1;1;;;;;;;7;1
-79;132;133.0;0.999999999999989;2.89117121696472;14;1;1;Abreo et al. (2023);Experiment 1;Orientation;1;1;;;;;;;8;1
59;57;47.0;-10.0;1.73311901092529;14;1;1;Abreo et al. (2023);Experiment 1;Orientation;1;1;;;;;;;9;1
55;52;91.0;39.0;1.69150042533875;14;1;1;Abreo et al. (2023);Experiment 1;Orientation;1;1;;;;;;;10;1
51;148;142.0;-6.00000000000001;2.99987149238586;14;1;1;Abreo et al. (2023);Experiment 1;Orientation;1;1;;;;;;;11;1
24;9;39.5;30.5;1.86646270751953;14;1;1;Abreo et al. (2023);Experiment 1;Orientation;1;1;;;;;;;12;1
-3;79;70.0;-9.0;2.45822334289551;14;1;1;Abreo et al. (2023);Experiment 1;Orientation;1;1;;;;;;;13;1
42;90;73.5;-16.5;1.33313202857971;14;1;1;Abreo et al. (2023);Experiment 1;Orientation;1;1;;;;;;;14;1
73;14;56.0;42.0;2.29153418540955;14;1;1;Abreo et al. (2023);Experiment 1;Orientation;1;1;;;;;;;15;1
-20;93;106.5;13.5;2.3911714553833;14;1;1;Abreo et al. (2023);Experiment 1;Orientation;1;1;;;;;;;16;1
-39;105;101.5;-3.50000000000001;2.10821437835693;14;1;1;Abreo et al. (2023);Experiment 1;Orientation;1;1;;;;;;;17;1
79;35;40.5;5.5;1.64961409568787;14;1;1;Abreo et al. (2023);Experiment 1;Orientation;1;1;;;;;;;18;1
-51;31;59.0;28.0;1.52488613128662;14;1;1;Abreo et al. (2023);Experiment 1;Orientation;1;1;;;;;;;19;1
37;172;121.5;-50.5;1.4329776763916;14;1;1;Abreo et al. (2023);Experiment 1;Orientation;1;1;;;;;;;20;1
-30;102;110.0;8.0;1.78301525115967;14;1;1;Abreo et al. (2023);Experiment 1;Orientation;1;1;;;;;;;21;1
61;170;104.5;-65.5;1.88306546211243;14;1;1;Abreo et al. (2023);Experiment 1;Orientation;1;1;;;;;;;22;1
77;69;81.5;12.5;1.99136877059937;14;1;1;Abreo et al. (2023);Experiment 1;Orientation;1;1;;;;;;;23;1
-59;83;59.5;-23.5;1.46653747558594;14;1;1;Abreo et al. (2023);Experiment 1;Orientation;1;1;;;;;;;24;1
49;73;50.5;-22.5;1.43320727348328;14;1;1;Abreo et al. (2023);Experiment 1;Orientation;1;1;;;;;;;25;1
-30;58;58.5;0.49999999999999;2.56650710105896;14;1;1;Abreo et al. (2023);Experiment 1;Orientation;1;1;;;;;;;26;1
48;126;138.5;12.5;1.46652436256409;14;1;1;Abreo et al. (2023);Experiment 1;Orientation;1;1;;;;;;;27;1
46;127;142.0;15.0;1.62482333183289;14;1;1;Abreo et al. (2023);Experiment 1;Orientation;1;1;;;;;;;28;1
-32;19;52.0;33.0;2.48322224617004;14;1;1;Abreo et al. (2023);Experiment 1;Orientation;1;1;;;;;;;29;1
79;116;135.5;19.5;1.65790581703186;14;1;1;Abreo et al. (2023);Experiment 1;Orientation;1;1;;;;;;;30;1
57;106;118.0;12.0;1.68320679664612;14;1;1;Abreo et al. (2023);Experiment 1;Orientation;1;1;;;;;;;31;1
-49;153;145.0;-7.99999999999998;1.54118633270264;14;1;1;Abreo et al. (2023);Experiment 1;Orientation;1;1;;;;;;;32;1
7;87;73.5;-13.5;1.6578357219696;14;1;1;Abreo et al. (2023);Experiment 1;Orientation;1;1;;;;;;;33;1
-66;31;62.0;31.0;1.54156613349915;14;1;1;Abreo et al. (2023);Experiment 1;Orientation;1;1;;;;;;;34;1
-40;153;159.0;6.00000000000001;2.77477335929871;14;1;1;Abreo et al. (2023);Experiment 1;Orientation;1;1;;;;;;;35;1
88;68;57.0;-11.0;1.48310542106628;14;1;1;Abreo et al. (2023);Experiment 1;Orientation;1;1;;;;;;;36;1
-38;93;96.0;3.0;2.49141550064087;14;1;1;Abreo et al. (2023);Experiment 1;Orientation;1;1;;;;;;;37;1
-90;109;96.0;-13.0;1.55802035331726;14;1;1;Abreo et al. (2023);Experiment 1;Orientation;1;1;;;;;;;38;1
51;159;146.0;-13.0;1.75811576843262;14;1;1;Abreo et al. (2023);Experiment 1;Orientation;1;1;;;;;;;39;1
88;42;61.5;19.5;1.47482109069824;14;1;1;Abreo et al. (2023);Experiment 1;Orientation;1;1;;;;;;;40;1
-18;114;114.5;0.499999999999995;1.95795965194702;14;1;1;Abreo et al. (2023);Experiment 1;Orientation;1;1;;;;;;;41;1
-1;139;153.5;14.5;1.5828812122345;14;1;1;Abreo et al. (2023);Experiment 1;Orientation;1;1;;;;;;;42;1
-35;86;87.0;0.999999999999988;1.86646938323975;14;1;1;Abreo et al. (2023);Experiment 1;Orientation;1;1;;;;;;;43;1
61;162;113.0;-49.0;1.31716632843018;14;2;1;Abreo et al. (2023);Experiment 1;Orientation;1;1;;;;;;;1;2
-51;32;50.0;18.0;1.91615629196167;14;2;1;Abreo et al. (2023);Experiment 1;Orientation;1;1;;;;;;;2;2
-29;8;51.5;43.5;1.44970417022705;14;2;1;Abreo et al. (2023);Experiment 1;Orientation;1;1;;;;;;;3;2
-54;17;35.0;18.0;1.98314833641052;14;2;1;Abreo et al. (2023);Experiment 1;Orientation;1;1;;;;;;;4;2
-18;155;151.0;-4.0;1.79134106636047;14;2;1;Abreo et al. (2023);Experiment 1;Orientation;1;1;;;;;;;5;2
35;166;145.5;-20.5;2.16638326644897;14;2;1;Abreo et al. (2023);Experiment 1;Orientation;1;1;;;;;;;6;2
-14;6;163.5;-22.5;1.57481646537781;14;2;1;Abreo et al. (2023);Experiment 1;Orientation;1;1;;;;;;;7;2
12;125;152.0;27.0;1.7080237865448;14;2;1;Abreo et al. (2023);Experiment 1;Orientation;1;1;;;;;;;8;2
80;77;47.0;-30.0;1.566561460495;14;2;1;Abreo et al. (2023);Experiment 1;Orientation;1;1;;;;;;;9;2
-28;134;123.5;-10.5;1.93318629264832;14;2;1;Abreo et al. (2023);Experiment 1;Orientation;1;1;;;;;;;10;2
-76;13;37.0;24.0;2.01632952690125;14;2;1;Abreo et al. (2023);Experiment 1;Orientation;1;1;;;;;;;11;2
14;127;132.0;4.99999999999999;1.65804648399353;14;2;1;Abreo et al. (2023);Experiment 1;Orientation;1;1;;;;;;;12;2
77;56;46.5;-9.5;1.85801839828491;14;2;1;Abreo et al. (2023);Experiment 1;Orientation;1;1;;;;;;;13;2
58;112;95.0;-17.0;1.54979062080383;14;2;1;Abreo et al. (2023);Experiment 1;Orientation;1;1;;;;;;;14;2
-65;157;138.5;-18.5;1.64141869544983;14;2;1;Abreo et al. (2023);Experiment 1;Orientation;1;1;;;;;;;15;2
38;161;124.5;-36.5;1.89971232414246;14;2;1;Abreo et al. (2023);Experiment 1;Orientation;1;1;;;;;;;16;2
66;39;47.5;8.50000000000001;1.72487020492554;14;2;1;Abreo et al. (2023);Experiment 1;Orientation;1;1;;;;;;;17;2
-7;44;48.0;4.0;1.98282027244568;14;2;1;Abreo et al. (2023);Experiment 1;Orientation;1;1;;;;;;;18;2
50;67;58.5;-8.50000000000001;1.53288507461548;14;2;1;Abreo et al. (2023);Experiment 1;Orientation;1;1;;;;;;;19;2
-63;34;63.0;29.0;1.69149136543274;14;2;1;Abreo et al. (2023);Experiment 1;Orientation;1;1;;;;;;;20;2
-34;85;69.0;-16.0;1.61656045913696;14;2;1;Abreo et al. (2023);Experiment 1;Orientation;1;1;;;;;;;21;2
-40;176;18.0;22.0;1.7995080947876;14;2;1;Abreo et al. (2023);Experiment 1;Orientation;1;1;;;;;;;22;2
15;144;148.0;4.00000000000001;1.69146943092346;14;2;1;Abreo et al. (2023);Experiment 1;Orientation;1;1;;;;;;;23;2
-64;150;126.0;-24.0;1.49147510528564;14;2;1;Abreo et al. (2023);Experiment 1;Orientation;1;1;;;;;;;24;2
-29;168;39.0;51.0;2.14154267311096;14;2;1;Abreo et al. (2023);Experiment 1;Orientation;1;1;;;;;;;25;2
23;51;41.5;-9.5;1.75808072090149;14;2;1;Abreo et al. (2023);Experiment 1;Orientation;1;1;;;;;;;26;2
66;159;139.5;-19.5;1.29135131835938;14;2;1;Abreo et al. (2023);Experiment 1;Orientation;1;1;;;;;;;27;2
-36;39;57.5;18.5;1.59119534492493;14;2;1;Abreo et al. (2023);Experiment 1;Orientation;1;1;;;;;;;28;2
-23;69;79.0;10.0;1.73321771621704;14;2;1;Abreo et al. (2023);Experiment 1;Orientation;1;1;;;;;;;29;2
54;38;47.0;9.0;2.35810041427612;14;2;1;Abreo et al. (2023);Experiment 1;Orientation;1;1;;;;;;;30;2
72;117;100.5;-16.5;1.62454724311829;14;2;1;Abreo et al. (2023);Experiment 1;Orientation;1;1;;;;;;;31;2
19;81;76.5;-4.5;1.54118752479553;14;2;1;Abreo et al. (2023);Experiment 1;Orientation;1;1;;;;;;;32;2
5;63;24.0;-39.0;1.74979138374329;14;2;1;Abreo et al. (2023);Experiment 1;Orientation;1;1;;;;;;;33;2
-35;110;111.5;1.5;1.59971904754639;14;2;1;Abreo et al. (2023);Experiment 1;Orientation;1;1;;;;;;;34;2
-46;74;70.5;-3.5;1.85806751251221;14;2;1;Abreo et al. (2023);Experiment 1;Orientation;1;1;;;;;;;35;2
-69;74;43.0;-31.0;2.4415545463562;14;2;1;Abreo et al. (2023);Experiment 1;Orientation;1;1;;;;;;;36;2
62;177;138.5;-38.5;2.20804262161255;14;3;1;Abreo et al. (2023);Experiment 1;Orientation;1;1;;;;;;;1;3
-81;130;118.0;-12.0;1.63322114944458;14;3;1;Abreo et al. (2023);Experiment 1;Orientation;1;1;;;;;;;2;3
72;107;125.0;18.0;1.69138026237488;14;3;1;Abreo et al. (2023);Experiment 1;Orientation;1;1;;;;;;;3;3
-31;122;113.5;-8.49999999999999;2.57447552680969;14;3;1;Abreo et al. (2023);Experiment 1;Orientation;1;1;;;;;;;4;3
-87;36;55.5;19.5;1.89150357246399;14;3;1;Abreo et al. (2023);Experiment 1;Orientation;1;1;;;;;;;5;3
-2;104;129.0;25.0;1.29153203964233;14;3;1;Abreo et al. (2023);Experiment 1;Orientation;1;1;;;;;;;6;3
-22;118;127.0;9.0;1.23283529281616;14;3;1;Abreo et al. (2023);Experiment 1;Orientation;1;1;;;;;;;7;3
37;87;59.0;-28.0;1.74976944923401;14;3;1;Abreo et al. (2023);Experiment 1;Orientation;1;1;;;;;;;8;3
40;101;80.5;-20.5;1.50793170928955;14;3;1;Abreo et al. (2023);Experiment 1;Orientation;1;1;;;;;;;9;3
-21;113;122.0;8.99999999999999;1.42490863800049;14;3;1;Abreo et al. (2023);Experiment 1;Orientation;1;1;;;;;;;10;3
-71;172;124.0;-48.0;3.36641812324524;14;3;1;Abreo et al. (2023);Experiment 1;Orientation;1;1;;;;;;;11;3
25;129;119.5;-9.49999999999999;1.5495913028717;14;3;1;Abreo et al. (2023);Experiment 1;Orientation;1;1;;;;;;;12;3
-7;5;9.5;4.5;2.26632642745972;14;3;1;Abreo et al. (2023);Experiment 1;Orientation;1;1;;;;;;;13;3
-28;43;54.5;11.5;1.46649622917175;14;3;1;Abreo et al. (2023);Experiment 1;Orientation;1;1;;;;;;;14;3
-14;32;42.0;10.0;1.73313736915588;14;3;1;Abreo et al. (2023);Experiment 1;Orientation;1;1;;;;;;;15;3
77;36;59.5;23.5;1.1245744228363;14;3;1;Abreo et al. (2023);Experiment 1;Orientation;1;1;;;;;;;16;3
23;152;124.0;-28.0;1.35812950134277;14;3;1;Abreo et al. (2023);Experiment 1;Orientation;1;1;;;;;;;17;3
-43;54;108.0;54.0;1.6748902797699;14;3;1;Abreo et al. (2023);Experiment 1;Orientation;1;1;;;;;;;18;3
8;78;77.5;-0.499999999999995;1.64948320388794;14;3;1;Abreo et al. (2023);Experiment 1;Orientation;1;1;;;;;;;19;3
-40;172;133.5;-38.5;1.97488236427307;14;3;1;Abreo et al. (2023);Experiment 1;Orientation;1;1;;;;;;;20;3
-42;2;145.5;-36.5;1.69981241226196;14;3;1;Abreo et al. (2023);Experiment 1;Orientation;1;1;;;;;;;21;3
-79;145;136.5;-8.50000000000001;1.48322558403015;14;3;1;Abreo et al. (2023);Experiment 1;Orientation;1;1;;;;;;;22;3
-48;101;112.5;11.5;3.32463407516479;14;3;1;Abreo et al. (2023);Experiment 1;Orientation;1;1;;;;;;;23;3
-41;123;133.5;10.5;1.49989938735962;14;3;1;Abreo et al. (2023);Experiment 1;Orientation;1;1;;;;;;;24;3
-88;117;95.0;-22.0;1.7414243221283;14;3;1;Abreo et al. (2023);Experiment 1;Orientation;1;1;;;;;;;25;3
-75;168;155.0;-13.0;1.79122567176819;14;3;1;Abreo et al. (2023);Experiment 1;Orientation;1;1;;;;;;;26;3
-35;89;79.0;-10.0;2.13287878036499;14;3;1;Abreo et al. (2023);Experiment 1;Orientation;1;1;;;;;;;27;3
17;139;126.5;-12.5;3.14147233963013;14;3;1;Abreo et al. (2023);Experiment 1;Orientation;1;1;;;;;;;28;3
-66;133;135.0;2.0;1.58294773101807;14;3;1;Abreo et al. (2023);Experiment 1;Orientation;1;1;;;;;;;29;3
50;53;48.5;-4.50000000000001;2.02452063560486;14;3;1;Abreo et al. (2023);Experiment 1;Orientation;1;1;;;;;;;30;3
72;57;56.0;-0.999999999999996;2.18302011489868;14;3;1;Abreo et al. (2023);Experiment 1;Orientation;1;1;;;;;;;31;3
0;119;121.5;2.5;1.94551086425781;14;4;1;Abreo et al. (2023);Experiment 1;Orientation;1;1;;;;;;;1;4
64;45;48.0;3.0;1.63302040100098;14;4;1;Abreo et al. (2023);Experiment 1;Orientation;1;1;;;;;;;2;4
47;143;127.0;-16.0;1.982830286026;14;4;1;Abreo et al. (2023);Experiment 1;Orientation;1;1;;;;;;;3;4
2;175;141.5;-33.5;1.40808844566345;14;4;1;Abreo et al. (2023);Experiment 1;Orientation;1;1;;;;;;;4;4
-40;147;118.0;-29.0;1.70800638198853;14;4;1;Abreo et al. (2023);Experiment 1;Orientation;1;1;;;;;;;5;4
31;63;69.0;6.0;2.03319787979126;14;4;1;Abreo et al. (2023);Experiment 1;Orientation;1;1;;;;;;;6;4
21;83;80.5;-2.49999999999999;1.60807657241821;14;4;1;Abreo et al. (2023);Experiment 1;Orientation;1;1;;;;;;;7;4
12;84;72.5;-11.5;2.67467951774597;14;4;1;Abreo et al. (2023);Experiment 1;Orientation;1;1;;;;;;;8;4
45;129;119.5;-9.49999999999999;1.92486000061035;14;4;1;Abreo et al. (2023);Experiment 1;Orientation;1;1;;;;;;;9;4
-42;70;68.5;-1.49999999999999;2.09144830703735;14;4;1;Abreo et al. (2023);Experiment 1;Orientation;1;1;;;;;;;10;4
15;132;98.5;-33.5;1.85819411277771;14;4;1;Abreo et al. (2023);Experiment 1;Orientation;1;1;;;;;;;11;4
13;97;88.5;-8.49999999999999;1.84149217605591;14;4;1;Abreo et al. (2023);Experiment 1;Orientation;1;1;;;;;;;12;4
50;150;122.5;-27.5;1.27490544319153;14;4;1;Abreo et al. (2023);Experiment 1;Orientation;1;1;;;;;;;13;4
-23;133;136.5;3.50000000000001;1.80814242362976;14;4;1;Abreo et al. (2023);Experiment 1;Orientation;1;1;;;;;;;14;4
-54;18;54.0;36.0;1.99991536140442;14;4;1;Abreo et al. (2023);Experiment 1;Orientation;1;1;;;;;;;15;4
-41;100;105.5;5.5;1.46657252311707;14;4;1;Abreo et al. (2023);Experiment 1;Orientation;1;1;;;;;;;16;4
79;71;116.5;45.5;2.28321695327759;14;4;1;Abreo et al. (2023);Experiment 1;Orientation;1;1;;;;;;;17;4
-17;99;101.5;2.5;2.5164155960083;14;4;1;Abreo et al. (2023);Experiment 1;Orientation;1;1;;;;;;;18;4
67;24;51.0;27.0;1.93322324752808;14;4;1;Abreo et al. (2023);Experiment 1;Orientation;1;1;;;;;;;19;4
58;135;125.0;-9.99999999999999;1.78303170204163;14;4;1;Abreo et al. (2023);Experiment 1;Orientation;1;1;;;;;;;20;4
57;99;94.0;-5.0;2.28319931030273;14;4;1;Abreo et al. (2023);Experiment 1;Orientation;1;1;;;;;;;21;4
89;4;98.0;-86.0;1.40796947479248;14;4;1;Abreo et al. (2023);Experiment 1;Orientation;1;1;;;;;;;22;4
59;131;121.5;-9.49999999999999;1.66644334793091;14;4;1;Abreo et al. (2023);Experiment 1;Orientation;1;1;;;;;;;23;4
-56;155;141.5;-13.5;1.59983992576599;14;4;1;Abreo et al. (2023);Experiment 1;Orientation;1;1;;;;;;;24;4
66;150;129.0;-21.0;1.20808696746826;14;4;1;Abreo et al. (2023);Experiment 1;Orientation;1;1;;;;;;;25;4
-68;150;141.0;-9.0;1.4328773021698;14;4;1;Abreo et al. (2023);Experiment 1;Orientation;1;1;;;;;;;26;4
-20;90;68.0;-22.0;2.45819473266602;14;4;1;Abreo et al. (2023);Experiment 1;Orientation;1;1;;;;;;;27;4
-53;161;137.5;-23.5;1.51646733283997;14;4;1;Abreo et al. (2023);Experiment 1;Orientation;1;1;;;;;;;28;4
-70;13;23.5;10.5;1.52483916282654;14;4;1;Abreo et al. (2023);Experiment 1;Orientation;1;1;;;;;;;29;4
-54;160;133.5;-26.5;1.6248950958252;14;4;1;Abreo et al. (2023);Experiment 1;Orientation;1;1;;;;;;;30;4
-9;54;45.5;-8.5;1.83303952217102;14;4;1;Abreo et al. (2023);Experiment 1;Orientation;1;1;;;;;;;31;4
-14;115;136.0;21.0;1.6580536365509;14;4;1;Abreo et al. (2023);Experiment 1;Orientation;1;1;;;;;;;32;4
70;144;110.0;-34.0;1.80825138092041;14;4;1;Abreo et al. (2023);Experiment 1;Orientation;1;1;;;;;;;33;4
27;67;52.5;-14.5;1.8165545463562;14;4;1;Abreo et al. (2023);Experiment 1;Orientation;1;1;;;;;;;34;4
-4;164;160.0;-4.00000000000001;1.6913743019104;14;4;1;Abreo et al. (2023);Experiment 1;Orientation;1;1;;;;;;;35;4
68;106;131.5;25.5;1.29220843315125;14;5;1;Abreo et al. (2023);Experiment 1;Orientation;1;1;;;;;;;1;5
-7;136;129.0;-7.00000000000002;1.3916003704071;14;5;1;Abreo et al. (2023);Experiment 1;Orientation;1;1;;;;;;;2;5
64;132;129.5;-2.49999999999999;1.36647152900696;14;5;1;Abreo et al. (2023);Experiment 1;Orientation;1;1;;;;;;;3;5
-56;108;141.5;33.5;1.36641001701355;14;5;1;Abreo et al. (2023);Experiment 1;Orientation;1;1;;;;;;;4;5
-12;86;64.0;-22.0;1.79138541221619;14;5;1;Abreo et al. (2023);Experiment 1;Orientation;1;1;;;;;;;5;5
-72;146;142.5;-3.50000000000001;1.22467923164368;14;5;1;Abreo et al. (2023);Experiment 1;Orientation;1;1;;;;;;;6;5
-85;20;42.0;22.0;1.62474322319031;14;5;1;Abreo et al. (2023);Experiment 1;Orientation;1;1;;;;;;;7;5
28;145;143.0;-2.0;1.3498363494873;14;5;1;Abreo et al. (2023);Experiment 1;Orientation;1;1;;;;;;;8;5
-49;89;108.5;19.5;1.25821328163147;14;5;1;Abreo et al. (2023);Experiment 1;Orientation;1;1;;;;;;;9;5
63;60;41.0;-19.0;1.26614332199097;14;5;1;Abreo et al. (2023);Experiment 1;Orientation;1;1;;;;;;;10;5
60;9;37.0;28.0;1.69154238700867;14;5;1;Abreo et al. (2023);Experiment 1;Orientation;1;1;;;;;;;11;5
-57;105;126.0;21.0;1.51657056808472;14;5;1;Abreo et al. (2023);Experiment 1;Orientation;1;1;;;;;;;12;5
-89;143;144.0;0.999999999999982;1.24948167800903;14;5;1;Abreo et al. (2023);Experiment 1;Orientation;1;1;;;;;;;13;5
-20;109;115.5;6.49999999999999;1.50813460350037;14;5;1;Abreo et al. (2023);Experiment 1;Orientation;1;1;;;;;;;14;5
-64;50;44.0;-6.0;1.37455105781555;14;5;1;Abreo et al. (2023);Experiment 1;Orientation;1;1;;;;;;;15;5
19;40;38.0;-1.99999999999999;1.58314824104309;14;5;1;Abreo et al. (2023);Experiment 1;Orientation;1;1;;;;;;;16;5
12;18;24.5;6.5;2.31624913215637;14;5;1;Abreo et al. (2023);Experiment 1;Orientation;1;1;;;;;;;17;5
-57;128;134.5;6.5;1.89133238792419;14;5;1;Abreo et al. (2023);Experiment 1;Orientation;1;1;;;;;;;18;5
-13;27;47.5;20.5;1.51653337478638;14;5;1;Abreo et al. (2023);Experiment 1;Orientation;1;1;;;;;;;19;5
43;28;33.0;5.0;1.69147253036499;14;5;1;Abreo et al. (2023);Experiment 1;Orientation;1;1;;;;;;;20;5
8;46;38.5;-7.50000000000001;1.64113473892212;14;5;1;Abreo et al. (2023);Experiment 1;Orientation;1;1;;;;;;;21;5
34;42;47.0;5.0;1.4748375415802;14;5;1;Abreo et al. (2023);Experiment 1;Orientation;1;1;;;;;;;22;5
-49;127;108.0;-19.0;1.38322734832764;14;5;1;Abreo et al. (2023);Experiment 1;Orientation;1;1;;;;;;;23;5
84;12;46.0;34.0;1.36631941795349;14;5;1;Abreo et al. (2023);Experiment 1;Orientation;1;1;;;;;;;24;5
29;53;49.0;-4.0;2.49987053871155;14;5;1;Abreo et al. (2023);Experiment 1;Orientation;1;1;;;;;;;25;5
-71;80;64.5;-15.5;1.42484068870544;14;5;1;Abreo et al. (2023);Experiment 1;Orientation;1;1;;;;;;;26;5
62;55;49.5;-5.5;1.38300728797913;14;5;1;Abreo et al. (2023);Experiment 1;Orientation;1;1;;;;;;;27;5
-6;32;37.5;5.5;2.39971089363098;14;5;1;Abreo et al. (2023);Experiment 1;Orientation;1;1;;;;;;;28;5
-17;33;33.5;0.499999999999999;1.57468938827515;14;5;1;Abreo et al. (2023);Experiment 1;Orientation;1;1;;;;;;;29;5
-72;109;129.5;20.5;1.54981923103333;14;5;1;Abreo et al. (2023);Experiment 1;Orientation;1;1;;;;;;;30;5
46;146;133.0;-13.0;1.24996948242188;14;6;1;Abreo et al. (2023);Experiment 1;Orientation;1;1;;;;;;;1;6
15;131;139.5;8.5;1.51630926132202;14;6;1;Abreo et al. (2023);Experiment 1;Orientation;1;1;;;;;;;2;6
-73;148;140.5;-7.5;1.29134345054626;14;6;1;Abreo et al. (2023);Experiment 1;Orientation;1;1;;;;;;;3;6
46;38;47.0;9.0;1.7330424785614;14;6;1;Abreo et al. (2023);Experiment 1;Orientation;1;1;;;;;;;4;6
50;59;62.0;2.99999999999999;1.47449564933777;14;6;1;Abreo et al. (2023);Experiment 1;Orientation;1;1;;;;;;;5;6
16;172;161.0;-11.0;1.59980940818787;14;6;1;Abreo et al. (2023);Experiment 1;Orientation;1;1;;;;;;;6;6
-41;28;30.5;2.5;1.5830762386322;14;6;1;Abreo et al. (2023);Experiment 1;Orientation;1;1;;;;;;;7;6
8;147;134.0;-13.0;1.85809946060181;14;6;1;Abreo et al. (2023);Experiment 1;Orientation;1;1;;;;;;;8;6
22;15;15.0;-0.0;1.95818591117859;14;6;1;Abreo et al. (2023);Experiment 1;Orientation;1;1;;;;;;;9;6
-25;33;25.5;-7.5;2.73312973976135;14;6;1;Abreo et al. (2023);Experiment 1;Orientation;1;1;;;;;;;10;6
81;20;30.0;9.99999999999999;1.89986348152161;14;6;1;Abreo et al. (2023);Experiment 1;Orientation;1;1;;;;;;;11;6
14;161;143.0;-18.0;2.01613759994507;14;6;1;Abreo et al. (2023);Experiment 1;Orientation;1;1;;;;;;;12;6
58;20;38.5;18.5;1.9081335067749;14;6;1;Abreo et al. (2023);Experiment 1;Orientation;1;1;;;;;;;13;6
9;75;57.0;-18.0;1.81645321846008;14;6;1;Abreo et al. (2023);Experiment 1;Orientation;1;1;;;;;;;14;6
26;156;132.0;-24.0;1.24949812889099;14;6;1;Abreo et al. (2023);Experiment 1;Orientation;1;1;;;;;;;15;6
-56;68;72.0;4.0;1.48315954208374;14;6;1;Abreo et al. (2023);Experiment 1;Orientation;1;1;;;;;;;16;6
-84;167;147.0;-20.0;1.79147553443909;14;6;1;Abreo et al. (2023);Experiment 1;Orientation;1;1;;;;;;;17;6
-58;114;133.5;19.5;1.37473344802856;14;6;1;Abreo et al. (2023);Experiment 1;Orientation;1;1;;;;;;;18;6
56;177;163.5;-13.5;1.44146251678467;14;6;1;Abreo et al. (2023);Experiment 1;Orientation;1;1;;;;;;;19;6
-35;34;34.5;0.499999999999995;1.64987683296204;14;6;1;Abreo et al. (2023);Experiment 1;Orientation;1;1;;;;;;;20;6
78;154;143.0;-11.0;1.27492046356201;14;6;1;Abreo et al. (2023);Experiment 1;Orientation;1;1;;;;;;;21;6
89;3;6.5;3.5;1.96650862693787;14;6;1;Abreo et al. (2023);Experiment 1;Orientation;1;1;;;;;;;22;6
-87;177;174.5;-2.5;1.64982032775879;14;6;1;Abreo et al. (2023);Experiment 1;Orientation;1;1;;;;;;;23;6
22;54;55.0;1.0;1.36653661727905;14;6;1;Abreo et al. (2023);Experiment 1;Orientation;1;1;;;;;;;24;6
25;84;118.0;34.0;1.22450041770935;14;6;1;Abreo et al. (2023);Experiment 1;Orientation;1;1;;;;;;;25;6
-39;156;146.0;-9.99999999999999;1.90809869766235;14;6;1;Abreo et al. (2023);Experiment 1;Orientation;1;1;;;;;;;26;6
-6;25;35.0;9.99999999999999;1.39116024971008;14;6;1;Abreo et al. (2023);Experiment 1;Orientation;1;1;;;;;;;27;6
15;91;63.5;-27.5;1.5747435092926;14;6;1;Abreo et al. (2023);Experiment 1;Orientation;1;1;;;;;;;28;6
52;46;46.0;-0.0;1.29983067512512;14;6;1;Abreo et al. (2023);Experiment 1;Orientation;1;1;;;;;;;29;6
-80;9;26.0;17.0;2.05823397636414;14;6;1;Abreo et al. (2023);Experiment 1;Orientation;1;1;;;;;;;30;6
38;94;123.5;29.5;1.74146485328674;14;6;1;Abreo et al. (2023);Experiment 1;Orientation;1;1;;;;;;;31;6
3;65;52.0;-13.0;1.83306741714478;14;6;1;Abreo et al. (2023);Experiment 1;Orientation;1;1;;;;;;;32;6
26;112;105.0;-7.0;1.59120917320251;14;6;1;Abreo et al. (2023);Experiment 1;Orientation;1;1;;;;;;;33;6
12;158;147.0;-11.0;1.72485733032227;14;6;1;Abreo et al. (2023);Experiment 1;Orientation;1;1;;;;;;;34;6
-45;38;57.0;19.0;1.9999098777771;15;1;1;Abreo et al. (2023);Experiment 1;Orientation;1;1;;;;;;;1;1
-17;125;120.0;-5.00000000000002;2.44992518424988;15;1;1;Abreo et al. (2023);Experiment 1;Orientation;1;1;;;;;;;2;1
9;46;46.5;0.499999999999999;3.3331937789917;15;1;1;Abreo et al. (2023);Experiment 1;Orientation;1;1;;;;;;;3;1
-49;75;29.0;-46.0;1.56644654273987;15;1;1;Abreo et al. (2023);Experiment 1;Orientation;1;1;;;;;;;4;1
6;170;159.5;-10.5;1.81645464897156;15;1;1;Abreo et al. (2023);Experiment 1;Orientation;1;1;;;;;;;5;1
-79;130;126.5;-3.50000000000001;1.36654591560364;15;1;1;Abreo et al. (2023);Experiment 1;Orientation;1;1;;;;;;;6;1
-89;151;132.0;-19.0;1.8248233795166;15;1;1;Abreo et al. (2023);Experiment 1;Orientation;1;1;;;;;;;7;1
83;91;154.0;63.0;1.52483773231506;15;1;1;Abreo et al. (2023);Experiment 1;Orientation;1;1;;;;;;;8;1
90;76;78.0;1.99999999999999;1.93289232254028;15;1;1;Abreo et al. (2023);Experiment 1;Orientation;1;1;;;;;;;9;1
48;177;22.5;25.5;2.98304271697998;15;1;1;Abreo et al. (2023);Experiment 1;Orientation;1;1;;;;;;;10;1
66;79;66.5;-12.5;2.29957437515259;15;1;1;Abreo et al. (2023);Experiment 1;Orientation;1;1;;;;;;;11;1
-27;76;83.5;7.49999999999999;2.74965620040894;15;1;1;Abreo et al. (2023);Experiment 1;Orientation;1;1;;;;;;;12;1
61;67;76.0;9.0;1.8828706741333;15;1;1;Abreo et al. (2023);Experiment 1;Orientation;1;1;;;;;;;13;1
-78;139;132.0;-7.0;2.27464032173157;15;1;1;Abreo et al. (2023);Experiment 1;Orientation;1;1;;;;;;;14;1
82;148;150.0;2.0;2.2664783000946;15;1;1;Abreo et al. (2023);Experiment 1;Orientation;1;1;;;;;;;15;1
82;166;171.5;5.49999999999999;1.85809326171875;15;1;1;Abreo et al. (2023);Experiment 1;Orientation;1;1;;;;;;;16;1
44;159;148.0;-11.0;1.69974303245544;15;1;1;Abreo et al. (2023);Experiment 1;Orientation;1;1;;;;;;;17;1
29;167;175.0;8.00000000000001;1.99979043006897;15;1;1;Abreo et al. (2023);Experiment 1;Orientation;1;1;;;;;;;18;1
74;44;55.0;11.0;1.82481074333191;15;1;1;Abreo et al. (2023);Experiment 1;Orientation;1;1;;;;;;;19;1
-62;176;9.0;13.0;3.04144167900085;15;1;1;Abreo et al. (2023);Experiment 1;Orientation;1;1;;;;;;;20;1
-47;140;121.5;-18.5;1.78286981582642;15;1;1;Abreo et al. (2023);Experiment 1;Orientation;1;1;;;;;;;21;1
32;152;157.0;4.99999999999999;3.1164870262146;15;1;1;Abreo et al. (2023);Experiment 1;Orientation;1;1;;;;;;;22;1
-86;45;54.0;9.00000000000001;2.46656250953674;15;1;1;Abreo et al. (2023);Experiment 1;Orientation;1;1;;;;;;;23;1
25;136;156.0;20.0;3.09979176521301;15;1;1;Abreo et al. (2023);Experiment 1;Orientation;1;1;;;;;;;24;1
35;100;103.0;3.0;1.95808696746826;15;1;1;Abreo et al. (2023);Experiment 1;Orientation;1;1;;;;;;;25;1
23;140;145.0;5.00000000000002;2.63299202919006;15;1;1;Abreo et al. (2023);Experiment 1;Orientation;1;1;;;;;;;26;1
-18;48;43.5;-4.50000000000001;2.11633777618408;15;1;1;Abreo et al. (2023);Experiment 1;Orientation;1;1;;;;;;;27;1
-31;66;52.0;-14.0;2.43300747871399;15;1;1;Abreo et al. (2023);Experiment 1;Orientation;1;1;;;;;;;28;1
30;125;155.0;30.0;2.86612677574158;15;1;1;Abreo et al. (2023);Experiment 1;Orientation;1;1;;;;;;;29;1
36;40;61.5;21.5;5.6744978427887;15;1;1;Abreo et al. (2023);Experiment 1;Orientation;1;1;;;;;;;30;1
-25;50;54.5;4.5;1.62483263015747;15;1;1;Abreo et al. (2023);Experiment 1;Orientation;1;1;;;;;;;31;1
41;99;140.5;41.5;1.51618576049805;15;1;1;Abreo et al. (2023);Experiment 1;Orientation;1;1;;;;;;;32;1
-23;143;147.5;4.49999999999999;1.59114861488342;15;1;1;Abreo et al. (2023);Experiment 1;Orientation;1;1;;;;;;;33;1
40;98;110.5;12.5;2.15821576118469;15;1;1;Abreo et al. (2023);Experiment 1;Orientation;1;1;;;;;;;34;1
50;87;92.0;5.00000000000001;2.19209575653076;15;2;1;Abreo et al. (2023);Experiment 1;Orientation;1;1;;;;;;;1;2
-84;62;62.5;0.500000000000009;2.33320474624634;15;2;1;Abreo et al. (2023);Experiment 1;Orientation;1;1;;;;;;;2;2
-34;41;65.0;24.0;3.10806798934937;15;2;1;Abreo et al. (2023);Experiment 1;Orientation;1;1;;;;;;;3;2
-51;142;126.0;-16.0;1.61624765396118;15;2;1;Abreo et al. (2023);Experiment 1;Orientation;1;1;;;;;;;4;2
81;43;147.0;-76.0;2.41626524925232;15;2;1;Abreo et al. (2023);Experiment 1;Orientation;1;1;;;;;;;5;2
-34;97;80.5;-16.5;2.99980449676514;15;2;1;Abreo et al. (2023);Experiment 1;Orientation;1;1;;;;;;;6;2
-1;52;57.5;5.49999999999999;1.87481260299683;15;2;1;Abreo et al. (2023);Experiment 1;Orientation;1;1;;;;;;;7;2
-11;109;109.0;-0.0;1.43286800384521;15;2;1;Abreo et al. (2023);Experiment 1;Orientation;1;1;;;;;;;8;2
77;45;54.0;9.00000000000001;2.89135336875916;15;2;1;Abreo et al. (2023);Experiment 1;Orientation;1;1;;;;;;;9;2
-61;60;54.5;-5.49999999999999;1.57471585273743;15;2;1;Abreo et al. (2023);Experiment 1;Orientation;1;1;;;;;;;10;2
25;142;133.0;-9.0;2.1747989654541;15;2;1;Abreo et al. (2023);Experiment 1;Orientation;1;1;;;;;;;11;2
-76;29;42.5;13.5;2.61653256416321;15;2;1;Abreo et al. (2023);Experiment 1;Orientation;1;1;;;;;;;12;2
76;86;87.5;1.5;3.3244833946228;15;2;1;Abreo et al. (2023);Experiment 1;Orientation;1;1;;;;;;;13;2
59;17;80.0;63.0;1.72481060028076;15;2;1;Abreo et al. (2023);Experiment 1;Orientation;1;1;;;;;;;14;2
77;4;9.5;5.5;2.34135866165161;15;2;1;Abreo et al. (2023);Experiment 1;Orientation;1;1;;;;;;;15;2
-26;106;113.0;7.00000000000001;3.6331307888031;15;2;1;Abreo et al. (2023);Experiment 1;Orientation;1;1;;;;;;;16;2
-38;13;167.5;-25.5;2.50788450241089;15;2;1;Abreo et al. (2023);Experiment 1;Orientation;1;1;;;;;;;17;2
-25;61;55.0;-5.99999999999999;2.24957275390625;15;2;1;Abreo et al. (2023);Experiment 1;Orientation;1;1;;;;;;;18;2
3;28;30.5;2.5;1.69978380203247;15;2;1;Abreo et al. (2023);Experiment 1;Orientation;1;1;;;;;;;19;2
50;165;42.5;57.5;1.78315186500549;15;2;1;Abreo et al. (2023);Experiment 1;Orientation;1;1;;;;;;;20;2
-1;80;88.0;8.0;2.91642570495605;15;2;1;Abreo et al. (2023);Experiment 1;Orientation;1;1;;;;;;;21;2
4;50;38.0;-12.0;2.58319973945618;15;2;1;Abreo et al. (2023);Experiment 1;Orientation;1;1;;;;;;;22;2
-63;3;110.0;-73.0;2.57468056678772;15;2;1;Abreo et al. (2023);Experiment 1;Orientation;1;1;;;;;;;23;2
-3;6;0.5;-5.5;1.65818500518799;15;2;1;Abreo et al. (2023);Experiment 1;Orientation;1;1;;;;;;;24;2
-28;21;15.5;-5.5;1.7998194694519;15;2;1;Abreo et al. (2023);Experiment 1;Orientation;1;1;;;;;;;25;2
-84;95;71.5;-23.5;1.79135751724243;15;2;1;Abreo et al. (2023);Experiment 1;Orientation;1;1;;;;;;;26;2
-71;59;39.5;-19.5;2.6247410774231;15;2;1;Abreo et al. (2023);Experiment 1;Orientation;1;1;;;;;;;27;2
-73;72;68.0;-3.99999999999999;1.79984045028687;15;2;1;Abreo et al. (2023);Experiment 1;Orientation;1;1;;;;;;;28;2
6;46;44.5;-1.5;2.22450256347656;15;2;1;Abreo et al. (2023);Experiment 1;Orientation;1;1;;;;;;;29;2
26;175;178.0;2.99999999999999;1.4496738910675;15;2;1;Abreo et al. (2023);Experiment 1;Orientation;1;1;;;;;;;30;2
-63;93;58.0;-35.0;1.75820255279541;15;2;1;Abreo et al. (2023);Experiment 1;Orientation;1;1;;;;;;;31;2
-87;80;89.5;9.50000000000001;2.05819368362427;15;3;1;Abreo et al. (2023);Experiment 1;Orientation;1;1;;;;;;;1;3
-42;138;159.5;21.5;1.74118161201477;15;3;1;Abreo et al. (2023);Experiment 1;Orientation;1;1;;;;;;;2;3
58;148;146.5;-1.50000000000001;1.63301873207092;15;3;1;Abreo et al. (2023);Experiment 1;Orientation;1;1;;;;;;;3;3
-66;97;111.0;14.0;1.44952750205994;15;3;1;Abreo et al. (2023);Experiment 1;Orientation;1;1;;;;;;;4;3
-9;140;154.0;14.0;1.59984636306763;15;3;1;Abreo et al. (2023);Experiment 1;Orientation;1;1;;;;;;;5;3
-6;80;70.5;-9.49999999999999;1.85819292068481;15;3;1;Abreo et al. (2023);Experiment 1;Orientation;1;1;;;;;;;6;3
8;119;125.5;6.5;1.92459440231323;15;3;1;Abreo et al. (2023);Experiment 1;Orientation;1;1;;;;;;;7;3
-66;145;129.0;-16.0;1.8747296333313;15;3;1;Abreo et al. (2023);Experiment 1;Orientation;1;1;;;;;;;8;3
-80;83;74.0;-9.0;2.04135656356812;15;3;1;Abreo et al. (2023);Experiment 1;Orientation;1;1;;;;;;;9;3
80;146;39.0;73.0;1.44964861869812;15;3;1;Abreo et al. (2023);Experiment 1;Orientation;1;1;;;;;;;10;3
-55;85;9.5;-75.5;2.08295011520386;15;3;1;Abreo et al. (2023);Experiment 1;Orientation;1;1;;;;;;;11;3
-57;17;20.5;3.5;1.34972667694092;15;3;1;Abreo et al. (2023);Experiment 1;Orientation;1;1;;;;;;;12;3
-51;35;28.0;-7.0;1.74983763694763;15;3;1;Abreo et al. (2023);Experiment 1;Orientation;1;1;;;;;;;13;3
77;98;99.0;1.0;1.62482857704163;15;3;1;Abreo et al. (2023);Experiment 1;Orientation;1;1;;;;;;;14;3
39;42;44.5;2.5;1.84989023208618;15;3;1;Abreo et al. (2023);Experiment 1;Orientation;1;1;;;;;;;15;3
-57;142;142.0;0.0;1.39973378181458;15;3;1;Abreo et al. (2023);Experiment 1;Orientation;1;1;;;;;;;16;3
-74;46;51.5;5.5;1.74119162559509;15;3;1;Abreo et al. (2023);Experiment 1;Orientation;1;1;;;;;;;17;3
85;160;143.0;-17.0;1.52476716041565;15;3;1;Abreo et al. (2023);Experiment 1;Orientation;1;1;;;;;;;18;3
57;34;51.0;17.0;1.95800256729126;15;3;1;Abreo et al. (2023);Experiment 1;Orientation;1;1;;;;;;;19;3
80;113;19.0;86.0;2.34968042373657;15;3;1;Abreo et al. (2023);Experiment 1;Orientation;1;1;;;;;;;20;3
87;143;14.5;51.5;2.95795941352844;15;3;1;Abreo et al. (2023);Experiment 1;Orientation;1;1;;;;;;;21;3
18;143;160.0;17.0;1.92474341392517;15;3;1;Abreo et al. (2023);Experiment 1;Orientation;1;1;;;;;;;22;3
88;128;178.5;50.5;1.97485613822937;15;3;1;Abreo et al. (2023);Experiment 1;Orientation;1;1;;;;;;;23;3
54;29;27.5;-1.5;1.97482562065125;15;3;1;Abreo et al. (2023);Experiment 1;Orientation;1;1;;;;;;;24;3
34;145;147.0;1.99999999999997;1.4998300075531;15;3;1;Abreo et al. (2023);Experiment 1;Orientation;1;1;;;;;;;25;3
-83;156;170.5;14.5;2.02472043037415;15;3;1;Abreo et al. (2023);Experiment 1;Orientation;1;1;;;;;;;26;3
17;100;149.5;49.5;2.59122157096863;15;3;1;Abreo et al. (2023);Experiment 1;Orientation;1;1;;;;;;;27;3
-22;122;158.0;36.0;1.25817251205444;15;3;1;Abreo et al. (2023);Experiment 1;Orientation;1;1;;;;;;;28;3
90;42;47.0;5.0;1.38317489624023;15;3;1;Abreo et al. (2023);Experiment 1;Orientation;1;1;;;;;;;29;3
-35;88;51.5;-36.5;1.77469992637634;15;3;1;Abreo et al. (2023);Experiment 1;Orientation;1;1;;;;;;;30;3
21;88;84.0;-3.99999999999999;1.83310842514038;15;3;1;Abreo et al. (2023);Experiment 1;Orientation;1;1;;;;;;;31;3
79;131;149.5;18.5;1.58309721946716;15;3;1;Abreo et al. (2023);Experiment 1;Orientation;1;1;;;;;;;32;3
-75;49;31.0;-18.0;1.2663631439209;15;3;1;Abreo et al. (2023);Experiment 1;Orientation;1;1;;;;;;;33;3
27;118;121.5;3.49999999999999;1.52076053619385;15;4;1;Abreo et al. (2023);Experiment 1;Orientation;1;1;;;;;;;1;4
-85;56;37.5;-18.5;1.65869426727295;15;4;1;Abreo et al. (2023);Experiment 1;Orientation;1;1;;;;;;;2;4
67;18;16.5;-1.5;2.48315954208374;15;4;1;Abreo et al. (2023);Experiment 1;Orientation;1;1;;;;;;;3;4
71;119;130.5;11.5;1.47483587265015;15;4;1;Abreo et al. (2023);Experiment 1;Orientation;1;1;;;;;;;4;4
-88;124;134.5;10.5;1.23309540748596;15;4;1;Abreo et al. (2023);Experiment 1;Orientation;1;1;;;;;;;5;4
-61;145;153.0;7.99999999999998;1.38306474685669;15;4;1;Abreo et al. (2023);Experiment 1;Orientation;1;1;;;;;;;6;4
-11;23;16.0;-7.0;1.90819263458252;15;4;1;Abreo et al. (2023);Experiment 1;Orientation;1;1;;;;;;;7;4
-31;2;175.0;-7.00000000000001;1.57474589347839;15;4;1;Abreo et al. (2023);Experiment 1;Orientation;1;1;;;;;;;8;4
-2;24;12.5;-11.5;1.84967637062073;15;4;1;Abreo et al. (2023);Experiment 1;Orientation;1;1;;;;;;;9;4
-60;39;21.0;-18.0;1.30789041519165;15;4;1;Abreo et al. (2023);Experiment 1;Orientation;1;1;;;;;;;10;4
31;39;46.5;7.50000000000001;1.73282933235168;15;4;1;Abreo et al. (2023);Experiment 1;Orientation;1;1;;;;;;;11;4
-58;20;19.5;-0.499999999999999;1.37484550476074;15;4;1;Abreo et al. (2023);Experiment 1;Orientation;1;1;;;;;;;12;4
-13;56;41.0;-15.0;1.71644592285156;15;4;1;Abreo et al. (2023);Experiment 1;Orientation;1;1;;;;;;;13;4
9;28;22.0;-6.0;1.54954075813293;15;4;1;Abreo et al. (2023);Experiment 1;Orientation;1;1;;;;;;;14;4
-6;67;74.0;7.0;1.8498318195343;15;4;1;Abreo et al. (2023);Experiment 1;Orientation;1;1;;;;;;;15;4
-58;65;63.0;-2.0;1.91630792617798;15;4;1;Abreo et al. (2023);Experiment 1;Orientation;1;1;;;;;;;16;4
50;102;107.5;5.5;1.44141960144043;15;4;1;Abreo et al. (2023);Experiment 1;Orientation;1;1;;;;;;;17;4
25;6;11.0;5.0;2.60816478729248;15;4;1;Abreo et al. (2023);Experiment 1;Orientation;1;1;;;;;;;18;4
35;60;45.5;-14.5;2.07481861114502;15;4;1;Abreo et al. (2023);Experiment 1;Orientation;1;1;;;;;;;19;4
83;25;8.5;-16.5;1.63306164741516;15;4;1;Abreo et al. (2023);Experiment 1;Orientation;1;1;;;;;;;20;4
-80;96;22.0;-74.0;1.99982237815857;15;4;1;Abreo et al. (2023);Experiment 1;Orientation;1;1;;;;;;;21;4
-78;43;144.0;-79.0;1.97479343414307;15;4;1;Abreo et al. (2023);Experiment 1;Orientation;1;1;;;;;;;22;4
-39;39;65.0;26.0;2.0161828994751;15;4;1;Abreo et al. (2023);Experiment 1;Orientation;1;1;;;;;;;23;4
-22;58;47.0;-11.0;1.5581169128418;15;4;1;Abreo et al. (2023);Experiment 1;Orientation;1;1;;;;;;;24;4
-67;158;172.0;14.0;1.49954676628113;15;4;1;Abreo et al. (2023);Experiment 1;Orientation;1;1;;;;;;;25;4
-68;125;144.5;19.5;1.39119172096252;15;4;1;Abreo et al. (2023);Experiment 1;Orientation;1;1;;;;;;;26;4
66;89;135.5;46.5;1.62475681304932;15;4;1;Abreo et al. (2023);Experiment 1;Orientation;1;1;;;;;;;27;4
-66;20;21.0;1.0;1.8661789894104;15;4;1;Abreo et al. (2023);Experiment 1;Orientation;1;1;;;;;;;28;4
-9;98;96.0;-1.99999999999999;1.3329746723175;15;4;1;Abreo et al. (2023);Experiment 1;Orientation;1;1;;;;;;;29;4
45;73;87.0;14.0;2.29982542991638;15;4;1;Abreo et al. (2023);Experiment 1;Orientation;1;1;;;;;;;30;4
57;130;33.0;83.0;1.69984865188599;15;4;1;Abreo et al. (2023);Experiment 1;Orientation;1;1;;;;;;;31;4
-16;176;172.0;-3.99999999999998;1.55812835693359;15;4;1;Abreo et al. (2023);Experiment 1;Orientation;1;1;;;;;;;32;4
39;32;27.5;-4.5;2.47477078437805;15;4;1;Abreo et al. (2023);Experiment 1;Orientation;1;1;;;;;;;33;4
20;39;33.0;-6.0;1.38319611549377;15;4;1;Abreo et al. (2023);Experiment 1;Orientation;1;1;;;;;;;34;4
64;77;70.5;-6.5;2.26235389709473;15;5;1;Abreo et al. (2023);Experiment 1;Orientation;1;1;;;;;;;1;5
-27;104;103.0;-1.0;2.99958086013794;15;5;1;Abreo et al. (2023);Experiment 1;Orientation;1;1;;;;;;;2;5
-11;119;135.0;16.0;1.69119477272034;15;5;1;Abreo et al. (2023);Experiment 1;Orientation;1;1;;;;;;;3;5
90;114;13.5;79.5;2.15787172317505;15;5;1;Abreo et al. (2023);Experiment 1;Orientation;1;1;;;;;;;4;5
31;117;146.0;29.0;1.46616005897522;15;5;1;Abreo et al. (2023);Experiment 1;Orientation;1;1;;;;;;;5;5
-17;144;142.5;-1.5;2.24979877471924;15;5;1;Abreo et al. (2023);Experiment 1;Orientation;1;1;;;;;;;6;5
-35;46;42.5;-3.5;1.88319540023804;15;5;1;Abreo et al. (2023);Experiment 1;Orientation;1;1;;;;;;;7;5
22;128;123.0;-5.0;1.84149956703186;15;5;1;Abreo et al. (2023);Experiment 1;Orientation;1;1;;;;;;;8;5
-65;165;163.5;-1.49999999999998;1.77458381652832;15;5;1;Abreo et al. (2023);Experiment 1;Orientation;1;1;;;;;;;9;5
-53;33;11.0;-22.0;1.6248345375061;15;5;1;Abreo et al. (2023);Experiment 1;Orientation;1;1;;;;;;;10;5
64;124;162.5;38.5;2.63307237625122;15;5;1;Abreo et al. (2023);Experiment 1;Orientation;1;1;;;;;;;11;5
66;75;59.0;-16.0;2.26634383201599;15;5;1;Abreo et al. (2023);Experiment 1;Orientation;1;1;;;;;;;12;5
63;56;59.5;3.49999999999999;1.35784578323364;15;5;1;Abreo et al. (2023);Experiment 1;Orientation;1;1;;;;;;;13;5
-19;96;89.0;-7.00000000000001;4.13313460350037;15;5;1;Abreo et al. (2023);Experiment 1;Orientation;1;1;;;;;;;14;5
-62;19;10.0;-9.0;2.45816469192505;15;5;1;Abreo et al. (2023);Experiment 1;Orientation;1;1;;;;;;;15;5
-22;53;50.0;-3.0;1.56639075279236;15;5;1;Abreo et al. (2023);Experiment 1;Orientation;1;1;;;;;;;16;5
-46;101;62.0;-39.0;2.24961280822754;15;5;1;Abreo et al. (2023);Experiment 1;Orientation;1;1;;;;;;;17;5
87;140;142.5;2.5;3.10815072059631;15;5;1;Abreo et al. (2023);Experiment 1;Orientation;1;1;;;;;;;18;5
75;168;169.0;0.999999999999989;1.71629977226257;15;5;1;Abreo et al. (2023);Experiment 1;Orientation;1;1;;;;;;;19;5
-66;65;64.0;-0.999999999999999;1.39982771873474;15;5;1;Abreo et al. (2023);Experiment 1;Orientation;1;1;;;;;;;20;5
-16;77;72.0;-5.0;1.78293466567993;15;5;1;Abreo et al. (2023);Experiment 1;Orientation;1;1;;;;;;;21;5
-31;12;36.0;24.0;1.61616349220276;15;5;1;Abreo et al. (2023);Experiment 1;Orientation;1;1;;;;;;;22;5
-81;8;9.5;1.5;1.53317809104919;15;5;1;Abreo et al. (2023);Experiment 1;Orientation;1;1;;;;;;;23;5
-73;152;157.5;5.49999999999999;1.48314952850342;15;5;1;Abreo et al. (2023);Experiment 1;Orientation;1;1;;;;;;;24;5
-15;63;61.0;-2.0;2.31649112701416;15;5;1;Abreo et al. (2023);Experiment 1;Orientation;1;1;;;;;;;25;5
56;21;41.0;20.0;2.40803098678589;15;5;1;Abreo et al. (2023);Experiment 1;Orientation;1;1;;;;;;;26;5
-44;98;91.5;-6.5;1.49976634979248;15;5;1;Abreo et al. (2023);Experiment 1;Orientation;1;1;;;;;;;27;5
-26;38;37.0;-1.0;1.241459608078;15;5;1;Abreo et al. (2023);Experiment 1;Orientation;1;1;;;;;;;28;5
-68;4;11.5;7.5;1.49978733062744;15;5;1;Abreo et al. (2023);Experiment 1;Orientation;1;1;;;;;;;29;5
-62;0;167.5;-12.5;1.44980454444885;15;5;1;Abreo et al. (2023);Experiment 1;Orientation;1;1;;;;;;;30;5
35;21;28.0;7.0;1.34984135627747;15;5;1;Abreo et al. (2023);Experiment 1;Orientation;1;1;;;;;;;31;5
4;172;174.0;1.99999999999998;1.49957156181335;15;5;1;Abreo et al. (2023);Experiment 1;Orientation;1;1;;;;;;;32;5
61;22;23.0;1.0;1.58318877220154;15;5;1;Abreo et al. (2023);Experiment 1;Orientation;1;1;;;;;;;33;5
58;111;99.5;-11.5;1.45817184448242;15;5;1;Abreo et al. (2023);Experiment 1;Orientation;1;1;;;;;;;34;5
-31;166;152.5;-13.5;1.84152698516846;15;5;1;Abreo et al. (2023);Experiment 1;Orientation;1;1;;;;;;;35;5
10;135;126.5;-8.5;1.35376238822937;15;6;1;Abreo et al. (2023);Experiment 1;Orientation;1;1;;;;;;;1;6
14;86;70.5;-15.5;1.90799570083618;15;6;1;Abreo et al. (2023);Experiment 1;Orientation;1;1;;;;;;;2;6
29;47;54.5;7.5;1.73296475410461;15;6;1;Abreo et al. (2023);Experiment 1;Orientation;1;1;;;;;;;3;6
-15;159;166.5;7.49999999999999;1.55787014961243;15;6;1;Abreo et al. (2023);Experiment 1;Orientation;1;1;;;;;;;4;6
49;103;107.5;4.5;1.49151992797852;15;6;1;Abreo et al. (2023);Experiment 1;Orientation;1;1;;;;;;;5;6
39;133;130.0;-2.99999999999999;1.21620440483093;15;6;1;Abreo et al. (2023);Experiment 1;Orientation;1;1;;;;;;;6;6
-41;11;12.5;1.5;1.5078604221344;15;6;1;Abreo et al. (2023);Experiment 1;Orientation;1;1;;;;;;;7;6
28;163;163.5;0.499999999999994;1.44148564338684;15;6;1;Abreo et al. (2023);Experiment 1;Orientation;1;1;;;;;;;8;6
78;73;58.5;-14.5;1.75816798210144;15;6;1;Abreo et al. (2023);Experiment 1;Orientation;1;1;;;;;;;9;6
23;46;41.5;-4.5;1.62482976913452;15;6;1;Abreo et al. (2023);Experiment 1;Orientation;1;1;;;;;;;10;6
-78;74;69.5;-4.5;2.07488799095154;15;6;1;Abreo et al. (2023);Experiment 1;Orientation;1;1;;;;;;;11;6
40;13;24.5;11.5;1.54968857765198;15;6;1;Abreo et al. (2023);Experiment 1;Orientation;1;1;;;;;;;12;6
77;87;74.5;-12.5;1.56630349159241;15;6;1;Abreo et al. (2023);Experiment 1;Orientation;1;1;;;;;;;13;6
-59;89;36.5;-52.5;1.54973530769348;15;6;1;Abreo et al. (2023);Experiment 1;Orientation;1;1;;;;;;;14;6
14;168;160.0;-8.00000000000001;2.72468090057373;15;6;1;Abreo et al. (2023);Experiment 1;Orientation;1;1;;;;;;;15;6
71;157;163.0;6.00000000000001;1.47482299804688;15;6;1;Abreo et al. (2023);Experiment 1;Orientation;1;1;;;;;;;16;6
65;177;170.5;-6.5;1.44141054153442;15;6;1;Abreo et al. (2023);Experiment 1;Orientation;1;1;;;;;;;17;6
-79;54;48.0;-6.0;1.6331524848938;15;6;1;Abreo et al. (2023);Experiment 1;Orientation;1;1;;;;;;;18;6
72;123;141.5;18.5;1.41648864746094;15;6;1;Abreo et al. (2023);Experiment 1;Orientation;1;1;;;;;;;19;6
-76;3;163.0;-20.0;2.00794982910156;15;6;1;Abreo et al. (2023);Experiment 1;Orientation;1;1;;;;;;;20;6
-25;1;158.5;-22.5;1.64135265350342;15;6;1;Abreo et al. (2023);Experiment 1;Orientation;1;1;;;;;;;21;6
-83;83;85.0;2.0;2.37461853027344;15;6;1;Abreo et al. (2023);Experiment 1;Orientation;1;1;;;;;;;22;6
-45;10;23.5;13.5;2.30801558494568;15;6;1;Abreo et al. (2023);Experiment 1;Orientation;1;1;;;;;;;23;6
79;42;53.0;11.0;1.69947671890259;15;6;1;Abreo et al. (2023);Experiment 1;Orientation;1;1;;;;;;;24;6
-69;50;52.0;2.0;1.90815544128418;15;6;1;Abreo et al. (2023);Experiment 1;Orientation;1;1;;;;;;;25;6
-56;161;161.5;0.499999999999996;1.54967164993286;15;6;1;Abreo et al. (2023);Experiment 1;Orientation;1;1;;;;;;;26;6
-55;45;55.5;10.5;1.60815930366516;15;6;1;Abreo et al. (2023);Experiment 1;Orientation;1;1;;;;;;;27;6
-78;133;130.0;-2.99999999999999;1.45784568786621;15;6;1;Abreo et al. (2023);Experiment 1;Orientation;1;1;;;;;;;28;6
44;50;45.0;-5.0;1.5331392288208;15;6;1;Abreo et al. (2023);Experiment 1;Orientation;1;1;;;;;;;29;6
62;91;97.0;5.99999999999999;1.38312435150146;15;6;1;Abreo et al. (2023);Experiment 1;Orientation;1;1;;;;;;;30;6
83;55;49.5;-5.5;1.82472896575928;15;6;1;Abreo et al. (2023);Experiment 1;Orientation;1;1;;;;;;;31;6
36;142;151.0;9.0;1.33314967155457;15;6;1;Abreo et al. (2023);Experiment 1;Orientation;1;1;;;;;;;32;6
71;121;148.5;27.5;1.49123573303223;15;6;1;Abreo et al. (2023);Experiment 1;Orientation;1;1;;;;;;;33;6
-76;90;83.5;-6.5;4.29123377799988;15;6;1;Abreo et al. (2023);Experiment 1;Orientation;1;1;;;;;;;34;6
-89;87;93.5;6.5;2.35818266868591;15;6;1;Abreo et al. (2023);Experiment 1;Orientation;1;1;;;;;;;35;6
16;75;47.5;-27.5;4.74162316322327;16;1;1;Abreo et al. (2023);Experiment 1;Orientation;1;1;;;;;;;1;1
42;37;26.0;-11.0;2.90782046318054;16;1;1;Abreo et al. (2023);Experiment 1;Orientation;1;1;;;;;;;2;1
37;140;144.0;4.0;1.99150395393372;16;1;1;Abreo et al. (2023);Experiment 1;Orientation;1;1;;;;;;;3;1
12;173;171.5;-1.50000000000001;2.39143085479736;16;1;1;Abreo et al. (2023);Experiment 1;Orientation;1;1;;;;;;;4;1
22;165;157.0;-7.99999999999999;1.49116230010986;16;1;1;Abreo et al. (2023);Experiment 1;Orientation;1;1;;;;;;;5;1
-44;164;149.5;-14.5;1.8329713344574;16;1;1;Abreo et al. (2023);Experiment 1;Orientation;1;1;;;;;;;6;1
-65;33;17.5;-15.5;4.14978551864624;16;1;1;Abreo et al. (2023);Experiment 1;Orientation;1;1;;;;;;;7;1
-33;18;19.5;1.5;1.50812077522278;16;1;1;Abreo et al. (2023);Experiment 1;Orientation;1;1;;;;;;;8;1
18;97;103.5;6.5;1.90810799598694;16;1;1;Abreo et al. (2023);Experiment 1;Orientation;1;1;;;;;;;9;1
-44;89;33.5;-55.5;2.16648840904236;16;1;1;Abreo et al. (2023);Experiment 1;Orientation;1;1;;;;;;;10;1
26;153;157.5;4.5;2.07480311393738;16;1;1;Abreo et al. (2023);Experiment 1;Orientation;1;1;;;;;;;11;1
-42;95;90.5;-4.5;4.44122242927551;16;1;1;Abreo et al. (2023);Experiment 1;Orientation;1;1;;;;;;;12;1
-28;173;162.0;-11.0;2.49120664596558;16;1;1;Abreo et al. (2023);Experiment 1;Orientation;1;1;;;;;;;13;1
-70;32;35.5;3.5;1.84144902229309;16;1;1;Abreo et al. (2023);Experiment 1;Orientation;1;1;;;;;;;14;1
78;116;125.0;9.0;1.94950747489929;16;1;1;Abreo et al. (2023);Experiment 1;Orientation;1;1;;;;;;;15;1
-9;133;129.5;-3.49999999999998;2.13293743133545;16;1;1;Abreo et al. (2023);Experiment 1;Orientation;1;1;;;;;;;16;1
-50;111;114.0;3.0;1.949631690979;16;1;1;Abreo et al. (2023);Experiment 1;Orientation;1;1;;;;;;;17;1
33;175;169.5;-5.50000000000001;3.29149580001831;16;1;1;Abreo et al. (2023);Experiment 1;Orientation;1;1;;;;;;;18;1
-22;157;155.0;-2.0;1.49120187759399;16;1;1;Abreo et al. (2023);Experiment 1;Orientation;1;1;;;;;;;19;1
87;19;18.5;-0.500000000000002;2.73304772377014;16;1;1;Abreo et al. (2023);Experiment 1;Orientation;1;1;;;;;;;20;1
-88;101;103.5;2.5;2.13283658027649;16;1;1;Abreo et al. (2023);Experiment 1;Orientation;1;1;;;;;;;21;1
-37;156;112.5;-43.5;2.81614875793457;16;1;1;Abreo et al. (2023);Experiment 1;Orientation;1;1;;;;;;;22;1
13;48;61.5;13.5;2.32470488548279;16;1;1;Abreo et al. (2023);Experiment 1;Orientation;1;1;;;;;;;23;1
-9;115;114.0;-0.999999999999987;12.7496929168701;16;1;1;Abreo et al. (2023);Experiment 1;Orientation;1;1;;;;;;;24;1
-38;104;98.0;-6.00000000000001;2.39978003501892;16;1;1;Abreo et al. (2023);Experiment 1;Orientation;1;1;;;;;;;25;1
-13;13;32.5;19.5;1.66638135910034;16;1;1;Abreo et al. (2023);Experiment 1;Orientation;1;1;;;;;;;26;1
87;22;17.0;-5.0;1.5998055934906;16;1;1;Abreo et al. (2023);Experiment 1;Orientation;1;1;;;;;;;27;1
-73;163;145.0;-18.0;1.75793409347534;16;1;1;Abreo et al. (2023);Experiment 1;Orientation;1;1;;;;;;;28;1
68;60;58.0;-1.99999999999999;2.39951252937317;16;1;1;Abreo et al. (2023);Experiment 1;Orientation;1;1;;;;;;;29;1
-79;130;126.0;-4.00000000000001;2.59533858299255;16;2;1;Abreo et al. (2023);Experiment 1;Orientation;1;1;;;;;;;1;2
-44;118;113.5;-4.50000000000001;1.48371577262878;16;2;1;Abreo et al. (2023);Experiment 1;Orientation;1;1;;;;;;;2;2
-49;96;92.5;-3.50000000000001;2.62480902671814;16;2;1;Abreo et al. (2023);Experiment 1;Orientation;1;1;;;;;;;3;2
14;96;100.5;4.5;2.3081042766571;16;2;1;Abreo et al. (2023);Experiment 1;Orientation;1;1;;;;;;;4;2
17;29;37.0;8.0;3.22465515136719;16;2;1;Abreo et al. (2023);Experiment 1;Orientation;1;1;;;;;;;5;2
-89;9;19.0;10.0;2.55799436569214;16;2;1;Abreo et al. (2023);Experiment 1;Orientation;1;1;;;;;;;6;2
51;84;78.5;-5.5;2.65807294845581;16;2;1;Abreo et al. (2023);Experiment 1;Orientation;1;1;;;;;;;7;2
-77;138;125.0;-13.0;2.32479333877563;16;2;1;Abreo et al. (2023);Experiment 1;Orientation;1;1;;;;;;;8;2
65;110;103.0;-7.0;2.33316969871521;16;2;1;Abreo et al. (2023);Experiment 1;Orientation;1;1;;;;;;;9;2
-35;111;98.0;-13.0;2.19979071617126;16;2;1;Abreo et al. (2023);Experiment 1;Orientation;1;1;;;;;;;10;2
66;107;103.0;-3.99999999999999;2.14979577064514;16;2;1;Abreo et al. (2023);Experiment 1;Orientation;1;1;;;;;;;11;2
-64;53;36.5;-16.5;2.80797958374023;16;2;1;Abreo et al. (2023);Experiment 1;Orientation;1;1;;;;;;;12;2
6;21;21.0;-0.0;2.18284893035889;16;2;1;Abreo et al. (2023);Experiment 1;Orientation;1;1;;;;;;;13;2
-10;106;141.5;35.5;2.09129667282104;16;2;1;Abreo et al. (2023);Experiment 1;Orientation;1;1;;;;;;;14;2
17;179;176.0;-3.00000000000002;1.71648693084717;16;2;1;Abreo et al. (2023);Experiment 1;Orientation;1;1;;;;;;;15;2
12;149;147.5;-1.49999999999999;1.40801453590393;16;2;1;Abreo et al. (2023);Experiment 1;Orientation;1;1;;;;;;;16;2
-22;133;118.5;-14.5;1.79967093467712;16;2;1;Abreo et al. (2023);Experiment 1;Orientation;1;1;;;;;;;17;2
46;10;17.0;7.0;2.12474274635315;16;2;1;Abreo et al. (2023);Experiment 1;Orientation;1;1;;;;;;;18;2
43;171;180.0;9.0;2.35811948776245;16;2;1;Abreo et al. (2023);Experiment 1;Orientation;1;1;;;;;;;19;2
59;103;113.0;10.0;1.9830367565155;16;2;1;Abreo et al. (2023);Experiment 1;Orientation;1;1;;;;;;;20;2
-16;138;129.0;-9.0;1.5245988368988;16;2;1;Abreo et al. (2023);Experiment 1;Orientation;1;1;;;;;;;21;2
-87;54;49.5;-4.5;2.34980869293213;16;2;1;Abreo et al. (2023);Experiment 1;Orientation;1;1;;;;;;;22;2
3;92;89.0;-3.0;2.84977865219116;16;2;1;Abreo et al. (2023);Experiment 1;Orientation;1;1;;;;;;;23;2
-26;9;9.0;-0.0;1.24970507621765;16;2;1;Abreo et al. (2023);Experiment 1;Orientation;1;1;;;;;;;24;2
73;68;71.0;2.99999999999999;2.01641941070557;16;2;1;Abreo et al. (2023);Experiment 1;Orientation;1;1;;;;;;;25;2
-54;124;128.0;4.00000000000001;1.31636738777161;16;2;1;Abreo et al. (2023);Experiment 1;Orientation;1;1;;;;;;;26;2
-43;133;119.0;-14.0;1.98311972618103;16;2;1;Abreo et al. (2023);Experiment 1;Orientation;1;1;;;;;;;27;2
22;94;99.5;5.5;1.79985046386719;16;2;1;Abreo et al. (2023);Experiment 1;Orientation;1;1;;;;;;;28;2
9;86;84.5;-1.50000000000001;1.79981279373169;16;2;1;Abreo et al. (2023);Experiment 1;Orientation;1;1;;;;;;;29;2
-36;178;174.0;-4.00000000000001;2.59137034416199;16;2;1;Abreo et al. (2023);Experiment 1;Orientation;1;1;;;;;;;30;2
47;172;170.5;-1.50000000000001;1.66636538505554;16;2;1;Abreo et al. (2023);Experiment 1;Orientation;1;1;;;;;;;31;2
12;32;39.0;7.0;2.16625261306763;16;2;1;Abreo et al. (2023);Experiment 1;Orientation;1;1;;;;;;;32;2
9;53;59.0;6.00000000000001;2.88317179679871;16;2;1;Abreo et al. (2023);Experiment 1;Orientation;1;1;;;;;;;33;2
59;106;108.5;2.50000000000001;1.91644048690796;16;3;1;Abreo et al. (2023);Experiment 1;Orientation;1;1;;;;;;;1;3
-58;92;80.5;-11.5;4.22481822967529;16;3;1;Abreo et al. (2023);Experiment 1;Orientation;1;1;;;;;;;2;3
-40;76;69.0;-7.00000000000001;2.77484345436096;16;3;1;Abreo et al. (2023);Experiment 1;Orientation;1;1;;;;;;;3;3
-19;110;118.0;8.00000000000001;1.59964466094971;16;3;1;Abreo et al. (2023);Experiment 1;Orientation;1;1;;;;;;;4;3
62;159;160.0;0.999999999999987;1.57473802566528;16;3;1;Abreo et al. (2023);Experiment 1;Orientation;1;1;;;;;;;5;3
-85;50;52.0;2.0;2.04138994216919;16;3;1;Abreo et al. (2023);Experiment 1;Orientation;1;1;;;;;;;6;3
82;8;15.5;7.5;1.7248694896698;16;3;1;Abreo et al. (2023);Experiment 1;Orientation;1;1;;;;;;;7;3
-3;29;32.5;3.5;2.9831428527832;16;3;1;Abreo et al. (2023);Experiment 1;Orientation;1;1;;;;;;;8;3
26;95;105.0;10.0;1.77448153495789;16;3;1;Abreo et al. (2023);Experiment 1;Orientation;1;1;;;;;;;9;3
-57;119;106.0;-13.0;1.7831027507782;16;3;1;Abreo et al. (2023);Experiment 1;Orientation;1;1;;;;;;;10;3
68;60;60.0;-0.0;2.08316087722778;16;3;1;Abreo et al. (2023);Experiment 1;Orientation;1;1;;;;;;;11;3
71;170;160.0;-10.0;2.77475452423096;16;3;1;Abreo et al. (2023);Experiment 1;Orientation;1;1;;;;;;;12;3
3;102;118.5;16.5;1.81619572639465;16;3;1;Abreo et al. (2023);Experiment 1;Orientation;1;1;;;;;;;13;3
-86;90;80.5;-9.49999999999999;2.39137530326843;16;3;1;Abreo et al. (2023);Experiment 1;Orientation;1;1;;;;;;;14;3
-17;24;23.0;-1.0;1.81626176834106;16;3;1;Abreo et al. (2023);Experiment 1;Orientation;1;1;;;;;;;15;3
-17;44;36.5;-7.5;2.3748095035553;16;3;1;Abreo et al. (2023);Experiment 1;Orientation;1;1;;;;;;;16;3
29;57;61.5;4.5;2.14145970344543;16;3;1;Abreo et al. (2023);Experiment 1;Orientation;1;1;;;;;;;17;3
86;173;159.5;-13.5;1.57477974891663;16;3;1;Abreo et al. (2023);Experiment 1;Orientation;1;1;;;;;;;18;3
17;8;6.0;-2.0;1.87448668479919;16;3;1;Abreo et al. (2023);Experiment 1;Orientation;1;1;;;;;;;19;3
48;119;122.0;2.99999999999999;1.54125070571899;16;3;1;Abreo et al. (2023);Experiment 1;Orientation;1;1;;;;;;;20;3
24;114;118.0;4.00000000000001;2.38307857513428;16;3;1;Abreo et al. (2023);Experiment 1;Orientation;1;1;;;;;;;21;3
78;119;120.5;1.50000000000001;1.92452096939087;16;3;1;Abreo et al. (2023);Experiment 1;Orientation;1;1;;;;;;;22;3
-38;39;36.5;-2.5;2.6580126285553;16;3;1;Abreo et al. (2023);Experiment 1;Orientation;1;1;;;;;;;23;3
36;104;110.0;6.0;1.93309450149536;16;3;1;Abreo et al. (2023);Experiment 1;Orientation;1;1;;;;;;;24;3
75;37;29.0;-8.0;2.12471652030945;16;3;1;Abreo et al. (2023);Experiment 1;Orientation;1;1;;;;;;;25;3
-15;75;67.5;-7.50000000000001;2.24116206169128;16;3;1;Abreo et al. (2023);Experiment 1;Orientation;1;1;;;;;;;26;3
79;2;8.5;6.5;2.10816502571106;16;3;1;Abreo et al. (2023);Experiment 1;Orientation;1;1;;;;;;;27;3
65;112;112.5;0.499999999999997;1.55818247795105;16;3;1;Abreo et al. (2023);Experiment 1;Orientation;1;1;;;;;;;28;3
4;10;23.0;13.0;1.59948801994324;16;3;1;Abreo et al. (2023);Experiment 1;Orientation;1;1;;;;;;;29;3
-41;45;45.5;0.500000000000007;1.44129967689514;16;3;1;Abreo et al. (2023);Experiment 1;Orientation;1;1;;;;;;;30;3
20;27;29.0;2.00000000000001;3.57468819618225;16;4;1;Abreo et al. (2023);Experiment 1;Orientation;1;1;;;;;;;1;4
54;51;57.0;6.0;1.47483992576599;16;4;1;Abreo et al. (2023);Experiment 1;Orientation;1;1;;;;;;;2;4
6;72;65.0;-7.0;3.37483215332031;16;4;1;Abreo et al. (2023);Experiment 1;Orientation;1;1;;;;;;;3;4
12;143;142.0;-1.00000000000002;1.44148945808411;16;4;1;Abreo et al. (2023);Experiment 1;Orientation;1;1;;;;;;;4;4
-61;104;105.5;1.49999999999999;1.39109945297241;16;4;1;Abreo et al. (2023);Experiment 1;Orientation;1;1;;;;;;;5;4
83;12;16.5;4.5;2.29136252403259;16;4;1;Abreo et al. (2023);Experiment 1;Orientation;1;1;;;;;;;6;4
-36;124;119.0;-4.99999999999999;1.27459812164307;16;4;1;Abreo et al. (2023);Experiment 1;Orientation;1;1;;;;;;;7;4
-53;45;60.0;15.0;2.29150223731995;16;4;1;Abreo et al. (2023);Experiment 1;Orientation;1;1;;;;;;;8;4
39;83;82.0;-0.999999999999999;2.16641664505005;16;4;1;Abreo et al. (2023);Experiment 1;Orientation;1;1;;;;;;;9;4
-55;41;51.0;10.0;2.19960641860962;16;4;1;Abreo et al. (2023);Experiment 1;Orientation;1;1;;;;;;;10;4
6;74;75.0;1.0;2.41618227958679;16;4;1;Abreo et al. (2023);Experiment 1;Orientation;1;1;;;;;;;11;4
47;25;31.0;5.99999999999999;2.09148025512695;16;4;1;Abreo et al. (2023);Experiment 1;Orientation;1;1;;;;;;;12;4
-54;11;173.0;-18.0;1.7915153503418;16;4;1;Abreo et al. (2023);Experiment 1;Orientation;1;1;;;;;;;13;4
-54;34;35.5;1.49999999999999;1.67478466033936;16;4;1;Abreo et al. (2023);Experiment 1;Orientation;1;1;;;;;;;14;4
9;45;58.0;13.0;1.57469892501831;16;4;1;Abreo et al. (2023);Experiment 1;Orientation;1;1;;;;;;;15;4
23;83;80.5;-2.49999999999999;2.00793290138245;16;4;1;Abreo et al. (2023);Experiment 1;Orientation;1;1;;;;;;;16;4
21;115;116.0;1.00000000000001;1.63311100006104;16;4;1;Abreo et al. (2023);Experiment 1;Orientation;1;1;;;;;;;17;4
-42;153;131.5;-21.5;1.96633386611938;16;4;1;Abreo et al. (2023);Experiment 1;Orientation;1;1;;;;;;;18;4
-4;68;65.0;-3.00000000000001;1.71648955345154;16;4;1;Abreo et al. (2023);Experiment 1;Orientation;1;1;;;;;;;19;4
5;20;26.0;6.0;1.72451257705688;16;4;1;Abreo et al. (2023);Experiment 1;Orientation;1;1;;;;;;;20;4
-69;107;104.0;-2.99999999999999;2.8412663936615;16;4;1;Abreo et al. (2023);Experiment 1;Orientation;1;1;;;;;;;21;4
83;79;74.5;-4.5;2.1161835193634;16;4;1;Abreo et al. (2023);Experiment 1;Orientation;1;1;;;;;;;22;4
28;172;155.0;-17.0;1.27468609809875;16;4;1;Abreo et al. (2023);Experiment 1;Orientation;1;1;;;;;;;23;4
-9;129;142.0;13.0;2.37453460693359;16;4;1;Abreo et al. (2023);Experiment 1;Orientation;1;1;;;;;;;24;4
71;66;66.5;0.499999999999998;2.15795087814331;16;4;1;Abreo et al. (2023);Experiment 1;Orientation;1;1;;;;;;;25;4
-61;47;33.5;-13.5;1.43298864364624;16;4;1;Abreo et al. (2023);Experiment 1;Orientation;1;1;;;;;;;26;4
-25;157;146.5;-10.5;3.35848784446716;16;5;1;Abreo et al. (2023);Experiment 1;Orientation;1;1;;;;;;;1;5
-13;118;122.5;4.5;1.89118981361389;16;5;1;Abreo et al. (2023);Experiment 1;Orientation;1;1;;;;;;;2;5
81;42;52.0;10.0;1.91631460189819;16;5;1;Abreo et al. (2023);Experiment 1;Orientation;1;1;;;;;;;3;5
-11;61;60.0;-1.0;1.49983167648315;16;5;1;Abreo et al. (2023);Experiment 1;Orientation;1;1;;;;;;;4;5
57;155;155.0;0.0;1.54984641075134;16;5;1;Abreo et al. (2023);Experiment 1;Orientation;1;1;;;;;;;5;5
14;14;16.5;2.5;2.42484378814697;16;5;1;Abreo et al. (2023);Experiment 1;Orientation;1;1;;;;;;;6;5
59;167;156.0;-11.0;1.60818243026733;16;5;1;Abreo et al. (2023);Experiment 1;Orientation;1;1;;;;;;;7;5
37;163;159.5;-3.50000000000001;1.5329897403717;16;5;1;Abreo et al. (2023);Experiment 1;Orientation;1;1;;;;;;;8;5
-52;70;59.0;-11.0;1.60792064666748;16;5;1;Abreo et al. (2023);Experiment 1;Orientation;1;1;;;;;;;9;5
86;149;130.5;-18.5;1.95803594589233;16;5;1;Abreo et al. (2023);Experiment 1;Orientation;1;1;;;;;;;10;5
-67;114;111.0;-3.0;3.24985408782959;16;5;1;Abreo et al. (2023);Experiment 1;Orientation;1;1;;;;;;;11;5
49;0;6.5;6.5;1.25798726081848;16;5;1;Abreo et al. (2023);Experiment 1;Orientation;1;1;;;;;;;12;5
87;149;148.0;-0.999999999999989;1.99135160446167;16;5;1;Abreo et al. (2023);Experiment 1;Orientation;1;1;;;;;;;13;5
-86;138;140.0;2.0;1.99965786933899;16;5;1;Abreo et al. (2023);Experiment 1;Orientation;1;1;;;;;;;14;5
80;164;155.5;-8.50000000000001;2.1997606754303;16;5;1;Abreo et al. (2023);Experiment 1;Orientation;1;1;;;;;;;15;5
69;36;37.5;1.5;1.57467794418335;16;5;1;Abreo et al. (2023);Experiment 1;Orientation;1;1;;;;;;;16;5
84;47;56.0;9.0;2.22474956512451;16;5;1;Abreo et al. (2023);Experiment 1;Orientation;1;1;;;;;;;17;5
-54;115;108.0;-7.0;1.98294281959534;16;5;1;Abreo et al. (2023);Experiment 1;Orientation;1;1;;;;;;;18;5
18;102;101.0;-1.0;1.79147458076477;16;5;1;Abreo et al. (2023);Experiment 1;Orientation;1;1;;;;;;;19;5
39;136;138.5;2.49999999999999;2.6998302936554;16;5;1;Abreo et al. (2023);Experiment 1;Orientation;1;1;;;;;;;20;5
4;125;128.5;3.49999999999998;1.51630854606628;16;5;1;Abreo et al. (2023);Experiment 1;Orientation;1;1;;;;;;;21;5
-67;8;172.0;-16.0;1.46642184257507;16;5;1;Abreo et al. (2023);Experiment 1;Orientation;1;1;;;;;;;22;5
14;136;130.5;-5.50000000000002;2.58311557769775;16;5;1;Abreo et al. (2023);Experiment 1;Orientation;1;1;;;;;;;23;5
-61;114;108.0;-6.00000000000001;1.85814189910889;16;5;1;Abreo et al. (2023);Experiment 1;Orientation;1;1;;;;;;;24;5
-33;9;179.0;-10.0;1.73318839073181;16;5;1;Abreo et al. (2023);Experiment 1;Orientation;1;1;;;;;;;25;5
77;146;143.5;-2.5;1.79140067100525;16;5;1;Abreo et al. (2023);Experiment 1;Orientation;1;1;;;;;;;26;5
-36;137;125.0;-12.0;1.74118971824646;16;5;1;Abreo et al. (2023);Experiment 1;Orientation;1;1;;;;;;;27;5
18;14;25.0;11.0;1.53316354751587;16;5;1;Abreo et al. (2023);Experiment 1;Orientation;1;1;;;;;;;28;5
-18;169;163.0;-5.99999999999998;1.39984631538391;16;5;1;Abreo et al. (2023);Experiment 1;Orientation;1;1;;;;;;;29;5
-52;121;120.0;-1.00000000000001;1.74986982345581;16;5;1;Abreo et al. (2023);Experiment 1;Orientation;1;1;;;;;;;30;5
13;94;108.5;14.5;2.02540850639343;16;6;1;Abreo et al. (2023);Experiment 1;Orientation;1;1;;;;;;;1;6
-29;105;109.0;3.99999999999999;1.34147572517395;16;6;1;Abreo et al. (2023);Experiment 1;Orientation;1;1;;;;;;;2;6
-75;155;141.0;-14.0;2.54148554801941;16;6;1;Abreo et al. (2023);Experiment 1;Orientation;1;1;;;;;;;3;6
23;39;46.5;7.50000000000001;2.18313884735107;16;6;1;Abreo et al. (2023);Experiment 1;Orientation;1;1;;;;;;;4;6
-76;24;19.0;-5.0;1.39152359962463;16;6;1;Abreo et al. (2023);Experiment 1;Orientation;1;1;;;;;;;5;6
-25;159;151.0;-8.00000000000001;1.54154491424561;16;6;1;Abreo et al. (2023);Experiment 1;Orientation;1;1;;;;;;;6;6
67;80;68.5;-11.5;1.37451767921448;16;6;1;Abreo et al. (2023);Experiment 1;Orientation;1;1;;;;;;;7;6
44;131;143.0;12.0;2.12483763694763;16;6;1;Abreo et al. (2023);Experiment 1;Orientation;1;1;;;;;;;8;6
10;27;24.5;-2.5;2.39947986602783;16;6;1;Abreo et al. (2023);Experiment 1;Orientation;1;1;;;;;;;9;6
-21;63;66.0;3.00000000000001;1.82464957237244;16;6;1;Abreo et al. (2023);Experiment 1;Orientation;1;1;;;;;;;10;6
-45;68;68.5;0.499999999999996;2.19141030311584;16;6;1;Abreo et al. (2023);Experiment 1;Orientation;1;1;;;;;;;11;6
33;106;120.0;14.0;1.62478113174438;16;6;1;Abreo et al. (2023);Experiment 1;Orientation;1;1;;;;;;;12;6
6;115;112.0;-2.99999999999999;1.31649661064148;16;6;1;Abreo et al. (2023);Experiment 1;Orientation;1;1;;;;;;;13;6
55;48;69.0;21.0;2.94130277633667;16;6;1;Abreo et al. (2023);Experiment 1;Orientation;1;1;;;;;;;14;6
29;43;43.5;0.499999999999994;2.49952697753906;16;6;1;Abreo et al. (2023);Experiment 1;Orientation;1;1;;;;;;;15;6
28;121;118.5;-2.5;2.44970631599426;16;6;1;Abreo et al. (2023);Experiment 1;Orientation;1;1;;;;;;;16;6
37;70;73.0;3.0;2.54130053520203;16;6;1;Abreo et al. (2023);Experiment 1;Orientation;1;1;;;;;;;17;6
-45;57;47.0;-10.0;1.56618857383728;16;6;1;Abreo et al. (2023);Experiment 1;Orientation;1;1;;;;;;;18;6
-34;121;112.0;-9.0;2.23311567306519;16;6;1;Abreo et al. (2023);Experiment 1;Orientation;1;1;;;;;;;19;6
31;135;146.0;11.0;2.68300533294678;16;6;1;Abreo et al. (2023);Experiment 1;Orientation;1;1;;;;;;;20;6
-72;87;69.0;-18.0;2.15807509422302;16;6;1;Abreo et al. (2023);Experiment 1;Orientation;1;1;;;;;;;21;6
26;5;16.5;11.5;2.0162148475647;16;6;1;Abreo et al. (2023);Experiment 1;Orientation;1;1;;;;;;;22;6
-82;62;59.5;-2.5;1.68291831016541;16;6;1;Abreo et al. (2023);Experiment 1;Orientation;1;1;;;;;;;23;6
13;84;81.5;-2.5;2.10817003250122;16;6;1;Abreo et al. (2023);Experiment 1;Orientation;1;1;;;;;;;24;6
89;153;135.5;-17.5;1.71617794036865;16;6;1;Abreo et al. (2023);Experiment 1;Orientation;1;1;;;;;;;25;6
45;67;79.5;12.5;2.3495922088623;16;6;1;Abreo et al. (2023);Experiment 1;Orientation;1;1;;;;;;;26;6
-60;65;66.0;1.0;2.39130854606628;16;6;1;Abreo et al. (2023);Experiment 1;Orientation;1;1;;;;;;;27;6
-8;68;73.5;5.49999999999999;3.0581111907959;16;6;1;Abreo et al. (2023);Experiment 1;Orientation;1;1;;;;;;;28;6
-57;93;96.5;3.5;1.93314218521118;16;6;1;Abreo et al. (2023);Experiment 1;Orientation;1;1;;;;;;;29;6
-48;124;115.0;-9.0;2.98283576965332;16;6;1;Abreo et al. (2023);Experiment 1;Orientation;1;1;;;;;;;30;6
-76;147;133.0;-14.0;2.03316044807434;16;6;1;Abreo et al. (2023);Experiment 1;Orientation;1;1;;;;;;;31;6
4;121;114.5;-6.5;2.24116063117981;16;6;1;Abreo et al. (2023);Experiment 1;Orientation;1;1;;;;;;;32;6
8;149;143.5;-5.49999999999999;1.44982862472534;16;6;1;Abreo et al. (2023);Experiment 1;Orientation;1;1;;;;;;;33;6
-49;9;5.0;-4.0;1.72467875480652;16;6;1;Abreo et al. (2023);Experiment 1;Orientation;1;1;;;;;;;34;6
33;96;111.5;15.5;2.39466881752014;17;1;1;Abreo et al. (2023);Experiment 1;Orientation;1;1;;;;;;;1;1
54;119;83.0;-36.0;2.49160647392273;17;1;1;Abreo et al. (2023);Experiment 1;Orientation;1;1;;;;;;;2;1
-59;109;115.0;5.99999999999999;5.54999947547913;17;1;1;Abreo et al. (2023);Experiment 1;Orientation;1;1;;;;;;;3;1
-17;73;67.5;-5.5;2.18297719955444;17;1;1;Abreo et al. (2023);Experiment 1;Orientation;1;1;;;;;;;4;1
84;160;27.0;47.0;5.65800094604492;17;1;1;Abreo et al. (2023);Experiment 1;Orientation;1;1;;;;;;;5;1
-41;95;40.0;-55.0;2.48301768302917;17;1;1;Abreo et al. (2023);Experiment 1;Orientation;1;1;;;;;;;6;1
49;139;67.0;-72.0;1.96638250350952;17;1;1;Abreo et al. (2023);Experiment 1;Orientation;1;1;;;;;;;7;1
38;171;129.5;-41.5;2.19980645179749;17;1;1;Abreo et al. (2023);Experiment 1;Orientation;1;1;;;;;;;8;1
55;82;77.5;-4.5;4.92471742630005;17;1;1;Abreo et al. (2023);Experiment 1;Orientation;1;1;;;;;;;9;1
82;115;112.5;-2.49999999999999;2.00780296325684;17;1;1;Abreo et al. (2023);Experiment 1;Orientation;1;1;;;;;;;10;1
19;17;21.5;4.5;4.31619668006897;17;1;1;Abreo et al. (2023);Experiment 1;Orientation;1;1;;;;;;;11;1
27;154;136.5;-17.5;1.70801591873169;17;1;1;Abreo et al. (2023);Experiment 1;Orientation;1;1;;;;;;;12;1
-13;105;92.0;-13.0;2.24951362609863;17;1;1;Abreo et al. (2023);Experiment 1;Orientation;1;1;;;;;;;13;1
-11;135;120.5;-14.5;1.98317265510559;17;1;1;Abreo et al. (2023);Experiment 1;Orientation;1;1;;;;;;;14;1
-33;8;52.5;44.5;3.27480602264404;17;1;1;Abreo et al. (2023);Experiment 1;Orientation;1;1;;;;;;;15;1
11;145;117.0;-28.0;2.47461104393005;17;1;1;Abreo et al. (2023);Experiment 1;Orientation;1;1;;;;;;;16;1
34;90;117.5;27.5;2.52468490600586;17;1;1;Abreo et al. (2023);Experiment 1;Orientation;1;1;;;;;;;17;1
-23;168;124.5;-43.5;2.24985027313232;17;1;1;Abreo et al. (2023);Experiment 1;Orientation;1;1;;;;;;;18;1
-70;178;111.0;-67.0;4.1081383228302;17;1;1;Abreo et al. (2023);Experiment 1;Orientation;1;1;;;;;;;19;1
1;26;24.0;-2.0;2.8328685760498;17;1;1;Abreo et al. (2023);Experiment 1;Orientation;1;1;;;;;;;20;1
89;156;139.0;-17.0;3.15816354751587;17;1;1;Abreo et al. (2023);Experiment 1;Orientation;1;1;;;;;;;21;1
-27;51;33.5;-17.5;4.25785493850708;17;1;1;Abreo et al. (2023);Experiment 1;Orientation;1;1;;;;;;;22;1
-74;62;38.0;-24.0;2.89144897460938;17;1;1;Abreo et al. (2023);Experiment 1;Orientation;1;1;;;;;;;23;1
-66;24;111.5;87.5;2.38293123245239;17;1;1;Abreo et al. (2023);Experiment 1;Orientation;1;1;;;;;;;24;1
-29;11;25.5;14.5;2.71642589569092;17;1;1;Abreo et al. (2023);Experiment 1;Orientation;1;1;;;;;;;25;1
8;142;108.0;-34.0;2.23302555084229;17;1;1;Abreo et al. (2023);Experiment 1;Orientation;1;1;;;;;;;26;1
76;172;17.0;25.0;3.41643333435059;17;1;1;Abreo et al. (2023);Experiment 1;Orientation;1;1;;;;;;;27;1
90;6;51.0;45.0;2.1829686164856;17;1;1;Abreo et al. (2023);Experiment 1;Orientation;1;1;;;;;;;28;1
24;165;150.0;-15.0;2.5328164100647;17;1;1;Abreo et al. (2023);Experiment 1;Orientation;1;1;;;;;;;29;1
-18;99;85.5;-13.5;6.20814228057861;17;1;1;Abreo et al. (2023);Experiment 1;Orientation;1;1;;;;;;;30;1
79;52;135.0;83.0;3.33295655250549;17;1;1;Abreo et al. (2023);Experiment 1;Orientation;1;1;;;;;;;31;1
65;166;31.0;45.0;2.3827977180481;17;1;1;Abreo et al. (2023);Experiment 1;Orientation;1;1;;;;;;;32;1
-77;165;141.0;-24.0;1.79964780807495;17;1;1;Abreo et al. (2023);Experiment 1;Orientation;1;1;;;;;;;33;1
69;10;13.5;3.5;2.48283100128174;17;1;1;Abreo et al. (2023);Experiment 1;Orientation;1;1;;;;;;;34;1
-9;103;90.5;-12.5;1.75791382789612;17;1;1;Abreo et al. (2023);Experiment 1;Orientation;1;1;;;;;;;35;1
-67;88;83.0;-5.0;2.42447447776794;17;1;1;Abreo et al. (2023);Experiment 1;Orientation;1;1;;;;;;;36;1
-68;84;118.0;34.0;2.04975199699402;17;2;1;Abreo et al. (2023);Experiment 1;Orientation;1;1;;;;;;;1;2
75;75;115.0;40.0;1.87453579902649;17;2;1;Abreo et al. (2023);Experiment 1;Orientation;1;1;;;;;;;2;2
-38;112;79.0;-33.0;2.61618375778198;17;2;1;Abreo et al. (2023);Experiment 1;Orientation;1;1;;;;;;;3;2
76;97;123.5;26.5;2.24982190132141;17;2;1;Abreo et al. (2023);Experiment 1;Orientation;1;1;;;;;;;4;2
-57;62;44.0;-18.0;1.82476830482483;17;2;1;Abreo et al. (2023);Experiment 1;Orientation;1;1;;;;;;;5;2
-84;44;95.0;51.0;3.48313546180725;17;2;1;Abreo et al. (2023);Experiment 1;Orientation;1;1;;;;;;;6;2
59;73;101.0;28.0;2.20792603492737;17;2;1;Abreo et al. (2023);Experiment 1;Orientation;1;1;;;;;;;7;2
-54;99;108.0;9.0;3.29117059707642;17;2;1;Abreo et al. (2023);Experiment 1;Orientation;1;1;;;;;;;8;2
-66;81;43.0;-38.0;2.49974846839905;17;2;1;Abreo et al. (2023);Experiment 1;Orientation;1;1;;;;;;;9;2
59;3;156.5;-26.5;2.18305444717407;17;2;1;Abreo et al. (2023);Experiment 1;Orientation;1;1;;;;;;;10;2
-5;168;5.5;17.5;3.01625514030457;17;2;1;Abreo et al. (2023);Experiment 1;Orientation;1;1;;;;;;;11;2
-53;89;117.0;28.0;2.19138360023499;17;2;1;Abreo et al. (2023);Experiment 1;Orientation;1;1;;;;;;;12;2
15;74;103.5;29.5;2.7496771812439;17;2;1;Abreo et al. (2023);Experiment 1;Orientation;1;1;;;;;;;13;2
-10;162;176.5;14.5;3.72474598884583;17;2;1;Abreo et al. (2023);Experiment 1;Orientation;1;1;;;;;;;14;2
-12;71;44.0;-27.0;4.3245062828064;17;2;1;Abreo et al. (2023);Experiment 1;Orientation;1;1;;;;;;;15;2
-42;109;70.5;-38.5;2.40818285942078;17;2;1;Abreo et al. (2023);Experiment 1;Orientation;1;1;;;;;;;16;2
4;161;41.0;60.0;2.25818419456482;17;2;1;Abreo et al. (2023);Experiment 1;Orientation;1;1;;;;;;;17;2
-80;44;31.0;-13.0;2.3915069103241;17;2;1;Abreo et al. (2023);Experiment 1;Orientation;1;1;;;;;;;18;2
-88;127;111.0;-16.0;2.61644172668457;17;2;1;Abreo et al. (2023);Experiment 1;Orientation;1;1;;;;;;;19;2
8;130;121.5;-8.50000000000001;1.81617069244385;17;2;1;Abreo et al. (2023);Experiment 1;Orientation;1;1;;;;;;;20;2
-87;99;121.0;22.0;1.91644239425659;17;2;1;Abreo et al. (2023);Experiment 1;Orientation;1;1;;;;;;;21;2
75;106;116.5;10.5;1.65785551071167;17;2;1;Abreo et al. (2023);Experiment 1;Orientation;1;1;;;;;;;22;2
-31;113;86.0;-27.0;2.24140167236328;17;2;1;Abreo et al. (2023);Experiment 1;Orientation;1;1;;;;;;;23;2
-13;118;125.0;7.0;2.77477931976318;17;2;1;Abreo et al. (2023);Experiment 1;Orientation;1;1;;;;;;;24;2
34;150;9.5;39.5;1.8497166633606;17;2;1;Abreo et al. (2023);Experiment 1;Orientation;1;1;;;;;;;25;2
44;71;111.0;40.0;1.79973244667053;17;2;1;Abreo et al. (2023);Experiment 1;Orientation;1;1;;;;;;;26;2
66;132;116.0;-16.0;1.37480664253235;17;2;1;Abreo et al. (2023);Experiment 1;Orientation;1;1;;;;;;;27;2
58;145;115.5;-29.5;1.64146494865417;17;2;1;Abreo et al. (2023);Experiment 1;Orientation;1;1;;;;;;;28;2
41;124;113.5;-10.5;1.4497447013855;17;2;1;Abreo et al. (2023);Experiment 1;Orientation;1;1;;;;;;;29;2
43;109;119.5;10.5;1.52486371994019;17;2;1;Abreo et al. (2023);Experiment 1;Orientation;1;1;;;;;;;30;2
43;112;134.5;22.5;1.97543787956238;17;3;1;Abreo et al. (2023);Experiment 1;Orientation;1;1;;;;;;;1;3
68;116;114.5;-1.50000000000001;2.04149293899536;17;3;1;Abreo et al. (2023);Experiment 1;Orientation;1;1;;;;;;;2;3
35;70;38.0;-32.0;2.63313508033752;17;3;1;Abreo et al. (2023);Experiment 1;Orientation;1;1;;;;;;;3;3
-83;16;30.5;14.5;1.68284678459167;17;3;1;Abreo et al. (2023);Experiment 1;Orientation;1;1;;;;;;;4;3
-22;40;42.5;2.5;2.41644287109375;17;3;1;Abreo et al. (2023);Experiment 1;Orientation;1;1;;;;;;;5;3
-81;113;126.0;13.0;3.49962830543518;17;3;1;Abreo et al. (2023);Experiment 1;Orientation;1;1;;;;;;;6;3
-67;179;41.0;42.0;2.29148578643799;17;3;1;Abreo et al. (2023);Experiment 1;Orientation;1;1;;;;;;;7;3
-44;62;123.0;61.0;2.00779724121094;17;3;1;Abreo et al. (2023);Experiment 1;Orientation;1;1;;;;;;;8;3
0;97;96.0;-0.999999999999988;2.41641640663147;17;3;1;Abreo et al. (2023);Experiment 1;Orientation;1;1;;;;;;;9;3
73;177;42.0;45.0;3.08316111564636;17;3;1;Abreo et al. (2023);Experiment 1;Orientation;1;1;;;;;;;10;3
-85;172;15.5;23.5;2.29955673217773;17;3;1;Abreo et al. (2023);Experiment 1;Orientation;1;1;;;;;;;11;3
25;137;127.0;-9.99999999999999;1.54984378814697;17;3;1;Abreo et al. (2023);Experiment 1;Orientation;1;1;;;;;;;12;3
-88;32;47.0;15.0;1.65820264816284;17;3;1;Abreo et al. (2023);Experiment 1;Orientation;1;1;;;;;;;13;3
76;36;60.0;24.0;1.8161506652832;17;3;1;Abreo et al. (2023);Experiment 1;Orientation;1;1;;;;;;;14;3
80;173;27.5;34.5;1.96613335609436;17;3;1;Abreo et al. (2023);Experiment 1;Orientation;1;1;;;;;;;15;3
-35;31;34.5;3.50000000000001;3.33280467987061;17;3;1;Abreo et al. (2023);Experiment 1;Orientation;1;1;;;;;;;16;3
-89;17;22.5;5.5;1.87450242042542;17;3;1;Abreo et al. (2023);Experiment 1;Orientation;1;1;;;;;;;17;3
84;63;39.5;-23.5;1.38282155990601;17;3;1;Abreo et al. (2023);Experiment 1;Orientation;1;1;;;;;;;18;3
40;53;38.5;-14.5;1.85818791389465;17;3;1;Abreo et al. (2023);Experiment 1;Orientation;1;1;;;;;;;19;3
-17;152;144.0;-8.00000000000001;2.64985227584839;17;3;1;Abreo et al. (2023);Experiment 1;Orientation;1;1;;;;;;;20;3
-58;158;34.0;56.0;1.70812225341797;17;3;1;Abreo et al. (2023);Experiment 1;Orientation;1;1;;;;;;;21;3
-26;97;110.0;13.0;1.32475137710571;17;3;1;Abreo et al. (2023);Experiment 1;Orientation;1;1;;;;;;;22;3
-85;9;41.0;32.0;2.00799036026001;17;3;1;Abreo et al. (2023);Experiment 1;Orientation;1;1;;;;;;;23;3
-43;56;30.0;-26.0;1.79967665672302;17;3;1;Abreo et al. (2023);Experiment 1;Orientation;1;1;;;;;;;24;3
50;55;52.0;-3.0;2.96623635292053;17;3;1;Abreo et al. (2023);Experiment 1;Orientation;1;1;;;;;;;25;3
-47;72;39.0;-33.0;1.7912118434906;17;3;1;Abreo et al. (2023);Experiment 1;Orientation;1;1;;;;;;;26;3
-39;157;23.0;46.0;1.66647505760193;17;3;1;Abreo et al. (2023);Experiment 1;Orientation;1;1;;;;;;;27;3
43;167;117.0;-50.0;1.52479720115662;17;3;1;Abreo et al. (2023);Experiment 1;Orientation;1;1;;;;;;;28;3
44;172;146.0;-26.0;2.87467360496521;17;3;1;Abreo et al. (2023);Experiment 1;Orientation;1;1;;;;;;;29;3
-25;164;126.0;-38.0;4.99970746040344;17;4;1;Abreo et al. (2023);Experiment 1;Orientation;1;1;;;;;;;1;4
-26;130;118.0;-12.0;2.51646089553833;17;4;1;Abreo et al. (2023);Experiment 1;Orientation;1;1;;;;;;;2;4
-28;81;89.5;8.50000000000001;2.46633720397949;17;4;1;Abreo et al. (2023);Experiment 1;Orientation;1;1;;;;;;;3;4
64;36;72.0;36.0;4.79945135116577;17;4;1;Abreo et al. (2023);Experiment 1;Orientation;1;1;;;;;;;4;4
-51;101;80.0;-21.0;2.01639127731323;17;4;1;Abreo et al. (2023);Experiment 1;Orientation;1;1;;;;;;;5;4
60;35;38.5;3.5;2.00799512863159;17;4;1;Abreo et al. (2023);Experiment 1;Orientation;1;1;;;;;;;6;4
-5;125;50.0;-75.0;1.99965953826904;17;4;1;Abreo et al. (2023);Experiment 1;Orientation;1;1;;;;;;;7;4
-70;140;120.0;-20.0;2.48285961151123;17;4;1;Abreo et al. (2023);Experiment 1;Orientation;1;1;;;;;;;8;4
42;2;173.0;-8.99999999999998;2.5998318195343;17;4;1;Abreo et al. (2023);Experiment 1;Orientation;1;1;;;;;;;9;4
54;56;80.0;24.0;1.94148921966553;17;4;1;Abreo et al. (2023);Experiment 1;Orientation;1;1;;;;;;;10;4
51;24;92.5;68.5;2.6161253452301;17;4;1;Abreo et al. (2023);Experiment 1;Orientation;1;1;;;;;;;11;4
74;17;53.5;36.5;2.53302764892578;17;4;1;Abreo et al. (2023);Experiment 1;Orientation;1;1;;;;;;;12;4
-37;153;128.5;-24.5;3.45807075500488;17;4;1;Abreo et al. (2023);Experiment 1;Orientation;1;1;;;;;;;13;4
9;130;117.0;-13.0;1.83279538154602;17;4;1;Abreo et al. (2023);Experiment 1;Orientation;1;1;;;;;;;14;4
60;96;99.5;3.5;2.19126868247986;17;4;1;Abreo et al. (2023);Experiment 1;Orientation;1;1;;;;;;;15;4
81;72;90.0;18.0;1.97479248046875;17;4;1;Abreo et al. (2023);Experiment 1;Orientation;1;1;;;;;;;16;4
34;21;51.5;30.5;4.38279342651367;17;4;1;Abreo et al. (2023);Experiment 1;Orientation;1;1;;;;;;;17;4
-3;156;27.0;51.0;1.74113368988037;17;4;1;Abreo et al. (2023);Experiment 1;Orientation;1;1;;;;;;;18;4
27;35;22.0;-13.0;2.30799412727356;17;4;1;Abreo et al. (2023);Experiment 1;Orientation;1;1;;;;;;;19;4
9;154;8.5;34.5;2.5162296295166;17;4;1;Abreo et al. (2023);Experiment 1;Orientation;1;1;;;;;;;20;4
-86;77;67.0;-10.0;3.28311991691589;17;4;1;Abreo et al. (2023);Experiment 1;Orientation;1;1;;;;;;;21;4
88;70;45.5;-24.5;2.26613116264343;17;4;1;Abreo et al. (2023);Experiment 1;Orientation;1;1;;;;;;;22;4
-17;172;145.0;-27.0;2.26651358604431;17;4;1;Abreo et al. (2023);Experiment 1;Orientation;1;1;;;;;;;23;4
-84;102;105.0;3.00000000000001;2.58319187164307;17;4;1;Abreo et al. (2023);Experiment 1;Orientation;1;1;;;;;;;24;4
33;10;26.5;16.5;3.78306674957275;17;4;1;Abreo et al. (2023);Experiment 1;Orientation;1;1;;;;;;;25;4
51;6;27.0;21.0;2.07450771331787;17;4;1;Abreo et al. (2023);Experiment 1;Orientation;1;1;;;;;;;26;4
-74;13;12.5;-0.499999999999999;3.66620993614197;17;4;1;Abreo et al. (2023);Experiment 1;Orientation;1;1;;;;;;;27;4
-51;10;8.5;-1.5;3.19137477874756;17;4;1;Abreo et al. (2023);Experiment 1;Orientation;1;1;;;;;;;28;4
-70;30;47.0;17.0;1.84973835945129;17;4;1;Abreo et al. (2023);Experiment 1;Orientation;1;1;;;;;;;29;4
-11;34;22.0;-12.0;2.20800876617432;17;4;1;Abreo et al. (2023);Experiment 1;Orientation;1;1;;;;;;;30;4
-34;130;122.0;-8.00000000000001;2.61615777015686;17;4;1;Abreo et al. (2023);Experiment 1;Orientation;1;1;;;;;;;31;4
44;4;30.0;26.0;1.77469730377197;17;4;1;Abreo et al. (2023);Experiment 1;Orientation;1;1;;;;;;;32;4
62;30;126.0;-84.0;1.3078305721283;17;4;1;Abreo et al. (2023);Experiment 1;Orientation;1;1;;;;;;;33;4
-60;60;50.5;-9.49999999999999;2.1497049331665;17;4;1;Abreo et al. (2023);Experiment 1;Orientation;1;1;;;;;;;34;4
-69;89;35.5;-53.5;2.34140181541443;17;4;1;Abreo et al. (2023);Experiment 1;Orientation;1;1;;;;;;;35;4
-13;44;37.5;-6.5;1.73308038711548;17;4;1;Abreo et al. (2023);Experiment 1;Orientation;1;1;;;;;;;36;4
-7;33;53.5;20.5;2.6414966583252;17;4;1;Abreo et al. (2023);Experiment 1;Orientation;1;1;;;;;;;37;4
-30;85;32.0;-53.0;2.87478542327881;17;4;1;Abreo et al. (2023);Experiment 1;Orientation;1;1;;;;;;;38;4
71;119;91.5;-27.5;1.95785665512085;17;5;1;Abreo et al. (2023);Experiment 1;Orientation;1;1;;;;;;;1;5
-41;48;53.0;5.0;1.8995954990387;17;5;1;Abreo et al. (2023);Experiment 1;Orientation;1;1;;;;;;;2;5
-1;148;118.0;-30.0;1.64133095741272;17;5;1;Abreo et al. (2023);Experiment 1;Orientation;1;1;;;;;;;3;5
-57;121;106.0;-15.0;2.02475023269653;17;5;1;Abreo et al. (2023);Experiment 1;Orientation;1;1;;;;;;;4;5
-46;100;136.5;36.5;2.03294467926025;17;5;1;Abreo et al. (2023);Experiment 1;Orientation;1;1;;;;;;;5;5
23;79;105.0;26.0;2.78294467926025;17;5;1;Abreo et al. (2023);Experiment 1;Orientation;1;1;;;;;;;6;5
-87;178;159.5;-18.5;1.5080714225769;17;5;1;Abreo et al. (2023);Experiment 1;Orientation;1;1;;;;;;;7;5
-76;75;64.5;-10.5;1.61649680137634;17;5;1;Abreo et al. (2023);Experiment 1;Orientation;1;1;;;;;;;8;5
63;101;116.5;15.5;2.78286337852478;17;5;1;Abreo et al. (2023);Experiment 1;Orientation;1;1;;;;;;;9;5
82;172;160.5;-11.5;2.39966535568237;17;5;1;Abreo et al. (2023);Experiment 1;Orientation;1;1;;;;;;;10;5
56;152;137.0;-15.0;1.70814490318298;17;5;1;Abreo et al. (2023);Experiment 1;Orientation;1;1;;;;;;;11;5
90;59;37.5;-21.5;1.67453384399414;17;5;1;Abreo et al. (2023);Experiment 1;Orientation;1;1;;;;;;;12;5
42;139;138.0;-1.00000000000001;1.74144673347473;17;5;1;Abreo et al. (2023);Experiment 1;Orientation;1;1;;;;;;;13;5
-12;78;107.5;29.5;1.69957852363586;17;5;1;Abreo et al. (2023);Experiment 1;Orientation;1;1;;;;;;;14;5
-88;133;101.0;-32.0;2.51636457443237;17;5;1;Abreo et al. (2023);Experiment 1;Orientation;1;1;;;;;;;15;5
13;45;35.5;-9.5;1.9329845905304;17;5;1;Abreo et al. (2023);Experiment 1;Orientation;1;1;;;;;;;16;5
-46;139;132.0;-7.0;2.1498441696167;17;5;1;Abreo et al. (2023);Experiment 1;Orientation;1;1;;;;;;;17;5
76;35;69.0;34.0;2.34949159622192;17;5;1;Abreo et al. (2023);Experiment 1;Orientation;1;1;;;;;;;18;5
-10;11;25.0;14.0;2.11646270751953;17;5;1;Abreo et al. (2023);Experiment 1;Orientation;1;1;;;;;;;19;5
-52;45;52.0;7.0;2.68317127227783;17;5;1;Abreo et al. (2023);Experiment 1;Orientation;1;1;;;;;;;20;5
3;158;161.5;3.50000000000001;1.94947171211243;17;5;1;Abreo et al. (2023);Experiment 1;Orientation;1;1;;;;;;;21;5
-29;23;36.0;13.0;1.68291163444519;17;5;1;Abreo et al. (2023);Experiment 1;Orientation;1;1;;;;;;;22;5
73;27;40.0;13.0;2.29139709472656;17;5;1;Abreo et al. (2023);Experiment 1;Orientation;1;1;;;;;;;23;5
35;58;39.5;-18.5;1.26636648178101;17;5;1;Abreo et al. (2023);Experiment 1;Orientation;1;1;;;;;;;24;5
-86;128;110.5;-17.5;1.32452178001404;17;5;1;Abreo et al. (2023);Experiment 1;Orientation;1;1;;;;;;;25;5
20;129;116.0;-13.0;1.68298554420471;17;5;1;Abreo et al. (2023);Experiment 1;Orientation;1;1;;;;;;;26;5
44;80;66.0;-14.0;2.08296155929565;17;5;1;Abreo et al. (2023);Experiment 1;Orientation;1;1;;;;;;;27;5
-21;161;135.5;-25.5;2.07880687713623;17;6;1;Abreo et al. (2023);Experiment 1;Orientation;1;1;;;;;;;1;6
90;15;42.0;27.0;2.08378171920776;17;6;1;Abreo et al. (2023);Experiment 1;Orientation;1;1;;;;;;;2;6
-71;154;118.5;-35.5;1.58315086364746;17;6;1;Abreo et al. (2023);Experiment 1;Orientation;1;1;;;;;;;3;6
-13;13;16.0;3.0;1.7414276599884;17;6;1;Abreo et al. (2023);Experiment 1;Orientation;1;1;;;;;;;4;6
-86;4;69.5;65.5;1.80792641639709;17;6;1;Abreo et al. (2023);Experiment 1;Orientation;1;1;;;;;;;5;6
36;2;34.5;32.5;1.98307943344116;17;6;1;Abreo et al. (2023);Experiment 1;Orientation;1;1;;;;;;;6;6
-16;33;40.5;7.5;1.46652483940125;17;6;1;Abreo et al. (2023);Experiment 1;Orientation;1;1;;;;;;;7;6
64;59;56.0;-3.0;1.64149188995361;17;6;1;Abreo et al. (2023);Experiment 1;Orientation;1;1;;;;;;;8;6
17;40;37.5;-2.49999999999999;1.73313069343567;17;6;1;Abreo et al. (2023);Experiment 1;Orientation;1;1;;;;;;;9;6
-5;137;141.5;4.5;2.07481837272644;17;6;1;Abreo et al. (2023);Experiment 1;Orientation;1;1;;;;;;;10;6
18;58;65.0;6.99999999999999;1.5915470123291;17;6;1;Abreo et al. (2023);Experiment 1;Orientation;1;1;;;;;;;11;6
11;11;49.0;38.0;1.75800156593323;17;6;1;Abreo et al. (2023);Experiment 1;Orientation;1;1;;;;;;;12;6
-77;4;23.0;19.0;1.35784459114075;17;6;1;Abreo et al. (2023);Experiment 1;Orientation;1;1;;;;;;;13;6
-66;22;43.0;21.0;1.24982094764709;17;6;1;Abreo et al. (2023);Experiment 1;Orientation;1;1;;;;;;;14;6
-51;155;122.0;-33.0;2.316486120224;17;6;1;Abreo et al. (2023);Experiment 1;Orientation;1;1;;;;;;;15;6
-87;89;89.5;0.500000000000007;2.2661509513855;17;6;1;Abreo et al. (2023);Experiment 1;Orientation;1;1;;;;;;;16;6
29;114;119.0;5.0;2.31644320487976;17;6;1;Abreo et al. (2023);Experiment 1;Orientation;1;1;;;;;;;17;6
71;175;110.0;-65.0;1.92475247383118;17;6;1;Abreo et al. (2023);Experiment 1;Orientation;1;1;;;;;;;18;6
-67;114;110.0;-4.0;1.61647272109985;17;6;1;Abreo et al. (2023);Experiment 1;Orientation;1;1;;;;;;;19;6
-2;46;60.5;14.5;1.81617736816406;17;6;1;Abreo et al. (2023);Experiment 1;Orientation;1;1;;;;;;;20;6
8;44;51.5;7.50000000000001;2.48281645774841;17;6;1;Abreo et al. (2023);Experiment 1;Orientation;1;1;;;;;;;21;6
14;135;108.0;-27.0;4.86639451980591;17;6;1;Abreo et al. (2023);Experiment 1;Orientation;1;1;;;;;;;22;6
-72;143;113.5;-29.5;2.3247754573822;17;6;1;Abreo et al. (2023);Experiment 1;Orientation;1;1;;;;;;;23;6
-4;160;119.5;-40.5;2.09981060028076;17;6;1;Abreo et al. (2023);Experiment 1;Orientation;1;1;;;;;;;24;6
29;137;129.5;-7.49999999999999;2.94979476928711;17;6;1;Abreo et al. (2023);Experiment 1;Orientation;1;1;;;;;;;25;6
-38;44;64.0;20.0;1.62451434135437;17;6;1;Abreo et al. (2023);Experiment 1;Orientation;1;1;;;;;;;26;6
-87;37;58.0;21.0;1.58316349983215;17;6;1;Abreo et al. (2023);Experiment 1;Orientation;1;1;;;;;;;27;6
-85;166;164.0;-2.0;2.47501254081726;18;1;1;Abreo et al. (2023);Experiment 1;Orientation;1;1;;;;;;;1;1
59;63;67.0;4.00000000000001;5.39151263237;18;1;1;Abreo et al. (2023);Experiment 1;Orientation;1;1;;;;;;;2;1
-41;61;54.5;-6.49999999999999;2.02471828460693;18;1;1;Abreo et al. (2023);Experiment 1;Orientation;1;1;;;;;;;3;1
15;48;45.5;-2.5;3.53302836418152;18;1;1;Abreo et al. (2023);Experiment 1;Orientation;1;1;;;;;;;4;1
85;121;126.0;5.0;3.49152374267578;18;1;1;Abreo et al. (2023);Experiment 1;Orientation;1;1;;;;;;;5;1
2;28;28.0;-0.0;3.54136753082275;18;1;1;Abreo et al. (2023);Experiment 1;Orientation;1;1;;;;;;;6;1
-22;44;54.0;10.0;3.06640934944153;18;1;1;Abreo et al. (2023);Experiment 1;Orientation;1;1;;;;;;;7;1
59;80;78.0;-2.0;2.099529504776;18;1;1;Abreo et al. (2023);Experiment 1;Orientation;1;1;;;;;;;8;1
-14;64;67.5;3.5;5.53305864334106;18;1;1;Abreo et al. (2023);Experiment 1;Orientation;1;1;;;;;;;9;1
-39;130;117.0;-13.0;3.82445764541626;18;1;1;Abreo et al. (2023);Experiment 1;Orientation;1;1;;;;;;;10;1
72;76;76.0;-0.0;3.10787129402161;18;1;1;Abreo et al. (2023);Experiment 1;Orientation;1;1;;;;;;;11;1
-79;169;177.5;8.50000000000001;2.10783648490906;18;1;1;Abreo et al. (2023);Experiment 1;Orientation;1;1;;;;;;;12;1
-11;153;163.0;10.0;2.10784029960632;18;1;1;Abreo et al. (2023);Experiment 1;Orientation;1;1;;;;;;;13;1
-22;5;5.5;0.499999999999999;2.708172082901;18;1;1;Abreo et al. (2023);Experiment 1;Orientation;1;1;;;;;;;14;1
-14;176;168.5;-7.49999999999999;2.69973564147949;18;1;1;Abreo et al. (2023);Experiment 1;Orientation;1;1;;;;;;;15;1
-76;56;64.0;8.0;2.44966316223145;18;1;1;Abreo et al. (2023);Experiment 1;Orientation;1;1;;;;;;;16;1
64;29;39.5;10.5;1.97478222846985;18;1;1;Abreo et al. (2023);Experiment 1;Orientation;1;1;;;;;;;17;1
-56;67;69.5;2.5;2.36638736724854;18;1;1;Abreo et al. (2023);Experiment 1;Orientation;1;1;;;;;;;18;1
48;10;16.5;6.5;2.4080228805542;18;1;1;Abreo et al. (2023);Experiment 1;Orientation;1;1;;;;;;;19;1
42;75;68.5;-6.5;2.98302841186523;18;1;1;Abreo et al. (2023);Experiment 1;Orientation;1;1;;;;;;;20;1
29;145;130.0;-15.0;2.0331175327301;18;1;1;Abreo et al. (2023);Experiment 1;Orientation;1;1;;;;;;;21;1
-55;38;33.5;-4.50000000000001;2.73288154602051;18;1;1;Abreo et al. (2023);Experiment 1;Orientation;1;1;;;;;;;22;1
-37;150;150.5;0.499999999999992;2.29966831207275;18;1;1;Abreo et al. (2023);Experiment 1;Orientation;1;1;;;;;;;23;1
-74;0;13.5;13.5;3.4914824962616;18;1;1;Abreo et al. (2023);Experiment 1;Orientation;1;1;;;;;;;24;1
-8;150;160.0;9.99999999999999;4.74114513397217;18;1;1;Abreo et al. (2023);Experiment 1;Orientation;1;1;;;;;;;25;1
2;45;57.5;12.5;2.9246723651886;18;1;1;Abreo et al. (2023);Experiment 1;Orientation;1;1;;;;;;;26;1
7;24;31.0;6.99999999999999;5.58279466629028;18;1;1;Abreo et al. (2023);Experiment 1;Orientation;1;1;;;;;;;27;1
-31;97;97.0;-0.0;3.06625366210938;18;1;1;Abreo et al. (2023);Experiment 1;Orientation;1;1;;;;;;;28;1
-67;70;64.5;-5.5;3.99153065681458;18;1;1;Abreo et al. (2023);Experiment 1;Orientation;1;1;;;;;;;29;1
-74;15;17.0;2.0;2.73312139511108;18;1;1;Abreo et al. (2023);Experiment 1;Orientation;1;1;;;;;;;30;1
-56;163;147.0;-16.0;2.99965858459473;18;1;1;Abreo et al. (2023);Experiment 1;Orientation;1;1;;;;;;;31;1
75;11;10.0;-0.999999999999999;2.89950275421143;18;1;1;Abreo et al. (2023);Experiment 1;Orientation;1;1;;;;;;;32;1
-81;159;155.0;-4.00000000000001;2.14134049415588;18;1;1;Abreo et al. (2023);Experiment 1;Orientation;1;1;;;;;;;33;1
14;6;13.5;7.5;2.34978818893433;18;1;1;Abreo et al. (2023);Experiment 1;Orientation;1;1;;;;;;;34;1
70;82;98.5;16.5;3.24202132225037;18;2;1;Abreo et al. (2023);Experiment 1;Orientation;1;1;;;;;;;1;2
-77;99;100.5;1.50000000000001;2.9248685836792;18;2;1;Abreo et al. (2023);Experiment 1;Orientation;1;1;;;;;;;2;2
80;85;76.5;-8.50000000000001;2.84098839759827;18;2;1;Abreo et al. (2023);Experiment 1;Orientation;1;1;;;;;;;3;2
-37;7;18.5;11.5;5.56651067733765;18;2;1;Abreo et al. (2023);Experiment 1;Orientation;1;1;;;;;;;4;2
-26;97;105.5;8.5;6.08316564559937;18;2;1;Abreo et al. (2023);Experiment 1;Orientation;1;1;;;;;;;5;2
62;73;71.0;-2.0;2.18312740325928;18;2;1;Abreo et al. (2023);Experiment 1;Orientation;1;1;;;;;;;6;2
-57;127;113.0;-14.0;2.28321743011475;18;2;1;Abreo et al. (2023);Experiment 1;Orientation;1;1;;;;;;;7;2
68;130;122.0;-8.00000000000001;2.77451062202454;18;2;1;Abreo et al. (2023);Experiment 1;Orientation;1;1;;;;;;;8;2
-49;144;123.5;-20.5;2.37486863136292;18;2;1;Abreo et al. (2023);Experiment 1;Orientation;1;1;;;;;;;9;2
56;47;59.5;12.5;2.69151830673218;18;2;1;Abreo et al. (2023);Experiment 1;Orientation;1;1;;;;;;;10;2
36;44;52.0;8.0;2.64952635765076;18;2;1;Abreo et al. (2023);Experiment 1;Orientation;1;1;;;;;;;11;2
4;133;134.0;1.00000000000002;3.11652231216431;18;2;1;Abreo et al. (2023);Experiment 1;Orientation;1;1;;;;;;;12;2
22;34;36.5;2.49999999999999;2.9081974029541;18;2;1;Abreo et al. (2023);Experiment 1;Orientation;1;1;;;;;;;13;2
68;92;96.0;4.00000000000001;2.7331383228302;18;2;1;Abreo et al. (2023);Experiment 1;Orientation;1;1;;;;;;;14;2
63;48;59.5;11.5;3.34127736091614;18;2;1;Abreo et al. (2023);Experiment 1;Orientation;1;1;;;;;;;15;2
48;83;72.5;-10.5;2.01623010635376;18;2;1;Abreo et al. (2023);Experiment 1;Orientation;1;1;;;;;;;16;2
39;116;109.5;-6.5;2.48323225975037;18;2;1;Abreo et al. (2023);Experiment 1;Orientation;1;1;;;;;;;17;2
46;18;32.0;14.0;2.71617221832275;18;2;1;Abreo et al. (2023);Experiment 1;Orientation;1;1;;;;;;;18;2
64;66;70.5;4.5;2.82478451728821;18;2;1;Abreo et al. (2023);Experiment 1;Orientation;1;1;;;;;;;19;2
14;116;113.0;-3.0;2.60816359519958;18;2;1;Abreo et al. (2023);Experiment 1;Orientation;1;1;;;;;;;20;2
56;77;73.5;-3.50000000000001;2.64119052886963;18;2;1;Abreo et al. (2023);Experiment 1;Orientation;1;1;;;;;;;21;2
-15;66;66.5;0.499999999999998;3.29150819778442;18;2;1;Abreo et al. (2023);Experiment 1;Orientation;1;1;;;;;;;22;2
-30;105;105.5;0.499999999999994;1.79986763000488;18;2;1;Abreo et al. (2023);Experiment 1;Orientation;1;1;;;;;;;23;2
40;86;86.0;-0.0;2.80811929702759;18;2;1;Abreo et al. (2023);Experiment 1;Orientation;1;1;;;;;;;24;2
-2;73;74.5;1.5;3.92476439476013;18;2;1;Abreo et al. (2023);Experiment 1;Orientation;1;1;;;;;;;25;2
68;91;92.5;1.5;2.64151668548584;18;2;1;Abreo et al. (2023);Experiment 1;Orientation;1;1;;;;;;;26;2
-66;68;64.5;-3.50000000000001;3.68291068077087;18;2;1;Abreo et al. (2023);Experiment 1;Orientation;1;1;;;;;;;27;2
-22;65;57.5;-7.5;3.49136233329773;18;2;1;Abreo et al. (2023);Experiment 1;Orientation;1;1;;;;;;;28;2
74;98;105.5;7.5;2.9748318195343;18;2;1;Abreo et al. (2023);Experiment 1;Orientation;1;1;;;;;;;29;2
-23;52;53.0;0.999999999999998;3.06650185585022;18;2;1;Abreo et al. (2023);Experiment 1;Orientation;1;1;;;;;;;30;2
84;117;120.5;3.50000000000001;4.34975790977478;18;2;1;Abreo et al. (2023);Experiment 1;Orientation;1;1;;;;;;;31;2
-85;102;97.5;-4.5;2.03303647041321;18;2;1;Abreo et al. (2023);Experiment 1;Orientation;1;1;;;;;;;32;2
-80;141;139.0;-2.00000000000001;2.44966959953308;18;2;1;Abreo et al. (2023);Experiment 1;Orientation;1;1;;;;;;;33;2
76;179;174.0;-5.00000000000002;3.21717405319214;18;3;1;Abreo et al. (2023);Experiment 1;Orientation;1;1;;;;;;;1;3
51;26;41.5;15.5;3.60817670822144;18;3;1;Abreo et al. (2023);Experiment 1;Orientation;1;1;;;;;;;2;3
-26;74;70.0;-4.00000000000001;3.24144411087036;18;3;1;Abreo et al. (2023);Experiment 1;Orientation;1;1;;;;;;;3;3
-34;44;45.5;1.5;3.24960279464722;18;3;1;Abreo et al. (2023);Experiment 1;Orientation;1;1;;;;;;;4;3
89;73;65.0;-8.0;4.32482743263245;18;3;1;Abreo et al. (2023);Experiment 1;Orientation;1;1;;;;;;;5;3
21;55;63.0;7.99999999999999;2.6248095035553;18;3;1;Abreo et al. (2023);Experiment 1;Orientation;1;1;;;;;;;6;3
-48;111;101.5;-9.5;2.90807938575745;18;3;1;Abreo et al. (2023);Experiment 1;Orientation;1;1;;;;;;;7;3
-58;10;11.5;1.5;3.04961133003235;18;3;1;Abreo et al. (2023);Experiment 1;Orientation;1;1;;;;;;;8;3
43;155;157.5;2.5;2.44952774047852;18;3;1;Abreo et al. (2023);Experiment 1;Orientation;1;1;;;;;;;9;3
81;150;140.0;-10.0;2.8497109413147;18;3;1;Abreo et al. (2023);Experiment 1;Orientation;1;1;;;;;;;10;3
11;67;71.0;3.99999999999999;3.92469644546509;18;3;1;Abreo et al. (2023);Experiment 1;Orientation;1;1;;;;;;;11;3
-9;101;87.5;-13.5;2.97484827041626;18;3;1;Abreo et al. (2023);Experiment 1;Orientation;1;1;;;;;;;12;3
39;138;149.0;11.0;2.67481565475464;18;3;1;Abreo et al. (2023);Experiment 1;Orientation;1;1;;;;;;;13;3
0;1;1.0;-0.0;3.33313965797424;18;3;1;Abreo et al. (2023);Experiment 1;Orientation;1;1;;;;;;;14;3
52;6;21.5;15.5;2.28284287452698;18;3;1;Abreo et al. (2023);Experiment 1;Orientation;1;1;;;;;;;15;3
88;50;51.0;1.0;2.77473282814026;18;3;1;Abreo et al. (2023);Experiment 1;Orientation;1;1;;;;;;;16;3
35;13;17.5;4.5;3.5995180606842;18;3;1;Abreo et al. (2023);Experiment 1;Orientation;1;1;;;;;;;17;3
61;170;168.0;-2.0;4.17448878288269;18;3;1;Abreo et al. (2023);Experiment 1;Orientation;1;1;;;;;;;18;3
-25;65;65.5;0.499999999999998;3.48301672935486;18;3;1;Abreo et al. (2023);Experiment 1;Orientation;1;1;;;;;;;19;3
78;104;106.5;2.5;2.9664614200592;18;3;1;Abreo et al. (2023);Experiment 1;Orientation;1;1;;;;;;;20;3
5;1;177.5;-3.50000000000001;2.23319530487061;18;3;1;Abreo et al. (2023);Experiment 1;Orientation;1;1;;;;;;;21;3
-84;16;21.5;5.5;3.50819611549377;18;3;1;Abreo et al. (2023);Experiment 1;Orientation;1;1;;;;;;;22;3
-44;95;100.0;5.0;4.13301253318787;18;3;1;Abreo et al. (2023);Experiment 1;Orientation;1;1;;;;;;;23;3
70;173;174.0;0.999999999999989;2.39138388633728;18;3;1;Abreo et al. (2023);Experiment 1;Orientation;1;1;;;;;;;24;3
2;125;118.5;-6.50000000000001;2.7414653301239;18;3;1;Abreo et al. (2023);Experiment 1;Orientation;1;1;;;;;;;25;3
-76;51;45.0;-6.0;2.89985680580139;18;3;1;Abreo et al. (2023);Experiment 1;Orientation;1;1;;;;;;;26;3
-30;147;136.5;-10.5;3.14977717399597;18;3;1;Abreo et al. (2023);Experiment 1;Orientation;1;1;;;;;;;27;3
24;174;179.5;5.50000000000001;2.65783047676086;18;3;1;Abreo et al. (2023);Experiment 1;Orientation;1;1;;;;;;;28;3
3;164;160.5;-3.50000000000001;2.49949908256531;18;3;1;Abreo et al. (2023);Experiment 1;Orientation;1;1;;;;;;;29;3
-48;135;131.0;-4.00000000000001;3.24128866195679;18;3;1;Abreo et al. (2023);Experiment 1;Orientation;1;1;;;;;;;30;3
54;85;99.0;14.0;3.00811052322388;18;3;1;Abreo et al. (2023);Experiment 1;Orientation;1;1;;;;;;;31;3
87;109;98.0;-11.0;2.80802226066589;18;3;1;Abreo et al. (2023);Experiment 1;Orientation;1;1;;;;;;;32;3
-39;87;80.0;-7.0;2.8164644241333;18;3;1;Abreo et al. (2023);Experiment 1;Orientation;1;1;;;;;;;33;3
-66;49;62.0;13.0;5.09968066215515;18;3;1;Abreo et al. (2023);Experiment 1;Orientation;1;1;;;;;;;34;3
-58;99;92.5;-6.5;2.67468857765198;18;3;1;Abreo et al. (2023);Experiment 1;Orientation;1;1;;;;;;;35;3
-69;4;6.5;2.5;2.4164183139801;18;3;1;Abreo et al. (2023);Experiment 1;Orientation;1;1;;;;;;;36;3
-87;46;57.5;11.5;2.03288984298706;18;4;1;Abreo et al. (2023);Experiment 1;Orientation;1;1;;;;;;;1;4
-21;42;68.5;26.5;7.22479343414307;18;4;1;Abreo et al. (2023);Experiment 1;Orientation;1;1;;;;;;;2;4
15;150;151.5;1.49999999999998;2.37511229515076;18;4;1;Abreo et al. (2023);Experiment 1;Orientation;1;1;;;;;;;3;4
24;125;121.5;-3.50000000000001;2.14975118637085;18;4;1;Abreo et al. (2023);Experiment 1;Orientation;1;1;;;;;;;4;4
-45;157;150.0;-6.99999999999999;2.24150228500366;18;4;1;Abreo et al. (2023);Experiment 1;Orientation;1;1;;;;;;;5;4
59;113;125.5;12.5;2.29139232635498;18;4;1;Abreo et al. (2023);Experiment 1;Orientation;1;1;;;;;;;6;4
86;95;102.5;7.49999999999999;11.8330869674683;18;4;1;Abreo et al. (2023);Experiment 1;Orientation;1;1;;;;;;;7;4
-67;116;104.0;-12.0;2.69139790534973;18;4;1;Abreo et al. (2023);Experiment 1;Orientation;1;1;;;;;;;8;4
-80;100;95.5;-4.5;2.39984560012817;18;4;1;Abreo et al. (2023);Experiment 1;Orientation;1;1;;;;;;;9;4
53;178;1.0;3.00000000000002;2.20803737640381;18;4;1;Abreo et al. (2023);Experiment 1;Orientation;1;1;;;;;;;10;4
68;74;79.0;4.99999999999999;2.79136848449707;18;4;1;Abreo et al. (2023);Experiment 1;Orientation;1;1;;;;;;;11;4
-58;47;53.5;6.5;2.46613430976868;18;4;1;Abreo et al. (2023);Experiment 1;Orientation;1;1;;;;;;;12;4
-7;148;139.5;-8.50000000000001;2.22472763061523;18;4;1;Abreo et al. (2023);Experiment 1;Orientation;1;1;;;;;;;13;4
-48;40;41.0;1.0;2.63311719894409;18;4;1;Abreo et al. (2023);Experiment 1;Orientation;1;1;;;;;;;14;4
-20;116;115.0;-1.00000000000001;3.30812311172485;18;4;1;Abreo et al. (2023);Experiment 1;Orientation;1;1;;;;;;;15;4
-88;102;101.0;-1.0;3.04980731010437;18;4;1;Abreo et al. (2023);Experiment 1;Orientation;1;1;;;;;;;16;4
-66;130;110.5;-19.5;2.75814652442932;18;4;1;Abreo et al. (2023);Experiment 1;Orientation;1;1;;;;;;;17;4
-31;102;92.5;-9.50000000000001;5.01648044586182;18;4;1;Abreo et al. (2023);Experiment 1;Orientation;1;1;;;;;;;18;4
14;127;123.5;-3.50000000000001;2.15814876556396;18;4;1;Abreo et al. (2023);Experiment 1;Orientation;1;1;;;;;;;19;4
17;113;107.5;-5.5;2.72448444366455;18;4;1;Abreo et al. (2023);Experiment 1;Orientation;1;1;;;;;;;20;4
68;133;135.0;2.0;2.85813331604004;18;4;1;Abreo et al. (2023);Experiment 1;Orientation;1;1;;;;;;;21;4
56;9;15.5;6.5;8.33294081687927;18;4;1;Abreo et al. (2023);Experiment 1;Orientation;1;1;;;;;;;22;4
31;171;167.5;-3.49999999999998;3.88291645050049;18;4;1;Abreo et al. (2023);Experiment 1;Orientation;1;1;;;;;;;23;4
34;89;89.0;-0.0;3.7911536693573;18;4;1;Abreo et al. (2023);Experiment 1;Orientation;1;1;;;;;;;24;4
75;44;57.5;13.5;3.04129219055176;18;4;1;Abreo et al. (2023);Experiment 1;Orientation;1;1;;;;;;;25;4
19;11;19.5;8.5;4.75789928436279;18;4;1;Abreo et al. (2023);Experiment 1;Orientation;1;1;;;;;;;26;4
17;96;93.5;-2.50000000000001;2.67480826377869;18;4;1;Abreo et al. (2023);Experiment 1;Orientation;1;1;;;;;;;27;4
72;171;141.0;-30.0;2.94531416893005;18;5;1;Abreo et al. (2023);Experiment 1;Orientation;1;1;;;;;;;1;5
-50;169;163.5;-5.49999999999999;2.6244945526123;18;5;1;Abreo et al. (2023);Experiment 1;Orientation;1;1;;;;;;;2;5
80;85;78.5;-6.5;2.73300886154175;18;5;1;Abreo et al. (2023);Experiment 1;Orientation;1;1;;;;;;;3;5
-68;45;48.0;3.0;2.25785303115845;18;5;1;Abreo et al. (2023);Experiment 1;Orientation;1;1;;;;;;;4;5
-27;28;41.0;13.0;2.52475714683533;18;5;1;Abreo et al. (2023);Experiment 1;Orientation;1;1;;;;;;;5;5
-62;104;107.5;3.5;2.44119691848755;18;5;1;Abreo et al. (2023);Experiment 1;Orientation;1;1;;;;;;;6;5
-43;50;51.5;1.50000000000001;2.94130873680115;18;5;1;Abreo et al. (2023);Experiment 1;Orientation;1;1;;;;;;;7;5
-81;110;122.5;12.5;3.60812330245972;18;5;1;Abreo et al. (2023);Experiment 1;Orientation;1;1;;;;;;;8;5
-37;107;103.5;-3.5;2.13286542892456;18;5;1;Abreo et al. (2023);Experiment 1;Orientation;1;1;;;;;;;9;5
-89;37;43.0;6.0;2.73286151885986;18;5;1;Abreo et al. (2023);Experiment 1;Orientation;1;1;;;;;;;10;5
-20;120;114.5;-5.49999999999999;4.27459526062012;18;5;1;Abreo et al. (2023);Experiment 1;Orientation;1;1;;;;;;;11;5
18;62;67.0;5.00000000000001;3.71652054786682;18;5;1;Abreo et al. (2023);Experiment 1;Orientation;1;1;;;;;;;12;5
84;29;27.0;-2.0;2.90796732902527;18;5;1;Abreo et al. (2023);Experiment 1;Orientation;1;1;;;;;;;13;5
76;54;65.5;11.5;3.25806450843811;18;5;1;Abreo et al. (2023);Experiment 1;Orientation;1;1;;;;;;;14;5
71;39;42.0;3.0;3.14143037796021;18;5;1;Abreo et al. (2023);Experiment 1;Orientation;1;1;;;;;;;15;5
-56;33;30.0;-3.0;2.9078574180603;18;5;1;Abreo et al. (2023);Experiment 1;Orientation;1;1;;;;;;;16;5
-60;5;12.5;7.5;2.43286561965942;18;5;1;Abreo et al. (2023);Experiment 1;Orientation;1;1;;;;;;;17;5
12;27;14.5;-12.5;3.09951877593994;18;5;1;Abreo et al. (2023);Experiment 1;Orientation;1;1;;;;;;;18;5
-2;119;110.5;-8.5;2.46637630462646;18;5;1;Abreo et al. (2023);Experiment 1;Orientation;1;1;;;;;;;19;5
-90;178;178.5;0.499999999999994;3.04950046539307;18;5;1;Abreo et al. (2023);Experiment 1;Orientation;1;1;;;;;;;20;5
-59;20;22.5;2.5;2.56642174720764;18;5;1;Abreo et al. (2023);Experiment 1;Orientation;1;1;;;;;;;21;5
-76;48;47.0;-0.999999999999998;3.54956936836243;18;5;1;Abreo et al. (2023);Experiment 1;Orientation;1;1;;;;;;;22;5
72;142;141.0;-0.999999999999988;3.01636624336243;18;5;1;Abreo et al. (2023);Experiment 1;Orientation;1;1;;;;;;;23;5
-70;137;135.0;-2.0;3.07481813430786;18;5;1;Abreo et al. (2023);Experiment 1;Orientation;1;1;;;;;;;24;5
66;57;65.5;8.49999999999999;4.19944643974304;18;5;1;Abreo et al. (2023);Experiment 1;Orientation;1;1;;;;;;;25;5
-68;120;123.5;3.50000000000001;3.79978227615356;18;5;1;Abreo et al. (2023);Experiment 1;Orientation;1;1;;;;;;;26;5
-88;32;36.0;4.0;4.72475242614746;18;5;1;Abreo et al. (2023);Experiment 1;Orientation;1;1;;;;;;;27;5
53;5;6.0;1.0;3.58300256729126;18;5;1;Abreo et al. (2023);Experiment 1;Orientation;1;1;;;;;;;28;5
68;101;106.0;4.99999999999999;3.16622138023376;18;5;1;Abreo et al. (2023);Experiment 1;Orientation;1;1;;;;;;;29;5
21;126;124.0;-2.0;3.62481737136841;18;5;1;Abreo et al. (2023);Experiment 1;Orientation;1;1;;;;;;;30;5
-17;26;30.5;4.5;3.73317265510559;18;5;1;Abreo et al. (2023);Experiment 1;Orientation;1;1;;;;;;;31;5
13;150;133.5;-16.5;3.49138045310974;18;5;1;Abreo et al. (2023);Experiment 1;Orientation;1;1;;;;;;;32;5
26;67;65.0;-2.0;3.19149565696716;18;5;1;Abreo et al. (2023);Experiment 1;Orientation;1;1;;;;;;;33;5
-31;167;165.0;-2.0;1.81650519371033;18;5;1;Abreo et al. (2023);Experiment 1;Orientation;1;1;;;;;;;34;5
-22;156;145.0;-11.0;3.44976449012756;18;5;1;Abreo et al. (2023);Experiment 1;Orientation;1;1;;;;;;;35;5
-61;84;77.5;-6.5;3.6828625202179;18;5;1;Abreo et al. (2023);Experiment 1;Orientation;1;1;;;;;;;36;5
-69;166;165.0;-1.00000000000001;3.74117827415466;18;5;1;Abreo et al. (2023);Experiment 1;Orientation;1;1;;;;;;;37;5
62;14;28.0;14.0;2.80811500549316;18;5;1;Abreo et al. (2023);Experiment 1;Orientation;1;1;;;;;;;38;5
-33;85;80.0;-5.00000000000001;3.49150133132935;18;5;1;Abreo et al. (2023);Experiment 1;Orientation;1;1;;;;;;;39;5
67;54;80.0;26.0;2.58305621147156;18;5;1;Abreo et al. (2023);Experiment 1;Orientation;1;1;;;;;;;40;5
-21;159;154.5;-4.5;1.77488136291504;18;6;1;Abreo et al. (2023);Experiment 1;Orientation;1;1;;;;;;;1;6
-86;14;31.5;17.5;1.97482419013977;18;6;1;Abreo et al. (2023);Experiment 1;Orientation;1;1;;;;;;;2;6
-40;2;4.5;2.5;2.47447419166565;18;6;1;Abreo et al. (2023);Experiment 1;Orientation;1;1;;;;;;;3;6
57;165;166.0;1.00000000000001;2.97475123405457;18;6;1;Abreo et al. (2023);Experiment 1;Orientation;1;1;;;;;;;4;6
23;81;82.0;1.0;3.11620354652405;18;6;1;Abreo et al. (2023);Experiment 1;Orientation;1;1;;;;;;;5;6
-27;47;51.0;4.0;2.53307032585144;18;6;1;Abreo et al. (2023);Experiment 1;Orientation;1;1;;;;;;;6;6
18;170;163.0;-7.0;3.04139733314514;18;6;1;Abreo et al. (2023);Experiment 1;Orientation;1;1;;;;;;;7;6
30;14;12.5;-1.5;2.78303527832031;18;6;1;Abreo et al. (2023);Experiment 1;Orientation;1;1;;;;;;;8;6
89;156;147.5;-8.49999999999998;2.52467155456543;18;6;1;Abreo et al. (2023);Experiment 1;Orientation;1;1;;;;;;;9;6
3;115;114.5;-0.499999999999992;2.11631655693054;18;6;1;Abreo et al. (2023);Experiment 1;Orientation;1;1;;;;;;;10;6
-20;83;80.0;-3.0;2.87450051307678;18;6;1;Abreo et al. (2023);Experiment 1;Orientation;1;1;;;;;;;11;6
14;20;34.0;14.0;3.64147615432739;18;6;1;Abreo et al. (2023);Experiment 1;Orientation;1;1;;;;;;;12;6
-58;70;71.0;1.0;3.34137725830078;18;6;1;Abreo et al. (2023);Experiment 1;Orientation;1;1;;;;;;;13;6
54;119;127.0;8.00000000000001;2.43317699432373;18;6;1;Abreo et al. (2023);Experiment 1;Orientation;1;1;;;;;;;14;6
16;126;121.5;-4.5;1.98281145095825;18;6;1;Abreo et al. (2023);Experiment 1;Orientation;1;1;;;;;;;15;6
-75;145;143.5;-1.50000000000001;2.09960722923279;18;6;1;Abreo et al. (2023);Experiment 1;Orientation;1;1;;;;;;;16;6
57;176;179.5;3.50000000000001;2.60806822776794;18;6;1;Abreo et al. (2023);Experiment 1;Orientation;1;1;;;;;;;17;6
-78;60;52.5;-7.5;2.97478032112122;18;6;1;Abreo et al. (2023);Experiment 1;Orientation;1;1;;;;;;;18;6
-66;86;112.5;26.5;5.24948215484619;18;6;1;Abreo et al. (2023);Experiment 1;Orientation;1;1;;;;;;;19;6
45;140;136.0;-3.99999999999998;2.84142565727234;18;6;1;Abreo et al. (2023);Experiment 1;Orientation;1;1;;;;;;;20;6
32;75;75.0;-0.0;2.59150695800781;18;6;1;Abreo et al. (2023);Experiment 1;Orientation;1;1;;;;;;;21;6
-68;157;142.0;-15.0;3.39114737510681;18;6;1;Abreo et al. (2023);Experiment 1;Orientation;1;1;;;;;;;22;6
-78;66;65.0;-1.0;1.71649432182312;18;6;1;Abreo et al. (2023);Experiment 1;Orientation;1;1;;;;;;;23;6
-41;17;5.5;-11.5;2.2330105304718;18;6;1;Abreo et al. (2023);Experiment 1;Orientation;1;1;;;;;;;24;6
35;143;142.5;-0.50000000000002;2.65814566612244;18;6;1;Abreo et al. (2023);Experiment 1;Orientation;1;1;;;;;;;25;6
-7;154;149.0;-5.00000000000001;2.32460761070251;18;6;1;Abreo et al. (2023);Experiment 1;Orientation;1;1;;;;;;;26;6
53;44;47.0;3.0;2.79964447021484;18;6;1;Abreo et al. (2023);Experiment 1;Orientation;1;1;;;;;;;27;6
33;2;10.5;8.5;2.80804848670959;18;6;1;Abreo et al. (2023);Experiment 1;Orientation;1;1;;;;;;;28;6
71;100;100.0;-0.0;3.9328784942627;18;6;1;Abreo et al. (2023);Experiment 1;Orientation;1;1;;;;;;;29;6
58;79;81.0;2.0;2.29947876930237;18;6;1;Abreo et al. (2023);Experiment 1;Orientation;1;1;;;;;;;30;6
71;116;102.5;-13.5;1.98296165466309;18;6;1;Abreo et al. (2023);Experiment 1;Orientation;1;1;;;;;;;31;6
-77;152;143.0;-8.99999999999999;2.14147114753723;18;6;1;Abreo et al. (2023);Experiment 1;Orientation;1;1;;;;;;;32;6
-41;107;107.5;0.500000000000005;3.24142646789551;18;6;1;Abreo et al. (2023);Experiment 1;Orientation;1;1;;;;;;;33;6
35;158;169.5;11.5;2.23320531845093;18;6;1;Abreo et al. (2023);Experiment 1;Orientation;1;1;;;;;;;34;6
-9;15;23.0;8.0;2.5164692401886;18;6;1;Abreo et al. (2023);Experiment 1;Orientation;1;1;;;;;;;35;6
55;154;158.0;3.99999999999998;3.0662636756897;18;6;1;Abreo et al. (2023);Experiment 1;Orientation;1;1;;;;;;;36;6
-5;13;15.0;2.0;1.64965438842773;18;6;1;Abreo et al. (2023);Experiment 1;Orientation;1;1;;;;;;;37;6
43;94;107.5;13.5;2.08660364151001;19;1;1;Abreo et al. (2023);Experiment 1;Orientation;1;1;;;;;;;1;1
-32;142;129.0;-13.0;3.17504954338074;19;1;1;Abreo et al. (2023);Experiment 1;Orientation;1;1;;;;;;;2;1
-56;119;123.0;4.0;2.6246657371521;19;1;1;Abreo et al. (2023);Experiment 1;Orientation;1;1;;;;;;;3;1
-41;96;86.0;-10.0;2.27488589286804;19;1;1;Abreo et al. (2023);Experiment 1;Orientation;1;1;;;;;;;4;1
-37;158;144.5;-13.5;2.01633954048157;19;1;1;Abreo et al. (2023);Experiment 1;Orientation;1;1;;;;;;;5;1
12;166;168.5;2.5;2.15824460983276;19;1;1;Abreo et al. (2023);Experiment 1;Orientation;1;1;;;;;;;6;1
-32;56;63.0;6.99999999999999;2.93312788009644;19;1;1;Abreo et al. (2023);Experiment 1;Orientation;1;1;;;;;;;7;1
-83;130;118.0;-12.0;2.69125962257385;19;1;1;Abreo et al. (2023);Experiment 1;Orientation;1;1;;;;;;;8;1
23;0;4.0;4.0;1.57490992546082;19;1;1;Abreo et al. (2023);Experiment 1;Orientation;1;1;;;;;;;9;1
83;50;48.5;-1.5;1.7249162197113;19;1;1;Abreo et al. (2023);Experiment 1;Orientation;1;1;;;;;;;10;1
-64;12;42.5;30.5;2.91635346412659;19;1;1;Abreo et al. (2023);Experiment 1;Orientation;1;1;;;;;;;11;1
3;91;88.0;-3.0;2.96656107902527;19;1;1;Abreo et al. (2023);Experiment 1;Orientation;1;1;;;;;;;12;1
0;72;71.0;-1.0;3.30790877342224;19;1;1;Abreo et al. (2023);Experiment 1;Orientation;1;1;;;;;;;13;1
26;0;134.0;-46.0;1.52470111846924;19;1;1;Abreo et al. (2023);Experiment 1;Orientation;1;1;;;;;;;14;1
-37;155;136.5;-18.5;1.59151673316956;19;1;1;Abreo et al. (2023);Experiment 1;Orientation;1;1;;;;;;;15;1
-7;43;36.5;-6.5;2.65809559822083;19;1;1;Abreo et al. (2023);Experiment 1;Orientation;1;1;;;;;;;16;1
-74;93;88.0;-5.00000000000001;2.76618576049805;19;1;1;Abreo et al. (2023);Experiment 1;Orientation;1;1;;;;;;;17;1
-33;134;128.0;-6.0;2.20808053016663;19;1;1;Abreo et al. (2023);Experiment 1;Orientation;1;1;;;;;;;18;1
-28;16;63.0;47.0;3.40783739089966;19;1;1;Abreo et al. (2023);Experiment 1;Orientation;1;1;;;;;;;19;1
-51;79;60.0;-19.0;3.19957494735718;19;1;1;Abreo et al. (2023);Experiment 1;Orientation;1;1;;;;;;;20;1
32;153;132.5;-20.5;3.25818037986755;19;1;1;Abreo et al. (2023);Experiment 1;Orientation;1;1;;;;;;;21;1
61;123;65.0;-58.0;2.42475557327271;19;1;1;Abreo et al. (2023);Experiment 1;Orientation;1;1;;;;;;;22;1
-56;89;105.0;16.0;3.1996636390686;19;1;1;Abreo et al. (2023);Experiment 1;Orientation;1;1;;;;;;;23;1
-34;19;134.5;-64.5;2.76646208763123;19;1;1;Abreo et al. (2023);Experiment 1;Orientation;1;1;;;;;;;24;1
-34;157;142.0;-15.0;1.9581036567688;19;1;1;Abreo et al. (2023);Experiment 1;Orientation;1;1;;;;;;;25;1
73;27;42.0;15.0;2.46653032302856;19;1;1;Abreo et al. (2023);Experiment 1;Orientation;1;1;;;;;;;26;1
38;124;125.5;1.50000000000001;2.50812077522278;19;1;1;Abreo et al. (2023);Experiment 1;Orientation;1;1;;;;;;;27;1
40;28;42.0;14.0;4.78762483596802;19;2;1;Abreo et al. (2023);Experiment 1;Orientation;1;1;;;;;;;1;2
-90;155;135.5;-19.5;2.80879688262939;19;2;1;Abreo et al. (2023);Experiment 1;Orientation;1;1;;;;;;;2;2
60;140;140.5;0.500000000000017;3.95790767669678;19;2;1;Abreo et al. (2023);Experiment 1;Orientation;1;1;;;;;;;3;2
84;146;134.0;-12.0;2.55818963050842;19;2;1;Abreo et al. (2023);Experiment 1;Orientation;1;1;;;;;;;4;2
44;160;156.0;-4.00000000000001;2.71635055541992;19;2;1;Abreo et al. (2023);Experiment 1;Orientation;1;1;;;;;;;5;2
-30;32;51.5;19.5;2.03303122520447;19;2;1;Abreo et al. (2023);Experiment 1;Orientation;1;1;;;;;;;6;2
25;62;72.5;10.5;2.0830090045929;19;2;1;Abreo et al. (2023);Experiment 1;Orientation;1;1;;;;;;;7;2
-52;124;99.5;-24.5;2.21649050712585;19;2;1;Abreo et al. (2023);Experiment 1;Orientation;1;1;;;;;;;8;2
70;144;140.0;-4.0;2.2661726474762;19;2;1;Abreo et al. (2023);Experiment 1;Orientation;1;1;;;;;;;9;2
14;118;111.0;-7.00000000000001;2.10822558403015;19;2;1;Abreo et al. (2023);Experiment 1;Orientation;1;1;;;;;;;10;2
79;30;54.0;24.0;2.00818634033203;19;2;1;Abreo et al. (2023);Experiment 1;Orientation;1;1;;;;;;;11;2
47;91;117.0;26.0;2.39951252937317;19;2;1;Abreo et al. (2023);Experiment 1;Orientation;1;1;;;;;;;12;2
9;150;117.0;-33.0;1.72479581832886;19;2;1;Abreo et al. (2023);Experiment 1;Orientation;1;1;;;;;;;13;2
15;85;69.5;-15.5;2.54119491577148;19;2;1;Abreo et al. (2023);Experiment 1;Orientation;1;1;;;;;;;14;2
89;89;87.5;-1.5;2.77470088005066;19;2;1;Abreo et al. (2023);Experiment 1;Orientation;1;1;;;;;;;15;2
-78;148;140.0;-8.00000000000001;1.83312296867371;19;2;1;Abreo et al. (2023);Experiment 1;Orientation;1;1;;;;;;;16;2
-39;75;33.0;-42.0;2.54149889945984;19;2;1;Abreo et al. (2023);Experiment 1;Orientation;1;1;;;;;;;17;2
-17;4;6.5;2.5;2.04973483085632;19;2;1;Abreo et al. (2023);Experiment 1;Orientation;1;1;;;;;;;18;2
22;157;154.5;-2.5;1.64118361473083;19;2;1;Abreo et al. (2023);Experiment 1;Orientation;1;1;;;;;;;19;2
-79;173;123.5;-49.5;2.72481918334961;19;2;1;Abreo et al. (2023);Experiment 1;Orientation;1;1;;;;;;;20;2
-2;95;106.5;11.5;2.04131960868835;19;2;1;Abreo et al. (2023);Experiment 1;Orientation;1;1;;;;;;;21;2
-51;145;130.0;-15.0;3.40822052955627;19;2;1;Abreo et al. (2023);Experiment 1;Orientation;1;1;;;;;;;22;2
-26;78;69.5;-8.49999999999999;2.76640033721924;19;2;1;Abreo et al. (2023);Experiment 1;Orientation;1;1;;;;;;;23;2
67;95;108.0;13.0;2.28307104110718;19;2;1;Abreo et al. (2023);Experiment 1;Orientation;1;1;;;;;;;24;2
-56;64;70.0;5.99999999999999;2.8414351940155;19;2;1;Abreo et al. (2023);Experiment 1;Orientation;1;1;;;;;;;25;2
23;107;126.5;19.5;3.25815558433533;19;2;1;Abreo et al. (2023);Experiment 1;Orientation;1;1;;;;;;;26;2
-81;147;139.5;-7.5;2.49152970314026;19;2;1;Abreo et al. (2023);Experiment 1;Orientation;1;1;;;;;;;27;2
11;145;139.5;-5.50000000000002;2.67472195625305;19;2;1;Abreo et al. (2023);Experiment 1;Orientation;1;1;;;;;;;28;2
0;67;73.0;5.99999999999999;3.30816769599915;19;2;1;Abreo et al. (2023);Experiment 1;Orientation;1;1;;;;;;;29;2
-60;29;37.0;8.0;2.35816550254822;19;2;1;Abreo et al. (2023);Experiment 1;Orientation;1;1;;;;;;;30;2
0;34;57.0;23.0;2.59154033660889;19;2;1;Abreo et al. (2023);Experiment 1;Orientation;1;1;;;;;;;31;2
7;50;39.5;-10.5;2.99981689453125;19;2;1;Abreo et al. (2023);Experiment 1;Orientation;1;1;;;;;;;32;2
-44;124;117.5;-6.5;4.53314590454102;19;2;1;Abreo et al. (2023);Experiment 1;Orientation;1;1;;;;;;;33;2
-73;75;30.5;-44.5;2.32452940940857;19;2;1;Abreo et al. (2023);Experiment 1;Orientation;1;1;;;;;;;34;2
-17;18;37.0;19.0;3.03300070762634;19;2;1;Abreo et al. (2023);Experiment 1;Orientation;1;1;;;;;;;35;2
54;15;35.0;20.0;2.64963483810425;19;2;1;Abreo et al. (2023);Experiment 1;Orientation;1;1;;;;;;;36;2
-49;34;31.5;-2.50000000000001;2.39952373504639;19;2;1;Abreo et al. (2023);Experiment 1;Orientation;1;1;;;;;;;37;2
-43;64;50.5;-13.5;2.03296327590942;19;2;1;Abreo et al. (2023);Experiment 1;Orientation;1;1;;;;;;;38;2
-40;38;43.0;5.0;2.1748206615448;19;2;1;Abreo et al. (2023);Experiment 1;Orientation;1;1;;;;;;;39;2
12;161;150.5;-10.5;2.96632361412048;19;2;1;Abreo et al. (2023);Experiment 1;Orientation;1;1;;;;;;;40;2
-62;98;125.5;27.5;1.96624231338501;19;3;1;Abreo et al. (2023);Experiment 1;Orientation;1;1;;;;;;;1;3
-14;48;48.5;0.499999999999998;1.83314681053162;19;3;1;Abreo et al. (2023);Experiment 1;Orientation;1;1;;;;;;;2;3
-66;46;35.0;-11.0;1.89125609397888;19;3;1;Abreo et al. (2023);Experiment 1;Orientation;1;1;;;;;;;3;3
-38;83;49.0;-34.0;2.01617741584778;19;3;1;Abreo et al. (2023);Experiment 1;Orientation;1;1;;;;;;;4;3
-71;22;29.5;7.50000000000001;1.65821003913879;19;3;1;Abreo et al. (2023);Experiment 1;Orientation;1;1;;;;;;;5;3
-20;177;155.5;-21.5;1.69138669967651;19;3;1;Abreo et al. (2023);Experiment 1;Orientation;1;1;;;;;;;6;3
-50;18;34.5;16.5;2.64136052131653;19;3;1;Abreo et al. (2023);Experiment 1;Orientation;1;1;;;;;;;7;3
-84;83;45.0;-38.0;1.99146270751953;19;3;1;Abreo et al. (2023);Experiment 1;Orientation;1;1;;;;;;;8;3
-33;154;143.0;-11.0;1.9744598865509;19;3;1;Abreo et al. (2023);Experiment 1;Orientation;1;1;;;;;;;9;3
-22;20;33.5;13.5;2.30808234214783;19;3;1;Abreo et al. (2023);Experiment 1;Orientation;1;1;;;;;;;10;3
-9;65;59.0;-5.99999999999999;1.74152398109436;19;3;1;Abreo et al. (2023);Experiment 1;Orientation;1;1;;;;;;;11;3
-30;173;163.5;-9.49999999999999;2.06649136543274;19;3;1;Abreo et al. (2023);Experiment 1;Orientation;1;1;;;;;;;12;3
-89;163;148.0;-15.0;1.90819549560547;19;3;1;Abreo et al. (2023);Experiment 1;Orientation;1;1;;;;;;;13;3
-52;136;150.0;14.0;2.19153761863708;19;3;1;Abreo et al. (2023);Experiment 1;Orientation;1;1;;;;;;;14;3
34;112;120.5;8.50000000000001;2.36648297309875;19;3;1;Abreo et al. (2023);Experiment 1;Orientation;1;1;;;;;;;15;3
-18;79;58.5;-20.5;2.46650576591492;19;3;1;Abreo et al. (2023);Experiment 1;Orientation;1;1;;;;;;;16;3
59;84;61.0;-23.0;2.44146299362183;19;3;1;Abreo et al. (2023);Experiment 1;Orientation;1;1;;;;;;;17;3
-44;122;126.0;4.00000000000001;3.27462553977966;19;3;1;Abreo et al. (2023);Experiment 1;Orientation;1;1;;;;;;;18;3
-72;33;58.5;25.5;2.13304924964905;19;3;1;Abreo et al. (2023);Experiment 1;Orientation;1;1;;;;;;;19;3
-66;15;26.5;11.5;2.36622714996338;19;3;1;Abreo et al. (2023);Experiment 1;Orientation;1;1;;;;;;;20;3
-59;3;26.5;23.5;1.84145545959473;19;3;1;Abreo et al. (2023);Experiment 1;Orientation;1;1;;;;;;;21;3
88;175;162.0;-13.0;2.30807137489319;19;3;1;Abreo et al. (2023);Experiment 1;Orientation;1;1;;;;;;;22;3
59;140;139.0;-0.999999999999991;1.69980454444885;19;3;1;Abreo et al. (2023);Experiment 1;Orientation;1;1;;;;;;;23;3
-46;132;129.5;-2.49999999999999;2.0831196308136;19;3;1;Abreo et al. (2023);Experiment 1;Orientation;1;1;;;;;;;24;3
-47;113;124.5;11.5;2.00816059112549;19;3;1;Abreo et al. (2023);Experiment 1;Orientation;1;1;;;;;;;25;3
-85;153;141.0;-12.0;2.50814771652222;19;3;1;Abreo et al. (2023);Experiment 1;Orientation;1;1;;;;;;;26;3
-59;18;32.5;14.5;3.30802440643311;19;3;1;Abreo et al. (2023);Experiment 1;Orientation;1;1;;;;;;;27;3
76;173;164.5;-8.5;2.29147458076477;19;3;1;Abreo et al. (2023);Experiment 1;Orientation;1;1;;;;;;;28;3
0;119;112.5;-6.5;4.70815944671631;19;3;1;Abreo et al. (2023);Experiment 1;Orientation;1;1;;;;;;;29;3
-11;160;137.0;-23.0;2.99948596954346;19;3;1;Abreo et al. (2023);Experiment 1;Orientation;1;1;;;;;;;30;3
-36;124;107.0;-17.0;2.38316655158997;19;3;1;Abreo et al. (2023);Experiment 1;Orientation;1;1;;;;;;;31;3
-36;48;36.0;-12.0;2.72465252876282;19;4;1;Abreo et al. (2023);Experiment 1;Orientation;1;1;;;;;;;1;4
-48;132;120.0;-12.0;1.93303322792053;19;4;1;Abreo et al. (2023);Experiment 1;Orientation;1;1;;;;;;;2;4
-61;13;21.5;8.5;1.68304491043091;19;4;1;Abreo et al. (2023);Experiment 1;Orientation;1;1;;;;;;;3;4
57;177;165.5;-11.5;1.86650276184082;19;4;1;Abreo et al. (2023);Experiment 1;Orientation;1;1;;;;;;;4;4
-38;155;132.5;-22.5;2.20803356170654;19;4;1;Abreo et al. (2023);Experiment 1;Orientation;1;1;;;;;;;5;4
-29;142;135.5;-6.5;1.70821237564087;19;4;1;Abreo et al. (2023);Experiment 1;Orientation;1;1;;;;;;;6;4
57;152;144.5;-7.50000000000001;1.84150266647339;19;4;1;Abreo et al. (2023);Experiment 1;Orientation;1;1;;;;;;;7;4
33;139;145.0;6.00000000000001;1.71628069877625;19;4;1;Abreo et al. (2023);Experiment 1;Orientation;1;1;;;;;;;8;4
-6;27;30.0;3.0;1.72474455833435;19;4;1;Abreo et al. (2023);Experiment 1;Orientation;1;1;;;;;;;9;4
38;143;141.5;-1.50000000000001;1.60784864425659;19;4;1;Abreo et al. (2023);Experiment 1;Orientation;1;1;;;;;;;10;4
36;165;136.5;-28.5;2.36616182327271;19;4;1;Abreo et al. (2023);Experiment 1;Orientation;1;1;;;;;;;11;4
-26;165;161.5;-3.49999999999998;4.25780129432678;19;4;1;Abreo et al. (2023);Experiment 1;Orientation;1;1;;;;;;;12;4
13;20;20.5;0.500000000000003;2.45820498466492;19;4;1;Abreo et al. (2023);Experiment 1;Orientation;1;1;;;;;;;13;4
44;1;9.0;8.0;2.57488656044006;19;4;1;Abreo et al. (2023);Experiment 1;Orientation;1;1;;;;;;;14;4
-80;48;57.0;9.0;2.90808248519897;19;4;1;Abreo et al. (2023);Experiment 1;Orientation;1;1;;;;;;;15;4
-58;32;39.0;7.0;2.21650147438049;19;4;1;Abreo et al. (2023);Experiment 1;Orientation;1;1;;;;;;;16;4
79;74;69.0;-5.00000000000001;2.15798139572144;19;4;1;Abreo et al. (2023);Experiment 1;Orientation;1;1;;;;;;;17;4
89;163;138.5;-24.5;1.766197681427;19;4;1;Abreo et al. (2023);Experiment 1;Orientation;1;1;;;;;;;18;4
-21;60;53.0;-6.99999999999999;2.25805139541626;19;4;1;Abreo et al. (2023);Experiment 1;Orientation;1;1;;;;;;;19;4
-35;66;61.0;-5.00000000000001;2.82481575012207;19;4;1;Abreo et al. (2023);Experiment 1;Orientation;1;1;;;;;;;20;4
-83;174;147.5;-26.5;1.5498263835907;19;4;1;Abreo et al. (2023);Experiment 1;Orientation;1;1;;;;;;;21;4
54;88;72.0;-16.0;1.97480201721191;19;4;1;Abreo et al. (2023);Experiment 1;Orientation;1;1;;;;;;;22;4
-22;87;85.5;-1.5;2.68288779258728;19;4;1;Abreo et al. (2023);Experiment 1;Orientation;1;1;;;;;;;23;4
-44;39;33.0;-6.0;2.49981832504272;19;4;1;Abreo et al. (2023);Experiment 1;Orientation;1;1;;;;;;;24;4
-2;75;69.0;-6.00000000000001;2.35808348655701;19;4;1;Abreo et al. (2023);Experiment 1;Orientation;1;1;;;;;;;25;4
59;84;90.5;6.5;2.61634612083435;19;4;1;Abreo et al. (2023);Experiment 1;Orientation;1;1;;;;;;;26;4
14;24;40.5;16.5;2.07462096214294;19;4;1;Abreo et al. (2023);Experiment 1;Orientation;1;1;;;;;;;27;4
-12;151;135.5;-15.5;1.62454152107239;19;4;1;Abreo et al. (2023);Experiment 1;Orientation;1;1;;;;;;;28;4
88;134;129.0;-5.00000000000002;1.64139342308044;19;4;1;Abreo et al. (2023);Experiment 1;Orientation;1;1;;;;;;;29;4
58;138;146.0;8.0;3.28294467926025;19;4;1;Abreo et al. (2023);Experiment 1;Orientation;1;1;;;;;;;30;4
30;74;83.0;9.0;2.7830708026886;19;4;1;Abreo et al. (2023);Experiment 1;Orientation;1;1;;;;;;;31;4
60;75;83.0;8.0;2.89114737510681;19;4;1;Abreo et al. (2023);Experiment 1;Orientation;1;1;;;;;;;32;4
59;122;136.0;14.0;2.39951848983765;19;4;1;Abreo et al. (2023);Experiment 1;Orientation;1;1;;;;;;;33;4
59;123;127.5;4.5;1.94142150878906;19;4;1;Abreo et al. (2023);Experiment 1;Orientation;1;1;;;;;;;34;4
-29;126;131.5;5.50000000000002;1.54983949661255;19;4;1;Abreo et al. (2023);Experiment 1;Orientation;1;1;;;;;;;35;4
60;55;49.0;-6.0;1.96705174446106;19;5;1;Abreo et al. (2023);Experiment 1;Orientation;1;1;;;;;;;1;5
55;82;56.0;-26.0;4.14960289001465;19;5;1;Abreo et al. (2023);Experiment 1;Orientation;1;1;;;;;;;2;5
-85;50;52.0;2.0;2.19982481002808;19;5;1;Abreo et al. (2023);Experiment 1;Orientation;1;1;;;;;;;3;5
8;74;63.0;-11.0;2.25784611701965;19;5;1;Abreo et al. (2023);Experiment 1;Orientation;1;1;;;;;;;4;5
-79;165;124.5;-40.5;4.08304977416992;19;5;1;Abreo et al. (2023);Experiment 1;Orientation;1;1;;;;;;;5;5
50;74;75.5;1.49999999999999;1.94150757789612;19;5;1;Abreo et al. (2023);Experiment 1;Orientation;1;1;;;;;;;6;5
40;176;163.0;-13.0;1.69137334823608;19;5;1;Abreo et al. (2023);Experiment 1;Orientation;1;1;;;;;;;7;5
-68;102;108.5;6.5;2.80785346031189;19;5;1;Abreo et al. (2023);Experiment 1;Orientation;1;1;;;;;;;8;5
77;20;24.0;4.0;2.49113273620605;19;5;1;Abreo et al. (2023);Experiment 1;Orientation;1;1;;;;;;;9;5
-32;81;65.5;-15.5;2.34972667694092;19;5;1;Abreo et al. (2023);Experiment 1;Orientation;1;1;;;;;;;10;5
-36;150;143.0;-6.99999999999999;2.46649074554443;19;5;1;Abreo et al. (2023);Experiment 1;Orientation;1;1;;;;;;;11;5
16;105;123.0;18.0;2.09135365486145;19;5;1;Abreo et al. (2023);Experiment 1;Orientation;1;1;;;;;;;12;5
22;40;41.0;1.0;2.483149766922;19;5;1;Abreo et al. (2023);Experiment 1;Orientation;1;1;;;;;;;13;5
80;42;46.0;4.0;2.59969258308411;19;5;1;Abreo et al. (2023);Experiment 1;Orientation;1;1;;;;;;;14;5
-45;61;44.5;-16.5;2.09980511665344;19;5;1;Abreo et al. (2023);Experiment 1;Orientation;1;1;;;;;;;15;5
-25;10;168.5;-21.5;1.93311142921448;19;5;1;Abreo et al. (2023);Experiment 1;Orientation;1;1;;;;;;;16;5
12;47;51.5;4.5;2.14948844909668;19;5;1;Abreo et al. (2023);Experiment 1;Orientation;1;1;;;;;;;17;5
5;77;77.0;-0.0;1.94983983039856;19;5;1;Abreo et al. (2023);Experiment 1;Orientation;1;1;;;;;;;18;5
66;151;137.5;-13.5;2.30818843841553;19;5;1;Abreo et al. (2023);Experiment 1;Orientation;1;1;;;;;;;19;5
5;169;156.5;-12.5;2.03296136856079;19;5;1;Abreo et al. (2023);Experiment 1;Orientation;1;1;;;;;;;20;5
-31;149;152.0;3.00000000000002;1.97483730316162;19;5;1;Abreo et al. (2023);Experiment 1;Orientation;1;1;;;;;;;21;5
85;59;43.5;-15.5;2.13284540176392;19;5;1;Abreo et al. (2023);Experiment 1;Orientation;1;1;;;;;;;22;5
28;164;160.5;-3.50000000000001;1.49969124794006;19;5;1;Abreo et al. (2023);Experiment 1;Orientation;1;1;;;;;;;23;5
-39;126;123.5;-2.5;2.6744658946991;19;5;1;Abreo et al. (2023);Experiment 1;Orientation;1;1;;;;;;;24;5
-19;160;161.0;1.00000000000001;1.84120512008667;19;5;1;Abreo et al. (2023);Experiment 1;Orientation;1;1;;;;;;;25;5
-5;44;41.0;-3.0;3.79972624778748;19;5;1;Abreo et al. (2023);Experiment 1;Orientation;1;1;;;;;;;26;5
14;63;72.5;9.50000000000001;2.44154357910156;19;5;1;Abreo et al. (2023);Experiment 1;Orientation;1;1;;;;;;;27;5
-70;177;158.0;-19.0;2.02448153495789;19;5;1;Abreo et al. (2023);Experiment 1;Orientation;1;1;;;;;;;28;5
30;106;120.5;14.5;1.67470169067383;19;5;1;Abreo et al. (2023);Experiment 1;Orientation;1;1;;;;;;;29;5
-25;99;116.0;17.0;1.74125838279724;19;5;1;Abreo et al. (2023);Experiment 1;Orientation;1;1;;;;;;;30;5
75;41;68.0;27.0;2.12482976913452;19;5;1;Abreo et al. (2023);Experiment 1;Orientation;1;1;;;;;;;31;5
-47;4;38.5;34.5;1.95812964439392;19;6;1;Abreo et al. (2023);Experiment 1;Orientation;1;1;;;;;;;1;6
-16;123;125.5;2.5;1.94989061355591;19;6;1;Abreo et al. (2023);Experiment 1;Orientation;1;1;;;;;;;2;6
-45;111;110.0;-1.0;2.20818853378296;19;6;1;Abreo et al. (2023);Experiment 1;Orientation;1;1;;;;;;;3;6
51;179;5.0;5.99999999999998;1.68316292762756;19;6;1;Abreo et al. (2023);Experiment 1;Orientation;1;1;;;;;;;4;6
-68;112;121.5;9.49999999999999;1.57450675964355;19;6;1;Abreo et al. (2023);Experiment 1;Orientation;1;1;;;;;;;5;6
81;33;33.0;-0.0;2.01636981964111;19;6;1;Abreo et al. (2023);Experiment 1;Orientation;1;1;;;;;;;6;6
-72;76;71.5;-4.5;2.08294272422791;19;6;1;Abreo et al. (2023);Experiment 1;Orientation;1;1;;;;;;;7;6
-29;91;77.5;-13.5;2.26637482643127;19;6;1;Abreo et al. (2023);Experiment 1;Orientation;1;1;;;;;;;8;6
24;160;143.0;-17.0;2.53310060501099;19;6;1;Abreo et al. (2023);Experiment 1;Orientation;1;1;;;;;;;9;6
-10;79;56.5;-22.5;2.01648163795471;19;6;1;Abreo et al. (2023);Experiment 1;Orientation;1;1;;;;;;;10;6
59;4;21.5;17.5;2.14152121543884;19;6;1;Abreo et al. (2023);Experiment 1;Orientation;1;1;;;;;;;11;6
-74;149;127.5;-21.5;1.96649169921875;19;6;1;Abreo et al. (2023);Experiment 1;Orientation;1;1;;;;;;;12;6
-80;65;45.5;-19.5;1.90784811973572;19;6;1;Abreo et al. (2023);Experiment 1;Orientation;1;1;;;;;;;13;6
15;126;133.5;7.49999999999999;1.72448682785034;19;6;1;Abreo et al. (2023);Experiment 1;Orientation;1;1;;;;;;;14;6
-36;73;43.0;-30.0;2.82483983039856;19;6;1;Abreo et al. (2023);Experiment 1;Orientation;1;1;;;;;;;15;6
-27;1;165.5;-15.5;1.8664722442627;19;6;1;Abreo et al. (2023);Experiment 1;Orientation;1;1;;;;;;;16;6
1;68;67.5;-0.500000000000009;2.41646122932434;19;6;1;Abreo et al. (2023);Experiment 1;Orientation;1;1;;;;;;;17;6
52;100;108.5;8.50000000000001;2.23292994499207;19;6;1;Abreo et al. (2023);Experiment 1;Orientation;1;1;;;;;;;18;6
-61;102;103.0;1.0;1.4161913394928;19;6;1;Abreo et al. (2023);Experiment 1;Orientation;1;1;;;;;;;19;6
-67;161;126.0;-35.0;1.62469220161438;19;6;1;Abreo et al. (2023);Experiment 1;Orientation;1;1;;;;;;;20;6
22;168;40.0;52.0;1.72448897361755;19;6;1;Abreo et al. (2023);Experiment 1;Orientation;1;1;;;;;;;21;6
-32;89;86.5;-2.5;2.21617865562439;19;6;1;Abreo et al. (2023);Experiment 1;Orientation;1;1;;;;;;;22;6
-29;95;88.5;-6.5;2.7998411655426;19;6;1;Abreo et al. (2023);Experiment 1;Orientation;1;1;;;;;;;23;6
-5;55;65.5;10.5;2.06650757789612;19;6;1;Abreo et al. (2023);Experiment 1;Orientation;1;1;;;;;;;24;6
-33;21;40.0;19.0;2.19983458518982;19;6;1;Abreo et al. (2023);Experiment 1;Orientation;1;1;;;;;;;25;6
89;176;153.5;-22.5;1.87447881698608;19;6;1;Abreo et al. (2023);Experiment 1;Orientation;1;1;;;;;;;26;6
-51;169;144.0;-25.0;1.97487258911133;19;6;1;Abreo et al. (2023);Experiment 1;Orientation;1;1;;;;;;;27;6
-14;147;132.0;-15.0;2.49984431266785;19;6;1;Abreo et al. (2023);Experiment 1;Orientation;1;1;;;;;;;28;6
72;95;125.5;30.5;2.21649360656738;19;6;1;Abreo et al. (2023);Experiment 1;Orientation;1;1;;;;;;;29;6
13;159;146.5;-12.5;1.89146733283997;19;6;1;Abreo et al. (2023);Experiment 1;Orientation;1;1;;;;;;;30;6
58;115;147.5;32.5;1.70809173583984;19;6;1;Abreo et al. (2023);Experiment 1;Orientation;1;1;;;;;;;31;6
49;17;28.5;11.5;2.21610045433044;19;6;1;Abreo et al. (2023);Experiment 1;Orientation;1;1;;;;;;;32;6
72;4;33.0;29.0;1.991370677948;19;6;1;Abreo et al. (2023);Experiment 1;Orientation;1;1;;;;;;;33;6
30;59;63.0;3.99999999999999;3.85814213752747;19;6;1;Abreo et al. (2023);Experiment 1;Orientation;1;1;;;;;;;34;6
82;147;139.0;-7.99999999999999;3.12637805938721;20;1;1;Abreo et al. (2023);Experiment 1;Orientation;1;1;;;;;;;1;1
-78;153;138.0;-15.0;2.7331485748291;20;1;1;Abreo et al. (2023);Experiment 1;Orientation;1;1;;;;;;;2;1
-11;136;142.5;6.49999999999997;1.73329877853394;20;1;1;Abreo et al. (2023);Experiment 1;Orientation;1;1;;;;;;;3;1
89;31;109.0;78.0;2.14155650138855;20;1;1;Abreo et al. (2023);Experiment 1;Orientation;1;1;;;;;;;4;1
42;93;113.0;20.0;2.02479457855225;20;1;1;Abreo et al. (2023);Experiment 1;Orientation;1;1;;;;;;;5;1
6;93;92.5;-0.500000000000007;1.72465515136719;20;1;1;Abreo et al. (2023);Experiment 1;Orientation;1;1;;;;;;;6;1
-83;91;19.5;-71.5;1.34951138496399;20;1;1;Abreo et al. (2023);Experiment 1;Orientation;1;1;;;;;;;7;1
88;79;17.0;-62.0;1.20782804489136;20;1;1;Abreo et al. (2023);Experiment 1;Orientation;1;1;;;;;;;8;1
-2;30;20.0;-10.0;1.37453269958496;20;1;1;Abreo et al. (2023);Experiment 1;Orientation;1;1;;;;;;;9;1
-48;148;145.5;-2.5;1.1913902759552;20;1;1;Abreo et al. (2023);Experiment 1;Orientation;1;1;;;;;;;10;1
-51;125;167.5;42.5;1.08299350738525;20;1;1;Abreo et al. (2023);Experiment 1;Orientation;1;1;;;;;;;11;1
38;7;7.0;-0.0;1.52479839324951;20;1;1;Abreo et al. (2023);Experiment 1;Orientation;1;1;;;;;;;12;1
-84;171;168.5;-2.5;1.34954452514648;20;1;1;Abreo et al. (2023);Experiment 1;Orientation;1;1;;;;;;;13;1
39;61;149.0;88.0;2.75794339179993;20;1;1;Abreo et al. (2023);Experiment 1;Orientation;1;1;;;;;;;14;1
24;42;42.0;-0.0;1.54141139984131;20;1;1;Abreo et al. (2023);Experiment 1;Orientation;1;1;;;;;;;15;1
29;130;153.5;23.5;2.24136781692505;20;1;1;Abreo et al. (2023);Experiment 1;Orientation;1;1;;;;;;;16;1
11;169;156.5;-12.5;1.95818591117859;20;1;1;Abreo et al. (2023);Experiment 1;Orientation;1;1;;;;;;;17;1
-35;126;131.5;5.50000000000002;1.69980430603027;20;1;1;Abreo et al. (2023);Experiment 1;Orientation;1;1;;;;;;;18;1
-10;52;77.0;25.0;3.64987421035767;20;1;1;Abreo et al. (2023);Experiment 1;Orientation;1;1;;;;;;;19;1
36;92;63.5;-28.5;1.61631321907043;20;1;1;Abreo et al. (2023);Experiment 1;Orientation;1;1;;;;;;;20;1
-85;13;16.0;3.0;2.45816683769226;20;1;1;Abreo et al. (2023);Experiment 1;Orientation;1;1;;;;;;;21;1
-39;54;64.5;10.5;1.66654944419861;20;1;1;Abreo et al. (2023);Experiment 1;Orientation;1;1;;;;;;;22;1
-53;175;152.0;-23.0;1.29975271224976;20;1;1;Abreo et al. (2023);Experiment 1;Orientation;1;1;;;;;;;23;1
-23;34;28.5;-5.5;1.97466707229614;20;1;1;Abreo et al. (2023);Experiment 1;Orientation;1;1;;;;;;;24;1
43;63;47.5;-15.5;3.2161705493927;20;1;1;Abreo et al. (2023);Experiment 1;Orientation;1;1;;;;;;;25;1
71;23;26.0;3.0;2.06616735458374;20;1;1;Abreo et al. (2023);Experiment 1;Orientation;1;1;;;;;;;26;1
51;23;48.5;25.5;1.63283443450928;20;1;1;Abreo et al. (2023);Experiment 1;Orientation;1;1;;;;;;;27;1
-16;174;179.5;5.50000000000001;2.31637835502625;20;1;1;Abreo et al. (2023);Experiment 1;Orientation;1;1;;;;;;;28;1
35;173;160.0;-13.0;1.70811080932617;20;2;1;Abreo et al. (2023);Experiment 1;Orientation;1;1;;;;;;;1;2
76;137;134.0;-2.99999999999999;1.04146862030029;20;2;1;Abreo et al. (2023);Experiment 1;Orientation;1;1;;;;;;;2;2
0;46;52.5;6.5;2.89120745658875;20;2;1;Abreo et al. (2023);Experiment 1;Orientation;1;1;;;;;;;3;2
-31;167;14.5;27.5;2.01628065109253;20;2;1;Abreo et al. (2023);Experiment 1;Orientation;1;1;;;;;;;4;2
7;54;24.5;-29.5;2.04150533676147;20;2;1;Abreo et al. (2023);Experiment 1;Orientation;1;1;;;;;;;5;2
77;8;28.0;20.0;1.69153761863708;20;2;1;Abreo et al. (2023);Experiment 1;Orientation;1;1;;;;;;;6;2
74;63;61.0;-2.0;1.89973640441895;20;2;1;Abreo et al. (2023);Experiment 1;Orientation;1;1;;;;;;;7;2
-32;176;159.0;-17.0;2.15803146362305;20;2;1;Abreo et al. (2023);Experiment 1;Orientation;1;1;;;;;;;8;2
-58;157;145.5;-11.5;1.40797972679138;20;2;1;Abreo et al. (2023);Experiment 1;Orientation;1;1;;;;;;;9;2
0;131;179.0;48.0;1.99132990837097;20;2;1;Abreo et al. (2023);Experiment 1;Orientation;1;1;;;;;;;10;2
-32;11;13.0;2.0;2.43307375907898;20;2;1;Abreo et al. (2023);Experiment 1;Orientation;1;1;;;;;;;11;2
71;147;137.5;-9.49999999999999;2.44989252090454;20;2;1;Abreo et al. (2023);Experiment 1;Orientation;1;1;;;;;;;12;2
80;73;148.0;75.0;1.65804362297058;20;2;1;Abreo et al. (2023);Experiment 1;Orientation;1;1;;;;;;;13;2
-54;173;137.0;-36.0;1.89118623733521;20;2;1;Abreo et al. (2023);Experiment 1;Orientation;1;1;;;;;;;14;2
81;136;125.5;-10.5;1.39123010635376;20;2;1;Abreo et al. (2023);Experiment 1;Orientation;1;1;;;;;;;15;2
18;28;33.5;5.5;1.39973425865173;20;2;1;Abreo et al. (2023);Experiment 1;Orientation;1;1;;;;;;;16;2
48;164;162.0;-2.0;1.52473926544189;20;2;1;Abreo et al. (2023);Experiment 1;Orientation;1;1;;;;;;;17;2
76;35;45.0;10.0;1.4497697353363;20;2;1;Abreo et al. (2023);Experiment 1;Orientation;1;1;;;;;;;18;2
8;4;170.0;-14.0;3.19143986701965;20;2;1;Abreo et al. (2023);Experiment 1;Orientation;1;1;;;;;;;19;2
54;101;123.0;22.0;1.75812745094299;20;2;1;Abreo et al. (2023);Experiment 1;Orientation;1;1;;;;;;;20;2
39;77;93.0;16.0;3.29143905639648;20;2;1;Abreo et al. (2023);Experiment 1;Orientation;1;1;;;;;;;21;2
-10;120;118.5;-1.49999999999999;1.63307738304138;20;2;1;Abreo et al. (2023);Experiment 1;Orientation;1;1;;;;;;;22;2
62;123;137.5;14.5;2.29136228561401;20;2;1;Abreo et al. (2023);Experiment 1;Orientation;1;1;;;;;;;23;2
50;171;163.0;-7.99999999999999;1.17471027374268;20;2;1;Abreo et al. (2023);Experiment 1;Orientation;1;1;;;;;;;24;2
-18;160;131.0;-29.0;1.44972658157349;20;2;1;Abreo et al. (2023);Experiment 1;Orientation;1;1;;;;;;;25;2
-21;8;28.0;20.0;1.16638469696045;20;2;1;Abreo et al. (2023);Experiment 1;Orientation;1;1;;;;;;;26;2
19;175;152.5;-22.5;1.31636953353882;20;2;1;Abreo et al. (2023);Experiment 1;Orientation;1;1;;;;;;;27;2
64;70;54.0;-16.0;2.1581563949585;20;2;1;Abreo et al. (2023);Experiment 1;Orientation;1;1;;;;;;;28;2
-88;173;157.5;-15.5;1.94147229194641;20;2;1;Abreo et al. (2023);Experiment 1;Orientation;1;1;;;;;;;29;2
55;175;7.0;12.0;1.87480115890503;20;2;1;Abreo et al. (2023);Experiment 1;Orientation;1;1;;;;;;;30;2
63;120;127.0;7.00000000000002;2.34964656829834;20;2;1;Abreo et al. (2023);Experiment 1;Orientation;1;1;;;;;;;31;2
2;90;84.0;-6.0;2.09961867332458;20;2;1;Abreo et al. (2023);Experiment 1;Orientation;1;1;;;;;;;32;2
-43;22;18.0;-4.0;1.68313241004944;20;2;1;Abreo et al. (2023);Experiment 1;Orientation;1;1;;;;;;;33;2
-25;113;107.5;-5.5;1.52471971511841;20;2;1;Abreo et al. (2023);Experiment 1;Orientation;1;1;;;;;;;34;2
-77;140;127.5;-12.5;1.54132223129272;20;3;1;Abreo et al. (2023);Experiment 1;Orientation;1;1;;;;;;;1;3
70;15;31.5;16.5;3.73308539390564;20;3;1;Abreo et al. (2023);Experiment 1;Orientation;1;1;;;;;;;2;3
85;62;56.0;-5.99999999999999;2.05821633338928;20;3;1;Abreo et al. (2023);Experiment 1;Orientation;1;1;;;;;;;3;3
-80;94;100.0;6.0;1.64131641387939;20;3;1;Abreo et al. (2023);Experiment 1;Orientation;1;1;;;;;;;4;3
13;60;109.5;49.5;3.44137740135193;20;3;1;Abreo et al. (2023);Experiment 1;Orientation;1;1;;;;;;;5;3
89;161;161.5;0.499999999999996;1.02481842041016;20;3;1;Abreo et al. (2023);Experiment 1;Orientation;1;1;;;;;;;6;3
-23;98;89.5;-8.49999999999999;2.19988560676575;20;3;1;Abreo et al. (2023);Experiment 1;Orientation;1;1;;;;;;;7;3
-32;57;37.0;-20.0;1.30787897109985;20;3;1;Abreo et al. (2023);Experiment 1;Orientation;1;1;;;;;;;8;3
-35;104;86.0;-18.0;2.13309264183044;20;3;1;Abreo et al. (2023);Experiment 1;Orientation;1;1;;;;;;;9;3
-48;161;128.0;-33.0;1.30820631980896;20;3;1;Abreo et al. (2023);Experiment 1;Orientation;1;1;;;;;;;10;3
-44;94;92.0;-2.0;2.10808038711548;20;3;1;Abreo et al. (2023);Experiment 1;Orientation;1;1;;;;;;;11;3
55;3;18.0;15.0;1.24151468276978;20;3;1;Abreo et al. (2023);Experiment 1;Orientation;1;1;;;;;;;12;3
83;125;122.5;-2.5;2.64982557296753;20;3;1;Abreo et al. (2023);Experiment 1;Orientation;1;1;;;;;;;13;3
-18;145;144.5;-0.50000000000002;1.79951357841492;20;3;1;Abreo et al. (2023);Experiment 1;Orientation;1;1;;;;;;;14;3
14;174;172.5;-1.49999999999998;1.58319330215454;20;3;1;Abreo et al. (2023);Experiment 1;Orientation;1;1;;;;;;;15;3
-2;152;128.5;-23.5;1.51651525497437;20;3;1;Abreo et al. (2023);Experiment 1;Orientation;1;1;;;;;;;16;3
34;44;54.0;10.0;1.43286848068237;20;3;1;Abreo et al. (2023);Experiment 1;Orientation;1;1;;;;;;;17;3
51;110;115.5;5.49999999999999;2.64981627464294;20;3;1;Abreo et al. (2023);Experiment 1;Orientation;1;1;;;;;;;18;3
23;126;142.5;16.5;2.64954972267151;20;3;1;Abreo et al. (2023);Experiment 1;Orientation;1;1;;;;;;;19;3
60;158;152.5;-5.49999999999998;1.23317313194275;20;3;1;Abreo et al. (2023);Experiment 1;Orientation;1;1;;;;;;;20;3
-85;78;64.5;-13.5;1.30808091163635;20;3;1;Abreo et al. (2023);Experiment 1;Orientation;1;1;;;;;;;21;3
65;82;83.5;1.49999999999999;2.04114556312561;20;3;1;Abreo et al. (2023);Experiment 1;Orientation;1;1;;;;;;;22;3
-22;4;175.5;-8.49999999999999;1.1246030330658;20;3;1;Abreo et al. (2023);Experiment 1;Orientation;1;1;;;;;;;23;3
74;49;132.0;83.0;1.48320245742798;20;3;1;Abreo et al. (2023);Experiment 1;Orientation;1;1;;;;;;;24;3
82;41;37.0;-4.0;1.52482986450195;20;4;1;Abreo et al. (2023);Experiment 1;Orientation;1;1;;;;;;;1;4
-69;144;142.0;-2.0;1.93315839767456;20;4;1;Abreo et al. (2023);Experiment 1;Orientation;1;1;;;;;;;2;4
4;33;32.5;-0.500000000000001;2.89151835441589;20;4;1;Abreo et al. (2023);Experiment 1;Orientation;1;1;;;;;;;3;4
-69;22;32.0;10.0;2.55817317962646;20;4;1;Abreo et al. (2023);Experiment 1;Orientation;1;1;;;;;;;4;4
51;25;116.0;-89.0;2.52469325065613;20;4;1;Abreo et al. (2023);Experiment 1;Orientation;1;1;;;;;;;5;4
58;73;79.0;6.0;1.98314213752747;20;4;1;Abreo et al. (2023);Experiment 1;Orientation;1;1;;;;;;;6;4
8;4;175.0;-9.00000000000001;1.6912055015564;20;4;1;Abreo et al. (2023);Experiment 1;Orientation;1;1;;;;;;;7;4
23;135;133.5;-1.50000000000001;1.87483620643616;20;4;1;Abreo et al. (2023);Experiment 1;Orientation;1;1;;;;;;;8;4
67;19;24.5;5.5;2.2247302532196;20;4;1;Abreo et al. (2023);Experiment 1;Orientation;1;1;;;;;;;9;4
77;73;88.5;15.5;2.40815258026123;20;4;1;Abreo et al. (2023);Experiment 1;Orientation;1;1;;;;;;;10;4
34;97;108.5;11.5;1.8246808052063;20;4;1;Abreo et al. (2023);Experiment 1;Orientation;1;1;;;;;;;11;4
-27;101;83.5;-17.5;1.83313608169556;20;4;1;Abreo et al. (2023);Experiment 1;Orientation;1;1;;;;;;;12;4
-83;98;118.5;20.5;1.37481951713562;20;4;1;Abreo et al. (2023);Experiment 1;Orientation;1;1;;;;;;;13;4
-32;112;114.0;2.0;1.25804138183594;20;4;1;Abreo et al. (2023);Experiment 1;Orientation;1;1;;;;;;;14;4
34;120;112.0;-7.99999999999999;1.40806770324707;20;4;1;Abreo et al. (2023);Experiment 1;Orientation;1;1;;;;;;;15;4
46;153;157.0;4.0;1.27480530738831;20;4;1;Abreo et al. (2023);Experiment 1;Orientation;1;1;;;;;;;16;4
-85;19;33.0;14.0;1.62476468086243;20;4;1;Abreo et al. (2023);Experiment 1;Orientation;1;1;;;;;;;17;4
67;134;138.0;3.99999999999998;1.19986724853516;20;4;1;Abreo et al. (2023);Experiment 1;Orientation;1;1;;;;;;;18;4
-59;76;80.5;4.5;1.89981460571289;20;4;1;Abreo et al. (2023);Experiment 1;Orientation;1;1;;;;;;;19;4
-84;57;56.0;-0.999999999999996;1.2831711769104;20;4;1;Abreo et al. (2023);Experiment 1;Orientation;1;1;;;;;;;20;4
40;29;47.0;18.0;1.16644263267517;20;4;1;Abreo et al. (2023);Experiment 1;Orientation;1;1;;;;;;;21;4
-63;127;131.0;3.99999999999998;1.54974842071533;20;4;1;Abreo et al. (2023);Experiment 1;Orientation;1;1;;;;;;;22;4
29;148;138.5;-9.5;1.19153046607971;20;4;1;Abreo et al. (2023);Experiment 1;Orientation;1;1;;;;;;;23;4
-90;108;108.0;-0.0;1.54149913787842;20;4;1;Abreo et al. (2023);Experiment 1;Orientation;1;1;;;;;;;24;4
-88;67;60.0;-7.00000000000001;1.3247983455658;20;4;1;Abreo et al. (2023);Experiment 1;Orientation;1;1;;;;;;;25;4
58;62;70.5;8.50000000000001;1.41649913787842;20;4;1;Abreo et al. (2023);Experiment 1;Orientation;1;1;;;;;;;26;4
44;44;51.0;7.0;1.29143929481506;20;4;1;Abreo et al. (2023);Experiment 1;Orientation;1;1;;;;;;;27;4
-14;150;150.0;2.7544411522729304e-15;1.24116826057434;20;4;1;Abreo et al. (2023);Experiment 1;Orientation;1;1;;;;;;;28;4
-34;87;98.5;11.5;1.89984726905823;20;4;1;Abreo et al. (2023);Experiment 1;Orientation;1;1;;;;;;;29;4
66;165;170.5;5.50000000000001;2.3082070350647;20;4;1;Abreo et al. (2023);Experiment 1;Orientation;1;1;;;;;;;30;4
33;37;65.0;28.0;1.21615242958069;20;4;1;Abreo et al. (2023);Experiment 1;Orientation;1;1;;;;;;;31;4
69;19;27.0;8.0;2.19967937469482;20;4;1;Abreo et al. (2023);Experiment 1;Orientation;1;1;;;;;;;32;4
84;34;47.0;13.0;1.73318004608154;20;4;1;Abreo et al. (2023);Experiment 1;Orientation;1;1;;;;;;;33;4
-24;129;116.0;-13.0;1.9664785861969;20;4;1;Abreo et al. (2023);Experiment 1;Orientation;1;1;;;;;;;34;4
-23;172;5.5;13.5;1.40802502632141;20;4;1;Abreo et al. (2023);Experiment 1;Orientation;1;1;;;;;;;35;4
-1;36;39.0;3.0;1.39976739883423;20;4;1;Abreo et al. (2023);Experiment 1;Orientation;1;1;;;;;;;36;4
37;89;96.0;7.00000000000001;1.63311052322388;20;4;1;Abreo et al. (2023);Experiment 1;Orientation;1;1;;;;;;;37;4
-50;1;163.5;-17.5;2.73739647865295;20;5;1;Abreo et al. (2023);Experiment 1;Orientation;1;1;;;;;;;1;5
9;143;144.0;0.999999999999982;1.36626648902893;20;5;1;Abreo et al. (2023);Experiment 1;Orientation;1;1;;;;;;;2;5
-10;107;133.0;26.0;1.42484545707703;20;5;1;Abreo et al. (2023);Experiment 1;Orientation;1;1;;;;;;;3;5
-37;144;124.5;-19.5;1.44965815544128;20;5;1;Abreo et al. (2023);Experiment 1;Orientation;1;1;;;;;;;4;5
69;140;143.0;3.00000000000002;1.52463936805725;20;5;1;Abreo et al. (2023);Experiment 1;Orientation;1;1;;;;;;;5;5
-63;6;27.5;21.5;3.1080379486084;20;5;1;Abreo et al. (2023);Experiment 1;Orientation;1;1;;;;;;;6;5
-56;53;46.5;-6.5;1.30817484855652;20;5;1;Abreo et al. (2023);Experiment 1;Orientation;1;1;;;;;;;7;5
-22;177;169.5;-7.50000000000002;1.44953346252441;20;5;1;Abreo et al. (2023);Experiment 1;Orientation;1;1;;;;;;;8;5
34;2;15.0;13.0;1.34149479866028;20;5;1;Abreo et al. (2023);Experiment 1;Orientation;1;1;;;;;;;9;5
-57;149;131.5;-17.5;1.66634583473206;20;5;1;Abreo et al. (2023);Experiment 1;Orientation;1;1;;;;;;;10;5
19;63;65.5;2.5;1.9744884967804;20;5;1;Abreo et al. (2023);Experiment 1;Orientation;1;1;;;;;;;11;5
-89;38;46.5;8.5;1.89139008522034;20;5;1;Abreo et al. (2023);Experiment 1;Orientation;1;1;;;;;;;12;5
29;128;133.0;5.0;1.55818629264832;20;5;1;Abreo et al. (2023);Experiment 1;Orientation;1;1;;;;;;;13;5
81;82;72.5;-9.49999999999999;2.17469787597656;20;5;1;Abreo et al. (2023);Experiment 1;Orientation;1;1;;;;;;;14;5
-41;90;75.0;-15.0;2.24971389770508;20;5;1;Abreo et al. (2023);Experiment 1;Orientation;1;1;;;;;;;15;5
-5;65;58.0;-6.99999999999999;2.10782647132874;20;5;1;Abreo et al. (2023);Experiment 1;Orientation;1;1;;;;;;;16;5
-56;83;85.5;2.5;2.64972519874573;20;5;1;Abreo et al. (2023);Experiment 1;Orientation;1;1;;;;;;;17;5
18;29;33.5;4.49999999999999;1.54148530960083;20;5;1;Abreo et al. (2023);Experiment 1;Orientation;1;1;;;;;;;18;5
-52;121;116.0;-5.0;1.74136471748352;20;5;1;Abreo et al. (2023);Experiment 1;Orientation;1;1;;;;;;;19;5
-64;41;32.5;-8.5;2.64983248710632;20;5;1;Abreo et al. (2023);Experiment 1;Orientation;1;1;;;;;;;20;5
32;172;156.5;-15.5;1.42484426498413;20;5;1;Abreo et al. (2023);Experiment 1;Orientation;1;1;;;;;;;21;5
-16;150;142.0;-8.00000000000001;1.79980850219727;20;5;1;Abreo et al. (2023);Experiment 1;Orientation;1;1;;;;;;;22;5
-51;109;111.0;2.0;2.08321762084961;20;5;1;Abreo et al. (2023);Experiment 1;Orientation;1;1;;;;;;;23;5
-87;54;54.0;-0.0;1.7415075302124;20;5;1;Abreo et al. (2023);Experiment 1;Orientation;1;1;;;;;;;24;5
-24;90;89.5;-0.499999999999994;2.12450122833252;20;5;1;Abreo et al. (2023);Experiment 1;Orientation;1;1;;;;;;;25;5
31;20;27.5;7.5;1.5248692035675;20;5;1;Abreo et al. (2023);Experiment 1;Orientation;1;1;;;;;;;26;5
-29;38;33.5;-4.50000000000001;1.70814919471741;20;5;1;Abreo et al. (2023);Experiment 1;Orientation;1;1;;;;;;;27;5
-45;51;42.5;-8.5;2.21653342247009;20;5;1;Abreo et al. (2023);Experiment 1;Orientation;1;1;;;;;;;28;5
52;13;30.0;17.0;1.79987573623657;20;5;1;Abreo et al. (2023);Experiment 1;Orientation;1;1;;;;;;;29;5
-62;77;39.5;-37.5;1.54952764511108;20;5;1;Abreo et al. (2023);Experiment 1;Orientation;1;1;;;;;;;30;5
-81;52;35.0;-17.0;1.30816531181335;20;6;1;Abreo et al. (2023);Experiment 1;Orientation;1;1;;;;;;;1;6
-11;113;129.0;16.0;1.46649122238159;20;6;1;Abreo et al. (2023);Experiment 1;Orientation;1;1;;;;;;;2;6
-51;86;82.0;-4.0;1.84152698516846;20;6;1;Abreo et al. (2023);Experiment 1;Orientation;1;1;;;;;;;3;6
76;156;157.5;1.50000000000001;1.50817465782166;20;6;1;Abreo et al. (2023);Experiment 1;Orientation;1;1;;;;;;;4;6
34;30;52.0;22.0;1.39148187637329;20;6;1;Abreo et al. (2023);Experiment 1;Orientation;1;1;;;;;;;5;6
-90;69;60.0;-9.0;1.84985637664795;20;6;1;Abreo et al. (2023);Experiment 1;Orientation;1;1;;;;;;;6;6
8;82;61.5;-20.5;1.79151511192322;20;6;1;Abreo et al. (2023);Experiment 1;Orientation;1;1;;;;;;;7;6
2;179;169.0;-10.0;1.50815653800964;20;6;1;Abreo et al. (2023);Experiment 1;Orientation;1;1;;;;;;;8;6
-22;126;92.0;-34.0;1.68319177627563;20;6;1;Abreo et al. (2023);Experiment 1;Orientation;1;1;;;;;;;9;6
24;47;53.0;6.0;1.55809640884399;20;6;1;Abreo et al. (2023);Experiment 1;Orientation;1;1;;;;;;;10;6
26;48;53.5;5.5;1.44119715690613;20;6;1;Abreo et al. (2023);Experiment 1;Orientation;1;1;;;;;;;11;6
-87;153;146.5;-6.5;1.51637506484985;20;6;1;Abreo et al. (2023);Experiment 1;Orientation;1;1;;;;;;;12;6
29;65;75.5;10.5;2.09143590927124;20;6;1;Abreo et al. (2023);Experiment 1;Orientation;1;1;;;;;;;13;6
-51;90;85.5;-4.5;2.36628818511963;20;6;1;Abreo et al. (2023);Experiment 1;Orientation;1;1;;;;;;;14;6
48;43;84.0;41.0;1.62447667121887;20;6;1;Abreo et al. (2023);Experiment 1;Orientation;1;1;;;;;;;15;6
32;149;160.0;11.0;1.51650977134705;20;6;1;Abreo et al. (2023);Experiment 1;Orientation;1;1;;;;;;;16;6
-89;50;81.5;31.5;1.71639037132263;20;6;1;Abreo et al. (2023);Experiment 1;Orientation;1;1;;;;;;;17;6
-59;24;38.5;14.5;1.34986400604248;20;6;1;Abreo et al. (2023);Experiment 1;Orientation;1;1;;;;;;;18;6
-63;161;143.0;-18.0;1.85815167427063;20;6;1;Abreo et al. (2023);Experiment 1;Orientation;1;1;;;;;;;19;6
79;71;62.0;-9.0;1.24956941604614;20;6;1;Abreo et al. (2023);Experiment 1;Orientation;1;1;;;;;;;20;6
17;3;37.0;34.0;1.62466096878052;20;6;1;Abreo et al. (2023);Experiment 1;Orientation;1;1;;;;;;;21;6
29;50;52.5;2.5;1.19977831840515;20;6;1;Abreo et al. (2023);Experiment 1;Orientation;1;1;;;;;;;22;6
53;134;131.5;-2.5;1.49988651275635;20;6;1;Abreo et al. (2023);Experiment 1;Orientation;1;1;;;;;;;23;6
-34;68;62.0;-6.00000000000001;1.55800080299377;20;6;1;Abreo et al. (2023);Experiment 1;Orientation;1;1;;;;;;;24;6
-50;115;112.0;-2.99999999999999;1.97478818893433;20;6;1;Abreo et al. (2023);Experiment 1;Orientation;1;1;;;;;;;25;6
49;74;75.5;1.49999999999999;1.79147958755493;20;6;1;Abreo et al. (2023);Experiment 1;Orientation;1;1;;;;;;;26;6
-87;109;96.0;-13.0;3.18316841125488;20;6;1;Abreo et al. (2023);Experiment 1;Orientation;1;1;;;;;;;27;6
62;60;54.5;-5.49999999999999;1.6832230091095;20;6;1;Abreo et al. (2023);Experiment 1;Orientation;1;1;;;;;;;28;6
-33;26;45.5;19.5;2.67479276657104;20;6;1;Abreo et al. (2023);Experiment 1;Orientation;1;1;;;;;;;29;6
-78;13;42.0;29.0;1.72513461112976;21;1;1;Abreo et al. (2023);Experiment 1;Orientation;1;1;;;;;;;1;1
-30;80;61.0;-19.0;2.16648721694946;21;1;1;Abreo et al. (2023);Experiment 1;Orientation;1;1;;;;;;;2;1
-31;112;110.5;-1.50000000000001;2.16648626327515;21;1;1;Abreo et al. (2023);Experiment 1;Orientation;1;1;;;;;;;3;1
43;154;80.0;-74.0;1.94950890541077;21;1;1;Abreo et al. (2023);Experiment 1;Orientation;1;1;;;;;;;4;1
31;29;99.0;70.0;1.87457132339478;21;1;1;Abreo et al. (2023);Experiment 1;Orientation;1;1;;;;;;;5;1
73;134;103.5;-30.5;2.8912615776062;21;1;1;Abreo et al. (2023);Experiment 1;Orientation;1;1;;;;;;;6;1
-22;128;125.5;-2.5;2.18314647674561;21;1;1;Abreo et al. (2023);Experiment 1;Orientation;1;1;;;;;;;7;1
53;160;166.5;6.5;1.97469830513;21;1;1;Abreo et al. (2023);Experiment 1;Orientation;1;1;;;;;;;8;1
1;41;58.5;17.5;1.87455463409424;21;1;1;Abreo et al. (2023);Experiment 1;Orientation;1;1;;;;;;;9;1
12;115;106.5;-8.49999999999999;1.84982943534851;21;1;1;Abreo et al. (2023);Experiment 1;Orientation;1;1;;;;;;;10;1
75;2;177.5;-4.50000000000001;1.99986147880554;21;1;1;Abreo et al. (2023);Experiment 1;Orientation;1;1;;;;;;;11;1
38;21;48.0;27.0;1.91653966903687;21;1;1;Abreo et al. (2023);Experiment 1;Orientation;1;1;;;;;;;12;1
-6;16;90.5;74.5;2.54124331474304;21;1;1;Abreo et al. (2023);Experiment 1;Orientation;1;1;;;;;;;13;1
-28;4;12.5;8.5;2.05786871910095;21;1;1;Abreo et al. (2023);Experiment 1;Orientation;1;1;;;;;;;14;1
-82;156;174.0;18.0;2.55780792236328;21;1;1;Abreo et al. (2023);Experiment 1;Orientation;1;1;;;;;;;15;1
-82;167;91.0;-76.0;3.35814714431763;21;1;1;Abreo et al. (2023);Experiment 1;Orientation;1;1;;;;;;;16;1
-37;78;85.0;7.00000000000001;2.16632318496704;21;1;1;Abreo et al. (2023);Experiment 1;Orientation;1;1;;;;;;;17;1
-34;63;80.0;17.0;2.41648125648499;21;1;1;Abreo et al. (2023);Experiment 1;Orientation;1;1;;;;;;;18;1
79;1;8.0;7.0;3.14154458045959;21;1;1;Abreo et al. (2023);Experiment 1;Orientation;1;1;;;;;;;19;1
59;78;83.5;5.5;1.58307313919067;21;1;1;Abreo et al. (2023);Experiment 1;Orientation;1;1;;;;;;;20;1
66;119;82.0;-37.0;1.82482242584229;21;1;1;Abreo et al. (2023);Experiment 1;Orientation;1;1;;;;;;;21;1
-36;126;112.0;-14.0;2.30800580978394;21;1;1;Abreo et al. (2023);Experiment 1;Orientation;1;1;;;;;;;22;1
-4;177;180.0;2.99999999999999;1.74149417877197;21;1;1;Abreo et al. (2023);Experiment 1;Orientation;1;1;;;;;;;23;1
56;67;73.0;5.99999999999999;1.70806837081909;21;1;1;Abreo et al. (2023);Experiment 1;Orientation;1;1;;;;;;;24;1
-70;160;82.0;-78.0;1.99978113174438;21;1;1;Abreo et al. (2023);Experiment 1;Orientation;1;1;;;;;;;25;1
7;178;175.5;-2.5;2.59146356582642;21;1;1;Abreo et al. (2023);Experiment 1;Orientation;1;1;;;;;;;26;1
-71;171;85.0;-86.0;1.99967741966248;21;1;1;Abreo et al. (2023);Experiment 1;Orientation;1;1;;;;;;;27;1
41;150;171.5;21.5;1.91649413108826;21;1;1;Abreo et al. (2023);Experiment 1;Orientation;1;1;;;;;;;28;1
-81;176;160.0;-16.0;1.60816359519958;21;1;1;Abreo et al. (2023);Experiment 1;Orientation;1;1;;;;;;;29;1
48;155;162.5;7.49999999999999;1.43317222595215;21;1;1;Abreo et al. (2023);Experiment 1;Orientation;1;1;;;;;;;30;1
5;37;58.5;21.5;2.03308534622192;21;1;1;Abreo et al. (2023);Experiment 1;Orientation;1;1;;;;;;;31;1
-4;18;38.5;20.5;1.85783839225769;21;1;1;Abreo et al. (2023);Experiment 1;Orientation;1;1;;;;;;;32;1
-58;163;145.0;-18.0;1.72470164299011;21;1;1;Abreo et al. (2023);Experiment 1;Orientation;1;1;;;;;;;33;1
-33;101;82.0;-19.0;2.69977760314941;21;1;1;Abreo et al. (2023);Experiment 1;Orientation;1;1;;;;;;;34;1
8;106;111.5;5.5;3.1162052154541;21;1;1;Abreo et al. (2023);Experiment 1;Orientation;1;1;;;;;;;35;1
28;138;62.0;-76.0;2.44977712631226;21;1;1;Abreo et al. (2023);Experiment 1;Orientation;1;1;;;;;;;36;1
-42;159;156.0;-3.00000000000002;1.70797228813171;21;1;1;Abreo et al. (2023);Experiment 1;Orientation;1;1;;;;;;;37;1
41;61;60.5;-0.499999999999992;2.50047540664673;21;2;1;Abreo et al. (2023);Experiment 1;Orientation;1;1;;;;;;;1;2
53;90;131.5;41.5;1.66635918617249;21;2;1;Abreo et al. (2023);Experiment 1;Orientation;1;1;;;;;;;2;2
25;159;162.0;2.99999999999999;1.69984483718872;21;2;1;Abreo et al. (2023);Experiment 1;Orientation;1;1;;;;;;;3;2
57;45;64.0;19.0;1.92488145828247;21;2;1;Abreo et al. (2023);Experiment 1;Orientation;1;1;;;;;;;4;2
-76;135;118.5;-16.5;1.25801038742065;21;2;1;Abreo et al. (2023);Experiment 1;Orientation;1;1;;;;;;;5;2
9;151;147.5;-3.49999999999999;1.55819416046143;21;2;1;Abreo et al. (2023);Experiment 1;Orientation;1;1;;;;;;;6;2
15;103;87.5;-15.5;1.72483658790588;21;2;1;Abreo et al. (2023);Experiment 1;Orientation;1;1;;;;;;;7;2
-33;69;79.5;10.5;2.14968872070312;21;2;1;Abreo et al. (2023);Experiment 1;Orientation;1;1;;;;;;;8;2
17;94;90.5;-3.5;3.21634316444397;21;2;1;Abreo et al. (2023);Experiment 1;Orientation;1;1;;;;;;;9;2
83;93;90.0;-3.0;1.5828709602356;21;2;1;Abreo et al. (2023);Experiment 1;Orientation;1;1;;;;;;;10;2
-81;41;41.0;-0.0;1.5080943107605;21;2;1;Abreo et al. (2023);Experiment 1;Orientation;1;1;;;;;;;11;2
7;141;145.5;4.5;1.95786356925964;21;2;1;Abreo et al. (2023);Experiment 1;Orientation;1;1;;;;;;;12;2
-35;11;21.5;10.5;1.30813431739807;21;2;1;Abreo et al. (2023);Experiment 1;Orientation;1;1;;;;;;;13;2
-30;52;64.0;12.0;1.53284931182861;21;2;1;Abreo et al. (2023);Experiment 1;Orientation;1;1;;;;;;;14;2
-75;61;73.0;12.0;1.42452526092529;21;2;1;Abreo et al. (2023);Experiment 1;Orientation;1;1;;;;;;;15;2
26;24;33.5;9.49999999999999;1.19967150688171;21;2;1;Abreo et al. (2023);Experiment 1;Orientation;1;1;;;;;;;16;2
63;154;123.0;-31.0;1.3748631477356;21;2;1;Abreo et al. (2023);Experiment 1;Orientation;1;1;;;;;;;17;2
-73;15;21.5;6.5;1.59984874725342;21;2;1;Abreo et al. (2023);Experiment 1;Orientation;1;1;;;;;;;18;2
16;79;74.5;-4.5;2.19982075691223;21;2;1;Abreo et al. (2023);Experiment 1;Orientation;1;1;;;;;;;19;2
16;69;78.5;9.50000000000001;2.03308272361755;21;2;1;Abreo et al. (2023);Experiment 1;Orientation;1;1;;;;;;;20;2
-17;48;64.0;16.0;2.18304395675659;21;2;1;Abreo et al. (2023);Experiment 1;Orientation;1;1;;;;;;;21;2
66;108;134.0;26.0;1.57454347610474;21;2;1;Abreo et al. (2023);Experiment 1;Orientation;1;1;;;;;;;22;2
5;3;1.0;-2.0;1.56647634506226;21;2;1;Abreo et al. (2023);Experiment 1;Orientation;1;1;;;;;;;23;2
-9;53;56.5;3.5;1.75818133354187;21;2;1;Abreo et al. (2023);Experiment 1;Orientation;1;1;;;;;;;24;2
-3;50;55.5;5.5;1.34119558334351;21;2;1;Abreo et al. (2023);Experiment 1;Orientation;1;1;;;;;;;25;2
20;172;173.0;0.999999999999988;1.49948716163635;21;2;1;Abreo et al. (2023);Experiment 1;Orientation;1;1;;;;;;;26;2
82;36;52.0;16.0;1.79195046424866;21;3;1;Abreo et al. (2023);Experiment 1;Orientation;1;1;;;;;;;1;3
-24;7;35.0;28.0;1.25803828239441;21;3;1;Abreo et al. (2023);Experiment 1;Orientation;1;1;;;;;;;2;3
50;65;90.0;25.0;1.68309140205383;21;3;1;Abreo et al. (2023);Experiment 1;Orientation;1;1;;;;;;;3;3
-20;43;50.5;7.50000000000001;1.83302211761475;21;3;1;Abreo et al. (2023);Experiment 1;Orientation;1;1;;;;;;;4;3
-33;153;141.0;-12.0;1.35786747932434;21;3;1;Abreo et al. (2023);Experiment 1;Orientation;1;1;;;;;;;5;3
37;168;174.5;6.5;1.16653370857239;21;3;1;Abreo et al. (2023);Experiment 1;Orientation;1;1;;;;;;;6;3
-9;166;9.0;23.0;2.76651930809021;21;3;1;Abreo et al. (2023);Experiment 1;Orientation;1;1;;;;;;;7;3
24;37;29.5;-7.5;1.24147057533264;21;3;1;Abreo et al. (2023);Experiment 1;Orientation;1;1;;;;;;;8;3
11;51;64.0;13.0;1.87457799911499;21;3;1;Abreo et al. (2023);Experiment 1;Orientation;1;1;;;;;;;9;3
51;57;75.5;18.5;1.78321552276611;21;3;1;Abreo et al. (2023);Experiment 1;Orientation;1;1;;;;;;;10;3
79;124;98.5;-25.5;2.14986085891724;21;3;1;Abreo et al. (2023);Experiment 1;Orientation;1;1;;;;;;;11;3
-51;71;68.5;-2.49999999999999;1.69982314109802;21;3;1;Abreo et al. (2023);Experiment 1;Orientation;1;1;;;;;;;12;3
-88;134;95.5;-38.5;1.60788154602051;21;3;1;Abreo et al. (2023);Experiment 1;Orientation;1;1;;;;;;;13;3
-60;52;71.0;19.0;2.03283047676086;21;3;1;Abreo et al. (2023);Experiment 1;Orientation;1;1;;;;;;;14;3
-26;54;70.0;16.0;1.86634612083435;21;3;1;Abreo et al. (2023);Experiment 1;Orientation;1;1;;;;;;;15;3
-37;40;44.5;4.5;1.17487645149231;21;3;1;Abreo et al. (2023);Experiment 1;Orientation;1;1;;;;;;;16;3
-61;162;161.5;-0.499999999999993;1.29951143264771;21;3;1;Abreo et al. (2023);Experiment 1;Orientation;1;1;;;;;;;17;3
1;146;154.5;8.50000000000001;1.48310542106628;21;3;1;Abreo et al. (2023);Experiment 1;Orientation;1;1;;;;;;;18;3
-49;159;163.0;4.0;1.99139046669006;21;3;1;Abreo et al. (2023);Experiment 1;Orientation;1;1;;;;;;;19;3
-68;57;55.5;-1.5;1.63317060470581;21;3;1;Abreo et al. (2023);Experiment 1;Orientation;1;1;;;;;;;20;3
-56;30;21.0;-9.0;1.44156837463379;21;3;1;Abreo et al. (2023);Experiment 1;Orientation;1;1;;;;;;;21;3
-43;91;83.5;-7.5;1.59136652946472;21;3;1;Abreo et al. (2023);Experiment 1;Orientation;1;1;;;;;;;22;3
25;134;126.5;-7.50000000000001;1.5245053768158;21;3;1;Abreo et al. (2023);Experiment 1;Orientation;1;1;;;;;;;23;3
27;41;95.0;54.0;1.74985766410828;21;3;1;Abreo et al. (2023);Experiment 1;Orientation;1;1;;;;;;;24;3
-46;35;47.5;12.5;1.32449293136597;21;3;1;Abreo et al. (2023);Experiment 1;Orientation;1;1;;;;;;;25;3
8;70;56.0;-14.0;1.46631836891174;21;3;1;Abreo et al. (2023);Experiment 1;Orientation;1;1;;;;;;;26;3
-28;163;154.5;-8.50000000000001;1.68310046195984;21;3;1;Abreo et al. (2023);Experiment 1;Orientation;1;1;;;;;;;27;3
-58;153;152.0;-0.99999999999999;1.49147534370422;21;3;1;Abreo et al. (2023);Experiment 1;Orientation;1;1;;;;;;;28;3
47;14;12.0;-2.0;1.67451548576355;21;3;1;Abreo et al. (2023);Experiment 1;Orientation;1;1;;;;;;;29;3
-52;105;98.5;-6.5;1.95804357528687;21;3;1;Abreo et al. (2023);Experiment 1;Orientation;1;1;;;;;;;30;3
89;147;141.5;-5.49999999999999;1.31652140617371;21;3;1;Abreo et al. (2023);Experiment 1;Orientation;1;1;;;;;;;31;3
-59;21;32.0;11.0;1.85798048973083;21;3;1;Abreo et al. (2023);Experiment 1;Orientation;1;1;;;;;;;32;3
67;1;173.5;-7.50000000000002;1.4204683303833;21;4;1;Abreo et al. (2023);Experiment 1;Orientation;1;1;;;;;;;1;4
-34;147;126.0;-21.0;1.50054979324341;21;4;1;Abreo et al. (2023);Experiment 1;Orientation;1;1;;;;;;;2;4
-89;132;135.0;3.0;1.53290891647339;21;4;1;Abreo et al. (2023);Experiment 1;Orientation;1;1;;;;;;;3;4
67;108;108.5;0.500000000000008;1.44964146614075;21;4;1;Abreo et al. (2023);Experiment 1;Orientation;1;1;;;;;;;4;4
-61;76;82.0;6.0;1.89135527610779;21;4;1;Abreo et al. (2023);Experiment 1;Orientation;1;1;;;;;;;5;4
64;68;64.0;-4.00000000000001;1.60808229446411;21;4;1;Abreo et al. (2023);Experiment 1;Orientation;1;1;;;;;;;6;4
-74;80;72.5;-7.49999999999999;1.79985570907593;21;4;1;Abreo et al. (2023);Experiment 1;Orientation;1;1;;;;;;;7;4
49;178;167.0;-11.0;2.13302874565125;21;4;1;Abreo et al. (2023);Experiment 1;Orientation;1;1;;;;;;;8;4
62;97;97.5;0.500000000000008;1.92474746704102;21;4;1;Abreo et al. (2023);Experiment 1;Orientation;1;1;;;;;;;9;4
63;173;169.5;-3.50000000000001;1.63284635543823;21;4;1;Abreo et al. (2023);Experiment 1;Orientation;1;1;;;;;;;10;4
-4;61;73.5;12.5;1.85783529281616;21;4;1;Abreo et al. (2023);Experiment 1;Orientation;1;1;;;;;;;11;4
-64;0;12.0;12.0;1.35811543464661;21;4;1;Abreo et al. (2023);Experiment 1;Orientation;1;1;;;;;;;12;4
48;126;125.0;-0.999999999999988;1.608065366745;21;4;1;Abreo et al. (2023);Experiment 1;Orientation;1;1;;;;;;;13;4
8;15;29.5;14.5;1.44150567054749;21;4;1;Abreo et al. (2023);Experiment 1;Orientation;1;1;;;;;;;14;4
10;126;114.5;-11.5;1.47449970245361;21;4;1;Abreo et al. (2023);Experiment 1;Orientation;1;1;;;;;;;15;4
28;103;100.5;-2.5;2.01617550849915;21;4;1;Abreo et al. (2023);Experiment 1;Orientation;1;1;;;;;;;16;4
-88;76;81.5;5.5;1.59139847755432;21;4;1;Abreo et al. (2023);Experiment 1;Orientation;1;1;;;;;;;17;4
37;23;20.0;-3.0;1.39136147499084;21;4;1;Abreo et al. (2023);Experiment 1;Orientation;1;1;;;;;;;18;4
55;5;34.5;29.5;1.34149217605591;21;4;1;Abreo et al. (2023);Experiment 1;Orientation;1;1;;;;;;;19;4
51;121;99.0;-22.0;1.49952220916748;21;4;1;Abreo et al. (2023);Experiment 1;Orientation;1;1;;;;;;;20;4
-41;90;90.0;-0.0;8.19959402084351;21;4;1;Abreo et al. (2023);Experiment 1;Orientation;1;1;;;;;;;21;4
-71;61;66.5;5.5;1.39127159118652;21;4;1;Abreo et al. (2023);Experiment 1;Orientation;1;1;;;;;;;22;4
-69;81;76.5;-4.5;1.56637501716614;21;4;1;Abreo et al. (2023);Experiment 1;Orientation;1;1;;;;;;;23;4
-15;159;172.5;13.5;1.46650433540344;21;4;1;Abreo et al. (2023);Experiment 1;Orientation;1;1;;;;;;;24;4
83;120;110.5;-9.5;1.76620817184448;21;4;1;Abreo et al. (2023);Experiment 1;Orientation;1;1;;;;;;;25;4
-9;160;160.0;0.0;1.58316612243652;21;4;1;Abreo et al. (2023);Experiment 1;Orientation;1;1;;;;;;;26;4
-88;134;147.0;13.0;1.69147229194641;21;4;1;Abreo et al. (2023);Experiment 1;Orientation;1;1;;;;;;;27;4
58;117;129.0;12.0;1.99137926101685;21;4;1;Abreo et al. (2023);Experiment 1;Orientation;1;1;;;;;;;28;4
56;109;102.0;-7.0;1.49972915649414;21;4;1;Abreo et al. (2023);Experiment 1;Orientation;1;1;;;;;;;29;4
16;145;152.0;6.99999999999999;1.42482352256775;21;4;1;Abreo et al. (2023);Experiment 1;Orientation;1;1;;;;;;;30;4
-50;148;145.0;-2.99999999999999;1.65820550918579;21;4;1;Abreo et al. (2023);Experiment 1;Orientation;1;1;;;;;;;31;4
-43;32;32.0;-0.0;1.79573750495911;21;5;1;Abreo et al. (2023);Experiment 1;Orientation;1;1;;;;;;;1;5
-49;1;170.0;-11.0;1.61708998680115;21;5;1;Abreo et al. (2023);Experiment 1;Orientation;1;1;;;;;;;2;5
57;92;132.5;40.5;1.32482600212097;21;5;1;Abreo et al. (2023);Experiment 1;Orientation;1;1;;;;;;;3;5
-53;135;129.0;-6.00000000000001;1.71651577949524;21;5;1;Abreo et al. (2023);Experiment 1;Orientation;1;1;;;;;;;4;5
67;9;38.0;29.0;1.79970526695251;21;5;1;Abreo et al. (2023);Experiment 1;Orientation;1;1;;;;;;;5;5
-76;130;112.5;-17.5;1.83320951461792;21;5;1;Abreo et al. (2023);Experiment 1;Orientation;1;1;;;;;;;6;5
-13;14;162.5;-31.5;1.9245924949646;21;5;1;Abreo et al. (2023);Experiment 1;Orientation;1;1;;;;;;;7;5
27;156;163.0;7.00000000000002;1.42485761642456;21;5;1;Abreo et al. (2023);Experiment 1;Orientation;1;1;;;;;;;8;5
-34;6;5.5;-0.500000000000002;1.83288741111755;21;5;1;Abreo et al. (2023);Experiment 1;Orientation;1;1;;;;;;;9;5
75;114;114.5;0.499999999999995;1.64147138595581;21;5;1;Abreo et al. (2023);Experiment 1;Orientation;1;1;;;;;;;10;5
2;18;35.5;17.5;1.45817637443542;21;5;1;Abreo et al. (2023);Experiment 1;Orientation;1;1;;;;;;;11;5
48;168;165.5;-2.5;1.78279185295105;21;5;1;Abreo et al. (2023);Experiment 1;Orientation;1;1;;;;;;;12;5
-90;144;141.5;-2.49999999999999;1.78322505950928;21;5;1;Abreo et al. (2023);Experiment 1;Orientation;1;1;;;;;;;13;5
-24;105;99.0;-6.00000000000001;1.51639747619629;21;5;1;Abreo et al. (2023);Experiment 1;Orientation;1;1;;;;;;;14;5
-31;64;94.0;30.0;1.69156265258789;21;5;1;Abreo et al. (2023);Experiment 1;Orientation;1;1;;;;;;;15;5
49;64;89.0;25.0;1.76636290550232;21;5;1;Abreo et al. (2023);Experiment 1;Orientation;1;1;;;;;;;16;5
80;132;118.5;-13.5;1.39950251579285;21;5;1;Abreo et al. (2023);Experiment 1;Orientation;1;1;;;;;;;17;5
24;40;56.0;16.0;1.83308076858521;21;5;1;Abreo et al. (2023);Experiment 1;Orientation;1;1;;;;;;;18;5
-60;112;102.5;-9.50000000000001;1.71624946594238;21;5;1;Abreo et al. (2023);Experiment 1;Orientation;1;1;;;;;;;19;5
-7;42;44.0;2.0;1.64156556129456;21;5;1;Abreo et al. (2023);Experiment 1;Orientation;1;1;;;;;;;20;5
61;145;130.0;-15.0;1.7912323474884;21;5;1;Abreo et al. (2023);Experiment 1;Orientation;1;1;;;;;;;21;5
-10;116;102.5;-13.5;2.14957737922668;21;5;1;Abreo et al. (2023);Experiment 1;Orientation;1;1;;;;;;;22;5
52;147;158.0;11.0;1.49966549873352;21;5;1;Abreo et al. (2023);Experiment 1;Orientation;1;1;;;;;;;23;5
69;174;3.0;9.0;1.44118070602417;21;5;1;Abreo et al. (2023);Experiment 1;Orientation;1;1;;;;;;;24;5
-72;156;162.5;6.5;1.63315534591675;21;5;1;Abreo et al. (2023);Experiment 1;Orientation;1;1;;;;;;;25;5
9;29;119.5;-89.5;1.93302178382874;21;5;1;Abreo et al. (2023);Experiment 1;Orientation;1;1;;;;;;;26;5
59;19;21.5;2.5;1.54952073097229;21;5;1;Abreo et al. (2023);Experiment 1;Orientation;1;1;;;;;;;27;5
68;137;106.0;-31.0;1.72481727600098;21;5;1;Abreo et al. (2023);Experiment 1;Orientation;1;1;;;;;;;28;5
68;139;131.0;-8.00000000000001;1.49968290328979;21;5;1;Abreo et al. (2023);Experiment 1;Orientation;1;1;;;;;;;29;5
-72;71;86.0;15.0;1.48313450813293;21;5;1;Abreo et al. (2023);Experiment 1;Orientation;1;1;;;;;;;30;5
83;48;66.5;18.5;1.72478246688843;21;5;1;Abreo et al. (2023);Experiment 1;Orientation;1;1;;;;;;;31;5
62;107;100.5;-6.49999999999999;1.34989809989929;21;5;1;Abreo et al. (2023);Experiment 1;Orientation;1;1;;;;;;;32;5
21;165;166.0;1.00000000000001;1.41631054878235;21;5;1;Abreo et al. (2023);Experiment 1;Orientation;1;1;;;;;;;33;5
49;134;119.5;-14.5;2.00807547569275;21;5;1;Abreo et al. (2023);Experiment 1;Orientation;1;1;;;;;;;34;5
-66;39;55.0;16.0;1.86640739440918;21;5;1;Abreo et al. (2023);Experiment 1;Orientation;1;1;;;;;;;35;5
-87;16;37.0;21.0;2.27449679374695;21;5;1;Abreo et al. (2023);Experiment 1;Orientation;1;1;;;;;;;36;5
-33;124;102.5;-21.5;1.87484741210938;21;5;1;Abreo et al. (2023);Experiment 1;Orientation;1;1;;;;;;;37;5
85;90;90.5;0.500000000000007;1.49152231216431;21;5;1;Abreo et al. (2023);Experiment 1;Orientation;1;1;;;;;;;38;5
-14;63;90.5;27.5;1.61652708053589;21;5;1;Abreo et al. (2023);Experiment 1;Orientation;1;1;;;;;;;39;5
-30;108;92.0;-16.0;2.15819644927979;21;5;1;Abreo et al. (2023);Experiment 1;Orientation;1;1;;;;;;;40;5
-52;50;52.5;2.5;1.76653861999512;21;5;1;Abreo et al. (2023);Experiment 1;Orientation;1;1;;;;;;;41;5
-74;122;106.5;-15.5;1.59952402114868;21;5;1;Abreo et al. (2023);Experiment 1;Orientation;1;1;;;;;;;42;5
-44;42;46.5;4.5;1.63390946388245;1;6;1;Abreo et al. (2023);Experiment 1;Orientation;1;1;;;;;;;29;6
-17;124;114.5;-9.49999999999999;1.45801329612732;1;6;1;Abreo et al. (2023);Experiment 1;Orientation;1;1;;;;;;;30;6
-3;42;53.0;11.0;1.90795660018921;1;6;1;Abreo et al. (2023);Experiment 1;Orientation;1;1;;;;;;;31;6
-67;64;75.5;11.5;2.25817608833313;1;6;1;Abreo et al. (2023);Experiment 1;Orientation;1;1;;;;;;;32;6
-40;142;119.5;-22.5;1.4078254699707;1;6;1;Abreo et al. (2023);Experiment 1;Orientation;1;1;;;;;;;33;6
21;108;96.0;-12.0;1.37452864646912;1;6;1;Abreo et al. (2023);Experiment 1;Orientation;1;1;;;;;;;34;6
74;114;92.5;-21.5;1.59140253067017;1;6;1;Abreo et al. (2023);Experiment 1;Orientation;1;1;;;;;;;35;6
33;38;34.5;-3.5;1.79979419708252;1;6;1;Abreo et al. (2023);Experiment 1;Orientation;1;1;;;;;;;36;6
83;67;75.0;8.0;1.84146666526794;1;6;1;Abreo et al. (2023);Experiment 1;Orientation;1;1;;;;;;;37;6
63;130;121.0;-9.0;1.55784320831299;1;6;1;Abreo et al. (2023);Experiment 1;Orientation;1;1;;;;;;;38;6
-54;18;39.5;21.5;1.30804324150085;1;6;1;Abreo et al. (2023);Experiment 1;Orientation;1;1;;;;;;;39;6
14;5;177.5;-7.50000000000001;1.37479615211487;1;6;1;Abreo et al. (2023);Experiment 1;Orientation;1;1;;;;;;;40;6
19;107;109.5;2.50000000000001;1.64961075782776;1;6;1;Abreo et al. (2023);Experiment 1;Orientation;1;1;;;;;;;41;6
-43;166;158.5;-7.49999999999999;1.4162769317627;1;6;1;Abreo et al. (2023);Experiment 1;Orientation;1;1;;;;;;;42;6
80;70;85.0;15.0;1.7664647102356;1;6;1;Abreo et al. (2023);Experiment 1;Orientation;1;1;;;;;;;43;6
48;152;162.0;9.99999999999999;2.16642022132874;1;6;1;Abreo et al. (2023);Experiment 1;Orientation;1;1;;;;;;;44;6
-83;20;26.0;6.0;1.50781607627869;1;6;1;Abreo et al. (2023);Experiment 1;Orientation;1;1;;;;;;;45;6
26;77;89.0;12.0;1.4331648349762;1;6;1;Abreo et al. (2023);Experiment 1;Orientation;1;1;;;;;;;46;6
12;172;167.0;-5.00000000000002;1.51638770103455;1;6;1;Abreo et al. (2023);Experiment 1;Orientation;1;1;;;;;;;47;6
8;150;163.5;13.5;1.23318481445312;1;6;1;Abreo et al. (2023);Experiment 1;Orientation;1;1;;;;;;;48;6
-25;108;99.0;-9.0;1.78289818763733;1;6;1;Abreo et al. (2023);Experiment 1;Orientation;1;1;;;;;;;49;6
40;174;173.0;-0.999999999999989;1.78313422203064;1;6;1;Abreo et al. (2023);Experiment 1;Orientation;1;1;;;;;;;50;6
58;157;152.5;-4.5;1.42484760284424;1;6;1;Abreo et al. (2023);Experiment 1;Orientation;1;1;;;;;;;51;6
-43;3;6.5;3.5;1.2996551990509;1;6;1;Abreo et al. (2023);Experiment 1;Orientation;1;1;;;;;;;52;6
35;37;66.0;29.0;1.65813136100769;1;6;1;Abreo et al. (2023);Experiment 1;Orientation;1;1;;;;;;;53;6
61;92;89.0;-3.0;1.34973311424255;1;6;1;Abreo et al. (2023);Experiment 1;Orientation;1;1;;;;;;;54;6
33;150;163.5;13.5;1.41650152206421;1;6;1;Abreo et al. (2023);Experiment 1;Orientation;1;1;;;;;;;55;6
58;119;109.5;-9.49999999999999;1.48290157318115;1;6;1;Abreo et al. (2023);Experiment 1;Orientation;1;1;;;;;;;56;6
-50;90;87.0;-3.0;1.97479057312012;1;6;1;Abreo et al. (2023);Experiment 1;Orientation;1;1;;;;;;;57;6
19;84;66.0;-18.0;14.4418025016785;22;1;1;Abreo et al. (2023);Experiment 1;Orientation;1;1;;;;;;;1;1
-2;176;42.0;46.0;2.88335037231445;22;1;1;Abreo et al. (2023);Experiment 1;Orientation;1;1;;;;;;;2;1
23;45;35.5;-9.5;2.41609954833984;22;1;1;Abreo et al. (2023);Experiment 1;Orientation;1;1;;;;;;;3;1
-38;165;156.5;-8.49999999999998;3.77478837966919;22;1;1;Abreo et al. (2023);Experiment 1;Orientation;1;1;;;;;;;4;1
11;164;154.5;-9.49999999999999;2.00783944129944;22;1;1;Abreo et al. (2023);Experiment 1;Orientation;1;1;;;;;;;5;1
-32;26;37.5;11.5;2.57480359077454;22;1;1;Abreo et al. (2023);Experiment 1;Orientation;1;1;;;;;;;6;1
-23;82;116.0;34.0;4.0328197479248;22;1;1;Abreo et al. (2023);Experiment 1;Orientation;1;1;;;;;;;7;1
-71;177;157.5;-19.5;1.96655249595642;22;1;1;Abreo et al. (2023);Experiment 1;Orientation;1;1;;;;;;;8;1
-88;87;90.5;3.50000000000001;3.36642408370972;22;1;1;Abreo et al. (2023);Experiment 1;Orientation;1;1;;;;;;;9;1
-48;119;134.5;15.5;1.72449731826782;22;1;1;Abreo et al. (2023);Experiment 1;Orientation;1;1;;;;;;;10;1
55;76;75.5;-0.500000000000007;3.7663996219635;22;1;1;Abreo et al. (2023);Experiment 1;Orientation;1;1;;;;;;;11;1
-18;174;4.0;10.0;2.22448778152466;22;1;1;Abreo et al. (2023);Experiment 1;Orientation;1;1;;;;;;;12;1
-67;50;31.5;-18.5;3.16621732711792;22;1;1;Abreo et al. (2023);Experiment 1;Orientation;1;1;;;;;;;13;1
-14;39;41.5;2.50000000000001;1.64952826499939;22;1;1;Abreo et al. (2023);Experiment 1;Orientation;1;1;;;;;;;14;1
9;30;25.5;-4.5;3.06647825241089;22;1;1;Abreo et al. (2023);Experiment 1;Orientation;1;1;;;;;;;15;1
34;85;90.5;5.5;3.9997546672821;22;1;1;Abreo et al. (2023);Experiment 1;Orientation;1;1;;;;;;;16;1
88;117;120.5;3.50000000000001;2.35799336433411;22;1;1;Abreo et al. (2023);Experiment 1;Orientation;1;1;;;;;;;17;1
-69;175;162.0;-13.0;2.43316435813904;22;1;1;Abreo et al. (2023);Experiment 1;Orientation;1;1;;;;;;;18;1
-43;29;32.0;3.0;6.02480745315552;22;1;1;Abreo et al. (2023);Experiment 1;Orientation;1;1;;;;;;;19;1
-51;78;138.5;60.5;7.1411304473877;22;1;1;Abreo et al. (2023);Experiment 1;Orientation;1;1;;;;;;;20;1
6;41;50.5;9.5;2.04118061065674;22;1;1;Abreo et al. (2023);Experiment 1;Orientation;1;1;;;;;;;21;1
46;124;132.0;8.00000000000001;5.84978318214417;22;1;1;Abreo et al. (2023);Experiment 1;Orientation;1;1;;;;;;;22;1
80;143;139.0;-4.00000000000001;2.74154019355774;22;1;1;Abreo et al. (2023);Experiment 1;Orientation;1;1;;;;;;;23;1
-23;65;143.0;78.0;7.67452263832092;22;1;1;Abreo et al. (2023);Experiment 1;Orientation;1;1;;;;;;;24;1
13;91;137.0;46.0;3.89968657493591;22;1;1;Abreo et al. (2023);Experiment 1;Orientation;1;1;;;;;;;25;1
-4;59;69.0;9.99999999999999;5.24140048027039;22;1;1;Abreo et al. (2023);Experiment 1;Orientation;1;1;;;;;;;26;1
84;92;88.5;-3.5;3.65803742408752;22;1;1;Abreo et al. (2023);Experiment 1;Orientation;1;1;;;;;;;27;1
60;143;149.5;6.5;2.09150767326355;22;1;1;Abreo et al. (2023);Experiment 1;Orientation;1;1;;;;;;;28;1
76;47;42.5;-4.5;3.41646122932434;22;1;1;Abreo et al. (2023);Experiment 1;Orientation;1;1;;;;;;;29;1
-78;120;118.5;-1.49999999999999;3.23298025131226;22;1;1;Abreo et al. (2023);Experiment 1;Orientation;1;1;;;;;;;30;1
21;149;136.0;-13.0;4.30813527107239;22;1;1;Abreo et al. (2023);Experiment 1;Orientation;1;1;;;;;;;31;1
83;161;125.0;-36.0;7.04114508628845;22;1;1;Abreo et al. (2023);Experiment 1;Orientation;1;1;;;;;;;32;1
-11;114;133.0;19.0;1.99964570999146;22;1;1;Abreo et al. (2023);Experiment 1;Orientation;1;1;;;;;;;33;1
-76;134;143.5;9.49999999999999;4.76640820503235;22;1;1;Abreo et al. (2023);Experiment 1;Orientation;1;1;;;;;;;34;1
-39;29;28.0;-1.0;1.89135456085205;22;2;1;Abreo et al. (2023);Experiment 1;Orientation;1;1;;;;;;;1;2
23;155;128.0;-27.0;2.8912091255188;22;2;1;Abreo et al. (2023);Experiment 1;Orientation;1;1;;;;;;;2;2
69;175;164.0;-11.0;3.0661633014679;22;2;1;Abreo et al. (2023);Experiment 1;Orientation;1;1;;;;;;;3;2
-10;60;65.0;5.0;3.56649255752563;22;2;1;Abreo et al. (2023);Experiment 1;Orientation;1;1;;;;;;;4;2
32;140;120.5;-19.5;2.47450184822083;22;2;1;Abreo et al. (2023);Experiment 1;Orientation;1;1;;;;;;;5;2
-47;27;48.5;21.5;2.68313908576965;22;2;1;Abreo et al. (2023);Experiment 1;Orientation;1;1;;;;;;;6;2
35;148;141.5;-6.5;2.57466340065002;22;2;1;Abreo et al. (2023);Experiment 1;Orientation;1;1;;;;;;;7;2
-77;171;176.0;5.0;0.758054494857788;22;2;1;Abreo et al. (2023);Experiment 1;Orientation;1;1;;;;;;;8;2
83;21;140.5;-60.5;12.4747054576874;22;2;1;Abreo et al. (2023);Experiment 1;Orientation;1;1;;;;;;;9;2
-52;78;73.5;-4.5;4.88286113739014;22;2;1;Abreo et al. (2023);Experiment 1;Orientation;1;1;;;;;;;10;2
-83;16;43.0;27.0;3.14141345024109;22;2;1;Abreo et al. (2023);Experiment 1;Orientation;1;1;;;;;;;11;2
-50;98;68.0;-30.0;5.54966640472412;22;2;1;Abreo et al. (2023);Experiment 1;Orientation;1;1;;;;;;;12;2
-83;101;148.5;47.5;5.04142236709595;22;2;1;Abreo et al. (2023);Experiment 1;Orientation;1;1;;;;;;;13;2
-29;52;150.5;-81.5;4.774733543396;22;2;1;Abreo et al. (2023);Experiment 1;Orientation;1;1;;;;;;;14;2
-13;15;28.0;13.0;3.57454681396484;22;2;1;Abreo et al. (2023);Experiment 1;Orientation;1;1;;;;;;;15;2
-6;177;168.5;-8.5;2.78285622596741;22;2;1;Abreo et al. (2023);Experiment 1;Orientation;1;1;;;;;;;16;2
-40;25;25.0;-0.0;2.5248396396637;22;2;1;Abreo et al. (2023);Experiment 1;Orientation;1;1;;;;;;;17;2
41;142;132.5;-9.49999999999999;2.86613631248474;22;2;1;Abreo et al. (2023);Experiment 1;Orientation;1;1;;;;;;;18;2
43;143;150.0;7.0;3.04145455360413;22;2;1;Abreo et al. (2023);Experiment 1;Orientation;1;1;;;;;;;19;2
19;125;113.5;-11.5;2.85819387435913;22;2;1;Abreo et al. (2023);Experiment 1;Orientation;1;1;;;;;;;20;2
-64;23;32.5;9.5;2.17450761795044;22;2;1;Abreo et al. (2023);Experiment 1;Orientation;1;1;;;;;;;21;2
-47;61;64.0;3.00000000000001;2.53317666053772;22;2;1;Abreo et al. (2023);Experiment 1;Orientation;1;1;;;;;;;22;2
-33;92;86.5;-5.5;2.21635627746582;22;2;1;Abreo et al. (2023);Experiment 1;Orientation;1;1;;;;;;;23;2
-66;36;29.5;-6.49999999999999;2.48320555686951;22;2;1;Abreo et al. (2023);Experiment 1;Orientation;1;1;;;;;;;24;2
7;12;22.0;10.0;2.24961113929749;22;2;1;Abreo et al. (2023);Experiment 1;Orientation;1;1;;;;;;;25;2
-42;62;42.0;-20.0;6.98279356956482;22;2;1;Abreo et al. (2023);Experiment 1;Orientation;1;1;;;;;;;26;2
-7;110;131.5;21.5;6.07446312904358;22;2;1;Abreo et al. (2023);Experiment 1;Orientation;1;1;;;;;;;27;2
12;168;157.5;-10.5;2.39141058921814;22;2;1;Abreo et al. (2023);Experiment 1;Orientation;1;1;;;;;;;28;2
49;141;148.0;7.0;2.54983758926392;22;2;1;Abreo et al. (2023);Experiment 1;Orientation;1;1;;;;;;;29;2
56;105;144.0;39.0;2.46633958816528;22;2;1;Abreo et al. (2023);Experiment 1;Orientation;1;1;;;;;;;30;2
-56;109;157.0;48.0;12.6244804859161;22;2;1;Abreo et al. (2023);Experiment 1;Orientation;1;1;;;;;;;31;2
40;115;130.5;15.5;2.44120216369629;22;2;1;Abreo et al. (2023);Experiment 1;Orientation;1;1;;;;;;;32;2
-40;147;153.0;6.00000000000001;1.78311824798584;22;2;1;Abreo et al. (2023);Experiment 1;Orientation;1;1;;;;;;;33;2
74;82;77.5;-4.5;4.16640090942383;22;2;1;Abreo et al. (2023);Experiment 1;Orientation;1;1;;;;;;;34;2
30;166;147.5;-18.5;3.39979028701782;22;2;1;Abreo et al. (2023);Experiment 1;Orientation;1;1;;;;;;;35;2
-66;143;141.5;-1.50000000000001;2.2420175075531;22;3;1;Abreo et al. (2023);Experiment 1;Orientation;1;1;;;;;;;1;3
41;147;152.0;5.00000000000002;3.16619467735291;22;3;1;Abreo et al. (2023);Experiment 1;Orientation;1;1;;;;;;;2;3
12;162;148.5;-13.5;2.42474365234375;22;3;1;Abreo et al. (2023);Experiment 1;Orientation;1;1;;;;;;;3;3
-50;24;37.0;13.0;1.99114608764648;22;3;1;Abreo et al. (2023);Experiment 1;Orientation;1;1;;;;;;;4;3
88;83;77.0;-6.0;1.79964113235474;22;3;1;Abreo et al. (2023);Experiment 1;Orientation;1;1;;;;;;;5;3
-4;143;133.0;-10.0;2.26626968383789;22;3;1;Abreo et al. (2023);Experiment 1;Orientation;1;1;;;;;;;6;3
63;94;139.0;45.0;4.73283123970032;22;3;1;Abreo et al. (2023);Experiment 1;Orientation;1;1;;;;;;;7;3
-46;163;147.5;-15.5;2.03293871879578;22;3;1;Abreo et al. (2023);Experiment 1;Orientation;1;1;;;;;;;8;3
-46;12;30.0;18.0;2.14149141311646;22;3;1;Abreo et al. (2023);Experiment 1;Orientation;1;1;;;;;;;9;3
-47;89;98.5;9.50000000000001;2.23307323455811;22;3;1;Abreo et al. (2023);Experiment 1;Orientation;1;1;;;;;;;10;3
49;120;115.0;-4.99999999999999;1.96649146080017;22;3;1;Abreo et al. (2023);Experiment 1;Orientation;1;1;;;;;;;11;3
64;128;134.5;6.5;3.71634960174561;22;3;1;Abreo et al. (2023);Experiment 1;Orientation;1;1;;;;;;;12;3
-59;146;150.0;4.00000000000001;2.6414840221405;22;3;1;Abreo et al. (2023);Experiment 1;Orientation;1;1;;;;;;;13;3
-12;173;158.5;-14.5;1.59140944480896;22;3;1;Abreo et al. (2023);Experiment 1;Orientation;1;1;;;;;;;14;3
-37;55;41.5;-13.5;1.94983172416687;22;3;1;Abreo et al. (2023);Experiment 1;Orientation;1;1;;;;;;;15;3
-89;28;27.0;-1.0;2.07484841346741;22;3;1;Abreo et al. (2023);Experiment 1;Orientation;1;1;;;;;;;16;3
89;2;171.0;-11.0;5.22481346130371;22;3;1;Abreo et al. (2023);Experiment 1;Orientation;1;1;;;;;;;17;3
38;130;144.5;14.5;2.9663290977478;22;3;1;Abreo et al. (2023);Experiment 1;Orientation;1;1;;;;;;;18;3
78;0;24.5;24.5;1.82468342781067;22;3;1;Abreo et al. (2023);Experiment 1;Orientation;1;1;;;;;;;19;3
-49;170;150.0;-20.0;2.25784206390381;22;3;1;Abreo et al. (2023);Experiment 1;Orientation;1;1;;;;;;;20;3
89;121;117.5;-3.50000000000001;2.10787749290466;22;3;1;Abreo et al. (2023);Experiment 1;Orientation;1;1;;;;;;;21;3
87;120;156.5;36.5;1.66615200042725;22;3;1;Abreo et al. (2023);Experiment 1;Orientation;1;1;;;;;;;22;3
48;153;149.5;-3.49999999999999;1.99964475631714;22;3;1;Abreo et al. (2023);Experiment 1;Orientation;1;1;;;;;;;23;3
-44;32;34.0;2.00000000000001;1.39962434768677;22;3;1;Abreo et al. (2023);Experiment 1;Orientation;1;1;;;;;;;24;3
-84;128;124.0;-4.00000000000001;1.50795340538025;22;3;1;Abreo et al. (2023);Experiment 1;Orientation;1;1;;;;;;;25;3
48;136;151.0;15.0;3.07467651367188;22;3;1;Abreo et al. (2023);Experiment 1;Orientation;1;1;;;;;;;26;3
-79;103;89.5;-13.5;5.04127526283264;22;3;1;Abreo et al. (2023);Experiment 1;Orientation;1;1;;;;;;;27;3
-53;155;149.5;-5.49999999999999;2.22454619407654;22;3;1;Abreo et al. (2023);Experiment 1;Orientation;1;1;;;;;;;28;3
-13;36;39.5;3.5;2.94953417778015;22;3;1;Abreo et al. (2023);Experiment 1;Orientation;1;1;;;;;;;29;3
45;46;71.5;25.5;2.8164381980896;22;3;1;Abreo et al. (2023);Experiment 1;Orientation;1;1;;;;;;;30;3
89;164;140.0;-24.0;2.4080502986908;22;3;1;Abreo et al. (2023);Experiment 1;Orientation;1;1;;;;;;;31;3
-1;108;104.0;-3.99999999999999;4.22461581230164;22;3;1;Abreo et al. (2023);Experiment 1;Orientation;1;1;;;;;;;32;3
18;172;166.5;-5.50000000000001;1.8663432598114;22;3;1;Abreo et al. (2023);Experiment 1;Orientation;1;1;;;;;;;33;3
49;77;147.0;70.0;4.73308444023132;4;4;1;Abreo et al. (2023);Experiment 1;Orientation;1;1;;;;;;;1;7
64;60;48.5;-11.5;2.25805354118347;4;4;1;Abreo et al. (2023);Experiment 1;Orientation;1;1;;;;;;;2;7
-76;165;145.0;-20.0;2.14152765274048;4;4;1;Abreo et al. (2023);Experiment 1;Orientation;1;1;;;;;;;3;7
-30;138;155.5;17.5;2.59972596168518;4;4;1;Abreo et al. (2023);Experiment 1;Orientation;1;1;;;;;;;4;7
-5;88;76.5;-11.5;2.40781736373901;4;4;1;Abreo et al. (2023);Experiment 1;Orientation;1;1;;;;;;;5;7
81;25;39.0;14.0;2.05803871154785;4;4;1;Abreo et al. (2023);Experiment 1;Orientation;1;1;;;;;;;6;7
48;124;159.0;35.0;2.1245129108429;4;4;1;Abreo et al. (2023);Experiment 1;Orientation;1;1;;;;;;;7;7
24;155;159.5;4.5;1.77477622032166;4;4;1;Abreo et al. (2023);Experiment 1;Orientation;1;1;;;;;;;8;7
66;129;159.5;30.5;2.04984354972839;4;4;1;Abreo et al. (2023);Experiment 1;Orientation;1;1;;;;;;;9;7
63;139;154.5;15.5;1.9411416053772;4;4;1;Abreo et al. (2023);Experiment 1;Orientation;1;1;;;;;;;10;7
-70;161;151.5;-9.50000000000002;2.0664222240448;4;4;1;Abreo et al. (2023);Experiment 1;Orientation;1;1;;;;;;;11;7
-29;161;154.5;-6.5;2.34146332740784;4;4;1;Abreo et al. (2023);Experiment 1;Orientation;1;1;;;;;;;12;7
-16;19;20.0;0.999999999999999;3.14117026329041;4;4;1;Abreo et al. (2023);Experiment 1;Orientation;1;1;;;;;;;13;7
-73;153;144.5;-8.5;1.96639347076416;4;4;1;Abreo et al. (2023);Experiment 1;Orientation;1;1;;;;;;;14;7
36;135;134.5;-0.499999999999998;3.1164972782135;4;4;1;Abreo et al. (2023);Experiment 1;Orientation;1;1;;;;;;;15;7
41;53;61.5;8.5;2.47446060180664;4;4;1;Abreo et al. (2023);Experiment 1;Orientation;1;1;;;;;;;16;7
11;127;136.0;9.00000000000001;1.76628923416138;4;4;1;Abreo et al. (2023);Experiment 1;Orientation;1;1;;;;;;;17;7
24;104;105.0;1.0;2.11643743515015;4;4;1;Abreo et al. (2023);Experiment 1;Orientation;1;1;;;;;;;18;7
-35;129;117.0;-12.0;2.24983167648315;4;4;1;Abreo et al. (2023);Experiment 1;Orientation;1;1;;;;;;;19;7
32;133;131.5;-1.49999999999998;2.29150128364563;4;4;1;Abreo et al. (2023);Experiment 1;Orientation;1;1;;;;;;;20;7
81;52;42.5;-9.5;2.64976692199707;4;4;1;Abreo et al. (2023);Experiment 1;Orientation;1;1;;;;;;;21;7
-64;146;125.5;-20.5;2.0248076915741;4;4;1;Abreo et al. (2023);Experiment 1;Orientation;1;1;;;;;;;22;7
-65;82;51.5;-30.5;1.74966740608215;4;4;1;Abreo et al. (2023);Experiment 1;Orientation;1;1;;;;;;;23;7
21;168;156.5;-11.5;3.9664249420166;4;4;1;Abreo et al. (2023);Experiment 1;Orientation;1;1;;;;;;;24;7
36;88;100.5;12.5;1.45818448066711;4;4;1;Abreo et al. (2023);Experiment 1;Orientation;1;1;;;;;;;25;7
32;131;158.0;27.0;1.49981379508972;4;4;1;Abreo et al. (2023);Experiment 1;Orientation;1;1;;;;;;;26;7
-78;116;84.0;-32.0;3.88287663459778;4;4;1;Abreo et al. (2023);Experiment 1;Orientation;1;1;;;;;;;27;7
20;86;92.5;6.49999999999999;2.48316359519958;4;4;1;Abreo et al. (2023);Experiment 1;Orientation;1;1;;;;;;;28;7
12;16;31.5;15.5;1.63288521766663;4;4;1;Abreo et al. (2023);Experiment 1;Orientation;1;1;;;;;;;29;7
-28;50;38.5;-11.5;2.89984536170959;4;4;1;Abreo et al. (2023);Experiment 1;Orientation;1;1;;;;;;;30;7
12;66;62.0;-4.00000000000001;2.32475733757019;22;5;1;Abreo et al. (2023);Experiment 1;Orientation;1;1;;;;;;;1;4
5;67;64.5;-2.50000000000001;2.00820422172546;22;5;1;Abreo et al. (2023);Experiment 1;Orientation;1;1;;;;;;;2;4
-46;83;78.0;-5.00000000000001;1.78307461738586;22;5;1;Abreo et al. (2023);Experiment 1;Orientation;1;1;;;;;;;3;4
81;88;68.5;-19.5;2.35803747177124;22;5;1;Abreo et al. (2023);Experiment 1;Orientation;1;1;;;;;;;4;4
34;94;152.0;58.0;1.95795631408691;22;5;1;Abreo et al. (2023);Experiment 1;Orientation;1;1;;;;;;;5;4
-15;24;32.0;7.99999999999999;1.58317136764526;22;5;1;Abreo et al. (2023);Experiment 1;Orientation;1;1;;;;;;;6;4
-89;49;72.5;23.5;1.63314890861511;22;5;1;Abreo et al. (2023);Experiment 1;Orientation;1;1;;;;;;;7;4
-65;28;51.5;23.5;1.59969782829285;22;5;1;Abreo et al. (2023);Experiment 1;Orientation;1;1;;;;;;;8;4
-6;92;98.5;6.50000000000001;2.79116988182068;22;5;1;Abreo et al. (2023);Experiment 1;Orientation;1;1;;;;;;;9;4
-19;130;109.0;-21.0;2.34964060783386;22;5;1;Abreo et al. (2023);Experiment 1;Orientation;1;1;;;;;;;10;4
-14;176;175.0;-0.999999999999988;3.74985766410828;22;5;1;Abreo et al. (2023);Experiment 1;Orientation;1;1;;;;;;;11;4
-5;148;128.0;-20.0;2.88290643692017;22;5;1;Abreo et al. (2023);Experiment 1;Orientation;1;1;;;;;;;12;4
-83;29;62.0;33.0;1.95785236358643;22;5;1;Abreo et al. (2023);Experiment 1;Orientation;1;1;;;;;;;13;4
-17;63;61.0;-2.0;1.99981451034546;22;5;1;Abreo et al. (2023);Experiment 1;Orientation;1;1;;;;;;;14;4
37;54;53.0;-1.0;1.44972729682922;22;5;1;Abreo et al. (2023);Experiment 1;Orientation;1;1;;;;;;;15;4
-60;63;74.5;11.5;2.12447643280029;22;5;1;Abreo et al. (2023);Experiment 1;Orientation;1;1;;;;;;;16;4
50;139;149.5;10.5;2.14982652664185;22;5;1;Abreo et al. (2023);Experiment 1;Orientation;1;1;;;;;;;17;4
-84;166;89.0;-77.0;3.25814771652222;22;5;1;Abreo et al. (2023);Experiment 1;Orientation;1;1;;;;;;;18;4
74;114;165.5;51.5;1.80795836448669;22;5;1;Abreo et al. (2023);Experiment 1;Orientation;1;1;;;;;;;19;4
43;104;81.5;-22.5;2.25818204879761;22;5;1;Abreo et al. (2023);Experiment 1;Orientation;1;1;;;;;;;20;4
-14;71;65.0;-6.0;2.14152336120605;22;5;1;Abreo et al. (2023);Experiment 1;Orientation;1;1;;;;;;;21;4
-16;20;19.0;-0.999999999999998;1.98315215110779;22;5;1;Abreo et al. (2023);Experiment 1;Orientation;1;1;;;;;;;22;4
10;178;174.5;-3.49999999999999;2.83319711685181;22;5;1;Abreo et al. (2023);Experiment 1;Orientation;1;1;;;;;;;23;4
55;130;162.0;32.0;2.43315196037292;22;5;1;Abreo et al. (2023);Experiment 1;Orientation;1;1;;;;;;;24;4
52;7;40.5;33.5;2.01650834083557;22;5;1;Abreo et al. (2023);Experiment 1;Orientation;1;1;;;;;;;25;4
-41;5;5.5;0.499999999999999;1.85786461830139;22;5;1;Abreo et al. (2023);Experiment 1;Orientation;1;1;;;;;;;26;4
-32;102;98.5;-3.5;2.4164125919342;22;5;1;Abreo et al. (2023);Experiment 1;Orientation;1;1;;;;;;;27;4
-41;153;169.5;16.5;1.86626124382019;22;5;1;Abreo et al. (2023);Experiment 1;Orientation;1;1;;;;;;;28;4
74;16;26.5;10.5;2.00815486907959;22;5;1;Abreo et al. (2023);Experiment 1;Orientation;1;1;;;;;;;29;4
-8;50;66.5;16.5;1.76613688468933;22;5;1;Abreo et al. (2023);Experiment 1;Orientation;1;1;;;;;;;30;4
-89;50;36.0;-14.0;2.69961333274841;22;5;1;Abreo et al. (2023);Experiment 1;Orientation;1;1;;;;;;;31;4
15;14;29.5;15.5;2.26634311676025;22;6;1;Abreo et al. (2023);Experiment 1;Orientation;1;1;;;;;;;1;5
-43;133;132.5;-0.499999999999991;1.64980626106262;22;6;1;Abreo et al. (2023);Experiment 1;Orientation;1;1;;;;;;;2;5
13;49;59.5;10.5;2.70784878730774;22;6;1;Abreo et al. (2023);Experiment 1;Orientation;1;1;;;;;;;3;5
25;139;139.5;0.49999999999999;1.70818114280701;22;6;1;Abreo et al. (2023);Experiment 1;Orientation;1;1;;;;;;;4;5
-5;108;115.0;7.0;2.04959535598755;22;6;1;Abreo et al. (2023);Experiment 1;Orientation;1;1;;;;;;;5;5
12;120;106.5;-13.5;2.29965758323669;22;6;1;Abreo et al. (2023);Experiment 1;Orientation;1;1;;;;;;;6;5
54;77;96.0;19.0;4.92467212677002;22;6;1;Abreo et al. (2023);Experiment 1;Orientation;1;1;;;;;;;7;5
76;54;46.5;-7.5;1.56646943092346;22;6;1;Abreo et al. (2023);Experiment 1;Orientation;1;1;;;;;;;8;5
-81;27;34.5;7.5;1.49142527580261;22;6;1;Abreo et al. (2023);Experiment 1;Orientation;1;1;;;;;;;9;5
71;23;32.0;9.0;2.27451658248901;22;6;1;Abreo et al. (2023);Experiment 1;Orientation;1;1;;;;;;;10;5
-82;9;20.5;11.5;1.50807929039001;22;6;1;Abreo et al. (2023);Experiment 1;Orientation;1;1;;;;;;;11;5
27;0;179.0;-1.0;1.97484135627747;22;6;1;Abreo et al. (2023);Experiment 1;Orientation;1;1;;;;;;;12;5
-27;80;75.5;-4.5;2.5580096244812;22;6;1;Abreo et al. (2023);Experiment 1;Orientation;1;1;;;;;;;13;5
10;19;170.0;-29.0;3.49150013923645;22;6;1;Abreo et al. (2023);Experiment 1;Orientation;1;1;;;;;;;14;5
-27;65;48.5;-16.5;2.14123725891113;22;6;1;Abreo et al. (2023);Experiment 1;Orientation;1;1;;;;;;;15;5
1;178;3.0;5.0;2.18310213088989;22;6;1;Abreo et al. (2023);Experiment 1;Orientation;1;1;;;;;;;16;5
49;146;154.5;8.50000000000001;2.19150638580322;22;6;1;Abreo et al. (2023);Experiment 1;Orientation;1;1;;;;;;;17;5
-24;130;143.5;13.5;1.72464156150818;22;6;1;Abreo et al. (2023);Experiment 1;Orientation;1;1;;;;;;;18;5
-67;168;162.5;-5.50000000000002;1.71632289886475;22;6;1;Abreo et al. (2023);Experiment 1;Orientation;1;1;;;;;;;19;5
-62;127;132.5;5.49999999999999;2.42449522018433;22;6;1;Abreo et al. (2023);Experiment 1;Orientation;1;1;;;;;;;20;5
-22;3;13.5;10.5;2.10792875289917;22;6;1;Abreo et al. (2023);Experiment 1;Orientation;1;1;;;;;;;21;5
-46;93;99.5;6.5;2.04150748252869;22;6;1;Abreo et al. (2023);Experiment 1;Orientation;1;1;;;;;;;22;5
86;63;67.0;4.00000000000001;2.81650900840759;22;6;1;Abreo et al. (2023);Experiment 1;Orientation;1;1;;;;;;;23;5
-44;11;167.5;-23.5;2.53303670883179;22;6;1;Abreo et al. (2023);Experiment 1;Orientation;1;1;;;;;;;24;5
-81;174;158.5;-15.5;1.84119963645935;22;6;1;Abreo et al. (2023);Experiment 1;Orientation;1;1;;;;;;;25;5
-78;6;148.0;-38.0;1.31824207305908;23;1;1;Abreo et al. (2023);Experiment 1;Orientation;1;1;;;;;;;1;1
-10;144;16.0;52.0;1.93815493583679;23;1;1;Abreo et al. (2023);Experiment 1;Orientation;1;1;;;;;;;2;1
5;36;129.5;-86.5;1.17820835113525;23;1;1;Abreo et al. (2023);Experiment 1;Orientation;1;1;;;;;;;3;1
-71;148;119.5;-28.5;8.17798924446106;23;1;1;Abreo et al. (2023);Experiment 1;Orientation;1;1;;;;;;;4;1
-69;22;26.5;4.5;0.758379936218262;23;1;1;Abreo et al. (2023);Experiment 1;Orientation;1;1;;;;;;;5;1
-73;90;149.5;59.5;0.758031129837036;23;1;1;Abreo et al. (2023);Experiment 1;Orientation;1;1;;;;;;;6;1
-39;73;14.5;-58.5;1.18819189071655;23;1;1;Abreo et al. (2023);Experiment 1;Orientation;1;1;;;;;;;7;1
81;146;79.0;-67.0;23.6274030208588;23;1;1;Abreo et al. (2023);Experiment 1;Orientation;1;1;;;;;;;8;1
14;32;157.5;-54.5;0.758195877075195;23;1;1;Abreo et al. (2023);Experiment 1;Orientation;1;1;;;;;;;9;1
-27;84;176.5;-87.5;0.758326292037964;23;1;1;Abreo et al. (2023);Experiment 1;Orientation;1;1;;;;;;;10;1
28;53;140.0;87.0;33.3069851398468;23;1;1;Abreo et al. (2023);Experiment 1;Orientation;1;1;;;;;;;11;1
57;153;159.5;6.5;7.94791603088379;23;1;1;Abreo et al. (2023);Experiment 1;Orientation;1;1;;;;;;;12;1
-18;161;121.5;-39.5;1.03804349899292;23;1;1;Abreo et al. (2023);Experiment 1;Orientation;1;1;;;;;;;13;1
72;10;85.5;75.5;34.1567687988281;23;1;1;Abreo et al. (2023);Experiment 1;Orientation;1;1;;;;;;;14;1
-40;62;132.5;70.5;0.758378744125366;23;1;1;Abreo et al. (2023);Experiment 1;Orientation;1;1;;;;;;;15;1
48;111;120.5;9.50000000000001;0.758366823196411;23;1;1;Abreo et al. (2023);Experiment 1;Orientation;1;1;;;;;;;16;1
-39;35;17.0;-18.0;0.758340120315552;23;1;1;Abreo et al. (2023);Experiment 1;Orientation;1;1;;;;;;;17;1
32;82;153.5;71.5;1.39809966087341;23;1;1;Abreo et al. (2023);Experiment 1;Orientation;1;1;;;;;;;18;1
77;164;142.0;-22.0;1.02783632278442;23;1;1;Abreo et al. (2023);Experiment 1;Orientation;1;1;;;;;;;19;1
75;87;139.0;52.0;3.79812669754028;23;1;1;Abreo et al. (2023);Experiment 1;Orientation;1;1;;;;;;;20;1
40;153;130.0;-23.0;1.15790343284607;23;1;1;Abreo et al. (2023);Experiment 1;Orientation;1;1;;;;;;;21;1
25;44;26.0;-18.0;6.60781693458557;23;1;1;Abreo et al. (2023);Experiment 1;Orientation;1;1;;;;;;;22;1
-20;151;165.0;14.0;0.878027200698853;23;1;1;Abreo et al. (2023);Experiment 1;Orientation;1;1;;;;;;;23;1
55;29;25.5;-3.5;1.11788153648376;23;1;1;Abreo et al. (2023);Experiment 1;Orientation;1;1;;;;;;;24;1
29;40;27.5;-12.5;1.04819202423096;23;1;1;Abreo et al. (2023);Experiment 1;Orientation;1;1;;;;;;;25;1
0;8;19.0;11.0;2.35815238952637;23;1;1;Abreo et al. (2023);Experiment 1;Orientation;1;1;;;;;;;26;1
-86;174;162.0;-12.0;1.20810079574585;23;1;1;Abreo et al. (2023);Experiment 1;Orientation;1;1;;;;;;;27;1
-60;18;126.5;-71.5;1.85784125328064;23;1;1;Abreo et al. (2023);Experiment 1;Orientation;1;1;;;;;;;28;1
-49;151;126.0;-25.0;2.18888521194458;23;2;1;Abreo et al. (2023);Experiment 1;Orientation;1;1;;;;;;;1;2
-1;80;58.0;-22.0;2.61775732040405;23;2;1;Abreo et al. (2023);Experiment 1;Orientation;1;1;;;;;;;2;2
67;28;28.5;0.500000000000002;1.72796845436096;23;2;1;Abreo et al. (2023);Experiment 1;Orientation;1;1;;;;;;;3;2
-48;165;144.0;-21.0;1.61817836761475;23;2;1;Abreo et al. (2023);Experiment 1;Orientation;1;1;;;;;;;4;2
-86;129;105.5;-23.5;1.15789222717285;23;2;1;Abreo et al. (2023);Experiment 1;Orientation;1;1;;;;;;;5;2
88;124;137.5;13.5;1.2779221534729;23;2;1;Abreo et al. (2023);Experiment 1;Orientation;1;1;;;;;;;6;2
-35;141;26.0;65.0;1.15798807144165;23;2;1;Abreo et al. (2023);Experiment 1;Orientation;1;1;;;;;;;7;2
65;17;145.0;-52.0;1.22816705703735;23;2;1;Abreo et al. (2023);Experiment 1;Orientation;1;1;;;;;;;8;2
-35;56;11.5;-44.5;0.75798773765564;23;2;1;Abreo et al. (2023);Experiment 1;Orientation;1;1;;;;;;;9;2
64;176;146.0;-30.0;2.26817631721497;23;2;1;Abreo et al. (2023);Experiment 1;Orientation;1;1;;;;;;;10;2
-43;72;124.0;52.0;1.08792924880981;23;2;1;Abreo et al. (2023);Experiment 1;Orientation;1;1;;;;;;;11;2
-37;33;136.0;-77.0;0.968212842941284;23;2;1;Abreo et al. (2023);Experiment 1;Orientation;1;1;;;;;;;12;2
1;74;67.5;-6.50000000000001;3.31809496879578;23;2;1;Abreo et al. (2023);Experiment 1;Orientation;1;1;;;;;;;13;2
76;112;112.5;0.499999999999997;1.29816889762878;23;2;1;Abreo et al. (2023);Experiment 1;Orientation;1;1;;;;;;;14;2
-17;91;93.5;2.5;1.8181414604187;23;2;1;Abreo et al. (2023);Experiment 1;Orientation;1;1;;;;;;;15;2
-52;95;54.0;-41.0;1.30805587768555;23;2;1;Abreo et al. (2023);Experiment 1;Orientation;1;1;;;;;;;16;2
-78;31;137.0;-74.0;1.48813319206238;23;2;1;Abreo et al. (2023);Experiment 1;Orientation;1;1;;;;;;;17;2
-83;66;164.5;-81.5;1.49795532226562;23;2;1;Abreo et al. (2023);Experiment 1;Orientation;1;1;;;;;;;18;2
-51;93;137.5;44.5;1.09817790985107;23;2;1;Abreo et al. (2023);Experiment 1;Orientation;1;1;;;;;;;19;2
-10;55;52.0;-3.0;2.65816235542297;23;2;1;Abreo et al. (2023);Experiment 1;Orientation;1;1;;;;;;;20;2
47;87;12.0;-75.0;1.12794232368469;23;2;1;Abreo et al. (2023);Experiment 1;Orientation;1;1;;;;;;;21;2
-88;124;180.0;56.0;1.81779408454895;23;2;1;Abreo et al. (2023);Experiment 1;Orientation;1;1;;;;;;;22;2
27;98;119.0;21.0;5.22805333137512;23;2;1;Abreo et al. (2023);Experiment 1;Orientation;1;1;;;;;;;23;2
-26;99;57.0;-42.0;1.28819251060486;23;2;1;Abreo et al. (2023);Experiment 1;Orientation;1;1;;;;;;;24;2
75;48;114.5;66.5;2.05811285972595;23;2;1;Abreo et al. (2023);Experiment 1;Orientation;1;1;;;;;;;25;2
50;114;56.0;-58.0;2.17814707756042;23;2;1;Abreo et al. (2023);Experiment 1;Orientation;1;1;;;;;;;26;2
60;34;145.0;-69.0;1.20820045471191;23;2;1;Abreo et al. (2023);Experiment 1;Orientation;1;1;;;;;;;27;2
-32;55;131.0;76.0;1.59787154197693;23;2;1;Abreo et al. (2023);Experiment 1;Orientation;1;1;;;;;;;28;2
57;10;55.5;45.5;1.59818506240845;23;2;1;Abreo et al. (2023);Experiment 1;Orientation;1;1;;;;;;;29;2
40;27;65.0;38.0;2.15805912017822;23;2;1;Abreo et al. (2023);Experiment 1;Orientation;1;1;;;;;;;30;2
-38;97;162.5;65.5;2.08787512779236;23;3;1;Abreo et al. (2023);Experiment 1;Orientation;1;1;;;;;;;1;3
81;70;43.5;-26.5;1.29803609848022;23;3;1;Abreo et al. (2023);Experiment 1;Orientation;1;1;;;;;;;2;3
-60;7;16.0;9.0;1.16816806793213;23;3;1;Abreo et al. (2023);Experiment 1;Orientation;1;1;;;;;;;3;3
-65;19;156.5;-42.5;1.068035364151;23;3;1;Abreo et al. (2023);Experiment 1;Orientation;1;1;;;;;;;4;3
68;52;7.5;-44.5;2.08811831474304;23;3;1;Abreo et al. (2023);Experiment 1;Orientation;1;1;;;;;;;5;3
-34;63;33.0;-30.0;2.18816518783569;23;3;1;Abreo et al. (2023);Experiment 1;Orientation;1;1;;;;;;;6;3
-75;54;19.0;-35.0;1.0778272151947;23;3;1;Abreo et al. (2023);Experiment 1;Orientation;1;1;;;;;;;7;3
-7;161;131.5;-29.5;2.1683464050293;23;3;1;Abreo et al. (2023);Experiment 1;Orientation;1;1;;;;;;;8;3
84;92;126.5;34.5;1.08787989616394;23;3;1;Abreo et al. (2023);Experiment 1;Orientation;1;1;;;;;;;9;3
-65;86;111.0;25.0;1.10818815231323;23;3;1;Abreo et al. (2023);Experiment 1;Orientation;1;1;;;;;;;10;3
85;67;114.5;47.5;1.50816583633423;23;3;1;Abreo et al. (2023);Experiment 1;Orientation;1;1;;;;;;;11;3
-58;120;126.0;6.00000000000001;1.14817976951599;23;3;1;Abreo et al. (2023);Experiment 1;Orientation;1;1;;;;;;;12;3
7;58;20.5;-37.5;1.85811257362366;23;3;1;Abreo et al. (2023);Experiment 1;Orientation;1;1;;;;;;;13;3
-77;176;166.0;-9.99999999999999;1.09812307357788;23;3;1;Abreo et al. (2023);Experiment 1;Orientation;1;1;;;;;;;14;3
22;172;130.5;-41.5;1.61814117431641;23;3;1;Abreo et al. (2023);Experiment 1;Orientation;1;1;;;;;;;15;3
61;63;127.5;64.5;1.12819409370422;23;3;1;Abreo et al. (2023);Experiment 1;Orientation;1;1;;;;;;;16;3
53;134;175.5;41.5;1.46817588806152;23;3;1;Abreo et al. (2023);Experiment 1;Orientation;1;1;;;;;;;17;3
83;57;17.5;-39.5;1.59783482551575;23;3;1;Abreo et al. (2023);Experiment 1;Orientation;1;1;;;;;;;18;3
77;58;123.0;65.0;1.83803558349609;23;3;1;Abreo et al. (2023);Experiment 1;Orientation;1;1;;;;;;;19;3
-39;65;131.0;66.0;1.22819590568542;23;3;1;Abreo et al. (2023);Experiment 1;Orientation;1;1;;;;;;;20;3
63;140;133.0;-7.0;1.04810452461243;23;3;1;Abreo et al. (2023);Experiment 1;Orientation;1;1;;;;;;;21;3
-54;160;138.5;-21.5;1.21805930137634;23;3;1;Abreo et al. (2023);Experiment 1;Orientation;1;1;;;;;;;22;3
-76;29;20.0;-9.0;1.768150806427;23;3;1;Abreo et al. (2023);Experiment 1;Orientation;1;1;;;;;;;23;3
-17;139;120.0;-19.0;1.37255001068115;23;4;1;Abreo et al. (2023);Experiment 1;Orientation;1;1;;;;;;;1;4
-79;86;82.5;-3.50000000000001;1.29919338226318;23;4;1;Abreo et al. (2023);Experiment 1;Orientation;1;1;;;;;;;2;4
84;3;2.0;-1.0;0.938169479370117;23;4;1;Abreo et al. (2023);Experiment 1;Orientation;1;1;;;;;;;3;4
-60;118;119.0;0.99999999999999;1.07809901237488;23;4;1;Abreo et al. (2023);Experiment 1;Orientation;1;1;;;;;;;4;4
-80;93;57.0;-36.0;1.33820033073425;23;4;1;Abreo et al. (2023);Experiment 1;Orientation;1;1;;;;;;;5;4
-40;7;17.5;10.5;1.15799427032471;23;4;1;Abreo et al. (2023);Experiment 1;Orientation;1;1;;;;;;;6;4
1;104;65.0;-39.0;1.46787309646606;23;4;1;Abreo et al. (2023);Experiment 1;Orientation;1;1;;;;;;;7;4
-84;13;150.0;-43.0;1.21784996986389;23;4;1;Abreo et al. (2023);Experiment 1;Orientation;1;1;;;;;;;8;4
4;62;51.5;-10.5;1.55786514282227;23;4;1;Abreo et al. (2023);Experiment 1;Orientation;1;1;;;;;;;9;4
-4;54;52.0;-2.0;1.16784191131592;23;4;1;Abreo et al. (2023);Experiment 1;Orientation;1;1;;;;;;;10;4
-87;37;26.0;-11.0;1.38818597793579;23;4;1;Abreo et al. (2023);Experiment 1;Orientation;1;1;;;;;;;11;4
52;179;11.0;12.0;1.02784824371338;23;4;1;Abreo et al. (2023);Experiment 1;Orientation;1;1;;;;;;;12;4
3;65;84.0;19.0;1.46813416481018;23;4;1;Abreo et al. (2023);Experiment 1;Orientation;1;1;;;;;;;13;4
63;83;116.0;33.0;1.63799595832825;23;4;1;Abreo et al. (2023);Experiment 1;Orientation;1;1;;;;;;;14;4
-28;149;141.0;-7.99999999999999;1.33784174919128;23;4;1;Abreo et al. (2023);Experiment 1;Orientation;1;1;;;;;;;15;4
23;99;112.0;13.0;1.30814480781555;23;4;1;Abreo et al. (2023);Experiment 1;Orientation;1;1;;;;;;;16;4
0;69;61.0;-8.0;2.38811898231506;23;4;1;Abreo et al. (2023);Experiment 1;Orientation;1;1;;;;;;;17;4
-26;63;175.5;-67.5;1.2882125377655;23;4;1;Abreo et al. (2023);Experiment 1;Orientation;1;1;;;;;;;18;4
32;82;116.5;34.5;1.13816618919373;23;4;1;Abreo et al. (2023);Experiment 1;Orientation;1;1;;;;;;;19;4
-19;120;167.5;47.5;1.258216381073;23;4;1;Abreo et al. (2023);Experiment 1;Orientation;1;1;;;;;;;20;4
38;41;83.0;42.0;1.11808633804321;23;4;1;Abreo et al. (2023);Experiment 1;Orientation;1;1;;;;;;;21;4
84;132;160.5;28.5;1.09804749488831;23;4;1;Abreo et al. (2023);Experiment 1;Orientation;1;1;;;;;;;22;4
82;176;3.5;7.50000000000002;1.39802098274231;23;4;1;Abreo et al. (2023);Experiment 1;Orientation;1;1;;;;;;;23;4
-18;44;123.5;79.5;1.91816449165344;23;4;1;Abreo et al. (2023);Experiment 1;Orientation;1;1;;;;;;;24;4
-16;149;128.5;-20.5;2.73798775672913;23;4;1;Abreo et al. (2023);Experiment 1;Orientation;1;1;;;;;;;25;4
-58;89;115.5;26.5;1.13819718360901;23;4;1;Abreo et al. (2023);Experiment 1;Orientation;1;1;;;;;;;26;4
21;123;136.5;13.5;1.04248213768005;23;5;1;Abreo et al. (2023);Experiment 1;Orientation;1;1;;;;;;;1;5
-43;153;137.0;-16.0;1.23809909820557;23;5;1;Abreo et al. (2023);Experiment 1;Orientation;1;1;;;;;;;2;5
-69;98;30.0;-68.0;1.0182044506073;23;5;1;Abreo et al. (2023);Experiment 1;Orientation;1;1;;;;;;;3;5
1;49;136.0;87.0;0.917885065078735;23;5;1;Abreo et al. (2023);Experiment 1;Orientation;1;1;;;;;;;4;5
10;95;82.0;-13.0;1.04807233810425;23;5;1;Abreo et al. (2023);Experiment 1;Orientation;1;1;;;;;;;5;5
-75;159;5.5;26.5;1.02812004089355;23;5;1;Abreo et al. (2023);Experiment 1;Orientation;1;1;;;;;;;6;5
-32;21;63.5;42.5;1.16799473762512;23;5;1;Abreo et al. (2023);Experiment 1;Orientation;1;1;;;;;;;7;5
76;10;141.0;-49.0;1.04787015914917;23;5;1;Abreo et al. (2023);Experiment 1;Orientation;1;1;;;;;;;8;5
58;172;52.0;60.0;1.19834685325623;23;5;1;Abreo et al. (2023);Experiment 1;Orientation;1;1;;;;;;;9;5
-61;131;142.5;11.5;1.04810428619385;23;5;1;Abreo et al. (2023);Experiment 1;Orientation;1;1;;;;;;;10;5
48;99;58.5;-40.5;1.0378737449646;23;5;1;Abreo et al. (2023);Experiment 1;Orientation;1;1;;;;;;;11;5
57;77;152.5;75.5;1.59810566902161;23;5;1;Abreo et al. (2023);Experiment 1;Orientation;1;1;;;;;;;12;5
-30;80;87.0;7.0;1.17786765098572;23;5;1;Abreo et al. (2023);Experiment 1;Orientation;1;1;;;;;;;13;5
3;6;33.5;27.5;1.42813515663147;23;5;1;Abreo et al. (2023);Experiment 1;Orientation;1;1;;;;;;;14;5
-74;161;143.0;-18.0;1.02825689315796;23;5;1;Abreo et al. (2023);Experiment 1;Orientation;1;1;;;;;;;15;5
33;127;119.0;-8.00000000000001;1.03815722465515;23;5;1;Abreo et al. (2023);Experiment 1;Orientation;1;1;;;;;;;16;5
-53;32;21.5;-10.5;1.84797286987305;23;5;1;Abreo et al. (2023);Experiment 1;Orientation;1;1;;;;;;;17;5
2;174;78.5;84.5;1.43819785118103;23;5;1;Abreo et al. (2023);Experiment 1;Orientation;1;1;;;;;;;18;5
-82;89;49.0;-40.0;1.5382194519043;23;5;1;Abreo et al. (2023);Experiment 1;Orientation;1;1;;;;;;;19;5
52;123;167.5;44.5;1.33808255195618;23;5;1;Abreo et al. (2023);Experiment 1;Orientation;1;1;;;;;;;20;5
-47;88;80.0;-8.0;1.16787171363831;23;5;1;Abreo et al. (2023);Experiment 1;Orientation;1;1;;;;;;;21;5
-54;34;123.5;89.5;5.17768740653992;23;5;1;Abreo et al. (2023);Experiment 1;Orientation;1;1;;;;;;;22;5
-26;169;112.0;-57.0;1.15812587738037;23;5;1;Abreo et al. (2023);Experiment 1;Orientation;1;1;;;;;;;23;5
51;140;122.0;-18.0;1.068204164505;23;5;1;Abreo et al. (2023);Experiment 1;Orientation;1;1;;;;;;;24;5
-42;81;42.5;-38.5;1.22819328308105;23;5;1;Abreo et al. (2023);Experiment 1;Orientation;1;1;;;;;;;25;5
-26;39;116.5;77.5;1.01803398132324;23;5;1;Abreo et al. (2023);Experiment 1;Orientation;1;1;;;;;;;26;5
-46;35;53.0;18.0;1.31810545921326;23;5;1;Abreo et al. (2023);Experiment 1;Orientation;1;1;;;;;;;27;5
-65;89;15.0;-74.0;1.01814675331116;23;5;1;Abreo et al. (2023);Experiment 1;Orientation;1;1;;;;;;;28;5
-21;108;98.0;-10.0;1.27230215072632;23;6;1;Abreo et al. (2023);Experiment 1;Orientation;1;1;;;;;;;1;6
0;151;126.0;-25.0;1.07816553115845;23;6;1;Abreo et al. (2023);Experiment 1;Orientation;1;1;;;;;;;2;6
54;108;129.5;21.5;1.07781720161438;23;6;1;Abreo et al. (2023);Experiment 1;Orientation;1;1;;;;;;;3;6
14;110;143.0;33.0;1.15806913375854;23;6;1;Abreo et al. (2023);Experiment 1;Orientation;1;1;;;;;;;4;6
-68;121;136.0;15.0;1.05803394317627;23;6;1;Abreo et al. (2023);Experiment 1;Orientation;1;1;;;;;;;5;6
81;92;111.5;19.5;1.04800224304199;23;6;1;Abreo et al. (2023);Experiment 1;Orientation;1;1;;;;;;;6;6
22;73;9.0;-64.0;1.14785385131836;23;6;1;Abreo et al. (2023);Experiment 1;Orientation;1;1;;;;;;;7;6
-63;12;40.0;28.0;1.07818627357483;23;6;1;Abreo et al. (2023);Experiment 1;Orientation;1;1;;;;;;;8;6
-38;110;60.0;-50.0;1.31786060333252;23;6;1;Abreo et al. (2023);Experiment 1;Orientation;1;1;;;;;;;9;6
46;65;22.5;-42.5;1.30787706375122;23;6;1;Abreo et al. (2023);Experiment 1;Orientation;1;1;;;;;;;10;6
-27;84;62.5;-21.5;1.19789719581604;23;6;1;Abreo et al. (2023);Experiment 1;Orientation;1;1;;;;;;;11;6
-5;12;44.5;32.5;1.13806319236755;23;6;1;Abreo et al. (2023);Experiment 1;Orientation;1;1;;;;;;;12;6
-87;122;18.0;76.0;1.07799196243286;23;6;1;Abreo et al. (2023);Experiment 1;Orientation;1;1;;;;;;;13;6
-86;79;173.5;-85.5;1.08822226524353;23;6;1;Abreo et al. (2023);Experiment 1;Orientation;1;1;;;;;;;14;6
20;121;123.5;2.5;1.07822394371033;23;6;1;Abreo et al. (2023);Experiment 1;Orientation;1;1;;;;;;;15;6
-19;164;125.0;-39.0;0.988174915313721;23;6;1;Abreo et al. (2023);Experiment 1;Orientation;1;1;;;;;;;16;6
49;57;140.5;83.5;0.99811840057373;23;6;1;Abreo et al. (2023);Experiment 1;Orientation;1;1;;;;;;;17;6
6;103;103.5;0.499999999999994;1.05810737609863;23;6;1;Abreo et al. (2023);Experiment 1;Orientation;1;1;;;;;;;18;6
-9;58;149.5;-88.5;1.01812744140625;23;6;1;Abreo et al. (2023);Experiment 1;Orientation;1;1;;;;;;;19;6
27;82;31.0;-51.0;1.07814145088196;23;6;1;Abreo et al. (2023);Experiment 1;Orientation;1;1;;;;;;;20;6
-48;103;82.5;-20.5;2.43814134597778;23;6;1;Abreo et al. (2023);Experiment 1;Orientation;1;1;;;;;;;21;6
-26;147;131.0;-16.0;1.36808896064758;23;6;1;Abreo et al. (2023);Experiment 1;Orientation;1;1;;;;;;;22;6
41;31;23.0;-7.99999999999999;10.167825460434;23;6;1;Abreo et al. (2023);Experiment 1;Orientation;1;1;;;;;;;23;6
-80;20;59.5;39.5;1.14811587333679;23;6;1;Abreo et al. (2023);Experiment 1;Orientation;1;1;;;;;;;24;6
19;107;121.0;14.0;1.09783244132996;23;6;1;Abreo et al. (2023);Experiment 1;Orientation;1;1;;;;;;;25;6
51;171;30.0;39.0;1.08822321891785;23;6;1;Abreo et al. (2023);Experiment 1;Orientation;1;1;;;;;;;26;6
-46;61;59.5;-1.5;1.23781299591064;23;6;1;Abreo et al. (2023);Experiment 1;Orientation;1;1;;;;;;;27;6
-66;170;153.5;-16.5;1.88805937767029;23;6;1;Abreo et al. (2023);Experiment 1;Orientation;1;1;;;;;;;28;6
29;44;61.5;17.5;1.75794529914856;23;6;1;Abreo et al. (2023);Experiment 1;Orientation;1;1;;;;;;;29;6
44;119;135.0;16.0;1.21809577941895;23;6;1;Abreo et al. (2023);Experiment 1;Orientation;1;1;;;;;;;30;6
-38;30;166.5;-43.5;1.0678391456604;23;6;1;Abreo et al. (2023);Experiment 1;Orientation;1;1;;;;;;;31;6
-44;7;120.5;-66.5;1.05815172195435;23;6;1;Abreo et al. (2023);Experiment 1;Orientation;1;1;;;;;;;32;6
-62;60;72.5;12.5;2.0082049369812;23;6;1;Abreo et al. (2023);Experiment 1;Orientation;1;1;;;;;;;33;6
6;102;101.5;-0.500000000000005;1.34798550605774;23;6;1;Abreo et al. (2023);Experiment 1;Orientation;1;1;;;;;;;34;6
-70;108;21.0;-87.0;1.10809636116028;23;6;1;Abreo et al. (2023);Experiment 1;Orientation;1;1;;;;;;;35;6
-16;171;74.5;83.5;3.23786115646362;23;6;1;Abreo et al. (2023);Experiment 1;Orientation;1;1;;;;;;;36;6
13;83;73.5;-9.50000000000001;2.17833399772644;24;1;1;Abreo et al. (2023);Experiment 1;Orientation;1;1;;;;;;;1;1
25;32;42.5;10.5;2.07821321487427;24;1;1;Abreo et al. (2023);Experiment 1;Orientation;1;1;;;;;;;2;1
-15;130;114.5;-15.5;2.20793294906616;24;1;1;Abreo et al. (2023);Experiment 1;Orientation;1;1;;;;;;;3;1
68;19;29.0;10.0;2.31787610054016;24;1;1;Abreo et al. (2023);Experiment 1;Orientation;1;1;;;;;;;4;1
-74;141;149.5;8.5;3.65805816650391;24;1;1;Abreo et al. (2023);Experiment 1;Orientation;1;1;;;;;;;5;1
30;169;14.0;25.0;2.0077702999115;24;1;1;Abreo et al. (2023);Experiment 1;Orientation;1;1;;;;;;;6;1
-53;170;112.5;-57.5;2.32804131507874;24;1;1;Abreo et al. (2023);Experiment 1;Orientation;1;1;;;;;;;7;1
65;107;41.0;-66.0;2.64811205863953;24;1;1;Abreo et al. (2023);Experiment 1;Orientation;1;1;;;;;;;8;1
-5;85;85.0;-0.0;2.92778086662292;24;1;1;Abreo et al. (2023);Experiment 1;Orientation;1;1;;;;;;;9;1
48;8;37.0;29.0;1.98806071281433;24;1;1;Abreo et al. (2023);Experiment 1;Orientation;1;1;;;;;;;10;1
-89;53;55.0;2.0;2.01802182197571;24;1;1;Abreo et al. (2023);Experiment 1;Orientation;1;1;;;;;;;11;1
-61;135;107.5;-27.5;2.36808609962463;24;1;1;Abreo et al. (2023);Experiment 1;Orientation;1;1;;;;;;;12;1
18;142;140.0;-2.00000000000001;2.18802833557129;24;1;1;Abreo et al. (2023);Experiment 1;Orientation;1;1;;;;;;;13;1
-29;157;152.5;-4.5;1.9581573009491;24;1;1;Abreo et al. (2023);Experiment 1;Orientation;1;1;;;;;;;14;1
-10;55;61.5;6.5;2.24799799919128;24;1;1;Abreo et al. (2023);Experiment 1;Orientation;1;1;;;;;;;15;1
27;64;81.5;17.5;2.15795016288757;24;1;1;Abreo et al. (2023);Experiment 1;Orientation;1;1;;;;;;;16;1
54;27;29.0;2.00000000000001;2.02799582481384;24;1;1;Abreo et al. (2023);Experiment 1;Orientation;1;1;;;;;;;17;1
-61;138;93.5;-44.5;1.85751581192017;24;1;1;Abreo et al. (2023);Experiment 1;Orientation;1;1;;;;;;;18;1
-24;65;71.0;6.0;2.02815723419189;24;1;1;Abreo et al. (2023);Experiment 1;Orientation;1;1;;;;;;;19;1
78;19;44.5;25.5;1.92820024490356;24;1;1;Abreo et al. (2023);Experiment 1;Orientation;1;1;;;;;;;20;1
62;115;107.0;-7.99999999999999;2.15819621086121;24;1;1;Abreo et al. (2023);Experiment 1;Orientation;1;1;;;;;;;21;1
14;59;64.0;5.0;2.35789346694946;24;2;1;Abreo et al. (2023);Experiment 1;Orientation;1;1;;;;;;;1;2
-5;152;137.5;-14.5;2.1180214881897;24;2;1;Abreo et al. (2023);Experiment 1;Orientation;1;1;;;;;;;2;2
-45;59;66.5;7.49999999999999;3.04818391799927;24;2;1;Abreo et al. (2023);Experiment 1;Orientation;1;1;;;;;;;3;2
-32;85;95.0;10.0;2.42808294296265;24;2;1;Abreo et al. (2023);Experiment 1;Orientation;1;1;;;;;;;4;2
88;148;139.5;-8.50000000000001;1.66822624206543;24;2;1;Abreo et al. (2023);Experiment 1;Orientation;1;1;;;;;;;5;2
-38;13;31.0;18.0;1.83820366859436;24;2;1;Abreo et al. (2023);Experiment 1;Orientation;1;1;;;;;;;6;2
50;115;110.5;-4.5;2.3980438709259;24;2;1;Abreo et al. (2023);Experiment 1;Orientation;1;1;;;;;;;7;2
16;88;83.0;-5.0;2.59814953804016;24;2;1;Abreo et al. (2023);Experiment 1;Orientation;1;1;;;;;;;8;2
-12;171;150.5;-20.5;3.02812623977661;24;2;1;Abreo et al. (2023);Experiment 1;Orientation;1;1;;;;;;;9;2
72;145;131.5;-13.5;1.76805400848389;24;2;1;Abreo et al. (2023);Experiment 1;Orientation;1;1;;;;;;;10;2
-39;134;83.5;-50.5;2.3782012462616;24;2;1;Abreo et al. (2023);Experiment 1;Orientation;1;1;;;;;;;11;2
-81;47;57.5;10.5;1.52783632278442;24;2;1;Abreo et al. (2023);Experiment 1;Orientation;1;1;;;;;;;12;2
-53;170;131.0;-39.0;1.61806583404541;24;2;1;Abreo et al. (2023);Experiment 1;Orientation;1;1;;;;;;;13;2
23;77;102.0;25.0;2.40811395645142;24;2;1;Abreo et al. (2023);Experiment 1;Orientation;1;1;;;;;;;14;2
77;68;73.0;4.99999999999999;2.0581214427948;24;2;1;Abreo et al. (2023);Experiment 1;Orientation;1;1;;;;;;;15;2
7;120;130.0;10.0;1.87812352180481;24;2;1;Abreo et al. (2023);Experiment 1;Orientation;1;1;;;;;;;16;2
82;33;54.5;21.5;2.23812198638916;24;2;1;Abreo et al. (2023);Experiment 1;Orientation;1;1;;;;;;;17;2
-20;21;46.0;25.0;1.56797027587891;24;2;1;Abreo et al. (2023);Experiment 1;Orientation;1;1;;;;;;;18;2
-80;111;110.0;-1.0;2.07819294929504;24;2;1;Abreo et al. (2023);Experiment 1;Orientation;1;1;;;;;;;19;2
49;48;64.0;16.0;2.24808526039124;24;2;1;Abreo et al. (2023);Experiment 1;Orientation;1;1;;;;;;;20;2
-57;32;59.5;27.5;1.60836434364319;24;2;1;Abreo et al. (2023);Experiment 1;Orientation;1;1;;;;;;;21;2
84;47;54.5;7.5;1.57796692848206;24;2;1;Abreo et al. (2023);Experiment 1;Orientation;1;1;;;;;;;22;2
62;75;70.0;-5.00000000000001;1.48803234100342;24;2;1;Abreo et al. (2023);Experiment 1;Orientation;1;1;;;;;;;23;2
6;176;172.5;-3.49999999999999;3.31806087493896;24;2;1;Abreo et al. (2023);Experiment 1;Orientation;1;1;;;;;;;24;2
10;99;92.5;-6.5;3.08810830116272;24;2;1;Abreo et al. (2023);Experiment 1;Orientation;1;1;;;;;;;25;2
70;131;151.5;20.5;1.87812805175781;24;2;1;Abreo et al. (2023);Experiment 1;Orientation;1;1;;;;;;;26;2
-4;36;64.0;28.0;2.17810893058777;24;2;1;Abreo et al. (2023);Experiment 1;Orientation;1;1;;;;;;;27;2
-30;7;23.0;16.0;2.99816799163818;24;2;1;Abreo et al. (2023);Experiment 1;Orientation;1;1;;;;;;;28;2
-87;29;40.0;11.0;1.82815718650818;24;2;1;Abreo et al. (2023);Experiment 1;Orientation;1;1;;;;;;;29;2
-23;47;44.0;-3.0;2.36808371543884;24;2;1;Abreo et al. (2023);Experiment 1;Orientation;1;1;;;;;;;30;2
81;80;95.5;15.5;2.32817959785461;24;2;1;Abreo et al. (2023);Experiment 1;Orientation;1;1;;;;;;;31;2
-20;124;116.5;-7.49999999999999;2.05779719352722;24;2;1;Abreo et al. (2023);Experiment 1;Orientation;1;1;;;;;;;32;2
15;0;144.5;-35.5;1.90787529945374;24;2;1;Abreo et al. (2023);Experiment 1;Orientation;1;1;;;;;;;33;2
4;176;8.0;12.0;1.17802739143372;24;2;1;Abreo et al. (2023);Experiment 1;Orientation;1;1;;;;;;;34;2
25;130;119.0;-11.0;2.48807907104492;24;3;1;Abreo et al. (2023);Experiment 1;Orientation;1;1;;;;;;;1;3
-51;34;39.0;4.99999999999999;1.76779341697693;24;3;1;Abreo et al. (2023);Experiment 1;Orientation;1;1;;;;;;;2;3
64;135;155.0;20.0;2.7578752040863;24;3;1;Abreo et al. (2023);Experiment 1;Orientation;1;1;;;;;;;3;3
-86;169;155.0;-14.0;2.0182249546051;24;3;1;Abreo et al. (2023);Experiment 1;Orientation;1;1;;;;;;;4;3
-52;99;97.5;-1.5;1.81818175315857;24;3;1;Abreo et al. (2023);Experiment 1;Orientation;1;1;;;;;;;5;3
29;164;169.5;5.49999999999999;1.818195104599;24;3;1;Abreo et al. (2023);Experiment 1;Orientation;1;1;;;;;;;6;3
36;23;44.5;21.5;1.95810508728027;24;3;1;Abreo et al. (2023);Experiment 1;Orientation;1;1;;;;;;;7;3
0;121;120.5;-0.499999999999994;2.20820426940918;24;3;1;Abreo et al. (2023);Experiment 1;Orientation;1;1;;;;;;;8;3
-29;176;165.5;-10.5;2.22814536094666;24;3;1;Abreo et al. (2023);Experiment 1;Orientation;1;1;;;;;;;9;3
59;57;61.0;3.99999999999999;1.74794435501099;24;3;1;Abreo et al. (2023);Experiment 1;Orientation;1;1;;;;;;;10;3
42;75;109.0;34.0;2.36818289756775;24;3;1;Abreo et al. (2023);Experiment 1;Orientation;1;1;;;;;;;11;3
-73;99;80.0;-19.0;4.43802618980408;24;3;1;Abreo et al. (2023);Experiment 1;Orientation;1;1;;;;;;;12;3
84;93;156.5;63.5;2.23805141448975;24;3;1;Abreo et al. (2023);Experiment 1;Orientation;1;1;;;;;;;13;3
-77;100;53.0;-47.0;1.43809795379639;24;3;1;Abreo et al. (2023);Experiment 1;Orientation;1;1;;;;;;;14;3
85;59;132.5;73.5;1.49803471565247;24;3;1;Abreo et al. (2023);Experiment 1;Orientation;1;1;;;;;;;15;3
26;175;177.5;2.5;1.8182213306427;24;3;1;Abreo et al. (2023);Experiment 1;Orientation;1;1;;;;;;;16;3
-80;67;77.5;10.5;1.78785467147827;24;3;1;Abreo et al. (2023);Experiment 1;Orientation;1;1;;;;;;;17;3
-9;80;83.5;3.5;2.24801230430603;24;3;1;Abreo et al. (2023);Experiment 1;Orientation;1;1;;;;;;;18;3
42;8;48.5;40.5;1.76808738708496;24;3;1;Abreo et al. (2023);Experiment 1;Orientation;1;1;;;;;;;19;3
80;26;143.5;-62.5;1.66796898841858;24;3;1;Abreo et al. (2023);Experiment 1;Orientation;1;1;;;;;;;20;3
-1;120;118.5;-1.49999999999999;1.87816691398621;24;3;1;Abreo et al. (2023);Experiment 1;Orientation;1;1;;;;;;;21;3
40;52;87.5;35.5;1.96811199188232;24;3;1;Abreo et al. (2023);Experiment 1;Orientation;1;1;;;;;;;22;3
38;49;70.5;21.5;2.47810411453247;24;3;1;Abreo et al. (2023);Experiment 1;Orientation;1;1;;;;;;;23;3
-70;176;159.5;-16.5;1.5879065990448;24;3;1;Abreo et al. (2023);Experiment 1;Orientation;1;1;;;;;;;24;3
-60;54;74.0;20.0;1.64806008338928;24;3;1;Abreo et al. (2023);Experiment 1;Orientation;1;1;;;;;;;25;3
41;158;163.0;5.00000000000002;2.19820809364319;24;3;1;Abreo et al. (2023);Experiment 1;Orientation;1;1;;;;;;;26;3
62;0;36.5;36.5;2.00817489624023;24;3;1;Abreo et al. (2023);Experiment 1;Orientation;1;1;;;;;;;27;3
22;21;23.5;2.5;1.58810067176819;24;3;1;Abreo et al. (2023);Experiment 1;Orientation;1;1;;;;;;;28;3
-36;6;44.5;38.5;2.95782780647278;24;3;1;Abreo et al. (2023);Experiment 1;Orientation;1;1;;;;;;;29;3
-88;30;51.5;21.5;1.79822325706482;24;3;1;Abreo et al. (2023);Experiment 1;Orientation;1;1;;;;;;;30;3
41;45;76.5;31.5;2.48801207542419;24;24;1;Abreo et al. (2023);Experiment 1;Orientation;1;1;;;;;;;1;4
-17;143;141.0;-2.0;2.91783237457275;24;24;1;Abreo et al. (2023);Experiment 1;Orientation;1;1;;;;;;;2;4
-5;152;148.5;-3.50000000000001;2.05812525749207;24;24;1;Abreo et al. (2023);Experiment 1;Orientation;1;1;;;;;;;3;4
86;18;32.5;14.5;1.75802731513977;24;24;1;Abreo et al. (2023);Experiment 1;Orientation;1;1;;;;;;;4;4
57;62;91.0;29.0;1.73805832862854;24;24;1;Abreo et al. (2023);Experiment 1;Orientation;1;1;;;;;;;5;4
-8;144;151.5;7.5;3.86799621582031;24;24;1;Abreo et al. (2023);Experiment 1;Orientation;1;1;;;;;;;6;4
14;91;102.5;11.5;2.11801695823669;24;24;1;Abreo et al. (2023);Experiment 1;Orientation;1;1;;;;;;;7;4
-37;29;37.5;8.5;1.40814828872681;24;24;1;Abreo et al. (2023);Experiment 1;Orientation;1;1;;;;;;;8;4
-81;59;76.5;17.5;1.66814422607422;24;24;1;Abreo et al. (2023);Experiment 1;Orientation;1;1;;;;;;;9;4
43;65;74.0;9.0;2.15809512138367;24;24;1;Abreo et al. (2023);Experiment 1;Orientation;1;1;;;;;;;10;4
-46;53;61.5;8.5;1.59800171852112;24;24;1;Abreo et al. (2023);Experiment 1;Orientation;1;1;;;;;;;11;4
69;118;136.5;18.5;1.93805837631226;24;24;1;Abreo et al. (2023);Experiment 1;Orientation;1;1;;;;;;;12;4
46;63;63.5;0.500000000000011;1.42811226844788;24;24;1;Abreo et al. (2023);Experiment 1;Orientation;1;1;;;;;;;13;4
-55;117;115.5;-1.50000000000001;2.55813550949097;24;24;1;Abreo et al. (2023);Experiment 1;Orientation;1;1;;;;;;;14;4
-33;16;56.5;40.5;1.6781747341156;24;24;1;Abreo et al. (2023);Experiment 1;Orientation;1;1;;;;;;;15;4
49;45;67.0;22.0;2.47806453704834;24;24;1;Abreo et al. (2023);Experiment 1;Orientation;1;1;;;;;;;16;4
32;136;144.5;8.49999999999998;2.36782789230347;24;24;1;Abreo et al. (2023);Experiment 1;Orientation;1;1;;;;;;;17;4
-66;16;56.0;40.0;1.32816219329834;24;24;1;Abreo et al. (2023);Experiment 1;Orientation;1;1;;;;;;;18;4
38;91;90.5;-0.499999999999994;2.04818677902222;24;24;1;Abreo et al. (2023);Experiment 1;Orientation;1;1;;;;;;;19;4
-69;171;163.5;-7.49999999999999;2.0380220413208;24;24;1;Abreo et al. (2023);Experiment 1;Orientation;1;1;;;;;;;20;4
-40;159;171.5;12.5;1.65808391571045;24;24;1;Abreo et al. (2023);Experiment 1;Orientation;1;1;;;;;;;21;4
-81;107;115.0;8.0;1.93804717063904;24;24;1;Abreo et al. (2023);Experiment 1;Orientation;1;1;;;;;;;22;4
79;162;168.0;6.00000000000001;1.8181688785553;24;24;1;Abreo et al. (2023);Experiment 1;Orientation;1;1;;;;;;;23;4
46;7;43.5;36.5;1.30808734893799;24;24;1;Abreo et al. (2023);Experiment 1;Orientation;1;1;;;;;;;24;4
30;47;74.0;27.0;1.98813009262085;24;24;1;Abreo et al. (2023);Experiment 1;Orientation;1;1;;;;;;;25;4
-72;33;51.0;18.0;1.72806739807129;24;24;1;Abreo et al. (2023);Experiment 1;Orientation;1;1;;;;;;;26;4
46;104;110.5;6.49999999999999;1.43819212913513;24;24;1;Abreo et al. (2023);Experiment 1;Orientation;1;1;;;;;;;27;4
84;100;122.5;22.5;1.34802317619324;24;24;1;Abreo et al. (2023);Experiment 1;Orientation;1;1;;;;;;;28;4
-77;75;48.5;-26.5;1.80795741081238;24;24;1;Abreo et al. (2023);Experiment 1;Orientation;1;1;;;;;;;29;4
-4;26;35.5;9.5;1.70875334739685;24;5;1;Abreo et al. (2023);Experiment 1;Orientation;1;1;;;;;;;1;5
-68;135;133.0;-2.0;1.81823706626892;24;5;1;Abreo et al. (2023);Experiment 1;Orientation;1;1;;;;;;;2;5
77;121;138.5;17.5;1.88804030418396;24;5;1;Abreo et al. (2023);Experiment 1;Orientation;1;1;;;;;;;3;5
-56;127;129.0;1.99999999999998;1.66821837425232;24;5;1;Abreo et al. (2023);Experiment 1;Orientation;1;1;;;;;;;4;5
5;69;83.5;14.5;2.03802442550659;24;5;1;Abreo et al. (2023);Experiment 1;Orientation;1;1;;;;;;;5;5
-86;22;41.0;19.0;1.28823852539062;24;5;1;Abreo et al. (2023);Experiment 1;Orientation;1;1;;;;;;;6;5
19;6;39.0;33.0;1.63786506652832;24;5;1;Abreo et al. (2023);Experiment 1;Orientation;1;1;;;;;;;7;5
51;44;64.5;20.5;1.798020362854;24;5;1;Abreo et al. (2023);Experiment 1;Orientation;1;1;;;;;;;8;5
76;102;96.5;-5.5;1.51823663711548;24;5;1;Abreo et al. (2023);Experiment 1;Orientation;1;1;;;;;;;9;5
90;45;56.5;11.5;1.65822625160217;24;5;1;Abreo et al. (2023);Experiment 1;Orientation;1;1;;;;;;;10;5
-41;70;64.5;-5.5;2.70813274383545;24;5;1;Abreo et al. (2023);Experiment 1;Orientation;1;1;;;;;;;11;5
80;110;117.5;7.49999999999999;1.838050365448;24;5;1;Abreo et al. (2023);Experiment 1;Orientation;1;1;;;;;;;12;5
-32;79;85.0;6.00000000000001;2.07791924476624;24;5;1;Abreo et al. (2023);Experiment 1;Orientation;1;1;;;;;;;13;5
-41;168;163.0;-5.0;2.72811436653137;24;5;1;Abreo et al. (2023);Experiment 1;Orientation;1;1;;;;;;;14;5
67;65;72.5;7.5;1.55803370475769;24;5;1;Abreo et al. (2023);Experiment 1;Orientation;1;1;;;;;;;15;5
48;40;66.5;26.5;1.44785404205322;24;5;1;Abreo et al. (2023);Experiment 1;Orientation;1;1;;;;;;;16;5
-1;5;24.5;19.5;2.11802387237549;24;5;1;Abreo et al. (2023);Experiment 1;Orientation;1;1;;;;;;;17;5
-30;107;90.0;-17.0;1.9584972858429;24;5;1;Abreo et al. (2023);Experiment 1;Orientation;1;1;;;;;;;18;5
38;58;85.0;27.0;1.6180112361908;24;5;1;Abreo et al. (2023);Experiment 1;Orientation;1;1;;;;;;;19;5
-83;144;122.0;-22.0;1.39818120002747;24;5;1;Abreo et al. (2023);Experiment 1;Orientation;1;1;;;;;;;20;5
-88;89;105.5;16.5;1.93816614151001;24;5;1;Abreo et al. (2023);Experiment 1;Orientation;1;1;;;;;;;21;5
13;99;101.5;2.5;2.17814493179321;24;5;1;Abreo et al. (2023);Experiment 1;Orientation;1;1;;;;;;;22;5
63;5;23.5;18.5;1.72798442840576;24;5;1;Abreo et al. (2023);Experiment 1;Orientation;1;1;;;;;;;23;5
40;145;140.5;-4.50000000000001;1.4080970287323;24;5;1;Abreo et al. (2023);Experiment 1;Orientation;1;1;;;;;;;24;5
-12;142;138.0;-4.0;2.51796317100525;24;5;1;Abreo et al. (2023);Experiment 1;Orientation;1;1;;;;;;;25;5
43;83;81.0;-2.0;1.9980251789093;24;5;1;Abreo et al. (2023);Experiment 1;Orientation;1;1;;;;;;;26;5
29;76;94.0;18.0;2.07802700996399;24;5;1;Abreo et al. (2023);Experiment 1;Orientation;1;1;;;;;;;27;5
-82;81;89.5;8.50000000000001;2.74811887741089;24;5;1;Abreo et al. (2023);Experiment 1;Orientation;1;1;;;;;;;28;5
-68;26;42.0;16.0;1.54809427261353;24;5;1;Abreo et al. (2023);Experiment 1;Orientation;1;1;;;;;;;29;5
-46;20;42.5;22.5;1.37822532653809;24;5;1;Abreo et al. (2023);Experiment 1;Orientation;1;1;;;;;;;30;5
27;15;52.5;37.5;1.38805341720581;24;5;1;Abreo et al. (2023);Experiment 1;Orientation;1;1;;;;;;;31;5
58;34;45.0;11.0;1.99815440177917;24;5;1;Abreo et al. (2023);Experiment 1;Orientation;1;1;;;;;;;32;5
80;46;50.0;3.99999999999999;1.8679633140564;24;5;1;Abreo et al. (2023);Experiment 1;Orientation;1;1;;;;;;;33;5
80;172;167.0;-5.00000000000002;1.63786244392395;24;5;1;Abreo et al. (2023);Experiment 1;Orientation;1;1;;;;;;;34;5
-5;51;76.0;25.0;2.19250512123108;24;6;1;Abreo et al. (2023);Experiment 1;Orientation;1;1;;;;;;;1;6
-51;86;86.5;0.499999999999994;2.35775303840637;24;6;1;Abreo et al. (2023);Experiment 1;Orientation;1;1;;;;;;;2;6
-73;35;53.0;18.0;1.96819591522217;24;6;1;Abreo et al. (2023);Experiment 1;Orientation;1;1;;;;;;;3;6
59;166;159.5;-6.5;1.91817808151245;24;6;1;Abreo et al. (2023);Experiment 1;Orientation;1;1;;;;;;;4;6
-76;82;73.5;-8.50000000000001;2.33803558349609;24;6;1;Abreo et al. (2023);Experiment 1;Orientation;1;1;;;;;;;5;6
54;176;2.0;6.00000000000001;1.82794141769409;24;6;1;Abreo et al. (2023);Experiment 1;Orientation;1;1;;;;;;;6;6
63;28;58.5;30.5;1.70813202857971;24;6;1;Abreo et al. (2023);Experiment 1;Orientation;1;1;;;;;;;7;6
78;126;103.0;-23.0;1.71834802627563;24;6;1;Abreo et al. (2023);Experiment 1;Orientation;1;1;;;;;;;8;6
-67;45;36.0;-9.0;1.72815608978271;24;6;1;Abreo et al. (2023);Experiment 1;Orientation;1;1;;;;;;;9;6
-53;43;115.5;72.5;1.68811893463135;24;6;1;Abreo et al. (2023);Experiment 1;Orientation;1;1;;;;;;;10;6
23;175;33.0;38.0;1.66776418685913;24;6;1;Abreo et al. (2023);Experiment 1;Orientation;1;1;;;;;;;11;6
3;82;80.0;-2.0;2.28808093070984;24;6;1;Abreo et al. (2023);Experiment 1;Orientation;1;1;;;;;;;12;6
-62;37;54.5;17.5;2.34813451766968;24;6;1;Abreo et al. (2023);Experiment 1;Orientation;1;1;;;;;;;13;6
-51;22;45.5;23.5;1.96817660331726;24;6;1;Abreo et al. (2023);Experiment 1;Orientation;1;1;;;;;;;14;6
-31;69;77.0;8.00000000000001;2.23812437057495;24;6;1;Abreo et al. (2023);Experiment 1;Orientation;1;1;;;;;;;15;6
-50;42;53.5;11.5;2.02809190750122;24;6;1;Abreo et al. (2023);Experiment 1;Orientation;1;1;;;;;;;16;6
-19;96;93.0;-3.0;1.69810247421265;24;6;1;Abreo et al. (2023);Experiment 1;Orientation;1;1;;;;;;;17;6
18;178;175.5;-2.5;1.60818409919739;24;6;1;Abreo et al. (2023);Experiment 1;Orientation;1;1;;;;;;;18;6
46;66;82.0;16.0;2.0179431438446;24;6;1;Abreo et al. (2023);Experiment 1;Orientation;1;1;;;;;;;19;6
77;110;58.0;-52.0;1.58792853355408;24;6;1;Abreo et al. (2023);Experiment 1;Orientation;1;1;;;;;;;20;6
21;59;54.5;-4.5;2.38814187049866;24;6;1;Abreo et al. (2023);Experiment 1;Orientation;1;1;;;;;;;21;6
35;51;32.0;-19.0;2.5451865196228;25;1;1;Abreo et al. (2023);Experiment 1;Orientation;1;1;;;;;;;1;1
-31;140;129.0;-11.0;4.23319935798645;25;1;1;Abreo et al. (2023);Experiment 1;Orientation;1;1;;;;;;;2;1
69;136;3.0;47.0;2.78316473960876;25;1;1;Abreo et al. (2023);Experiment 1;Orientation;1;1;;;;;;;3;1
-65;49;163.0;-66.0;3.89982295036316;25;1;1;Abreo et al. (2023);Experiment 1;Orientation;1;1;;;;;;;4;1
11;150;139.0;-11.0;1.9581937789917;25;1;1;Abreo et al. (2023);Experiment 1;Orientation;1;1;;;;;;;5;1
52;104;100.5;-3.5;2.52484822273254;25;1;1;Abreo et al. (2023);Experiment 1;Orientation;1;1;;;;;;;6;1
59;60;61.0;0.999999999999998;2.2331166267395;25;1;1;Abreo et al. (2023);Experiment 1;Orientation;1;1;;;;;;;7;1
39;105;104.5;-0.500000000000005;2.1830313205719;25;1;1;Abreo et al. (2023);Experiment 1;Orientation;1;1;;;;;;;8;1
-68;177;10.0;13.0;2.35786199569702;25;1;1;Abreo et al. (2023);Experiment 1;Orientation;1;1;;;;;;;9;1
32;62;26.5;-35.5;4.1330897808075;25;1;1;Abreo et al. (2023);Experiment 1;Orientation;1;1;;;;;;;10;1
-13;83;73.5;-9.50000000000001;2.05823230743408;25;1;1;Abreo et al. (2023);Experiment 1;Orientation;1;1;;;;;;;11;1
-25;111;105.5;-5.5;4.15817475318909;25;1;1;Abreo et al. (2023);Experiment 1;Orientation;1;1;;;;;;;12;1
-85;164;145.0;-19.0;2.32444548606873;25;1;1;Abreo et al. (2023);Experiment 1;Orientation;1;1;;;;;;;13;1
59;90;109.0;19.0;2.23286080360413;25;1;1;Abreo et al. (2023);Experiment 1;Orientation;1;1;;;;;;;14;1
-62;169;158.0;-11.0;2.15819668769836;25;1;1;Abreo et al. (2023);Experiment 1;Orientation;1;1;;;;;;;15;1
37;90;119.0;29.0;7.01613545417786;25;1;1;Abreo et al. (2023);Experiment 1;Orientation;1;1;;;;;;;16;1
-13;29;56.0;27.0;2.23293805122375;25;1;1;Abreo et al. (2023);Experiment 1;Orientation;1;1;;;;;;;17;1
18;82;88.0;5.99999999999999;2.41632342338562;25;1;1;Abreo et al. (2023);Experiment 1;Orientation;1;1;;;;;;;18;1
-5;41;48.0;7.0;3.09119725227356;25;1;1;Abreo et al. (2023);Experiment 1;Orientation;1;1;;;;;;;19;1
82;127;134.5;7.49999999999999;3.54963397979736;25;1;1;Abreo et al. (2023);Experiment 1;Orientation;1;1;;;;;;;20;1
20;70;79.5;9.50000000000001;2.85787272453308;25;1;1;Abreo et al. (2023);Experiment 1;Orientation;1;1;;;;;;;21;1
56;110;97.5;-12.5;2.45823907852173;25;1;1;Abreo et al. (2023);Experiment 1;Orientation;1;1;;;;;;;22;1
31;95;91.0;-4.00000000000001;3.95819544792175;25;1;1;Abreo et al. (2023);Experiment 1;Orientation;1;1;;;;;;;23;1
10;22;20.5;-1.5;1.64978957176208;25;1;1;Abreo et al. (2023);Experiment 1;Orientation;1;1;;;;;;;24;1
-11;59;68.0;9.0;2.12478113174438;25;1;1;Abreo et al. (2023);Experiment 1;Orientation;1;1;;;;;;;25;1
40;98;116.0;18.0;2.22487711906433;25;1;1;Abreo et al. (2023);Experiment 1;Orientation;1;1;;;;;;;26;1
31;67;72.5;5.5;1.89984583854675;25;1;1;Abreo et al. (2023);Experiment 1;Orientation;1;1;;;;;;;27;1
75;87;66.5;-20.5;3.74129009246826;25;1;1;Abreo et al. (2023);Experiment 1;Orientation;1;1;;;;;;;28;1
47;145;130.0;-15.0;4.15784978866577;25;1;1;Abreo et al. (2023);Experiment 1;Orientation;1;1;;;;;;;29;1
66;87;125.0;38.0;2.54141855239868;25;1;1;Abreo et al. (2023);Experiment 1;Orientation;1;1;;;;;;;30;1
-8;176;174.0;-2.0;3.94140911102295;25;1;1;Abreo et al. (2023);Experiment 1;Orientation;1;1;;;;;;;31;1
-87;75;49.5;-25.5;1.84987425804138;25;1;1;Abreo et al. (2023);Experiment 1;Orientation;1;1;;;;;;;32;1
39;7;170.5;-16.5;1.86653804779053;25;1;1;Abreo et al. (2023);Experiment 1;Orientation;1;1;;;;;;;33;1
87;11;48.0;37.0;2.29153299331665;25;1;1;Abreo et al. (2023);Experiment 1;Orientation;1;1;;;;;;;34;1
52;15;30.0;15.0;1.69122219085693;25;1;1;Abreo et al. (2023);Experiment 1;Orientation;1;1;;;;;;;35;1
82;91;136.5;45.5;2.49984288215637;25;1;1;Abreo et al. (2023);Experiment 1;Orientation;1;1;;;;;;;36;1
-84;0;84.0;84.0;3.42478156089783;25;1;1;Abreo et al. (2023);Experiment 1;Orientation;1;1;;;;;;;37;1
-78;42;44.0;2.0;2.19968914985657;25;1;1;Abreo et al. (2023);Experiment 1;Orientation;1;1;;;;;;;38;1
89;179;2.0;2.99999999999999;2.85821723937988;25;1;1;Abreo et al. (2023);Experiment 1;Orientation;1;1;;;;;;;39;1
57;78;40.5;-37.5;3.58312225341797;25;1;1;Abreo et al. (2023);Experiment 1;Orientation;1;1;;;;;;;40;1
2;99;112.5;13.5;1.89563965797424;25;2;1;Abreo et al. (2023);Experiment 1;Orientation;1;1;;;;;;;1;2
7;6;174.0;-12.0;1.82453799247742;25;2;1;Abreo et al. (2023);Experiment 1;Orientation;1;1;;;;;;;2;2
-62;175;162.0;-13.0;2.4745979309082;25;2;1;Abreo et al. (2023);Experiment 1;Orientation;1;1;;;;;;;3;2
-16;37;32.5;-4.5;2.16657209396362;25;2;1;Abreo et al. (2023);Experiment 1;Orientation;1;1;;;;;;;4;2
-10;101;130.5;29.5;1.99970936775208;25;2;1;Abreo et al. (2023);Experiment 1;Orientation;1;1;;;;;;;5;2
-78;140;124.0;-16.0;2.96654868125916;25;2;1;Abreo et al. (2023);Experiment 1;Orientation;1;1;;;;;;;6;2
-62;27;32.5;5.5;2.49980473518372;25;2;1;Abreo et al. (2023);Experiment 1;Orientation;1;1;;;;;;;7;2
53;104;107.0;2.99999999999999;1.80821967124939;25;2;1;Abreo et al. (2023);Experiment 1;Orientation;1;1;;;;;;;8;2
64;29;22.5;-6.5;1.51651191711426;25;2;1;Abreo et al. (2023);Experiment 1;Orientation;1;1;;;;;;;9;2
40;86;80.5;-5.5;2.30811095237732;25;2;1;Abreo et al. (2023);Experiment 1;Orientation;1;1;;;;;;;10;2
-24;119;130.0;11.0;1.84131813049316;25;2;1;Abreo et al. (2023);Experiment 1;Orientation;1;1;;;;;;;11;2
81;68;42.0;-26.0;1.67470407485962;25;2;1;Abreo et al. (2023);Experiment 1;Orientation;1;1;;;;;;;12;2
13;124;129.5;5.50000000000002;2.64151692390442;25;2;1;Abreo et al. (2023);Experiment 1;Orientation;1;1;;;;;;;13;2
12;36;43.0;7.0;1.9665207862854;25;2;1;Abreo et al. (2023);Experiment 1;Orientation;1;1;;;;;;;14;2
88;170;162.5;-7.50000000000002;2.18303275108337;25;2;1;Abreo et al. (2023);Experiment 1;Orientation;1;1;;;;;;;15;2
87;75;66.0;-9.0;1.56633377075195;25;2;1;Abreo et al. (2023);Experiment 1;Orientation;1;1;;;;;;;16;2
85;118;121.5;3.49999999999999;1.70799112319946;25;2;1;Abreo et al. (2023);Experiment 1;Orientation;1;1;;;;;;;17;2
6;3;11.0;8.0;1.74148011207581;25;2;1;Abreo et al. (2023);Experiment 1;Orientation;1;1;;;;;;;18;2
-58;172;150.5;-21.5;1.44147157669067;25;2;1;Abreo et al. (2023);Experiment 1;Orientation;1;1;;;;;;;19;2
-6;56;67.5;11.5;1.8498330116272;25;2;1;Abreo et al. (2023);Experiment 1;Orientation;1;1;;;;;;;20;2
39;6;21.0;15.0;1.50809335708618;25;2;1;Abreo et al. (2023);Experiment 1;Orientation;1;1;;;;;;;21;2
51;89;95.5;6.5;3.73317360877991;25;2;1;Abreo et al. (2023);Experiment 1;Orientation;1;1;;;;;;;22;2
8;145;126.0;-19.0;2.316241979599;25;2;1;Abreo et al. (2023);Experiment 1;Orientation;1;1;;;;;;;23;2
30;162;150.0;-12.0;1.90789914131165;25;2;1;Abreo et al. (2023);Experiment 1;Orientation;1;1;;;;;;;24;2
85;41;48.0;7.0;1.56640768051147;25;2;1;Abreo et al. (2023);Experiment 1;Orientation;1;1;;;;;;;25;2
-47;65;48.5;-16.5;1.74980664253235;25;2;1;Abreo et al. (2023);Experiment 1;Orientation;1;1;;;;;;;26;2
-56;96;87.5;-8.50000000000001;2.54136991500854;25;2;1;Abreo et al. (2023);Experiment 1;Orientation;1;1;;;;;;;27;2
36;136;112.5;-23.5;2.77477192878723;25;2;1;Abreo et al. (2023);Experiment 1;Orientation;1;1;;;;;;;28;2
15;60;50.0;-9.99999999999999;1.49136281013489;25;2;1;Abreo et al. (2023);Experiment 1;Orientation;1;1;;;;;;;29;2
88;63;71.5;8.50000000000001;1.89987397193909;25;2;1;Abreo et al. (2023);Experiment 1;Orientation;1;1;;;;;;;30;2
-70;92;88.5;-3.5;3.28298258781433;25;2;1;Abreo et al. (2023);Experiment 1;Orientation;1;1;;;;;;;31;2
36;166;152.0;-14.0;2.59153294563293;25;2;1;Abreo et al. (2023);Experiment 1;Orientation;1;1;;;;;;;32;2
-32;30;50.5;20.5;1.79984712600708;25;2;1;Abreo et al. (2023);Experiment 1;Orientation;1;1;;;;;;;33;2
85;165;152.5;-12.5;3.31648516654968;25;2;1;Abreo et al. (2023);Experiment 1;Orientation;1;1;;;;;;;34;2
58;38;40.5;2.5;1.96620416641235;25;2;1;Abreo et al. (2023);Experiment 1;Orientation;1;1;;;;;;;35;2
-1;97;96.0;-0.999999999999988;3.60817694664001;25;2;1;Abreo et al. (2023);Experiment 1;Orientation;1;1;;;;;;;36;2
-69;32;35.5;3.5;1.53311443328857;25;2;1;Abreo et al. (2023);Experiment 1;Orientation;1;1;;;;;;;37;2
60;67;83.5;16.5;2.79989194869995;25;2;1;Abreo et al. (2023);Experiment 1;Orientation;1;1;;;;;;;38;2
85;57;46.5;-10.5;2.24976325035095;25;2;1;Abreo et al. (2023);Experiment 1;Orientation;1;1;;;;;;;39;2
58;37;35.5;-1.5;1.46250891685486;25;3;1;Abreo et al. (2023);Experiment 1;Orientation;1;1;;;;;;;1;3
49;128;137.0;9.0;1.4587242603302;25;3;1;Abreo et al. (2023);Experiment 1;Orientation;1;1;;;;;;;2;3
-83;96;77.0;-19.0;3.48305654525757;25;3;1;Abreo et al. (2023);Experiment 1;Orientation;1;1;;;;;;;3;3
-84;28;50.0;22.0;1.74150681495667;25;3;1;Abreo et al. (2023);Experiment 1;Orientation;1;1;;;;;;;4;3
26;19;27.5;8.5;1.76650476455688;25;3;1;Abreo et al. (2023);Experiment 1;Orientation;1;1;;;;;;;5;3
-82;114;134.5;20.5;2.0915470123291;25;3;1;Abreo et al. (2023);Experiment 1;Orientation;1;1;;;;;;;6;3
28;117;123.5;6.5;2.00791883468628;25;3;1;Abreo et al. (2023);Experiment 1;Orientation;1;1;;;;;;;7;3
-44;160;137.0;-23.0;3.3746919631958;25;3;1;Abreo et al. (2023);Experiment 1;Orientation;1;1;;;;;;;8;3
-52;73;61.5;-11.5;2.04965305328369;25;3;1;Abreo et al. (2023);Experiment 1;Orientation;1;1;;;;;;;9;3
-44;127;123.5;-3.50000000000001;2.49154210090637;25;3;1;Abreo et al. (2023);Experiment 1;Orientation;1;1;;;;;;;10;3
32;158;140.5;-17.5;2.69985508918762;25;3;1;Abreo et al. (2023);Experiment 1;Orientation;1;1;;;;;;;11;3
3;27;31.0;4.0;1.84138703346252;25;3;1;Abreo et al. (2023);Experiment 1;Orientation;1;1;;;;;;;12;3
-65;145;136.0;-9.0;2.14983987808228;25;3;1;Abreo et al. (2023);Experiment 1;Orientation;1;1;;;;;;;13;3
14;90;78.5;-11.5;4.09116959571838;25;3;1;Abreo et al. (2023);Experiment 1;Orientation;1;1;;;;;;;14;3
27;90;90.0;-0.0;2.62477684020996;25;3;1;Abreo et al. (2023);Experiment 1;Orientation;1;1;;;;;;;15;3
29;57;58.0;1.00000000000001;1.52482223510742;25;3;1;Abreo et al. (2023);Experiment 1;Orientation;1;1;;;;;;;16;3
-33;115;125.5;10.5;1.74986505508423;25;3;1;Abreo et al. (2023);Experiment 1;Orientation;1;1;;;;;;;17;3
15;82;74.5;-7.50000000000001;2.22480511665344;25;3;1;Abreo et al. (2023);Experiment 1;Orientation;1;1;;;;;;;18;3
25;13;32.0;19.0;2.32480311393738;25;3;1;Abreo et al. (2023);Experiment 1;Orientation;1;1;;;;;;;19;3
89;97;126.0;29.0;2.99985289573669;25;3;1;Abreo et al. (2023);Experiment 1;Orientation;1;1;;;;;;;20;3
40;169;152.5;-16.5;1.81648421287537;25;3;1;Abreo et al. (2023);Experiment 1;Orientation;1;1;;;;;;;21;3
-46;54;47.5;-6.5;1.91618895530701;25;3;1;Abreo et al. (2023);Experiment 1;Orientation;1;1;;;;;;;22;3
18;170;169.5;-0.50000000000002;1.89986681938171;25;3;1;Abreo et al. (2023);Experiment 1;Orientation;1;1;;;;;;;23;3
45;30;30.5;0.499999999999997;4.04147124290466;25;3;1;Abreo et al. (2023);Experiment 1;Orientation;1;1;;;;;;;24;3
25;116;126.5;10.5;2.1081440448761;25;3;1;Abreo et al. (2023);Experiment 1;Orientation;1;1;;;;;;;25;3
-23;155;142.0;-13.0;1.97485995292664;25;3;1;Abreo et al. (2023);Experiment 1;Orientation;1;1;;;;;;;26;3
-20;172;159.0;-13.0;2.24154496192932;25;3;1;Abreo et al. (2023);Experiment 1;Orientation;1;1;;;;;;;27;3
-62;23;33.0;10.0;1.87462186813354;25;3;1;Abreo et al. (2023);Experiment 1;Orientation;1;1;;;;;;;28;3
-10;93;101.5;8.49999999999999;4.50813102722168;25;3;1;Abreo et al. (2023);Experiment 1;Orientation;1;1;;;;;;;29;3
-22;138;116.0;-22.0;2.74985694885254;25;3;1;Abreo et al. (2023);Experiment 1;Orientation;1;1;;;;;;;30;3
-19;49;166.0;-63.0;3.01631426811218;25;3;1;Abreo et al. (2023);Experiment 1;Orientation;1;1;;;;;;;31;3
85;158;140.5;-17.5;2.9582188129425;25;3;1;Abreo et al. (2023);Experiment 1;Orientation;1;1;;;;;;;32;3
-14;5;12.5;7.5;2.67466902732849;25;3;1;Abreo et al. (2023);Experiment 1;Orientation;1;1;;;;;;;33;3
-49;147;157.5;10.5;1.84148788452148;25;3;1;Abreo et al. (2023);Experiment 1;Orientation;1;1;;;;;;;34;3
40;121;123.5;2.5;2.49131560325623;25;4;1;Abreo et al. (2023);Experiment 1;Orientation;1;1;;;;;;;1;4
31;48;45.0;-3.0;2.69949293136597;25;4;1;Abreo et al. (2023);Experiment 1;Orientation;1;1;;;;;;;2;4
-79;178;152.5;-25.5;1.87485694885254;25;4;1;Abreo et al. (2023);Experiment 1;Orientation;1;1;;;;;;;3;4
-54;42;24.5;-17.5;2.69989037513733;25;4;1;Abreo et al. (2023);Experiment 1;Orientation;1;1;;;;;;;4;4
-45;83;75.5;-7.5;2.79969382286072;25;4;1;Abreo et al. (2023);Experiment 1;Orientation;1;1;;;;;;;5;4
23;5;15.5;10.5;2.39957332611084;25;4;1;Abreo et al. (2023);Experiment 1;Orientation;1;1;;;;;;;6;4
-66;157;145.5;-11.5;2.34977555274963;25;4;1;Abreo et al. (2023);Experiment 1;Orientation;1;1;;;;;;;7;4
-26;46;47.5;1.5;2.98302865028381;25;4;1;Abreo et al. (2023);Experiment 1;Orientation;1;1;;;;;;;8;4
43;162;152.0;-9.99999999999999;2.63320708274841;25;4;1;Abreo et al. (2023);Experiment 1;Orientation;1;1;;;;;;;9;4
-5;29;21.5;-7.5;1.82463598251343;25;4;1;Abreo et al. (2023);Experiment 1;Orientation;1;1;;;;;;;10;4
-9;144;133.0;-11.0;2.79154396057129;25;4;1;Abreo et al. (2023);Experiment 1;Orientation;1;1;;;;;;;11;4
-54;107;114.0;7.00000000000001;2.4497709274292;25;4;1;Abreo et al. (2023);Experiment 1;Orientation;1;1;;;;;;;12;4
-16;155;137.5;-17.5;2.94982075691223;25;4;1;Abreo et al. (2023);Experiment 1;Orientation;1;1;;;;;;;13;4
-74;55;52.0;-3.0;2.46626591682434;25;4;1;Abreo et al. (2023);Experiment 1;Orientation;1;1;;;;;;;14;4
28;60;50.0;-9.99999999999999;2.09970784187317;25;4;1;Abreo et al. (2023);Experiment 1;Orientation;1;1;;;;;;;15;4
79;175;160.0;-15.0;2.49151992797852;25;4;1;Abreo et al. (2023);Experiment 1;Orientation;1;1;;;;;;;16;4
42;162;168.0;6.00000000000001;3.47483587265015;25;4;1;Abreo et al. (2023);Experiment 1;Orientation;1;1;;;;;;;17;4
-19;159;154.5;-4.5;2.43290972709656;25;4;1;Abreo et al. (2023);Experiment 1;Orientation;1;1;;;;;;;18;4
-81;3;26.0;23.0;3.4911367893219;25;4;1;Abreo et al. (2023);Experiment 1;Orientation;1;1;;;;;;;19;4
-10;67;62.5;-4.5;2.74980974197388;25;4;1;Abreo et al. (2023);Experiment 1;Orientation;1;1;;;;;;;20;4
56;120;129.5;9.50000000000002;2.10788607597351;25;4;1;Abreo et al. (2023);Experiment 1;Orientation;1;1;;;;;;;21;4
55;39;56.5;17.5;2.22470879554749;25;4;1;Abreo et al. (2023);Experiment 1;Orientation;1;1;;;;;;;22;4
32;126;138.5;12.5;1.95787978172302;25;4;1;Abreo et al. (2023);Experiment 1;Orientation;1;1;;;;;;;23;4
1;153;140.0;-13.0;2.35813283920288;25;4;1;Abreo et al. (2023);Experiment 1;Orientation;1;1;;;;;;;24;4
48;152;145.0;-6.99999999999999;6.10818219184875;25;4;1;Abreo et al. (2023);Experiment 1;Orientation;1;1;;;;;;;25;4
42;56;47.5;-8.5;2.83312177658081;25;4;1;Abreo et al. (2023);Experiment 1;Orientation;1;1;;;;;;;26;4
89;70;57.5;-12.5;2.09966683387756;25;4;1;Abreo et al. (2023);Experiment 1;Orientation;1;1;;;;;;;27;4
77;154;157.0;2.99999999999999;2.29147791862488;25;4;1;Abreo et al. (2023);Experiment 1;Orientation;1;1;;;;;;;28;4
71;72;48.5;-23.5;2.84147715568542;25;4;1;Abreo et al. (2023);Experiment 1;Orientation;1;1;;;;;;;29;4
20;46;53.5;7.49999999999999;2.81653785705566;25;4;1;Abreo et al. (2023);Experiment 1;Orientation;1;1;;;;;;;30;4
-49;90;77.0;-13.0;1.9245970249176;25;4;1;Abreo et al. (2023);Experiment 1;Orientation;1;1;;;;;;;31;4
-3;33;32.0;-0.999999999999999;2.09151649475098;25;4;1;Abreo et al. (2023);Experiment 1;Orientation;1;1;;;;;;;32;4
-45;113;120.5;7.50000000000001;3.39987468719482;25;4;1;Abreo et al. (2023);Experiment 1;Orientation;1;1;;;;;;;33;4
-21;44;38.0;-5.99999999999999;2.17479586601257;25;4;1;Abreo et al. (2023);Experiment 1;Orientation;1;1;;;;;;;34;4
68;145;146.0;0.999999999999985;1.94149661064148;25;4;1;Abreo et al. (2023);Experiment 1;Orientation;1;1;;;;;;;35;4
-7;138;128.0;-9.99999999999999;2.24950480461121;25;4;1;Abreo et al. (2023);Experiment 1;Orientation;1;1;;;;;;;36;4
-77;8;45.5;37.5;2.06616544723511;25;4;1;Abreo et al. (2023);Experiment 1;Orientation;1;1;;;;;;;37;4
-6;46;45.0;-1.00000000000001;1.64144825935364;25;4;1;Abreo et al. (2023);Experiment 1;Orientation;1;1;;;;;;;38;4
87;96;97.0;0.999999999999987;2.65816164016724;25;4;1;Abreo et al. (2023);Experiment 1;Orientation;1;1;;;;;;;39;4
85;78;82.5;4.5;3.29131197929382;25;4;1;Abreo et al. (2023);Experiment 1;Orientation;1;1;;;;;;;40;4
51;91;100.5;9.5;3.22087645530701;25;5;1;Abreo et al. (2023);Experiment 1;Orientation;1;1;;;;;;;1;5
-52;85;65.5;-19.5;1.80803775787354;25;5;1;Abreo et al. (2023);Experiment 1;Orientation;1;1;;;;;;;2;5
-21;14;161.5;-32.5;2.38304328918457;25;5;1;Abreo et al. (2023);Experiment 1;Orientation;1;1;;;;;;;3;5
26;63;58.0;-4.99999999999999;2.23319220542908;25;5;1;Abreo et al. (2023);Experiment 1;Orientation;1;1;;;;;;;4;5
23;46;49.5;3.5;1.49138498306274;25;5;1;Abreo et al. (2023);Experiment 1;Orientation;1;1;;;;;;;5;5
9;11;29.0;18.0;3.16645979881287;25;5;1;Abreo et al. (2023);Experiment 1;Orientation;1;1;;;;;;;6;5
-86;171;143.5;-27.5;2.6162793636322;25;5;1;Abreo et al. (2023);Experiment 1;Orientation;1;1;;;;;;;7;5
88;3;92.5;89.5;3.34121751785278;25;5;1;Abreo et al. (2023);Experiment 1;Orientation;1;1;;;;;;;8;5
-37;153;149.5;-3.49999999999999;1.58313488960266;25;5;1;Abreo et al. (2023);Experiment 1;Orientation;1;1;;;;;;;9;5
49;31;42.0;11.0;1.37484908103943;25;5;1;Abreo et al. (2023);Experiment 1;Orientation;1;1;;;;;;;10;5
69;136;143.5;7.49999999999999;2.3580858707428;25;5;1;Abreo et al. (2023);Experiment 1;Orientation;1;1;;;;;;;11;5
50;117;133.0;16.0;1.82451796531677;25;5;1;Abreo et al. (2023);Experiment 1;Orientation;1;1;;;;;;;12;5
-90;178;5.0;7.0;2.12484908103943;25;5;1;Abreo et al. (2023);Experiment 1;Orientation;1;1;;;;;;;13;5
-49;74;56.5;-17.5;1.84989643096924;25;5;1;Abreo et al. (2023);Experiment 1;Orientation;1;1;;;;;;;14;5
12;30;28.0;-2.0;1.81616568565369;25;5;1;Abreo et al. (2023);Experiment 1;Orientation;1;1;;;;;;;15;5
-8;40;49.5;9.5;1.72482633590698;25;5;1;Abreo et al. (2023);Experiment 1;Orientation;1;1;;;;;;;16;5
-51;50;47.0;-2.99999999999999;2.15819239616394;25;5;1;Abreo et al. (2023);Experiment 1;Orientation;1;1;;;;;;;17;5
5;103;102.0;-1.0;1.89135456085205;25;5;1;Abreo et al. (2023);Experiment 1;Orientation;1;1;;;;;;;18;5
68;49;49.0;-0.0;1.79154753684998;25;5;1;Abreo et al. (2023);Experiment 1;Orientation;1;1;;;;;;;19;5
-20;77;64.5;-12.5;2.56642580032349;25;5;1;Abreo et al. (2023);Experiment 1;Orientation;1;1;;;;;;;20;5
-3;58;56.0;-2.0;2.41631269454956;25;5;1;Abreo et al. (2023);Experiment 1;Orientation;1;1;;;;;;;21;5
-39;13;18.0;5.0;1.774817943573;25;5;1;Abreo et al. (2023);Experiment 1;Orientation;1;1;;;;;;;22;5
9;170;153.0;-17.0;1.51651310920715;25;5;1;Abreo et al. (2023);Experiment 1;Orientation;1;1;;;;;;;23;5
-41;114;122.5;8.50000000000001;2.6746826171875;25;5;1;Abreo et al. (2023);Experiment 1;Orientation;1;1;;;;;;;24;5
-51;131;120.5;-10.5;2.04988098144531;25;5;1;Abreo et al. (2023);Experiment 1;Orientation;1;1;;;;;;;25;5
-6;124;130.0;6.00000000000001;2.76619219779968;25;5;1;Abreo et al. (2023);Experiment 1;Orientation;1;1;;;;;;;26;5
-48;37;26.5;-10.5;1.86655235290527;25;5;1;Abreo et al. (2023);Experiment 1;Orientation;1;1;;;;;;;27;5
3;61;45.5;-15.5;1.89983868598938;25;5;1;Abreo et al. (2023);Experiment 1;Orientation;1;1;;;;;;;28;5
-79;64;72.0;8.0;1.9747359752655;25;5;1;Abreo et al. (2023);Experiment 1;Orientation;1;1;;;;;;;29;5
-80;82;83.5;1.49999999999999;2.25821089744568;25;5;1;Abreo et al. (2023);Experiment 1;Orientation;1;1;;;;;;;30;5
65;110;112.0;2.0;2.83306264877319;25;5;1;Abreo et al. (2023);Experiment 1;Orientation;1;1;;;;;;;31;5
39;37;40.5;3.5;1.48314714431763;25;5;1;Abreo et al. (2023);Experiment 1;Orientation;1;1;;;;;;;32;5
-67;111;114.0;3.0;2.50401878356934;25;6;1;Abreo et al. (2023);Experiment 1;Orientation;1;1;;;;;;;1;6
18;73;53.0;-20.0;1.90854787826538;25;6;1;Abreo et al. (2023);Experiment 1;Orientation;1;1;;;;;;;2;6
82;51;49.5;-1.5;1.62483477592468;25;6;1;Abreo et al. (2023);Experiment 1;Orientation;1;1;;;;;;;3;6
-25;29;28.0;-1.0;1.89132499694824;25;6;1;Abreo et al. (2023);Experiment 1;Orientation;1;1;;;;;;;4;6
14;84;81.0;-3.0;2.35784268379211;25;6;1;Abreo et al. (2023);Experiment 1;Orientation;1;1;;;;;;;5;6
12;34;42.5;8.49999999999999;2.48280906677246;25;6;1;Abreo et al. (2023);Experiment 1;Orientation;1;1;;;;;;;6;6
24;15;22.5;7.5;2.71654510498047;25;6;1;Abreo et al. (2023);Experiment 1;Orientation;1;1;;;;;;;7;6
-62;75;56.5;-18.5;2.45817542076111;25;6;1;Abreo et al. (2023);Experiment 1;Orientation;1;1;;;;;;;8;6
22;55;55.0;-0.0;2.26655268669128;25;6;1;Abreo et al. (2023);Experiment 1;Orientation;1;1;;;;;;;9;6
-17;94;91.5;-2.50000000000001;1.79156804084778;25;6;1;Abreo et al. (2023);Experiment 1;Orientation;1;1;;;;;;;10;6
61;50;53.5;3.5;1.7165789604187;25;6;1;Abreo et al. (2023);Experiment 1;Orientation;1;1;;;;;;;11;6
-85;138;128.5;-9.5;2.0748176574707;25;6;1;Abreo et al. (2023);Experiment 1;Orientation;1;1;;;;;;;12;6
-60;74;56.0;-18.0;2.14955425262451;25;6;1;Abreo et al. (2023);Experiment 1;Orientation;1;1;;;;;;;13;6
26;173;150.5;-22.5;1.99139761924744;25;6;1;Abreo et al. (2023);Experiment 1;Orientation;1;1;;;;;;;14;6
-73;47;180.0;-47.0;3.19122385978699;25;6;1;Abreo et al. (2023);Experiment 1;Orientation;1;1;;;;;;;15;6
-19;74;68.5;-5.5;1.87477350234985;25;6;1;Abreo et al. (2023);Experiment 1;Orientation;1;1;;;;;;;16;6
37;89;81.5;-7.49999999999999;2.6744749546051;25;6;1;Abreo et al. (2023);Experiment 1;Orientation;1;1;;;;;;;17;6
17;165;159.0;-5.99999999999998;2.11629295349121;25;6;1;Abreo et al. (2023);Experiment 1;Orientation;1;1;;;;;;;18;6
73;23;21.5;-1.5;1.57483506202698;25;6;1;Abreo et al. (2023);Experiment 1;Orientation;1;1;;;;;;;19;6
-66;36;36.0;-0.0;1.64990711212158;25;6;1;Abreo et al. (2023);Experiment 1;Orientation;1;1;;;;;;;20;6
-84;43;40.0;-3.0;2.12488722801208;25;6;1;Abreo et al. (2023);Experiment 1;Orientation;1;1;;;;;;;21;6
-79;107;118.5;11.5;1.40822076797485;25;6;1;Abreo et al. (2023);Experiment 1;Orientation;1;1;;;;;;;22;6
-51;174;138.5;-35.5;2.09149670600891;25;6;1;Abreo et al. (2023);Experiment 1;Orientation;1;1;;;;;;;23;6
43;70;59.5;-10.5;1.96615934371948;25;6;1;Abreo et al. (2023);Experiment 1;Orientation;1;1;;;;;;;24;6
-54;54;27.5;-26.5;2.04135370254517;25;6;1;Abreo et al. (2023);Experiment 1;Orientation;1;1;;;;;;;25;6
81;167;153.0;-14.0;1.69154381752014;25;6;1;Abreo et al. (2023);Experiment 1;Orientation;1;1;;;;;;;26;6
-23;126;116.0;-9.99999999999999;2.01640367507935;25;6;1;Abreo et al. (2023);Experiment 1;Orientation;1;1;;;;;;;27;6
12;142;143.5;1.50000000000001;1.81630396842957;25;6;1;Abreo et al. (2023);Experiment 1;Orientation;1;1;;;;;;;28;6
48;32;47.5;15.5;1.60817956924438;25;6;1;Abreo et al. (2023);Experiment 1;Orientation;1;1;;;;;;;29;6
-17;89;82.0;-6.99999999999999;2.7661759853363;25;6;1;Abreo et al. (2023);Experiment 1;Orientation;1;1;;;;;;;30;6
70;165;146.5;-18.5;1.76652455329895;25;6;1;Abreo et al. (2023);Experiment 1;Orientation;1;1;;;;;;;31;6
87;63;51.5;-11.5;1.69152808189392;25;6;1;Abreo et al. (2023);Experiment 1;Orientation;1;1;;;;;;;32;6
59;26;27.0;1.0;1.84989380836487;25;6;1;Abreo et al. (2023);Experiment 1;Orientation;1;1;;;;;;;33;6
-37;179;174.0;-5.00000000000002;1.5414571762085;25;6;1;Abreo et al. (2023);Experiment 1;Orientation;1;1;;;;;;;34;6
-51;77;57.5;-19.5;2.89992451667786;26;1;1;Abreo et al. (2023);Experiment 1;Orientation;1;1;;;;;;;1;1
-64;100;98.5;-1.49999999999999;2.95845675468445;26;1;1;Abreo et al. (2023);Experiment 1;Orientation;1;1;;;;;;;2;1
-15;55;52.0;-3.0;4.20811009407043;26;1;1;Abreo et al. (2023);Experiment 1;Orientation;1;1;;;;;;;3;1
-30;23;34.5;11.5;2.23322582244873;26;1;1;Abreo et al. (2023);Experiment 1;Orientation;1;1;;;;;;;4;1
14;48;48.5;0.499999999999998;3.28311395645142;26;1;1;Abreo et al. (2023);Experiment 1;Orientation;1;1;;;;;;;5;1
65;46;44.0;-2.00000000000001;4.04952001571655;26;1;1;Abreo et al. (2023);Experiment 1;Orientation;1;1;;;;;;;6;1
88;2;179.5;-2.49999999999998;3.42470002174377;26;1;1;Abreo et al. (2023);Experiment 1;Orientation;1;1;;;;;;;7;1
16;177;179.0;2.0;3.69121527671814;26;1;1;Abreo et al. (2023);Experiment 1;Orientation;1;1;;;;;;;8;1
36;157;150.0;-6.99999999999999;2.72480607032776;26;1;1;Abreo et al. (2023);Experiment 1;Orientation;1;1;;;;;;;9;1
51;178;40.5;42.5;2.24971699714661;26;1;1;Abreo et al. (2023);Experiment 1;Orientation;1;1;;;;;;;10;1
71;35;54.0;19.0;2.11652016639709;26;1;1;Abreo et al. (2023);Experiment 1;Orientation;1;1;;;;;;;11;1
57;157;28.0;51.0;3.70816206932068;26;1;1;Abreo et al. (2023);Experiment 1;Orientation;1;1;;;;;;;12;1
48;104;96.0;-8.0;3.34973287582397;26;1;1;Abreo et al. (2023);Experiment 1;Orientation;1;1;;;;;;;13;1
78;160;142.0;-18.0;2.10784864425659;26;1;1;Abreo et al. (2023);Experiment 1;Orientation;1;1;;;;;;;14;1
30;75;75.0;-0.0;2.8332200050354;26;1;1;Abreo et al. (2023);Experiment 1;Orientation;1;1;;;;;;;15;1
-43;115;104.0;-11.0;2.92468595504761;26;1;1;Abreo et al. (2023);Experiment 1;Orientation;1;1;;;;;;;16;1
16;161;146.0;-15.0;2.2081995010376;26;1;1;Abreo et al. (2023);Experiment 1;Orientation;1;1;;;;;;;17;1
-44;126;6.5;60.5;5.44153594970703;26;1;1;Abreo et al. (2023);Experiment 1;Orientation;1;1;;;;;;;18;1
89;107;32.5;-74.5;5.2497706413269;26;1;1;Abreo et al. (2023);Experiment 1;Orientation;1;1;;;;;;;19;1
39;82;94.0;12.0;4.99947595596313;26;1;1;Abreo et al. (2023);Experiment 1;Orientation;1;1;;;;;;;20;1
-35;121;85.0;-36.0;2.6746289730072;26;1;1;Abreo et al. (2023);Experiment 1;Orientation;1;1;;;;;;;21;1
-33;115;64.5;-50.5;4.49135684967041;26;1;1;Abreo et al. (2023);Experiment 1;Orientation;1;1;;;;;;;22;1
-65;65;34.5;-30.5;3.43319892883301;26;1;1;Abreo et al. (2023);Experiment 1;Orientation;1;1;;;;;;;23;1
-77;92;177.0;85.0;6.05793428421021;26;1;1;Abreo et al. (2023);Experiment 1;Orientation;1;1;;;;;;;24;1
47;112;116.5;4.5;2.05816102027893;26;1;1;Abreo et al. (2023);Experiment 1;Orientation;1;1;;;;;;;25;1
-56;158;129.5;-28.5;3.03305768966675;26;1;1;Abreo et al. (2023);Experiment 1;Orientation;1;1;;;;;;;26;1
30;63;79.0;16.0;3.22080063819885;26;2;1;Abreo et al. (2023);Experiment 1;Orientation;1;1;;;;;;;1;2
-20;59;78.0;19.0;3.72545218467712;26;2;1;Abreo et al. (2023);Experiment 1;Orientation;1;1;;;;;;;2;2
-86;87;59.0;-28.0;2.23300814628601;26;2;1;Abreo et al. (2023);Experiment 1;Orientation;1;1;;;;;;;3;2
-44;95;96.0;1.0;3.53284907341003;26;2;1;Abreo et al. (2023);Experiment 1;Orientation;1;1;;;;;;;4;2
-56;44;37.5;-6.5;2.22447538375854;26;2;1;Abreo et al. (2023);Experiment 1;Orientation;1;1;;;;;;;5;2
-44;171;176.0;5.0;3.2247097492218;26;2;1;Abreo et al. (2023);Experiment 1;Orientation;1;1;;;;;;;6;2
-76;121;100.0;-21.0;2.7995719909668;26;2;1;Abreo et al. (2023);Experiment 1;Orientation;1;1;;;;;;;7;2
-40;139;118.5;-20.5;2.46621465682983;26;2;1;Abreo et al. (2023);Experiment 1;Orientation;1;1;;;;;;;8;2
-5;11;16.5;5.5;3.30813813209534;26;2;1;Abreo et al. (2023);Experiment 1;Orientation;1;1;;;;;;;9;2
-28;73;96.0;23.0;2.66649603843689;26;2;1;Abreo et al. (2023);Experiment 1;Orientation;1;1;;;;;;;10;2
85;146;74.0;-72.0;3.01655316352844;26;2;1;Abreo et al. (2023);Experiment 1;Orientation;1;1;;;;;;;11;2
34;44;52.5;8.5;3.0082380771637;26;2;1;Abreo et al. (2023);Experiment 1;Orientation;1;1;;;;;;;12;2
-17;160;147.0;-13.0;2.04973793029785;26;2;1;Abreo et al. (2023);Experiment 1;Orientation;1;1;;;;;;;13;2
26;24;34.5;10.5;3.49149322509766;26;2;1;Abreo et al. (2023);Experiment 1;Orientation;1;1;;;;;;;14;2
44;1;171.5;-9.49999999999999;4.32478737831116;26;2;1;Abreo et al. (2023);Experiment 1;Orientation;1;1;;;;;;;15;2
-65;42;31.0;-11.0;2.33291387557983;26;2;1;Abreo et al. (2023);Experiment 1;Orientation;1;1;;;;;;;16;2
-55;26;8.0;-18.0;2.78304719924927;26;2;1;Abreo et al. (2023);Experiment 1;Orientation;1;1;;;;;;;17;2
-16;121;94.0;-27.0;4.15822172164917;26;2;1;Abreo et al. (2023);Experiment 1;Orientation;1;1;;;;;;;18;2
-36;121;89.5;-31.5;4.17479634284973;26;2;1;Abreo et al. (2023);Experiment 1;Orientation;1;1;;;;;;;19;2
40;129;107.5;-21.5;2.41637182235718;26;2;1;Abreo et al. (2023);Experiment 1;Orientation;1;1;;;;;;;20;2
-80;48;14.5;-33.5;2.94136500358582;26;2;1;Abreo et al. (2023);Experiment 1;Orientation;1;1;;;;;;;21;2
77;35;21.5;-13.5;2.03317284584045;26;2;1;Abreo et al. (2023);Experiment 1;Orientation;1;1;;;;;;;22;2
47;164;164.0;0.0;2.53288578987122;26;2;1;Abreo et al. (2023);Experiment 1;Orientation;1;1;;;;;;;23;2
-73;8;14.0;6.0;2.91613554954529;26;2;1;Abreo et al. (2023);Experiment 1;Orientation;1;1;;;;;;;24;2
58;82;68.5;-13.5;2.88327169418335;26;2;1;Abreo et al. (2023);Experiment 1;Orientation;1;1;;;;;;;25;2
-75;168;144.0;-24.0;1.95812058448792;26;2;1;Abreo et al. (2023);Experiment 1;Orientation;1;1;;;;;;;26;2
-70;76;56.0;-20.0;2.09546566009521;26;3;1;Abreo et al. (2023);Experiment 1;Orientation;1;1;;;;;;;1;3
-33;64;80.5;16.5;5.60819125175476;26;3;1;Abreo et al. (2023);Experiment 1;Orientation;1;1;;;;;;;2;3
-47;175;165.5;-9.5;2.66645884513855;26;3;1;Abreo et al. (2023);Experiment 1;Orientation;1;1;;;;;;;3;3
-88;17;32.0;15.0;2.69151258468628;26;3;1;Abreo et al. (2023);Experiment 1;Orientation;1;1;;;;;;;4;3
4;5;7.0;2.0;2.51619911193848;26;3;1;Abreo et al. (2023);Experiment 1;Orientation;1;1;;;;;;;5;3
88;164;152.5;-11.5;2.11623167991638;26;3;1;Abreo et al. (2023);Experiment 1;Orientation;1;1;;;;;;;6;3
71;77;37.5;-39.5;4.93311071395874;26;3;1;Abreo et al. (2023);Experiment 1;Orientation;1;1;;;;;;;7;3
1;27;25.5;-1.5;2.27482414245605;26;3;1;Abreo et al. (2023);Experiment 1;Orientation;1;1;;;;;;;8;3
48;167;2.0;15.0;2.39989185333252;26;3;1;Abreo et al. (2023);Experiment 1;Orientation;1;1;;;;;;;9;3
-38;99;93.5;-5.5;3.499755859375;26;3;1;Abreo et al. (2023);Experiment 1;Orientation;1;1;;;;;;;10;3
-4;175;160.0;-15.0;2.8747091293335;26;3;1;Abreo et al. (2023);Experiment 1;Orientation;1;1;;;;;;;11;3
66;17;164.5;-32.5;2.87469625473022;26;3;1;Abreo et al. (2023);Experiment 1;Orientation;1;1;;;;;;;12;3
7;95;98.0;2.99999999999999;3.45804834365845;26;3;1;Abreo et al. (2023);Experiment 1;Orientation;1;1;;;;;;;13;3
-37;125;105.0;-20.0;3.30782008171082;26;3;1;Abreo et al. (2023);Experiment 1;Orientation;1;1;;;;;;;14;3
-71;87;97.0;10.0;4.2162606716156;26;3;1;Abreo et al. (2023);Experiment 1;Orientation;1;1;;;;;;;15;3
87;124;114.5;-9.49999999999999;3.04952263832092;26;3;1;Abreo et al. (2023);Experiment 1;Orientation;1;1;;;;;;;16;3
57;13;16.5;3.5;2.9163863658905;26;3;1;Abreo et al. (2023);Experiment 1;Orientation;1;1;;;;;;;17;3
51;116;128.5;12.5;2.21647334098816;26;3;1;Abreo et al. (2023);Experiment 1;Orientation;1;1;;;;;;;18;3
-51;83;79.0;-4.0;3.04966330528259;26;3;1;Abreo et al. (2023);Experiment 1;Orientation;1;1;;;;;;;19;3
-27;178;16.0;18.0;4.77477884292603;26;3;1;Abreo et al. (2023);Experiment 1;Orientation;1;1;;;;;;;20;3
-6;114;119.5;5.49999999999999;2.40814208984375;26;3;1;Abreo et al. (2023);Experiment 1;Orientation;1;1;;;;;;;21;3
49;175;178.5;3.49999999999999;5.84976959228516;26;3;1;Abreo et al. (2023);Experiment 1;Orientation;1;1;;;;;;;22;3
-32;51;80.5;29.5;3.97478318214417;26;3;1;Abreo et al. (2023);Experiment 1;Orientation;1;1;;;;;;;23;3
67;6;15.5;9.5;1.69977688789368;26;3;1;Abreo et al. (2023);Experiment 1;Orientation;1;1;;;;;;;24;3
17;113;103.5;-9.50000000000001;3.26651072502136;26;3;1;Abreo et al. (2023);Experiment 1;Orientation;1;1;;;;;;;25;3
-77;125;95.0;-30.0;4.03314161300659;26;3;1;Abreo et al. (2023);Experiment 1;Orientation;1;1;;;;;;;26;3
-28;137;138.5;1.50000000000001;2.84117460250854;26;3;1;Abreo et al. (2023);Experiment 1;Orientation;1;1;;;;;;;27;3
48;71;77.0;6.00000000000001;2.97069025039673;26;4;1;Abreo et al. (2023);Experiment 1;Orientation;1;1;;;;;;;1;4
-61;170;112.5;-57.5;2.74157381057739;26;4;1;Abreo et al. (2023);Experiment 1;Orientation;1;1;;;;;;;2;4
70;146;161.5;15.5;2.87481117248535;26;4;1;Abreo et al. (2023);Experiment 1;Orientation;1;1;;;;;;;3;4
-42;75;55.5;-19.5;2.44978427886963;26;4;1;Abreo et al. (2023);Experiment 1;Orientation;1;1;;;;;;;4;4
17;161;173.0;12.0;1.97477579116821;26;4;1;Abreo et al. (2023);Experiment 1;Orientation;1;1;;;;;;;5;4
47;52;55.0;3.0;3.1913800239563;26;4;1;Abreo et al. (2023);Experiment 1;Orientation;1;1;;;;;;;6;4
51;33;68.5;35.5;2.00804805755615;26;4;1;Abreo et al. (2023);Experiment 1;Orientation;1;1;;;;;;;7;4
-21;82;92.0;10.0;4.14950680732727;26;4;1;Abreo et al. (2023);Experiment 1;Orientation;1;1;;;;;;;8;4
-32;90;91.5;1.5;8.5581271648407;26;4;1;Abreo et al. (2023);Experiment 1;Orientation;1;1;;;;;;;9;4
-55;70;56.0;-14.0;2.3078145980835;26;4;1;Abreo et al. (2023);Experiment 1;Orientation;1;1;;;;;;;10;4
-57;50;39.5;-10.5;3.49130201339722;26;4;1;Abreo et al. (2023);Experiment 1;Orientation;1;1;;;;;;;11;4
3;161;138.5;-22.5;3.09140682220459;26;4;1;Abreo et al. (2023);Experiment 1;Orientation;1;1;;;;;;;12;4
-24;35;40.0;5.0;3.45819807052612;26;4;1;Abreo et al. (2023);Experiment 1;Orientation;1;1;;;;;;;13;4
-36;122;115.5;-6.50000000000001;3.04982113838196;26;4;1;Abreo et al. (2023);Experiment 1;Orientation;1;1;;;;;;;14;4
-55;173;150.5;-22.5;2.47453999519348;26;4;1;Abreo et al. (2023);Experiment 1;Orientation;1;1;;;;;;;15;4
48;53;54.0;0.999999999999998;3.64150214195251;26;4;1;Abreo et al. (2023);Experiment 1;Orientation;1;1;;;;;;;16;4
-82;25;36.5;11.5;3.05809211730957;26;4;1;Abreo et al. (2023);Experiment 1;Orientation;1;1;;;;;;;17;4
-69;32;38.5;6.5;2.26641201972961;26;4;1;Abreo et al. (2023);Experiment 1;Orientation;1;1;;;;;;;18;4
-18;169;153.5;-15.5;1.91641020774841;26;4;1;Abreo et al. (2023);Experiment 1;Orientation;1;1;;;;;;;19;4
20;57;59.5;2.49999999999999;2.0914831161499;26;4;1;Abreo et al. (2023);Experiment 1;Orientation;1;1;;;;;;;20;4
-69;167;123.0;-44.0;3.8413348197937;26;4;1;Abreo et al. (2023);Experiment 1;Orientation;1;1;;;;;;;21;4
5;37;35.5;-1.5;3.14959788322449;26;4;1;Abreo et al. (2023);Experiment 1;Orientation;1;1;;;;;;;22;4
67;53;79.0;26.0;3.18302154541016;26;4;1;Abreo et al. (2023);Experiment 1;Orientation;1;1;;;;;;;23;4
-60;26;40.0;14.0;2.42474579811096;26;5;1;Abreo et al. (2023);Experiment 1;Orientation;1;1;;;;;;;1;5
-53;16;28.5;12.5;2.0332567691803;26;5;1;Abreo et al. (2023);Experiment 1;Orientation;1;1;;;;;;;2;5
82;77;43.5;-33.5;3.457927942276;26;5;1;Abreo et al. (2023);Experiment 1;Orientation;1;1;;;;;;;3;5
70;73;113.5;40.5;2.19133567810059;26;5;1;Abreo et al. (2023);Experiment 1;Orientation;1;1;;;;;;;4;5
39;30;38.5;8.5;2.23319149017334;26;5;1;Abreo et al. (2023);Experiment 1;Orientation;1;1;;;;;;;5;5
-15;114;121.0;7.0;3.49989771842957;26;5;1;Abreo et al. (2023);Experiment 1;Orientation;1;1;;;;;;;6;5
-85;59;41.0;-18.0;2.89154839515686;26;5;1;Abreo et al. (2023);Experiment 1;Orientation;1;1;;;;;;;7;5
-73;51;46.0;-5.0;2.44136261940002;26;5;1;Abreo et al. (2023);Experiment 1;Orientation;1;1;;;;;;;8;5
-67;161;132.0;-29.0;1.89991617202759;26;5;1;Abreo et al. (2023);Experiment 1;Orientation;1;1;;;;;;;9;5
-24;88;95.5;7.5;3.44954252243042;26;5;1;Abreo et al. (2023);Experiment 1;Orientation;1;1;;;;;;;10;5
81;27;40.5;13.5;2.04146695137024;26;5;1;Abreo et al. (2023);Experiment 1;Orientation;1;1;;;;;;;11;5
45;117;111.5;-5.5;2.68324041366577;26;5;1;Abreo et al. (2023);Experiment 1;Orientation;1;1;;;;;;;12;5
34;96;98.0;1.99999999999999;3.5411856174469;26;5;1;Abreo et al. (2023);Experiment 1;Orientation;1;1;;;;;;;13;5
8;152;145.0;-6.99999999999999;1.73283410072327;26;5;1;Abreo et al. (2023);Experiment 1;Orientation;1;1;;;;;;;14;5
84;36;42.5;6.5;1.75814723968506;26;5;1;Abreo et al. (2023);Experiment 1;Orientation;1;1;;;;;;;15;5
-81;169;63.0;74.0;2.83280682563782;26;5;1;Abreo et al. (2023);Experiment 1;Orientation;1;1;;;;;;;16;5
-30;79;83.0;4.0;2.29989194869995;26;5;1;Abreo et al. (2023);Experiment 1;Orientation;1;1;;;;;;;17;5
23;19;27.0;8.0;1.87473201751709;26;5;1;Abreo et al. (2023);Experiment 1;Orientation;1;1;;;;;;;18;5
-82;141;139.0;-2.00000000000001;2.20824193954468;26;5;1;Abreo et al. (2023);Experiment 1;Orientation;1;1;;;;;;;19;5
67;88;90.5;2.50000000000001;3.08312964439392;26;5;1;Abreo et al. (2023);Experiment 1;Orientation;1;1;;;;;;;20;5
-19;107;105.0;-1.99999999999999;2.98311352729797;26;5;1;Abreo et al. (2023);Experiment 1;Orientation;1;1;;;;;;;21;5
-53;40;35.5;-4.5;1.83322525024414;26;5;1;Abreo et al. (2023);Experiment 1;Orientation;1;1;;;;;;;22;5
-44;1;3.5;2.5;4.25808143615723;26;5;1;Abreo et al. (2023);Experiment 1;Orientation;1;1;;;;;;;23;5
-34;117;113.5;-3.5;1.85819602012634;26;5;1;Abreo et al. (2023);Experiment 1;Orientation;1;1;;;;;;;24;5
31;116;110.0;-6.00000000000001;1.96627473831177;26;5;1;Abreo et al. (2023);Experiment 1;Orientation;1;1;;;;;;;25;5
19;124;100.5;-23.5;4.84987211227417;26;5;1;Abreo et al. (2023);Experiment 1;Orientation;1;1;;;;;;;26;5
-69;81;56.5;-24.5;4.1332528591156;26;5;1;Abreo et al. (2023);Experiment 1;Orientation;1;1;;;;;;;27;5
-48;158;67.0;89.0;3.2080500125885;26;5;1;Abreo et al. (2023);Experiment 1;Orientation;1;1;;;;;;;28;5
-9;159;136.5;-22.5;1.44149565696716;26;5;1;Abreo et al. (2023);Experiment 1;Orientation;1;1;;;;;;;29;5
83;14;50.5;36.5;2.4832239151001;26;5;1;Abreo et al. (2023);Experiment 1;Orientation;1;1;;;;;;;30;5
27;132;139.0;7.0;2.06621885299683;26;5;1;Abreo et al. (2023);Experiment 1;Orientation;1;1;;;;;;;31;5
-80;115;75.0;-40.0;3.19985055923462;26;5;1;Abreo et al. (2023);Experiment 1;Orientation;1;1;;;;;;;32;5
-28;165;154.0;-11.0;2.10798144340515;26;5;1;Abreo et al. (2023);Experiment 1;Orientation;1;1;;;;;;;33;5
28;117;110.5;-6.5;2.2580087184906;26;6;1;Abreo et al. (2023);Experiment 1;Orientation;1;1;;;;;;;1;6
-73;63;140.5;77.5;3.65796494483948;26;6;1;Abreo et al. (2023);Experiment 1;Orientation;1;1;;;;;;;2;6
-66;68;50.5;-17.5;1.8414990901947;26;6;1;Abreo et al. (2023);Experiment 1;Orientation;1;1;;;;;;;3;6
-75;161;132.5;-28.5;2.12447094917297;26;6;1;Abreo et al. (2023);Experiment 1;Orientation;1;1;;;;;;;4;6
89;97;6.5;89.5;2.34143710136414;26;6;1;Abreo et al. (2023);Experiment 1;Orientation;1;1;;;;;;;5;6
-67;143;118.5;-24.5;2.61619091033936;26;6;1;Abreo et al. (2023);Experiment 1;Orientation;1;1;;;;;;;6;6
12;133;129.0;-4.0;1.89988422393799;26;6;1;Abreo et al. (2023);Experiment 1;Orientation;1;1;;;;;;;7;6
-7;36;54.5;18.5;2.73315525054932;26;6;1;Abreo et al. (2023);Experiment 1;Orientation;1;1;;;;;;;8;6
17;33;39.0;6.0;1.81635236740112;26;6;1;Abreo et al. (2023);Experiment 1;Orientation;1;1;;;;;;;9;6
53;151;143.5;-7.49999999999999;1.76626372337341;26;6;1;Abreo et al. (2023);Experiment 1;Orientation;1;1;;;;;;;10;6
21;179;174.0;-5.00000000000002;3.08324885368347;26;6;1;Abreo et al. (2023);Experiment 1;Orientation;1;1;;;;;;;11;6
-29;7;173.0;-14.0;2.09952139854431;26;6;1;Abreo et al. (2023);Experiment 1;Orientation;1;1;;;;;;;12;6
-43;127;123.0;-4.00000000000001;2.30780935287476;26;6;1;Abreo et al. (2023);Experiment 1;Orientation;1;1;;;;;;;13;6
-45;43;35.5;-7.5;1.94973134994507;26;6;1;Abreo et al. (2023);Experiment 1;Orientation;1;1;;;;;;;14;6
-34;100;97.0;-3.00000000000001;2.38298988342285;26;6;1;Abreo et al. (2023);Experiment 1;Orientation;1;1;;;;;;;15;6
-87;70;59.0;-11.0;3.09972786903381;26;6;1;Abreo et al. (2023);Experiment 1;Orientation;1;1;;;;;;;16;6
-52;71;60.5;-10.5;2.14952635765076;26;6;1;Abreo et al. (2023);Experiment 1;Orientation;1;1;;;;;;;17;6
31;39;37.0;-2.0;2.72453045845032;26;6;1;Abreo et al. (2023);Experiment 1;Orientation;1;1;;;;;;;18;6
3;89;93.5;4.5;3.87490916252136;26;6;1;Abreo et al. (2023);Experiment 1;Orientation;1;1;;;;;;;19;6
-23;168;151.0;-17.0;1.8748664855957;26;6;1;Abreo et al. (2023);Experiment 1;Orientation;1;1;;;;;;;20;6
1;8;32.5;24.5;3.18313670158386;26;6;1;Abreo et al. (2023);Experiment 1;Orientation;1;1;;;;;;;21;6
48;72;78.0;5.99999999999999;4.01624298095703;26;6;1;Abreo et al. (2023);Experiment 1;Orientation;1;1;;;;;;;22;6
-10;128;125.0;-2.99999999999999;2.19978332519531;26;6;1;Abreo et al. (2023);Experiment 1;Orientation;1;1;;;;;;;23;6
50;97;96.5;-0.499999999999994;4.5578670501709;26;6;1;Abreo et al. (2023);Experiment 1;Orientation;1;1;;;;;;;24;6
56;29;42.0;13.0;2.03296589851379;26;6;1;Abreo et al. (2023);Experiment 1;Orientation;1;1;;;;;;;25;6
-82;179;2.0;2.99999999999999;3.07487964630127;26;6;1;Abreo et al. (2023);Experiment 1;Orientation;1;1;;;;;;;26;6
-16;113;110.0;-3.0;3.17477655410767;26;6;1;Abreo et al. (2023);Experiment 1;Orientation;1;1;;;;;;;27;6
74;155;146.0;-9.0;2.87488770484924;26;6;1;Abreo et al. (2023);Experiment 1;Orientation;1;1;;;;;;;28;6
-84;130;136.0;6.00000000000001;2.87476181983948;26;6;1;Abreo et al. (2023);Experiment 1;Orientation;1;1;;;;;;;29;6
-58;98;81.5;-16.5;2.49987959861755;26;6;1;Abreo et al. (2023);Experiment 1;Orientation;1;1;;;;;;;30;6
85;149;122.5;-26.5;2.02495574951172;27;1;1;Abreo et al. (2023);Experiment 1;Orientation;1;1;;;;;;;1;1
-87;132;119.0;-13.0;3.96650838851929;27;1;1;Abreo et al. (2023);Experiment 1;Orientation;1;1;;;;;;;2;1
75;68;63.0;-5.00000000000001;3.82466244697571;27;1;1;Abreo et al. (2023);Experiment 1;Orientation;1;1;;;;;;;3;1
48;113;128.5;15.5;2.03290605545044;27;1;1;Abreo et al. (2023);Experiment 1;Orientation;1;1;;;;;;;4;1
7;119;110.5;-8.5;3.15811014175415;27;1;1;Abreo et al. (2023);Experiment 1;Orientation;1;1;;;;;;;5;1
54;137;134.5;-2.5;2.71641397476196;27;1;1;Abreo et al. (2023);Experiment 1;Orientation;1;1;;;;;;;6;1
-86;157;152.5;-4.5;1.99979424476624;27;1;1;Abreo et al. (2023);Experiment 1;Orientation;1;1;;;;;;;7;1
81;167;141.5;-25.5;1.891188621521;27;1;1;Abreo et al. (2023);Experiment 1;Orientation;1;1;;;;;;;8;1
6;128;50.0;-78.0;1.89144229888916;27;1;1;Abreo et al. (2023);Experiment 1;Orientation;1;1;;;;;;;9;1
30;17;21.0;4.0;3.39976334571838;27;1;1;Abreo et al. (2023);Experiment 1;Orientation;1;1;;;;;;;10;1
81;117;126.5;9.49999999999999;3.19151282310486;27;1;1;Abreo et al. (2023);Experiment 1;Orientation;1;1;;;;;;;11;1
88;55;52.0;-3.0;3.4247453212738;27;1;1;Abreo et al. (2023);Experiment 1;Orientation;1;1;;;;;;;12;1
-50;162;146.5;-15.5;2.1828818321228;27;1;1;Abreo et al. (2023);Experiment 1;Orientation;1;1;;;;;;;13;1
-89;115;126.0;11.0;2.44978499412537;27;1;1;Abreo et al. (2023);Experiment 1;Orientation;1;1;;;;;;;14;1
36;126;66.5;-59.5;2.06645584106445;27;1;1;Abreo et al. (2023);Experiment 1;Orientation;1;1;;;;;;;15;1
36;173;160.0;-13.0;1.89152073860168;27;1;1;Abreo et al. (2023);Experiment 1;Orientation;1;1;;;;;;;16;1
-85;154;136.0;-18.0;2.84147214889526;27;1;1;Abreo et al. (2023);Experiment 1;Orientation;1;1;;;;;;;17;1
-1;93;71.0;-22.0;2.44969630241394;27;1;1;Abreo et al. (2023);Experiment 1;Orientation;1;1;;;;;;;18;1
-15;115;110.5;-4.5;3.40800142288208;27;1;1;Abreo et al. (2023);Experiment 1;Orientation;1;1;;;;;;;19;1
-15;22;26.0;4.0;2.30816721916199;27;1;1;Abreo et al. (2023);Experiment 1;Orientation;1;1;;;;;;;20;1
-86;31;30.5;-0.5;2.48299384117126;27;1;1;Abreo et al. (2023);Experiment 1;Orientation;1;1;;;;;;;21;1
-10;15;28.5;13.5;3.14968419075012;27;1;1;Abreo et al. (2023);Experiment 1;Orientation;1;1;;;;;;;22;1
-7;111;134.0;23.0;2.81629633903503;27;1;1;Abreo et al. (2023);Experiment 1;Orientation;1;1;;;;;;;23;1
4;78;78.5;0.500000000000006;2.39148354530334;27;1;1;Abreo et al. (2023);Experiment 1;Orientation;1;1;;;;;;;24;1
-32;105;108.0;2.99999999999999;2.67480993270874;27;1;1;Abreo et al. (2023);Experiment 1;Orientation;1;1;;;;;;;25;1
-23;132;124.5;-7.50000000000001;2.59126925468445;27;2;1;Abreo et al. (2023);Experiment 1;Orientation;1;1;;;;;;;1;2
31;141;136.0;-4.99999999999999;2.58318018913269;27;2;1;Abreo et al. (2023);Experiment 1;Orientation;1;1;;;;;;;2;2
-72;58;163.0;-75.0;2.79984474182129;27;2;1;Abreo et al. (2023);Experiment 1;Orientation;1;1;;;;;;;3;2
26;92;77.0;-15.0;2.74129772186279;27;2;1;Abreo et al. (2023);Experiment 1;Orientation;1;1;;;;;;;4;2
10;132;130.0;-2.0;1.35807704925537;27;2;1;Abreo et al. (2023);Experiment 1;Orientation;1;1;;;;;;;5;2
-81;53;48.5;-4.50000000000001;2.75812768936157;27;2;1;Abreo et al. (2023);Experiment 1;Orientation;1;1;;;;;;;6;2
-78;25;43.5;18.5;2.58308410644531;27;2;1;Abreo et al. (2023);Experiment 1;Orientation;1;1;;;;;;;7;2
10;148;134.5;-13.5;2.33301091194153;27;2;1;Abreo et al. (2023);Experiment 1;Orientation;1;1;;;;;;;8;2
-24;176;179.0;3.00000000000002;2.14956283569336;27;2;1;Abreo et al. (2023);Experiment 1;Orientation;1;1;;;;;;;9;2
-8;148;167.0;19.0;2.51615977287292;27;2;1;Abreo et al. (2023);Experiment 1;Orientation;1;1;;;;;;;10;2
33;29;35.5;6.5;3.19113445281982;27;2;1;Abreo et al. (2023);Experiment 1;Orientation;1;1;;;;;;;11;2
56;151;149.5;-1.49999999999999;2.19974899291992;27;2;1;Abreo et al. (2023);Experiment 1;Orientation;1;1;;;;;;;12;2
61;118;124.5;6.49999999999998;2.56639003753662;27;2;1;Abreo et al. (2023);Experiment 1;Orientation;1;1;;;;;;;13;2
11;50;48.5;-1.5;2.23304152488708;27;2;1;Abreo et al. (2023);Experiment 1;Orientation;1;1;;;;;;;14;2
-59;164;153.0;-11.0;2.58299255371094;27;2;1;Abreo et al. (2023);Experiment 1;Orientation;1;1;;;;;;;15;2
12;116;99.0;-17.0;2.60805821418762;27;2;1;Abreo et al. (2023);Experiment 1;Orientation;1;1;;;;;;;16;2
-63;111;118.5;7.5;2.23315715789795;27;2;1;Abreo et al. (2023);Experiment 1;Orientation;1;1;;;;;;;17;2
63;103;98.5;-4.5;2.27451753616333;27;2;1;Abreo et al. (2023);Experiment 1;Orientation;1;1;;;;;;;18;2
-79;11;18.5;7.5;2.66613411903381;27;2;1;Abreo et al. (2023);Experiment 1;Orientation;1;1;;;;;;;19;2
-24;62;60.0;-2.0;2.61642527580261;27;2;1;Abreo et al. (2023);Experiment 1;Orientation;1;1;;;;;;;20;2
19;85;80.5;-4.5;3.37451386451721;27;2;1;Abreo et al. (2023);Experiment 1;Orientation;1;1;;;;;;;21;2
11;80;80.0;-0.0;2.649658203125;27;2;1;Abreo et al. (2023);Experiment 1;Orientation;1;1;;;;;;;22;2
-43;4;14.0;10.0;2.2495641708374;27;2;1;Abreo et al. (2023);Experiment 1;Orientation;1;1;;;;;;;23;2
-37;85;70.0;-15.0;2.58311915397644;27;2;1;Abreo et al. (2023);Experiment 1;Orientation;1;1;;;;;;;24;2
-4;38;47.5;9.5;4.73280096054077;27;2;1;Abreo et al. (2023);Experiment 1;Orientation;1;1;;;;;;;25;2
66;123;128.5;5.49999999999999;2.7247257232666;27;2;1;Abreo et al. (2023);Experiment 1;Orientation;1;1;;;;;;;26;2
-18;156;172.5;16.5;2.32463908195496;27;2;1;Abreo et al. (2023);Experiment 1;Orientation;1;1;;;;;;;27;2
-18;116;106.5;-9.5;4.7078173160553;27;2;1;Abreo et al. (2023);Experiment 1;Orientation;1;1;;;;;;;28;2
25;42;22.0;-20.0;2.35881996154785;27;3;1;Abreo et al. (2023);Experiment 1;Orientation;1;1;;;;;;;1;3
9;172;168.5;-3.50000000000001;1.82473611831665;27;3;1;Abreo et al. (2023);Experiment 1;Orientation;1;1;;;;;;;2;3
-29;47;17.5;-29.5;2.0245099067688;27;3;1;Abreo et al. (2023);Experiment 1;Orientation;1;1;;;;;;;3;3
3;72;81.0;9.0;1.85802817344666;27;3;1;Abreo et al. (2023);Experiment 1;Orientation;1;1;;;;;;;4;3
-68;125;122.5;-2.5;3.09149289131165;27;3;1;Abreo et al. (2023);Experiment 1;Orientation;1;1;;;;;;;5;3
-62;152;135.0;-17.0;2.44949436187744;27;3;1;Abreo et al. (2023);Experiment 1;Orientation;1;1;;;;;;;6;3
69;147;126.0;-21.0;2.69147968292236;27;3;1;Abreo et al. (2023);Experiment 1;Orientation;1;1;;;;;;;7;3
-65;93;85.5;-7.50000000000001;2.66643905639648;27;3;1;Abreo et al. (2023);Experiment 1;Orientation;1;1;;;;;;;8;3
67;141;138.5;-2.5;2.09115743637085;27;3;1;Abreo et al. (2023);Experiment 1;Orientation;1;1;;;;;;;9;3
-63;155;143.5;-11.5;3.4580078125;27;3;1;Abreo et al. (2023);Experiment 1;Orientation;1;1;;;;;;;10;3
-34;130;114.0;-16.0;1.75818204879761;27;3;1;Abreo et al. (2023);Experiment 1;Orientation;1;1;;;;;;;11;3
89;110;108.0;-2.0;2.11648797988892;27;3;1;Abreo et al. (2023);Experiment 1;Orientation;1;1;;;;;;;12;3
-19;124;114.5;-9.49999999999999;3.28289103507996;27;3;1;Abreo et al. (2023);Experiment 1;Orientation;1;1;;;;;;;13;3
30;174;170.5;-3.49999999999999;2.3411591053009;27;3;1;Abreo et al. (2023);Experiment 1;Orientation;1;1;;;;;;;14;3
81;35;41.5;6.50000000000001;2.0998432636261;27;3;1;Abreo et al. (2023);Experiment 1;Orientation;1;1;;;;;;;15;3
-76;149;144.5;-4.5;1.82480120658875;27;3;1;Abreo et al. (2023);Experiment 1;Orientation;1;1;;;;;;;16;3
-69;147;135.0;-12.0;3.73281383514404;27;3;1;Abreo et al. (2023);Experiment 1;Orientation;1;1;;;;;;;17;3
-37;146;140.0;-6.00000000000001;3.19149708747864;27;3;1;Abreo et al. (2023);Experiment 1;Orientation;1;1;;;;;;;18;3
-27;34;33.5;-0.50000000000001;1.98289012908936;27;3;1;Abreo et al. (2023);Experiment 1;Orientation;1;1;;;;;;;19;3
6;77;72.5;-4.5;2.5412449836731;27;3;1;Abreo et al. (2023);Experiment 1;Orientation;1;1;;;;;;;20;3
75;106;118.0;12.0;2.76622414588928;27;3;1;Abreo et al. (2023);Experiment 1;Orientation;1;1;;;;;;;21;3
90;33;43.5;10.5;1.9665105342865;27;3;1;Abreo et al. (2023);Experiment 1;Orientation;1;1;;;;;;;22;3
-51;89;78.5;-10.5;2.94983792304993;27;3;1;Abreo et al. (2023);Experiment 1;Orientation;1;1;;;;;;;23;3
-74;149;149.5;0.500000000000016;2.11638116836548;27;3;1;Abreo et al. (2023);Experiment 1;Orientation;1;1;;;;;;;24;3
-23;153;152.5;-0.499999999999992;1.88292503356934;27;3;1;Abreo et al. (2023);Experiment 1;Orientation;1;1;;;;;;;25;3
-49;132;76.5;-55.5;4.20813727378845;27;3;1;Abreo et al. (2023);Experiment 1;Orientation;1;1;;;;;;;26;3
15;87;81.0;-6.0;2.80879712104797;27;4;1;Abreo et al. (2023);Experiment 1;Orientation;1;1;;;;;;;1;4
61;123;128.0;5.0;3.08309292793274;27;4;1;Abreo et al. (2023);Experiment 1;Orientation;1;1;;;;;;;2;4
43;11;26.0;15.0;1.44988679885864;27;4;1;Abreo et al. (2023);Experiment 1;Orientation;1;1;;;;;;;3;4
5;129;134.5;5.50000000000001;2.57482671737671;27;4;1;Abreo et al. (2023);Experiment 1;Orientation;1;1;;;;;;;4;4
-41;36;39.5;3.5;2.88313817977905;27;4;1;Abreo et al. (2023);Experiment 1;Orientation;1;1;;;;;;;5;4
-30;45;51.5;6.50000000000001;2.82466578483582;27;4;1;Abreo et al. (2023);Experiment 1;Orientation;1;1;;;;;;;6;4
-75;165;156.0;-9.0;1.87452363967896;27;4;1;Abreo et al. (2023);Experiment 1;Orientation;1;1;;;;;;;7;4
70;11;28.0;17.0;3.04122996330261;27;4;1;Abreo et al. (2023);Experiment 1;Orientation;1;1;;;;;;;8;4
14;13;15.5;2.5;2.63289284706116;27;4;1;Abreo et al. (2023);Experiment 1;Orientation;1;1;;;;;;;9;4
-73;168;163.5;-4.5;3.32478642463684;27;4;1;Abreo et al. (2023);Experiment 1;Orientation;1;1;;;;;;;10;4
22;68;73.0;4.99999999999999;3.78315496444702;27;4;1;Abreo et al. (2023);Experiment 1;Orientation;1;1;;;;;;;11;4
-38;167;22.0;35.0;2.61633968353271;27;4;1;Abreo et al. (2023);Experiment 1;Orientation;1;1;;;;;;;12;4
-1;139;140.0;0.999999999999988;3.14983773231506;27;4;1;Abreo et al. (2023);Experiment 1;Orientation;1;1;;;;;;;13;4
29;145;151.0;5.99999999999998;2.28314590454102;27;4;1;Abreo et al. (2023);Experiment 1;Orientation;1;1;;;;;;;14;4
60;64;73.0;9.0;2.17480826377869;27;4;1;Abreo et al. (2023);Experiment 1;Orientation;1;1;;;;;;;15;4
53;58;67.5;9.49999999999999;1.88283705711365;27;4;1;Abreo et al. (2023);Experiment 1;Orientation;1;1;;;;;;;16;4
-73;137;126.5;-10.5;2.73318791389465;27;4;1;Abreo et al. (2023);Experiment 1;Orientation;1;1;;;;;;;17;4
-4;169;169.5;0.499999999999993;1.8748242855072;27;4;1;Abreo et al. (2023);Experiment 1;Orientation;1;1;;;;;;;18;4
72;129;129.0;-0.0;3.94149708747864;27;4;1;Abreo et al. (2023);Experiment 1;Orientation;1;1;;;;;;;19;4
67;46;54.5;8.49999999999999;2.8079252243042;27;4;1;Abreo et al. (2023);Experiment 1;Orientation;1;1;;;;;;;20;4
74;74;70.5;-3.5;2.53303408622742;27;4;1;Abreo et al. (2023);Experiment 1;Orientation;1;1;;;;;;;21;4
-23;75;65.5;-9.50000000000001;5.87459397315979;27;4;1;Abreo et al. (2023);Experiment 1;Orientation;1;1;;;;;;;22;4
-37;159;162.5;3.49999999999998;2.35788297653198;27;4;1;Abreo et al. (2023);Experiment 1;Orientation;1;1;;;;;;;23;4
81;174;155.5;-18.5;2.98313236236572;27;4;1;Abreo et al. (2023);Experiment 1;Orientation;1;1;;;;;;;24;4
24;17;27.5;10.5;2.19968199729919;27;4;1;Abreo et al. (2023);Experiment 1;Orientation;1;1;;;;;;;25;4
-70;88;39.5;-48.5;2.4413685798645;27;4;1;Abreo et al. (2023);Experiment 1;Orientation;1;1;;;;;;;26;4
-13;149;139.0;-9.99999999999999;2.49151921272278;27;4;1;Abreo et al. (2023);Experiment 1;Orientation;1;1;;;;;;;27;4
12;114;117.0;3.0;2.54149389266968;27;4;1;Abreo et al. (2023);Experiment 1;Orientation;1;1;;;;;;;28;4
56;60;73.0;13.0;2.42451500892639;27;4;1;Abreo et al. (2023);Experiment 1;Orientation;1;1;;;;;;;29;4
56;97;90.0;-7.0;4.25801992416382;27;4;1;Abreo et al. (2023);Experiment 1;Orientation;1;1;;;;;;;30;4
22;54;60.0;5.99999999999999;3.89151334762573;27;4;1;Abreo et al. (2023);Experiment 1;Orientation;1;1;;;;;;;31;4
-46;30;18.0;-12.0;3.38299560546875;27;4;1;Abreo et al. (2023);Experiment 1;Orientation;1;1;;;;;;;32;4
69;21;31.0;9.99999999999999;1.90391302108765;27;5;1;Abreo et al. (2023);Experiment 1;Orientation;1;1;;;;;;;1;5
-32;6;7.0;1.0;2.22547769546509;27;5;1;Abreo et al. (2023);Experiment 1;Orientation;1;1;;;;;;;2;5
55;148;157.0;9.0;2.05784106254578;27;5;1;Abreo et al. (2023);Experiment 1;Orientation;1;1;;;;;;;3;5
77;86;80.0;-6.00000000000001;3.39140152931213;27;5;1;Abreo et al. (2023);Experiment 1;Orientation;1;1;;;;;;;4;5
-63;141;144.0;2.99999999999999;4.132972240448;27;5;1;Abreo et al. (2023);Experiment 1;Orientation;1;1;;;;;;;5;5
68;29;43.0;14.0;4.09143900871277;27;5;1;Abreo et al. (2023);Experiment 1;Orientation;1;1;;;;;;;6;5
-57;132;104.5;-27.5;3.30785512924194;27;5;1;Abreo et al. (2023);Experiment 1;Orientation;1;1;;;;;;;7;5
69;18;31.0;13.0;3.04151105880737;27;5;1;Abreo et al. (2023);Experiment 1;Orientation;1;1;;;;;;;8;5
-2;68;69.0;0.999999999999991;5.54950141906738;27;5;1;Abreo et al. (2023);Experiment 1;Orientation;1;1;;;;;;;9;5
49;126;127.5;1.50000000000001;2.93306612968445;27;5;1;Abreo et al. (2023);Experiment 1;Orientation;1;1;;;;;;;10;5
-12;56;55.0;-0.999999999999999;2.65817403793335;27;5;1;Abreo et al. (2023);Experiment 1;Orientation;1;1;;;;;;;11;5
-34;161;154.5;-6.5;2.00792098045349;27;5;1;Abreo et al. (2023);Experiment 1;Orientation;1;1;;;;;;;12;5
-7;100;110.0;10.0;3.98303270339966;27;5;1;Abreo et al. (2023);Experiment 1;Orientation;1;1;;;;;;;13;5
-70;149;75.5;-73.5;2.31643748283386;27;5;1;Abreo et al. (2023);Experiment 1;Orientation;1;1;;;;;;;14;5
-56;162;157.0;-5.0;1.95803618431091;27;5;1;Abreo et al. (2023);Experiment 1;Orientation;1;1;;;;;;;15;5
67;19;30.5;11.5;3.64136624336243;27;5;1;Abreo et al. (2023);Experiment 1;Orientation;1;1;;;;;;;16;5
34;93;96.0;3.0;3.64131307601929;27;5;1;Abreo et al. (2023);Experiment 1;Orientation;1;1;;;;;;;17;5
-49;46;57.5;11.5;2.58291888237;27;5;1;Abreo et al. (2023);Experiment 1;Orientation;1;1;;;;;;;18;5
90;154;123.5;-30.5;3.59982991218567;27;5;1;Abreo et al. (2023);Experiment 1;Orientation;1;1;;;;;;;19;5
-49;127;128.0;0.999999999999993;2.51616716384888;27;5;1;Abreo et al. (2023);Experiment 1;Orientation;1;1;;;;;;;20;5
34;179;175.0;-4.00000000000001;1.66616225242615;27;5;1;Abreo et al. (2023);Experiment 1;Orientation;1;1;;;;;;;21;5
82;159;151.0;-8.00000000000001;2.34136486053467;27;5;1;Abreo et al. (2023);Experiment 1;Orientation;1;1;;;;;;;22;5
-40;24;25.5;1.5;2.04137778282166;27;5;1;Abreo et al. (2023);Experiment 1;Orientation;1;1;;;;;;;23;5
-64;93;110.5;17.5;2.75798487663269;27;5;1;Abreo et al. (2023);Experiment 1;Orientation;1;1;;;;;;;24;5
-58;106;110.5;4.5;3.54973697662354;27;5;1;Abreo et al. (2023);Experiment 1;Orientation;1;1;;;;;;;25;5
71;140;141.0;1.00000000000002;2.23283720016479;27;5;1;Abreo et al. (2023);Experiment 1;Orientation;1;1;;;;;;;26;5
88;160;147.5;-12.5;3.0664541721344;27;5;1;Abreo et al. (2023);Experiment 1;Orientation;1;1;;;;;;;27;5
-70;178;172.5;-5.49999999999999;2.84141898155212;27;5;1;Abreo et al. (2023);Experiment 1;Orientation;1;1;;;;;;;28;5
80;81;78.0;-3.0;2.27466607093811;27;6;1;Abreo et al. (2023);Experiment 1;Orientation;1;1;;;;;;;1;6
55;168;171.5;3.49999999999999;3.27469348907471;27;6;1;Abreo et al. (2023);Experiment 1;Orientation;1;1;;;;;;;2;6
52;70;80.0;10.0;2.21644067764282;27;6;1;Abreo et al. (2023);Experiment 1;Orientation;1;1;;;;;;;3;6
-65;25;32.0;7.0;1.63316249847412;27;6;1;Abreo et al. (2023);Experiment 1;Orientation;1;1;;;;;;;4;6
66;70;72.5;2.50000000000001;2.58312630653381;27;6;1;Abreo et al. (2023);Experiment 1;Orientation;1;1;;;;;;;5;6
-5;85;84.5;-0.500000000000006;1.59978914260864;27;6;1;Abreo et al. (2023);Experiment 1;Orientation;1;1;;;;;;;6;6
39;120;121.5;1.50000000000001;2.28313183784485;27;6;1;Abreo et al. (2023);Experiment 1;Orientation;1;1;;;;;;;7;6
39;166;172.0;6.00000000000001;3.34141612052917;27;6;1;Abreo et al. (2023);Experiment 1;Orientation;1;1;;;;;;;8;6
-42;10;7.0;-3.0;2.40810418128967;27;6;1;Abreo et al. (2023);Experiment 1;Orientation;1;1;;;;;;;9;6
-27;147;140.0;-7.0;2.94979333877563;27;6;1;Abreo et al. (2023);Experiment 1;Orientation;1;1;;;;;;;10;6
3;96;100.5;4.5;2.09985637664795;27;6;1;Abreo et al. (2023);Experiment 1;Orientation;1;1;;;;;;;11;6
2;151;141.5;-9.49999999999999;1.89137291908264;27;6;1;Abreo et al. (2023);Experiment 1;Orientation;1;1;;;;;;;12;6
-4;142;135.0;-7.0;3.13289618492126;27;6;1;Abreo et al. (2023);Experiment 1;Orientation;1;1;;;;;;;13;6
-73;66;67.5;1.5;2.04116487503052;27;6;1;Abreo et al. (2023);Experiment 1;Orientation;1;1;;;;;;;14;6
1;64;68.0;4.0;2.43304824829102;27;6;1;Abreo et al. (2023);Experiment 1;Orientation;1;1;;;;;;;15;6
-22;141;138.5;-2.5;3.39119458198547;27;6;1;Abreo et al. (2023);Experiment 1;Orientation;1;1;;;;;;;16;6
52;168;155.5;-12.5;1.97468423843384;27;6;1;Abreo et al. (2023);Experiment 1;Orientation;1;1;;;;;;;17;6
85;113;111.5;-1.50000000000001;2.59957718849182;27;6;1;Abreo et al. (2023);Experiment 1;Orientation;1;1;;;;;;;18;6
37;141;146.5;5.49999999999999;1.70782494544983;27;6;1;Abreo et al. (2023);Experiment 1;Orientation;1;1;;;;;;;19;6
-36;6;175.0;-11.0;2.41648697853088;27;6;1;Abreo et al. (2023);Experiment 1;Orientation;1;1;;;;;;;20;6
51;27;39.0;12.0;2.24148344993591;27;6;1;Abreo et al. (2023);Experiment 1;Orientation;1;1;;;;;;;21;6
16;175;173.0;-2.0;1.78316378593445;27;6;1;Abreo et al. (2023);Experiment 1;Orientation;1;1;;;;;;;22;6
23;33;57.0;24.0;2.74149298667908;27;6;1;Abreo et al. (2023);Experiment 1;Orientation;1;1;;;;;;;23;6
-70;83;82.5;-0.500000000000005;2.57469630241394;27;6;1;Abreo et al. (2023);Experiment 1;Orientation;1;1;;;;;;;24;6
-63;149;132.0;-17.0;1.71614098548889;27;6;1;Abreo et al. (2023);Experiment 1;Orientation;1;1;;;;;;;25;6
-63;74;60.5;-13.5;1.87445664405823;27;6;1;Abreo et al. (2023);Experiment 1;Orientation;1;1;;;;;;;26;6
-60;21;27.0;6.0;2.24949502944946;27;6;1;Abreo et al. (2023);Experiment 1;Orientation;1;1;;;;;;;27;6
82;74;80.0;5.99999999999999;1.85798382759094;27;6;1;Abreo et al. (2023);Experiment 1;Orientation;1;1;;;;;;;28;6
41;167;164.5;-2.5;3.60795640945435;27;6;1;Abreo et al. (2023);Experiment 1;Orientation;1;1;;;;;;;29;6
28;80;87.0;7.0;3.09973073005676;27;6;1;Abreo et al. (2023);Experiment 1;Orientation;1;1;;;;;;;30;6
-47;21;18.0;-3.0;1.95807003974915;27;6;1;Abreo et al. (2023);Experiment 1;Orientation;1;1;;;;;;;31;6
-30;178;178.5;0.499999999999994;2.14132595062256;27;6;1;Abreo et al. (2023);Experiment 1;Orientation;1;1;;;;;;;32;6
36;179;172.5;-6.5;2.85805439949036;27;6;1;Abreo et al. (2023);Experiment 1;Orientation;1;1;;;;;;;33;6
59;115;140.5;25.5;1.33806657791138;28;1;1;Abreo et al. (2023);Experiment 1;Orientation;1;1;;;;;;;1;1
-46;69;52.5;-16.5;2.29803967475891;28;1;1;Abreo et al. (2023);Experiment 1;Orientation;1;1;;;;;;;2;1
39;89;87.5;-1.5;1.86779141426086;28;1;1;Abreo et al. (2023);Experiment 1;Orientation;1;1;;;;;;;3;1
-88;5;14.5;9.5;1.49810171127319;28;1;1;Abreo et al. (2023);Experiment 1;Orientation;1;1;;;;;;;4;1
-66;174;164.0;-9.99999999999998;2.53834557533264;28;1;1;Abreo et al. (2023);Experiment 1;Orientation;1;1;;;;;;;5;1
39;73;132.5;59.5;1.9280846118927;28;1;1;Abreo et al. (2023);Experiment 1;Orientation;1;1;;;;;;;6;1
14;97;83.5;-13.5;2.32815456390381;28;1;1;Abreo et al. (2023);Experiment 1;Orientation;1;1;;;;;;;7;1
-89;30;52.5;22.5;1.90813755989075;28;1;1;Abreo et al. (2023);Experiment 1;Orientation;1;1;;;;;;;8;1
29;104;62.0;-42.0;1.57814049720764;28;1;1;Abreo et al. (2023);Experiment 1;Orientation;1;1;;;;;;;9;1
34;24;30.0;5.99999999999999;1.53813767433167;28;1;1;Abreo et al. (2023);Experiment 1;Orientation;1;1;;;;;;;10;1
39;147;137.5;-9.49999999999999;2.31813669204712;28;1;1;Abreo et al. (2023);Experiment 1;Orientation;1;1;;;;;;;11;1
34;111;103.5;-7.50000000000001;1.49788069725037;28;1;1;Abreo et al. (2023);Experiment 1;Orientation;1;1;;;;;;;12;1
-26;122;117.5;-4.5;1.53792858123779;28;1;1;Abreo et al. (2023);Experiment 1;Orientation;1;1;;;;;;;13;1
-67;115;126.5;11.5;1.53817939758301;28;1;1;Abreo et al. (2023);Experiment 1;Orientation;1;1;;;;;;;14;1
30;167;163.5;-3.49999999999999;1.70784378051758;28;1;1;Abreo et al. (2023);Experiment 1;Orientation;1;1;;;;;;;15;1
-47;130;118.0;-12.0;1.56815242767334;28;1;1;Abreo et al. (2023);Experiment 1;Orientation;1;1;;;;;;;16;1
60;13;33.5;20.5;1.25817656517029;28;1;1;Abreo et al. (2023);Experiment 1;Orientation;1;1;;;;;;;17;1
49;64;77.0;13.0;2.31815695762634;28;1;1;Abreo et al. (2023);Experiment 1;Orientation;1;1;;;;;;;18;1
86;108;116.0;8.00000000000001;2.59813237190247;28;1;1;Abreo et al. (2023);Experiment 1;Orientation;1;1;;;;;;;19;1
-70;97;96.5;-0.499999999999994;1.53814458847046;28;1;1;Abreo et al. (2023);Experiment 1;Orientation;1;1;;;;;;;20;1
48;38;31.5;-6.50000000000001;1.68806171417236;28;1;1;Abreo et al. (2023);Experiment 1;Orientation;1;1;;;;;;;21;1
68;120;136.5;16.5;1.51809930801392;28;1;1;Abreo et al. (2023);Experiment 1;Orientation;1;1;;;;;;;22;1
-58;12;38.5;26.5;2.03807735443115;28;1;1;Abreo et al. (2023);Experiment 1;Orientation;1;1;;;;;;;23;1
43;88;94.0;6.00000000000001;2.07811069488525;28;1;1;Abreo et al. (2023);Experiment 1;Orientation;1;1;;;;;;;24;1
40;75;86.5;11.5;1.58796191215515;28;1;1;Abreo et al. (2023);Experiment 1;Orientation;1;1;;;;;;;25;1
89;27;52.0;25.0;2.14809966087341;28;1;1;Abreo et al. (2023);Experiment 1;Orientation;1;1;;;;;;;26;1
-20;162;159.0;-2.99999999999999;1.2281174659729;28;1;1;Abreo et al. (2023);Experiment 1;Orientation;1;1;;;;;;;27;1
-15;125;151.0;26.0;1.85807847976685;28;1;1;Abreo et al. (2023);Experiment 1;Orientation;1;1;;;;;;;28;1
37;23;165.0;-38.0;1.40785670280457;28;1;1;Abreo et al. (2023);Experiment 1;Orientation;1;1;;;;;;;29;1
-43;98;118.5;20.5;1.79805874824524;28;1;1;Abreo et al. (2023);Experiment 1;Orientation;1;1;;;;;;;30;1
-11;111;125.0;14.0;1.0379958152771;28;1;1;Abreo et al. (2023);Experiment 1;Orientation;1;1;;;;;;;31;1
-13;179;153.0;-26.0;1.83811569213867;28;1;1;Abreo et al. (2023);Experiment 1;Orientation;1;1;;;;;;;32;1
-40;94;82.0;-12.0;1.97864151000977;28;2;1;Abreo et al. (2023);Experiment 1;Orientation;1;1;;;;;;;1;2
72;15;15.5;0.5;1.29808378219604;28;2;1;Abreo et al. (2023);Experiment 1;Orientation;1;1;;;;;;;2;2
5;11;158.0;-33.0;1.59850692749023;28;2;1;Abreo et al. (2023);Experiment 1;Orientation;1;1;;;;;;;3;2
-83;29;45.0;16.0;1.87794494628906;28;2;1;Abreo et al. (2023);Experiment 1;Orientation;1;1;;;;;;;4;2
-85;133;131.5;-1.49999999999998;1.52790117263794;28;2;1;Abreo et al. (2023);Experiment 1;Orientation;1;1;;;;;;;5;2
-89;124;113.5;-10.5;2.10812282562256;28;2;1;Abreo et al. (2023);Experiment 1;Orientation;1;1;;;;;;;6;2
-12;70;62.5;-7.49999999999999;2.70775055885315;28;2;1;Abreo et al. (2023);Experiment 1;Orientation;1;1;;;;;;;7;2
56;46;55.5;9.49999999999999;1.61798214912415;28;2;1;Abreo et al. (2023);Experiment 1;Orientation;1;1;;;;;;;8;2
18;97;82.5;-14.5;2.69811582565308;28;2;1;Abreo et al. (2023);Experiment 1;Orientation;1;1;;;;;;;9;2
88;17;26.0;8.99999999999999;1.45808935165405;28;2;1;Abreo et al. (2023);Experiment 1;Orientation;1;1;;;;;;;10;2
-54;8;172.5;-15.5;1.54817581176758;28;2;1;Abreo et al. (2023);Experiment 1;Orientation;1;1;;;;;;;11;2
-68;39;23.5;-15.5;1.52811694145203;28;2;1;Abreo et al. (2023);Experiment 1;Orientation;1;1;;;;;;;12;2
51;148;148.5;0.499999999999995;9.2378876209259;28;2;1;Abreo et al. (2023);Experiment 1;Orientation;1;1;;;;;;;13;2
-46;30;16.0;-14.0;1.38805675506592;28;2;1;Abreo et al. (2023);Experiment 1;Orientation;1;1;;;;;;;14;2
16;133;118.5;-14.5;1.69815897941589;28;2;1;Abreo et al. (2023);Experiment 1;Orientation;1;1;;;;;;;15;2
2;58;166.0;-72.0;2.87811827659607;28;2;1;Abreo et al. (2023);Experiment 1;Orientation;1;1;;;;;;;16;2
-83;144;75.0;-69.0;2.28786468505859;28;2;1;Abreo et al. (2023);Experiment 1;Orientation;1;1;;;;;;;17;2
84;109;108.0;-1.0;1.62813758850098;28;2;1;Abreo et al. (2023);Experiment 1;Orientation;1;1;;;;;;;18;2
-49;15;10.0;-5.0;1.89798188209534;28;2;1;Abreo et al. (2023);Experiment 1;Orientation;1;1;;;;;;;19;2
-42;175;171.5;-3.50000000000001;1.78793954849243;28;2;1;Abreo et al. (2023);Experiment 1;Orientation;1;1;;;;;;;20;2
-29;167;148.0;-19.0;1.96780157089233;28;2;1;Abreo et al. (2023);Experiment 1;Orientation;1;1;;;;;;;21;2
-73;56;13.5;-42.5;1.54774904251099;28;2;1;Abreo et al. (2023);Experiment 1;Orientation;1;1;;;;;;;22;2
-59;103;14.0;-89.0;1.89800763130188;28;2;1;Abreo et al. (2023);Experiment 1;Orientation;1;1;;;;;;;23;2
-33;157;153.0;-4.0;3.60810780525208;28;2;1;Abreo et al. (2023);Experiment 1;Orientation;1;1;;;;;;;24;2
36;19;28.0;9.0;1.41813373565674;28;2;1;Abreo et al. (2023);Experiment 1;Orientation;1;1;;;;;;;25;2
-44;155;166.0;11.0;2.44813442230225;28;2;1;Abreo et al. (2023);Experiment 1;Orientation;1;1;;;;;;;26;2
-63;8;150.0;-38.0;2.49809098243713;28;2;1;Abreo et al. (2023);Experiment 1;Orientation;1;1;;;;;;;27;2
-48;172;142.0;-30.0;1.42819142341614;28;2;1;Abreo et al. (2023);Experiment 1;Orientation;1;1;;;;;;;28;2
42;150;39.0;69.0;1.3181037902832;28;2;1;Abreo et al. (2023);Experiment 1;Orientation;1;1;;;;;;;29;2
0;76;70.5;-5.5;1.76872897148132;28;3;1;Abreo et al. (2023);Experiment 1;Orientation;1;1;;;;;;;1;3
-46;74;50.5;-23.5;2.19812250137329;28;3;1;Abreo et al. (2023);Experiment 1;Orientation;1;1;;;;;;;2;3
1;130;124.0;-6.00000000000001;1.78815007209778;28;3;1;Abreo et al. (2023);Experiment 1;Orientation;1;1;;;;;;;3;3
13;107;116.0;9.00000000000001;1.35801458358765;28;3;1;Abreo et al. (2023);Experiment 1;Orientation;1;1;;;;;;;4;3
8;49;39.5;-9.5;1.89793944358826;28;3;1;Abreo et al. (2023);Experiment 1;Orientation;1;1;;;;;;;5;3
85;81;138.5;57.5;1.34779047966003;28;3;1;Abreo et al. (2023);Experiment 1;Orientation;1;1;;;;;;;6;3
-85;108;109.0;1.0;2.28783655166626;28;3;1;Abreo et al. (2023);Experiment 1;Orientation;1;1;;;;;;;7;3
-46;10;16.5;6.5;1.59786367416382;28;3;1;Abreo et al. (2023);Experiment 1;Orientation;1;1;;;;;;;8;3
46;131;135.5;4.5;1.8278112411499;28;3;1;Abreo et al. (2023);Experiment 1;Orientation;1;1;;;;;;;9;3
88;175;167.5;-7.49999999999999;2.17796540260315;28;3;1;Abreo et al. (2023);Experiment 1;Orientation;1;1;;;;;;;10;3
-48;163;147.5;-15.5;1.66786479949951;28;3;1;Abreo et al. (2023);Experiment 1;Orientation;1;1;;;;;;;11;3
-87;100;16.0;-84.0;1.79812860488892;28;3;1;Abreo et al. (2023);Experiment 1;Orientation;1;1;;;;;;;12;3
87;155;143.5;-11.5;1.52813506126404;28;3;1;Abreo et al. (2023);Experiment 1;Orientation;1;1;;;;;;;13;3
30;23;38.5;15.5;1.39807200431824;28;3;1;Abreo et al. (2023);Experiment 1;Orientation;1;1;;;;;;;14;3
28;70;57.5;-12.5;1.68811464309692;28;3;1;Abreo et al. (2023);Experiment 1;Orientation;1;1;;;;;;;15;3
1;6;56.5;50.5;3.56808972358704;28;3;1;Abreo et al. (2023);Experiment 1;Orientation;1;1;;;;;;;16;3
-39;69;57.5;-11.5;1.88800692558289;28;3;1;Abreo et al. (2023);Experiment 1;Orientation;1;1;;;;;;;17;3
9;161;161.5;0.499999999999996;1.3680408000946;28;3;1;Abreo et al. (2023);Experiment 1;Orientation;1;1;;;;;;;18;3
78;95;172.0;77.0;2.21807026863098;28;3;1;Abreo et al. (2023);Experiment 1;Orientation;1;1;;;;;;;19;3
-7;142;165.0;23.0;2.02800488471985;28;3;1;Abreo et al. (2023);Experiment 1;Orientation;1;1;;;;;;;20;3
-47;112;133.5;21.5;1.45815753936768;28;3;1;Abreo et al. (2023);Experiment 1;Orientation;1;1;;;;;;;21;3
-30;37;122.5;85.5;2.87790536880493;28;3;1;Abreo et al. (2023);Experiment 1;Orientation;1;1;;;;;;;22;3
-36;79;47.0;-32.0;1.66811656951904;28;3;1;Abreo et al. (2023);Experiment 1;Orientation;1;1;;;;;;;23;3
49;43;41.5;-1.5;3.29811954498291;28;3;1;Abreo et al. (2023);Experiment 1;Orientation;1;1;;;;;;;24;3
-62;45;107.5;62.5;1.59812617301941;28;3;1;Abreo et al. (2023);Experiment 1;Orientation;1;1;;;;;;;25;3
-4;25;29.5;4.5;1.42822861671448;28;3;1;Abreo et al. (2023);Experiment 1;Orientation;1;1;;;;;;;26;3
-28;144;154.0;10.0;2.03818440437317;28;3;1;Abreo et al. (2023);Experiment 1;Orientation;1;1;;;;;;;27;3
-37;144;154.0;10.0;1.67813420295715;28;3;1;Abreo et al. (2023);Experiment 1;Orientation;1;1;;;;;;;28;3
-1;86;78.5;-7.50000000000001;1.85792922973633;28;3;1;Abreo et al. (2023);Experiment 1;Orientation;1;1;;;;;;;29;3
-45;152;90.5;-61.5;1.52780485153198;28;3;1;Abreo et al. (2023);Experiment 1;Orientation;1;1;;;;;;;30;3
-47;95;86.0;-9.0;1.45250988006592;28;4;1;Abreo et al. (2023);Experiment 1;Orientation;1;1;;;;;;;1;4
12;130;118.5;-11.5;1.94884967803955;28;4;1;Abreo et al. (2023);Experiment 1;Orientation;1;1;;;;;;;2;4
76;114;128.5;14.5;1.59782791137695;28;4;1;Abreo et al. (2023);Experiment 1;Orientation;1;1;;;;;;;3;4
-90;71;144.5;73.5;10.907514333725;28;4;1;Abreo et al. (2023);Experiment 1;Orientation;1;1;;;;;;;4;4
8;105;77.0;-28.0;1.80784344673157;28;4;1;Abreo et al. (2023);Experiment 1;Orientation;1;1;;;;;;;5;4
2;104;76.5;-27.5;2.06811356544495;28;4;1;Abreo et al. (2023);Experiment 1;Orientation;1;1;;;;;;;6;4
-30;149;136.5;-12.5;1.39813995361328;28;4;1;Abreo et al. (2023);Experiment 1;Orientation;1;1;;;;;;;7;4
-74;65;171.0;-74.0;2.05782079696655;28;4;1;Abreo et al. (2023);Experiment 1;Orientation;1;1;;;;;;;8;4
29;44;8.5;-35.5;1.73803281784058;28;4;1;Abreo et al. (2023);Experiment 1;Orientation;1;1;;;;;;;9;4
14;173;174.5;1.50000000000001;1.92807269096375;28;4;1;Abreo et al. (2023);Experiment 1;Orientation;1;1;;;;;;;10;4
16;140;107.0;-33.0;1.34802675247192;28;4;1;Abreo et al. (2023);Experiment 1;Orientation;1;1;;;;;;;11;4
85;29;28.5;-0.500000000000002;1.45816159248352;28;4;1;Abreo et al. (2023);Experiment 1;Orientation;1;1;;;;;;;12;4
-30;41;30.0;-11.0;1.77815699577332;28;4;1;Abreo et al. (2023);Experiment 1;Orientation;1;1;;;;;;;13;4
-71;44;31.0;-13.0;1.21804070472717;28;4;1;Abreo et al. (2023);Experiment 1;Orientation;1;1;;;;;;;14;4
80;142;145.5;3.50000000000001;2.18816637992859;28;4;1;Abreo et al. (2023);Experiment 1;Orientation;1;1;;;;;;;15;4
68;153;28.5;55.5;1.35791754722595;28;4;1;Abreo et al. (2023);Experiment 1;Orientation;1;1;;;;;;;16;4
34;151;154.5;3.50000000000001;1.81813430786133;28;4;1;Abreo et al. (2023);Experiment 1;Orientation;1;1;;;;;;;17;4
-36;151;141.5;-9.49999999999999;1.31809282302856;28;4;1;Abreo et al. (2023);Experiment 1;Orientation;1;1;;;;;;;18;4
62;27;29.5;2.50000000000001;1.59819960594177;28;4;1;Abreo et al. (2023);Experiment 1;Orientation;1;1;;;;;;;19;4
73;23;19.0;-4.0;1.5382080078125;28;4;1;Abreo et al. (2023);Experiment 1;Orientation;1;1;;;;;;;20;4
31;87;71.5;-15.5;1.23810768127441;28;4;1;Abreo et al. (2023);Experiment 1;Orientation;1;1;;;;;;;21;4
-55;64;54.0;-10.0;2.03797340393066;28;4;1;Abreo et al. (2023);Experiment 1;Orientation;1;1;;;;;;;22;4
75;127;171.5;44.5;1.82815051078796;28;4;1;Abreo et al. (2023);Experiment 1;Orientation;1;1;;;;;;;23;4
7;62;45.0;-17.0;1.67805290222168;28;4;1;Abreo et al. (2023);Experiment 1;Orientation;1;1;;;;;;;24;4
-21;157;165.5;8.5;2.00779938697815;28;4;1;Abreo et al. (2023);Experiment 1;Orientation;1;1;;;;;;;25;4
83;25;122.5;-82.5;1.69815635681152;28;4;1;Abreo et al. (2023);Experiment 1;Orientation;1;1;;;;;;;26;4
-30;61;68.0;7.00000000000001;1.50800943374634;28;4;1;Abreo et al. (2023);Experiment 1;Orientation;1;1;;;;;;;27;4
-14;50;48.0;-2.0;1.60807967185974;28;4;1;Abreo et al. (2023);Experiment 1;Orientation;1;1;;;;;;;28;4
-80;36;5.0;-31.0;1.97798442840576;28;4;1;Abreo et al. (2023);Experiment 1;Orientation;1;1;;;;;;;29;4
-17;149;156.0;7.0;2.2681131362915;28;4;1;Abreo et al. (2023);Experiment 1;Orientation;1;1;;;;;;;30;4
-33;125;116.5;-8.5;1.3981397151947;28;4;1;Abreo et al. (2023);Experiment 1;Orientation;1;1;;;;;;;31;4
-46;2;157.5;-24.5;2.0078272819519;28;4;1;Abreo et al. (2023);Experiment 1;Orientation;1;1;;;;;;;32;4
-65;178;8.5;10.5;1.84796786308289;28;4;1;Abreo et al. (2023);Experiment 1;Orientation;1;1;;;;;;;33;4
2;6;172.5;-13.5;1.47877955436707;28;5;1;Abreo et al. (2023);Experiment 1;Orientation;1;1;;;;;;;1;5
-40;82;59.0;-23.0;1.78802847862244;28;5;1;Abreo et al. (2023);Experiment 1;Orientation;1;1;;;;;;;2;5
-86;40;33.5;-6.5;1.29816889762878;28;5;1;Abreo et al. (2023);Experiment 1;Orientation;1;1;;;;;;;3;5
-82;76;170.5;-85.5;1.74813842773438;28;5;1;Abreo et al. (2023);Experiment 1;Orientation;1;1;;;;;;;4;5
89;58;19.5;-38.5;1.44836068153381;28;5;1;Abreo et al. (2023);Experiment 1;Orientation;1;1;;;;;;;5;5
-67;49;132.0;83.0;1.36803150177002;28;5;1;Abreo et al. (2023);Experiment 1;Orientation;1;1;;;;;;;6;5
8;46;32.5;-13.5;1.78815245628357;28;5;1;Abreo et al. (2023);Experiment 1;Orientation;1;1;;;;;;;7;5
25;85;73.5;-11.5;1.52798771858215;28;5;1;Abreo et al. (2023);Experiment 1;Orientation;1;1;;;;;;;8;5
27;137;128.5;-8.50000000000001;1.3980987071991;28;5;1;Abreo et al. (2023);Experiment 1;Orientation;1;1;;;;;;;9;5
-62;89;112.0;23.0;1.52801752090454;28;5;1;Abreo et al. (2023);Experiment 1;Orientation;1;1;;;;;;;10;5
-40;50;16.0;-34.0;1.44812154769897;28;5;1;Abreo et al. (2023);Experiment 1;Orientation;1;1;;;;;;;11;5
62;148;153.5;5.49999999999998;1.40812492370605;28;5;1;Abreo et al. (2023);Experiment 1;Orientation;1;1;;;;;;;12;5
-38;138;129.0;-9.0;1.23817300796509;28;5;1;Abreo et al. (2023);Experiment 1;Orientation;1;1;;;;;;;13;5
73;156;32.5;56.5;1.12816286087036;28;5;1;Abreo et al. (2023);Experiment 1;Orientation;1;1;;;;;;;14;5
10;151;135.5;-15.5;1.60831880569458;28;5;1;Abreo et al. (2023);Experiment 1;Orientation;1;1;;;;;;;15;5
64;116;119.0;2.99999999999999;1.44810438156128;28;5;1;Abreo et al. (2023);Experiment 1;Orientation;1;1;;;;;;;16;5
52;168;170.0;2.0;1.33814382553101;28;5;1;Abreo et al. (2023);Experiment 1;Orientation;1;1;;;;;;;17;5
70;73;23.0;-50.0;1.3677966594696;28;5;1;Abreo et al. (2023);Experiment 1;Orientation;1;1;;;;;;;18;5
6;134;147.0;13.0;1.64812064170837;28;5;1;Abreo et al. (2023);Experiment 1;Orientation;1;1;;;;;;;19;5
51;28;30.5;2.5;1.49809598922729;28;5;1;Abreo et al. (2023);Experiment 1;Orientation;1;1;;;;;;;20;5
39;105;113.0;8.0;1.34791445732117;28;5;1;Abreo et al. (2023);Experiment 1;Orientation;1;1;;;;;;;21;5
56;0;175.5;-4.49999999999999;1.26780390739441;28;5;1;Abreo et al. (2023);Experiment 1;Orientation;1;1;;;;;;;22;5
52;60;44.0;-16.0;1.30786299705505;28;5;1;Abreo et al. (2023);Experiment 1;Orientation;1;1;;;;;;;23;5
83;42;44.5;2.5;1.43809366226196;28;5;1;Abreo et al. (2023);Experiment 1;Orientation;1;1;;;;;;;24;5
-35;43;36.0;-7.0;1.59800958633423;28;5;1;Abreo et al. (2023);Experiment 1;Orientation;1;1;;;;;;;25;5
58;7;13.0;6.0;1.41813135147095;28;5;1;Abreo et al. (2023);Experiment 1;Orientation;1;1;;;;;;;26;5
3;47;33.0;-14.0;1.22814750671387;28;5;1;Abreo et al. (2023);Experiment 1;Orientation;1;1;;;;;;;27;5
-73;157;173.5;16.5;1.68811941146851;28;5;1;Abreo et al. (2023);Experiment 1;Orientation;1;1;;;;;;;28;5
78;36;43.5;7.49999999999999;1.45799446105957;28;5;1;Abreo et al. (2023);Experiment 1;Orientation;1;1;;;;;;;29;5
-75;35;18.5;-16.5;1.3380982875824;28;5;1;Abreo et al. (2023);Experiment 1;Orientation;1;1;;;;;;;30;5
9;57;133.0;76.0;2.19807124137878;28;5;1;Abreo et al. (2023);Experiment 1;Orientation;1;1;;;;;;;31;5
81;160;154.5;-5.49999999999999;1.43802285194397;28;5;1;Abreo et al. (2023);Experiment 1;Orientation;1;1;;;;;;;32;5
-79;7;22.0;15.0;1.6279468536377;28;5;1;Abreo et al. (2023);Experiment 1;Orientation;1;1;;;;;;;33;5
-66;109;106.5;-2.5;1.38812780380249;28;5;1;Abreo et al. (2023);Experiment 1;Orientation;1;1;;;;;;;34;5
57;47;58.0;11.0;2.07803225517273;28;5;1;Abreo et al. (2023);Experiment 1;Orientation;1;1;;;;;;;35;5
-17;46;38.0;-8.0;1.73803067207336;28;6;1;Abreo et al. (2023);Experiment 1;Orientation;1;1;;;;;;;1;6
35;50;59.0;9.00000000000001;1.67819905281067;28;6;1;Abreo et al. (2023);Experiment 1;Orientation;1;1;;;;;;;2;6
73;36;58.5;22.5;1.26812195777893;28;6;1;Abreo et al. (2023);Experiment 1;Orientation;1;1;;;;;;;3;6
74;67;52.0;-15.0;1.29817652702332;28;6;1;Abreo et al. (2023);Experiment 1;Orientation;1;1;;;;;;;4;6
-71;26;15.5;-10.5;1.23779940605164;28;6;1;Abreo et al. (2023);Experiment 1;Orientation;1;1;;;;;;;5;6
-32;176;166.5;-9.49999999999999;1.74806451797485;28;6;1;Abreo et al. (2023);Experiment 1;Orientation;1;1;;;;;;;6;6
62;88;97.5;9.50000000000001;1.66816067695618;28;6;1;Abreo et al. (2023);Experiment 1;Orientation;1;1;;;;;;;7;6
-63;129;104.0;-25.0;1.35815286636353;28;6;1;Abreo et al. (2023);Experiment 1;Orientation;1;1;;;;;;;8;6
-11;68;74.5;6.49999999999999;1.88780856132507;28;6;1;Abreo et al. (2023);Experiment 1;Orientation;1;1;;;;;;;9;6
-49;111;96.5;-14.5;1.33820343017578;28;6;1;Abreo et al. (2023);Experiment 1;Orientation;1;1;;;;;;;10;6
17;167;156.0;-11.0;1.50814962387085;28;6;1;Abreo et al. (2023);Experiment 1;Orientation;1;1;;;;;;;11;6
85;97;139.5;42.5;1.40804243087769;28;6;1;Abreo et al. (2023);Experiment 1;Orientation;1;1;;;;;;;12;6
-32;91;175.5;84.5;2.12799787521362;28;6;1;Abreo et al. (2023);Experiment 1;Orientation;1;1;;;;;;;13;6
-46;6;9.0;3.0;1.9079647064209;28;6;1;Abreo et al. (2023);Experiment 1;Orientation;1;1;;;;;;;14;6
84;170;153.5;-16.5;1.44804739952087;28;6;1;Abreo et al. (2023);Experiment 1;Orientation;1;1;;;;;;;15;6
-38;118;107.0;-11.0;2.08782625198364;28;6;1;Abreo et al. (2023);Experiment 1;Orientation;1;1;;;;;;;16;6
29;160;142.5;-17.5;1.83778190612793;28;6;1;Abreo et al. (2023);Experiment 1;Orientation;1;1;;;;;;;17;6
14;121;122.0;0.999999999999989;1.36817765235901;28;6;1;Abreo et al. (2023);Experiment 1;Orientation;1;1;;;;;;;18;6
-57;36;37.0;1.0;2.13835763931274;28;6;1;Abreo et al. (2023);Experiment 1;Orientation;1;1;;;;;;;19;6
76;46;43.5;-2.50000000000001;1.79782748222351;28;6;1;Abreo et al. (2023);Experiment 1;Orientation;1;1;;;;;;;20;6
-19;156;145.0;-11.0;1.43809628486633;28;6;1;Abreo et al. (2023);Experiment 1;Orientation;1;1;;;;;;;21;6
74;100;118.0;18.0;1.70838260650635;28;6;1;Abreo et al. (2023);Experiment 1;Orientation;1;1;;;;;;;22;6
39;96;54.5;-41.5;1.47782111167908;28;6;1;Abreo et al. (2023);Experiment 1;Orientation;1;1;;;;;;;23;6
55;108;123.0;15.0;1.94794845581055;28;6;1;Abreo et al. (2023);Experiment 1;Orientation;1;1;;;;;;;24;6
2;40;48.0;8.0;1.82813668251038;28;6;1;Abreo et al. (2023);Experiment 1;Orientation;1;1;;;;;;;25;6
-45;170;156.5;-13.5;1.53813481330872;28;6;1;Abreo et al. (2023);Experiment 1;Orientation;1;1;;;;;;;26;6
44;11;45.0;34.0;1.31790232658386;28;6;1;Abreo et al. (2023);Experiment 1;Orientation;1;1;;;;;;;27;6
-83;37;31.5;-5.5;1.51814579963684;28;6;1;Abreo et al. (2023);Experiment 1;Orientation;1;1;;;;;;;28;6
-61;38;34.5;-3.5;2.17796850204468;28;6;1;Abreo et al. (2023);Experiment 1;Orientation;1;1;;;;;;;29;6
33;128;117.0;-11.0;1.57809162139893;28;6;1;Abreo et al. (2023);Experiment 1;Orientation;1;1;;;;;;;30;6
13;54;42.0;-12.0;1.25815391540527;28;6;1;Abreo et al. (2023);Experiment 1;Orientation;1;1;;;;;;;31;6
-27;35;28.5;-6.5;1.91812372207642;28;6;1;Abreo et al. (2023);Experiment 1;Orientation;1;1;;;;;;;32;6
83;100;112.5;12.5;1.34806847572327;28;6;1;Abreo et al. (2023);Experiment 1;Orientation;1;1;;;;;;;33;6
29;135;15.5;60.5;0.75849437713623;28;6;1;Abreo et al. (2023);Experiment 1;Orientation;1;1;;;;;;;34;6
-11;166;169.0;2.99999999999999;1.48781943321228;28;6;1;Abreo et al. (2023);Experiment 1;Orientation;1;1;;;;;;;35;6
63;68;108.5;40.5;1.57813715934753;28;6;1;Abreo et al. (2023);Experiment 1;Orientation;1;1;;;;;;;36;6
-2;17;24.0;7.0;1.93813443183899;28;6;1;Abreo et al. (2023);Experiment 1;Orientation;1;1;;;;;;;37;6
-56;1;2.5;1.5;1.4381856918335;28;6;1;Abreo et al. (2023);Experiment 1;Orientation;1;1;;;;;;;38;6
59;32;139.5;-72.5;1.37810754776001;28;6;1;Abreo et al. (2023);Experiment 1;Orientation;1;1;;;;;;;39;6
-67;69;9.5;-59.5;2.09812760353088;28;6;1;Abreo et al. (2023);Experiment 1;Orientation;1;1;;;;;;;40;6
71;177;179.0;2.0;1.33829092979431;28;6;1;Abreo et al. (2023);Experiment 1;Orientation;1;1;;;;;;;41;6
-30;0;164.0;-16.0;1.40811777114868;28;6;1;Abreo et al. (2023);Experiment 1;Orientation;1;1;;;;;;;42;6
-33;16;32.5;16.5;2.78670954704285;29;1;1;Abreo et al. (2023);Experiment 1;Orientation;1;1;;;;;;;1;1
-60;110;113.5;3.5;1.75001811981201;29;1;1;Abreo et al. (2023);Experiment 1;Orientation;1;1;;;;;;;2;1
-11;137;131.0;-6.00000000000001;1.57482695579529;29;1;1;Abreo et al. (2023);Experiment 1;Orientation;1;1;;;;;;;3;1
43;24;34.0;10.0;1.94987368583679;29;1;1;Abreo et al. (2023);Experiment 1;Orientation;1;1;;;;;;;4;1
-39;72;59.0;-13.0;1.81652760505676;29;1;1;Abreo et al. (2023);Experiment 1;Orientation;1;1;;;;;;;5;1
-46;32;48.5;16.5;1.51654672622681;29;1;1;Abreo et al. (2023);Experiment 1;Orientation;1;1;;;;;;;6;1
-85;150;131.5;-18.5;2.28318953514099;29;1;1;Abreo et al. (2023);Experiment 1;Orientation;1;1;;;;;;;7;1
19;153;156.0;2.99999999999999;1.36631178855896;29;1;1;Abreo et al. (2023);Experiment 1;Orientation;1;1;;;;;;;8;1
36;169;30.0;41.0;1.48320960998535;29;1;1;Abreo et al. (2023);Experiment 1;Orientation;1;1;;;;;;;9;1
-12;153;147.0;-6.00000000000001;1.10804963111877;29;1;1;Abreo et al. (2023);Experiment 1;Orientation;1;1;;;;;;;10;1
43;30;45.5;15.5;1.71651577949524;29;1;1;Abreo et al. (2023);Experiment 1;Orientation;1;1;;;;;;;11;1
-48;116;115.5;-0.500000000000023;1.44148635864258;29;1;1;Abreo et al. (2023);Experiment 1;Orientation;1;1;;;;;;;12;1
-36;64;51.5;-12.5;2.15783071517944;29;1;1;Abreo et al. (2023);Experiment 1;Orientation;1;1;;;;;;;13;1
-46;8;23.5;15.5;1.37480401992798;29;1;1;Abreo et al. (2023);Experiment 1;Orientation;1;1;;;;;;;14;1
72;62;51.5;-10.5;2.8665189743042;29;1;1;Abreo et al. (2023);Experiment 1;Orientation;1;1;;;;;;;15;1
40;14;39.0;25.0;1.97491979598999;29;1;1;Abreo et al. (2023);Experiment 1;Orientation;1;1;;;;;;;16;1
80;100;32.0;-68.0;1.49153351783752;29;1;1;Abreo et al. (2023);Experiment 1;Orientation;1;1;;;;;;;17;1
-70;94;65.5;-28.5;1.67466473579407;29;1;1;Abreo et al. (2023);Experiment 1;Orientation;1;1;;;;;;;18;1
-38;84;84.0;-0.0;2.29988861083984;29;1;1;Abreo et al. (2023);Experiment 1;Orientation;1;1;;;;;;;19;1
27;125;129.0;3.99999999999998;1.12453269958496;29;1;1;Abreo et al. (2023);Experiment 1;Orientation;1;1;;;;;;;20;1
-70;167;61.0;74.0;2.88310670852661;29;1;1;Abreo et al. (2023);Experiment 1;Orientation;1;1;;;;;;;21;1
16;2;18.5;16.5;2.00809669494629;29;1;1;Abreo et al. (2023);Experiment 1;Orientation;1;1;;;;;;;22;1
-36;111;110.0;-1.0;1.374587059021;29;1;1;Abreo et al. (2023);Experiment 1;Orientation;1;1;;;;;;;23;1
70;157;47.0;70.0;1.45809888839722;29;1;1;Abreo et al. (2023);Experiment 1;Orientation;1;1;;;;;;;24;1
76;106;6.5;80.5;1.17487287521362;29;1;1;Abreo et al. (2023);Experiment 1;Orientation;1;1;;;;;;;25;1
11;12;27.0;15.0;1.30798530578613;29;1;1;Abreo et al. (2023);Experiment 1;Orientation;1;1;;;;;;;26;1
-54;109;127.0;18.0;1.69972634315491;29;1;1;Abreo et al. (2023);Experiment 1;Orientation;1;1;;;;;;;27;1
-68;161;115.0;-46.0;1.29154944419861;29;1;1;Abreo et al. (2023);Experiment 1;Orientation;1;1;;;;;;;28;1
-65;23;39.5;16.5;1.6412181854248;29;1;1;Abreo et al. (2023);Experiment 1;Orientation;1;1;;;;;;;29;1
-40;39;35.0;-4.0;1.53312063217163;29;1;1;Abreo et al. (2023);Experiment 1;Orientation;1;1;;;;;;;30;1
57;0;16.5;16.5;1.52454662322998;29;1;1;Abreo et al. (2023);Experiment 1;Orientation;1;1;;;;;;;31;1
48;118;114.5;-3.50000000000001;1.54142260551453;29;1;1;Abreo et al. (2023);Experiment 1;Orientation;1;1;;;;;;;32;1
-33;34;49.5;15.5;1.98319482803345;29;1;1;Abreo et al. (2023);Experiment 1;Orientation;1;1;;;;;;;33;1
32;173;52.0;59.0;2.01651930809021;29;1;1;Abreo et al. (2023);Experiment 1;Orientation;1;1;;;;;;;34;1
31;36;52.0;16.0;1.50799512863159;29;1;1;Abreo et al. (2023);Experiment 1;Orientation;1;1;;;;;;;35;1
-72;64;50.0;-14.0;1.74978852272034;29;2;1;Abreo et al. (2023);Experiment 1;Orientation;1;1;;;;;;;1;2
-11;75;49.0;-26.0;1.52476763725281;29;2;1;Abreo et al. (2023);Experiment 1;Orientation;1;1;;;;;;;2;2
46;24;45.0;21.0;1.49953460693359;29;2;1;Abreo et al. (2023);Experiment 1;Orientation;1;1;;;;;;;3;2
-1;37;54.0;17.0;1.87450337409973;29;2;1;Abreo et al. (2023);Experiment 1;Orientation;1;1;;;;;;;4;2
83;97;14.0;-83.0;1.62478065490723;29;2;1;Abreo et al. (2023);Experiment 1;Orientation;1;1;;;;;;;5;2
7;54;60.5;6.5;1.50821375846863;29;2;1;Abreo et al. (2023);Experiment 1;Orientation;1;1;;;;;;;6;2
21;22;21.0;-1.0;1.7578022480011;29;2;1;Abreo et al. (2023);Experiment 1;Orientation;1;1;;;;;;;7;2
-85;77;98.5;21.5;2.00789403915405;29;2;1;Abreo et al. (2023);Experiment 1;Orientation;1;1;;;;;;;8;2
29;130;112.0;-18.0;1.77483320236206;29;2;1;Abreo et al. (2023);Experiment 1;Orientation;1;1;;;;;;;9;2
-84;127;116.5;-10.5;2.02488541603088;29;2;1;Abreo et al. (2023);Experiment 1;Orientation;1;1;;;;;;;10;2
-71;42;40.5;-1.5;1.6081964969635;29;2;1;Abreo et al. (2023);Experiment 1;Orientation;1;1;;;;;;;11;2
9;125;124.0;-1.00000000000002;1.67487549781799;29;2;1;Abreo et al. (2023);Experiment 1;Orientation;1;1;;;;;;;12;2
27;25;44.5;19.5;1.32480597496033;29;2;1;Abreo et al. (2023);Experiment 1;Orientation;1;1;;;;;;;13;2
23;58;58.0;-0.0;1.49151682853699;29;2;1;Abreo et al. (2023);Experiment 1;Orientation;1;1;;;;;;;14;2
-53;37;52.5;15.5;2.25819158554077;29;2;1;Abreo et al. (2023);Experiment 1;Orientation;1;1;;;;;;;15;2
-84;26;34.0;8.00000000000001;1.85816359519958;29;2;1;Abreo et al. (2023);Experiment 1;Orientation;1;1;;;;;;;16;2
56;31;35.0;4.0;1.19960808753967;29;2;1;Abreo et al. (2023);Experiment 1;Orientation;1;1;;;;;;;17;2
84;101;122.5;21.5;1.39969277381897;29;2;1;Abreo et al. (2023);Experiment 1;Orientation;1;1;;;;;;;18;2
36;120;130.0;10.0;1.28308272361755;29;2;1;Abreo et al. (2023);Experiment 1;Orientation;1;1;;;;;;;19;2
27;2;10.5;8.5;2.14144563674927;29;2;1;Abreo et al. (2023);Experiment 1;Orientation;1;1;;;;;;;20;2
-58;15;33.5;18.5;1.43321490287781;29;2;1;Abreo et al. (2023);Experiment 1;Orientation;1;1;;;;;;;21;2
-39;106;114.0;8.00000000000001;1.79975581169128;29;2;1;Abreo et al. (2023);Experiment 1;Orientation;1;1;;;;;;;22;2
-47;73;58.0;-15.0;1.47466611862183;29;2;1;Abreo et al. (2023);Experiment 1;Orientation;1;1;;;;;;;23;2
-84;117;47.0;-70.0;2.88286232948303;29;2;1;Abreo et al. (2023);Experiment 1;Orientation;1;1;;;;;;;24;2
6;114;128.0;14.0;1.58323049545288;29;2;1;Abreo et al. (2023);Experiment 1;Orientation;1;1;;;;;;;25;2
14;47;50.0;3.0;1.3330614566803;29;2;1;Abreo et al. (2023);Experiment 1;Orientation;1;1;;;;;;;26;2
-13;58;45.5;-12.5;1.62465071678162;29;2;1;Abreo et al. (2023);Experiment 1;Orientation;1;1;;;;;;;27;2
83;40;63.5;23.5;1.52450251579285;29;2;1;Abreo et al. (2023);Experiment 1;Orientation;1;1;;;;;;;28;2
-44;170;55.0;65.0;1.59138965606689;29;2;1;Abreo et al. (2023);Experiment 1;Orientation;1;1;;;;;;;29;2
-47;16;33.5;17.5;1.27483201026917;29;2;1;Abreo et al. (2023);Experiment 1;Orientation;1;1;;;;;;;30;2
42;59;57.5;-1.50000000000001;1.13318848609924;29;3;1;Abreo et al. (2023);Experiment 1;Orientation;1;1;;;;;;;1;3
-23;168;155.5;-12.5;1.69147109985352;29;3;1;Abreo et al. (2023);Experiment 1;Orientation;1;1;;;;;;;2;3
38;150;143.5;-6.50000000000001;1.27489352226257;29;3;1;Abreo et al. (2023);Experiment 1;Orientation;1;1;;;;;;;3;3
-59;128;119.5;-8.50000000000001;1.1748206615448;29;3;1;Abreo et al. (2023);Experiment 1;Orientation;1;1;;;;;;;4;3
-23;47;50.5;3.5;1.69156551361084;29;3;1;Abreo et al. (2023);Experiment 1;Orientation;1;1;;;;;;;5;3
-13;86;72.0;-14.0;1.60815477371216;29;3;1;Abreo et al. (2023);Experiment 1;Orientation;1;1;;;;;;;6;3
49;36;43.5;7.49999999999999;1.35815382003784;29;3;1;Abreo et al. (2023);Experiment 1;Orientation;1;1;;;;;;;7;3
-30;44;55.5;11.5;1.24964284896851;29;3;1;Abreo et al. (2023);Experiment 1;Orientation;1;1;;;;;;;8;3
-60;131;99.5;-31.5;1.48324537277222;29;3;1;Abreo et al. (2023);Experiment 1;Orientation;1;1;;;;;;;9;3
20;103;107.5;4.5;1.49987077713013;29;3;1;Abreo et al. (2023);Experiment 1;Orientation;1;1;;;;;;;10;3
-6;169;146.0;-23.0;1.3662645816803;29;3;1;Abreo et al. (2023);Experiment 1;Orientation;1;1;;;;;;;11;3
71;45;50.0;5.0;1.41639852523804;29;3;1;Abreo et al. (2023);Experiment 1;Orientation;1;1;;;;;;;12;3
45;165;51.0;66.0;1.7165367603302;29;3;1;Abreo et al. (2023);Experiment 1;Orientation;1;1;;;;;;;13;3
69;126;134.5;8.5;1.62490129470825;29;3;1;Abreo et al. (2023);Experiment 1;Orientation;1;1;;;;;;;14;3
50;31;37.5;6.50000000000001;1.24157977104187;29;3;1;Abreo et al. (2023);Experiment 1;Orientation;1;1;;;;;;;15;3
89;147;126.0;-21.0;1.19955468177795;29;3;1;Abreo et al. (2023);Experiment 1;Orientation;1;1;;;;;;;16;3
77;76;97.0;21.0;1.24990010261536;29;3;1;Abreo et al. (2023);Experiment 1;Orientation;1;1;;;;;;;17;3
-2;103;112.0;9.0;1.62490653991699;29;3;1;Abreo et al. (2023);Experiment 1;Orientation;1;1;;;;;;;18;3
88;38;51.5;13.5;1.25805377960205;29;3;1;Abreo et al. (2023);Experiment 1;Orientation;1;1;;;;;;;19;3
6;58;55.0;-3.0;2.04139733314514;29;3;1;Abreo et al. (2023);Experiment 1;Orientation;1;1;;;;;;;20;3
55;61;96.0;35.0;2.13285160064697;29;3;1;Abreo et al. (2023);Experiment 1;Orientation;1;1;;;;;;;21;3
-60;102;117.0;15.0;1.10807275772095;29;3;1;Abreo et al. (2023);Experiment 1;Orientation;1;1;;;;;;;22;3
76;79;142.0;63.0;1.54120278358459;29;3;1;Abreo et al. (2023);Experiment 1;Orientation;1;1;;;;;;;23;3
-67;115;34.5;-80.5;1.65815472602844;29;3;1;Abreo et al. (2023);Experiment 1;Orientation;1;1;;;;;;;24;3
77;106;148.0;42.0;1.67447471618652;29;3;1;Abreo et al. (2023);Experiment 1;Orientation;1;1;;;;;;;25;3
-90;139;34.0;75.0;1.42450547218323;29;3;1;Abreo et al. (2023);Experiment 1;Orientation;1;1;;;;;;;26;3
-65;127;127.0;-0.0;1.38306474685669;29;3;1;Abreo et al. (2023);Experiment 1;Orientation;1;1;;;;;;;27;3
19;58;55.0;-3.0;1.79965209960938;29;3;1;Abreo et al. (2023);Experiment 1;Orientation;1;1;;;;;;;28;3
46;133;120.5;-12.5;1.38284993171692;29;3;1;Abreo et al. (2023);Experiment 1;Orientation;1;1;;;;;;;29;3
33;148;24.5;56.5;1.44989037513733;29;3;1;Abreo et al. (2023);Experiment 1;Orientation;1;1;;;;;;;30;3
49;159;9.5;30.5;1.49954271316528;29;3;1;Abreo et al. (2023);Experiment 1;Orientation;1;1;;;;;;;31;3
42;135;146.0;11.0;1.63282942771912;29;3;1;Abreo et al. (2023);Experiment 1;Orientation;1;1;;;;;;;32;3
2;111;121.0;10.0;1.23297119140625;29;3;1;Abreo et al. (2023);Experiment 1;Orientation;1;1;;;;;;;33;3
-30;178;49.0;51.0;1.58289337158203;29;3;1;Abreo et al. (2023);Experiment 1;Orientation;1;1;;;;;;;34;3
14;79;66.5;-12.5;2.09980535507202;29;3;1;Abreo et al. (2023);Experiment 1;Orientation;1;1;;;;;;;35;3
25;151;116.5;-34.5;1.44146156311035;29;3;1;Abreo et al. (2023);Experiment 1;Orientation;1;1;;;;;;;36;3
85;113;149.5;36.5;2.94972705841064;29;3;1;Abreo et al. (2023);Experiment 1;Orientation;1;1;;;;;;;37;3
-13;155;137.5;-17.5;1.62463927268982;29;3;1;Abreo et al. (2023);Experiment 1;Orientation;1;1;;;;;;;38;3
-58;48;54.5;6.5;2.09976696968079;29;4;1;Abreo et al. (2023);Experiment 1;Orientation;1;1;;;;;;;1;4
-67;135;131.0;-4.00000000000001;1.46654462814331;29;4;1;Abreo et al. (2023);Experiment 1;Orientation;1;1;;;;;;;2;4
39;165;38.5;53.5;1.44140696525574;29;4;1;Abreo et al. (2023);Experiment 1;Orientation;1;1;;;;;;;3;4
78;61;55.5;-5.49999999999999;1.45810055732727;29;4;1;Abreo et al. (2023);Experiment 1;Orientation;1;1;;;;;;;4;4
3;155;149.0;-6.00000000000001;1.55808043479919;29;4;1;Abreo et al. (2023);Experiment 1;Orientation;1;1;;;;;;;5;4
51;13;43.0;30.0;1.28323745727539;29;4;1;Abreo et al. (2023);Experiment 1;Orientation;1;1;;;;;;;6;4
90;93;122.0;29.0;1.49155640602112;29;4;1;Abreo et al. (2023);Experiment 1;Orientation;1;1;;;;;;;7;4
7;88;96.0;8.00000000000001;2.4330792427063;29;4;1;Abreo et al. (2023);Experiment 1;Orientation;1;1;;;;;;;8;4
-54;88;74.0;-14.0;2.67467284202576;29;4;1;Abreo et al. (2023);Experiment 1;Orientation;1;1;;;;;;;9;4
-46;18;40.5;22.5;2.01620531082153;29;4;1;Abreo et al. (2023);Experiment 1;Orientation;1;1;;;;;;;10;4
83;157;47.0;70.0;1.32479643821716;29;4;1;Abreo et al. (2023);Experiment 1;Orientation;1;1;;;;;;;11;4
-60;162;116.0;-46.0;1.22469425201416;29;4;1;Abreo et al. (2023);Experiment 1;Orientation;1;1;;;;;;;12;4
24;79;99.0;20.0;2.07490563392639;29;4;1;Abreo et al. (2023);Experiment 1;Orientation;1;1;;;;;;;13;4
41;12;49.5;37.5;1.62492036819458;29;4;1;Abreo et al. (2023);Experiment 1;Orientation;1;1;;;;;;;14;4
32;103;106.0;2.99999999999999;1.47472381591797;29;4;1;Abreo et al. (2023);Experiment 1;Orientation;1;1;;;;;;;15;4
-64;179;122.5;-56.5;1.49159502983093;29;4;1;Abreo et al. (2023);Experiment 1;Orientation;1;1;;;;;;;16;4
84;140;118.5;-21.5;1.466383934021;29;4;1;Abreo et al. (2023);Experiment 1;Orientation;1;1;;;;;;;17;4
-85;169;138.0;-31.0;1.54960703849792;29;4;1;Abreo et al. (2023);Experiment 1;Orientation;1;1;;;;;;;18;4
-63;57;51.0;-6.0;1.74990677833557;29;4;1;Abreo et al. (2023);Experiment 1;Orientation;1;1;;;;;;;19;4
86;41;49.0;8.0;1.50822854042053;29;4;1;Abreo et al. (2023);Experiment 1;Orientation;1;1;;;;;;;20;4
78;101;115.5;14.5;1.42473936080933;29;4;1;Abreo et al. (2023);Experiment 1;Orientation;1;1;;;;;;;21;4
-15;152;124.0;-28.0;2.03312683105469;29;4;1;Abreo et al. (2023);Experiment 1;Orientation;1;1;;;;;;;22;4
-38;7;42.0;35.0;1.57470226287842;29;4;1;Abreo et al. (2023);Experiment 1;Orientation;1;1;;;;;;;23;4
-45;163;42.5;59.5;1.72449970245361;29;4;1;Abreo et al. (2023);Experiment 1;Orientation;1;1;;;;;;;24;4
9;48;53.0;5.0;1.53323030471802;29;4;1;Abreo et al. (2023);Experiment 1;Orientation;1;1;;;;;;;25;4
39;51;51.5;0.500000000000002;1.49971079826355;29;4;1;Abreo et al. (2023);Experiment 1;Orientation;1;1;;;;;;;26;4
-83;158;126.0;-32.0;1.67465233802795;29;4;1;Abreo et al. (2023);Experiment 1;Orientation;1;1;;;;;;;27;4
-21;92;94.5;2.5;1.59159541130066;29;4;1;Abreo et al. (2023);Experiment 1;Orientation;1;1;;;;;;;28;4
76;81;97.5;16.5;1.99127960205078;29;4;1;Abreo et al. (2023);Experiment 1;Orientation;1;1;;;;;;;29;4
-49;133;115.5;-17.5;1.75822567939758;29;4;1;Abreo et al. (2023);Experiment 1;Orientation;1;1;;;;;;;30;4
33;51;45.5;-5.5;1.99947905540466;29;4;1;Abreo et al. (2023);Experiment 1;Orientation;1;1;;;;;;;31;4
54;7;68.5;61.5;2.1494824886322;29;4;1;Abreo et al. (2023);Experiment 1;Orientation;1;1;;;;;;;32;4
-73;173;115.0;-58.0;1.8582239151001;29;5;1;Abreo et al. (2023);Experiment 1;Orientation;1;1;;;;;;;1;5
59;80;72.0;-8.0;1.74131274223328;29;5;1;Abreo et al. (2023);Experiment 1;Orientation;1;1;;;;;;;2;5
-13;62;56.5;-5.49999999999999;1.78319263458252;29;5;1;Abreo et al. (2023);Experiment 1;Orientation;1;1;;;;;;;3;5
73;110;114.5;4.5;1.3248336315155;29;5;1;Abreo et al. (2023);Experiment 1;Orientation;1;1;;;;;;;4;5
4;171;12.5;21.5;1.60786461830139;29;5;1;Abreo et al. (2023);Experiment 1;Orientation;1;1;;;;;;;5;5
-54;6;37.5;31.5;2.30815935134888;29;5;1;Abreo et al. (2023);Experiment 1;Orientation;1;1;;;;;;;6;5
-26;15;31.5;16.5;1.7995502948761;29;5;1;Abreo et al. (2023);Experiment 1;Orientation;1;1;;;;;;;7;5
-48;101;103.0;2.0;1.37477040290833;29;5;1;Abreo et al. (2023);Experiment 1;Orientation;1;1;;;;;;;8;5
28;125;113.0;-12.0;1.26644396781921;29;5;1;Abreo et al. (2023);Experiment 1;Orientation;1;1;;;;;;;9;5
89;56;60.5;4.5;1.41657876968384;29;5;1;Abreo et al. (2023);Experiment 1;Orientation;1;1;;;;;;;10;5
-88;154;145.5;-8.50000000000001;1.48290753364563;29;5;1;Abreo et al. (2023);Experiment 1;Orientation;1;1;;;;;;;11;5
-2;118;132.5;14.5;1.67483043670654;29;5;1;Abreo et al. (2023);Experiment 1;Orientation;1;1;;;;;;;12;5
42;47;65.0;18.0;1.59988737106323;29;5;1;Abreo et al. (2023);Experiment 1;Orientation;1;1;;;;;;;13;5
-21;3;9.0;6.0;1.93327188491821;29;5;1;Abreo et al. (2023);Experiment 1;Orientation;1;1;;;;;;;14;5
-4;54;61.5;7.5;1.41647553443909;29;5;1;Abreo et al. (2023);Experiment 1;Orientation;1;1;;;;;;;15;5
-36;29;41.0;12.0;1.57488369941711;29;5;1;Abreo et al. (2023);Experiment 1;Orientation;1;1;;;;;;;16;5
-64;115;123.0;8.00000000000001;1.74142503738403;29;5;1;Abreo et al. (2023);Experiment 1;Orientation;1;1;;;;;;;17;5
36;1;32.5;31.5;2.26654839515686;29;5;1;Abreo et al. (2023);Experiment 1;Orientation;1;1;;;;;;;18;5
48;170;13.0;23.0;1.88288044929504;29;5;1;Abreo et al. (2023);Experiment 1;Orientation;1;1;;;;;;;19;5
-24;122;115.0;-7.0;1.4831554889679;29;5;1;Abreo et al. (2023);Experiment 1;Orientation;1;1;;;;;;;20;5
38;151;132.0;-19.0;1.53292655944824;29;5;1;Abreo et al. (2023);Experiment 1;Orientation;1;1;;;;;;;21;5
33;97;105.5;8.5;1.41617059707642;29;5;1;Abreo et al. (2023);Experiment 1;Orientation;1;1;;;;;;;22;5
87;110;36.5;-73.5;2.04982876777649;29;5;1;Abreo et al. (2023);Experiment 1;Orientation;1;1;;;;;;;23;5
-63;115;123.0;8.00000000000001;1.40793967247009;29;5;1;Abreo et al. (2023);Experiment 1;Orientation;1;1;;;;;;;24;5
16;98;112.0;14.0;1.37450742721558;29;5;1;Abreo et al. (2023);Experiment 1;Orientation;1;1;;;;;;;25;5
80;165;136.0;-29.0;1.2831654548645;29;5;1;Abreo et al. (2023);Experiment 1;Orientation;1;1;;;;;;;26;5
74;69;63.0;-6.0;1.53309059143066;29;5;1;Abreo et al. (2023);Experiment 1;Orientation;1;1;;;;;;;27;5
-39;132;109.5;-22.5;1.25823426246643;29;5;1;Abreo et al. (2023);Experiment 1;Orientation;1;1;;;;;;;28;5
51;136;45.5;89.5;2.23285961151123;29;5;1;Abreo et al. (2023);Experiment 1;Orientation;1;1;;;;;;;29;5
-45;146;122.0;-24.0;1.53316068649292;29;5;1;Abreo et al. (2023);Experiment 1;Orientation;1;1;;;;;;;30;5
11;14;27.5;13.5;1.34982061386108;29;5;1;Abreo et al. (2023);Experiment 1;Orientation;1;1;;;;;;;31;5
-80;37;38.5;1.5;1.59146857261658;29;5;1;Abreo et al. (2023);Experiment 1;Orientation;1;1;;;;;;;32;5
30;76;105.5;29.5;1.83290839195251;29;5;1;Abreo et al. (2023);Experiment 1;Orientation;1;1;;;;;;;33;5
31;3;40.0;37.0;2.84116148948669;29;6;1;Abreo et al. (2023);Experiment 1;Orientation;1;1;;;;;;;1;6
55;30;38.5;8.5;1.35786867141724;29;6;1;Abreo et al. (2023);Experiment 1;Orientation;1;1;;;;;;;2;6
35;170;32.0;42.0;1.78324341773987;29;6;1;Abreo et al. (2023);Experiment 1;Orientation;1;1;;;;;;;3;6
-52;4;10.0;6.0;1.49990630149841;29;6;1;Abreo et al. (2023);Experiment 1;Orientation;1;1;;;;;;;4;6
-54;46;40.5;-5.50000000000001;1.48314738273621;29;6;1;Abreo et al. (2023);Experiment 1;Orientation;1;1;;;;;;;5;6
26;125;127.5;2.49999999999999;1.3913791179657;29;6;1;Abreo et al. (2023);Experiment 1;Orientation;1;1;;;;;;;6;6
54;161;151.5;-9.50000000000002;1.19140863418579;29;6;1;Abreo et al. (2023);Experiment 1;Orientation;1;1;;;;;;;7;6
-34;38;44.5;6.5;1.61641216278076;29;6;1;Abreo et al. (2023);Experiment 1;Orientation;1;1;;;;;;;8;6
42;41;52.5;11.5;2.04952573776245;29;6;1;Abreo et al. (2023);Experiment 1;Orientation;1;1;;;;;;;9;6
66;40;49.5;9.5;1.25802850723267;29;6;1;Abreo et al. (2023);Experiment 1;Orientation;1;1;;;;;;;10;6
-64;149;136.0;-13.0;1.39115238189697;29;6;1;Abreo et al. (2023);Experiment 1;Orientation;1;1;;;;;;;11;6
22;4;18.5;14.5;3.08303570747375;29;6;1;Abreo et al. (2023);Experiment 1;Orientation;1;1;;;;;;;12;6
-61;32;62.5;30.5;1.73308157920837;29;6;1;Abreo et al. (2023);Experiment 1;Orientation;1;1;;;;;;;13;6
-14;177;9.0;12.0;1.40806150436401;29;6;1;Abreo et al. (2023);Experiment 1;Orientation;1;1;;;;;;;14;6
77;1;51.0;50.0;1.80808854103088;29;6;1;Abreo et al. (2023);Experiment 1;Orientation;1;1;;;;;;;15;6
4;119;103.0;-16.0;2.62490177154541;29;6;1;Abreo et al. (2023);Experiment 1;Orientation;1;1;;;;;;;16;6
45;115;116.5;1.50000000000001;1.17487454414368;29;6;1;Abreo et al. (2023);Experiment 1;Orientation;1;1;;;;;;;17;6
43;13;31.0;18.0;1.51646447181702;29;6;1;Abreo et al. (2023);Experiment 1;Orientation;1;1;;;;;;;18;6
-9;44;48.0;4.0;1.29985117912292;29;6;1;Abreo et al. (2023);Experiment 1;Orientation;1;1;;;;;;;19;6
19;110;117.0;7.0;1.06634426116943;29;6;1;Abreo et al. (2023);Experiment 1;Orientation;1;1;;;;;;;20;6
55;115;129.5;14.5;1.22458648681641;29;6;1;Abreo et al. (2023);Experiment 1;Orientation;1;1;;;;;;;21;6
-83;75;74.5;-0.500000000000009;1.09989976882935;29;6;1;Abreo et al. (2023);Experiment 1;Orientation;1;1;;;;;;;22;6
-89;69;69.5;0.500000000000006;1.74148941040039;29;6;1;Abreo et al. (2023);Experiment 1;Orientation;1;1;;;;;;;23;6
0;174;180.0;6.00000000000001;1.28287196159363;29;6;1;Abreo et al. (2023);Experiment 1;Orientation;1;1;;;;;;;24;6
41;114;62.0;-52.0;1.69989943504333;29;6;1;Abreo et al. (2023);Experiment 1;Orientation;1;1;;;;;;;25;6
81;88;0.5;-87.5;1.32459497451782;29;6;1;Abreo et al. (2023);Experiment 1;Orientation;1;1;;;;;;;26;6
-47;83;60.5;-22.5;1.62485766410828;29;6;1;Abreo et al. (2023);Experiment 1;Orientation;1;1;;;;;;;27;6
-89;27;44.5;17.5;1.64148092269897;29;6;1;Abreo et al. (2023);Experiment 1;Orientation;1;1;;;;;;;28;6
-81;53;51.0;-2.0;1.95811724662781;29;6;1;Abreo et al. (2023);Experiment 1;Orientation;1;1;;;;;;;29;6
34;112;121.5;9.49999999999999;1.47479391098022;29;6;1;Abreo et al. (2023);Experiment 1;Orientation;1;1;;;;;;;30;6
-73;122;45.5;-76.5;1.6496217250824;29;6;1;Abreo et al. (2023);Experiment 1;Orientation;1;1;;;;;;;31;6
-73;78;79.0;1.0;4.06874489784241;30;1;1;Abreo et al. (2023);Experiment 1;Orientation;1;1;;;;;;;1;1
28;61;63.0;2.0;3.59777855873108;30;1;1;Abreo et al. (2023);Experiment 1;Orientation;1;1;;;;;;;2;1
3;55;60.0;4.99999999999999;3.90812253952026;30;1;1;Abreo et al. (2023);Experiment 1;Orientation;1;1;;;;;;;3;1
-49;164;145.0;-19.0;2.04804444313049;30;1;1;Abreo et al. (2023);Experiment 1;Orientation;1;1;;;;;;;4;1
19;136;153.5;17.5;2.39817357063293;30;1;1;Abreo et al. (2023);Experiment 1;Orientation;1;1;;;;;;;5;1
-18;71;79.0;8.0;2.20804643630981;30;1;1;Abreo et al. (2023);Experiment 1;Orientation;1;1;;;;;;;6;1
59;103;155.5;52.5;1.86798596382141;30;1;1;Abreo et al. (2023);Experiment 1;Orientation;1;1;;;;;;;7;1
-34;76;115.0;39.0;3.2380428314209;30;1;1;Abreo et al. (2023);Experiment 1;Orientation;1;1;;;;;;;8;1
9;49;66.0;17.0;4.04780340194702;30;1;1;Abreo et al. (2023);Experiment 1;Orientation;1;1;;;;;;;9;1
-15;130;128.5;-1.50000000000001;4.76786494255066;30;1;1;Abreo et al. (2023);Experiment 1;Orientation;1;1;;;;;;;10;1
-69;109;113.0;4.0;2.57792067527771;30;1;1;Abreo et al. (2023);Experiment 1;Orientation;1;1;;;;;;;11;1
-49;29;148.5;-60.5;1.7781708240509;30;1;1;Abreo et al. (2023);Experiment 1;Orientation;1;1;;;;;;;12;1
59;90;90.0;-0.0;3.05814528465271;30;1;1;Abreo et al. (2023);Experiment 1;Orientation;1;1;;;;;;;13;1
2;104;95.5;-8.50000000000001;5.99785470962524;30;1;1;Abreo et al. (2023);Experiment 1;Orientation;1;1;;;;;;;14;1
6;141;135.0;-6.00000000000001;1.91780757904053;30;1;1;Abreo et al. (2023);Experiment 1;Orientation;1;1;;;;;;;15;1
-1;158;141.5;-16.5;2.84789562225342;30;1;1;Abreo et al. (2023);Experiment 1;Orientation;1;1;;;;;;;16;1
24;125;140.5;15.5;2.58774542808533;30;1;1;Abreo et al. (2023);Experiment 1;Orientation;1;1;;;;;;;17;1
75;122;170.5;48.5;1.53789687156677;30;1;1;Abreo et al. (2023);Experiment 1;Orientation;1;1;;;;;;;18;1
-30;146;161.5;15.5;2.78811597824097;30;1;1;Abreo et al. (2023);Experiment 1;Orientation;1;1;;;;;;;19;1
-84;117;141.5;24.5;1.51821660995483;30;1;1;Abreo et al. (2023);Experiment 1;Orientation;1;1;;;;;;;20;1
-50;27;51.5;24.5;2.05808353424072;30;1;1;Abreo et al. (2023);Experiment 1;Orientation;1;1;;;;;;;21;1
65;159;144.5;-14.5;1.61779642105103;30;1;1;Abreo et al. (2023);Experiment 1;Orientation;1;1;;;;;;;22;1
31;77;48.0;-29.0;1.70779585838318;30;1;1;Abreo et al. (2023);Experiment 1;Orientation;1;1;;;;;;;23;1
17;55;52.5;-2.5;2.32816553115845;30;1;1;Abreo et al. (2023);Experiment 1;Orientation;1;1;;;;;;;24;1
17;175;21.0;26.0;1.80809426307678;30;1;1;Abreo et al. (2023);Experiment 1;Orientation;1;1;;;;;;;25;1
89;37;48.5;11.5;1.79786276817322;30;1;1;Abreo et al. (2023);Experiment 1;Orientation;1;1;;;;;;;26;1
28;72;79.5;7.5;2.29820251464844;30;1;1;Abreo et al. (2023);Experiment 1;Orientation;1;1;;;;;;;27;1
-2;22;29.5;7.50000000000001;1.60814356803894;30;1;1;Abreo et al. (2023);Experiment 1;Orientation;1;1;;;;;;;28;1
88;122;109.0;-13.0;2.4279158115387;30;1;1;Abreo et al. (2023);Experiment 1;Orientation;1;1;;;;;;;29;1
-47;6;6.5;0.5;1.30811762809753;30;1;1;Abreo et al. (2023);Experiment 1;Orientation;1;1;;;;;;;30;1
-4;3;179.5;-3.49999999999998;2.16812968254089;30;1;1;Abreo et al. (2023);Experiment 1;Orientation;1;1;;;;;;;31;1
85;138;148.5;10.5;1.6281681060791;30;1;1;Abreo et al. (2023);Experiment 1;Orientation;1;1;;;;;;;32;1
66;95;83.0;-12.0;2.15808057785034;30;1;1;Abreo et al. (2023);Experiment 1;Orientation;1;1;;;;;;;33;1
57;132;142.0;9.99999999999999;2.45789361000061;30;1;1;Abreo et al. (2023);Experiment 1;Orientation;1;1;;;;;;;34;1
-69;47;70.0;23.0;1.87780475616455;30;1;1;Abreo et al. (2023);Experiment 1;Orientation;1;1;;;;;;;35;1
0;8;26.0;18.0;2.60800838470459;30;1;1;Abreo et al. (2023);Experiment 1;Orientation;1;1;;;;;;;36;1
-42;95;102.5;7.49999999999999;1.77248358726501;30;2;1;Abreo et al. (2023);Experiment 1;Orientation;1;1;;;;;;;1;2
1;100;103.5;3.5;2.65795421600342;30;2;1;Abreo et al. (2023);Experiment 1;Orientation;1;1;;;;;;;2;2
-29;155;155.5;0.499999999999995;1.83801698684692;30;2;1;Abreo et al. (2023);Experiment 1;Orientation;1;1;;;;;;;3;2
-80;109;138.5;29.5;1.50810575485229;30;2;1;Abreo et al. (2023);Experiment 1;Orientation;1;1;;;;;;;4;2
44;25;69.5;44.5;1.39821815490723;30;2;1;Abreo et al. (2023);Experiment 1;Orientation;1;1;;;;;;;5;2
-84;55;68.5;13.5;1.45793461799622;30;2;1;Abreo et al. (2023);Experiment 1;Orientation;1;1;;;;;;;6;2
-7;85;93.5;8.49999999999999;2.03812265396118;30;2;1;Abreo et al. (2023);Experiment 1;Orientation;1;1;;;;;;;7;2
-39;37;44.5;7.5;1.3780996799469;30;2;1;Abreo et al. (2023);Experiment 1;Orientation;1;1;;;;;;;8;2
20;90;101.0;11.0;2.63775229454041;30;2;1;Abreo et al. (2023);Experiment 1;Orientation;1;1;;;;;;;9;2
-77;117;8.0;71.0;1.63818144798279;30;2;1;Abreo et al. (2023);Experiment 1;Orientation;1;1;;;;;;;10;2
-76;0;6.0;6.0;2.55801391601562;30;2;1;Abreo et al. (2023);Experiment 1;Orientation;1;1;;;;;;;11;2
-90;122;116.0;-5.99999999999998;1.6182107925415;30;2;1;Abreo et al. (2023);Experiment 1;Orientation;1;1;;;;;;;12;2
-41;43;8.5;-34.5;0.878097295761108;30;2;1;Abreo et al. (2023);Experiment 1;Orientation;1;1;;;;;;;13;2
8;0;3.0;3.0;2.39784526824951;30;2;1;Abreo et al. (2023);Experiment 1;Orientation;1;1;;;;;;;14;2
-9;119;106.5;-12.5;4.81786870956421;30;2;1;Abreo et al. (2023);Experiment 1;Orientation;1;1;;;;;;;15;2
-22;35;27.5;-7.5;1.98806691169739;30;2;1;Abreo et al. (2023);Experiment 1;Orientation;1;1;;;;;;;16;2
-16;140;118.5;-21.5;1.38778567314148;30;2;1;Abreo et al. (2023);Experiment 1;Orientation;1;1;;;;;;;17;2
-36;129;111.0;-18.0;1.71808338165283;30;2;1;Abreo et al. (2023);Experiment 1;Orientation;1;1;;;;;;;18;2
-32;166;62.5;76.5;1.38802075386047;30;2;1;Abreo et al. (2023);Experiment 1;Orientation;1;1;;;;;;;19;2
-7;5;173.5;-11.5;2.69789242744446;30;2;1;Abreo et al. (2023);Experiment 1;Orientation;1;1;;;;;;;20;2
-9;68;71.5;3.5;4.42802238464355;30;2;1;Abreo et al. (2023);Experiment 1;Orientation;1;1;;;;;;;21;2
-15;7;10.0;3.0;1.60804843902588;30;2;1;Abreo et al. (2023);Experiment 1;Orientation;1;1;;;;;;;22;2
67;18;35.5;17.5;2.34814262390137;30;2;1;Abreo et al. (2023);Experiment 1;Orientation;1;1;;;;;;;23;2
63;176;176.5;0.50000000000002;1.70795893669128;30;2;1;Abreo et al. (2023);Experiment 1;Orientation;1;1;;;;;;;24;2
3;67;80.5;13.5;1.60822081565857;30;2;1;Abreo et al. (2023);Experiment 1;Orientation;1;1;;;;;;;25;2
32;166;167.5;1.50000000000001;1.98813939094543;30;2;1;Abreo et al. (2023);Experiment 1;Orientation;1;1;;;;;;;26;2
16;57;69.0;12.0;2.53809070587158;30;2;1;Abreo et al. (2023);Experiment 1;Orientation;1;1;;;;;;;27;2
-72;92;91.5;-0.500000000000007;1.92809796333313;30;2;1;Abreo et al. (2023);Experiment 1;Orientation;1;1;;;;;;;28;2
-19;25;40.5;15.5;1.78822231292725;30;2;1;Abreo et al. (2023);Experiment 1;Orientation;1;1;;;;;;;29;2
-46;106;127.0;21.0;1.50820183753967;30;2;1;Abreo et al. (2023);Experiment 1;Orientation;1;1;;;;;;;30;2
3;84;78.0;-6.00000000000001;1.7380211353302;30;2;1;Abreo et al. (2023);Experiment 1;Orientation;1;1;;;;;;;31;2
-58;168;143.0;-25.0;1.48816752433777;30;2;1;Abreo et al. (2023);Experiment 1;Orientation;1;1;;;;;;;32;2
6;173;169.0;-4.0;1.51856207847595;30;3;1;Abreo et al. (2023);Experiment 1;Orientation;1;1;;;;;;;1;3
55;76;59.0;-17.0;1.68815279006958;30;3;1;Abreo et al. (2023);Experiment 1;Orientation;1;1;;;;;;;2;3
-16;56;43.0;-13.0;1.69800662994385;30;3;1;Abreo et al. (2023);Experiment 1;Orientation;1;1;;;;;;;3;3
-11;74;69.5;-4.5;1.67803978919983;30;3;1;Abreo et al. (2023);Experiment 1;Orientation;1;1;;;;;;;4;3
52;95;99.0;3.99999999999999;1.74819993972778;30;3;1;Abreo et al. (2023);Experiment 1;Orientation;1;1;;;;;;;5;3
-87;54;62.0;7.99999999999999;2.2681930065155;30;3;1;Abreo et al. (2023);Experiment 1;Orientation;1;1;;;;;;;6;3
27;141;142.5;1.49999999999998;1.3682119846344;30;3;1;Abreo et al. (2023);Experiment 1;Orientation;1;1;;;;;;;7;3
-84;164;135.5;-28.5;1.7082257270813;30;3;1;Abreo et al. (2023);Experiment 1;Orientation;1;1;;;;;;;8;3
-14;84;69.0;-15.0;2.618168592453;30;3;1;Abreo et al. (2023);Experiment 1;Orientation;1;1;;;;;;;9;3
-70;59;69.5;10.5;1.4381697177887;30;3;1;Abreo et al. (2023);Experiment 1;Orientation;1;1;;;;;;;10;3
-86;36;47.0;11.0;1.76818084716797;30;3;1;Abreo et al. (2023);Experiment 1;Orientation;1;1;;;;;;;11;3
72;43;118.0;75.0;1.29800748825073;30;3;1;Abreo et al. (2023);Experiment 1;Orientation;1;1;;;;;;;12;3
11;46;57.5;11.5;2.00817203521729;30;3;1;Abreo et al. (2023);Experiment 1;Orientation;1;1;;;;;;;13;3
41;138;3.5;45.5;1.53786373138428;30;3;1;Abreo et al. (2023);Experiment 1;Orientation;1;1;;;;;;;14;3
6;131;123.5;-7.49999999999999;2.12781190872192;30;3;1;Abreo et al. (2023);Experiment 1;Orientation;1;1;;;;;;;15;3
16;67;59.0;-8.0;1.77813744544983;30;3;1;Abreo et al. (2023);Experiment 1;Orientation;1;1;;;;;;;16;3
1;165;168.5;3.50000000000001;4.32810044288635;30;3;1;Abreo et al. (2023);Experiment 1;Orientation;1;1;;;;;;;17;3
-63;58;156.0;-82.0;1.83812665939331;30;3;1;Abreo et al. (2023);Experiment 1;Orientation;1;1;;;;;;;18;3
-56;97;123.5;26.5;2.16810011863708;30;3;1;Abreo et al. (2023);Experiment 1;Orientation;1;1;;;;;;;19;3
77;48;59.5;11.5;2.23793292045593;30;3;1;Abreo et al. (2023);Experiment 1;Orientation;1;1;;;;;;;20;3
67;9;19.5;10.5;1.68821811676025;30;3;1;Abreo et al. (2023);Experiment 1;Orientation;1;1;;;;;;;21;3
-87;113;133.0;20.0;1.89818954467773;30;3;1;Abreo et al. (2023);Experiment 1;Orientation;1;1;;;;;;;22;3
21;46;32.0;-14.0;1.58814764022827;30;3;1;Abreo et al. (2023);Experiment 1;Orientation;1;1;;;;;;;23;3
29;109;123.5;14.5;1.55820083618164;30;3;1;Abreo et al. (2023);Experiment 1;Orientation;1;1;;;;;;;24;3
-19;4;155.5;-28.5;1.49805641174316;30;3;1;Abreo et al. (2023);Experiment 1;Orientation;1;1;;;;;;;25;3
28;123;125.0;2.00000000000001;1.57780385017395;30;3;1;Abreo et al. (2023);Experiment 1;Orientation;1;1;;;;;;;26;3
-77;58;45.0;-13.0;1.90812969207764;30;3;1;Abreo et al. (2023);Experiment 1;Orientation;1;1;;;;;;;27;3
-85;110;119.0;9.0;3.42799663543701;30;3;1;Abreo et al. (2023);Experiment 1;Orientation;1;1;;;;;;;28;3
54;4;32.0;28.0;1.91213178634644;30;4;1;Abreo et al. (2023);Experiment 1;Orientation;1;1;;;;;;;1;4
-79;159;139.0;-20.0;2.048752784729;30;4;1;Abreo et al. (2023);Experiment 1;Orientation;1;1;;;;;;;2;4
-66;125;125.0;-0.0;1.55800485610962;30;4;1;Abreo et al. (2023);Experiment 1;Orientation;1;1;;;;;;;3;4
-35;127;143.0;16.0;1.87815165519714;30;4;1;Abreo et al. (2023);Experiment 1;Orientation;1;1;;;;;;;4;4
75;112;104.5;-7.5;2.52815175056458;30;4;1;Abreo et al. (2023);Experiment 1;Orientation;1;1;;;;;;;5;4
-38;52;56.0;4.0;1.67804598808289;30;4;1;Abreo et al. (2023);Experiment 1;Orientation;1;1;;;;;;;6;4
86;148;146.0;-2.00000000000001;1.97808694839478;30;4;1;Abreo et al. (2023);Experiment 1;Orientation;1;1;;;;;;;7;4
74;55;42.5;-12.5;1.4181535243988;30;4;1;Abreo et al. (2023);Experiment 1;Orientation;1;1;;;;;;;8;4
73;11;35.0;24.0;1.88809275627136;30;4;1;Abreo et al. (2023);Experiment 1;Orientation;1;1;;;;;;;9;4
9;8;28.5;20.5;1.82800555229187;30;4;1;Abreo et al. (2023);Experiment 1;Orientation;1;1;;;;;;;10;4
36;16;32.0;16.0;1.43818521499634;30;4;1;Abreo et al. (2023);Experiment 1;Orientation;1;1;;;;;;;11;4
-66;62;67.0;5.00000000000001;1.3981614112854;30;4;1;Abreo et al. (2023);Experiment 1;Orientation;1;1;;;;;;;12;4
19;162;168.0;6.00000000000001;1.34787726402283;30;4;1;Abreo et al. (2023);Experiment 1;Orientation;1;1;;;;;;;13;4
-18;71;87.5;16.5;1.72819185256958;30;4;1;Abreo et al. (2023);Experiment 1;Orientation;1;1;;;;;;;14;4
14;45;50.5;5.50000000000001;1.44809579849243;30;4;1;Abreo et al. (2023);Experiment 1;Orientation;1;1;;;;;;;15;4
-34;172;139.0;-33.0;2.68812370300293;30;4;1;Abreo et al. (2023);Experiment 1;Orientation;1;1;;;;;;;16;4
-68;18;20.0;2.0;1.67811059951782;30;4;1;Abreo et al. (2023);Experiment 1;Orientation;1;1;;;;;;;17;4
-33;55;39.5;-15.5;1.71796083450317;30;4;1;Abreo et al. (2023);Experiment 1;Orientation;1;1;;;;;;;18;4
41;108;105.5;-2.5;1.29819679260254;30;4;1;Abreo et al. (2023);Experiment 1;Orientation;1;1;;;;;;;19;4
-25;148;134.5;-13.5;1.41823077201843;30;4;1;Abreo et al. (2023);Experiment 1;Orientation;1;1;;;;;;;20;4
-47;82;74.0;-8.0;2.00834369659424;30;4;1;Abreo et al. (2023);Experiment 1;Orientation;1;1;;;;;;;21;4
-71;154;134.0;-20.0;1.41780281066895;30;4;1;Abreo et al. (2023);Experiment 1;Orientation;1;1;;;;;;;22;4
38;70;53.5;-16.5;1.67799425125122;30;4;1;Abreo et al. (2023);Experiment 1;Orientation;1;1;;;;;;;23;4
-82;136;131.5;-4.5;1.78819251060486;30;4;1;Abreo et al. (2023);Experiment 1;Orientation;1;1;;;;;;;24;4
-7;177;157.0;-20.0;1.93778491020203;30;4;1;Abreo et al. (2023);Experiment 1;Orientation;1;1;;;;;;;25;4
-6;41;39.0;-2.0;1.72809076309204;30;4;1;Abreo et al. (2023);Experiment 1;Orientation;1;1;;;;;;;26;4
52;41;174.5;-46.5;1.3583037853241;30;4;1;Abreo et al. (2023);Experiment 1;Orientation;1;1;;;;;;;27;4
37;104;121.0;17.0;1.41812300682068;30;4;1;Abreo et al. (2023);Experiment 1;Orientation;1;1;;;;;;;28;4
36;2;3.5;1.5;1.43801188468933;30;4;1;Abreo et al. (2023);Experiment 1;Orientation;1;1;;;;;;;29;4
-35;101;100.0;-1.0;1.64809155464172;30;4;1;Abreo et al. (2023);Experiment 1;Orientation;1;1;;;;;;;30;4
34;137;141.5;4.5;1.6180956363678;30;4;1;Abreo et al. (2023);Experiment 1;Orientation;1;1;;;;;;;31;4
-33;28;28.0;-0.0;1.71818685531616;30;4;1;Abreo et al. (2023);Experiment 1;Orientation;1;1;;;;;;;32;4
30;173;174.5;1.50000000000001;1.17806673049927;30;4;1;Abreo et al. (2023);Experiment 1;Orientation;1;1;;;;;;;33;4
-18;109;107.0;-2.0;1.21811270713806;30;4;1;Abreo et al. (2023);Experiment 1;Orientation;1;1;;;;;;;34;4
-16;164;152.0;-12.0;1.38783097267151;30;4;1;Abreo et al. (2023);Experiment 1;Orientation;1;1;;;;;;;35;4
-88;144;123.5;-20.5;1.24815964698792;30;4;1;Abreo et al. (2023);Experiment 1;Orientation;1;1;;;;;;;36;4
71;75;69.0;-6.00000000000001;1.67818379402161;30;4;1;Abreo et al. (2023);Experiment 1;Orientation;1;1;;;;;;;37;4
6;102;111.5;9.5;1.72804117202759;30;4;1;Abreo et al. (2023);Experiment 1;Orientation;1;1;;;;;;;38;4
89;13;145.5;-47.5;1.17819499969482;30;4;1;Abreo et al. (2023);Experiment 1;Orientation;1;1;;;;;;;39;4
-42;124;14.0;70.0;1.32818579673767;30;4;1;Abreo et al. (2023);Experiment 1;Orientation;1;1;;;;;;;40;4
35;95;107.5;12.5;2.03781628608704;30;4;1;Abreo et al. (2023);Experiment 1;Orientation;1;1;;;;;;;41;4
-42;57;32.5;-24.5;1.26242089271545;30;5;1;Abreo et al. (2023);Experiment 1;Orientation;1;1;;;;;;;1;5
54;167;168.5;1.50000000000001;1.50890731811523;30;5;1;Abreo et al. (2023);Experiment 1;Orientation;1;1;;;;;;;2;5
76;115;139.5;24.5;1.42811822891235;30;5;1;Abreo et al. (2023);Experiment 1;Orientation;1;1;;;;;;;3;5
-73;163;151.0;-12.0;1.10818576812744;30;5;1;Abreo et al. (2023);Experiment 1;Orientation;1;1;;;;;;;4;5
85;178;163.5;-14.5;1.17758631706238;30;5;1;Abreo et al. (2023);Experiment 1;Orientation;1;1;;;;;;;5;5
-77;26;19.0;-7.0;1.11794996261597;30;5;1;Abreo et al. (2023);Experiment 1;Orientation;1;1;;;;;;;6;5
-3;98;111.0;13.0;2.38795065879822;30;5;1;Abreo et al. (2023);Experiment 1;Orientation;1;1;;;;;;;7;5
-35;13;11.5;-1.5;1.58821964263916;30;5;1;Abreo et al. (2023);Experiment 1;Orientation;1;1;;;;;;;8;5
22;133;117.5;-15.5;1.34784960746765;30;5;1;Abreo et al. (2023);Experiment 1;Orientation;1;1;;;;;;;9;5
83;131;124.0;-7.0;1.77814173698425;30;5;1;Abreo et al. (2023);Experiment 1;Orientation;1;1;;;;;;;10;5
-31;36;31.0;-5.00000000000001;1.13811469078064;30;5;1;Abreo et al. (2023);Experiment 1;Orientation;1;1;;;;;;;11;5
58;100;166.0;66.0;1.14797258377075;30;5;1;Abreo et al. (2023);Experiment 1;Orientation;1;1;;;;;;;12;5
-86;22;32.0;10.0;1.09820890426636;30;5;1;Abreo et al. (2023);Experiment 1;Orientation;1;1;;;;;;;13;5
40;87;95.5;8.50000000000001;1.51819968223572;30;5;1;Abreo et al. (2023);Experiment 1;Orientation;1;1;;;;;;;14;5
-30;18;19.5;1.5;1.34821367263794;30;5;1;Abreo et al. (2023);Experiment 1;Orientation;1;1;;;;;;;15;5
-86;66;44.5;-21.5;1.62799668312073;30;5;1;Abreo et al. (2023);Experiment 1;Orientation;1;1;;;;;;;16;5
-85;68;70.5;2.5;1.4080286026001;30;5;1;Abreo et al. (2023);Experiment 1;Orientation;1;1;;;;;;;17;5
-59;86;55.5;-30.5;1.75808072090149;30;5;1;Abreo et al. (2023);Experiment 1;Orientation;1;1;;;;;;;18;5
63;155;136.5;-18.5;1.52818942070007;30;5;1;Abreo et al. (2023);Experiment 1;Orientation;1;1;;;;;;;19;5
79;111;159.5;48.5;1.30819344520569;30;5;1;Abreo et al. (2023);Experiment 1;Orientation;1;1;;;;;;;20;5
61;112;127.0;15.0;1.41805768013;30;5;1;Abreo et al. (2023);Experiment 1;Orientation;1;1;;;;;;;21;5
41;178;177.0;-0.999999999999989;1.49813866615295;30;5;1;Abreo et al. (2023);Experiment 1;Orientation;1;1;;;;;;;22;5
-47;28;30.0;1.99999999999999;1.13809823989868;30;5;1;Abreo et al. (2023);Experiment 1;Orientation;1;1;;;;;;;23;5
-56;160;151.0;-9.0;1.38781595230103;30;5;1;Abreo et al. (2023);Experiment 1;Orientation;1;1;;;;;;;24;5
-32;117;117.0;2.83389497172185e-15;1.41810011863708;30;5;1;Abreo et al. (2023);Experiment 1;Orientation;1;1;;;;;;;25;5
-42;52;24.0;-28.0;1.55815386772156;30;5;1;Abreo et al. (2023);Experiment 1;Orientation;1;1;;;;;;;26;5
8;70;92.0;22.0;1.60819530487061;30;5;1;Abreo et al. (2023);Experiment 1;Orientation;1;1;;;;;;;27;5
-82;34;36.0;1.99999999999999;1.14801955223083;30;5;1;Abreo et al. (2023);Experiment 1;Orientation;1;1;;;;;;;28;5
-31;21;22.5;1.5;1.16815304756165;30;5;1;Abreo et al. (2023);Experiment 1;Orientation;1;1;;;;;;;29;5
78;19;12.5;-6.5;1.15819430351257;30;5;1;Abreo et al. (2023);Experiment 1;Orientation;1;1;;;;;;;30;5
6;30;34.5;4.5;1.24798035621643;30;5;1;Abreo et al. (2023);Experiment 1;Orientation;1;1;;;;;;;31;5
-3;114;150.0;36.0;1.43815922737122;30;5;1;Abreo et al. (2023);Experiment 1;Orientation;1;1;;;;;;;32;5
-47;175;169.5;-5.50000000000001;1.68810677528381;30;5;1;Abreo et al. (2023);Experiment 1;Orientation;1;1;;;;;;;33;5
73;124;135.0;11.0;1.67798042297363;30;5;1;Abreo et al. (2023);Experiment 1;Orientation;1;1;;;;;;;34;5
-26;83;49.5;-33.5;1.54776477813721;30;5;1;Abreo et al. (2023);Experiment 1;Orientation;1;1;;;;;;;35;5
43;118;128.5;10.5;1.42798662185669;30;5;1;Abreo et al. (2023);Experiment 1;Orientation;1;1;;;;;;;36;5
70;104;141.5;37.5;1.24233150482178;30;6;1;Abreo et al. (2023);Experiment 1;Orientation;1;1;;;;;;;1;6
6;179;174.0;-5.00000000000002;1.57781386375427;30;6;1;Abreo et al. (2023);Experiment 1;Orientation;1;1;;;;;;;2;6
-14;154;145.0;-9.0;1.33818745613098;30;6;1;Abreo et al. (2023);Experiment 1;Orientation;1;1;;;;;;;3;6
-52;20;27.5;7.5;1.1478545665741;30;6;1;Abreo et al. (2023);Experiment 1;Orientation;1;1;;;;;;;4;6
-78;21;36.0;15.0;2.03816151618958;30;6;1;Abreo et al. (2023);Experiment 1;Orientation;1;1;;;;;;;5;6
0;72;75.5;3.5;2.058180809021;30;6;1;Abreo et al. (2023);Experiment 1;Orientation;1;1;;;;;;;6;6
49;15;19.0;4.0;2.04813575744629;30;6;1;Abreo et al. (2023);Experiment 1;Orientation;1;1;;;;;;;7;6
2;117;118.0;1.00000000000001;1.21801328659058;30;6;1;Abreo et al. (2023);Experiment 1;Orientation;1;1;;;;;;;8;6
-11;42;39.0;-3.00000000000001;1.70813655853271;30;6;1;Abreo et al. (2023);Experiment 1;Orientation;1;1;;;;;;;9;6
54;59;65.0;5.99999999999999;2.13815546035767;30;6;1;Abreo et al. (2023);Experiment 1;Orientation;1;1;;;;;;;10;6
18;26;52.5;26.5;2.46815896034241;30;6;1;Abreo et al. (2023);Experiment 1;Orientation;1;1;;;;;;;11;6
-24;157;149.0;-8.00000000000001;1.44812965393066;30;6;1;Abreo et al. (2023);Experiment 1;Orientation;1;1;;;;;;;12;6
-54;93;37.5;-55.5;2.06787300109863;30;6;1;Abreo et al. (2023);Experiment 1;Orientation;1;1;;;;;;;13;6
-19;21;23.5;2.5;1.87818956375122;30;6;1;Abreo et al. (2023);Experiment 1;Orientation;1;1;;;;;;;14;6
65;175;156.5;-18.5;1.65812873840332;30;6;1;Abreo et al. (2023);Experiment 1;Orientation;1;1;;;;;;;15;6
40;38;48.5;10.5;2.74814939498901;30;6;1;Abreo et al. (2023);Experiment 1;Orientation;1;1;;;;;;;16;6
-59;106;123.0;17.0;2.12809085845947;30;6;1;Abreo et al. (2023);Experiment 1;Orientation;1;1;;;;;;;17;6
10;74;80.5;6.5;2.72796630859375;30;6;1;Abreo et al. (2023);Experiment 1;Orientation;1;1;;;;;;;18;6
30;59;62.0;2.99999999999999;1.72808170318604;30;6;1;Abreo et al. (2023);Experiment 1;Orientation;1;1;;;;;;;19;6
0;128;119.5;-8.50000000000001;2.21818900108337;30;6;1;Abreo et al. (2023);Experiment 1;Orientation;1;1;;;;;;;20;6
-29;69;66.5;-2.5;2.81814861297607;30;6;1;Abreo et al. (2023);Experiment 1;Orientation;1;1;;;;;;;21;6
-44;88;74.0;-14.0;1.91801714897156;30;6;1;Abreo et al. (2023);Experiment 1;Orientation;1;1;;;;;;;22;6
-6;70;74.5;4.5;1.8180410861969;30;6;1;Abreo et al. (2023);Experiment 1;Orientation;1;1;;;;;;;23;6
86;69;81.0;12.0;1.68814563751221;30;6;1;Abreo et al. (2023);Experiment 1;Orientation;1;1;;;;;;;24;6
25;53;58.5;5.49999999999999;2.11814308166504;30;6;1;Abreo et al. (2023);Experiment 1;Orientation;1;1;;;;;;;25;6
-64;52;65.5;13.5;2.03812956809998;30;6;1;Abreo et al. (2023);Experiment 1;Orientation;1;1;;;;;;;26;6
-54;148;133.5;-14.5;1.99806451797485;30;6;1;Abreo et al. (2023);Experiment 1;Orientation;1;1;;;;;;;27;6
74;130;138.0;7.99999999999999;1.20814800262451;30;6;1;Abreo et al. (2023);Experiment 1;Orientation;1;1;;;;;;;28;6
39;64;58.5;-5.5;5.79973530769348;31;1;1;Abreo et al. (2023);Experiment 1;Orientation;1;1;;;;;;;1;1
13;87;86.0;-0.999999999999988;3.49147176742554;31;1;1;Abreo et al. (2023);Experiment 1;Orientation;1;1;;;;;;;2;1
81;155;147.0;-8.00000000000001;2.42536330223083;31;1;1;Abreo et al. (2023);Experiment 1;Orientation;1;1;;;;;;;3;1
-73;7;123.0;-64.0;1.64989495277405;31;1;1;Abreo et al. (2023);Experiment 1;Orientation;1;1;;;;;;;4;1
9;101;107.0;6.0;2.80814099311829;31;1;1;Abreo et al. (2023);Experiment 1;Orientation;1;1;;;;;;;5;1
-4;18;29.0;11.0;2.28318428993225;31;1;1;Abreo et al. (2023);Experiment 1;Orientation;1;1;;;;;;;6;1
83;65;61.0;-4.00000000000001;1.79967045783997;31;1;1;Abreo et al. (2023);Experiment 1;Orientation;1;1;;;;;;;7;1
13;61;57.5;-3.5;3.50809812545776;31;1;1;Abreo et al. (2023);Experiment 1;Orientation;1;1;;;;;;;8;1
-89;60;48.5;-11.5;2.42463874816895;31;1;1;Abreo et al. (2023);Experiment 1;Orientation;1;1;;;;;;;9;1
-89;86;82.0;-4.0;2.10807681083679;31;1;1;Abreo et al. (2023);Experiment 1;Orientation;1;1;;;;;;;10;1
-15;84;79.5;-4.5;2.12473154067993;31;1;1;Abreo et al. (2023);Experiment 1;Orientation;1;1;;;;;;;11;1
7;112;112.0;-0.0;2.35809636116028;31;1;1;Abreo et al. (2023);Experiment 1;Orientation;1;1;;;;;;;12;1
-78;118;113.0;-5.0;2.3332405090332;31;1;1;Abreo et al. (2023);Experiment 1;Orientation;1;1;;;;;;;13;1
36;155;156.0;0.999999999999987;2.70792841911316;31;1;1;Abreo et al. (2023);Experiment 1;Orientation;1;1;;;;;;;14;1
-31;46;41.0;-5.0;2.69154167175293;31;1;1;Abreo et al. (2023);Experiment 1;Orientation;1;1;;;;;;;15;1
22;127;142.0;15.0;1.78312802314758;31;1;1;Abreo et al. (2023);Experiment 1;Orientation;1;1;;;;;;;16;1
36;121;140.0;19.0;1.65802836418152;31;1;1;Abreo et al. (2023);Experiment 1;Orientation;1;1;;;;;;;17;1
52;97;88.0;-9.0;1.84158563613892;31;1;1;Abreo et al. (2023);Experiment 1;Orientation;1;1;;;;;;;18;1
84;157;154.0;-2.99999999999999;1.52479195594788;31;1;1;Abreo et al. (2023);Experiment 1;Orientation;1;1;;;;;;;19;1
-45;46;38.5;-7.50000000000001;2.75782680511475;31;1;1;Abreo et al. (2023);Experiment 1;Orientation;1;1;;;;;;;20;1
17;107;120.0;13.0;1.72486543655396;31;1;1;Abreo et al. (2023);Experiment 1;Orientation;1;1;;;;;;;21;1
87;110;86.5;-23.5;3.36655855178833;31;1;1;Abreo et al. (2023);Experiment 1;Orientation;1;1;;;;;;;22;1
-59;17;25.0;8.0;1.81654977798462;31;1;1;Abreo et al. (2023);Experiment 1;Orientation;1;1;;;;;;;23;1
55;30;33.0;3.0;1.64173460006714;31;1;1;Abreo et al. (2023);Experiment 1;Orientation;1;1;;;;;;;24;1
67;94;146.5;52.5;2.08315253257751;31;1;1;Abreo et al. (2023);Experiment 1;Orientation;1;1;;;;;;;25;1
85;38;36.5;-1.50000000000001;2.29984641075134;31;1;1;Abreo et al. (2023);Experiment 1;Orientation;1;1;;;;;;;26;1
55;92;118.5;26.5;1.53322649002075;31;1;1;Abreo et al. (2023);Experiment 1;Orientation;1;1;;;;;;;27;1
9;145;150.0;5.0;1.27453446388245;31;1;1;Abreo et al. (2023);Experiment 1;Orientation;1;1;;;;;;;28;1
53;104;118.0;14.0;1.71655488014221;31;1;1;Abreo et al. (2023);Experiment 1;Orientation;1;1;;;;;;;29;1
84;142;145.0;3.00000000000002;1.98286461830139;31;1;1;Abreo et al. (2023);Experiment 1;Orientation;1;1;;;;;;;30;1
-27;32;31.0;-1.00000000000001;1.99963688850403;31;1;1;Abreo et al. (2023);Experiment 1;Orientation;1;1;;;;;;;31;1
-21;8;21.5;13.5;1.99150085449219;31;1;1;Abreo et al. (2023);Experiment 1;Orientation;1;1;;;;;;;32;1
-51;170;117.5;-52.5;1.45786666870117;31;1;1;Abreo et al. (2023);Experiment 1;Orientation;1;1;;;;;;;33;1
53;128;145.5;17.5;1.61644577980042;31;1;1;Abreo et al. (2023);Experiment 1;Orientation;1;1;;;;;;;34;1
5;48;48.5;0.499999999999998;2.51641488075256;31;1;1;Abreo et al. (2023);Experiment 1;Orientation;1;1;;;;;;;35;1
58;105;117.0;12.0;2.59116506576538;31;1;1;Abreo et al. (2023);Experiment 1;Orientation;1;1;;;;;;;36;1
45;147;144.0;-3.0;1.73321890830994;31;1;1;Abreo et al. (2023);Experiment 1;Orientation;1;1;;;;;;;37;1
90;68;58.5;-9.50000000000001;1.96644377708435;31;1;1;Abreo et al. (2023);Experiment 1;Orientation;1;1;;;;;;;38;1
89;12;25.5;13.5;1.57487440109253;31;1;1;Abreo et al. (2023);Experiment 1;Orientation;1;1;;;;;;;39;1
60;56;54.5;-1.5;1.65801668167114;31;1;1;Abreo et al. (2023);Experiment 1;Orientation;1;1;;;;;;;40;1
40;45;53.0;8.0;2.69990968704224;31;1;1;Abreo et al. (2023);Experiment 1;Orientation;1;1;;;;;;;41;1
-54;177;2.0;5.0;2.43315649032593;31;1;1;Abreo et al. (2023);Experiment 1;Orientation;1;1;;;;;;;42;1
-5;33;37.0;4.0;2.47091841697693;31;2;1;Abreo et al. (2023);Experiment 1;Orientation;1;1;;;;;;;1;2
48;70;66.0;-3.99999999999999;1.64148378372192;31;2;1;Abreo et al. (2023);Experiment 1;Orientation;1;1;;;;;;;2;2
10;81;66.0;-15.0;1.69155073165894;31;2;1;Abreo et al. (2023);Experiment 1;Orientation;1;1;;;;;;;3;2
-19;14;22.0;8.0;2.66642594337463;31;2;1;Abreo et al. (2023);Experiment 1;Orientation;1;1;;;;;;;4;2
-13;154;144.5;-9.50000000000001;1.90808057785034;31;2;1;Abreo et al. (2023);Experiment 1;Orientation;1;1;;;;;;;5;2
60;49;55.0;6.0;2.02484178543091;31;2;1;Abreo et al. (2023);Experiment 1;Orientation;1;1;;;;;;;6;2
45;0;32.0;32.0;1.44148445129395;31;2;1;Abreo et al. (2023);Experiment 1;Orientation;1;1;;;;;;;7;2
-37;19;32.0;13.0;1.93308234214783;31;2;1;Abreo et al. (2023);Experiment 1;Orientation;1;1;;;;;;;8;2
55;131;144.5;13.5;1.89153170585632;31;2;1;Abreo et al. (2023);Experiment 1;Orientation;1;1;;;;;;;9;2
57;73;78.0;5.0;1.56643629074097;31;2;1;Abreo et al. (2023);Experiment 1;Orientation;1;1;;;;;;;10;2
-46;154;150.0;-4.0;1.51639747619629;31;2;1;Abreo et al. (2023);Experiment 1;Orientation;1;1;;;;;;;11;2
87;48;62.0;14.0;3.00811386108398;31;2;1;Abreo et al. (2023);Experiment 1;Orientation;1;1;;;;;;;12;2
51;136;138.5;2.49999999999999;1.2331395149231;31;2;1;Abreo et al. (2023);Experiment 1;Orientation;1;1;;;;;;;13;2
7;49;55.5;6.5;1.99952387809753;31;2;1;Abreo et al. (2023);Experiment 1;Orientation;1;1;;;;;;;14;2
-24;42;49.0;7.0;1.8662428855896;31;2;1;Abreo et al. (2023);Experiment 1;Orientation;1;1;;;;;;;15;2
46;49;61.5;12.5;1.89136672019958;31;2;1;Abreo et al. (2023);Experiment 1;Orientation;1;1;;;;;;;16;2
18;98;101.0;3.00000000000001;1.94155216217041;31;2;1;Abreo et al. (2023);Experiment 1;Orientation;1;1;;;;;;;17;2
53;85;75.0;-10.0;1.5582160949707;31;2;1;Abreo et al. (2023);Experiment 1;Orientation;1;1;;;;;;;18;2
72;137;129.0;-8.00000000000001;1.88304257392883;31;2;1;Abreo et al. (2023);Experiment 1;Orientation;1;1;;;;;;;19;2
47;161;145.0;-16.0;1.71649789810181;31;2;1;Abreo et al. (2023);Experiment 1;Orientation;1;1;;;;;;;20;2
20;41;43.0;2.0;2.85819840431213;31;2;1;Abreo et al. (2023);Experiment 1;Orientation;1;1;;;;;;;21;2
14;40;49.0;9.0;1.91652584075928;31;2;1;Abreo et al. (2023);Experiment 1;Orientation;1;1;;;;;;;22;2
27;33;31.5;-1.5;1.49977564811707;31;2;1;Abreo et al. (2023);Experiment 1;Orientation;1;1;;;;;;;23;2
13;125;124.0;-1.00000000000002;2.08294153213501;31;2;1;Abreo et al. (2023);Experiment 1;Orientation;1;1;;;;;;;24;2
29;1;18.5;17.5;1.9581081867218;31;2;1;Abreo et al. (2023);Experiment 1;Orientation;1;1;;;;;;;25;2
23;130;137.0;6.99999999999999;1.78304243087769;31;2;1;Abreo et al. (2023);Experiment 1;Orientation;1;1;;;;;;;26;2
-65;78;81.5;3.50000000000001;1.44128942489624;31;2;1;Abreo et al. (2023);Experiment 1;Orientation;1;1;;;;;;;27;2
28;17;18.0;0.999999999999995;1.64979457855225;31;2;1;Abreo et al. (2023);Experiment 1;Orientation;1;1;;;;;;;28;2
0;85;74.0;-11.0;1.82484030723572;31;2;1;Abreo et al. (2023);Experiment 1;Orientation;1;1;;;;;;;29;2
-13;174;158.0;-16.0;1.89956140518188;31;2;1;Abreo et al. (2023);Experiment 1;Orientation;1;1;;;;;;;30;2
59;55;106.0;51.0;1.3748836517334;31;2;1;Abreo et al. (2023);Experiment 1;Orientation;1;1;;;;;;;31;2
11;11;17.5;6.5;1.56702256202698;31;3;1;Abreo et al. (2023);Experiment 1;Orientation;1;1;;;;;;;1;3
24;91;83.0;-8.0;1.47487592697144;31;3;1;Abreo et al. (2023);Experiment 1;Orientation;1;1;;;;;;;2;3
-3;148;128.5;-19.5;1.95788049697876;31;3;1;Abreo et al. (2023);Experiment 1;Orientation;1;1;;;;;;;3;3
18;60;57.0;-2.99999999999999;1.9411313533783;31;3;1;Abreo et al. (2023);Experiment 1;Orientation;1;1;;;;;;;4;3
89;50;54.5;4.5;1.63253140449524;31;3;1;Abreo et al. (2023);Experiment 1;Orientation;1;1;;;;;;;5;3
-65;7;29.0;22.0;1.85807538032532;31;3;1;Abreo et al. (2023);Experiment 1;Orientation;1;1;;;;;;;6;3
0;39;55.0;16.0;1.80785059928894;31;3;1;Abreo et al. (2023);Experiment 1;Orientation;1;1;;;;;;;7;3
28;134;133.5;-0.500000000000017;1.77468729019165;31;3;1;Abreo et al. (2023);Experiment 1;Orientation;1;1;;;;;;;8;3
80;106;30.0;-76.0;1.69137358665466;31;3;1;Abreo et al. (2023);Experiment 1;Orientation;1;1;;;;;;;9;3
84;68;98.0;30.0;1.9163646697998;31;3;1;Abreo et al. (2023);Experiment 1;Orientation;1;1;;;;;;;10;3
76;8;161.5;-26.5;1.68319368362427;31;3;1;Abreo et al. (2023);Experiment 1;Orientation;1;1;;;;;;;11;3
34;15;21.5;6.5;1.83296370506287;31;3;1;Abreo et al. (2023);Experiment 1;Orientation;1;1;;;;;;;12;3
-31;91;97.5;6.5;2.07447361946106;31;3;1;Abreo et al. (2023);Experiment 1;Orientation;1;1;;;;;;;13;3
-81;88;157.5;69.5;1.60806035995483;31;3;1;Abreo et al. (2023);Experiment 1;Orientation;1;1;;;;;;;14;3
-17;59;52.0;-7.0;1.5415506362915;31;3;1;Abreo et al. (2023);Experiment 1;Orientation;1;1;;;;;;;15;3
-80;10;178.0;-12.0;1.72482395172119;31;3;1;Abreo et al. (2023);Experiment 1;Orientation;1;1;;;;;;;16;3
60;87;106.0;19.0;2.15790390968323;31;3;1;Abreo et al. (2023);Experiment 1;Orientation;1;1;;;;;;;17;3
58;70;69.0;-0.999999999999997;1.61648893356323;31;3;1;Abreo et al. (2023);Experiment 1;Orientation;1;1;;;;;;;18;3
61;150;148.0;-2.0;1.61645770072937;31;3;1;Abreo et al. (2023);Experiment 1;Orientation;1;1;;;;;;;19;3
-23;136;129.5;-6.5;2.0165114402771;31;3;1;Abreo et al. (2023);Experiment 1;Orientation;1;1;;;;;;;20;3
51;116;125.5;9.5;1.49980473518372;31;3;1;Abreo et al. (2023);Experiment 1;Orientation;1;1;;;;;;;21;3
82;66;57.5;-8.5;1.92486643791199;31;3;1;Abreo et al. (2023);Experiment 1;Orientation;1;1;;;;;;;22;3
60;77;61.5;-15.5;1.64153575897217;31;3;1;Abreo et al. (2023);Experiment 1;Orientation;1;1;;;;;;;23;3
55;93;111.5;18.5;1.48284578323364;31;3;1;Abreo et al. (2023);Experiment 1;Orientation;1;1;;;;;;;24;3
57;120;93.5;-26.5;1.5082106590271;31;3;1;Abreo et al. (2023);Experiment 1;Orientation;1;1;;;;;;;25;3
30;36;51.0;15.0;2.10811161994934;31;3;1;Abreo et al. (2023);Experiment 1;Orientation;1;1;;;;;;;26;3
-75;26;49.5;23.5;1.86623191833496;31;3;1;Abreo et al. (2023);Experiment 1;Orientation;1;1;;;;;;;27;3
70;76;69.5;-6.5;1.9994854927063;31;3;1;Abreo et al. (2023);Experiment 1;Orientation;1;1;;;;;;;28;3
74;38;51.5;13.5;1.79988431930542;31;3;1;Abreo et al. (2023);Experiment 1;Orientation;1;1;;;;;;;29;3
68;125;116.0;-9.0;1.84140300750732;31;3;1;Abreo et al. (2023);Experiment 1;Orientation;1;1;;;;;;;30;3
-67;39;38.0;-0.999999999999993;1.60797262191772;31;3;1;Abreo et al. (2023);Experiment 1;Orientation;1;1;;;;;;;31;3
-55;120;127.5;7.50000000000001;1.68740940093994;31;4;1;Abreo et al. (2023);Experiment 1;Orientation;1;1;;;;;;;1;4
18;150;133.0;-17.0;1.79955983161926;31;4;1;Abreo et al. (2023);Experiment 1;Orientation;1;1;;;;;;;2;4
-63;166;153.5;-12.5;1.52489852905273;31;4;1;Abreo et al. (2023);Experiment 1;Orientation;1;1;;;;;;;3;4
-48;155;140.5;-14.5;1.40813970565796;31;4;1;Abreo et al. (2023);Experiment 1;Orientation;1;1;;;;;;;4;4
54;106;118.0;12.0;1.95796871185303;31;4;1;Abreo et al. (2023);Experiment 1;Orientation;1;1;;;;;;;5;4
50;150;140.0;-10.0;1.64980459213257;31;4;1;Abreo et al. (2023);Experiment 1;Orientation;1;1;;;;;;;6;4
-79;65;57.0;-8.0;2.21615266799927;31;4;1;Abreo et al. (2023);Experiment 1;Orientation;1;1;;;;;;;7;4
-63;104;103.5;-0.500000000000008;2.67482399940491;31;4;1;Abreo et al. (2023);Experiment 1;Orientation;1;1;;;;;;;8;4
-56;113;106.5;-6.5;1.84970664978027;31;4;1;Abreo et al. (2023);Experiment 1;Orientation;1;1;;;;;;;9;4
-68;72;59.5;-12.5;2.74971532821655;31;4;1;Abreo et al. (2023);Experiment 1;Orientation;1;1;;;;;;;10;4
31;120;128.0;8.00000000000001;2.31650185585022;31;4;1;Abreo et al. (2023);Experiment 1;Orientation;1;1;;;;;;;11;4
-28;84;71.0;-13.0;1.3663215637207;31;4;1;Abreo et al. (2023);Experiment 1;Orientation;1;1;;;;;;;12;4
81;10;159.5;-30.5;1.49948930740356;31;4;1;Abreo et al. (2023);Experiment 1;Orientation;1;1;;;;;;;13;4
-73;76;65.5;-10.5;2.26647400856018;31;4;1;Abreo et al. (2023);Experiment 1;Orientation;1;1;;;;;;;14;4
-29;60;56.0;-3.99999999999999;1.91618394851685;31;4;1;Abreo et al. (2023);Experiment 1;Orientation;1;1;;;;;;;15;4
10;138;139.0;1.00000000000001;1.68310356140137;31;4;1;Abreo et al. (2023);Experiment 1;Orientation;1;1;;;;;;;16;4
-25;121;115.5;-5.50000000000002;2.33320879936218;31;4;1;Abreo et al. (2023);Experiment 1;Orientation;1;1;;;;;;;17;4
-18;115;114.0;-0.999999999999987;1.60802268981934;31;4;1;Abreo et al. (2023);Experiment 1;Orientation;1;1;;;;;;;18;4
-60;84;74.5;-9.50000000000001;2.3415195941925;31;4;1;Abreo et al. (2023);Experiment 1;Orientation;1;1;;;;;;;19;4
73;78;134.5;56.5;1.54147744178772;31;4;1;Abreo et al. (2023);Experiment 1;Orientation;1;1;;;;;;;20;4
35;100;110.0;10.0;1.94130229949951;31;4;1;Abreo et al. (2023);Experiment 1;Orientation;1;1;;;;;;;21;4
-33;132;131.0;-1.00000000000001;1.67453742027283;31;4;1;Abreo et al. (2023);Experiment 1;Orientation;1;1;;;;;;;22;4
5;161;145.0;-16.0;1.99149203300476;31;4;1;Abreo et al. (2023);Experiment 1;Orientation;1;1;;;;;;;23;4
22;165;155.0;-9.99999999999999;1.29155278205872;31;4;1;Abreo et al. (2023);Experiment 1;Orientation;1;1;;;;;;;24;4
-26;116;107.0;-9.00000000000001;3.36620402336121;31;4;1;Abreo et al. (2023);Experiment 1;Orientation;1;1;;;;;;;25;4
-47;50;41.5;-8.49999999999999;1.9745306968689;31;4;1;Abreo et al. (2023);Experiment 1;Orientation;1;1;;;;;;;26;4
-70;156;119.5;-36.5;1.54953694343567;31;4;1;Abreo et al. (2023);Experiment 1;Orientation;1;1;;;;;;;27;4
18;5;19.5;14.5;2.17485451698303;31;4;1;Abreo et al. (2023);Experiment 1;Orientation;1;1;;;;;;;28;4
68;114;118.0;4.00000000000001;1.96645355224609;31;4;1;Abreo et al. (2023);Experiment 1;Orientation;1;1;;;;;;;29;4
42;90;102.5;12.5;1.67489886283875;31;4;1;Abreo et al. (2023);Experiment 1;Orientation;1;1;;;;;;;30;4
33;16;41.0;25.0;1.88321876525879;31;4;1;Abreo et al. (2023);Experiment 1;Orientation;1;1;;;;;;;31;4
-87;72;65.5;-6.5;2.05793857574463;31;4;1;Abreo et al. (2023);Experiment 1;Orientation;1;1;;;;;;;32;4
-41;56;58.0;2.0;2.39961504936218;31;4;1;Abreo et al. (2023);Experiment 1;Orientation;1;1;;;;;;;33;4
-74;57;53.5;-3.5;1.71643877029419;31;4;1;Abreo et al. (2023);Experiment 1;Orientation;1;1;;;;;;;34;4
-19;152;146.0;-6.00000000000001;1.9078540802002;31;4;1;Abreo et al. (2023);Experiment 1;Orientation;1;1;;;;;;;35;4
24;4;12.5;8.5;1.50816059112549;31;4;1;Abreo et al. (2023);Experiment 1;Orientation;1;1;;;;;;;36;4
-36;172;158.0;-14.0;2.25040459632874;31;5;1;Abreo et al. (2023);Experiment 1;Orientation;1;1;;;;;;;1;5
23;107;119.5;12.5;1.94136786460876;31;5;1;Abreo et al. (2023);Experiment 1;Orientation;1;1;;;;;;;2;5
-39;121;101.5;-19.5;2.29951286315918;31;5;1;Abreo et al. (2023);Experiment 1;Orientation;1;1;;;;;;;3;5
-32;155;137.0;-18.0;1.64151811599731;31;5;1;Abreo et al. (2023);Experiment 1;Orientation;1;1;;;;;;;4;5
-10;161;154.5;-6.5;2.07482647895813;31;5;1;Abreo et al. (2023);Experiment 1;Orientation;1;1;;;;;;;5;5
33;122;122.0;-0.0;1.42457413673401;31;5;1;Abreo et al. (2023);Experiment 1;Orientation;1;1;;;;;;;6;5
71;147;144.5;-2.5;1.90797400474548;31;5;1;Abreo et al. (2023);Experiment 1;Orientation;1;1;;;;;;;7;5
12;119;118.5;-0.499999999999994;1.37483072280884;31;5;1;Abreo et al. (2023);Experiment 1;Orientation;1;1;;;;;;;8;5
-73;154;136.5;-17.5;1.43312764167786;31;5;1;Abreo et al. (2023);Experiment 1;Orientation;1;1;;;;;;;9;5
-83;114;108.5;-5.5;1.78305459022522;31;5;1;Abreo et al. (2023);Experiment 1;Orientation;1;1;;;;;;;10;5
-32;89;80.5;-8.49999999999999;5.13301563262939;31;5;1;Abreo et al. (2023);Experiment 1;Orientation;1;1;;;;;;;11;5
-24;88;81.5;-6.49999999999999;2.42449259757996;31;5;1;Abreo et al. (2023);Experiment 1;Orientation;1;1;;;;;;;12;5
2;10;18.0;8.0;2.50805449485779;31;5;1;Abreo et al. (2023);Experiment 1;Orientation;1;1;;;;;;;13;5
22;107;114.0;7.00000000000001;1.55812573432922;31;5;1;Abreo et al. (2023);Experiment 1;Orientation;1;1;;;;;;;14;5
-63;144;121.0;-23.0;2.36643218994141;31;5;1;Abreo et al. (2023);Experiment 1;Orientation;1;1;;;;;;;15;5
90;77;72.0;-5.0;1.39966630935669;31;5;1;Abreo et al. (2023);Experiment 1;Orientation;1;1;;;;;;;16;5
38;174;162.5;-11.5;1.64959573745728;31;5;1;Abreo et al. (2023);Experiment 1;Orientation;1;1;;;;;;;17;5
-61;15;142.5;-52.5;1.74118280410767;31;5;1;Abreo et al. (2023);Experiment 1;Orientation;1;1;;;;;;;18;5
-50;170;160.0;-10.0;1.56649160385132;31;5;1;Abreo et al. (2023);Experiment 1;Orientation;1;1;;;;;;;19;5
2;108;110.0;2.0;1.57468700408936;31;5;1;Abreo et al. (2023);Experiment 1;Orientation;1;1;;;;;;;20;5
36;148;143.5;-4.5;2.59150838851929;31;5;1;Abreo et al. (2023);Experiment 1;Orientation;1;1;;;;;;;21;5
19;170;153.0;-17.0;1.84136152267456;31;5;1;Abreo et al. (2023);Experiment 1;Orientation;1;1;;;;;;;22;5
-81;38;157.0;-61.0;2.63313364982605;31;5;1;Abreo et al. (2023);Experiment 1;Orientation;1;1;;;;;;;23;5
-48;50;52.5;2.5;1.87473750114441;31;5;1;Abreo et al. (2023);Experiment 1;Orientation;1;1;;;;;;;24;5
67;168;156.5;-11.5;1.63311362266541;31;5;1;Abreo et al. (2023);Experiment 1;Orientation;1;1;;;;;;;25;5
-78;36;43.5;7.49999999999999;1.92458820343018;31;5;1;Abreo et al. (2023);Experiment 1;Orientation;1;1;;;;;;;26;5
-52;113;116.5;3.5;1.4831075668335;31;5;1;Abreo et al. (2023);Experiment 1;Orientation;1;1;;;;;;;27;5
-86;86;101.5;15.5;2.20798873901367;31;5;1;Abreo et al. (2023);Experiment 1;Orientation;1;1;;;;;;;28;5
86;53;57.0;4.0;1.95812845230103;31;5;1;Abreo et al. (2023);Experiment 1;Orientation;1;1;;;;;;;29;5
44;19;27.0;8.0;1.44982147216797;31;5;1;Abreo et al. (2023);Experiment 1;Orientation;1;1;;;;;;;30;5
8;55;52.5;-2.5;2.08315706253052;31;5;1;Abreo et al. (2023);Experiment 1;Orientation;1;1;;;;;;;31;5
0;103;117.5;14.5;2.14980483055115;31;5;1;Abreo et al. (2023);Experiment 1;Orientation;1;1;;;;;;;32;5
32;15;25.5;10.5;1.8246283531189;31;5;1;Abreo et al. (2023);Experiment 1;Orientation;1;1;;;;;;;33;5
23;174;166.0;-7.99999999999998;1.42475771903992;31;5;1;Abreo et al. (2023);Experiment 1;Orientation;1;1;;;;;;;34;5
38;0;169.5;-10.5;2.29976987838745;31;6;1;Abreo et al. (2023);Experiment 1;Orientation;1;1;;;;;;;1;6
-61;65;61.0;-4.00000000000001;1.46641445159912;31;6;1;Abreo et al. (2023);Experiment 1;Orientation;1;1;;;;;;;2;6
15;153;58.5;85.5;7.032794713974;31;6;1;Abreo et al. (2023);Experiment 1;Orientation;1;1;;;;;;;3;6
38;54;62.0;7.99999999999999;2.87464666366577;31;6;1;Abreo et al. (2023);Experiment 1;Orientation;1;1;;;;;;;4;6
-57;101;104.5;3.5;1.74970984458923;31;6;1;Abreo et al. (2023);Experiment 1;Orientation;1;1;;;;;;;5;6
-6;138;134.0;-3.99999999999998;1.52468919754028;31;6;1;Abreo et al. (2023);Experiment 1;Orientation;1;1;;;;;;;6;6
47;95;119.5;24.5;2.32473230361938;31;6;1;Abreo et al. (2023);Experiment 1;Orientation;1;1;;;;;;;7;6
-68;107;115.5;8.49999999999999;1.24976801872253;31;6;1;Abreo et al. (2023);Experiment 1;Orientation;1;1;;;;;;;8;6
-67;53;55.0;2.0;1.62481379508972;31;6;1;Abreo et al. (2023);Experiment 1;Orientation;1;1;;;;;;;9;6
4;173;161.0;-12.0;1.24966335296631;31;6;1;Abreo et al. (2023);Experiment 1;Orientation;1;1;;;;;;;10;6
82;110;109.0;-1.0;1.43317794799805;31;6;1;Abreo et al. (2023);Experiment 1;Orientation;1;1;;;;;;;11;6
-55;58;44.0;-14.0;2.50783777236938;31;6;1;Abreo et al. (2023);Experiment 1;Orientation;1;1;;;;;;;12;6
-85;1;161.5;-19.5;1.34141492843628;31;6;1;Abreo et al. (2023);Experiment 1;Orientation;1;1;;;;;;;13;6
19;18;28.0;10.0;2.55819153785706;31;6;1;Abreo et al. (2023);Experiment 1;Orientation;1;1;;;;;;;14;6
66;74;72.0;-2.0;1.79982542991638;31;6;1;Abreo et al. (2023);Experiment 1;Orientation;1;1;;;;;;;15;6
76;47;53.5;6.5;2.29983353614807;31;6;1;Abreo et al. (2023);Experiment 1;Orientation;1;1;;;;;;;16;6
88;71;57.0;-14.0;2.53304076194763;31;6;1;Abreo et al. (2023);Experiment 1;Orientation;1;1;;;;;;;17;6
-52;105;117.5;12.5;1.38305473327637;31;6;1;Abreo et al. (2023);Experiment 1;Orientation;1;1;;;;;;;18;6
-76;51;52.0;1.0;1.43302154541016;31;6;1;Abreo et al. (2023);Experiment 1;Orientation;1;1;;;;;;;19;6
41;93;108.5;15.5;1.71630358695984;31;6;1;Abreo et al. (2023);Experiment 1;Orientation;1;1;;;;;;;20;6
-8;118;130.0;12.0;1.40816569328308;31;6;1;Abreo et al. (2023);Experiment 1;Orientation;1;1;;;;;;;21;6
-9;86;83.0;-3.0;1.71647620201111;31;6;1;Abreo et al. (2023);Experiment 1;Orientation;1;1;;;;;;;22;6
12;38;41.5;3.5;2.14150714874268;31;6;1;Abreo et al. (2023);Experiment 1;Orientation;1;1;;;;;;;23;6
-51;62;40.5;-21.5;1.75805377960205;31;6;1;Abreo et al. (2023);Experiment 1;Orientation;1;1;;;;;;;24;6
-40;55;37.5;-17.5;1.75810670852661;31;6;1;Abreo et al. (2023);Experiment 1;Orientation;1;1;;;;;;;25;6
74;149;147.0;-2.0;2.27471375465393;31;6;1;Abreo et al. (2023);Experiment 1;Orientation;1;1;;;;;;;26;6
64;13;26.0;13.0;2.09949660301208;31;6;1;Abreo et al. (2023);Experiment 1;Orientation;1;1;;;;;;;27;6
1;166;154.5;-11.5;2.02487683296204;31;6;1;Abreo et al. (2023);Experiment 1;Orientation;1;1;;;;;;;28;6
-2;16;28.0;12.0;1.72481775283813;31;6;1;Abreo et al. (2023);Experiment 1;Orientation;1;1;;;;;;;29;6
68;73;64.0;-9.0;1.9009153842926;32;1;1;Abreo et al. (2023);Experiment 1;Orientation;1;1;;;;;;;1;1
24;79;64.0;-15.0;1.36776161193848;32;1;1;Abreo et al. (2023);Experiment 1;Orientation;1;1;;;;;;;2;1
56;46;64.0;18.0;2.65907406806946;32;1;1;Abreo et al. (2023);Experiment 1;Orientation;1;1;;;;;;;3;1
16;176;168.5;-7.49999999999999;1.85075354576111;32;1;1;Abreo et al. (2023);Experiment 1;Orientation;1;1;;;;;;;4;1
56;94;117.0;23.0;1.46751832962036;32;1;1;Abreo et al. (2023);Experiment 1;Orientation;1;1;;;;;;;5;1
-82;153;154.5;1.50000000000001;1.9005184173584;32;1;1;Abreo et al. (2023);Experiment 1;Orientation;1;1;;;;;;;6;1
-26;126;118.0;-7.99999999999998;1.59224724769592;32;1;1;Abreo et al. (2023);Experiment 1;Orientation;1;1;;;;;;;7;1
-88;34;52.5;18.5;1.76750516891479;32;1;1;Abreo et al. (2023);Experiment 1;Orientation;1;1;;;;;;;8;1
-42;3;19.0;16.0;1.6839644908905;32;1;1;Abreo et al. (2023);Experiment 1;Orientation;1;1;;;;;;;9;1
79;141;154.0;13.0;1.96749520301819;32;1;1;Abreo et al. (2023);Experiment 1;Orientation;1;1;;;;;;;10;1
72;83;85.5;2.5;1.67566823959351;32;1;1;Abreo et al. (2023);Experiment 1;Orientation;1;1;;;;;;;11;1
23;109;118.0;9.00000000000001;1.45066928863525;32;1;1;Abreo et al. (2023);Experiment 1;Orientation;1;1;;;;;;;12;1
-23;160;153.5;-6.5;2.66759276390076;32;1;1;Abreo et al. (2023);Experiment 1;Orientation;1;1;;;;;;;13;1
-65;106;113.5;7.50000000000001;1.50913834571838;32;1;1;Abreo et al. (2023);Experiment 1;Orientation;1;1;;;;;;;14;1
33;98;112.5;14.5;1.74256134033203;32;1;1;Abreo et al. (2023);Experiment 1;Orientation;1;1;;;;;;;15;1
-11;5;10.5;5.5;2.15907049179077;32;1;1;Abreo et al. (2023);Experiment 1;Orientation;1;1;;;;;;;16;1
16;24;20.0;-4.0;2.00916123390198;32;1;1;Abreo et al. (2023);Experiment 1;Orientation;1;1;;;;;;;17;1
-40;75;72.0;-3.0;3.90940761566162;32;1;1;Abreo et al. (2023);Experiment 1;Orientation;1;1;;;;;;;18;1
52;150;156.0;5.99999999999998;1.71753716468811;32;1;1;Abreo et al. (2023);Experiment 1;Orientation;1;1;;;;;;;19;1
-62;82;53.5;-28.5;2.48395538330078;32;1;1;Abreo et al. (2023);Experiment 1;Orientation;1;1;;;;;;;20;1
-41;13;13.0;-0.0;1.70924210548401;32;1;1;Abreo et al. (2023);Experiment 1;Orientation;1;1;;;;;;;21;1
85;14;16.5;2.5;1.55086708068848;32;1;1;Abreo et al. (2023);Experiment 1;Orientation;1;1;;;;;;;22;1
-49;25;20.0;-5.0;1.95886421203613;32;1;1;Abreo et al. (2023);Experiment 1;Orientation;1;1;;;;;;;23;1
-40;39;55.5;16.5;1.52568674087524;32;1;1;Abreo et al. (2023);Experiment 1;Orientation;1;1;;;;;;;24;1
-54;179;172.5;-6.5;2.00078868865967;32;1;1;Abreo et al. (2023);Experiment 1;Orientation;1;1;;;;;;;25;1
-69;104;109.5;5.5;2.04241919517517;32;1;1;Abreo et al. (2023);Experiment 1;Orientation;1;1;;;;;;;26;1
2;116;125.5;9.5;1.70921921730042;32;1;1;Abreo et al. (2023);Experiment 1;Orientation;1;1;;;;;;;27;1
-69;160;157.5;-2.5;1.78417253494263;32;1;1;Abreo et al. (2023);Experiment 1;Orientation;1;1;;;;;;;28;1
1;164;157.0;-7.0;1.24240946769714;32;1;1;Abreo et al. (2023);Experiment 1;Orientation;1;1;;;;;;;29;1
72;138;142.5;4.5;1.20048642158508;32;1;1;Abreo et al. (2023);Experiment 1;Orientation;1;1;;;;;;;30;1
-31;1;177.5;-3.50000000000001;1.79249930381775;32;1;1;Abreo et al. (2023);Experiment 1;Orientation;1;1;;;;;;;31;1
-11;101;108.0;7.0;1.81384587287903;32;2;1;Abreo et al. (2023);Experiment 1;Orientation;1;1;;;;;;;1;2
33;135;142.0;6.99999999999999;2.05927348136902;32;2;1;Abreo et al. (2023);Experiment 1;Orientation;1;1;;;;;;;2;2
-1;106;114.0;8.00000000000001;2.31754732131958;32;2;1;Abreo et al. (2023);Experiment 1;Orientation;1;1;;;;;;;3;2
82;168;161.5;-6.5;1.55082535743713;32;2;1;Abreo et al. (2023);Experiment 1;Orientation;1;1;;;;;;;4;2
33;86;76.5;-9.50000000000001;1.71756029129028;32;2;1;Abreo et al. (2023);Experiment 1;Orientation;1;1;;;;;;;5;2
-14;85;75.5;-9.50000000000001;1.62589144706726;32;2;1;Abreo et al. (2023);Experiment 1;Orientation;1;1;;;;;;;6;2
68;14;168.5;-25.5;1.50070738792419;32;2;1;Abreo et al. (2023);Experiment 1;Orientation;1;1;;;;;;;7;2
-6;81;76.0;-5.0;2.10088753700256;32;2;1;Abreo et al. (2023);Experiment 1;Orientation;1;1;;;;;;;8;2
-73;29;33.5;4.49999999999999;1.69244050979614;32;2;1;Abreo et al. (2023);Experiment 1;Orientation;1;1;;;;;;;9;2
58;120;80.0;-40.0;2.07559299468994;32;2;1;Abreo et al. (2023);Experiment 1;Orientation;1;1;;;;;;;10;2
36;103;35.0;-68.0;2.20085763931274;32;2;1;Abreo et al. (2023);Experiment 1;Orientation;1;1;;;;;;;11;2
-31;112;105.5;-6.5;2.18410611152649;32;2;1;Abreo et al. (2023);Experiment 1;Orientation;1;1;;;;;;;12;2
-67;122;108.5;-13.5;1.88422751426697;32;2;1;Abreo et al. (2023);Experiment 1;Orientation;1;1;;;;;;;13;2
-55;91;79.0;-12.0;1.94234824180603;32;2;1;Abreo et al. (2023);Experiment 1;Orientation;1;1;;;;;;;14;2
-15;158;158.0;0.0;3.7761824131012;32;2;1;Abreo et al. (2023);Experiment 1;Orientation;1;1;;;;;;;15;2
-33;118;105.0;-13.0;1.82568645477295;32;2;1;Abreo et al. (2023);Experiment 1;Orientation;1;1;;;;;;;16;2
-5;168;171.0;2.99999999999999;2.77604150772095;32;2;1;Abreo et al. (2023);Experiment 1;Orientation;1;1;;;;;;;17;2
43;141;135.0;-6.00000000000001;1.22559475898743;32;2;1;Abreo et al. (2023);Experiment 1;Orientation;1;1;;;;;;;18;2
12;130;118.0;-12.0;1.56751132011414;32;2;1;Abreo et al. (2023);Experiment 1;Orientation;1;1;;;;;;;19;2
-66;171;12.0;21.0;1.19226503372192;32;2;1;Abreo et al. (2023);Experiment 1;Orientation;1;1;;;;;;;20;2
45;119;78.0;-41.0;2.13391828536987;32;2;1;Abreo et al. (2023);Experiment 1;Orientation;1;1;;;;;;;21;2
70;110;93.5;-16.5;1.70049357414246;32;2;1;Abreo et al. (2023);Experiment 1;Orientation;1;1;;;;;;;22;2
88;56;66.0;10.0;3.64256429672241;32;2;1;Abreo et al. (2023);Experiment 1;Orientation;1;1;;;;;;;23;2
-2;65;68.5;3.5;2.30085229873657;32;2;1;Abreo et al. (2023);Experiment 1;Orientation;1;1;;;;;;;24;2
-9;36;68.0;32.0;2.1508092880249;32;2;1;Abreo et al. (2023);Experiment 1;Orientation;1;1;;;;;;;25;2
-9;16;74.5;58.5;1.84235763549805;32;2;1;Abreo et al. (2023);Experiment 1;Orientation;1;1;;;;;;;26;2
-4;172;158.0;-14.0;1.48412036895752;32;2;1;Abreo et al. (2023);Experiment 1;Orientation;1;1;;;;;;;27;2
-89;172;169.0;-3.00000000000002;1.70921182632446;32;2;1;Abreo et al. (2023);Experiment 1;Orientation;1;1;;;;;;;28;2
64;162;164.5;2.5;1.47532200813293;32;2;1;Abreo et al. (2023);Experiment 1;Orientation;1;1;;;;;;;29;2
89;130;24.5;74.5;2.47584342956543;32;2;1;Abreo et al. (2023);Experiment 1;Orientation;1;1;;;;;;;30;2
39;83;84.0;1.0;1.96754193305969;32;2;1;Abreo et al. (2023);Experiment 1;Orientation;1;1;;;;;;;31;2
81;11;11.0;-0.0;2.70067310333252;32;2;1;Abreo et al. (2023);Experiment 1;Orientation;1;1;;;;;;;32;2
64;118;105.5;-12.5;2.37577033042908;32;3;1;Abreo et al. (2023);Experiment 1;Orientation;1;1;;;;;;;1;3
-59;109;105.5;-3.5;1.52573347091675;32;3;1;Abreo et al. (2023);Experiment 1;Orientation;1;1;;;;;;;2;3
27;27;54.5;27.5;2.24246907234192;32;3;1;Abreo et al. (2023);Experiment 1;Orientation;1;1;;;;;;;3;3
77;143;153.0;9.99999999999999;1.70079445838928;32;3;1;Abreo et al. (2023);Experiment 1;Orientation;1;1;;;;;;;4;3
-70;151;156.0;4.99999999999999;1.8842146396637;32;3;1;Abreo et al. (2023);Experiment 1;Orientation;1;1;;;;;;;5;3
78;90;98.0;8.0;1.86750245094299;32;3;1;Abreo et al. (2023);Experiment 1;Orientation;1;1;;;;;;;6;3
12;84;77.5;-6.5;2.67600917816162;32;3;1;Abreo et al. (2023);Experiment 1;Orientation;1;1;;;;;;;7;3
34;107;127.0;20.0;1.35075330734253;32;3;1;Abreo et al. (2023);Experiment 1;Orientation;1;1;;;;;;;8;3
14;82;72.5;-9.49999999999999;2.02591252326965;32;3;1;Abreo et al. (2023);Experiment 1;Orientation;1;1;;;;;;;9;3
-61;100;106.0;6.0;1.45053482055664;32;3;1;Abreo et al. (2023);Experiment 1;Orientation;1;1;;;;;;;10;3
-55;178;168.0;-9.99999999999999;2.55101490020752;32;3;1;Abreo et al. (2023);Experiment 1;Orientation;1;1;;;;;;;11;3
70;146;138.5;-7.49999999999999;2.08427619934082;32;3;1;Abreo et al. (2023);Experiment 1;Orientation;1;1;;;;;;;12;3
68;130;132.5;2.5;2.03417921066284;32;3;1;Abreo et al. (2023);Experiment 1;Orientation;1;1;;;;;;;13;3
-3;11;12.5;1.5;2.11760258674622;32;3;1;Abreo et al. (2023);Experiment 1;Orientation;1;1;;;;;;;14;3
-45;126;97.0;-29.0;1.73416566848755;32;3;1;Abreo et al. (2023);Experiment 1;Orientation;1;1;;;;;;;15;3
50;141;151.0;9.99999999999999;6.93482422828674;32;3;1;Abreo et al. (2023);Experiment 1;Orientation;1;1;;;;;;;16;3
63;3;12.5;9.5;1.54245805740356;32;3;1;Abreo et al. (2023);Experiment 1;Orientation;1;1;;;;;;;17;3
-33;139;139.0;0.0;1.90050530433655;32;3;1;Abreo et al. (2023);Experiment 1;Orientation;1;1;;;;;;;18;3
46;10;12.5;2.5;1.57561540603638;32;3;1;Abreo et al. (2023);Experiment 1;Orientation;1;1;;;;;;;19;3
74;60;50.0;-9.99999999999999;1.89256358146667;32;3;1;Abreo et al. (2023);Experiment 1;Orientation;1;1;;;;;;;20;3
83;10;25.5;15.5;1.41747856140137;32;3;1;Abreo et al. (2023);Experiment 1;Orientation;1;1;;;;;;;21;3
21;178;173.0;-5.0;2.02585625648499;32;3;1;Abreo et al. (2023);Experiment 1;Orientation;1;1;;;;;;;22;3
45;83;76.0;-7.0;2.05085825920105;32;3;1;Abreo et al. (2023);Experiment 1;Orientation;1;1;;;;;;;23;3
-15;6;8.5;2.5;2.59703421592712;32;4;1;Abreo et al. (2023);Experiment 1;Orientation;1;1;;;;;;;1;4
76;148;152.5;4.5;1.5173966884613;32;4;1;Abreo et al. (2023);Experiment 1;Orientation;1;1;;;;;;;2;4
-7;71;57.5;-13.5;1.55083823204041;32;4;1;Abreo et al. (2023);Experiment 1;Orientation;1;1;;;;;;;3;4
-8;165;154.5;-10.5;1.48415446281433;32;4;1;Abreo et al. (2023);Experiment 1;Orientation;1;1;;;;;;;4;4
-50;18;14.5;-3.5;2.10923624038696;32;4;1;Abreo et al. (2023);Experiment 1;Orientation;1;1;;;;;;;5;4
53;130;127.5;-2.5;1.96760439872742;32;4;1;Abreo et al. (2023);Experiment 1;Orientation;1;1;;;;;;;6;4
17;41;51.0;10.0;2.18410563468933;32;4;1;Abreo et al. (2023);Experiment 1;Orientation;1;1;;;;;;;7;4
-17;30;21.5;-8.49999999999999;1.97590351104736;32;4;1;Abreo et al. (2023);Experiment 1;Orientation;1;1;;;;;;;8;4
82;174;157.5;-16.5;2.04262757301331;32;4;1;Abreo et al. (2023);Experiment 1;Orientation;1;1;;;;;;;9;4
89;137;128.0;-8.99999999999999;1.65052056312561;32;4;1;Abreo et al. (2023);Experiment 1;Orientation;1;1;;;;;;;10;4
50;19;21.5;2.5;1.70917391777039;32;4;1;Abreo et al. (2023);Experiment 1;Orientation;1;1;;;;;;;11;4
-53;169;166.0;-2.99999999999999;1.37563920021057;32;4;1;Abreo et al. (2023);Experiment 1;Orientation;1;1;;;;;;;12;4
-77;162;159.5;-2.5;2.10909128189087;32;4;1;Abreo et al. (2023);Experiment 1;Orientation;1;1;;;;;;;13;4
-80;34;16.5;-17.5;5.19291567802429;32;4;1;Abreo et al. (2023);Experiment 1;Orientation;1;1;;;;;;;14;4
-75;130;123.0;-7.0;2.07594299316406;32;4;1;Abreo et al. (2023);Experiment 1;Orientation;1;1;;;;;;;15;4
-6;105;111.0;5.99999999999999;1.43413662910461;32;4;1;Abreo et al. (2023);Experiment 1;Orientation;1;1;;;;;;;16;4
-84;120;110.0;-9.99999999999999;2.05076146125793;32;4;1;Abreo et al. (2023);Experiment 1;Orientation;1;1;;;;;;;17;4
-12;90;85.5;-4.5;1.5671751499176;32;4;1;Abreo et al. (2023);Experiment 1;Orientation;1;1;;;;;;;18;4
-23;50;45.5;-4.5;1.48409128189087;32;4;1;Abreo et al. (2023);Experiment 1;Orientation;1;1;;;;;;;19;4
76;6;13.0;7.0;1.72577905654907;32;4;1;Abreo et al. (2023);Experiment 1;Orientation;1;1;;;;;;;20;4
46;66;68.0;2.00000000000001;1.52573323249817;32;4;1;Abreo et al. (2023);Experiment 1;Orientation;1;1;;;;;;;21;4
-52;116;104.0;-12.0;1.7424201965332;32;4;1;Abreo et al. (2023);Experiment 1;Orientation;1;1;;;;;;;22;4
-82;117;115.0;-2.0;2.45917510986328;32;4;1;Abreo et al. (2023);Experiment 1;Orientation;1;1;;;;;;;23;4
-9;83;71.0;-12.0;2.27573084831238;32;4;1;Abreo et al. (2023);Experiment 1;Orientation;1;1;;;;;;;24;4
6;107;102.0;-5.0;2.71770024299622;32;4;1;Abreo et al. (2023);Experiment 1;Orientation;1;1;;;;;;;25;4
18;178;173.0;-5.0;1.41712117195129;32;4;1;Abreo et al. (2023);Experiment 1;Orientation;1;1;;;;;;;26;4
32;51;58.0;7.00000000000001;1.71741318702698;32;4;1;Abreo et al. (2023);Experiment 1;Orientation;1;1;;;;;;;27;4
84;40;55.0;15.0;2.6843376159668;32;4;1;Abreo et al. (2023);Experiment 1;Orientation;1;1;;;;;;;28;4
89;21;17.5;-3.5;1.46747088432312;32;4;1;Abreo et al. (2023);Experiment 1;Orientation;1;1;;;;;;;29;4
-57;146;114.0;-32.0;1.83417129516602;32;4;1;Abreo et al. (2023);Experiment 1;Orientation;1;1;;;;;;;30;4
58;83;70.0;-13.0;1.70909547805786;32;4;1;Abreo et al. (2023);Experiment 1;Orientation;1;1;;;;;;;31;4
-19;36;20.0;-16.0;1.92555141448975;32;4;1;Abreo et al. (2023);Experiment 1;Orientation;1;1;;;;;;;32;4
0;97;102.0;5.00000000000001;1.64240384101868;32;4;1;Abreo et al. (2023);Experiment 1;Orientation;1;1;;;;;;;33;4
-83;22;20.0;-2.0;1.57577538490295;32;4;1;Abreo et al. (2023);Experiment 1;Orientation;1;1;;;;;;;34;4
65;147;158.0;11.0;2.48433351516724;32;4;1;Abreo et al. (2023);Experiment 1;Orientation;1;1;;;;;;;35;4
-56;69;64.5;-4.5;2.1925482749939;32;4;1;Abreo et al. (2023);Experiment 1;Orientation;1;1;;;;;;;36;4
3;4;20.0;16.0;2.34317374229431;32;5;1;Abreo et al. (2023);Experiment 1;Orientation;1;1;;;;;;;1;5
-59;83;75.5;-7.5;1.77578544616699;32;5;1;Abreo et al. (2023);Experiment 1;Orientation;1;1;;;;;;;2;5
79;173;164.0;-9.0;2.05893325805664;32;5;1;Abreo et al. (2023);Experiment 1;Orientation;1;1;;;;;;;3;5
-85;78;72.5;-5.49999999999999;2.73430371284485;32;5;1;Abreo et al. (2023);Experiment 1;Orientation;1;1;;;;;;;4;5
87;122;128.5;6.5;2.9176607131958;32;5;1;Abreo et al. (2023);Experiment 1;Orientation;1;1;;;;;;;5;5
-39;50;33.5;-16.5;2.94266223907471;32;5;1;Abreo et al. (2023);Experiment 1;Orientation;1;1;;;;;;;6;5
19;150;146.5;-3.50000000000001;1.32574725151062;32;5;1;Abreo et al. (2023);Experiment 1;Orientation;1;1;;;;;;;7;5
12;126;119.5;-6.5;2.15027928352356;32;5;1;Abreo et al. (2023);Experiment 1;Orientation;1;1;;;;;;;8;5
-80;78;58.5;-19.5;4.42627239227295;32;5;1;Abreo et al. (2023);Experiment 1;Orientation;1;1;;;;;;;9;5
11;92;98.5;6.50000000000001;4.33428978919983;32;5;1;Abreo et al. (2023);Experiment 1;Orientation;1;1;;;;;;;10;5
14;129;129.0;-0.0;1.95087432861328;32;5;1;Abreo et al. (2023);Experiment 1;Orientation;1;1;;;;;;;11;5
42;106;120.0;14.0;2.44264221191406;32;5;1;Abreo et al. (2023);Experiment 1;Orientation;1;1;;;;;;;12;5
-74;55;52.0;-3.0;1.92578983306885;32;5;1;Abreo et al. (2023);Experiment 1;Orientation;1;1;;;;;;;13;5
66;126;122.5;-3.49999999999999;1.77564001083374;32;5;1;Abreo et al. (2023);Experiment 1;Orientation;1;1;;;;;;;14;5
-52;149;156.0;7.0;2.94265842437744;32;5;1;Abreo et al. (2023);Experiment 1;Orientation;1;1;;;;;;;15;5
57;165;164.0;-0.999999999999986;4.31779623031616;32;5;1;Abreo et al. (2023);Experiment 1;Orientation;1;1;;;;;;;16;5
-54;3;37.0;34.0;1.61748433113098;32;5;1;Abreo et al. (2023);Experiment 1;Orientation;1;1;;;;;;;17;5
49;153;163.0;10.0;1.52577328681946;32;5;1;Abreo et al. (2023);Experiment 1;Orientation;1;1;;;;;;;18;5
-82;140;140.5;0.500000000000017;1.68419742584229;32;5;1;Abreo et al. (2023);Experiment 1;Orientation;1;1;;;;;;;19;5
-33;75;73.0;-2.0;3.12615346908569;32;5;1;Abreo et al. (2023);Experiment 1;Orientation;1;1;;;;;;;20;5
84;46;62.0;16.0;2.4259204864502;32;5;1;Abreo et al. (2023);Experiment 1;Orientation;1;1;;;;;;;21;5
39;21;26.5;5.5;1.81717753410339;32;5;1;Abreo et al. (2023);Experiment 1;Orientation;1;1;;;;;;;22;5
-14;167;165.0;-2.0;1.8006317615509;32;5;1;Abreo et al. (2023);Experiment 1;Orientation;1;1;;;;;;;23;5
-4;25;10.5;-14.5;2.22592043876648;32;5;1;Abreo et al. (2023);Experiment 1;Orientation;1;1;;;;;;;24;5
37;131;138.0;7.0;1.64250254631042;32;5;1;Abreo et al. (2023);Experiment 1;Orientation;1;1;;;;;;;25;5
58;14;13.0;-1.0;1.27564191818237;32;5;1;Abreo et al. (2023);Experiment 1;Orientation;1;1;;;;;;;26;5
52;157;162.5;5.49999999999999;1.45898818969727;32;5;1;Abreo et al. (2023);Experiment 1;Orientation;1;1;;;;;;;27;5
-41;158;165.0;7.0;1.85077381134033;32;5;1;Abreo et al. (2023);Experiment 1;Orientation;1;1;;;;;;;28;5
-38;141;133.0;-8.00000000000001;1.80088043212891;32;5;1;Abreo et al. (2023);Experiment 1;Orientation;1;1;;;;;;;29;5
-24;20;11.5;-8.5;1.27545785903931;32;5;1;Abreo et al. (2023);Experiment 1;Orientation;1;1;;;;;;;30;5
-11;112;109.0;-3.0;1.65919303894043;32;5;1;Abreo et al. (2023);Experiment 1;Orientation;1;1;;;;;;;31;5
-24;9;8.5;-0.499999999999999;2.30994033813477;32;6;1;Abreo et al. (2023);Experiment 1;Orientation;1;1;;;;;;;1;6
-20;81;72.0;-9.0;2.05921244621277;32;6;1;Abreo et al. (2023);Experiment 1;Orientation;1;1;;;;;;;2;6
-18;173;161.5;-11.5;2.11759614944458;32;6;1;Abreo et al. (2023);Experiment 1;Orientation;1;1;;;;;;;3;6
-83;0;175.5;-4.49999999999999;1.72585463523865;32;6;1;Abreo et al. (2023);Experiment 1;Orientation;1;1;;;;;;;4;6
-75;169;164.0;-4.99999999999999;5.45948815345764;32;6;1;Abreo et al. (2023);Experiment 1;Orientation;1;1;;;;;;;5;6
86;127;124.5;-2.50000000000002;2.57594585418701;32;6;1;Abreo et al. (2023);Experiment 1;Orientation;1;1;;;;;;;6;6
-32;28;18.0;-10.0;2.74233222007751;32;6;1;Abreo et al. (2023);Experiment 1;Orientation;1;1;;;;;;;7;6
56;151;162.0;11.0;1.54248857498169;32;6;1;Abreo et al. (2023);Experiment 1;Orientation;1;1;;;;;;;8;6
22;62;71.5;9.50000000000001;1.99257349967957;32;6;1;Abreo et al. (2023);Experiment 1;Orientation;1;1;;;;;;;9;6
16;126;115.5;-10.5;1.97571706771851;32;6;1;Abreo et al. (2023);Experiment 1;Orientation;1;1;;;;;;;10;6
-8;121;129.0;7.99999999999999;2.31757998466492;32;6;1;Abreo et al. (2023);Experiment 1;Orientation;1;1;;;;;;;11;6
10;46;52.5;6.5;1.72588062286377;32;6;1;Abreo et al. (2023);Experiment 1;Orientation;1;1;;;;;;;12;6
87;6;10.0;4.0;1.70896363258362;32;6;1;Abreo et al. (2023);Experiment 1;Orientation;1;1;;;;;;;13;6
-32;15;11.5;-3.5;1.70915937423706;32;6;1;Abreo et al. (2023);Experiment 1;Orientation;1;1;;;;;;;14;6
19;16;16.0;-0.0;1.85908102989197;32;6;1;Abreo et al. (2023);Experiment 1;Orientation;1;1;;;;;;;15;6
37;98;100.5;2.50000000000001;2.26760840415955;32;6;1;Abreo et al. (2023);Experiment 1;Orientation;1;1;;;;;;;16;6
1;66;60.0;-6.00000000000001;2.29257655143738;32;6;1;Abreo et al. (2023);Experiment 1;Orientation;1;1;;;;;;;17;6
32;120;118.5;-1.49999999999999;10.7272861003876;32;6;1;Abreo et al. (2023);Experiment 1;Orientation;1;1;;;;;;;18;6
66;171;168.5;-2.5;1.95046138763428;32;6;1;Abreo et al. (2023);Experiment 1;Orientation;1;1;;;;;;;19;6
29;79;69.5;-9.5;1.55067873001099;32;6;1;Abreo et al. (2023);Experiment 1;Orientation;1;1;;;;;;;20;6
-57;57;63.0;6.0;1.93408107757568;32;6;1;Abreo et al. (2023);Experiment 1;Orientation;1;1;;;;;;;21;6
-46;80;78.5;-1.5;1.55087423324585;32;6;1;Abreo et al. (2023);Experiment 1;Orientation;1;1;;;;;;;22;6
20;111;104.0;-7.0;3.2677481174469;32;6;1;Abreo et al. (2023);Experiment 1;Orientation;1;1;;;;;;;23;6
0;27;164.0;-43.0;2.85344099998474;33;1;1;Abreo et al. (2023);Experiment 1;Orientation;1;1;;;;;;;1;1
-52;25;33.5;8.49999999999999;2.88333034515381;33;1;1;Abreo et al. (2023);Experiment 1;Orientation;1;1;;;;;;;2;1
-63;59;51.5;-7.50000000000001;5.41716742515564;33;1;1;Abreo et al. (2023);Experiment 1;Orientation;1;1;;;;;;;3;1
15;118;112.0;-6.00000000000001;3.81620240211487;33;1;1;Abreo et al. (2023);Experiment 1;Orientation;1;1;;;;;;;4;1
82;113;119.0;5.99999999999999;6.54972887039185;33;1;1;Abreo et al. (2023);Experiment 1;Orientation;1;1;;;;;;;5;1
69;88;87.0;-1.0;2.24136638641357;33;1;1;Abreo et al. (2023);Experiment 1;Orientation;1;1;;;;;;;6;1
38;81;108.5;27.5;2.63320636749268;33;1;1;Abreo et al. (2023);Experiment 1;Orientation;1;1;;;;;;;7;1
-42;161;117.0;-44.0;2.9330620765686;33;1;1;Abreo et al. (2023);Experiment 1;Orientation;1;1;;;;;;;8;1
45;61;75.0;14.0;7.2911491394043;33;1;1;Abreo et al. (2023);Experiment 1;Orientation;1;1;;;;;;;9;1
-22;81;174.5;-86.5;1.7248272895813;33;1;1;Abreo et al. (2023);Experiment 1;Orientation;1;1;;;;;;;10;1
70;8;163.5;-24.5;2.89150023460388;33;1;1;Abreo et al. (2023);Experiment 1;Orientation;1;1;;;;;;;11;1
67;161;148.5;-12.5;2.29983305931091;33;1;1;Abreo et al. (2023);Experiment 1;Orientation;1;1;;;;;;;12;1
-38;149;167.0;18.0;2.01647448539734;33;1;1;Abreo et al. (2023);Experiment 1;Orientation;1;1;;;;;;;13;1
81;175;172.5;-2.5;1.81649422645569;33;1;1;Abreo et al. (2023);Experiment 1;Orientation;1;1;;;;;;;14;1
-50;139;123.0;-16.0;2.80813241004944;33;1;1;Abreo et al. (2023);Experiment 1;Orientation;1;1;;;;;;;15;1
14;166;145.0;-21.0;2.22458648681641;33;1;1;Abreo et al. (2023);Experiment 1;Orientation;1;1;;;;;;;16;1
-76;90;90.0;-0.0;3.75782251358032;33;1;1;Abreo et al. (2023);Experiment 1;Orientation;1;1;;;;;;;17;1
63;0;0.5;0.5;2.47477626800537;33;1;1;Abreo et al. (2023);Experiment 1;Orientation;1;1;;;;;;;18;1
55;45;107.0;62.0;2.12480425834656;33;1;1;Abreo et al. (2023);Experiment 1;Orientation;1;1;;;;;;;19;1
42;174;171.0;-2.99999999999999;2.8914783000946;33;1;1;Abreo et al. (2023);Experiment 1;Orientation;1;1;;;;;;;20;1
-44;82;109.5;27.5;1.74983429908752;33;1;1;Abreo et al. (2023);Experiment 1;Orientation;1;1;;;;;;;21;1
16;166;164.5;-1.50000000000001;1.76654624938965;33;1;1;Abreo et al. (2023);Experiment 1;Orientation;1;1;;;;;;;22;1
-31;7;151.0;-36.0;2.13310575485229;33;1;1;Abreo et al. (2023);Experiment 1;Orientation;1;1;;;;;;;23;1
47;11;37.0;26.0;2.67483949661255;33;1;1;Abreo et al. (2023);Experiment 1;Orientation;1;1;;;;;;;24;1
66;56;52.5;-3.5;3.14955902099609;33;1;1;Abreo et al. (2023);Experiment 1;Orientation;1;1;;;;;;;25;1
-37;111;127.5;16.5;1.80789947509766;33;1;1;Abreo et al. (2023);Experiment 1;Orientation;1;1;;;;;;;26;1
-9;3;5.5;2.5;1.30811738967896;33;1;1;Abreo et al. (2023);Experiment 1;Orientation;1;1;;;;;;;27;1
56;149;158.0;9.0;2.4830801486969;33;1;1;Abreo et al. (2023);Experiment 1;Orientation;1;1;;;;;;;28;1
-76;113;131.0;18.0;1.67484927177429;33;1;1;Abreo et al. (2023);Experiment 1;Orientation;1;1;;;;;;;29;1
1;87;70.0;-17.0;10.4496524333954;33;1;1;Abreo et al. (2023);Experiment 1;Orientation;1;1;;;;;;;30;1
-28;133;143.0;10.0;1.5329692363739;33;1;1;Abreo et al. (2023);Experiment 1;Orientation;1;1;;;;;;;31;1
-41;134;130.5;-3.50000000000001;1.82557320594788;2;33;1;Abreo et al. (2023);Experiment 1;Orientation;1;1;;;;;;;1;6
-34;71;52.5;-18.5;2.01641607284546;2;33;1;Abreo et al. (2023);Experiment 1;Orientation;1;1;;;;;;;2;6
68;171;156.0;-15.0;1.83308410644531;2;33;1;Abreo et al. (2023);Experiment 1;Orientation;1;1;;;;;;;3;6
-37;80;67.5;-12.5;3.24983501434326;2;33;1;Abreo et al. (2023);Experiment 1;Orientation;1;1;;;;;;;4;6
24;80;60.5;-19.5;2.49133777618408;2;33;1;Abreo et al. (2023);Experiment 1;Orientation;1;1;;;;;;;5;6
16;33;37.5;4.5;1.95821833610535;2;33;1;Abreo et al. (2023);Experiment 1;Orientation;1;1;;;;;;;6;6
17;20;24.5;4.5;1.37479281425476;2;33;1;Abreo et al. (2023);Experiment 1;Orientation;1;1;;;;;;;7;6
2;118;124.5;6.49999999999998;1.4081768989563;2;33;1;Abreo et al. (2023);Experiment 1;Orientation;1;1;;;;;;;8;6
-57;31;36.0;5.0;2.54149889945984;2;33;1;Abreo et al. (2023);Experiment 1;Orientation;1;1;;;;;;;9;6
-7;6;15.0;9.0;1.94116592407227;2;33;1;Abreo et al. (2023);Experiment 1;Orientation;1;1;;;;;;;10;6
-53;178;166.0;-12.0;1.62483286857605;2;33;1;Abreo et al. (2023);Experiment 1;Orientation;1;1;;;;;;;11;6
24;67;69.0;1.99999999999999;3.83295369148254;2;33;1;Abreo et al. (2023);Experiment 1;Orientation;1;1;;;;;;;12;6
-72;120;112.5;-7.49999999999999;2.34978914260864;2;33;1;Abreo et al. (2023);Experiment 1;Orientation;1;1;;;;;;;13;6
77;159;142.5;-16.5;3.52457451820374;2;33;1;Abreo et al. (2023);Experiment 1;Orientation;1;1;;;;;;;14;6
71;50;106.5;56.5;2.85788178443909;2;33;1;Abreo et al. (2023);Experiment 1;Orientation;1;1;;;;;;;15;6
58;167;164.0;-2.99999999999999;3.28299236297607;2;33;1;Abreo et al. (2023);Experiment 1;Orientation;1;1;;;;;;;16;6
51;21;31.5;10.5;6.95814847946167;2;33;1;Abreo et al. (2023);Experiment 1;Orientation;1;1;;;;;;;17;6
-22;151;147.0;-4.0;1.41639280319214;2;33;1;Abreo et al. (2023);Experiment 1;Orientation;1;1;;;;;;;18;6
58;88;108.5;20.5;3.50784635543823;2;33;1;Abreo et al. (2023);Experiment 1;Orientation;1;1;;;;;;;19;6
83;138;139.5;1.5;2.11647701263428;2;33;1;Abreo et al. (2023);Experiment 1;Orientation;1;1;;;;;;;20;6
-19;96;105.5;9.49999999999999;1.60784006118774;2;33;1;Abreo et al. (2023);Experiment 1;Orientation;1;1;;;;;;;21;6
19;109;101.0;-8.0;1.72468638420105;2;33;1;Abreo et al. (2023);Experiment 1;Orientation;1;1;;;;;;;22;6
9;95;100.5;5.5;1.91621804237366;2;33;1;Abreo et al. (2023);Experiment 1;Orientation;1;1;;;;;;;23;6
86;154;146.0;-8.00000000000001;2.90799450874329;2;33;1;Abreo et al. (2023);Experiment 1;Orientation;1;1;;;;;;;24;6
30;6;18.5;12.5;2.03283929824829;2;33;1;Abreo et al. (2023);Experiment 1;Orientation;1;1;;;;;;;25;6
-42;3;152.5;-30.5;2.04151248931885;2;33;1;Abreo et al. (2023);Experiment 1;Orientation;1;1;;;;;;;26;6
70;146;129.0;-17.0;2.43314456939697;2;33;1;Abreo et al. (2023);Experiment 1;Orientation;1;1;;;;;;;27;6
49;40;50.5;10.5;2.25791144371033;2;33;1;Abreo et al. (2023);Experiment 1;Orientation;1;1;;;;;;;28;6
-72;120;128.5;8.5;1.63286733627319;2;33;1;Abreo et al. (2023);Experiment 1;Orientation;1;1;;;;;;;29;6
-20;112;131.0;19.0;1.50784206390381;2;33;1;Abreo et al. (2023);Experiment 1;Orientation;1;1;;;;;;;30;6
32;77;56.5;-20.5;3.14965653419495;2;33;1;Abreo et al. (2023);Experiment 1;Orientation;1;1;;;;;;;31;6
61;46;65.0;19.0;2.58301830291748;2;33;1;Abreo et al. (2023);Experiment 1;Orientation;1;1;;;;;;;32;6
-89;88;67.5;-20.5;1.88297486305237;33;3;1;Abreo et al. (2023);Experiment 1;Orientation;1;1;;;;;;;1;2
90;51;58.0;7.00000000000001;1.96631121635437;33;3;1;Abreo et al. (2023);Experiment 1;Orientation;1;1;;;;;;;2;2
-65;80;82.5;2.5;2.09116888046265;33;3;1;Abreo et al. (2023);Experiment 1;Orientation;1;1;;;;;;;3;2
-50;40;47.5;7.5;1.58320617675781;33;3;1;Abreo et al. (2023);Experiment 1;Orientation;1;1;;;;;;;4;2
-57;132;119.0;-13.0;2.04987645149231;33;3;1;Abreo et al. (2023);Experiment 1;Orientation;1;1;;;;;;;5;2
-63;150;119.0;-31.0;2.09131622314453;33;3;1;Abreo et al. (2023);Experiment 1;Orientation;1;1;;;;;;;6;2
62;71;99.5;28.5;2.44149422645569;33;3;1;Abreo et al. (2023);Experiment 1;Orientation;1;1;;;;;;;7;2
20;108;108.0;-0.0;1.8080370426178;33;3;1;Abreo et al. (2023);Experiment 1;Orientation;1;1;;;;;;;8;2
-82;73;74.0;1.0;2.35804724693298;33;3;1;Abreo et al. (2023);Experiment 1;Orientation;1;1;;;;;;;9;2
41;82;103.5;21.5;1.70784330368042;33;3;1;Abreo et al. (2023);Experiment 1;Orientation;1;1;;;;;;;10;2
-58;155;139.0;-16.0;1.62463617324829;33;3;1;Abreo et al. (2023);Experiment 1;Orientation;1;1;;;;;;;11;2
15;172;151.0;-21.0;1.64966154098511;33;3;1;Abreo et al. (2023);Experiment 1;Orientation;1;1;;;;;;;12;2
-87;128;134.5;6.5;1.79138851165771;33;3;1;Abreo et al. (2023);Experiment 1;Orientation;1;1;;;;;;;13;2
6;133;127.5;-5.49999999999999;2.29157495498657;33;3;1;Abreo et al. (2023);Experiment 1;Orientation;1;1;;;;;;;14;2
57;20;46.0;26.0;2.05817008018494;33;3;1;Abreo et al. (2023);Experiment 1;Orientation;1;1;;;;;;;15;2
6;69;57.0;-12.0;2.97487711906433;33;3;1;Abreo et al. (2023);Experiment 1;Orientation;1;1;;;;;;;16;2
-77;135;129.0;-6.00000000000001;2.51638913154602;33;3;1;Abreo et al. (2023);Experiment 1;Orientation;1;1;;;;;;;17;2
-39;66;65.0;-1.0;2.00779604911804;33;3;1;Abreo et al. (2023);Experiment 1;Orientation;1;1;;;;;;;18;2
80;106;121.0;15.0;1.91638135910034;33;3;1;Abreo et al. (2023);Experiment 1;Orientation;1;1;;;;;;;19;2
81;59;50.0;-9.0;2.05787062644958;33;3;1;Abreo et al. (2023);Experiment 1;Orientation;1;1;;;;;;;20;2
24;29;31.5;2.49999999999999;2.34948396682739;33;3;1;Abreo et al. (2023);Experiment 1;Orientation;1;1;;;;;;;21;2
-79;125;168.0;43.0;2.58317708969116;33;3;1;Abreo et al. (2023);Experiment 1;Orientation;1;1;;;;;;;22;2
58;129;125.0;-3.99999999999998;3.08316135406494;33;3;1;Abreo et al. (2023);Experiment 1;Orientation;1;1;;;;;;;23;2
87;127;126.0;-1.00000000000001;2.29948139190674;33;3;1;Abreo et al. (2023);Experiment 1;Orientation;1;1;;;;;;;24;2
80;86;96.0;10.0;2.74138116836548;33;3;1;Abreo et al. (2023);Experiment 1;Orientation;1;1;;;;;;;25;2
-68;49;53.0;4.0;1.82452249526978;33;3;1;Abreo et al. (2023);Experiment 1;Orientation;1;1;;;;;;;26;2
-11;14;35.5;21.5;1.76650834083557;33;3;1;Abreo et al. (2023);Experiment 1;Orientation;1;1;;;;;;;27;2
28;170;145.5;-24.5;1.43309140205383;4;4;1;Abreo et al. (2023);Experiment 1;Orientation;1;1;;;;;;;31;7
18;177;167.5;-9.49999999999999;1.97464513778687;4;4;1;Abreo et al. (2023);Experiment 1;Orientation;1;1;;;;;;;32;7
11;99;108.0;9.0;1.54963421821594;4;4;1;Abreo et al. (2023);Experiment 1;Orientation;1;1;;;;;;;33;7
-6;133;149.5;16.5;1.74984121322632;4;4;1;Abreo et al. (2023);Experiment 1;Orientation;1;1;;;;;;;34;7
-20;10;21.5;11.5;2.78279232978821;4;4;1;Abreo et al. (2023);Experiment 1;Orientation;1;1;;;;;;;35;7
-26;6;23.0;17.0;2.6161789894104;4;4;1;Abreo et al. (2023);Experiment 1;Orientation;1;1;;;;;;;36;7
-32;63;66.0;3.00000000000001;2.08307266235352;4;4;1;Abreo et al. (2023);Experiment 1;Orientation;1;1;;;;;;;37;7
-28;21;26.5;5.5;2.46635890007019;4;4;1;Abreo et al. (2023);Experiment 1;Orientation;1;1;;;;;;;38;7
67;107;117.5;10.5;1.59138989448547;4;4;1;Abreo et al. (2023);Experiment 1;Orientation;1;1;;;;;;;39;7
-51;157;122.5;-34.5;1.68307018280029;4;4;1;Abreo et al. (2023);Experiment 1;Orientation;1;1;;;;;;;40;7
-44;14;11.5;-2.5;1.80816125869751;4;4;1;Abreo et al. (2023);Experiment 1;Orientation;1;1;;;;;;;41;7
-33;88;115.5;27.5;2.80817937850952;4;4;1;Abreo et al. (2023);Experiment 1;Orientation;1;1;;;;;;;42;7
3;118;140.5;22.5;3.45805096626282;4;4;1;Abreo et al. (2023);Experiment 1;Orientation;1;1;;;;;;;43;7
55;80;61.5;-18.5;5.74966621398926;4;4;1;Abreo et al. (2023);Experiment 1;Orientation;1;1;;;;;;;44;7
18;64;67.0;3.0;3.18316102027893;4;4;1;Abreo et al. (2023);Experiment 1;Orientation;1;1;;;;;;;45;7
19;179;171.0;-8.00000000000001;2.4830322265625;4;4;1;Abreo et al. (2023);Experiment 1;Orientation;1;1;;;;;;;46;7
-56;44;33.5;-10.5;2.69144058227539;4;4;1;Abreo et al. (2023);Experiment 1;Orientation;1;1;;;;;;;47;7
-2;71;46.5;-24.5;2.85797142982483;4;4;1;Abreo et al. (2023);Experiment 1;Orientation;1;1;;;;;;;48;7
-17;21;25.0;4.0;2.78310489654541;4;4;1;Abreo et al. (2023);Experiment 1;Orientation;1;1;;;;;;;49;7
-59;133;128.0;-4.99999999999999;2.22484922409058;4;4;1;Abreo et al. (2023);Experiment 1;Orientation;1;1;;;;;;;50;7
-89;120;122.5;2.50000000000003;1.52443218231201;4;4;1;Abreo et al. (2023);Experiment 1;Orientation;1;1;;;;;;;51;7
-83;70;119.0;49.0;3.91618990898132;4;4;1;Abreo et al. (2023);Experiment 1;Orientation;1;1;;;;;;;52;7
-78;18;29.0;11.0;2.39966106414795;4;4;1;Abreo et al. (2023);Experiment 1;Orientation;1;1;;;;;;;53;7
-9;27;17.0;-10.0;1.81631803512573;4;4;1;Abreo et al. (2023);Experiment 1;Orientation;1;1;;;;;;;54;7
4;6;6.0;-0.0;1.99953365325928;4;4;1;Abreo et al. (2023);Experiment 1;Orientation;1;1;;;;;;;55;7
-33;104;117.0;13.0;2.5331244468689;4;4;1;Abreo et al. (2023);Experiment 1;Orientation;1;1;;;;;;;56;7
-30;126;115.0;-11.0;2.54141354560852;4;4;1;Abreo et al. (2023);Experiment 1;Orientation;1;1;;;;;;;57;7
-50;164;143.0;-21.0;1.79965448379517;4;4;1;Abreo et al. (2023);Experiment 1;Orientation;1;1;;;;;;;58;7
23;118;120.5;2.5;11.1410970687866;4;4;1;Abreo et al. (2023);Experiment 1;Orientation;1;1;;;;;;;59;7
-76;124;154.5;30.5;2.25799894332886;4;4;1;Abreo et al. (2023);Experiment 1;Orientation;1;1;;;;;;;60;7
-12;115;140.5;25.5;1.63310694694519;4;4;1;Abreo et al. (2023);Experiment 1;Orientation;1;1;;;;;;;61;7
40;132;147.0;15.0;1.59136319160461;4;4;1;Abreo et al. (2023);Experiment 1;Orientation;1;1;;;;;;;62;7
3;174;148.5;-25.5;2.08281707763672;4;4;1;Abreo et al. (2023);Experiment 1;Orientation;1;1;;;;;;;63;7
6;150;141.5;-8.50000000000001;2.01649498939514;4;4;1;Abreo et al. (2023);Experiment 1;Orientation;1;1;;;;;;;64;7
25;144;158.0;14.0;3.49136853218079;4;4;1;Abreo et al. (2023);Experiment 1;Orientation;1;1;;;;;;;65;7
39;25;29.5;4.5;2.21615791320801;4;4;1;Abreo et al. (2023);Experiment 1;Orientation;1;1;;;;;;;66;7
-34;92;76.0;-16.0;3.79976844787598;4;4;1;Abreo et al. (2023);Experiment 1;Orientation;1;1;;;;;;;67;7
-87;27;44.0;17.0;5.01616787910461;4;4;1;Abreo et al. (2023);Experiment 1;Orientation;1;1;;;;;;;68;7
81;132;136.5;4.5;1.79963040351868;4;4;1;Abreo et al. (2023);Experiment 1;Orientation;1;1;;;;;;;69;7
80;24;37.5;13.5;2.26637172698975;4;4;1;Abreo et al. (2023);Experiment 1;Orientation;1;1;;;;;;;70;7
60;173;150.5;-22.5;1.84953427314758;4;4;1;Abreo et al. (2023);Experiment 1;Orientation;1;1;;;;;;;71;7
69;129;152.0;23.0;1.79957962036133;4;4;1;Abreo et al. (2023);Experiment 1;Orientation;1;1;;;;;;;72;7
-6;91;69.0;-22.0;2.36650133132935;33;5;1;Abreo et al. (2023);Experiment 1;Orientation;1;1;;;;;;;1;3
-80;3;159.5;-23.5;2.08315825462341;33;5;1;Abreo et al. (2023);Experiment 1;Orientation;1;1;;;;;;;2;3
-10;70;59.0;-11.0;1.64951324462891;33;5;1;Abreo et al. (2023);Experiment 1;Orientation;1;1;;;;;;;3;3
8;143;122.0;-21.0;1.92473530769348;33;5;1;Abreo et al. (2023);Experiment 1;Orientation;1;1;;;;;;;4;3
83;23;42.5;19.5;12.7163000106812;33;5;1;Abreo et al. (2023);Experiment 1;Orientation;1;1;;;;;;;5;3
53;87;74.5;-12.5;2.89127135276794;33;5;1;Abreo et al. (2023);Experiment 1;Orientation;1;1;;;;;;;6;3
-68;40;57.0;17.0;13.9411344528198;33;5;1;Abreo et al. (2023);Experiment 1;Orientation;1;1;;;;;;;7;3
49;55;59.0;4.0;2.55813598632812;33;5;1;Abreo et al. (2023);Experiment 1;Orientation;1;1;;;;;;;8;3
-55;171;152.5;-18.5;1.6244695186615;33;5;1;Abreo et al. (2023);Experiment 1;Orientation;1;1;;;;;;;9;3
36;98;110.5;12.5;2.14125537872314;33;5;1;Abreo et al. (2023);Experiment 1;Orientation;1;1;;;;;;;10;3
-9;98;97.0;-1.0;5.17454600334167;33;5;1;Abreo et al. (2023);Experiment 1;Orientation;1;1;;;;;;;11;3
-74;67;44.5;-22.5;2.50783228874207;33;5;1;Abreo et al. (2023);Experiment 1;Orientation;1;1;;;;;;;12;3
47;141;147.5;6.5;2.03287291526794;33;5;1;Abreo et al. (2023);Experiment 1;Orientation;1;1;;;;;;;13;3
-31;135;148.0;13.0;1.73292899131775;33;5;1;Abreo et al. (2023);Experiment 1;Orientation;1;1;;;;;;;14;3
0;72;58.5;-13.5;2.00821614265442;33;5;1;Abreo et al. (2023);Experiment 1;Orientation;1;1;;;;;;;15;3
24;65;76.5;11.5;2.36620831489563;33;5;1;Abreo et al. (2023);Experiment 1;Orientation;1;1;;;;;;;16;3
-12;68;67.0;-1.0;1.74145746231079;33;5;1;Abreo et al. (2023);Experiment 1;Orientation;1;1;;;;;;;17;3
-5;44;51.5;7.50000000000001;2.44983768463135;33;5;1;Abreo et al. (2023);Experiment 1;Orientation;1;1;;;;;;;18;3
24;91;114.0;23.0;9.87443494796753;33;5;1;Abreo et al. (2023);Experiment 1;Orientation;1;1;;;;;;;19;3
-5;22;37.5;15.5;2.07468414306641;33;5;1;Abreo et al. (2023);Experiment 1;Orientation;1;1;;;;;;;20;3
-28;129;162.0;33.0;7.81619453430176;33;5;1;Abreo et al. (2023);Experiment 1;Orientation;1;1;;;;;;;21;3
-55;156;139.5;-16.5;1.45787239074707;33;5;1;Abreo et al. (2023);Experiment 1;Orientation;1;1;;;;;;;22;3
-37;122;123.0;1.00000000000001;2.14973831176758;33;5;1;Abreo et al. (2023);Experiment 1;Orientation;1;1;;;;;;;23;3
45;5;24.0;19.0;1.79153251647949;33;5;1;Abreo et al. (2023);Experiment 1;Orientation;1;1;;;;;;;24;3
49;75;60.5;-14.5;2.14150953292847;33;5;1;Abreo et al. (2023);Experiment 1;Orientation;1;1;;;;;;;25;3
3;36;45.0;9.0;1.78314137458801;33;5;1;Abreo et al. (2023);Experiment 1;Orientation;1;1;;;;;;;26;3
-62;62;159.5;-82.5;6.12481021881104;33;5;1;Abreo et al. (2023);Experiment 1;Orientation;1;1;;;;;;;27;3
-8;62;18.0;-44.0;5.36649441719055;33;5;1;Abreo et al. (2023);Experiment 1;Orientation;1;1;;;;;;;28;3
-42;74;48.0;-26.0;2.94140529632568;33;5;1;Abreo et al. (2023);Experiment 1;Orientation;1;1;;;;;;;29;3
77;171;163.0;-7.99999999999999;1.55815720558167;33;5;1;Abreo et al. (2023);Experiment 1;Orientation;1;1;;;;;;;30;3
-87;101;121.5;20.5;2.59983015060425;33;5;1;Abreo et al. (2023);Experiment 1;Orientation;1;1;;;;;;;31;3
69;137;132.5;-4.49999999999999;27.5579121112823;33;6;1;Abreo et al. (2023);Experiment 1;Orientation;1;1;;;;;;;1;4
9;87;112.5;25.5;2.6581437587738;33;6;1;Abreo et al. (2023);Experiment 1;Orientation;1;1;;;;;;;2;4
-62;87;51.5;-35.5;13.4910771846771;33;6;1;Abreo et al. (2023);Experiment 1;Orientation;1;1;;;;;;;3;4
73;175;159.5;-15.5;1.96632933616638;33;6;1;Abreo et al. (2023);Experiment 1;Orientation;1;1;;;;;;;4;4
-60;74;54.0;-20.0;1.7161922454834;33;6;1;Abreo et al. (2023);Experiment 1;Orientation;1;1;;;;;;;5;4
-40;150;153.0;2.99999999999999;2.01611566543579;33;6;1;Abreo et al. (2023);Experiment 1;Orientation;1;1;;;;;;;6;4
44;85;112.5;27.5;6.94967198371887;33;6;1;Abreo et al. (2023);Experiment 1;Orientation;1;1;;;;;;;7;4
79;102;135.5;33.5;19.1827070713043;33;6;1;Abreo et al. (2023);Experiment 1;Orientation;1;1;;;;;;;8;4
52;61;53.0;-8.0;4.44134521484375;33;6;1;Abreo et al. (2023);Experiment 1;Orientation;1;1;;;;;;;9;4
-71;22;41.5;19.5;1.98298311233521;33;6;1;Abreo et al. (2023);Experiment 1;Orientation;1;1;;;;;;;10;4
79;177;102.5;-74.5;5.44976234436035;33;6;1;Abreo et al. (2023);Experiment 1;Orientation;1;1;;;;;;;11;4
28;36;33.5;-2.50000000000001;3.25814747810364;33;6;1;Abreo et al. (2023);Experiment 1;Orientation;1;1;;;;;;;12;4
-11;0;168.5;-11.5;2.18299961090088;33;6;1;Abreo et al. (2023);Experiment 1;Orientation;1;1;;;;;;;13;4
-68;140;140.0;0.0;1.958163022995;33;6;1;Abreo et al. (2023);Experiment 1;Orientation;1;1;;;;;;;14;4
44;0;14.5;14.5;2.39963722229004;33;6;1;Abreo et al. (2023);Experiment 1;Orientation;1;1;;;;;;;15;4
-2;90;107.0;17.0;2.10783338546753;33;6;1;Abreo et al. (2023);Experiment 1;Orientation;1;1;;;;;;;16;4
80;1;50.5;49.5;3.6163923740387;33;6;1;Abreo et al. (2023);Experiment 1;Orientation;1;1;;;;;;;17;4
38;160;132.0;-28.0;1.54132795333862;33;6;1;Abreo et al. (2023);Experiment 1;Orientation;1;1;;;;;;;18;4
34;43;51.0;8.0;2.64129853248596;33;6;1;Abreo et al. (2023);Experiment 1;Orientation;1;1;;;;;;;19;4
13;13;29.5;16.5;2.05798816680908;33;6;1;Abreo et al. (2023);Experiment 1;Orientation;1;1;;;;;;;20;4
-13;126;131.5;5.50000000000002;1.4165575504303;33;6;1;Abreo et al. (2023);Experiment 1;Orientation;1;1;;;;;;;21;4
-38;154;144.0;-10.0;1.57476019859314;33;6;1;Abreo et al. (2023);Experiment 1;Orientation;1;1;;;;;;;22;4
31;105;121.5;16.5;2.5331916809082;33;6;1;Abreo et al. (2023);Experiment 1;Orientation;1;1;;;;;;;23;4
-88;165;137.0;-28.0;3.02474498748779;33;6;1;Abreo et al. (2023);Experiment 1;Orientation;1;1;;;;;;;24;4
-13;28;137.5;-70.5;2.59118008613586;33;6;1;Abreo et al. (2023);Experiment 1;Orientation;1;1;;;;;;;25;4
-86;66;172.5;-73.5;2.68300914764404;33;6;1;Abreo et al. (2023);Experiment 1;Orientation;1;1;;;;;;;26;4
-37;72;46.5;-25.5;1.99981808662415;33;6;1;Abreo et al. (2023);Experiment 1;Orientation;1;1;;;;;;;27;4
69;76;136.5;60.5;2.84959030151367;33;6;1;Abreo et al. (2023);Experiment 1;Orientation;1;1;;;;;;;28;4
-1;161;152.0;-9.0;1.5676600933075;34;1;1;Abreo et al. (2023);Experiment 1;Orientation;1;1;;;;;;;1;1
8;18;176.0;-22.0;2.01823139190674;34;1;1;Abreo et al. (2023);Experiment 1;Orientation;1;1;;;;;;;2;1
71;76;70.5;-5.5;2.90097165107727;34;1;1;Abreo et al. (2023);Experiment 1;Orientation;1;1;;;;;;;3;1
65;125;126.5;1.49999999999998;1.92594575881958;34;1;1;Abreo et al. (2023);Experiment 1;Orientation;1;1;;;;;;;4;1
62;21;32.0;11.0;1.81752276420593;34;1;1;Abreo et al. (2023);Experiment 1;Orientation;1;1;;;;;;;5;1
55;171;151.5;-19.5;2.93412280082703;34;1;1;Abreo et al. (2023);Experiment 1;Orientation;1;1;;;;;;;6;1
79;13;29.0;16.0;1.52586221694946;34;1;1;Abreo et al. (2023);Experiment 1;Orientation;1;1;;;;;;;7;1
-77;39;40.5;1.5;1.70914697647095;34;1;1;Abreo et al. (2023);Experiment 1;Orientation;1;1;;;;;;;8;1
-41;122;30.0;88.0;2.40914106369019;34;1;1;Abreo et al. (2023);Experiment 1;Orientation;1;1;;;;;;;9;1
-11;10;37.5;27.5;1.60052466392517;34;1;1;Abreo et al. (2023);Experiment 1;Orientation;1;1;;;;;;;10;1
-60;8;30.5;22.5;1.99243974685669;34;1;1;Abreo et al. (2023);Experiment 1;Orientation;1;1;;;;;;;11;1
68;15;22.0;7.0;1.82587265968323;34;1;1;Abreo et al. (2023);Experiment 1;Orientation;1;1;;;;;;;12;1
-34;81;50.5;-30.5;2.91756224632263;34;1;1;Abreo et al. (2023);Experiment 1;Orientation;1;1;;;;;;;13;1
13;25;23.5;-1.5;2.75933170318604;34;1;1;Abreo et al. (2023);Experiment 1;Orientation;1;1;;;;;;;14;1
-37;119;70.5;-48.5;2.12596726417542;34;1;1;Abreo et al. (2023);Experiment 1;Orientation;1;1;;;;;;;15;1
-44;35;45.5;10.5;1.70902347564697;34;1;1;Abreo et al. (2023);Experiment 1;Orientation;1;1;;;;;;;16;1
-37;23;21.0;-2.0;1.93410968780518;34;1;1;Abreo et al. (2023);Experiment 1;Orientation;1;1;;;;;;;17;1
-25;163;141.5;-21.5;1.73388075828552;34;1;1;Abreo et al. (2023);Experiment 1;Orientation;1;1;;;;;;;18;1
-41;83;64.5;-18.5;1.64222097396851;34;1;1;Abreo et al. (2023);Experiment 1;Orientation;1;1;;;;;;;19;1
-73;96;97.5;1.5;2.12567734718323;34;1;1;Abreo et al. (2023);Experiment 1;Orientation;1;1;;;;;;;20;1
61;46;59.0;13.0;2.22590351104736;34;1;1;Abreo et al. (2023);Experiment 1;Orientation;1;1;;;;;;;21;1
11;34;136.0;-78.0;2.15889477729797;34;1;1;Abreo et al. (2023);Experiment 1;Orientation;1;1;;;;;;;22;1
-51;164;132.5;-31.5;2.65090560913086;34;1;1;Abreo et al. (2023);Experiment 1;Orientation;1;1;;;;;;;23;1
43;55;44.5;-10.5;2.25908088684082;34;1;1;Abreo et al. (2023);Experiment 1;Orientation;1;1;;;;;;;24;1
-49;171;165.0;-6.00000000000001;2.18409848213196;34;1;1;Abreo et al. (2023);Experiment 1;Orientation;1;1;;;;;;;25;1
26;168;163.0;-5.0;2.20919275283813;34;1;1;Abreo et al. (2023);Experiment 1;Orientation;1;1;;;;;;;26;1
-36;25;16.0;-9.0;1.95080423355103;34;1;1;Abreo et al. (2023);Experiment 1;Orientation;1;1;;;;;;;27;1
38;21;30.5;9.5;2.05075907707214;34;1;1;Abreo et al. (2023);Experiment 1;Orientation;1;1;;;;;;;28;1
43;37;48.5;11.5;2.51765537261963;34;2;1;Abreo et al. (2023);Experiment 1;Orientation;1;1;;;;;;;1;2
-86;62;61.5;-0.499999999999991;2.39248180389404;34;2;1;Abreo et al. (2023);Experiment 1;Orientation;1;1;;;;;;;2;2
-26;176;157.0;-19.0;2.16762828826904;34;2;1;Abreo et al. (2023);Experiment 1;Orientation;1;1;;;;;;;3;2
-44;118;121.5;3.49999999999999;2.5426127910614;34;2;1;Abreo et al. (2023);Experiment 1;Orientation;1;1;;;;;;;4;2
-78;98;115.0;17.0;1.91750550270081;34;2;1;Abreo et al. (2023);Experiment 1;Orientation;1;1;;;;;;;5;2
-27;87;77.0;-9.99999999999999;2.70901584625244;34;2;1;Abreo et al. (2023);Experiment 1;Orientation;1;1;;;;;;;6;2
-80;87;70.5;-16.5;2.15094447135925;34;2;1;Abreo et al. (2023);Experiment 1;Orientation;1;1;;;;;;;7;2
80;153;133.5;-19.5;1.85901045799255;34;2;1;Abreo et al. (2023);Experiment 1;Orientation;1;1;;;;;;;8;2
56;137;128.5;-8.50000000000001;2.11749362945557;34;2;1;Abreo et al. (2023);Experiment 1;Orientation;1;1;;;;;;;9;2
24;97;70.5;-26.5;4.51758480072021;34;2;1;Abreo et al. (2023);Experiment 1;Orientation;1;1;;;;;;;10;2
3;174;170.5;-3.49999999999999;2.28428292274475;34;2;1;Abreo et al. (2023);Experiment 1;Orientation;1;1;;;;;;;11;2
-42;107;86.0;-21.0;2.44247174263;34;2;1;Abreo et al. (2023);Experiment 1;Orientation;1;1;;;;;;;12;2
47;108;116.0;8.00000000000001;2.18401169776917;34;2;1;Abreo et al. (2023);Experiment 1;Orientation;1;1;;;;;;;13;2
-33;89;85.5;-3.5;2.83432054519653;34;2;1;Abreo et al. (2023);Experiment 1;Orientation;1;1;;;;;;;14;2
22;43;148.0;-75.0;1.84220361709595;34;2;1;Abreo et al. (2023);Experiment 1;Orientation;1;1;;;;;;;15;2
80;36;49.5;13.5;2.02569580078125;34;2;1;Abreo et al. (2023);Experiment 1;Orientation;1;1;;;;;;;16;2
20;49;44.0;-5.00000000000001;2.47596740722656;34;2;1;Abreo et al. (2023);Experiment 1;Orientation;1;1;;;;;;;17;2
35;30;43.0;13.0;1.51716041564941;34;2;1;Abreo et al. (2023);Experiment 1;Orientation;1;1;;;;;;;18;2
76;66;70.0;3.99999999999999;3.10922431945801;34;2;1;Abreo et al. (2023);Experiment 1;Orientation;1;1;;;;;;;19;2
82;76;55.0;-21.0;1.88413786888123;34;2;1;Abreo et al. (2023);Experiment 1;Orientation;1;1;;;;;;;20;2
-42;169;157.5;-11.5;2.35063695907593;34;2;1;Abreo et al. (2023);Experiment 1;Orientation;1;1;;;;;;;21;2
57;152;140.0;-12.0;2.20930933952332;34;2;1;Abreo et al. (2023);Experiment 1;Orientation;1;1;;;;;;;22;2
86;117;114.0;-2.99999999999999;2.22584080696106;34;2;1;Abreo et al. (2023);Experiment 1;Orientation;1;1;;;;;;;23;2
-45;24;37.5;13.5;1.5672709941864;34;2;1;Abreo et al. (2023);Experiment 1;Orientation;1;1;;;;;;;24;2
-87;53;58.0;5.00000000000001;2.19261169433594;34;2;1;Abreo et al. (2023);Experiment 1;Orientation;1;1;;;;;;;25;2
75;54;48.5;-5.50000000000001;1.61751580238342;34;2;1;Abreo et al. (2023);Experiment 1;Orientation;1;1;;;;;;;26;2
-14;133;131.0;-2.0;1.99261236190796;34;2;1;Abreo et al. (2023);Experiment 1;Orientation;1;1;;;;;;;27;2
67;80;58.0;-22.0;1.93411779403687;34;2;1;Abreo et al. (2023);Experiment 1;Orientation;1;1;;;;;;;28;2
56;71;59.5;-11.5;2.38430380821228;34;2;1;Abreo et al. (2023);Experiment 1;Orientation;1;1;;;;;;;29;2
15;16;28.5;12.5;2.5758273601532;34;2;1;Abreo et al. (2023);Experiment 1;Orientation;1;1;;;;;;;30;2
10;108;109.5;1.50000000000001;1.87586855888367;34;2;1;Abreo et al. (2023);Experiment 1;Orientation;1;1;;;;;;;31;2
-25;132;123.5;-8.5;1.85090374946594;34;2;1;Abreo et al. (2023);Experiment 1;Orientation;1;1;;;;;;;32;2
-67;112;112.0;-0.0;1.80997920036316;34;3;1;Abreo et al. (2023);Experiment 1;Orientation;1;1;;;;;;;1;3
8;98;97.5;-0.499999999999994;2.3009729385376;34;3;1;Abreo et al. (2023);Experiment 1;Orientation;1;1;;;;;;;2;3
0;68;69.5;1.5;3.26774883270264;34;3;1;Abreo et al. (2023);Experiment 1;Orientation;1;1;;;;;;;3;3
59;114;121.0;7.0;1.53418064117432;34;3;1;Abreo et al. (2023);Experiment 1;Orientation;1;1;;;;;;;4;3
42;26;35.0;9.0;1.53401875495911;34;3;1;Abreo et al. (2023);Experiment 1;Orientation;1;1;;;;;;;5;3
-70;74;69.5;-4.5;2.08413815498352;34;3;1;Abreo et al. (2023);Experiment 1;Orientation;1;1;;;;;;;6;3
56;83;68.0;-15.0;3.05908107757568;34;3;1;Abreo et al. (2023);Experiment 1;Orientation;1;1;;;;;;;7;3
-30;28;41.5;13.5;2.18423461914062;34;3;1;Abreo et al. (2023);Experiment 1;Orientation;1;1;;;;;;;8;3
50;156;144.5;-11.5;1.66753554344177;34;3;1;Abreo et al. (2023);Experiment 1;Orientation;1;1;;;;;;;9;3
69;84;65.5;-18.5;2.08424735069275;34;3;1;Abreo et al. (2023);Experiment 1;Orientation;1;1;;;;;;;10;3
-15;106;75.0;-31.0;2.39261174201965;34;3;1;Abreo et al. (2023);Experiment 1;Orientation;1;1;;;;;;;11;3
-47;31;35.5;4.5;2.10085988044739;34;3;1;Abreo et al. (2023);Experiment 1;Orientation;1;1;;;;;;;12;3
-57;46;40.0;-6.00000000000001;2.54257583618164;34;3;1;Abreo et al. (2023);Experiment 1;Orientation;1;1;;;;;;;13;3
-65;102;104.5;2.5;2.05928540229797;34;3;1;Abreo et al. (2023);Experiment 1;Orientation;1;1;;;;;;;14;3
0;60;48.5;-11.5;2.21762418746948;34;3;1;Abreo et al. (2023);Experiment 1;Orientation;1;1;;;;;;;15;3
8;102;109.5;7.50000000000001;2.30085682868958;34;3;1;Abreo et al. (2023);Experiment 1;Orientation;1;1;;;;;;;16;3
-42;50;47.0;-2.99999999999999;2.63434863090515;34;3;1;Abreo et al. (2023);Experiment 1;Orientation;1;1;;;;;;;17;3
85;63;55.0;-7.99999999999999;3.16762280464172;34;3;1;Abreo et al. (2023);Experiment 1;Orientation;1;1;;;;;;;18;3
-33;175;144.0;-31.0;2.25095534324646;34;3;1;Abreo et al. (2023);Experiment 1;Orientation;1;1;;;;;;;19;3
10;175;165.5;-9.5;2.02584981918335;34;3;1;Abreo et al. (2023);Experiment 1;Orientation;1;1;;;;;;;20;3
-36;80;76.0;-3.99999999999999;2.91756582260132;34;3;1;Abreo et al. (2023);Experiment 1;Orientation;1;1;;;;;;;21;3
-42;92;87.5;-4.5;2.53428196907043;34;3;1;Abreo et al. (2023);Experiment 1;Orientation;1;1;;;;;;;22;3
27;90;76.0;-14.0;2.40098786354065;34;3;1;Abreo et al. (2023);Experiment 1;Orientation;1;1;;;;;;;23;3
79;118;118.5;0.499999999999994;1.75083351135254;34;3;1;Abreo et al. (2023);Experiment 1;Orientation;1;1;;;;;;;24;3
10;24;35.0;11.0;2.99268078804016;34;3;1;Abreo et al. (2023);Experiment 1;Orientation;1;1;;;;;;;25;3
39;53;55.0;2.0;2.21741724014282;34;3;1;Abreo et al. (2023);Experiment 1;Orientation;1;1;;;;;;;26;3
76;147;127.5;-19.5;1.84247636795044;34;3;1;Abreo et al. (2023);Experiment 1;Orientation;1;1;;;;;;;27;3
13;85;90.5;5.5;4.60952568054199;34;3;1;Abreo et al. (2023);Experiment 1;Orientation;1;1;;;;;;;28;3
-84;3;17.0;14.0;2.10091352462769;34;3;1;Abreo et al. (2023);Experiment 1;Orientation;1;1;;;;;;;29;3
-57;158;138.0;-20.0;2.35918951034546;34;3;1;Abreo et al. (2023);Experiment 1;Orientation;1;1;;;;;;;30;3
-64;151;136.5;-14.5;1.95083093643188;34;3;1;Abreo et al. (2023);Experiment 1;Orientation;1;1;;;;;;;31;3
-47;45;39.5;-5.5;1.94242167472839;34;3;1;Abreo et al. (2023);Experiment 1;Orientation;1;1;;;;;;;32;3
-66;154;138.0;-16.0;2.19240474700928;34;3;1;Abreo et al. (2023);Experiment 1;Orientation;1;1;;;;;;;33;3
-78;46;56.0;10.0;1.959059715271;34;3;1;Abreo et al. (2023);Experiment 1;Orientation;1;1;;;;;;;34;3
-40;46;50.5;4.5;2.10928559303284;34;4;1;Abreo et al. (2023);Experiment 1;Orientation;1;1;;;;;;;1;4
71;69;57.0;-12.0;2.10918235778809;34;4;1;Abreo et al. (2023);Experiment 1;Orientation;1;1;;;;;;;2;4
11;143;135.5;-7.50000000000002;2.3423490524292;34;4;1;Abreo et al. (2023);Experiment 1;Orientation;1;1;;;;;;;3;4
8;71;81.0;10.0;3.80947923660278;34;4;1;Abreo et al. (2023);Experiment 1;Orientation;1;1;;;;;;;4;4
-50;170;155.5;-14.5;2.6673378944397;34;4;1;Abreo et al. (2023);Experiment 1;Orientation;1;1;;;;;;;5;4
13;137;127.5;-9.49999999999999;1.83413791656494;34;4;1;Abreo et al. (2023);Experiment 1;Orientation;1;1;;;;;;;6;4
68;129;130.0;1.00000000000001;2.25076293945312;34;4;1;Abreo et al. (2023);Experiment 1;Orientation;1;1;;;;;;;7;4
-38;133;120.5;-12.5;3.32573485374451;34;4;1;Abreo et al. (2023);Experiment 1;Orientation;1;1;;;;;;;8;4
-30;93;73.0;-20.0;3.6926691532135;34;4;1;Abreo et al. (2023);Experiment 1;Orientation;1;1;;;;;;;9;4
4;164;161.0;-2.99999999999999;2.75920367240906;34;4;1;Abreo et al. (2023);Experiment 1;Orientation;1;1;;;;;;;10;4
75;64;66.5;2.5;2.55933237075806;34;4;1;Abreo et al. (2023);Experiment 1;Orientation;1;1;;;;;;;11;4
29;15;28.5;13.5;2.82601284980774;34;4;1;Abreo et al. (2023);Experiment 1;Orientation;1;1;;;;;;;12;4
60;37;63.0;26.0;2.60100054740906;34;4;1;Abreo et al. (2023);Experiment 1;Orientation;1;1;;;;;;;13;4
22;123;123.5;0.499999999999999;1.82590556144714;34;4;1;Abreo et al. (2023);Experiment 1;Orientation;1;1;;;;;;;14;4
-80;141;124.5;-16.5;2.4510338306427;34;4;1;Abreo et al. (2023);Experiment 1;Orientation;1;1;;;;;;;15;4
-88;179;166.5;-12.5;2.22578954696655;34;4;1;Abreo et al. (2023);Experiment 1;Orientation;1;1;;;;;;;16;4
-13;32;49.0;17.0;2.3090660572052;34;4;1;Abreo et al. (2023);Experiment 1;Orientation;1;1;;;;;;;17;4
-82;71;62.5;-8.49999999999999;2.40083646774292;34;4;1;Abreo et al. (2023);Experiment 1;Orientation;1;1;;;;;;;18;4
-24;52;60.0;7.99999999999999;2.24225497245789;34;4;1;Abreo et al. (2023);Experiment 1;Orientation;1;1;;;;;;;19;4
-57;33;38.0;5.0;2.67564177513123;34;4;1;Abreo et al. (2023);Experiment 1;Orientation;1;1;;;;;;;20;4
-44;112;109.5;-2.49999999999999;3.742844581604;34;4;1;Abreo et al. (2023);Experiment 1;Orientation;1;1;;;;;;;21;4
-12;82;77.0;-5.0;2.77584791183472;34;4;1;Abreo et al. (2023);Experiment 1;Orientation;1;1;;;;;;;22;4
72;24;39.5;15.5;1.93426060676575;34;4;1;Abreo et al. (2023);Experiment 1;Orientation;1;1;;;;;;;23;4
-68;44;49.5;5.50000000000001;2.04252004623413;34;4;1;Abreo et al. (2023);Experiment 1;Orientation;1;1;;;;;;;24;4
3;114;105.0;-9.0;2.20080304145813;34;4;1;Abreo et al. (2023);Experiment 1;Orientation;1;1;;;;;;;25;4
-60;74;56.0;-18.0;2.89255952835083;34;4;1;Abreo et al. (2023);Experiment 1;Orientation;1;1;;;;;;;26;4
-11;128;123.5;-4.5;1.84254193305969;34;4;1;Abreo et al. (2023);Experiment 1;Orientation;1;1;;;;;;;27;4
66;134;131.0;-3.00000000000001;2.08425140380859;34;4;1;Abreo et al. (2023);Experiment 1;Orientation;1;1;;;;;;;28;4
41;113;118.5;5.5;2.00917959213257;34;4;1;Abreo et al. (2023);Experiment 1;Orientation;1;1;;;;;;;29;4
-74;176;162.0;-14.0;2.27585673332214;34;4;1;Abreo et al. (2023);Experiment 1;Orientation;1;1;;;;;;;30;4
-54;25;35.0;9.99999999999999;2.10928678512573;34;4;1;Abreo et al. (2023);Experiment 1;Orientation;1;1;;;;;;;31;4
-71;133;125.0;-7.99999999999999;3.20109486579895;34;4;1;Abreo et al. (2023);Experiment 1;Orientation;1;1;;;;;;;32;4
43;143;133.0;-10.0;3.45952439308167;34;4;1;Abreo et al. (2023);Experiment 1;Orientation;1;1;;;;;;;33;4
-61;1;177.0;-4.00000000000003;3.15106964111328;34;4;1;Abreo et al. (2023);Experiment 1;Orientation;1;1;;;;;;;34;4
55;11;36.0;25.0;4.51039791107178;34;5;1;Abreo et al. (2023);Experiment 1;Orientation;1;1;;;;;;;1;5
37;99;110.0;11.0;2.19261169433594;34;5;1;Abreo et al. (2023);Experiment 1;Orientation;1;1;;;;;;;2;5
38;17;26.5;9.49999999999999;1.88378167152405;34;5;1;Abreo et al. (2023);Experiment 1;Orientation;1;1;;;;;;;3;5
-60;137;122.0;-15.0;2.25097179412842;34;5;1;Abreo et al. (2023);Experiment 1;Orientation;1;1;;;;;;;4;5
-77;3;20.0;17.0;2.19248151779175;34;5;1;Abreo et al. (2023);Experiment 1;Orientation;1;1;;;;;;;5;5
1;138;123.0;-15.0;2.52594566345215;34;5;1;Abreo et al. (2023);Experiment 1;Orientation;1;1;;;;;;;6;5
14;108;113.0;5.00000000000001;2.49265360832214;34;5;1;Abreo et al. (2023);Experiment 1;Orientation;1;1;;;;;;;7;5
32;163;154.0;-9.0;2.45086169242859;34;5;1;Abreo et al. (2023);Experiment 1;Orientation;1;1;;;;;;;8;5
30;28;36.5;8.49999999999999;1.95890045166016;34;5;1;Abreo et al. (2023);Experiment 1;Orientation;1;1;;;;;;;9;5
-48;89;84.5;-4.5;2.33426380157471;34;5;1;Abreo et al. (2023);Experiment 1;Orientation;1;1;;;;;;;10;5
-62;25;41.5;16.5;2.43424773216248;34;5;1;Abreo et al. (2023);Experiment 1;Orientation;1;1;;;;;;;11;5
2;30;49.5;19.5;2.342604637146;34;5;1;Abreo et al. (2023);Experiment 1;Orientation;1;1;;;;;;;12;5
57;64;63.0;-1.0;2.33414387702942;34;5;1;Abreo et al. (2023);Experiment 1;Orientation;1;1;;;;;;;13;5
-87;25;40.0;15.0;1.97567200660706;34;5;1;Abreo et al. (2023);Experiment 1;Orientation;1;1;;;;;;;14;5
-76;170;129.0;-41.0;1.80918979644775;34;5;1;Abreo et al. (2023);Experiment 1;Orientation;1;1;;;;;;;15;5
-76;113;111.0;-2.0;2.60903787612915;34;5;1;Abreo et al. (2023);Experiment 1;Orientation;1;1;;;;;;;16;5
-44;112;100.5;-11.5;2.81736850738525;34;5;1;Abreo et al. (2023);Experiment 1;Orientation;1;1;;;;;;;17;5
30;25;48.0;23.0;3.33446049690247;34;5;1;Abreo et al. (2023);Experiment 1;Orientation;1;1;;;;;;;18;5
-19;32;30.0;-2.0;2.43430972099304;34;5;1;Abreo et al. (2023);Experiment 1;Orientation;1;1;;;;;;;19;5
73;10;24.0;14.0;1.72573447227478;34;5;1;Abreo et al. (2023);Experiment 1;Orientation;1;1;;;;;;;20;5
58;81;77.0;-3.99999999999999;2.40067768096924;34;5;1;Abreo et al. (2023);Experiment 1;Orientation;1;1;;;;;;;21;5
59;121;120.5;-0.499999999999994;2.27565836906433;34;5;1;Abreo et al. (2023);Experiment 1;Orientation;1;1;;;;;;;22;5
-68;5;8.5;3.5;1.94260239601135;34;5;1;Abreo et al. (2023);Experiment 1;Orientation;1;1;;;;;;;23;5
-51;96;79.5;-16.5;2.5175952911377;34;5;1;Abreo et al. (2023);Experiment 1;Orientation;1;1;;;;;;;24;5
-35;60;58.0;-1.99999999999999;1.64238333702087;34;5;1;Abreo et al. (2023);Experiment 1;Orientation;1;1;;;;;;;25;5
84;90;66.5;-23.5;3.68446183204651;34;5;1;Abreo et al. (2023);Experiment 1;Orientation;1;1;;;;;;;26;5
-2;17;42.5;25.5;2.95936369895935;34;5;1;Abreo et al. (2023);Experiment 1;Orientation;1;1;;;;;;;27;5
53;43;53.0;10.0;2.36763906478882;34;5;1;Abreo et al. (2023);Experiment 1;Orientation;1;1;;;;;;;28;5
35;40;42.5;2.5;2.70100259780884;34;5;1;Abreo et al. (2023);Experiment 1;Orientation;1;1;;;;;;;29;5
40;134;129.0;-5.00000000000002;2.48431754112244;34;5;1;Abreo et al. (2023);Experiment 1;Orientation;1;1;;;;;;;30;5
-15;56;52.0;-4.0;2.06740283966064;34;5;1;Abreo et al. (2023);Experiment 1;Orientation;1;1;;;;;;;31;5
-48;72;60.0;-12.0;3.48419427871704;34;5;1;Abreo et al. (2023);Experiment 1;Orientation;1;1;;;;;;;32;5
-31;5;25.0;20.0;1.65908861160278;34;6;1;Abreo et al. (2023);Experiment 1;Orientation;1;1;;;;;;;1;6
89;71;58.5;-12.5;1.89255571365356;34;6;1;Abreo et al. (2023);Experiment 1;Orientation;1;1;;;;;;;2;6
-85;38;34.0;-4.0;1.98408842086792;34;6;1;Abreo et al. (2023);Experiment 1;Orientation;1;1;;;;;;;3;6
28;25;41.0;16.0;1.96748876571655;34;6;1;Abreo et al. (2023);Experiment 1;Orientation;1;1;;;;;;;4;6
-6;20;39.0;19.0;1.86751890182495;34;6;1;Abreo et al. (2023);Experiment 1;Orientation;1;1;;;;;;;5;6
-58;81;63.5;-17.5;2.07583570480347;34;6;1;Abreo et al. (2023);Experiment 1;Orientation;1;1;;;;;;;6;6
34;89;85.5;-3.5;4.35117888450623;34;6;1;Abreo et al. (2023);Experiment 1;Orientation;1;1;;;;;;;7;6
9;173;161.0;-12.0;2.94265937805176;34;6;1;Abreo et al. (2023);Experiment 1;Orientation;1;1;;;;;;;8;6
88;23;40.5;17.5;2.35097336769104;34;6;1;Abreo et al. (2023);Experiment 1;Orientation;1;1;;;;;;;9;6
82;82;67.5;-14.5;4.39293384552002;34;6;1;Abreo et al. (2023);Experiment 1;Orientation;1;1;;;;;;;10;6
67;135;126.5;-8.5;2.20077252388;34;6;1;Abreo et al. (2023);Experiment 1;Orientation;1;1;;;;;;;11;6
-67;158;138.5;-19.5;2.49259209632874;34;6;1;Abreo et al. (2023);Experiment 1;Orientation;1;1;;;;;;;12;6
69;162;143.0;-19.0;2.6759889125824;34;6;1;Abreo et al. (2023);Experiment 1;Orientation;1;1;;;;;;;13;6
-61;116;103.5;-12.5;2.26727867126465;34;6;1;Abreo et al. (2023);Experiment 1;Orientation;1;1;;;;;;;14;6
14;45;54.5;9.50000000000001;1.94259333610535;34;6;1;Abreo et al. (2023);Experiment 1;Orientation;1;1;;;;;;;15;6
-84;124;131.5;7.50000000000002;2.26755285263062;34;6;1;Abreo et al. (2023);Experiment 1;Orientation;1;1;;;;;;;16;6
75;41;61.0;20.0;2.62593245506287;34;6;1;Abreo et al. (2023);Experiment 1;Orientation;1;1;;;;;;;17;6
-63;50;56.0;6.00000000000001;1.76756286621094;34;6;1;Abreo et al. (2023);Experiment 1;Orientation;1;1;;;;;;;18;6
3;166;140.5;-25.5;2.13403081893921;34;6;1;Abreo et al. (2023);Experiment 1;Orientation;1;1;;;;;;;19;6
-81;63;62.5;-0.499999999999992;3.21770215034485;34;6;1;Abreo et al. (2023);Experiment 1;Orientation;1;1;;;;;;;20;6
-20;72;70.0;-2.0;1.87584233283997;34;6;1;Abreo et al. (2023);Experiment 1;Orientation;1;1;;;;;;;21;6
77;46;49.0;3.0;2.52566647529602;34;6;1;Abreo et al. (2023);Experiment 1;Orientation;1;1;;;;;;;22;6
68;15;28.0;13.0;1.96735453605652;34;6;1;Abreo et al. (2023);Experiment 1;Orientation;1;1;;;;;;;23;6
-47;25;23.0;-2.0;2.30084323883057;34;6;1;Abreo et al. (2023);Experiment 1;Orientation;1;1;;;;;;;24;6
18;21;35.0;14.0;4.24254560470581;34;6;1;Abreo et al. (2023);Experiment 1;Orientation;1;1;;;;;;;25;6
31;128;129.0;0.999999999999988;2.08803391456604;35;1;1;Abreo et al. (2023);Experiment 1;Orientation;1;1;;;;;;;1;1
23;56;48.0;-8.0;1.87605381011963;35;1;1;Abreo et al. (2023);Experiment 1;Orientation;1;1;;;;;;;2;1
89;140;127.0;-13.0;2.37599301338196;35;1;1;Abreo et al. (2023);Experiment 1;Orientation;1;1;;;;;;;3;1
-19;129;125.5;-3.49999999999999;2.15073847770691;35;1;1;Abreo et al. (2023);Experiment 1;Orientation;1;1;;;;;;;4;1
-17;133;132.0;-0.999999999999992;1.92563199996948;35;1;1;Abreo et al. (2023);Experiment 1;Orientation;1;1;;;;;;;5;1
-37;135;138.0;2.99999999999999;1.62586808204651;35;1;1;Abreo et al. (2023);Experiment 1;Orientation;1;1;;;;;;;6;1
-45;129;119.5;-9.49999999999999;2.31737303733826;35;1;1;Abreo et al. (2023);Experiment 1;Orientation;1;1;;;;;;;7;1
-51;171;163.0;-7.99999999999999;1.90895676612854;35;1;1;Abreo et al. (2023);Experiment 1;Orientation;1;1;;;;;;;8;1
-10;121;115.0;-6.00000000000001;1.50073742866516;35;1;1;Abreo et al. (2023);Experiment 1;Orientation;1;1;;;;;;;9;1
-29;92;104.5;12.5;2.459228515625;35;1;1;Abreo et al. (2023);Experiment 1;Orientation;1;1;;;;;;;10;1
-4;56;42.5;-13.5;3.05103707313538;35;1;1;Abreo et al. (2023);Experiment 1;Orientation;1;1;;;;;;;11;1
9;50;49.0;-0.999999999999996;2.08417892456055;35;1;1;Abreo et al. (2023);Experiment 1;Orientation;1;1;;;;;;;12;1
-72;5;15.0;10.0;1.89256310462952;35;1;1;Abreo et al. (2023);Experiment 1;Orientation;1;1;;;;;;;13;1
-52;81;60.0;-21.0;2.20091772079468;35;1;1;Abreo et al. (2023);Experiment 1;Orientation;1;1;;;;;;;14;1
7;165;160.5;-4.5;2.15904259681702;35;1;1;Abreo et al. (2023);Experiment 1;Orientation;1;1;;;;;;;15;1
-72;99;112.5;13.5;1.94254589080811;35;1;1;Abreo et al. (2023);Experiment 1;Orientation;1;1;;;;;;;16;1
13;65;58.0;-6.99999999999999;1.60084176063538;35;1;1;Abreo et al. (2023);Experiment 1;Orientation;1;1;;;;;;;17;1
-85;74;62.0;-12.0;2.03422093391418;35;1;1;Abreo et al. (2023);Experiment 1;Orientation;1;1;;;;;;;18;1
29;140;130.0;-9.99999999999999;1.92560219764709;35;1;1;Abreo et al. (2023);Experiment 1;Orientation;1;1;;;;;;;19;1
35;173;160.5;-12.5;1.70919108390808;35;1;1;Abreo et al. (2023);Experiment 1;Orientation;1;1;;;;;;;20;1
-72;117;121.5;4.5;1.50919675827026;35;1;1;Abreo et al. (2023);Experiment 1;Orientation;1;1;;;;;;;21;1
-26;2;11.5;9.5;4.8596875667572;35;1;1;Abreo et al. (2023);Experiment 1;Orientation;1;1;;;;;;;22;1
-23;88;79.0;-9.0;1.64219880104065;35;1;1;Abreo et al. (2023);Experiment 1;Orientation;1;1;;;;;;;23;1
19;84;70.0;-14.0;1.65902853012085;35;1;1;Abreo et al. (2023);Experiment 1;Orientation;1;1;;;;;;;24;1
-3;108;111.0;3.0;3.94266581535339;35;1;1;Abreo et al. (2023);Experiment 1;Orientation;1;1;;;;;;;25;1
40;78;70.5;-7.49999999999999;2.10073852539062;35;1;1;Abreo et al. (2023);Experiment 1;Orientation;1;1;;;;;;;26;1
70;3;6.5;3.5;2.00906729698181;35;1;1;Abreo et al. (2023);Experiment 1;Orientation;1;1;;;;;;;27;1
-63;103;110.0;7.0;1.37652182579041;35;2;1;Abreo et al. (2023);Experiment 1;Orientation;1;1;;;;;;;1;2
62;28;42.0;14.0;1.74220204353333;35;2;1;Abreo et al. (2023);Experiment 1;Orientation;1;1;;;;;;;2;2
-21;96;101.5;5.49999999999999;1.48411703109741;35;2;1;Abreo et al. (2023);Experiment 1;Orientation;1;1;;;;;;;3;2
66;139;114.0;-25.0;1.90067672729492;35;2;1;Abreo et al. (2023);Experiment 1;Orientation;1;1;;;;;;;4;2
-32;146;143.5;-2.5;1.42579913139343;35;2;1;Abreo et al. (2023);Experiment 1;Orientation;1;1;;;;;;;5;2
3;120;109.5;-10.5;1.89253950119019;35;2;1;Abreo et al. (2023);Experiment 1;Orientation;1;1;;;;;;;6;2
-42;13;19.5;6.5;1.71740436553955;35;2;1;Abreo et al. (2023);Experiment 1;Orientation;1;1;;;;;;;7;2
37;50;118.5;68.5;5.80149388313293;35;2;1;Abreo et al. (2023);Experiment 1;Orientation;1;1;;;;;;;8;2
-69;22;30.0;8.0;1.97579669952393;35;2;1;Abreo et al. (2023);Experiment 1;Orientation;1;1;;;;;;;9;2
4;137;135.0;-2.0;2.5424976348877;35;2;1;Abreo et al. (2023);Experiment 1;Orientation;1;1;;;;;;;10;2
-50;110;106.5;-3.5;1.75884914398193;35;2;1;Abreo et al. (2023);Experiment 1;Orientation;1;1;;;;;;;11;2
44;52;63.0;11.0;1.91716766357422;35;2;1;Abreo et al. (2023);Experiment 1;Orientation;1;1;;;;;;;12;2
24;140;136.0;-3.99999999999998;1.7255437374115;35;2;1;Abreo et al. (2023);Experiment 1;Orientation;1;1;;;;;;;13;2
87;66;45.5;-20.5;3.00104260444641;35;2;1;Abreo et al. (2023);Experiment 1;Orientation;1;1;;;;;;;14;2
69;162;164.0;2.0;1.78422594070435;35;2;1;Abreo et al. (2023);Experiment 1;Orientation;1;1;;;;;;;15;2
1;75;59.0;-16.0;1.93420052528381;35;2;1;Abreo et al. (2023);Experiment 1;Orientation;1;1;;;;;;;16;2
45;46;43.0;-3.0;1.53409600257874;35;2;1;Abreo et al. (2023);Experiment 1;Orientation;1;1;;;;;;;17;2
67;117;112.5;-4.5;2.01754760742188;35;2;1;Abreo et al. (2023);Experiment 1;Orientation;1;1;;;;;;;18;2
-60;49;61.0;12.0;2.11760807037354;35;2;1;Abreo et al. (2023);Experiment 1;Orientation;1;1;;;;;;;19;2
13;149;140.0;-9.0;1.44239687919617;35;2;1;Abreo et al. (2023);Experiment 1;Orientation;1;1;;;;;;;20;2
76;82;70.0;-12.0;1.7840735912323;35;2;1;Abreo et al. (2023);Experiment 1;Orientation;1;1;;;;;;;21;2
83;85;77.5;-7.5;1.7175087928772;35;2;1;Abreo et al. (2023);Experiment 1;Orientation;1;1;;;;;;;22;2
-82;97;89.5;-7.49999999999999;1.82578611373901;35;2;1;Abreo et al. (2023);Experiment 1;Orientation;1;1;;;;;;;23;2
-59;72;53.5;-18.5;1.87587785720825;35;2;1;Abreo et al. (2023);Experiment 1;Orientation;1;1;;;;;;;24;2
-30;65;62.5;-2.5;2.19250178337097;35;2;1;Abreo et al. (2023);Experiment 1;Orientation;1;1;;;;;;;25;2
-60;165;168.5;3.50000000000001;1.74251651763916;35;2;1;Abreo et al. (2023);Experiment 1;Orientation;1;1;;;;;;;26;2
65;130;137.5;7.49999999999999;1.99222993850708;35;2;1;Abreo et al. (2023);Experiment 1;Orientation;1;1;;;;;;;27;2
-82;34;44.5;10.5;2.14246463775635;35;2;1;Abreo et al. (2023);Experiment 1;Orientation;1;1;;;;;;;28;2
64;131;129.5;-1.49999999999998;1.64252495765686;35;2;1;Abreo et al. (2023);Experiment 1;Orientation;1;1;;;;;;;29;2
-28;34;36.5;2.49999999999999;1.30888772010803;35;2;1;Abreo et al. (2023);Experiment 1;Orientation;1;1;;;;;;;30;2
21;57;44.5;-12.5;1.3008337020874;35;2;1;Abreo et al. (2023);Experiment 1;Orientation;1;1;;;;;;;31;2
90;145;145.0;0.0;1.6754469871521;35;2;1;Abreo et al. (2023);Experiment 1;Orientation;1;1;;;;;;;32;2
48;22;25.5;3.5;2.22587943077087;35;2;1;Abreo et al. (2023);Experiment 1;Orientation;1;1;;;;;;;33;2
22;45;42.5;-2.5;1.93426108360291;35;2;1;Abreo et al. (2023);Experiment 1;Orientation;1;1;;;;;;;34;2
-10;16;23.5;7.5;2.259202003479;35;2;1;Abreo et al. (2023);Experiment 1;Orientation;1;1;;;;;;;35;2
-67;81;20.0;-61.0;1.78409099578857;35;2;1;Abreo et al. (2023);Experiment 1;Orientation;1;1;;;;;;;36;2
-7;157;159.5;2.5;2.15094590187073;35;2;1;Abreo et al. (2023);Experiment 1;Orientation;1;1;;;;;;;37;2
59;94;100.5;6.5;2.23418879508972;35;3;1;Abreo et al. (2023);Experiment 1;Orientation;1;1;;;;;;;1;3
54;101;104.0;3.0;1.55916786193848;35;3;1;Abreo et al. (2023);Experiment 1;Orientation;1;1;;;;;;;2;3
-47;157;156.0;-1.00000000000002;1.35083818435669;35;3;1;Abreo et al. (2023);Experiment 1;Orientation;1;1;;;;;;;3;3
38;168;22.0;34.0;1.31747174263;35;3;1;Abreo et al. (2023);Experiment 1;Orientation;1;1;;;;;;;4;3
-41;71;62.5;-8.49999999999999;2.00908160209656;35;3;1;Abreo et al. (2023);Experiment 1;Orientation;1;1;;;;;;;5;3
-53;61;56.0;-4.99999999999999;1.89236521720886;35;3;1;Abreo et al. (2023);Experiment 1;Orientation;1;1;;;;;;;6;3
36;139;118.0;-21.0;1.90911149978638;35;3;1;Abreo et al. (2023);Experiment 1;Orientation;1;1;;;;;;;7;3
86;124;112.5;-11.5;2.60919141769409;35;3;1;Abreo et al. (2023);Experiment 1;Orientation;1;1;;;;;;;8;3
-75;33;40.0;7.0;1.85086393356323;35;3;1;Abreo et al. (2023);Experiment 1;Orientation;1;1;;;;;;;9;3
11;95;94.0;-1.0;2.00916385650635;35;3;1;Abreo et al. (2023);Experiment 1;Orientation;1;1;;;;;;;10;3
-77;107;102.5;-4.5;2.08398008346558;35;3;1;Abreo et al. (2023);Experiment 1;Orientation;1;1;;;;;;;11;3
7;167;164.0;-2.99999999999999;1.75090003013611;35;3;1;Abreo et al. (2023);Experiment 1;Orientation;1;1;;;;;;;12;3
54;53;65.5;12.5;2.43424487113953;35;3;1;Abreo et al. (2023);Experiment 1;Orientation;1;1;;;;;;;13;3
73;88;77.0;-11.0;1.89242029190063;35;3;1;Abreo et al. (2023);Experiment 1;Orientation;1;1;;;;;;;14;3
34;62;53.5;-8.5;1.60916113853455;35;3;1;Abreo et al. (2023);Experiment 1;Orientation;1;1;;;;;;;15;3
87;22;26.5;4.5;1.80901646614075;35;3;1;Abreo et al. (2023);Experiment 1;Orientation;1;1;;;;;;;16;3
-73;145;112.0;-33.0;1.9008948802948;35;3;1;Abreo et al. (2023);Experiment 1;Orientation;1;1;;;;;;;17;3
3;7;19.5;12.5;1.85921287536621;35;3;1;Abreo et al. (2023);Experiment 1;Orientation;1;1;;;;;;;18;3
-75;123;121.0;-2.0;1.78413200378418;35;3;1;Abreo et al. (2023);Experiment 1;Orientation;1;1;;;;;;;19;3
-36;153;150.0;-2.99999999999999;1.584153175354;35;3;1;Abreo et al. (2023);Experiment 1;Orientation;1;1;;;;;;;20;3
47;85;70.0;-15.0;2.44266963005066;35;3;1;Abreo et al. (2023);Experiment 1;Orientation;1;1;;;;;;;21;3
56;120;107.5;-12.5;1.73417687416077;35;3;1;Abreo et al. (2023);Experiment 1;Orientation;1;1;;;;;;;22;3
-7;118;109.5;-8.5;1.35142350196838;35;4;1;Abreo et al. (2023);Experiment 1;Orientation;1;1;;;;;;;1;4
-46;46;51.5;5.5;1.67552781105042;35;4;1;Abreo et al. (2023);Experiment 1;Orientation;1;1;;;;;;;2;4
-52;37;39.5;2.5;1.36720275878906;35;4;1;Abreo et al. (2023);Experiment 1;Orientation;1;1;;;;;;;3;4
-46;45;52.5;7.5;1.58416318893433;35;4;1;Abreo et al. (2023);Experiment 1;Orientation;1;1;;;;;;;4;4
-69;11;26.0;15.0;1.74233508110046;35;4;1;Abreo et al. (2023);Experiment 1;Orientation;1;1;;;;;;;5;4
-48;100;110.5;10.5;2.80098557472229;35;4;1;Abreo et al. (2023);Experiment 1;Orientation;1;1;;;;;;;6;4
-67;119;101.5;-17.5;2.01751828193665;35;4;1;Abreo et al. (2023);Experiment 1;Orientation;1;1;;;;;;;7;4
29;132;106.5;-25.5;1.82570648193359;35;4;1;Abreo et al. (2023);Experiment 1;Orientation;1;1;;;;;;;8;4
-48;27;29.0;2.00000000000001;1.48408961296082;35;4;1;Abreo et al. (2023);Experiment 1;Orientation;1;1;;;;;;;9;4
-48;105;109.5;4.5;1.6588716506958;35;4;1;Abreo et al. (2023);Experiment 1;Orientation;1;1;;;;;;;10;4
-13;30;30.0;-2.7544411522729304e-15;1.70079302787781;35;4;1;Abreo et al. (2023);Experiment 1;Orientation;1;1;;;;;;;11;4
-41;103;106.5;3.5;2.19263386726379;35;4;1;Abreo et al. (2023);Experiment 1;Orientation;1;1;;;;;;;12;4
10;72;65.5;-6.5;1.6092221736908;35;4;1;Abreo et al. (2023);Experiment 1;Orientation;1;1;;;;;;;13;4
75;165;166.0;1.00000000000001;1.26749801635742;35;4;1;Abreo et al. (2023);Experiment 1;Orientation;1;1;;;;;;;14;4
-50;91;98.5;7.50000000000001;1.94256973266602;35;4;1;Abreo et al. (2023);Experiment 1;Orientation;1;1;;;;;;;15;4
-53;165;166.5;1.50000000000001;1.75917410850525;35;4;1;Abreo et al. (2023);Experiment 1;Orientation;1;1;;;;;;;16;4
19;148;144.0;-4.00000000000001;1.30913710594177;35;4;1;Abreo et al. (2023);Experiment 1;Orientation;1;1;;;;;;;17;4
-20;5;178.0;-6.99999999999999;1.41750192642212;35;4;1;Abreo et al. (2023);Experiment 1;Orientation;1;1;;;;;;;18;4
7;162;168.5;6.5;1.40084552764893;35;4;1;Abreo et al. (2023);Experiment 1;Orientation;1;1;;;;;;;19;4
-37;24;22.0;-2.0;1.61742305755615;35;4;1;Abreo et al. (2023);Experiment 1;Orientation;1;1;;;;;;;20;4
54;16;33.5;17.5;1.50919008255005;35;4;1;Abreo et al. (2023);Experiment 1;Orientation;1;1;;;;;;;21;4
-41;121;103.0;-18.0;2.04260683059692;35;4;1;Abreo et al. (2023);Experiment 1;Orientation;1;1;;;;;;;22;4
62;125;107.5;-17.5;2.16750359535217;35;4;1;Abreo et al. (2023);Experiment 1;Orientation;1;1;;;;;;;23;4
-77;134;143.5;9.49999999999999;1.17552590370178;35;4;1;Abreo et al. (2023);Experiment 1;Orientation;1;1;;;;;;;24;4
32;34;118.5;84.5;1.83423328399658;35;4;1;Abreo et al. (2023);Experiment 1;Orientation;1;1;;;;;;;25;4
-36;65;58.0;-6.99999999999999;1.99254608154297;35;4;1;Abreo et al. (2023);Experiment 1;Orientation;1;1;;;;;;;26;4
13;53;62.5;9.5;1.51735997200012;35;4;1;Abreo et al. (2023);Experiment 1;Orientation;1;1;;;;;;;27;4
-1;62;67.0;5.00000000000001;1.8091299533844;35;5;1;Abreo et al. (2023);Experiment 1;Orientation;1;1;;;;;;;1;5
-61;86;128.5;42.5;1.86758136749268;35;5;1;Abreo et al. (2023);Experiment 1;Orientation;1;1;;;;;;;2;5
-21;55;63.5;8.5;2.00081992149353;35;5;1;Abreo et al. (2023);Experiment 1;Orientation;1;1;;;;;;;3;5
13;175;175.0;0.0;1.57586622238159;35;5;1;Abreo et al. (2023);Experiment 1;Orientation;1;1;;;;;;;4;5
-71;14;26.0;12.0;1.85020995140076;35;5;1;Abreo et al. (2023);Experiment 1;Orientation;1;1;;;;;;;5;5
-20;116;118.0;2.0;1.64242553710938;35;5;1;Abreo et al. (2023);Experiment 1;Orientation;1;1;;;;;;;6;5
42;52;61.5;9.5;1.87583017349243;35;5;1;Abreo et al. (2023);Experiment 1;Orientation;1;1;;;;;;;7;5
-33;0;6.0;6.0;1.68398594856262;35;5;1;Abreo et al. (2023);Experiment 1;Orientation;1;1;;;;;;;8;5
24;13;25.0;12.0;1.67586612701416;35;5;1;Abreo et al. (2023);Experiment 1;Orientation;1;1;;;;;;;9;5
-49;151;146.5;-4.49999999999999;1.69245600700378;35;5;1;Abreo et al. (2023);Experiment 1;Orientation;1;1;;;;;;;10;5
-75;177;170.0;-7.0;1.92572498321533;35;5;1;Abreo et al. (2023);Experiment 1;Orientation;1;1;;;;;;;11;5
-27;94;99.0;5.0;1.6507887840271;35;5;1;Abreo et al. (2023);Experiment 1;Orientation;1;1;;;;;;;12;5
-4;161;140.0;-21.0;1.84235191345215;35;5;1;Abreo et al. (2023);Experiment 1;Orientation;1;1;;;;;;;13;5
-74;22;31.5;9.49999999999999;1.58420491218567;35;5;1;Abreo et al. (2023);Experiment 1;Orientation;1;1;;;;;;;14;5
48;77;70.5;-6.5;1.43412566184998;35;5;1;Abreo et al. (2023);Experiment 1;Orientation;1;1;;;;;;;15;5
78;20;20.5;0.500000000000003;1.56717324256897;35;5;1;Abreo et al. (2023);Experiment 1;Orientation;1;1;;;;;;;16;5
-9;28;42.5;14.5;1.55923199653625;35;5;1;Abreo et al. (2023);Experiment 1;Orientation;1;1;;;;;;;17;5
61;18;37.0;19.0;1.72589111328125;35;5;1;Abreo et al. (2023);Experiment 1;Orientation;1;1;;;;;;;18;5
63;8;17.0;9.0;1.87586379051208;35;5;1;Abreo et al. (2023);Experiment 1;Orientation;1;1;;;;;;;19;5
90;15;24.5;9.5;1.25075483322144;35;5;1;Abreo et al. (2023);Experiment 1;Orientation;1;1;;;;;;;20;5
-5;114;115.0;0.999999999999989;1.60047769546509;35;5;1;Abreo et al. (2023);Experiment 1;Orientation;1;1;;;;;;;21;5
78;80;83.5;3.5;2.10076999664307;35;5;1;Abreo et al. (2023);Experiment 1;Orientation;1;1;;;;;;;22;5
-41;100;96.0;-3.99999999999999;1.48403096199036;35;5;1;Abreo et al. (2023);Experiment 1;Orientation;1;1;;;;;;;23;5
-88;12;35.5;23.5;1.63419032096863;35;5;1;Abreo et al. (2023);Experiment 1;Orientation;1;1;;;;;;;24;5
0;24;27.5;3.5;1.86739873886108;35;5;1;Abreo et al. (2023);Experiment 1;Orientation;1;1;;;;;;;25;5
-72;164;169.0;4.99999999999999;1.82574605941772;35;5;1;Abreo et al. (2023);Experiment 1;Orientation;1;1;;;;;;;26;5
15;21;44.5;23.5;2.0341649055481;35;5;1;Abreo et al. (2023);Experiment 1;Orientation;1;1;;;;;;;27;5
23;47;57.0;10.0;1.34244871139526;35;5;1;Abreo et al. (2023);Experiment 1;Orientation;1;1;;;;;;;28;5
57;42;71.5;29.5;1.6172947883606;35;5;1;Abreo et al. (2023);Experiment 1;Orientation;1;1;;;;;;;29;5
30;82;82.5;0.499999999999994;1.82559752464294;35;5;1;Abreo et al. (2023);Experiment 1;Orientation;1;1;;;;;;;30;5
62;13;28.5;15.5;1.46748685836792;35;5;1;Abreo et al. (2023);Experiment 1;Orientation;1;1;;;;;;;31;5
-57;156;128.5;-27.5;1.65900731086731;35;5;1;Abreo et al. (2023);Experiment 1;Orientation;1;1;;;;;;;32;5
85;168;177.0;9.0;1.6588089466095;35;5;1;Abreo et al. (2023);Experiment 1;Orientation;1;1;;;;;;;33;5
25;140;131.0;-9.0;1.40875864028931;35;5;1;Abreo et al. (2023);Experiment 1;Orientation;1;1;;;;;;;34;5
-22;7;14.5;7.5;1.48413968086243;35;6;1;Abreo et al. (2023);Experiment 1;Orientation;1;1;;;;;;;1;6
-8;36;51.0;15.0;1.30905222892761;35;6;1;Abreo et al. (2023);Experiment 1;Orientation;1;1;;;;;;;2;6
45;65;64.0;-0.999999999999999;1.52585506439209;35;6;1;Abreo et al. (2023);Experiment 1;Orientation;1;1;;;;;;;3;6
81;152;156.5;4.5;1.80913996696472;35;6;1;Abreo et al. (2023);Experiment 1;Orientation;1;1;;;;;;;4;6
-79;163;168.0;4.99999999999999;1.57580494880676;35;6;1;Abreo et al. (2023);Experiment 1;Orientation;1;1;;;;;;;5;6
-54;115;108.5;-6.49999999999999;1.66725063323975;35;6;1;Abreo et al. (2023);Experiment 1;Orientation;1;1;;;;;;;6;6
-42;39;45.5;6.5;1.54246807098389;35;6;1;Abreo et al. (2023);Experiment 1;Orientation;1;1;;;;;;;7;6
-49;128;117.5;-10.5;1.40911936759949;35;6;1;Abreo et al. (2023);Experiment 1;Orientation;1;1;;;;;;;8;6
-51;28;32.0;4.0;1.85091757774353;35;6;1;Abreo et al. (2023);Experiment 1;Orientation;1;1;;;;;;;9;6
-32;82;72.0;-10.0;1.76747393608093;35;6;1;Abreo et al. (2023);Experiment 1;Orientation;1;1;;;;;;;10;6
9;7;11.5;4.5;1.33411717414856;35;6;1;Abreo et al. (2023);Experiment 1;Orientation;1;1;;;;;;;11;6
-59;44;38.5;-5.5;1.28395915031433;35;6;1;Abreo et al. (2023);Experiment 1;Orientation;1;1;;;;;;;12;6
24;88;104.5;16.5;1.50084972381592;35;6;1;Abreo et al. (2023);Experiment 1;Orientation;1;1;;;;;;;13;6
-55;20;27.0;7.0;1.20069146156311;35;6;1;Abreo et al. (2023);Experiment 1;Orientation;1;1;;;;;;;14;6
-80;148;147.5;-0.500000000000001;1.40078663825989;35;6;1;Abreo et al. (2023);Experiment 1;Orientation;1;1;;;;;;;15;6
-11;146;164.0;18.0;1.55915403366089;35;6;1;Abreo et al. (2023);Experiment 1;Orientation;1;1;;;;;;;16;6
-54;120;114.5;-5.49999999999999;1.27581286430359;35;6;1;Abreo et al. (2023);Experiment 1;Orientation;1;1;;;;;;;17;6
-32;169;20.5;31.5;1.92579483985901;35;6;1;Abreo et al. (2023);Experiment 1;Orientation;1;1;;;;;;;18;6
-87;131;131.0;-0.0;1.40058445930481;35;6;1;Abreo et al. (2023);Experiment 1;Orientation;1;1;;;;;;;19;6
65;66;61.0;-5.00000000000001;1.78423142433167;35;6;1;Abreo et al. (2023);Experiment 1;Orientation;1;1;;;;;;;20;6
-55;68;73.5;5.49999999999999;1.65906953811646;35;6;1;Abreo et al. (2023);Experiment 1;Orientation;1;1;;;;;;;21;6
81;23;25.5;2.5;1.66735100746155;35;6;1;Abreo et al. (2023);Experiment 1;Orientation;1;1;;;;;;;22;6
-49;132;143.0;11.0;1.64240574836731;35;6;1;Abreo et al. (2023);Experiment 1;Orientation;1;1;;;;;;;23;6
12;148;138.0;-10.0;1.2507336139679;35;6;1;Abreo et al. (2023);Experiment 1;Orientation;1;1;;;;;;;24;6
69;124;110.5;-13.5;1.66715788841248;35;6;1;Abreo et al. (2023);Experiment 1;Orientation;1;1;;;;;;;25;6
85;9;17.0;8.0;1.40916085243225;35;6;1;Abreo et al. (2023);Experiment 1;Orientation;1;1;;;;;;;26;6
70;48;61.5;13.5;1.60050106048584;35;6;1;Abreo et al. (2023);Experiment 1;Orientation;1;1;;;;;;;27;6
1;176;178.5;2.5;1.65914535522461;35;6;1;Abreo et al. (2023);Experiment 1;Orientation;1;1;;;;;;;28;6
-19;169;8.0;19.0;2.19255423545837;35;6;1;Abreo et al. (2023);Experiment 1;Orientation;1;1;;;;;;;29;6
2;2;6.0;4.0;1.3508026599884;35;6;1;Abreo et al. (2023);Experiment 1;Orientation;1;1;;;;;;;30;6
-75;20;20.0;-0.0;1.55918455123901;35;6;1;Abreo et al. (2023);Experiment 1;Orientation;1;1;;;;;;;31;6
-74;161;169.0;7.99999999999999;1.82587170600891;35;6;1;Abreo et al. (2023);Experiment 1;Orientation;1;1;;;;;;;32;6
54;80;70.0;-10.0;1.60909104347229;35;6;1;Abreo et al. (2023);Experiment 1;Orientation;1;1;;;;;;;33;6
73;18;22.5;4.5;1.49215221405029;35;6;1;Abreo et al. (2023);Experiment 1;Orientation;1;1;;;;;;;34;6
-11;99;106.5;7.50000000000001;1.57583570480347;35;6;1;Abreo et al. (2023);Experiment 1;Orientation;1;1;;;;;;;35;6
16;19;10.5;-8.5;2.20925831794739;36;1;1;Abreo et al. (2023);Experiment 1;Orientation;1;1;;;;;;;1;1
68;156;148.5;-7.49999999999999;1.69232511520386;36;1;1;Abreo et al. (2023);Experiment 1;Orientation;1;1;;;;;;;2;1
1;69;72.0;3.00000000000001;2.79236054420471;36;1;1;Abreo et al. (2023);Experiment 1;Orientation;1;1;;;;;;;3;1
85;126;128.5;2.5;2.90915369987488;36;1;1;Abreo et al. (2023);Experiment 1;Orientation;1;1;;;;;;;4;1
43;17;18.5;1.5;2.4843544960022;36;1;1;Abreo et al. (2023);Experiment 1;Orientation;1;1;;;;;;;5;1
34;54;69.5;15.5;2.44263482093811;36;1;1;Abreo et al. (2023);Experiment 1;Orientation;1;1;;;;;;;6;1
12;119;117.0;-2.0;2.91737270355225;36;1;1;Abreo et al. (2023);Experiment 1;Orientation;1;1;;;;;;;7;1
-34;41;52.5;11.5;2.57601952552795;36;1;1;Abreo et al. (2023);Experiment 1;Orientation;1;1;;;;;;;8;1
-70;17;21.0;4.0;1.83414649963379;36;1;1;Abreo et al. (2023);Experiment 1;Orientation;1;1;;;;;;;9;1
58;0;179.0;-1.0;2.06758952140808;36;1;1;Abreo et al. (2023);Experiment 1;Orientation;1;1;;;;;;;10;1
-29;47;56.5;9.5;2.16757941246033;36;1;1;Abreo et al. (2023);Experiment 1;Orientation;1;1;;;;;;;11;1
-40;28;13.0;-15.0;3.05084347724915;36;1;1;Abreo et al. (2023);Experiment 1;Orientation;1;1;;;;;;;12;1
55;135;138.0;2.99999999999999;2.38433432579041;36;1;1;Abreo et al. (2023);Experiment 1;Orientation;1;1;;;;;;;13;1
84;165;166.0;1.00000000000001;2.05918192863464;36;1;1;Abreo et al. (2023);Experiment 1;Orientation;1;1;;;;;;;14;1
56;82;85.0;3.0;3.01773238182068;36;1;1;Abreo et al. (2023);Experiment 1;Orientation;1;1;;;;;;;15;1
36;59;17.5;-41.5;1.86723351478577;36;1;1;Abreo et al. (2023);Experiment 1;Orientation;1;1;;;;;;;16;1
-25;56;48.0;-8.0;1.72552061080933;36;1;1;Abreo et al. (2023);Experiment 1;Orientation;1;1;;;;;;;17;1
43;110;128.5;18.5;1.74219751358032;36;1;1;Abreo et al. (2023);Experiment 1;Orientation;1;1;;;;;;;18;1
-11;132;134.5;2.5;2.0508291721344;36;1;1;Abreo et al. (2023);Experiment 1;Orientation;1;1;;;;;;;19;1
64;98;113.0;15.0;1.98402452468872;36;1;1;Abreo et al. (2023);Experiment 1;Orientation;1;1;;;;;;;20;1
62;126;135.5;9.49999999999999;3.34269332885742;36;1;1;Abreo et al. (2023);Experiment 1;Orientation;1;1;;;;;;;21;1
-75;86;72.5;-13.5;3.18423223495483;36;1;1;Abreo et al. (2023);Experiment 1;Orientation;1;1;;;;;;;22;1
-50;132;118.0;-14.0;2.6427276134491;36;1;1;Abreo et al. (2023);Experiment 1;Orientation;1;1;;;;;;;23;1
-58;75;80.5;5.5;2.41758155822754;36;1;1;Abreo et al. (2023);Experiment 1;Orientation;1;1;;;;;;;24;1
43;146;153.0;7.0;1.62584638595581;36;1;1;Abreo et al. (2023);Experiment 1;Orientation;1;1;;;;;;;25;1
36;29;22.0;-7.00000000000001;2.20906472206116;36;1;1;Abreo et al. (2023);Experiment 1;Orientation;1;1;;;;;;;26;1
39;93;90.0;-3.0;1.90079927444458;36;1;1;Abreo et al. (2023);Experiment 1;Orientation;1;1;;;;;;;27;1
-12;22;22.5;0.500000000000003;4.23460268974304;36;1;1;Abreo et al. (2023);Experiment 1;Orientation;1;1;;;;;;;28;1
60;161;168.5;7.49999999999999;2.18413877487183;36;1;1;Abreo et al. (2023);Experiment 1;Orientation;1;1;;;;;;;29;1
-49;127;122.5;-4.5;2.00083565711975;36;1;1;Abreo et al. (2023);Experiment 1;Orientation;1;1;;;;;;;30;1
-83;73;71.0;-2.0;2.63421726226807;36;1;1;Abreo et al. (2023);Experiment 1;Orientation;1;1;;;;;;;31;1
-79;132;131.5;-0.499999999999993;2.40090775489807;36;1;1;Abreo et al. (2023);Experiment 1;Orientation;1;1;;;;;;;32;1
-81;17;32.0;15.0;2.05895781517029;36;1;1;Abreo et al. (2023);Experiment 1;Orientation;1;1;;;;;;;33;1
-86;23;33.0;10.0;1.93386292457581;36;2;1;Abreo et al. (2023);Experiment 1;Orientation;1;1;;;;;;;1;2
-88;14;13.0;-1.0;1.94242262840271;36;2;1;Abreo et al. (2023);Experiment 1;Orientation;1;1;;;;;;;2;2
-63;63;61.5;-1.49999999999999;2.92575263977051;36;2;1;Abreo et al. (2023);Experiment 1;Orientation;1;1;;;;;;;3;2
55;111;101.5;-9.5;2.54249477386475;36;2;1;Abreo et al. (2023);Experiment 1;Orientation;1;1;;;;;;;4;2
-34;139;138.5;-0.499999999999993;2.70936107635498;36;2;1;Abreo et al. (2023);Experiment 1;Orientation;1;1;;;;;;;5;2
86;147;159.5;12.5;1.9509129524231;36;2;1;Abreo et al. (2023);Experiment 1;Orientation;1;1;;;;;;;6;2
26;31;41.5;10.5;1.89255976676941;36;2;1;Abreo et al. (2023);Experiment 1;Orientation;1;1;;;;;;;7;2
-21;162;168.5;6.5;2.14257955551147;36;2;1;Abreo et al. (2023);Experiment 1;Orientation;1;1;;;;;;;8;2
-32;55;54.5;-0.500000000000004;1.94257545471191;36;2;1;Abreo et al. (2023);Experiment 1;Orientation;1;1;;;;;;;9;2
58;34;52.5;18.5;2.15068602561951;36;2;1;Abreo et al. (2023);Experiment 1;Orientation;1;1;;;;;;;10;2
75;37;39.0;2.0;2.01739048957825;36;2;1;Abreo et al. (2023);Experiment 1;Orientation;1;1;;;;;;;11;2
7;13;26.0;13.0;1.83414125442505;36;2;1;Abreo et al. (2023);Experiment 1;Orientation;1;1;;;;;;;12;2
-25;64;65.0;1.0;2.85905432701111;36;2;1;Abreo et al. (2023);Experiment 1;Orientation;1;1;;;;;;;13;2
27;175;176.5;1.50000000000001;2.0675368309021;36;2;1;Abreo et al. (2023);Experiment 1;Orientation;1;1;;;;;;;14;2
-32;35;28.5;-6.5;1.58393025398254;36;2;1;Abreo et al. (2023);Experiment 1;Orientation;1;1;;;;;;;15;2
38;42;69.0;27.0;2.70937967300415;36;2;1;Abreo et al. (2023);Experiment 1;Orientation;1;1;;;;;;;16;2
71;67;85.0;18.0;2.95928502082825;36;2;1;Abreo et al. (2023);Experiment 1;Orientation;1;1;;;;;;;17;2
35;32;24.5;-7.5;2.81767320632935;36;2;1;Abreo et al. (2023);Experiment 1;Orientation;1;1;;;;;;;18;2
8;81;86.5;5.5;3.30943822860718;36;2;1;Abreo et al. (2023);Experiment 1;Orientation;1;1;;;;;;;19;2
74;58;61.5;3.5;2.25068068504333;36;2;1;Abreo et al. (2023);Experiment 1;Orientation;1;1;;;;;;;20;2
-80;98;96.0;-1.99999999999999;2.81770372390747;36;2;1;Abreo et al. (2023);Experiment 1;Orientation;1;1;;;;;;;21;2
-68;96;95.5;-0.500000000000008;2.70905065536499;36;2;1;Abreo et al. (2023);Experiment 1;Orientation;1;1;;;;;;;22;2
13;143;151.5;8.49999999999998;2.38432121276855;36;2;1;Abreo et al. (2023);Experiment 1;Orientation;1;1;;;;;;;23;2
14;28;28.0;-0.0;1.65904355049133;36;2;1;Abreo et al. (2023);Experiment 1;Orientation;1;1;;;;;;;24;2
1;1;179.5;-1.49999999999998;3.0424063205719;36;2;1;Abreo et al. (2023);Experiment 1;Orientation;1;1;;;;;;;25;2
-48;29;28.0;-1.0;3.21766972541809;36;2;1;Abreo et al. (2023);Experiment 1;Orientation;1;1;;;;;;;26;2
50;100;98.5;-1.49999999999999;2.46769165992737;36;2;1;Abreo et al. (2023);Experiment 1;Orientation;1;1;;;;;;;27;2
62;26;29.0;3.00000000000001;2.93404364585876;36;2;1;Abreo et al. (2023);Experiment 1;Orientation;1;1;;;;;;;28;2
-24;119;121.5;2.5;3.20099687576294;36;2;1;Abreo et al. (2023);Experiment 1;Orientation;1;1;;;;;;;29;2
18;82;87.5;5.5;2.44267249107361;36;3;1;Abreo et al. (2023);Experiment 1;Orientation;1;1;;;;;;;1;3
-54;67;57.5;-9.50000000000001;2.40927314758301;36;3;1;Abreo et al. (2023);Experiment 1;Orientation;1;1;;;;;;;2;3
15;37;42.0;5.0;2.69260215759277;36;3;1;Abreo et al. (2023);Experiment 1;Orientation;1;1;;;;;;;3;3
27;102;105.0;3.00000000000001;5.25964260101318;36;3;1;Abreo et al. (2023);Experiment 1;Orientation;1;1;;;;;;;4;3
-68;107;114.5;7.5;2.51749348640442;36;3;1;Abreo et al. (2023);Experiment 1;Orientation;1;1;;;;;;;5;3
-87;105;103.0;-2.0;2.83415746688843;36;3;1;Abreo et al. (2023);Experiment 1;Orientation;1;1;;;;;;;6;3
17;99;104.5;5.5;1.98424363136292;36;3;1;Abreo et al. (2023);Experiment 1;Orientation;1;1;;;;;;;7;3
80;19;16.0;-3.0;2.79273581504822;36;3;1;Abreo et al. (2023);Experiment 1;Orientation;1;1;;;;;;;8;3
-42;145;135.5;-9.50000000000002;2.24248933792114;36;3;1;Abreo et al. (2023);Experiment 1;Orientation;1;1;;;;;;;9;3
24;50;51.5;1.50000000000001;2.25091075897217;36;3;1;Abreo et al. (2023);Experiment 1;Orientation;1;1;;;;;;;10;3
33;139;135.0;-4.00000000000001;2.44250321388245;36;3;1;Abreo et al. (2023);Experiment 1;Orientation;1;1;;;;;;;11;3
-62;177;178.0;0.999999999999989;3.00935983657837;36;3;1;Abreo et al. (2023);Experiment 1;Orientation;1;1;;;;;;;12;3
8;115;124.5;9.49999999999999;2.3008017539978;36;3;1;Abreo et al. (2023);Experiment 1;Orientation;1;1;;;;;;;13;3
-12;1;172.5;-8.50000000000001;2.70079779624939;36;3;1;Abreo et al. (2023);Experiment 1;Orientation;1;1;;;;;;;14;3
3;147;139.5;-7.5;1.90923142433167;36;3;1;Abreo et al. (2023);Experiment 1;Orientation;1;1;;;;;;;15;3
-87;37;36.5;-0.500000000000004;1.98428201675415;36;3;1;Abreo et al. (2023);Experiment 1;Orientation;1;1;;;;;;;16;3
17;67;80.0;13.0;1.78419589996338;36;3;1;Abreo et al. (2023);Experiment 1;Orientation;1;1;;;;;;;17;3
90;74;78.0;3.99999999999999;3.63434863090515;36;3;1;Abreo et al. (2023);Experiment 1;Orientation;1;1;;;;;;;18;3
-46;45;57.5;12.5;2.01760458946228;36;3;1;Abreo et al. (2023);Experiment 1;Orientation;1;1;;;;;;;19;3
85;78;85.5;7.5;3.42600274085999;36;3;1;Abreo et al. (2023);Experiment 1;Orientation;1;1;;;;;;;20;3
-3;83;87.5;4.5;3.18438458442688;36;3;1;Abreo et al. (2023);Experiment 1;Orientation;1;1;;;;;;;21;3
-60;87;81.0;-6.0;2.35934805870056;36;3;1;Abreo et al. (2023);Experiment 1;Orientation;1;1;;;;;;;22;3
-47;123;115.5;-7.50000000000002;2.76765275001526;36;3;1;Abreo et al. (2023);Experiment 1;Orientation;1;1;;;;;;;23;3
-38;138;139.5;1.5;2.08425378799438;36;3;1;Abreo et al. (2023);Experiment 1;Orientation;1;1;;;;;;;24;3
-23;130;134.5;4.5;2.5339686870575;36;3;1;Abreo et al. (2023);Experiment 1;Orientation;1;1;;;;;;;25;3
-70;2;180.0;-2.00000000000001;1.70056843757629;36;3;1;Abreo et al. (2023);Experiment 1;Orientation;1;1;;;;;;;26;3
-86;48;57.0;9.0;1.88411045074463;36;3;1;Abreo et al. (2023);Experiment 1;Orientation;1;1;;;;;;;27;3
-7;158;169.5;11.5;1.85073828697205;36;3;1;Abreo et al. (2023);Experiment 1;Orientation;1;1;;;;;;;28;3
-61;85;87.0;1.99999999999999;2.72240948677063;36;4;1;Abreo et al. (2023);Experiment 1;Orientation;1;1;;;;;;;1;4
26;1;2.5;1.5;2.59267711639404;36;4;1;Abreo et al. (2023);Experiment 1;Orientation;1;1;;;;;;;2;4
-67;122;121.5;-0.499999999999995;2.9754753112793;36;4;1;Abreo et al. (2023);Experiment 1;Orientation;1;1;;;;;;;3;4
51;170;169.0;-1.00000000000001;2.27579045295715;36;4;1;Abreo et al. (2023);Experiment 1;Orientation;1;1;;;;;;;4;4
-28;31;17.0;-14.0;2.05094385147095;36;4;1;Abreo et al. (2023);Experiment 1;Orientation;1;1;;;;;;;5;4
-25;50;71.0;21.0;1.9758996963501;36;4;1;Abreo et al. (2023);Experiment 1;Orientation;1;1;;;;;;;6;4
-11;158;173.5;15.5;2.91772651672363;36;4;1;Abreo et al. (2023);Experiment 1;Orientation;1;1;;;;;;;7;4
4;26;34.5;8.5;1.91755533218384;36;4;1;Abreo et al. (2023);Experiment 1;Orientation;1;1;;;;;;;8;4
-10;34;47.0;13.0;1.66754627227783;36;4;1;Abreo et al. (2023);Experiment 1;Orientation;1;1;;;;;;;9;4
51;161;172.0;11.0;2.09262657165527;36;4;1;Abreo et al. (2023);Experiment 1;Orientation;1;1;;;;;;;10;4
-9;50;79.0;29.0;3.69259667396545;36;4;1;Abreo et al. (2023);Experiment 1;Orientation;1;1;;;;;;;11;4
-80;95;95.5;0.499999999999994;2.18431377410889;36;4;1;Abreo et al. (2023);Experiment 1;Orientation;1;1;;;;;;;12;4
-84;36;37.0;1.0;1.8258843421936;36;4;1;Abreo et al. (2023);Experiment 1;Orientation;1;1;;;;;;;13;4
19;2;2.0;-0.0;1.74239635467529;36;4;1;Abreo et al. (2023);Experiment 1;Orientation;1;1;;;;;;;14;4
-15;89;88.5;-0.499999999999994;2.00896024703979;36;4;1;Abreo et al. (2023);Experiment 1;Orientation;1;1;;;;;;;15;4
16;30;27.0;-3.0;2.50920128822327;36;4;1;Abreo et al. (2023);Experiment 1;Orientation;1;1;;;;;;;16;4
14;44;41.5;-2.49999999999999;2.56763863563538;36;4;1;Abreo et al. (2023);Experiment 1;Orientation;1;1;;;;;;;17;4
-1;42;44.0;2.0;3.65119647979736;36;4;1;Abreo et al. (2023);Experiment 1;Orientation;1;1;;;;;;;18;4
-60;158;163.5;5.50000000000001;2.71772933006287;36;4;1;Abreo et al. (2023);Experiment 1;Orientation;1;1;;;;;;;19;4
-38;20;8.5;-11.5;2.53395938873291;36;4;1;Abreo et al. (2023);Experiment 1;Orientation;1;1;;;;;;;20;4
17;127;112.5;-14.5;3.00108528137207;36;4;1;Abreo et al. (2023);Experiment 1;Orientation;1;1;;;;;;;21;4
-24;140;147.0;7.0;2.10930371284485;36;4;1;Abreo et al. (2023);Experiment 1;Orientation;1;1;;;;;;;22;4
-9;22;18.5;-3.5;1.50047469139099;36;4;1;Abreo et al. (2023);Experiment 1;Orientation;1;1;;;;;;;23;4
73;0;3.0;3.0;2.50103974342346;36;4;1;Abreo et al. (2023);Experiment 1;Orientation;1;1;;;;;;;24;4
-16;167;172.0;5.00000000000002;2.15928196907043;36;4;1;Abreo et al. (2023);Experiment 1;Orientation;1;1;;;;;;;25;4
24;60;61.0;0.999999999999998;3.46784162521362;36;4;1;Abreo et al. (2023);Experiment 1;Orientation;1;1;;;;;;;26;4
-89;21;13.5;-7.5;2.37561845779419;36;4;1;Abreo et al. (2023);Experiment 1;Orientation;1;1;;;;;;;27;4
47;131;136.5;5.50000000000001;2.60103559494019;36;4;1;Abreo et al. (2023);Experiment 1;Orientation;1;1;;;;;;;28;4
23;162;164.5;2.5;2.30928659439087;36;4;1;Abreo et al. (2023);Experiment 1;Orientation;1;1;;;;;;;29;4
83;4;8.0;4.0;1.784019947052;36;4;1;Abreo et al. (2023);Experiment 1;Orientation;1;1;;;;;;;30;4
-22;44;50.5;6.5;2.90094614028931;36;4;1;Abreo et al. (2023);Experiment 1;Orientation;1;1;;;;;;;31;4
13;107;100.0;-7.0;1.89259004592896;36;4;1;Abreo et al. (2023);Experiment 1;Orientation;1;1;;;;;;;32;4
-66;49;44.5;-4.5;2.66730046272278;36;4;1;Abreo et al. (2023);Experiment 1;Orientation;1;1;;;;;;;33;4
5;105;85.5;-19.5;3.00108981132507;36;4;1;Abreo et al. (2023);Experiment 1;Orientation;1;1;;;;;;;34;4
11;21;23.0;2.0;2.01393938064575;36;5;1;Abreo et al. (2023);Experiment 1;Orientation;1;1;;;;;;;1;5
7;50;48.5;-1.5;2.76014065742493;36;5;1;Abreo et al. (2023);Experiment 1;Orientation;1;1;;;;;;;2;5
53;179;178.5;-0.50000000000002;1.90071535110474;36;5;1;Abreo et al. (2023);Experiment 1;Orientation;1;1;;;;;;;3;5
46;165;178.5;13.5;2.00928425788879;36;5;1;Abreo et al. (2023);Experiment 1;Orientation;1;1;;;;;;;4;5
13;43;45.0;2.0;2.0090594291687;36;5;1;Abreo et al. (2023);Experiment 1;Orientation;1;1;;;;;;;5;5
-84;142;134.5;-7.49999999999999;3.18446087837219;36;5;1;Abreo et al. (2023);Experiment 1;Orientation;1;1;;;;;;;6;5
-37;51;70.0;19.0;2.65103054046631;36;5;1;Abreo et al. (2023);Experiment 1;Orientation;1;1;;;;;;;7;5
-32;1;179.5;-1.49999999999998;2.28417539596558;36;5;1;Abreo et al. (2023);Experiment 1;Orientation;1;1;;;;;;;8;5
-6;140;135.5;-4.5;2.10924434661865;36;5;1;Abreo et al. (2023);Experiment 1;Orientation;1;1;;;;;;;9;5
-16;98;101.0;3.00000000000001;3.04272437095642;36;5;1;Abreo et al. (2023);Experiment 1;Orientation;1;1;;;;;;;10;5
-42;81;82.5;1.5;2.80099678039551;36;5;1;Abreo et al. (2023);Experiment 1;Orientation;1;1;;;;;;;11;5
-52;120;118.0;-1.99999999999998;3.79285049438477;36;5;1;Abreo et al. (2023);Experiment 1;Orientation;1;1;;;;;;;12;5
80;145;135.5;-9.50000000000002;2.50908851623535;36;5;1;Abreo et al. (2023);Experiment 1;Orientation;1;1;;;;;;;13;5
-2;36;31.5;-4.5;1.97581815719604;36;5;1;Abreo et al. (2023);Experiment 1;Orientation;1;1;;;;;;;14;5
89;51;51.0;-0.0;1.91758227348328;36;5;1;Abreo et al. (2023);Experiment 1;Orientation;1;1;;;;;;;15;5
85;89;88.5;-0.499999999999994;3.25107264518738;36;5;1;Abreo et al. (2023);Experiment 1;Orientation;1;1;;;;;;;16;5
15;123;122.5;-0.49999999999999;2.59250020980835;36;5;1;Abreo et al. (2023);Experiment 1;Orientation;1;1;;;;;;;17;5
55;176;2.5;6.5;1.7257604598999;36;5;1;Abreo et al. (2023);Experiment 1;Orientation;1;1;;;;;;;18;5
-57;47;51.5;4.5;2.26753544807434;36;5;1;Abreo et al. (2023);Experiment 1;Orientation;1;1;;;;;;;19;5
53;98;109.0;11.0;2.15088176727295;36;5;1;Abreo et al. (2023);Experiment 1;Orientation;1;1;;;;;;;20;5
-44;144;133.0;-11.0;1.78407669067383;36;5;1;Abreo et al. (2023);Experiment 1;Orientation;1;1;;;;;;;21;5
-42;112;97.0;-15.0;3.06773662567139;36;5;1;Abreo et al. (2023);Experiment 1;Orientation;1;1;;;;;;;22;5
70;114;113.5;-0.500000000000007;2.2092604637146;36;5;1;Abreo et al. (2023);Experiment 1;Orientation;1;1;;;;;;;23;5
16;60;69.5;9.50000000000001;3.49279856681824;36;5;1;Abreo et al. (2023);Experiment 1;Orientation;1;1;;;;;;;24;5
-68;167;161.0;-5.99999999999998;1.99261951446533;36;5;1;Abreo et al. (2023);Experiment 1;Orientation;1;1;;;;;;;25;5
57;168;170.0;2.0;2.8510537147522;36;5;1;Abreo et al. (2023);Experiment 1;Orientation;1;1;;;;;;;26;5
-67;28;15.0;-13.0;1.95900464057922;36;5;1;Abreo et al. (2023);Experiment 1;Orientation;1;1;;;;;;;27;5
82;148;162.5;14.5;1.9755699634552;36;5;1;Abreo et al. (2023);Experiment 1;Orientation;1;1;;;;;;;28;5
32;136;148.5;12.5;3.02599024772644;36;5;1;Abreo et al. (2023);Experiment 1;Orientation;1;1;;;;;;;29;5
-18;8;6.0;-2.0;2.51770162582397;36;5;1;Abreo et al. (2023);Experiment 1;Orientation;1;1;;;;;;;30;5
-72;41;45.0;4.0;2.55079460144043;36;5;1;Abreo et al. (2023);Experiment 1;Orientation;1;1;;;;;;;31;5
-22;170;158.5;-11.5;2.19246077537537;36;5;1;Abreo et al. (2023);Experiment 1;Orientation;1;1;;;;;;;32;5
77;3;179.5;-3.49999999999998;2.49267148971558;36;5;1;Abreo et al. (2023);Experiment 1;Orientation;1;1;;;;;;;33;5
-30;92;92.5;0.499999999999995;2.23407363891602;36;5;1;Abreo et al. (2023);Experiment 1;Orientation;1;1;;;;;;;34;5
-44;167;149.0;-18.0;2.26761555671692;36;6;1;Abreo et al. (2023);Experiment 1;Orientation;1;1;;;;;;;1;6
-12;172;174.5;2.5;2.0425877571106;36;6;1;Abreo et al. (2023);Experiment 1;Orientation;1;1;;;;;;;2;6
-61;45;52.5;7.5;2.90902519226074;36;6;1;Abreo et al. (2023);Experiment 1;Orientation;1;1;;;;;;;3;6
4;131;125.5;-5.49999999999999;2.70915460586548;36;6;1;Abreo et al. (2023);Experiment 1;Orientation;1;1;;;;;;;4;6
14;92;92.5;0.499999999999995;2.63436722755432;36;6;1;Abreo et al. (2023);Experiment 1;Orientation;1;1;;;;;;;5;6
35;64;86.5;22.5;2.30099368095398;36;6;1;Abreo et al. (2023);Experiment 1;Orientation;1;1;;;;;;;6;6
82;20;23.5;3.5;1.96751046180725;36;6;1;Abreo et al. (2023);Experiment 1;Orientation;1;1;;;;;;;7;6
-61;34;24.5;-9.50000000000001;2.85938572883606;36;6;1;Abreo et al. (2023);Experiment 1;Orientation;1;1;;;;;;;8;6
-88;151;148.5;-2.49999999999999;2.350825548172;36;6;1;Abreo et al. (2023);Experiment 1;Orientation;1;1;;;;;;;9;6
6;131;138.0;7.0;2.15089654922485;36;6;1;Abreo et al. (2023);Experiment 1;Orientation;1;1;;;;;;;10;6
52;25;24.0;-1.0;3.08427047729492;36;6;1;Abreo et al. (2023);Experiment 1;Orientation;1;1;;;;;;;11;6
-6;153;151.0;-2.0;1.97558379173279;36;6;1;Abreo et al. (2023);Experiment 1;Orientation;1;1;;;;;;;12;6
81;64;71.0;7.0;2.00924348831177;36;6;1;Abreo et al. (2023);Experiment 1;Orientation;1;1;;;;;;;13;6
62;41;46.5;5.5;2.02576589584351;36;6;1;Abreo et al. (2023);Experiment 1;Orientation;1;1;;;;;;;14;6
61;113;112.5;-0.500000000000003;2.71769285202026;36;6;1;Abreo et al. (2023);Experiment 1;Orientation;1;1;;;;;;;15;6
82;83;79.0;-4.0;3.3257908821106;36;6;1;Abreo et al. (2023);Experiment 1;Orientation;1;1;;;;;;;16;6
-52;156;151.0;-4.99999999999999;2.19262552261353;36;6;1;Abreo et al. (2023);Experiment 1;Orientation;1;1;;;;;;;17;6
74;151;152.0;1.00000000000001;2.19243359565735;36;6;1;Abreo et al. (2023);Experiment 1;Orientation;1;1;;;;;;;18;6
-42;75;72.0;-3.0;2.74262094497681;36;6;1;Abreo et al. (2023);Experiment 1;Orientation;1;1;;;;;;;19;6
17;105;106.0;0.999999999999989;1.9257435798645;36;6;1;Abreo et al. (2023);Experiment 1;Orientation;1;1;;;;;;;20;6
58;102;108.0;6.0;2.47593903541565;36;6;1;Abreo et al. (2023);Experiment 1;Orientation;1;1;;;;;;;21;6
-19;115;108.5;-6.49999999999999;3.05946922302246;36;6;1;Abreo et al. (2023);Experiment 1;Orientation;1;1;;;;;;;22;6
25;52;58.5;6.49999999999999;2.62591981887817;36;6;1;Abreo et al. (2023);Experiment 1;Orientation;1;1;;;;;;;23;6
