obs;theta;resp;error;rt;block;delta;trial;study;experiment;stimulus;expnum;codenum;delta_1;delta_2;delta_3;delta_4;trial_in_block;block_unique
1;7;12;5;0.590742999920622;2;78.0;71;Blonde et al. (2023);Experiment 2;Orientation;1;2;;;;;1;1
1;118;107;-11;1.46441860008053;2;69.0;72;Blonde et al. (2023);Experiment 2;Orientation;1;2;;;;;2;1
1;120;118;-2;1.34879969991744;2;-2.0;73;Blonde et al. (2023);Experiment 2;Orientation;1;2;;;;;3;1
1;44;44;0;1.55683689983562;2;76.0;74;Blonde et al. (2023);Experiment 2;Orientation;1;2;;;;;4;1
1;59;58;-1;0.914573699934408;2;-15.0;75;Blonde et al. (2023);Experiment 2;Orientation;1;2;-15.0;61.0;59.0;-52.0;5;1
1;56;65;9;1.04900930006988;2;3.0;76;Blonde et al. (2023);Experiment 2;Orientation;1;2;3.0;-12.0;64.0;62.0;6;1
1;84;61;-23;1.36470150016248;2;-28.0;77;Blonde et al. (2023);Experiment 2;Orientation;1;2;-28.0;-25.0;-40.0;36.0;7;1
1;127;109;-18;3.19869669992477;2;-43.0;78;Blonde et al. (2023);Experiment 2;Orientation;1;2;-43.0;-71.0;-68.0;-83.0;8;1
1;151;153;2;1.44891220005229;2;-24.0;79;Blonde et al. (2023);Experiment 2;Orientation;1;2;-24.0;-67.0;85.0;88.0;9;1
1;145;154;9;1.17480789986439;2;6.0;80;Blonde et al. (2023);Experiment 2;Orientation;1;2;6.0;-18.0;-61.0;-89.0;10;1
1;125;129;4;0.931797600118443;2;20.0;81;Blonde et al. (2023);Experiment 2;Orientation;1;2;20.0;26.0;2.0;-41.0;11;1
1;116;114;-2;1.20633229985833;2;9.0;82;Blonde et al. (2023);Experiment 2;Orientation;1;2;9.0;29.0;35.0;11.0;12;1
1;116;131;15;1.031151099829;2;0.0;83;Blonde et al. (2023);Experiment 2;Orientation;1;2;0.0;9.0;29.0;35.0;13;1
1;131;141;10;1.08962209988385;2;-15.0;84;Blonde et al. (2023);Experiment 2;Orientation;1;2;-15.0;-15.0;-6.0;14.0;14;1
1;0;0;0;1.37387030012906;2;-49.0;85;Blonde et al. (2023);Experiment 2;Orientation;1;2;-49.0;-64.0;-64.0;-55.0;15;1
1;122;124;2;1.38165129977278;2;58.0;86;Blonde et al. (2023);Experiment 2;Orientation;1;2;58.0;9.0;-6.0;-6.0;16;1
1;28;30;2;1.21574690006673;2;-86.0;87;Blonde et al. (2023);Experiment 2;Orientation;1;2;-86.0;-28.0;-77.0;88.0;17;1
1;73;18;-55;1.34052599989809;2;-45.0;88;Blonde et al. (2023);Experiment 2;Orientation;1;2;-45.0;49.0;-73.0;58.0;18;1
1;117;114;-3;1.25715869991109;2;-44.0;89;Blonde et al. (2023);Experiment 2;Orientation;1;2;-44.0;-89.0;5.0;63.0;19;1
1;84;73;-11;1.11544349999167;2;33.0;90;Blonde et al. (2023);Experiment 2;Orientation;1;2;33.0;-11.0;-56.0;38.0;20;1
1;136;123;-13;1.18955509993248;2;-52.0;91;Blonde et al. (2023);Experiment 2;Orientation;1;2;-52.0;-19.0;-63.0;72.0;21;1
1;120;126;6;0.957206699997187;2;16.0;92;Blonde et al. (2023);Experiment 2;Orientation;1;2;16.0;-36.0;-3.0;-47.0;22;1
1;160;155;-5;0.565611699828878;2;-40.0;93;Blonde et al. (2023);Experiment 2;Orientation;1;2;-40.0;-24.0;-76.0;-43.0;23;1
1;134;131;-3;0.982239400036633;2;26.0;94;Blonde et al. (2023);Experiment 2;Orientation;1;2;26.0;-14.0;2.0;-50.0;24;1
1;50;62;12;1.43142259982415;2;84.0;95;Blonde et al. (2023);Experiment 2;Orientation;1;2;84.0;-70.0;70.0;86.0;25;1
1;82;78;-4;0.93228660011664;2;-32.0;96;Blonde et al. (2023);Experiment 2;Orientation;1;2;-32.0;52.0;78.0;38.0;26;1
1;18;45;27;1.207219599979;2;64.0;97;Blonde et al. (2023);Experiment 2;Orientation;1;2;64.0;32.0;-64.0;-38.0;27;1
1;44;49;5;1.87268579984084;2;-26.0;98;Blonde et al. (2023);Experiment 2;Orientation;1;2;-26.0;38.0;6.0;90.0;28;1
1;19;21;2;0.907165100099519;2;25.0;99;Blonde et al. (2023);Experiment 2;Orientation;1;2;25.0;-1.0;63.0;31.0;29;1
1;168;92;-76;1.72258589998819;2;31.0;100;Blonde et al. (2023);Experiment 2;Orientation;1;2;31.0;56.0;30.0;-86.0;30;1
1;105;104;-1;1.23972159996629;2;63.0;101;Blonde et al. (2023);Experiment 2;Orientation;1;2;63.0;-86.0;-61.0;-87.0;31;1
1;18;24;6;1.03136749984697;2;87.0;102;Blonde et al. (2023);Experiment 2;Orientation;1;2;87.0;-30.0;1.0;26.0;32;1
1;2;13;11;1.36545750009827;2;16.0;103;Blonde et al. (2023);Experiment 2;Orientation;1;2;16.0;-77.0;-14.0;17.0;33;1
1;36;33;-3;1.16564560006373;2;-34.0;104;Blonde et al. (2023);Experiment 2;Orientation;1;2;-34.0;-18.0;69.0;-48.0;34;1
1;5;12;7;1.43083740002476;2;31.0;105;Blonde et al. (2023);Experiment 2;Orientation;1;2;31.0;-3.0;13.0;-80.0;35;1
1;175;170;-5;1.36490669986233;2;10.0;106;Blonde et al. (2023);Experiment 2;Orientation;1;2;10.0;41.0;7.0;23.0;36;1
1;56;37;-19;1.22383450018242;2;-61.0;107;Blonde et al. (2023);Experiment 2;Orientation;1;2;-61.0;-51.0;-20.0;-54.0;37;1
1;30;14;-16;1.84785960009322;2;26.0;108;Blonde et al. (2023);Experiment 2;Orientation;1;2;26.0;-35.0;-25.0;6.0;38;1
1;43;47;4;1.35719490004703;2;-13.0;109;Blonde et al. (2023);Experiment 2;Orientation;1;2;-13.0;13.0;-48.0;-38.0;39;1
1;4;13;9;2.04046459984966;2;39.0;110;Blonde et al. (2023);Experiment 2;Orientation;1;2;39.0;26.0;52.0;-9.0;40;1
1;33;24;-9;1.69876629998907;2;-29.0;111;Blonde et al. (2023);Experiment 2;Orientation;1;2;-29.0;10.0;-3.0;23.0;41;1
1;45;24;-21;1.14808030007407;2;-12.0;112;Blonde et al. (2023);Experiment 2;Orientation;1;2;-12.0;-41.0;-2.0;-15.0;42;1
1;68;56;-12;1.13215949991718;2;-23.0;113;Blonde et al. (2023);Experiment 2;Orientation;1;2;-23.0;-35.0;-64.0;-25.0;43;1
1;126;147;21;1.20720970002003;2;-58.0;114;Blonde et al. (2023);Experiment 2;Orientation;1;2;-58.0;-81.0;87.0;58.0;44;1
1;19;16;-3;0.581577299861237;2;-73.0;115;Blonde et al. (2023);Experiment 2;Orientation;1;2;-73.0;49.0;26.0;14.0;45;1
1;5;2;-3;1.87246070010588;2;14.0;116;Blonde et al. (2023);Experiment 2;Orientation;1;2;14.0;-59.0;63.0;40.0;46;1
1;97;105;8;1.22385289985687;2;88.0;117;Blonde et al. (2023);Experiment 2;Orientation;1;2;88.0;-78.0;29.0;-29.0;47;1
1;85;88;3;2.84015600010753;2;12.0;118;Blonde et al. (2023);Experiment 2;Orientation;1;2;12.0;-80.0;-66.0;41.0;48;1
1;166;9;23;4.4319533999078;2;-81.0;119;Blonde et al. (2023);Experiment 2;Orientation;1;2;-81.0;-69.0;19.0;33.0;49;1
1;104;113;9;1.0742220999673;2;62.0;120;Blonde et al. (2023);Experiment 2;Orientation;1;2;62.0;-19.0;-7.0;81.0;50;1
1;85;82;-3;1.2487796000205;2;19.0;121;Blonde et al. (2023);Experiment 2;Orientation;1;2;19.0;81.0;0.0;12.0;51;1
1;10;7;-3;0.890703100012615;2;75.0;122;Blonde et al. (2023);Experiment 2;Orientation;1;2;75.0;-86.0;-24.0;75.0;52;1
1;163;179;16;0.774800699902698;2;27.0;123;Blonde et al. (2023);Experiment 2;Orientation;1;2;27.0;-78.0;-59.0;3.0;53;1
1;173;151;-22;6.10519289993681;2;-10.0;124;Blonde et al. (2023);Experiment 2;Orientation;1;2;-10.0;17.0;-88.0;-69.0;54;1
1;138;128;-10;1.45705450000241;2;35.0;125;Blonde et al. (2023);Experiment 2;Orientation;1;2;35.0;25.0;52.0;-53.0;55;1
1;167;172;5;2.98209930001758;2;-29.0;126;Blonde et al. (2023);Experiment 2;Orientation;1;2;-29.0;6.0;-4.0;23.0;56;1
1;3;177;-6;3.80580139998347;2;-16.0;127;Blonde et al. (2023);Experiment 2;Orientation;1;2;-16.0;-45.0;-10.0;-20.0;57;1
1;59;61;2;1.04889350011945;2;-56.0;128;Blonde et al. (2023);Experiment 2;Orientation;1;2;-56.0;-72.0;79.0;-66.0;58;1
1;46;55;9;1.68149210000411;2;13.0;129;Blonde et al. (2023);Experiment 2;Orientation;1;2;13.0;-43.0;-59.0;-88.0;59;1
1;24;50;26;1.18968460010365;2;22.0;130;Blonde et al. (2023);Experiment 2;Orientation;1;2;22.0;35.0;-21.0;-37.0;60;1
1;85;81;-4;0.933136099949479;2;-61.0;131;Blonde et al. (2023);Experiment 2;Orientation;1;2;-61.0;-39.0;-26.0;-82.0;61;1
1;117;99;-18;1.44784840010107;2;-32.0;132;Blonde et al. (2023);Experiment 2;Orientation;1;2;-32.0;87.0;-71.0;-58.0;62;1
1;24;29;5;1.23222639993764;2;-87.0;133;Blonde et al. (2023);Experiment 2;Orientation;1;2;-87.0;61.0;0.0;22.0;63;1
1;148;141;-7;1.3808083999902;2;56.0;134;Blonde et al. (2023);Experiment 2;Orientation;1;2;56.0;-31.0;-63.0;56.0;64;1
1;119;109;-10;1.14062119997106;2;29.0;135;Blonde et al. (2023);Experiment 2;Orientation;1;2;29.0;85.0;-2.0;-34.0;65;1
1;116;112;-4;1.89870000001974;2;3.0;136;Blonde et al. (2023);Experiment 2;Orientation;1;2;3.0;32.0;88.0;1.0;66;1
1;2;9;7;1.93181249988265;2;-66.0;137;Blonde et al. (2023);Experiment 2;Orientation;1;2;-66.0;-63.0;-34.0;22.0;67;1
1;118;129;11;1.59053059993312;2;64.0;138;Blonde et al. (2023);Experiment 2;Orientation;1;2;64.0;-2.0;1.0;30.0;68;1
1;88;88;0;1.23948240000755;2;30.0;139;Blonde et al. (2023);Experiment 2;Orientation;1;2;30.0;-86.0;28.0;31.0;69;1
1;52;52;0;1.49755989992991;2;36.0;140;Blonde et al. (2023);Experiment 2;Orientation;1;2;36.0;66.0;-50.0;64.0;70;1
1;109;120;11;1.45707929995842;4;-33.0;211;Blonde et al. (2023);Experiment 2;Orientation;1;2;;;;;1;2
1;2;1;-1;1.74039829988033;4;-73.0;212;Blonde et al. (2023);Experiment 2;Orientation;1;2;;;;;2;2
1;158;144;-14;0.482371800113469;4;24.0;213;Blonde et al. (2023);Experiment 2;Orientation;1;2;;;;;3;2
1;107;103;-4;1.59743839991279;4;51.0;214;Blonde et al. (2023);Experiment 2;Orientation;1;2;;;;;4;2
1;136;31;75;1.48236379981972;4;-29.0;215;Blonde et al. (2023);Experiment 2;Orientation;1;2;-29.0;22.0;46.0;-27.0;5;2
1;155;137;-18;3.20574770006351;4;-19.0;216;Blonde et al. (2023);Experiment 2;Orientation;1;2;-19.0;-48.0;3.0;27.0;6;2
1;143;159;16;1.39880060008727;4;12.0;217;Blonde et al. (2023);Experiment 2;Orientation;1;2;12.0;-7.0;-36.0;15.0;7;2
1;88;75;-13;1.2891937000677;4;55.0;218;Blonde et al. (2023);Experiment 2;Orientation;1;2;55.0;67.0;48.0;19.0;8;2
1;99;100;1;1.22392539982684;4;-11.0;219;Blonde et al. (2023);Experiment 2;Orientation;1;2;-11.0;44.0;56.0;37.0;9;2
1;143;108;-35;1.23907429981045;4;-44.0;220;Blonde et al. (2023);Experiment 2;Orientation;1;2;-44.0;-55.0;0.0;12.0;10;2
1;122;104;-18;2.01541460002773;4;21.0;221;Blonde et al. (2023);Experiment 2;Orientation;1;2;21.0;-23.0;-34.0;21.0;11;2
1;62;50;-12;0.640461999922991;4;60.0;222;Blonde et al. (2023);Experiment 2;Orientation;1;2;60.0;81.0;37.0;26.0;12;2
1;88;97;9;1.32374999998137;4;-26.0;223;Blonde et al. (2023);Experiment 2;Orientation;1;2;-26.0;34.0;55.0;11.0;13;2
1;21;70;49;3.3810048000887;4;67.0;224;Blonde et al. (2023);Experiment 2;Orientation;1;2;67.0;41.0;-79.0;-58.0;14;2
1;91;84;-7;1.13963680015877;4;-70.0;225;Blonde et al. (2023);Experiment 2;Orientation;1;2;-70.0;-3.0;-29.0;31.0;15;2
1;140;138;-2;0.907405799953267;4;-49.0;226;Blonde et al. (2023);Experiment 2;Orientation;1;2;-49.0;61.0;-52.0;-78.0;16;2
1;132;125;-7;0.873623999999836;4;8.0;227;Blonde et al. (2023);Experiment 2;Orientation;1;2;8.0;-41.0;69.0;-44.0;17;2
1;38;36;-2;1.33225949993357;4;-86.0;228;Blonde et al. (2023);Experiment 2;Orientation;1;2;-86.0;-78.0;53.0;-17.0;18;2
1;74;77;3;1.4406447999645;4;-36.0;229;Blonde et al. (2023);Experiment 2;Orientation;1;2;-36.0;58.0;66.0;17.0;19;2
1;176;160;-16;0.948766800109297;4;78.0;230;Blonde et al. (2023);Experiment 2;Orientation;1;2;78.0;42.0;-44.0;-36.0;20;2
1;103;104;1;1.75586739997379;4;73.0;231;Blonde et al. (2023);Experiment 2;Orientation;1;2;73.0;-29.0;-65.0;29.0;21;2
1;179;12;13;0.882105699973181;4;-76.0;232;Blonde et al. (2023);Experiment 2;Orientation;1;2;-76.0;-3.0;75.0;39.0;22;2
1;94;152;58;0.848850999958813;4;85.0;233;Blonde et al. (2023);Experiment 2;Orientation;1;2;85.0;9.0;82.0;-20.0;23;2
1;146;153;7;0.948856300208718;4;-52.0;234;Blonde et al. (2023);Experiment 2;Orientation;1;2;-52.0;33.0;-43.0;30.0;24;2
1;177;177;0;1.32322430005297;4;-31.0;235;Blonde et al. (2023);Experiment 2;Orientation;1;2;-31.0;-83.0;2.0;-74.0;25;2
1;179;174;-5;1.49740880005993;4;-2.0;236;Blonde et al. (2023);Experiment 2;Orientation;1;2;-2.0;-33.0;-85.0;0.0;26;2
1;30;25;-5;1.8058808001224;4;-31.0;237;Blonde et al. (2023);Experiment 2;Orientation;1;2;-31.0;-33.0;-64.0;64.0;27;2
1;22;22;0;1.05718990019523;4;8.0;238;Blonde et al. (2023);Experiment 2;Orientation;1;2;8.0;-23.0;-25.0;-56.0;28;2
1;95;93;-2;1.82364050019532;4;-73.0;239;Blonde et al. (2023);Experiment 2;Orientation;1;2;-73.0;-65.0;84.0;82.0;29;2
1;171;90;-81;1.44059030013159;4;-76.0;240;Blonde et al. (2023);Experiment 2;Orientation;1;2;-76.0;31.0;39.0;8.0;30;2
1;74;71;-3;0.840570000000298;4;-83.0;241;Blonde et al. (2023);Experiment 2;Orientation;1;2;-83.0;21.0;-52.0;-44.0;31;2
1;65;61;-4;1.6571171998512;4;9.0;242;Blonde et al. (2023);Experiment 2;Orientation;1;2;9.0;-74.0;30.0;-43.0;32;2
1;49;57;8;1.48111460008658;4;16.0;243;Blonde et al. (2023);Experiment 2;Orientation;1;2;16.0;25.0;-58.0;46.0;33;2
1;126;130;4;1.04831129987724;4;-77.0;244;Blonde et al. (2023);Experiment 2;Orientation;1;2;-77.0;-61.0;-52.0;45.0;34;2
1;120;118;-2;1.79882580018602;4;6.0;245;Blonde et al. (2023);Experiment 2;Orientation;1;2;6.0;-71.0;-55.0;-46.0;35;2
1;168;161;-7;0.732239499920979;4;-48.0;246;Blonde et al. (2023);Experiment 2;Orientation;1;2;-48.0;-42.0;61.0;77.0;36;2
1;109;152;43;0.682469999883324;4;59.0;247;Blonde et al. (2023);Experiment 2;Orientation;1;2;59.0;11.0;17.0;-60.0;37;2
1;144;24;60;0.948901400202885;4;-35.0;248;Blonde et al. (2023);Experiment 2;Orientation;1;2;-35.0;24.0;-24.0;-18.0;38;2
1;157;163;6;0.997860400006175;4;-13.0;249;Blonde et al. (2023);Experiment 2;Orientation;1;2;-13.0;-48.0;11.0;-37.0;39;2
1;18;22;4;1.12358010001481;4;-41.0;250;Blonde et al. (2023);Experiment 2;Orientation;1;2;-41.0;-54.0;-89.0;-30.0;40;2
1;150;147;-3;1.5974964001216;4;48.0;251;Blonde et al. (2023);Experiment 2;Orientation;1;2;48.0;7.0;-6.0;-41.0;41;2
1;165;168;3;1.18965939991176;4;-15.0;252;Blonde et al. (2023);Experiment 2;Orientation;1;2;-15.0;33.0;-8.0;-21.0;42;2
1;173;170;-3;1.34892169991508;4;-8.0;253;Blonde et al. (2023);Experiment 2;Orientation;1;2;-8.0;-23.0;25.0;-16.0;43;2
1;50;45;-5;1.19047729996964;4;-57.0;254;Blonde et al. (2023);Experiment 2;Orientation;1;2;-57.0;-65.0;-80.0;-32.0;44;2
1;76;117;41;1.52388069988228;4;-26.0;255;Blonde et al. (2023);Experiment 2;Orientation;1;2;-26.0;-83.0;89.0;74.0;45;2
1;71;61;-10;1.2976790999528;4;5.0;256;Blonde et al. (2023);Experiment 2;Orientation;1;2;5.0;-21.0;-78.0;-86.0;46;2
1;87;69;-18;1.0487345000729;4;-16.0;257;Blonde et al. (2023);Experiment 2;Orientation;1;2;-16.0;-11.0;-37.0;86.0;47;2
1;27;29;2;1.03210250008851;4;60.0;258;Blonde et al. (2023);Experiment 2;Orientation;1;2;60.0;44.0;49.0;23.0;48;2
1;32;33;1;0.49034299980849;4;-5.0;259;Blonde et al. (2023);Experiment 2;Orientation;1;2;-5.0;55.0;39.0;44.0;49;2
1;120;121;1;0.882169099990278;4;-88.0;260;Blonde et al. (2023);Experiment 2;Orientation;1;2;-88.0;87.0;-33.0;-49.0;50;2
1;161;155;-6;1.2404751998838;4;-41.0;261;Blonde et al. (2023);Experiment 2;Orientation;1;2;-41.0;51.0;46.0;-74.0;51;2
1;119;108;-11;1.18216600012966;4;42.0;262;Blonde et al. (2023);Experiment 2;Orientation;1;2;42.0;1.0;-87.0;88.0;52;2
1;44;33;-11;0.865604399936274;4;75.0;263;Blonde et al. (2023);Experiment 2;Orientation;1;2;75.0;-63.0;76.0;-12.0;53;2
1;16;14;-2;1.59044050006196;4;28.0;264;Blonde et al. (2023);Experiment 2;Orientation;1;2;28.0;-77.0;-35.0;-76.0;54;2
1;88;82;-6;1.16435629990883;4;-72.0;265;Blonde et al. (2023);Experiment 2;Orientation;1;2;-72.0;-44.0;31.0;73.0;55;2
1;137;133;-4;0.915596199920401;4;-49.0;266;Blonde et al. (2023);Experiment 2;Orientation;1;2;-49.0;59.0;87.0;-18.0;56;2
1;80;74;-6;1.0404745999258;4;57.0;267;Blonde et al. (2023);Experiment 2;Orientation;1;2;57.0;8.0;-64.0;-36.0;57;2
1;105;119;14;0.881291700061411;4;-25.0;268;Blonde et al. (2023);Experiment 2;Orientation;1;2;-25.0;32.0;-17.0;-89.0;58;2
1;33;38;5;1.42382659995928;4;72.0;269;Blonde et al. (2023);Experiment 2;Orientation;1;2;72.0;47.0;-76.0;55.0;59;2
1;73;60;-13;0.948884200071916;4;-40.0;270;Blonde et al. (2023);Experiment 2;Orientation;1;2;-40.0;32.0;7.0;64.0;60;2
1;174;163;-11;0.573767599882558;4;79.0;271;Blonde et al. (2023);Experiment 2;Orientation;1;2;79.0;39.0;-69.0;86.0;61;2
1;30;18;-12;1.29781449981965;4;-36.0;272;Blonde et al. (2023);Experiment 2;Orientation;1;2;-36.0;43.0;3.0;75.0;62;2
1;140;162;22;1.97380260005593;4;70.0;273;Blonde et al. (2023);Experiment 2;Orientation;1;2;70.0;34.0;-67.0;73.0;63;2
1;134;142;8;0.998534500133246;4;6.0;274;Blonde et al. (2023);Experiment 2;Orientation;1;2;6.0;76.0;40.0;-61.0;64;2
1;18;3;-15;0.823062999872491;4;-64.0;275;Blonde et al. (2023);Experiment 2;Orientation;1;2;-64.0;-58.0;12.0;-24.0;65;2
1;25;12;-13;0.757271399954334;4;-7.0;276;Blonde et al. (2023);Experiment 2;Orientation;1;2;-7.0;-71.0;-65.0;5.0;66;2
1;10;43;33;1.11548430006951;4;15.0;277;Blonde et al. (2023);Experiment 2;Orientation;1;2;15.0;8.0;-56.0;-50.0;67;2
1;84;79;-5;1.08115580002777;4;-74.0;278;Blonde et al. (2023);Experiment 2;Orientation;1;2;-74.0;-59.0;-66.0;50.0;68;2
1;15;23;8;1.30640419991687;4;69.0;279;Blonde et al. (2023);Experiment 2;Orientation;1;2;69.0;-5.0;10.0;3.0;69;2
1;124;95;-29;1.34083339991048;4;71.0;280;Blonde et al. (2023);Experiment 2;Orientation;1;2;71.0;-40.0;66.0;81.0;70;2
2;83;81;-2;2.17397520004306;1;;1;Blonde et al. (2023);Experiment 2;Orientation;1;2;;;;;1;1
2;133;134;1;1.32378199999221;1;-50.0;2;Blonde et al. (2023);Experiment 2;Orientation;1;2;;;;;2;1
2;120;120;0;1.0905378999887;1;13.0;3;Blonde et al. (2023);Experiment 2;Orientation;1;2;;;;;3;1
2;31;25;-6;1.16548219998367;1;89.0;4;Blonde et al. (2023);Experiment 2;Orientation;1;2;;;;;4;1
2;20;17;-3;0.831528400070965;1;11.0;5;Blonde et al. (2023);Experiment 2;Orientation;1;2;11.0;-80.0;-67.0;63.0;5;1
2;33;31;-2;1.84877939999569;1;-13.0;6;Blonde et al. (2023);Experiment 2;Orientation;1;2;-13.0;-2.0;87.0;-80.0;6;1
2;169;169;0;1.86498740001116;1;44.0;7;Blonde et al. (2023);Experiment 2;Orientation;1;2;44.0;31.0;42.0;-49.0;7;1
2;137;146;9;0.982069400022738;1;32.0;8;Blonde et al. (2023);Experiment 2;Orientation;1;2;32.0;76.0;63.0;74.0;8;1
2;49;52;3;1.31424810003955;1;88.0;9;Blonde et al. (2023);Experiment 2;Orientation;1;2;88.0;-60.0;-16.0;-29.0;9;1
2;93;112;19;1.2398075000383;1;-44.0;10;Blonde et al. (2023);Experiment 2;Orientation;1;2;-44.0;44.0;76.0;-60.0;10;1
2;1;178;-3;2.27353210002184;1;-88.0;11;Blonde et al. (2023);Experiment 2;Orientation;1;2;-88.0;48.0;-44.0;-12.0;11;1
2;59;55;-4;2.09044149995316;1;-58.0;12;Blonde et al. (2023);Experiment 2;Orientation;1;2;-58.0;34.0;-10.0;78.0;12;1
2;165;166;1;1.49924749997444;1;74.0;13;Blonde et al. (2023);Experiment 2;Orientation;1;2;74.0;16.0;-72.0;64.0;13;1
2;170;169;-1;1.2309275000589;1;-5.0;14;Blonde et al. (2023);Experiment 2;Orientation;1;2;-5.0;69.0;11.0;-77.0;14;1
2;115;128;13;1.17244689993095;1;55.0;15;Blonde et al. (2023);Experiment 2;Orientation;1;2;55.0;50.0;-56.0;66.0;15;1
2;17;5;-12;1.70606879994739;1;-82.0;16;Blonde et al. (2023);Experiment 2;Orientation;1;2;-82.0;-27.0;-32.0;42.0;16;1
2;167;136;-31;1.1823392000515;1;30.0;17;Blonde et al. (2023);Experiment 2;Orientation;1;2;30.0;-52.0;3.0;-2.0;17;1
2;25;20;-5;2.28178870002739;1;-38.0;18;Blonde et al. (2023);Experiment 2;Orientation;1;2;-38.0;-8.0;90.0;-35.0;18;1
2;29;39;10;0.981113900081255;1;-4.0;19;Blonde et al. (2023);Experiment 2;Orientation;1;2;-4.0;-42.0;-12.0;86.0;19;1
2;142;147;5;1.21592109999619;1;67.0;20;Blonde et al. (2023);Experiment 2;Orientation;1;2;67.0;63.0;25.0;55.0;20;1
2;6;8;2;0.98204159992747;1;-44.0;21;Blonde et al. (2023);Experiment 2;Orientation;1;2;-44.0;23.0;19.0;-19.0;21;1
2;148;156;8;0.898877599975094;1;38.0;22;Blonde et al. (2023);Experiment 2;Orientation;1;2;38.0;-6.0;61.0;57.0;22;1
2;90;101;11;1.4738323999336;1;58.0;23;Blonde et al. (2023);Experiment 2;Orientation;1;2;58.0;-84.0;52.0;-61.0;23;1
2;141;138;-3;0.956215800018981;1;-51.0;24;Blonde et al. (2023);Experiment 2;Orientation;1;2;-51.0;7.0;45.0;1.0;24;1
2;67;62;-5;1.93193940003403;1;74.0;25;Blonde et al. (2023);Experiment 2;Orientation;1;2;74.0;23.0;81.0;-61.0;25;1
2;6;10;4;1.56545690004714;1;61.0;26;Blonde et al. (2023);Experiment 2;Orientation;1;2;61.0;-45.0;84.0;-38.0;26;1
2;147;170;23;2.50783760007471;1;39.0;27;Blonde et al. (2023);Experiment 2;Orientation;1;2;39.0;-80.0;-6.0;-57.0;27;1
2;128;152;24;1.88084439991508;1;19.0;28;Blonde et al. (2023);Experiment 2;Orientation;1;2;19.0;58.0;-61.0;13.0;28;1
2;81;109;28;1.62318160000723;1;47.0;29;Blonde et al. (2023);Experiment 2;Orientation;1;2;47.0;66.0;-75.0;-14.0;29;1
2;139;139;0;2.22368039994035;1;-58.0;30;Blonde et al. (2023);Experiment 2;Orientation;1;2;-58.0;-11.0;8.0;47.0;30;1
2;66;70;4;2.36525230004918;1;73.0;31;Blonde et al. (2023);Experiment 2;Orientation;1;2;73.0;15.0;62.0;81.0;31;1
2;158;165;7;1.19766369997524;1;88.0;32;Blonde et al. (2023);Experiment 2;Orientation;1;2;88.0;-19.0;-77.0;-30.0;32;1
2;7;8;1;1.36549990007188;1;-29.0;33;Blonde et al. (2023);Experiment 2;Orientation;1;2;-29.0;59.0;-48.0;74.0;33;1
2;171;167;-4;1.43902809999418;1;16.0;34;Blonde et al. (2023);Experiment 2;Orientation;1;2;16.0;-13.0;75.0;-32.0;34;1
2;115;112;-3;1.13112919998821;1;56.0;35;Blonde et al. (2023);Experiment 2;Orientation;1;2;56.0;72.0;43.0;-49.0;35;1
2;72;67;-5;1.24842040007934;1;43.0;36;Blonde et al. (2023);Experiment 2;Orientation;1;2;43.0;-81.0;-65.0;86.0;36;1
2;33;23;-10;1.18190119997598;1;39.0;37;Blonde et al. (2023);Experiment 2;Orientation;1;2;39.0;82.0;-42.0;-26.0;37;1
2;44;58;14;1.38062910002191;1;-11.0;38;Blonde et al. (2023);Experiment 2;Orientation;1;2;-11.0;28.0;71.0;-53.0;38;1
2;148;151;3;0.915395900025032;1;76.0;39;Blonde et al. (2023);Experiment 2;Orientation;1;2;76.0;65.0;-76.0;-33.0;39;1
2;83;113;30;1.81664239999373;1;65.0;40;Blonde et al. (2023);Experiment 2;Orientation;1;2;65.0;-39.0;-50.0;-11.0;40;1
2;5;10;5;0.607161800027825;1;78.0;41;Blonde et al. (2023);Experiment 2;Orientation;1;2;78.0;-37.0;39.0;28.0;41;1
2;2;7;5;1.31472490006126;1;3.0;42;Blonde et al. (2023);Experiment 2;Orientation;1;2;3.0;81.0;-34.0;42.0;42;1
2;43;45;2;2.3487407999346;1;-41.0;43;Blonde et al. (2023);Experiment 2;Orientation;1;2;-41.0;-38.0;40.0;-75.0;43;1
2;90;123;33;1.93230590003077;1;-47.0;44;Blonde et al. (2023);Experiment 2;Orientation;1;2;-47.0;-88.0;-85.0;-7.0;44;1
2;63;58;-5;2.09820790006779;1;27.0;45;Blonde et al. (2023);Experiment 2;Orientation;1;2;27.0;-20.0;-61.0;-58.0;45;1
2;47;53;6;3.4735930999741;1;16.0;46;Blonde et al. (2023);Experiment 2;Orientation;1;2;16.0;43.0;-4.0;-45.0;46;1
2;76;68;-8;2.1907311999239;1;-29.0;47;Blonde et al. (2023);Experiment 2;Orientation;1;2;-29.0;-13.0;14.0;-33.0;47;1
2;66;69;3;2.87242329993751;1;10.0;48;Blonde et al. (2023);Experiment 2;Orientation;1;2;10.0;-19.0;-3.0;24.0;48;1
2;85;61;-24;2.22316170006525;1;-19.0;49;Blonde et al. (2023);Experiment 2;Orientation;1;2;-19.0;-9.0;-38.0;-22.0;49;1
2;131;133;2;3.67376789997797;1;-46.0;50;Blonde et al. (2023);Experiment 2;Orientation;1;2;-46.0;-65.0;-55.0;-84.0;50;1
2;158;151;-7;2.45579359994736;1;-27.0;51;Blonde et al. (2023);Experiment 2;Orientation;1;2;-27.0;-73.0;88.0;-82.0;51;1
2;61;36;-25;3.17362490005326;1;-83.0;52;Blonde et al. (2023);Experiment 2;Orientation;1;2;-83.0;70.0;24.0;5.0;52;1
2;76;59;-17;1.89863980002701;1;-15.0;53;Blonde et al. (2023);Experiment 2;Orientation;1;2;-15.0;82.0;55.0;9.0;53;1
2;33;24;-9;2.57382649998181;1;43.0;54;Blonde et al. (2023);Experiment 2;Orientation;1;2;43.0;28.0;-55.0;-82.0;54;1
2;52;38;-14;1.74865780002438;1;-19.0;55;Blonde et al. (2023);Experiment 2;Orientation;1;2;-19.0;24.0;9.0;-74.0;55;1
2;132;136;4;2.28919929999392;1;-80.0;56;Blonde et al. (2023);Experiment 2;Orientation;1;2;-80.0;81.0;-56.0;-71.0;56;1
2;98;107;9;1.92375119996723;1;34.0;57;Blonde et al. (2023);Experiment 2;Orientation;1;2;34.0;-46.0;-65.0;-22.0;57;1
2;116;113;-3;1.98149349994492;1;-18.0;58;Blonde et al. (2023);Experiment 2;Orientation;1;2;-18.0;16.0;-64.0;-83.0;58;1
2;75;54;-21;2.04167159995995;1;41.0;59;Blonde et al. (2023);Experiment 2;Orientation;1;2;41.0;23.0;57.0;-23.0;59;1
2;108;121;13;2.48229369998444;1;-33.0;60;Blonde et al. (2023);Experiment 2;Orientation;1;2;-33.0;8.0;-10.0;24.0;60;1
2;42;44;2;2.09874479996506;1;66.0;61;Blonde et al. (2023);Experiment 2;Orientation;1;2;66.0;33.0;74.0;56.0;61;1
2;145;140;-5;2.02388170000631;1;77.0;62;Blonde et al. (2023);Experiment 2;Orientation;1;2;77.0;-37.0;-70.0;-29.0;62;1
2;5;6;1;1.59056939999573;1;-40.0;63;Blonde et al. (2023);Experiment 2;Orientation;1;2;-40.0;37.0;-77.0;70.0;63;1
2;134;173;39;1.55661460000556;1;51.0;64;Blonde et al. (2023);Experiment 2;Orientation;1;2;51.0;11.0;88.0;-26.0;64;1
2;112;114;2;1.28226550004911;1;22.0;65;Blonde et al. (2023);Experiment 2;Orientation;1;2;22.0;73.0;33.0;-70.0;65;1
2;34;27;-7;0.982085999916308;1;78.0;66;Blonde et al. (2023);Experiment 2;Orientation;1;2;78.0;-80.0;-29.0;-69.0;66;1
2;3;179;-4;1.28987139998935;1;31.0;67;Blonde et al. (2023);Experiment 2;Orientation;1;2;31.0;-71.0;-49.0;2.0;67;1
2;82;77;-5;1.9143713999074;1;-79.0;68;Blonde et al. (2023);Experiment 2;Orientation;1;2;-79.0;-48.0;30.0;52.0;68;1
2;133;137;4;1.15722579997964;1;-51.0;69;Blonde et al. (2023);Experiment 2;Orientation;1;2;-51.0;50.0;81.0;-21.0;69;1
2;98;111;13;1.35795600002166;1;35.0;70;Blonde et al. (2023);Experiment 2;Orientation;1;2;35.0;-16.0;85.0;-64.0;70;1
2;26;15;-11;0.990422099945135;3;66.0;141;Blonde et al. (2023);Experiment 2;Orientation;1;2;;;;;1;2
2;48;40;-8;1.63933010003529;3;-22.0;142;Blonde et al. (2023);Experiment 2;Orientation;1;2;;;;;2;2
2;49;35;-14;0.698658799985424;3;-1.0;143;Blonde et al. (2023);Experiment 2;Orientation;1;2;;;;;3;2
2;169;168;-1;1.25722759997007;3;60.0;144;Blonde et al. (2023);Experiment 2;Orientation;1;2;;;;;4;2
2;65;55;-10;1.0905805999646;3;-76.0;145;Blonde et al. (2023);Experiment 2;Orientation;1;2;-76.0;-16.0;-17.0;-39.0;5;2
2;114;130;16;1.24870520003606;3;-49.0;146;Blonde et al. (2023);Experiment 2;Orientation;1;2;-49.0;55.0;-65.0;-66.0;6;2
2;92;111;19;0.923776399926282;3;22.0;147;Blonde et al. (2023);Experiment 2;Orientation;1;2;22.0;-27.0;77.0;-43.0;7;2
2;31;31;0;1.61541500000749;3;61.0;148;Blonde et al. (2023);Experiment 2;Orientation;1;2;61.0;83.0;34.0;-42.0;8;2
2;105;105;0;1.31464599992614;3;-74.0;149;Blonde et al. (2023);Experiment 2;Orientation;1;2;-74.0;-13.0;9.0;-40.0;9;2
2;170;162;-8;1.30711619998328;3;-65.0;150;Blonde et al. (2023);Experiment 2;Orientation;1;2;-65.0;41.0;-78.0;-56.0;10;2
2;158;160;2;1.41452500002924;3;12.0;151;Blonde et al. (2023);Experiment 2;Orientation;1;2;12.0;-53.0;53.0;-66.0;11;2
2;56;57;1;1.10718789999373;3;-78.0;152;Blonde et al. (2023);Experiment 2;Orientation;1;2;-78.0;-66.0;49.0;-25.0;12;2
2;168;158;-10;0.907378699979745;3;68.0;153;Blonde et al. (2023);Experiment 2;Orientation;1;2;68.0;-10.0;2.0;-63.0;13;2
2;106;126;20;0.640661400044337;3;62.0;154;Blonde et al. (2023);Experiment 2;Orientation;1;2;62.0;-50.0;52.0;64.0;14;2
2;126;125;-1;1.00706099998206;3;-20.0;155;Blonde et al. (2023);Experiment 2;Orientation;1;2;-20.0;42.0;-70.0;32.0;15;2
2;149;159;10;1.2569574000081;3;-23.0;156;Blonde et al. (2023);Experiment 2;Orientation;1;2;-23.0;-43.0;19.0;87.0;16;2
2;131;154;23;1.88192459999118;3;18.0;157;Blonde et al. (2023);Experiment 2;Orientation;1;2;18.0;-5.0;-25.0;37.0;17;2
2;41;154;-67;1.2656867998885;3;90.0;158;Blonde et al. (2023);Experiment 2;Orientation;1;2;90.0;-72.0;85.0;65.0;18;2
2;80;67;-13;1.10706740000751;3;-39.0;159;Blonde et al. (2023);Experiment 2;Orientation;1;2;-39.0;51.0;69.0;46.0;19;2
2;161;160;-1;0.940406999900006;3;-81.0;160;Blonde et al. (2023);Experiment 2;Orientation;1;2;-81.0;60.0;-30.0;-12.0;20;2
2;141;155;14;0.898727799998596;3;20.0;161;Blonde et al. (2023);Experiment 2;Orientation;1;2;20.0;-61.0;80.0;-10.0;21;2
2;22;19;-3;1.29842159990221;3;-61.0;162;Blonde et al. (2023);Experiment 2;Orientation;1;2;-61.0;-41.0;58.0;19.0;22;2
2;116;75;-41;3.24870310002007;3;86.0;163;Blonde et al. (2023);Experiment 2;Orientation;1;2;86.0;25.0;45.0;-36.0;23;2
2;27;17;-10;0.94047530007083;3;89.0;164;Blonde et al. (2023);Experiment 2;Orientation;1;2;89.0;-5.0;-66.0;-46.0;24;2
2;172;172;0;1.51512340002228;3;35.0;165;Blonde et al. (2023);Experiment 2;Orientation;1;2;35.0;-56.0;30.0;-31.0;25;2
2;125;156;31;1.57381660002284;3;47.0;166;Blonde et al. (2023);Experiment 2;Orientation;1;2;47.0;82.0;-9.0;77.0;26;2
2;102;130;28;2.09781449998263;3;23.0;167;Blonde et al. (2023);Experiment 2;Orientation;1;2;23.0;70.0;-75.0;14.0;27;2
2;164;162;-2;0.980953800026327;3;-62.0;168;Blonde et al. (2023);Experiment 2;Orientation;1;2;-62.0;-39.0;8.0;43.0;28;2
2;88;67;-21;1.88144070003182;3;76.0;169;Blonde et al. (2023);Experiment 2;Orientation;1;2;76.0;14.0;37.0;84.0;29;2
2;13;3;-10;0.856814699945971;3;75.0;170;Blonde et al. (2023);Experiment 2;Orientation;1;2;75.0;-29.0;89.0;-68.0;30;2
2;98;94;-4;1.90628250001464;3;-85.0;171;Blonde et al. (2023);Experiment 2;Orientation;1;2;-85.0;-10.0;66.0;4.0;31;2
2;178;176;-2;1.39801090001129;3;-80.0;172;Blonde et al. (2023);Experiment 2;Orientation;1;2;-80.0;15.0;90.0;-14.0;32;2
2;56;54;-2;0.831004400039092;3;-58.0;173;Blonde et al. (2023);Experiment 2;Orientation;1;2;-58.0;42.0;-43.0;32.0;33;2
2;162;167;5;1.44886040000711;3;74.0;174;Blonde et al. (2023);Experiment 2;Orientation;1;2;74.0;16.0;-64.0;31.0;34;2
2;145;152;7;1.16556550003588;3;17.0;175;Blonde et al. (2023);Experiment 2;Orientation;1;2;17.0;-89.0;33.0;-47.0;35;2
2;150;142;-8;1.26564460003283;3;-5.0;176;Blonde et al. (2023);Experiment 2;Orientation;1;2;-5.0;12.0;86.0;28.0;36;2
2;129;135;6;1.13234830007423;3;21.0;177;Blonde et al. (2023);Experiment 2;Orientation;1;2;21.0;16.0;33.0;-73.0;37;2
2;167;170;3;0.873585699941032;3;-38.0;178;Blonde et al. (2023);Experiment 2;Orientation;1;2;-38.0;-17.0;-22.0;-5.0;38;2
2;154;146;-8;1.38976900000125;3;13.0;179;Blonde et al. (2023);Experiment 2;Orientation;1;2;13.0;-25.0;-4.0;-9.0;39;2
2;149;161;12;1.23225679993629;3;5.0;180;Blonde et al. (2023);Experiment 2;Orientation;1;2;5.0;18.0;-20.0;1.0;40;2
2;128;155;27;1.01550870004576;3;21.0;181;Blonde et al. (2023);Experiment 2;Orientation;1;2;21.0;26.0;39.0;1.0;41;2
2;113;119;6;0.940312899998389;3;15.0;182;Blonde et al. (2023);Experiment 2;Orientation;1;2;15.0;36.0;41.0;54.0;42;2
2;3;5;2;1.04782430001069;3;-70.0;183;Blonde et al. (2023);Experiment 2;Orientation;1;2;-70.0;-55.0;-34.0;-29.0;43;2
2;79;65;-14;1.34741699998267;3;-76.0;184;Blonde et al. (2023);Experiment 2;Orientation;1;2;-76.0;34.0;49.0;70.0;44;2
2;49;38;-11;0.957202300080098;3;30.0;185;Blonde et al. (2023);Experiment 2;Orientation;1;2;30.0;-46.0;64.0;79.0;45;2
2;129;133;4;1.48942459991667;3;-80.0;186;Blonde et al. (2023);Experiment 2;Orientation;1;2;-80.0;-50.0;54.0;-16.0;46;2
2;177;4;7;1.20719659992028;3;-48.0;187;Blonde et al. (2023);Experiment 2;Orientation;1;2;-48.0;52.0;82.0;6.0;47;2
2;64;66;2;1.08115580002777;3;-67.0;188;Blonde et al. (2023);Experiment 2;Orientation;1;2;-67.0;65.0;-15.0;15.0;48;2
2;111;119;8;0.890478200046346;3;-47.0;189;Blonde et al. (2023);Experiment 2;Orientation;1;2;-47.0;66.0;18.0;-62.0;49;2
2;153;163;10;1.33223860000726;3;-42.0;190;Blonde et al. (2023);Experiment 2;Orientation;1;2;-42.0;-89.0;24.0;-24.0;50;2
2;128;148;20;0.807283500093035;3;25.0;191;Blonde et al. (2023);Experiment 2;Orientation;1;2;25.0;-17.0;-64.0;49.0;51;2
2;177;8;11;1.39056400000118;3;-49.0;192;Blonde et al. (2023);Experiment 2;Orientation;1;2;-49.0;-24.0;-66.0;67.0;52;2
2;22;14;-8;0.9071686998941;3;-25.0;193;Blonde et al. (2023);Experiment 2;Orientation;1;2;-25.0;-74.0;-49.0;89.0;53;2
2;8;6;-2;1.12385770003311;3;14.0;194;Blonde et al. (2023);Experiment 2;Orientation;1;2;14.0;-11.0;-60.0;-35.0;54;2
2;171;171;0;1.08219540002756;3;17.0;195;Blonde et al. (2023);Experiment 2;Orientation;1;2;17.0;31.0;6.0;-43.0;55;2
2;130;139;9;0.890686099999584;3;41.0;196;Blonde et al. (2023);Experiment 2;Orientation;1;2;41.0;58.0;72.0;47.0;56;2
2;74;63;-11;0.748724299948663;3;56.0;197;Blonde et al. (2023);Experiment 2;Orientation;1;2;56.0;-83.0;-66.0;-52.0;57;2
2;133;60;-73;0.539909399929456;3;-59.0;198;Blonde et al. (2023);Experiment 2;Orientation;1;2;-59.0;-3.0;38.0;55.0;58;2
2;2;3;1;3.17361229995731;3;-49.0;199;Blonde et al. (2023);Experiment 2;Orientation;1;2;-49.0;72.0;-52.0;-11.0;59;2
2;48;54;6;0.922743999981321;3;-46.0;200;Blonde et al. (2023);Experiment 2;Orientation;1;2;-46.0;85.0;26.0;82.0;60;2
2;57;43;-14;0.923832700005732;3;-9.0;201;Blonde et al. (2023);Experiment 2;Orientation;1;2;-9.0;-55.0;76.0;17.0;61;2
2;168;164;-4;1.02371480001602;3;69.0;202;Blonde et al. (2023);Experiment 2;Orientation;1;2;69.0;60.0;14.0;-35.0;62;2
2;118;145;27;1.03937409992795;3;50.0;203;Blonde et al. (2023);Experiment 2;Orientation;1;2;50.0;-61.0;-70.0;64.0;63;2
2;174;166;-8;0.86549220001325;3;-56.0;204;Blonde et al. (2023);Experiment 2;Orientation;1;2;-56.0;-6.0;63.0;54.0;64;2
2;91;104;13;1.20716619992163;3;83.0;205;Blonde et al. (2023);Experiment 2;Orientation;1;2;83.0;27.0;77.0;-34.0;65;2
2;55;52;-3;1.18922399997246;3;36.0;206;Blonde et al. (2023);Experiment 2;Orientation;1;2;36.0;-61.0;63.0;-67.0;66;2
2;133;144;11;0.915486900019459;3;-78.0;207;Blonde et al. (2023);Experiment 2;Orientation;1;2;-78.0;-42.0;41.0;-15.0;67;2
2;126;141;15;1.38917089998722;3;7.0;208;Blonde et al. (2023);Experiment 2;Orientation;1;2;7.0;-71.0;-35.0;48.0;68;2
2;19;11;-8;1.94013489992358;3;-73.0;209;Blonde et al. (2023);Experiment 2;Orientation;1;2;-73.0;-66.0;36.0;72.0;69;2
2;161;14;33;1.13131620001514;3;38.0;210;Blonde et al. (2023);Experiment 2;Orientation;1;2;38.0;-35.0;-28.0;74.0;70;2
3;6;11;5;1.42392569989897;2;-62.0;71;Blonde et al. (2023);Experiment 2;Orientation;1;2;;;;;1;1
3;65;52;-13;1.731172000058;2;-59.0;72;Blonde et al. (2023);Experiment 2;Orientation;1;2;;;;;2;1
3;54;53;-1;1.48104900005274;2;11.0;73;Blonde et al. (2023);Experiment 2;Orientation;1;2;;;;;3;1
3;177;166;-11;1.7488096000161;2;57.0;74;Blonde et al. (2023);Experiment 2;Orientation;1;2;;;;;4;1
3;26;24;-2;1.94860320002772;2;-29.0;75;Blonde et al. (2023);Experiment 2;Orientation;1;2;-29.0;28.0;39.0;-20.0;5;1
3;116;138;22;2.06534179998562;2;-90.0;76;Blonde et al. (2023);Experiment 2;Orientation;1;2;90.0;61.0;-62.0;-51.0;6;1
3;90;90;0;1.25711660005618;2;26.0;77;Blonde et al. (2023);Experiment 2;Orientation;1;2;26.0;-64.0;87.0;-36.0;7;1
3;51;70;19;1.20635270001367;2;39.0;78;Blonde et al. (2023);Experiment 2;Orientation;1;2;39.0;65.0;-25.0;-54.0;8;1
3;12;175;-17;2.49028710008133;2;39.0;79;Blonde et al. (2023);Experiment 2;Orientation;1;2;39.0;78.0;-76.0;14.0;9;1
3;168;167;-1;1.31408310006373;2;24.0;80;Blonde et al. (2023);Experiment 2;Orientation;1;2;24.0;63.0;-78.0;-52.0;10;1
3;50;47;-3;1.18993760005105;2;-62.0;81;Blonde et al. (2023);Experiment 2;Orientation;1;2;-62.0;-38.0;1.0;40.0;11;1
3;90;86;-4;1.10730999999214;2;-40.0;82;Blonde et al. (2023);Experiment 2;Orientation;1;2;-40.0;78.0;-78.0;-39.0;12;1
3;70;83;13;2.38207819999661;2;20.0;83;Blonde et al. (2023);Experiment 2;Orientation;1;2;20.0;-20.0;-82.0;-58.0;13;1
3;156;137;-19;1.54058969998732;2;-86.0;84;Blonde et al. (2023);Experiment 2;Orientation;1;2;-86.0;-66.0;74.0;12.0;14;1
3;21;34;13;1.18082180002239;2;-45.0;85;Blonde et al. (2023);Experiment 2;Orientation;1;2;-45.0;49.0;69.0;29.0;15;1
3;66;63;-3;1.06552899989765;2;-45.0;86;Blonde et al. (2023);Experiment 2;Orientation;1;2;-45.0;90.0;4.0;24.0;16;1
3;38;30;-8;1.49816630000714;2;28.0;87;Blonde et al. (2023);Experiment 2;Orientation;1;2;28.0;-17.0;-62.0;32.0;17;1
3;22;26;4;1.9405028000474;2;16.0;88;Blonde et al. (2023);Experiment 2;Orientation;1;2;16.0;44.0;-1.0;-46.0;18;1
3;50;41;-9;2.4311757000396;2;-28.0;89;Blonde et al. (2023);Experiment 2;Orientation;1;2;-28.0;-12.0;16.0;-29.0;19;1
3;3;177;-6;2.12282659998164;2;47.0;90;Blonde et al. (2023);Experiment 2;Orientation;1;2;47.0;19.0;35.0;63.0;20;1
3;85;82;-3;2.15611129999161;2;-82.0;91;Blonde et al. (2023);Experiment 2;Orientation;1;2;-82.0;-35.0;-63.0;-47.0;21;1
3;138;137;-1;1.33957020007074;2;-53.0;92;Blonde et al. (2023);Experiment 2;Orientation;1;2;-53.0;45.0;-88.0;64.0;22;1
3;43;45;2;1.74882659991272;2;-85.0;93;Blonde et al. (2023);Experiment 2;Orientation;1;2;-85.0;42.0;-40.0;7.0;23;1
3;87;80;-7;1.77278040000238;2;-44.0;94;Blonde et al. (2023);Experiment 2;Orientation;1;2;-44.0;51.0;-2.0;-84.0;24;1
3;18;13;-5;2.24859169998672;2;69.0;95;Blonde et al. (2023);Experiment 2;Orientation;1;2;69.0;25.0;-60.0;67.0;25;1
3;51;62;11;3.87352189992089;2;-33.0;96;Blonde et al. (2023);Experiment 2;Orientation;1;2;-33.0;36.0;-8.0;87.0;26;1
3;44;31;-13;1.2642420999473;2;7.0;97;Blonde et al. (2023);Experiment 2;Orientation;1;2;7.0;-26.0;43.0;-1.0;27;1
3;68;71;3;1.50709299999289;2;-24.0;98;Blonde et al. (2023);Experiment 2;Orientation;1;2;-24.0;-17.0;-50.0;19.0;28;1
3;119;125;6;1.72265050001442;2;-51.0;99;Blonde et al. (2023);Experiment 2;Orientation;1;2;-51.0;-75.0;-68.0;79.0;29;1
3;36;24;-12;1.17387540009804;2;83.0;100;Blonde et al. (2023);Experiment 2;Orientation;1;2;83.0;32.0;8.0;15.0;30;1
3;121;126;5;2.62252740003169;2;-85.0;101;Blonde et al. (2023);Experiment 2;Orientation;1;2;-85.0;-2.0;-53.0;-77.0;31;1
3;175;11;16;1.97334800008684;2;-54.0;102;Blonde et al. (2023);Experiment 2;Orientation;1;2;-54.0;41.0;-56.0;73.0;32;1
3;118;121;3;1.51440719992388;2;57.0;103;Blonde et al. (2023);Experiment 2;Orientation;1;2;57.0;3.0;-82.0;1.0;33;1
3;136;137;1;1.2724903000053;2;-18.0;104;Blonde et al. (2023);Experiment 2;Orientation;1;2;-18.0;39.0;-15.0;80.0;34;1
3;29;22;-7;0.939253899967298;2;-73.0;105;Blonde et al. (2023);Experiment 2;Orientation;1;2;-73.0;89.0;-34.0;-88.0;35;1
3;170;154;-16;1.37253799999598;2;39.0;106;Blonde et al. (2023);Experiment 2;Orientation;1;2;39.0;-34.0;-52.0;5.0;36;1
3;97;107;10;1.29889119998552;2;73.0;107;Blonde et al. (2023);Experiment 2;Orientation;1;2;73.0;-68.0;39.0;21.0;37;1
3;127;110;-17;1.47247379994951;2;-30.0;108;Blonde et al. (2023);Experiment 2;Orientation;1;2;-30.0;43.0;82.0;9.0;38;1
3;80;67;-13;2.59869050001726;2;47.0;109;Blonde et al. (2023);Experiment 2;Orientation;1;2;47.0;17.0;90.0;-51.0;39;1
3;178;165;-13;1.20732189994305;2;82.0;110;Blonde et al. (2023);Experiment 2;Orientation;1;2;82.0;-51.0;-81.0;-8.0;40;1
3;106;116;10;1.49798769992776;2;72.0;111;Blonde et al. (2023);Experiment 2;Orientation;1;2;72.0;-26.0;21.0;-9.0;41;1
3;85;84;-1;0.623867999995127;2;21.0;112;Blonde et al. (2023);Experiment 2;Orientation;1;2;21.0;-87.0;-5.0;42.0;42;1
3;110;138;28;1.13126739999279;2;-25.0;113;Blonde et al. (2023);Experiment 2;Orientation;1;2;-25.0;-4.0;68.0;-30.0;43;1
3;98;88;-10;2.78088109998498;2;12.0;114;Blonde et al. (2023);Experiment 2;Orientation;1;2;12.0;-13.0;8.0;80.0;44;1
3;87;87;0;1.58201919996645;2;11.0;115;Blonde et al. (2023);Experiment 2;Orientation;1;2;11.0;23.0;-2.0;19.0;45;1
3;144;145;1;1.12374240008648;2;-57.0;116;Blonde et al. (2023);Experiment 2;Orientation;1;2;-57.0;-46.0;-34.0;-59.0;46;1
3;140;158;18;1.87276579998434;2;4.0;117;Blonde et al. (2023);Experiment 2;Orientation;1;2;4.0;-53.0;-42.0;-30.0;47;1
3;121;130;9;1.09874619997572;2;19.0;118;Blonde et al. (2023);Experiment 2;Orientation;1;2;19.0;23.0;-34.0;-23.0;48;1
3;1;25;24;2.38183889992069;2;-60.0;119;Blonde et al. (2023);Experiment 2;Orientation;1;2;-60.0;-41.0;-37.0;86.0;49;1
3;86;77;-9;2.2897683000192;2;-85.0;120;Blonde et al. (2023);Experiment 2;Orientation;1;2;-85.0;35.0;54.0;58.0;50;1
3;159;70;-89;1.44063450000249;2;-73.0;121;Blonde et al. (2023);Experiment 2;Orientation;1;2;-73.0;22.0;-38.0;-19.0;51;1
3;61;66;5;1.64046669995878;2;-82.0;122;Blonde et al. (2023);Experiment 2;Orientation;1;2;-82.0;25.0;-60.0;60.0;52;1
3;154;50;76;2.2394348999951;2;87.0;123;Blonde et al. (2023);Experiment 2;Orientation;1;2;87.0;5.0;-68.0;27.0;53;1
3;163;154;-9;1.27256390010007;2;-9.0;124;Blonde et al. (2023);Experiment 2;Orientation;1;2;-9.0;78.0;-4.0;-77.0;54;1
3;159;146;-13;1.67371530004311;2;4.0;125;Blonde et al. (2023);Experiment 2;Orientation;1;2;4.0;-5.0;82.0;0.0;55;1
3;6;13;7;1.47247469995636;2;-27.0;126;Blonde et al. (2023);Experiment 2;Orientation;1;2;-27.0;-23.0;-32.0;55.0;56;1
3;44;52;8;1.15710130007938;2;-38.0;127;Blonde et al. (2023);Experiment 2;Orientation;1;2;-38.0;-65.0;-61.0;-70.0;57;1
3;80;76;-4;1.92298010003287;2;-36.0;128;Blonde et al. (2023);Experiment 2;Orientation;1;2;-36.0;-74.0;79.0;83.0;58;1
3;165;149;-16;3.54865359992255;2;-85.0;129;Blonde et al. (2023);Experiment 2;Orientation;1;2;-85.0;59.0;21.0;-6.0;59;1
3;29;26;-3;1.53942459996324;2;-44.0;130;Blonde et al. (2023);Experiment 2;Orientation;1;2;-44.0;51.0;15.0;-23.0;60;1
3;57;56;-1;2.24756659998093;2;-28.0;131;Blonde et al. (2023);Experiment 2;Orientation;1;2;-28.0;-72.0;23.0;-13.0;61;1
3;63;62;-1;2.8485904999543;2;-6.0;132;Blonde et al. (2023);Experiment 2;Orientation;1;2;-6.0;-34.0;-78.0;17.0;62;1
3;132;120;-12;2.94769350008573;2;-69.0;133;Blonde et al. (2023);Experiment 2;Orientation;1;2;-69.0;-75.0;77.0;33.0;63;1
3;99;126;27;1.5227101999335;2;33.0;134;Blonde et al. (2023);Experiment 2;Orientation;1;2;33.0;-36.0;-42.0;-70.0;64;1
3;34;24;-10;1.31482960004359;2;65.0;135;Blonde et al. (2023);Experiment 2;Orientation;1;2;65.0;-82.0;29.0;23.0;65;1
3;140;140;0;1.66469150001649;2;74.0;136;Blonde et al. (2023);Experiment 2;Orientation;1;2;74.0;-41.0;-8.0;-77.0;66;1
3;173;168;-5;1.09767629997805;2;-33.0;137;Blonde et al. (2023);Experiment 2;Orientation;1;2;-33.0;41.0;-74.0;-41.0;67;1
3;102;117;15;1.7562384000048;2;71.0;138;Blonde et al. (2023);Experiment 2;Orientation;1;2;71.0;38.0;-68.0;-3.0;68;1
3;148;151;3;1.20725019997917;2;-46.0;139;Blonde et al. (2023);Experiment 2;Orientation;1;2;-46.0;25.0;-8.0;66.0;69;1
3;85;76;-9;1.2237005000934;2;63.0;140;Blonde et al. (2023);Experiment 2;Orientation;1;2;63.0;17.0;88.0;55.0;70;1
3;32;21;-11;0.573480700026266;4;54.0;211;Blonde et al. (2023);Experiment 2;Orientation;1;2;;;;;1;2
3;101;111;10;0.624797999975272;4;-69.0;212;Blonde et al. (2023);Experiment 2;Orientation;1;2;;;;;2;2
3;93;77;-16;2.19937399995979;4;8.0;213;Blonde et al. (2023);Experiment 2;Orientation;1;2;;;;;3;2
3;11;8;-3;1.02537829999346;4;82.0;214;Blonde et al. (2023);Experiment 2;Orientation;1;2;;;;;4;2
3;165;154;-11;0.957633799989708;4;26.0;215;Blonde et al. (2023);Experiment 2;Orientation;1;2;26.0;-72.0;-64.0;47.0;5;2
3;7;11;4;1.03892920003273;4;-22.0;216;Blonde et al. (2023);Experiment 2;Orientation;1;2;-22.0;4.0;86.0;-86.0;6;2
3;99;96;-3;2.28115799999796;4;88.0;217;Blonde et al. (2023);Experiment 2;Orientation;1;2;88.0;66.0;-88.0;-6.0;7;2
3;39;62;23;2.78057370008901;4;60.0;218;Blonde et al. (2023);Experiment 2;Orientation;1;2;60.0;-32.0;-54.0;-28.0;8;2
3;4;172;-12;1.06553919997532;4;35.0;219;Blonde et al. (2023);Experiment 2;Orientation;1;2;35.0;-85.0;3.0;-19.0;9;2
3;149;151;2;0.932420499972068;4;35.0;220;Blonde et al. (2023);Experiment 2;Orientation;1;2;35.0;70.0;-50.0;38.0;10;2
3;165;155;-10;1.73947779997252;4;-16.0;221;Blonde et al. (2023);Experiment 2;Orientation;1;2;-16.0;19.0;54.0;-66.0;11;2
3;179;167;-12;1.22394289996009;4;-14.0;222;Blonde et al. (2023);Experiment 2;Orientation;1;2;-14.0;-30.0;5.0;40.0;12;2
3;141;139;-2;1.44045859994367;4;38.0;223;Blonde et al. (2023);Experiment 2;Orientation;1;2;38.0;24.0;8.0;43.0;13;2
3;58;45;-13;1.62379179999698;4;83.0;224;Blonde et al. (2023);Experiment 2;Orientation;1;2;83.0;-59.0;-73.0;-89.0;14;2
3;74;70;-4;1.19888699997682;4;-16.0;225;Blonde et al. (2023);Experiment 2;Orientation;1;2;-16.0;67.0;-75.0;-89.0;15;2
3;62;61;-1;1.11553529999219;4;12.0;226;Blonde et al. (2023);Experiment 2;Orientation;1;2;12.0;-4.0;79.0;-63.0;16;2
3;69;80;11;1.68103269999847;4;-7.0;227;Blonde et al. (2023);Experiment 2;Orientation;1;2;-7.0;5.0;-11.0;72.0;17;2
3;165;162;-3;2.09052249998786;4;84.0;228;Blonde et al. (2023);Experiment 2;Orientation;1;2;84.0;77.0;89.0;73.0;18;2
3;97;120;23;1.015429400024;4;68.0;229;Blonde et al. (2023);Experiment 2;Orientation;1;2;68.0;-28.0;-35.0;-23.0;19;2
3;149;135;-14;1.94869439990725;4;-52.0;230;Blonde et al. (2023);Experiment 2;Orientation;1;2;-52.0;16.0;-80.0;-87.0;20;2
3;17;17;0;2.207104699919;4;-48.0;231;Blonde et al. (2023);Experiment 2;Orientation;1;2;-48.0;80.0;-32.0;52.0;21;2
3;48;41;-7;1.42367689998355;4;-31.0;232;Blonde et al. (2023);Experiment 2;Orientation;1;2;-31.0;-79.0;49.0;-63.0;22;2
3;41;39;-2;1.64055020001251;4;7.0;233;Blonde et al. (2023);Experiment 2;Orientation;1;2;7.0;-24.0;-72.0;56.0;23;2
3;151;140;-11;2.17265199997928;4;70.0;234;Blonde et al. (2023);Experiment 2;Orientation;1;2;70.0;77.0;46.0;-2.0;24;2
3;1;4;3;1.80703369993716;4;-30.0;235;Blonde et al. (2023);Experiment 2;Orientation;1;2;-30.0;40.0;47.0;16.0;25;2
3;133;153;20;3.38132079993375;4;48.0;236;Blonde et al. (2023);Experiment 2;Orientation;1;2;48.0;18.0;88.0;-85.0;26;2
3;17;22;5;1.68212869996205;4;-64.0;237;Blonde et al. (2023);Experiment 2;Orientation;1;2;-64.0;-16.0;-46.0;24.0;27;2
3;97;112;15;2.3157654000679;4;-80.0;238;Blonde et al. (2023);Experiment 2;Orientation;1;2;-80.0;36.0;84.0;54.0;28;2
3;20;24;4;2.56444230000488;4;77.0;239;Blonde et al. (2023);Experiment 2;Orientation;1;2;77.0;-3.0;-67.0;-19.0;29;2
3;83;58;-25;1.77233780000824;4;-63.0;240;Blonde et al. (2023);Experiment 2;Orientation;1;2;-63.0;14.0;-66.0;50.0;30;2
3;155;137;-18;2.02395280008204;4;-72.0;241;Blonde et al. (2023);Experiment 2;Orientation;1;2;-72.0;45.0;-58.0;42.0;31;2
3;64;56;-8;1.67386650003027;4;-89.0;242;Blonde et al. (2023);Experiment 2;Orientation;1;2;-89.0;19.0;-44.0;33.0;32;2
3;55;55;0;1.7728780999314;4;9.0;243;Blonde et al. (2023);Experiment 2;Orientation;1;2;9.0;-80.0;28.0;-35.0;33;2
3;81;73;-8;1.84049870003946;4;-26.0;244;Blonde et al. (2023);Experiment 2;Orientation;1;2;-26.0;-17.0;74.0;2.0;34;2
3;95;87;-8;1.41546209994704;4;-14.0;245;Blonde et al. (2023);Experiment 2;Orientation;1;2;-14.0;-40.0;-31.0;60.0;35;2
3;69;76;7;4.62330650002696;4;26.0;246;Blonde et al. (2023);Experiment 2;Orientation;1;2;26.0;12.0;-14.0;-5.0;36;2
3;161;57;76;2.04878329997882;4;88.0;247;Blonde et al. (2023);Experiment 2;Orientation;1;2;88.0;-66.0;-80.0;74.0;37;2
3;122;139;17;1.70715499995276;4;39.0;248;Blonde et al. (2023);Experiment 2;Orientation;1;2;39.0;-53.0;-27.0;-41.0;38;2
3;111;134;23;1.99043889995664;4;11.0;249;Blonde et al. (2023);Experiment 2;Orientation;1;2;11.0;50.0;-42.0;-16.0;39;2
3;90;90;0;1.51510479999706;4;21.0;250;Blonde et al. (2023);Experiment 2;Orientation;1;2;21.0;32.0;71.0;-21.0;40;2
3;20;18;-2;1.64051339996513;4;70.0;251;Blonde et al. (2023);Experiment 2;Orientation;1;2;70.0;-89.0;-78.0;-39.0;41;2
3;17;22;5;1.98223550000694;4;3.0;252;Blonde et al. (2023);Experiment 2;Orientation;1;2;3.0;73.0;-86.0;-75.0;42;2
3;173;20;27;1.71553709998261;4;24.0;253;Blonde et al. (2023);Experiment 2;Orientation;1;2;24.0;27.0;-83.0;-62.0;43;2
3;160;141;-19;1.79872730001807;4;13.0;254;Blonde et al. (2023);Experiment 2;Orientation;1;2;13.0;37.0;40.0;-70.0;44;2
3;122;130;8;2.40608730004169;4;38.0;255;Blonde et al. (2023);Experiment 2;Orientation;1;2;38.0;51.0;75.0;78.0;45;2
3;160;146;-14;1.36545209994074;4;-38.0;256;Blonde et al. (2023);Experiment 2;Orientation;1;2;-38.0;0.0;13.0;37.0;46;2
3;14;30;16;1.73229750001337;4;-34.0;257;Blonde et al. (2023);Experiment 2;Orientation;1;2;-34.0;-72.0;-34.0;-21.0;47;2
3;100;142;42;2.22286580002401;4;-86.0;258;Blonde et al. (2023);Experiment 2;Orientation;1;2;-86.0;60.0;22.0;60.0;48;2
3;125;132;7;1.03167050005868;4;-25.0;259;Blonde et al. (2023);Experiment 2;Orientation;1;2;-25.0;69.0;35.0;-3.0;49;2
3;68;74;6;1.09881920006592;4;57.0;260;Blonde et al. (2023);Experiment 2;Orientation;1;2;57.0;32.0;-54.0;-88.0;50;2
3;155;165;10;1.83240790001582;4;-87.0;261;Blonde et al. (2023);Experiment 2;Orientation;1;2;-87.0;-30.0;-55.0;39.0;51;2
3;61;78;17;1.23957720003091;4;-86.0;262;Blonde et al. (2023);Experiment 2;Orientation;1;2;-86.0;7.0;64.0;39.0;52;2
3;134;145;11;1.46466709999368;4;-73.0;263;Blonde et al. (2023);Experiment 2;Orientation;1;2;-73.0;21.0;-66.0;-9.0;53;2
3;41;47;6;1.96551070001442;4;-87.0;264;Blonde et al. (2023);Experiment 2;Orientation;1;2;-87.0;20.0;-66.0;27.0;54;2
3;27;3;-24;1.70721729996148;4;14.0;265;Blonde et al. (2023);Experiment 2;Orientation;1;2;14.0;-73.0;34.0;-52.0;55;2
3;115;10;75;3.3391968999058;4;-88.0;266;Blonde et al. (2023);Experiment 2;Orientation;1;2;-88.0;-74.0;19.0;-54.0;56;2
3;57;40;-17;1.98152010003105;4;58.0;267;Blonde et al. (2023);Experiment 2;Orientation;1;2;58.0;-30.0;-16.0;77.0;57;2
3;172;161;-11;1.6894948000554;4;65.0;268;Blonde et al. (2023);Experiment 2;Orientation;1;2;65.0;-57.0;35.0;49.0;58;2
3;154;152;-2;0.907376900082454;4;18.0;269;Blonde et al. (2023);Experiment 2;Orientation;1;2;18.0;83.0;-39.0;53.0;59;2
3;23;23;0;2.12260979996063;4;-49.0;270;Blonde et al. (2023);Experiment 2;Orientation;1;2;-49.0;-31.0;34.0;-88.0;60;2
3;75;71;-4;1.30702780000865;4;-52.0;271;Blonde et al. (2023);Experiment 2;Orientation;1;2;-52.0;79.0;-83.0;-18.0;61;2
3;26;30;4;2.02301250002347;4;49.0;272;Blonde et al. (2023);Experiment 2;Orientation;1;2;49.0;-3.0;-52.0;-34.0;62;2
3;172;149;-23;1.8738083000062;4;34.0;273;Blonde et al. (2023);Experiment 2;Orientation;1;2;34.0;83.0;31.0;-18.0;63;2
3;70;58;-12;2.16532040003221;4;-78.0;274;Blonde et al. (2023);Experiment 2;Orientation;1;2;-78.0;-44.0;5.0;-47.0;64;2
3;130;134;4;1.75581030000467;4;-60.0;275;Blonde et al. (2023);Experiment 2;Orientation;1;2;-60.0;42.0;76.0;-55.0;65;2
3;92;91;-1;1.5062013999559;4;38.0;276;Blonde et al. (2023);Experiment 2;Orientation;1;2;38.0;-22.0;80.0;-66.0;66;2
3;168;146;-22;1.44789529999252;4;-76.0;277;Blonde et al. (2023);Experiment 2;Orientation;1;2;-76.0;-38.0;82.0;4.0;67;2
3;142;132;-10;1.68211870000232;4;26.0;278;Blonde et al. (2023);Experiment 2;Orientation;1;2;26.0;-50.0;-12.0;-72.0;68;2
3;95;86;-9;1.47287749999668;4;47.0;279;Blonde et al. (2023);Experiment 2;Orientation;1;2;47.0;73.0;-3.0;35.0;69;2
3;163;137;-26;1.93948499998078;4;-68.0;280;Blonde et al. (2023);Experiment 2;Orientation;1;2;-68.0;-21.0;5.0;-71.0;70;2
4;157;153;-4;1.34761699999217;1;;1;Blonde et al. (2023);Experiment 2;Orientation;1;2;;;;;1;1
4;129;130;1;1.44883200002369;1;28.0;2;Blonde et al. (2023);Experiment 2;Orientation;1;2;;;;;2;1
4;22;9;-13;1.8499615000328;1;-73.0;3;Blonde et al. (2023);Experiment 2;Orientation;1;2;;;;;3;1
4;79;81;2;5.51415840000845;1;-57.0;4;Blonde et al. (2023);Experiment 2;Orientation;1;2;;;;;4;1
4;134;146;12;1.21554830006789;1;-55.0;5;Blonde et al. (2023);Experiment 2;Orientation;1;2;-55.0;68.0;-5.0;23.0;5;1
4;139;140;1;1.67335549998097;1;-5.0;6;Blonde et al. (2023);Experiment 2;Orientation;1;2;-5.0;-60.0;63.0;-10.0;6;1
4;84;66;-18;1.69037139997818;1;55.0;7;Blonde et al. (2023);Experiment 2;Orientation;1;2;55.0;50.0;-5.0;-62.0;7;1
4;39;29;-10;2.447649299982;1;45.0;8;Blonde et al. (2023);Experiment 2;Orientation;1;2;45.0;-80.0;-85.0;40.0;8;1
4;29;35;6;1.35659000009764;1;10.0;9;Blonde et al. (2023);Experiment 2;Orientation;1;2;10.0;55.0;-70.0;-75.0;9;1
4;59;61;2;2.02367649995722;1;-30.0;10;Blonde et al. (2023);Experiment 2;Orientation;1;2;-30.0;-20.0;25.0;80.0;10;1
4;117;119;2;1.31553869997151;1;-58.0;11;Blonde et al. (2023);Experiment 2;Orientation;1;2;-58.0;-88.0;-78.0;-33.0;11;1
4;130;131;1;1.55725149996579;1;-13.0;12;Blonde et al. (2023);Experiment 2;Orientation;1;2;-13.0;-71.0;79.0;89.0;12;1
4;87;70;-17;0.815067699993961;1;43.0;13;Blonde et al. (2023);Experiment 2;Orientation;1;2;43.0;30.0;-28.0;-58.0;13;1
4;65;68;3;1.57381189998705;1;22.0;14;Blonde et al. (2023);Experiment 2;Orientation;1;2;22.0;65.0;52.0;-6.0;14;1
4;129;120;-9;1.33113060006872;1;-64.0;15;Blonde et al. (2023);Experiment 2;Orientation;1;2;-64.0;-42.0;1.0;-12.0;15;1
4;166;154;-12;1.67370899999514;1;-37.0;16;Blonde et al. (2023);Experiment 2;Orientation;1;2;-37.0;79.0;-79.0;-36.0;16;1
4;79;24;-55;1.3646525000222;1;87.0;17;Blonde et al. (2023);Experiment 2;Orientation;1;2;87.0;50.0;-14.0;8.0;17;1
4;82;77;-5;1.37367650005035;1;-3.0;18;Blonde et al. (2023);Experiment 2;Orientation;1;2;-3.0;84.0;47.0;-17.0;18;1
4;107;111;4;1.60703970002942;1;-25.0;19;Blonde et al. (2023);Experiment 2;Orientation;1;2;-25.0;-28.0;59.0;22.0;19;1
4;126;121;-5;1.18225589999929;1;-19.0;20;Blonde et al. (2023);Experiment 2;Orientation;1;2;-19.0;-44.0;-47.0;40.0;20;1
4;91;107;16;1.28221690002829;1;35.0;21;Blonde et al. (2023);Experiment 2;Orientation;1;2;35.0;16.0;-9.0;-12.0;21;1
4;145;127;-18;1.08160479995422;1;-54.0;22;Blonde et al. (2023);Experiment 2;Orientation;1;2;-54.0;-19.0;-38.0;-63.0;22;1
4;62;49;-13;1.18228599999566;1;83.0;23;Blonde et al. (2023);Experiment 2;Orientation;1;2;83.0;29.0;64.0;45.0;23;1
4;32;36;4;1.30673229997046;1;30.0;24;Blonde et al. (2023);Experiment 2;Orientation;1;2;30.0;-67.0;59.0;-86.0;24;1
4;171;148;-23;1.40743000002112;1;41.0;25;Blonde et al. (2023);Experiment 2;Orientation;1;2;41.0;71.0;-26.0;-80.0;25;1
4;83;76;-7;1.08215480006766;1;88.0;26;Blonde et al. (2023);Experiment 2;Orientation;1;2;88.0;-51.0;-21.0;62.0;26;1
4;121;114;-7;1.20725380000658;1;-38.0;27;Blonde et al. (2023);Experiment 2;Orientation;1;2;-38.0;50.0;-89.0;-59.0;27;1
4;121;108;-13;1.04897910007276;1;0.0;28;Blonde et al. (2023);Experiment 2;Orientation;1;2;0.0;-38.0;50.0;-89.0;28;1
4;124;118;-6;2.02297940000426;1;-3.0;29;Blonde et al. (2023);Experiment 2;Orientation;1;2;-3.0;-3.0;-41.0;47.0;29;1
4;95;99;4;1.63213849999011;1;29.0;30;Blonde et al. (2023);Experiment 2;Orientation;1;2;29.0;26.0;26.0;-12.0;30;1
4;124;102;-22;1.72480399999768;1;-29.0;31;Blonde et al. (2023);Experiment 2;Orientation;1;2;-29.0;0.0;-3.0;-3.0;31;1
4;77;71;-6;1.63092550006695;1;47.0;32;Blonde et al. (2023);Experiment 2;Orientation;1;2;47.0;18.0;47.0;44.0;32;1
4;14;10;-4;1.49039719998837;1;63.0;33;Blonde et al. (2023);Experiment 2;Orientation;1;2;63.0;-70.0;81.0;-70.0;33;1
4;86;79;-7;1.80632350000087;1;-72.0;34;Blonde et al. (2023);Experiment 2;Orientation;1;2;-72.0;-9.0;38.0;9.0;34;1
4;1;6;5;1.75710309995338;1;85.0;35;Blonde et al. (2023);Experiment 2;Orientation;1;2;85.0;13.0;76.0;-57.0;35;1
4;165;171;6;1.3071616999805;1;16.0;36;Blonde et al. (2023);Experiment 2;Orientation;1;2;16.0;-79.0;29.0;-88.0;36;1
4;35;19;-16;1.09043250000104;1;-50.0;37;Blonde et al. (2023);Experiment 2;Orientation;1;2;-50.0;-34.0;51.0;-21.0;37;1
4;47;39;-8;2.02293800003827;1;-12.0;38;Blonde et al. (2023);Experiment 2;Orientation;1;2;-12.0;-62.0;-46.0;39.0;38;1
4;68;69;1;1.37389200006146;1;-21.0;39;Blonde et al. (2023);Experiment 2;Orientation;1;2;-21.0;-33.0;-83.0;-67.0;39;1
4;118;131;13;1.6154428999871;1;-50.0;40;Blonde et al. (2023);Experiment 2;Orientation;1;2;-50.0;-71.0;-83.0;47.0;40;1
4;144;141;-3;2.1058830000693;1;-26.0;41;Blonde et al. (2023);Experiment 2;Orientation;1;2;-26.0;-76.0;83.0;71.0;41;1
4;6;8;2;1.8560800999403;1;-42.0;42;Blonde et al. (2023);Experiment 2;Orientation;1;2;-42.0;-68.0;62.0;41.0;42;1
4;78;80;2;1.62241729989182;1;-72.0;43;Blonde et al. (2023);Experiment 2;Orientation;1;2;-72.0;66.0;40.0;-10.0;43;1
4;55;69;14;1.70739180000965;1;23.0;44;Blonde et al. (2023);Experiment 2;Orientation;1;2;23.0;-49.0;89.0;63.0;44;1
4;125;137;12;0.765553600038402;1;-70.0;45;Blonde et al. (2023);Experiment 2;Orientation;1;2;-70.0;-47.0;61.0;19.0;45;1
4;14;35;21;1.57370050007012;1;-69.0;46;Blonde et al. (2023);Experiment 2;Orientation;1;2;-69.0;41.0;64.0;-8.0;46;1
4;17;33;16;1.59872330003418;1;-3.0;47;Blonde et al. (2023);Experiment 2;Orientation;1;2;-3.0;-72.0;38.0;61.0;47;1
4;145;156;11;1.0905946000712;1;52.0;48;Blonde et al. (2023);Experiment 2;Orientation;1;2;52.0;49.0;-20.0;90.0;48;1
4;35;41;6;0.706483600079082;1;-70.0;49;Blonde et al. (2023);Experiment 2;Orientation;1;2;-70.0;-18.0;-21.0;90.0;49;1
4;98;100;2;1.92346830002498;1;-63.0;50;Blonde et al. (2023);Experiment 2;Orientation;1;2;-63.0;47.0;-81.0;-84.0;50;1
4;177;164;-13;1.04774629999883;1;-79.0;51;Blonde et al. (2023);Experiment 2;Orientation;1;2;-79.0;38.0;-32.0;20.0;51;1
4;22;18;-4;0.982229300076142;1;-25.0;52;Blonde et al. (2023);Experiment 2;Orientation;1;2;-25.0;76.0;13.0;-57.0;52;1
4;78;52;-26;1.03094660001807;1;-56.0;53;Blonde et al. (2023);Experiment 2;Orientation;1;2;-56.0;-81.0;20.0;-43.0;53;1
4;141;152;11;1.47383919998538;1;-63.0;54;Blonde et al. (2023);Experiment 2;Orientation;1;2;-63.0;61.0;36.0;-43.0;54;1
4;51;48;-3;1.33207730005961;1;90.0;55;Blonde et al. (2023);Experiment 2;Orientation;1;2;90.0;27.0;-29.0;-54.0;55;1
4;136;132;-4;1.31495380005799;1;-85.0;56;Blonde et al. (2023);Experiment 2;Orientation;1;2;-85.0;5.0;-58.0;66.0;56;1
4;46;48;2;1.14889429998584;1;90.0;57;Blonde et al. (2023);Experiment 2;Orientation;1;2;90.0;5.0;-85.0;32.0;57;1
4;127;134;7;1.0066432999447;1;-81.0;58;Blonde et al. (2023);Experiment 2;Orientation;1;2;-81.0;9.0;-76.0;14.0;58;1
4;102;105;3;1.2572679000441;1;25.0;59;Blonde et al. (2023);Experiment 2;Orientation;1;2;25.0;-56.0;34.0;-51.0;59;1
4;13;29;16;0.790032900054939;1;89.0;60;Blonde et al. (2023);Experiment 2;Orientation;1;2;89.0;-66.0;33.0;-57.0;60;1
4;143;131;-12;1.60614990000613;1;50.0;61;Blonde et al. (2023);Experiment 2;Orientation;1;2;50.0;-41.0;-16.0;83.0;61;1
4;135;142;7;0.914645100012422;1;8.0;62;Blonde et al. (2023);Experiment 2;Orientation;1;2;8.0;58.0;-33.0;-8.0;62;1
4;29;25;-4;1.21423329995014;1;-74.0;63;Blonde et al. (2023);Experiment 2;Orientation;1;2;-74.0;-66.0;-16.0;73.0;63;1
4;156;149;-7;1.18066000007093;1;53.0;64;Blonde et al. (2023);Experiment 2;Orientation;1;2;53.0;-21.0;-13.0;37.0;64;1
4;9;18;9;0.948336799978279;1;-33.0;65;Blonde et al. (2023);Experiment 2;Orientation;1;2;-33.0;20.0;-54.0;-46.0;65;1
4;170;164;-6;1.18082939996384;1;19.0;66;Blonde et al. (2023);Experiment 2;Orientation;1;2;19.0;-14.0;39.0;-35.0;66;1
4;152;121;-31;2.07288430002518;1;18.0;67;Blonde et al. (2023);Experiment 2;Orientation;1;2;18.0;37.0;4.0;57.0;67;1
4;154;146;-8;1.48199820006266;1;-2.0;68;Blonde et al. (2023);Experiment 2;Orientation;1;2;-2.0;16.0;35.0;2.0;68;1
4;67;66;-1;0.955978800076991;1;87.0;69;Blonde et al. (2023);Experiment 2;Orientation;1;2;87.0;85.0;-77.0;-58.0;69;1
4;30;25;-5;0.865506100002676;1;37.0;70;Blonde et al. (2023);Experiment 2;Orientation;1;2;37.0;-56.0;-58.0;-40.0;70;1
4;28;21;-7;1.29794760001823;3;58.0;141;Blonde et al. (2023);Experiment 2;Orientation;1;2;;;;;1;2
4;105;110;5;1.1071250999812;3;-77.0;142;Blonde et al. (2023);Experiment 2;Orientation;1;2;;;;;2;2
4;75;55;-20;0.965605500037782;3;30.0;143;Blonde et al. (2023);Experiment 2;Orientation;1;2;;;;;3;2
4;82;81;-1;0.890057199983858;3;-7.0;144;Blonde et al. (2023);Experiment 2;Orientation;1;2;;;;;4;2
4;99;100;1;0.789068099926226;3;-17.0;145;Blonde et al. (2023);Experiment 2;Orientation;1;2;-17.0;-24.0;6.0;-71.0;5;2
4;11;17;6;1.05717329995241;3;88.0;146;Blonde et al. (2023);Experiment 2;Orientation;1;2;88.0;71.0;64.0;-86.0;6;2
4;141;154;13;1.0242736999644;3;50.0;147;Blonde et al. (2023);Experiment 2;Orientation;1;2;50.0;-42.0;-59.0;-66.0;7;2
4;8;17;9;1.32393230008893;3;-47.0;148;Blonde et al. (2023);Experiment 2;Orientation;1;2;-47.0;3.0;-89.0;74.0;8;2
4;18;22;4;1.59861500002444;3;-10.0;149;Blonde et al. (2023);Experiment 2;Orientation;1;2;-10.0;-57.0;-7.0;81.0;9;2
4;115;117;2;1.21553889999632;3;83.0;150;Blonde et al. (2023);Experiment 2;Orientation;1;2;83.0;73.0;26.0;76.0;10;2
4;152;154;2;1.10708169999998;3;-37.0;151;Blonde et al. (2023);Experiment 2;Orientation;1;2;-37.0;46.0;36.0;-11.0;11;2
4;10;5;-5;0.682360999984667;3;-38.0;152;Blonde et al. (2023);Experiment 2;Orientation;1;2;-38.0;-75.0;8.0;-2.0;12;2
4;135;148;13;1.03328859992325;3;55.0;153;Blonde et al. (2023);Experiment 2;Orientation;1;2;55.0;17.0;-20.0;63.0;13;2
4;68;66;-2;1.09867700003088;3;67.0;154;Blonde et al. (2023);Experiment 2;Orientation;1;2;67.0;-58.0;84.0;47.0;14;2
4;43;30;-13;1.55709999997634;3;25.0;155;Blonde et al. (2023);Experiment 2;Orientation;1;2;25.0;-88.0;-33.0;-71.0;15;2
4;37;22;-15;1.15715750004165;3;6.0;156;Blonde et al. (2023);Experiment 2;Orientation;1;2;6.0;31.0;-82.0;-27.0;16;2
4;139;128;-11;0.98212279996369;3;78.0;157;Blonde et al. (2023);Experiment 2;Orientation;1;2;78.0;84.0;-71.0;-4.0;17;2
4;112;114;2;1.40713940002024;3;27.0;158;Blonde et al. (2023);Experiment 2;Orientation;1;2;27.0;-75.0;-69.0;-44.0;18;2
4;155;130;-25;0.940555099979974;3;-43.0;159;Blonde et al. (2023);Experiment 2;Orientation;1;2;-43.0;-16.0;62.0;68.0;19;2
4;127;126;-1;0.532191199949011;3;28.0;160;Blonde et al. (2023);Experiment 2;Orientation;1;2;28.0;-15.0;12.0;90.0;20;2
4;131;134;3;0.540341500076465;3;-4.0;161;Blonde et al. (2023);Experiment 2;Orientation;1;2;-4.0;24.0;-19.0;8.0;21;2
4;89;96;7;1.75715960003436;3;42.0;162;Blonde et al. (2023);Experiment 2;Orientation;1;2;42.0;38.0;66.0;23.0;22;2
4;26;41;15;1.29869159997907;3;63.0;163;Blonde et al. (2023);Experiment 2;Orientation;1;2;63.0;-75.0;-79.0;-51.0;23;2
4;52;54;2;1.0063431999879;3;-26.0;164;Blonde et al. (2023);Experiment 2;Orientation;1;2;-26.0;37.0;79.0;75.0;24;2
4;68;65;-3;1.0072186999023;3;-16.0;165;Blonde et al. (2023);Experiment 2;Orientation;1;2;-16.0;-42.0;21.0;63.0;25;2
4;2;11;9;1.41559290001169;3;66.0;166;Blonde et al. (2023);Experiment 2;Orientation;1;2;66.0;50.0;24.0;87.0;26;2
4;178;173;-5;0.90661900001578;3;4.0;167;Blonde et al. (2023);Experiment 2;Orientation;1;2;4.0;70.0;54.0;28.0;27;2
4;179;176;-3;1.40653459995519;3;-1.0;168;Blonde et al. (2023);Experiment 2;Orientation;1;2;-1.0;3.0;69.0;53.0;28;2
4;97;99;2;1.23907160002273;3;82.0;169;Blonde et al. (2023);Experiment 2;Orientation;1;2;82.0;81.0;85.0;-29.0;29;2
4;174;172;-2;1.24868730001617;3;-77.0;170;Blonde et al. (2023);Experiment 2;Orientation;1;2;-77.0;5.0;4.0;8.0;30;2
4;163;168;5;0.930901500047185;3;11.0;171;Blonde et al. (2023);Experiment 2;Orientation;1;2;11.0;-66.0;16.0;15.0;31;2
4;118;110;-8;1.20677910000086;3;45.0;172;Blonde et al. (2023);Experiment 2;Orientation;1;2;45.0;56.0;-21.0;61.0;32;2
4;7;13;6;1.21540470002219;3;-69.0;173;Blonde et al. (2023);Experiment 2;Orientation;1;2;-69.0;-24.0;-13.0;90.0;33;2
4;74;58;-16;1.33214549999684;3;-67.0;174;Blonde et al. (2023);Experiment 2;Orientation;1;2;-67.0;44.0;89.0;-80.0;34;2
4;147;141;-6;0.990582900005393;3;-73.0;175;Blonde et al. (2023);Experiment 2;Orientation;1;2;-73.0;40.0;-29.0;16.0;35;2
4;133;142;9;0.957290599937551;3;14.0;176;Blonde et al. (2023);Experiment 2;Orientation;1;2;14.0;-59.0;54.0;-15.0;36;2
4;120;139;19;0.782219600048847;3;13.0;177;Blonde et al. (2023);Experiment 2;Orientation;1;2;13.0;27.0;-46.0;67.0;37;2
4;53;61;8;1.75588970002718;3;67.0;178;Blonde et al. (2023);Experiment 2;Orientation;1;2;67.0;80.0;-86.0;21.0;38;2
4;46;50;4;1.02359790005721;3;7.0;179;Blonde et al. (2023);Experiment 2;Orientation;1;2;7.0;74.0;87.0;-79.0;39;2
4;100;117;17;1.14883280009963;3;-54.0;180;Blonde et al. (2023);Experiment 2;Orientation;1;2;-54.0;-47.0;20.0;33.0;40;2
4;82;79;-3;0.773383400053717;3;18.0;181;Blonde et al. (2023);Experiment 2;Orientation;1;2;18.0;-36.0;-29.0;38.0;41;2
4;35;27;-8;1.38982689997647;3;47.0;182;Blonde et al. (2023);Experiment 2;Orientation;1;2;47.0;65.0;11.0;18.0;42;2
4;36;33;-3;0.649048399995081;3;-1.0;183;Blonde et al. (2023);Experiment 2;Orientation;1;2;-1.0;46.0;64.0;10.0;43;2
4;26;29;3;0.965404300019145;3;10.0;184;Blonde et al. (2023);Experiment 2;Orientation;1;2;10.0;9.0;56.0;74.0;44;2
4;45;33;-12;1.17307419993449;3;-19.0;185;Blonde et al. (2023);Experiment 2;Orientation;1;2;-19.0;-9.0;-10.0;37.0;45;2
4;103;119;16;1.00726310000755;3;-58.0;186;Blonde et al. (2023);Experiment 2;Orientation;1;2;-58.0;-77.0;-67.0;-68.0;46;2
4;102;105;3;1.04888060002122;3;1.0;187;Blonde et al. (2023);Experiment 2;Orientation;1;2;1.0;-57.0;-76.0;-66.0;47;2
4;54;65;11;1.45703299995512;3;48.0;188;Blonde et al. (2023);Experiment 2;Orientation;1;2;48.0;49.0;-9.0;-28.0;48;2
4;15;22;7;0.831387499929406;3;39.0;189;Blonde et al. (2023);Experiment 2;Orientation;1;2;39.0;87.0;88.0;30.0;49;2
4;55;69;14;1.36572879995219;3;-40.0;190;Blonde et al. (2023);Experiment 2;Orientation;1;2;-40.0;-1.0;47.0;48.0;50;2
4;126;128;2;0.940359400003217;3;-71.0;191;Blonde et al. (2023);Experiment 2;Orientation;1;2;-71.0;69.0;-72.0;-24.0;51;2
4;50;54;4;0.940378700033762;3;76.0;192;Blonde et al. (2023);Experiment 2;Orientation;1;2;76.0;5.0;-35.0;4.0;52;2
4;133;124;-9;1.02393529994879;3;-83.0;193;Blonde et al. (2023);Experiment 2;Orientation;1;2;-83.0;-7.0;-78.0;62.0;53;2
4;142;129;-13;1.09767500008456;3;-9.0;194;Blonde et al. (2023);Experiment 2;Orientation;1;2;-9.0;88.0;-16.0;-87.0;54;2
4;2;166;-16;1.15623930003494;3;-40.0;195;Blonde et al. (2023);Experiment 2;Orientation;1;2;-40.0;-49.0;48.0;-56.0;55;2
4;29;28;-1;0.932143099955283;3;-27.0;196;Blonde et al. (2023);Experiment 2;Orientation;1;2;-27.0;-67.0;-76.0;21.0;56;2
4;94;106;12;0.972630299977027;3;-65.0;197;Blonde et al. (2023);Experiment 2;Orientation;1;2;-65.0;88.0;48.0;39.0;57;2
4;161;158;-3;1.4482122999616;3;-67.0;198;Blonde et al. (2023);Experiment 2;Orientation;1;2;-67.0;48.0;21.0;-19.0;58;2
4;131;108;-23;1.06501719995867;3;30.0;199;Blonde et al. (2023);Experiment 2;Orientation;1;2;30.0;-37.0;78.0;51.0;59;2
4;95;99;4;0.980914000072517;3;36.0;200;Blonde et al. (2023);Experiment 2;Orientation;1;2;36.0;66.0;-1.0;-66.0;60;2
4;47;51;4;0.865469399956055;3;48.0;201;Blonde et al. (2023);Experiment 2;Orientation;1;2;48.0;84.0;-66.0;47.0;61;2
4;111;106;-5;1.19805799995083;3;-64.0;202;Blonde et al. (2023);Experiment 2;Orientation;1;2;-64.0;-16.0;20.0;50.0;62;2
4;16;30;14;0.890481700072996;3;-85.0;203;Blonde et al. (2023);Experiment 2;Orientation;1;2;-85.0;31.0;79.0;-65.0;63;2
4;165;165;0;0.832242500036955;3;31.0;204;Blonde et al. (2023);Experiment 2;Orientation;1;2;31.0;-54.0;62.0;-70.0;64;2
4;145;154;9;0.940594000043347;3;20.0;205;Blonde et al. (2023);Experiment 2;Orientation;1;2;20.0;51.0;-34.0;82.0;65;2
4;66;58;-8;1.19055010005832;3;79.0;206;Blonde et al. (2023);Experiment 2;Orientation;1;2;79.0;-81.0;-50.0;45.0;66;2
4;55;73;18;1.39718790003099;3;11.0;207;Blonde et al. (2023);Experiment 2;Orientation;1;2;11.0;90.0;-70.0;-39.0;67;2
4;93;98;5;0.914383399998769;3;-38.0;208;Blonde et al. (2023);Experiment 2;Orientation;1;2;-38.0;-27.0;52.0;72.0;68;2
4;150;129;-21;0.757076099980623;3;-57.0;209;Blonde et al. (2023);Experiment 2;Orientation;1;2;-57.0;85.0;-84.0;-5.0;69;2
4;58;98;40;2.22365479997825;3;-88.0;210;Blonde et al. (2023);Experiment 2;Orientation;1;2;-88.0;35.0;-3.0;8.0;70;2
5;82;72;-10;0.540631399955601;2;-6.0;71;Blonde et al. (2023);Experiment 2;Orientation;1;2;;;;;1;1
5;111;76;-35;0.657233300036751;2;-29.0;72;Blonde et al. (2023);Experiment 2;Orientation;1;2;;;;;2;1
5;54;69;15;0.807166300015524;2;57.0;73;Blonde et al. (2023);Experiment 2;Orientation;1;2;;;;;3;1
5;26;37;11;0.932027800008655;2;28.0;74;Blonde et al. (2023);Experiment 2;Orientation;1;2;;;;;4;1
5;100;112;12;0.931107599986717;2;-74.0;75;Blonde et al. (2023);Experiment 2;Orientation;1;2;-74.0;-46.0;11.0;-18.0;5;1
5;123;120;-3;0.598957700072788;2;-23.0;76;Blonde et al. (2023);Experiment 2;Orientation;1;2;-23.0;83.0;-69.0;-12.0;6;1
5;96;102;6;1.41554650000762;2;27.0;77;Blonde et al. (2023);Experiment 2;Orientation;1;2;27.0;4.0;-70.0;-42.0;7;1
5;63;80;17;1.23229349998292;2;33.0;78;Blonde et al. (2023);Experiment 2;Orientation;1;2;33.0;60.0;37.0;-37.0;8;1
5;48;70;22;0.755065499921329;2;15.0;79;Blonde et al. (2023);Experiment 2;Orientation;1;2;15.0;48.0;75.0;52.0;9;1
5;51;50;-1;0.956612300011329;2;-3.0;80;Blonde et al. (2023);Experiment 2;Orientation;1;2;-3.0;12.0;45.0;72.0;10;1
5;154;143;-11;0.707261100062169;2;77.0;81;Blonde et al. (2023);Experiment 2;Orientation;1;2;77.0;74.0;89.0;-58.0;11;1
5;147;141;-6;0.699007699964568;2;7.0;82;Blonde et al. (2023);Experiment 2;Orientation;1;2;7.0;84.0;81.0;-84.0;12;1
5;138;141;3;1.3821111000143;2;9.0;83;Blonde et al. (2023);Experiment 2;Orientation;1;2;9.0;16.0;-87.0;90.0;13;1
5;113;125;12;1.20711600000504;2;25.0;84;Blonde et al. (2023);Experiment 2;Orientation;1;2;25.0;34.0;41.0;-62.0;14;1
5;173;176;3;0.723942500073463;2;-60.0;85;Blonde et al. (2023);Experiment 2;Orientation;1;2;-60.0;-35.0;-26.0;-19.0;15;1
5;73;68;-5;0.673035099986009;2;-80.0;86;Blonde et al. (2023);Experiment 2;Orientation;1;2;-80.0;40.0;65.0;74.0;16;1
5;148;143;-5;0.607316400040872;2;-75.0;87;Blonde et al. (2023);Experiment 2;Orientation;1;2;-75.0;25.0;-35.0;-10.0;17;1
5;62;29;-33;0.573361900052987;2;86.0;88;Blonde et al. (2023);Experiment 2;Orientation;1;2;86.0;11.0;-69.0;51.0;18;1
5;175;0;5;0.623839100007899;2;67.0;89;Blonde et al. (2023);Experiment 2;Orientation;1;2;67.0;-27.0;78.0;-2.0;19;1
5;54;38;-16;0.80717290006578;2;-59.0;90;Blonde et al. (2023);Experiment 2;Orientation;1;2;-59.0;8.0;-86.0;19.0;20;1
5;57;67;10;1.02991170005407;2;-3.0;91;Blonde et al. (2023);Experiment 2;Orientation;1;2;-3.0;-62.0;5.0;-89.0;21;1
5;39;24;-15;0.87302830000408;2;18.0;92;Blonde et al. (2023);Experiment 2;Orientation;1;2;18.0;15.0;-44.0;23.0;22;1
5;40;36;-4;0.656583899981342;2;-1.0;93;Blonde et al. (2023);Experiment 2;Orientation;1;2;-1.0;17.0;14.0;-45.0;23;1
5;154;160;6;0.898808000027202;2;66.0;94;Blonde et al. (2023);Experiment 2;Orientation;1;2;66.0;65.0;83.0;80.0;24;1
5;10;19;9;0.682240800000727;2;-36.0;95;Blonde et al. (2023);Experiment 2;Orientation;1;2;-36.0;30.0;29.0;47.0;25;1
5;83;55;-28;0.890608299989253;2;-73.0;96;Blonde et al. (2023);Experiment 2;Orientation;1;2;-73.0;71.0;-43.0;-44.0;26;1
5;142;133;-9;1.39746140001807;2;-59.0;97;Blonde et al. (2023);Experiment 2;Orientation;1;2;-59.0;48.0;12.0;78.0;27;1
5;21;22;1;1.06542760005686;2;-59.0;98;Blonde et al. (2023);Experiment 2;Orientation;1;2;-59.0;62.0;-11.0;-47.0;28;1
5;168;152;-16;0.698641099967062;2;33.0;99;Blonde et al. (2023);Experiment 2;Orientation;1;2;33.0;-26.0;-85.0;22.0;29;1
5;54;46;-8;1.18093260005116;2;-66.0;100;Blonde et al. (2023);Experiment 2;Orientation;1;2;-66.0;-33.0;88.0;29.0;30;1
5;94;96;2;1.01563779998105;2;-40.0;101;Blonde et al. (2023);Experiment 2;Orientation;1;2;-40.0;74.0;-73.0;48.0;31;1
5;71;70;-1;1.17380669992417;2;23.0;102;Blonde et al. (2023);Experiment 2;Orientation;1;2;23.0;-17.0;-83.0;-50.0;32;1
5;160;175;15;0.790365600027144;2;-89.0;103;Blonde et al. (2023);Experiment 2;Orientation;1;2;-89.0;-66.0;74.0;8.0;33;1
5;53;19;-34;1.23195429996122;2;-73.0;104;Blonde et al. (2023);Experiment 2;Orientation;1;2;-73.0;18.0;41.0;1.0;34;1
5;101;112;11;1.28222659998573;2;-48.0;105;Blonde et al. (2023);Experiment 2;Orientation;1;2;-48.0;59.0;-30.0;-7.0;35;1
5;64;58;-6;0.773858899949118;2;37.0;106;Blonde et al. (2023);Experiment 2;Orientation;1;2;37.0;-11.0;-84.0;7.0;36;1
5;110;123;13;0.815417299978435;2;-46.0;107;Blonde et al. (2023);Experiment 2;Orientation;1;2;-46.0;-9.0;-57.0;50.0;37;1
5;34;35;1;0.956274900003336;2;76.0;108;Blonde et al. (2023);Experiment 2;Orientation;1;2;76.0;30.0;67.0;19.0;38;1
5;134;148;14;1.07239560002927;2;80.0;109;Blonde et al. (2023);Experiment 2;Orientation;1;2;80.0;-24.0;-70.0;-33.0;39;1
5;120;122;2;0.789625000092201;2;14.0;110;Blonde et al. (2023);Experiment 2;Orientation;1;2;14.0;-86.0;-10.0;-56.0;40;1
5;144;145;1;0.864564500050619;2;-24.0;111;Blonde et al. (2023);Experiment 2;Orientation;1;2;-24.0;-10.0;70.0;-34.0;41;1
5;74;59;-15;0.773885900038294;2;70.0;112;Blonde et al. (2023);Experiment 2;Orientation;1;2;70.0;46.0;60.0;-40.0;42;1
5;111;117;6;0.890555999940261;2;-37.0;113;Blonde et al. (2023);Experiment 2;Orientation;1;2;-37.0;33.0;9.0;23.0;43;1
5;19;17;-2;0.773045800044201;2;-88.0;114;Blonde et al. (2023);Experiment 2;Orientation;1;2;-88.0;55.0;-55.0;-79.0;44;1
5;152;156;4;0.865070599946193;2;47.0;115;Blonde et al. (2023);Experiment 2;Orientation;1;2;47.0;-41.0;-78.0;-8.0;45;1
5;112;56;-56;0.882300800061785;2;40.0;116;Blonde et al. (2023);Experiment 2;Orientation;1;2;40.0;87.0;-1.0;-38.0;46;1
5;56;68;12;1.24788859998807;2;56.0;117;Blonde et al. (2023);Experiment 2;Orientation;1;2;56.0;-84.0;-37.0;55.0;47;1
5;71;105;34;1.24901410005987;2;-15.0;118;Blonde et al. (2023);Experiment 2;Orientation;1;2;-15.0;41.0;81.0;-52.0;48;1
5;85;68;-17;0.832213400048204;2;-14.0;119;Blonde et al. (2023);Experiment 2;Orientation;1;2;-14.0;-29.0;27.0;67.0;49;1
5;31;29;-2;0.882209799950942;2;54.0;120;Blonde et al. (2023);Experiment 2;Orientation;1;2;54.0;40.0;25.0;81.0;50;1
5;41;79;38;3.70631889998913;2;-10.0;121;Blonde et al. (2023);Experiment 2;Orientation;1;2;-10.0;44.0;30.0;15.0;51;1
5;164;155;-9;1.00629090005532;2;57.0;122;Blonde et al. (2023);Experiment 2;Orientation;1;2;57.0;47.0;-79.0;87.0;52;1
5;100;107;7;0.59054320002906;2;64.0;123;Blonde et al. (2023);Experiment 2;Orientation;1;2;64.0;-59.0;-69.0;-15.0;53;1
5;3;177;-6;1.00606040004641;2;-83.0;124;Blonde et al. (2023);Experiment 2;Orientation;1;2;-83.0;-19.0;38.0;28.0;54;1
5;52;47;-5;0.615481200045906;2;-49.0;125;Blonde et al. (2023);Experiment 2;Orientation;1;2;-49.0;48.0;-68.0;-11.0;55;1
5;163;161;-2;0.822751099942252;2;69.0;126;Blonde et al. (2023);Experiment 2;Orientation;1;2;69.0;20.0;-63.0;1.0;56;1
5;88;79;-9;0.714983799960464;2;75.0;127;Blonde et al. (2023);Experiment 2;Orientation;1;2;75.0;-36.0;-85.0;12.0;57;1
5;115;115;0;1.70621199999005;2;-27.0;128;Blonde et al. (2023);Experiment 2;Orientation;1;2;-27.0;48.0;-63.0;68.0;58;1
5;158;151;-7;0.865384600008838;2;-43.0;129;Blonde et al. (2023);Experiment 2;Orientation;1;2;-43.0;-70.0;5.0;74.0;59;1
5;179;10;11;0.80715359991882;2;-21.0;130;Blonde et al. (2023);Experiment 2;Orientation;1;2;-21.0;-64.0;89.0;-16.0;60;1
5;115;112;-3;1.08161329990253;2;64.0;131;Blonde et al. (2023);Experiment 2;Orientation;1;2;64.0;43.0;0.0;-27.0;61;1
5;96;104;8;1.23942040000111;2;19.0;132;Blonde et al. (2023);Experiment 2;Orientation;1;2;19.0;83.0;62.0;19.0;62;1
5;102;109;7;1.24815210001543;2;-6.0;133;Blonde et al. (2023);Experiment 2;Orientation;1;2;-6.0;13.0;77.0;56.0;63;1
5;9;12;3;1.68219109997153;2;-87.0;134;Blonde et al. (2023);Experiment 2;Orientation;1;2;-87.0;87.0;-74.0;-10.0;64;1
5;4;1;-3;0.86548939999193;2;5.0;135;Blonde et al. (2023);Experiment 2;Orientation;1;2;5.0;-82.0;-88.0;-69.0;65;1
5;145;162;17;0.565602599992417;2;39.0;136;Blonde et al. (2023);Experiment 2;Orientation;1;2;39.0;44.0;-43.0;-49.0;66;1
5;73;178;-75;1.74047880002763;2;72.0;137;Blonde et al. (2023);Experiment 2;Orientation;1;2;72.0;-69.0;-64.0;29.0;67;1
5;56;55;-1;1.08936690003611;2;17.0;138;Blonde et al. (2023);Experiment 2;Orientation;1;2;17.0;89.0;-52.0;-47.0;68;1
5;91;85;-6;0.832128699985333;2;-35.0;139;Blonde et al. (2023);Experiment 2;Orientation;1;2;-35.0;-18.0;54.0;-87.0;69;1
5;0;1;1;0.748963499907404;2;-89.0;140;Blonde et al. (2023);Experiment 2;Orientation;1;2;-89.0;56.0;73.0;-35.0;70;1
5;8;26;18;0.881461999961175;4;56.0;211;Blonde et al. (2023);Experiment 2;Orientation;1;2;;;;;1;2
5;171;168;-3;0.656010400038213;4;17.0;212;Blonde et al. (2023);Experiment 2;Orientation;1;2;;;;;2;2
5;108;107;-1;0.790013900026679;4;63.0;213;Blonde et al. (2023);Experiment 2;Orientation;1;2;;;;;3;2
5;160;163;3;1.0407155000139;4;-52.0;214;Blonde et al. (2023);Experiment 2;Orientation;1;2;;;;;4;2
5;42;83;41;1.05718490004074;4;-62.0;215;Blonde et al. (2023);Experiment 2;Orientation;1;2;-62.0;66.0;-51.0;-34.0;5;2
5;148;162;14;1.35700530000031;4;74.0;216;Blonde et al. (2023);Experiment 2;Orientation;1;2;74.0;12.0;-40.0;23.0;6;2
5;123;109;-14;0.656838899943978;4;25.0;217;Blonde et al. (2023);Experiment 2;Orientation;1;2;25.0;-81.0;37.0;-15.0;7;2
5;122;155;33;0.432177099981345;4;1.0;218;Blonde et al. (2023);Experiment 2;Orientation;1;2;1.0;26.0;-80.0;38.0;8;2
5;29;31;2;0.665451199980453;4;-87.0;219;Blonde et al. (2023);Experiment 2;Orientation;1;2;-87.0;-86.0;-61.0;13.0;9;2
5;169;170;1;1.21534749993589;4;40.0;220;Blonde et al. (2023);Experiment 2;Orientation;1;2;40.0;-47.0;-46.0;-21.0;10;2
5;31;27;-4;0.598748399992473;4;-42.0;221;Blonde et al. (2023);Experiment 2;Orientation;1;2;-42.0;-2.0;-89.0;-88.0;11;2
5;61;43;-18;0.732167499954812;4;-30.0;222;Blonde et al. (2023);Experiment 2;Orientation;1;2;-30.0;-72.0;-32.0;61.0;12;2
5;61;52;-9;0.948029499966651;4;0.0;223;Blonde et al. (2023);Experiment 2;Orientation;1;2;0.0;-30.0;-72.0;-32.0;13;2
5;77;71;-6;2.08019280002918;4;-16.0;224;Blonde et al. (2023);Experiment 2;Orientation;1;2;-16.0;-16.0;-46.0;-88.0;14;2
5;41;48;7;1.43092840001918;4;36.0;225;Blonde et al. (2023);Experiment 2;Orientation;1;2;36.0;20.0;20.0;-10.0;15;2
5;46;30;-16;1.08219870005269;4;-5.0;226;Blonde et al. (2023);Experiment 2;Orientation;1;2;-5.0;31.0;15.0;15.0;16;2
5;149;138;-11;1.38236250006594;4;77.0;227;Blonde et al. (2023);Experiment 2;Orientation;1;2;77.0;72.0;-72.0;-88.0;17;2
5;54;53;-1;1.54879879998043;4;-85.0;228;Blonde et al. (2023);Experiment 2;Orientation;1;2;-85.0;-8.0;-13.0;23.0;18;2
5;125;101;-24;1.43218749994412;4;-71.0;229;Blonde et al. (2023);Experiment 2;Orientation;1;2;-71.0;24.0;-79.0;-84.0;19;2
5;32;32;0;1.14773590001278;4;-87.0;230;Blonde et al. (2023);Experiment 2;Orientation;1;2;-87.0;22.0;-63.0;14.0;20;2
5;179;4;5;0.748722500051372;4;33.0;231;Blonde et al. (2023);Experiment 2;Orientation;1;2;33.0;-54.0;55.0;-30.0;21;2
5;103;108;5;1.04057670000475;4;76.0;232;Blonde et al. (2023);Experiment 2;Orientation;1;2;76.0;-71.0;22.0;-49.0;22;2
5;97;115;18;0.705994400079362;4;6.0;233;Blonde et al. (2023);Experiment 2;Orientation;1;2;6.0;82.0;-65.0;28.0;23;2
5;131;107;-24;0.615507400012575;4;-34.0;234;Blonde et al. (2023);Experiment 2;Orientation;1;2;-34.0;-28.0;48.0;81.0;24;2
5;145;144;-1;0.690273600048386;4;-14.0;235;Blonde et al. (2023);Experiment 2;Orientation;1;2;-14.0;-48.0;-42.0;34.0;25;2
5;86;83;-3;0.872821500059217;4;59.0;236;Blonde et al. (2023);Experiment 2;Orientation;1;2;59.0;45.0;11.0;17.0;26;2
5;124;96;-28;1.72360120003577;4;-38.0;237;Blonde et al. (2023);Experiment 2;Orientation;1;2;-38.0;21.0;7.0;-27.0;27;2
5;18;11;-7;0.698791899951175;4;-74.0;238;Blonde et al. (2023);Experiment 2;Orientation;1;2;-74.0;68.0;-53.0;-67.0;28;2
5;179;3;4;0.865506000001915;4;19.0;239;Blonde et al. (2023);Experiment 2;Orientation;1;2;19.0;-55.0;87.0;-34.0;29;2
5;86;90;4;0.790429899934679;4;-87.0;240;Blonde et al. (2023);Experiment 2;Orientation;1;2;-87.0;-68.0;38.0;0.0;30;2
5;3;167;-16;1.31542190001346;4;83.0;241;Blonde et al. (2023);Experiment 2;Orientation;1;2;83.0;-4.0;15.0;-59.0;31;2
5;62;63;1;0.841654299991205;4;-59.0;242;Blonde et al. (2023);Experiment 2;Orientation;1;2;-59.0;24.0;-63.0;-44.0;32;2
5;95;86;-9;0.665425900020637;4;-33.0;243;Blonde et al. (2023);Experiment 2;Orientation;1;2;-33.0;88.0;-9.0;84.0;33;2
5;149;158;9;0.923061299952678;4;-54.0;244;Blonde et al. (2023);Experiment 2;Orientation;1;2;-54.0;-87.0;34.0;-63.0;34;2
5;28;21;-7;1.21542100002989;4;-59.0;245;Blonde et al. (2023);Experiment 2;Orientation;1;2;-59.0;67.0;34.0;-25.0;35;2
5;2;4;2;0.998784399940632;4;26.0;246;Blonde et al. (2023);Experiment 2;Orientation;1;2;26.0;-33.0;-87.0;60.0;36;2
5;162;153;-9;0.57295790000353;4;20.0;247;Blonde et al. (2023);Experiment 2;Orientation;1;2;20.0;46.0;-13.0;-67.0;37;2
5;120;131;11;0.598752299905755;4;42.0;248;Blonde et al. (2023);Experiment 2;Orientation;1;2;42.0;62.0;88.0;29.0;38;2
5;8;12;4;1.37389509996865;4;-68.0;249;Blonde et al. (2023);Experiment 2;Orientation;1;2;-68.0;-26.0;-6.0;20.0;39;2
5;26;17;-9;0.682347900001332;4;-18.0;250;Blonde et al. (2023);Experiment 2;Orientation;1;2;-18.0;-86.0;-44.0;-24.0;40;2
5;93;90;-3;0.60745200002566;4;-67.0;251;Blonde et al. (2023);Experiment 2;Orientation;1;2;-67.0;-85.0;27.0;69.0;41;2
5;114;127;13;1.35743259999435;4;-21.0;252;Blonde et al. (2023);Experiment 2;Orientation;1;2;-21.0;-88.0;74.0;6.0;42;2
5;115;124;9;1.28126020007767;4;-1.0;253;Blonde et al. (2023);Experiment 2;Orientation;1;2;-1.0;-22.0;-89.0;73.0;43;2
5;170;170;0;0.432027800008655;4;-55.0;254;Blonde et al. (2023);Experiment 2;Orientation;1;2;-55.0;-56.0;-77.0;36.0;44;2
5;144;153;9;0.348612500005402;4;26.0;255;Blonde et al. (2023);Experiment 2;Orientation;1;2;26.0;-29.0;-30.0;-51.0;45;2
5;74;59;-15;0.48209029994905;4;70.0;256;Blonde et al. (2023);Experiment 2;Orientation;1;2;70.0;-84.0;41.0;40.0;46;2
5;24;14;-10;0.914543200051412;4;50.0;257;Blonde et al. (2023);Experiment 2;Orientation;1;2;50.0;-60.0;-34.0;-89.0;47;2
5;3;0;-3;0.989558400004171;4;21.0;258;Blonde et al. (2023);Experiment 2;Orientation;1;2;21.0;71.0;-39.0;-13.0;48;2
5;76;78;2;0.848407099954784;4;-73.0;259;Blonde et al. (2023);Experiment 2;Orientation;1;2;-73.0;-52.0;-2.0;68.0;49;2
5;137;145;8;0.839444600045681;4;-61.0;260;Blonde et al. (2023);Experiment 2;Orientation;1;2;-61.0;46.0;67.0;-63.0;50;2
5;134;138;4;0.905638099997304;4;3.0;261;Blonde et al. (2023);Experiment 2;Orientation;1;2;3.0;-58.0;49.0;70.0;51;2
5;39;29;-10;1.26466500002425;4;-85.0;262;Blonde et al. (2023);Experiment 2;Orientation;1;2;-85.0;-82.0;37.0;-36.0;52;2
5;109;116;7;1.18929899996147;4;-70.0;263;Blonde et al. (2023);Experiment 2;Orientation;1;2;-70.0;25.0;28.0;-33.0;53;2
5;148;149;1;1.01556540001184;4;-39.0;264;Blonde et al. (2023);Experiment 2;Orientation;1;2;-39.0;71.0;-14.0;-11.0;54;2
5;45;60;15;1.08217429998331;4;-77.0;265;Blonde et al. (2023);Experiment 2;Orientation;1;2;-77.0;64.0;-6.0;89.0;55;2
5;57;55;-2;0.707166499923915;4;-12.0;266;Blonde et al. (2023);Experiment 2;Orientation;1;2;-12.0;-89.0;52.0;-18.0;56;2
5;168;110;-58;1.5065431999974;4;69.0;267;Blonde et al. (2023);Experiment 2;Orientation;1;2;69.0;57.0;-20.0;-59.0;57;2
5;146;141;-5;0.973881800076924;4;22.0;268;Blonde et al. (2023);Experiment 2;Orientation;1;2;22.0;-89.0;79.0;2.0;58;2
5;162;149;-13;0.906055400031619;4;-16.0;269;Blonde et al. (2023);Experiment 2;Orientation;1;2;-16.0;6.0;75.0;63.0;59;2
5;127;133;6;0.698760799947195;4;35.0;270;Blonde et al. (2023);Experiment 2;Orientation;1;2;35.0;19.0;41.0;-70.0;60;2
5;107;105;-2;0.706659100018442;4;20.0;271;Blonde et al. (2023);Experiment 2;Orientation;1;2;20.0;55.0;39.0;61.0;61;2
5;133;138;5;0.890471699996851;4;-26.0;272;Blonde et al. (2023);Experiment 2;Orientation;1;2;-26.0;-6.0;29.0;13.0;62;2
5;27;149;-58;0.815626700059511;4;-74.0;273;Blonde et al. (2023);Experiment 2;Orientation;1;2;-74.0;80.0;-80.0;-45.0;63;2
5;98;105;7;0.657225600094534;4;-71.0;274;Blonde et al. (2023);Experiment 2;Orientation;1;2;-71.0;35.0;9.0;29.0;64;2
5;13;24;11;1.44753899995703;4;85.0;275;Blonde et al. (2023);Experiment 2;Orientation;1;2;85.0;14.0;-60.0;-86.0;65;2
5;126;135;9;0.748920000041835;4;67.0;276;Blonde et al. (2023);Experiment 2;Orientation;1;2;67.0;-28.0;81.0;7.0;66;2
5;19;43;24;0.38231050001923;4;-73.0;277;Blonde et al. (2023);Experiment 2;Orientation;1;2;-73.0;-6.0;79.0;8.0;67;2
5;9;10;1;0.965538899996318;4;10.0;278;Blonde et al. (2023);Experiment 2;Orientation;1;2;10.0;-63.0;4.0;89.0;68;2
5;43;48;5;0.965664600022137;4;-34.0;279;Blonde et al. (2023);Experiment 2;Orientation;1;2;-34.0;-24.0;83.0;-30.0;69;2
5;107;119;12;0.781204099999741;4;-64.0;280;Blonde et al. (2023);Experiment 2;Orientation;1;2;-64.0;82.0;-88.0;19.0;70;2
6;112;110;-2;0.723606599960476;1;;1;Blonde et al. (2023);Experiment 2;Orientation;1;2;;;;;1;1
6;153;140;-13;1.25699629995506;1;-41.0;2;Blonde et al. (2023);Experiment 2;Orientation;1;2;;;;;2;1
6;139;132;-7;0.732231699978001;1;14.0;3;Blonde et al. (2023);Experiment 2;Orientation;1;2;;;;;3;1
6;73;85;12;0.806185900000855;1;66.0;4;Blonde et al. (2023);Experiment 2;Orientation;1;2;;;;;4;1
6;116;100;-16;1.59788930008654;1;-43.0;5;Blonde et al. (2023);Experiment 2;Orientation;1;2;-43.0;23.0;37.0;-4.0;5;1
6;106;114;8;1.73057939996943;1;10.0;6;Blonde et al. (2023);Experiment 2;Orientation;1;2;10.0;-33.0;33.0;47.0;6;1
6;116;112;-4;2.19801819999702;1;-10.0;7;Blonde et al. (2023);Experiment 2;Orientation;1;2;-10.0;0.0;-43.0;23.0;7;1
6;32;33;1;0.782210599980317;1;84.0;8;Blonde et al. (2023);Experiment 2;Orientation;1;2;84.0;74.0;84.0;41.0;8;1
6;128;115;-13;1.03141519997735;1;84.0;9;Blonde et al. (2023);Experiment 2;Orientation;1;2;84.0;-12.0;-22.0;-12.0;9;1
6;3;0;-3;1.21503840002697;1;-55.0;10;Blonde et al. (2023);Experiment 2;Orientation;1;2;-55.0;29.0;-67.0;-77.0;10;1
6;71;69;-2;0.914414900005795;1;-68.0;11;Blonde et al. (2023);Experiment 2;Orientation;1;2;-68.0;57.0;-39.0;45.0;11;1
6;119;117;-2;1.59789789991919;1;-48.0;12;Blonde et al. (2023);Experiment 2;Orientation;1;2;-48.0;64.0;9.0;-87.0;12;1
6;24;33;9;0.949012900004163;1;-85.0;13;Blonde et al. (2023);Experiment 2;Orientation;1;2;-85.0;47.0;-21.0;-76.0;13;1
6;140;133;-7;1.20607219997328;1;64.0;14;Blonde et al. (2023);Experiment 2;Orientation;1;2;64.0;-21.0;-69.0;43.0;14;1
6;97;99;2;0.673055900027975;1;43.0;15;Blonde et al. (2023);Experiment 2;Orientation;1;2;43.0;-73.0;22.0;-26.0;15;1
6;126;126;0;1.17393269995227;1;-29.0;16;Blonde et al. (2023);Experiment 2;Orientation;1;2;-29.0;14.0;78.0;-7.0;16;1
6;10;26;16;0.82399120007176;1;-64.0;17;Blonde et al. (2023);Experiment 2;Orientation;1;2;-64.0;87.0;-50.0;14.0;17;1
6;161;178;17;1.37367739994079;1;29.0;18;Blonde et al. (2023);Experiment 2;Orientation;1;2;29.0;-35.0;-64.0;-21.0;18;1
6;51;44;-7;1.98116229998413;1;-70.0;19;Blonde et al. (2023);Experiment 2;Orientation;1;2;-70.0;-41.0;75.0;46.0;19;1
6;140;134;-6;0.782284400076605;1;-89.0;20;Blonde et al. (2023);Experiment 2;Orientation;1;2;-89.0;21.0;50.0;-14.0;20;1
6;61;56;-5;1.09063089999836;1;79.0;21;Blonde et al. (2023);Experiment 2;Orientation;1;2;79.0;-10.0;-80.0;-51.0;21;1
6;69;71;2;1.52365300001111;1;-8.0;22;Blonde et al. (2023);Experiment 2;Orientation;1;2;-8.0;71.0;-18.0;-88.0;22;1
6;173;171;-2;1.08962740004063;1;76.0;23;Blonde et al. (2023);Experiment 2;Orientation;1;2;76.0;68.0;-33.0;58.0;23;1
6;9;177;-12;1.01570360001642;1;-16.0;24;Blonde et al. (2023);Experiment 2;Orientation;1;2;-16.0;60.0;52.0;-49.0;24;1
6;123;58;-65;0.848972599953413;1;66.0;25;Blonde et al. (2023);Experiment 2;Orientation;1;2;66.0;50.0;-54.0;-62.0;25;1
6;105;103;-2;1.5319658999797;1;18.0;26;Blonde et al. (2023);Experiment 2;Orientation;1;2;18.0;84.0;68.0;-36.0;26;1
6;160;157;-3;0.755844800034538;1;-55.0;27;Blonde et al. (2023);Experiment 2;Orientation;1;2;-55.0;-37.0;29.0;13.0;27;1
6;52;62;10;1.3981348000234;1;-72.0;28;Blonde et al. (2023);Experiment 2;Orientation;1;2;-72.0;53.0;71.0;-43.0;28;1
6;18;17;-1;1.40718650002964;1;34.0;29;Blonde et al. (2023);Experiment 2;Orientation;1;2;34.0;-38.0;87.0;-75.0;29;1
6;168;169;1;0.881005299976096;1;30.0;30;Blonde et al. (2023);Experiment 2;Orientation;1;2;30.0;64.0;-8.0;-63.0;30;1
6;89;81;-8;0.939672800013795;1;79.0;31;Blonde et al. (2023);Experiment 2;Orientation;1;2;79.0;-71.0;-37.0;71.0;31;1
6;86;95;9;0.598833200056106;1;3.0;32;Blonde et al. (2023);Experiment 2;Orientation;1;2;3.0;82.0;-68.0;-34.0;32;1
6;166;178;12;1.17396079993341;1;-80.0;33;Blonde et al. (2023);Experiment 2;Orientation;1;2;-80.0;-77.0;2.0;32.0;33;1
6;161;158;-3;1.14818499993999;1;5.0;34;Blonde et al. (2023);Experiment 2;Orientation;1;2;5.0;-75.0;-72.0;7.0;34;1
6;179;176;-3;1.79891180002596;1;-18.0;35;Blonde et al. (2023);Experiment 2;Orientation;1;2;-18.0;-13.0;87.0;90.0;35;1
6;137;144;7;0.682269099983387;1;42.0;36;Blonde et al. (2023);Experiment 2;Orientation;1;2;42.0;24.0;29.0;-51.0;36;1
6;179;7;8;1.27402310003527;1;-42.0;37;Blonde et al. (2023);Experiment 2;Orientation;1;2;-42.0;0.0;-18.0;-13.0;37;1
6;51;52;1;0.70626720006112;1;-52.0;38;Blonde et al. (2023);Experiment 2;Orientation;1;2;-52.0;86.0;-52.0;-70.0;38;1
6;155;147;-8;1.16543239995372;1;76.0;39;Blonde et al. (2023);Experiment 2;Orientation;1;2;76.0;24.0;-18.0;24.0;39;1
6;39;33;-6;1.89864469994791;1;-64.0;40;Blonde et al. (2023);Experiment 2;Orientation;1;2;-64.0;12.0;-40.0;-82.0;40;1
6;119;118;-1;1.53197520005051;1;-80.0;41;Blonde et al. (2023);Experiment 2;Orientation;1;2;-80.0;36.0;-68.0;60.0;41;1
6;140;127;-13;1.52291159995366;1;-21.0;42;Blonde et al. (2023);Experiment 2;Orientation;1;2;-21.0;79.0;15.0;-89.0;42;1
6;47;45;-2;3.31432909995783;1;-87.0;43;Blonde et al. (2023);Experiment 2;Orientation;1;2;-87.0;72.0;-8.0;-72.0;43;1
6;41;44;3;0.765524200047366;1;6.0;44;Blonde et al. (2023);Experiment 2;Orientation;1;2;6.0;-81.0;78.0;-2.0;44;1
6;129;143;14;1.28210710000712;1;-88.0;45;Blonde et al. (2023);Experiment 2;Orientation;1;2;-88.0;-82.0;11.0;-10.0;45;1
6;156;141;-15;3.0153610999696;1;-27.0;46;Blonde et al. (2023);Experiment 2;Orientation;1;2;-27.0;65.0;71.0;-16.0;46;1
6;145;153;8;1.18220720009413;1;11.0;47;Blonde et al. (2023);Experiment 2;Orientation;1;2;11.0;-16.0;76.0;82.0;47;1
6;127;126;-1;1.38192569999956;1;18.0;48;Blonde et al. (2023);Experiment 2;Orientation;1;2;18.0;29.0;2.0;-86.0;48;1
6;110;114;4;0.773808499914594;1;17.0;49;Blonde et al. (2023);Experiment 2;Orientation;1;2;17.0;35.0;46.0;19.0;49;1
6;158;153;-5;0.873961500008591;1;-48.0;50;Blonde et al. (2023);Experiment 2;Orientation;1;2;-48.0;-31.0;-13.0;-2.0;50;1
6;101;108;7;1.14883830002509;1;57.0;51;Blonde et al. (2023);Experiment 2;Orientation;1;2;57.0;9.0;26.0;44.0;51;1
6;134;9;55;1.6725940000033;1;-33.0;52;Blonde et al. (2023);Experiment 2;Orientation;1;2;-33.0;24.0;-24.0;-7.0;52;1
6;163;165;2;1.14034879999235;1;-29.0;53;Blonde et al. (2023);Experiment 2;Orientation;1;2;-29.0;-62.0;-5.0;-53.0;53;1
6;11;10;-1;2.90622140001506;1;-28.0;54;Blonde et al. (2023);Experiment 2;Orientation;1;2;-28.0;-57.0;90.0;-33.0;54;1
6;147;149;2;1.09841320000123;1;44.0;55;Blonde et al. (2023);Experiment 2;Orientation;1;2;44.0;16.0;-13.0;-46.0;55;1
6;68;60;-8;0.864093499956653;1;79.0;56;Blonde et al. (2023);Experiment 2;Orientation;1;2;79.0;-57.0;-85.0;66.0;56;1
6;32;37;5;1.24762129993178;1;36.0;57;Blonde et al. (2023);Experiment 2;Orientation;1;2;36.0;-65.0;-21.0;-49.0;57;1
6;12;26;14;0.807221100083552;1;20.0;58;Blonde et al. (2023);Experiment 2;Orientation;1;2;20.0;56.0;-45.0;-1.0;58;1
6;22;31;9;0.640597700024955;1;-10.0;59;Blonde et al. (2023);Experiment 2;Orientation;1;2;-10.0;10.0;46.0;-55.0;59;1
6;51;47;-4;0.531737099983729;1;-29.0;60;Blonde et al. (2023);Experiment 2;Orientation;1;2;-29.0;-39.0;-19.0;17.0;60;1
6;151;160;9;0.897331999964081;1;80.0;61;Blonde et al. (2023);Experiment 2;Orientation;1;2;80.0;51.0;41.0;61.0;61;1
6;159;152;-7;1.53910459997132;1;-8.0;62;Blonde et al. (2023);Experiment 2;Orientation;1;2;-8.0;72.0;43.0;33.0;62;1
6;61;57;-4;0.739380800048821;1;-82.0;63;Blonde et al. (2023);Experiment 2;Orientation;1;2;-82.0;90.0;-10.0;-39.0;63;1
6;20;44;24;0.848999400041066;1;41.0;64;Blonde et al. (2023);Experiment 2;Orientation;1;2;41.0;-41.0;-49.0;31.0;64;1
6;26;22;-4;1.43940229993314;1;-6.0;65;Blonde et al. (2023);Experiment 2;Orientation;1;2;-6.0;35.0;-47.0;-55.0;65;1
6;67;73;6;1.2736251000315;1;-41.0;66;Blonde et al. (2023);Experiment 2;Orientation;1;2;-41.0;-47.0;-6.0;-88.0;66;1
6;61;67;6;1.22361849993467;1;6.0;67;Blonde et al. (2023);Experiment 2;Orientation;1;2;6.0;-35.0;-41.0;0.0;67;1
6;159;84;-75;1.03240999998525;1;82.0;68;Blonde et al. (2023);Experiment 2;Orientation;1;2;82.0;88.0;47.0;41.0;68;1
6;100;98;-2;0.873781000031158;1;59.0;69;Blonde et al. (2023);Experiment 2;Orientation;1;2;59.0;-39.0;-33.0;-74.0;69;1
6;131;125;-6;0.623822499997914;1;-31.0;70;Blonde et al. (2023);Experiment 2;Orientation;1;2;-31.0;28.0;-70.0;-64.0;70;1
6;112;115;3;1.21545110002626;3;-11.0;141;Blonde et al. (2023);Experiment 2;Orientation;1;2;;;;;1;2
6;66;69;3;1.12291929998901;3;46.0;142;Blonde et al. (2023);Experiment 2;Orientation;1;2;;;;;2;2
6;115;116;1;1.9477796999272;3;-49.0;143;Blonde et al. (2023);Experiment 2;Orientation;1;2;;;;;3;2
6;37;40;3;1.12397189997137;3;78.0;144;Blonde et al. (2023);Experiment 2;Orientation;1;2;;;;;4;2
6;104;147;43;0.840229999972507;3;-67.0;145;Blonde et al. (2023);Experiment 2;Orientation;1;2;-67.0;11.0;-38.0;8.0;5;2
6;142;151;9;2.94762629992329;3;-38.0;146;Blonde et al. (2023);Experiment 2;Orientation;1;2;-38.0;75.0;-27.0;-76.0;6;2
6;121;143;22;2.83188630000222;3;21.0;147;Blonde et al. (2023);Experiment 2;Orientation;1;2;21.0;-17.0;-84.0;-6.0;7;2
6;30;44;14;0.757211399963126;3;-89.0;148;Blonde et al. (2023);Experiment 2;Orientation;1;2;-89.0;-68.0;74.0;7.0;8;2
6;151;146;-5;1.08167280000634;3;59.0;149;Blonde et al. (2023);Experiment 2;Orientation;1;2;59.0;-30.0;-9.0;-47.0;9;2
6;23;20;-3;1.9903789999662;3;-52.0;150;Blonde et al. (2023);Experiment 2;Orientation;1;2;-52.0;7.0;-82.0;-61.0;10;2
6;129;113;-16;1.32390690001193;3;74.0;151;Blonde et al. (2023);Experiment 2;Orientation;1;2;74.0;22.0;81.0;-8.0;11;2
6;15;19;4;1.27261920005549;3;-66.0;152;Blonde et al. (2023);Experiment 2;Orientation;1;2;-66.0;8.0;-44.0;15.0;12;2
6;73;78;5;1.03956399997696;3;-58.0;153;Blonde et al. (2023);Experiment 2;Orientation;1;2;-58.0;56.0;-50.0;78.0;13;2
6;114;124;10;1.6070827000076;3;-41.0;154;Blonde et al. (2023);Experiment 2;Orientation;1;2;-41.0;81.0;15.0;89.0;14;2
6;154;118;-36;0.715683600050397;3;-40.0;155;Blonde et al. (2023);Experiment 2;Orientation;1;2;-40.0;-81.0;41.0;-25.0;15;2
6;62;87;25;10.7811269999947;3;-88.0;156;Blonde et al. (2023);Experiment 2;Orientation;1;2;-88.0;52.0;11.0;-47.0;16;2
6;5;4;-1;0.722830399987288;3;57.0;157;Blonde et al. (2023);Experiment 2;Orientation;1;2;57.0;-31.0;-71.0;68.0;17;2
6;3;6;3;1.08087730000261;3;2.0;158;Blonde et al. (2023);Experiment 2;Orientation;1;2;2.0;59.0;-29.0;-69.0;18;2
6;51;41;-10;0.724151600035839;3;-48.0;159;Blonde et al. (2023);Experiment 2;Orientation;1;2;-48.0;-46.0;11.0;-77.0;19;2
6;97;109;12;2.32267630007118;3;-46.0;160;Blonde et al. (2023);Experiment 2;Orientation;1;2;-46.0;86.0;88.0;-35.0;20;2
6;43;94;51;2.84740279999096;3;54.0;161;Blonde et al. (2023);Experiment 2;Orientation;1;2;54.0;8.0;-40.0;-38.0;21;2
6;166;159;-7;1.16455859993584;3;57.0;162;Blonde et al. (2023);Experiment 2;Orientation;1;2;57.0;-69.0;65.0;17.0;22;2
6;149;157;8;0.540533800027333;3;17.0;163;Blonde et al. (2023);Experiment 2;Orientation;1;2;17.0;74.0;-52.0;82.0;23;2
6;44;47;3;1.36491769994609;3;-75.0;164;Blonde et al. (2023);Experiment 2;Orientation;1;2;-75.0;-58.0;-1.0;53.0;24;2
6;79;89;10;0.807255899999291;3;-35.0;165;Blonde et al. (2023);Experiment 2;Orientation;1;2;-35.0;70.0;87.0;-36.0;25;2
6;90;82;-8;1.30591660004575;3;-11.0;166;Blonde et al. (2023);Experiment 2;Orientation;1;2;-11.0;-46.0;59.0;76.0;26;2
6;68;82;14;1.36552230000962;3;22.0;167;Blonde et al. (2023);Experiment 2;Orientation;1;2;22.0;11.0;-24.0;81.0;27;2
6;144;148;4;0.998826300026849;3;-76.0;168;Blonde et al. (2023);Experiment 2;Orientation;1;2;-76.0;-54.0;-65.0;80.0;28;2
6;87;85;-2;0.757350599975325;3;57.0;169;Blonde et al. (2023);Experiment 2;Orientation;1;2;57.0;-19.0;3.0;-8.0;29;2
6;7;5;-2;1.12391739990562;3;80.0;170;Blonde et al. (2023);Experiment 2;Orientation;1;2;80.0;-43.0;61.0;83.0;30;2
6;121;128;7;1.56545190000907;3;66.0;171;Blonde et al. (2023);Experiment 2;Orientation;1;2;66.0;-34.0;23.0;-53.0;31;2
6;51;32;-19;2.79884169995785;3;70.0;172;Blonde et al. (2023);Experiment 2;Orientation;1;2;70.0;-44.0;36.0;-87.0;32;2
6;65;62;-3;2.06423000001814;3;-14.0;173;Blonde et al. (2023);Experiment 2;Orientation;1;2;-14.0;56.0;-58.0;22.0;33;2
6;82;77;-5;2.1237717999611;3;-17.0;174;Blonde et al. (2023);Experiment 2;Orientation;1;2;-17.0;-31.0;39.0;-75.0;34;2
6;149;151;2;2.26430839998648;3;-67.0;175;Blonde et al. (2023);Experiment 2;Orientation;1;2;-67.0;-84.0;82.0;-28.0;35;2
6;143;148;5;1.31419929990079;3;6.0;176;Blonde et al. (2023);Experiment 2;Orientation;1;2;6.0;-61.0;-78.0;88.0;36;2
6;55;61;6;2.41459170007147;3;88.0;177;Blonde et al. (2023);Experiment 2;Orientation;1;2;88.0;-86.0;27.0;10.0;37;2
6;70;61;-9;1.4072756000096;3;-15.0;178;Blonde et al. (2023);Experiment 2;Orientation;1;2;-15.0;73.0;79.0;12.0;38;2
6;67;73;6;0.974016799940728;3;3.0;179;Blonde et al. (2023);Experiment 2;Orientation;1;2;3.0;-12.0;76.0;82.0;39;2
6;139;136;-3;0.623372799949721;3;-72.0;180;Blonde et al. (2023);Experiment 2;Orientation;1;2;-72.0;-69.0;-84.0;4.0;40;2
6;169;160;-9;0.923974800040014;3;-30.0;181;Blonde et al. (2023);Experiment 2;Orientation;1;2;-30.0;78.0;81.0;66.0;41;2
6;77;70;-7;1.16470099997241;3;-88.0;182;Blonde et al. (2023);Experiment 2;Orientation;1;2;-88.0;62.0;-10.0;-7.0;42;2
6;94;95;1;0.682486100005917;3;-17.0;183;Blonde et al. (2023);Experiment 2;Orientation;1;2;-17.0;75.0;45.0;-27.0;43;2
6;39;56;17;0.956421100068837;3;55.0;184;Blonde et al. (2023);Experiment 2;Orientation;1;2;55.0;38.0;-50.0;-80.0;44;2
6;152;139;-13;0.823531999951228;3;67.0;185;Blonde et al. (2023);Experiment 2;Orientation;1;2;67.0;-58.0;-75.0;17.0;45;2
6;145;138;-7;1.30719980003778;3;7.0;186;Blonde et al. (2023);Experiment 2;Orientation;1;2;7.0;74.0;-51.0;-68.0;46;2
6;146;133;-13;1.71557029988617;3;-1.0;187;Blonde et al. (2023);Experiment 2;Orientation;1;2;-1.0;6.0;73.0;-52.0;47;2
6;139;131;-8;2.2737441000063;3;7.0;188;Blonde et al. (2023);Experiment 2;Orientation;1;2;7.0;6.0;13.0;80.0;48;2
6;146;146;0;0.832497700001113;3;-7.0;189;Blonde et al. (2023);Experiment 2;Orientation;1;2;-7.0;0.0;-1.0;6.0;49;2
6;120;118;-2;0.964677499956451;3;26.0;190;Blonde et al. (2023);Experiment 2;Orientation;1;2;26.0;19.0;26.0;25.0;50;2
6;113;112;-1;2.07287819997873;3;7.0;191;Blonde et al. (2023);Experiment 2;Orientation;1;2;7.0;33.0;26.0;33.0;51;2
6;154;151;-3;2.47277429990936;3;-41.0;192;Blonde et al. (2023);Experiment 2;Orientation;1;2;-41.0;-34.0;-8.0;-15.0;52;2
6;62;71;9;1.65714680007659;3;-88.0;193;Blonde et al. (2023);Experiment 2;Orientation;1;2;-88.0;51.0;58.0;84.0;53;2
6;67;73;6;1.68159609998111;3;-5.0;194;Blonde et al. (2023);Experiment 2;Orientation;1;2;-5.0;87.0;46.0;53.0;54;2
6;7;3;-4;1.31529400008731;3;60.0;195;Blonde et al. (2023);Experiment 2;Orientation;1;2;60.0;55.0;-33.0;-74.0;55;2
6;75;78;3;2.4480778001016;3;-68.0;196;Blonde et al. (2023);Experiment 2;Orientation;1;2;-68.0;-8.0;-13.0;79.0;56;2
6;67;65;-2;1.09048470004927;3;8.0;197;Blonde et al. (2023);Experiment 2;Orientation;1;2;8.0;-60.0;0.0;-5.0;57;2
6;85;114;29;1.71455969999079;3;-18.0;198;Blonde et al. (2023);Experiment 2;Orientation;1;2;-18.0;-10.0;-78.0;-18.0;58;2
6;73;63;-10;1.90591960004531;3;12.0;199;Blonde et al. (2023);Experiment 2;Orientation;1;2;12.0;-6.0;2.0;-66.0;59;2
6;9;177;-12;1.91540429997258;3;64.0;200;Blonde et al. (2023);Experiment 2;Orientation;1;2;64.0;76.0;58.0;66.0;60;2
6;160;171;11;1.13110090000555;3;29.0;201;Blonde et al. (2023);Experiment 2;Orientation;1;2;29.0;-87.0;-75.0;87.0;61;2
6;118;120;2;0.765557799953967;3;42.0;202;Blonde et al. (2023);Experiment 2;Orientation;1;2;42.0;71.0;-45.0;-33.0;62;2
6;43;32;-11;0.789512700052001;3;75.0;203;Blonde et al. (2023);Experiment 2;Orientation;1;2;75.0;-63.0;-34.0;30.0;63;2
6;109;106;-3;0.740545499953441;3;-66.0;204;Blonde et al. (2023);Experiment 2;Orientation;1;2;-66.0;9.0;51.0;80.0;64;2
6;34;26;-8;1.38207060005516;3;75.0;205;Blonde et al. (2023);Experiment 2;Orientation;1;2;75.0;9.0;84.0;-54.0;65;2
6;145;134;-11;0.598888900014572;3;69.0;206;Blonde et al. (2023);Experiment 2;Orientation;1;2;69.0;-36.0;78.0;-27.0;66;2
6;174;161;-13;0.505796600016765;3;-29.0;207;Blonde et al. (2023);Experiment 2;Orientation;1;2;-29.0;40.0;-65.0;49.0;67;2
6;178;163;-15;0.640649200067855;3;-4.0;208;Blonde et al. (2023);Experiment 2;Orientation;1;2;-4.0;-33.0;36.0;-69.0;68;2
6;94;107;13;0.797276700031944;3;84.0;209;Blonde et al. (2023);Experiment 2;Orientation;1;2;84.0;80.0;51.0;-60.0;69;2
6;64;82;18;0.573731599957682;3;30.0;210;Blonde et al. (2023);Experiment 2;Orientation;1;2;30.0;-66.0;-70.0;81.0;70;2
7;118;121;3;1.36426450009458;2;58.0;71;Blonde et al. (2023);Experiment 2;Orientation;1;2;;;;;1;1
7;7;16;9;0.749038600130007;2;-69.0;72;Blonde et al. (2023);Experiment 2;Orientation;1;2;;;;;2;1
7;176;179;3;1.80755160003901;2;11.0;73;Blonde et al. (2023);Experiment 2;Orientation;1;2;;;;;3;1
7;47;48;1;1.82380020013079;2;-51.0;74;Blonde et al. (2023);Experiment 2;Orientation;1;2;;;;;4;1
7;27;17;-10;1.16555009991862;2;20.0;75;Blonde et al. (2023);Experiment 2;Orientation;1;2;20.0;-31.0;-20.0;-89.0;5;1
7;3;7;4;1.79885509982705;2;24.0;76;Blonde et al. (2023);Experiment 2;Orientation;1;2;24.0;44.0;-7.0;4.0;6;1
7;83;64;-19;1.81552230007946;2;-80.0;77;Blonde et al. (2023);Experiment 2;Orientation;1;2;-80.0;-56.0;-36.0;-87.0;7;1
7;150;164;14;1.61468650004826;2;-67.0;78;Blonde et al. (2023);Experiment 2;Orientation;1;2;-67.0;33.0;57.0;77.0;8;1
7;38;151;-67;2.11554469983093;2;-68.0;79;Blonde et al. (2023);Experiment 2;Orientation;1;2;-68.0;45.0;-35.0;-11.0;9;1
7;76;68;-8;1.04050320014358;2;-38.0;80;Blonde et al. (2023);Experiment 2;Orientation;1;2;-38.0;74.0;7.0;-73.0;10;1
7;158;148;-10;1.37308889999986;2;-82.0;81;Blonde et al. (2023);Experiment 2;Orientation;1;2;-82.0;60.0;-8.0;-75.0;11;1
7;55;38;-17;1.96492890012451;2;-77.0;82;Blonde et al. (2023);Experiment 2;Orientation;1;2;-77.0;21.0;-17.0;-85.0;12;1
7;170;159;-11;2.67375180008821;2;65.0;83;Blonde et al. (2023);Experiment 2;Orientation;1;2;65.0;-12.0;86.0;48.0;13;1
7;18;21;3;1.72295730002224;2;-28.0;84;Blonde et al. (2023);Experiment 2;Orientation;1;2;-28.0;37.0;-40.0;58.0;14;1
7;120;122;2;1.2819403000176;2;78.0;85;Blonde et al. (2023);Experiment 2;Orientation;1;2;78.0;50.0;-65.0;38.0;15;1
7;21;13;-8;2.78983340016566;2;-81.0;86;Blonde et al. (2023);Experiment 2;Orientation;1;2;-81.0;-3.0;-31.0;34.0;16;1
7;24;35;11;2.85715509997681;2;-3.0;87;Blonde et al. (2023);Experiment 2;Orientation;1;2;-3.0;-84.0;-6.0;-34.0;17;1
7;32;33;1;1.05650630011223;2;-8.0;88;Blonde et al. (2023);Experiment 2;Orientation;1;2;-8.0;-11.0;88.0;-14.0;18;1
7;80;69;-11;1.63945449981838;2;-48.0;89;Blonde et al. (2023);Experiment 2;Orientation;1;2;-48.0;-56.0;-59.0;40.0;19;1
7;70;54;-16;2.82270199991763;2;10.0;90;Blonde et al. (2023);Experiment 2;Orientation;1;2;10.0;-38.0;-46.0;-49.0;20;1
7;158;151;-7;1.83913760003634;2;-88.0;91;Blonde et al. (2023);Experiment 2;Orientation;1;2;-88.0;-78.0;54.0;46.0;21;1
7;30;29;-1;1.88222860009409;2;-52.0;92;Blonde et al. (2023);Experiment 2;Orientation;1;2;-52.0;40.0;50.0;2.0;22;1
7;34;32;-2;1.49721169983968;2;-4.0;93;Blonde et al. (2023);Experiment 2;Orientation;1;2;-4.0;-56.0;36.0;46.0;23;1
7;12;10;-2;1.02249870006926;2;22.0;94;Blonde et al. (2023);Experiment 2;Orientation;1;2;22.0;18.0;-34.0;58.0;24;1
7;174;162;-12;1.76453089993447;2;18.0;95;Blonde et al. (2023);Experiment 2;Orientation;1;2;18.0;40.0;36.0;-16.0;25;1
7;53;47;-6;1.40626639989205;2;-59.0;96;Blonde et al. (2023);Experiment 2;Orientation;1;2;-59.0;-41.0;-19.0;-23.0;26;1
7;65;53;-12;2.31574770016596;2;-12.0;97;Blonde et al. (2023);Experiment 2;Orientation;1;2;-12.0;-71.0;-53.0;-31.0;27;1
7;61;43;-18;1.32284449995495;2;4.0;98;Blonde et al. (2023);Experiment 2;Orientation;1;2;4.0;-8.0;-67.0;-49.0;28;1
7;13;30;17;1.14682919997722;2;48.0;99;Blonde et al. (2023);Experiment 2;Orientation;1;2;48.0;52.0;40.0;-19.0;29;1
7;29;30;1;1.7235600000713;2;-16.0;100;Blonde et al. (2023);Experiment 2;Orientation;1;2;-16.0;32.0;36.0;24.0;30;1
7;155;151;-4;2.12179399980232;2;54.0;101;Blonde et al. (2023);Experiment 2;Orientation;1;2;54.0;38.0;86.0;90.0;31;1
7;43;41;-2;1.12386159994639;2;-68.0;102;Blonde et al. (2023);Experiment 2;Orientation;1;2;-68.0;-14.0;-30.0;18.0;32;1
7;33;35;2;1.87294939998537;2;10.0;103;Blonde et al. (2023);Experiment 2;Orientation;1;2;10.0;-58.0;-4.0;-20.0;33;1
7;132;129;-3;1.27279669977725;2;81.0;104;Blonde et al. (2023);Experiment 2;Orientation;1;2;81.0;-89.0;23.0;77.0;34;1
7;96;103;7;1.16553000011481;2;36.0;105;Blonde et al. (2023);Experiment 2;Orientation;1;2;36.0;-63.0;-53.0;59.0;35;1
7;2;16;14;2.69882540008985;2;-86.0;106;Blonde et al. (2023);Experiment 2;Orientation;1;2;-86.0;-50.0;31.0;41.0;36;1
7;123;122;-1;1.56546600000001;2;59.0;107;Blonde et al. (2023);Experiment 2;Orientation;1;2;59.0;-27.0;9.0;90.0;37;1
7;108;106;-2;1.34824450011365;2;15.0;108;Blonde et al. (2023);Experiment 2;Orientation;1;2;15.0;74.0;-12.0;24.0;38;1
7;37;41;4;1.65662949997932;2;71.0;109;Blonde et al. (2023);Experiment 2;Orientation;1;2;71.0;86.0;-35.0;59.0;39;1
7;23;29;6;1.34037719992921;2;14.0;110;Blonde et al. (2023);Experiment 2;Orientation;1;2;14.0;85.0;-80.0;-21.0;40;1
7;153;154;1;2.42295649996959;2;50.0;111;Blonde et al. (2023);Experiment 2;Orientation;1;2;50.0;64.0;-45.0;-30.0;41;1
7;39;30;-9;1.42395960004069;2;-66.0;112;Blonde et al. (2023);Experiment 2;Orientation;1;2;-66.0;-16.0;-2.0;69.0;42;1
7;78;66;-12;1.87378969998099;2;-39.0;113;Blonde et al. (2023);Experiment 2;Orientation;1;2;-39.0;75.0;-55.0;-41.0;43;1
7;35;39;4;1.55539079988375;2;43.0;114;Blonde et al. (2023);Experiment 2;Orientation;1;2;43.0;4.0;-62.0;-12.0;44;1
7;92;105;13;1.80558750010096;2;-57.0;115;Blonde et al. (2023);Experiment 2;Orientation;1;2;-57.0;-14.0;-53.0;61.0;45;1
7;166;155;-11;4.13089660019614;2;-74.0;116;Blonde et al. (2023);Experiment 2;Orientation;1;2;-74.0;49.0;-88.0;53.0;46;1
7;169;162;-7;1.83226709999144;2;-3.0;117;Blonde et al. (2023);Experiment 2;Orientation;1;2;-3.0;-77.0;46.0;89.0;47;1
7;153;151;-2;1.13213389995508;2;16.0;118;Blonde et al. (2023);Experiment 2;Orientation;1;2;16.0;13.0;-61.0;62.0;48;1
7;171;156;-15;2.34797010011971;2;-18.0;119;Blonde et al. (2023);Experiment 2;Orientation;1;2;-18.0;-2.0;-5.0;-79.0;49;1
7;43;51;8;1.97266540001146;2;-52.0;120;Blonde et al. (2023);Experiment 2;Orientation;1;2;-52.0;-70.0;-54.0;-57.0;50;1
7;34;37;3;1.22382539999671;2;9.0;121;Blonde et al. (2023);Experiment 2;Orientation;1;2;9.0;-43.0;-61.0;-45.0;51;1
7;149;137;-12;2.58872890006751;2;65.0;122;Blonde et al. (2023);Experiment 2;Orientation;1;2;65.0;74.0;22.0;4.0;52;1
7;73;56;-17;1.76546199992299;2;76.0;123;Blonde et al. (2023);Experiment 2;Orientation;1;2;76.0;-39.0;-30.0;-82.0;53;1
7;73;72;-1;2.43958900007419;2;0.0;124;Blonde et al. (2023);Experiment 2;Orientation;1;2;0.0;76.0;-39.0;-30.0;54;1
7;34;42;8;1.88958239997737;2;39.0;125;Blonde et al. (2023);Experiment 2;Orientation;1;2;39.0;39.0;-65.0;0.0;55;1
7;71;57;-14;2.49745750008151;2;-37.0;126;Blonde et al. (2023);Experiment 2;Orientation;1;2;-37.0;2.0;2.0;78.0;56;1
7;32;23;-9;1.39870060002431;2;39.0;127;Blonde et al. (2023);Experiment 2;Orientation;1;2;39.0;2.0;41.0;41.0;57;1
7;39;31;-8;1.86546430015005;2;-7.0;128;Blonde et al. (2023);Experiment 2;Orientation;1;2;-7.0;32.0;-5.0;34.0;58;1
7;127;127;0;1.11555739981122;2;-88.0;129;Blonde et al. (2023);Experiment 2;Orientation;1;2;-88.0;85.0;-56.0;87.0;59;1
7;168;165;-3;1.41540249995887;2;-41.0;130;Blonde et al. (2023);Experiment 2;Orientation;1;2;-41.0;51.0;44.0;83.0;60;1
7;171;172;1;1.60624560015276;2;-3.0;131;Blonde et al. (2023);Experiment 2;Orientation;1;2;-3.0;-44.0;48.0;41.0;61;1
7;153;162;9;1.5238564000465;2;18.0;132;Blonde et al. (2023);Experiment 2;Orientation;1;2;18.0;15.0;-26.0;66.0;62;1
7;41;39;-2;1.31544229993597;2;-68.0;133;Blonde et al. (2023);Experiment 2;Orientation;1;2;-68.0;-50.0;-53.0;86.0;63;1
7;161;166;5;1.36554909986444;2;60.0;134;Blonde et al. (2023);Experiment 2;Orientation;1;2;60.0;-8.0;10.0;7.0;64;1
7;178;5;7;1.49061900004745;2;-17.0;135;Blonde et al. (2023);Experiment 2;Orientation;1;2;-17.0;43.0;-25.0;-7.0;65;1
7;172;172;0;1.85779140004888;2;6.0;136;Blonde et al. (2023);Experiment 2;Orientation;1;2;6.0;-11.0;49.0;-19.0;66;1
7;119;122;3;1.64056230010465;2;53.0;137;Blonde et al. (2023);Experiment 2;Orientation;1;2;53.0;59.0;42.0;-78.0;67;1
7;158;145;-13;1.42393910000101;2;-39.0;138;Blonde et al. (2023);Experiment 2;Orientation;1;2;-39.0;14.0;20.0;3.0;68;1
7;105;111;6;1.66539680003189;2;53.0;139;Blonde et al. (2023);Experiment 2;Orientation;1;2;53.0;14.0;67.0;73.0;69;1
7;143;130;-13;1.3071520999074;2;-38.0;140;Blonde et al. (2023);Experiment 2;Orientation;1;2;-38.0;15.0;-24.0;29.0;70;1
7;25;22;-3;1.47294749994762;4;84.0;211;Blonde et al. (2023);Experiment 2;Orientation;1;2;;;;;1;2
7;89;79;-10;0.898927900008857;4;-64.0;212;Blonde et al. (2023);Experiment 2;Orientation;1;2;;;;;2;2
7;31;45;14;1.5903360999655;4;58.0;213;Blonde et al. (2023);Experiment 2;Orientation;1;2;;;;;3;2
7;177;165;-12;0.957203599857166;4;34.0;214;Blonde et al. (2023);Experiment 2;Orientation;1;2;;;;;4;2
7;7;11;4;1.27325410000049;4;-10.0;215;Blonde et al. (2023);Experiment 2;Orientation;1;2;-10.0;24.0;82.0;18.0;5;2
7;152;156;4;1.23996059992351;4;35.0;216;Blonde et al. (2023);Experiment 2;Orientation;1;2;35.0;25.0;59.0;-63.0;6;2
7;122;116;-6;1.6903575998731;4;30.0;217;Blonde et al. (2023);Experiment 2;Orientation;1;2;30.0;65.0;55.0;89.0;7;2
7;33;34;1;2.1070016999729;4;89.0;218;Blonde et al. (2023);Experiment 2;Orientation;1;2;89.0;-61.0;-26.0;-36.0;8;2
7;72;59;-13;0.624035299988464;4;-39.0;219;Blonde et al. (2023);Experiment 2;Orientation;1;2;-39.0;50.0;80.0;-65.0;9;2
7;15;19;4;0.64785429998301;4;57.0;220;Blonde et al. (2023);Experiment 2;Orientation;1;2;57.0;18.0;-73.0;-43.0;10;2
7;66;51;-15;1.67368920007721;4;-51.0;221;Blonde et al. (2023);Experiment 2;Orientation;1;2;-51.0;6.0;-33.0;56.0;11;2
7;11;30;19;5.35590020008385;4;55.0;222;Blonde et al. (2023);Experiment 2;Orientation;1;2;55.0;4.0;61.0;22.0;12;2
7;120;126;6;1.86443730001338;4;71.0;223;Blonde et al. (2023);Experiment 2;Orientation;1;2;71.0;-54.0;75.0;-48.0;13;2
7;154;156;2;1.36547560011968;4;-34.0;224;Blonde et al. (2023);Experiment 2;Orientation;1;2;-34.0;37.0;-88.0;41.0;14;2
7;63;64;1;1.29042800003663;4;-89.0;225;Blonde et al. (2023);Experiment 2;Orientation;1;2;-89.0;57.0;-52.0;3.0;15;2
7;109;108;-1;1.49053970002569;4;-46.0;226;Blonde et al. (2023);Experiment 2;Orientation;1;2;-46.0;45.0;11.0;82.0;16;2
7;128;125;-3;1.29060279997066;4;-19.0;227;Blonde et al. (2023);Experiment 2;Orientation;1;2;-19.0;-65.0;26.0;-8.0;17;2
7;118;120;2;0.982234499882907;4;10.0;228;Blonde et al. (2023);Experiment 2;Orientation;1;2;10.0;-9.0;-55.0;36.0;18;2
7;161;172;11;2.17367859999649;4;-43.0;229;Blonde et al. (2023);Experiment 2;Orientation;1;2;-43.0;-33.0;-52.0;82.0;19;2
7;37;33;-4;2.11396919982508;4;-56.0;230;Blonde et al. (2023);Experiment 2;Orientation;1;2;-56.0;81.0;-89.0;72.0;20;2
7;53;53;0;1.70617759996094;4;-16.0;231;Blonde et al. (2023);Experiment 2;Orientation;1;2;-16.0;-72.0;65.0;75.0;21;2
7;0;173;-7;1.34787410008721;4;53.0;232;Blonde et al. (2023);Experiment 2;Orientation;1;2;53.0;37.0;-19.0;-62.0;22;2
7;56;64;8;1.21453140000813;4;-56.0;233;Blonde et al. (2023);Experiment 2;Orientation;1;2;-56.0;-3.0;-19.0;-75.0;23;2
7;118;58;-60;0.632159800035879;4;-62.0;234;Blonde et al. (2023);Experiment 2;Orientation;1;2;-62.0;62.0;-65.0;-81.0;24;2
7;54;40;-14;1.79863699991256;4;64.0;235;Blonde et al. (2023);Experiment 2;Orientation;1;2;64.0;2.0;-54.0;-1.0;25;2
7;9;18;9;0.907180699985474;4;45.0;236;Blonde et al. (2023);Experiment 2;Orientation;1;2;45.0;-71.0;47.0;-9.0;26;2
7;16;16;0;1.3392717000097;4;-7.0;237;Blonde et al. (2023);Experiment 2;Orientation;1;2;-7.0;38.0;-78.0;40.0;27;2
7;6;9;3;1.36560630006716;4;10.0;238;Blonde et al. (2023);Experiment 2;Orientation;1;2;10.0;3.0;48.0;-68.0;28;2
7;123;127;4;1.83211600012146;4;63.0;239;Blonde et al. (2023);Experiment 2;Orientation;1;2;63.0;73.0;66.0;-69.0;29;2
7;37;43;6;1.28222179994918;4;86.0;240;Blonde et al. (2023);Experiment 2;Orientation;1;2;86.0;-31.0;-21.0;-28.0;30;2
7;51;41;-10;1.3320675001014;4;-14.0;241;Blonde et al. (2023);Experiment 2;Orientation;1;2;-14.0;72.0;-45.0;-35.0;31;2
7;136;24;68;2.64891500002705;4;-85.0;242;Blonde et al. (2023);Experiment 2;Orientation;1;2;-85.0;81.0;-13.0;50.0;32;2
7;77;75;-2;1.26555599994026;4;59.0;243;Blonde et al. (2023);Experiment 2;Orientation;1;2;59.0;-26.0;-40.0;46.0;33;2
7;37;40;3;0.598982600029558;4;40.0;244;Blonde et al. (2023);Experiment 2;Orientation;1;2;40.0;-81.0;14.0;0.0;34;2
7;162;158;-4;2.53944459999911;4;55.0;245;Blonde et al. (2023);Experiment 2;Orientation;1;2;55.0;-85.0;-26.0;69.0;35;2
7;132;143;11;2.0312473999802;4;30.0;246;Blonde et al. (2023);Experiment 2;Orientation;1;2;30.0;85.0;-55.0;4.0;36;2
7;91;79;-12;0.865518900100142;4;41.0;247;Blonde et al. (2023);Experiment 2;Orientation;1;2;41.0;71.0;-54.0;-14.0;37;2
7;98;99;1;1.69034170010127;4;-7.0;248;Blonde et al. (2023);Experiment 2;Orientation;1;2;-7.0;34.0;64.0;-61.0;38;2
7;16;27;11;2.73121370002627;4;82.0;249;Blonde et al. (2023);Experiment 2;Orientation;1;2;82.0;75.0;-64.0;-34.0;39;2
7;42;26;-16;2.34875080012716;4;-26.0;250;Blonde et al. (2023);Experiment 2;Orientation;1;2;-26.0;56.0;49.0;90.0;40;2
7;73;53;-20;1.16533910017461;4;-31.0;251;Blonde et al. (2023);Experiment 2;Orientation;1;2;-31.0;-57.0;25.0;18.0;41;2
7;129;124;-5;1.89882680005394;4;-56.0;252;Blonde et al. (2023);Experiment 2;Orientation;1;2;-56.0;-87.0;67.0;-31.0;42;2
7;36;36;0;1.79046460008249;4;-87.0;253;Blonde et al. (2023);Experiment 2;Orientation;1;2;-87.0;37.0;6.0;-20.0;43;2
7;106;104;-2;0.990702699869871;4;-70.0;254;Blonde et al. (2023);Experiment 2;Orientation;1;2;-70.0;23.0;-33.0;-64.0;44;2
7;169;166;-3;1.71412500017323;4;-63.0;255;Blonde et al. (2023);Experiment 2;Orientation;1;2;-63.0;47.0;-40.0;84.0;45;2
7;75;66;-9;1.09874120005406;4;-86.0;256;Blonde et al. (2023);Experiment 2;Orientation;1;2;-86.0;31.0;-39.0;54.0;46;2
7;121;129;8;1.09867420000955;4;-46.0;257;Blonde et al. (2023);Experiment 2;Orientation;1;2;-46.0;48.0;-15.0;-85.0;47;2
7;62;71;9;1.28926869994029;4;59.0;258;Blonde et al. (2023);Experiment 2;Orientation;1;2;59.0;13.0;-73.0;44.0;48;2
7;135;136;1;1.7137898998335;4;-73.0;259;Blonde et al. (2023);Experiment 2;Orientation;1;2;-73.0;-14.0;-60.0;34.0;49;2
7;66;67;1;1.09766720002517;4;69.0;260;Blonde et al. (2023);Experiment 2;Orientation;1;2;69.0;-4.0;55.0;9.0;50;2
7;90;75;-15;0.682393600000069;4;-24.0;261;Blonde et al. (2023);Experiment 2;Orientation;1;2;-24.0;45.0;-28.0;31.0;51;2
7;118;142;24;1.40719509986229;4;-28.0;262;Blonde et al. (2023);Experiment 2;Orientation;1;2;-28.0;-52.0;17.0;-56.0;52;2
7;57;48;-9;1.38129830011167;4;61.0;263;Blonde et al. (2023);Experiment 2;Orientation;1;2;61.0;33.0;9.0;78.0;53;2
7;159;162;3;1.31572670000605;4;78.0;264;Blonde et al. (2023);Experiment 2;Orientation;1;2;78.0;-41.0;-69.0;87.0;54;2
7;96;99;3;1.03237970010377;4;63.0;265;Blonde et al. (2023);Experiment 2;Orientation;1;2;63.0;-39.0;22.0;-6.0;55;2
7;167;164;-3;1.01482969988137;4;-71.0;266;Blonde et al. (2023);Experiment 2;Orientation;1;2;-71.0;-8.0;70.0;-49.0;56;2
7;176;172;-4;1.15662980009802;4;-9.0;267;Blonde et al. (2023);Experiment 2;Orientation;1;2;-9.0;-80.0;-17.0;61.0;57;2
7;76;75;-1;1.10722479992546;4;-80.0;268;Blonde et al. (2023);Experiment 2;Orientation;1;2;-80.0;-89.0;20.0;83.0;58;2
7;14;12;-2;1.44893150008284;4;62.0;269;Blonde et al. (2023);Experiment 2;Orientation;1;2;62.0;-18.0;-27.0;82.0;59;2
7;102;118;16;1.26535809994675;4;-88.0;270;Blonde et al. (2023);Experiment 2;Orientation;1;2;-88.0;-26.0;74.0;65.0;60;2
7;96;106;10;1.87360769999214;4;6.0;271;Blonde et al. (2023);Experiment 2;Orientation;1;2;6.0;-82.0;-20.0;80.0;61;2
7;175;0;5;1.79032639996149;4;-79.0;272;Blonde et al. (2023);Experiment 2;Orientation;1;2;-79.0;-73.0;19.0;81.0;62;2
7;36;20;-16;1.49826809996739;4;-41.0;273;Blonde et al. (2023);Experiment 2;Orientation;1;2;-41.0;60.0;66.0;-22.0;63;2
7;163;170;7;1.01405539992265;4;53.0;274;Blonde et al. (2023);Experiment 2;Orientation;1;2;53.0;12.0;-67.0;-61.0;64;2
7;51;53;2;1.86460600001737;4;-68.0;275;Blonde et al. (2023);Experiment 2;Orientation;1;2;-68.0;-15.0;-56.0;45.0;65;2
7;121;119;-2;1.00618629995733;4;-70.0;276;Blonde et al. (2023);Experiment 2;Orientation;1;2;-70.0;42.0;-85.0;54.0;66;2
7;130;130;0;1.81552410009317;4;-9.0;277;Blonde et al. (2023);Experiment 2;Orientation;1;2;-9.0;-79.0;33.0;86.0;67;2
7;157;156;-1;2.18936980003491;4;-27.0;278;Blonde et al. (2023);Experiment 2;Orientation;1;2;-27.0;-36.0;74.0;6.0;68;2
7;25;17;-8;2.15721020009369;4;-48.0;279;Blonde et al. (2023);Experiment 2;Orientation;1;2;-48.0;-75.0;-84.0;26.0;69;2
7;79;66;-13;1.10729260020889;4;-54.0;280;Blonde et al. (2023);Experiment 2;Orientation;1;2;-54.0;78.0;51.0;42.0;70;2
8;72;79;7;2.66448420006782;1;;1;Blonde et al. (2023);Experiment 2;Orientation;1;2;;;;;1;1
8;72;128;56;2.06455180002376;1;0.0;2;Blonde et al. (2023);Experiment 2;Orientation;1;2;;;;;2;1
8;65;46;-19;1.18183479993604;1;7.0;3;Blonde et al. (2023);Experiment 2;Orientation;1;2;;;;;3;1
8;11;8;-3;1.34778209985234;1;54.0;4;Blonde et al. (2023);Experiment 2;Orientation;1;2;;;;;4;1
8;43;1;-42;4.6562799999956;1;-32.0;5;Blonde et al. (2023);Experiment 2;Orientation;1;2;-32.0;22.0;29.0;29.0;5;1
8;162;28;46;1.70606370014139;1;61.0;6;Blonde et al. (2023);Experiment 2;Orientation;1;2;61.0;29.0;83.0;90.0;6;1
8;151;146;-5;0.556557900039479;1;11.0;7;Blonde et al. (2023);Experiment 2;Orientation;1;2;11.0;72.0;40.0;-86.0;7;1
8;71;63;-8;1.95691960002296;1;80.0;8;Blonde et al. (2023);Experiment 2;Orientation;1;2;80.0;-89.0;-28.0;-60.0;8;1
8;58;53;-5;1.51463419990614;1;13.0;9;Blonde et al. (2023);Experiment 2;Orientation;1;2;13.0;-87.0;-76.0;-15.0;9;1
8;125;134;9;2.64745990000665;1;-67.0;10;Blonde et al. (2023);Experiment 2;Orientation;1;2;-67.0;-54.0;26.0;37.0;10;1
8;149;155;6;0.998361699981615;1;-24.0;11;Blonde et al. (2023);Experiment 2;Orientation;1;2;-24.0;89.0;-78.0;2.0;11;1
8;161;145;-16;1.9311859998852;1;-12.0;12;Blonde et al. (2023);Experiment 2;Orientation;1;2;-12.0;-36.0;77.0;90.0;12;1
8;92;91;-1;1.99044229998253;1;69.0;13;Blonde et al. (2023);Experiment 2;Orientation;1;2;69.0;57.0;33.0;-34.0;13;1
8;119;126;7;3.18056440004148;1;-27.0;14;Blonde et al. (2023);Experiment 2;Orientation;1;2;-27.0;42.0;30.0;6.0;14;1
8;52;25;-27;1.54060589987785;1;67.0;15;Blonde et al. (2023);Experiment 2;Orientation;1;2;67.0;40.0;-71.0;-83.0;15;1
8;133;130;-3;4.03092129994184;1;-81.0;16;Blonde et al. (2023);Experiment 2;Orientation;1;2;-81.0;-14.0;-41.0;28.0;16;1
8;57;52;-5;1.86531240004115;1;76.0;17;Blonde et al. (2023);Experiment 2;Orientation;1;2;76.0;-5.0;62.0;35.0;17;1
8;108;40;-68;1.23220249987207;1;-51.0;18;Blonde et al. (2023);Experiment 2;Orientation;1;2;-51.0;25.0;-56.0;11.0;18;1
8;99;97;-2;1.13203749991953;1;9.0;19;Blonde et al. (2023);Experiment 2;Orientation;1;2;9.0;-42.0;34.0;-47.0;19;1
8;63;55;-8;1.74038839992136;1;36.0;20;Blonde et al. (2023);Experiment 2;Orientation;1;2;36.0;45.0;-6.0;70.0;20;1
8;121;124;3;2.26454610005021;1;-58.0;21;Blonde et al. (2023);Experiment 2;Orientation;1;2;-58.0;-22.0;-13.0;-64.0;21;1
8;13;22;9;1.76411719992757;1;-72.0;22;Blonde et al. (2023);Experiment 2;Orientation;1;2;-72.0;50.0;86.0;-85.0;22;1
8;125;139;14;0.948970899917185;1;68.0;23;Blonde et al. (2023);Experiment 2;Orientation;1;2;68.0;-4.0;-62.0;-26.0;23;1
8;60;43;-17;1.40676779998466;1;65.0;24;Blonde et al. (2023);Experiment 2;Orientation;1;2;65.0;-47.0;61.0;3.0;24;1
8;48;142;-86;1.90605940017849;1;12.0;25;Blonde et al. (2023);Experiment 2;Orientation;1;2;12.0;77.0;-35.0;73.0;25;1
8;106;122;16;1.45621989993379;1;-58.0;26;Blonde et al. (2023);Experiment 2;Orientation;1;2;-58.0;-46.0;19.0;87.0;26;1
8;170;161;-9;0.956084700068459;1;-64.0;27;Blonde et al. (2023);Experiment 2;Orientation;1;2;-64.0;58.0;70.0;-45.0;27;1
8;174;172;-2;1.12268140004016;1;-4.0;28;Blonde et al. (2023);Experiment 2;Orientation;1;2;-4.0;-68.0;54.0;66.0;28;1
8;121;140;19;1.84892579982989;1;53.0;29;Blonde et al. (2023);Experiment 2;Orientation;1;2;53.0;49.0;-15.0;-73.0;29;1
8;160;145;-15;1.27389440010302;1;-39.0;30;Blonde et al. (2023);Experiment 2;Orientation;1;2;-39.0;14.0;10.0;-54.0;30;1
8;24;16;-8;1.44785770005547;1;-44.0;31;Blonde et al. (2023);Experiment 2;Orientation;1;2;-44.0;-83.0;-30.0;-34.0;31;1
8;60;29;-31;1.01437680004165;1;-36.0;32;Blonde et al. (2023);Experiment 2;Orientation;1;2;-36.0;-80.0;61.0;-66.0;32;1
8;31;23;-8;1.94881680002436;1;29.0;33;Blonde et al. (2023);Experiment 2;Orientation;1;2;29.0;-7.0;-51.0;90.0;33;1
8;152;137;-15;0.91496800002642;1;59.0;34;Blonde et al. (2023);Experiment 2;Orientation;1;2;59.0;88.0;52.0;8.0;34;1
8;21;20;-1;0.532113800058141;1;-49.0;35;Blonde et al. (2023);Experiment 2;Orientation;1;2;-49.0;10.0;39.0;3.0;35;1
8;69;49;-20;1.92280389997177;1;-48.0;36;Blonde et al. (2023);Experiment 2;Orientation;1;2;-48.0;83.0;-38.0;-9.0;36;1
8;60;35;-25;0.74828639999032;1;9.0;37;Blonde et al. (2023);Experiment 2;Orientation;1;2;9.0;-39.0;-88.0;-29.0;37;1
8;146;84;-62;1.98935419996269;1;-86.0;38;Blonde et al. (2023);Experiment 2;Orientation;1;2;-86.0;-77.0;55.0;6.0;38;1
8;175;166;-9;1.30623169988394;1;-29.0;39;Blonde et al. (2023);Experiment 2;Orientation;1;2;-29.0;65.0;74.0;26.0;39;1
8;23;24;1;1.7228568000719;1;-28.0;40;Blonde et al. (2023);Experiment 2;Orientation;1;2;-28.0;-57.0;37.0;46.0;40;1
8;112;115;3;2.51407409994863;1;-89.0;41;Blonde et al. (2023);Experiment 2;Orientation;1;2;-89.0;63.0;34.0;-52.0;41;1
8;80;72;-8;1.48196369991638;1;32.0;42;Blonde et al. (2023);Experiment 2;Orientation;1;2;32.0;-57.0;-85.0;66.0;42;1
8;64;51;-13;2.27365519991145;1;16.0;43;Blonde et al. (2023);Experiment 2;Orientation;1;2;16.0;48.0;-41.0;-69.0;43;1
8;128;125;-3;1.60706890001893;1;-64.0;44;Blonde et al. (2023);Experiment 2;Orientation;1;2;-64.0;-48.0;-16.0;75.0;44;1
8;49;49;0;1.22268119989894;1;79.0;45;Blonde et al. (2023);Experiment 2;Orientation;1;2;79.0;15.0;31.0;63.0;45;1
8;90;96;6;1.38938899990171;1;-41.0;46;Blonde et al. (2023);Experiment 2;Orientation;1;2;-41.0;38.0;-26.0;-10.0;46;1
8;118;4;66;1.26539830002002;1;-28.0;47;Blonde et al. (2023);Experiment 2;Orientation;1;2;-28.0;-69.0;10.0;-54.0;47;1
8;176;7;11;1.08115929993801;1;-58.0;48;Blonde et al. (2023);Experiment 2;Orientation;1;2;-58.0;-86.0;53.0;-48.0;48;1
8;61;143;82;0.989463199861348;1;-65.0;49;Blonde et al. (2023);Experiment 2;Orientation;1;2;-65.0;57.0;29.0;-12.0;49;1
8;140;120;-20;1.82210300001316;1;-79.0;50;Blonde et al. (2023);Experiment 2;Orientation;1;2;-79.0;36.0;-22.0;-50.0;50;1
8;150;128;-22;1.49887869996019;1;-10.0;51;Blonde et al. (2023);Experiment 2;Orientation;1;2;-10.0;-89.0;26.0;-32.0;51;1
8;42;30;-12;1.68942009983584;1;-72.0;52;Blonde et al. (2023);Experiment 2;Orientation;1;2;-72.0;-82.0;19.0;-46.0;52;1
8;103;27;-76;1.18220270005986;1;-61.0;53;Blonde et al. (2023);Experiment 2;Orientation;1;2;-61.0;47.0;37.0;-42.0;53;1
8;26;43;17;2.3488610999193;1;77.0;54;Blonde et al. (2023);Experiment 2;Orientation;1;2;77.0;16.0;-56.0;-66.0;54;1
8;163;134;-29;1.05625779996626;1;43.0;55;Blonde et al. (2023);Experiment 2;Orientation;1;2;43.0;-60.0;59.0;-13.0;55;1
8;23;31;8;1.95722989994101;1;-40.0;56;Blonde et al. (2023);Experiment 2;Orientation;1;2;-40.0;3.0;80.0;19.0;56;1
8;111;140;29;2.51432639989071;1;-88.0;57;Blonde et al. (2023);Experiment 2;Orientation;1;2;-88.0;52.0;-85.0;-8.0;57;1
8;3;0;-3;1.57380220014602;1;-72.0;58;Blonde et al. (2023);Experiment 2;Orientation;1;2;-72.0;20.0;-20.0;23.0;58;1
8;26;20;-6;0.723894299939275;1;-23.0;59;Blonde et al. (2023);Experiment 2;Orientation;1;2;-23.0;85.0;-3.0;-43.0;59;1
8;19;17;-2;0.965128300013021;1;7.0;60;Blonde et al. (2023);Experiment 2;Orientation;1;2;7.0;-16.0;-88.0;4.0;60;1
8;165;141;-24;1.35642309999093;1;34.0;61;Blonde et al. (2023);Experiment 2;Orientation;1;2;34.0;41.0;18.0;-54.0;61;1
8;119;135;16;1.97292000008747;1;46.0;62;Blonde et al. (2023);Experiment 2;Orientation;1;2;46.0;80.0;87.0;64.0;62;1
8;35;32;-3;1.70714300009422;1;84.0;63;Blonde et al. (2023);Experiment 2;Orientation;1;2;84.0;-50.0;-16.0;-9.0;63;1
8;171;70;79;1.57324519986287;1;44.0;64;Blonde et al. (2023);Experiment 2;Orientation;1;2;44.0;-52.0;-6.0;28.0;64;1
8;166;159;-7;1.09885430010036;1;5.0;65;Blonde et al. (2023);Experiment 2;Orientation;1;2;5.0;49.0;-47.0;-1.0;65;1
8;120;134;14;3.01532269991003;1;46.0;66;Blonde et al. (2023);Experiment 2;Orientation;1;2;46.0;51.0;-85.0;-1.0;66;1
8;171;160;-11;1.26545040006749;1;-51.0;67;Blonde et al. (2023);Experiment 2;Orientation;1;2;-51.0;-5.0;0.0;44.0;67;1
8;57;44;-13;2.15617860015482;1;-66.0;68;Blonde et al. (2023);Experiment 2;Orientation;1;2;-66.0;63.0;-71.0;-66.0;68;1
8;174;152;-22;1.66420320002362;1;63.0;69;Blonde et al. (2023);Experiment 2;Orientation;1;2;63.0;-3.0;-54.0;-8.0;69;1
8;160;158;-2;1.80623329989612;1;14.0;70;Blonde et al. (2023);Experiment 2;Orientation;1;2;14.0;77.0;11.0;-40.0;70;1
8;41;21;-20;0.981922599952668;3;72.0;141;Blonde et al. (2023);Experiment 2;Orientation;1;2;;;;;1;2
8;178;175;-3;1.61463480000384;3;43.0;142;Blonde et al. (2023);Experiment 2;Orientation;1;2;;;;;2;2
8;99;107;8;1.03218470001593;3;79.0;143;Blonde et al. (2023);Experiment 2;Orientation;1;2;;;;;3;2
8;168;142;-26;0.890555000165477;3;-69.0;144;Blonde et al. (2023);Experiment 2;Orientation;1;2;;;;;4;2
8;102;110;8;1.1238281999249;3;66.0;145;Blonde et al. (2023);Experiment 2;Orientation;1;2;66.0;-3.0;76.0;-61.0;5;2
8;102;79;-23;0.798833099892363;3;0.0;146;Blonde et al. (2023);Experiment 2;Orientation;1;2;0.0;66.0;-3.0;76.0;6;2
8;127;110;-17;1.96418990008533;3;-25.0;147;Blonde et al. (2023);Experiment 2;Orientation;1;2;-25.0;-25.0;41.0;-28.0;7;2
8;44;42;-2;1.41557519999333;3;83.0;148;Blonde et al. (2023);Experiment 2;Orientation;1;2;83.0;58.0;58.0;-56.0;8;2
8;137;133;-4;1.80717089981772;3;87.0;149;Blonde et al. (2023);Experiment 2;Orientation;1;2;87.0;-10.0;-35.0;-35.0;9;2
8;61;54;-7;1.30719700013287;3;76.0;150;Blonde et al. (2023);Experiment 2;Orientation;1;2;76.0;-17.0;66.0;41.0;10;2
8;40;49;9;0.982158200116828;3;21.0;151;Blonde et al. (2023);Experiment 2;Orientation;1;2;21.0;-83.0;4.0;87.0;11;2
8;88;81;-7;1.31537530012429;3;-48.0;152;Blonde et al. (2023);Experiment 2;Orientation;1;2;-48.0;-27.0;49.0;-44.0;12;2
8;1;49;48;1.06538149993867;3;87.0;153;Blonde et al. (2023);Experiment 2;Orientation;1;2;87.0;39.0;60.0;-44.0;13;2
8;179;144;-35;1.01463179988787;3;2.0;154;Blonde et al. (2023);Experiment 2;Orientation;1;2;2.0;89.0;41.0;62.0;14;2
8;173;144;-29;1.01548000006005;3;6.0;155;Blonde et al. (2023);Experiment 2;Orientation;1;2;6.0;8.0;-85.0;47.0;15;2
8;175;160;-15;1.37394699989818;3;-2.0;156;Blonde et al. (2023);Experiment 2;Orientation;1;2;-2.0;4.0;6.0;-87.0;16;2
8;1;113;-68;2.02306220005266;3;-6.0;157;Blonde et al. (2023);Experiment 2;Orientation;1;2;-6.0;-8.0;-2.0;0.0;17;2
8;118;135;17;1.54879310005344;3;63.0;158;Blonde et al. (2023);Experiment 2;Orientation;1;2;63.0;57.0;55.0;61.0;18;2
8;99;109;10;1.82369420002215;3;19.0;159;Blonde et al. (2023);Experiment 2;Orientation;1;2;19.0;82.0;76.0;74.0;19;2
8;174;115;-59;3.29865349992178;3;-75.0;160;Blonde et al. (2023);Experiment 2;Orientation;1;2;-75.0;-56.0;7.0;1.0;20;2
8;104;114;10;0.865648799808696;3;70.0;161;Blonde et al. (2023);Experiment 2;Orientation;1;2;70.0;-5.0;14.0;77.0;21;2
8;28;24;-4;1.17387569998391;3;76.0;162;Blonde et al. (2023);Experiment 2;Orientation;1;2;76.0;-34.0;71.0;90.0;22;2
8;96;126;30;1.57376779988408;3;-68.0;163;Blonde et al. (2023);Experiment 2;Orientation;1;2;-68.0;8.0;78.0;3.0;23;2
8;102;115;13;1.01554849999957;3;-6.0;164;Blonde et al. (2023);Experiment 2;Orientation;1;2;-6.0;-74.0;2.0;72.0;24;2
8;63;63;0;2.09867369988933;3;39.0;165;Blonde et al. (2023);Experiment 2;Orientation;1;2;39.0;33.0;-35.0;41.0;25;2
8;68;63;-5;1.25708469981328;3;-5.0;166;Blonde et al. (2023);Experiment 2;Orientation;1;2;-5.0;34.0;28.0;-40.0;26;2
8;64;33;-31;1.19887540000491;3;4.0;167;Blonde et al. (2023);Experiment 2;Orientation;1;2;4.0;-1.0;38.0;32.0;27;2
8;154;144;-10;0.782358900178224;3;-90.0;168;Blonde et al. (2023);Experiment 2;Orientation;1;2;90.0;-86.0;89.0;-52.0;28;2
8;149;138;-11;1.19880970008671;3;5.0;169;Blonde et al. (2023);Experiment 2;Orientation;1;2;5.0;-85.0;-81.0;-86.0;29;2
8;54;58;4;1.50592590007;3;-85.0;170;Blonde et al. (2023);Experiment 2;Orientation;1;2;-85.0;-80.0;10.0;14.0;30;2
8;98;130;32;2.9235006000381;3;-44.0;171;Blonde et al. (2023);Experiment 2;Orientation;1;2;-44.0;51.0;56.0;-34.0;31;2
8;46;123;77;2.58206329983659;3;52.0;172;Blonde et al. (2023);Experiment 2;Orientation;1;2;52.0;8.0;-77.0;-72.0;32;2
8;114;123;9;1.48999670008197;3;-68.0;173;Blonde et al. (2023);Experiment 2;Orientation;1;2;-68.0;-16.0;-60.0;35.0;33;2
8;107;130;23;1.52384539996274;3;7.0;174;Blonde et al. (2023);Experiment 2;Orientation;1;2;7.0;-61.0;-9.0;-53.0;34;2
8;10;29;19;1.31551690003835;3;-83.0;175;Blonde et al. (2023);Experiment 2;Orientation;1;2;-83.0;-76.0;36.0;88.0;35;2
8;81;64;-17;1.9654061999172;3;-71.0;176;Blonde et al. (2023);Experiment 2;Orientation;1;2;-71.0;26.0;33.0;-35.0;36;2
8;145;135;-10;1.48072160012089;3;-64.0;177;Blonde et al. (2023);Experiment 2;Orientation;1;2;-64.0;45.0;-38.0;-31.0;37;2
8;115;120;5;1.90618369984441;3;30.0;178;Blonde et al. (2023);Experiment 2;Orientation;1;2;30.0;-34.0;75.0;-8.0;38;2
8;157;139;-18;1.00720439990982;3;-42.0;179;Blonde et al. (2023);Experiment 2;Orientation;1;2;-42.0;-12.0;-76.0;33.0;39;2
8;68;30;-38;1.84884979994968;3;89.0;180;Blonde et al. (2023);Experiment 2;Orientation;1;2;89.0;47.0;77.0;13.0;40;2
8;157;154;-3;1.12394580012187;3;-89.0;181;Blonde et al. (2023);Experiment 2;Orientation;1;2;-89.0;0.0;-42.0;-12.0;41;2
8;31;140;-71;1.23925730003975;3;-54.0;182;Blonde et al. (2023);Experiment 2;Orientation;1;2;-54.0;37.0;-54.0;84.0;42;2
8;177;125;-52;1.39759259996936;3;34.0;183;Blonde et al. (2023);Experiment 2;Orientation;1;2;34.0;-20.0;71.0;-20.0;43;2
8;119;121;2;1.10620680009015;3;58.0;184;Blonde et al. (2023);Experiment 2;Orientation;1;2;58.0;-88.0;38.0;-51.0;44;2
8;107;128;21;1.18218280002475;3;12.0;185;Blonde et al. (2023);Experiment 2;Orientation;1;2;12.0;70.0;-76.0;50.0;45;2
8;107;130;23;2.36548219993711;3;0.0;186;Blonde et al. (2023);Experiment 2;Orientation;1;2;0.0;12.0;70.0;-76.0;46;2
8;15;31;16;1.45615080022253;3;-88.0;187;Blonde et al. (2023);Experiment 2;Orientation;1;2;-88.0;-88.0;-76.0;-18.0;47;2
8;30;36;6;0.8321824001614;3;-15.0;188;Blonde et al. (2023);Experiment 2;Orientation;1;2;-15.0;77.0;77.0;89.0;48;2
8;87;91;4;0.690536999842152;3;-57.0;189;Blonde et al. (2023);Experiment 2;Orientation;1;2;-57.0;-72.0;20.0;20.0;49;2
8;26;23;-3;0.773724199971184;3;61.0;190;Blonde et al. (2023);Experiment 2;Orientation;1;2;61.0;4.0;-11.0;81.0;50;2
8;49;39;-10;0.715413399972022;3;-23.0;191;Blonde et al. (2023);Experiment 2;Orientation;1;2;-23.0;38.0;-19.0;-34.0;51;2
8;131;144;13;1.39790050010197;3;-82.0;192;Blonde et al. (2023);Experiment 2;Orientation;1;2;-82.0;75.0;-44.0;79.0;52;2
8;171;161;-10;1.05664380011149;3;-40.0;193;Blonde et al. (2023);Experiment 2;Orientation;1;2;-40.0;58.0;35.0;-84.0;53;2
8;174;171;-3;1.25697940005921;3;-3.0;194;Blonde et al. (2023);Experiment 2;Orientation;1;2;-3.0;-43.0;55.0;32.0;54;2
8;70;52;-18;1.49046610016376;3;-76.0;195;Blonde et al. (2023);Experiment 2;Orientation;1;2;-76.0;-79.0;61.0;-21.0;55;2
8;51;29;-22;1.29877769993618;3;19.0;196;Blonde et al. (2023);Experiment 2;Orientation;1;2;19.0;-57.0;-60.0;80.0;56;2
8;112;116;4;1.4071900001727;3;-61.0;197;Blonde et al. (2023);Experiment 2;Orientation;1;2;-61.0;-42.0;62.0;59.0;57;2
8;75;112;37;2.07283689989708;3;37.0;198;Blonde et al. (2023);Experiment 2;Orientation;1;2;37.0;-24.0;-5.0;-81.0;58;2
8;10;27;17;1.79950090008788;3;65.0;199;Blonde et al. (2023);Experiment 2;Orientation;1;2;65.0;-78.0;41.0;60.0;59;2
8;65;49;-16;0.815520900068805;3;-55.0;200;Blonde et al. (2023);Experiment 2;Orientation;1;2;-55.0;10.0;47.0;-14.0;60;2
8;131;140;9;1.04754490009509;3;-66.0;201;Blonde et al. (2023);Experiment 2;Orientation;1;2;-66.0;59.0;-56.0;-19.0;61;2
8;107;115;8;1.43218069989234;3;24.0;202;Blonde et al. (2023);Experiment 2;Orientation;1;2;24.0;-42.0;83.0;-32.0;62;2
8;19;41;22;2.9903791998513;3;88.0;203;Blonde et al. (2023);Experiment 2;Orientation;1;2;88.0;-68.0;46.0;-9.0;63;2
8;20;31;11;1.28214989998378;3;-1.0;204;Blonde et al. (2023);Experiment 2;Orientation;1;2;-1.0;87.0;-69.0;45.0;64;2
8;15;23;8;1.09043699991889;3;5.0;205;Blonde et al. (2023);Experiment 2;Orientation;1;2;5.0;4.0;-88.0;-64.0;65;2
8;95;109;14;2.36547990003601;3;-80.0;206;Blonde et al. (2023);Experiment 2;Orientation;1;2;-80.0;-75.0;-76.0;12.0;66;2
8;103;117;14;1.09874659986235;3;-8.0;207;Blonde et al. (2023);Experiment 2;Orientation;1;2;-8.0;-88.0;-83.0;-84.0;67;2
8;179;12;13;2.23876300011761;3;-76.0;208;Blonde et al. (2023);Experiment 2;Orientation;1;2;-76.0;-84.0;16.0;21.0;68;2
8;147;14;47;1.03226129990071;3;32.0;209;Blonde et al. (2023);Experiment 2;Orientation;1;2;32.0;-44.0;-52.0;48.0;69;2
8;154;148;-6;1.53915100009181;3;-7.0;210;Blonde et al. (2023);Experiment 2;Orientation;1;2;-7.0;25.0;-51.0;-59.0;70;2
9;176;2;6;2.00598330004141;2;57.0;71;Blonde et al. (2023);Experiment 2;Orientation;1;2;;;;;1;1
9;37;36;-1;1.08239690004848;2;-41.0;72;Blonde et al. (2023);Experiment 2;Orientation;1;2;;;;;2;1
9;115;124;9;25.4867145998869;2;-78.0;73;Blonde et al. (2023);Experiment 2;Orientation;1;2;;;;;3;1
9;38;41;3;0.498992000008002;2;77.0;74;Blonde et al. (2023);Experiment 2;Orientation;1;2;;;;;4;1
9;13;17;4;0.705812999978662;2;25.0;75;Blonde et al. (2023);Experiment 2;Orientation;1;2;25.0;-78.0;24.0;-17.0;5;1
9;34;39;5;0.89787570014596;2;-21.0;76;Blonde et al. (2023);Experiment 2;Orientation;1;2;-21.0;4.0;81.0;3.0;6;1
9;65;42;-23;1.34862839989364;2;-31.0;77;Blonde et al. (2023);Experiment 2;Orientation;1;2;-31.0;-52.0;-27.0;50.0;7;1
9;173;165;-8;2.76473759999499;2;72.0;78;Blonde et al. (2023);Experiment 2;Orientation;1;2;72.0;41.0;20.0;45.0;8;1
9;26;35;9;2.03958080010489;2;-33.0;79;Blonde et al. (2023);Experiment 2;Orientation;1;2;-33.0;39.0;8.0;-13.0;9;1
9;166;159;-7;1.36450329981744;2;40.0;80;Blonde et al. (2023);Experiment 2;Orientation;1;2;40.0;7.0;79.0;48.0;10;1
9;9;14;5;1.16547920019366;2;-23.0;81;Blonde et al. (2023);Experiment 2;Orientation;1;2;-23.0;17.0;-16.0;56.0;11;1
9;118;132;14;1.73969709989615;2;71.0;82;Blonde et al. (2023);Experiment 2;Orientation;1;2;71.0;48.0;88.0;55.0;12;1
9;134;129;-5;1.84053849987686;2;-16.0;83;Blonde et al. (2023);Experiment 2;Orientation;1;2;-16.0;55.0;32.0;72.0;13;1
9;69;66;-3;1.28961450001225;2;65.0;84;Blonde et al. (2023);Experiment 2;Orientation;1;2;65.0;49.0;-60.0;-83.0;14;1
9;99;101;2;1.32379220006987;2;-30.0;85;Blonde et al. (2023);Experiment 2;Orientation;1;2;-30.0;35.0;19.0;90.0;15;1
9;4;10;6;1.43128439993598;2;-85.0;86;Blonde et al. (2023);Experiment 2;Orientation;1;2;-85.0;65.0;-50.0;-66.0;16;1
9;41;44;3;1.03106269985437;2;-37.0;87;Blonde et al. (2023);Experiment 2;Orientation;1;2;-37.0;58.0;28.0;-87.0;17;1
9;46;38;-8;0.973725399933755;2;-5.0;88;Blonde et al. (2023);Experiment 2;Orientation;1;2;-5.0;-42.0;53.0;23.0;18;1
9;37;29;-8;1.04881040006876;2;9.0;89;Blonde et al. (2023);Experiment 2;Orientation;1;2;9.0;4.0;-33.0;62.0;19;1
9;117;131;14;0.690552999963984;2;-80.0;90;Blonde et al. (2023);Experiment 2;Orientation;1;2;-80.0;-71.0;-76.0;67.0;20;1
9;32;29;-3;1.70619819988497;2;85.0;91;Blonde et al. (2023);Experiment 2;Orientation;1;2;85.0;5.0;14.0;9.0;21;1
9;22;27;5;1.18938679993153;2;10.0;92;Blonde et al. (2023);Experiment 2;Orientation;1;2;10.0;-85.0;15.0;24.0;22;1
9;135;24;69;1.04780669999309;2;67.0;93;Blonde et al. (2023);Experiment 2;Orientation;1;2;67.0;77.0;-18.0;82.0;23;1
9;4;10;6;1.53215919993818;2;-49.0;94;Blonde et al. (2023);Experiment 2;Orientation;1;2;-49.0;18.0;28.0;-67.0;24;1
9;71;55;-16;0.722844799980521;2;-67.0;95;Blonde et al. (2023);Experiment 2;Orientation;1;2;-67.0;64.0;-49.0;-39.0;25;1
9;30;43;13;0.948775599943474;2;41.0;96;Blonde et al. (2023);Experiment 2;Orientation;1;2;41.0;-26.0;-75.0;-8.0;26;1
9;110;117;7;1.17278190003708;2;-80.0;97;Blonde et al. (2023);Experiment 2;Orientation;1;2;-80.0;-39.0;74.0;25.0;27;1
9;112;132;20;1.19052860001102;2;-2.0;98;Blonde et al. (2023);Experiment 2;Orientation;1;2;-2.0;-82.0;-41.0;72.0;28;1
9;92;102;10;1.05601229984313;2;20.0;99;Blonde et al. (2023);Experiment 2;Orientation;1;2;20.0;18.0;-62.0;-21.0;29;1
9;79;61;-18;0.757077099988237;2;13.0;100;Blonde et al. (2023);Experiment 2;Orientation;1;2;13.0;33.0;31.0;-49.0;30;1
9;51;41;-10;2.17359559983015;2;28.0;101;Blonde et al. (2023);Experiment 2;Orientation;1;2;28.0;41.0;61.0;59.0;31;1
9;114;117;3;1.2147233998403;2;-63.0;102;Blonde et al. (2023);Experiment 2;Orientation;1;2;-63.0;-35.0;-22.0;-2.0;32;1
9;121;127;6;1.42367559997365;2;-7.0;103;Blonde et al. (2023);Experiment 2;Orientation;1;2;-7.0;-70.0;-42.0;-29.0;33;1
9;16;18;2;1.43210679991171;2;-75.0;104;Blonde et al. (2023);Experiment 2;Orientation;1;2;-75.0;-82.0;35.0;63.0;34;1
9;91;138;47;0.815531599801034;2;-75.0;105;Blonde et al. (2023);Experiment 2;Orientation;1;2;-75.0;30.0;23.0;-40.0;35;1
9;88;91;3;1.26571379997768;2;3.0;106;Blonde et al. (2023);Experiment 2;Orientation;1;2;3.0;-72.0;33.0;26.0;36;1
9;33;26;-7;1.49863580008969;2;55.0;107;Blonde et al. (2023);Experiment 2;Orientation;1;2;55.0;58.0;-17.0;88.0;37;1
9;53;41;-12;2.2482231000904;2;-20.0;108;Blonde et al. (2023);Experiment 2;Orientation;1;2;-20.0;35.0;38.0;-37.0;38;1
9;130;143;13;0.948972100159153;2;-77.0;109;Blonde et al. (2023);Experiment 2;Orientation;1;2;-77.0;83.0;-42.0;-39.0;39;1
9;137;151;14;0.957184199942276;2;-7.0;110;Blonde et al. (2023);Experiment 2;Orientation;1;2;-7.0;-84.0;76.0;-49.0;40;1
9;144;131;-13;0.965593999950215;2;-7.0;111;Blonde et al. (2023);Experiment 2;Orientation;1;2;-7.0;-14.0;89.0;69.0;41;1
9;101;113;12;1.58230000012554;2;43.0;112;Blonde et al. (2023);Experiment 2;Orientation;1;2;43.0;36.0;29.0;-48.0;42;1
9;106;126;20;0.848882599966601;2;-5.0;113;Blonde et al. (2023);Experiment 2;Orientation;1;2;-5.0;38.0;31.0;24.0;43;1
9;123;129;6;0.706228400114924;2;-17.0;114;Blonde et al. (2023);Experiment 2;Orientation;1;2;-17.0;-22.0;21.0;14.0;44;1
9;144;142;-2;1.41419579996727;2;-21.0;115;Blonde et al. (2023);Experiment 2;Orientation;1;2;-21.0;-38.0;-43.0;0.0;45;1
9;42;41;-1;1.53109459998086;2;-78.0;116;Blonde et al. (2023);Experiment 2;Orientation;1;2;-78.0;81.0;64.0;59.0;46;1
9;116;119;3;0.990508599905297;2;-74.0;117;Blonde et al. (2023);Experiment 2;Orientation;1;2;-74.0;28.0;7.0;-10.0;47;1
9;158;143;-15;1.28224959992804;2;-42.0;118;Blonde et al. (2023);Experiment 2;Orientation;1;2;-42.0;64.0;-14.0;-35.0;48;1
9;108;124;16;1.32388709997758;2;50.0;119;Blonde et al. (2023);Experiment 2;Orientation;1;2;50.0;8.0;-66.0;36.0;49;1
9;152;150;-2;1.50720049999654;2;-44.0;120;Blonde et al. (2023);Experiment 2;Orientation;1;2;-44.0;6.0;-36.0;70.0;50;1
9;39;22;-17;0.989937999984249;2;-67.0;121;Blonde et al. (2023);Experiment 2;Orientation;1;2;-67.0;69.0;-61.0;77.0;51;1
9;3;14;11;1.39813530002721;2;36.0;122;Blonde et al. (2023);Experiment 2;Orientation;1;2;36.0;-31.0;-75.0;-25.0;52;1
9;22;28;6;1.7311997001525;2;-19.0;123;Blonde et al. (2023);Experiment 2;Orientation;1;2;-19.0;17.0;-50.0;86.0;53;1
9;122;123;1;1.45728730014525;2;80.0;124;Blonde et al. (2023);Experiment 2;Orientation;1;2;80.0;61.0;-83.0;30.0;54;1
9;80;89;9;1.10720909992233;2;42.0;125;Blonde et al. (2023);Experiment 2;Orientation;1;2;42.0;-58.0;-77.0;-41.0;55;1
9;9;14;5;0.815810499945655;2;71.0;126;Blonde et al. (2023);Experiment 2;Orientation;1;2;71.0;-67.0;13.0;-6.0;56;1
9;46;48;2;0.956238700076938;2;-37.0;127;Blonde et al. (2023);Experiment 2;Orientation;1;2;-37.0;34.0;76.0;-24.0;57;1
9;145;142;-3;1.37376320012845;2;81.0;128;Blonde et al. (2023);Experiment 2;Orientation;1;2;81.0;44.0;-65.0;-23.0;58;1
9;146;144;-2;1.66443999996409;2;-1.0;129;Blonde et al. (2023);Experiment 2;Orientation;1;2;-1.0;80.0;43.0;-66.0;59;1
9;161;166;5;2.41544420015998;2;-15.0;130;Blonde et al. (2023);Experiment 2;Orientation;1;2;-15.0;-16.0;65.0;28.0;60;1
9;88;105;17;2.64040239993483;2;73.0;131;Blonde et al. (2023);Experiment 2;Orientation;1;2;73.0;58.0;57.0;-42.0;61;1
9;173;2;9;0.673939400119707;2;-85.0;132;Blonde et al. (2023);Experiment 2;Orientation;1;2;-85.0;-12.0;-27.0;-28.0;62;1
9;38;28;-10;1.43222319986671;2;-45.0;133;Blonde et al. (2023);Experiment 2;Orientation;1;2;-45.0;50.0;-57.0;-72.0;63;1
9;150;160;10;1.28218490001746;2;68.0;134;Blonde et al. (2023);Experiment 2;Orientation;1;2;68.0;23.0;-62.0;11.0;64;1
9;167;163;-4;2.50707870000042;2;-17.0;135;Blonde et al. (2023);Experiment 2;Orientation;1;2;-17.0;51.0;6.0;-79.0;65;1
9;37;29;-8;3.46518810000271;2;-50.0;136;Blonde et al. (2023);Experiment 2;Orientation;1;2;-50.0;-67.0;1.0;-44.0;66;1
9;11;108;-83;1.57384379999712;2;26.0;137;Blonde et al. (2023);Experiment 2;Orientation;1;2;26.0;-24.0;-41.0;27.0;67;1
9;90;95;5;0.87378180003725;2;-79.0;138;Blonde et al. (2023);Experiment 2;Orientation;1;2;-79.0;-53.0;77.0;60.0;68;1
9;153;152;-1;1.2059491998516;2;-63.0;139;Blonde et al. (2023);Experiment 2;Orientation;1;2;-63.0;38.0;64.0;14.0;69;1
9;33;27;-6;2.00628530001268;2;-60.0;140;Blonde et al. (2023);Experiment 2;Orientation;1;2;-60.0;57.0;-22.0;4.0;70;1
9;115;121;6;1.9404486999847;4;-69.0;211;Blonde et al. (2023);Experiment 2;Orientation;1;2;;;;;1;2
9;59;60;1;0.982231899863109;4;56.0;212;Blonde et al. (2023);Experiment 2;Orientation;1;2;;;;;2;2
9;107;122;15;0.698480700142682;4;-48.0;213;Blonde et al. (2023);Experiment 2;Orientation;1;2;;;;;3;2
9;55;57;2;2.61520739994012;4;52.0;214;Blonde et al. (2023);Experiment 2;Orientation;1;2;;;;;4;2
9;173;152;-21;5.60547569999471;4;62.0;215;Blonde et al. (2023);Experiment 2;Orientation;1;2;62.0;-66.0;66.0;-58.0;5;2
9;44;55;11;1.28183859982528;4;-51.0;216;Blonde et al. (2023);Experiment 2;Orientation;1;2;-51.0;11.0;63.0;15.0;6;2
9;23;25;2;1.95569780003279;4;21.0;217;Blonde et al. (2023);Experiment 2;Orientation;1;2;21.0;-30.0;32.0;84.0;7;2
9;170;159;-11;0.998885999899358;4;33.0;218;Blonde et al. (2023);Experiment 2;Orientation;1;2;33.0;54.0;3.0;65.0;8;2
9;41;37;-4;2.64763390016742;4;-51.0;219;Blonde et al. (2023);Experiment 2;Orientation;1;2;-51.0;-18.0;3.0;-48.0;9;2
9;10;18;8;3.9055000001099;4;31.0;220;Blonde et al. (2023);Experiment 2;Orientation;1;2;31.0;-20.0;13.0;34.0;10;2
9;125;128;3;2.01525710010901;4;65.0;221;Blonde et al. (2023);Experiment 2;Orientation;1;2;65.0;-84.0;45.0;78.0;11;2
9;154;140;-14;1.0979005000554;4;-29.0;222;Blonde et al. (2023);Experiment 2;Orientation;1;2;-29.0;36.0;67.0;16.0;12;2
9;67;75;8;3.49766739993356;4;87.0;223;Blonde et al. (2023);Experiment 2;Orientation;1;2;87.0;58.0;-57.0;-26.0;13;2
9;70;65;-5;0.807171500055119;4;-3.0;224;Blonde et al. (2023);Experiment 2;Orientation;1;2;-3.0;84.0;55.0;-60.0;14;2
9;138;139;1;1.83203419996426;4;-68.0;225;Blonde et al. (2023);Experiment 2;Orientation;1;2;-68.0;-71.0;16.0;-13.0;15;2
9;161;144;-17;2.0739511998836;4;-23.0;226;Blonde et al. (2023);Experiment 2;Orientation;1;2;-23.0;89.0;86.0;-7.0;16;2
9;76;70;-6;2.32367939990945;4;85.0;227;Blonde et al. (2023);Experiment 2;Orientation;1;2;85.0;62.0;-6.0;-9.0;17;2
9;17;22;5;3.67352339997888;4;59.0;228;Blonde et al. (2023);Experiment 2;Orientation;1;2;59.0;-36.0;-59.0;53.0;18;2
9;117;116;-1;2.1145238999743;4;80.0;229;Blonde et al. (2023);Experiment 2;Orientation;1;2;80.0;-41.0;44.0;21.0;19;2
9;80;76;-4;1.59868249995634;4;37.0;230;Blonde et al. (2023);Experiment 2;Orientation;1;2;37.0;-63.0;-4.0;81.0;20;2
9;113;106;-7;1.22354170004837;4;-33.0;231;Blonde et al. (2023);Experiment 2;Orientation;1;2;-33.0;4.0;84.0;-37.0;21;2
9;3;6;3;1.25614219997078;4;-70.0;232;Blonde et al. (2023);Experiment 2;Orientation;1;2;-70.0;77.0;-66.0;14.0;22;2
9;17;20;3;1.11548679997213;4;-14.0;233;Blonde et al. (2023);Experiment 2;Orientation;1;2;-14.0;-84.0;63.0;-80.0;23;2
9;116;120;4;1.248814499937;4;81.0;234;Blonde et al. (2023);Experiment 2;Orientation;1;2;81.0;67.0;-3.0;-36.0;24;2
9;59;63;4;1.6236969998572;4;57.0;235;Blonde et al. (2023);Experiment 2;Orientation;1;2;57.0;-42.0;-56.0;54.0;25;2
9;111;105;-6;2.53201389987953;4;-52.0;236;Blonde et al. (2023);Experiment 2;Orientation;1;2;-52.0;5.0;86.0;72.0;26;2
9;20;23;3;1.44045060011558;4;-89.0;237;Blonde et al. (2023);Experiment 2;Orientation;1;2;-89.0;39.0;-84.0;-3.0;27;2
9;150;141;-9;2.19880699994974;4;50.0;238;Blonde et al. (2023);Experiment 2;Orientation;1;2;50.0;-39.0;89.0;-34.0;28;2
9;114;130;16;1.98216340015642;4;36.0;239;Blonde et al. (2023);Experiment 2;Orientation;1;2;36.0;86.0;-3.0;-55.0;29;2
9;159;144;-15;1.99882450001314;4;-45.0;240;Blonde et al. (2023);Experiment 2;Orientation;1;2;-45.0;-9.0;41.0;-48.0;30;2
9;155;149;-6;2.10716420016252;4;4.0;241;Blonde et al. (2023);Experiment 2;Orientation;1;2;4.0;-41.0;-5.0;45.0;31;2
9;146;158;12;2.23118390003219;4;9.0;242;Blonde et al. (2023);Experiment 2;Orientation;1;2;9.0;13.0;-32.0;4.0;32;2
9;106;115;9;1.39812229992822;4;40.0;243;Blonde et al. (2023);Experiment 2;Orientation;1;2;40.0;49.0;53.0;8.0;33;2
9;84;87;3;2.38211210002191;4;22.0;244;Blonde et al. (2023);Experiment 2;Orientation;1;2;22.0;62.0;71.0;75.0;34;2
9;103;113;10;2.05713979993016;4;-19.0;245;Blonde et al. (2023);Experiment 2;Orientation;1;2;-19.0;3.0;43.0;52.0;35;2
9;135;123;-12;2.40718730003573;4;-32.0;246;Blonde et al. (2023);Experiment 2;Orientation;1;2;-32.0;-51.0;-29.0;11.0;36;2
9;154;150;-4;0.65715210000053;4;-19.0;247;Blonde et al. (2023);Experiment 2;Orientation;1;2;-19.0;-51.0;-70.0;-48.0;37;2
9;102;108;6;2.12242939998396;4;52.0;248;Blonde et al. (2023);Experiment 2;Orientation;1;2;52.0;33.0;1.0;-18.0;38;2
9;140;147;7;4.5316711999476;4;-38.0;249;Blonde et al. (2023);Experiment 2;Orientation;1;2;-38.0;14.0;-5.0;-37.0;39;2
9;130;129;-1;1.48189590009861;4;10.0;250;Blonde et al. (2023);Experiment 2;Orientation;1;2;10.0;-28.0;24.0;5.0;40;2
9;52;32;-20;2.00705230003223;4;78.0;251;Blonde et al. (2023);Experiment 2;Orientation;1;2;78.0;88.0;50.0;-78.0;41;2
9;30;23;-7;1.3391430999618;4;22.0;252;Blonde et al. (2023);Experiment 2;Orientation;1;2;22.0;-80.0;-70.0;72.0;42;2
9;160;162;2;3.79748349986039;4;50.0;253;Blonde et al. (2023);Experiment 2;Orientation;1;2;50.0;72.0;-30.0;-20.0;43;2
9;117;128;11;0.882138699991629;4;43.0;254;Blonde et al. (2023);Experiment 2;Orientation;1;2;43.0;-87.0;-65.0;13.0;44;2
9;7;13;6;1.94034729991108;4;-70.0;255;Blonde et al. (2023);Experiment 2;Orientation;1;2;-70.0;-27.0;23.0;45.0;45;2
9;83;68;-15;15.9130456000566;4;-76.0;256;Blonde et al. (2023);Experiment 2;Orientation;1;2;-76.0;34.0;77.0;-53.0;46;2
9;63;35;-28;0.898837300017476;4;20.0;257;Blonde et al. (2023);Experiment 2;Orientation;1;2;20.0;-56.0;54.0;-83.0;47;2
9;151;151;0;2.8055575999897;4;-88.0;258;Blonde et al. (2023);Experiment 2;Orientation;1;2;-88.0;-68.0;36.0;-34.0;48;2
9;62;38;-24;1.3058756000828;4;89.0;259;Blonde et al. (2023);Experiment 2;Orientation;1;2;89.0;1.0;21.0;-55.0;49;2
9;170;165;-5;1.19868599995971;4;72.0;260;Blonde et al. (2023);Experiment 2;Orientation;1;2;72.0;-19.0;73.0;-87.0;50;2
9;66;71;5;2.34873440000229;4;-76.0;261;Blonde et al. (2023);Experiment 2;Orientation;1;2;-76.0;-4.0;85.0;-3.0;51;2
9;36;38;2;2.55678680003621;4;30.0;262;Blonde et al. (2023);Experiment 2;Orientation;1;2;30.0;-46.0;26.0;-65.0;52;2
9;9;37;28;0.798956099897623;4;27.0;263;Blonde et al. (2023);Experiment 2;Orientation;1;2;27.0;57.0;-19.0;53.0;53;2
9;14;26;12;1.96544980001636;4;-5.0;264;Blonde et al. (2023);Experiment 2;Orientation;1;2;-5.0;22.0;52.0;-24.0;54;2
9;61;53;-8;0.755974299972877;4;-47.0;265;Blonde et al. (2023);Experiment 2;Orientation;1;2;-47.0;-52.0;-25.0;5.0;55;2
9;1;163;-18;1.66541849984787;4;60.0;266;Blonde et al. (2023);Experiment 2;Orientation;1;2;60.0;13.0;8.0;35.0;56;2
9;172;178;6;23.9628083000425;4;9.0;267;Blonde et al. (2023);Experiment 2;Orientation;1;2;9.0;69.0;22.0;17.0;57;2
9;124;121;-3;1.62299930001609;4;48.0;268;Blonde et al. (2023);Experiment 2;Orientation;1;2;48.0;57.0;-63.0;70.0;58;2
9;50;38;-12;1.8395460001193;4;74.0;269;Blonde et al. (2023);Experiment 2;Orientation;1;2;74.0;-58.0;-49.0;11.0;59;2
9;137;146;9;5.93169109988958;4;-87.0;270;Blonde et al. (2023);Experiment 2;Orientation;1;2;-87.0;-13.0;35.0;44.0;60;2
9;106;104;-2;2.46527209994383;4;31.0;271;Blonde et al. (2023);Experiment 2;Orientation;1;2;31.0;-56.0;18.0;66.0;61;2
9;149;151;2;0.957297399872914;4;-43.0;272;Blonde et al. (2023);Experiment 2;Orientation;1;2;-43.0;-12.0;81.0;-25.0;62;2
9;152;160;8;2.44033820019104;4;-3.0;273;Blonde et al. (2023);Experiment 2;Orientation;1;2;-3.0;-46.0;-15.0;78.0;63;2
9;42;37;-5;2.19040610012598;4;-70.0;274;Blonde et al. (2023);Experiment 2;Orientation;1;2;-70.0;-73.0;64.0;-85.0;64;2
9;177;179;2;2.26471579982899;4;45.0;275;Blonde et al. (2023);Experiment 2;Orientation;1;2;45.0;-25.0;-28.0;-71.0;65;2
9;163;151;-12;1.27285040006973;4;14.0;276;Blonde et al. (2023);Experiment 2;Orientation;1;2;14.0;59.0;-11.0;-14.0;66;2
9;75;63;-12;0.899016400100663;4;88.0;277;Blonde et al. (2023);Experiment 2;Orientation;1;2;88.0;-78.0;-33.0;77.0;67;2
9;128;118;-10;1.44881520001218;4;-53.0;278;Blonde et al. (2023);Experiment 2;Orientation;1;2;-53.0;35.0;49.0;-86.0;68;2
9;132;143;11;2.4390640000347;4;-4.0;279;Blonde et al. (2023);Experiment 2;Orientation;1;2;-4.0;-57.0;31.0;45.0;69;2
9;116;137;21;1.68928329995833;4;16.0;280;Blonde et al. (2023);Experiment 2;Orientation;1;2;16.0;12.0;-41.0;47.0;70;2
10;130;145;15;1.66591789992526;1;;1;Blonde et al. (2023);Experiment 2;Orientation;1;2;;;;;1;1
10;91;97;6;1.37497280002572;1;39.0;2;Blonde et al. (2023);Experiment 2;Orientation;1;2;;;;;2;1
10;96;91;-5;2.06592609989457;1;-5.0;3;Blonde et al. (2023);Experiment 2;Orientation;1;2;;;;;3;1
10;19;20;1;4.67397850006819;1;77.0;4;Blonde et al. (2023);Experiment 2;Orientation;1;2;;;;;4;1
10;170;158;-12;0.574469599872828;1;29.0;5;Blonde et al. (2023);Experiment 2;Orientation;1;2;29.0;-74.0;-79.0;-40.0;5;1
10;111;128;17;2.47419169987552;1;59.0;6;Blonde et al. (2023);Experiment 2;Orientation;1;2;59.0;88.0;-15.0;-20.0;6;1
10;71;42;-29;3.7574640000239;1;40.0;7;Blonde et al. (2023);Experiment 2;Orientation;1;2;40.0;-81.0;-52.0;25.0;7;1
10;106;121;15;1.7993395999074;1;-35.0;8;Blonde et al. (2023);Experiment 2;Orientation;1;2;-35.0;5.0;64.0;-87.0;8;1
10;29;35;6;0.982886400073767;1;77.0;9;Blonde et al. (2023);Experiment 2;Orientation;1;2;77.0;42.0;82.0;-39.0;9;1
10;56;48;-8;3.79158390010707;1;-27.0;10;Blonde et al. (2023);Experiment 2;Orientation;1;2;-27.0;50.0;15.0;55.0;10;1
10;51;52;1;4.65707940002903;1;5.0;11;Blonde et al. (2023);Experiment 2;Orientation;1;2;5.0;-22.0;55.0;20.0;11;1
10;114;104;-10;2.09770140005276;1;-63.0;12;Blonde et al. (2023);Experiment 2;Orientation;1;2;-63.0;-58.0;-85.0;-8.0;12;1
10;25;19;-6;1.24886609986424;1;89.0;13;Blonde et al. (2023);Experiment 2;Orientation;1;2;89.0;26.0;31.0;4.0;13;1
10;146;141;-5;1.45807920000516;1;59.0;14;Blonde et al. (2023);Experiment 2;Orientation;1;2;59.0;-32.0;85.0;90.0;14;1
10;119;88;-31;1.4727158001624;1;27.0;15;Blonde et al. (2023);Experiment 2;Orientation;1;2;27.0;86.0;-5.0;-68.0;15;1
10;118;112;-6;1.34074190002866;1;1.0;16;Blonde et al. (2023);Experiment 2;Orientation;1;2;1.0;28.0;87.0;-4.0;16;1
10;6;8;2;1.3237056999933;1;-68.0;17;Blonde et al. (2023);Experiment 2;Orientation;1;2;-68.0;-67.0;-40.0;19.0;17;1
10;109;127;18;1.99708899995312;1;77.0;18;Blonde et al. (2023);Experiment 2;Orientation;1;2;77.0;9.0;10.0;37.0;18;1
10;49;27;-22;1.91559219988994;1;60.0;19;Blonde et al. (2023);Experiment 2;Orientation;1;2;60.0;-43.0;69.0;70.0;19;1
10;153;139;-14;1.59043250000104;1;76.0;20;Blonde et al. (2023);Experiment 2;Orientation;1;2;76.0;-44.0;33.0;-35.0;20;1
10;5;179;-6;2.40592629997991;1;-32.0;21;Blonde et al. (2023);Experiment 2;Orientation;1;2;-32.0;44.0;-76.0;1.0;21;1
10;2;3;1;0.941171100130305;1;3.0;22;Blonde et al. (2023);Experiment 2;Orientation;1;2;3.0;-29.0;47.0;-73.0;22;1
10;175;175;0;3.65571670001373;1;7.0;23;Blonde et al. (2023);Experiment 2;Orientation;1;2;7.0;10.0;-22.0;54.0;23;1
10;0;175;-5;1.04768259986304;1;-5.0;24;Blonde et al. (2023);Experiment 2;Orientation;1;2;-5.0;2.0;5.0;-27.0;24;1
10;73;71;-2;2.02351640001871;1;-73.0;25;Blonde et al. (2023);Experiment 2;Orientation;1;2;-73.0;-78.0;-71.0;-68.0;25;1
10;163;159;-4;1.8069551999215;1;-90.0;26;Blonde et al. (2023);Experiment 2;Orientation;1;2;90.0;17.0;12.0;19.0;26;1
10;4;6;2;0.848882299847901;1;-21.0;27;Blonde et al. (2023);Experiment 2;Orientation;1;2;-21.0;69.0;-4.0;-9.0;27;1
10;151;157;6;1.20627960003912;1;33.0;28;Blonde et al. (2023);Experiment 2;Orientation;1;2;33.0;12.0;-78.0;29.0;28;1
10;136;140;4;0.956684399861842;1;15.0;29;Blonde et al. (2023);Experiment 2;Orientation;1;2;15.0;48.0;27.0;-63.0;29;1
10;149;155;6;1.43901009997353;1;-13.0;30;Blonde et al. (2023);Experiment 2;Orientation;1;2;-13.0;2.0;35.0;14.0;30;1
10;76;77;1;3.48874790011905;1;73.0;31;Blonde et al. (2023);Experiment 2;Orientation;1;2;73.0;60.0;75.0;-72.0;31;1
10;100;105;5;0.857054600026459;1;-24.0;32;Blonde et al. (2023);Experiment 2;Orientation;1;2;-24.0;49.0;36.0;51.0;32;1
10;66;70;4;0.965302399825305;1;34.0;33;Blonde et al. (2023);Experiment 2;Orientation;1;2;34.0;10.0;83.0;70.0;33;1
10;100;112;12;0.864547099918127;1;-34.0;34;Blonde et al. (2023);Experiment 2;Orientation;1;2;-34.0;0.0;-24.0;49.0;34;1
10;141;143;2;1.00719689996913;1;-41.0;35;Blonde et al. (2023);Experiment 2;Orientation;1;2;-41.0;-75.0;-41.0;-65.0;35;1
10;40;28;-12;1.389563200064;1;-79.0;36;Blonde et al. (2023);Experiment 2;Orientation;1;2;-79.0;60.0;26.0;60.0;36;1
10;49;36;-13;0.814720500027761;1;-9.0;37;Blonde et al. (2023);Experiment 2;Orientation;1;2;-9.0;-88.0;51.0;17.0;37;1
10;169;166;-3;1.63116190000437;1;60.0;38;Blonde et al. (2023);Experiment 2;Orientation;1;2;60.0;51.0;-28.0;-69.0;38;1
10;92;101;9;0.756258499808609;1;77.0;39;Blonde et al. (2023);Experiment 2;Orientation;1;2;77.0;-43.0;-52.0;49.0;39;1
10;177;164;-13;0.923088600160554;1;-85.0;40;Blonde et al. (2023);Experiment 2;Orientation;1;2;-85.0;-8.0;52.0;43.0;40;1
10;41;26;-15;0.832245300058275;1;-44.0;41;Blonde et al. (2023);Experiment 2;Orientation;1;2;-44.0;51.0;-52.0;8.0;41;1
10;4;0;-4;1.09881390002556;1;37.0;42;Blonde et al. (2023);Experiment 2;Orientation;1;2;37.0;-7.0;88.0;-15.0;42;1
10;30;15;-15;1.60627180011943;1;-26.0;43;Blonde et al. (2023);Experiment 2;Orientation;1;2;-26.0;11.0;-33.0;62.0;43;1
10;124;125;1;0.59893780015409;1;86.0;44;Blonde et al. (2023);Experiment 2;Orientation;1;2;86.0;60.0;-83.0;53.0;44;1
10;117;135;18;1.13210649997927;1;7.0;45;Blonde et al. (2023);Experiment 2;Orientation;1;2;7.0;-87.0;67.0;-76.0;45;1
10;164;169;5;1.60725709982216;1;-47.0;46;Blonde et al. (2023);Experiment 2;Orientation;1;2;-47.0;-40.0;46.0;20.0;46;1
10;152;159;7;0.823919599875808;1;12.0;47;Blonde et al. (2023);Experiment 2;Orientation;1;2;12.0;-35.0;-28.0;58.0;47;1
10;43;37;-6;2.08909110003151;1;-71.0;48;Blonde et al. (2023);Experiment 2;Orientation;1;2;-71.0;-59.0;74.0;81.0;48;1
10;88;78;-10;1.88202379993163;1;-45.0;49;Blonde et al. (2023);Experiment 2;Orientation;1;2;-45.0;64.0;76.0;29.0;49;1
10;56;49;-7;1.7819958999753;1;32.0;50;Blonde et al. (2023);Experiment 2;Orientation;1;2;32.0;-13.0;-84.0;-72.0;50;1
10;157;145;-12;0.848885399987921;1;79.0;51;Blonde et al. (2023);Experiment 2;Orientation;1;2;79.0;-69.0;66.0;-5.0;51;1
10;173;150;-23;0.532086099963635;1;-16.0;52;Blonde et al. (2023);Experiment 2;Orientation;1;2;-16.0;63.0;-85.0;50.0;52;1
10;141;147;6;1.47383389994502;1;32.0;53;Blonde et al. (2023);Experiment 2;Orientation;1;2;32.0;16.0;-85.0;-53.0;53;1
10;161;152;-9;0.955738499993458;1;-20.0;54;Blonde et al. (2023);Experiment 2;Orientation;1;2;-20.0;12.0;-4.0;75.0;54;1
10;73;77;4;1.35703369998373;1;88.0;55;Blonde et al. (2023);Experiment 2;Orientation;1;2;88.0;68.0;-80.0;84.0;55;1
10;104;82;-22;3.24734949995764;1;-31.0;56;Blonde et al. (2023);Experiment 2;Orientation;1;2;-31.0;57.0;37.0;69.0;56;1
10;87;88;1;0.832237200113013;1;17.0;57;Blonde et al. (2023);Experiment 2;Orientation;1;2;17.0;-14.0;74.0;54.0;57;1
10;29;21;-8;1.51549580018036;1;58.0;58;Blonde et al. (2023);Experiment 2;Orientation;1;2;58.0;75.0;44.0;-48.0;58;1
10;118;131;13;1.14051189995371;1;-89.0;59;Blonde et al. (2023);Experiment 2;Orientation;1;2;-89.0;-31.0;-14.0;-45.0;59;1
10;172;160;-12;0.740563299972564;1;-54.0;60;Blonde et al. (2023);Experiment 2;Orientation;1;2;-54.0;37.0;-85.0;-68.0;60;1
10;29;30;1;1.29791339999065;1;-37.0;61;Blonde et al. (2023);Experiment 2;Orientation;1;2;-37.0;89.0;0.0;58.0;61;1
10;11;179;-12;1.20721939997748;1;18.0;62;Blonde et al. (2023);Experiment 2;Orientation;1;2;18.0;-19.0;-73.0;18.0;62;1
10;38;17;-21;1.25696279993281;1;-27.0;63;Blonde et al. (2023);Experiment 2;Orientation;1;2;-27.0;-9.0;-46.0;80.0;63;1
10;144;151;7;0.806145199807361;1;74.0;64;Blonde et al. (2023);Experiment 2;Orientation;1;2;74.0;47.0;65.0;28.0;64;1
10;30;16;-14;1.52281329990365;1;-66.0;65;Blonde et al. (2023);Experiment 2;Orientation;1;2;-66.0;8.0;-19.0;-1.0;65;1
10;149;141;-8;1.19809129997157;1;61.0;66;Blonde et al. (2023);Experiment 2;Orientation;1;2;61.0;-5.0;69.0;42.0;66;1
10;51;32;-19;0.657273599877954;1;-82.0;67;Blonde et al. (2023);Experiment 2;Orientation;1;2;-82.0;-21.0;-87.0;-13.0;67;1
10;144;129;-15;5.83080360013992;1;87.0;68;Blonde et al. (2023);Experiment 2;Orientation;1;2;87.0;5.0;66.0;0.0;68;1
10;9;12;3;1.39756690012291;1;-45.0;69;Blonde et al. (2023);Experiment 2;Orientation;1;2;-45.0;42.0;-40.0;21.0;69;1
10;84;87;3;1.84773959987797;1;-75.0;70;Blonde et al. (2023);Experiment 2;Orientation;1;2;-75.0;60.0;-33.0;65.0;70;1
10;82;66;-16;1.05716229998507;3;-37.0;141;Blonde et al. (2023);Experiment 2;Orientation;1;2;;;;;1;2
10;33;40;7;1.63235070020892;3;49.0;142;Blonde et al. (2023);Experiment 2;Orientation;1;2;;;;;2;2
10;173;170;-3;1.35712140006945;3;40.0;143;Blonde et al. (2023);Experiment 2;Orientation;1;2;;;;;3;2
10;26;21;-5;1.05613339995034;3;-33.0;144;Blonde et al. (2023);Experiment 2;Orientation;1;2;;;;;4;2
10;152;160;8;1.03206490003504;3;54.0;145;Blonde et al. (2023);Experiment 2;Orientation;1;2;54.0;21.0;61.0;-70.0;5;2
10;29;9;-20;1.64043220016174;3;-57.0;146;Blonde et al. (2023);Experiment 2;Orientation;1;2;-57.0;-3.0;-36.0;4.0;6;2
10;132;138;6;1.04053879994899;3;77.0;147;Blonde et al. (2023);Experiment 2;Orientation;1;2;77.0;20.0;74.0;41.0;7;2
10;153;148;-5;1.71450220001861;3;-21.0;148;Blonde et al. (2023);Experiment 2;Orientation;1;2;-21.0;56.0;-1.0;53.0;8;2
10;170;163;-7;1.03212799993344;3;-17.0;149;Blonde et al. (2023);Experiment 2;Orientation;1;2;-17.0;-38.0;39.0;-18.0;9;2
10;146;154;8;1.01534050004557;3;24.0;150;Blonde et al. (2023);Experiment 2;Orientation;1;2;24.0;7.0;-14.0;63.0;10;2
10;175;152;-23;0.898897300008684;3;-29.0;151;Blonde et al. (2023);Experiment 2;Orientation;1;2;-29.0;-5.0;-22.0;-43.0;11;2
10;159;158;-1;1.75706620002165;3;16.0;152;Blonde et al. (2023);Experiment 2;Orientation;1;2;16.0;-13.0;11.0;-6.0;12;2
10;105;119;14;1.74033539998345;3;54.0;153;Blonde et al. (2023);Experiment 2;Orientation;1;2;54.0;70.0;41.0;65.0;13;2
10;154;154;0;1.44899599999189;3;-49.0;154;Blonde et al. (2023);Experiment 2;Orientation;1;2;-49.0;5.0;21.0;-8.0;14;2
10;169;158;-11;1.0478856000118;3;-15.0;155;Blonde et al. (2023);Experiment 2;Orientation;1;2;-15.0;-64.0;-10.0;6.0;15;2
10;108;111;3;1.24892520019785;3;61.0;156;Blonde et al. (2023);Experiment 2;Orientation;1;2;61.0;46.0;-3.0;51.0;16;2
10;10;2;-8;1.94033840019256;3;-82.0;157;Blonde et al. (2023);Experiment 2;Orientation;1;2;-82.0;-21.0;-36.0;-85.0;17;2
10;36;13;-23;0.872960299951956;3;-26.0;158;Blonde et al. (2023);Experiment 2;Orientation;1;2;-26.0;72.0;-47.0;-62.0;18;2
10;175;176;1;1.34872929984704;3;41.0;159;Blonde et al. (2023);Experiment 2;Orientation;1;2;41.0;15.0;-67.0;-6.0;19;2
10;26;21;-5;1.62285499996506;3;-31.0;160;Blonde et al. (2023);Experiment 2;Orientation;1;2;-31.0;10.0;-16.0;82.0;20;2
10;91;93;2;1.07390090008266;3;-65.0;161;Blonde et al. (2023);Experiment 2;Orientation;1;2;-65.0;84.0;-55.0;-81.0;21;2
10;21;13;-8;1.23212289996445;3;70.0;162;Blonde et al. (2023);Experiment 2;Orientation;1;2;70.0;5.0;-26.0;15.0;22;2
10;32;39;7;0.865550800226629;3;-11.0;163;Blonde et al. (2023);Experiment 2;Orientation;1;2;-11.0;59.0;-6.0;-37.0;23;2
10;150;154;4;0.873946300009266;3;62.0;164;Blonde et al. (2023);Experiment 2;Orientation;1;2;62.0;51.0;-59.0;56.0;24;2
10;178;4;6;0.640053399838507;3;-28.0;165;Blonde et al. (2023);Experiment 2;Orientation;1;2;-28.0;34.0;23.0;-87.0;25;2
10;75;80;5;0.907135900110006;3;-77.0;166;Blonde et al. (2023);Experiment 2;Orientation;1;2;-77.0;75.0;-43.0;-54.0;26;2
10;135;130;-5;1.26502289995551;3;-60.0;167;Blonde et al. (2023);Experiment 2;Orientation;1;2;-60.0;43.0;15.0;77.0;27;2
10;18;20;2;1.12391040008515;3;-63.0;168;Blonde et al. (2023);Experiment 2;Orientation;1;2;-63.0;57.0;-20.0;-48.0;28;2
10;49;32;-17;1.09735759999603;3;-31.0;169;Blonde et al. (2023);Experiment 2;Orientation;1;2;-31.0;86.0;26.0;-51.0;29;2
10;60;44;-16;1.04854719992727;3;-11.0;170;Blonde et al. (2023);Experiment 2;Orientation;1;2;-11.0;-42.0;75.0;15.0;30;2
10;141;151;10;1.24058990017511;3;-81.0;171;Blonde et al. (2023);Experiment 2;Orientation;1;2;-81.0;88.0;57.0;-6.0;31;2
10;120;126;6;1.68968100007623;3;21.0;172;Blonde et al. (2023);Experiment 2;Orientation;1;2;21.0;-60.0;-71.0;78.0;32;2
10;120;115;-5;1.08934110007249;3;0.0;173;Blonde et al. (2023);Experiment 2;Orientation;1;2;0.0;21.0;-60.0;-71.0;33;2
10;69;64;-5;1.93227410013787;3;51.0;174;Blonde et al. (2023);Experiment 2;Orientation;1;2;51.0;51.0;72.0;-9.0;34;2
10;76;58;-18;1.09044259996153;3;-7.0;175;Blonde et al. (2023);Experiment 2;Orientation;1;2;-7.0;44.0;44.0;65.0;35;2
10;79;67;-12;1.09836780000478;3;-3.0;176;Blonde et al. (2023);Experiment 2;Orientation;1;2;-3.0;-10.0;41.0;41.0;36;2
10;178;0;2;2.09775700001046;3;81.0;177;Blonde et al. (2023);Experiment 2;Orientation;1;2;81.0;78.0;71.0;-58.0;37;2
10;82;101;19;1.17388290003873;3;-84.0;178;Blonde et al. (2023);Experiment 2;Orientation;1;2;-84.0;-3.0;-6.0;-13.0;38;2
10;80;69;-11;0.781503000063822;3;2.0;179;Blonde et al. (2023);Experiment 2;Orientation;1;2;2.0;-82.0;-1.0;-4.0;39;2
10;66;65;-1;1.27385509992018;3;14.0;180;Blonde et al. (2023);Experiment 2;Orientation;1;2;14.0;16.0;-68.0;13.0;40;2
10;4;26;22;1.81552079995163;3;62.0;181;Blonde et al. (2023);Experiment 2;Orientation;1;2;62.0;76.0;78.0;-6.0;41;2
10;124;112;-12;1.27411170001142;3;60.0;182;Blonde et al. (2023);Experiment 2;Orientation;1;2;60.0;-58.0;-44.0;-42.0;42;2
10;69;66;-3;1.27441780013032;3;55.0;183;Blonde et al. (2023);Experiment 2;Orientation;1;2;55.0;-65.0;-3.0;11.0;43;2
10;80;68;-12;0.906315100146458;3;-11.0;184;Blonde et al. (2023);Experiment 2;Orientation;1;2;-11.0;44.0;-76.0;-14.0;44;2
10;110;89;-21;3.46549690002576;3;-30.0;185;Blonde et al. (2023);Experiment 2;Orientation;1;2;-30.0;-41.0;14.0;74.0;45;2
10;105;118;13;0.832210599910468;3;5.0;186;Blonde et al. (2023);Experiment 2;Orientation;1;2;5.0;-25.0;-36.0;19.0;46;2
10;119;109;-10;0.890098199946806;3;-14.0;187;Blonde et al. (2023);Experiment 2;Orientation;1;2;-14.0;-9.0;-39.0;-50.0;47;2
10;161;165;4;0.973881599958986;3;-42.0;188;Blonde et al. (2023);Experiment 2;Orientation;1;2;-42.0;-56.0;-51.0;-81.0;48;2
10;66;63;-3;0.906863699899986;3;-85.0;189;Blonde et al. (2023);Experiment 2;Orientation;1;2;-85.0;53.0;39.0;44.0;49;2
10;3;18;15;1.10710540018044;3;63.0;190;Blonde et al. (2023);Experiment 2;Orientation;1;2;63.0;-22.0;-64.0;-78.0;50;2
10;173;164;-9;1.04055980010889;3;10.0;191;Blonde et al. (2023);Experiment 2;Orientation;1;2;10.0;73.0;-12.0;-54.0;51;2
10;19;18;-1;1.04882449982688;3;-26.0;192;Blonde et al. (2023);Experiment 2;Orientation;1;2;-26.0;-16.0;47.0;-38.0;52;2
10;143;145;2;1.0155197000131;3;56.0;193;Blonde et al. (2023);Experiment 2;Orientation;1;2;56.0;30.0;40.0;-77.0;53;2
10;66;68;2;0.865613400004804;3;77.0;194;Blonde et al. (2023);Experiment 2;Orientation;1;2;77.0;-47.0;-73.0;-63.0;54;2
10;36;42;6;3.02384030004032;3;30.0;195;Blonde et al. (2023);Experiment 2;Orientation;1;2;30.0;-73.0;-17.0;-43.0;55;2
10;5;8;3;1.29879439994693;3;31.0;196;Blonde et al. (2023);Experiment 2;Orientation;1;2;31.0;61.0;-42.0;14.0;56;2
10;36;23;-13;1.73213950009085;3;-31.0;197;Blonde et al. (2023);Experiment 2;Orientation;1;2;-31.0;0.0;30.0;-73.0;57;2
10;59;72;13;1.02382129989564;3;-23.0;198;Blonde et al. (2023);Experiment 2;Orientation;1;2;-23.0;-54.0;-23.0;7.0;58;2
10;14;20;6;1.01546320016496;3;45.0;199;Blonde et al. (2023);Experiment 2;Orientation;1;2;45.0;22.0;-9.0;22.0;59;2
10;168;168;0;1.87307469989173;3;26.0;200;Blonde et al. (2023);Experiment 2;Orientation;1;2;26.0;71.0;48.0;17.0;60;2
10;170;158;-12;1.29924759990536;3;-2.0;201;Blonde et al. (2023);Experiment 2;Orientation;1;2;-2.0;24.0;69.0;46.0;61;2
10;145;143;-2;1.47386669996195;3;25.0;202;Blonde et al. (2023);Experiment 2;Orientation;1;2;25.0;23.0;49.0;-86.0;62;2
10;95;90;-5;1.99031149991788;3;50.0;203;Blonde et al. (2023);Experiment 2;Orientation;1;2;50.0;75.0;73.0;-81.0;63;2
10;59;48;-11;0.908360100118443;3;36.0;204;Blonde et al. (2023);Experiment 2;Orientation;1;2;36.0;86.0;-69.0;-71.0;64;2
10;33;29;-4;1.56550369993784;3;26.0;205;Blonde et al. (2023);Experiment 2;Orientation;1;2;26.0;62.0;-68.0;-43.0;65;2
10;115;126;11;1.99034209991805;3;-82.0;206;Blonde et al. (2023);Experiment 2;Orientation;1;2;-82.0;-56.0;-20.0;30.0;66;2
10;70;47;-23;0.938914899947122;3;45.0;207;Blonde et al. (2023);Experiment 2;Orientation;1;2;45.0;-37.0;-11.0;25.0;67;2
10;80;60;-20;1.28920110012405;3;-10.0;208;Blonde et al. (2023);Experiment 2;Orientation;1;2;-10.0;35.0;-47.0;-21.0;68;2
10;20;19;-1;1.39061199990101;3;60.0;209;Blonde et al. (2023);Experiment 2;Orientation;1;2;60.0;50.0;-85.0;13.0;69;2
10;24;22;-2;0.972696700133383;3;-4.0;210;Blonde et al. (2023);Experiment 2;Orientation;1;2;-4.0;56.0;46.0;-89.0;70;2
11;60;69;9;1.53067669999996;2;-71.0;71;Blonde et al. (2023);Experiment 2;Orientation;1;2;;;;;1;1
11;85;82;-3;0.872312199999897;2;-25.0;72;Blonde et al. (2023);Experiment 2;Orientation;1;2;;;;;2;1
11;148;131;-17;1.17184859999998;2;-63.0;73;Blonde et al. (2023);Experiment 2;Orientation;1;2;;;;;3;1
11;110;112;2;1.22188779999988;2;38.0;74;Blonde et al. (2023);Experiment 2;Orientation;1;2;;;;;4;1
11;12;19;7;1.13920520000011;2;-82.0;75;Blonde et al. (2023);Experiment 2;Orientation;1;2;-82.0;-44.0;73.0;48.0;5;1
11;162;154;-8;1.62199529999998;2;30.0;76;Blonde et al. (2023);Experiment 2;Orientation;1;2;30.0;-52.0;-14.0;-77.0;6;1
11;152;157;5;1.22178039999994;2;10.0;77;Blonde et al. (2023);Experiment 2;Orientation;1;2;10.0;40.0;-42.0;-4.0;7;1
11;74;89;15;1.82187939999994;2;78.0;78;Blonde et al. (2023);Experiment 2;Orientation;1;2;78.0;88.0;-62.0;36.0;8;1
11;153;152;-1;1.66399950000005;2;-79.0;79;Blonde et al. (2023);Experiment 2;Orientation;1;2;-79.0;-1.0;9.0;39.0;9;1
11;51;67;16;1.03101469999956;2;-78.0;80;Blonde et al. (2023);Experiment 2;Orientation;1;2;-78.0;23.0;-79.0;-69.0;10;1
11;145;160;15;1.14692500000001;2;86.0;81;Blonde et al. (2023);Experiment 2;Orientation;1;2;86.0;8.0;-71.0;7.0;11;1
11;88;94;6;2.53078249999999;2;57.0;82;Blonde et al. (2023);Experiment 2;Orientation;1;2;57.0;-37.0;65.0;-14.0;12;1
11;132;109;-23;1.04698510000026;2;-44.0;83;Blonde et al. (2023);Experiment 2;Orientation;1;2;-44.0;13.0;-81.0;21.0;13;1
11;35;54;19;1.10489830000006;2;-83.0;84;Blonde et al. (2023);Experiment 2;Orientation;1;2;-83.0;53.0;-70.0;16.0;14;1
11;173;21;28;2.64035739999963;2;42.0;85;Blonde et al. (2023);Experiment 2;Orientation;1;2;42.0;-41.0;-85.0;-28.0;15;1
11;38;31;-7;1.38894839999966;2;-45.0;86;Blonde et al. (2023);Experiment 2;Orientation;1;2;-45.0;-3.0;-86.0;50.0;16;1
11;124;102;-22;2.0058253000002;2;-86.0;87;Blonde et al. (2023);Experiment 2;Orientation;1;2;-86.0;49.0;-89.0;8.0;17;1
11;169;17;28;2.12166650000017;2;-45.0;88;Blonde et al. (2023);Experiment 2;Orientation;1;2;-45.0;49.0;4.0;46.0;18;1
11;167;61;74;3.62206520000018;2;2.0;89;Blonde et al. (2023);Experiment 2;Orientation;1;2;2.0;-43.0;51.0;6.0;19;1
11;80;71;-9;1.81428749999986;2;87.0;90;Blonde et al. (2023);Experiment 2;Orientation;1;2;87.0;89.0;44.0;-42.0;20;1
11;5;3;-2;2.00591220000024;2;75.0;91;Blonde et al. (2023);Experiment 2;Orientation;1;2;75.0;-18.0;-16.0;-61.0;21;1
11;18;22;4;1.58088270000007;2;-13.0;92;Blonde et al. (2023);Experiment 2;Orientation;1;2;-13.0;62.0;-31.0;-29.0;22;1
11;122;109;-13;1.34769289999986;2;76.0;93;Blonde et al. (2023);Experiment 2;Orientation;1;2;76.0;63.0;-42.0;45.0;23;1
11;61;75;14;1.18926749999991;2;61.0;94;Blonde et al. (2023);Experiment 2;Orientation;1;2;61.0;-43.0;-56.0;19.0;24;1
11;162;168;6;1.30597450000005;2;79.0;95;Blonde et al. (2023);Experiment 2;Orientation;1;2;79.0;-40.0;36.0;23.0;25;1
11;37;27;-10;1.9887819999999;2;-55.0;96;Blonde et al. (2023);Experiment 2;Orientation;1;2;-55.0;24.0;85.0;-19.0;26;1
11;88;130;42;1.47257070000023;2;-51.0;97;Blonde et al. (2023);Experiment 2;Orientation;1;2;-51.0;74.0;-27.0;34.0;27;1
11;85;82;-3;0.964178399999582;2;3.0;98;Blonde et al. (2023);Experiment 2;Orientation;1;2;3.0;-48.0;77.0;-24.0;28;1
11;100;115;15;2.32181739999987;2;-15.0;99;Blonde et al. (2023);Experiment 2;Orientation;1;2;-15.0;-12.0;-63.0;62.0;29;1
11;45;52;7;2.57243500000004;2;55.0;100;Blonde et al. (2023);Experiment 2;Orientation;1;2;55.0;40.0;43.0;-8.0;30;1
11;18;47;29;1.06373620000022;2;27.0;101;Blonde et al. (2023);Experiment 2;Orientation;1;2;27.0;82.0;67.0;70.0;31;1
11;11;6;-5;0.91418479999993;2;7.0;102;Blonde et al. (2023);Experiment 2;Orientation;1;2;7.0;34.0;89.0;74.0;32;1
11;9;3;-6;1.04708570000003;2;2.0;103;Blonde et al. (2023);Experiment 2;Orientation;1;2;2.0;9.0;36.0;-89.0;33;1
11;21;32;11;1.59763479999992;2;-12.0;104;Blonde et al. (2023);Experiment 2;Orientation;1;2;-12.0;-10.0;-3.0;24.0;34;1
11;27;33;6;1.04764499999965;2;-6.0;105;Blonde et al. (2023);Experiment 2;Orientation;1;2;-6.0;-18.0;-16.0;-9.0;35;1
11;33;35;2;0.722838199999842;2;-6.0;106;Blonde et al. (2023);Experiment 2;Orientation;1;2;-6.0;-12.0;-24.0;-22.0;36;1
11;87;71;-16;1.32192639999994;2;-54.0;107;Blonde et al. (2023);Experiment 2;Orientation;1;2;-54.0;-60.0;-66.0;-78.0;37;1
11;135;117;-18;1.62239610000006;2;-48.0;108;Blonde et al. (2023);Experiment 2;Orientation;1;2;-48.0;78.0;72.0;66.0;38;1
11;97;100;3;1.39628979999998;2;38.0;109;Blonde et al. (2023);Experiment 2;Orientation;1;2;38.0;-10.0;-64.0;-70.0;39;1
11;71;66;-5;1.0219646999999;2;26.0;110;Blonde et al. (2023);Experiment 2;Orientation;1;2;26.0;64.0;16.0;-38.0;40;1
11;178;5;7;1.07267569999976;2;73.0;111;Blonde et al. (2023);Experiment 2;Orientation;1;2;73.0;-81.0;-43.0;89.0;41;1
11;173;179;6;1.80527729999994;2;5.0;112;Blonde et al. (2023);Experiment 2;Orientation;1;2;5.0;78.0;-76.0;-38.0;42;1
11;110;117;7;1.43909379999968;2;63.0;113;Blonde et al. (2023);Experiment 2;Orientation;1;2;63.0;68.0;-39.0;-13.0;43;1
11;47;53;6;1.54712840000002;2;63.0;114;Blonde et al. (2023);Experiment 2;Orientation;1;2;63.0;-54.0;-49.0;24.0;44;1
11;107;111;4;1.04764290000003;2;-60.0;115;Blonde et al. (2023);Experiment 2;Orientation;1;2;-60.0;3.0;66.0;71.0;45;1
11;133;120;-13;1.97291459999997;2;-26.0;116;Blonde et al. (2023);Experiment 2;Orientation;1;2;-26.0;-86.0;-23.0;40.0;46;1
11;170;133;-37;1.72221239999999;2;-37.0;117;Blonde et al. (2023);Experiment 2;Orientation;1;2;-37.0;-63.0;57.0;-60.0;47;1
11;168;152;-16;1.20594290000008;2;2.0;118;Blonde et al. (2023);Experiment 2;Orientation;1;2;2.0;-35.0;-61.0;59.0;48;1
11;35;34;-1;2.20596509999996;2;-47.0;119;Blonde et al. (2023);Experiment 2;Orientation;1;2;-47.0;-45.0;-82.0;72.0;49;1
11;18;16;-2;1.94684170000028;2;17.0;120;Blonde et al. (2023);Experiment 2;Orientation;1;2;17.0;-30.0;-28.0;-65.0;50;1
11;87;68;-19;1.70592320000014;2;-69.0;121;Blonde et al. (2023);Experiment 2;Orientation;1;2;-69.0;-52.0;81.0;83.0;51;1
11;152;146;-6;1.21409180000001;2;-65.0;122;Blonde et al. (2023);Experiment 2;Orientation;1;2;-65.0;46.0;63.0;16.0;52;1
11;93;106;13;1.40521910000007;2;59.0;123;Blonde et al. (2023);Experiment 2;Orientation;1;2;59.0;-6.0;-75.0;-58.0;53;1
11;89;100;11;1.20529590000024;2;4.0;124;Blonde et al. (2023);Experiment 2;Orientation;1;2;4.0;63.0;-2.0;-71.0;54;1
11;79;75;-4;1.68091130000039;2;10.0;125;Blonde et al. (2023);Experiment 2;Orientation;1;2;10.0;14.0;73.0;8.0;55;1
11;118;22;84;1.81419830000004;2;-39.0;126;Blonde et al. (2023);Experiment 2;Orientation;1;2;-39.0;-29.0;-25.0;34.0;56;1
11;5;26;21;1.61378160000004;2;-67.0;127;Blonde et al. (2023);Experiment 2;Orientation;1;2;-67.0;74.0;84.0;88.0;57;1
11;50;40;-10;0.739285999999993;2;-45.0;128;Blonde et al. (2023);Experiment 2;Orientation;1;2;-45.0;68.0;29.0;39.0;58;1
11;168;164;-4;1.59747060000018;2;62.0;129;Blonde et al. (2023);Experiment 2;Orientation;1;2;62.0;17.0;-50.0;-89.0;59;1
11;54;58;4;2.46367869999995;2;-66.0;130;Blonde et al. (2023);Experiment 2;Orientation;1;2;-66.0;-4.0;-49.0;64.0;60;1
11;165;166;1;1.2221141;2;69.0;131;Blonde et al. (2023);Experiment 2;Orientation;1;2;69.0;3.0;65.0;20.0;61;1
11;59;59;0;1.70496759999969;2;-74.0;132;Blonde et al. (2023);Experiment 2;Orientation;1;2;-74.0;-5.0;-71.0;-9.0;62;1
11;6;3;-3;2.11428119999982;2;53.0;133;Blonde et al. (2023);Experiment 2;Orientation;1;2;53.0;-21.0;48.0;-18.0;63;1
11;29;35;6;1.55522780000001;2;-23.0;134;Blonde et al. (2023);Experiment 2;Orientation;1;2;-23.0;30.0;-44.0;25.0;64;1
11;139;114;-25;1.58874610000021;2;70.0;135;Blonde et al. (2023);Experiment 2;Orientation;1;2;70.0;47.0;-80.0;26.0;65;1
11;70;67;-3;1.5639999;2;69.0;136;Blonde et al. (2023);Experiment 2;Orientation;1;2;69.0;-41.0;-64.0;-11.0;66;1
11;158;150;-8;1.24683909999976;2;-88.0;137;Blonde et al. (2023);Experiment 2;Orientation;1;2;-88.0;-19.0;51.0;28.0;67;1
11;63;65;2;1.36401789999991;2;-85.0;138;Blonde et al. (2023);Experiment 2;Orientation;1;2;-85.0;7.0;76.0;-34.0;68;1
11;64;59;-5;1.23927909999975;2;-1.0;139;Blonde et al. (2023);Experiment 2;Orientation;1;2;-1.0;-86.0;6.0;75.0;69;1
11;5;5;0;1.91405110000005;2;59.0;140;Blonde et al. (2023);Experiment 2;Orientation;1;2;59.0;58.0;-27.0;65.0;70;1
11;103;109;6;0.863408800000343;4;50.0;211;Blonde et al. (2023);Experiment 2;Orientation;1;2;;;;;1;2
11;135;109;-26;0.672522899999876;4;-32.0;212;Blonde et al. (2023);Experiment 2;Orientation;1;2;;;;;2;2
11;108;104;-4;1.83923349999986;4;27.0;213;Blonde et al. (2023);Experiment 2;Orientation;1;2;;;;;3;2
11;65;72;7;1.94686490000004;4;43.0;214;Blonde et al. (2023);Experiment 2;Orientation;1;2;;;;;4;2
11;15;15;0;1.00679069999978;4;50.0;215;Blonde et al. (2023);Experiment 2;Orientation;1;2;50.0;-87.0;-60.0;88.0;5;2
11;23;17;-6;1.78072209999982;4;-8.0;216;Blonde et al. (2023);Experiment 2;Orientation;1;2;-8.0;42.0;85.0;-68.0;6;2
11;155;152;-3;1.60584689999996;4;48.0;217;Blonde et al. (2023);Experiment 2;Orientation;1;2;48.0;40.0;90.0;-47.0;7;2
11;94;104;10;1.1143161;4;61.0;218;Blonde et al. (2023);Experiment 2;Orientation;1;2;61.0;-71.0;-79.0;-29.0;8;2
11;116;108;-8;1.63037110000005;4;-22.0;219;Blonde et al. (2023);Experiment 2;Orientation;1;2;-22.0;39.0;87.0;79.0;9;2
11;40;43;3;2.20516769999995;4;76.0;220;Blonde et al. (2023);Experiment 2;Orientation;1;2;76.0;54.0;-65.0;-17.0;10;2
11;89;94;5;2.08079859999998;4;-49.0;221;Blonde et al. (2023);Experiment 2;Orientation;1;2;-49.0;27.0;5.0;66.0;11;2
11;41;57;16;1.52199870000004;4;48.0;222;Blonde et al. (2023);Experiment 2;Orientation;1;2;48.0;-1.0;75.0;53.0;12;2
11;57;50;-7;1.52196280000044;4;-16.0;223;Blonde et al. (2023);Experiment 2;Orientation;1;2;-16.0;32.0;-17.0;59.0;13;2
11;73;80;7;1.54781790000015;4;-16.0;224;Blonde et al. (2023);Experiment 2;Orientation;1;2;-16.0;-32.0;16.0;-33.0;14;2
11;37;31;-6;1.36416480000025;4;36.0;225;Blonde et al. (2023);Experiment 2;Orientation;1;2;36.0;20.0;4.0;52.0;15;2
11;129;106;-23;1.62271400000009;4;88.0;226;Blonde et al. (2023);Experiment 2;Orientation;1;2;88.0;-56.0;-72.0;-88.0;16;2
11;115;107;-8;2.66392450000012;4;14.0;227;Blonde et al. (2023);Experiment 2;Orientation;1;2;14.0;-78.0;-42.0;-58.0;17;2
11;15;33;18;1.32248639999989;4;-80.0;228;Blonde et al. (2023);Experiment 2;Orientation;1;2;-80.0;-66.0;22.0;58.0;18;2
11;73;91;18;1.41345950000004;4;-58.0;229;Blonde et al. (2023);Experiment 2;Orientation;1;2;-58.0;42.0;56.0;-36.0;19;2
11;108;106;-2;1.93022949999977;4;-35.0;230;Blonde et al. (2023);Experiment 2;Orientation;1;2;-35.0;87.0;7.0;21.0;20;2
11;98;111;13;1.86321629999975;4;10.0;231;Blonde et al. (2023);Experiment 2;Orientation;1;2;10.0;-25.0;-83.0;17.0;21;2
11;78;103;25;1.355231;4;20.0;232;Blonde et al. (2023);Experiment 2;Orientation;1;2;20.0;30.0;-5.0;-63.0;22;2
11;112;96;-16;1.73864970000022;4;-34.0;233;Blonde et al. (2023);Experiment 2;Orientation;1;2;-34.0;-14.0;-4.0;-39.0;23;2
11;35;59;24;2.44759650000015;4;77.0;234;Blonde et al. (2023);Experiment 2;Orientation;1;2;77.0;43.0;63.0;73.0;24;2
11;171;169;-2;1.57962760000009;4;44.0;235;Blonde et al. (2023);Experiment 2;Orientation;1;2;44.0;-59.0;87.0;-73.0;25;2
11;25;35;10;1.98079460000008;4;-34.0;236;Blonde et al. (2023);Experiment 2;Orientation;1;2;-34.0;10.0;87.0;53.0;26;2
11;47;64;17;1.67236460000004;4;-22.0;237;Blonde et al. (2023);Experiment 2;Orientation;1;2;-22.0;-56.0;-12.0;65.0;27;2
11;174;173;-1;0.930972699999984;4;53.0;238;Blonde et al. (2023);Experiment 2;Orientation;1;2;53.0;31.0;-3.0;41.0;28;2
11;14;19;5;2.81417220000003;4;-20.0;239;Blonde et al. (2023);Experiment 2;Orientation;1;2;-20.0;33.0;11.0;-23.0;29;2
11;109;111;2;2.29671909999979;4;85.0;240;Blonde et al. (2023);Experiment 2;Orientation;1;2;85.0;65.0;-62.0;-84.0;30;2
11;46;44;-2;1.28034509999998;4;63.0;241;Blonde et al. (2023);Experiment 2;Orientation;1;2;63.0;-32.0;-52.0;1.0;31;2
11;164;148;-16;0.897006500000316;4;62.0;242;Blonde et al. (2023);Experiment 2;Orientation;1;2;62.0;-55.0;30.0;10.0;32;2
11;179;4;5;1.67200279999997;4;-15.0;243;Blonde et al. (2023);Experiment 2;Orientation;1;2;-15.0;47.0;-70.0;15.0;33;2
11;159;144;-15;1.55523850000009;4;20.0;244;Blonde et al. (2023);Experiment 2;Orientation;1;2;20.0;5.0;67.0;-50.0;34;2
11;77;85;8;13.2372821999998;4;82.0;245;Blonde et al. (2023);Experiment 2;Orientation;1;2;82.0;-78.0;87.0;-31.0;35;2
11;17;53;36;5.30496839999978;4;60.0;246;Blonde et al. (2023);Experiment 2;Orientation;1;2;60.0;-38.0;-18.0;-33.0;36;2
11;20;35;15;1.63044199999968;4;-3.0;247;Blonde et al. (2023);Experiment 2;Orientation;1;2;-3.0;57.0;-41.0;-21.0;37;2
11;117;114;-3;1.37258889999976;4;83.0;248;Blonde et al. (2023);Experiment 2;Orientation;1;2;83.0;80.0;-40.0;42.0;38;2
11;74;81;7;1.26350569999977;4;43.0;249;Blonde et al. (2023);Experiment 2;Orientation;1;2;43.0;-54.0;-57.0;3.0;39;2
11;108;113;5;1.17275840000002;4;-34.0;250;Blonde et al. (2023);Experiment 2;Orientation;1;2;-34.0;9.0;-88.0;89.0;40;2
11;52;63;11;15.6870334;4;56.0;251;Blonde et al. (2023);Experiment 2;Orientation;1;2;56.0;22.0;65.0;-32.0;41;2
11;85;93;8;0.988803999999618;4;-33.0;252;Blonde et al. (2023);Experiment 2;Orientation;1;2;-33.0;23.0;-11.0;32.0;42;2
11;2;12;10;1.69692910000003;4;83.0;253;Blonde et al. (2023);Experiment 2;Orientation;1;2;83.0;50.0;-74.0;72.0;43;2
11;122;113;-9;0.965196099999957;4;60.0;254;Blonde et al. (2023);Experiment 2;Orientation;1;2;60.0;-37.0;-70.0;-14.0;44;2
11;87;89;2;1.44741380000005;4;35.0;255;Blonde et al. (2023);Experiment 2;Orientation;1;2;35.0;-85.0;-2.0;-35.0;45;2
11;36;51;15;1.24777450000011;4;51.0;256;Blonde et al. (2023);Experiment 2;Orientation;1;2;51.0;86.0;-34.0;49.0;46;2
11;12;36;24;1.14810750000015;4;24.0;257;Blonde et al. (2023);Experiment 2;Orientation;1;2;24.0;75.0;-70.0;-10.0;47;2
11;15;22;7;3.9049842999998;4;-3.0;258;Blonde et al. (2023);Experiment 2;Orientation;1;2;-3.0;21.0;72.0;-73.0;48;2
11;125;116;-9;1.39687269999968;4;70.0;259;Blonde et al. (2023);Experiment 2;Orientation;1;2;70.0;67.0;-89.0;-38.0;49;2
11;114;121;7;2.17149040000004;4;11.0;260;Blonde et al. (2023);Experiment 2;Orientation;1;2;11.0;81.0;78.0;-78.0;50;2
11;9;11;2;1.57183130000021;4;-75.0;261;Blonde et al. (2023);Experiment 2;Orientation;1;2;-75.0;-64.0;6.0;3.0;51;2
11;146;134;-12;1.68859010000006;4;43.0;262;Blonde et al. (2023);Experiment 2;Orientation;1;2;43.0;-32.0;-21.0;49.0;52;2
11;63;78;15;2.08045140000013;4;83.0;263;Blonde et al. (2023);Experiment 2;Orientation;1;2;83.0;-54.0;51.0;62.0;53;2
11;39;44;5;0.847430400000121;4;24.0;264;Blonde et al. (2023);Experiment 2;Orientation;1;2;24.0;-73.0;-30.0;75.0;54;2
11;115;76;-39;3.3801140000005;4;-76.0;265;Blonde et al. (2023);Experiment 2;Orientation;1;2;-76.0;-52.0;31.0;74.0;55;2
11;110;59;-51;1.47207300000082;4;5.0;266;Blonde et al. (2023);Experiment 2;Orientation;1;2;5.0;-71.0;-47.0;36.0;56;2
11;112;111;-1;0.739214600000196;4;-2.0;267;Blonde et al. (2023);Experiment 2;Orientation;1;2;-2.0;3.0;-73.0;-49.0;57;2
11;27;49;22;1.12204240000028;4;85.0;268;Blonde et al. (2023);Experiment 2;Orientation;1;2;85.0;83.0;88.0;12.0;58;2
11;159;157;-2;1.89635230000022;4;48.0;269;Blonde et al. (2023);Experiment 2;Orientation;1;2;48.0;-47.0;-49.0;-44.0;59;2
11;22;37;15;5.03799069999968;4;-43.0;270;Blonde et al. (2023);Experiment 2;Orientation;1;2;-43.0;5.0;90.0;88.0;60;2
11;0;173;-7;1.6885427999996;4;22.0;271;Blonde et al. (2023);Experiment 2;Orientation;1;2;22.0;-21.0;27.0;-68.0;61;2
11;60;85;25;1.52205310000045;4;-60.0;272;Blonde et al. (2023);Experiment 2;Orientation;1;2;-60.0;-38.0;-81.0;-33.0;62;2
11;148;124;-24;1.10549549999996;4;-88.0;273;Blonde et al. (2023);Experiment 2;Orientation;1;2;-88.0;32.0;54.0;11.0;63;2
11;85;95;10;1.68870900000002;4;63.0;274;Blonde et al. (2023);Experiment 2;Orientation;1;2;63.0;-25.0;-85.0;-63.0;64;2
11;165;154;-11;1.89691909999965;4;-80.0;275;Blonde et al. (2023);Experiment 2;Orientation;1;2;-80.0;-17.0;75.0;15.0;65;2
11;141;144;3;1.16359439999997;4;24.0;276;Blonde et al. (2023);Experiment 2;Orientation;1;2;24.0;-56.0;7.0;-81.0;66;2
11;153;132;-21;1.33029309999984;4;-12.0;277;Blonde et al. (2023);Experiment 2;Orientation;1;2;-12.0;12.0;-68.0;-5.0;67;2
11;144;128;-16;1.80528119999963;4;9.0;278;Blonde et al. (2023);Experiment 2;Orientation;1;2;9.0;-3.0;21.0;-59.0;68;2
11;159;145;-14;1.33861140000045;4;-15.0;279;Blonde et al. (2023);Experiment 2;Orientation;1;2;-15.0;-6.0;-18.0;6.0;69;2
11;14;15;1;1.45531590000064;4;-35.0;280;Blonde et al. (2023);Experiment 2;Orientation;1;2;-35.0;-50.0;-41.0;-53.0;70;2
12;73;67;-6;1.5307057;1;;1;Blonde et al. (2023);Experiment 2;Orientation;1;2;;;;;1;1
12;175;170;-5;0.905503299999509;1;78.0;2;Blonde et al. (2023);Experiment 2;Orientation;1;2;;;;;2;1
12;149;136;-13;1.06429690000004;1;26.0;3;Blonde et al. (2023);Experiment 2;Orientation;1;2;;;;;3;1
12;75;69;-6;1.78056840000045;1;74.0;4;Blonde et al. (2023);Experiment 2;Orientation;1;2;;;;;4;1
12;175;173;-2;2.71400300000005;1;80.0;5;Blonde et al. (2023);Experiment 2;Orientation;1;2;80.0;-26.0;0.0;78.0;5;1
12;115;129;14;1.40594779999992;1;60.0;6;Blonde et al. (2023);Experiment 2;Orientation;1;2;60.0;-40.0;34.0;60.0;6;1
12;21;17;-4;0.896940100000393;1;-86.0;7;Blonde et al. (2023);Experiment 2;Orientation;1;2;-86.0;-26.0;54.0;-52.0;7;1
12;173;177;4;1.54696249999961;1;28.0;8;Blonde et al. (2023);Experiment 2;Orientation;1;2;28.0;-58.0;2.0;82.0;8;1
12;159;163;4;2.12248799999998;1;14.0;9;Blonde et al. (2023);Experiment 2;Orientation;1;2;14.0;42.0;-44.0;16.0;9;1
12;11;166;-25;1.35599759999968;1;-32.0;10;Blonde et al. (2023);Experiment 2;Orientation;1;2;-32.0;-18.0;10.0;-76.0;10;1
12;92;91;-1;1.09755550000045;1;-81.0;11;Blonde et al. (2023);Experiment 2;Orientation;1;2;-81.0;67.0;81.0;-71.0;11;1
12;44;45;1;1.69697089999954;1;48.0;12;Blonde et al. (2023);Experiment 2;Orientation;1;2;48.0;-33.0;-65.0;-51.0;12;1
12;172;166;-6;1.91423229999964;1;52.0;13;Blonde et al. (2023);Experiment 2;Orientation;1;2;52.0;-80.0;19.0;-13.0;13;1
12;150;147;-3;1.23826110000027;1;22.0;14;Blonde et al. (2023);Experiment 2;Orientation;1;2;22.0;74.0;-58.0;41.0;14;1
12;28;30;2;1.17264370000066;1;-58.0;15;Blonde et al. (2023);Experiment 2;Orientation;1;2;-58.0;-36.0;16.0;64.0;15;1
12;92;87;-5;1.51420479999979;1;-64.0;16;Blonde et al. (2023);Experiment 2;Orientation;1;2;-64.0;58.0;80.0;-48.0;16;1
12;115;119;4;1.65553809999983;1;-23.0;17;Blonde et al. (2023);Experiment 2;Orientation;1;2;-23.0;-87.0;35.0;57.0;17;1
12;54;41;-13;2.24696440000025;1;61.0;18;Blonde et al. (2023);Experiment 2;Orientation;1;2;61.0;38.0;-26.0;-84.0;18;1
12;140;146;6;1.97218300000077;1;-86.0;19;Blonde et al. (2023);Experiment 2;Orientation;1;2;-86.0;-25.0;-48.0;68.0;19;1
12;146;134;-12;1.32178560000011;1;-6.0;20;Blonde et al. (2023);Experiment 2;Orientation;1;2;-6.0;88.0;-31.0;-54.0;20;1
12;107;125;18;1.42205340000055;1;39.0;21;Blonde et al. (2023);Experiment 2;Orientation;1;2;39.0;33.0;-53.0;8.0;21;1
12;28;37;9;0.78852199999983;1;79.0;22;Blonde et al. (2023);Experiment 2;Orientation;1;2;79.0;-62.0;-68.0;26.0;22;1
12;117;114;-3;1.32383140000002;1;-89.0;23;Blonde et al. (2023);Experiment 2;Orientation;1;2;-89.0;-10.0;29.0;23.0;23;1
12;155;121;-34;1.21423030000005;1;-38.0;24;Blonde et al. (2023);Experiment 2;Orientation;1;2;-38.0;53.0;-48.0;-9.0;24;1
12;28;28;0;2.82181180000043;1;-53.0;25;Blonde et al. (2023);Experiment 2;Orientation;1;2;-53.0;89.0;0.0;79.0;25;1
12;142;123;-19;1.1816288;1;66.0;26;Blonde et al. (2023);Experiment 2;Orientation;1;2;66.0;13.0;-25.0;66.0;26;1
12;80;73;-7;1.51365629999964;1;62.0;27;Blonde et al. (2023);Experiment 2;Orientation;1;2;62.0;-52.0;75.0;37.0;27;1
12;29;32;3;0.821953300000132;1;51.0;28;Blonde et al. (2023);Experiment 2;Orientation;1;2;51.0;-67.0;-1.0;-54.0;28;1
12;121;116;-5;1.15476110000054;1;88.0;29;Blonde et al. (2023);Experiment 2;Orientation;1;2;88.0;-41.0;21.0;87.0;29;1
12;161;156;-5;1.46590199999991;1;-40.0;30;Blonde et al. (2023);Experiment 2;Orientation;1;2;-40.0;48.0;-81.0;-19.0;30;1
12;54;48;-6;1.79926100000012;1;-73.0;31;Blonde et al. (2023);Experiment 2;Orientation;1;2;-73.0;67.0;-25.0;26.0;31;1
12;140;136;-4;2.10803209999995;1;-86.0;32;Blonde et al. (2023);Experiment 2;Orientation;1;2;-86.0;21.0;-19.0;69.0;32;1
12;49;37;-12;1.41330239999934;1;-89.0;33;Blonde et al. (2023);Experiment 2;Orientation;1;2;-89.0;5.0;-68.0;72.0;33;1
12;114;120;6;1.18042289999994;1;-65.0;34;Blonde et al. (2023);Experiment 2;Orientation;1;2;-65.0;26.0;-60.0;47.0;34;1
12;147;130;-17;5.12140589999944;1;-33.0;35;Blonde et al. (2023);Experiment 2;Orientation;1;2;-33.0;82.0;-7.0;87.0;35;1
12;82;82;0;1.63927140000033;1;65.0;36;Blonde et al. (2023);Experiment 2;Orientation;1;2;65.0;32.0;-33.0;58.0;36;1
12;125;77;-48;1.02138070000001;1;-43.0;37;Blonde et al. (2023);Experiment 2;Orientation;1;2;-43.0;22.0;-11.0;-76.0;37;1
12;118;109;-9;2.66318859999956;1;7.0;38;Blonde et al. (2023);Experiment 2;Orientation;1;2;7.0;-36.0;29.0;-4.0;38;1
12;80;79;-1;1.76346439999998;1;38.0;39;Blonde et al. (2023);Experiment 2;Orientation;1;2;38.0;45.0;2.0;67.0;39;1
12;9;10;1;1.46448880000025;1;71.0;40;Blonde et al. (2023);Experiment 2;Orientation;1;2;71.0;-71.0;-64.0;73.0;40;1
12;137;126;-11;1.00608140000077;1;52.0;41;Blonde et al. (2023);Experiment 2;Orientation;1;2;52.0;-57.0;-19.0;-12.0;41;1
12;117;117;0;1.38889389999986;1;20.0;42;Blonde et al. (2023);Experiment 2;Orientation;1;2;20.0;72.0;-37.0;1.0;42;1
12;51;14;-37;1.49723480000011;1;66.0;43;Blonde et al. (2023);Experiment 2;Orientation;1;2;66.0;86.0;-42.0;29.0;43;1
12;72;38;-34;1.29724970000007;1;-21.0;44;Blonde et al. (2023);Experiment 2;Orientation;1;2;-21.0;45.0;65.0;-63.0;44;1
12;11;19;8;1.18008740000005;1;61.0;45;Blonde et al. (2023);Experiment 2;Orientation;1;2;61.0;40.0;-74.0;-54.0;45;1
12;142;136;-6;0.847059300000183;1;49.0;46;Blonde et al. (2023);Experiment 2;Orientation;1;2;49.0;-70.0;89.0;-25.0;46;1
12;179;0;1;2.30504589999964;1;-37.0;47;Blonde et al. (2023);Experiment 2;Orientation;1;2;-37.0;12.0;73.0;52.0;47;1
12;137;124;-13;1.36419699999988;1;42.0;48;Blonde et al. (2023);Experiment 2;Orientation;1;2;42.0;5.0;54.0;-65.0;48;1
12;137;122;-15;1.7976478999999;1;0.0;49;Blonde et al. (2023);Experiment 2;Orientation;1;2;0.0;42.0;5.0;54.0;49;1
12;2;8;6;1.88058699999965;1;-45.0;50;Blonde et al. (2023);Experiment 2;Orientation;1;2;-45.0;-45.0;-3.0;-40.0;50;1
12;30;19;-11;1.28030279999984;1;-28.0;51;Blonde et al. (2023);Experiment 2;Orientation;1;2;-28.0;-73.0;-73.0;-31.0;51;1
12;78;76;-2;1.28102610000042;1;-48.0;52;Blonde et al. (2023);Experiment 2;Orientation;1;2;-48.0;-76.0;59.0;59.0;52;1
12;97;110;13;0.98025460000008;1;-19.0;53;Blonde et al. (2023);Experiment 2;Orientation;1;2;-19.0;-67.0;85.0;40.0;53;1
12;92;102;10;1.05492489999961;1;5.0;54;Blonde et al. (2023);Experiment 2;Orientation;1;2;5.0;-14.0;-62.0;90.0;54;1
12;119;107;-12;2.56337859999985;1;-27.0;55;Blonde et al. (2023);Experiment 2;Orientation;1;2;-27.0;-22.0;-41.0;-89.0;55;1
12;173;74;81;0.888630000000376;1;-54.0;56;Blonde et al. (2023);Experiment 2;Orientation;1;2;-54.0;-81.0;-76.0;85.0;56;1
12;108;119;11;1.27197250000063;1;65.0;57;Blonde et al. (2023);Experiment 2;Orientation;1;2;65.0;11.0;-16.0;-11.0;57;1
12;125;116;-9;1.60517579999942;1;-17.0;58;Blonde et al. (2023);Experiment 2;Orientation;1;2;-17.0;48.0;-6.0;-33.0;58;1
12;85;94;9;1.61363770000025;1;40.0;59;Blonde et al. (2023);Experiment 2;Orientation;1;2;40.0;23.0;88.0;34.0;59;1
12;86;81;-5;1.39709060000041;1;-1.0;60;Blonde et al. (2023);Experiment 2;Orientation;1;2;-1.0;39.0;22.0;87.0;60;1
12;149;129;-20;1.42128140000023;1;-63.0;61;Blonde et al. (2023);Experiment 2;Orientation;1;2;-63.0;-64.0;-24.0;-41.0;61;1
12;38;33;-5;0.947752199999741;1;-69.0;62;Blonde et al. (2023);Experiment 2;Orientation;1;2;-69.0;48.0;47.0;87.0;62;1
12;161;117;-44;0.98035020000043;1;57.0;63;Blonde et al. (2023);Experiment 2;Orientation;1;2;57.0;-12.0;-75.0;-76.0;63;1
12;119;111;-8;1.14703720000034;1;42.0;64;Blonde et al. (2023);Experiment 2;Orientation;1;2;42.0;-81.0;30.0;-33.0;64;1
12;141;138;-3;0.880908899999667;1;-22.0;65;Blonde et al. (2023);Experiment 2;Orientation;1;2;-22.0;20.0;77.0;8.0;65;1
12;146;134;-12;0.972165000000132;1;-5.0;66;Blonde et al. (2023);Experiment 2;Orientation;1;2;-5.0;-27.0;15.0;72.0;66;1
12;32;44;12;1.21318710000014;1;-66.0;67;Blonde et al. (2023);Experiment 2;Orientation;1;2;-66.0;-71.0;87.0;-51.0;67;1
12;108;126;18;1.34686890000012;1;-76.0;68;Blonde et al. (2023);Experiment 2;Orientation;1;2;-76.0;38.0;33.0;11.0;68;1
12;35;40;5;1.16381260000071;1;73.0;69;Blonde et al. (2023);Experiment 2;Orientation;1;2;73.0;-3.0;-69.0;-74.0;69;1
12;136;134;-2;1.32254759999978;1;79.0;70;Blonde et al. (2023);Experiment 2;Orientation;1;2;79.0;-28.0;76.0;10.0;70;1
12;106;106;0;0.955429999999978;3;-7.0;141;Blonde et al. (2023);Experiment 2;Orientation;1;2;;;;;1;2
12;68;74;6;1.02264899999955;3;38.0;142;Blonde et al. (2023);Experiment 2;Orientation;1;2;;;;;2;2
12;114;107;-7;2.18814589999965;3;-46.0;143;Blonde et al. (2023);Experiment 2;Orientation;1;2;;;;;3;2
12;89;84;-5;1.25571469999977;3;25.0;144;Blonde et al. (2023);Experiment 2;Orientation;1;2;;;;;4;2
12;54;57;3;1.55524340000011;3;35.0;145;Blonde et al. (2023);Experiment 2;Orientation;1;2;35.0;60.0;14.0;52.0;5;2
12;55;61;6;1.83042159999968;3;-1.0;146;Blonde et al. (2023);Experiment 2;Orientation;1;2;-1.0;34.0;59.0;13.0;6;2
12;81;74;-7;1.10585489999994;3;-26.0;147;Blonde et al. (2023);Experiment 2;Orientation;1;2;-26.0;-27.0;8.0;33.0;7;2
12;169;154;-15;0.797671500000433;3;-88.0;148;Blonde et al. (2023);Experiment 2;Orientation;1;2;-88.0;66.0;65.0;-80.0;8;2
12;57;40;-17;1.2555653999998;3;-68.0;149;Blonde et al. (2023);Experiment 2;Orientation;1;2;-68.0;24.0;-2.0;-3.0;9;2
12;116;108;-8;52.6746157999996;3;-59.0;150;Blonde et al. (2023);Experiment 2;Orientation;1;2;-59.0;53.0;-35.0;-61.0;10;2
12;117;144;27;19.8864476999997;3;-1.0;151;Blonde et al. (2023);Experiment 2;Orientation;1;2;-1.0;-60.0;52.0;-36.0;11;2
12;149;138;-11;0.805742999999893;3;-32.0;152;Blonde et al. (2023);Experiment 2;Orientation;1;2;-32.0;-33.0;88.0;20.0;12;2
12;39;38;-1;1.03889230000004;3;-70.0;153;Blonde et al. (2023);Experiment 2;Orientation;1;2;-70.0;78.0;77.0;18.0;13;2
12;77;68;-9;45.6333615000003;3;-38.0;154;Blonde et al. (2023);Experiment 2;Orientation;1;2;-38.0;72.0;40.0;39.0;14;2
12;154;130;-24;3.60532860000058;3;-77.0;155;Blonde et al. (2023);Experiment 2;Orientation;1;2;-77.0;65.0;-5.0;-37.0;15;2
12;63;61;-2;20.0690051000001;3;-89.0;156;Blonde et al. (2023);Experiment 2;Orientation;1;2;-89.0;14.0;-24.0;86.0;16;2
12;112;116;4;37.5174327000004;3;-49.0;157;Blonde et al. (2023);Experiment 2;Orientation;1;2;-49.0;42.0;-35.0;-73.0;17;2
12;130;112;-18;2.12193070000012;3;-18.0;158;Blonde et al. (2023);Experiment 2;Orientation;1;2;-18.0;-67.0;24.0;-53.0;18;2
12;68;66;-2;5.39645520000067;3;62.0;159;Blonde et al. (2023);Experiment 2;Orientation;1;2;62.0;44.0;-5.0;86.0;19;2
12;67;64;-3;15.9702993000001;3;1.0;160;Blonde et al. (2023);Experiment 2;Orientation;1;2;1.0;63.0;45.0;-4.0;20;2
12;170;161;-9;0.897673399999803;3;77.0;161;Blonde et al. (2023);Experiment 2;Orientation;1;2;77.0;78.0;-40.0;-58.0;21;2
12;74;69;-5;0.93875030000072;3;-84.0;162;Blonde et al. (2023);Experiment 2;Orientation;1;2;-84.0;-7.0;-6.0;56.0;22;2
12;138;131;-7;1.78091690000019;3;-64.0;163;Blonde et al. (2023);Experiment 2;Orientation;1;2;-64.0;32.0;-71.0;-70.0;23;2
12;11;11;0;1.02160849999927;3;-53.0;164;Blonde et al. (2023);Experiment 2;Orientation;1;2;-53.0;63.0;-21.0;56.0;24;2
12;47;39;-8;1.07247420000022;3;-36.0;165;Blonde et al. (2023);Experiment 2;Orientation;1;2;-36.0;-89.0;27.0;-57.0;25;2
12;160;142;-18;1.25585560000036;3;67.0;166;Blonde et al. (2023);Experiment 2;Orientation;1;2;67.0;31.0;-22.0;-86.0;26;2
12;86;76;-10;1.04714609999974;3;74.0;167;Blonde et al. (2023);Experiment 2;Orientation;1;2;74.0;-39.0;-75.0;52.0;27;2
12;156;141;-15;0.805655200000729;3;-70.0;168;Blonde et al. (2023);Experiment 2;Orientation;1;2;-70.0;4.0;71.0;35.0;28;2
12;177;168;-9;1.29664179999963;3;-21.0;169;Blonde et al. (2023);Experiment 2;Orientation;1;2;-21.0;89.0;-17.0;50.0;29;2
12;99;103;4;1.72403750000012;3;78.0;170;Blonde et al. (2023);Experiment 2;Orientation;1;2;78.0;57.0;-13.0;61.0;30;2
12;28;20;-8;0.92250200000035;3;71.0;171;Blonde et al. (2023);Experiment 2;Orientation;1;2;71.0;-31.0;-52.0;58.0;31;2
12;149;125;-24;0.606036899999708;3;59.0;172;Blonde et al. (2023);Experiment 2;Orientation;1;2;59.0;-50.0;28.0;7.0;32;2
12;67;68;1;1.38863049999964;3;82.0;173;Blonde et al. (2023);Experiment 2;Orientation;1;2;82.0;-39.0;32.0;-70.0;33;2
12;12;17;5;1.14696800000002;3;55.0;174;Blonde et al. (2023);Experiment 2;Orientation;1;2;55.0;-43.0;16.0;87.0;34;2
12;70;73;3;0.855601999999635;3;-58.0;175;Blonde et al. (2023);Experiment 2;Orientation;1;2;-58.0;-3.0;79.0;-42.0;35;2
12;134;124;-10;0.880750500000431;3;-64.0;176;Blonde et al. (2023);Experiment 2;Orientation;1;2;-64.0;58.0;-67.0;15.0;36;2
12;31;35;4;0.830413100000442;3;-77.0;177;Blonde et al. (2023);Experiment 2;Orientation;1;2;-77.0;39.0;-19.0;36.0;37;2
12;98;93;-5;1.13840170000003;3;-67.0;178;Blonde et al. (2023);Experiment 2;Orientation;1;2;-67.0;36.0;-28.0;-86.0;38;2
12;148;143;-5;1.03847849999966;3;-50.0;179;Blonde et al. (2023);Experiment 2;Orientation;1;2;-50.0;63.0;-14.0;-78.0;39;2
12;46;35;-11;1.25539050000043;3;-78.0;180;Blonde et al. (2023);Experiment 2;Orientation;1;2;-78.0;52.0;-15.0;88.0;40;2
12;68;43;-25;0.930945899999642;3;-22.0;181;Blonde et al. (2023);Experiment 2;Orientation;1;2;-22.0;80.0;30.0;-37.0;41;2
12;65;63;-2;9.92153710000002;3;3.0;182;Blonde et al. (2023);Experiment 2;Orientation;1;2;3.0;-19.0;83.0;33.0;42;2
12;37;30;-7;2.01414419999946;3;28.0;183;Blonde et al. (2023);Experiment 2;Orientation;1;2;28.0;31.0;9.0;-69.0;43;2
12;27;29;2;0.68059170000015;3;10.0;184;Blonde et al. (2023);Experiment 2;Orientation;1;2;10.0;38.0;41.0;19.0;44;2
12;156;149;-7;1.70538880000004;3;51.0;185;Blonde et al. (2023);Experiment 2;Orientation;1;2;51.0;61.0;89.0;-88.0;45;2
12;67;50;-17;1.57164020000073;3;89.0;186;Blonde et al. (2023);Experiment 2;Orientation;1;2;89.0;-40.0;-30.0;-2.0;46;2
12;80;68;-12;1.51385769999979;3;-13.0;187;Blonde et al. (2023);Experiment 2;Orientation;1;2;-13.0;76.0;-53.0;-43.0;47;2
12;57;56;-1;1.25533480000013;3;23.0;188;Blonde et al. (2023);Experiment 2;Orientation;1;2;23.0;10.0;-81.0;-30.0;48;2
12;76;71;-5;1.15598670000054;3;-19.0;189;Blonde et al. (2023);Experiment 2;Orientation;1;2;-19.0;4.0;-9.0;80.0;49;2
12;31;109;78;0.797632900000281;3;45.0;190;Blonde et al. (2023);Experiment 2;Orientation;1;2;45.0;26.0;49.0;36.0;50;2
12;166;147;-19;1.15586640000038;3;45.0;191;Blonde et al. (2023);Experiment 2;Orientation;1;2;45.0;90.0;71.0;-86.0;51;2
12;172;137;-35;0.872891500000151;3;-6.0;192;Blonde et al. (2023);Experiment 2;Orientation;1;2;-6.0;39.0;84.0;65.0;52;2
12;10;10;0;0.764386699999704;3;-18.0;193;Blonde et al. (2023);Experiment 2;Orientation;1;2;-18.0;-24.0;21.0;66.0;53;2
12;137;142;5;1.18930710000041;3;53.0;194;Blonde et al. (2023);Experiment 2;Orientation;1;2;53.0;35.0;29.0;74.0;54;2
12;91;92;1;10.9872331999995;3;46.0;195;Blonde et al. (2023);Experiment 2;Orientation;1;2;46.0;-81.0;81.0;75.0;55;2
12;33;128;-85;1.25603550000051;3;58.0;196;Blonde et al. (2023);Experiment 2;Orientation;1;2;58.0;-76.0;-23.0;-41.0;56;2
12;97;99;2;5.42988369999966;3;-64.0;197;Blonde et al. (2023);Experiment 2;Orientation;1;2;-64.0;-6.0;40.0;-87.0;57;2
12;45;43;-2;1.06375949999983;3;52.0;198;Blonde et al. (2023);Experiment 2;Orientation;1;2;52.0;-12.0;46.0;-88.0;58;2
12;80;70;-10;0.863777499999742;3;-35.0;199;Blonde et al. (2023);Experiment 2;Orientation;1;2;-35.0;17.0;-47.0;11.0;59;2
12;1;9;8;1.40624539999953;3;79.0;200;Blonde et al. (2023);Experiment 2;Orientation;1;2;79.0;44.0;-84.0;32.0;60;2
12;133;117;-16;0.538957099999607;3;48.0;201;Blonde et al. (2023);Experiment 2;Orientation;1;2;48.0;-53.0;-88.0;-36.0;61;2
12;167;163;-4;1.21440910000001;3;-34.0;202;Blonde et al. (2023);Experiment 2;Orientation;1;2;-34.0;14.0;-87.0;58.0;62;2
12;14;8;-6;0.9471881999998;3;-27.0;203;Blonde et al. (2023);Experiment 2;Orientation;1;2;-27.0;-61.0;-13.0;66.0;63;2
12;43;23;-20;1.39779670000007;3;-29.0;204;Blonde et al. (2023);Experiment 2;Orientation;1;2;-29.0;-56.0;90.0;-42.0;64;2
12;28;23;-5;0.547735500000272;3;15.0;205;Blonde et al. (2023);Experiment 2;Orientation;1;2;15.0;-14.0;-41.0;-75.0;65;2
12;144;140;-4;1.13837690000037;3;64.0;206;Blonde et al. (2023);Experiment 2;Orientation;1;2;64.0;79.0;50.0;23.0;66;2
12;29;32;3;1.00518310000007;3;-65.0;207;Blonde et al. (2023);Experiment 2;Orientation;1;2;-65.0;-1.0;14.0;-15.0;67;2
12;157;135;-22;1.74695770000017;3;52.0;208;Blonde et al. (2023);Experiment 2;Orientation;1;2;52.0;-13.0;51.0;66.0;68;2
12;92;37;-55;1.23037990000012;3;65.0;209;Blonde et al. (2023);Experiment 2;Orientation;1;2;65.0;-63.0;52.0;-64.0;69;2
12;125;131;6;0.472921000000497;3;-33.0;210;Blonde et al. (2023);Experiment 2;Orientation;1;2;-33.0;32.0;84.0;19.0;70;2
13;38;36;-2;2.23959810000088;2;-1.0;71;Blonde et al. (2023);Experiment 2;Orientation;1;2;;;;;1;1
13;179;6;7;3.01346569999987;2;39.0;72;Blonde et al. (2023);Experiment 2;Orientation;1;2;;;;;2;1
13;104;135;31;1.50544350000018;2;75.0;73;Blonde et al. (2023);Experiment 2;Orientation;1;2;;;;;3;1
13;56;48;-8;3.27260389999901;2;48.0;74;Blonde et al. (2023);Experiment 2;Orientation;1;2;;;;;4;1
13;177;18;21;1.1392982999987;2;59.0;75;Blonde et al. (2023);Experiment 2;Orientation;1;2;59.0;-73.0;2.0;41.0;5;1
13;36;36;0;1.03027429999929;2;-39.0;76;Blonde et al. (2023);Experiment 2;Orientation;1;2;-39.0;20.0;68.0;-37.0;6;1
13;40;50;10;1.41331960000025;2;-4.0;77;Blonde et al. (2023);Experiment 2;Orientation;1;2;-4.0;-43.0;16.0;64.0;7;1
13;23;34;11;1.80526190000091;2;17.0;78;Blonde et al. (2023);Experiment 2;Orientation;1;2;17.0;13.0;-26.0;33.0;8;1
13;3;26;23;1.11437050000131;2;20.0;79;Blonde et al. (2023);Experiment 2;Orientation;1;2;20.0;37.0;33.0;-6.0;9;1
13;17;20;3;1.63835239999935;2;-14.0;80;Blonde et al. (2023);Experiment 2;Orientation;1;2;-14.0;6.0;23.0;19.0;10;1
13;83;73;-10;1.16363590000037;2;-66.0;81;Blonde et al. (2023);Experiment 2;Orientation;1;2;-66.0;-80.0;-60.0;-43.0;11;1
13;138;135;-3;1.54741620000095;2;-55.0;82;Blonde et al. (2023);Experiment 2;Orientation;1;2;-55.0;59.0;45.0;65.0;12;1
13;158;156;-2;0.831024299999626;2;-20.0;83;Blonde et al. (2023);Experiment 2;Orientation;1;2;-20.0;-75.0;39.0;25.0;13;1
13;177;5;8;1.0725534000012;2;-19.0;84;Blonde et al. (2023);Experiment 2;Orientation;1;2;-19.0;-39.0;86.0;20.0;14;1
13;165;141;-24;0.655872199999067;2;12.0;85;Blonde et al. (2023);Experiment 2;Orientation;1;2;12.0;-7.0;-27.0;-82.0;15;1
13;152;154;2;1.59747819999939;2;13.0;86;Blonde et al. (2023);Experiment 2;Orientation;1;2;13.0;25.0;6.0;-14.0;16;1
13;148;159;11;1.18024800000057;2;4.0;87;Blonde et al. (2023);Experiment 2;Orientation;1;2;4.0;17.0;29.0;10.0;17;1
13;58;38;-20;1.82214560000102;2;90.0;88;Blonde et al. (2023);Experiment 2;Orientation;1;2;90.0;-86.0;-73.0;-61.0;18;1
13;54;46;-8;1.13913429999957;2;4.0;89;Blonde et al. (2023);Experiment 2;Orientation;1;2;4.0;-86.0;-82.0;-69.0;19;1
13;164;152;-12;1.33032280000043;2;70.0;90;Blonde et al. (2023);Experiment 2;Orientation;1;2;70.0;74.0;-16.0;-12.0;20;1
13;69;65;-4;0.996910599998955;2;-85.0;91;Blonde et al. (2023);Experiment 2;Orientation;1;2;-85.0;-15.0;-11.0;79.0;21;1
13;41;41;0;0.889331000000311;2;28.0;92;Blonde et al. (2023);Experiment 2;Orientation;1;2;28.0;-57.0;13.0;17.0;22;1
13;81;71;-10;1.57263160000002;2;-40.0;93;Blonde et al. (2023);Experiment 2;Orientation;1;2;-40.0;-12.0;83.0;-27.0;23;1
13;152;149;-3;0.806002299999818;2;-71.0;94;Blonde et al. (2023);Experiment 2;Orientation;1;2;-71.0;69.0;-83.0;12.0;24;1
13;173;11;18;1.19698239999889;2;-21.0;95;Blonde et al. (2023);Experiment 2;Orientation;1;2;-21.0;88.0;48.0;76.0;25;1
13;129;135;6;1.10596269999951;2;44.0;96;Blonde et al. (2023);Experiment 2;Orientation;1;2;44.0;23.0;-48.0;-88.0;26;1
13;136;132;-4;1.68021070000032;2;-7.0;97;Blonde et al. (2023);Experiment 2;Orientation;1;2;-7.0;37.0;16.0;-55.0;27;1
13;59;113;54;4.64712430000145;2;77.0;98;Blonde et al. (2023);Experiment 2;Orientation;1;2;77.0;70.0;-66.0;-87.0;28;1
13;158;160;2;1.7552029999988;2;81.0;99;Blonde et al. (2023);Experiment 2;Orientation;1;2;81.0;-22.0;-29.0;15.0;29;1
13;131;145;14;1.07211950000055;2;27.0;100;Blonde et al. (2023);Experiment 2;Orientation;1;2;27.0;-72.0;5.0;-2.0;30;1
13;39;34;-5;2.88014119999934;2;-88.0;101;Blonde et al. (2023);Experiment 2;Orientation;1;2;-88.0;-61.0;20.0;-83.0;31;1
13;4;20;16;0.855393499999991;2;35.0;102;Blonde et al. (2023);Experiment 2;Orientation;1;2;35.0;-53.0;-26.0;55.0;32;1
13;24;35;11;0.72279460000027;2;-20.0;103;Blonde et al. (2023);Experiment 2;Orientation;1;2;-20.0;15.0;-73.0;-46.0;33;1
13;71;48;-23;1.85516060000009;2;-47.0;104;Blonde et al. (2023);Experiment 2;Orientation;1;2;-47.0;-67.0;-32.0;60.0;34;1
13;179;179;0;3.30465879999974;2;72.0;105;Blonde et al. (2023);Experiment 2;Orientation;1;2;72.0;25.0;5.0;40.0;35;1
13;59;62;3;1.28925779999918;2;-60.0;106;Blonde et al. (2023);Experiment 2;Orientation;1;2;-60.0;12.0;-35.0;-55.0;36;1
13;2;11;9;0.922089100000449;2;57.0;107;Blonde et al. (2023);Experiment 2;Orientation;1;2;57.0;-3.0;69.0;22.0;37;1
13;25;32;7;1.57994280000094;2;-23.0;108;Blonde et al. (2023);Experiment 2;Orientation;1;2;-23.0;34.0;-26.0;46.0;38;1
13;161;147;-14;0.955337900000814;2;44.0;109;Blonde et al. (2023);Experiment 2;Orientation;1;2;44.0;21.0;78.0;18.0;39;1
13;76;84;8;1.33895210000082;2;85.0;110;Blonde et al. (2023);Experiment 2;Orientation;1;2;85.0;-51.0;-74.0;-17.0;40;1
13;45;61;16;1.13868880000155;2;31.0;111;Blonde et al. (2023);Experiment 2;Orientation;1;2;31.0;-64.0;-20.0;-43.0;41;1
13;157;145;-12;0.946919599999092;2;68.0;112;Blonde et al. (2023);Experiment 2;Orientation;1;2;68.0;-81.0;4.0;48.0;42;1
13;35;140;-75;0.813758999998754;2;-58.0;113;Blonde et al. (2023);Experiment 2;Orientation;1;2;-58.0;10.0;41.0;-54.0;43;1
13;116;117;1;1.38854480000009;2;-81.0;114;Blonde et al. (2023);Experiment 2;Orientation;1;2;-81.0;41.0;-71.0;-40.0;44;1
13;136;137;1;0.94694470000104;2;-20.0;115;Blonde et al. (2023);Experiment 2;Orientation;1;2;-20.0;79.0;21.0;89.0;45;1
13;168;146;-22;1.10601879999922;2;-32.0;116;Blonde et al. (2023);Experiment 2;Orientation;1;2;-32.0;-52.0;47.0;-11.0;46;1
13;83;122;39;3.7048317000008;2;85.0;117;Blonde et al. (2023);Experiment 2;Orientation;1;2;85.0;53.0;33.0;-48.0;47;1
13;46;65;19;0.988611599999786;2;37.0;118;Blonde et al. (2023);Experiment 2;Orientation;1;2;37.0;-58.0;90.0;70.0;48;1
13;92;69;-23;1.0643428000003;2;-46.0;119;Blonde et al. (2023);Experiment 2;Orientation;1;2;-46.0;-9.0;76.0;44.0;49;1
13;47;57;10;1.72219980000045;2;45.0;120;Blonde et al. (2023);Experiment 2;Orientation;1;2;45.0;-1.0;36.0;-59.0;50;1
13;19;24;5;0.955176600000414;2;28.0;121;Blonde et al. (2023);Experiment 2;Orientation;1;2;28.0;73.0;27.0;64.0;51;1
13;131;135;4;0.497767500000919;2;68.0;122;Blonde et al. (2023);Experiment 2;Orientation;1;2;68.0;-84.0;-39.0;-85.0;52;1
13;119;105;-14;2.54679740000029;2;12.0;123;Blonde et al. (2023);Experiment 2;Orientation;1;2;12.0;80.0;-72.0;-27.0;53;1
13;73;59;-14;1.50517680000121;2;46.0;124;Blonde et al. (2023);Experiment 2;Orientation;1;2;46.0;58.0;-54.0;-26.0;54;1
13;157;150;-7;1.38880400000016;2;-84.0;125;Blonde et al. (2023);Experiment 2;Orientation;1;2;-84.0;-38.0;-26.0;42.0;55;1
13;129;125;-4;1.15531220000048;2;28.0;126;Blonde et al. (2023);Experiment 2;Orientation;1;2;28.0;-56.0;-10.0;2.0;56;1
13;93;120;27;6.20469560000129;2;36.0;127;Blonde et al. (2023);Experiment 2;Orientation;1;2;36.0;64.0;-20.0;26.0;57;1
13;29;39;10;1.21339280000029;2;64.0;128;Blonde et al. (2023);Experiment 2;Orientation;1;2;64.0;-80.0;-52.0;44.0;58;1
13;130;136;6;1.91428760000053;2;79.0;129;Blonde et al. (2023);Experiment 2;Orientation;1;2;79.0;-37.0;-1.0;27.0;59;1
13;165;153;-12;1.08925980000095;2;-35.0;130;Blonde et al. (2023);Experiment 2;Orientation;1;2;-35.0;44.0;-72.0;-36.0;60;1
13;15;139;-56;1.13022889999957;2;-30.0;131;Blonde et al. (2023);Experiment 2;Orientation;1;2;-30.0;-65.0;14.0;78.0;61;1
13;95;37;-58;1.36432969999987;2;-80.0;132;Blonde et al. (2023);Experiment 2;Orientation;1;2;-80.0;70.0;35.0;-66.0;62;1
13;75;53;-22;3.03824580000037;2;20.0;133;Blonde et al. (2023);Experiment 2;Orientation;1;2;20.0;-60.0;90.0;55.0;63;1
13;132;35;83;0.955930399999488;2;-57.0;134;Blonde et al. (2023);Experiment 2;Orientation;1;2;-57.0;-37.0;63.0;33.0;64;1
13;14;21;7;0.947626400000445;2;-62.0;135;Blonde et al. (2023);Experiment 2;Orientation;1;2;-62.0;61.0;81.0;1.0;65;1
13;101;117;16;1.38019410000015;2;-87.0;136;Blonde et al. (2023);Experiment 2;Orientation;1;2;-87.0;31.0;-26.0;-6.0;66;1
13;67;57;-10;1.13836309999897;2;34.0;137;Blonde et al. (2023);Experiment 2;Orientation;1;2;34.0;-53.0;65.0;8.0;67;1
13;0;7;7;1.19743999999992;2;67.0;138;Blonde et al. (2023);Experiment 2;Orientation;1;2;67.0;-79.0;14.0;-48.0;68;1
13;70;59;-11;0.680826100000559;2;-70.0;139;Blonde et al. (2023);Experiment 2;Orientation;1;2;-70.0;-3.0;31.0;-56.0;69;1
13;81;65;-16;1.82195769999998;2;-11.0;140;Blonde et al. (2023);Experiment 2;Orientation;1;2;-11.0;-81.0;-14.0;20.0;70;1
13;88;74;-14;0.956013099999836;4;-63.0;211;Blonde et al. (2023);Experiment 2;Orientation;1;2;;;;;1;2
13;45;41;-4;0.864314999998896;4;43.0;212;Blonde et al. (2023);Experiment 2;Orientation;1;2;;;;;2;2
13;176;0;4;1.07244569999966;4;49.0;213;Blonde et al. (2023);Experiment 2;Orientation;1;2;;;;;3;2
13;77;65;-12;1.40567910000027;4;-81.0;214;Blonde et al. (2023);Experiment 2;Orientation;1;2;;;;;4;2
13;96;66;-30;1.30523800000083;4;-19.0;215;Blonde et al. (2023);Experiment 2;Orientation;1;2;-19.0;80.0;-51.0;-8.0;5;2
13;2;6;4;1.24668300000121;4;-86.0;216;Blonde et al. (2023);Experiment 2;Orientation;1;2;-86.0;75.0;-6.0;43.0;6;2
13;66;54;-12;1.68862780000018;4;-64.0;217;Blonde et al. (2023);Experiment 2;Orientation;1;2;-64.0;30.0;11.0;-70.0;7;2
13;127;126;-1;1.43853469999885;4;-61.0;218;Blonde et al. (2023);Experiment 2;Orientation;1;2;-61.0;55.0;-31.0;-50.0;8;2
13;103;115;12;1.23933530000068;4;24.0;219;Blonde et al. (2023);Experiment 2;Orientation;1;2;24.0;-37.0;79.0;-7.0;9;2
13;130;131;1;0.855218400000012;4;-27.0;220;Blonde et al. (2023);Experiment 2;Orientation;1;2;-27.0;-3.0;-64.0;52.0;10;2
13;115;132;17;1.17168850000053;4;15.0;221;Blonde et al. (2023);Experiment 2;Orientation;1;2;15.0;-12.0;12.0;-49.0;11;2
13;76;138;62;1.10483000000022;4;39.0;222;Blonde et al. (2023);Experiment 2;Orientation;1;2;39.0;54.0;27.0;51.0;12;2
13;20;21;1;2.17155900000034;4;56.0;223;Blonde et al. (2023);Experiment 2;Orientation;1;2;56.0;-85.0;-70.0;83.0;13;2
13;99;104;5;1.4135881000002;4;-79.0;224;Blonde et al. (2023);Experiment 2;Orientation;1;2;-79.0;-23.0;16.0;31.0;14;2
13;132;122;-10;1.01376479999999;4;-33.0;225;Blonde et al. (2023);Experiment 2;Orientation;1;2;-33.0;68.0;-56.0;-17.0;15;2
13;132;139;7;0.989283099999739;4;0.0;226;Blonde et al. (2023);Experiment 2;Orientation;1;2;0.0;-33.0;68.0;-56.0;16;2
13;138;149;11;0.697234400000525;4;-6.0;227;Blonde et al. (2023);Experiment 2;Orientation;1;2;-6.0;-6.0;-39.0;62.0;17;2
13;103;113;10;1.37190099999862;4;35.0;228;Blonde et al. (2023);Experiment 2;Orientation;1;2;35.0;29.0;29.0;-4.0;18;2
13;151;126;-25;3.98836389999997;4;-48.0;229;Blonde et al. (2023);Experiment 2;Orientation;1;2;-48.0;-13.0;-19.0;-19.0;19;2
13;61;118;57;0.613832099999854;4;90.0;230;Blonde et al. (2023);Experiment 2;Orientation;1;2;90.0;42.0;77.0;71.0;20;2
13;25;151;-54;1.21433360000083;4;36.0;231;Blonde et al. (2023);Experiment 2;Orientation;1;2;36.0;-54.0;78.0;-67.0;21;2
13;127;140;13;0.922601600001144;4;78.0;232;Blonde et al. (2023);Experiment 2;Orientation;1;2;78.0;-66.0;24.0;-24.0;22;2
13;111;143;32;0.889328000001115;4;16.0;233;Blonde et al. (2023);Experiment 2;Orientation;1;2;16.0;-86.0;-50.0;40.0;23;2
13;113;126;13;1.69707329999983;4;-2.0;234;Blonde et al. (2023);Experiment 2;Orientation;1;2;-2.0;14.0;-88.0;-52.0;24;2
13;65;134;69;1.11365469999873;4;48.0;235;Blonde et al. (2023);Experiment 2;Orientation;1;2;48.0;46.0;62.0;-40.0;25;2
13;79;58;-21;1.00528579999991;4;-14.0;236;Blonde et al. (2023);Experiment 2;Orientation;1;2;-14.0;34.0;32.0;48.0;26;2
13;167;154;-13;0.864309099999446;4;-88.0;237;Blonde et al. (2023);Experiment 2;Orientation;1;2;-88.0;78.0;-54.0;-56.0;27;2
13;74;60;-14;1.76352010000119;4;-87.0;238;Blonde et al. (2023);Experiment 2;Orientation;1;2;-87.0;5.0;-9.0;39.0;28;2
13;64;46;-18;1.18037770000046;4;10.0;239;Blonde et al. (2023);Experiment 2;Orientation;1;2;10.0;-77.0;15.0;1.0;29;2
13;77;84;7;2.99665289999939;4;-13.0;240;Blonde et al. (2023);Experiment 2;Orientation;1;2;-13.0;-3.0;90.0;2.0;30;2
13;63;58;-5;1.02439729999969;4;14.0;241;Blonde et al. (2023);Experiment 2;Orientation;1;2;14.0;1.0;11.0;-76.0;31;2
13;97;117;20;1.0744025999993;4;-34.0;242;Blonde et al. (2023);Experiment 2;Orientation;1;2;-34.0;-20.0;-33.0;-23.0;32;2
13;5;27;22;0.824343800000861;4;-88.0;243;Blonde et al. (2023);Experiment 2;Orientation;1;2;-88.0;58.0;72.0;59.0;33;2
13;96;45;-51;1.38251469999886;4;89.0;244;Blonde et al. (2023);Experiment 2;Orientation;1;2;89.0;1.0;-33.0;-19.0;34;2
13;43;33;-10;1.66659020000043;4;53.0;245;Blonde et al. (2023);Experiment 2;Orientation;1;2;53.0;-38.0;54.0;20.0;35;2
13;2;41;39;1.17415799999981;4;41.0;246;Blonde et al. (2023);Experiment 2;Orientation;1;2;41.0;-86.0;3.0;-85.0;36;2
13;66;31;-35;0.699352999999974;4;-64.0;247;Blonde et al. (2023);Experiment 2;Orientation;1;2;-64.0;-23.0;30.0;-61.0;37;2
13;80;58;-22;1.25794180000048;4;-14.0;248;Blonde et al. (2023);Experiment 2;Orientation;1;2;-14.0;-78.0;-37.0;16.0;38;2
13;51;34;-17;0.666173300000082;4;29.0;249;Blonde et al. (2023);Experiment 2;Orientation;1;2;29.0;15.0;-49.0;-8.0;39;2
13;31;37;6;1.16599620000125;4;20.0;250;Blonde et al. (2023);Experiment 2;Orientation;1;2;20.0;49.0;35.0;-29.0;40;2
13;29;53;24;1.1078178000007;4;2.0;251;Blonde et al. (2023);Experiment 2;Orientation;1;2;2.0;22.0;51.0;37.0;41;2
13;89;95;6;2.28283420000116;4;-60.0;252;Blonde et al. (2023);Experiment 2;Orientation;1;2;-60.0;-58.0;-38.0;-9.0;42;2
13;153;140;-13;0.599754300001223;4;-64.0;253;Blonde et al. (2023);Experiment 2;Orientation;1;2;-64.0;56.0;58.0;78.0;43;2
13;48;123;75;0.63278100000025;4;-75.0;254;Blonde et al. (2023);Experiment 2;Orientation;1;2;-75.0;41.0;-19.0;-17.0;44;2
13;151;122;-29;2.95791030000146;4;77.0;255;Blonde et al. (2023);Experiment 2;Orientation;1;2;77.0;2.0;-62.0;58.0;45;2
13;18;34;16;1.27256130000023;4;-47.0;256;Blonde et al. (2023);Experiment 2;Orientation;1;2;-47.0;30.0;-45.0;71.0;46;2
13;175;178;3;1.11369629999899;4;23.0;257;Blonde et al. (2023);Experiment 2;Orientation;1;2;23.0;-24.0;53.0;-22.0;47;2
13;8;18;10;0.871784499999194;4;-13.0;258;Blonde et al. (2023);Experiment 2;Orientation;1;2;-13.0;10.0;-37.0;40.0;48;2
13;121;128;7;0.563711299999341;4;67.0;259;Blonde et al. (2023);Experiment 2;Orientation;1;2;67.0;54.0;77.0;30.0;49;2
13;133;135;2;1.49747789999856;4;-12.0;260;Blonde et al. (2023);Experiment 2;Orientation;1;2;-12.0;55.0;42.0;65.0;50;2
13;133;131;-2;0.947139300000345;4;0.0;261;Blonde et al. (2023);Experiment 2;Orientation;1;2;0.0;-12.0;55.0;42.0;51;2
13;159;135;-24;0.572700099999565;4;-26.0;262;Blonde et al. (2023);Experiment 2;Orientation;1;2;-26.0;-26.0;-38.0;29.0;52;2
13;163;159;-4;1.15489239999988;4;-4.0;263;Blonde et al. (2023);Experiment 2;Orientation;1;2;-4.0;-30.0;-30.0;-42.0;53;2
13;115;146;31;1.47273789999963;4;48.0;264;Blonde et al. (2023);Experiment 2;Orientation;1;2;48.0;44.0;18.0;18.0;54;2
13;159;164;5;1.9218822999992;4;-44.0;265;Blonde et al. (2023);Experiment 2;Orientation;1;2;-44.0;4.0;0.0;-26.0;55;2
13;147;165;18;1.37182309999844;4;12.0;266;Blonde et al. (2023);Experiment 2;Orientation;1;2;12.0;-32.0;16.0;12.0;56;2
13;132;137;5;1.37152559999959;4;15.0;267;Blonde et al. (2023);Experiment 2;Orientation;1;2;15.0;27.0;-17.0;31.0;57;2
13;158;139;-19;1.04770770000141;4;-26.0;268;Blonde et al. (2023);Experiment 2;Orientation;1;2;-26.0;-11.0;1.0;-43.0;58;2
13;161;152;-9;1.23098210000171;4;-3.0;269;Blonde et al. (2023);Experiment 2;Orientation;1;2;-3.0;-29.0;-14.0;-2.0;59;2
13;91;75;-16;0.689433600000484;4;70.0;270;Blonde et al. (2023);Experiment 2;Orientation;1;2;70.0;67.0;41.0;56.0;60;2
13;54;51;-3;1.31368040000052;4;37.0;271;Blonde et al. (2023);Experiment 2;Orientation;1;2;37.0;-73.0;-76.0;78.0;61;2
13;107;109;2;0.564401399999042;4;-53.0;272;Blonde et al. (2023);Experiment 2;Orientation;1;2;-53.0;-16.0;54.0;51.0;62;2
13;132;138;6;0.788632200001302;4;-25.0;273;Blonde et al. (2023);Experiment 2;Orientation;1;2;-25.0;-78.0;-41.0;29.0;63;2
13;97;74;-23;1.03933949999919;4;35.0;274;Blonde et al. (2023);Experiment 2;Orientation;1;2;35.0;10.0;-43.0;-6.0;64;2
13;23;34;11;0.464113599999109;4;74.0;275;Blonde et al. (2023);Experiment 2;Orientation;1;2;74.0;-71.0;84.0;31.0;65;2
13;79;61;-18;1.76358100000107;4;-56.0;276;Blonde et al. (2023);Experiment 2;Orientation;1;2;-56.0;18.0;53.0;28.0;66;2
13;78;83;5;1.31383370000003;4;1.0;277;Blonde et al. (2023);Experiment 2;Orientation;1;2;1.0;-55.0;19.0;54.0;67;2
13;117;124;7;1.37261180000132;4;-39.0;278;Blonde et al. (2023);Experiment 2;Orientation;1;2;-39.0;-38.0;86.0;-20.0;68;2
13;68;37;-31;0.897772199999963;4;49.0;279;Blonde et al. (2023);Experiment 2;Orientation;1;2;49.0;10.0;11.0;-45.0;69;2
13;152;140;-12;1.08058750000055;4;-84.0;280;Blonde et al. (2023);Experiment 2;Orientation;1;2;-84.0;-35.0;-74.0;-73.0;70;2
15;80;110;30;0.790436199997202;2;-89.0;71;Blonde et al. (2023);Experiment 2;Orientation;1;2;;;;;1;1
15;111;141;30;2.06486389999918;2;-31.0;72;Blonde et al. (2023);Experiment 2;Orientation;1;2;;;;;2;1
15;51;53;2;1.12398630000826;2;60.0;73;Blonde et al. (2023);Experiment 2;Orientation;1;2;;;;;3;1
15;65;70;5;1.12302329999511;2;-14.0;74;Blonde et al. (2023);Experiment 2;Orientation;1;2;;;;;4;1
15;14;3;-11;2.24871199998597;2;51.0;75;Blonde et al. (2023);Experiment 2;Orientation;1;2;51.0;37.0;-83.0;66.0;5;1
15;44;35;-9;1.69721510000818;2;-30.0;76;Blonde et al. (2023);Experiment 2;Orientation;1;2;-30.0;21.0;7.0;67.0;6;1
15;168;157;-11;1.54756900000211;2;56.0;77;Blonde et al. (2023);Experiment 2;Orientation;1;2;56.0;26.0;77.0;63.0;7;1
15;174;157;-17;2.23105519999808;2;-6.0;78;Blonde et al. (2023);Experiment 2;Orientation;1;2;-6.0;50.0;20.0;71.0;8;1
15;149;143;-6;1.38208640000084;2;25.0;79;Blonde et al. (2023);Experiment 2;Orientation;1;2;25.0;19.0;75.0;45.0;9;1
15;58;71;13;2.91430749998835;2;-89.0;80;Blonde et al. (2023);Experiment 2;Orientation;1;2;-89.0;-64.0;-70.0;-14.0;10;1
15;33;35;2;2.12357660000271;2;25.0;81;Blonde et al. (2023);Experiment 2;Orientation;1;2;25.0;-64.0;-39.0;-45.0;11;1
15;81;71;-10;3.06417659998988;2;-48.0;82;Blonde et al. (2023);Experiment 2;Orientation;1;2;-48.0;-23.0;68.0;-87.0;12;1
15;173;164;-9;1.74761890000082;2;88.0;83;Blonde et al. (2023);Experiment 2;Orientation;1;2;88.0;40.0;65.0;-24.0;13;1
15;148;146;-2;1.13082120000036;2;25.0;84;Blonde et al. (2023);Experiment 2;Orientation;1;2;25.0;-67.0;65.0;90.0;14;1
15;98;21;-77;2.22361079999246;2;50.0;85;Blonde et al. (2023);Experiment 2;Orientation;1;2;50.0;75.0;-17.0;-65.0;15;1
15;135;144;9;2.18935450000572;2;-37.0;86;Blonde et al. (2023);Experiment 2;Orientation;1;2;-37.0;13.0;38.0;-54.0;16;1
15;169;160;-9;1.18224030001147;2;-34.0;87;Blonde et al. (2023);Experiment 2;Orientation;1;2;-34.0;-71.0;-21.0;4.0;17;1
15;53;49;-4;2.6560776999977;2;-64.0;88;Blonde et al. (2023);Experiment 2;Orientation;1;2;-64.0;82.0;45.0;-85.0;18;1
15;29;52;23;1.08227720001014;2;24.0;89;Blonde et al. (2023);Experiment 2;Orientation;1;2;24.0;-40.0;-74.0;69.0;19;1
15;140;137;-3;1.88204559999576;2;69.0;90;Blonde et al. (2023);Experiment 2;Orientation;1;2;69.0;-87.0;29.0;-5.0;20;1
15;54;46;-8;1.58220570000412;2;86.0;91;Blonde et al. (2023);Experiment 2;Orientation;1;2;86.0;-25.0;-1.0;-65.0;21;1
15;94;61;-33;1.44899319999968;2;-40.0;92;Blonde et al. (2023);Experiment 2;Orientation;1;2;-40.0;46.0;-65.0;-41.0;22;1
15;117;129;12;2.06529549999686;2;-23.0;93;Blonde et al. (2023);Experiment 2;Orientation;1;2;-23.0;-63.0;23.0;-88.0;23;1
15;162;26;44;3.1321014000132;2;-45.0;94;Blonde et al. (2023);Experiment 2;Orientation;1;2;-45.0;-68.0;72.0;-22.0;24;1
15;26;24;-2;1.62286319999839;2;-44.0;95;Blonde et al. (2023);Experiment 2;Orientation;1;2;-44.0;-89.0;68.0;28.0;25;1
15;62;39;-23;2.43100450000202;2;-36.0;96;Blonde et al. (2023);Experiment 2;Orientation;1;2;-36.0;-80.0;55.0;32.0;26;1
15;137;133;-4;2.8463017000031;2;-75.0;97;Blonde et al. (2023);Experiment 2;Orientation;1;2;-75.0;69.0;25.0;-20.0;27;1
15;52;42;-10;1.38216540000576;2;85.0;98;Blonde et al. (2023);Experiment 2;Orientation;1;2;85.0;10.0;-26.0;-70.0;28;1
15;22;30;8;1.44049520000408;2;30.0;99;Blonde et al. (2023);Experiment 2;Orientation;1;2;30.0;-65.0;40.0;4.0;29;1
15;67;43;-24;1.57392460000119;2;-45.0;100;Blonde et al. (2023);Experiment 2;Orientation;1;2;-45.0;-15.0;70.0;-5.0;30;1
15;87;85;-2;1.74893719999818;2;-20.0;101;Blonde et al. (2023);Experiment 2;Orientation;1;2;-20.0;-65.0;-35.0;50.0;31;1
15;28;20;-8;1.72375420000753;2;59.0;102;Blonde et al. (2023);Experiment 2;Orientation;1;2;59.0;39.0;-6.0;24.0;32;1
15;75;80;5;1.47253069998987;2;-47.0;103;Blonde et al. (2023);Experiment 2;Orientation;1;2;-47.0;12.0;-8.0;-53.0;33;1
15;136;138;2;1.69873509999888;2;-61.0;104;Blonde et al. (2023);Experiment 2;Orientation;1;2;-61.0;72.0;-49.0;-69.0;34;1
15;52;30;-22;2.38198489999922;2;84.0;105;Blonde et al. (2023);Experiment 2;Orientation;1;2;84.0;23.0;-24.0;35.0;35;1
15;39;17;-22;1.72389809999731;2;13.0;106;Blonde et al. (2023);Experiment 2;Orientation;1;2;13.0;-83.0;36.0;-11.0;36;1
15;74;65;-9;1.646659799997;2;-35.0;107;Blonde et al. (2023);Experiment 2;Orientation;1;2;-35.0;-22.0;62.0;1.0;37;1
15;141;139;-2;1.18967229999544;2;-67.0;108;Blonde et al. (2023);Experiment 2;Orientation;1;2;-67.0;78.0;-89.0;-5.0;38;1
15;117;124;7;1.99864049999451;2;24.0;109;Blonde et al. (2023);Experiment 2;Orientation;1;2;24.0;-43.0;-78.0;-65.0;39;1
15;127;119;-8;0.881879199994728;2;-10.0;110;Blonde et al. (2023);Experiment 2;Orientation;1;2;-10.0;14.0;-53.0;-88.0;40;1
15;6;7;1;1.53988150000805;2;-59.0;111;Blonde et al. (2023);Experiment 2;Orientation;1;2;-59.0;-69.0;-45.0;68.0;41;1
15;89;86;-3;1.23219530000642;2;-83.0;112;Blonde et al. (2023);Experiment 2;Orientation;1;2;-83.0;38.0;28.0;52.0;42;1
15;124;118;-6;1.8323068000027;2;-35.0;113;Blonde et al. (2023);Experiment 2;Orientation;1;2;-35.0;62.0;3.0;-7.0;43;1
15;23;34;11;0.674000599989085;2;-79.0;114;Blonde et al. (2023);Experiment 2;Orientation;1;2;-79.0;66.0;-17.0;-76.0;44;1
15;42;58;16;1.51457099999243;2;-19.0;115;Blonde et al. (2023);Experiment 2;Orientation;1;2;-19.0;82.0;47.0;-36.0;45;1
15;116;123;7;1.31557690000045;2;-74.0;116;Blonde et al. (2023);Experiment 2;Orientation;1;2;-74.0;87.0;8.0;-27.0;46;1
15;54;46;-8;1.99889370000164;2;62.0;117;Blonde et al. (2023);Experiment 2;Orientation;1;2;62.0;-12.0;-31.0;70.0;47;1
15;39;32;-7;1.69007160000911;2;15.0;118;Blonde et al. (2023);Experiment 2;Orientation;1;2;15.0;77.0;3.0;-16.0;48;1
15;114;121;7;2.94869170000311;2;-75.0;119;Blonde et al. (2023);Experiment 2;Orientation;1;2;-75.0;-60.0;2.0;-72.0;49;1
15;61;84;23;1.43935719999718;2;53.0;120;Blonde et al. (2023);Experiment 2;Orientation;1;2;53.0;-22.0;-7.0;55.0;50;1
15;78;76;-2;2.45579680000083;2;-17.0;121;Blonde et al. (2023);Experiment 2;Orientation;1;2;-17.0;36.0;-39.0;-24.0;51;1
15;104;113;9;2.85708750000049;2;-26.0;122;Blonde et al. (2023);Experiment 2;Orientation;1;2;-26.0;-43.0;10.0;-65.0;52;1
15;131;114;-17;6.80666190000193;2;-27.0;123;Blonde et al. (2023);Experiment 2;Orientation;1;2;-27.0;-53.0;-70.0;-17.0;53;1
15;86;116;30;3.80576839999412;2;45.0;124;Blonde et al. (2023);Experiment 2;Orientation;1;2;45.0;18.0;-8.0;-25.0;54;1
15;154;144;-10;0.832163600003696;2;-68.0;125;Blonde et al. (2023);Experiment 2;Orientation;1;2;-68.0;-23.0;-50.0;-76.0;55;1
15;89;105;16;2.18199359999562;2;65.0;126;Blonde et al. (2023);Experiment 2;Orientation;1;2;65.0;-3.0;42.0;15.0;56;1
15;89;105;16;4.0403140999988;2;0.0;127;Blonde et al. (2023);Experiment 2;Orientation;1;2;0.0;65.0;-3.0;42.0;57;1
15;5;6;1;1.86382929999672;2;84.0;128;Blonde et al. (2023);Experiment 2;Orientation;1;2;84.0;84.0;-31.0;81.0;58;1
15;121;128;7;1.88127659999009;2;64.0;129;Blonde et al. (2023);Experiment 2;Orientation;1;2;64.0;-32.0;-32.0;33.0;59;1
15;134;138;4;3.0403873000032;2;-13.0;130;Blonde et al. (2023);Experiment 2;Orientation;1;2;-13.0;51.0;-45.0;-45.0;60;1
15;161;157;-4;1.45737099999678;2;-27.0;131;Blonde et al. (2023);Experiment 2;Orientation;1;2;-27.0;-40.0;24.0;-72.0;61;1
15;38;44;6;1.65683059999719;2;-57.0;132;Blonde et al. (2023);Experiment 2;Orientation;1;2;-57.0;-84.0;83.0;-33.0;62;1
15;170;45;55;2.48951220000163;2;48.0;133;Blonde et al. (2023);Experiment 2;Orientation;1;2;48.0;-9.0;-36.0;-49.0;63;1
15;43;61;18;1.80713090000791;2;-53.0;134;Blonde et al. (2023);Experiment 2;Orientation;1;2;-53.0;-5.0;-62.0;-89.0;64;1
15;108;124;16;1.89042120000522;2;-65.0;135;Blonde et al. (2023);Experiment 2;Orientation;1;2;-65.0;62.0;-70.0;53.0;65;1
15;76;112;36;1.84880450001219;2;32.0;136;Blonde et al. (2023);Experiment 2;Orientation;1;2;32.0;-33.0;-86.0;-38.0;66;1
15;141;145;4;1.71554469999683;2;-65.0;137;Blonde et al. (2023);Experiment 2;Orientation;1;2;-65.0;-33.0;82.0;29.0;67;1
15;122;135;13;1.70672139999806;2;19.0;138;Blonde et al. (2023);Experiment 2;Orientation;1;2;19.0;-46.0;-14.0;-79.0;68;1
15;110;129;19;1.44874999999593;2;12.0;139;Blonde et al. (2023);Experiment 2;Orientation;1;2;12.0;31.0;-34.0;-2.0;69;1
15;48;42;-6;1.51562029999332;2;62.0;140;Blonde et al. (2023);Experiment 2;Orientation;1;2;62.0;74.0;-87.0;28.0;70;1
15;94;113;19;0.898211699997773;4;19.0;211;Blonde et al. (2023);Experiment 2;Orientation;1;2;;;;;1;2
15;30;31;1;0.773898300001747;4;64.0;212;Blonde et al. (2023);Experiment 2;Orientation;1;2;;;;;2;2
15;8;9;1;1.5988045999984;4;22.0;213;Blonde et al. (2023);Experiment 2;Orientation;1;2;;;;;3;2
15;50;49;-1;1.78221330000088;4;-42.0;214;Blonde et al. (2023);Experiment 2;Orientation;1;2;;;;;4;2
15;104;35;-69;1.34064999999828;4;-54.0;215;Blonde et al. (2023);Experiment 2;Orientation;1;2;-54.0;84.0;-74.0;-10.0;5;2
15;17;37;20;1.28222880000249;4;87.0;216;Blonde et al. (2023);Experiment 2;Orientation;1;2;87.0;33.0;-9.0;13.0;6;2
15;101;121;20;1.52382129999751;4;-84.0;217;Blonde et al. (2023);Experiment 2;Orientation;1;2;-84.0;3.0;-51.0;87.0;7;2
15;153;140;-13;1.08214060000319;4;-52.0;218;Blonde et al. (2023);Experiment 2;Orientation;1;2;-52.0;44.0;-49.0;77.0;8;2
15;82;58;-24;1.44772559999547;4;71.0;219;Blonde et al. (2023);Experiment 2;Orientation;1;2;71.0;19.0;-65.0;22.0;9;2
15;4;5;1;1.55708169999707;4;78.0;220;Blonde et al. (2023);Experiment 2;Orientation;1;2;78.0;-31.0;-83.0;13.0;10;2
15;45;26;-19;2.86525899999833;4;-41.0;221;Blonde et al. (2023);Experiment 2;Orientation;1;2;-41.0;37.0;-72.0;56.0;11;2
15;134;124;-10;1.56695770000806;4;-89.0;222;Blonde et al. (2023);Experiment 2;Orientation;1;2;-89.0;50.0;-52.0;19.0;12;2
15;116;121;5;1.32302320000599;4;18.0;223;Blonde et al. (2023);Experiment 2;Orientation;1;2;18.0;-71.0;68.0;-34.0;13;2
15;32;25;-7;2.26556749999872;4;84.0;224;Blonde et al. (2023);Experiment 2;Orientation;1;2;84.0;-78.0;13.0;-28.0;14;2
15;61;61;0;1.21436070000345;4;-29.0;225;Blonde et al. (2023);Experiment 2;Orientation;1;2;-29.0;55.0;73.0;-16.0;15;2
15;43;53;10;0.9571261999954;4;18.0;226;Blonde et al. (2023);Experiment 2;Orientation;1;2;18.0;-11.0;73.0;-89.0;16;2
15;7;171;-16;1.2572530000034;4;36.0;227;Blonde et al. (2023);Experiment 2;Orientation;1;2;36.0;54.0;25.0;-71.0;17;2
15;72;53;-19;0.665502400006517;4;-65.0;228;Blonde et al. (2023);Experiment 2;Orientation;1;2;-65.0;-29.0;-11.0;-40.0;18;2
15;106;131;25;1.86465329999919;4;-34.0;229;Blonde et al. (2023);Experiment 2;Orientation;1;2;-34.0;81.0;-63.0;-45.0;19;2
15;163;133;-30;1.33168990000559;4;-57.0;230;Blonde et al. (2023);Experiment 2;Orientation;1;2;-57.0;89.0;24.0;60.0;20;2
15;124;142;18;2.09793630000786;4;39.0;231;Blonde et al. (2023);Experiment 2;Orientation;1;2;39.0;-18.0;-52.0;63.0;21;2
15;77;82;5;1.36516779998783;4;47.0;232;Blonde et al. (2023);Experiment 2;Orientation;1;2;47.0;86.0;29.0;-5.0;22;2
15;21;23;2;1.32367569999769;4;56.0;233;Blonde et al. (2023);Experiment 2;Orientation;1;2;56.0;-77.0;-38.0;85.0;23;2
15;126;138;12;1.2310395000095;4;75.0;234;Blonde et al. (2023);Experiment 2;Orientation;1;2;75.0;-49.0;-2.0;37.0;24;2
15;126;144;18;1.09769049999886;4;0.0;235;Blonde et al. (2023);Experiment 2;Orientation;1;2;0.0;75.0;-49.0;-2.0;25;2
15;25;45;20;1.32384530000854;4;-79.0;236;Blonde et al. (2023);Experiment 2;Orientation;1;2;-79.0;-79.0;-4.0;52.0;26;2
15;70;141;71;3.31442849998712;4;-45.0;237;Blonde et al. (2023);Experiment 2;Orientation;1;2;-45.0;56.0;56.0;-49.0;27;2
15;90;72;-18;1.25736869999673;4;-20.0;238;Blonde et al. (2023);Experiment 2;Orientation;1;2;-20.0;-65.0;36.0;36.0;28;2
15;100;123;23;1.37299049999274;4;-10.0;239;Blonde et al. (2023);Experiment 2;Orientation;1;2;-10.0;-30.0;-75.0;26.0;29;2
15;163;139;-24;1.93085419999261;4;-63.0;240;Blonde et al. (2023);Experiment 2;Orientation;1;2;-63.0;-73.0;87.0;42.0;30;2
15;86;75;-11;1.30710619999445;4;77.0;241;Blonde et al. (2023);Experiment 2;Orientation;1;2;77.0;14.0;4.0;-16.0;31;2
15;23;48;25;1.55725090000487;4;63.0;242;Blonde et al. (2023);Experiment 2;Orientation;1;2;63.0;-40.0;77.0;67.0;32;2
15;10;22;12;1.38955449999776;4;13.0;243;Blonde et al. (2023);Experiment 2;Orientation;1;2;13.0;76.0;-27.0;90.0;33;2
15;178;1;3;1.42298240000673;4;12.0;244;Blonde et al. (2023);Experiment 2;Orientation;1;2;12.0;25.0;88.0;-15.0;34;2
15;160;158;-2;1.00641409998934;4;18.0;245;Blonde et al. (2023);Experiment 2;Orientation;1;2;18.0;30.0;43.0;-74.0;35;2
15;32;29;-3;1.44787230000657;4;-52.0;246;Blonde et al. (2023);Experiment 2;Orientation;1;2;-52.0;-34.0;-22.0;-9.0;36;2
15;127;39;-88;1.11563810000371;4;85.0;247;Blonde et al. (2023);Experiment 2;Orientation;1;2;85.0;33.0;51.0;63.0;37;2
15;19;31;12;0.823637900000904;4;-72.0;248;Blonde et al. (2023);Experiment 2;Orientation;1;2;-72.0;13.0;-39.0;-21.0;38;2
15;145;142;-3;3.71401509999123;4;54.0;249;Blonde et al. (2023);Experiment 2;Orientation;1;2;54.0;-18.0;67.0;15.0;39;2
15;84;142;58;1.48218599999382;4;61.0;250;Blonde et al. (2023);Experiment 2;Orientation;1;2;61.0;-65.0;43.0;-52.0;40;2
15;137;141;4;1.10593189999054;4;-53.0;251;Blonde et al. (2023);Experiment 2;Orientation;1;2;-53.0;8.0;62.0;-10.0;41;2
15;154;149;-5;2.49046739999903;4;-17.0;252;Blonde et al. (2023);Experiment 2;Orientation;1;2;-17.0;-70.0;-9.0;45.0;42;2
15;177;151;-26;1.64054199999373;4;-23.0;253;Blonde et al. (2023);Experiment 2;Orientation;1;2;-23.0;-40.0;87.0;-32.0;43;2
15;2;173;-9;1.30632190000324;4;-5.0;254;Blonde et al. (2023);Experiment 2;Orientation;1;2;-5.0;-28.0;-45.0;82.0;44;2
15;103;121;18;2.04040460000397;4;79.0;255;Blonde et al. (2023);Experiment 2;Orientation;1;2;79.0;74.0;51.0;34.0;45;2
15;50;64;14;2.78916139999637;4;53.0;256;Blonde et al. (2023);Experiment 2;Orientation;1;2;53.0;-48.0;-53.0;-76.0;46;2
15;59;66;7;1.23243840000941;4;-9.0;257;Blonde et al. (2023);Experiment 2;Orientation;1;2;-9.0;44.0;-57.0;-62.0;47;2
15;120;113;-7;3.089221000002;4;-61.0;258;Blonde et al. (2023);Experiment 2;Orientation;1;2;-61.0;-70.0;-17.0;62.0;48;2
15;131;145;14;1.06545550000737;4;-11.0;259;Blonde et al. (2023);Experiment 2;Orientation;1;2;-11.0;-72.0;-81.0;-28.0;49;2
15;67;151;84;1.68932009999116;4;64.0;260;Blonde et al. (2023);Experiment 2;Orientation;1;2;64.0;53.0;-8.0;-17.0;50;2
15;13;173;-20;1.08208330000343;4;54.0;261;Blonde et al. (2023);Experiment 2;Orientation;1;2;54.0;-62.0;-73.0;46.0;51;2
15;65;58;-7;1.19795129999693;4;-52.0;262;Blonde et al. (2023);Experiment 2;Orientation;1;2;-52.0;2.0;66.0;55.0;52;2
15;169;126;-43;0.598449900004198;4;76.0;263;Blonde et al. (2023);Experiment 2;Orientation;1;2;76.0;24.0;78.0;-38.0;53;2
15;153;141;-12;1.87388519999513;4;16.0;264;Blonde et al. (2023);Experiment 2;Orientation;1;2;16.0;-88.0;40.0;-86.0;54;2
15;167;153;-14;2.74884879999445;4;-14.0;265;Blonde et al. (2023);Experiment 2;Orientation;1;2;-14.0;2.0;78.0;26.0;55;2
15;120;136;16;1.83797649999906;4;47.0;266;Blonde et al. (2023);Experiment 2;Orientation;1;2;47.0;33.0;49.0;-55.0;56;2
15;158;45;67;2.42216950000147;4;-38.0;267;Blonde et al. (2023);Experiment 2;Orientation;1;2;-38.0;9.0;-5.0;11.0;57;2
15;45;54;9;1.60498730000108;4;-67.0;268;Blonde et al. (2023);Experiment 2;Orientation;1;2;-67.0;75.0;-58.0;-72.0;58;2
15;42;53;11;1.5316790999932;4;3.0;269;Blonde et al. (2023);Experiment 2;Orientation;1;2;3.0;-64.0;78.0;-55.0;59;2
15;134;130;-4;2.32385650000651;4;88.0;270;Blonde et al. (2023);Experiment 2;Orientation;1;2;88.0;-89.0;24.0;-14.0;60;2
15;92;138;46;2.44870709998941;4;42.0;271;Blonde et al. (2023);Experiment 2;Orientation;1;2;42.0;-50.0;-47.0;66.0;61;2
15;7;5;-2;1.15723779999826;4;85.0;272;Blonde et al. (2023);Experiment 2;Orientation;1;2;85.0;-53.0;35.0;38.0;62;2
15;167;137;-30;1.10726850001083;4;20.0;273;Blonde et al. (2023);Experiment 2;Orientation;1;2;20.0;-75.0;-33.0;55.0;63;2
15;65;58;-7;1.77395970000362;4;-78.0;274;Blonde et al. (2023);Experiment 2;Orientation;1;2;-78.0;-58.0;27.0;69.0;64;2
15;55;56;1;1.94769470000756;4;10.0;275;Blonde et al. (2023);Experiment 2;Orientation;1;2;10.0;-68.0;-48.0;37.0;65;2
15;64;56;-8;1.1396020000102;4;-9.0;276;Blonde et al. (2023);Experiment 2;Orientation;1;2;-9.0;1.0;-77.0;-57.0;66;2
15;79;58;-21;1.14754730000277;4;-15.0;277;Blonde et al. (2023);Experiment 2;Orientation;1;2;-15.0;-24.0;-14.0;88.0;67;2
15;155;139;-16;1.60732389999612;4;-76.0;278;Blonde et al. (2023);Experiment 2;Orientation;1;2;-76.0;89.0;80.0;90.0;68;2
15;31;30;-1;1.47324170000502;4;-56.0;279;Blonde et al. (2023);Experiment 2;Orientation;1;2;-56.0;48.0;33.0;24.0;69;2
15;42;46;4;1.07257940000272;4;-11.0;280;Blonde et al. (2023);Experiment 2;Orientation;1;2;-11.0;-67.0;37.0;22.0;70;2
16;63;61;-2;3.54827739999746;1;;1;Blonde et al. (2023);Experiment 2;Orientation;1;2;;;;;1;1
16;15;25;10;1.90694109999458;1;48.0;2;Blonde et al. (2023);Experiment 2;Orientation;1;2;;;;;2;1
16;119;120;1;2.02379349998955;1;76.0;3;Blonde et al. (2023);Experiment 2;Orientation;1;2;;;;;3;1
16;106;103;-3;3.0993121000065;1;13.0;4;Blonde et al. (2023);Experiment 2;Orientation;1;2;;;;;4;1
16;53;54;1;3.68245380000735;1;53.0;5;Blonde et al. (2023);Experiment 2;Orientation;1;2;53.0;66.0;-38.0;10.0;5;1
16;97;87;-10;3.55584120001004;1;-44.0;6;Blonde et al. (2023);Experiment 2;Orientation;1;2;-44.0;9.0;22.0;-82.0;6;1
16;99;92;-7;3.44863769999938;1;-2.0;7;Blonde et al. (2023);Experiment 2;Orientation;1;2;-2.0;-46.0;7.0;20.0;7;1
16;40;40;0;2.80615409999155;1;59.0;8;Blonde et al. (2023);Experiment 2;Orientation;1;2;59.0;57.0;13.0;66.0;8;1
16;148;158;10;3.25569000000542;1;72.0;9;Blonde et al. (2023);Experiment 2;Orientation;1;2;72.0;-49.0;-51.0;85.0;9;1
16;70;66;-4;2.6307969000045;1;78.0;10;Blonde et al. (2023);Experiment 2;Orientation;1;2;78.0;-30.0;29.0;27.0;10;1
16;76;59;-17;2.79041780000261;1;-6.0;11;Blonde et al. (2023);Experiment 2;Orientation;1;2;-6.0;72.0;-36.0;23.0;11;1
16;107;114;7;1.87361789999704;1;-31.0;12;Blonde et al. (2023);Experiment 2;Orientation;1;2;-31.0;-37.0;41.0;-67.0;12;1
16;18;16;-2;2.03192520000448;1;89.0;13;Blonde et al. (2023);Experiment 2;Orientation;1;2;89.0;58.0;52.0;-50.0;13;1
16;8;6;-2;2.79045159999805;1;10.0;14;Blonde et al. (2023);Experiment 2;Orientation;1;2;10.0;-81.0;68.0;62.0;14;1
16;137;132;-5;7.114954699995;1;51.0;15;Blonde et al. (2023);Experiment 2;Orientation;1;2;51.0;61.0;-30.0;-61.0;15;1
16;126;118;-8;4.00696400000015;1;11.0;16;Blonde et al. (2023);Experiment 2;Orientation;1;2;11.0;62.0;72.0;-19.0;16;1
16;67;75;8;4.38055110001005;1;59.0;17;Blonde et al. (2023);Experiment 2;Orientation;1;2;59.0;70.0;-59.0;-49.0;17;1
16;85;89;4;2.97224640000786;1;-18.0;18;Blonde et al. (2023);Experiment 2;Orientation;1;2;-18.0;41.0;52.0;-77.0;18;1
16;14;9;-5;2.49032540000917;1;71.0;19;Blonde et al. (2023);Experiment 2;Orientation;1;2;71.0;53.0;-68.0;-57.0;19;1
16;169;177;8;4.94839520000096;1;25.0;20;Blonde et al. (2023);Experiment 2;Orientation;1;2;25.0;-84.0;78.0;-43.0;20;1
16;175;170;-5;3.09032489999663;1;-6.0;21;Blonde et al. (2023);Experiment 2;Orientation;1;2;-6.0;19.0;90.0;72.0;21;1
16;145;164;19;3.27372509999259;1;30.0;22;Blonde et al. (2023);Experiment 2;Orientation;1;2;30.0;24.0;49.0;-60.0;22;1
16;10;16;6;2.16467759999796;1;-45.0;23;Blonde et al. (2023);Experiment 2;Orientation;1;2;-45.0;-15.0;-21.0;4.0;23;1
16;48;32;-16;2.27374829999462;1;-38.0;24;Blonde et al. (2023);Experiment 2;Orientation;1;2;-38.0;-83.0;-53.0;-59.0;24;1
16;89;82;-7;2.54033580000396;1;-41.0;25;Blonde et al. (2023);Experiment 2;Orientation;1;2;-41.0;-79.0;56.0;86.0;25;1
16;173;174;1;1.51547860000574;1;-84.0;26;Blonde et al. (2023);Experiment 2;Orientation;1;2;-84.0;55.0;17.0;-28.0;26;1
16;132;148;16;2.64877089999209;1;41.0;27;Blonde et al. (2023);Experiment 2;Orientation;1;2;41.0;-43.0;-84.0;58.0;27;1
16;121;133;12;3.21542439999757;1;11.0;28;Blonde et al. (2023);Experiment 2;Orientation;1;2;11.0;52.0;-32.0;-73.0;28;1
16;76;79;3;3.07362160000775;1;45.0;29;Blonde et al. (2023);Experiment 2;Orientation;1;2;45.0;56.0;-83.0;13.0;29;1
16;41;32;-9;4.54844680000679;1;35.0;30;Blonde et al. (2023);Experiment 2;Orientation;1;2;35.0;80.0;-89.0;-48.0;30;1
16;142;133;-9;3.35688759999175;1;79.0;31;Blonde et al. (2023);Experiment 2;Orientation;1;2;79.0;-66.0;-21.0;-10.0;31;1
16;164;164;0;2.23110849999648;1;-22.0;32;Blonde et al. (2023);Experiment 2;Orientation;1;2;-22.0;57.0;-88.0;-43.0;32;1
16;151;149;-2;2.2988336999988;1;13.0;33;Blonde et al. (2023);Experiment 2;Orientation;1;2;13.0;-9.0;70.0;-75.0;33;1
16;133;134;1;2.2819213999901;1;18.0;34;Blonde et al. (2023);Experiment 2;Orientation;1;2;18.0;31.0;9.0;88.0;34;1
16;133;140;7;1.9905379999982;1;0.0;35;Blonde et al. (2023);Experiment 2;Orientation;1;2;0.0;18.0;31.0;9.0;35;1
16;110;113;3;2.38062719999289;1;23.0;36;Blonde et al. (2023);Experiment 2;Orientation;1;2;23.0;23.0;41.0;54.0;36;1
16;121;119;-2;3.13943909999216;1;-11.0;37;Blonde et al. (2023);Experiment 2;Orientation;1;2;-11.0;12.0;12.0;30.0;37;1
16;95;99;4;3.34874790000322;1;26.0;38;Blonde et al. (2023);Experiment 2;Orientation;1;2;26.0;15.0;38.0;38.0;38;1
16;80;81;1;2.33104140000069;1;15.0;39;Blonde et al. (2023);Experiment 2;Orientation;1;2;15.0;41.0;30.0;53.0;39;1
16;124;121;-3;2.7487012000056;1;-44.0;40;Blonde et al. (2023);Experiment 2;Orientation;1;2;-44.0;-29.0;-3.0;-14.0;40;1
16;50;53;3;4.23968549999699;1;74.0;41;Blonde et al. (2023);Experiment 2;Orientation;1;2;74.0;30.0;45.0;71.0;41;1
16;90;82;-8;1.94777590000012;1;-40.0;42;Blonde et al. (2023);Experiment 2;Orientation;1;2;-40.0;34.0;-10.0;5.0;42;1
16;166;3;17;3.53203500001109;1;-76.0;43;Blonde et al. (2023);Experiment 2;Orientation;1;2;-76.0;64.0;-42.0;-86.0;43;1
16;46;34;-12;3.13911350000126;1;-60.0;44;Blonde et al. (2023);Experiment 2;Orientation;1;2;-60.0;44.0;4.0;78.0;44;1
16;81;76;-5;2.39044540000032;1;-35.0;45;Blonde et al. (2023);Experiment 2;Orientation;1;2;-35.0;85.0;9.0;-31.0;45;1
16;60;60;0;1.52385730000969;1;21.0;46;Blonde et al. (2023);Experiment 2;Orientation;1;2;21.0;-14.0;-74.0;30.0;46;1
16;174;176;2;3.23207850000472;1;66.0;47;Blonde et al. (2023);Experiment 2;Orientation;1;2;66.0;87.0;52.0;-8.0;47;1
16;126;126;0;2.65693669999018;1;48.0;48;Blonde et al. (2023);Experiment 2;Orientation;1;2;48.0;-66.0;-45.0;-80.0;48;1
16;117;117;0;2.04051710000203;1;9.0;49;Blonde et al. (2023);Experiment 2;Orientation;1;2;9.0;57.0;-57.0;-36.0;49;1
16;99;106;7;1.99870510000619;1;18.0;50;Blonde et al. (2023);Experiment 2;Orientation;1;2;18.0;27.0;75.0;-39.0;50;1
16;137;152;15;2.68910589998995;1;-38.0;51;Blonde et al. (2023);Experiment 2;Orientation;1;2;-38.0;-20.0;-11.0;37.0;51;1
16;7;13;6;6.16370079999615;1;-50.0;52;Blonde et al. (2023);Experiment 2;Orientation;1;2;-50.0;-88.0;-70.0;-61.0;52;1
16;11;16;5;2.10012430000643;1;-4.0;53;Blonde et al. (2023);Experiment 2;Orientation;1;2;-4.0;-54.0;88.0;-74.0;53;1
16;171;170;-1;3.04871920000005;1;20.0;54;Blonde et al. (2023);Experiment 2;Orientation;1;2;20.0;16.0;-34.0;-72.0;54;1
16;86;78;-8;2.64044519999879;1;85.0;55;Blonde et al. (2023);Experiment 2;Orientation;1;2;85.0;-75.0;-79.0;51.0;55;1
16;111;107;-4;2.90703810000559;1;-25.0;56;Blonde et al. (2023);Experiment 2;Orientation;1;2;-25.0;60.0;80.0;76.0;56;1
16;92;96;4;3.70682900000247;1;19.0;57;Blonde et al. (2023);Experiment 2;Orientation;1;2;19.0;-6.0;79.0;-81.0;57;1
16;168;172;4;1.86535240001103;1;-76.0;58;Blonde et al. (2023);Experiment 2;Orientation;1;2;-76.0;-57.0;-82.0;3.0;58;1
16;37;41;4;3.51522299999488;1;-49.0;59;Blonde et al. (2023);Experiment 2;Orientation;1;2;-49.0;55.0;74.0;49.0;59;1
16;121;113;-8;1.78916280000703;1;-84.0;60;Blonde et al. (2023);Experiment 2;Orientation;1;2;-84.0;47.0;-29.0;-10.0;60;1
16;48;55;7;2.05718570000317;1;73.0;61;Blonde et al. (2023);Experiment 2;Orientation;1;2;73.0;-11.0;-60.0;44.0;61;1
16;13;10;-3;1.35720209999999;1;35.0;62;Blonde et al. (2023);Experiment 2;Orientation;1;2;35.0;-72.0;24.0;-25.0;62;1
16;53;57;4;3.43200030000298;1;-40.0;63;Blonde et al. (2023);Experiment 2;Orientation;1;2;-40.0;-5.0;68.0;-16.0;63;1
16;60;54;-6;1.44887760000711;1;-7.0;64;Blonde et al. (2023);Experiment 2;Orientation;1;2;-7.0;-47.0;-12.0;61.0;64;1
16;11;17;6;2.19780629999877;1;49.0;65;Blonde et al. (2023);Experiment 2;Orientation;1;2;49.0;42.0;2.0;37.0;65;1
16;161;155;-6;1.42287570000917;1;30.0;66;Blonde et al. (2023);Experiment 2;Orientation;1;2;30.0;79.0;72.0;32.0;66;1
16;55;54;-1;2.95686489999935;1;-74.0;67;Blonde et al. (2023);Experiment 2;Orientation;1;2;-74.0;-44.0;5.0;-2.0;67;1
16;112;111;-1;1.3487776999973;1;-57.0;68;Blonde et al. (2023);Experiment 2;Orientation;1;2;-57.0;49.0;79.0;-52.0;68;1
16;111;116;5;1.84873520000838;1;1.0;69;Blonde et al. (2023);Experiment 2;Orientation;1;2;1.0;-56.0;50.0;80.0;69;1
16;14;26;12;1.59053510001104;1;-83.0;70;Blonde et al. (2023);Experiment 2;Orientation;1;2;-83.0;-82.0;41.0;-33.0;70;1
16;72;72;0;1.182084199987;3;72.0;141;Blonde et al. (2023);Experiment 2;Orientation;1;2;;;;;1;2
16;143;143;0;1.34781219999422;3;-71.0;142;Blonde et al. (2023);Experiment 2;Orientation;1;2;;;;;2;2
16;133;130;-3;1.69862939999439;3;10.0;143;Blonde et al. (2023);Experiment 2;Orientation;1;2;;;;;3;2
16;53;54;1;1.37374280000222;3;80.0;144;Blonde et al. (2023);Experiment 2;Orientation;1;2;;;;;4;2
16;90;94;4;1.15712249999342;3;-37.0;145;Blonde et al. (2023);Experiment 2;Orientation;1;2;-37.0;43.0;53.0;-18.0;5;2
16;35;40;5;1.33222250000108;3;55.0;146;Blonde et al. (2023);Experiment 2;Orientation;1;2;55.0;18.0;-82.0;-72.0;6;2
16;12;18;6;1.66506279999157;3;23.0;147;Blonde et al. (2023);Experiment 2;Orientation;1;2;23.0;78.0;41.0;-59.0;7;2
16;140;144;4;3.67262029999983;3;52.0;148;Blonde et al. (2023);Experiment 2;Orientation;1;2;52.0;75.0;-50.0;-87.0;8;2
16;73;62;-11;2.37368000000424;3;67.0;149;Blonde et al. (2023);Experiment 2;Orientation;1;2;67.0;-61.0;-38.0;17.0;9;2
16;2;5;3;3.7151756999956;3;71.0;150;Blonde et al. (2023);Experiment 2;Orientation;1;2;71.0;-42.0;10.0;33.0;10;2
16;165;165;0;1.86465040000621;3;17.0;151;Blonde et al. (2023);Experiment 2;Orientation;1;2;17.0;88.0;-25.0;27.0;11;2
16;9;175;-14;3.0736651999905;3;-24.0;152;Blonde et al. (2023);Experiment 2;Orientation;1;2;-24.0;-7.0;64.0;-49.0;12;2
16;105;113;8;1.64041049999651;3;84.0;153;Blonde et al. (2023);Experiment 2;Orientation;1;2;84.0;60.0;77.0;-32.0;13;2
16;57;58;1;1.89053009999043;3;48.0;154;Blonde et al. (2023);Experiment 2;Orientation;1;2;48.0;-48.0;-72.0;-55.0;14;2
16;24;25;1;1.27370099999825;3;33.0;155;Blonde et al. (2023);Experiment 2;Orientation;1;2;33.0;81.0;-15.0;-39.0;15;2
16;177;0;3;4.12353789999906;3;27.0;156;Blonde et al. (2023);Experiment 2;Orientation;1;2;27.0;60.0;-72.0;12.0;16;2
16;53;45;-8;3.22364899999229;3;-56.0;157;Blonde et al. (2023);Experiment 2;Orientation;1;2;-56.0;-29.0;4.0;52.0;17;2
16;19;18;-1;1.40593939999235;3;34.0;158;Blonde et al. (2023);Experiment 2;Orientation;1;2;34.0;-22.0;5.0;38.0;18;2
16;111;112;1;1.53092170000309;3;88.0;159;Blonde et al. (2023);Experiment 2;Orientation;1;2;88.0;-58.0;66.0;-87.0;19;2
16;48;54;6;2.19025529999635;3;63.0;160;Blonde et al. (2023);Experiment 2;Orientation;1;2;63.0;-29.0;5.0;-51.0;20;2
16;60;61;1;3.16534669999965;3;-12.0;161;Blonde et al. (2023);Experiment 2;Orientation;1;2;-12.0;51.0;-41.0;-7.0;21;2
16;178;2;4;3.81405400000222;3;62.0;162;Blonde et al. (2023);Experiment 2;Orientation;1;2;62.0;50.0;-67.0;21.0;22;2
16;8;11;3;2.09767139999894;3;-10.0;163;Blonde et al. (2023);Experiment 2;Orientation;1;2;-10.0;52.0;40.0;-77.0;23;2
16;179;178;-1;1.54048700000567;3;9.0;164;Blonde et al. (2023);Experiment 2;Orientation;1;2;9.0;-1.0;61.0;49.0;24;2
16;112;106;-6;1.68224080000073;3;67.0;165;Blonde et al. (2023);Experiment 2;Orientation;1;2;67.0;76.0;66.0;-52.0;25;2
16;48;41;-7;1.47384130000137;3;64.0;166;Blonde et al. (2023);Experiment 2;Orientation;1;2;64.0;-49.0;-40.0;-50.0;26;2
16;140;148;8;2.06542670000636;3;88.0;167;Blonde et al. (2023);Experiment 2;Orientation;1;2;88.0;-28.0;39.0;48.0;27;2
16;102;101;-1;1.29881370000658;3;38.0;168;Blonde et al. (2023);Experiment 2;Orientation;1;2;38.0;-54.0;10.0;77.0;28;2
16;152;160;8;2.38151399999333;3;-50.0;169;Blonde et al. (2023);Experiment 2;Orientation;1;2;-50.0;-12.0;76.0;-40.0;29;2
16;62;60;-2;1.46670969999104;3;90.0;170;Blonde et al. (2023);Experiment 2;Orientation;1;2;90.0;40.0;78.0;-14.0;30;2
16;43;41;-2;1.57387310000195;3;19.0;171;Blonde et al. (2023);Experiment 2;Orientation;1;2;19.0;-71.0;59.0;-83.0;31;2
16;9;17;8;1.48213389999;3;34.0;172;Blonde et al. (2023);Experiment 2;Orientation;1;2;34.0;53.0;-37.0;-87.0;32;2
16;12;20;8;1.58208019999438;3;-3.0;173;Blonde et al. (2023);Experiment 2;Orientation;1;2;-3.0;31.0;50.0;-40.0;33;2
16;95;103;8;3.5964915999939;3;-83.0;174;Blonde et al. (2023);Experiment 2;Orientation;1;2;-83.0;-86.0;-52.0;-33.0;34;2
16;44;39;-5;1.09050829999615;3;51.0;175;Blonde et al. (2023);Experiment 2;Orientation;1;2;51.0;-32.0;-35.0;-1.0;35;2
16;160;164;4;2.44031330000143;3;64.0;176;Blonde et al. (2023);Experiment 2;Orientation;1;2;64.0;-65.0;32.0;29.0;36;2
16;98;101;3;6.53994909999892;3;62.0;177;Blonde et al. (2023);Experiment 2;Orientation;1;2;62.0;-54.0;-3.0;-86.0;37;2
16;107;106;-1;1.889024899996;3;-9.0;178;Blonde et al. (2023);Experiment 2;Orientation;1;2;-9.0;53.0;-63.0;-12.0;38;2
16;105;115;10;1.4071139000007;3;2.0;179;Blonde et al. (2023);Experiment 2;Orientation;1;2;2.0;-7.0;55.0;-61.0;39;2
16;96;101;5;1.68908630000078;3;9.0;180;Blonde et al. (2023);Experiment 2;Orientation;1;2;9.0;11.0;2.0;64.0;40;2
16;139;130;-9;2.81429239999852;3;-43.0;181;Blonde et al. (2023);Experiment 2;Orientation;1;2;-43.0;-34.0;-32.0;-41.0;41;2
16;174;173;-1;2.29048850000254;3;-35.0;182;Blonde et al. (2023);Experiment 2;Orientation;1;2;-35.0;-78.0;-69.0;-67.0;42;2
16;101;109;8;2.14030820000335;3;73.0;183;Blonde et al. (2023);Experiment 2;Orientation;1;2;73.0;38.0;-5.0;4.0;43;2
16;22;22;0;1.34876910000457;3;79.0;184;Blonde et al. (2023);Experiment 2;Orientation;1;2;79.0;-28.0;-63.0;74.0;44;2
16;39;45;6;2.27382010000292;3;-17.0;185;Blonde et al. (2023);Experiment 2;Orientation;1;2;-17.0;62.0;-45.0;-80.0;45;2
16;136;143;7;7.9565075999999;3;83.0;186;Blonde et al. (2023);Experiment 2;Orientation;1;2;83.0;66.0;-35.0;38.0;46;2
16;62;48;-14;1.79771149999578;3;74.0;187;Blonde et al. (2023);Experiment 2;Orientation;1;2;74.0;-23.0;-40.0;39.0;47;2
16;160;163;3;1.88227899999765;3;82.0;188;Blonde et al. (2023);Experiment 2;Orientation;1;2;82.0;-24.0;59.0;42.0;48;2
16;74;62;-12;3.18923000000359;3;86.0;189;Blonde et al. (2023);Experiment 2;Orientation;1;2;86.0;-12.0;62.0;-35.0;49;2
16;19;28;9;1.99894479999784;3;55.0;190;Blonde et al. (2023);Experiment 2;Orientation;1;2;55.0;-39.0;43.0;-63.0;50;2
16;36;44;8;1.15732910000952;3;-17.0;191;Blonde et al. (2023);Experiment 2;Orientation;1;2;-17.0;38.0;-56.0;26.0;51;2
16;149;152;3;1.8144878000021;3;67.0;192;Blonde et al. (2023);Experiment 2;Orientation;1;2;67.0;50.0;-75.0;11.0;52;2
16;70;67;-3;1.55616180000652;3;79.0;193;Blonde et al. (2023);Experiment 2;Orientation;1;2;79.0;-34.0;-51.0;4.0;53;2
16;144;133;-11;1.807221199997;3;-74.0;194;Blonde et al. (2023);Experiment 2;Orientation;1;2;-74.0;5.0;72.0;55.0;54;2
16;51;58;7;2.27385290000529;3;-87.0;195;Blonde et al. (2023);Experiment 2;Orientation;1;2;-87.0;19.0;-82.0;-15.0;55;2
16;65;63;-2;2.75580329999502;3;-14.0;196;Blonde et al. (2023);Experiment 2;Orientation;1;2;-14.0;79.0;5.0;84.0;56;2
16;136;133;-3;3.33204779999505;3;-71.0;197;Blonde et al. (2023);Experiment 2;Orientation;1;2;-71.0;-85.0;8.0;-66.0;57;2
16;99;102;3;2.65602750000835;3;37.0;198;Blonde et al. (2023);Experiment 2;Orientation;1;2;37.0;-34.0;-48.0;45.0;58;2
16;9;112;-77;3.75693349998619;3;90.0;199;Blonde et al. (2023);Experiment 2;Orientation;1;2;90.0;-53.0;56.0;42.0;59;2
16;40;47;7;1.35734499999671;3;-31.0;200;Blonde et al. (2023);Experiment 2;Orientation;1;2;-31.0;59.0;-84.0;25.0;60;2
16;139;134;-5;2.02284039999358;3;81.0;201;Blonde et al. (2023);Experiment 2;Orientation;1;2;81.0;50.0;-40.0;-3.0;61;2
16;63;61;-2;1.27381800000148;3;76.0;202;Blonde et al. (2023);Experiment 2;Orientation;1;2;76.0;-23.0;-54.0;36.0;62;2
16;70;72;2;1.44901690000552;3;-7.0;203;Blonde et al. (2023);Experiment 2;Orientation;1;2;-7.0;69.0;-30.0;-61.0;63;2
16;81;74;-7;1.44038069999078;3;-11.0;204;Blonde et al. (2023);Experiment 2;Orientation;1;2;-11.0;-18.0;58.0;-41.0;64;2
16;69;68;-1;2.81479859999672;3;12.0;205;Blonde et al. (2023);Experiment 2;Orientation;1;2;12.0;1.0;-6.0;70.0;65;2
16;171;0;9;1.45603219998884;3;78.0;206;Blonde et al. (2023);Experiment 2;Orientation;1;2;78.0;90.0;79.0;72.0;66;2
16;133;129;-4;2.43075749999844;3;38.0;207;Blonde et al. (2023);Experiment 2;Orientation;1;2;38.0;-64.0;-52.0;-63.0;67;2
16;129;131;2;2.67274799999723;3;4.0;208;Blonde et al. (2023);Experiment 2;Orientation;1;2;4.0;42.0;-60.0;-48.0;68;2
16;118;108;-10;1.92377850000048;3;11.0;209;Blonde et al. (2023);Experiment 2;Orientation;1;2;11.0;15.0;53.0;-49.0;69;2
16;12;7;-5;1.74042529999861;3;-74.0;210;Blonde et al. (2023);Experiment 2;Orientation;1;2;-74.0;-63.0;-59.0;-21.0;70;2
17;94;98;4;1.19737500000338;2;-88.0;71;Blonde et al. (2023);Experiment 2;Orientation;1;2;;;;;1;1
17;29;19;-10;1.29797559999861;2;65.0;72;Blonde et al. (2023);Experiment 2;Orientation;1;2;;;;;2;1
17;73;75;2;0.648847400007071;2;-44.0;73;Blonde et al. (2023);Experiment 2;Orientation;1;2;;;;;3;1
17;126;128;2;1.00724630001059;2;-53.0;74;Blonde et al. (2023);Experiment 2;Orientation;1;2;;;;;4;1
17;60;56;-4;0.998851900003501;2;66.0;75;Blonde et al. (2023);Experiment 2;Orientation;1;2;66.0;13.0;-31.0;34.0;5;1
17;69;76;7;1.13964730000589;2;-9.0;76;Blonde et al. (2023);Experiment 2;Orientation;1;2;-9.0;57.0;4.0;-40.0;6;1
17;80;73;-7;1.03234590000648;2;-11.0;77;Blonde et al. (2023);Experiment 2;Orientation;1;2;-11.0;-20.0;46.0;-7.0;7;1
17;177;172;-5;1.50730539999495;2;83.0;78;Blonde et al. (2023);Experiment 2;Orientation;1;2;83.0;72.0;63.0;-51.0;8;1
17;172;172;0;0.48210160000599;2;5.0;79;Blonde et al. (2023);Experiment 2;Orientation;1;2;5.0;88.0;77.0;68.0;9;1
17;93;89;-4;1.26537420001114;2;79.0;80;Blonde et al. (2023);Experiment 2;Orientation;1;2;79.0;84.0;-13.0;-24.0;10;1
17;102;105;3;0.907230900003924;2;-9.0;81;Blonde et al. (2023);Experiment 2;Orientation;1;2;-9.0;70.0;75.0;-22.0;11;1
17;146;147;1;1.27283869999519;2;-44.0;82;Blonde et al. (2023);Experiment 2;Orientation;1;2;-44.0;-53.0;26.0;31.0;12;1
17;123;131;8;0.890544099995168;2;23.0;83;Blonde et al. (2023);Experiment 2;Orientation;1;2;23.0;-21.0;-30.0;49.0;13;1
17;74;69;-5;0.898900300002424;2;49.0;84;Blonde et al. (2023);Experiment 2;Orientation;1;2;49.0;72.0;28.0;19.0;14;1
17;141;130;-11;0.490726899995934;2;-67.0;85;Blonde et al. (2023);Experiment 2;Orientation;1;2;-67.0;-18.0;5.0;-39.0;15;1
17;49;56;7;1.09061310000834;2;-88.0;86;Blonde et al. (2023);Experiment 2;Orientation;1;2;-88.0;25.0;74.0;-83.0;16;1
17;39;51;12;0.815626399999019;2;10.0;87;Blonde et al. (2023);Experiment 2;Orientation;1;2;10.0;-78.0;35.0;84.0;17;1
17;173;169;-4;1.58072909999464;2;46.0;88;Blonde et al. (2023);Experiment 2;Orientation;1;2;46.0;56.0;-32.0;81.0;18;1
17;109;101;-8;1.2561973999982;2;64.0;89;Blonde et al. (2023);Experiment 2;Orientation;1;2;64.0;-70.0;-60.0;32.0;19;1
17;168;171;3;0.882234299991978;2;-59.0;90;Blonde et al. (2023);Experiment 2;Orientation;1;2;-59.0;5.0;51.0;61.0;20;1
17;155;163;8;1.52268760000879;2;13.0;91;Blonde et al. (2023);Experiment 2;Orientation;1;2;13.0;-46.0;18.0;64.0;21;1
17;97;109;12;0.805989300002693;2;58.0;92;Blonde et al. (2023);Experiment 2;Orientation;1;2;58.0;71.0;12.0;76.0;22;1
17;175;170;-5;1.04882440000074;2;-78.0;93;Blonde et al. (2023);Experiment 2;Orientation;1;2;-78.0;-20.0;-7.0;-66.0;23;1
17;70;71;1;2.08209199999692;2;-75.0;94;Blonde et al. (2023);Experiment 2;Orientation;1;2;-75.0;27.0;85.0;-82.0;24;1
17;86;94;8;1.2073623000033;2;-16.0;95;Blonde et al. (2023);Experiment 2;Orientation;1;2;-16.0;89.0;11.0;69.0;25;1
17;28;29;1;1.99781390000135;2;58.0;96;Blonde et al. (2023);Experiment 2;Orientation;1;2;58.0;42.0;-33.0;69.0;26;1
17;71;73;2;1.29138510000485;2;-43.0;97;Blonde et al. (2023);Experiment 2;Orientation;1;2;-43.0;15.0;-1.0;-76.0;27;1
17;115;88;-27;1.0905894000025;2;-44.0;98;Blonde et al. (2023);Experiment 2;Orientation;1;2;-44.0;-87.0;-29.0;-45.0;28;1
17;150;164;14;2.21530039999925;2;-35.0;99;Blonde et al. (2023);Experiment 2;Orientation;1;2;-35.0;-79.0;58.0;-64.0;29;1
17;137;145;8;1.11548229999607;2;13.0;100;Blonde et al. (2023);Experiment 2;Orientation;1;2;13.0;-22.0;-66.0;71.0;30;1
17;80;159;79;1.34055239999725;2;57.0;101;Blonde et al. (2023);Experiment 2;Orientation;1;2;57.0;70.0;35.0;-9.0;31;1
17;61;55;-6;0.898765700010699;2;19.0;102;Blonde et al. (2023);Experiment 2;Orientation;1;2;19.0;76.0;89.0;54.0;32;1
17;45;38;-7;1.22381850000238;2;16.0;103;Blonde et al. (2023);Experiment 2;Orientation;1;2;16.0;35.0;-88.0;-75.0;33;1
17;71;70;-1;1.68951540000853;2;-26.0;104;Blonde et al. (2023);Experiment 2;Orientation;1;2;-26.0;-10.0;9.0;66.0;34;1
17;156;155;-1;1.19791170000099;2;-85.0;105;Blonde et al. (2023);Experiment 2;Orientation;1;2;-85.0;69.0;85.0;-76.0;35;1
17;47;55;8;0.989452699999674;2;-71.0;106;Blonde et al. (2023);Experiment 2;Orientation;1;2;-71.0;24.0;-2.0;14.0;36;1
17;178;178;0;1.40717869999935;2;49.0;107;Blonde et al. (2023);Experiment 2;Orientation;1;2;49.0;-22.0;73.0;47.0;37;1
17;0;2;2;0.907125199999427;2;-2.0;108;Blonde et al. (2023);Experiment 2;Orientation;1;2;-2.0;47.0;-24.0;71.0;38;1
17;171;173;2;1.18215810001129;2;9.0;109;Blonde et al. (2023);Experiment 2;Orientation;1;2;9.0;7.0;56.0;-15.0;39;1
17;84;177;-87;1.89758489999804;2;87.0;110;Blonde et al. (2023);Experiment 2;Orientation;1;2;87.0;-84.0;-86.0;-37.0;40;1
17;144;160;16;1.39761069999076;2;-60.0;111;Blonde et al. (2023);Experiment 2;Orientation;1;2;-60.0;27.0;36.0;34.0;41;1
17;45;32;-13;1.58214009999938;2;-81.0;112;Blonde et al. (2023);Experiment 2;Orientation;1;2;-81.0;39.0;-54.0;-45.0;42;1
17;125;138;13;0.890640500001609;2;-80.0;113;Blonde et al. (2023);Experiment 2;Orientation;1;2;-80.0;19.0;-41.0;46.0;43;1
17;54;50;-4;0.998779499990633;2;71.0;114;Blonde et al. (2023);Experiment 2;Orientation;1;2;71.0;-9.0;90.0;30.0;44;1
17;33;35;2;0.857332800005679;2;21.0;115;Blonde et al. (2023);Experiment 2;Orientation;1;2;21.0;-88.0;12.0;-69.0;45;1
17;137;136;-1;1.09735650000221;2;76.0;116;Blonde et al. (2023);Experiment 2;Orientation;1;2;76.0;-83.0;-12.0;88.0;46;1
17;139;143;4;0.932253999999375;2;-2.0;117;Blonde et al. (2023);Experiment 2;Orientation;1;2;-2.0;74.0;-85.0;-14.0;47;1
17;44;37;-7;1.09047500000452;2;-85.0;118;Blonde et al. (2023);Experiment 2;Orientation;1;2;-85.0;-87.0;-11.0;10.0;48;1
17;43;38;-5;0.872745899992879;2;1.0;119;Blonde et al. (2023);Experiment 2;Orientation;1;2;1.0;-84.0;-86.0;-10.0;49;1
17;104;104;0;1.00727840000764;2;-61.0;120;Blonde et al. (2023);Experiment 2;Orientation;1;2;-61.0;-60.0;35.0;33.0;50;1
17;17;9;-8;1.25841100000252;2;87.0;121;Blonde et al. (2023);Experiment 2;Orientation;1;2;87.0;26.0;27.0;-58.0;51;1
17;91;179;88;1.47424039999896;2;-74.0;122;Blonde et al. (2023);Experiment 2;Orientation;1;2;-74.0;13.0;-48.0;-47.0;52;1
17;165;165;0;1.17378820000158;2;-74.0;123;Blonde et al. (2023);Experiment 2;Orientation;1;2;-74.0;32.0;-61.0;58.0;53;1
17;142;156;14;0.765526999995927;2;23.0;124;Blonde et al. (2023);Experiment 2;Orientation;1;2;23.0;-51.0;55.0;-38.0;54;1
17;170;160;-10;0.972904700000072;2;-28.0;125;Blonde et al. (2023);Experiment 2;Orientation;1;2;-28.0;-5.0;-79.0;27.0;55;1
17;23;27;4;1.04873429999861;2;-33.0;126;Blonde et al. (2023);Experiment 2;Orientation;1;2;-33.0;-61.0;-38.0;68.0;56;1
17;57;47;-10;0.982144200010225;2;-34.0;127;Blonde et al. (2023);Experiment 2;Orientation;1;2;-34.0;-67.0;85.0;-72.0;57;1
17;152;167;15;0.782224899987341;2;85.0;128;Blonde et al. (2023);Experiment 2;Orientation;1;2;85.0;51.0;18.0;-10.0;58;1
17;101;109;8;1.22389150000527;2;51.0;129;Blonde et al. (2023);Experiment 2;Orientation;1;2;51.0;-44.0;-78.0;69.0;59;1
17;60;73;13;0.807274099992355;2;41.0;130;Blonde et al. (2023);Experiment 2;Orientation;1;2;41.0;-88.0;-3.0;-37.0;60;1
17;122;59;-63;0.980971600001794;2;-62.0;131;Blonde et al. (2023);Experiment 2;Orientation;1;2;-62.0;-21.0;30.0;-65.0;61;1
17;96;95;-1;1.05726950000098;2;26.0;132;Blonde et al. (2023);Experiment 2;Orientation;1;2;26.0;-36.0;5.0;56.0;62;1
17;170;155;-15;1.16551629999594;2;-74.0;133;Blonde et al. (2023);Experiment 2;Orientation;1;2;-74.0;-48.0;70.0;-69.0;63;1
17;28;12;-16;1.1239060999942;2;-38.0;134;Blonde et al. (2023);Experiment 2;Orientation;1;2;-38.0;68.0;-86.0;32.0;64;1
17;48;32;-16;1.00737479999952;2;-20.0;135;Blonde et al. (2023);Experiment 2;Orientation;1;2;-20.0;-58.0;48.0;74.0;65;1
17;112;126;14;1.17286890000105;2;-64.0;136;Blonde et al. (2023);Experiment 2;Orientation;1;2;-64.0;-84.0;58.0;-16.0;66;1
17;171;177;6;0.949014400001033;2;-59.0;137;Blonde et al. (2023);Experiment 2;Orientation;1;2;-59.0;57.0;37.0;-1.0;67;1
17;152;175;23;1.30725050000183;2;19.0;138;Blonde et al. (2023);Experiment 2;Orientation;1;2;19.0;-40.0;76.0;56.0;68;1
17;86;178;-88;7.08065050000732;2;66.0;139;Blonde et al. (2023);Experiment 2;Orientation;1;2;66.0;85.0;26.0;-38.0;69;1
17;57;53;-4;1.41438840000774;2;29.0;140;Blonde et al. (2023);Experiment 2;Orientation;1;2;29.0;-85.0;-66.0;55.0;70;1
17;55;61;6;0.839380999997957;4;58.0;211;Blonde et al. (2023);Experiment 2;Orientation;1;2;;;;;1;2
17;140;148;8;0.807149300002493;4;-85.0;212;Blonde et al. (2023);Experiment 2;Orientation;1;2;;;;;2;2
17;36;31;-5;1.02445440000156;4;-76.0;213;Blonde et al. (2023);Experiment 2;Orientation;1;2;;;;;3;2
17;2;177;-5;0.815887199991266;4;34.0;214;Blonde et al. (2023);Experiment 2;Orientation;1;2;;;;;4;2
17;164;159;-5;1.19904239999596;4;18.0;215;Blonde et al. (2023);Experiment 2;Orientation;1;2;18.0;52.0;-24.0;71.0;5;2
17;54;59;5;0.82420610000554;4;-70.0;216;Blonde et al. (2023);Experiment 2;Orientation;1;2;-70.0;-52.0;-18.0;86.0;6;2
17;175;173;-2;1.00759759999346;4;59.0;217;Blonde et al. (2023);Experiment 2;Orientation;1;2;59.0;-11.0;7.0;41.0;7;2
17;83;102;19;1.05766409999342;4;-88.0;218;Blonde et al. (2023);Experiment 2;Orientation;1;2;-88.0;-29.0;81.0;-81.0;8;2
17;27;16;-11;0.849314800012507;4;56.0;219;Blonde et al. (2023);Experiment 2;Orientation;1;2;56.0;-32.0;27.0;-43.0;9;2
17;96;99;3;1.1995079999906;4;-69.0;220;Blonde et al. (2023);Experiment 2;Orientation;1;2;-69.0;-13.0;79.0;-42.0;10;2
17;147;167;20;0.691102600001614;4;-51.0;221;Blonde et al. (2023);Experiment 2;Orientation;1;2;-51.0;60.0;-64.0;28.0;11;2
17;49;68;19;0.93260499999451;4;-82.0;222;Blonde et al. (2023);Experiment 2;Orientation;1;2;-82.0;47.0;-22.0;34.0;12;2
17;79;77;-2;0.649427500000456;4;-30.0;223;Blonde et al. (2023);Experiment 2;Orientation;1;2;-30.0;68.0;17.0;-52.0;13;2
17;157;161;4;0.72451820000424;4;-78.0;224;Blonde et al. (2023);Experiment 2;Orientation;1;2;-78.0;72.0;-10.0;-61.0;14;2
17;137;147;10;0.80858180001087;4;20.0;225;Blonde et al. (2023);Experiment 2;Orientation;1;2;20.0;-58.0;-88.0;10.0;15;2
17;23;17;-6;1.22428460000083;4;-66.0;226;Blonde et al. (2023);Experiment 2;Orientation;1;2;-66.0;-46.0;56.0;26.0;16;2
17;42;173;-49;1.61640239998815;4;-19.0;227;Blonde et al. (2023);Experiment 2;Orientation;1;2;-19.0;-85.0;-65.0;37.0;17;2
17;69;58;-11;0.849299000008614;4;-27.0;228;Blonde et al. (2023);Experiment 2;Orientation;1;2;-27.0;-46.0;68.0;88.0;18;2
17;166;169;3;1.05751430000237;4;83.0;229;Blonde et al. (2023);Experiment 2;Orientation;1;2;83.0;56.0;37.0;-29.0;19;2
17;177;1;4;0.941441500006476;4;-11.0;230;Blonde et al. (2023);Experiment 2;Orientation;1;2;-11.0;72.0;45.0;26.0;20;2
17;118;120;2;0.932276699997601;4;59.0;231;Blonde et al. (2023);Experiment 2;Orientation;1;2;59.0;48.0;-49.0;-76.0;21;2
17;131;139;8;1.24923159999889;4;-13.0;232;Blonde et al. (2023);Experiment 2;Orientation;1;2;-13.0;46.0;35.0;-62.0;22;2
17;155;140;-15;1.82505189999938;4;-24.0;233;Blonde et al. (2023);Experiment 2;Orientation;1;2;-24.0;-37.0;22.0;11.0;23;2
17;143;139;-4;0.907718000002205;4;12.0;234;Blonde et al. (2023);Experiment 2;Orientation;1;2;12.0;-12.0;-25.0;34.0;24;2
17;45;49;4;0.874369099998148;4;-82.0;235;Blonde et al. (2023);Experiment 2;Orientation;1;2;-82.0;-70.0;86.0;73.0;25;2
17;156;159;3;0.81596000000718;4;69.0;236;Blonde et al. (2023);Experiment 2;Orientation;1;2;69.0;-13.0;-1.0;-25.0;26;2
17;126;143;17;1.09060369999497;4;30.0;237;Blonde et al. (2023);Experiment 2;Orientation;1;2;30.0;-81.0;17.0;29.0;27;2
17;17;6;-11;1.14892219999456;4;-71.0;238;Blonde et al. (2023);Experiment 2;Orientation;1;2;-71.0;-41.0;28.0;-54.0;28;2
17;60;69;9;0.956302599995979;4;-43.0;239;Blonde et al. (2023);Experiment 2;Orientation;1;2;-43.0;66.0;-84.0;-15.0;29;2
17;36;51;15;0.872770000001765;4;24.0;240;Blonde et al. (2023);Experiment 2;Orientation;1;2;24.0;-19.0;90.0;-60.0;30;2
17;49;53;4;0.59062350000022;4;-13.0;241;Blonde et al. (2023);Experiment 2;Orientation;1;2;-13.0;11.0;-32.0;77.0;31;2
17;56;138;82;1.0406806999963;4;-7.0;242;Blonde et al. (2023);Experiment 2;Orientation;1;2;-7.0;-20.0;4.0;-39.0;32;2
17;159;157;-2;1.61544680000225;4;77.0;243;Blonde et al. (2023);Experiment 2;Orientation;1;2;77.0;70.0;57.0;81.0;33;2
17;153;164;11;1.86563680000836;4;6.0;244;Blonde et al. (2023);Experiment 2;Orientation;1;2;6.0;83.0;76.0;63.0;34;2
17;5;11;6;1.08224669999618;4;-32.0;245;Blonde et al. (2023);Experiment 2;Orientation;1;2;-32.0;-26.0;51.0;44.0;35;2
17;71;72;1;0.798927699986962;4;-66.0;246;Blonde et al. (2023);Experiment 2;Orientation;1;2;-66.0;82.0;88.0;-15.0;36;2
17;127;135;8;0.882252600000356;4;-56.0;247;Blonde et al. (2023);Experiment 2;Orientation;1;2;-56.0;58.0;26.0;32.0;37;2
17;149;159;10;1.18928180000512;4;-22.0;248;Blonde et al. (2023);Experiment 2;Orientation;1;2;-22.0;-78.0;36.0;4.0;38;2
17;114;121;7;1.59891549999884;4;35.0;249;Blonde et al. (2023);Experiment 2;Orientation;1;2;35.0;13.0;-43.0;71.0;39;2
17;155;155;0;1.57277230000182;4;-41.0;250;Blonde et al. (2023);Experiment 2;Orientation;1;2;-41.0;-6.0;-28.0;-84.0;40;2
17;164;159;-5;0.682338200000231;4;-9.0;251;Blonde et al. (2023);Experiment 2;Orientation;1;2;-9.0;-50.0;-15.0;-37.0;41;2
17;18;23;5;0.898940800005221;4;-34.0;252;Blonde et al. (2023);Experiment 2;Orientation;1;2;-34.0;-43.0;-84.0;-49.0;42;2
17;93;91;-2;2.09040520001145;4;-75.0;253;Blonde et al. (2023);Experiment 2;Orientation;1;2;-75.0;71.0;62.0;21.0;43;2
17;119;126;7;1.44892130000517;4;-26.0;254;Blonde et al. (2023);Experiment 2;Orientation;1;2;-26.0;79.0;45.0;36.0;44;2
17;125;131;6;0.965408099989872;4;-6.0;255;Blonde et al. (2023);Experiment 2;Orientation;1;2;-6.0;-32.0;73.0;39.0;45;2
17;154;149;-5;1.14883900000132;4;-29.0;256;Blonde et al. (2023);Experiment 2;Orientation;1;2;-29.0;-35.0;-61.0;44.0;46;2
17;76;69;-7;1.46475110000756;4;78.0;257;Blonde et al. (2023);Experiment 2;Orientation;1;2;78.0;49.0;43.0;17.0;47;2
17;65;66;1;0.86556509998627;4;11.0;258;Blonde et al. (2023);Experiment 2;Orientation;1;2;11.0;89.0;60.0;54.0;48;2
17;84;72;-12;1.08225859999948;4;-19.0;259;Blonde et al. (2023);Experiment 2;Orientation;1;2;-19.0;-8.0;70.0;41.0;49;2
17;87;87;0;1.11544899998989;4;-3.0;260;Blonde et al. (2023);Experiment 2;Orientation;1;2;-3.0;-22.0;-11.0;67.0;50;2
17;94;92;-2;0.565509799998836;4;-7.0;261;Blonde et al. (2023);Experiment 2;Orientation;1;2;-7.0;-10.0;-29.0;-18.0;51;2
17;7;8;1;0.982228199995006;4;87.0;262;Blonde et al. (2023);Experiment 2;Orientation;1;2;87.0;80.0;77.0;58.0;52;2
17;87;89;2;0.990482799999882;4;-80.0;263;Blonde et al. (2023);Experiment 2;Orientation;1;2;-80.0;7.0;0.0;-3.0;53;2
17;122;117;-5;1.21516849999898;4;-35.0;264;Blonde et al. (2023);Experiment 2;Orientation;1;2;-35.0;65.0;-28.0;-35.0;54;2
17;20;21;1;0.982273700006772;4;-78.0;265;Blonde et al. (2023);Experiment 2;Orientation;1;2;-78.0;67.0;-13.0;74.0;55;2
17;115;126;11;0.981272899996839;4;85.0;266;Blonde et al. (2023);Experiment 2;Orientation;1;2;85.0;7.0;-28.0;72.0;56;2
17;179;3;4;1.59055229999649;4;-64.0;267;Blonde et al. (2023);Experiment 2;Orientation;1;2;-64.0;21.0;-57.0;88.0;57;2
17;131;136;5;0.9901780999935;4;48.0;268;Blonde et al. (2023);Experiment 2;Orientation;1;2;48.0;-16.0;69.0;-9.0;58;2
17;88;85;-3;0.740679700000328;4;43.0;269;Blonde et al. (2023);Experiment 2;Orientation;1;2;43.0;-89.0;27.0;-68.0;59;2
17;70;83;13;1.27398209999956;4;18.0;270;Blonde et al. (2023);Experiment 2;Orientation;1;2;18.0;61.0;-71.0;45.0;60;2
17;73;79;6;0.707239099996514;4;-3.0;271;Blonde et al. (2023);Experiment 2;Orientation;1;2;-3.0;15.0;58.0;-74.0;61;2
17;114;169;55;1.21463270000822;4;-41.0;272;Blonde et al. (2023);Experiment 2;Orientation;1;2;-41.0;-44.0;-26.0;17.0;62;2
17;11;11;0;0.774159599997802;4;-77.0;273;Blonde et al. (2023);Experiment 2;Orientation;1;2;-77.0;62.0;59.0;77.0;63;2
17;99;93;-6;0.822617600002559;4;-88.0;274;Blonde et al. (2023);Experiment 2;Orientation;1;2;-88.0;15.0;-26.0;-29.0;64;2
17;57;66;9;0.949047400004929;4;42.0;275;Blonde et al. (2023);Experiment 2;Orientation;1;2;42.0;-46.0;57.0;16.0;65;2
17;36;60;24;0.86557319998974;4;21.0;276;Blonde et al. (2023);Experiment 2;Orientation;1;2;21.0;63.0;-25.0;78.0;66;2
17;149;146;-3;0.748923999999533;4;67.0;277;Blonde et al. (2023);Experiment 2;Orientation;1;2;67.0;88.0;-50.0;42.0;67;2
17;47;49;2;0.507364699995378;4;-78.0;278;Blonde et al. (2023);Experiment 2;Orientation;1;2;-78.0;-11.0;10.0;52.0;68;2
17;66;65;-1;0.839655699994182;4;-19.0;279;Blonde et al. (2023);Experiment 2;Orientation;1;2;-19.0;83.0;-30.0;-9.0;69;2
17;148;152;4;0.656158700003289;4;-82.0;280;Blonde et al. (2023);Experiment 2;Orientation;1;2;-82.0;79.0;1.0;68.0;70;2
18;147;143;-4;0.989066500012996;1;;1;Blonde et al. (2023);Experiment 2;Orientation;1;2;;;;;1;1
18;31;41;10;1.29797010000038;1;-64.0;2;Blonde et al. (2023);Experiment 2;Orientation;1;2;;;;;2;1
18;114;124;10;1.4728216999938;1;-83.0;3;Blonde et al. (2023);Experiment 2;Orientation;1;2;;;;;3;1
18;110;130;20;1.17388849999406;1;4.0;4;Blonde et al. (2023);Experiment 2;Orientation;1;2;;;;;4;1
18;12;38;26;1.27261989998806;1;-82.0;5;Blonde et al. (2023);Experiment 2;Orientation;1;2;-82.0;-78.0;19.0;-45.0;5;1
18;74;72;-2;0.857150099996943;1;-62.0;6;Blonde et al. (2023);Experiment 2;Orientation;1;2;-62.0;36.0;40.0;-43.0;6;1
18;88;67;-21;1.07403809999232;1;-14.0;7;Blonde et al. (2023);Experiment 2;Orientation;1;2;-14.0;-76.0;22.0;26.0;7;1
18;118;125;7;1.01558710000245;1;-30.0;8;Blonde et al. (2023);Experiment 2;Orientation;1;2;-30.0;-44.0;74.0;-8.0;8;1
18;139;158;19;0.922803599998588;1;-21.0;9;Blonde et al. (2023);Experiment 2;Orientation;1;2;-21.0;-51.0;-65.0;53.0;9;1
18;158;65;87;1.24038790000486;1;-19.0;10;Blonde et al. (2023);Experiment 2;Orientation;1;2;-19.0;-40.0;-70.0;-84.0;10;1
18;126;142;16;0.947876499994891;1;32.0;11;Blonde et al. (2023);Experiment 2;Orientation;1;2;32.0;13.0;-8.0;-38.0;11;1
18;62;51;-11;1.02394540001114;1;64.0;12;Blonde et al. (2023);Experiment 2;Orientation;1;2;64.0;-84.0;77.0;56.0;12;1
18;100;123;23;1.11564280001039;1;-38.0;13;Blonde et al. (2023);Experiment 2;Orientation;1;2;-38.0;26.0;58.0;39.0;13;1
18;57;60;3;0.873929599998519;1;43.0;14;Blonde et al. (2023);Experiment 2;Orientation;1;2;43.0;5.0;69.0;-79.0;14;1
18;36;67;31;1.12255739999819;1;21.0;15;Blonde et al. (2023);Experiment 2;Orientation;1;2;21.0;64.0;26.0;90.0;15;1
18;98;116;18;1.25708399999712;1;-62.0;16;Blonde et al. (2023);Experiment 2;Orientation;1;2;-62.0;-41.0;2.0;-36.0;16;1
18;155;57;82;0.998886999994284;1;-57.0;17;Blonde et al. (2023);Experiment 2;Orientation;1;2;-57.0;61.0;82.0;-55.0;17;1
18;45;53;8;1.05763379999553;1;-70.0;18;Blonde et al. (2023);Experiment 2;Orientation;1;2;-70.0;53.0;-9.0;12.0;18;1
18;16;13;-3;1.41339419998985;1;29.0;19;Blonde et al. (2023);Experiment 2;Orientation;1;2;29.0;-41.0;82.0;20.0;19;1
18;70;60;-10;0.99819669999124;1;-54.0;20;Blonde et al. (2023);Experiment 2;Orientation;1;2;-54.0;-25.0;85.0;28.0;20;1
18;29;40;11;1.15732270000444;1;41.0;21;Blonde et al. (2023);Experiment 2;Orientation;1;2;41.0;-13.0;16.0;-54.0;21;1
18;46;41;-5;1.29032460000599;1;-17.0;22;Blonde et al. (2023);Experiment 2;Orientation;1;2;-17.0;24.0;-30.0;-1.0;22;1
18;106;126;20;1.42302400000335;1;-60.0;23;Blonde et al. (2023);Experiment 2;Orientation;1;2;-60.0;-77.0;-36.0;90.0;23;1
18;68;52;-16;1.10625110000547;1;38.0;24;Blonde et al. (2023);Experiment 2;Orientation;1;2;38.0;-22.0;-39.0;2.0;24;1
18;94;105;11;1.30714570000418;1;-26.0;25;Blonde et al. (2023);Experiment 2;Orientation;1;2;-26.0;12.0;-48.0;-65.0;25;1
18;109;120;11;1.47388379999029;1;-15.0;26;Blonde et al. (2023);Experiment 2;Orientation;1;2;-15.0;-41.0;-3.0;-63.0;26;1
18;126;147;21;1.11456499999622;1;-17.0;27;Blonde et al. (2023);Experiment 2;Orientation;1;2;-17.0;-32.0;-58.0;-20.0;27;1
18;164;154;-10;1.15737700001046;1;-38.0;28;Blonde et al. (2023);Experiment 2;Orientation;1;2;-38.0;-55.0;-70.0;84.0;28;1
18;179;171;-8;0.89053160000185;1;-15.0;29;Blonde et al. (2023);Experiment 2;Orientation;1;2;-15.0;-53.0;-70.0;-85.0;29;1
18;31;27;-4;1.06560869999521;1;-32.0;30;Blonde et al. (2023);Experiment 2;Orientation;1;2;-32.0;-47.0;-85.0;78.0;30;1
18;169;164;-5;1.08964270001161;1;42.0;31;Blonde et al. (2023);Experiment 2;Orientation;1;2;42.0;10.0;-5.0;-43.0;31;1
18;48;39;-9;0.957102000000305;1;-59.0;32;Blonde et al. (2023);Experiment 2;Orientation;1;2;-59.0;-17.0;-49.0;-64.0;32;1
18;137;150;13;0.790610800002469;1;-89.0;33;Blonde et al. (2023);Experiment 2;Orientation;1;2;-89.0;32.0;74.0;42.0;33;1
18;116;123;7;1.01558750000549;1;21.0;34;Blonde et al. (2023);Experiment 2;Orientation;1;2;21.0;-68.0;53.0;-85.0;34;1
18;87;50;-37;0.990383100011968;1;29.0;35;Blonde et al. (2023);Experiment 2;Orientation;1;2;29.0;50.0;-39.0;82.0;35;1
18;128;137;9;1.0155717000016;1;-41.0;36;Blonde et al. (2023);Experiment 2;Orientation;1;2;-41.0;-12.0;9.0;-80.0;36;1
18;37;144;-73;0.756299100001343;1;-89.0;37;Blonde et al. (2023);Experiment 2;Orientation;1;2;-89.0;50.0;79.0;-80.0;37;1
18;174;167;-7;0.748972100001993;1;43.0;38;Blonde et al. (2023);Experiment 2;Orientation;1;2;43.0;-46.0;-87.0;-58.0;38;1
18;170;12;22;1.0729302999971;1;4.0;39;Blonde et al. (2023);Experiment 2;Orientation;1;2;4.0;47.0;-42.0;-83.0;39;1
18;14;25;11;0.840559899996151;1;-24.0;40;Blonde et al. (2023);Experiment 2;Orientation;1;2;-24.0;-20.0;23.0;-66.0;40;1
18;34;19;-15;1.09888849999697;1;-20.0;41;Blonde et al. (2023);Experiment 2;Orientation;1;2;-20.0;-44.0;-40.0;3.0;41;1
18;173;178;5;1.01572339999257;1;41.0;42;Blonde et al. (2023);Experiment 2;Orientation;1;2;41.0;21.0;-3.0;1.0;42;1
18;22;31;9;0.757093299995176;1;-29.0;43;Blonde et al. (2023);Experiment 2;Orientation;1;2;-29.0;12.0;-8.0;-32.0;43;1
18;72;53;-19;1.57273900001019;1;-50.0;44;Blonde et al. (2023);Experiment 2;Orientation;1;2;-50.0;-79.0;-38.0;-58.0;44;1
18;13;17;4;1.12250240000139;1;59.0;45;Blonde et al. (2023);Experiment 2;Orientation;1;2;59.0;9.0;-20.0;21.0;45;1
18;157;2;25;0.790650599999935;1;36.0;46;Blonde et al. (2023);Experiment 2;Orientation;1;2;36.0;-85.0;45.0;16.0;46;1
18;83;58;-25;1.11430950000067;1;74.0;47;Blonde et al. (2023);Experiment 2;Orientation;1;2;74.0;-70.0;-11.0;-61.0;47;1
18;111;121;10;0.965774900003453;1;-28.0;48;Blonde et al. (2023);Experiment 2;Orientation;1;2;-28.0;46.0;82.0;-39.0;48;1
18;90;107;17;0.790515400003642;1;21.0;49;Blonde et al. (2023);Experiment 2;Orientation;1;2;21.0;-7.0;67.0;-77.0;49;1
18;74;64;-10;0.906113499993808;1;16.0;50;Blonde et al. (2023);Experiment 2;Orientation;1;2;16.0;37.0;9.0;83.0;50;1
18;13;6;-7;1.13230589999876;1;61.0;51;Blonde et al. (2023);Experiment 2;Orientation;1;2;61.0;77.0;-82.0;70.0;51;1
18;68;66;-2;0.823805600011838;1;-55.0;52;Blonde et al. (2023);Experiment 2;Orientation;1;2;-55.0;6.0;22.0;43.0;52;1
18;27;21;-6;0.982029699996929;1;41.0;53;Blonde et al. (2023);Experiment 2;Orientation;1;2;41.0;-14.0;47.0;63.0;53;1
18;14;18;4;1.03126970000449;1;13.0;54;Blonde et al. (2023);Experiment 2;Orientation;1;2;13.0;54.0;-1.0;60.0;54;1
18;97;106;9;0.93949769999017;1;-83.0;55;Blonde et al. (2023);Experiment 2;Orientation;1;2;-83.0;-70.0;-29.0;-84.0;55;1
18;103;112;9;1.33897640000214;1;-6.0;56;Blonde et al. (2023);Experiment 2;Orientation;1;2;-6.0;-89.0;-76.0;-35.0;56;1
18;123;118;-5;1.21557709999615;1;-20.0;57;Blonde et al. (2023);Experiment 2;Orientation;1;2;-20.0;-26.0;71.0;84.0;57;1
18;140;117;-23;0.832411800001864;1;-17.0;58;Blonde et al. (2023);Experiment 2;Orientation;1;2;-17.0;-37.0;-43.0;54.0;58;1
18;19;148;-51;1.32277250000334;1;-59.0;59;Blonde et al. (2023);Experiment 2;Orientation;1;2;-59.0;-76.0;84.0;78.0;59;1
18;50;40;-10;1.07394909999857;1;-31.0;60;Blonde et al. (2023);Experiment 2;Orientation;1;2;-31.0;90.0;73.0;53.0;60;1
18;0;8;8;1.32259670000349;1;50.0;61;Blonde et al. (2023);Experiment 2;Orientation;1;2;50.0;19.0;-40.0;-57.0;61;1
18;156;152;-4;0.757091599996784;1;24.0;62;Blonde et al. (2023);Experiment 2;Orientation;1;2;24.0;74.0;43.0;-16.0;62;1
18;74;51;-23;1.0894915000099;1;82.0;63;Blonde et al. (2023);Experiment 2;Orientation;1;2;82.0;-74.0;-24.0;-55.0;63;1
18;174;144;-30;1.08968699999969;1;80.0;64;Blonde et al. (2023);Experiment 2;Orientation;1;2;80.0;-18.0;6.0;56.0;64;1
18;61;52;-9;0.932203100004699;1;-67.0;65;Blonde et al. (2023);Experiment 2;Orientation;1;2;-67.0;13.0;-85.0;-61.0;65;1
18;18;17;-1;0.781137699988903;1;43.0;66;Blonde et al. (2023);Experiment 2;Orientation;1;2;43.0;-24.0;56.0;-42.0;66;1
18;43;50;7;0.83234770000854;1;-25.0;67;Blonde et al. (2023);Experiment 2;Orientation;1;2;-25.0;18.0;-49.0;31.0;67;1
18;135;140;5;0.865457699997933;1;88.0;68;Blonde et al. (2023);Experiment 2;Orientation;1;2;88.0;63.0;-74.0;39.0;68;1
18;76;54;-22;1.20594949999941;1;59.0;69;Blonde et al. (2023);Experiment 2;Orientation;1;2;59.0;-33.0;-58.0;-15.0;69;1
18;56;54;-2;1.00708779999695;1;20.0;70;Blonde et al. (2023);Experiment 2;Orientation;1;2;20.0;79.0;-13.0;-38.0;70;1
18;103;121;18;1.30594859999837;3;77.0;141;Blonde et al. (2023);Experiment 2;Orientation;1;2;;;;;1;2
18;103;117;14;1.05615669999679;3;0.0;142;Blonde et al. (2023);Experiment 2;Orientation;1;2;;;;;2;2
18;40;43;3;0.831183700007387;3;63.0;143;Blonde et al. (2023);Experiment 2;Orientation;1;2;;;;;3;2
18;15;25;10;0.873880300001474;3;25.0;144;Blonde et al. (2023);Experiment 2;Orientation;1;2;;;;;4;2
18;42;39;-3;0.899042699995334;3;-27.0;145;Blonde et al. (2023);Experiment 2;Orientation;1;2;-27.0;-2.0;61.0;61.0;5;2
18;142;36;74;0.71400690000155;3;80.0;146;Blonde et al. (2023);Experiment 2;Orientation;1;2;80.0;53.0;78.0;-39.0;6;2
18;152;47;75;0.72389039999689;3;-10.0;147;Blonde et al. (2023);Experiment 2;Orientation;1;2;-10.0;70.0;43.0;68.0;7;2
18;61;49;-12;1.24830330000259;3;-89.0;148;Blonde et al. (2023);Experiment 2;Orientation;1;2;-89.0;81.0;-19.0;-46.0;8;2
18;68;52;-16;1.00585000000137;3;-7.0;149;Blonde et al. (2023);Experiment 2;Orientation;1;2;-7.0;84.0;74.0;-26.0;9;2
18;11;23;12;0.822633499992662;3;57.0;150;Blonde et al. (2023);Experiment 2;Orientation;1;2;57.0;50.0;-39.0;-49.0;10;2
18;139;144;5;0.623886999994284;3;52.0;151;Blonde et al. (2023);Experiment 2;Orientation;1;2;52.0;-71.0;-78.0;13.0;11;2
18;171;153;-18;0.989217000009376;3;-32.0;152;Blonde et al. (2023);Experiment 2;Orientation;1;2;-32.0;20.0;77.0;70.0;12;2
18;136;151;15;0.86459990000003;3;35.0;153;Blonde et al. (2023);Experiment 2;Orientation;1;2;35.0;3.0;55.0;-68.0;13;2
18;39;35;-4;1.09875199999078;3;-83.0;154;Blonde et al. (2023);Experiment 2;Orientation;1;2;-83.0;-48.0;-80.0;-28.0;14;2
18;94;113;19;1.05639300000621;3;-55.0;155;Blonde et al. (2023);Experiment 2;Orientation;1;2;-55.0;42.0;77.0;45.0;15;2
18;143;132;-11;0.832306600001175;3;-49.0;156;Blonde et al. (2023);Experiment 2;Orientation;1;2;-49.0;76.0;-7.0;28.0;16;2
18;53;45;-8;1.0739603999973;3;90.0;157;Blonde et al. (2023);Experiment 2;Orientation;1;2;90.0;41.0;-14.0;83.0;17;2
18;77;70;-7;1.42352710000705;3;-24.0;158;Blonde et al. (2023);Experiment 2;Orientation;1;2;-24.0;66.0;17.0;-38.0;18;2
18;126;136;10;1.12375310000789;3;-49.0;159;Blonde et al. (2023);Experiment 2;Orientation;1;2;-49.0;-73.0;17.0;-32.0;19;2
18;150;14;44;0.898874299993622;3;-24.0;160;Blonde et al. (2023);Experiment 2;Orientation;1;2;-24.0;-73.0;83.0;-7.0;20;2
18;2;9;7;0.997442800013232;3;-32.0;161;Blonde et al. (2023);Experiment 2;Orientation;1;2;-32.0;-56.0;75.0;51.0;21;2
18;179;174;-5;1.12392169999657;3;3.0;162;Blonde et al. (2023);Experiment 2;Orientation;1;2;3.0;-29.0;-53.0;78.0;22;2
18;12;7;-5;1.07395639999595;3;-13.0;163;Blonde et al. (2023);Experiment 2;Orientation;1;2;-13.0;-10.0;-42.0;-66.0;23;2
18;129;155;26;1.10620150000614;3;63.0;164;Blonde et al. (2023);Experiment 2;Orientation;1;2;63.0;50.0;53.0;21.0;24;2
18;153;32;59;0.68948420000379;3;-24.0;165;Blonde et al. (2023);Experiment 2;Orientation;1;2;-24.0;39.0;26.0;29.0;25;2
18;29;20;-9;0.990637199996854;3;-56.0;166;Blonde et al. (2023);Experiment 2;Orientation;1;2;-56.0;-80.0;-17.0;-30.0;26;2
18;83;69;-14;0.905915800001821;3;-54.0;167;Blonde et al. (2023);Experiment 2;Orientation;1;2;-54.0;70.0;46.0;-71.0;27;2
18;86;65;-21;0.998889299997245;3;-3.0;168;Blonde et al. (2023);Experiment 2;Orientation;1;2;-3.0;-57.0;67.0;43.0;28;2
18;169;177;8;0.756083399988711;3;-83.0;169;Blonde et al. (2023);Experiment 2;Orientation;1;2;-83.0;-86.0;40.0;-16.0;29;2
18;32;36;4;0.89059090000228;3;-43.0;170;Blonde et al. (2023);Experiment 2;Orientation;1;2;-43.0;54.0;51.0;-3.0;30;2
18;176;31;35;0.990577300006407;3;36.0;171;Blonde et al. (2023);Experiment 2;Orientation;1;2;36.0;-7.0;90.0;87.0;31;2
18;117;141;24;1.16545299999416;3;59.0;172;Blonde et al. (2023);Experiment 2;Orientation;1;2;59.0;-85.0;52.0;-31.0;32;2
18;21;26;5;0.615492999990238;3;-84.0;173;Blonde et al. (2023);Experiment 2;Orientation;1;2;-84.0;-25.0;11.0;-32.0;33;2
18;65;59;-6;1.3226633999875;3;-44.0;174;Blonde et al. (2023);Experiment 2;Orientation;1;2;-44.0;52.0;-69.0;-33.0;34;2
18;167;22;35;0.972898399995756;3;78.0;175;Blonde et al. (2023);Experiment 2;Orientation;1;2;78.0;34.0;-50.0;9.0;35;2
18;50;36;-14;0.732288499988499;3;-63.0;176;Blonde et al. (2023);Experiment 2;Orientation;1;2;-63.0;15.0;-29.0;67.0;36;2
18;89;109;20;1.1572285000002;3;-39.0;177;Blonde et al. (2023);Experiment 2;Orientation;1;2;-39.0;78.0;-24.0;-68.0;37;2
18;57;54;-3;1.03133850000449;3;32.0;178;Blonde et al. (2023);Experiment 2;Orientation;1;2;32.0;-7.0;-70.0;8.0;38;2
18;158;152;-6;0.756122499995399;3;79.0;179;Blonde et al. (2023);Experiment 2;Orientation;1;2;79.0;-69.0;72.0;9.0;39;2
18;0;6;6;0.939238299994031;3;-22.0;180;Blonde et al. (2023);Experiment 2;Orientation;1;2;-22.0;57.0;89.0;50.0;40;2
18;26;43;17;0.765570000003208;3;-26.0;181;Blonde et al. (2023);Experiment 2;Orientation;1;2;-26.0;-48.0;31.0;63.0;41;2
18;177;162;-15;0.673846599995159;3;29.0;182;Blonde et al. (2023);Experiment 2;Orientation;1;2;29.0;3.0;-19.0;60.0;42;2
18;116;128;12;1.29864209999505;3;61.0;183;Blonde et al. (2023);Experiment 2;Orientation;1;2;61.0;90.0;64.0;42.0;43;2
18;109;120;11;0.973730400000932;3;7.0;184;Blonde et al. (2023);Experiment 2;Orientation;1;2;7.0;68.0;-83.0;71.0;44;2
18;36;30;-6;0.907192700004089;3;73.0;185;Blonde et al. (2023);Experiment 2;Orientation;1;2;73.0;80.0;-39.0;-10.0;45;2
18;110;120;10;1.07262259999698;3;-74.0;186;Blonde et al. (2023);Experiment 2;Orientation;1;2;-74.0;-1.0;6.0;67.0;46;2
18;27;26;-1;0.857214799994836;3;83.0;187;Blonde et al. (2023);Experiment 2;Orientation;1;2;83.0;9.0;82.0;89.0;47;2
18;32;45;13;1.09886110000662;3;-5.0;188;Blonde et al. (2023);Experiment 2;Orientation;1;2;-5.0;78.0;4.0;77.0;48;2
18;76;40;-36;0.865494900004705;3;-44.0;189;Blonde et al. (2023);Experiment 2;Orientation;1;2;-44.0;-49.0;34.0;-40.0;49;2
18;37;24;-13;0.857378400003654;3;39.0;190;Blonde et al. (2023);Experiment 2;Orientation;1;2;39.0;-5.0;-10.0;73.0;50;2
18;164;155;-9;1.03965369999059;3;53.0;191;Blonde et al. (2023);Experiment 2;Orientation;1;2;53.0;-88.0;48.0;43.0;51;2
18;98;125;27;0.807213899999624;3;66.0;192;Blonde et al. (2023);Experiment 2;Orientation;1;2;66.0;-61.0;-22.0;-66.0;52;2
18;87;77;-10;0.724062200009939;3;11.0;193;Blonde et al. (2023);Experiment 2;Orientation;1;2;11.0;77.0;-50.0;-11.0;53;2
18;100;123;23;1.27312569999776;3;-13.0;194;Blonde et al. (2023);Experiment 2;Orientation;1;2;-13.0;-2.0;64.0;-63.0;54;2
18;0;93;-87;1.03220549999969;3;-80.0;195;Blonde et al. (2023);Experiment 2;Orientation;1;2;-80.0;87.0;-82.0;-16.0;55;2
18;65;57;-8;0.847942699998384;3;-65.0;196;Blonde et al. (2023);Experiment 2;Orientation;1;2;-65.0;35.0;22.0;33.0;56;2
18;149;151;2;0.982211599999573;3;-84.0;197;Blonde et al. (2023);Experiment 2;Orientation;1;2;-84.0;31.0;-49.0;-62.0;57;2
18;99;119;20;1.04033639999398;3;50.0;198;Blonde et al. (2023);Experiment 2;Orientation;1;2;50.0;-34.0;81.0;1.0;58;2
18;170;161;-9;0.948917600006098;3;-71.0;199;Blonde et al. (2023);Experiment 2;Orientation;1;2;-71.0;-21.0;75.0;10.0;59;2
18;115;117;2;1.20706119999522;3;55.0;200;Blonde et al. (2023);Experiment 2;Orientation;1;2;55.0;-16.0;34.0;-50.0;60;2
18;37;37;0;0.94881479999458;3;78.0;201;Blonde et al. (2023);Experiment 2;Orientation;1;2;78.0;-47.0;62.0;-68.0;61;2
18;145;133;-12;0.682173699999112;3;72.0;202;Blonde et al. (2023);Experiment 2;Orientation;1;2;72.0;-30.0;25.0;-46.0;62;2
18;101;132;31;0.714335800003028;3;44.0;203;Blonde et al. (2023);Experiment 2;Orientation;1;2;44.0;-64.0;14.0;69.0;63;2
18;23;25;2;0.865582600003108;3;78.0;204;Blonde et al. (2023);Experiment 2;Orientation;1;2;78.0;-58.0;14.0;-88.0;64;2
18;15;24;9;0.731117999996059;3;8.0;205;Blonde et al. (2023);Experiment 2;Orientation;1;2;8.0;86.0;-50.0;22.0;65;2
18;113;109;-4;1.1320238999906;3;82.0;206;Blonde et al. (2023);Experiment 2;Orientation;1;2;82.0;90.0;-12.0;32.0;66;2
18;160;150;-10;0.773964799998794;3;-47.0;207;Blonde et al. (2023);Experiment 2;Orientation;1;2;-47.0;35.0;43.0;-59.0;67;2
18;108;119;11;1.1405858000071;3;52.0;208;Blonde et al. (2023);Experiment 2;Orientation;1;2;52.0;5.0;87.0;-85.0;68;2
18;78;68;-10;1.04050389998883;3;30.0;209;Blonde et al. (2023);Experiment 2;Orientation;1;2;30.0;82.0;35.0;-63.0;69;2
18;149;157;8;1.08237989999179;3;-71.0;210;Blonde et al. (2023);Experiment 2;Orientation;1;2;-71.0;-41.0;11.0;-36.0;70;2
