obs;theta;resp;error;rt;block;delta;trial;study;experiment;stimulus;expnum;codenum;delta_1;delta_2;delta_3;delta_4;trial_in_block;block_unique
1;123;117;-6;1.37392230005935;1;;1;Ceylan & Pascucci (2023);Experiment 2;Orientation;1;3;;;;;1;1
1;172;162;-10;1.39906909991987;1;-49.0;2;Ceylan & Pascucci (2023);Experiment 2;Orientation;1;3;;;;;2;1
1;8;15;7;2.90863210009411;1;-16.0;3;Ceylan & Pascucci (2023);Experiment 2;Orientation;1;3;;;;;3;1
1;76;66;-10;0.949903900036588;1;-68.0;4;Ceylan & Pascucci (2023);Experiment 2;Orientation;1;3;;;;;4;1
1;47;36;-11;0.941034799907357;1;29.0;5;Ceylan & Pascucci (2023);Experiment 2;Orientation;1;3;29.0;-39.0;-55.0;76.0;5;1
1;121;120;-1;1.43267300003208;1;-74.0;6;Ceylan & Pascucci (2023);Experiment 2;Orientation;1;3;-74.0;-45.0;67.0;51.0;6;1
1;175;171;-4;1.92538499995135;1;-54.0;7;Ceylan & Pascucci (2023);Experiment 2;Orientation;1;3;-54.0;52.0;81.0;13.0;7;1
1;69;50;-19;2.23175419983454;1;-74.0;8;Ceylan & Pascucci (2023);Experiment 2;Orientation;1;3;-74.0;52.0;-22.0;7.0;8;1
1;180;166;-14;1.28312279982492;1;69.0;9;Ceylan & Pascucci (2023);Experiment 2;Orientation;1;3;69.0;-5.0;-59.0;47.0;9;1
1;59;63;4;1.18370179994963;1;-59.0;10;Ceylan & Pascucci (2023);Experiment 2;Orientation;1;3;-59.0;10.0;-64.0;62.0;10;1
1;155;157;2;1.19157349993475;1;84.0;11;Ceylan & Pascucci (2023);Experiment 2;Orientation;1;3;84.0;25.0;-86.0;20.0;11;1
1;21;31;10;1.2914943001233;1;-46.0;12;Ceylan & Pascucci (2023);Experiment 2;Orientation;1;3;-46.0;38.0;-21.0;48.0;12;1
1;39;41;2;0.958267099922523;1;-18.0;13;Ceylan & Pascucci (2023);Experiment 2;Orientation;1;3;-18.0;-64.0;20.0;-39.0;13;1
1;137;126;-11;1.25852949987166;1;82.0;14;Ceylan & Pascucci (2023);Experiment 2;Orientation;1;3;82.0;64.0;18.0;-78.0;14;1
1;103;113;10;0.973872400121763;1;34.0;15;Ceylan & Pascucci (2023);Experiment 2;Orientation;1;3;34.0;-64.0;-82.0;52.0;15;1
1;51;46;-5;1.30854260013439;1;52.0;16;Ceylan & Pascucci (2023);Experiment 2;Orientation;1;3;52.0;86.0;-12.0;-30.0;16;1
1;34;38;4;1.69119430007413;1;17.0;17;Ceylan & Pascucci (2023);Experiment 2;Orientation;1;3;17.0;69.0;-77.0;5.0;17;1
1;71;80;9;1.94054590002634;1;-37.0;18;Ceylan & Pascucci (2023);Experiment 2;Orientation;1;3;-37.0;-20.0;32.0;66.0;18;1
1;52;41;-11;1.35859739989974;1;19.0;19;Ceylan & Pascucci (2023);Experiment 2;Orientation;1;3;19.0;-18.0;-1.0;51.0;19;1
1;40;38;-2;2.17506110016257;1;12.0;20;Ceylan & Pascucci (2023);Experiment 2;Orientation;1;3;12.0;31.0;-6.0;11.0;20;1
1;150;140;-10;1.43216699990444;1;70.0;21;Ceylan & Pascucci (2023);Experiment 2;Orientation;1;3;70.0;82.0;-79.0;64.0;21;1
1;80;77;-3;0.675369600066915;1;70.0;22;Ceylan & Pascucci (2023);Experiment 2;Orientation;1;3;70.0;-40.0;-28.0;-9.0;22;1
1;77;71;-6;1.16529939998873;1;3.0;23;Ceylan & Pascucci (2023);Experiment 2;Orientation;1;3;3.0;73.0;-37.0;-25.0;23;1
1;93;73;-20;1.25698609999381;1;-16.0;24;Ceylan & Pascucci (2023);Experiment 2;Orientation;1;3;-16.0;-13.0;57.0;-53.0;24;1
1;79;76;-3;1.39217019989155;1;14.0;25;Ceylan & Pascucci (2023);Experiment 2;Orientation;1;3;14.0;-2.0;1.0;71.0;25;1
1;54;48;-6;0.783286199904978;1;25.0;26;Ceylan & Pascucci (2023);Experiment 2;Orientation;1;3;25.0;39.0;23.0;26.0;26;1
1;63;61;-2;1.71515560010448;1;-9.0;27;Ceylan & Pascucci (2023);Experiment 2;Orientation;1;3;-9.0;16.0;30.0;14.0;27;1
1;60;49;-11;0.841613299911842;1;3.0;28;Ceylan & Pascucci (2023);Experiment 2;Orientation;1;3;3.0;-6.0;19.0;33.0;28;1
1;17;29;12;1.96522949985228;1;43.0;29;Ceylan & Pascucci (2023);Experiment 2;Orientation;1;3;43.0;46.0;37.0;62.0;29;1
1;95;103;8;1.81533170002513;1;-78.0;30;Ceylan & Pascucci (2023);Experiment 2;Orientation;1;3;-78.0;-35.0;-32.0;-41.0;30;1
1;178;176;-2;1.15030759992078;2;-83.0;31;Ceylan & Pascucci (2023);Experiment 2;Orientation;1;3;;;;;1;2
1;55;23;-32;2.29039860004559;2;-57.0;32;Ceylan & Pascucci (2023);Experiment 2;Orientation;1;3;;;;;2;2
1;58;47;-11;2.62396700005047;2;-3.0;33;Ceylan & Pascucci (2023);Experiment 2;Orientation;1;3;;;;;3;2
1;157;162;5;0.97541239997372;2;81.0;34;Ceylan & Pascucci (2023);Experiment 2;Orientation;1;3;;;;;4;2
1;151;154;3;1.51703540002927;2;6.0;35;Ceylan & Pascucci (2023);Experiment 2;Orientation;1;3;6.0;87.0;84.0;27.0;5;2
1;39;22;-17;0.86543140001595;2;-68.0;36;Ceylan & Pascucci (2023);Experiment 2;Orientation;1;3;-68.0;-62.0;19.0;16.0;6;2
1;50;24;-26;2.00018219999038;2;-11.0;37;Ceylan & Pascucci (2023);Experiment 2;Orientation;1;3;-11.0;-79.0;-73.0;8.0;7;2
1;97;119;22;1.79067430016585;2;-47.0;38;Ceylan & Pascucci (2023);Experiment 2;Orientation;1;3;-47.0;-58.0;54.0;60.0;8;2
1;131;126;-5;1.55809940001927;2;-34.0;39;Ceylan & Pascucci (2023);Experiment 2;Orientation;1;3;-34.0;-81.0;88.0;20.0;9;2
1;49;33;-16;1.55810649995692;2;82.0;40;Ceylan & Pascucci (2023);Experiment 2;Orientation;1;3;82.0;48.0;1.0;-10.0;10;2
1;74;69;-5;1.69034869992174;2;-25.0;41;Ceylan & Pascucci (2023);Experiment 2;Orientation;1;3;-25.0;57.0;23.0;-24.0;11;2
1;87;75;-12;1.84854899998754;2;-13.0;42;Ceylan & Pascucci (2023);Experiment 2;Orientation;1;3;-13.0;-38.0;44.0;10.0;12;2
1;180;159;-21;1.46555149997585;2;87.0;43;Ceylan & Pascucci (2023);Experiment 2;Orientation;1;3;87.0;74.0;49.0;-49.0;13;2
1;70;66;-4;1.69881639978848;2;-70.0;44;Ceylan & Pascucci (2023);Experiment 2;Orientation;1;3;-70.0;17.0;4.0;-21.0;14;2
1;134;153;19;1.3406073001679;2;-64.0;45;Ceylan & Pascucci (2023);Experiment 2;Orientation;1;3;-64.0;46.0;-47.0;-60.0;15;2
1;53;48;-5;1.21703249984421;2;81.0;46;Ceylan & Pascucci (2023);Experiment 2;Orientation;1;3;81.0;17.0;-53.0;34.0;16;2
1;40;34;-6;0.94164859992452;2;13.0;47;Ceylan & Pascucci (2023);Experiment 2;Orientation;1;3;13.0;-86.0;30.0;-40.0;17;2
1;162;157;-5;1.7252368000336;2;58.0;48;Ceylan & Pascucci (2023);Experiment 2;Orientation;1;3;58.0;71.0;-28.0;88.0;18;2
1;82;70;-12;1.47410780005157;2;80.0;49;Ceylan & Pascucci (2023);Experiment 2;Orientation;1;3;80.0;-42.0;-29.0;52.0;19;2
1;153;164;11;1.96694519999437;2;-71.0;50;Ceylan & Pascucci (2023);Experiment 2;Orientation;1;3;-71.0;9.0;67.0;80.0;20;2
1;11;21;10;1.77519519999623;2;-38.0;51;Ceylan & Pascucci (2023);Experiment 2;Orientation;1;3;-38.0;71.0;-29.0;29.0;21;2
1;27;11;-16;2.37419639993459;2;-16.0;52;Ceylan & Pascucci (2023);Experiment 2;Orientation;1;3;-16.0;-54.0;55.0;-45.0;22;2
1;45;28;-17;1.35026099998504;2;-18.0;53;Ceylan & Pascucci (2023);Experiment 2;Orientation;1;3;-18.0;-34.0;-72.0;37.0;23;2
1;51;27;-24;1.2169683999382;2;-6.0;54;Ceylan & Pascucci (2023);Experiment 2;Orientation;1;3;-6.0;-24.0;-40.0;-78.0;24;2
1;135;162;27;1.50709829991683;2;-84.0;55;Ceylan & Pascucci (2023);Experiment 2;Orientation;1;3;-84.0;90.0;72.0;56.0;25;2
1;63;41;-22;2.08316669985652;2;72.0;56;Ceylan & Pascucci (2023);Experiment 2;Orientation;1;3;72.0;-12.0;-18.0;-36.0;26;2
1;154;168;14;1.98190649994649;2;89.0;57;Ceylan & Pascucci (2023);Experiment 2;Orientation;1;3;89.0;-19.0;77.0;71.0;27;2
1;153;155;2;1.47489009983838;2;1.0;58;Ceylan & Pascucci (2023);Experiment 2;Orientation;1;3;1.0;90.0;-18.0;78.0;28;2
1;104;95;-9;1.57482440001331;2;49.0;59;Ceylan & Pascucci (2023);Experiment 2;Orientation;1;3;49.0;50.0;-41.0;31.0;29;2
1;155;166;11;1.8669302999042;2;-51.0;60;Ceylan & Pascucci (2023);Experiment 2;Orientation;1;3;-51.0;-2.0;-1.0;88.0;30;2
1;17;9;-8;0.841889099916443;3;-42.0;61;Ceylan & Pascucci (2023);Experiment 2;Orientation;1;3;;;;;1;3
1;26;32;6;1.62424469995312;3;-9.0;62;Ceylan & Pascucci (2023);Experiment 2;Orientation;1;3;;;;;2;3
1;118;126;8;1.24158830009401;3;88.0;63;Ceylan & Pascucci (2023);Experiment 2;Orientation;1;3;;;;;3;3
1;177;177;0;1.40822869981639;3;-59.0;64;Ceylan & Pascucci (2023);Experiment 2;Orientation;1;3;;;;;4;3
1;77;67;-10;1.53311519999988;3;-80.0;65;Ceylan & Pascucci (2023);Experiment 2;Orientation;1;3;-80.0;41.0;-51.0;-60.0;5;3
1;98;96;-2;2.32475670007989;3;-21.0;66;Ceylan & Pascucci (2023);Experiment 2;Orientation;1;3;-21.0;79.0;20.0;-72.0;6;3
1;73;66;-7;0.900584799936041;3;25.0;67;Ceylan & Pascucci (2023);Experiment 2;Orientation;1;3;25.0;4.0;-76.0;45.0;7;3
1;28;20;-8;1.33371019992046;3;45.0;68;Ceylan & Pascucci (2023);Experiment 2;Orientation;1;3;45.0;70.0;49.0;-31.0;8;3
1;71;45;-26;0.891901899827644;3;-43.0;69;Ceylan & Pascucci (2023);Experiment 2;Orientation;1;3;-43.0;2.0;27.0;6.0;9;3
1;8;16;8;1.61646499997005;3;63.0;70;Ceylan & Pascucci (2023);Experiment 2;Orientation;1;3;63.0;20.0;65.0;90.0;10;3
1;176;179;3;0.975016199983656;3;12.0;71;Ceylan & Pascucci (2023);Experiment 2;Orientation;1;3;12.0;75.0;32.0;77.0;11;3
1;145;140;-5;1.15879389992915;3;31.0;72;Ceylan & Pascucci (2023);Experiment 2;Orientation;1;3;31.0;43.0;-74.0;63.0;12;3
1;78;72;-6;0.583298800047487;3;67.0;73;Ceylan & Pascucci (2023);Experiment 2;Orientation;1;3;67.0;-82.0;-70.0;-7.0;13;3
1;172;162;-10;1.70854049990885;3;86.0;74;Ceylan & Pascucci (2023);Experiment 2;Orientation;1;3;86.0;-27.0;4.0;16.0;14;3
1;84;62;-22;1.9239006000571;3;88.0;75;Ceylan & Pascucci (2023);Experiment 2;Orientation;1;3;88.0;-6.0;61.0;-88.0;15;3
1;158;157;-1;2.03262439998798;3;-74.0;76;Ceylan & Pascucci (2023);Experiment 2;Orientation;1;3;-74.0;14.0;-80.0;-13.0;16;3
1;17;22;5;2.12532140011899;3;-39.0;77;Ceylan & Pascucci (2023);Experiment 2;Orientation;1;3;-39.0;67.0;-25.0;61.0;17;3
1;91;96;5;2.2917613000609;3;-74.0;78;Ceylan & Pascucci (2023);Experiment 2;Orientation;1;3;-74.0;67.0;-7.0;81.0;18;3
1;174;9;15;1.14907839987427;3;-83.0;79;Ceylan & Pascucci (2023);Experiment 2;Orientation;1;3;-83.0;23.0;-16.0;90.0;19;3
1;105;96;-9;1.99854119983502;3;69.0;80;Ceylan & Pascucci (2023);Experiment 2;Orientation;1;3;69.0;-14.0;-88.0;53.0;20;3
1;175;159;-16;1.49981660000049;3;-70.0;81;Ceylan & Pascucci (2023);Experiment 2;Orientation;1;3;-70.0;-1.0;-84.0;22.0;21;3
1;174;174;0;1.1081831001211;3;1.0;82;Ceylan & Pascucci (2023);Experiment 2;Orientation;1;3;1.0;-69.0;0.0;-83.0;22;3
1;87;97;10;1.55001460015774;3;87.0;83;Ceylan & Pascucci (2023);Experiment 2;Orientation;1;3;87.0;88.0;18.0;87.0;23;3
1;159;84;-75;1.2832378000021;3;-72.0;84;Ceylan & Pascucci (2023);Experiment 2;Orientation;1;3;-72.0;15.0;16.0;-54.0;24;3
1;151;165;14;1.04204600001685;3;8.0;85;Ceylan & Pascucci (2023);Experiment 2;Orientation;1;3;8.0;-64.0;23.0;24.0;25;3
1;2;8;6;0.958788600051776;3;-31.0;86;Ceylan & Pascucci (2023);Experiment 2;Orientation;1;3;-31.0;-23.0;85.0;-8.0;26;3
1;106;98;-8;2.25846670009196;3;76.0;87;Ceylan & Pascucci (2023);Experiment 2;Orientation;1;3;76.0;45.0;53.0;-19.0;27;3
1;145;158;13;1.30017880001105;3;-39.0;88;Ceylan & Pascucci (2023);Experiment 2;Orientation;1;3;-39.0;37.0;6.0;14.0;28;3
1;20;21;1;0.98366229981184;3;-55.0;89;Ceylan & Pascucci (2023);Experiment 2;Orientation;1;3;-55.0;86.0;-18.0;-49.0;29;3
1;6;19;13;1.38318150001578;3;14.0;90;Ceylan & Pascucci (2023);Experiment 2;Orientation;1;3;14.0;-41.0;-80.0;-4.0;30;3
1;69;69;0;1.71666030003689;4;-63.0;91;Ceylan & Pascucci (2023);Experiment 2;Orientation;1;3;;;;;1;4
1;88;93;5;1.44158099987544;4;-19.0;92;Ceylan & Pascucci (2023);Experiment 2;Orientation;1;3;;;;;2;4
1;41;25;-16;1.29129470000044;4;47.0;93;Ceylan & Pascucci (2023);Experiment 2;Orientation;1;3;;;;;3;4
1;163;172;9;1.38375400006771;4;58.0;94;Ceylan & Pascucci (2023);Experiment 2;Orientation;1;3;;;;;4;4
1;68;54;-14;1.3749346002005;4;-85.0;95;Ceylan & Pascucci (2023);Experiment 2;Orientation;1;3;-85.0;-27.0;20.0;1.0;5;4
1;56;70;14;2.36705509992316;4;12.0;96;Ceylan & Pascucci (2023);Experiment 2;Orientation;1;3;12.0;-73.0;-15.0;32.0;6;4
1;158;161;3;1.66717529995367;4;78.0;97;Ceylan & Pascucci (2023);Experiment 2;Orientation;1;3;78.0;90.0;5.0;63.0;7;4
1;175;168;-7;1.71648219996132;4;-17.0;98;Ceylan & Pascucci (2023);Experiment 2;Orientation;1;3;-17.0;61.0;73.0;-12.0;8;4
1;33;27;-6;1.0738799998071;4;-38.0;99;Ceylan & Pascucci (2023);Experiment 2;Orientation;1;3;-38.0;-55.0;23.0;35.0;9;4
1;158;164;6;1.03350779996254;4;55.0;100;Ceylan & Pascucci (2023);Experiment 2;Orientation;1;3;55.0;17.0;0.0;78.0;10;4
1;3;2;-1;1.29204820003361;4;-25.0;101;Ceylan & Pascucci (2023);Experiment 2;Orientation;1;3;-25.0;30.0;-8.0;-25.0;11;4
1;10;11;1;1.26708230003715;4;-7.0;102;Ceylan & Pascucci (2023);Experiment 2;Orientation;1;3;-7.0;-32.0;23.0;-15.0;12;4
1;8;6;-2;1.25001740013249;4;2.0;103;Ceylan & Pascucci (2023);Experiment 2;Orientation;1;3;2.0;-5.0;-30.0;25.0;13;4
1;91;176;85;1.08251650002785;4;-83.0;104;Ceylan & Pascucci (2023);Experiment 2;Orientation;1;3;-83.0;-81.0;-88.0;67.0;14;4
1;87;92;5;1.34153410000727;4;4.0;105;Ceylan & Pascucci (2023);Experiment 2;Orientation;1;3;4.0;-79.0;-77.0;-84.0;15;4
1;139;136;-3;1.19147050008178;4;-52.0;106;Ceylan & Pascucci (2023);Experiment 2;Orientation;1;3;-52.0;-48.0;49.0;51.0;16;4
1;6;10;4;1.51690669986419;4;-47.0;107;Ceylan & Pascucci (2023);Experiment 2;Orientation;1;3;-47.0;81.0;85.0;2.0;17;4
1;165;175;10;1.00851909979247;4;21.0;108;Ceylan & Pascucci (2023);Experiment 2;Orientation;1;3;21.0;-26.0;-78.0;-74.0;18;4
1;19;7;-12;1.61737339990214;4;-34.0;109;Ceylan & Pascucci (2023);Experiment 2;Orientation;1;3;-34.0;-13.0;-60.0;68.0;19;4
1;53;32;-21;1.19929979997687;4;-34.0;110;Ceylan & Pascucci (2023);Experiment 2;Orientation;1;3;-34.0;-68.0;-47.0;86.0;20;4
1;16;15;-1;1.9501414000988;4;37.0;111;Ceylan & Pascucci (2023);Experiment 2;Orientation;1;3;37.0;3.0;-31.0;-10.0;21;4
1;167;15;28;1.31655200012028;4;29.0;112;Ceylan & Pascucci (2023);Experiment 2;Orientation;1;3;29.0;66.0;32.0;-2.0;22;4
1;46;48;2;1.87420809990726;4;-59.0;113;Ceylan & Pascucci (2023);Experiment 2;Orientation;1;3;-59.0;-30.0;7.0;-27.0;23;4
1;46;48;2;1.15710240020417;4;0.0;114;Ceylan & Pascucci (2023);Experiment 2;Orientation;1;3;0.0;-59.0;-30.0;7.0;24;4
1;122;107;-15;1.83311960007995;4;-76.0;115;Ceylan & Pascucci (2023);Experiment 2;Orientation;1;3;-76.0;-76.0;45.0;74.0;25;4
1;42;52;10;1.65856459992938;4;80.0;116;Ceylan & Pascucci (2023);Experiment 2;Orientation;1;3;80.0;4.0;4.0;-55.0;26;4
1;22;40;18;0.807356999954209;4;20.0;117;Ceylan & Pascucci (2023);Experiment 2;Orientation;1;3;20.0;-80.0;24.0;24.0;27;4
1;128;158;30;0.71705439989455;4;74.0;118;Ceylan & Pascucci (2023);Experiment 2;Orientation;1;3;74.0;-86.0;-6.0;-82.0;28;4
1;95;94;-1;1.61693570017815;4;33.0;119;Ceylan & Pascucci (2023);Experiment 2;Orientation;1;3;33.0;-73.0;-53.0;27.0;29;4
1;56;66;10;1.21661560004577;4;39.0;120;Ceylan & Pascucci (2023);Experiment 2;Orientation;1;3;39.0;72.0;-34.0;-14.0;30;4
1;142;146;4;1.05811890005134;5;-86.0;121;Ceylan & Pascucci (2023);Experiment 2;Orientation;1;3;;;;;1;5
1;12;21;9;1.01563640008681;5;-50.0;122;Ceylan & Pascucci (2023);Experiment 2;Orientation;1;3;;;;;2;5
1;27;18;-9;1.04039969993755;5;-15.0;123;Ceylan & Pascucci (2023);Experiment 2;Orientation;1;3;;;;;3;5
1;69;24;-45;1.09189909999259;5;-42.0;124;Ceylan & Pascucci (2023);Experiment 2;Orientation;1;3;;;;;4;5
1;98;97;-1;1.38225060002878;5;-29.0;125;Ceylan & Pascucci (2023);Experiment 2;Orientation;1;3;-29.0;-71.0;-86.0;44.0;5;5
1;147;150;3;1.56566799990833;5;-49.0;126;Ceylan & Pascucci (2023);Experiment 2;Orientation;1;3;-49.0;-78.0;60.0;45.0;6;5
1;41;41;0;1.56561359995976;5;-74.0;127;Ceylan & Pascucci (2023);Experiment 2;Orientation;1;3;-74.0;57.0;28.0;-14.0;7;5
1;93;95;2;1.18365669995546;5;-52.0;128;Ceylan & Pascucci (2023);Experiment 2;Orientation;1;3;-52.0;54.0;5.0;-24.0;8;5
1;66;69;3;1.31528860004619;5;27.0;129;Ceylan & Pascucci (2023);Experiment 2;Orientation;1;3;27.0;-25.0;81.0;32.0;9;5
1;175;178;3;1.20804659998976;5;71.0;130;Ceylan & Pascucci (2023);Experiment 2;Orientation;1;3;71.0;-82.0;46.0;-28.0;10;5
1;74;70;-4;1.05832240008749;5;-79.0;131;Ceylan & Pascucci (2023);Experiment 2;Orientation;1;3;-79.0;-8.0;19.0;-33.0;11;5
1;20;36;16;0.99872829997912;5;54.0;132;Ceylan & Pascucci (2023);Experiment 2;Orientation;1;3;54.0;-25.0;46.0;73.0;12;5
1;145;146;1;1.31699929991737;5;55.0;133;Ceylan & Pascucci (2023);Experiment 2;Orientation;1;3;55.0;-71.0;30.0;-79.0;13;5
1;131;108;-23;1.55832670000382;5;14.0;134;Ceylan & Pascucci (2023);Experiment 2;Orientation;1;3;14.0;69.0;-57.0;44.0;14;5
1;67;55;-12;1.71473390003666;5;64.0;135;Ceylan & Pascucci (2023);Experiment 2;Orientation;1;3;64.0;78.0;-47.0;7.0;15;5
1;127;120;-7;2.14902290003374;5;-60.0;136;Ceylan & Pascucci (2023);Experiment 2;Orientation;1;3;-60.0;4.0;18.0;73.0;16;5
1;78;68;-10;0.932505700038746;5;49.0;137;Ceylan & Pascucci (2023);Experiment 2;Orientation;1;3;49.0;-11.0;53.0;67.0;17;5
1;133;127;-6;1.6165765998885;5;-55.0;138;Ceylan & Pascucci (2023);Experiment 2;Orientation;1;3;-55.0;-6.0;-66.0;-2.0;18;5
1;107;110;3;1.31660849996842;5;26.0;139;Ceylan & Pascucci (2023);Experiment 2;Orientation;1;3;26.0;-29.0;20.0;-40.0;19;5
1;97;108;11;1.56705629988573;5;10.0;140;Ceylan & Pascucci (2023);Experiment 2;Orientation;1;3;10.0;36.0;-19.0;30.0;20;5
1;142;128;-14;1.78359750006348;5;-45.0;141;Ceylan & Pascucci (2023);Experiment 2;Orientation;1;3;-45.0;-35.0;-9.0;-64.0;21;5
1;178;7;9;1.19151519984007;5;-36.0;142;Ceylan & Pascucci (2023);Experiment 2;Orientation;1;3;-36.0;-81.0;-71.0;-45.0;22;5
1;177;176;-1;1.60785509995185;5;1.0;143;Ceylan & Pascucci (2023);Experiment 2;Orientation;1;3;1.0;-35.0;-80.0;-70.0;23;5
1;142;3;41;1.22401979984716;5;35.0;144;Ceylan & Pascucci (2023);Experiment 2;Orientation;1;3;35.0;36.0;0.0;-45.0;24;5
1;106;171;65;0.983721799915656;5;36.0;145;Ceylan & Pascucci (2023);Experiment 2;Orientation;1;3;36.0;71.0;72.0;36.0;25;5
1;166;160;-6;1.61571340006776;5;-60.0;146;Ceylan & Pascucci (2023);Experiment 2;Orientation;1;3;-60.0;-24.0;11.0;12.0;26;5
1;10;16;6;2.04122440004721;5;-24.0;147;Ceylan & Pascucci (2023);Experiment 2;Orientation;1;3;-24.0;-84.0;-48.0;-13.0;27;5
1;132;146;14;1.56575569999404;5;58.0;148;Ceylan & Pascucci (2023);Experiment 2;Orientation;1;3;58.0;34.0;-26.0;10.0;28;5
1;121;140;19;1.25824270001613;5;11.0;149;Ceylan & Pascucci (2023);Experiment 2;Orientation;1;3;11.0;69.0;45.0;-15.0;29;5
1;89;79;-10;1.42508149985224;5;32.0;150;Ceylan & Pascucci (2023);Experiment 2;Orientation;1;3;32.0;43.0;-79.0;77.0;30;5
1;104;112;8;0.707791700027883;6;-15.0;151;Ceylan & Pascucci (2023);Experiment 2;Orientation;1;3;;;;;1;6
1;115;130;15;1.09033769997768;6;-11.0;152;Ceylan & Pascucci (2023);Experiment 2;Orientation;1;3;;;;;2;6
1;145;138;-7;1.27528290008195;6;-30.0;153;Ceylan & Pascucci (2023);Experiment 2;Orientation;1;3;;;;;3;6
1;141;126;-15;1.44928169995546;6;4.0;154;Ceylan & Pascucci (2023);Experiment 2;Orientation;1;3;;;;;4;6
1;173;165;-8;1.12444970011711;6;-32.0;155;Ceylan & Pascucci (2023);Experiment 2;Orientation;1;3;-32.0;-28.0;-58.0;-69.0;5;6
1;117;122;5;1.12523410003632;6;56.0;156;Ceylan & Pascucci (2023);Experiment 2;Orientation;1;3;56.0;24.0;28.0;-2.0;6;6
1;137;127;-10;2.03263540007174;6;-20.0;157;Ceylan & Pascucci (2023);Experiment 2;Orientation;1;3;-20.0;36.0;4.0;8.0;7;6
1;14;17;3;1.18369740014896;6;-57.0;158;Ceylan & Pascucci (2023);Experiment 2;Orientation;1;3;-57.0;-77.0;-21.0;-53.0;8;6
1;46;46;0;0.975284100044519;6;-32.0;159;Ceylan & Pascucci (2023);Experiment 2;Orientation;1;3;-32.0;-89.0;71.0;-53.0;9;6
1;136;140;4;1.1749871999491;6;-90.0;160;Ceylan & Pascucci (2023);Experiment 2;Orientation;1;3;90.0;58.0;1.0;-19.0;10;6
1;57;26;-31;1.24105690000579;6;79.0;161;Ceylan & Pascucci (2023);Experiment 2;Orientation;1;3;79.0;-11.0;-43.0;80.0;11;6
1;70;49;-21;0.758199099916965;6;-13.0;162;Ceylan & Pascucci (2023);Experiment 2;Orientation;1;3;-13.0;66.0;-24.0;-56.0;12;6
1;9;22;13;0.900368199916556;6;61.0;163;Ceylan & Pascucci (2023);Experiment 2;Orientation;1;3;61.0;48.0;-53.0;37.0;13;6
1;91;91;0;2.5664751001168;6;-82.0;164;Ceylan & Pascucci (2023);Experiment 2;Orientation;1;3;-82.0;-21.0;-34.0;45.0;14;6
1;94;20;-74;0.991882300004363;6;-3.0;165;Ceylan & Pascucci (2023);Experiment 2;Orientation;1;3;-3.0;-85.0;-24.0;-37.0;15;6
1;166;174;8;2.62475589988753;6;-72.0;166;Ceylan & Pascucci (2023);Experiment 2;Orientation;1;3;-72.0;-75.0;23.0;84.0;16;6
1;32;30;-2;1.73261389997788;6;-46.0;167;Ceylan & Pascucci (2023);Experiment 2;Orientation;1;3;-46.0;62.0;59.0;-23.0;17;6
1;91;90;-1;0.799798900028691;6;-59.0;168;Ceylan & Pascucci (2023);Experiment 2;Orientation;1;3;-59.0;75.0;3.0;0.0;18;6
1;143;148;5;1.71565539995208;6;-52.0;169;Ceylan & Pascucci (2023);Experiment 2;Orientation;1;3;-52.0;69.0;23.0;-49.0;19;6
1;128;132;4;1.8903347000014;6;15.0;170;Ceylan & Pascucci (2023);Experiment 2;Orientation;1;3;15.0;-37.0;84.0;38.0;20;6
1;118;125;7;1.00828760000877;6;10.0;171;Ceylan & Pascucci (2023);Experiment 2;Orientation;1;3;10.0;25.0;-27.0;-86.0;21;6
1;166;167;1;1.04993270011619;6;-48.0;172;Ceylan & Pascucci (2023);Experiment 2;Orientation;1;3;-48.0;-38.0;-23.0;-75.0;22;6
1;87;94;7;2.20719330012798;6;79.0;173;Ceylan & Pascucci (2023);Experiment 2;Orientation;1;3;79.0;31.0;41.0;56.0;23;6
1;38;25;-13;0.697704499820247;6;49.0;174;Ceylan & Pascucci (2023);Experiment 2;Orientation;1;3;49.0;-52.0;80.0;90.0;24;6
1;75;81;6;2.04154050000943;6;-37.0;175;Ceylan & Pascucci (2023);Experiment 2;Orientation;1;3;-37.0;12.0;-89.0;43.0;25;6
1;20;24;4;1.11542899999768;6;55.0;176;Ceylan & Pascucci (2023);Experiment 2;Orientation;1;3;55.0;18.0;67.0;-34.0;26;6
1;22;20;-2;1.65843229996972;6;-2.0;177;Ceylan & Pascucci (2023);Experiment 2;Orientation;1;3;-2.0;53.0;16.0;65.0;27;6
1;70;75;5;1.78194199991412;6;-48.0;178;Ceylan & Pascucci (2023);Experiment 2;Orientation;1;3;-48.0;-50.0;5.0;-32.0;28;6
1;170;163;-7;1.67403700016439;6;80.0;179;Ceylan & Pascucci (2023);Experiment 2;Orientation;1;3;80.0;32.0;30.0;85.0;29;6
1;170;161;-9;1.37484359997325;6;0.0;180;Ceylan & Pascucci (2023);Experiment 2;Orientation;1;3;0.0;80.0;32.0;30.0;30;6
1;59;50;-9;1.45792439999059;7;-69.0;181;Ceylan & Pascucci (2023);Experiment 2;Orientation;1;3;;;;;1;7
1;125;128;3;1.24935709987767;7;-66.0;182;Ceylan & Pascucci (2023);Experiment 2;Orientation;1;3;;;;;2;7
1;45;38;-7;0.999275800073519;7;80.0;183;Ceylan & Pascucci (2023);Experiment 2;Orientation;1;3;;;;;3;7
1;146;148;2;0.874935499858111;7;79.0;184;Ceylan & Pascucci (2023);Experiment 2;Orientation;1;3;;;;;4;7
1;91;93;2;1.19145540008321;7;55.0;185;Ceylan & Pascucci (2023);Experiment 2;Orientation;1;3;55.0;-46.0;34.0;-32.0;5;7
1;95;94;-1;1.65026529994793;7;-4.0;186;Ceylan & Pascucci (2023);Experiment 2;Orientation;1;3;-4.0;51.0;-50.0;30.0;6;7
1;47;66;19;0.933314999798313;7;48.0;187;Ceylan & Pascucci (2023);Experiment 2;Orientation;1;3;48.0;44.0;-81.0;-2.0;7;7
1;42;50;8;1.50732280011289;7;5.0;188;Ceylan & Pascucci (2023);Experiment 2;Orientation;1;3;5.0;53.0;49.0;-76.0;8;7
1;11;11;0;1.35734400013462;7;31.0;189;Ceylan & Pascucci (2023);Experiment 2;Orientation;1;3;31.0;36.0;84.0;80.0;9;7
1;115;117;2;1.15861249994487;7;76.0;190;Ceylan & Pascucci (2023);Experiment 2;Orientation;1;3;76.0;-73.0;-68.0;-20.0;10;7
1;135;140;5;0.716559400083497;7;-20.0;191;Ceylan & Pascucci (2023);Experiment 2;Orientation;1;3;-20.0;56.0;87.0;-88.0;11;7
1;163;162;-1;1.4335811000783;7;-28.0;192;Ceylan & Pascucci (2023);Experiment 2;Orientation;1;3;-28.0;-48.0;28.0;59.0;12;7
1;14;7;-7;0.849044800037518;7;-31.0;193;Ceylan & Pascucci (2023);Experiment 2;Orientation;1;3;-31.0;-59.0;-79.0;-3.0;13;7
1;100;99;-1;2.04156020004302;7;-86.0;194;Ceylan & Pascucci (2023);Experiment 2;Orientation;1;3;-86.0;63.0;35.0;15.0;14;7
1;177;2;5;0.500012899981812;7;-77.0;195;Ceylan & Pascucci (2023);Experiment 2;Orientation;1;3;-77.0;17.0;-14.0;-42.0;15;7
1;91;99;8;1.04160790005699;7;86.0;196;Ceylan & Pascucci (2023);Experiment 2;Orientation;1;3;86.0;9.0;-77.0;72.0;16;7
1;99;88;-11;1.44868039991707;7;-8.0;197;Ceylan & Pascucci (2023);Experiment 2;Orientation;1;3;-8.0;78.0;1.0;-85.0;17;7
1;77;80;3;1.3082860999275;7;22.0;198;Ceylan & Pascucci (2023);Experiment 2;Orientation;1;3;22.0;14.0;-80.0;23.0;18;7
1;35;59;24;1.26661879988387;7;42.0;199;Ceylan & Pascucci (2023);Experiment 2;Orientation;1;3;42.0;64.0;56.0;-38.0;19;7
1;94;80;-14;1.43377120001242;7;-59.0;200;Ceylan & Pascucci (2023);Experiment 2;Orientation;1;3;-59.0;-17.0;5.0;-3.0;20;7
1;168;157;-11;1.29907579999417;7;-74.0;201;Ceylan & Pascucci (2023);Experiment 2;Orientation;1;3;-74.0;47.0;89.0;-69.0;21;7
1;85;82;-3;1.58228310011327;7;83.0;202;Ceylan & Pascucci (2023);Experiment 2;Orientation;1;3;83.0;9.0;-50.0;-8.0;22;7
1;139;127;-12;1.3832588000223;7;-54.0;203;Ceylan & Pascucci (2023);Experiment 2;Orientation;1;3;-54.0;29.0;-45.0;76.0;23;7
1;79;87;8;0.783804300008342;7;60.0;204;Ceylan & Pascucci (2023);Experiment 2;Orientation;1;3;60.0;6.0;89.0;15.0;24;7
1;130;124;-6;1.40029010013677;7;-51.0;205;Ceylan & Pascucci (2023);Experiment 2;Orientation;1;3;-51.0;9.0;-45.0;38.0;25;7
1;75;70;-5;1.10031690006144;7;55.0;206;Ceylan & Pascucci (2023);Experiment 2;Orientation;1;3;55.0;4.0;64.0;10.0;26;7
1;159;168;9;1.15861049992964;7;-84.0;207;Ceylan & Pascucci (2023);Experiment 2;Orientation;1;3;-84.0;-29.0;-80.0;-20.0;27;7
1;65;75;10;1.23328629997559;7;-86.0;208;Ceylan & Pascucci (2023);Experiment 2;Orientation;1;3;-86.0;10.0;65.0;14.0;28;7
1;44;52;8;1.07495310017839;7;21.0;209;Ceylan & Pascucci (2023);Experiment 2;Orientation;1;3;21.0;-65.0;31.0;86.0;29;7
1;71;61;-10;0.458699999842793;7;-27.0;210;Ceylan & Pascucci (2023);Experiment 2;Orientation;1;3;-27.0;-6.0;88.0;4.0;30;7
1;4;164;-20;2.81634810008109;8;67.0;211;Ceylan & Pascucci (2023);Experiment 2;Orientation;1;3;;;;;1;8
1;173;175;2;1.37382370000705;8;11.0;212;Ceylan & Pascucci (2023);Experiment 2;Orientation;1;3;;;;;2;8
1;72;61;-11;0.650259200017899;8;-79.0;213;Ceylan & Pascucci (2023);Experiment 2;Orientation;1;3;;;;;3;8
1;4;171;-13;1.04930289997719;8;68.0;214;Ceylan & Pascucci (2023);Experiment 2;Orientation;1;3;;;;;4;8
1;93;108;15;0.875231199897826;8;-89.0;215;Ceylan & Pascucci (2023);Experiment 2;Orientation;1;3;-89.0;-21.0;80.0;-89.0;5;8
1;117;121;4;1.12437560013495;8;-24.0;216;Ceylan & Pascucci (2023);Experiment 2;Orientation;1;3;-24.0;67.0;-45.0;56.0;6;8
1;23;34;11;1.78228339995258;8;-86.0;217;Ceylan & Pascucci (2023);Experiment 2;Orientation;1;3;-86.0;70.0;-19.0;49.0;7;8
1;27;24;-3;1.59974560001865;8;-4.0;218;Ceylan & Pascucci (2023);Experiment 2;Orientation;1;3;-4.0;90.0;66.0;-23.0;8;8
1;52;24;-28;0.691824899986386;8;-25.0;219;Ceylan & Pascucci (2023);Experiment 2;Orientation;1;3;-25.0;-29.0;65.0;41.0;9;8
1;75;81;6;1.12530800001696;8;-23.0;220;Ceylan & Pascucci (2023);Experiment 2;Orientation;1;3;-23.0;-48.0;-52.0;42.0;10;8
1;133;114;-19;1.340333199827;8;-58.0;221;Ceylan & Pascucci (2023);Experiment 2;Orientation;1;3;-58.0;-81.0;74.0;70.0;11;8
1;29;21;-8;1.19183479994535;8;-76.0;222;Ceylan & Pascucci (2023);Experiment 2;Orientation;1;3;-76.0;46.0;23.0;-2.0;12;8
1;36;38;2;1.1660450999625;8;-7.0;223;Ceylan & Pascucci (2023);Experiment 2;Orientation;1;3;-7.0;-83.0;39.0;16.0;13;8
1;85;86;1;1.33169419993646;8;-49.0;224;Ceylan & Pascucci (2023);Experiment 2;Orientation;1;3;-49.0;-56.0;48.0;-10.0;14;8
1;179;172;-7;1.85005340003408;8;86.0;225;Ceylan & Pascucci (2023);Experiment 2;Orientation;1;3;86.0;37.0;30.0;-46.0;15;8
1;48;38;-10;1.02490349998698;8;-49.0;226;Ceylan & Pascucci (2023);Experiment 2;Orientation;1;3;-49.0;37.0;-12.0;-19.0;16;8
1;143;142;-1;1.49863189994358;8;85.0;227;Ceylan & Pascucci (2023);Experiment 2;Orientation;1;3;85.0;36.0;-58.0;73.0;17;8
1;157;154;-3;1.3419164000079;8;-14.0;228;Ceylan & Pascucci (2023);Experiment 2;Orientation;1;3;-14.0;71.0;22.0;-72.0;18;8
1;169;149;-20;1.03324200003408;8;-12.0;229;Ceylan & Pascucci (2023);Experiment 2;Orientation;1;3;-12.0;-26.0;59.0;10.0;19;8
1;46;34;-12;0.716598900035024;8;-57.0;230;Ceylan & Pascucci (2023);Experiment 2;Orientation;1;3;-57.0;-69.0;-83.0;2.0;20;8
1;43;39;-4;1.04897890007123;8;3.0;231;Ceylan & Pascucci (2023);Experiment 2;Orientation;1;3;3.0;-54.0;-66.0;-80.0;21;8
1;145;24;59;0.635873100021854;8;78.0;232;Ceylan & Pascucci (2023);Experiment 2;Orientation;1;3;78.0;81.0;24.0;12.0;22;8
1;90;90;0;1.70817180001177;8;55.0;233;Ceylan & Pascucci (2023);Experiment 2;Orientation;1;3;55.0;-47.0;-44.0;79.0;23;8
1;153;166;13;1.07532489998266;8;-63.0;234;Ceylan & Pascucci (2023);Experiment 2;Orientation;1;3;-63.0;-8.0;70.0;73.0;24;8
1;44;28;-16;1.13380589988083;8;-71.0;235;Ceylan & Pascucci (2023);Experiment 2;Orientation;1;3;-71.0;46.0;-79.0;-1.0;25;8
1;3;174;-9;1.05820990004577;8;41.0;236;Ceylan & Pascucci (2023);Experiment 2;Orientation;1;3;41.0;-30.0;87.0;-38.0;26;8
1;96;177;81;1.85733280004933;8;87.0;237;Ceylan & Pascucci (2023);Experiment 2;Orientation;1;3;87.0;-52.0;57.0;-6.0;27;8
1;153;159;6;1.29194419994019;8;-57.0;238;Ceylan & Pascucci (2023);Experiment 2;Orientation;1;3;-57.0;30.0;71.0;0.0;28;8
1;167;162;-5;1.90821060002781;8;-14.0;239;Ceylan & Pascucci (2023);Experiment 2;Orientation;1;3;-14.0;-71.0;16.0;57.0;29;8
1;72;70;-2;1.48307380010374;8;-85.0;240;Ceylan & Pascucci (2023);Experiment 2;Orientation;1;3;-85.0;81.0;24.0;-69.0;30;8
1;163;162;-1;0.692688700044528;9;89.0;241;Ceylan & Pascucci (2023);Experiment 2;Orientation;1;3;;;;;1;9
1;146;135;-11;1.157889300026;9;17.0;242;Ceylan & Pascucci (2023);Experiment 2;Orientation;1;3;;;;;2;9
1;173;174;1;1.29976759990677;9;-27.0;243;Ceylan & Pascucci (2023);Experiment 2;Orientation;1;3;;;;;3;9
1;74;39;-35;1.08242360013537;9;-81.0;244;Ceylan & Pascucci (2023);Experiment 2;Orientation;1;3;;;;;4;9
1;78;82;4;1.05823269998655;9;-4.0;245;Ceylan & Pascucci (2023);Experiment 2;Orientation;1;3;-4.0;-85.0;68.0;85.0;5;9
1;28;42;14;1.03273319988512;9;50.0;246;Ceylan & Pascucci (2023);Experiment 2;Orientation;1;3;50.0;46.0;-35.0;-62.0;6;9
1;167;163;-4;0.568725500022992;9;41.0;247;Ceylan & Pascucci (2023);Experiment 2;Orientation;1;3;41.0;-89.0;87.0;6.0;7;9
1;7;7;0;1.69129520002753;9;-20.0;248;Ceylan & Pascucci (2023);Experiment 2;Orientation;1;3;-20.0;21.0;71.0;67.0;8;9
1;103;110;7;1.19916739990003;9;84.0;249;Ceylan & Pascucci (2023);Experiment 2;Orientation;1;3;84.0;64.0;-75.0;-25.0;9;9
1;86;69;-17;0.932934799930081;9;17.0;250;Ceylan & Pascucci (2023);Experiment 2;Orientation;1;3;17.0;-79.0;81.0;-58.0;10;9
1;85;77;-8;1.9914182999637;9;1.0;251;Ceylan & Pascucci (2023);Experiment 2;Orientation;1;3;1.0;18.0;-78.0;82.0;11;9
1;180;168;-12;1.13401939999312;9;85.0;252;Ceylan & Pascucci (2023);Experiment 2;Orientation;1;3;85.0;86.0;-77.0;7.0;12;9
1;154;146;-8;1.15872039995156;9;26.0;253;Ceylan & Pascucci (2023);Experiment 2;Orientation;1;3;26.0;-69.0;-68.0;-51.0;13;9
1;74;80;6;0.90710539999418;9;80.0;254;Ceylan & Pascucci (2023);Experiment 2;Orientation;1;3;80.0;-74.0;11.0;12.0;14;9
1;116;121;5;1.10740379989147;9;-42.0;255;Ceylan & Pascucci (2023);Experiment 2;Orientation;1;3;-42.0;38.0;64.0;-31.0;15;9
1;103;106;3;1.16696569998749;9;13.0;256;Ceylan & Pascucci (2023);Experiment 2;Orientation;1;3;13.0;-29.0;51.0;77.0;16;9
1;128;126;-2;0.666587500134483;9;-25.0;257;Ceylan & Pascucci (2023);Experiment 2;Orientation;1;3;-25.0;-12.0;-54.0;26.0;17;9
1;156;151;-5;1.01606620009989;9;-28.0;258;Ceylan & Pascucci (2023);Experiment 2;Orientation;1;3;-28.0;-53.0;-40.0;-82.0;18;9
1;118;114;-4;1.27418880001642;9;38.0;259;Ceylan & Pascucci (2023);Experiment 2;Orientation;1;3;38.0;10.0;-15.0;-2.0;19;9
1;111;114;3;0.566533100092784;9;7.0;260;Ceylan & Pascucci (2023);Experiment 2;Orientation;1;3;7.0;45.0;17.0;-8.0;20;9
1;171;178;7;1.33311360003427;9;-60.0;261;Ceylan & Pascucci (2023);Experiment 2;Orientation;1;3;-60.0;-53.0;-15.0;-43.0;21;9
1;149;150;1;1.31573530007154;9;22.0;262;Ceylan & Pascucci (2023);Experiment 2;Orientation;1;3;22.0;-38.0;-31.0;7.0;22;9
1;90;88;-2;2.05019440012984;9;59.0;263;Ceylan & Pascucci (2023);Experiment 2;Orientation;1;3;59.0;81.0;21.0;28.0;23;9
1;46;47;1;1.39892109995708;9;44.0;264;Ceylan & Pascucci (2023);Experiment 2;Orientation;1;3;44.0;-77.0;-55.0;65.0;24;9
1;24;17;-7;0.758663600077853;9;22.0;265;Ceylan & Pascucci (2023);Experiment 2;Orientation;1;3;22.0;66.0;-55.0;-33.0;25;9
1;118;124;6;2.04887330019847;9;86.0;266;Ceylan & Pascucci (2023);Experiment 2;Orientation;1;3;86.0;-72.0;-28.0;31.0;26;9
1;17;28;11;1.23379540001042;9;-79.0;267;Ceylan & Pascucci (2023);Experiment 2;Orientation;1;3;-79.0;7.0;29.0;73.0;27;9
1;63;35;-28;0.583236699923873;9;-46.0;268;Ceylan & Pascucci (2023);Experiment 2;Orientation;1;3;-46.0;55.0;-39.0;-17.0;28;9
1;4;177;-7;1.02492760005407;9;59.0;269;Ceylan & Pascucci (2023);Experiment 2;Orientation;1;3;59.0;13.0;-66.0;20.0;29;9
1;57;45;-12;1.22479830007069;9;-53.0;270;Ceylan & Pascucci (2023);Experiment 2;Orientation;1;3;-53.0;6.0;-40.0;61.0;30;9
1;37;33;-4;1.222197300056;10;20.0;271;Ceylan & Pascucci (2023);Experiment 2;Orientation;1;3;;;;;1;10
1;155;148;-7;1.14191300002858;10;62.0;272;Ceylan & Pascucci (2023);Experiment 2;Orientation;1;3;;;;;2;10
1;59;52;-7;0.508250300073996;10;-84.0;273;Ceylan & Pascucci (2023);Experiment 2;Orientation;1;3;;;;;3;10
1;88;68;-20;1.09127679979429;10;-29.0;274;Ceylan & Pascucci (2023);Experiment 2;Orientation;1;3;;;;;4;10
1;169;156;-13;1.32399610010907;10;-81.0;275;Ceylan & Pascucci (2023);Experiment 2;Orientation;1;3;-81.0;70.0;-14.0;48.0;5;10
1;176;170;-6;1.25030199997127;10;-7.0;276;Ceylan & Pascucci (2023);Experiment 2;Orientation;1;3;-7.0;-88.0;63.0;-21.0;6;10
1;138;141;3;1.14101669983938;10;38.0;277;Ceylan & Pascucci (2023);Experiment 2;Orientation;1;3;38.0;31.0;-50.0;-79.0;7;10
1;115;100;-15;1.42461970006116;10;23.0;278;Ceylan & Pascucci (2023);Experiment 2;Orientation;1;3;23.0;61.0;54.0;-27.0;8;10
1;64;68;4;1.34080939996056;10;51.0;279;Ceylan & Pascucci (2023);Experiment 2;Orientation;1;3;51.0;74.0;-68.0;-75.0;9;10
1;13;57;44;0.81634599994868;10;51.0;280;Ceylan & Pascucci (2023);Experiment 2;Orientation;1;3;51.0;-78.0;-55.0;-17.0;10;10
1;8;58;50;1.07498569996096;10;5.0;281;Ceylan & Pascucci (2023);Experiment 2;Orientation;1;3;5.0;56.0;-73.0;-50.0;11;10
1;86;90;4;1.62361370003782;10;-78.0;282;Ceylan & Pascucci (2023);Experiment 2;Orientation;1;3;-78.0;-73.0;-22.0;29.0;12;10
1;10;14;4;1.44289850001223;10;76.0;283;Ceylan & Pascucci (2023);Experiment 2;Orientation;1;3;76.0;-2.0;3.0;54.0;13;10
1;48;36;-12;1.50019799987786;10;-38.0;284;Ceylan & Pascucci (2023);Experiment 2;Orientation;1;3;-38.0;38.0;-40.0;-35.0;14;10
1;135;139;4;1.07533889985643;10;-87.0;285;Ceylan & Pascucci (2023);Experiment 2;Orientation;1;3;-87.0;55.0;-49.0;53.0;15;10
1;35;40;5;1.58253180002794;10;-80.0;286;Ceylan & Pascucci (2023);Experiment 2;Orientation;1;3;-80.0;13.0;-25.0;51.0;16;10
1;98;115;17;1.22521659987979;10;-63.0;287;Ceylan & Pascucci (2023);Experiment 2;Orientation;1;3;-63.0;37.0;-50.0;-88.0;17;10
1;109;119;10;1.10852920007892;10;-11.0;288;Ceylan & Pascucci (2023);Experiment 2;Orientation;1;3;-11.0;-74.0;26.0;-61.0;18;10
1;6;7;1;1.09193830005825;10;-77.0;289;Ceylan & Pascucci (2023);Experiment 2;Orientation;1;3;-77.0;-88.0;29.0;-51.0;19;10
1;8;12;4;1.03333639982156;10;-2.0;290;Ceylan & Pascucci (2023);Experiment 2;Orientation;1;3;-2.0;-79.0;90.0;27.0;20;10
1;163;175;12;1.42530379979871;10;25.0;291;Ceylan & Pascucci (2023);Experiment 2;Orientation;1;3;25.0;23.0;-54.0;-65.0;21;10
1;102;94;-8;1.50879769981839;10;61.0;292;Ceylan & Pascucci (2023);Experiment 2;Orientation;1;3;61.0;86.0;84.0;7.0;22;10
1;104;95;-9;1.54151860019192;10;-2.0;293;Ceylan & Pascucci (2023);Experiment 2;Orientation;1;3;-2.0;59.0;84.0;82.0;23;10
1;122;103;-19;1.98174570011906;10;-18.0;294;Ceylan & Pascucci (2023);Experiment 2;Orientation;1;3;-18.0;-20.0;41.0;66.0;24;10
1;123;102;-21;1.39149009995162;10;-1.0;295;Ceylan & Pascucci (2023);Experiment 2;Orientation;1;3;-1.0;-19.0;-21.0;40.0;25;10
1;155;132;-23;1.07493139989674;10;-32.0;296;Ceylan & Pascucci (2023);Experiment 2;Orientation;1;3;-32.0;-33.0;-51.0;-53.0;26;10
1;1;0;-1;1.36567369988188;10;-26.0;297;Ceylan & Pascucci (2023);Experiment 2;Orientation;1;3;-26.0;-58.0;-59.0;-77.0;27;10
1;108;103;-5;0.950178700033575;10;73.0;298;Ceylan & Pascucci (2023);Experiment 2;Orientation;1;3;73.0;47.0;15.0;14.0;28;10
1;120;100;-20;1.7165005998686;10;-12.0;299;Ceylan & Pascucci (2023);Experiment 2;Orientation;1;3;-12.0;61.0;35.0;3.0;29;10
1;127;110;-17;3.32465520012192;10;-7.0;300;Ceylan & Pascucci (2023);Experiment 2;Orientation;1;3;-7.0;-19.0;54.0;28.0;30;10
2;73;83;10;2.03206619992852;1;;1;Ceylan & Pascucci (2023);Experiment 2;Orientation;1;3;;;;;1;1
2;27;12;-15;2.00676060002297;1;46.0;2;Ceylan & Pascucci (2023);Experiment 2;Orientation;1;3;;;;;2;1
2;11;12;1;2.7250237998087;1;16.0;3;Ceylan & Pascucci (2023);Experiment 2;Orientation;1;3;;;;;3;1
2;89;90;1;3.16514299996197;1;-78.0;4;Ceylan & Pascucci (2023);Experiment 2;Orientation;1;3;;;;;4;1
2;77;84;7;2.19131599995308;1;12.0;5;Ceylan & Pascucci (2023);Experiment 2;Orientation;1;3;12.0;-66.0;-50.0;-4.0;5;1
2;174;171;-3;1.9751611999236;1;83.0;6;Ceylan & Pascucci (2023);Experiment 2;Orientation;1;3;83.0;-85.0;17.0;33.0;6;1
2;54;61;7;1.21653269999661;1;-60.0;7;Ceylan & Pascucci (2023);Experiment 2;Orientation;1;3;-60.0;23.0;35.0;-43.0;7;1
2;162;169;7;2.17501390003599;1;72.0;8;Ceylan & Pascucci (2023);Experiment 2;Orientation;1;3;72.0;12.0;-85.0;-73.0;8;1
2;14;1;-13;1.38254270004109;1;-32.0;9;Ceylan & Pascucci (2023);Experiment 2;Orientation;1;3;-32.0;40.0;-20.0;63.0;9;1
2;27;20;-7;1.49095589993522;1;-13.0;10;Ceylan & Pascucci (2023);Experiment 2;Orientation;1;3;-13.0;-45.0;27.0;-33.0;10;1
2;129;130;1;1.53309370018542;1;78.0;11;Ceylan & Pascucci (2023);Experiment 2;Orientation;1;3;78.0;65.0;33.0;-75.0;11;1
2;174;169;-5;1.20820660004392;1;-45.0;12;Ceylan & Pascucci (2023);Experiment 2;Orientation;1;3;-45.0;33.0;20.0;-12.0;12;1
2;62;47;-15;1.6243401998654;1;-68.0;13;Ceylan & Pascucci (2023);Experiment 2;Orientation;1;3;-68.0;67.0;-35.0;-48.0;13;1
2;99;105;6;2.14969770004973;1;-37.0;14;Ceylan & Pascucci (2023);Experiment 2;Orientation;1;3;-37.0;75.0;30.0;-72.0;14;1
2;173;178;5;1.7751794999931;1;-74.0;15;Ceylan & Pascucci (2023);Experiment 2;Orientation;1;3;-74.0;69.0;1.0;-44.0;15;1
2;11;8;-3;1.28311740001664;1;-18.0;16;Ceylan & Pascucci (2023);Experiment 2;Orientation;1;3;-18.0;88.0;51.0;-17.0;16;1
2;102;100;-2;1.40826670010574;1;89.0;17;Ceylan & Pascucci (2023);Experiment 2;Orientation;1;3;89.0;71.0;-3.0;-40.0;17;1
2;128;153;25;1.56567539996468;1;-26.0;18;Ceylan & Pascucci (2023);Experiment 2;Orientation;1;3;-26.0;63.0;45.0;-29.0;18;1
2;172;175;3;1.71699109999463;1;-44.0;19;Ceylan & Pascucci (2023);Experiment 2;Orientation;1;3;-44.0;-70.0;19.0;1.0;19;1
2;173;172;-1;1.54066359996796;1;-1.0;20;Ceylan & Pascucci (2023);Experiment 2;Orientation;1;3;-1.0;-45.0;-71.0;18.0;20;1
2;155;160;5;1.89988730009645;1;18.0;21;Ceylan & Pascucci (2023);Experiment 2;Orientation;1;3;18.0;17.0;-27.0;-53.0;21;1
2;145;148;3;1.14185740007088;1;10.0;22;Ceylan & Pascucci (2023);Experiment 2;Orientation;1;3;10.0;28.0;27.0;-17.0;22;1
2;56;52;-4;0.741955899866298;1;89.0;23;Ceylan & Pascucci (2023);Experiment 2;Orientation;1;3;89.0;-81.0;-63.0;-64.0;23;1
2;15;13;-2;2.62509720004164;1;41.0;24;Ceylan & Pascucci (2023);Experiment 2;Orientation;1;3;41.0;-50.0;-40.0;-22.0;24;1
2;165;158;-7;0.958261499879882;1;30.0;25;Ceylan & Pascucci (2023);Experiment 2;Orientation;1;3;30.0;71.0;-20.0;-10.0;25;1
2;57;46;-11;0.865928899962455;1;-72.0;26;Ceylan & Pascucci (2023);Experiment 2;Orientation;1;3;-72.0;-42.0;-1.0;88.0;26;1
2;26;22;-4;1.33360399981029;1;31.0;27;Ceylan & Pascucci (2023);Experiment 2;Orientation;1;3;31.0;-41.0;-11.0;30.0;27;1
2;120;126;6;2.31661100010388;1;86.0;28;Ceylan & Pascucci (2023);Experiment 2;Orientation;1;3;86.0;-63.0;45.0;75.0;28;1
2;158;160;2;1.45039649982937;1;-38.0;29;Ceylan & Pascucci (2023);Experiment 2;Orientation;1;3;-38.0;48.0;79.0;7.0;29;1
2;130;137;7;0.775422000093386;1;28.0;30;Ceylan & Pascucci (2023);Experiment 2;Orientation;1;3;28.0;-10.0;76.0;-73.0;30;1
2;75;70;-5;1.8085715000052;2;55.0;31;Ceylan & Pascucci (2023);Experiment 2;Orientation;1;3;;;;;1;2
2;157;150;-7;1.4657268000301;2;-82.0;32;Ceylan & Pascucci (2023);Experiment 2;Orientation;1;3;;;;;2;2
2;141;147;6;1.30025990004651;2;16.0;33;Ceylan & Pascucci (2023);Experiment 2;Orientation;1;3;;;;;3;2
2;73;67;-6;1.8749484999571;2;68.0;34;Ceylan & Pascucci (2023);Experiment 2;Orientation;1;3;;;;;4;2
2;37;31;-6;0.775397099787369;2;36.0;35;Ceylan & Pascucci (2023);Experiment 2;Orientation;1;3;36.0;-76.0;-60.0;38.0;5;2
2;82;81;-1;1.17445349995978;2;-45.0;36;Ceylan & Pascucci (2023);Experiment 2;Orientation;1;3;-45.0;-9.0;59.0;75.0;6;2
2;74;82;8;1.20093449996784;2;8.0;37;Ceylan & Pascucci (2023);Experiment 2;Orientation;1;3;8.0;-37.0;-1.0;67.0;7;2
2;160;164;4;1.29199209995568;2;-86.0;38;Ceylan & Pascucci (2023);Experiment 2;Orientation;1;3;-86.0;-78.0;57.0;-87.0;8;2
2;124;131;7;1.80813699983992;2;36.0;39;Ceylan & Pascucci (2023);Experiment 2;Orientation;1;3;36.0;-50.0;-42.0;-87.0;9;2
2;107;104;-3;1.97473760019056;2;17.0;40;Ceylan & Pascucci (2023);Experiment 2;Orientation;1;3;17.0;53.0;-33.0;-25.0;10;2
2;74;67;-7;2.06526149995625;2;33.0;41;Ceylan & Pascucci (2023);Experiment 2;Orientation;1;3;33.0;50.0;86.0;0.0;11;2
2;36;20;-16;1.13304629991762;2;38.0;42;Ceylan & Pascucci (2023);Experiment 2;Orientation;1;3;38.0;71.0;88.0;-56.0;12;2
2;87;74;-13;1.22436480014585;2;-51.0;43;Ceylan & Pascucci (2023);Experiment 2;Orientation;1;3;-51.0;-13.0;20.0;37.0;13;2
2;40;41;1;1.27472770004533;2;47.0;44;Ceylan & Pascucci (2023);Experiment 2;Orientation;1;3;47.0;-4.0;34.0;67.0;14;2
2;51;17;-34;1.77351990016177;2;-11.0;45;Ceylan & Pascucci (2023);Experiment 2;Orientation;1;3;-11.0;36.0;-15.0;23.0;15;2
2;23;13;-10;1.85759830009192;2;28.0;46;Ceylan & Pascucci (2023);Experiment 2;Orientation;1;3;28.0;17.0;64.0;13.0;16;2
2;31;14;-17;1.54053670004942;2;-8.0;47;Ceylan & Pascucci (2023);Experiment 2;Orientation;1;3;-8.0;20.0;9.0;56.0;17;2
2;16;19;3;1.56688080006279;2;15.0;48;Ceylan & Pascucci (2023);Experiment 2;Orientation;1;3;15.0;7.0;35.0;24.0;18;2
2;5;9;4;1.39834480010904;2;11.0;49;Ceylan & Pascucci (2023);Experiment 2;Orientation;1;3;11.0;26.0;18.0;46.0;19;2
2;37;23;-14;0.874888899968937;2;-32.0;50;Ceylan & Pascucci (2023);Experiment 2;Orientation;1;3;-32.0;-21.0;-6.0;-14.0;20;2
2;147;143;-4;2.67376390006393;2;70.0;51;Ceylan & Pascucci (2023);Experiment 2;Orientation;1;3;70.0;38.0;49.0;64.0;21;2
2;40;33;-7;1.2069627000019;2;-73.0;52;Ceylan & Pascucci (2023);Experiment 2;Orientation;1;3;-73.0;-3.0;-35.0;-24.0;22;2
2;116;124;8;1.96638639993034;2;-76.0;53;Ceylan & Pascucci (2023);Experiment 2;Orientation;1;3;-76.0;31.0;-79.0;69.0;23;2
2;87;83;-4;1.69898870005272;2;29.0;54;Ceylan & Pascucci (2023);Experiment 2;Orientation;1;3;29.0;-47.0;60.0;-50.0;24;2
2;114;129;15;1.60796010005288;2;-27.0;55;Ceylan & Pascucci (2023);Experiment 2;Orientation;1;3;-27.0;2.0;-74.0;33.0;25;2
2;26;24;-2;1.57397420005873;2;88.0;56;Ceylan & Pascucci (2023);Experiment 2;Orientation;1;3;88.0;61.0;90.0;14.0;26;2
2;26;19;-7;1.54199689999223;2;0.0;57;Ceylan & Pascucci (2023);Experiment 2;Orientation;1;3;0.0;88.0;61.0;90.0;27;2
2;105;113;8;1.17487320001237;2;-79.0;58;Ceylan & Pascucci (2023);Experiment 2;Orientation;1;3;-79.0;-79.0;9.0;-18.0;28;2
2;17;18;1;1.07481159991585;2;88.0;59;Ceylan & Pascucci (2023);Experiment 2;Orientation;1;3;88.0;9.0;9.0;-83.0;29;2
2;36;25;-11;1.21645800000988;2;-19.0;60;Ceylan & Pascucci (2023);Experiment 2;Orientation;1;3;-19.0;69.0;-10.0;-10.0;30;2
2;27;18;-9;2.10772190010175;3;9.0;61;Ceylan & Pascucci (2023);Experiment 2;Orientation;1;3;;;;;1;3
2;151;147;-4;1.31677999999374;3;56.0;62;Ceylan & Pascucci (2023);Experiment 2;Orientation;1;3;;;;;2;3
2;93;106;13;1.08373329997994;3;58.0;63;Ceylan & Pascucci (2023);Experiment 2;Orientation;1;3;;;;;3;3
2;11;6;-5;1.60777919995598;3;82.0;64;Ceylan & Pascucci (2023);Experiment 2;Orientation;1;3;;;;;4;3
2;165;169;4;1.33363709994592;3;26.0;65;Ceylan & Pascucci (2023);Experiment 2;Orientation;1;3;26.0;-72.0;-14.0;42.0;5;3
2;145;161;16;1.37535669980571;3;20.0;66;Ceylan & Pascucci (2023);Experiment 2;Orientation;1;3;20.0;46.0;-52.0;6.0;6;3
2;10;6;-4;1.06598769989796;3;-45.0;67;Ceylan & Pascucci (2023);Experiment 2;Orientation;1;3;-45.0;-25.0;1.0;83.0;7;3
2;58;51;-7;1.6075273999013;3;-48.0;68;Ceylan & Pascucci (2023);Experiment 2;Orientation;1;3;-48.0;87.0;-73.0;-47.0;8;3
2;34;18;-16;1.93306379998103;3;24.0;69;Ceylan & Pascucci (2023);Experiment 2;Orientation;1;3;24.0;-24.0;-69.0;-49.0;9;3
2;164;166;2;2.37470240006223;3;50.0;70;Ceylan & Pascucci (2023);Experiment 2;Orientation;1;3;50.0;74.0;26.0;-19.0;10;3
2;5;12;7;1.78303990000859;3;-21.0;71;Ceylan & Pascucci (2023);Experiment 2;Orientation;1;3;-21.0;29.0;53.0;5.0;11;3
2;120;142;22;2.54896249994636;3;65.0;72;Ceylan & Pascucci (2023);Experiment 2;Orientation;1;3;65.0;44.0;-86.0;-62.0;12;3
2;77;24;-53;2.33532120008022;3;43.0;73;Ceylan & Pascucci (2023);Experiment 2;Orientation;1;3;43.0;-72.0;87.0;-43.0;13;3
2;112;124;12;2.01699590007775;3;-35.0;74;Ceylan & Pascucci (2023);Experiment 2;Orientation;1;3;-35.0;8.0;73.0;52.0;14;3
2;63;47;-16;1.2004566998221;3;49.0;75;Ceylan & Pascucci (2023);Experiment 2;Orientation;1;3;49.0;14.0;57.0;-58.0;15;3
2;70;55;-15;1.65816459991038;3;-7.0;76;Ceylan & Pascucci (2023);Experiment 2;Orientation;1;3;-7.0;42.0;7.0;50.0;16;3
2;60;57;-3;1.681896999944;3;10.0;77;Ceylan & Pascucci (2023);Experiment 2;Orientation;1;3;10.0;3.0;52.0;17.0;17;3
2;89;75;-14;1.60012089996599;3;-29.0;78;Ceylan & Pascucci (2023);Experiment 2;Orientation;1;3;-29.0;-19.0;-26.0;23.0;18;3
2;128;145;17;1.76670449995436;3;-39.0;79;Ceylan & Pascucci (2023);Experiment 2;Orientation;1;3;-39.0;-68.0;-58.0;-65.0;19;3
2;138;146;8;1.05785500002094;3;-10.0;80;Ceylan & Pascucci (2023);Experiment 2;Orientation;1;3;-10.0;-49.0;-78.0;-68.0;20;3
2;17;32;15;3.21538410009816;3;-59.0;81;Ceylan & Pascucci (2023);Experiment 2;Orientation;1;3;-59.0;-69.0;72.0;43.0;21;3
2;56;49;-7;0.732926500029862;3;-39.0;82;Ceylan & Pascucci (2023);Experiment 2;Orientation;1;3;-39.0;82.0;72.0;33.0;22;3
2;98;120;22;1.24173609982245;3;-42.0;83;Ceylan & Pascucci (2023);Experiment 2;Orientation;1;3;-42.0;-81.0;40.0;30.0;23;3
2;86;97;11;1.55029929988086;3;12.0;84;Ceylan & Pascucci (2023);Experiment 2;Orientation;1;3;12.0;-30.0;-69.0;52.0;24;3
2;125;121;-4;1.81694649998099;3;-39.0;85;Ceylan & Pascucci (2023);Experiment 2;Orientation;1;3;-39.0;-27.0;-69.0;72.0;25;3
2;58;44;-14;1.49156780005433;3;67.0;86;Ceylan & Pascucci (2023);Experiment 2;Orientation;1;3;67.0;28.0;40.0;-2.0;26;3
2;66;54;-12;0.817016300046816;3;-8.0;87;Ceylan & Pascucci (2023);Experiment 2;Orientation;1;3;-8.0;59.0;20.0;32.0;27;3
2;178;172;-6;1.49032410001382;3;68.0;88;Ceylan & Pascucci (2023);Experiment 2;Orientation;1;3;68.0;60.0;-53.0;88.0;28;3
2;47;44;-3;1.60721200006083;3;-49.0;89;Ceylan & Pascucci (2023);Experiment 2;Orientation;1;3;-49.0;19.0;11.0;78.0;29;3
2;12;11;-1;1.15759389987215;3;35.0;90;Ceylan & Pascucci (2023);Experiment 2;Orientation;1;3;35.0;-14.0;54.0;46.0;30;3
2;52;37;-15;0.916520999977365;4;-40.0;91;Ceylan & Pascucci (2023);Experiment 2;Orientation;1;3;;;;;1;4
2;171;173;2;1.45825690007769;4;61.0;92;Ceylan & Pascucci (2023);Experiment 2;Orientation;1;3;;;;;2;4
2;130;128;-2;1.408151099924;4;41.0;93;Ceylan & Pascucci (2023);Experiment 2;Orientation;1;3;;;;;3;4
2;146;160;14;1.02491779997945;4;-16.0;94;Ceylan & Pascucci (2023);Experiment 2;Orientation;1;3;;;;;4;4
2;116;119;3;1.62519369996153;4;30.0;95;Ceylan & Pascucci (2023);Experiment 2;Orientation;1;3;30.0;14.0;55.0;-64.0;5;4
2;90;101;11;2.274868800072;4;26.0;96;Ceylan & Pascucci (2023);Experiment 2;Orientation;1;3;26.0;56.0;40.0;81.0;6;4
2;59;39;-20;1.45865510008298;4;31.0;97;Ceylan & Pascucci (2023);Experiment 2;Orientation;1;3;31.0;57.0;87.0;71.0;7;4
2;14;14;0;1.53244420001283;4;45.0;98;Ceylan & Pascucci (2023);Experiment 2;Orientation;1;3;45.0;76.0;-78.0;-48.0;8;4
2;1;169;-12;2.1915311999619;4;13.0;99;Ceylan & Pascucci (2023);Experiment 2;Orientation;1;3;13.0;58.0;89.0;-65.0;9;4
2;32;20;-12;1.09036400006153;4;-31.0;100;Ceylan & Pascucci (2023);Experiment 2;Orientation;1;3;-31.0;-18.0;27.0;58.0;10;4
2;90;99;9;1.71685989992693;4;-58.0;101;Ceylan & Pascucci (2023);Experiment 2;Orientation;1;3;-58.0;-89.0;-76.0;-31.0;11;4
2;87;93;6;1.88351610000245;4;3.0;102;Ceylan & Pascucci (2023);Experiment 2;Orientation;1;3;3.0;-55.0;-86.0;-73.0;12;4
2;171;175;4;1.64201699988917;4;-84.0;103;Ceylan & Pascucci (2023);Experiment 2;Orientation;1;3;-84.0;-81.0;41.0;10.0;13;4
2;157;168;11;1.14185419981368;4;14.0;104;Ceylan & Pascucci (2023);Experiment 2;Orientation;1;3;14.0;-70.0;-67.0;55.0;14;4
2;141;156;15;1.05864519998431;4;16.0;105;Ceylan & Pascucci (2023);Experiment 2;Orientation;1;3;16.0;30.0;-54.0;-51.0;15;4
2;175;177;2;1.28222849988379;4;-34.0;106;Ceylan & Pascucci (2023);Experiment 2;Orientation;1;3;-34.0;-18.0;-4.0;-88.0;16;4
2;24;14;-10;1.64189799991436;4;-29.0;107;Ceylan & Pascucci (2023);Experiment 2;Orientation;1;3;-29.0;-63.0;-47.0;-33.0;17;4
2;72;67;-5;1.16663719993085;4;-48.0;108;Ceylan & Pascucci (2023);Experiment 2;Orientation;1;3;-48.0;-77.0;69.0;85.0;18;4
2;97;140;43;1.40829940000549;4;-25.0;109;Ceylan & Pascucci (2023);Experiment 2;Orientation;1;3;-25.0;-73.0;78.0;44.0;19;4
2;1;176;-5;0.899310800014064;4;-84.0;110;Ceylan & Pascucci (2023);Experiment 2;Orientation;1;3;-84.0;71.0;23.0;-6.0;20;4
2;64;46;-18;0.92486279993318;4;-63.0;111;Ceylan & Pascucci (2023);Experiment 2;Orientation;1;3;-63.0;33.0;8.0;-40.0;21;4
2;165;162;-3;0.658610200043768;4;79.0;112;Ceylan & Pascucci (2023);Experiment 2;Orientation;1;3;79.0;16.0;-68.0;87.0;22;4
2;167;162;-5;1.36692610010505;4;-2.0;113;Ceylan & Pascucci (2023);Experiment 2;Orientation;1;3;-2.0;77.0;14.0;-70.0;23;4
2;64;28;-36;1.05211209994741;4;-77.0;114;Ceylan & Pascucci (2023);Experiment 2;Orientation;1;3;-77.0;-79.0;0.0;-63.0;24;4
2;7;8;1;1.04985409998335;4;57.0;115;Ceylan & Pascucci (2023);Experiment 2;Orientation;1;3;57.0;-20.0;-22.0;57.0;25;4
2;93;99;6;1.32435929984786;4;-86.0;116;Ceylan & Pascucci (2023);Experiment 2;Orientation;1;3;-86.0;-29.0;74.0;72.0;26;4
2;43;17;-26;2.19888129993342;4;50.0;117;Ceylan & Pascucci (2023);Experiment 2;Orientation;1;3;50.0;-36.0;21.0;-56.0;27;4
2;98;104;6;1.58211060008034;4;-55.0;118;Ceylan & Pascucci (2023);Experiment 2;Orientation;1;3;-55.0;-5.0;89.0;-34.0;28;4
2;78;74;-4;1.83323289989494;4;20.0;119;Ceylan & Pascucci (2023);Experiment 2;Orientation;1;3;20.0;-35.0;15.0;-71.0;29;4
2;9;5;-4;1.56694220006466;4;69.0;120;Ceylan & Pascucci (2023);Experiment 2;Orientation;1;3;69.0;89.0;34.0;84.0;30;4
2;172;168;-4;0.98354719998315;5;17.0;121;Ceylan & Pascucci (2023);Experiment 2;Orientation;1;3;;;;;1;5
2;5;11;6;1.74047469999641;5;-13.0;122;Ceylan & Pascucci (2023);Experiment 2;Orientation;1;3;;;;;2;5
2;47;22;-25;1.5404964000918;5;-42.0;123;Ceylan & Pascucci (2023);Experiment 2;Orientation;1;3;;;;;3;5
2;64;49;-15;1.1919823999051;5;-17.0;124;Ceylan & Pascucci (2023);Experiment 2;Orientation;1;3;;;;;4;5
2;145;140;-5;1.06550149992108;5;-81.0;125;Ceylan & Pascucci (2023);Experiment 2;Orientation;1;3;-81.0;82.0;40.0;27.0;5;5
2;15;14;-1;2.2418390000239;5;-50.0;126;Ceylan & Pascucci (2023);Experiment 2;Orientation;1;3;-50.0;49.0;32.0;-10.0;6;5
2;57;48;-9;1.86642690002918;5;-42.0;127;Ceylan & Pascucci (2023);Experiment 2;Orientation;1;3;-42.0;88.0;7.0;-10.0;7;5
2;164;169;5;1.25777520006523;5;73.0;128;Ceylan & Pascucci (2023);Experiment 2;Orientation;1;3;73.0;31.0;-19.0;80.0;8;5
2;88;96;8;1.99845699989237;5;76.0;129;Ceylan & Pascucci (2023);Experiment 2;Orientation;1;3;76.0;-31.0;-73.0;57.0;9;5
2;174;174;0;1.28354380000383;5;-86.0;130;Ceylan & Pascucci (2023);Experiment 2;Orientation;1;3;-86.0;-10.0;63.0;21.0;10;5
2;86;95;9;2.66640400001779;5;88.0;131;Ceylan & Pascucci (2023);Experiment 2;Orientation;1;3;88.0;2.0;78.0;-29.0;11;5
2;22;23;1;1.26707910001278;5;64.0;132;Ceylan & Pascucci (2023);Experiment 2;Orientation;1;3;64.0;-28.0;66.0;-38.0;12;5
2;105;118;13;1.36575290001929;5;-83.0;133;Ceylan & Pascucci (2023);Experiment 2;Orientation;1;3;-83.0;-19.0;69.0;-17.0;13;5
2;178;165;-13;1.55862149992026;5;-73.0;134;Ceylan & Pascucci (2023);Experiment 2;Orientation;1;3;-73.0;24.0;88.0;-4.0;14;5
2;105;119;14;1.98215070017613;5;73.0;135;Ceylan & Pascucci (2023);Experiment 2;Orientation;1;3;73.0;0.0;-83.0;-19.0;15;5
2;40;43;3;1.92386469990015;5;65.0;136;Ceylan & Pascucci (2023);Experiment 2;Orientation;1;3;65.0;-42.0;65.0;-18.0;16;5
2;129;127;-2;1.06717190006748;5;-89.0;137;Ceylan & Pascucci (2023);Experiment 2;Orientation;1;3;-89.0;-24.0;49.0;-24.0;17;5
2;171;163;-8;1.85716110002249;5;-42.0;138;Ceylan & Pascucci (2023);Experiment 2;Orientation;1;3;-42.0;49.0;-66.0;7.0;18;5
2;37;14;-23;1.09153679991141;5;-46.0;139;Ceylan & Pascucci (2023);Experiment 2;Orientation;1;3;-46.0;-88.0;3.0;68.0;19;5
2;130;136;6;1.85713950009085;5;87.0;140;Ceylan & Pascucci (2023);Experiment 2;Orientation;1;3;87.0;41.0;-1.0;90.0;20;5
2;31;28;-3;1.34096609987319;5;-81.0;141;Ceylan & Pascucci (2023);Experiment 2;Orientation;1;3;-81.0;6.0;-40.0;-82.0;21;5
2;30;22;-8;1.13236190006137;5;1.0;142;Ceylan & Pascucci (2023);Experiment 2;Orientation;1;3;1.0;-80.0;7.0;-39.0;22;5
2;93;97;4;1.29065370000899;5;-63.0;143;Ceylan & Pascucci (2023);Experiment 2;Orientation;1;3;-63.0;-62.0;37.0;-56.0;23;5
2;22;18;-4;1.00032420014031;5;71.0;144;Ceylan & Pascucci (2023);Experiment 2;Orientation;1;3;71.0;8.0;9.0;-72.0;24;5
2;138;153;15;1.72544780001044;5;64.0;145;Ceylan & Pascucci (2023);Experiment 2;Orientation;1;3;64.0;-45.0;72.0;73.0;25;5
2;94;99;5;1.3822271998506;5;44.0;146;Ceylan & Pascucci (2023);Experiment 2;Orientation;1;3;44.0;-72.0;-1.0;-64.0;26;5
2;65;47;-18;0.97390879993327;5;29.0;147;Ceylan & Pascucci (2023);Experiment 2;Orientation;1;3;29.0;73.0;-43.0;28.0;27;5
2;20;9;-11;2.14204460009933;5;45.0;148;Ceylan & Pascucci (2023);Experiment 2;Orientation;1;3;45.0;74.0;-62.0;2.0;28;5
2;1;179;-2;1.17446139990352;5;19.0;149;Ceylan & Pascucci (2023);Experiment 2;Orientation;1;3;19.0;64.0;-87.0;-43.0;29;5
2;83;63;-20;0.883688500151038;5;-82.0;150;Ceylan & Pascucci (2023);Experiment 2;Orientation;1;3;-82.0;-63.0;-18.0;11.0;30;5
2;134;154;20;1.8322477999609;6;-51.0;151;Ceylan & Pascucci (2023);Experiment 2;Orientation;1;3;;;;;1;6
2;127;131;4;0.9498905998189;6;7.0;152;Ceylan & Pascucci (2023);Experiment 2;Orientation;1;3;;;;;2;6
2;52;50;-2;0.991572800092399;6;75.0;153;Ceylan & Pascucci (2023);Experiment 2;Orientation;1;3;;;;;3;6
2;52;29;-23;1.23265499994159;6;0.0;154;Ceylan & Pascucci (2023);Experiment 2;Orientation;1;3;;;;;4;6
2;13;9;-4;1.25872829998843;6;39.0;155;Ceylan & Pascucci (2023);Experiment 2;Orientation;1;3;39.0;39.0;-66.0;-59.0;5;6
2;33;25;-8;1.33329010009766;6;-20.0;156;Ceylan & Pascucci (2023);Experiment 2;Orientation;1;3;-20.0;19.0;19.0;-86.0;6;6
2;47;44;-3;1.74899649992585;6;-14.0;157;Ceylan & Pascucci (2023);Experiment 2;Orientation;1;3;-14.0;-34.0;5.0;5.0;7;6
2;153;128;-25;1.40835500019602;6;74.0;158;Ceylan & Pascucci (2023);Experiment 2;Orientation;1;3;74.0;60.0;40.0;79.0;8;6
2;179;168;-11;1.04153780010529;6;-26.0;159;Ceylan & Pascucci (2023);Experiment 2;Orientation;1;3;-26.0;48.0;34.0;14.0;9;6
2;135;151;16;1.80863570002839;6;44.0;160;Ceylan & Pascucci (2023);Experiment 2;Orientation;1;3;44.0;18.0;-88.0;78.0;10;6
2;177;167;-10;1.14992909994908;6;-42.0;161;Ceylan & Pascucci (2023);Experiment 2;Orientation;1;3;-42.0;2.0;-24.0;50.0;11;6
2;121;125;4;0.932356200180948;6;56.0;162;Ceylan & Pascucci (2023);Experiment 2;Orientation;1;3;56.0;14.0;58.0;32.0;12;6
2;120;118;-2;1.24901899998076;6;1.0;163;Ceylan & Pascucci (2023);Experiment 2;Orientation;1;3;1.0;57.0;15.0;59.0;13;6
2;100;116;16;0.958559700055048;6;20.0;164;Ceylan & Pascucci (2023);Experiment 2;Orientation;1;3;20.0;21.0;77.0;35.0;14;6
2;11;6;-5;0.56693709990941;6;89.0;165;Ceylan & Pascucci (2023);Experiment 2;Orientation;1;3;89.0;-71.0;-70.0;-14.0;15;6
2;122;123;1;0.874721999978647;6;69.0;166;Ceylan & Pascucci (2023);Experiment 2;Orientation;1;3;69.0;-22.0;-2.0;-1.0;16;6
2;106;122;16;1.22525410004891;6;16.0;167;Ceylan & Pascucci (2023);Experiment 2;Orientation;1;3;16.0;85.0;-6.0;14.0;17;6
2;76;73;-3;1.46530660009012;6;30.0;168;Ceylan & Pascucci (2023);Experiment 2;Orientation;1;3;30.0;46.0;-65.0;24.0;18;6
2;23;39;16;1.15823699999601;6;53.0;169;Ceylan & Pascucci (2023);Experiment 2;Orientation;1;3;53.0;83.0;-81.0;-12.0;19;6
2;82;58;-24;0.85838899994269;6;-59.0;170;Ceylan & Pascucci (2023);Experiment 2;Orientation;1;3;-59.0;-6.0;24.0;40.0;20;6
2;45;37;-8;1.51538659981452;6;37.0;171;Ceylan & Pascucci (2023);Experiment 2;Orientation;1;3;37.0;-22.0;31.0;61.0;21;6
2;39;45;6;1.01677479990758;6;6.0;172;Ceylan & Pascucci (2023);Experiment 2;Orientation;1;3;6.0;43.0;-16.0;37.0;22;6
2;38;56;18;1.44193869992159;6;1.0;173;Ceylan & Pascucci (2023);Experiment 2;Orientation;1;3;1.0;7.0;44.0;-15.0;23;6
2;115;132;17;1.40022790012881;6;-77.0;174;Ceylan & Pascucci (2023);Experiment 2;Orientation;1;3;-77.0;-76.0;-70.0;-33.0;24;6
2;84;66;-18;1.04142590006813;6;31.0;175;Ceylan & Pascucci (2023);Experiment 2;Orientation;1;3;31.0;-46.0;-45.0;-39.0;25;6
2;97;108;11;0.876082999864593;6;-13.0;176;Ceylan & Pascucci (2023);Experiment 2;Orientation;1;3;-13.0;18.0;-59.0;-58.0;26;6
2;155;161;6;1.12434180011041;6;-58.0;177;Ceylan & Pascucci (2023);Experiment 2;Orientation;1;3;-58.0;-71.0;-40.0;63.0;27;6
2;161;159;-2;1.12527210009284;6;-6.0;178;Ceylan & Pascucci (2023);Experiment 2;Orientation;1;3;-6.0;-64.0;-77.0;-46.0;28;6
2;52;39;-13;0.766594500048086;6;-71.0;179;Ceylan & Pascucci (2023);Experiment 2;Orientation;1;3;-71.0;-77.0;45.0;32.0;29;6
2;52;39;-13;0.957669499795884;6;0.0;180;Ceylan & Pascucci (2023);Experiment 2;Orientation;1;3;0.0;-71.0;-77.0;45.0;30;6
2;156;156;0;1.8414396001026;7;76.0;181;Ceylan & Pascucci (2023);Experiment 2;Orientation;1;3;;;;;1;7
2;177;164;-13;1.18239250010811;7;-21.0;182;Ceylan & Pascucci (2023);Experiment 2;Orientation;1;3;;;;;2;7
2;101;107;6;1.64194540004246;7;76.0;183;Ceylan & Pascucci (2023);Experiment 2;Orientation;1;3;;;;;3;7
2;24;20;-4;1.26661910000257;7;77.0;184;Ceylan & Pascucci (2023);Experiment 2;Orientation;1;3;;;;;4;7
2;110;119;9;1.11567529989406;7;-86.0;185;Ceylan & Pascucci (2023);Experiment 2;Orientation;1;3;-86.0;-9.0;67.0;46.0;5;7
2;43;43;0;1.06689519993961;7;67.0;186;Ceylan & Pascucci (2023);Experiment 2;Orientation;1;3;67.0;-19.0;58.0;-46.0;6;7
2;48;33;-15;0.850263400003314;7;-5.0;187;Ceylan & Pascucci (2023);Experiment 2;Orientation;1;3;-5.0;62.0;-24.0;53.0;7;7
2;134;149;15;0.908703600056469;7;-86.0;188;Ceylan & Pascucci (2023);Experiment 2;Orientation;1;3;-86.0;89.0;-24.0;70.0;8;7
2;14;10;-4;1.1586823000107;7;-60.0;189;Ceylan & Pascucci (2023);Experiment 2;Orientation;1;3;-60.0;34.0;29.0;-84.0;9;7
2;159;143;-16;1.4164517999161;7;35.0;190;Ceylan & Pascucci (2023);Experiment 2;Orientation;1;3;35.0;-25.0;69.0;64.0;10;7
2;105;104;-1;1.54196049994789;7;54.0;191;Ceylan & Pascucci (2023);Experiment 2;Orientation;1;3;54.0;89.0;29.0;-57.0;11;7
2;52;47;-5;1.06542590004392;7;53.0;192;Ceylan & Pascucci (2023);Experiment 2;Orientation;1;3;53.0;-73.0;-38.0;82.0;12;7
2;144;136;-8;1.00029539992101;7;88.0;193;Ceylan & Pascucci (2023);Experiment 2;Orientation;1;3;88.0;-39.0;15.0;50.0;13;7
2;33;17;-16;1.12527550011873;7;-69.0;194;Ceylan & Pascucci (2023);Experiment 2;Orientation;1;3;-69.0;19.0;72.0;-54.0;14;7
2;86;96;10;1.14985899999738;7;-53.0;195;Ceylan & Pascucci (2023);Experiment 2;Orientation;1;3;-53.0;58.0;-34.0;19.0;15;7
2;97;110;13;1.26654970017262;7;-11.0;196;Ceylan & Pascucci (2023);Experiment 2;Orientation;1;3;-11.0;-64.0;47.0;-45.0;16;7
2;170;169;-1;1.49979209993035;7;-73.0;197;Ceylan & Pascucci (2023);Experiment 2;Orientation;1;3;-73.0;-84.0;43.0;-26.0;17;7
2;38;24;-14;2.24055980006233;7;-48.0;198;Ceylan & Pascucci (2023);Experiment 2;Orientation;1;3;-48.0;59.0;48.0;-5.0;18;7
2;95;101;6;1.99033490009606;7;-57.0;199;Ceylan & Pascucci (2023);Experiment 2;Orientation;1;3;-57.0;75.0;2.0;-9.0;19;7
2;153;160;7;1.03317350009456;7;-58.0;200;Ceylan & Pascucci (2023);Experiment 2;Orientation;1;3;-58.0;65.0;17.0;-56.0;20;7
2;52;52;0;1.05858299997635;7;-79.0;201;Ceylan & Pascucci (2023);Experiment 2;Orientation;1;3;-79.0;43.0;-14.0;-62.0;21;7
2;84;58;-26;1.14199649984948;7;-32.0;202;Ceylan & Pascucci (2023);Experiment 2;Orientation;1;3;-32.0;69.0;11.0;-46.0;22;7
2;34;13;-21;1.40827809995972;7;50.0;203;Ceylan & Pascucci (2023);Experiment 2;Orientation;1;3;50.0;18.0;-61.0;61.0;23;7
2;141;143;2;1.04198099998757;7;73.0;204;Ceylan & Pascucci (2023);Experiment 2;Orientation;1;3;73.0;-57.0;-89.0;12.0;24;7
2;62;44;-18;0.749896599911153;7;79.0;205;Ceylan & Pascucci (2023);Experiment 2;Orientation;1;3;79.0;-28.0;22.0;-10.0;25;7
2;21;7;-14;1.16666049999185;7;41.0;206;Ceylan & Pascucci (2023);Experiment 2;Orientation;1;3;41.0;-60.0;13.0;63.0;26;7
2;107;122;15;1.40867929998785;7;-86.0;207;Ceylan & Pascucci (2023);Experiment 2;Orientation;1;3;-86.0;-45.0;34.0;-73.0;27;7
2;74;72;-2;1.39194069989026;7;33.0;208;Ceylan & Pascucci (2023);Experiment 2;Orientation;1;3;33.0;-53.0;-12.0;67.0;28;7
2;10;179;-11;4.04163659992628;7;64.0;209;Ceylan & Pascucci (2023);Experiment 2;Orientation;1;3;64.0;-83.0;11.0;52.0;29;7
2;86;90;4;1.05027069989592;7;-76.0;210;Ceylan & Pascucci (2023);Experiment 2;Orientation;1;3;-76.0;-12.0;21.0;-65.0;30;7
2;134;125;-9;1.30034670000896;8;-48.0;211;Ceylan & Pascucci (2023);Experiment 2;Orientation;1;3;;;;;1;8
2;133;150;17;1.31646450003609;8;1.0;212;Ceylan & Pascucci (2023);Experiment 2;Orientation;1;3;;;;;2;8
2;60;55;-5;0.824925699969754;8;73.0;213;Ceylan & Pascucci (2023);Experiment 2;Orientation;1;3;;;;;3;8
2;160;165;5;1.50812510005198;8;80.0;214;Ceylan & Pascucci (2023);Experiment 2;Orientation;1;3;;;;;4;8
2;9;7;-2;1.1171222999692;8;-29.0;215;Ceylan & Pascucci (2023);Experiment 2;Orientation;1;3;-29.0;51.0;-56.0;-55.0;5;8
2;69;72;3;1.60024950001389;8;-60.0;216;Ceylan & Pascucci (2023);Experiment 2;Orientation;1;3;-60.0;-89.0;-9.0;64.0;6;8
2;161;153;-8;1.11601029988378;8;88.0;217;Ceylan & Pascucci (2023);Experiment 2;Orientation;1;3;88.0;28.0;-1.0;79.0;7;8
2;142;151;9;1.78290840005502;8;19.0;218;Ceylan & Pascucci (2023);Experiment 2;Orientation;1;3;19.0;-73.0;47.0;18.0;8;8
2;47;31;-16;2.28151740017347;8;-85.0;219;Ceylan & Pascucci (2023);Experiment 2;Orientation;1;3;-85.0;-66.0;22.0;-38.0;9;8
2;84;97;13;1.88258109986782;8;-37.0;220;Ceylan & Pascucci (2023);Experiment 2;Orientation;1;3;-37.0;58.0;77.0;-15.0;10;8
2;78;75;-3;1.30834969994612;8;6.0;221;Ceylan & Pascucci (2023);Experiment 2;Orientation;1;3;6.0;-31.0;64.0;83.0;11;8
2;107;110;3;1.3252326999791;8;-29.0;222;Ceylan & Pascucci (2023);Experiment 2;Orientation;1;3;-29.0;-23.0;-60.0;35.0;12;8
2;71;66;-5;1.10825200006366;8;36.0;223;Ceylan & Pascucci (2023);Experiment 2;Orientation;1;3;36.0;7.0;13.0;-24.0;13;8
2;118;127;9;0.90019640000537;8;-47.0;224;Ceylan & Pascucci (2023);Experiment 2;Orientation;1;3;-47.0;-11.0;-40.0;-34.0;14;8
2;88;86;-2;1.35764970001765;8;30.0;225;Ceylan & Pascucci (2023);Experiment 2;Orientation;1;3;30.0;-17.0;19.0;-10.0;15;8
2;121;122;1;1.29992830008268;8;-33.0;226;Ceylan & Pascucci (2023);Experiment 2;Orientation;1;3;-33.0;-3.0;-50.0;-14.0;16;8
2;77;75;-2;0.949333499884233;8;44.0;227;Ceylan & Pascucci (2023);Experiment 2;Orientation;1;3;44.0;11.0;41.0;-6.0;17;8
2;24;9;-15;0.966653300216421;8;53.0;228;Ceylan & Pascucci (2023);Experiment 2;Orientation;1;3;53.0;-83.0;64.0;-86.0;18;8
2;24;13;-11;1.09994690003805;8;0.0;229;Ceylan & Pascucci (2023);Experiment 2;Orientation;1;3;0.0;53.0;-83.0;64.0;19;8
2;22;16;-6;1.32398570002988;8;2.0;230;Ceylan & Pascucci (2023);Experiment 2;Orientation;1;3;2.0;2.0;55.0;-81.0;20;8
2;134;151;17;0.874759900150821;8;68.0;231;Ceylan & Pascucci (2023);Experiment 2;Orientation;1;3;68.0;70.0;70.0;-57.0;21;8
2;55;44;-11;1.15854780003428;8;79.0;232;Ceylan & Pascucci (2023);Experiment 2;Orientation;1;3;79.0;-33.0;-31.0;-31.0;22;8
2;171;169;-2;1.34203960001469;8;64.0;233;Ceylan & Pascucci (2023);Experiment 2;Orientation;1;3;64.0;-37.0;31.0;33.0;23;8
2;97;104;7;1.19942640000954;8;74.0;234;Ceylan & Pascucci (2023);Experiment 2;Orientation;1;3;74.0;-42.0;37.0;-75.0;24;8
2;100;105;5;1.65846460009925;8;-3.0;235;Ceylan & Pascucci (2023);Experiment 2;Orientation;1;3;-3.0;71.0;-45.0;34.0;25;8
2;179;171;-8;1.46702979994006;8;-79.0;236;Ceylan & Pascucci (2023);Experiment 2;Orientation;1;3;-79.0;-82.0;-8.0;56.0;26;8
2;127;135;8;1.02498669992201;8;52.0;237;Ceylan & Pascucci (2023);Experiment 2;Orientation;1;3;52.0;-27.0;-30.0;44.0;27;8
2;38;22;-16;1.00012340000831;8;89.0;238;Ceylan & Pascucci (2023);Experiment 2;Orientation;1;3;89.0;-39.0;62.0;59.0;28;8
2;42;17;-25;0.999939600005746;8;-4.0;239;Ceylan & Pascucci (2023);Experiment 2;Orientation;1;3;-4.0;85.0;-43.0;58.0;29;8
2;94;102;8;1.24131640000269;8;-52.0;240;Ceylan & Pascucci (2023);Experiment 2;Orientation;1;3;-52.0;-56.0;33.0;85.0;30;8
2;116;120;4;1.21684210002422;9;-22.0;241;Ceylan & Pascucci (2023);Experiment 2;Orientation;1;3;;;;;1;9
2;176;170;-6;1.49193709995598;9;-60.0;242;Ceylan & Pascucci (2023);Experiment 2;Orientation;1;3;;;;;2;9
2;86;83;-3;1.82527039991692;9;90.0;243;Ceylan & Pascucci (2023);Experiment 2;Orientation;1;3;;;;;3;9
2;148;170;22;1.6988977000583;9;-62.0;244;Ceylan & Pascucci (2023);Experiment 2;Orientation;1;3;;;;;4;9
2;134;144;10;1.07439109985717;9;14.0;245;Ceylan & Pascucci (2023);Experiment 2;Orientation;1;3;14.0;-48.0;42.0;-18.0;5;9
2;78;76;-2;1.65033689979464;9;56.0;246;Ceylan & Pascucci (2023);Experiment 2;Orientation;1;3;56.0;70.0;8.0;-82.0;6;9
2;7;33;26;1.88267870014533;9;71.0;247;Ceylan & Pascucci (2023);Experiment 2;Orientation;1;3;71.0;-53.0;-39.0;79.0;7;9
2;95;112;17;1.05850729998201;9;-88.0;248;Ceylan & Pascucci (2023);Experiment 2;Orientation;1;3;-88.0;-17.0;39.0;53.0;8;9
2;39;28;-11;1.16528610000387;9;56.0;249;Ceylan & Pascucci (2023);Experiment 2;Orientation;1;3;56.0;-32.0;39.0;-85.0;9;9
2;165;156;-9;1.25810740003362;9;54.0;250;Ceylan & Pascucci (2023);Experiment 2;Orientation;1;3;54.0;-70.0;22.0;-87.0;10;9
2;102;105;3;1.36570169986226;9;63.0;251;Ceylan & Pascucci (2023);Experiment 2;Orientation;1;3;63.0;-63.0;-7.0;85.0;11;9
2;162;164;2;1.36676169978455;9;-60.0;252;Ceylan & Pascucci (2023);Experiment 2;Orientation;1;3;-60.0;3.0;57.0;-67.0;12;9
2;125;137;12;1.49104170012288;9;37.0;253;Ceylan & Pascucci (2023);Experiment 2;Orientation;1;3;37.0;-23.0;40.0;-86.0;13;9
2;151;148;-3;0.783689100062475;9;-26.0;254;Ceylan & Pascucci (2023);Experiment 2;Orientation;1;3;-26.0;11.0;-49.0;14.0;14;9
2;45;36;-9;1.04146190010943;9;-74.0;255;Ceylan & Pascucci (2023);Experiment 2;Orientation;1;3;-74.0;80.0;-63.0;57.0;15;9
2;59;52;-7;1.52366399997845;9;-14.0;256;Ceylan & Pascucci (2023);Experiment 2;Orientation;1;3;-14.0;-88.0;66.0;-77.0;16;9
2;18;38;20;1.66641549998894;9;41.0;257;Ceylan & Pascucci (2023);Experiment 2;Orientation;1;3;41.0;27.0;-47.0;-73.0;17;9
2;97;109;12;1.42430229997262;9;-79.0;258;Ceylan & Pascucci (2023);Experiment 2;Orientation;1;3;-79.0;-38.0;-52.0;54.0;18;9
2;17;2;-15;1.11565029993653;9;80.0;259;Ceylan & Pascucci (2023);Experiment 2;Orientation;1;3;80.0;1.0;42.0;28.0;19;9
2;24;6;-18;1.76587359979749;9;-7.0;260;Ceylan & Pascucci (2023);Experiment 2;Orientation;1;3;-7.0;73.0;-6.0;35.0;20;9
2;142;162;20;1.49140870012343;9;62.0;261;Ceylan & Pascucci (2023);Experiment 2;Orientation;1;3;62.0;55.0;-45.0;56.0;21;9
2;35;16;-19;1.79986519995145;9;-73.0;262;Ceylan & Pascucci (2023);Experiment 2;Orientation;1;3;-73.0;-11.0;-18.0;62.0;22;9
2;91;100;9;1.09993330016732;9;-56.0;263;Ceylan & Pascucci (2023);Experiment 2;Orientation;1;3;-56.0;51.0;-67.0;-74.0;23;9
2;123;121;-2;0.890252500073984;9;-32.0;264;Ceylan & Pascucci (2023);Experiment 2;Orientation;1;3;-32.0;-88.0;19.0;81.0;24;9
2;85;83;-2;1.11699180002324;9;38.0;265;Ceylan & Pascucci (2023);Experiment 2;Orientation;1;3;38.0;6.0;-50.0;57.0;25;9
2;127;134;7;1.60723530012183;9;-42.0;266;Ceylan & Pascucci (2023);Experiment 2;Orientation;1;3;-42.0;-4.0;-36.0;88.0;26;9
2;34;19;-15;1.14985940000042;9;-87.0;267;Ceylan & Pascucci (2023);Experiment 2;Orientation;1;3;-87.0;51.0;89.0;57.0;27;9
2;103;117;14;0.875328900059685;9;-69.0;268;Ceylan & Pascucci (2023);Experiment 2;Orientation;1;3;-69.0;24.0;-18.0;20.0;28;9
2;84;77;-7;1.29036119999364;9;19.0;269;Ceylan & Pascucci (2023);Experiment 2;Orientation;1;3;19.0;-50.0;43.0;1.0;29;9
2;174;167;-7;1.36667789984494;9;-90.0;270;Ceylan & Pascucci (2023);Experiment 2;Orientation;1;3;90.0;-71.0;40.0;-47.0;30;9
2;7;8;1;6.34874769998714;10;-13.0;271;Ceylan & Pascucci (2023);Experiment 2;Orientation;1;3;;;;;1;10
2;17;15;-2;1.23297619982623;10;-10.0;272;Ceylan & Pascucci (2023);Experiment 2;Orientation;1;3;;;;;2;10
2;53;40;-13;1.14199250005186;10;-36.0;273;Ceylan & Pascucci (2023);Experiment 2;Orientation;1;3;;;;;3;10
2;57;57;0;1.5582564000506;10;-4.0;274;Ceylan & Pascucci (2023);Experiment 2;Orientation;1;3;;;;;4;10
2;64;52;-12;1.1836041000206;10;-7.0;275;Ceylan & Pascucci (2023);Experiment 2;Orientation;1;3;-7.0;-11.0;-47.0;-57.0;5;10
2;107;101;-6;1.32493899995461;10;-43.0;276;Ceylan & Pascucci (2023);Experiment 2;Orientation;1;3;-43.0;-50.0;-54.0;90.0;6;10
2;155;145;-10;1.23227579984814;10;-48.0;277;Ceylan & Pascucci (2023);Experiment 2;Orientation;1;3;-48.0;89.0;82.0;78.0;7;10
2;79;75;-4;1.2748169999104;10;76.0;278;Ceylan & Pascucci (2023);Experiment 2;Orientation;1;3;76.0;28.0;-15.0;-22.0;8;10
2;102;110;8;0.999887499958277;10;-23.0;279;Ceylan & Pascucci (2023);Experiment 2;Orientation;1;3;-23.0;53.0;5.0;-38.0;9;10
2;158;162;4;0.991825300035998;10;-56.0;280;Ceylan & Pascucci (2023);Experiment 2;Orientation;1;3;-56.0;-79.0;-3.0;-51.0;10;10
2;134;138;4;1.06691859988496;10;24.0;281;Ceylan & Pascucci (2023);Experiment 2;Orientation;1;3;24.0;-32.0;-55.0;21.0;11;10
2;6;6;0;1.99842610000633;10;-52.0;282;Ceylan & Pascucci (2023);Experiment 2;Orientation;1;3;-52.0;-28.0;-84.0;73.0;12;10
2;43;41;-2;0.724928900133818;10;-37.0;283;Ceylan & Pascucci (2023);Experiment 2;Orientation;1;3;-37.0;-89.0;-65.0;59.0;13;10
2;2;172;-10;1.09198620007373;10;41.0;284;Ceylan & Pascucci (2023);Experiment 2;Orientation;1;3;41.0;4.0;-48.0;-24.0;14;10
2;119;120;1;1.24895959999412;10;63.0;285;Ceylan & Pascucci (2023);Experiment 2;Orientation;1;3;63.0;-76.0;67.0;15.0;15;10
2;39;33;-6;1.09167010011151;10;80.0;286;Ceylan & Pascucci (2023);Experiment 2;Orientation;1;3;80.0;-37.0;4.0;-33.0;16;10
2;95;101;6;0.950277999974787;10;-56.0;287;Ceylan & Pascucci (2023);Experiment 2;Orientation;1;3;-56.0;24.0;87.0;-52.0;17;10
2;171;157;-14;1.29984100000001;10;-76.0;288;Ceylan & Pascucci (2023);Experiment 2;Orientation;1;3;-76.0;48.0;-52.0;11.0;18;10
2;52;35;-17;1.1421074999962;10;-61.0;289;Ceylan & Pascucci (2023);Experiment 2;Orientation;1;3;-61.0;43.0;-13.0;67.0;19;10
2;64;54;-10;1.99094359995797;10;-12.0;290;Ceylan & Pascucci (2023);Experiment 2;Orientation;1;3;-12.0;-73.0;31.0;-25.0;20;10
2;133;132;-1;1.65688139991835;10;-69.0;291;Ceylan & Pascucci (2023);Experiment 2;Orientation;1;3;-69.0;-81.0;38.0;-38.0;21;10
2;152;139;-13;0.965774200158194;10;-19.0;292;Ceylan & Pascucci (2023);Experiment 2;Orientation;1;3;-19.0;-88.0;80.0;19.0;22;10
2;146;149;3;1.29187309998088;10;6.0;293;Ceylan & Pascucci (2023);Experiment 2;Orientation;1;3;6.0;-13.0;-82.0;86.0;23;10
2;80;81;1;0.991504099918529;10;66.0;294;Ceylan & Pascucci (2023);Experiment 2;Orientation;1;3;66.0;72.0;53.0;-16.0;24;10
2;120;129;9;1.19191169994883;10;-40.0;295;Ceylan & Pascucci (2023);Experiment 2;Orientation;1;3;-40.0;26.0;32.0;13.0;25;10
2;110;120;10;1.50024030008353;10;10.0;296;Ceylan & Pascucci (2023);Experiment 2;Orientation;1;3;10.0;-30.0;36.0;42.0;26;10
2;135;131;-4;1.55015680007637;10;-25.0;297;Ceylan & Pascucci (2023);Experiment 2;Orientation;1;3;-25.0;-15.0;-55.0;11.0;27;10
2;18;17;-1;1.80007679993287;10;-63.0;298;Ceylan & Pascucci (2023);Experiment 2;Orientation;1;3;-63.0;-88.0;-78.0;62.0;28;10
2;65;57;-8;1.79976189997979;10;-47.0;299;Ceylan & Pascucci (2023);Experiment 2;Orientation;1;3;-47.0;70.0;45.0;55.0;29;10
2;179;9;10;0.858299700077623;10;66.0;300;Ceylan & Pascucci (2023);Experiment 2;Orientation;1;3;66.0;19.0;-44.0;-69.0;30;10
3;91;90;-1;2.72355809994042;1;;1;Ceylan & Pascucci (2023);Experiment 2;Orientation;1;3;;;;;1;1
3;73;76;3;1.67478729994036;1;18.0;2;Ceylan & Pascucci (2023);Experiment 2;Orientation;1;3;;;;;2;1
3;36;35;-1;1.4749276000075;1;37.0;3;Ceylan & Pascucci (2023);Experiment 2;Orientation;1;3;;;;;3;1
3;64;70;6;1.70806049997918;1;-28.0;4;Ceylan & Pascucci (2023);Experiment 2;Orientation;1;3;;;;;4;1
3;74;65;-9;1.17526490008458;1;-10.0;5;Ceylan & Pascucci (2023);Experiment 2;Orientation;1;3;-10.0;-38.0;-1.0;17.0;5;1
3;49;52;3;1.24203610001132;1;25.0;6;Ceylan & Pascucci (2023);Experiment 2;Orientation;1;3;25.0;15.0;-13.0;24.0;6;1
3;15;11;-4;1.95850089984015;1;34.0;7;Ceylan & Pascucci (2023);Experiment 2;Orientation;1;3;34.0;59.0;49.0;21.0;7;1
3;65;64;-1;2.12475530011579;1;-50.0;8;Ceylan & Pascucci (2023);Experiment 2;Orientation;1;3;-50.0;-16.0;9.0;-1.0;8;1
3;15;11;-4;1.34977729991078;1;50.0;9;Ceylan & Pascucci (2023);Experiment 2;Orientation;1;3;50.0;0.0;34.0;59.0;9;1
3;89;92;3;1.78290749993175;1;-74.0;10;Ceylan & Pascucci (2023);Experiment 2;Orientation;1;3;-74.0;-24.0;-74.0;-40.0;10;1
3;76;74;-2;1.44196549989283;1;13.0;11;Ceylan & Pascucci (2023);Experiment 2;Orientation;1;3;13.0;-61.0;-11.0;-61.0;11;1
3;21;21;0;1.15872730012052;1;55.0;12;Ceylan & Pascucci (2023);Experiment 2;Orientation;1;3;55.0;68.0;-6.0;44.0;12;1
3;128;132;4;5.19141529989429;1;73.0;13;Ceylan & Pascucci (2023);Experiment 2;Orientation;1;3;73.0;-52.0;-39.0;67.0;13;1
3;90;95;5;1.32363849994726;1;38.0;14;Ceylan & Pascucci (2023);Experiment 2;Orientation;1;3;38.0;-69.0;-14.0;-1.0;14;1
3;145;135;-10;1.90019040019251;1;-55.0;15;Ceylan & Pascucci (2023);Experiment 2;Orientation;1;3;-55.0;-17.0;56.0;-69.0;15;1
3;68;62;-6;2.30734489997849;1;77.0;16;Ceylan & Pascucci (2023);Experiment 2;Orientation;1;3;77.0;22.0;60.0;-47.0;16;1
3;47;76;29;1.68312739999965;1;21.0;17;Ceylan & Pascucci (2023);Experiment 2;Orientation;1;3;21.0;-82.0;43.0;81.0;17;1
3;106;117;11;1.44202830013819;1;-59.0;18;Ceylan & Pascucci (2023);Experiment 2;Orientation;1;3;-59.0;-38.0;39.0;-16.0;18;1
3;81;71;-10;2.99913090001792;1;25.0;19;Ceylan & Pascucci (2023);Experiment 2;Orientation;1;3;25.0;-34.0;-13.0;64.0;19;1
3;119;113;-6;3.60702100000344;1;-38.0;20;Ceylan & Pascucci (2023);Experiment 2;Orientation;1;3;-38.0;-13.0;-72.0;-51.0;20;1
3;58;66;8;1.74979749997146;1;61.0;21;Ceylan & Pascucci (2023);Experiment 2;Orientation;1;3;61.0;23.0;48.0;-11.0;21;1
3;156;160;4;1.62429099995643;1;82.0;22;Ceylan & Pascucci (2023);Experiment 2;Orientation;1;3;82.0;-37.0;-75.0;-50.0;22;1
3;94;90;-4;2.391979200067;1;62.0;23;Ceylan & Pascucci (2023);Experiment 2;Orientation;1;3;62.0;-36.0;25.0;-13.0;23;1
3;172;166;-6;1.86679340014234;1;-78.0;24;Ceylan & Pascucci (2023);Experiment 2;Orientation;1;3;-78.0;-16.0;66.0;-53.0;24;1
3;88;92;4;5.274483300047;1;84.0;25;Ceylan & Pascucci (2023);Experiment 2;Orientation;1;3;84.0;6.0;68.0;-30.0;25;1
3;153;152;-1;1.74992019985802;1;-65.0;26;Ceylan & Pascucci (2023);Experiment 2;Orientation;1;3;-65.0;19.0;-59.0;3.0;26;1
3;30;27;-3;3.6083722000476;1;-57.0;27;Ceylan & Pascucci (2023);Experiment 2;Orientation;1;3;-57.0;58.0;-38.0;64.0;27;1
3;66;57;-9;1.25020850007422;1;-36.0;28;Ceylan & Pascucci (2023);Experiment 2;Orientation;1;3;-36.0;87.0;22.0;-74.0;28;1
3;7;13;6;1.27484260010533;1;59.0;29;Ceylan & Pascucci (2023);Experiment 2;Orientation;1;3;59.0;23.0;-34.0;81.0;29;1
3;157;160;3;1.848922500154;1;30.0;30;Ceylan & Pascucci (2023);Experiment 2;Orientation;1;3;30.0;89.0;53.0;-4.0;30;1
3;156;150;-6;1.66681009996682;2;1.0;31;Ceylan & Pascucci (2023);Experiment 2;Orientation;1;3;;;;;1;2
3;113;112;-1;1.1249017000664;2;43.0;32;Ceylan & Pascucci (2023);Experiment 2;Orientation;1;3;;;;;2;2
3;21;41;20;0.990267500048503;2;-88.0;33;Ceylan & Pascucci (2023);Experiment 2;Orientation;1;3;;;;;3;2
3;74;74;0;3.55743950000033;2;-53.0;34;Ceylan & Pascucci (2023);Experiment 2;Orientation;1;3;;;;;4;2
3;118;122;4;1.19990039989352;2;-44.0;35;Ceylan & Pascucci (2023);Experiment 2;Orientation;1;3;-44.0;83.0;-5.0;38.0;5;2
3;107;98;-9;3.34184610005468;2;11.0;36;Ceylan & Pascucci (2023);Experiment 2;Orientation;1;3;11.0;-33.0;-86.0;6.0;6;2
3;144;119;-25;2.05841489997692;2;-37.0;37;Ceylan & Pascucci (2023);Experiment 2;Orientation;1;3;-37.0;-26.0;-70.0;57.0;7;2
3;82;83;1;2.57426119991578;2;62.0;38;Ceylan & Pascucci (2023);Experiment 2;Orientation;1;3;62.0;25.0;36.0;-8.0;8;2
3;138;112;-26;3.832504699938;2;-56.0;39;Ceylan & Pascucci (2023);Experiment 2;Orientation;1;3;-56.0;6.0;-31.0;-20.0;9;2
3;24;61;37;3.1744870999828;2;-66.0;40;Ceylan & Pascucci (2023);Experiment 2;Orientation;1;3;-66.0;58.0;-60.0;83.0;10;2
3;49;73;24;1.74058190011419;2;-25.0;41;Ceylan & Pascucci (2023);Experiment 2;Orientation;1;3;-25.0;89.0;33.0;-85.0;11;2
3;103;98;-5;2.84822660009377;2;-54.0;42;Ceylan & Pascucci (2023);Experiment 2;Orientation;1;3;-54.0;-79.0;35.0;-21.0;12;2
3;171;173;2;2.83204120001756;2;-68.0;43;Ceylan & Pascucci (2023);Experiment 2;Orientation;1;3;-68.0;58.0;33.0;-33.0;13;2
3;176;20;24;1.78305520000868;2;-5.0;44;Ceylan & Pascucci (2023);Experiment 2;Orientation;1;3;-5.0;-73.0;53.0;28.0;14;2
3;89;85;-4;2.68341509997845;2;87.0;45;Ceylan & Pascucci (2023);Experiment 2;Orientation;1;3;87.0;82.0;14.0;-40.0;15;2
3;151;163;12;3.31669669994153;2;-62.0;46;Ceylan & Pascucci (2023);Experiment 2;Orientation;1;3;-62.0;25.0;20.0;-48.0;16;2
3;75;69;-6;1.69149659993127;2;76.0;47;Ceylan & Pascucci (2023);Experiment 2;Orientation;1;3;76.0;14.0;-79.0;-84.0;17;2
3;140;121;-19;1.31650309986435;2;-65.0;48;Ceylan & Pascucci (2023);Experiment 2;Orientation;1;3;-65.0;11.0;-51.0;36.0;18;2
3;49;52;3;1.25811150018126;2;-89.0;49;Ceylan & Pascucci (2023);Experiment 2;Orientation;1;3;-89.0;26.0;-78.0;40.0;19;2
3;48;49;1;1.9655766999349;2;1.0;50;Ceylan & Pascucci (2023);Experiment 2;Orientation;1;3;1.0;-88.0;27.0;-77.0;20;2
3;44;48;4;1.73322200006805;2;4.0;51;Ceylan & Pascucci (2023);Experiment 2;Orientation;1;3;4.0;5.0;-84.0;31.0;21;2
3;34;43;9;1.73214529990219;2;10.0;52;Ceylan & Pascucci (2023);Experiment 2;Orientation;1;3;10.0;14.0;15.0;-74.0;22;2
3;11;27;16;5.56514200009406;2;23.0;53;Ceylan & Pascucci (2023);Experiment 2;Orientation;1;3;23.0;33.0;37.0;38.0;23;2
3;75;70;-5;1.99995599989779;2;-64.0;54;Ceylan & Pascucci (2023);Experiment 2;Orientation;1;3;-64.0;-41.0;-31.0;-27.0;24;2
3;63;67;4;1.79152420000173;2;12.0;55;Ceylan & Pascucci (2023);Experiment 2;Orientation;1;3;12.0;-52.0;-29.0;-19.0;25;2
3;15;20;5;1.5909439001698;2;48.0;56;Ceylan & Pascucci (2023);Experiment 2;Orientation;1;3;48.0;60.0;-4.0;19.0;26;2
3;13;21;8;1.92529989988543;2;2.0;57;Ceylan & Pascucci (2023);Experiment 2;Orientation;1;3;2.0;50.0;62.0;-2.0;27;2
3;59;81;22;1.31689899996854;2;-46.0;58;Ceylan & Pascucci (2023);Experiment 2;Orientation;1;3;-46.0;-44.0;4.0;16.0;28;2
3;89;88;-1;1.85863509983756;2;-30.0;59;Ceylan & Pascucci (2023);Experiment 2;Orientation;1;3;-30.0;-76.0;-74.0;-26.0;29;2
3;168;160;-8;1.94094370002858;2;-79.0;60;Ceylan & Pascucci (2023);Experiment 2;Orientation;1;3;-79.0;71.0;25.0;27.0;30;2
3;160;159;-1;2.03261730005033;3;8.0;61;Ceylan & Pascucci (2023);Experiment 2;Orientation;1;3;;;;;1;3
3;126;117;-9;1.95820560003631;3;34.0;62;Ceylan & Pascucci (2023);Experiment 2;Orientation;1;3;;;;;2;3
3;51;68;17;3.14861149992794;3;75.0;63;Ceylan & Pascucci (2023);Experiment 2;Orientation;1;3;;;;;3;3
3;124;127;3;1.40959419985302;3;-73.0;64;Ceylan & Pascucci (2023);Experiment 2;Orientation;1;3;;;;;4;3
3;54;69;15;2.01634950004518;3;70.0;65;Ceylan & Pascucci (2023);Experiment 2;Orientation;1;3;70.0;-3.0;72.0;-74.0;5;3
3;46;53;7;1.24998419987969;3;8.0;66;Ceylan & Pascucci (2023);Experiment 2;Orientation;1;3;8.0;78.0;5.0;80.0;6;3
3;64;72;8;1.66670159995556;3;-18.0;67;Ceylan & Pascucci (2023);Experiment 2;Orientation;1;3;-18.0;-10.0;60.0;-13.0;7;3
3;122;114;-8;1.59184769983403;3;-58.0;68;Ceylan & Pascucci (2023);Experiment 2;Orientation;1;3;-58.0;-76.0;-68.0;2.0;8;3
3;129;124;-5;1.59143949998543;3;-7.0;69;Ceylan & Pascucci (2023);Experiment 2;Orientation;1;3;-7.0;-65.0;-83.0;-75.0;9;3
3;106;106;0;0.900048800045624;3;23.0;70;Ceylan & Pascucci (2023);Experiment 2;Orientation;1;3;23.0;16.0;-42.0;-60.0;10;3
3;151;121;-30;1.97527830000035;3;-45.0;71;Ceylan & Pascucci (2023);Experiment 2;Orientation;1;3;-45.0;-22.0;-29.0;-87.0;11;3
3;112;101;-11;2.26681399997324;3;39.0;72;Ceylan & Pascucci (2023);Experiment 2;Orientation;1;3;39.0;-6.0;17.0;10.0;12;3
3;134;133;-1;3.24129829998128;3;-22.0;73;Ceylan & Pascucci (2023);Experiment 2;Orientation;1;3;-22.0;17.0;-28.0;-5.0;13;3
3;155;154;-1;1.40890210005455;3;-21.0;74;Ceylan & Pascucci (2023);Experiment 2;Orientation;1;3;-21.0;-43.0;-4.0;-49.0;14;3
3;82;81;-1;1.96688030008227;3;73.0;75;Ceylan & Pascucci (2023);Experiment 2;Orientation;1;3;73.0;52.0;30.0;69.0;15;3
3;156;151;-5;2.27471880009398;3;-74.0;76;Ceylan & Pascucci (2023);Experiment 2;Orientation;1;3;-74.0;-1.0;-22.0;-44.0;16;3
3;70;49;-21;1.06656789989211;3;86.0;77;Ceylan & Pascucci (2023);Experiment 2;Orientation;1;3;86.0;12.0;85.0;64.0;17;3
3;169;170;1;2.35016219993122;3;81.0;78;Ceylan & Pascucci (2023);Experiment 2;Orientation;1;3;81.0;-13.0;-87.0;-14.0;18;3
3;144;137;-7;1.64873409993015;3;25.0;79;Ceylan & Pascucci (2023);Experiment 2;Orientation;1;3;25.0;-74.0;12.0;-62.0;19;3
3;45;51;6;2.13313500001095;3;-81.0;80;Ceylan & Pascucci (2023);Experiment 2;Orientation;1;3;-81.0;-56.0;25.0;-69.0;20;3
3;78;86;8;2.93261499982327;3;-33.0;81;Ceylan & Pascucci (2023);Experiment 2;Orientation;1;3;-33.0;66.0;-89.0;-8.0;21;3
3;28;33;5;2.21540579991415;3;50.0;82;Ceylan & Pascucci (2023);Experiment 2;Orientation;1;3;50.0;17.0;-64.0;-39.0;22;3
3;110;113;3;2.31681580003351;3;-82.0;83;Ceylan & Pascucci (2023);Experiment 2;Orientation;1;3;-82.0;-32.0;-65.0;34.0;23;3
3;77;79;2;3.06673989980482;3;33.0;84;Ceylan & Pascucci (2023);Experiment 2;Orientation;1;3;33.0;-49.0;1.0;-32.0;24;3
3;158;165;7;1.93289980012923;3;-81.0;85;Ceylan & Pascucci (2023);Experiment 2;Orientation;1;3;-81.0;-48.0;50.0;-80.0;25;3
3;162;164;2;4.14060320006683;3;-4.0;86;Ceylan & Pascucci (2023);Experiment 2;Orientation;1;3;-4.0;-85.0;-52.0;46.0;26;3
3;96;99;3;2.73246259987354;3;66.0;87;Ceylan & Pascucci (2023);Experiment 2;Orientation;1;3;66.0;62.0;-19.0;14.0;27;3
3;42;43;1;1.47540340013802;3;54.0;88;Ceylan & Pascucci (2023);Experiment 2;Orientation;1;3;54.0;-60.0;-64.0;35.0;28;3
3;157;162;5;3.47514989995398;3;65.0;89;Ceylan & Pascucci (2023);Experiment 2;Orientation;1;3;65.0;-61.0;5.0;1.0;29;3
3;20;20;0;4.42456330009736;3;-43.0;90;Ceylan & Pascucci (2023);Experiment 2;Orientation;1;3;-43.0;22.0;76.0;-38.0;30;3
3;89;84;-5;1.44096849998459;4;-69.0;91;Ceylan & Pascucci (2023);Experiment 2;Orientation;1;3;;;;;1;4
3;5;3;-2;2.14979150006548;4;84.0;92;Ceylan & Pascucci (2023);Experiment 2;Orientation;1;3;;;;;2;4
3;130;122;-8;1.47480350011028;4;55.0;93;Ceylan & Pascucci (2023);Experiment 2;Orientation;1;3;;;;;3;4
3;66;73;7;2.94879449997097;4;64.0;94;Ceylan & Pascucci (2023);Experiment 2;Orientation;1;3;;;;;4;4
3;29;41;12;0.991541299968958;4;37.0;95;Ceylan & Pascucci (2023);Experiment 2;Orientation;1;3;37.0;-79.0;-24.0;60.0;5;4
3;2;2;0;2.75861649983563;4;27.0;96;Ceylan & Pascucci (2023);Experiment 2;Orientation;1;3;27.0;64.0;-52.0;3.0;6;4
3;29;32;3;1.33358940016478;4;-27.0;97;Ceylan & Pascucci (2023);Experiment 2;Orientation;1;3;-27.0;0.0;37.0;-79.0;7;4
3;24;17;-7;3.18346780003048;4;5.0;98;Ceylan & Pascucci (2023);Experiment 2;Orientation;1;3;5.0;-22.0;5.0;42.0;8;4
3;41;53;12;2.15019559999928;4;-17.0;99;Ceylan & Pascucci (2023);Experiment 2;Orientation;1;3;-17.0;-12.0;-39.0;-12.0;9;4
3;56;67;11;1.84937930013984;4;-15.0;100;Ceylan & Pascucci (2023);Experiment 2;Orientation;1;3;-15.0;-32.0;-27.0;-54.0;10;4
3;48;63;15;1.86589390016161;4;8.0;101;Ceylan & Pascucci (2023);Experiment 2;Orientation;1;3;8.0;-7.0;-24.0;-19.0;11;4
3;73;78;5;1.85013810009696;4;-25.0;102;Ceylan & Pascucci (2023);Experiment 2;Orientation;1;3;-25.0;-17.0;-32.0;-49.0;12;4
3;98;102;4;1.49903210019693;4;-25.0;103;Ceylan & Pascucci (2023);Experiment 2;Orientation;1;3;-25.0;-50.0;-42.0;-57.0;13;4
3;83;81;-2;1.64174760016613;4;15.0;104;Ceylan & Pascucci (2023);Experiment 2;Orientation;1;3;15.0;-10.0;-35.0;-27.0;14;4
3;28;21;-7;2.74882000009529;4;55.0;105;Ceylan & Pascucci (2023);Experiment 2;Orientation;1;3;55.0;70.0;45.0;20.0;15;4
3;67;70;3;1.24197390000336;4;-39.0;106;Ceylan & Pascucci (2023);Experiment 2;Orientation;1;3;-39.0;16.0;31.0;6.0;16;4
3;50;48;-2;1.62504529999569;4;17.0;107;Ceylan & Pascucci (2023);Experiment 2;Orientation;1;3;17.0;-22.0;33.0;48.0;17;4
3;114;107;-7;1.97456620004959;4;-64.0;108;Ceylan & Pascucci (2023);Experiment 2;Orientation;1;3;-64.0;-47.0;-86.0;-31.0;18;4
3;79;85;6;2.33354869997129;4;35.0;109;Ceylan & Pascucci (2023);Experiment 2;Orientation;1;3;35.0;-29.0;-12.0;-51.0;19;4
3;61;64;3;1.34987070015632;4;18.0;110;Ceylan & Pascucci (2023);Experiment 2;Orientation;1;3;18.0;53.0;-11.0;6.0;20;4
3;74;76;2;1.48324039997533;4;-13.0;111;Ceylan & Pascucci (2023);Experiment 2;Orientation;1;3;-13.0;5.0;40.0;-24.0;21;4
3;98;112;14;1.01666689990088;4;-24.0;112;Ceylan & Pascucci (2023);Experiment 2;Orientation;1;3;-24.0;-37.0;-19.0;16.0;22;4
3;52;61;9;1.40020149992779;4;46.0;113;Ceylan & Pascucci (2023);Experiment 2;Orientation;1;3;46.0;22.0;9.0;27.0;23;4
3;64;43;-21;4.31530030001886;4;-12.0;114;Ceylan & Pascucci (2023);Experiment 2;Orientation;1;3;-12.0;34.0;10.0;-3.0;24;4
3;10;23;13;1.46689789998345;4;54.0;115;Ceylan & Pascucci (2023);Experiment 2;Orientation;1;3;54.0;42.0;88.0;64.0;25;4
3;5;16;11;2.24852279992774;4;5.0;116;Ceylan & Pascucci (2023);Experiment 2;Orientation;1;3;5.0;59.0;47.0;-87.0;26;4
3;42;47;5;1.43356600007974;4;-37.0;117;Ceylan & Pascucci (2023);Experiment 2;Orientation;1;3;-37.0;-32.0;22.0;10.0;27;4
3;25;78;53;1.19152110000141;4;17.0;118;Ceylan & Pascucci (2023);Experiment 2;Orientation;1;3;17.0;-20.0;-15.0;39.0;28;4
3;117;104;-13;1.66662939987145;4;88.0;119;Ceylan & Pascucci (2023);Experiment 2;Orientation;1;3;88.0;-75.0;68.0;73.0;29;4
3;130;109;-21;2.96631049993448;4;-13.0;120;Ceylan & Pascucci (2023);Experiment 2;Orientation;1;3;-13.0;75.0;-88.0;55.0;30;4
3;105;106;1;1.80028149997815;5;25.0;121;Ceylan & Pascucci (2023);Experiment 2;Orientation;1;3;;;;;1;5
3;98;101;3;2.15012950007804;5;7.0;122;Ceylan & Pascucci (2023);Experiment 2;Orientation;1;3;;;;;2;5
3;52;50;-2;1.16652649990283;5;46.0;123;Ceylan & Pascucci (2023);Experiment 2;Orientation;1;3;;;;;3;5
3;21;18;-3;1.10805479995906;5;31.0;124;Ceylan & Pascucci (2023);Experiment 2;Orientation;1;3;;;;;4;5
3;14;20;6;1.00032530003227;5;7.0;125;Ceylan & Pascucci (2023);Experiment 2;Orientation;1;3;7.0;38.0;84.0;-89.0;5;5
3;109;110;1;0.916571500012651;5;85.0;126;Ceylan & Pascucci (2023);Experiment 2;Orientation;1;3;85.0;-88.0;-57.0;-11.0;6;5
3;29;40;11;1.50861330004409;5;80.0;127;Ceylan & Pascucci (2023);Experiment 2;Orientation;1;3;80.0;-15.0;-8.0;23.0;7;5
3;9;25;16;1.94183350005187;5;20.0;128;Ceylan & Pascucci (2023);Experiment 2;Orientation;1;3;20.0;-80.0;5.0;12.0;8;5
3;2;162;-20;3.12460670014843;5;7.0;129;Ceylan & Pascucci (2023);Experiment 2;Orientation;1;3;7.0;27.0;-73.0;12.0;9;5
3;11;16;5;2.79084599995986;5;-9.0;130;Ceylan & Pascucci (2023);Experiment 2;Orientation;1;3;-9.0;-2.0;18.0;-82.0;10;5
3;62;60;-2;2.85030890000053;5;-51.0;131;Ceylan & Pascucci (2023);Experiment 2;Orientation;1;3;-51.0;-60.0;-53.0;-33.0;11;5
3;90;87;-3;2.04188789986074;5;-28.0;132;Ceylan & Pascucci (2023);Experiment 2;Orientation;1;3;-28.0;-79.0;-88.0;-81.0;12;5
3;124;118;-6;2.78315899986774;5;-34.0;133;Ceylan & Pascucci (2023);Experiment 2;Orientation;1;3;-34.0;-62.0;67.0;58.0;13;5
3;140;132;-8;1.8335923999548;5;-16.0;134;Ceylan & Pascucci (2023);Experiment 2;Orientation;1;3;-16.0;-50.0;-78.0;51.0;14;5
3;97;99;2;1.77520440006629;5;43.0;135;Ceylan & Pascucci (2023);Experiment 2;Orientation;1;3;43.0;27.0;-7.0;-35.0;15;5
3;142;134;-8;2.0742317000404;5;-45.0;136;Ceylan & Pascucci (2023);Experiment 2;Orientation;1;3;-45.0;-2.0;-18.0;-52.0;16;5
3;110;115;5;1.79980090004392;5;32.0;137;Ceylan & Pascucci (2023);Experiment 2;Orientation;1;3;32.0;-13.0;30.0;14.0;17;5
3;4;3;-1;6.18298189993948;5;-74.0;138;Ceylan & Pascucci (2023);Experiment 2;Orientation;1;3;-74.0;-42.0;-87.0;-44.0;18;5
3;138;162;24;2.49144740006886;5;46.0;139;Ceylan & Pascucci (2023);Experiment 2;Orientation;1;3;46.0;-28.0;4.0;-41.0;19;5
3;148;140;-8;1.50803659996018;5;-10.0;140;Ceylan & Pascucci (2023);Experiment 2;Orientation;1;3;-10.0;36.0;-38.0;-6.0;20;5
3;24;45;21;1.10725730005652;5;-56.0;141;Ceylan & Pascucci (2023);Experiment 2;Orientation;1;3;-56.0;-66.0;-20.0;86.0;21;5
3;32;52;20;2.28425940009765;5;-8.0;142;Ceylan & Pascucci (2023);Experiment 2;Orientation;1;3;-8.0;-64.0;-74.0;-28.0;22;5
3;165;171;6;1.49173570005223;5;47.0;143;Ceylan & Pascucci (2023);Experiment 2;Orientation;1;3;47.0;39.0;-17.0;-27.0;23;5
3;79;80;1;1.52534539997578;5;86.0;144;Ceylan & Pascucci (2023);Experiment 2;Orientation;1;3;86.0;-47.0;-55.0;69.0;24;5
3;107;75;-32;2.23223480000161;5;-28.0;145;Ceylan & Pascucci (2023);Experiment 2;Orientation;1;3;-28.0;58.0;-75.0;-83.0;25;5
3;27;40;13;1.6170196000021;5;80.0;146;Ceylan & Pascucci (2023);Experiment 2;Orientation;1;3;80.0;52.0;-42.0;5.0;26;5
3;10;44;34;1.39246809994802;5;17.0;147;Ceylan & Pascucci (2023);Experiment 2;Orientation;1;3;17.0;-83.0;69.0;-25.0;27;5
3;163;161;-2;2.38356350013055;5;27.0;148;Ceylan & Pascucci (2023);Experiment 2;Orientation;1;3;27.0;44.0;-56.0;-84.0;28;5
3;86;80;-6;3.67454749997705;5;77.0;149;Ceylan & Pascucci (2023);Experiment 2;Orientation;1;3;77.0;-76.0;-59.0;21.0;29;5
3;172;174;2;3.26627069991082;5;-86.0;150;Ceylan & Pascucci (2023);Experiment 2;Orientation;1;3;-86.0;-9.0;18.0;35.0;30;5
3;96;96;0;1.24986979993992;6;76.0;151;Ceylan & Pascucci (2023);Experiment 2;Orientation;1;3;;;;;1;6
3;29;26;-3;1.87369170016609;6;67.0;152;Ceylan & Pascucci (2023);Experiment 2;Orientation;1;3;;;;;2;6
3;152;149;-3;1.42350789997727;6;57.0;153;Ceylan & Pascucci (2023);Experiment 2;Orientation;1;3;;;;;3;6
3;172;173;1;1.13367140013725;6;-20.0;154;Ceylan & Pascucci (2023);Experiment 2;Orientation;1;3;;;;;4;6
3;62;70;8;1.99187469994649;6;-70.0;155;Ceylan & Pascucci (2023);Experiment 2;Orientation;1;3;-70.0;90.0;-33.0;34.0;5;6
3;38;42;4;1.35023119999096;6;24.0;156;Ceylan & Pascucci (2023);Experiment 2;Orientation;1;3;24.0;-46.0;-66.0;-9.0;6;6
3;162;138;-24;2.14177109999582;6;56.0;157;Ceylan & Pascucci (2023);Experiment 2;Orientation;1;3;56.0;80.0;10.0;-10.0;7;6
3;31;49;18;2.02427809988149;6;-49.0;158;Ceylan & Pascucci (2023);Experiment 2;Orientation;1;3;-49.0;7.0;31.0;-39.0;8;6
3;76;85;9;2.6251282999292;6;-45.0;159;Ceylan & Pascucci (2023);Experiment 2;Orientation;1;3;-45.0;86.0;-38.0;-14.0;9;6
3;102;98;-4;1.55760499997996;6;-26.0;160;Ceylan & Pascucci (2023);Experiment 2;Orientation;1;3;-26.0;-71.0;60.0;-64.0;10;6
3;68;81;13;2.62485060002655;6;34.0;161;Ceylan & Pascucci (2023);Experiment 2;Orientation;1;3;34.0;8.0;-37.0;-86.0;11;6
3;58;51;-7;1.52498190011829;6;10.0;162;Ceylan & Pascucci (2023);Experiment 2;Orientation;1;3;10.0;44.0;18.0;-27.0;12;6
3;124;114;-10;2.69963309983723;6;-66.0;163;Ceylan & Pascucci (2023);Experiment 2;Orientation;1;3;-66.0;-56.0;-22.0;-48.0;13;6
3;70;75;5;2.94172730017453;6;54.0;164;Ceylan & Pascucci (2023);Experiment 2;Orientation;1;3;54.0;-12.0;-2.0;32.0;14;6
3;164;161;-3;2.96644059987739;6;86.0;165;Ceylan & Pascucci (2023);Experiment 2;Orientation;1;3;86.0;-40.0;74.0;84.0;15;6
3;138;136;-2;3.52502839989029;6;26.0;166;Ceylan & Pascucci (2023);Experiment 2;Orientation;1;3;26.0;-68.0;-14.0;-80.0;16;6
3;179;2;3;2.82512270007282;6;-41.0;167;Ceylan & Pascucci (2023);Experiment 2;Orientation;1;3;-41.0;-15.0;71.0;-55.0;17;6
3;43;39;-4;1.10002439981326;6;-44.0;168;Ceylan & Pascucci (2023);Experiment 2;Orientation;1;3;-44.0;-85.0;-59.0;27.0;18;6
3;78;66;-12;1.32481230003759;6;-35.0;169;Ceylan & Pascucci (2023);Experiment 2;Orientation;1;3;-35.0;-79.0;60.0;86.0;19;6
3;77;71;-6;0.983401600038633;6;1.0;170;Ceylan & Pascucci (2023);Experiment 2;Orientation;1;3;1.0;-34.0;-78.0;61.0;20;6
3;2;174;-8;3.3746660000179;6;75.0;171;Ceylan & Pascucci (2023);Experiment 2;Orientation;1;3;75.0;76.0;41.0;-3.0;21;6
3;33;33;0;1.04985180008225;6;-31.0;172;Ceylan & Pascucci (2023);Experiment 2;Orientation;1;3;-31.0;44.0;45.0;10.0;22;6
3;22;30;8;1.72509839991108;6;11.0;173;Ceylan & Pascucci (2023);Experiment 2;Orientation;1;3;11.0;-20.0;55.0;56.0;23;6
3;14;20;6;3.85690070013516;6;8.0;174;Ceylan & Pascucci (2023);Experiment 2;Orientation;1;3;8.0;19.0;-12.0;63.0;24;6
3;83;79;-4;1.00851980014704;6;-69.0;175;Ceylan & Pascucci (2023);Experiment 2;Orientation;1;3;-69.0;-61.0;-50.0;-81.0;25;6
3;97;101;4;1.7418416000437;6;-14.0;176;Ceylan & Pascucci (2023);Experiment 2;Orientation;1;3;-14.0;-83.0;-75.0;-64.0;26;6
3;44;50;6;1.7998096998781;6;53.0;177;Ceylan & Pascucci (2023);Experiment 2;Orientation;1;3;53.0;39.0;-30.0;-22.0;27;6
3;95;101;6;1.49144020001404;6;-51.0;178;Ceylan & Pascucci (2023);Experiment 2;Orientation;1;3;-51.0;2.0;-12.0;-81.0;28;6
3;175;176;1;2.80835369997658;6;-80.0;179;Ceylan & Pascucci (2023);Experiment 2;Orientation;1;3;-80.0;49.0;-78.0;88.0;29;6
3;151;143;-8;2.24159829993732;6;24.0;180;Ceylan & Pascucci (2023);Experiment 2;Orientation;1;3;24.0;-56.0;73.0;-54.0;30;6
3;11;17;6;2.24969290010631;7;-40.0;181;Ceylan & Pascucci (2023);Experiment 2;Orientation;1;3;;;;;1;7
3;168;171;3;1.22438069991767;7;23.0;182;Ceylan & Pascucci (2023);Experiment 2;Orientation;1;3;;;;;2;7
3;60;61;1;1.1835333998315;7;-72.0;183;Ceylan & Pascucci (2023);Experiment 2;Orientation;1;3;;;;;3;7
3;172;166;-6;1.62529070000164;7;68.0;184;Ceylan & Pascucci (2023);Experiment 2;Orientation;1;3;;;;;4;7
3;175;178;3;2.94136780011468;7;-3.0;185;Ceylan & Pascucci (2023);Experiment 2;Orientation;1;3;-3.0;65.0;-7.0;16.0;5;7
3;153;157;4;2.40804530004971;7;22.0;186;Ceylan & Pascucci (2023);Experiment 2;Orientation;1;3;22.0;19.0;87.0;15.0;6;7
3;136;128;-8;2.73338790005073;7;17.0;187;Ceylan & Pascucci (2023);Experiment 2;Orientation;1;3;17.0;39.0;36.0;-76.0;7;7
3;179;179;0;3.04960770020261;7;-43.0;188;Ceylan & Pascucci (2023);Experiment 2;Orientation;1;3;-43.0;-26.0;-4.0;-7.0;8;7
3;103;107;4;1.44994560000487;7;76.0;189;Ceylan & Pascucci (2023);Experiment 2;Orientation;1;3;76.0;33.0;50.0;72.0;9;7
3;42;46;4;1.94099249993451;7;61.0;190;Ceylan & Pascucci (2023);Experiment 2;Orientation;1;3;61.0;-43.0;-86.0;-69.0;10;7
3;97;105;8;1.04180889995769;7;-55.0;191;Ceylan & Pascucci (2023);Experiment 2;Orientation;1;3;-55.0;6.0;82.0;39.0;11;7
3;31;37;6;0.599044899921864;7;66.0;192;Ceylan & Pascucci (2023);Experiment 2;Orientation;1;3;66.0;11.0;72.0;-32.0;12;7
3;83;83;0;1.13349770009518;7;-52.0;193;Ceylan & Pascucci (2023);Experiment 2;Orientation;1;3;-52.0;14.0;-41.0;20.0;13;7
3;99;104;5;1.77521559991874;7;-16.0;194;Ceylan & Pascucci (2023);Experiment 2;Orientation;1;3;-16.0;-68.0;-2.0;-57.0;14;7
3;47;63;16;0.958547600079328;7;52.0;195;Ceylan & Pascucci (2023);Experiment 2;Orientation;1;3;52.0;36.0;-16.0;50.0;15;7
3;97;97;0;1.24146960000508;7;-50.0;196;Ceylan & Pascucci (2023);Experiment 2;Orientation;1;3;-50.0;2.0;-14.0;-66.0;16;7
3;101;107;6;0.94108649995178;7;-4.0;197;Ceylan & Pascucci (2023);Experiment 2;Orientation;1;3;-4.0;-54.0;-2.0;-18.0;17;7
3;63;65;2;1.3573860002216;7;38.0;198;Ceylan & Pascucci (2023);Experiment 2;Orientation;1;3;38.0;34.0;-16.0;36.0;18;7
3;102;107;5;1.058728300035;7;-39.0;199;Ceylan & Pascucci (2023);Experiment 2;Orientation;1;3;-39.0;-1.0;-5.0;-55.0;19;7
3;55;56;1;1.10028540017083;7;47.0;200;Ceylan & Pascucci (2023);Experiment 2;Orientation;1;3;47.0;8.0;46.0;42.0;20;7
3;159;156;-3;1.05832049995661;7;76.0;201;Ceylan & Pascucci (2023);Experiment 2;Orientation;1;3;76.0;-57.0;84.0;-58.0;21;7
3;114;124;10;1.08335179998539;7;45.0;202;Ceylan & Pascucci (2023);Experiment 2;Orientation;1;3;45.0;-59.0;-12.0;-51.0;22;7
3;4;173;-11;0.583435199921951;7;-70.0;203;Ceylan & Pascucci (2023);Experiment 2;Orientation;1;3;-70.0;-25.0;51.0;-82.0;23;7
3;175;171;-4;1.10867549991235;7;9.0;204;Ceylan & Pascucci (2023);Experiment 2;Orientation;1;3;9.0;-61.0;-16.0;60.0;24;7
3;142;139;-3;2.79081210005097;7;33.0;205;Ceylan & Pascucci (2023);Experiment 2;Orientation;1;3;33.0;42.0;-28.0;17.0;25;7
3;124;128;4;2.1501768999733;7;18.0;206;Ceylan & Pascucci (2023);Experiment 2;Orientation;1;3;18.0;51.0;60.0;-10.0;26;7
3;92;93;1;1.64980200002901;7;32.0;207;Ceylan & Pascucci (2023);Experiment 2;Orientation;1;3;32.0;50.0;83.0;-88.0;27;7
3;12;30;18;1.21561330021359;7;80.0;208;Ceylan & Pascucci (2023);Experiment 2;Orientation;1;3;80.0;-68.0;-50.0;-17.0;28;7
3;40;19;-21;1.79981370014139;7;-28.0;209;Ceylan & Pascucci (2023);Experiment 2;Orientation;1;3;-28.0;52.0;84.0;-78.0;29;7
3;82;80;-2;1.0835659999866;7;-42.0;210;Ceylan & Pascucci (2023);Experiment 2;Orientation;1;3;-42.0;-70.0;10.0;42.0;30;7
3;47;52;5;1.46687799994834;8;35.0;211;Ceylan & Pascucci (2023);Experiment 2;Orientation;1;3;;;;;1;8
3;158;28;50;2.14146109996364;8;69.0;212;Ceylan & Pascucci (2023);Experiment 2;Orientation;1;3;;;;;2;8
3;47;50;3;1.25857269996777;8;-69.0;213;Ceylan & Pascucci (2023);Experiment 2;Orientation;1;3;;;;;3;8
3;87;81;-6;1.29995269980282;8;-40.0;214;Ceylan & Pascucci (2023);Experiment 2;Orientation;1;3;;;;;4;8
3;129;129;0;0.858814799925312;8;-42.0;215;Ceylan & Pascucci (2023);Experiment 2;Orientation;1;3;-42.0;-82.0;29.0;-82.0;5;8
3;53;56;3;1.42394530004822;8;76.0;216;Ceylan & Pascucci (2023);Experiment 2;Orientation;1;3;76.0;34.0;-6.0;-75.0;6;8
3;25;42;17;1.10027000005357;8;28.0;217;Ceylan & Pascucci (2023);Experiment 2;Orientation;1;3;28.0;-76.0;62.0;22.0;7;8
3;179;166;-13;1.06546359998174;8;26.0;218;Ceylan & Pascucci (2023);Experiment 2;Orientation;1;3;26.0;54.0;-50.0;88.0;8;8
3;66;72;6;1.57476180000231;8;-67.0;219;Ceylan & Pascucci (2023);Experiment 2;Orientation;1;3;-67.0;-41.0;-13.0;63.0;9;8
3;145;134;-11;1.05027140001766;8;-79.0;220;Ceylan & Pascucci (2023);Experiment 2;Orientation;1;3;-79.0;34.0;60.0;88.0;10;8
3;14;172;-22;2.47341410000809;8;-49.0;221;Ceylan & Pascucci (2023);Experiment 2;Orientation;1;3;-49.0;52.0;-15.0;11.0;11;8
3;82;70;-12;1.14989489992149;8;-68.0;222;Ceylan & Pascucci (2023);Experiment 2;Orientation;1;3;-68.0;63.0;-16.0;-83.0;12;8
3;153;135;-18;1.49053959990852;8;-71.0;223;Ceylan & Pascucci (2023);Experiment 2;Orientation;1;3;-71.0;41.0;-8.0;-87.0;13;8
3;167;166;-1;0.991981099825352;8;-14.0;224;Ceylan & Pascucci (2023);Experiment 2;Orientation;1;3;-14.0;-85.0;27.0;-22.0;14;8
3;35;56;21;1.11660029995255;8;-48.0;225;Ceylan & Pascucci (2023);Experiment 2;Orientation;1;3;-48.0;-62.0;47.0;-21.0;15;8
3;173;175;2;1.05865869997069;8;42.0;226;Ceylan & Pascucci (2023);Experiment 2;Orientation;1;3;42.0;-6.0;-20.0;89.0;16;8
3;55;56;1;1.93321759998798;8;-62.0;227;Ceylan & Pascucci (2023);Experiment 2;Orientation;1;3;-62.0;-20.0;-68.0;-82.0;17;8
3;94;89;-5;2.03343890001997;8;-39.0;228;Ceylan & Pascucci (2023);Experiment 2;Orientation;1;3;-39.0;79.0;-59.0;73.0;18;8
3;179;179;0;1.90858869999647;8;-85.0;229;Ceylan & Pascucci (2023);Experiment 2;Orientation;1;3;-85.0;56.0;-6.0;36.0;19;8
3;150;131;-19;1.72359629999846;8;29.0;230;Ceylan & Pascucci (2023);Experiment 2;Orientation;1;3;29.0;-56.0;85.0;23.0;20;8
3;84;79;-5;1.1837561998982;8;66.0;231;Ceylan & Pascucci (2023);Experiment 2;Orientation;1;3;66.0;-85.0;10.0;-29.0;21;8
3;126;121;-5;1.10814999998547;8;-42.0;232;Ceylan & Pascucci (2023);Experiment 2;Orientation;1;3;-42.0;24.0;53.0;-32.0;22;8
3;129;103;-26;2.56683460017666;8;-3.0;233;Ceylan & Pascucci (2023);Experiment 2;Orientation;1;3;-3.0;-45.0;21.0;50.0;23;8
3;117;111;-6;1.04077790002339;8;12.0;234;Ceylan & Pascucci (2023);Experiment 2;Orientation;1;3;12.0;9.0;-33.0;33.0;24;8
3;150;131;-19;1.05039229989052;8;-33.0;235;Ceylan & Pascucci (2023);Experiment 2;Orientation;1;3;-33.0;-21.0;-24.0;-66.0;25;8
3;21;26;5;0.966483499854803;8;-51.0;236;Ceylan & Pascucci (2023);Experiment 2;Orientation;1;3;-51.0;-84.0;-72.0;-75.0;26;8
3;158;168;10;2.75805500010028;8;43.0;237;Ceylan & Pascucci (2023);Experiment 2;Orientation;1;3;43.0;-8.0;-41.0;-29.0;27;8
3;157;163;6;1.22482710005715;8;1.0;238;Ceylan & Pascucci (2023);Experiment 2;Orientation;1;3;1.0;44.0;-7.0;-40.0;28;8
3;109;94;-15;1.72515990003012;8;48.0;239;Ceylan & Pascucci (2023);Experiment 2;Orientation;1;3;48.0;49.0;-88.0;41.0;29;8
3;13;31;18;1.30027310014702;8;-84.0;240;Ceylan & Pascucci (2023);Experiment 2;Orientation;1;3;-84.0;-36.0;-35.0;8.0;30;8
3;71;75;4;1.01691479980946;9;-58.0;241;Ceylan & Pascucci (2023);Experiment 2;Orientation;1;3;;;;;1;9
3;88;81;-7;1.19201230001636;9;-17.0;242;Ceylan & Pascucci (2023);Experiment 2;Orientation;1;3;;;;;2;9
3;146;79;-67;1.94989439984784;9;-58.0;243;Ceylan & Pascucci (2023);Experiment 2;Orientation;1;3;;;;;3;9
3;52;64;12;10.9658351000398;9;-86.0;244;Ceylan & Pascucci (2023);Experiment 2;Orientation;1;3;;;;;4;9
3;24;42;18;1.55862170015462;9;28.0;245;Ceylan & Pascucci (2023);Experiment 2;Orientation;1;3;28.0;-58.0;64.0;47.0;5;9
3;99;107;8;0.624855999834836;9;-75.0;246;Ceylan & Pascucci (2023);Experiment 2;Orientation;1;3;-75.0;-47.0;47.0;-11.0;6;9
3;4;5;1;1.54984109988436;9;-85.0;247;Ceylan & Pascucci (2023);Experiment 2;Orientation;1;3;-85.0;20.0;48.0;-38.0;7;9
3;159;151;-8;1.3909593001008;9;25.0;248;Ceylan & Pascucci (2023);Experiment 2;Orientation;1;3;25.0;-60.0;45.0;73.0;8;9
3;118;110;-8;1.06709289993159;9;41.0;249;Ceylan & Pascucci (2023);Experiment 2;Orientation;1;3;41.0;66.0;-19.0;86.0;9;9
3;5;11;6;0.908823100151494;9;-67.0;250;Ceylan & Pascucci (2023);Experiment 2;Orientation;1;3;-67.0;-26.0;-1.0;-86.0;10;9
3;113;112;-1;1.7915107998997;9;72.0;251;Ceylan & Pascucci (2023);Experiment 2;Orientation;1;3;72.0;5.0;46.0;71.0;11;9
3;70;69;-1;1.11702200002037;9;43.0;252;Ceylan & Pascucci (2023);Experiment 2;Orientation;1;3;43.0;-65.0;48.0;89.0;12;9
3;94;93;-1;3.59063280001283;9;-24.0;253;Ceylan & Pascucci (2023);Experiment 2;Orientation;1;3;-24.0;19.0;-89.0;24.0;13;9
3;99;99;0;1.86561349988915;9;-5.0;254;Ceylan & Pascucci (2023);Experiment 2;Orientation;1;3;-5.0;-29.0;14.0;86.0;14;9
3;103;105;2;1.90764950006269;9;-4.0;255;Ceylan & Pascucci (2023);Experiment 2;Orientation;1;3;-4.0;-9.0;-33.0;10.0;15;9
3;4;171;-13;1.7487254999578;9;-81.0;256;Ceylan & Pascucci (2023);Experiment 2;Orientation;1;3;-81.0;-85.0;90.0;66.0;16;9
3;33;51;18;1.01571509987116;9;-29.0;257;Ceylan & Pascucci (2023);Experiment 2;Orientation;1;3;-29.0;70.0;66.0;61.0;17;9
3;19;29;10;1.39056809991598;9;14.0;258;Ceylan & Pascucci (2023);Experiment 2;Orientation;1;3;14.0;-15.0;84.0;80.0;18;9
3;96;96;0;1.09218690008856;9;-77.0;259;Ceylan & Pascucci (2023);Experiment 2;Orientation;1;3;-77.0;-63.0;88.0;7.0;19;9
3;35;63;28;1.49985169991851;9;61.0;260;Ceylan & Pascucci (2023);Experiment 2;Orientation;1;3;61.0;-16.0;-2.0;-31.0;20;9
3;34;53;19;1.20757240010425;9;1.0;261;Ceylan & Pascucci (2023);Experiment 2;Orientation;1;3;1.0;62.0;-15.0;-1.0;21;9
3;60;68;8;1.75814449996687;9;-26.0;262;Ceylan & Pascucci (2023);Experiment 2;Orientation;1;3;-26.0;-25.0;36.0;-41.0;22;9
3;103;95;-8;1.45855640014634;9;-43.0;263;Ceylan & Pascucci (2023);Experiment 2;Orientation;1;3;-43.0;-69.0;-68.0;-7.0;23;9
3;24;37;13;1.34174229996279;9;79.0;264;Ceylan & Pascucci (2023);Experiment 2;Orientation;1;3;79.0;36.0;10.0;11.0;24;9
3;153;128;-25;1.37478459998965;9;51.0;265;Ceylan & Pascucci (2023);Experiment 2;Orientation;1;3;51.0;-50.0;87.0;61.0;25;9
3;4;13;9;1.29103900003247;9;-31.0;266;Ceylan & Pascucci (2023);Experiment 2;Orientation;1;3;-31.0;20.0;-81.0;56.0;26;9
3;93;96;3;1.16635899990797;9;-89.0;267;Ceylan & Pascucci (2023);Experiment 2;Orientation;1;3;-89.0;60.0;-69.0;10.0;27;9
3;53;55;2;1.50827159988694;9;40.0;268;Ceylan & Pascucci (2023);Experiment 2;Orientation;1;3;40.0;-49.0;-80.0;-29.0;28;9
3;176;160;-16;1.59151529986411;9;57.0;269;Ceylan & Pascucci (2023);Experiment 2;Orientation;1;3;57.0;-83.0;8.0;-23.0;29;9
3;8;6;-2;1.44180239993148;9;-12.0;270;Ceylan & Pascucci (2023);Experiment 2;Orientation;1;3;-12.0;45.0;85.0;-4.0;30;9
3;79;70;-9;0.933792700059712;10;-71.0;271;Ceylan & Pascucci (2023);Experiment 2;Orientation;1;3;;;;;1;10
3;177;173;-4;2.22518090019003;10;82.0;272;Ceylan & Pascucci (2023);Experiment 2;Orientation;1;3;;;;;2;10
3;85;14;-71;4.29864470008761;10;-88.0;273;Ceylan & Pascucci (2023);Experiment 2;Orientation;1;3;;;;;3;10
3;16;16;0;1.96540480013937;10;69.0;274;Ceylan & Pascucci (2023);Experiment 2;Orientation;1;3;;;;;4;10
3;19;29;10;3.06640230002813;10;-3.0;275;Ceylan & Pascucci (2023);Experiment 2;Orientation;1;3;-3.0;66.0;-22.0;60.0;5;10
3;121;111;-10;1.51680650003254;10;78.0;276;Ceylan & Pascucci (2023);Experiment 2;Orientation;1;3;78.0;75.0;-36.0;56.0;6;10
3;2;9;7;2.46641480014659;10;-61.0;277;Ceylan & Pascucci (2023);Experiment 2;Orientation;1;3;-61.0;17.0;14.0;83.0;7;10
3;166;161;-5;1.24166569998488;10;16.0;278;Ceylan & Pascucci (2023);Experiment 2;Orientation;1;3;16.0;-45.0;33.0;30.0;8;10
3;116;117;1;1.2335220000241;10;50.0;279;Ceylan & Pascucci (2023);Experiment 2;Orientation;1;3;50.0;66.0;5.0;83.0;9;10
3;82;82;0;1.9915090999566;10;34.0;280;Ceylan & Pascucci (2023);Experiment 2;Orientation;1;3;34.0;84.0;-80.0;39.0;10;10
3;5;16;11;0.966564199887216;10;77.0;281;Ceylan & Pascucci (2023);Experiment 2;Orientation;1;3;77.0;-69.0;-19.0;-3.0;11;10
3;89;82;-7;1.49042710009962;10;-84.0;282;Ceylan & Pascucci (2023);Experiment 2;Orientation;1;3;-84.0;-7.0;27.0;77.0;12;10
3;84;83;-1;1.54984930017963;10;5.0;283;Ceylan & Pascucci (2023);Experiment 2;Orientation;1;3;5.0;-79.0;-2.0;32.0;13;10
3;19;16;-3;1.37522140005603;10;65.0;284;Ceylan & Pascucci (2023);Experiment 2;Orientation;1;3;65.0;70.0;-14.0;63.0;14;10
3;6;19;13;1.04243950010277;10;13.0;285;Ceylan & Pascucci (2023);Experiment 2;Orientation;1;3;13.0;78.0;83.0;-1.0;15;10
3;11;28;17;1.66594490013085;10;-5.0;286;Ceylan & Pascucci (2023);Experiment 2;Orientation;1;3;-5.0;8.0;73.0;78.0;16;10
3;97;110;13;1.25850360002369;10;-86.0;287;Ceylan & Pascucci (2023);Experiment 2;Orientation;1;3;-86.0;89.0;-78.0;-13.0;17;10
3;142;148;6;1.36702929995954;10;-45.0;288;Ceylan & Pascucci (2023);Experiment 2;Orientation;1;3;-45.0;49.0;44.0;57.0;18;10
3;53;67;14;1.63317819987424;10;89.0;289;Ceylan & Pascucci (2023);Experiment 2;Orientation;1;3;89.0;44.0;-42.0;-47.0;19;10
3;84;85;1;1.35864440002479;10;-31.0;290;Ceylan & Pascucci (2023);Experiment 2;Orientation;1;3;-31.0;58.0;13.0;-73.0;20;10
3;22;49;27;0.750369499903172;10;62.0;291;Ceylan & Pascucci (2023);Experiment 2;Orientation;1;3;62.0;31.0;-60.0;75.0;21;10
3;109;104;-5;1.92516919993795;10;-87.0;292;Ceylan & Pascucci (2023);Experiment 2;Orientation;1;3;-87.0;-25.0;-56.0;33.0;22;10
3;5;18;13;1.64166849991307;10;-76.0;293;Ceylan & Pascucci (2023);Experiment 2;Orientation;1;3;-76.0;17.0;79.0;48.0;23;10
3;83;83;0;2.55016599991359;10;-78.0;294;Ceylan & Pascucci (2023);Experiment 2;Orientation;1;3;-78.0;26.0;-61.0;1.0;24;10
3;148;146;-2;1.22528450004756;10;-65.0;295;Ceylan & Pascucci (2023);Experiment 2;Orientation;1;3;-65.0;37.0;-39.0;54.0;25;10
3;47;43;-4;1.64193019992672;10;-79.0;296;Ceylan & Pascucci (2023);Experiment 2;Orientation;1;3;-79.0;36.0;-42.0;62.0;26;10
3;67;70;3;1.70037460001186;10;-20.0;297;Ceylan & Pascucci (2023);Experiment 2;Orientation;1;3;-20.0;81.0;16.0;-62.0;27;10
3;52;46;-6;1.40814789989963;10;15.0;298;Ceylan & Pascucci (2023);Experiment 2;Orientation;1;3;15.0;-5.0;-84.0;31.0;28;10
3;82;67;-15;1.74981170007959;10;-30.0;299;Ceylan & Pascucci (2023);Experiment 2;Orientation;1;3;-30.0;-15.0;-35.0;66.0;29;10
3;107;116;9;1.23236230015755;10;-25.0;300;Ceylan & Pascucci (2023);Experiment 2;Orientation;1;3;-25.0;-55.0;-40.0;-60.0;30;10
4;121;125;4;1.75800750008784;1;;1;Ceylan & Pascucci (2023);Experiment 2;Orientation;1;3;;;;;1;1
4;127;127;0;1.73361709993333;1;-6.0;2;Ceylan & Pascucci (2023);Experiment 2;Orientation;1;3;;;;;2;1
4;37;45;8;1.56667540012859;1;90.0;3;Ceylan & Pascucci (2023);Experiment 2;Orientation;1;3;;;;;3;1
4;12;18;6;2.82462570001371;1;25.0;4;Ceylan & Pascucci (2023);Experiment 2;Orientation;1;3;;;;;4;1
4;120;114;-6;1.30740049993619;1;72.0;5;Ceylan & Pascucci (2023);Experiment 2;Orientation;1;3;72.0;-83.0;7.0;1.0;5;1
4;170;139;-31;2.3406515000388;1;-50.0;6;Ceylan & Pascucci (2023);Experiment 2;Orientation;1;3;-50.0;22.0;47.0;-43.0;6;1
4;90;90;0;1.3504040997941;1;80.0;7;Ceylan & Pascucci (2023);Experiment 2;Orientation;1;3;80.0;30.0;-78.0;-53.0;7;1
4;45;40;-5;3.32352120010182;1;45.0;8;Ceylan & Pascucci (2023);Experiment 2;Orientation;1;3;45.0;-55.0;75.0;-33.0;8;1
4;20;27;7;2.11652870010585;1;25.0;9;Ceylan & Pascucci (2023);Experiment 2;Orientation;1;3;25.0;70.0;-30.0;-80.0;9;1
4;137;136;-1;1.70861239987426;1;63.0;10;Ceylan & Pascucci (2023);Experiment 2;Orientation;1;3;63.0;88.0;-47.0;33.0;10;1
4;2;0;-2;3.29872370022349;1;-45.0;11;Ceylan & Pascucci (2023);Experiment 2;Orientation;1;3;-45.0;18.0;43.0;88.0;11;1
4;114;114;0;0.967079499969259;1;68.0;12;Ceylan & Pascucci (2023);Experiment 2;Orientation;1;3;68.0;23.0;86.0;-69.0;12;1
4;105;103;-2;1.49190800008364;1;9.0;13;Ceylan & Pascucci (2023);Experiment 2;Orientation;1;3;9.0;77.0;32.0;-85.0;13;1
4;68;40;-28;4.0234746998176;1;37.0;14;Ceylan & Pascucci (2023);Experiment 2;Orientation;1;3;37.0;46.0;-66.0;69.0;14;1
4;29;38;9;2.63314289995469;1;39.0;15;Ceylan & Pascucci (2023);Experiment 2;Orientation;1;3;39.0;76.0;85.0;-27.0;15;1
4;5;19;14;2.34898360003717;1;24.0;16;Ceylan & Pascucci (2023);Experiment 2;Orientation;1;3;24.0;63.0;-80.0;-71.0;16;1
4;6;7;1;1.57529069995508;1;-1.0;17;Ceylan & Pascucci (2023);Experiment 2;Orientation;1;3;-1.0;23.0;62.0;-81.0;17;1
4;43;34;-9;1.73361329990439;1;-37.0;18;Ceylan & Pascucci (2023);Experiment 2;Orientation;1;3;-37.0;-38.0;-14.0;25.0;18;1
4;145;126;-19;2.11655959999189;1;78.0;19;Ceylan & Pascucci (2023);Experiment 2;Orientation;1;3;78.0;41.0;40.0;64.0;19;1
4;166;155;-11;1.32490519993007;1;-21.0;20;Ceylan & Pascucci (2023);Experiment 2;Orientation;1;3;-21.0;57.0;20.0;19.0;20;1
4;118;107;-11;2.58223340008408;1;48.0;21;Ceylan & Pascucci (2023);Experiment 2;Orientation;1;3;48.0;27.0;-75.0;68.0;21;1
4;91;90;-1;2.04155609989539;1;27.0;22;Ceylan & Pascucci (2023);Experiment 2;Orientation;1;3;27.0;75.0;54.0;-48.0;22;1
4;40;49;9;1.8165527000092;1;51.0;23;Ceylan & Pascucci (2023);Experiment 2;Orientation;1;3;51.0;78.0;-54.0;-75.0;23;1
4;62;68;6;2.45003860001452;1;-22.0;24;Ceylan & Pascucci (2023);Experiment 2;Orientation;1;3;-22.0;29.0;56.0;-76.0;24;1
4;79;76;-3;2.32529770000838;1;-17.0;25;Ceylan & Pascucci (2023);Experiment 2;Orientation;1;3;-17.0;-39.0;12.0;39.0;25;1
4;117;114;-3;2.00848810002208;1;-38.0;26;Ceylan & Pascucci (2023);Experiment 2;Orientation;1;3;-38.0;-55.0;-77.0;-26.0;26;1
4;96;88;-8;1.05032409983687;1;21.0;27;Ceylan & Pascucci (2023);Experiment 2;Orientation;1;3;21.0;-17.0;-34.0;-56.0;27;1
4;172;0;8;3.56538659986109;1;-76.0;28;Ceylan & Pascucci (2023);Experiment 2;Orientation;1;3;-76.0;-55.0;87.0;70.0;28;1
4;9;36;27;3.0572083001025;1;-17.0;29;Ceylan & Pascucci (2023);Experiment 2;Orientation;1;3;-17.0;87.0;-72.0;70.0;29;1
4;35;42;7;1.25040110014379;1;-26.0;30;Ceylan & Pascucci (2023);Experiment 2;Orientation;1;3;-26.0;-43.0;61.0;82.0;30;1
4;69;58;-11;1.92429859982803;2;-34.0;31;Ceylan & Pascucci (2023);Experiment 2;Orientation;1;3;;;;;1;2
4;17;37;20;2.7242596000433;2;52.0;32;Ceylan & Pascucci (2023);Experiment 2;Orientation;1;3;;;;;2;2
4;94;88;-6;1.95024749985896;2;-77.0;33;Ceylan & Pascucci (2023);Experiment 2;Orientation;1;3;;;;;3;2
4;96;91;-5;3.99107689992525;2;-2.0;34;Ceylan & Pascucci (2023);Experiment 2;Orientation;1;3;;;;;4;2
4;31;35;4;1.38954059989192;2;65.0;35;Ceylan & Pascucci (2023);Experiment 2;Orientation;1;3;65.0;63.0;-14.0;38.0;5;2
4;69;58;-11;1.46587719977833;2;-38.0;36;Ceylan & Pascucci (2023);Experiment 2;Orientation;1;3;-38.0;27.0;25.0;-52.0;6;2
4;26;30;4;4.07395639992319;2;43.0;37;Ceylan & Pascucci (2023);Experiment 2;Orientation;1;3;43.0;5.0;70.0;68.0;7;2
4;137;131;-6;1.40711149992421;2;69.0;38;Ceylan & Pascucci (2023);Experiment 2;Orientation;1;3;69.0;-68.0;74.0;-41.0;8;2
4;21;42;21;3.04860979993828;2;-64.0;39;Ceylan & Pascucci (2023);Experiment 2;Orientation;1;3;-64.0;5.0;48.0;10.0;9;2
4;85;90;5;2.89969560015015;2;-64.0;40;Ceylan & Pascucci (2023);Experiment 2;Orientation;1;3;-64.0;52.0;-59.0;-16.0;10;2
4;18;34;16;1.3573097998742;2;67.0;41;Ceylan & Pascucci (2023);Experiment 2;Orientation;1;3;67.0;3.0;-61.0;8.0;11;2
4;57;41;-16;1.23961030016653;2;-39.0;42;Ceylan & Pascucci (2023);Experiment 2;Orientation;1;3;-39.0;28.0;-36.0;80.0;12;2
4;171;164;-7;2.27523729996756;2;66.0;43;Ceylan & Pascucci (2023);Experiment 2;Orientation;1;3;66.0;27.0;-86.0;30.0;13;2
4;147;137;-10;3.21641559991986;2;24.0;44;Ceylan & Pascucci (2023);Experiment 2;Orientation;1;3;24.0;90.0;51.0;-62.0;14;2
4;141;125;-16;1.04922250006348;2;6.0;45;Ceylan & Pascucci (2023);Experiment 2;Orientation;1;3;6.0;30.0;-84.0;57.0;15;2
4;12;28;16;4.08254289999604;2;-51.0;46;Ceylan & Pascucci (2023);Experiment 2;Orientation;1;3;-51.0;-45.0;-21.0;45.0;16;2
4;91;89;-2;2.29191039991565;2;-79.0;47;Ceylan & Pascucci (2023);Experiment 2;Orientation;1;3;-79.0;50.0;56.0;80.0;17;2
4;112;108;-4;1.67380280001089;2;-21.0;48;Ceylan & Pascucci (2023);Experiment 2;Orientation;1;3;-21.0;80.0;29.0;35.0;18;2
4;3;0;-3;3.90743459993973;2;-71.0;49;Ceylan & Pascucci (2023);Experiment 2;Orientation;1;3;-71.0;88.0;9.0;-42.0;19;2
4;9;7;-2;1.70687990006991;2;-6.0;50;Ceylan & Pascucci (2023);Experiment 2;Orientation;1;3;-6.0;-77.0;82.0;3.0;20;2
4;145;146;1;3.15814539999701;2;44.0;51;Ceylan & Pascucci (2023);Experiment 2;Orientation;1;3;44.0;38.0;-33.0;-54.0;21;2
4;170;165;-5;2.11542650009505;2;-25.0;52;Ceylan & Pascucci (2023);Experiment 2;Orientation;1;3;-25.0;19.0;13.0;-58.0;22;2
4;63;54;-9;1.63898970000446;2;-73.0;53;Ceylan & Pascucci (2023);Experiment 2;Orientation;1;3;-73.0;82.0;-54.0;-60.0;23;2
4;170;157;-13;3.81596309994347;2;73.0;54;Ceylan & Pascucci (2023);Experiment 2;Orientation;1;3;73.0;0.0;-25.0;19.0;24;2
4;24;38;14;1.28313679993153;2;-34.0;55;Ceylan & Pascucci (2023);Experiment 2;Orientation;1;3;-34.0;39.0;-34.0;-59.0;25;2
4;141;134;-7;2.46614090004005;2;63.0;56;Ceylan & Pascucci (2023);Experiment 2;Orientation;1;3;63.0;29.0;-78.0;29.0;26;2
4;180;1;1;3.399583700113;2;-39.0;57;Ceylan & Pascucci (2023);Experiment 2;Orientation;1;3;-39.0;24.0;-10.0;63.0;27;2
4;3;0;-3;2.49220529990271;2;-3.0;58;Ceylan & Pascucci (2023);Experiment 2;Orientation;1;3;-3.0;-42.0;21.0;-13.0;28;2
4;63;51;-12;1.71768749994226;2;-60.0;59;Ceylan & Pascucci (2023);Experiment 2;Orientation;1;3;-60.0;-63.0;78.0;-39.0;29;2
4;135;134;-1;1.1999560999684;2;-72.0;60;Ceylan & Pascucci (2023);Experiment 2;Orientation;1;3;-72.0;48.0;45.0;6.0;30;2
4;92;89;-3;1.84989400021732;3;43.0;61;Ceylan & Pascucci (2023);Experiment 2;Orientation;1;3;;;;;1;3
4;162;157;-5;2.05853750021197;3;-70.0;62;Ceylan & Pascucci (2023);Experiment 2;Orientation;1;3;;;;;2;3
4;83;91;8;2.90726789995097;3;79.0;63;Ceylan & Pascucci (2023);Experiment 2;Orientation;1;3;;;;;3;3
4;3;2;-1;2.14978870004416;3;80.0;64;Ceylan & Pascucci (2023);Experiment 2;Orientation;1;3;;;;;4;3
4;130;116;-14;1.11671569989994;3;53.0;65;Ceylan & Pascucci (2023);Experiment 2;Orientation;1;3;53.0;-47.0;32.0;-38.0;5;3
4;81;66;-15;4.38224210008048;3;49.0;66;Ceylan & Pascucci (2023);Experiment 2;Orientation;1;3;49.0;-78.0;2.0;81.0;6;3
4;117;102;-15;1.32484030001797;3;-36.0;67;Ceylan & Pascucci (2023);Experiment 2;Orientation;1;3;-36.0;13.0;66.0;-34.0;7;3
4;83;80;-3;1.51696460018866;3;34.0;68;Ceylan & Pascucci (2023);Experiment 2;Orientation;1;3;34.0;-2.0;47.0;-80.0;8;3
4;160;155;-5;2.40768399997614;3;-77.0;69;Ceylan & Pascucci (2023);Experiment 2;Orientation;1;3;-77.0;-43.0;-79.0;-30.0;9;3
4;83;88;5;1.99988189991564;3;77.0;70;Ceylan & Pascucci (2023);Experiment 2;Orientation;1;3;77.0;0.0;34.0;-2.0;10;3
4;180;179;-1;1.3416290001478;3;83.0;71;Ceylan & Pascucci (2023);Experiment 2;Orientation;1;3;83.0;-20.0;83.0;-63.0;11;3
4;95;101;6;1.56576659996063;3;85.0;72;Ceylan & Pascucci (2023);Experiment 2;Orientation;1;3;85.0;-12.0;65.0;-12.0;12;3
4;77;68;-9;1.18277859990485;3;18.0;73;Ceylan & Pascucci (2023);Experiment 2;Orientation;1;3;18.0;-77.0;6.0;83.0;13;3
4;27;40;13;1.68307389994152;3;50.0;74;Ceylan & Pascucci (2023);Experiment 2;Orientation;1;3;50.0;68.0;-27.0;56.0;14;3
4;172;167;-5;2.77425259980373;3;35.0;75;Ceylan & Pascucci (2023);Experiment 2;Orientation;1;3;35.0;85.0;-77.0;8.0;15;3
4;163;148;-15;2.06573380017653;3;9.0;76;Ceylan & Pascucci (2023);Experiment 2;Orientation;1;3;9.0;44.0;-86.0;-68.0;16;3
4;150;140;-10;2.54042390012182;3;13.0;77;Ceylan & Pascucci (2023);Experiment 2;Orientation;1;3;13.0;22.0;57.0;-73.0;17;3
4;28;43;15;2.03220640006475;3;-58.0;78;Ceylan & Pascucci (2023);Experiment 2;Orientation;1;3;-58.0;-45.0;-36.0;-1.0;18;3
4;147;142;-5;1.51659970008768;3;61.0;79;Ceylan & Pascucci (2023);Experiment 2;Orientation;1;3;61.0;3.0;16.0;25.0;19;3
4;169;169;0;1.10032649990171;3;-22.0;80;Ceylan & Pascucci (2023);Experiment 2;Orientation;1;3;-22.0;39.0;-19.0;-6.0;20;3
4;159;146;-13;2.31594050000422;3;10.0;81;Ceylan & Pascucci (2023);Experiment 2;Orientation;1;3;10.0;-12.0;49.0;-9.0;21;3
4;111;117;6;1.44140139990486;3;48.0;82;Ceylan & Pascucci (2023);Experiment 2;Orientation;1;3;48.0;58.0;36.0;-83.0;22;3
4;105;107;2;1.99885969981551;3;6.0;83;Ceylan & Pascucci (2023);Experiment 2;Orientation;1;3;6.0;54.0;64.0;42.0;23;3
4;46;57;11;0.858717499999329;3;59.0;84;Ceylan & Pascucci (2023);Experiment 2;Orientation;1;3;59.0;65.0;-67.0;-57.0;24;3
4;104;102;-2;1.48351509985514;3;-58.0;85;Ceylan & Pascucci (2023);Experiment 2;Orientation;1;3;-58.0;1.0;7.0;55.0;25;3
4;149;142;-7;1.10830840002745;3;-45.0;86;Ceylan & Pascucci (2023);Experiment 2;Orientation;1;3;-45.0;77.0;-44.0;-38.0;26;3
4;176;0;4;1.64985699998215;3;-27.0;87;Ceylan & Pascucci (2023);Experiment 2;Orientation;1;3;-27.0;-72.0;50.0;-71.0;27;3
4;58;49;-9;1.57404730003327;3;-62.0;88;Ceylan & Pascucci (2023);Experiment 2;Orientation;1;3;-62.0;-89.0;46.0;-12.0;28;3
4;168;146;-22;5.54886360000819;3;70.0;89;Ceylan & Pascucci (2023);Experiment 2;Orientation;1;3;70.0;8.0;-19.0;-64.0;29;3
4;21;44;23;2.84037580015138;3;-33.0;90;Ceylan & Pascucci (2023);Experiment 2;Orientation;1;3;-33.0;37.0;-25.0;-52.0;30;3
4;135;131;-4;2.70845969999209;4;66.0;91;Ceylan & Pascucci (2023);Experiment 2;Orientation;1;3;;;;;1;4
4;146;133;-13;1.43340179999359;4;-11.0;92;Ceylan & Pascucci (2023);Experiment 2;Orientation;1;3;;;;;2;4
4;40;32;-8;2.80006180005148;4;-74.0;93;Ceylan & Pascucci (2023);Experiment 2;Orientation;1;3;;;;;3;4
4;106;113;7;1.93226309982128;4;-66.0;94;Ceylan & Pascucci (2023);Experiment 2;Orientation;1;3;;;;;4;4
4;56;53;-3;1.41652259998955;4;50.0;95;Ceylan & Pascucci (2023);Experiment 2;Orientation;1;3;50.0;-16.0;90.0;79.0;5;4
4;170;173;3;3.32526869978756;4;66.0;96;Ceylan & Pascucci (2023);Experiment 2;Orientation;1;3;66.0;-64.0;50.0;-24.0;6;4
4;108;116;8;2.46656939992681;4;62.0;97;Ceylan & Pascucci (2023);Experiment 2;Orientation;1;3;62.0;-52.0;-2.0;-68.0;7;4
4;79;77;-2;2.14985110005364;4;29.0;98;Ceylan & Pascucci (2023);Experiment 2;Orientation;1;3;29.0;-89.0;-23.0;27.0;8;4
4;157;151;-6;1.38365259999409;4;-78.0;99;Ceylan & Pascucci (2023);Experiment 2;Orientation;1;3;-78.0;-49.0;13.0;79.0;9;4
4;107;113;6;1.67527269991115;4;50.0;100;Ceylan & Pascucci (2023);Experiment 2;Orientation;1;3;50.0;-28.0;1.0;63.0;10;4
4;47;44;-3;2.83244310016744;4;60.0;101;Ceylan & Pascucci (2023);Experiment 2;Orientation;1;3;60.0;-70.0;32.0;61.0;11;4
4;87;88;1;1.61538360011764;4;-40.0;102;Ceylan & Pascucci (2023);Experiment 2;Orientation;1;3;-40.0;20.0;70.0;-8.0;12;4
4;70;77;7;1.46660809987225;4;17.0;103;Ceylan & Pascucci (2023);Experiment 2;Orientation;1;3;17.0;-23.0;37.0;87.0;13;4
4;134;131;-3;2.04150629998185;4;-64.0;104;Ceylan & Pascucci (2023);Experiment 2;Orientation;1;3;-64.0;-47.0;-87.0;-27.0;14;4
4;141;139;-2;1.43322080001235;4;-7.0;105;Ceylan & Pascucci (2023);Experiment 2;Orientation;1;3;-7.0;-71.0;-54.0;86.0;15;4
4;138;130;-8;1.74187020002864;4;3.0;106;Ceylan & Pascucci (2023);Experiment 2;Orientation;1;3;3.0;-4.0;-68.0;-51.0;16;4
4;154;146;-8;1.35814339993522;4;-16.0;107;Ceylan & Pascucci (2023);Experiment 2;Orientation;1;3;-16.0;-13.0;-20.0;-84.0;17;4
4;75;73;-2;1.1504716000054;4;79.0;108;Ceylan & Pascucci (2023);Experiment 2;Orientation;1;3;79.0;63.0;66.0;59.0;18;4
4;17;33;16;1.94890199997462;4;58.0;109;Ceylan & Pascucci (2023);Experiment 2;Orientation;1;3;58.0;-43.0;-59.0;-56.0;19;4
4;14;35;21;1.90740799997002;4;3.0;110;Ceylan & Pascucci (2023);Experiment 2;Orientation;1;3;3.0;61.0;-40.0;-56.0;20;4
4;80;74;-6;1.43338189995848;4;-66.0;111;Ceylan & Pascucci (2023);Experiment 2;Orientation;1;3;-66.0;-63.0;-5.0;74.0;21;4
4;10;23;13;1.56544989999384;4;70.0;112;Ceylan & Pascucci (2023);Experiment 2;Orientation;1;3;70.0;4.0;7.0;65.0;22;4
4;43;34;-9;1.19194980012253;4;-33.0;113;Ceylan & Pascucci (2023);Experiment 2;Orientation;1;3;-33.0;37.0;-29.0;-26.0;23;4
4;169;160;-9;3.63211590005085;4;54.0;114;Ceylan & Pascucci (2023);Experiment 2;Orientation;1;3;54.0;21.0;-89.0;25.0;24;4
4;153;149;-4;1.8665142999962;4;16.0;115;Ceylan & Pascucci (2023);Experiment 2;Orientation;1;3;16.0;70.0;37.0;-73.0;25;4
4;47;48;1;1.8414656999521;4;-74.0;116;Ceylan & Pascucci (2023);Experiment 2;Orientation;1;3;-74.0;-58.0;-4.0;-37.0;26;4
4;120;130;10;1.44061619997956;4;-73.0;117;Ceylan & Pascucci (2023);Experiment 2;Orientation;1;3;-73.0;33.0;49.0;-77.0;27;4
4;5;2;-3;1.44135290011764;4;-65.0;118;Ceylan & Pascucci (2023);Experiment 2;Orientation;1;3;-65.0;42.0;-32.0;-16.0;28;4
4;77;79;2;2.28355489997193;4;-72.0;119;Ceylan & Pascucci (2023);Experiment 2;Orientation;1;3;-72.0;43.0;-30.0;76.0;29;4
4;25;34;9;1.65831739990972;4;52.0;120;Ceylan & Pascucci (2023);Experiment 2;Orientation;1;3;52.0;-20.0;-85.0;22.0;30;4
4;147;132;-15;1.04968459997326;5;58.0;121;Ceylan & Pascucci (2023);Experiment 2;Orientation;1;3;;;;;1;5
4;17;31;14;1.24099599989131;5;-50.0;122;Ceylan & Pascucci (2023);Experiment 2;Orientation;1;3;;;;;2;5
4;118;130;12;1.35816409997642;5;79.0;123;Ceylan & Pascucci (2023);Experiment 2;Orientation;1;3;;;;;3;5
4;160;134;-26;2.00699410005473;5;-42.0;124;Ceylan & Pascucci (2023);Experiment 2;Orientation;1;3;;;;;4;5
4;20;35;15;2.18378340010531;5;-40.0;125;Ceylan & Pascucci (2023);Experiment 2;Orientation;1;3;-40.0;-82.0;-3.0;-53.0;5;5
4;122;124;2;1.78354909992777;5;78.0;126;Ceylan & Pascucci (2023);Experiment 2;Orientation;1;3;78.0;38.0;-4.0;75.0;6;5
4;34;39;5;1.55000520008616;5;88.0;127;Ceylan & Pascucci (2023);Experiment 2;Orientation;1;3;88.0;-14.0;-54.0;84.0;7;5
4;139;137;-2;1.49155610008165;5;75.0;128;Ceylan & Pascucci (2023);Experiment 2;Orientation;1;3;75.0;-17.0;61.0;21.0;8;5
4;131;139;8;1.89827509992756;5;8.0;129;Ceylan & Pascucci (2023);Experiment 2;Orientation;1;3;8.0;83.0;-9.0;69.0;9;5
4;52;43;-9;1.75812010001391;5;79.0;130;Ceylan & Pascucci (2023);Experiment 2;Orientation;1;3;79.0;87.0;-18.0;70.0;10;5
4;152;143;-9;2.1904794999864;5;80.0;131;Ceylan & Pascucci (2023);Experiment 2;Orientation;1;3;80.0;-21.0;-13.0;62.0;11;5
4;125;118;-7;2.01525140018202;5;27.0;132;Ceylan & Pascucci (2023);Experiment 2;Orientation;1;3;27.0;-73.0;6.0;14.0;12;5
4;135;126;-9;1.95019390014932;5;-10.0;133;Ceylan & Pascucci (2023);Experiment 2;Orientation;1;3;-10.0;17.0;-83.0;-4.0;13;5
4;104;95;-9;2.33219830016606;5;31.0;134;Ceylan & Pascucci (2023);Experiment 2;Orientation;1;3;31.0;21.0;48.0;-52.0;14;5
4;39;42;3;1.93367589986883;5;65.0;135;Ceylan & Pascucci (2023);Experiment 2;Orientation;1;3;65.0;-84.0;86.0;-67.0;15;5
4;17;24;7;1.92519619991072;5;22.0;136;Ceylan & Pascucci (2023);Experiment 2;Orientation;1;3;22.0;87.0;-62.0;-72.0;16;5
4;29;14;-15;1.50001839990728;5;-12.0;137;Ceylan & Pascucci (2023);Experiment 2;Orientation;1;3;-12.0;10.0;75.0;-74.0;17;5
4;171;158;-13;3.15728639997542;5;38.0;138;Ceylan & Pascucci (2023);Experiment 2;Orientation;1;3;38.0;26.0;48.0;-67.0;18;5
4;52;53;1;3.31686979997903;5;-61.0;139;Ceylan & Pascucci (2023);Experiment 2;Orientation;1;3;-61.0;-23.0;-35.0;-13.0;19;5
4;142;125;-17;1.88348779990338;5;-90.0;140;Ceylan & Pascucci (2023);Experiment 2;Orientation;1;3;90.0;29.0;67.0;55.0;20;5
4;35;39;4;2.40015989984386;5;-73.0;141;Ceylan & Pascucci (2023);Experiment 2;Orientation;1;3;-73.0;17.0;-44.0;-6.0;21;5
4;63;51;-12;1.9831397999078;5;-28.0;142;Ceylan & Pascucci (2023);Experiment 2;Orientation;1;3;-28.0;79.0;-11.0;-72.0;22;5
4;130;132;2;2.43342639994808;5;-67.0;143;Ceylan & Pascucci (2023);Experiment 2;Orientation;1;3;-67.0;85.0;12.0;-78.0;23;5
4;158;153;-5;1.21536100003868;5;-28.0;144;Ceylan & Pascucci (2023);Experiment 2;Orientation;1;3;-28.0;85.0;57.0;-16.0;24;5
4;130;139;9;1.23236290016212;5;28.0;145;Ceylan & Pascucci (2023);Experiment 2;Orientation;1;3;28.0;0.0;-67.0;85.0;25;5
4;101;114;13;1.24970879987814;5;29.0;146;Ceylan & Pascucci (2023);Experiment 2;Orientation;1;3;29.0;57.0;29.0;-38.0;26;5
4;177;179;2;1.63235639990307;5;-76.0;147;Ceylan & Pascucci (2023);Experiment 2;Orientation;1;3;-76.0;-47.0;-19.0;-47.0;27;5
4;115;107;-8;1.59156369999982;5;62.0;148;Ceylan & Pascucci (2023);Experiment 2;Orientation;1;3;62.0;-14.0;15.0;43.0;28;5
4;70;61;-9;1.23367670015432;5;45.0;149;Ceylan & Pascucci (2023);Experiment 2;Orientation;1;3;45.0;-73.0;31.0;60.0;29;5
4;58;59;1;1.37512640003115;5;12.0;150;Ceylan & Pascucci (2023);Experiment 2;Orientation;1;3;12.0;57.0;-61.0;43.0;30;5
4;24;44;20;1.53358040004969;6;34.0;151;Ceylan & Pascucci (2023);Experiment 2;Orientation;1;3;;;;;1;6
4;36;34;-2;0.924018200021237;6;-12.0;152;Ceylan & Pascucci (2023);Experiment 2;Orientation;1;3;;;;;2;6
4;127;121;-6;1.12527090008371;6;89.0;153;Ceylan & Pascucci (2023);Experiment 2;Orientation;1;3;;;;;3;6
4;170;168;-2;1.73366989986971;6;-43.0;154;Ceylan & Pascucci (2023);Experiment 2;Orientation;1;3;;;;;4;6
4;81;78;-3;1.69947559991851;6;89.0;155;Ceylan & Pascucci (2023);Experiment 2;Orientation;1;3;89.0;46.0;-45.0;-57.0;5;6
4;19;30;11;1.39069129992276;6;62.0;156;Ceylan & Pascucci (2023);Experiment 2;Orientation;1;3;62.0;-29.0;-72.0;17.0;6;6
4;73;64;-9;1.20732569997199;6;-54.0;157;Ceylan & Pascucci (2023);Experiment 2;Orientation;1;3;-54.0;8.0;-83.0;54.0;7;6
4;134;131;-3;1.51576600014232;6;-61.0;158;Ceylan & Pascucci (2023);Experiment 2;Orientation;1;3;-61.0;65.0;-53.0;36.0;8;6
4;77;67;-10;1.08284169994295;6;57.0;159;Ceylan & Pascucci (2023);Experiment 2;Orientation;1;3;57.0;-4.0;-58.0;4.0;9;6
4;75;74;-1;1.04174760007299;6;2.0;160;Ceylan & Pascucci (2023);Experiment 2;Orientation;1;3;2.0;59.0;-2.0;-56.0;10;6
4;59;59;0;0.858632100047544;6;16.0;161;Ceylan & Pascucci (2023);Experiment 2;Orientation;1;3;16.0;18.0;75.0;14.0;11;6
4;38;33;-5;2.29933539987542;6;21.0;162;Ceylan & Pascucci (2023);Experiment 2;Orientation;1;3;21.0;37.0;39.0;-84.0;12;6
4;122;115;-7;1.48225819994695;6;-84.0;163;Ceylan & Pascucci (2023);Experiment 2;Orientation;1;3;-84.0;-63.0;-47.0;-45.0;13;6
4;150;136;-14;1.18235040013678;6;-28.0;164;Ceylan & Pascucci (2023);Experiment 2;Orientation;1;3;-28.0;68.0;89.0;-75.0;14;6
4;48;47;-1;1.69144850014709;6;-78.0;165;Ceylan & Pascucci (2023);Experiment 2;Orientation;1;3;-78.0;74.0;-10.0;11.0;15;6
4;33;46;13;1.87480430002324;6;15.0;166;Ceylan & Pascucci (2023);Experiment 2;Orientation;1;3;15.0;-63.0;89.0;5.0;16;6
4;4;9;5;1.02522350009531;6;29.0;167;Ceylan & Pascucci (2023);Experiment 2;Orientation;1;3;29.0;44.0;-34.0;-62.0;17;6
4;64;58;-6;3.64874100009911;6;-60.0;168;Ceylan & Pascucci (2023);Experiment 2;Orientation;1;3;-60.0;-31.0;-16.0;86.0;18;6
4;61;63;2;2.0998486999888;6;3.0;169;Ceylan & Pascucci (2023);Experiment 2;Orientation;1;3;3.0;-57.0;-28.0;-13.0;19;6
4;92;93;1;0.94098010007292;6;-31.0;170;Ceylan & Pascucci (2023);Experiment 2;Orientation;1;3;-31.0;-28.0;-88.0;-59.0;20;6
4;116;107;-9;1.09209650009871;6;-24.0;171;Ceylan & Pascucci (2023);Experiment 2;Orientation;1;3;-24.0;-55.0;-52.0;68.0;21;6
4;161;155;-6;1.8836069998797;6;-45.0;172;Ceylan & Pascucci (2023);Experiment 2;Orientation;1;3;-45.0;-69.0;80.0;83.0;22;6
4;97;92;-5;1.30830650008284;6;64.0;173;Ceylan & Pascucci (2023);Experiment 2;Orientation;1;3;64.0;19.0;-5.0;-36.0;23;6
4;80;83;3;1.27525829989463;6;17.0;174;Ceylan & Pascucci (2023);Experiment 2;Orientation;1;3;17.0;81.0;36.0;12.0;24;6
4;120;126;6;1.06674830010161;6;-40.0;175;Ceylan & Pascucci (2023);Experiment 2;Orientation;1;3;-40.0;-23.0;41.0;-4.0;25;6
4;106;110;4;1.07534099998884;6;14.0;176;Ceylan & Pascucci (2023);Experiment 2;Orientation;1;3;14.0;-26.0;-9.0;55.0;26;6
4;94;92;-2;1.2333651999943;6;12.0;177;Ceylan & Pascucci (2023);Experiment 2;Orientation;1;3;12.0;26.0;-14.0;3.0;27;6
4;168;173;5;1.95028920006007;6;-74.0;178;Ceylan & Pascucci (2023);Experiment 2;Orientation;1;3;-74.0;-62.0;-48.0;-88.0;28;6
4;86;89;3;1.48362189996988;6;82.0;179;Ceylan & Pascucci (2023);Experiment 2;Orientation;1;3;82.0;8.0;20.0;34.0;29;6
4;29;31;2;1.87384309992194;6;57.0;180;Ceylan & Pascucci (2023);Experiment 2;Orientation;1;3;57.0;-41.0;65.0;77.0;30;6
4;170;154;-16;1.53362879995257;7;39.0;181;Ceylan & Pascucci (2023);Experiment 2;Orientation;1;3;;;;;1;7
4;162;148;-14;3.08259690017439;7;8.0;182;Ceylan & Pascucci (2023);Experiment 2;Orientation;1;3;;;;;2;7
4;71;64;-7;1.69076219992712;7;-89.0;183;Ceylan & Pascucci (2023);Experiment 2;Orientation;1;3;;;;;3;7
4;91;91;0;2.04976510000415;7;-20.0;184;Ceylan & Pascucci (2023);Experiment 2;Orientation;1;3;;;;;4;7
4;19;33;14;1.18365329992957;7;72.0;185;Ceylan & Pascucci (2023);Experiment 2;Orientation;1;3;72.0;52.0;-37.0;-29.0;5;7
4;46;29;-17;2.57504040002823;7;-27.0;186;Ceylan & Pascucci (2023);Experiment 2;Orientation;1;3;-27.0;45.0;25.0;-64.0;6;7
4;94;88;-6;1.55828699981794;7;-48.0;187;Ceylan & Pascucci (2023);Experiment 2;Orientation;1;3;-48.0;-75.0;-3.0;-23.0;7;7
4;55;53;-2;1.48324209987186;7;39.0;188;Ceylan & Pascucci (2023);Experiment 2;Orientation;1;3;39.0;-9.0;-36.0;36.0;8;7
4;127;130;3;2.02406159997918;7;-72.0;189;Ceylan & Pascucci (2023);Experiment 2;Orientation;1;3;-72.0;-33.0;-81.0;72.0;9;7
4;29;36;7;0.891867199912667;7;-82.0;190;Ceylan & Pascucci (2023);Experiment 2;Orientation;1;3;-82.0;26.0;65.0;17.0;10;7
4;91;93;2;2.17535119992681;7;-62.0;191;Ceylan & Pascucci (2023);Experiment 2;Orientation;1;3;-62.0;36.0;-36.0;3.0;11;7
4;34;35;1;1.80854340014048;7;57.0;192;Ceylan & Pascucci (2023);Experiment 2;Orientation;1;3;57.0;-5.0;-87.0;21.0;12;7
4;116;120;4;1.53325460013002;7;-82.0;193;Ceylan & Pascucci (2023);Experiment 2;Orientation;1;3;-82.0;-25.0;-87.0;11.0;13;7
4;84;94;10;1.02518290001899;7;32.0;194;Ceylan & Pascucci (2023);Experiment 2;Orientation;1;3;32.0;-50.0;7.0;-55.0;14;7
4;113;126;13;1.58313570008613;7;-29.0;195;Ceylan & Pascucci (2023);Experiment 2;Orientation;1;3;-29.0;3.0;-79.0;-22.0;15;7
4;47;54;7;1.38240030012093;7;66.0;196;Ceylan & Pascucci (2023);Experiment 2;Orientation;1;3;66.0;37.0;69.0;-13.0;16;7
4;85;91;6;1.74101900006644;7;-38.0;197;Ceylan & Pascucci (2023);Experiment 2;Orientation;1;3;-38.0;28.0;-1.0;31.0;17;7
4;94;88;-6;1.9749539999757;7;-9.0;198;Ceylan & Pascucci (2023);Experiment 2;Orientation;1;3;-9.0;-47.0;19.0;-10.0;18;7
4;51;48;-3;1.27592030004598;7;43.0;199;Ceylan & Pascucci (2023);Experiment 2;Orientation;1;3;43.0;34.0;-4.0;62.0;19;7
4;176;0;4;2.01665919995867;7;55.0;200;Ceylan & Pascucci (2023);Experiment 2;Orientation;1;3;55.0;-82.0;89.0;51.0;20;7
4;94;89;-5;1.08329840004444;7;82.0;201;Ceylan & Pascucci (2023);Experiment 2;Orientation;1;3;82.0;-43.0;0.0;-9.0;21;7
4;83;91;8;3.15841159992851;7;11.0;202;Ceylan & Pascucci (2023);Experiment 2;Orientation;1;3;11.0;-87.0;-32.0;11.0;22;7
4;60;61;1;1.1838050999213;7;23.0;203;Ceylan & Pascucci (2023);Experiment 2;Orientation;1;3;23.0;34.0;-64.0;-9.0;23;7
4;93;92;-1;1.10832930007018;7;-33.0;204;Ceylan & Pascucci (2023);Experiment 2;Orientation;1;3;-33.0;-10.0;1.0;83.0;24;7
4;126;140;14;1.9248533998616;7;-33.0;205;Ceylan & Pascucci (2023);Experiment 2;Orientation;1;3;-33.0;-66.0;-43.0;-32.0;25;7
4;170;171;1;1.41574699990451;7;-44.0;206;Ceylan & Pascucci (2023);Experiment 2;Orientation;1;3;-44.0;-77.0;70.0;-87.0;26;7
4;175;1;6;1.75814939988777;7;-5.0;207;Ceylan & Pascucci (2023);Experiment 2;Orientation;1;3;-5.0;-49.0;-82.0;65.0;27;7
4;137;123;-14;1.3483591999393;7;38.0;208;Ceylan & Pascucci (2023);Experiment 2;Orientation;1;3;38.0;33.0;-11.0;-44.0;28;7
4;1;3;2;1.39178619999439;7;-44.0;209;Ceylan & Pascucci (2023);Experiment 2;Orientation;1;3;-44.0;-6.0;-11.0;-55.0;29;7
4;99;92;-7;1.96698349993676;7;82.0;210;Ceylan & Pascucci (2023);Experiment 2;Orientation;1;3;82.0;38.0;76.0;71.0;30;7
4;6;179;-7;2.39867259981111;8;-87.0;211;Ceylan & Pascucci (2023);Experiment 2;Orientation;1;3;;;;;1;8
4;12;14;2;1.44142060005106;8;-6.0;212;Ceylan & Pascucci (2023);Experiment 2;Orientation;1;3;;;;;2;8
4;156;153;-3;2.24092300003394;8;36.0;213;Ceylan & Pascucci (2023);Experiment 2;Orientation;1;3;;;;;3;8
4;107;117;10;1.3330825001467;8;49.0;214;Ceylan & Pascucci (2023);Experiment 2;Orientation;1;3;;;;;4;8
4;100;108;8;1.19998170016333;8;7.0;215;Ceylan & Pascucci (2023);Experiment 2;Orientation;1;3;7.0;56.0;-88.0;86.0;5;8
4;179;176;-3;2.53360600001179;8;-79.0;216;Ceylan & Pascucci (2023);Experiment 2;Orientation;1;3;-79.0;-72.0;-23.0;13.0;6;8
4;39;38;-1;2.46659780014306;8;-40.0;217;Ceylan & Pascucci (2023);Experiment 2;Orientation;1;3;-40.0;61.0;68.0;-63.0;7;8
4;123;138;15;1.56700940011069;8;-84.0;218;Ceylan & Pascucci (2023);Experiment 2;Orientation;1;3;-84.0;56.0;-23.0;-16.0;8;8
4;23;33;10;2.03901880001649;8;-80.0;219;Ceylan & Pascucci (2023);Experiment 2;Orientation;1;3;-80.0;16.0;-24.0;77.0;9;8
4;135;142;7;1.42440470005386;8;68.0;220;Ceylan & Pascucci (2023);Experiment 2;Orientation;1;3;68.0;-12.0;84.0;44.0;10;8
4;140;142;2;1.84102729987353;8;-5.0;221;Ceylan & Pascucci (2023);Experiment 2;Orientation;1;3;-5.0;63.0;-17.0;79.0;11;8
4;18;17;-1;1.32444519991986;8;-58.0;222;Ceylan & Pascucci (2023);Experiment 2;Orientation;1;3;-58.0;-63.0;5.0;-75.0;12;8
4;63;55;-8;0.816906000021845;8;-45.0;223;Ceylan & Pascucci (2023);Experiment 2;Orientation;1;3;-45.0;77.0;72.0;-40.0;13;8
4;134;132;-2;2.0581452997867;8;-71.0;224;Ceylan & Pascucci (2023);Experiment 2;Orientation;1;3;-71.0;64.0;6.0;1.0;14;8
4;152;151;-1;1.63355659996159;8;-18.0;225;Ceylan & Pascucci (2023);Experiment 2;Orientation;1;3;-18.0;-89.0;46.0;-12.0;15;8
4;45;37;-8;1.55006549996324;8;-73.0;226;Ceylan & Pascucci (2023);Experiment 2;Orientation;1;3;-73.0;89.0;18.0;-27.0;16;8
4;167;3;16;2.34861969994381;8;58.0;227;Ceylan & Pascucci (2023);Experiment 2;Orientation;1;3;58.0;-15.0;-33.0;76.0;17;8
4;164;163;-1;1.42499880003743;8;3.0;228;Ceylan & Pascucci (2023);Experiment 2;Orientation;1;3;3.0;61.0;-12.0;-30.0;18;8
4;41;39;-2;1.51604039990343;8;-57.0;229;Ceylan & Pascucci (2023);Experiment 2;Orientation;1;3;-57.0;-54.0;4.0;-69.0;19;8
4;99;90;-9;1.65835569985211;8;-58.0;230;Ceylan & Pascucci (2023);Experiment 2;Orientation;1;3;-58.0;65.0;68.0;-54.0;20;8
4;117;111;-6;2.47466870001517;8;-18.0;231;Ceylan & Pascucci (2023);Experiment 2;Orientation;1;3;-18.0;-76.0;47.0;50.0;21;8
4;20;29;9;1.09991480014287;8;-83.0;232;Ceylan & Pascucci (2023);Experiment 2;Orientation;1;3;-83.0;79.0;21.0;-36.0;22;8
4;123;122;-1;1.8503395000007;8;77.0;233;Ceylan & Pascucci (2023);Experiment 2;Orientation;1;3;77.0;-6.0;-24.0;-82.0;23;8
4;160;158;-2;1.9831241001375;8;-37.0;234;Ceylan & Pascucci (2023);Experiment 2;Orientation;1;3;-37.0;40.0;-43.0;-61.0;24;8
4;165;161;-4;2.00847600004636;8;-5.0;235;Ceylan & Pascucci (2023);Experiment 2;Orientation;1;3;-5.0;-42.0;35.0;-48.0;25;8
4;170;0;10;1.4337001000531;8;-5.0;236;Ceylan & Pascucci (2023);Experiment 2;Orientation;1;3;-5.0;-10.0;-47.0;30.0;26;8
4;15;15;0;1.51566349994391;8;-25.0;237;Ceylan & Pascucci (2023);Experiment 2;Orientation;1;3;-25.0;-30.0;-35.0;-72.0;27;8
4;67;52;-15;1.73365399986506;8;-52.0;238;Ceylan & Pascucci (2023);Experiment 2;Orientation;1;3;-52.0;-77.0;-82.0;-87.0;28;8
4;103;115;12;1.94983409997076;8;-36.0;239;Ceylan & Pascucci (2023);Experiment 2;Orientation;1;3;-36.0;-88.0;67.0;62.0;29;8
4;19;31;12;2.62434489978477;8;84.0;240;Ceylan & Pascucci (2023);Experiment 2;Orientation;1;3;84.0;48.0;-4.0;-29.0;30;8
4;106;108;2;1.69897840009071;9;-87.0;241;Ceylan & Pascucci (2023);Experiment 2;Orientation;1;3;;;;;1;9
4;138;147;9;1.01695959991775;9;-32.0;242;Ceylan & Pascucci (2023);Experiment 2;Orientation;1;3;;;;;2;9
4;19;36;17;1.00829569995403;9;-61.0;243;Ceylan & Pascucci (2023);Experiment 2;Orientation;1;3;;;;;3;9
4;28;37;9;1.1162057002075;9;-9.0;244;Ceylan & Pascucci (2023);Experiment 2;Orientation;1;3;;;;;4;9
4;47;39;-8;0.925328999990597;9;-19.0;245;Ceylan & Pascucci (2023);Experiment 2;Orientation;1;3;-19.0;-28.0;-89.0;59.0;5;9
4;113;124;11;1.15821390016936;9;-66.0;246;Ceylan & Pascucci (2023);Experiment 2;Orientation;1;3;-66.0;-85.0;86.0;25.0;6;9
4;40;47;7;0.933496700134128;9;73.0;247;Ceylan & Pascucci (2023);Experiment 2;Orientation;1;3;73.0;7.0;-12.0;-21.0;7;9
4;70;127;57;1.15029460005462;9;-30.0;248;Ceylan & Pascucci (2023);Experiment 2;Orientation;1;3;-30.0;43.0;-23.0;-42.0;8;9
4;110;110;0;1.93311139987782;9;-40.0;249;Ceylan & Pascucci (2023);Experiment 2;Orientation;1;3;-40.0;-70.0;3.0;-63.0;9;9
4;165;156;-9;0.96698939986527;9;-55.0;250;Ceylan & Pascucci (2023);Experiment 2;Orientation;1;3;-55.0;85.0;55.0;-52.0;10;9
4;178;178;0;0.933661699993536;9;-13.0;251;Ceylan & Pascucci (2023);Experiment 2;Orientation;1;3;-13.0;-68.0;72.0;42.0;11;9
4;74;72;-2;0.725374500034377;9;-76.0;252;Ceylan & Pascucci (2023);Experiment 2;Orientation;1;3;-76.0;-89.0;36.0;-4.0;12;9
4;10;7;-3;0.925394700141624;9;64.0;253;Ceylan & Pascucci (2023);Experiment 2;Orientation;1;3;64.0;-12.0;-25.0;-80.0;13;9
4;57;72;15;1.08362879999913;9;-47.0;254;Ceylan & Pascucci (2023);Experiment 2;Orientation;1;3;-47.0;17.0;-59.0;-72.0;14;9
4;50;64;14;1.26700149988756;9;7.0;255;Ceylan & Pascucci (2023);Experiment 2;Orientation;1;3;7.0;-40.0;24.0;-52.0;15;9
4;168;158;-10;1.18366209999658;9;62.0;256;Ceylan & Pascucci (2023);Experiment 2;Orientation;1;3;62.0;69.0;22.0;86.0;16;9
4;157;161;4;1.04204070009291;9;11.0;257;Ceylan & Pascucci (2023);Experiment 2;Orientation;1;3;11.0;73.0;80.0;33.0;17;9
4;180;179;-1;1.71565509983338;9;-23.0;258;Ceylan & Pascucci (2023);Experiment 2;Orientation;1;3;-23.0;-12.0;50.0;57.0;18;9
4;85;91;6;1.59070899989456;9;-85.0;259;Ceylan & Pascucci (2023);Experiment 2;Orientation;1;3;-85.0;72.0;83.0;-35.0;19;9
4;69;64;-5;1.99200430000201;9;16.0;260;Ceylan & Pascucci (2023);Experiment 2;Orientation;1;3;16.0;-69.0;88.0;-81.0;20;9
4;28;22;-6;1.90695070009679;9;41.0;261;Ceylan & Pascucci (2023);Experiment 2;Orientation;1;3;41.0;57.0;-28.0;-51.0;21;9
4;74;55;-19;1.76685899985023;9;-46.0;262;Ceylan & Pascucci (2023);Experiment 2;Orientation;1;3;-46.0;-5.0;11.0;-74.0;22;9
4;117;125;8;2.01566359982826;9;-43.0;263;Ceylan & Pascucci (2023);Experiment 2;Orientation;1;3;-43.0;-89.0;-48.0;-32.0;23;9
4;69;75;6;1.198953300016;9;48.0;264;Ceylan & Pascucci (2023);Experiment 2;Orientation;1;3;48.0;5.0;-41.0;0.0;24;9
4;11;2;-9;0.89917750004679;9;58.0;265;Ceylan & Pascucci (2023);Experiment 2;Orientation;1;3;58.0;-74.0;63.0;17.0;25;9
4;64;59;-5;0.891866800142452;9;-53.0;266;Ceylan & Pascucci (2023);Experiment 2;Orientation;1;3;-53.0;5.0;53.0;10.0;26;9
4;115;107;-8;1.01596840005368;9;-51.0;267;Ceylan & Pascucci (2023);Experiment 2;Orientation;1;3;-51.0;76.0;-46.0;2.0;27;9
4;102;97;-5;0.750045299995691;9;13.0;268;Ceylan & Pascucci (2023);Experiment 2;Orientation;1;3;13.0;-38.0;89.0;-33.0;28;9
4;21;27;6;1.40019459999166;9;81.0;269;Ceylan & Pascucci (2023);Experiment 2;Orientation;1;3;81.0;-86.0;43.0;-10.0;29;9
4;112;118;6;1.19988740002736;9;89.0;270;Ceylan & Pascucci (2023);Experiment 2;Orientation;1;3;89.0;-10.0;3.0;-48.0;30;9
4;59;47;-12;1.72436979995109;10;53.0;271;Ceylan & Pascucci (2023);Experiment 2;Orientation;1;3;;;;;1;10
4;156;154;-2;1.57532299985178;10;83.0;272;Ceylan & Pascucci (2023);Experiment 2;Orientation;1;3;;;;;2;10
4;72;66;-6;1.14167769998312;10;84.0;273;Ceylan & Pascucci (2023);Experiment 2;Orientation;1;3;;;;;3;10
4;74;82;8;1.15855429996736;10;-2.0;274;Ceylan & Pascucci (2023);Experiment 2;Orientation;1;3;;;;;4;10
4;6;178;-8;1.67397519992664;10;68.0;275;Ceylan & Pascucci (2023);Experiment 2;Orientation;1;3;68.0;66.0;-30.0;53.0;5;10
4;157;157;0;1.30006129993126;10;29.0;276;Ceylan & Pascucci (2023);Experiment 2;Orientation;1;3;29.0;-83.0;-85.0;-1.0;6;10
4;8;8;0;1.67373379995115;10;-31.0;277;Ceylan & Pascucci (2023);Experiment 2;Orientation;1;3;-31.0;-2.0;66.0;64.0;7;10
4;169;167;-2;1.48276869999245;10;19.0;278;Ceylan & Pascucci (2023);Experiment 2;Orientation;1;3;19.0;-12.0;17.0;85.0;8;10
4;17;29;12;1.55820499989204;10;-28.0;279;Ceylan & Pascucci (2023);Experiment 2;Orientation;1;3;-28.0;-9.0;-40.0;-11.0;9;10
4;12;19;7;1.69911989988759;10;5.0;280;Ceylan & Pascucci (2023);Experiment 2;Orientation;1;3;5.0;-23.0;-4.0;-35.0;10;10
4;34;30;-4;1.0336555999238;10;-22.0;281;Ceylan & Pascucci (2023);Experiment 2;Orientation;1;3;-22.0;-17.0;-45.0;-26.0;11;10
4;120;125;5;1.6580935001839;10;-86.0;282;Ceylan & Pascucci (2023);Experiment 2;Orientation;1;3;-86.0;72.0;77.0;49.0;12;10
4;123;132;9;1.3503090001177;10;-3.0;283;Ceylan & Pascucci (2023);Experiment 2;Orientation;1;3;-3.0;-89.0;69.0;74.0;13;10
4;116;112;-4;2.33221270004287;10;7.0;284;Ceylan & Pascucci (2023);Experiment 2;Orientation;1;3;7.0;4.0;-82.0;76.0;14;10
4;97;85;-12;1.33365599997342;10;19.0;285;Ceylan & Pascucci (2023);Experiment 2;Orientation;1;3;19.0;26.0;23.0;-63.0;15;10
4;143;148;5;1.34940179996192;10;-46.0;286;Ceylan & Pascucci (2023);Experiment 2;Orientation;1;3;-46.0;-27.0;-20.0;-23.0;16;10
4;170;157;-13;1.82376569998451;10;-27.0;287;Ceylan & Pascucci (2023);Experiment 2;Orientation;1;3;-27.0;-73.0;-54.0;-47.0;17;10
4;74;76;2;2.0418287999928;10;-84.0;288;Ceylan & Pascucci (2023);Experiment 2;Orientation;1;3;-84.0;69.0;23.0;42.0;18;10
4;5;176;-9;1.54891770007089;10;69.0;289;Ceylan & Pascucci (2023);Experiment 2;Orientation;1;3;69.0;-15.0;-42.0;-88.0;19;10
4;39;43;4;1.1582751001697;10;-34.0;290;Ceylan & Pascucci (2023);Experiment 2;Orientation;1;3;-34.0;35.0;-49.0;-76.0;20;10
4;119;127;8;1.08209239994176;10;-80.0;291;Ceylan & Pascucci (2023);Experiment 2;Orientation;1;3;-80.0;66.0;-45.0;51.0;21;10
4;132;135;3;2.19860929995775;10;-13.0;292;Ceylan & Pascucci (2023);Experiment 2;Orientation;1;3;-13.0;87.0;53.0;-58.0;22;10
4;16;18;2;1.3740038999822;10;-64.0;293;Ceylan & Pascucci (2023);Experiment 2;Orientation;1;3;-64.0;-77.0;23.0;-11.0;23;10
4;180;177;-3;1.46695899986662;10;16.0;294;Ceylan & Pascucci (2023);Experiment 2;Orientation;1;3;16.0;-48.0;-61.0;39.0;24;10
4;50;44;-6;1.36706140008755;10;-50.0;295;Ceylan & Pascucci (2023);Experiment 2;Orientation;1;3;-50.0;-34.0;82.0;69.0;25;10
4;96;90;-6;1.85022699995898;10;-46.0;296;Ceylan & Pascucci (2023);Experiment 2;Orientation;1;3;-46.0;84.0;-80.0;36.0;26;10
4;132;134;2;1.85850169998594;10;-36.0;297;Ceylan & Pascucci (2023);Experiment 2;Orientation;1;3;-36.0;-82.0;48.0;64.0;27;10
4;168;166;-2;1.39107939996757;10;-36.0;298;Ceylan & Pascucci (2023);Experiment 2;Orientation;1;3;-36.0;-72.0;62.0;12.0;28;10
4;75;95;20;1.48371500009671;10;-87.0;299;Ceylan & Pascucci (2023);Experiment 2;Orientation;1;3;-87.0;57.0;21.0;-25.0;29;10
4;93;90;-3;1.43330159992911;10;-18.0;300;Ceylan & Pascucci (2023);Experiment 2;Orientation;1;3;-18.0;75.0;39.0;3.0;30;10
5;100;106;6;1.55863079987466;1;;1;Ceylan & Pascucci (2023);Experiment 2;Orientation;1;3;;;;;1;1
5;53;56;3;1.49040989996865;1;47.0;2;Ceylan & Pascucci (2023);Experiment 2;Orientation;1;3;;;;;2;1
5;25;35;10;1.29152270010673;1;28.0;3;Ceylan & Pascucci (2023);Experiment 2;Orientation;1;3;;;;;3;1
5;72;71;-1;1.24143729987554;1;-47.0;4;Ceylan & Pascucci (2023);Experiment 2;Orientation;1;3;;;;;4;1
5;119;117;-2;1.36634720000438;1;-47.0;5;Ceylan & Pascucci (2023);Experiment 2;Orientation;1;3;-47.0;86.0;-66.0;-19.0;5;1
5;135;127;-8;1.89930439996533;1;-16.0;6;Ceylan & Pascucci (2023);Experiment 2;Orientation;1;3;-16.0;-63.0;70.0;-82.0;6;1
5;31;40;9;1.23317490005866;1;-76.0;7;Ceylan & Pascucci (2023);Experiment 2;Orientation;1;3;-76.0;88.0;41.0;-6.0;7;1
5;96;93;-3;1.4411108000204;1;-65.0;8;Ceylan & Pascucci (2023);Experiment 2;Orientation;1;3;-65.0;39.0;23.0;-24.0;8;1
5;58;53;-5;1.51569899986498;1;38.0;9;Ceylan & Pascucci (2023);Experiment 2;Orientation;1;3;38.0;-27.0;77.0;61.0;9;1
5;5;17;12;1.40860549989156;1;53.0;10;Ceylan & Pascucci (2023);Experiment 2;Orientation;1;3;53.0;-89.0;26.0;-50.0;10;1
5;79;74;-5;1.13220839994028;1;-74.0;11;Ceylan & Pascucci (2023);Experiment 2;Orientation;1;3;-74.0;-21.0;17.0;-48.0;11;1
5;35;37;2;1.29072110005654;1;44.0;12;Ceylan & Pascucci (2023);Experiment 2;Orientation;1;3;44.0;-30.0;23.0;61.0;12;1
5;149;135;-14;1.45847539999522;1;66.0;13;Ceylan & Pascucci (2023);Experiment 2;Orientation;1;3;66.0;-70.0;36.0;89.0;13;1
5;9;8;-1;0.608755100052804;1;-40.0;14;Ceylan & Pascucci (2023);Experiment 2;Orientation;1;3;-40.0;26.0;70.0;-4.0;14;1
5;18;9;-9;1.42520940001123;1;-9.0;15;Ceylan & Pascucci (2023);Experiment 2;Orientation;1;3;-9.0;-49.0;17.0;61.0;15;1
5;123;124;1;1.19980810000561;1;75.0;16;Ceylan & Pascucci (2023);Experiment 2;Orientation;1;3;75.0;66.0;26.0;-88.0;16;1
5;72;65;-7;1.00821150001138;1;51.0;17;Ceylan & Pascucci (2023);Experiment 2;Orientation;1;3;51.0;-54.0;-63.0;77.0;17;1
5;129;126;-3;1.34997109998949;1;-57.0;18;Ceylan & Pascucci (2023);Experiment 2;Orientation;1;3;-57.0;-6.0;69.0;60.0;18;1
5;26;16;-10;1.0836620000191;1;-77.0;19;Ceylan & Pascucci (2023);Experiment 2;Orientation;1;3;-77.0;46.0;-83.0;-8.0;19;1
5;159;145;-14;0.965811199974269;1;47.0;20;Ceylan & Pascucci (2023);Experiment 2;Orientation;1;3;47.0;-30.0;-87.0;-36.0;20;1
5;118;113;-5;1.75838640006259;1;41.0;21;Ceylan & Pascucci (2023);Experiment 2;Orientation;1;3;41.0;88.0;11.0;-46.0;21;1
5;3;7;4;1.45810479996726;1;-65.0;22;Ceylan & Pascucci (2023);Experiment 2;Orientation;1;3;-65.0;-24.0;23.0;-54.0;22;1
5;122;112;-10;1.38263610005379;1;61.0;23;Ceylan & Pascucci (2023);Experiment 2;Orientation;1;3;61.0;-4.0;37.0;84.0;23;1
5;176;172;-4;0.699851599987596;1;-54.0;24;Ceylan & Pascucci (2023);Experiment 2;Orientation;1;3;-54.0;7.0;-58.0;-17.0;24;1
5;71;64;-7;1.77488909987733;1;-75.0;25;Ceylan & Pascucci (2023);Experiment 2;Orientation;1;3;-75.0;51.0;-68.0;47.0;25;1
5;107;111;4;1.10004719998688;1;-36.0;26;Ceylan & Pascucci (2023);Experiment 2;Orientation;1;3;-36.0;69.0;15.0;76.0;26;1
5;148;141;-7;0.566745799966156;1;-41.0;27;Ceylan & Pascucci (2023);Experiment 2;Orientation;1;3;-41.0;-77.0;28.0;-26.0;27;1
5;97;86;-11;1.49208400002681;1;51.0;28;Ceylan & Pascucci (2023);Experiment 2;Orientation;1;3;51.0;10.0;-26.0;79.0;28;1
5;102;114;12;1.34103220002726;1;-5.0;29;Ceylan & Pascucci (2023);Experiment 2;Orientation;1;3;-5.0;46.0;5.0;-31.0;29;1
5;148;143;-5;1.09937189985067;1;-46.0;30;Ceylan & Pascucci (2023);Experiment 2;Orientation;1;3;-46.0;-51.0;0.0;-41.0;30;1
5;75;79;4;0.608665899839252;2;73.0;31;Ceylan & Pascucci (2023);Experiment 2;Orientation;1;3;;;;;1;2
5;94;89;-5;1.39193619997241;2;-19.0;32;Ceylan & Pascucci (2023);Experiment 2;Orientation;1;3;;;;;2;2
5;157;154;-3;1.26603959989734;2;-63.0;33;Ceylan & Pascucci (2023);Experiment 2;Orientation;1;3;;;;;3;2
5;94;91;-3;1.2813815001864;2;63.0;34;Ceylan & Pascucci (2023);Experiment 2;Orientation;1;3;;;;;4;2
5;139;131;-8;0.725410200189799;2;-45.0;35;Ceylan & Pascucci (2023);Experiment 2;Orientation;1;3;-45.0;18.0;-45.0;-64.0;5;2
5;122;134;12;1.14156299992464;2;17.0;36;Ceylan & Pascucci (2023);Experiment 2;Orientation;1;3;17.0;-28.0;35.0;-28.0;6;2
5;169;159;-10;1.14198229997419;2;-47.0;37;Ceylan & Pascucci (2023);Experiment 2;Orientation;1;3;-47.0;-30.0;-75.0;-12.0;7;2
5;73;58;-15;1.23337689996697;2;-84.0;38;Ceylan & Pascucci (2023);Experiment 2;Orientation;1;3;-84.0;49.0;66.0;21.0;8;2
5;116;121;5;0.983029399998486;2;-43.0;39;Ceylan & Pascucci (2023);Experiment 2;Orientation;1;3;-43.0;53.0;6.0;23.0;9;2
5;158;144;-14;1.09909879998304;2;-42.0;40;Ceylan & Pascucci (2023);Experiment 2;Orientation;1;3;-42.0;-85.0;11.0;-36.0;10;2
5;141;155;14;1.83185809990391;2;17.0;41;Ceylan & Pascucci (2023);Experiment 2;Orientation;1;3;17.0;-25.0;-68.0;28.0;11;2
5;140;137;-3;0.891935999970883;2;1.0;42;Ceylan & Pascucci (2023);Experiment 2;Orientation;1;3;1.0;18.0;-24.0;-67.0;12;2
5;89;90;1;1.35819689999335;2;51.0;43;Ceylan & Pascucci (2023);Experiment 2;Orientation;1;3;51.0;52.0;69.0;27.0;13;2
5;54;49;-5;1.23312829993665;2;35.0;44;Ceylan & Pascucci (2023);Experiment 2;Orientation;1;3;35.0;86.0;87.0;-76.0;14;2
5;80;71;-9;0.450470900163054;2;-26.0;45;Ceylan & Pascucci (2023);Experiment 2;Orientation;1;3;-26.0;9.0;60.0;61.0;15;2
5;41;39;-2;0.657439599977806;2;39.0;46;Ceylan & Pascucci (2023);Experiment 2;Orientation;1;3;39.0;13.0;48.0;-81.0;16;2
5;158;157;-1;1.07533610006794;2;63.0;47;Ceylan & Pascucci (2023);Experiment 2;Orientation;1;3;63.0;-78.0;76.0;-69.0;17;2
5;65;55;-10;1.24208849994466;2;-87.0;48;Ceylan & Pascucci (2023);Experiment 2;Orientation;1;3;-87.0;-24.0;15.0;-11.0;18;2
5;77;85;8;1.12489510001615;2;-12.0;49;Ceylan & Pascucci (2023);Experiment 2;Orientation;1;3;-12.0;81.0;-36.0;3.0;19;2
5;3;10;7;1.38373710005544;2;74.0;50;Ceylan & Pascucci (2023);Experiment 2;Orientation;1;3;74.0;62.0;-25.0;38.0;20;2
5;100;110;10;1.11701830010861;2;83.0;51;Ceylan & Pascucci (2023);Experiment 2;Orientation;1;3;83.0;-23.0;-35.0;58.0;21;2
5;134;124;-10;1.33262529992498;2;-34.0;52;Ceylan & Pascucci (2023);Experiment 2;Orientation;1;3;-34.0;49.0;-57.0;-69.0;22;2
5;171;167;-4;1.0666234001983;2;-37.0;53;Ceylan & Pascucci (2023);Experiment 2;Orientation;1;3;-37.0;-71.0;12.0;86.0;23;2
5;78;72;-6;1.24985999986529;2;-87.0;54;Ceylan & Pascucci (2023);Experiment 2;Orientation;1;3;-87.0;56.0;22.0;-75.0;24;2
5;13;19;6;1.7165920000989;2;65.0;55;Ceylan & Pascucci (2023);Experiment 2;Orientation;1;3;65.0;-22.0;-59.0;87.0;25;2
5;73;67;-6;0.95874850009568;2;-60.0;56;Ceylan & Pascucci (2023);Experiment 2;Orientation;1;3;-60.0;5.0;-82.0;61.0;26;2
5;62;59;-3;1.30027240002528;2;11.0;57;Ceylan & Pascucci (2023);Experiment 2;Orientation;1;3;11.0;-49.0;16.0;-71.0;27;2
5;110;108;-2;1.15860950015485;2;-48.0;58;Ceylan & Pascucci (2023);Experiment 2;Orientation;1;3;-48.0;-37.0;83.0;-32.0;28;2
5;136;143;7;1.24950179993175;2;-26.0;59;Ceylan & Pascucci (2023);Experiment 2;Orientation;1;3;-26.0;-74.0;-63.0;57.0;29;2
5;37;30;-7;1.59836019994691;2;-81.0;60;Ceylan & Pascucci (2023);Experiment 2;Orientation;1;3;-81.0;73.0;25.0;36.0;30;2
5;125;124;-1;1.15034670010209;3;-88.0;61;Ceylan & Pascucci (2023);Experiment 2;Orientation;1;3;;;;;1;3
5;92;102;10;1.1326301000081;3;33.0;62;Ceylan & Pascucci (2023);Experiment 2;Orientation;1;3;;;;;2;3
5;8;7;-1;1.64076499990188;3;84.0;63;Ceylan & Pascucci (2023);Experiment 2;Orientation;1;3;;;;;3;3
5;91;90;-1;1.29999009985477;3;-83.0;64;Ceylan & Pascucci (2023);Experiment 2;Orientation;1;3;;;;;4;3
5;14;22;8;1.20814169989899;3;77.0;65;Ceylan & Pascucci (2023);Experiment 2;Orientation;1;3;77.0;-6.0;78.0;-69.0;5;3
5;125;132;7;0.99889579997398;3;69.0;66;Ceylan & Pascucci (2023);Experiment 2;Orientation;1;3;69.0;-34.0;63.0;-33.0;6;3
5;70;62;-8;1.03374810004607;3;55.0;67;Ceylan & Pascucci (2023);Experiment 2;Orientation;1;3;55.0;-56.0;21.0;-62.0;7;3
5;2;6;4;1.14024370000698;3;68.0;68;Ceylan & Pascucci (2023);Experiment 2;Orientation;1;3;68.0;-57.0;12.0;89.0;8;3
5;157;149;-8;0.942040099995211;3;25.0;69;Ceylan & Pascucci (2023);Experiment 2;Orientation;1;3;25.0;-87.0;-32.0;37.0;9;3
5;93;97;4;0.792020099936053;3;64.0;70;Ceylan & Pascucci (2023);Experiment 2;Orientation;1;3;64.0;89.0;-23.0;32.0;10;3
5;7;19;12;1.08280800003558;3;86.0;71;Ceylan & Pascucci (2023);Experiment 2;Orientation;1;3;86.0;-30.0;-5.0;63.0;11;3
5;90;84;-6;1.07520779990591;3;-83.0;72;Ceylan & Pascucci (2023);Experiment 2;Orientation;1;3;-83.0;3.0;67.0;-88.0;12;3
5;43;42;-1;1.65813079988584;3;47.0;73;Ceylan & Pascucci (2023);Experiment 2;Orientation;1;3;47.0;-36.0;50.0;-66.0;13;3
5;33;32;-1;1.0994467001874;3;10.0;74;Ceylan & Pascucci (2023);Experiment 2;Orientation;1;3;10.0;57.0;-26.0;60.0;14;3
5;165;153;-12;1.05805820017122;3;48.0;75;Ceylan & Pascucci (2023);Experiment 2;Orientation;1;3;48.0;58.0;-75.0;22.0;15;3
5;152;140;-12;1.15037310007028;3;13.0;76;Ceylan & Pascucci (2023);Experiment 2;Orientation;1;3;13.0;61.0;71.0;-62.0;16;3
5;90;92;2;1.2249279001262;3;62.0;77;Ceylan & Pascucci (2023);Experiment 2;Orientation;1;3;62.0;75.0;-57.0;-47.0;17;3
5;34;34;0;0.891954199876636;3;56.0;78;Ceylan & Pascucci (2023);Experiment 2;Orientation;1;3;56.0;-62.0;-49.0;-1.0;18;3
5;62;47;-15;1.19156259996817;3;-28.0;79;Ceylan & Pascucci (2023);Experiment 2;Orientation;1;3;-28.0;28.0;90.0;-77.0;19;3
5;70;62;-8;1.15031980001368;3;-8.0;80;Ceylan & Pascucci (2023);Experiment 2;Orientation;1;3;-8.0;-36.0;20.0;82.0;20;3
5;5;9;4;1.11565689998679;3;65.0;81;Ceylan & Pascucci (2023);Experiment 2;Orientation;1;3;65.0;57.0;29.0;85.0;21;3
5;102;107;5;1.34867940004915;3;83.0;82;Ceylan & Pascucci (2023);Experiment 2;Orientation;1;3;83.0;-32.0;-40.0;-68.0;22;3
5;124;124;0;1.24083709996194;3;-22.0;83;Ceylan & Pascucci (2023);Experiment 2;Orientation;1;3;-22.0;61.0;-54.0;-62.0;23;3
5;64;64;0;1.35729359998368;3;60.0;84;Ceylan & Pascucci (2023);Experiment 2;Orientation;1;3;60.0;38.0;-59.0;6.0;24;3
5;163;162;-1;0.874904500087723;3;81.0;85;Ceylan & Pascucci (2023);Experiment 2;Orientation;1;3;81.0;-39.0;-61.0;22.0;25;3
5;59;60;1;1.00824190001003;3;-76.0;86;Ceylan & Pascucci (2023);Experiment 2;Orientation;1;3;-76.0;5.0;65.0;43.0;26;3
5;37;37;0;1.11697550001554;3;22.0;87;Ceylan & Pascucci (2023);Experiment 2;Orientation;1;3;22.0;-54.0;27.0;87.0;27;3
5;144;138;-6;1.82473430014215;3;73.0;88;Ceylan & Pascucci (2023);Experiment 2;Orientation;1;3;73.0;-85.0;19.0;-80.0;28;3
5;179;1;2;1.24161190004088;3;-35.0;89;Ceylan & Pascucci (2023);Experiment 2;Orientation;1;3;-35.0;38.0;60.0;-16.0;29;3
5;155;162;7;1.40827130014077;3;24.0;90;Ceylan & Pascucci (2023);Experiment 2;Orientation;1;3;24.0;-11.0;62.0;84.0;30;3
5;118;121;3;0.850298900157213;4;37.0;91;Ceylan & Pascucci (2023);Experiment 2;Orientation;1;3;;;;;1;4
5;92;95;3;0.991954899858683;4;26.0;92;Ceylan & Pascucci (2023);Experiment 2;Orientation;1;3;;;;;2;4
5;1;179;-2;1.0582282000687;4;-89.0;93;Ceylan & Pascucci (2023);Experiment 2;Orientation;1;3;;;;;3;4
5;65;66;1;1.16525020007975;4;-64.0;94;Ceylan & Pascucci (2023);Experiment 2;Orientation;1;3;;;;;4;4
5;73;68;-5;1.24053420010023;4;-8.0;95;Ceylan & Pascucci (2023);Experiment 2;Orientation;1;3;-8.0;-72.0;19.0;45.0;5;4
5;135;120;-15;1.00858799996786;4;-62.0;96;Ceylan & Pascucci (2023);Experiment 2;Orientation;1;3;-62.0;-70.0;46.0;-43.0;6;4
5;104;113;9;0.566939600044861;4;31.0;97;Ceylan & Pascucci (2023);Experiment 2;Orientation;1;3;31.0;-31.0;-39.0;77.0;7;4
5;45;41;-4;1.29161219997332;4;59.0;98;Ceylan & Pascucci (2023);Experiment 2;Orientation;1;3;59.0;90.0;28.0;20.0;8;4
5;57;53;-4;1.35817420016974;4;-12.0;99;Ceylan & Pascucci (2023);Experiment 2;Orientation;1;3;-12.0;47.0;78.0;16.0;9;4
5;25;21;-4;1.06658360012807;4;32.0;100;Ceylan & Pascucci (2023);Experiment 2;Orientation;1;3;32.0;20.0;79.0;-70.0;10;4
5;143;145;2;1.04164980002679;4;62.0;101;Ceylan & Pascucci (2023);Experiment 2;Orientation;1;3;62.0;-86.0;82.0;-39.0;11;4
5;110;107;-3;0.949973099865019;4;33.0;102;Ceylan & Pascucci (2023);Experiment 2;Orientation;1;3;33.0;-85.0;-53.0;-65.0;12;4
5;147;136;-11;0.949972899863496;4;-37.0;103;Ceylan & Pascucci (2023);Experiment 2;Orientation;1;3;-37.0;-4.0;58.0;90.0;13;4
5;149;147;-2;1.53348729992285;4;-2.0;104;Ceylan & Pascucci (2023);Experiment 2;Orientation;1;3;-2.0;-39.0;-6.0;56.0;14;4
5;8;10;2;1.18315530009568;4;-39.0;105;Ceylan & Pascucci (2023);Experiment 2;Orientation;1;3;-39.0;-41.0;-78.0;-45.0;15;4
5;170;168;-2;0.958578800084069;4;18.0;106;Ceylan & Pascucci (2023);Experiment 2;Orientation;1;3;18.0;-21.0;-23.0;-60.0;16;4
5;85;84;-1;1.26657740003429;4;85.0;107;Ceylan & Pascucci (2023);Experiment 2;Orientation;1;3;85.0;-77.0;64.0;62.0;17;4
5;75;82;7;1.11653180001304;4;10.0;108;Ceylan & Pascucci (2023);Experiment 2;Orientation;1;3;10.0;-85.0;-67.0;74.0;18;4
5;84;77;-7;0.808230699971318;4;-9.0;109;Ceylan & Pascucci (2023);Experiment 2;Orientation;1;3;-9.0;1.0;86.0;-76.0;19;4
5;29;26;-3;1.24157119984739;4;55.0;110;Ceylan & Pascucci (2023);Experiment 2;Orientation;1;3;55.0;46.0;56.0;-39.0;20;4
5;67;62;-5;0.933541100006551;4;-38.0;111;Ceylan & Pascucci (2023);Experiment 2;Orientation;1;3;-38.0;17.0;8.0;18.0;21;4
5;64;53;-11;1.59178279992193;4;3.0;112;Ceylan & Pascucci (2023);Experiment 2;Orientation;1;3;3.0;-35.0;20.0;11.0;22;4
5;65;54;-11;0.599904600065202;4;-1.0;113;Ceylan & Pascucci (2023);Experiment 2;Orientation;1;3;-1.0;2.0;-36.0;19.0;23;4
5;5;7;2;1.19181740004569;4;60.0;114;Ceylan & Pascucci (2023);Experiment 2;Orientation;1;3;60.0;59.0;62.0;24.0;24;4
5;158;160;2;1.09199850005098;4;27.0;115;Ceylan & Pascucci (2023);Experiment 2;Orientation;1;3;27.0;87.0;86.0;89.0;25;4
5;12;11;-1;1.08365159993991;4;-34.0;116;Ceylan & Pascucci (2023);Experiment 2;Orientation;1;3;-34.0;-7.0;53.0;52.0;26;4
5;126;151;25;1.2910150999669;4;66.0;117;Ceylan & Pascucci (2023);Experiment 2;Orientation;1;3;66.0;32.0;59.0;-61.0;27;4
5;110;118;8;2.13202010001987;4;16.0;118;Ceylan & Pascucci (2023);Experiment 2;Orientation;1;3;16.0;82.0;48.0;75.0;28;4
5;90;88;-2;1.1084863001015;4;20.0;119;Ceylan & Pascucci (2023);Experiment 2;Orientation;1;3;20.0;36.0;-78.0;68.0;29;4
5;167;156;-11;1.14876489993185;4;-77.0;120;Ceylan & Pascucci (2023);Experiment 2;Orientation;1;3;-77.0;-57.0;-41.0;25.0;30;4
5;90;90;0;1.0005071000196;5;77.0;121;Ceylan & Pascucci (2023);Experiment 2;Orientation;1;3;;;;;1;5
5;37;36;-1;0.766585699981079;5;53.0;122;Ceylan & Pascucci (2023);Experiment 2;Orientation;1;3;;;;;2;5
5;31;31;0;1.1668780001346;5;6.0;123;Ceylan & Pascucci (2023);Experiment 2;Orientation;1;3;;;;;3;5
5;61;47;-14;1.34146740008146;5;-30.0;124;Ceylan & Pascucci (2023);Experiment 2;Orientation;1;3;;;;;4;5
5;156;157;1;0.724831399973482;5;85.0;125;Ceylan & Pascucci (2023);Experiment 2;Orientation;1;3;85.0;55.0;61.0;-66.0;5;5
5;36;45;9;1.55715670017526;5;-60.0;126;Ceylan & Pascucci (2023);Experiment 2;Orientation;1;3;-60.0;25.0;-5.0;1.0;6;5
5;150;151;1;1.25297769997269;5;66.0;127;Ceylan & Pascucci (2023);Experiment 2;Orientation;1;3;66.0;6.0;-89.0;61.0;7;5
5;70;77;7;0.908328300109133;5;80.0;128;Ceylan & Pascucci (2023);Experiment 2;Orientation;1;3;80.0;-34.0;86.0;-9.0;8;5
5;71;65;-6;1.40818689996377;5;-1.0;129;Ceylan & Pascucci (2023);Experiment 2;Orientation;1;3;-1.0;79.0;-35.0;85.0;9;5
5;30;25;-5;0.992025099927559;5;41.0;130;Ceylan & Pascucci (2023);Experiment 2;Orientation;1;3;41.0;40.0;-60.0;6.0;10;5
5;26;32;6;0.87542980001308;5;4.0;131;Ceylan & Pascucci (2023);Experiment 2;Orientation;1;3;4.0;45.0;44.0;-56.0;11;5
5;151;150;-1;1.18300459999591;5;55.0;132;Ceylan & Pascucci (2023);Experiment 2;Orientation;1;3;55.0;59.0;-80.0;-81.0;12;5
5;119;125;6;0.900337100028992;5;32.0;133;Ceylan & Pascucci (2023);Experiment 2;Orientation;1;3;32.0;87.0;-89.0;-48.0;13;5
5;147;135;-12;1.50021390011534;5;-28.0;134;Ceylan & Pascucci (2023);Experiment 2;Orientation;1;3;-28.0;4.0;59.0;63.0;14;5
5;63;60;-3;1.98356760013849;5;84.0;135;Ceylan & Pascucci (2023);Experiment 2;Orientation;1;3;84.0;56.0;88.0;-37.0;15;5
5;87;86;-1;1.43324479996227;5;-24.0;136;Ceylan & Pascucci (2023);Experiment 2;Orientation;1;3;-24.0;60.0;32.0;64.0;16;5
5;60;62;2;0.967122099827975;5;27.0;137;Ceylan & Pascucci (2023);Experiment 2;Orientation;1;3;27.0;3.0;87.0;59.0;17;5
5;166;171;5;1.39201469998807;5;74.0;138;Ceylan & Pascucci (2023);Experiment 2;Orientation;1;3;74.0;-79.0;77.0;-19.0;18;5
5;133;134;1;0.974942599888891;5;33.0;139;Ceylan & Pascucci (2023);Experiment 2;Orientation;1;3;33.0;-73.0;-46.0;-70.0;19;5
5;12;17;5;1.61534940009005;5;-59.0;140;Ceylan & Pascucci (2023);Experiment 2;Orientation;1;3;-59.0;-26.0;48.0;75.0;20;5
5;104;113;9;1.34187850006856;5;88.0;141;Ceylan & Pascucci (2023);Experiment 2;Orientation;1;3;88.0;29.0;62.0;-44.0;21;5
5;166;156;-10;0.966004800051451;5;-62.0;142;Ceylan & Pascucci (2023);Experiment 2;Orientation;1;3;-62.0;26.0;-33.0;0.0;22;5
5;39;45;6;1.32534780004062;5;-53.0;143;Ceylan & Pascucci (2023);Experiment 2;Orientation;1;3;-53.0;65.0;-27.0;-86.0;23;5
5;121;120;-1;0.93323910003528;5;-82.0;144;Ceylan & Pascucci (2023);Experiment 2;Orientation;1;3;-82.0;45.0;-17.0;71.0;24;5
5;158;170;12;1.26532290014438;5;-37.0;145;Ceylan & Pascucci (2023);Experiment 2;Orientation;1;3;-37.0;61.0;8.0;-54.0;25;5
5;12;20;8;1.07476849993691;5;-34.0;146;Ceylan & Pascucci (2023);Experiment 2;Orientation;1;3;-34.0;-71.0;27.0;-26.0;26;5
5;4;8;4;0.907442099880427;5;8.0;147;Ceylan & Pascucci (2023);Experiment 2;Orientation;1;3;8.0;-26.0;-63.0;35.0;27;5
5;59;60;1;0.94153739977628;5;-55.0;148;Ceylan & Pascucci (2023);Experiment 2;Orientation;1;3;-55.0;-47.0;-81.0;62.0;28;5
5;2;4;2;0.958207299932837;5;57.0;149;Ceylan & Pascucci (2023);Experiment 2;Orientation;1;3;57.0;2.0;10.0;-24.0;29;5
5;17;18;1;1.33262740005739;5;-15.0;150;Ceylan & Pascucci (2023);Experiment 2;Orientation;1;3;-15.0;42.0;-13.0;-5.0;30;5
5;67;74;7;1.00867830007337;6;-50.0;151;Ceylan & Pascucci (2023);Experiment 2;Orientation;1;3;;;;;1;6
5;158;160;2;0.892057699849829;6;89.0;152;Ceylan & Pascucci (2023);Experiment 2;Orientation;1;3;;;;;2;6
5;116;129;13;2.17515740008093;6;42.0;153;Ceylan & Pascucci (2023);Experiment 2;Orientation;1;3;;;;;3;6
5;167;159;-8;1.4656189000234;6;-51.0;154;Ceylan & Pascucci (2023);Experiment 2;Orientation;1;3;;;;;4;6
5;51;45;-6;1.06577769992873;6;-64.0;155;Ceylan & Pascucci (2023);Experiment 2;Orientation;1;3;-64.0;65.0;-73.0;16.0;5;6
5;24;32;8;1.18270560004748;6;27.0;156;Ceylan & Pascucci (2023);Experiment 2;Orientation;1;3;27.0;-37.0;-88.0;-46.0;6;6
5;149;145;-4;1.54063990013674;6;55.0;157;Ceylan & Pascucci (2023);Experiment 2;Orientation;1;3;55.0;82.0;18.0;-33.0;7;6
5;71;54;-17;1.89054660010152;6;78.0;158;Ceylan & Pascucci (2023);Experiment 2;Orientation;1;3;78.0;-47.0;-20.0;-84.0;8;6
5;131;127;-4;1.20033410005271;6;-60.0;159;Ceylan & Pascucci (2023);Experiment 2;Orientation;1;3;-60.0;18.0;73.0;-80.0;9;6
5;116;108;-8;0.875197999877855;6;15.0;160;Ceylan & Pascucci (2023);Experiment 2;Orientation;1;3;15.0;-45.0;33.0;88.0;10;6
5;108;107;-1;1.42423340003006;6;8.0;161;Ceylan & Pascucci (2023);Experiment 2;Orientation;1;3;8.0;23.0;-37.0;41.0;11;6
5;97;106;9;1.78360800002702;6;11.0;162;Ceylan & Pascucci (2023);Experiment 2;Orientation;1;3;11.0;19.0;34.0;-26.0;12;6
5;120;115;-5;0.925347900018096;6;-23.0;163;Ceylan & Pascucci (2023);Experiment 2;Orientation;1;3;-23.0;-12.0;-4.0;11.0;13;6
5;49;53;4;1.44986669998616;6;71.0;164;Ceylan & Pascucci (2023);Experiment 2;Orientation;1;3;71.0;48.0;59.0;67.0;14;6
5;131;130;-1;1.05022659990937;6;-82.0;165;Ceylan & Pascucci (2023);Experiment 2;Orientation;1;3;-82.0;-11.0;-34.0;-23.0;15;6
5;19;27;8;1.09995539998636;6;-68.0;166;Ceylan & Pascucci (2023);Experiment 2;Orientation;1;3;-68.0;30.0;-79.0;78.0;16;6
5;83;70;-13;1.28365919995122;6;-64.0;167;Ceylan & Pascucci (2023);Experiment 2;Orientation;1;3;-64.0;48.0;-34.0;37.0;17;6
5;20;17;-3;1.46689820010215;6;63.0;168;Ceylan & Pascucci (2023);Experiment 2;Orientation;1;3;63.0;-1.0;-69.0;29.0;18;6
5;142;146;4;1.21665240009315;6;58.0;169;Ceylan & Pascucci (2023);Experiment 2;Orientation;1;3;58.0;-59.0;57.0;-11.0;19;6
5;82;71;-11;1.51557020004839;6;60.0;170;Ceylan & Pascucci (2023);Experiment 2;Orientation;1;3;60.0;-62.0;1.0;-63.0;20;6
5;138;130;-8;0.95024050003849;6;-56.0;171;Ceylan & Pascucci (2023);Experiment 2;Orientation;1;3;-56.0;4.0;62.0;-55.0;21;6
5;97;103;6;1.08365919999778;6;41.0;172;Ceylan & Pascucci (2023);Experiment 2;Orientation;1;3;41.0;-15.0;45.0;-77.0;22;6
5;73;75;2;1.13288190006278;6;24.0;173;Ceylan & Pascucci (2023);Experiment 2;Orientation;1;3;24.0;65.0;9.0;69.0;23;6
5;180;179;-1;1.17532090004534;6;73.0;174;Ceylan & Pascucci (2023);Experiment 2;Orientation;1;3;73.0;-83.0;-42.0;82.0;24;6
5;173;173;0;1.07496419991367;6;7.0;175;Ceylan & Pascucci (2023);Experiment 2;Orientation;1;3;7.0;80.0;-76.0;-35.0;25;6
5;63;65;2;1.20017490000464;6;-70.0;176;Ceylan & Pascucci (2023);Experiment 2;Orientation;1;3;-70.0;-63.0;10.0;34.0;26;6
5;131;125;-6;1.44123989995569;6;-68.0;177;Ceylan & Pascucci (2023);Experiment 2;Orientation;1;3;-68.0;42.0;49.0;-58.0;27;6
5;19;28;9;1.42392289987765;6;-68.0;178;Ceylan & Pascucci (2023);Experiment 2;Orientation;1;3;-68.0;44.0;-26.0;-19.0;28;6
5;32;32;0;0.808302199933678;6;-13.0;179;Ceylan & Pascucci (2023);Experiment 2;Orientation;1;3;-13.0;-81.0;31.0;-39.0;29;6
5;33;44;11;1.80113849998452;6;-1.0;180;Ceylan & Pascucci (2023);Experiment 2;Orientation;1;3;-1.0;-14.0;-82.0;30.0;30;6
5;13;17;4;1.14989860006608;7;20.0;181;Ceylan & Pascucci (2023);Experiment 2;Orientation;1;3;;;;;1;7
5;53;57;4;1.88232490001246;7;-40.0;182;Ceylan & Pascucci (2023);Experiment 2;Orientation;1;3;;;;;2;7
5;26;30;4;0.975356000009924;7;27.0;183;Ceylan & Pascucci (2023);Experiment 2;Orientation;1;3;;;;;3;7
5;146;140;-6;1.52479310007766;7;60.0;184;Ceylan & Pascucci (2023);Experiment 2;Orientation;1;3;;;;;4;7
5;95;104;9;1.25041540013626;7;51.0;185;Ceylan & Pascucci (2023);Experiment 2;Orientation;1;3;51.0;-69.0;-42.0;-82.0;5;7
5;162;166;4;1.47436240012757;7;-67.0;186;Ceylan & Pascucci (2023);Experiment 2;Orientation;1;3;-67.0;-16.0;44.0;71.0;6;7
5;148;135;-13;0.983266799943522;7;14.0;187;Ceylan & Pascucci (2023);Experiment 2;Orientation;1;3;14.0;-53.0;-2.0;58.0;7;7
5;108;124;16;1.17396500008181;7;40.0;188;Ceylan & Pascucci (2023);Experiment 2;Orientation;1;3;40.0;54.0;-13.0;38.0;8;7
5;68;55;-13;1.06658690003678;7;40.0;189;Ceylan & Pascucci (2023);Experiment 2;Orientation;1;3;40.0;80.0;-86.0;27.0;9;7
5;136;119;-17;1.18351850006729;7;-68.0;190;Ceylan & Pascucci (2023);Experiment 2;Orientation;1;3;-68.0;-28.0;12.0;26.0;10;7
5;143;137;-6;1.60824090009555;7;-7.0;191;Ceylan & Pascucci (2023);Experiment 2;Orientation;1;3;-7.0;-75.0;-35.0;5.0;11;7
5;78;63;-15;1.42529129981995;7;65.0;192;Ceylan & Pascucci (2023);Experiment 2;Orientation;1;3;65.0;58.0;-10.0;30.0;12;7
5;124;111;-13;1.57450939994305;7;-46.0;193;Ceylan & Pascucci (2023);Experiment 2;Orientation;1;3;-46.0;19.0;12.0;-56.0;13;7
5;175;178;3;1.01699539995752;7;-51.0;194;Ceylan & Pascucci (2023);Experiment 2;Orientation;1;3;-51.0;83.0;-32.0;-39.0;14;7
5;128;133;5;1.17446719994769;7;47.0;195;Ceylan & Pascucci (2023);Experiment 2;Orientation;1;3;47.0;-4.0;-50.0;15.0;15;7
5;150;144;-6;1.07529819989577;7;-22.0;196;Ceylan & Pascucci (2023);Experiment 2;Orientation;1;3;-22.0;25.0;-26.0;-72.0;16;7
5;175;167;-8;1.30819600005634;7;-25.0;197;Ceylan & Pascucci (2023);Experiment 2;Orientation;1;3;-25.0;-47.0;0.0;-51.0;17;7
5;126;121;-5;1.00026130001061;7;49.0;198;Ceylan & Pascucci (2023);Experiment 2;Orientation;1;3;49.0;24.0;2.0;49.0;18;7
5;12;8;-4;1.00822090008296;7;-66.0;199;Ceylan & Pascucci (2023);Experiment 2;Orientation;1;3;-66.0;-17.0;-42.0;-64.0;19;7
5;114;112;-2;2.60806210013106;7;78.0;200;Ceylan & Pascucci (2023);Experiment 2;Orientation;1;3;78.0;12.0;61.0;36.0;20;7
5;22;38;16;1.56685319985263;7;-88.0;201;Ceylan & Pascucci (2023);Experiment 2;Orientation;1;3;-88.0;-10.0;-76.0;-27.0;21;7
5;129;123;-6;0.55027769994922;7;73.0;202;Ceylan & Pascucci (2023);Experiment 2;Orientation;1;3;73.0;-15.0;63.0;-3.0;22;7
5;162;159;-3;1.17488730000332;7;-33.0;203;Ceylan & Pascucci (2023);Experiment 2;Orientation;1;3;-33.0;40.0;-48.0;30.0;23;7
5;67;62;-5;1.2755183998961;7;-85.0;204;Ceylan & Pascucci (2023);Experiment 2;Orientation;1;3;-85.0;62.0;-45.0;47.0;24;7
5;2;176;-6;1.17530030012131;7;65.0;205;Ceylan & Pascucci (2023);Experiment 2;Orientation;1;3;65.0;-20.0;-53.0;20.0;25;7
5;115;109;-6;1.7821812001057;7;67.0;206;Ceylan & Pascucci (2023);Experiment 2;Orientation;1;3;67.0;-48.0;47.0;14.0;26;7
5;64;56;-8;0.941581000108272;7;51.0;207;Ceylan & Pascucci (2023);Experiment 2;Orientation;1;3;51.0;-62.0;3.0;-82.0;27;7
5;47;46;-1;1.11648639990017;7;17.0;208;Ceylan & Pascucci (2023);Experiment 2;Orientation;1;3;17.0;68.0;-45.0;20.0;28;7
5;125;126;1;1.11643770011142;7;-78.0;209;Ceylan & Pascucci (2023);Experiment 2;Orientation;1;3;-78.0;-61.0;-10.0;57.0;29;7
5;26;30;4;1.35029640002176;7;-81.0;210;Ceylan & Pascucci (2023);Experiment 2;Orientation;1;3;-81.0;21.0;38.0;89.0;30;7
5;138;141;3;1.0253845998086;8;68.0;211;Ceylan & Pascucci (2023);Experiment 2;Orientation;1;3;;;;;1;8
5;58;58;0;1.8404928999953;8;80.0;212;Ceylan & Pascucci (2023);Experiment 2;Orientation;1;3;;;;;2;8
5;89;82;-7;1.24984969990328;8;-31.0;213;Ceylan & Pascucci (2023);Experiment 2;Orientation;1;3;;;;;3;8
5;30;26;-4;0.966950499918312;8;59.0;214;Ceylan & Pascucci (2023);Experiment 2;Orientation;1;3;;;;;4;8
5;37;49;12;1.23364760004915;8;-7.0;215;Ceylan & Pascucci (2023);Experiment 2;Orientation;1;3;-7.0;52.0;21.0;-79.0;5;8
5;145;124;-21;1.17565039987676;8;72.0;216;Ceylan & Pascucci (2023);Experiment 2;Orientation;1;3;72.0;65.0;-56.0;-87.0;6;8
5;162;150;-12;1.33367229998112;8;-17.0;217;Ceylan & Pascucci (2023);Experiment 2;Orientation;1;3;-17.0;55.0;48.0;-73.0;7;8
5;175;167;-8;1.59983999980614;8;-13.0;218;Ceylan & Pascucci (2023);Experiment 2;Orientation;1;3;-13.0;-30.0;42.0;35.0;8;8
5;33;33;0;1.45016979984939;8;-38.0;219;Ceylan & Pascucci (2023);Experiment 2;Orientation;1;3;-38.0;-51.0;-68.0;4.0;9;8
5;97;98;1;1.12535020010546;8;-64.0;220;Ceylan & Pascucci (2023);Experiment 2;Orientation;1;3;-64.0;78.0;65.0;48.0;10;8
5;148;149;1;1.35804129997268;8;-51.0;221;Ceylan & Pascucci (2023);Experiment 2;Orientation;1;3;-51.0;65.0;27.0;14.0;11;8
5;29;27;-2;1.54989319993183;8;-61.0;222;Ceylan & Pascucci (2023);Experiment 2;Orientation;1;3;-61.0;68.0;4.0;-34.0;12;8
5;169;174;5;1.15861340006813;8;40.0;223;Ceylan & Pascucci (2023);Experiment 2;Orientation;1;3;40.0;-21.0;-72.0;44.0;13;8
5;39;36;-3;1.03318700008094;8;-50.0;224;Ceylan & Pascucci (2023);Experiment 2;Orientation;1;3;-50.0;-10.0;-71.0;58.0;14;8
5;24;25;1;1.10830389987677;8;15.0;225;Ceylan & Pascucci (2023);Experiment 2;Orientation;1;3;15.0;-35.0;5.0;-56.0;15;8
5;131;130;-1;1.10826610005461;8;73.0;226;Ceylan & Pascucci (2023);Experiment 2;Orientation;1;3;73.0;88.0;38.0;78.0;16;8
5;105;118;13;1.25808669999242;8;26.0;227;Ceylan & Pascucci (2023);Experiment 2;Orientation;1;3;26.0;-81.0;-66.0;64.0;17;8
5;111;119;8;0.8251340999268;8;-6.0;228;Ceylan & Pascucci (2023);Experiment 2;Orientation;1;3;-6.0;20.0;-87.0;-72.0;18;8
5;36;34;-2;1.02437480003573;8;75.0;229;Ceylan & Pascucci (2023);Experiment 2;Orientation;1;3;75.0;69.0;-85.0;-12.0;19;8
5;92;90;-2;0.91709170001559;8;-56.0;230;Ceylan & Pascucci (2023);Experiment 2;Orientation;1;3;-56.0;19.0;13.0;39.0;20;8
5;13;17;4;1.00039130006917;8;79.0;231;Ceylan & Pascucci (2023);Experiment 2;Orientation;1;3;79.0;23.0;-82.0;-88.0;21;8
5;120;123;3;1.54165909998119;8;73.0;232;Ceylan & Pascucci (2023);Experiment 2;Orientation;1;3;73.0;-28.0;-84.0;-9.0;22;8
5;7;15;8;1.50812660017982;8;-67.0;233;Ceylan & Pascucci (2023);Experiment 2;Orientation;1;3;-67.0;6.0;85.0;29.0;23;8
5;45;41;-4;1.04458660003729;8;-38.0;234;Ceylan & Pascucci (2023);Experiment 2;Orientation;1;3;-38.0;75.0;-32.0;47.0;24;8
5;167;162;-5;1.14160750014707;8;58.0;235;Ceylan & Pascucci (2023);Experiment 2;Orientation;1;3;58.0;20.0;-47.0;26.0;25;8
5;17;28;11;1.40000409982167;8;-30.0;236;Ceylan & Pascucci (2023);Experiment 2;Orientation;1;3;-30.0;28.0;-10.0;-77.0;26;8
5;29;30;1;0.991879899986088;8;-12.0;237;Ceylan & Pascucci (2023);Experiment 2;Orientation;1;3;-12.0;-42.0;16.0;-22.0;27;8
5;129;128;-1;1.33369470015168;8;80.0;238;Ceylan & Pascucci (2023);Experiment 2;Orientation;1;3;80.0;68.0;38.0;-84.0;28;8
5;115;120;5;1.84019690006971;8;14.0;239;Ceylan & Pascucci (2023);Experiment 2;Orientation;1;3;14.0;-86.0;82.0;52.0;29;8
5;111;110;-1;1.09315059985965;8;4.0;240;Ceylan & Pascucci (2023);Experiment 2;Orientation;1;3;4.0;18.0;-82.0;86.0;30;8
5;176;4;8;1.39193299994804;9;-65.0;241;Ceylan & Pascucci (2023);Experiment 2;Orientation;1;3;;;;;1;9
5;107;105;-2;0.675361900124699;9;69.0;242;Ceylan & Pascucci (2023);Experiment 2;Orientation;1;3;;;;;2;9
5;60;48;-12;1.92530689993873;9;47.0;243;Ceylan & Pascucci (2023);Experiment 2;Orientation;1;3;;;;;3;9
5;40;27;-13;1.20825799996965;9;20.0;244;Ceylan & Pascucci (2023);Experiment 2;Orientation;1;3;;;;;4;9
5;121;124;3;1.52440680004656;9;-81.0;245;Ceylan & Pascucci (2023);Experiment 2;Orientation;1;3;-81.0;-61.0;-14.0;55.0;5;9
5;57;52;-5;1.35864440002479;9;64.0;246;Ceylan & Pascucci (2023);Experiment 2;Orientation;1;3;64.0;-17.0;3.0;50.0;6;9
5;178;174;-4;1.10742260003462;9;59.0;247;Ceylan & Pascucci (2023);Experiment 2;Orientation;1;3;59.0;-57.0;42.0;62.0;7;9
5;4;8;4;1.44045069999993;9;-6.0;248;Ceylan & Pascucci (2023);Experiment 2;Orientation;1;3;-6.0;53.0;-63.0;36.0;8;9
5;161;158;-3;1.07485460001044;9;23.0;249;Ceylan & Pascucci (2023);Experiment 2;Orientation;1;3;23.0;17.0;76.0;-40.0;9;9
5;78;70;-8;1.32494570012204;9;83.0;250;Ceylan & Pascucci (2023);Experiment 2;Orientation;1;3;83.0;-74.0;-80.0;-21.0;10;9
5;70;65;-5;1.82482820004225;9;8.0;251;Ceylan & Pascucci (2023);Experiment 2;Orientation;1;3;8.0;-89.0;-66.0;-72.0;11;9
5;56;54;-2;0.600421299925074;9;14.0;252;Ceylan & Pascucci (2023);Experiment 2;Orientation;1;3;14.0;22.0;-75.0;-52.0;12;9
5;83;78;-5;0.808069400023669;9;-27.0;253;Ceylan & Pascucci (2023);Experiment 2;Orientation;1;3;-27.0;-13.0;-5.0;78.0;13;9
5;4;30;26;1.14116880018264;9;79.0;254;Ceylan & Pascucci (2023);Experiment 2;Orientation;1;3;79.0;52.0;66.0;74.0;14;9
5;86;74;-12;1.11646390007809;9;-82.0;255;Ceylan & Pascucci (2023);Experiment 2;Orientation;1;3;-82.0;-3.0;-30.0;-16.0;15;9
5;89;89;0;1.64966519991867;9;-3.0;256;Ceylan & Pascucci (2023);Experiment 2;Orientation;1;3;-3.0;-85.0;-6.0;-33.0;16;9
5;171;175;4;0.925198100041598;9;-82.0;257;Ceylan & Pascucci (2023);Experiment 2;Orientation;1;3;-82.0;-85.0;13.0;-88.0;17;9
5;161;153;-8;1.34093689988367;9;10.0;258;Ceylan & Pascucci (2023);Experiment 2;Orientation;1;3;10.0;-72.0;-75.0;23.0;18;9
5;88;88;0;2.0242976997979;9;73.0;259;Ceylan & Pascucci (2023);Experiment 2;Orientation;1;3;73.0;83.0;1.0;-2.0;19;9
5;21;26;5;1.30027340003289;9;67.0;260;Ceylan & Pascucci (2023);Experiment 2;Orientation;1;3;67.0;-40.0;-30.0;68.0;20;9
5;103;124;21;1.07526359986514;9;-82.0;261;Ceylan & Pascucci (2023);Experiment 2;Orientation;1;3;-82.0;-15.0;58.0;68.0;21;9
5;63;67;4;1.1669626000803;9;40.0;262;Ceylan & Pascucci (2023);Experiment 2;Orientation;1;3;40.0;-42.0;25.0;-82.0;22;9
5;24;32;8;1.14057090017013;9;39.0;263;Ceylan & Pascucci (2023);Experiment 2;Orientation;1;3;39.0;79.0;-3.0;64.0;23;9
5;95;101;6;1.07492800010368;9;-71.0;264;Ceylan & Pascucci (2023);Experiment 2;Orientation;1;3;-71.0;-32.0;8.0;-74.0;24;9
5;43;28;-15;1.0749212000519;9;52.0;265;Ceylan & Pascucci (2023);Experiment 2;Orientation;1;3;52.0;-19.0;20.0;60.0;25;9
5;176;164;-12;1.1835856998805;9;47.0;266;Ceylan & Pascucci (2023);Experiment 2;Orientation;1;3;47.0;-81.0;28.0;67.0;26;9
5;19;22;3;1.02515530004166;9;-23.0;267;Ceylan & Pascucci (2023);Experiment 2;Orientation;1;3;-23.0;24.0;76.0;5.0;27;9
5;169;164;-5;0.990772200049832;9;30.0;268;Ceylan & Pascucci (2023);Experiment 2;Orientation;1;3;30.0;7.0;54.0;-74.0;28;9
5;142;141;-1;1.06676750001498;9;27.0;269;Ceylan & Pascucci (2023);Experiment 2;Orientation;1;3;27.0;57.0;34.0;81.0;29;9
5;44;38;-6;1.34990739985369;9;-82.0;270;Ceylan & Pascucci (2023);Experiment 2;Orientation;1;3;-82.0;-55.0;-25.0;-48.0;30;9
5;150;157;7;1.09076950000599;10;74.0;271;Ceylan & Pascucci (2023);Experiment 2;Orientation;1;3;;;;;1;10
5;6;13;7;0.483027799986303;10;-36.0;272;Ceylan & Pascucci (2023);Experiment 2;Orientation;1;3;;;;;2;10
5;24;25;1;1.08326610014774;10;-18.0;273;Ceylan & Pascucci (2023);Experiment 2;Orientation;1;3;;;;;3;10
5;156;162;6;1.22350570000708;10;48.0;274;Ceylan & Pascucci (2023);Experiment 2;Orientation;1;3;;;;;4;10
5;172;177;5;1.04935159999877;10;-16.0;275;Ceylan & Pascucci (2023);Experiment 2;Orientation;1;3;-16.0;32.0;14.0;-22.0;5;10
5;47;44;-3;1.37483340012841;10;-55.0;276;Ceylan & Pascucci (2023);Experiment 2;Orientation;1;3;-55.0;-71.0;-23.0;-41.0;6;10
5;49;63;14;1.19903680006973;10;-2.0;277;Ceylan & Pascucci (2023);Experiment 2;Orientation;1;3;-2.0;-57.0;-73.0;-25.0;7;10
5;6;6;0;0.915432800073177;10;43.0;278;Ceylan & Pascucci (2023);Experiment 2;Orientation;1;3;43.0;41.0;-14.0;-30.0;8;10
5;121;118;-3;1.13357260008343;10;65.0;279;Ceylan & Pascucci (2023);Experiment 2;Orientation;1;3;65.0;-72.0;-74.0;51.0;9;10
5;66;54;-12;1.21646149992011;10;55.0;280;Ceylan & Pascucci (2023);Experiment 2;Orientation;1;3;55.0;-60.0;-17.0;-19.0;10;10
5;76;71;-5;0.808739200001583;10;-10.0;281;Ceylan & Pascucci (2023);Experiment 2;Orientation;1;3;-10.0;45.0;-70.0;-27.0;11;10
5;171;164;-7;1.54998450004496;10;85.0;282;Ceylan & Pascucci (2023);Experiment 2;Orientation;1;3;85.0;75.0;-50.0;15.0;12;10
5;99;112;13;1.89982050005347;10;72.0;283;Ceylan & Pascucci (2023);Experiment 2;Orientation;1;3;72.0;-23.0;-33.0;22.0;13;10
5;27;33;6;0.850308099994436;10;72.0;284;Ceylan & Pascucci (2023);Experiment 2;Orientation;1;3;72.0;-36.0;49.0;39.0;14;10
5;99;110;11;0.933347199810669;10;-72.0;285;Ceylan & Pascucci (2023);Experiment 2;Orientation;1;3;-72.0;0.0;72.0;-23.0;15;10
5;93;101;8;1.14985859999433;10;6.0;286;Ceylan & Pascucci (2023);Experiment 2;Orientation;1;3;6.0;-66.0;6.0;78.0;16;10
5;164;164;0;0.558189400006086;10;-71.0;287;Ceylan & Pascucci (2023);Experiment 2;Orientation;1;3;-71.0;-65.0;43.0;-65.0;17;10
5;101;113;12;1.12488589994609;10;63.0;288;Ceylan & Pascucci (2023);Experiment 2;Orientation;1;3;63.0;-8.0;-2.0;-74.0;18;10
5;149;142;-7;1.34159970004112;10;-48.0;289;Ceylan & Pascucci (2023);Experiment 2;Orientation;1;3;-48.0;15.0;-56.0;-50.0;19;10
5;136;131;-5;1.2569921000395;10;13.0;290;Ceylan & Pascucci (2023);Experiment 2;Orientation;1;3;13.0;-35.0;28.0;-43.0;20;10
5;69;58;-11;1.12535390001722;10;67.0;291;Ceylan & Pascucci (2023);Experiment 2;Orientation;1;3;67.0;80.0;32.0;-85.0;21;10
5;156;155;-1;1.62441799999215;10;-87.0;292;Ceylan & Pascucci (2023);Experiment 2;Orientation;1;3;-87.0;-20.0;-7.0;-55.0;22;10
5;105;111;6;1.38354180008173;10;51.0;293;Ceylan & Pascucci (2023);Experiment 2;Orientation;1;3;51.0;-36.0;31.0;44.0;23;10
5;52;56;4;1.41654419992119;10;53.0;294;Ceylan & Pascucci (2023);Experiment 2;Orientation;1;3;53.0;-76.0;17.0;84.0;24;10
5;13;17;4;1.23364869994111;10;39.0;295;Ceylan & Pascucci (2023);Experiment 2;Orientation;1;3;39.0;-88.0;-37.0;56.0;25;10
5;161;149;-12;1.16682499996386;10;32.0;296;Ceylan & Pascucci (2023);Experiment 2;Orientation;1;3;32.0;71.0;-56.0;-5.0;26;10
5;20;17;-3;1.45881599979475;10;-39.0;297;Ceylan & Pascucci (2023);Experiment 2;Orientation;1;3;-39.0;-7.0;32.0;85.0;27;10
5;143;143;0;1.68330090004019;10;57.0;298;Ceylan & Pascucci (2023);Experiment 2;Orientation;1;3;57.0;18.0;50.0;89.0;28;10
5;148;141;-7;1.60857710009441;10;-5.0;299;Ceylan & Pascucci (2023);Experiment 2;Orientation;1;3;-5.0;52.0;13.0;45.0;29;10
5;176;155;-21;1.05819829995744;10;-28.0;300;Ceylan & Pascucci (2023);Experiment 2;Orientation;1;3;-28.0;-33.0;24.0;-15.0;30;10
6;70;57;-13;4.76562279998325;1;;1;Ceylan & Pascucci (2023);Experiment 2;Orientation;1;3;;;;;1;1
6;38;46;8;2.61677029985003;1;32.0;2;Ceylan & Pascucci (2023);Experiment 2;Orientation;1;3;;;;;2;1
6;166;175;9;2.97362589999102;1;52.0;3;Ceylan & Pascucci (2023);Experiment 2;Orientation;1;3;;;;;3;1
6;79;74;-5;3.95812400011346;1;87.0;4;Ceylan & Pascucci (2023);Experiment 2;Orientation;1;3;;;;;4;1
6;110;128;18;6.5899712999817;1;-31.0;5;Ceylan & Pascucci (2023);Experiment 2;Orientation;1;3;-31.0;56.0;-72.0;-40.0;5;1
6;146;135;-11;4.62443019985221;1;-36.0;6;Ceylan & Pascucci (2023);Experiment 2;Orientation;1;3;-36.0;-67.0;20.0;72.0;6;1
6;98;113;15;2.67424400011078;1;48.0;7;Ceylan & Pascucci (2023);Experiment 2;Orientation;1;3;48.0;12.0;-19.0;68.0;7;1
6;59;60;1;2.0407273999881;1;39.0;8;Ceylan & Pascucci (2023);Experiment 2;Orientation;1;3;39.0;87.0;51.0;20.0;8;1
6;40;40;0;2.3831072000321;1;19.0;9;Ceylan & Pascucci (2023);Experiment 2;Orientation;1;3;19.0;58.0;-74.0;70.0;9;1
6;172;3;11;3.03207909991033;1;48.0;10;Ceylan & Pascucci (2023);Experiment 2;Orientation;1;3;48.0;67.0;-74.0;-26.0;10;1
6;17;17;0;3.45741559984162;1;-25.0;11;Ceylan & Pascucci (2023);Experiment 2;Orientation;1;3;-25.0;23.0;42.0;81.0;11;1
6;33;19;-14;4.56576889986172;1;-16.0;12;Ceylan & Pascucci (2023);Experiment 2;Orientation;1;3;-16.0;-41.0;7.0;26.0;12;1
6;112;116;4;2.90016399999149;1;-79.0;13;Ceylan & Pascucci (2023);Experiment 2;Orientation;1;3;-79.0;85.0;60.0;-72.0;13;1
6;54;52;-2;2.22514689993113;1;58.0;14;Ceylan & Pascucci (2023);Experiment 2;Orientation;1;3;58.0;-21.0;-37.0;-62.0;14;1
6;92;84;-8;1.61555820005015;1;-38.0;15;Ceylan & Pascucci (2023);Experiment 2;Orientation;1;3;-38.0;20.0;-59.0;-75.0;15;1
6;172;156;-16;3.43177559995092;1;-80.0;16;Ceylan & Pascucci (2023);Experiment 2;Orientation;1;3;-80.0;62.0;-60.0;41.0;16;1
6;47;43;-4;2.55018759984523;1;-55.0;17;Ceylan & Pascucci (2023);Experiment 2;Orientation;1;3;-55.0;45.0;7.0;65.0;17;1
6;179;0;1;5.00699340016581;1;48.0;18;Ceylan & Pascucci (2023);Experiment 2;Orientation;1;3;48.0;-7.0;-87.0;55.0;18;1
6;44;54;10;2.11577569996007;1;-45.0;19;Ceylan & Pascucci (2023);Experiment 2;Orientation;1;3;-45.0;3.0;-52.0;48.0;19;1
6;12;14;2;2.60709979990497;1;32.0;20;Ceylan & Pascucci (2023);Experiment 2;Orientation;1;3;32.0;-13.0;35.0;-20.0;20;1
6;60;70;10;1.83344920002855;1;-48.0;21;Ceylan & Pascucci (2023);Experiment 2;Orientation;1;3;-48.0;-16.0;-61.0;-13.0;21;1
6;137;136;-1;3.0483522999566;1;-77.0;22;Ceylan & Pascucci (2023);Experiment 2;Orientation;1;3;-77.0;55.0;87.0;42.0;22;1
6;59;54;-5;2.18226529983804;1;78.0;23;Ceylan & Pascucci (2023);Experiment 2;Orientation;1;3;78.0;1.0;-47.0;-15.0;23;1
6;85;80;-5;2.75792500004172;1;-26.0;24;Ceylan & Pascucci (2023);Experiment 2;Orientation;1;3;-26.0;52.0;-25.0;-73.0;24;1
6;135;136;1;6.03194890008308;1;-50.0;25;Ceylan & Pascucci (2023);Experiment 2;Orientation;1;3;-50.0;-76.0;2.0;-75.0;25;1
6;139;141;2;4.64892329997383;1;-4.0;26;Ceylan & Pascucci (2023);Experiment 2;Orientation;1;3;-4.0;-54.0;-80.0;-2.0;26;1
6;39;36;-3;2.80019249999896;1;-80.0;27;Ceylan & Pascucci (2023);Experiment 2;Orientation;1;3;-80.0;-84.0;46.0;20.0;27;1
6;6;13;7;3.0819552000612;1;33.0;28;Ceylan & Pascucci (2023);Experiment 2;Orientation;1;3;33.0;-47.0;-51.0;79.0;28;1
6;167;155;-12;3.37336440011859;1;19.0;29;Ceylan & Pascucci (2023);Experiment 2;Orientation;1;3;19.0;52.0;-28.0;-32.0;29;1
6;164;149;-15;2.78326650010422;1;3.0;30;Ceylan & Pascucci (2023);Experiment 2;Orientation;1;3;3.0;22.0;55.0;-25.0;30;1
6;102;106;4;2.25850500003435;2;62.0;31;Ceylan & Pascucci (2023);Experiment 2;Orientation;1;3;;;;;1;2
6;113;109;-4;1.33315389999188;2;-11.0;32;Ceylan & Pascucci (2023);Experiment 2;Orientation;1;3;;;;;2;2
6;12;23;11;1.42535170004703;2;-79.0;33;Ceylan & Pascucci (2023);Experiment 2;Orientation;1;3;;;;;3;2
6;159;165;6;4.04116659983993;2;33.0;34;Ceylan & Pascucci (2023);Experiment 2;Orientation;1;3;;;;;4;2
6;64;62;-2;2.00716660008766;2;-85.0;35;Ceylan & Pascucci (2023);Experiment 2;Orientation;1;3;-85.0;-52.0;49.0;38.0;5;2
6;142;143;1;3.99038590001874;2;-78.0;36;Ceylan & Pascucci (2023);Experiment 2;Orientation;1;3;-78.0;17.0;50.0;-29.0;6;2
6;105;134;29;1.69920510007069;2;37.0;37;Ceylan & Pascucci (2023);Experiment 2;Orientation;1;3;37.0;-41.0;54.0;87.0;7;2
6;6;9;3;2.16640370013192;2;-81.0;38;Ceylan & Pascucci (2023);Experiment 2;Orientation;1;3;-81.0;-44.0;58.0;-27.0;8;2
6;160;167;7;2.6501513000112;2;26.0;39;Ceylan & Pascucci (2023);Experiment 2;Orientation;1;3;26.0;-55.0;-18.0;84.0;9;2
6;25;30;5;1.82504649995826;2;-45.0;40;Ceylan & Pascucci (2023);Experiment 2;Orientation;1;3;-45.0;-19.0;80.0;-63.0;10;2
6;125;109;-16;1.97473219991662;2;80.0;41;Ceylan & Pascucci (2023);Experiment 2;Orientation;1;3;80.0;35.0;61.0;-20.0;11;2
6;82;66;-16;2.28312409995124;2;43.0;42;Ceylan & Pascucci (2023);Experiment 2;Orientation;1;3;43.0;-57.0;78.0;-76.0;12;2
6;34;31;-3;1.61681960010901;2;48.0;43;Ceylan & Pascucci (2023);Experiment 2;Orientation;1;3;48.0;-89.0;-9.0;-54.0;13;2
6;7;6;-1;4.19167840015143;2;27.0;44;Ceylan & Pascucci (2023);Experiment 2;Orientation;1;3;27.0;75.0;-62.0;18.0;14;2
6;89;76;-13;2.25720290001482;2;-82.0;45;Ceylan & Pascucci (2023);Experiment 2;Orientation;1;3;-82.0;-55.0;-7.0;36.0;15;2
6;77;79;2;1.65001069987193;2;12.0;46;Ceylan & Pascucci (2023);Experiment 2;Orientation;1;3;12.0;-70.0;-43.0;5.0;16;2
6;20;16;-4;1.67525770002976;2;57.0;47;Ceylan & Pascucci (2023);Experiment 2;Orientation;1;3;57.0;69.0;-13.0;14.0;17;2
6;90;91;1;5.58999500004575;2;-70.0;48;Ceylan & Pascucci (2023);Experiment 2;Orientation;1;3;-70.0;-13.0;-1.0;-83.0;18;2
6;123;120;-3;4.69114509993233;2;-33.0;49;Ceylan & Pascucci (2023);Experiment 2;Orientation;1;3;-33.0;77.0;-46.0;-34.0;19;2
6;34;35;1;4.41536869993433;2;89.0;50;Ceylan & Pascucci (2023);Experiment 2;Orientation;1;3;89.0;56.0;-14.0;43.0;20;2
6;99;112;13;3.45005659991875;2;-65.0;51;Ceylan & Pascucci (2023);Experiment 2;Orientation;1;3;-65.0;24.0;-9.0;-79.0;21;2
6;157;132;-25;5.35789670003578;2;-58.0;52;Ceylan & Pascucci (2023);Experiment 2;Orientation;1;3;-58.0;57.0;-34.0;-67.0;22;2
6;143;135;-8;3.66534409997985;2;14.0;53;Ceylan & Pascucci (2023);Experiment 2;Orientation;1;3;14.0;-44.0;71.0;-20.0;23;2
6;107;118;11;3.39969739993103;2;36.0;54;Ceylan & Pascucci (2023);Experiment 2;Orientation;1;3;36.0;50.0;-8.0;-73.0;24;2
6;26;25;-1;9.22312249988317;2;81.0;55;Ceylan & Pascucci (2023);Experiment 2;Orientation;1;3;81.0;-63.0;-49.0;73.0;25;2
6;55;52;-3;4.43320140009746;2;-29.0;56;Ceylan & Pascucci (2023);Experiment 2;Orientation;1;3;-29.0;52.0;88.0;-78.0;26;2
6;50;54;4;5.94025209988467;2;5.0;57;Ceylan & Pascucci (2023);Experiment 2;Orientation;1;3;5.0;-24.0;57.0;-87.0;27;2
6;96;90;-6;3.13996309996583;2;-46.0;58;Ceylan & Pascucci (2023);Experiment 2;Orientation;1;3;-46.0;-41.0;-70.0;11.0;28;2
6;59;51;-8;3.99029880017042;2;37.0;59;Ceylan & Pascucci (2023);Experiment 2;Orientation;1;3;37.0;-9.0;-4.0;-33.0;29;2
6;147;155;8;4.73324949992821;2;-88.0;60;Ceylan & Pascucci (2023);Experiment 2;Orientation;1;3;-88.0;-51.0;83.0;88.0;30;2
6;71;68;-3;1.2503418000415;3;76.0;61;Ceylan & Pascucci (2023);Experiment 2;Orientation;1;3;;;;;1;3
6;119;112;-7;8.18167069996707;3;-48.0;62;Ceylan & Pascucci (2023);Experiment 2;Orientation;1;3;;;;;2;3
6;62;67;5;2.31694040005095;3;57.0;63;Ceylan & Pascucci (2023);Experiment 2;Orientation;1;3;;;;;3;3
6;6;179;-7;1.64162230002694;3;56.0;64;Ceylan & Pascucci (2023);Experiment 2;Orientation;1;3;;;;;4;3
6;152;146;-6;3.20804909989238;3;34.0;65;Ceylan & Pascucci (2023);Experiment 2;Orientation;1;3;34.0;90.0;-33.0;-81.0;5;3
6;180;176;-4;3.50834080018103;3;-28.0;66;Ceylan & Pascucci (2023);Experiment 2;Orientation;1;3;-28.0;6.0;62.0;-61.0;6;3
6;153;165;12;1.77518610004336;3;27.0;67;Ceylan & Pascucci (2023);Experiment 2;Orientation;1;3;27.0;-1.0;33.0;89.0;7;3
6;95;101;6;2.35853499989025;3;58.0;68;Ceylan & Pascucci (2023);Experiment 2;Orientation;1;3;58.0;85.0;57.0;-89.0;8;3
6;78;80;2;4.2165468998719;3;17.0;69;Ceylan & Pascucci (2023);Experiment 2;Orientation;1;3;17.0;75.0;-78.0;74.0;9;3
6;154;149;-5;2.62481900001876;3;-76.0;70;Ceylan & Pascucci (2023);Experiment 2;Orientation;1;3;-76.0;-59.0;-1.0;26.0;10;3
6;57;62;5;1.76494360016659;3;-83.0;71;Ceylan & Pascucci (2023);Experiment 2;Orientation;1;3;-83.0;21.0;38.0;-84.0;11;3
6;149;136;-13;2.07336919987574;3;88.0;72;Ceylan & Pascucci (2023);Experiment 2;Orientation;1;3;88.0;5.0;-71.0;-54.0;12;3
6;136;154;18;4.72359519987367;3;13.0;73;Ceylan & Pascucci (2023);Experiment 2;Orientation;1;3;13.0;-79.0;18.0;-58.0;13;3
6;74;76;2;2.02527310000733;3;62.0;74;Ceylan & Pascucci (2023);Experiment 2;Orientation;1;3;62.0;75.0;-17.0;80.0;14;3
6;165;163;-2;3.2153991998639;3;89.0;75;Ceylan & Pascucci (2023);Experiment 2;Orientation;1;3;89.0;-29.0;-16.0;72.0;15;3
6;37;46;9;1.30002429988235;3;-52.0;76;Ceylan & Pascucci (2023);Experiment 2;Orientation;1;3;-52.0;37.0;-81.0;-68.0;16;3
6;87;79;-8;2.29976650001481;3;-50.0;77;Ceylan & Pascucci (2023);Experiment 2;Orientation;1;3;-50.0;78.0;-13.0;49.0;17;3
6;115;115;0;3.45832199999131;3;-28.0;78;Ceylan & Pascucci (2023);Experiment 2;Orientation;1;3;-28.0;-78.0;50.0;-41.0;18;3
6;113;111;-2;1.85833550011739;3;2.0;79;Ceylan & Pascucci (2023);Experiment 2;Orientation;1;3;2.0;-26.0;-76.0;52.0;19;3
6;128;128;0;1.97485200013034;3;-15.0;80;Ceylan & Pascucci (2023);Experiment 2;Orientation;1;3;-15.0;-13.0;-41.0;89.0;20;3
6;54;47;-7;2.67420829995535;3;74.0;81;Ceylan & Pascucci (2023);Experiment 2;Orientation;1;3;74.0;59.0;61.0;33.0;21;3
6;126;149;23;2.39130190014839;3;-72.0;82;Ceylan & Pascucci (2023);Experiment 2;Orientation;1;3;-72.0;2.0;-13.0;-11.0;22;3
6;178;175;-3;6.61472669988871;3;-52.0;83;Ceylan & Pascucci (2023);Experiment 2;Orientation;1;3;-52.0;56.0;-50.0;-65.0;23;3
6;168;173;5;3.54095489997417;3;10.0;84;Ceylan & Pascucci (2023);Experiment 2;Orientation;1;3;10.0;-42.0;66.0;-40.0;24;3
6;153;155;2;1.81644279998727;3;15.0;85;Ceylan & Pascucci (2023);Experiment 2;Orientation;1;3;15.0;25.0;-27.0;81.0;25;3
6;98;122;24;2.76584980008192;3;55.0;86;Ceylan & Pascucci (2023);Experiment 2;Orientation;1;3;55.0;70.0;80.0;28.0;26;3
6;97;103;6;1.75735979992896;3;1.0;87;Ceylan & Pascucci (2023);Experiment 2;Orientation;1;3;1.0;56.0;71.0;81.0;27;3
6;117;132;15;2.49138440005481;3;-20.0;88;Ceylan & Pascucci (2023);Experiment 2;Orientation;1;3;-20.0;-19.0;36.0;51.0;28;3
6;131;119;-12;1.83357749995776;3;-14.0;89;Ceylan & Pascucci (2023);Experiment 2;Orientation;1;3;-14.0;-34.0;-33.0;22.0;29;3
6;2;16;14;3.86665500001982;3;-51.0;90;Ceylan & Pascucci (2023);Experiment 2;Orientation;1;3;-51.0;-65.0;-85.0;-84.0;30;3
6;49;55;6;2.10839870013297;4;-47.0;91;Ceylan & Pascucci (2023);Experiment 2;Orientation;1;3;;;;;1;4
6;122;120;-2;3.23335430002771;4;-73.0;92;Ceylan & Pascucci (2023);Experiment 2;Orientation;1;3;;;;;2;4
6;40;46;6;2.29094380000606;4;82.0;93;Ceylan & Pascucci (2023);Experiment 2;Orientation;1;3;;;;;3;4
6;132;144;12;3.75666939979419;4;88.0;94;Ceylan & Pascucci (2023);Experiment 2;Orientation;1;3;;;;;4;4
6;87;81;-6;1.66681679990143;4;45.0;95;Ceylan & Pascucci (2023);Experiment 2;Orientation;1;3;45.0;-47.0;35.0;-38.0;5;4
6;123;124;1;1.98179619992152;4;-36.0;96;Ceylan & Pascucci (2023);Experiment 2;Orientation;1;3;-36.0;9.0;-83.0;-1.0;6;4
6;15;21;6;4.12455710000359;4;-72.0;97;Ceylan & Pascucci (2023);Experiment 2;Orientation;1;3;-72.0;72.0;-63.0;25.0;7;4
6;171;166;-5;2.69914890010841;4;24.0;98;Ceylan & Pascucci (2023);Experiment 2;Orientation;1;3;24.0;-48.0;-84.0;-39.0;8;4
6;24;21;-3;2.8251018000301;4;-33.0;99;Ceylan & Pascucci (2023);Experiment 2;Orientation;1;3;-33.0;-9.0;-81.0;63.0;9;4
6;48;41;-7;2.03317089984193;4;-24.0;100;Ceylan & Pascucci (2023);Experiment 2;Orientation;1;3;-24.0;-57.0;-33.0;75.0;10;4
6;160;167;7;2.12485230015591;4;68.0;101;Ceylan & Pascucci (2023);Experiment 2;Orientation;1;3;68.0;44.0;11.0;35.0;11;4
6;157;152;-5;1.17512929998338;4;3.0;102;Ceylan & Pascucci (2023);Experiment 2;Orientation;1;3;3.0;71.0;47.0;14.0;12;4
6;69;55;-14;1.92429149989039;4;88.0;103;Ceylan & Pascucci (2023);Experiment 2;Orientation;1;3;88.0;-89.0;-21.0;-45.0;13;4
6;122;131;9;5.65666269999929;4;-53.0;104;Ceylan & Pascucci (2023);Experiment 2;Orientation;1;3;-53.0;35.0;38.0;-74.0;14;4
6;135;123;-12;2.18347080005333;4;-13.0;105;Ceylan & Pascucci (2023);Experiment 2;Orientation;1;3;-13.0;-66.0;22.0;25.0;15;4
6;102;119;17;3.00829640007578;4;33.0;106;Ceylan & Pascucci (2023);Experiment 2;Orientation;1;3;33.0;20.0;-33.0;55.0;16;4
6;105;118;13;3.43215489992872;4;-3.0;107;Ceylan & Pascucci (2023);Experiment 2;Orientation;1;3;-3.0;30.0;17.0;-36.0;17;4
6;101;116;15;1.63142749993131;4;4.0;108;Ceylan & Pascucci (2023);Experiment 2;Orientation;1;3;4.0;1.0;34.0;21.0;18;4
6;85;78;-7;2.08309219987132;4;16.0;109;Ceylan & Pascucci (2023);Experiment 2;Orientation;1;3;16.0;20.0;17.0;50.0;19;4
6;138;132;-6;2.82443820009939;4;-53.0;110;Ceylan & Pascucci (2023);Experiment 2;Orientation;1;3;-53.0;-37.0;-33.0;-36.0;20;4
6;75;67;-8;1.95797850005329;4;63.0;111;Ceylan & Pascucci (2023);Experiment 2;Orientation;1;3;63.0;10.0;26.0;30.0;21;4
6;16;35;19;5.08252990012988;4;59.0;112;Ceylan & Pascucci (2023);Experiment 2;Orientation;1;3;59.0;-58.0;69.0;85.0;22;4
6;45;42;-3;6.79918249999173;4;-29.0;113;Ceylan & Pascucci (2023);Experiment 2;Orientation;1;3;-29.0;30.0;-87.0;40.0;23;4
6;119;128;9;2.52462959988043;4;-74.0;114;Ceylan & Pascucci (2023);Experiment 2;Orientation;1;3;-74.0;77.0;-44.0;19.0;24;4
6;40;45;5;4.70772509998642;4;79.0;115;Ceylan & Pascucci (2023);Experiment 2;Orientation;1;3;79.0;5.0;-24.0;35.0;25;4
6;121;135;14;1.74119569989853;4;-81.0;116;Ceylan & Pascucci (2023);Experiment 2;Orientation;1;3;-81.0;-2.0;-76.0;75.0;26;4
6;75;65;-10;2.01628390001133;4;46.0;117;Ceylan & Pascucci (2023);Experiment 2;Orientation;1;3;46.0;-35.0;44.0;-30.0;27;4
6;156;166;10;5.25755870016292;4;-81.0;118;Ceylan & Pascucci (2023);Experiment 2;Orientation;1;3;-81.0;-35.0;64.0;-37.0;28;4
6;63;68;5;2.24116520001553;4;-87.0;119;Ceylan & Pascucci (2023);Experiment 2;Orientation;1;3;-87.0;12.0;58.0;-23.0;29;4
6;71;68;-3;2.52455050009303;4;-8.0;120;Ceylan & Pascucci (2023);Experiment 2;Orientation;1;3;-8.0;85.0;4.0;50.0;30;4
6;22;55;33;1.4078488999512;5;49.0;121;Ceylan & Pascucci (2023);Experiment 2;Orientation;1;3;;;;;1;5
6;168;163;-5;1.17479900014587;5;34.0;122;Ceylan & Pascucci (2023);Experiment 2;Orientation;1;3;;;;;2;5
6;155;155;0;2.35862970002927;5;13.0;123;Ceylan & Pascucci (2023);Experiment 2;Orientation;1;3;;;;;3;5
6;179;5;6;2.81676519988105;5;-24.0;124;Ceylan & Pascucci (2023);Experiment 2;Orientation;1;3;;;;;4;5
6;55;35;-20;5.54980270005763;5;-56.0;125;Ceylan & Pascucci (2023);Experiment 2;Orientation;1;3;-56.0;-80.0;-67.0;-33.0;5;5
6;23;27;4;2.76548719988205;5;32.0;126;Ceylan & Pascucci (2023);Experiment 2;Orientation;1;3;32.0;-24.0;-48.0;-35.0;6;5
6;57;46;-11;7.87410510005429;5;-34.0;127;Ceylan & Pascucci (2023);Experiment 2;Orientation;1;3;-34.0;-2.0;-58.0;-82.0;7;5
6;78;80;2;1.45867939991876;5;-21.0;128;Ceylan & Pascucci (2023);Experiment 2;Orientation;1;3;-21.0;-55.0;-23.0;-79.0;8;5
6;8;20;12;5.52366569987498;5;70.0;129;Ceylan & Pascucci (2023);Experiment 2;Orientation;1;3;70.0;49.0;15.0;47.0;9;5
6;66;44;-22;7.88120469986461;5;-58.0;130;Ceylan & Pascucci (2023);Experiment 2;Orientation;1;3;-58.0;12.0;-9.0;-43.0;10;5
6;180;172;-8;5.14931360003538;5;66.0;131;Ceylan & Pascucci (2023);Experiment 2;Orientation;1;3;66.0;8.0;78.0;57.0;11;5
6;162;152;-10;7.00795260001905;5;18.0;132;Ceylan & Pascucci (2023);Experiment 2;Orientation;1;3;18.0;84.0;26.0;-84.0;12;5
6;60;57;-3;2.3502324000001;5;-78.0;133;Ceylan & Pascucci (2023);Experiment 2;Orientation;1;3;-78.0;-60.0;6.0;-52.0;13;5
6;108;110;2;4.75670719984919;5;-48.0;134;Ceylan & Pascucci (2023);Experiment 2;Orientation;1;3;-48.0;54.0;72.0;-42.0;14;5
6;160;157;-3;8.92398609989323;5;-52.0;135;Ceylan & Pascucci (2023);Experiment 2;Orientation;1;3;-52.0;80.0;2.0;20.0;15;5
6;70;87;17;4.82501180004328;5;90.0;136;Ceylan & Pascucci (2023);Experiment 2;Orientation;1;3;90.0;38.0;-10.0;-88.0;16;5
6;165;164;-1;4.20680789998733;5;85.0;137;Ceylan & Pascucci (2023);Experiment 2;Orientation;1;3;85.0;-5.0;-57.0;75.0;17;5
6;162;164;2;3.38337870012037;5;3.0;138;Ceylan & Pascucci (2023);Experiment 2;Orientation;1;3;3.0;88.0;-2.0;-54.0;18;5
6;160;160;0;1.3753437998239;5;2.0;139;Ceylan & Pascucci (2023);Experiment 2;Orientation;1;3;2.0;5.0;90.0;0.0;19;5
6;31;39;8;4.69944760017097;5;-51.0;140;Ceylan & Pascucci (2023);Experiment 2;Orientation;1;3;-51.0;-49.0;-46.0;39.0;20;5
6;113;127;14;7.90789229981601;5;-82.0;141;Ceylan & Pascucci (2023);Experiment 2;Orientation;1;3;-82.0;47.0;49.0;52.0;21;5
6;88;68;-20;3.3245753000956;5;25.0;142;Ceylan & Pascucci (2023);Experiment 2;Orientation;1;3;25.0;-57.0;72.0;74.0;22;5
6;161;162;1;2.4656118999701;5;-73.0;143;Ceylan & Pascucci (2023);Experiment 2;Orientation;1;3;-73.0;-48.0;50.0;-1.0;23;5
6;120;144;24;2.08311669994146;5;41.0;144;Ceylan & Pascucci (2023);Experiment 2;Orientation;1;3;41.0;-32.0;-7.0;-89.0;24;5
6;158;150;-8;5.65804819995537;5;-38.0;145;Ceylan & Pascucci (2023);Experiment 2;Orientation;1;3;-38.0;3.0;-70.0;-45.0;25;5
6;108;132;24;2.27483280003071;5;50.0;146;Ceylan & Pascucci (2023);Experiment 2;Orientation;1;3;50.0;12.0;53.0;-20.0;26;5
6;17;24;7;1.85021870001219;5;-89.0;147;Ceylan & Pascucci (2023);Experiment 2;Orientation;1;3;-89.0;-39.0;-77.0;-36.0;27;5
6;178;7;9;3.34956500004046;5;19.0;148;Ceylan & Pascucci (2023);Experiment 2;Orientation;1;3;19.0;-70.0;-20.0;-58.0;28;5
6;60;54;-6;2.49146109982394;5;-62.0;149;Ceylan & Pascucci (2023);Experiment 2;Orientation;1;3;-62.0;-43.0;48.0;-82.0;29;5
6;60;54;-6;1.89987349999137;5;0.0;150;Ceylan & Pascucci (2023);Experiment 2;Orientation;1;3;0.0;-62.0;-43.0;48.0;30;5
6;84;83;-1;1.79981369990855;6;-24.0;151;Ceylan & Pascucci (2023);Experiment 2;Orientation;1;3;;;;;1;6
6;130;121;-9;2.73221509996802;6;-46.0;152;Ceylan & Pascucci (2023);Experiment 2;Orientation;1;3;;;;;2;6
6;10;24;14;2.28110349993221;6;-60.0;153;Ceylan & Pascucci (2023);Experiment 2;Orientation;1;3;;;;;3;6
6;35;33;-2;3.78314249985851;6;-25.0;154;Ceylan & Pascucci (2023);Experiment 2;Orientation;1;3;;;;;4;6
6;22;30;8;2.75845679990016;6;13.0;155;Ceylan & Pascucci (2023);Experiment 2;Orientation;1;3;13.0;-12.0;-72.0;62.0;5;6
6;123;128;5;4.02385610016063;6;79.0;156;Ceylan & Pascucci (2023);Experiment 2;Orientation;1;3;79.0;-88.0;67.0;7.0;6;6
6;102;103;1;1.96593780000694;6;21.0;157;Ceylan & Pascucci (2023);Experiment 2;Orientation;1;3;21.0;-80.0;-67.0;88.0;7;6
6;98;105;7;2.05809119995683;6;4.0;158;Ceylan & Pascucci (2023);Experiment 2;Orientation;1;3;4.0;25.0;-76.0;-63.0;8;6
6;50;50;0;1.32493629981764;6;48.0;159;Ceylan & Pascucci (2023);Experiment 2;Orientation;1;3;48.0;52.0;73.0;-28.0;9;6
6;179;0;1;1.50852250005119;6;51.0;160;Ceylan & Pascucci (2023);Experiment 2;Orientation;1;3;51.0;-81.0;-77.0;-56.0;10;6
6;6;1;-5;3.63289060001262;6;-7.0;161;Ceylan & Pascucci (2023);Experiment 2;Orientation;1;3;-7.0;44.0;-88.0;-84.0;11;6
6;87;75;-12;1.42455450003035;6;-81.0;162;Ceylan & Pascucci (2023);Experiment 2;Orientation;1;3;-81.0;-88.0;-37.0;11.0;12;6
6;146;145;-1;2.00011730007827;6;-59.0;163;Ceylan & Pascucci (2023);Experiment 2;Orientation;1;3;-59.0;40.0;33.0;84.0;13;6
6;107;121;14;2.62478250009008;6;39.0;164;Ceylan & Pascucci (2023);Experiment 2;Orientation;1;3;39.0;-20.0;79.0;72.0;14;6
6;163;160;-3;2.30858870013617;6;-56.0;165;Ceylan & Pascucci (2023);Experiment 2;Orientation;1;3;-56.0;-17.0;-76.0;23.0;15;6
6;71;78;7;8.99126829998568;6;-88.0;166;Ceylan & Pascucci (2023);Experiment 2;Orientation;1;3;-88.0;36.0;75.0;16.0;16;6
6;169;163;-6;3.3151650999207;6;82.0;167;Ceylan & Pascucci (2023);Experiment 2;Orientation;1;3;82.0;-6.0;-62.0;-23.0;17;6
6;136;138;2;2.58246960001998;6;33.0;168;Ceylan & Pascucci (2023);Experiment 2;Orientation;1;3;33.0;-65.0;27.0;-29.0;18;6
6;73;71;-2;1.78296760004014;6;63.0;169;Ceylan & Pascucci (2023);Experiment 2;Orientation;1;3;63.0;-84.0;-2.0;90.0;19;6
6;20;35;15;1.74139610002749;6;53.0;170;Ceylan & Pascucci (2023);Experiment 2;Orientation;1;3;53.0;-64.0;-31.0;51.0;20;6
6;100;123;23;3.57491449988447;6;-80.0;171;Ceylan & Pascucci (2023);Experiment 2;Orientation;1;3;-80.0;-27.0;36.0;69.0;21;6
6;148;158;10;2.05839439993724;6;-48.0;172;Ceylan & Pascucci (2023);Experiment 2;Orientation;1;3;-48.0;52.0;-75.0;-12.0;22;6
6;68;45;-23;6.63184079993516;6;80.0;173;Ceylan & Pascucci (2023);Experiment 2;Orientation;1;3;80.0;32.0;-48.0;5.0;23;6
6;161;167;6;2.73353199986741;6;87.0;174;Ceylan & Pascucci (2023);Experiment 2;Orientation;1;3;87.0;-13.0;-61.0;39.0;24;6
6;136;149;13;2.4906909998972;6;25.0;175;Ceylan & Pascucci (2023);Experiment 2;Orientation;1;3;25.0;-68.0;12.0;-36.0;25;6
6;126;144;18;2.0750802999828;6;10.0;176;Ceylan & Pascucci (2023);Experiment 2;Orientation;1;3;10.0;35.0;-58.0;22.0;26;6
6;137;140;3;11.6902908999473;6;-11.0;177;Ceylan & Pascucci (2023);Experiment 2;Orientation;1;3;-11.0;-1.0;24.0;-69.0;27;6
6;151;157;6;1.6247401998844;6;-14.0;178;Ceylan & Pascucci (2023);Experiment 2;Orientation;1;3;-14.0;-25.0;-15.0;10.0;28;6
6;111;113;2;1.97516489983536;6;40.0;179;Ceylan & Pascucci (2023);Experiment 2;Orientation;1;3;40.0;26.0;15.0;25.0;29;6
6;105;116;11;3.62379340012558;6;6.0;180;Ceylan & Pascucci (2023);Experiment 2;Orientation;1;3;6.0;46.0;32.0;21.0;30;6
6;2;9;7;1.8829411000479;7;-77.0;181;Ceylan & Pascucci (2023);Experiment 2;Orientation;1;3;;;;;1;7
6;112;114;2;1.7409871998243;7;70.0;182;Ceylan & Pascucci (2023);Experiment 2;Orientation;1;3;;;;;2;7
6;100;115;15;3.81637130002491;7;12.0;183;Ceylan & Pascucci (2023);Experiment 2;Orientation;1;3;;;;;3;7
6;4;20;16;3.19127439986914;7;-84.0;184;Ceylan & Pascucci (2023);Experiment 2;Orientation;1;3;;;;;4;7
6;75;66;-9;2.09142729989253;7;-71.0;185;Ceylan & Pascucci (2023);Experiment 2;Orientation;1;3;-71.0;25.0;37.0;-73.0;5;7
6;83;70;-13;2.1001830000896;7;-8.0;186;Ceylan & Pascucci (2023);Experiment 2;Orientation;1;3;-8.0;-79.0;17.0;29.0;6;7
6;15;15;0;1.60850390000269;7;68.0;187;Ceylan & Pascucci (2023);Experiment 2;Orientation;1;3;68.0;60.0;-11.0;85.0;7;7
6;155;152;-3;3.04055679985322;7;40.0;188;Ceylan & Pascucci (2023);Experiment 2;Orientation;1;3;40.0;-72.0;-80.0;29.0;8;7
6;149;147;-2;2.12512840004638;7;6.0;189;Ceylan & Pascucci (2023);Experiment 2;Orientation;1;3;6.0;46.0;-66.0;-74.0;9;7
6;62;58;-4;3.19960750010796;7;87.0;190;Ceylan & Pascucci (2023);Experiment 2;Orientation;1;3;87.0;-87.0;-47.0;21.0;10;7
6;86;80;-6;1.49885939992964;7;-24.0;191;Ceylan & Pascucci (2023);Experiment 2;Orientation;1;3;-24.0;63.0;69.0;-71.0;11;7
6;47;49;2;1.3414982999675;7;39.0;192;Ceylan & Pascucci (2023);Experiment 2;Orientation;1;3;39.0;15.0;-78.0;-72.0;12;7
6;12;22;10;2.21688439999707;7;35.0;193;Ceylan & Pascucci (2023);Experiment 2;Orientation;1;3;35.0;74.0;50.0;-43.0;13;7
6;8;13;5;1.45851269993;7;4.0;194;Ceylan & Pascucci (2023);Experiment 2;Orientation;1;3;4.0;39.0;78.0;54.0;14;7
6;50;51;1;3.67497079982422;7;-42.0;195;Ceylan & Pascucci (2023);Experiment 2;Orientation;1;3;-42.0;-38.0;-3.0;36.0;15;7
6;148;137;-11;3.14047669991851;7;82.0;196;Ceylan & Pascucci (2023);Experiment 2;Orientation;1;3;82.0;40.0;44.0;79.0;16;7
6;139;135;-4;1.77478799992241;7;9.0;197;Ceylan & Pascucci (2023);Experiment 2;Orientation;1;3;9.0;-89.0;49.0;53.0;17;7
6;9;14;5;7.29958730004728;7;-50.0;198;Ceylan & Pascucci (2023);Experiment 2;Orientation;1;3;-50.0;-41.0;41.0;-1.0;18;7
6;101;130;29;3.38314869999886;7;88.0;199;Ceylan & Pascucci (2023);Experiment 2;Orientation;1;3;88.0;38.0;47.0;-51.0;19;7
6;25;18;-7;2.24981910013594;7;76.0;200;Ceylan & Pascucci (2023);Experiment 2;Orientation;1;3;76.0;-16.0;-66.0;-57.0;20;7
6;162;154;-8;0.999874399974942;7;43.0;201;Ceylan & Pascucci (2023);Experiment 2;Orientation;1;3;43.0;-61.0;27.0;-23.0;21;7
6;87;122;35;6.88258250011131;7;75.0;202;Ceylan & Pascucci (2023);Experiment 2;Orientation;1;3;75.0;-62.0;14.0;-78.0;22;7
6;103;100;-3;0.716647099936381;7;-16.0;203;Ceylan & Pascucci (2023);Experiment 2;Orientation;1;3;-16.0;59.0;-78.0;-2.0;23;7
6;69;55;-14;2.4151312999893;7;34.0;204;Ceylan & Pascucci (2023);Experiment 2;Orientation;1;3;34.0;18.0;-87.0;-44.0;24;7
6;87;91;4;2.99999079992995;7;-18.0;205;Ceylan & Pascucci (2023);Experiment 2;Orientation;1;3;-18.0;16.0;0.0;75.0;25;7
6;149;151;2;2.31555970013142;7;-62.0;206;Ceylan & Pascucci (2023);Experiment 2;Orientation;1;3;-62.0;-80.0;-46.0;-62.0;26;7
6;78;74;-4;2.07473050011322;7;71.0;207;Ceylan & Pascucci (2023);Experiment 2;Orientation;1;3;71.0;9.0;-9.0;25.0;27;7
6;85;91;6;1.07549010007642;7;-7.0;208;Ceylan & Pascucci (2023);Experiment 2;Orientation;1;3;-7.0;64.0;2.0;-16.0;28;7
6;103;111;8;2.67517679999582;7;-18.0;209;Ceylan & Pascucci (2023);Experiment 2;Orientation;1;3;-18.0;-25.0;46.0;-16.0;29;7
6;37;27;-10;1.75733179994859;7;66.0;210;Ceylan & Pascucci (2023);Experiment 2;Orientation;1;3;66.0;48.0;41.0;-68.0;30;7
6;137;135;-2;1.6153191998601;8;80.0;211;Ceylan & Pascucci (2023);Experiment 2;Orientation;1;3;;;;;1;8
6;111;125;14;2.25726280012168;8;26.0;212;Ceylan & Pascucci (2023);Experiment 2;Orientation;1;3;;;;;2;8
6;171;165;-6;2.46579469996504;8;-60.0;213;Ceylan & Pascucci (2023);Experiment 2;Orientation;1;3;;;;;3;8
6;107;130;23;1.11699120001867;8;64.0;214;Ceylan & Pascucci (2023);Experiment 2;Orientation;1;3;;;;;4;8
6;115;129;14;1.45798869989812;8;-8.0;215;Ceylan & Pascucci (2023);Experiment 2;Orientation;1;3;-8.0;56.0;-4.0;22.0;5;8
6;105;108;3;1.85017760004848;8;10.0;216;Ceylan & Pascucci (2023);Experiment 2;Orientation;1;3;10.0;2.0;66.0;6.0;6;8
6;11;18;7;12.8897957000881;8;-86.0;217;Ceylan & Pascucci (2023);Experiment 2;Orientation;1;3;-86.0;-76.0;-84.0;-20.0;7;8
6;93;90;-3;2.65802339999937;8;-82.0;218;Ceylan & Pascucci (2023);Experiment 2;Orientation;1;3;-82.0;12.0;22.0;14.0;8;8
6;43;44;1;1.64148550014943;8;50.0;219;Ceylan & Pascucci (2023);Experiment 2;Orientation;1;3;50.0;-32.0;62.0;72.0;9;8
6;91;84;-7;2.183150799945;8;-48.0;220;Ceylan & Pascucci (2023);Experiment 2;Orientation;1;3;-48.0;2.0;-80.0;14.0;10;8
6;16;25;9;1.70823630015366;8;75.0;221;Ceylan & Pascucci (2023);Experiment 2;Orientation;1;3;75.0;27.0;77.0;-5.0;11;8
6;180;4;4;2.5167127000168;8;16.0;222;Ceylan & Pascucci (2023);Experiment 2;Orientation;1;3;16.0;-89.0;43.0;-87.0;12;8
6;79;72;-7;4.2833349998109;8;-79.0;223;Ceylan & Pascucci (2023);Experiment 2;Orientation;1;3;-79.0;-63.0;12.0;-36.0;13;8
6;50;56;6;3.38272450002842;8;29.0;224;Ceylan & Pascucci (2023);Experiment 2;Orientation;1;3;29.0;-50.0;-34.0;41.0;14;8
6;111;122;11;1.58307520020753;8;-61.0;225;Ceylan & Pascucci (2023);Experiment 2;Orientation;1;3;-61.0;-32.0;69.0;85.0;15;8
6;62;58;-4;2.09977909992449;8;49.0;226;Ceylan & Pascucci (2023);Experiment 2;Orientation;1;3;49.0;-12.0;17.0;-62.0;16;8
6;174;172;-2;2.43342879996635;8;68.0;227;Ceylan & Pascucci (2023);Experiment 2;Orientation;1;3;68.0;-63.0;56.0;85.0;17;8
6;17;14;-3;3.29075179994106;8;-23.0;228;Ceylan & Pascucci (2023);Experiment 2;Orientation;1;3;-23.0;45.0;-86.0;33.0;18;8
6;133;145;12;2.26535489992239;8;64.0;229;Ceylan & Pascucci (2023);Experiment 2;Orientation;1;3;64.0;41.0;-71.0;-22.0;19;8
6;165;156;-9;11.7320260000415;8;-32.0;230;Ceylan & Pascucci (2023);Experiment 2;Orientation;1;3;-32.0;32.0;9.0;77.0;20;8
6;45;51;6;3.79163590003736;8;-60.0;231;Ceylan & Pascucci (2023);Experiment 2;Orientation;1;3;-60.0;88.0;-28.0;-51.0;21;8
6;45;48;3;3.40835739998147;8;0.0;232;Ceylan & Pascucci (2023);Experiment 2;Orientation;1;3;0.0;-60.0;88.0;-28.0;22;8
6;127;125;-2;2.13257079990581;8;-82.0;233;Ceylan & Pascucci (2023);Experiment 2;Orientation;1;3;-82.0;-82.0;38.0;6.0;23;8
6;173;168;-5;1.39965709997341;8;-46.0;234;Ceylan & Pascucci (2023);Experiment 2;Orientation;1;3;-46.0;52.0;52.0;-8.0;24;8
6;57;43;-14;1.35805499996059;8;-64.0;235;Ceylan & Pascucci (2023);Experiment 2;Orientation;1;3;-64.0;70.0;-12.0;-12.0;25;8
6;180;4;4;2.96673229988664;8;57.0;236;Ceylan & Pascucci (2023);Experiment 2;Orientation;1;3;57.0;-7.0;-53.0;45.0;26;8
6;143;146;3;1.49430259992369;8;37.0;237;Ceylan & Pascucci (2023);Experiment 2;Orientation;1;3;37.0;-86.0;30.0;-16.0;27;8
6;22;30;8;2.14156270003878;8;-59.0;238;Ceylan & Pascucci (2023);Experiment 2;Orientation;1;3;-59.0;-22.0;35.0;-29.0;28;8
6;163;162;-1;1.40859830006957;8;39.0;239;Ceylan & Pascucci (2023);Experiment 2;Orientation;1;3;39.0;-20.0;17.0;74.0;29;8
6;88;77;-11;1.68359280005097;8;75.0;240;Ceylan & Pascucci (2023);Experiment 2;Orientation;1;3;75.0;-66.0;55.0;-88.0;30;8
6;74;69;-5;1.15860239998437;9;14.0;241;Ceylan & Pascucci (2023);Experiment 2;Orientation;1;3;;;;;1;9
6;177;165;-12;1.5585555001162;9;77.0;242;Ceylan & Pascucci (2023);Experiment 2;Orientation;1;3;;;;;2;9
6;140;149;9;1.24990519997664;9;37.0;243;Ceylan & Pascucci (2023);Experiment 2;Orientation;1;3;;;;;3;9
6;153;155;2;1.90702489996329;9;-13.0;244;Ceylan & Pascucci (2023);Experiment 2;Orientation;1;3;;;;;4;9
6;162;162;0;1.23363339994103;9;-9.0;245;Ceylan & Pascucci (2023);Experiment 2;Orientation;1;3;-9.0;-22.0;15.0;-88.0;5;9
6;134;135;1;4.67448369995691;9;28.0;246;Ceylan & Pascucci (2023);Experiment 2;Orientation;1;3;28.0;19.0;6.0;43.0;6;9
6;26;29;3;4.22513919998892;9;-72.0;247;Ceylan & Pascucci (2023);Experiment 2;Orientation;1;3;-72.0;-44.0;-53.0;-66.0;7;9
6;60;55;-5;1.85824039997533;9;-34.0;248;Ceylan & Pascucci (2023);Experiment 2;Orientation;1;3;-34.0;74.0;-78.0;-87.0;8;9
6;123;128;5;1.44929679995403;9;-63.0;249;Ceylan & Pascucci (2023);Experiment 2;Orientation;1;3;-63.0;83.0;11.0;39.0;9;9
6;38;39;1;3.10793079994619;9;85.0;250;Ceylan & Pascucci (2023);Experiment 2;Orientation;1;3;85.0;22.0;-12.0;-84.0;10;9
6;109;110;1;1.77487950003706;9;-71.0;251;Ceylan & Pascucci (2023);Experiment 2;Orientation;1;3;-71.0;14.0;-49.0;-83.0;11;9
6;161;167;6;1.50858470005915;9;-52.0;252;Ceylan & Pascucci (2023);Experiment 2;Orientation;1;3;-52.0;57.0;-38.0;79.0;12;9
6;141;150;9;2.18255080003291;9;20.0;253;Ceylan & Pascucci (2023);Experiment 2;Orientation;1;3;20.0;-32.0;77.0;-18.0;13;9
6;26;31;5;2.81596589996479;9;-65.0;254;Ceylan & Pascucci (2023);Experiment 2;Orientation;1;3;-65.0;-45.0;83.0;12.0;14;9
6;3;2;-1;3.55710109998472;9;23.0;255;Ceylan & Pascucci (2023);Experiment 2;Orientation;1;3;23.0;-42.0;-22.0;-74.0;15;9
6;146;158;12;1.55036349990405;9;37.0;256;Ceylan & Pascucci (2023);Experiment 2;Orientation;1;3;37.0;60.0;-5.0;15.0;16;9
6;49;50;1;2.05030570016243;9;-83.0;257;Ceylan & Pascucci (2023);Experiment 2;Orientation;1;3;-83.0;-46.0;-23.0;-88.0;17;9
6;93;93;0;1.70865459996276;9;-44.0;258;Ceylan & Pascucci (2023);Experiment 2;Orientation;1;3;-44.0;53.0;90.0;-67.0;18;9
6;22;32;10;1.74988749995828;9;71.0;259;Ceylan & Pascucci (2023);Experiment 2;Orientation;1;3;71.0;27.0;-56.0;-19.0;19;9
6;9;17;8;2.63341760006733;9;13.0;260;Ceylan & Pascucci (2023);Experiment 2;Orientation;1;3;13.0;84.0;40.0;-43.0;20;9
6;21;20;-1;8.566101500066;9;-12.0;261;Ceylan & Pascucci (2023);Experiment 2;Orientation;1;3;-12.0;1.0;72.0;28.0;21;9
6;128;136;8;0.999916499946266;9;73.0;262;Ceylan & Pascucci (2023);Experiment 2;Orientation;1;3;73.0;61.0;74.0;-35.0;22;9
6;152;136;-16;0.708220500033349;9;-24.0;263;Ceylan & Pascucci (2023);Experiment 2;Orientation;1;3;-24.0;49.0;37.0;50.0;23;9
6;112;116;4;1.44067460019141;9;40.0;264;Ceylan & Pascucci (2023);Experiment 2;Orientation;1;3;40.0;16.0;89.0;77.0;24;9
6;8;31;23;1.4409825000912;9;-76.0;265;Ceylan & Pascucci (2023);Experiment 2;Orientation;1;3;-76.0;-36.0;-60.0;13.0;25;9
6;172;162;-10;2.89866059995256;9;16.0;266;Ceylan & Pascucci (2023);Experiment 2;Orientation;1;3;16.0;-60.0;-20.0;-44.0;26;9
6;130;140;10;1.90809949999675;9;42.0;267;Ceylan & Pascucci (2023);Experiment 2;Orientation;1;3;42.0;58.0;-18.0;22.0;27;9
6;98;106;8;3.04922359995544;9;32.0;268;Ceylan & Pascucci (2023);Experiment 2;Orientation;1;3;32.0;74.0;90.0;14.0;28;9
6;163;158;-5;1.32479119999334;9;-65.0;269;Ceylan & Pascucci (2023);Experiment 2;Orientation;1;3;-65.0;-33.0;9.0;25.0;29;9
6;36;38;2;2.54177639982663;9;-53.0;270;Ceylan & Pascucci (2023);Experiment 2;Orientation;1;3;-53.0;62.0;-86.0;-44.0;30;9
6;86;69;-17;0.983233199920505;10;-50.0;271;Ceylan & Pascucci (2023);Experiment 2;Orientation;1;3;;;;;1;10
6;65;63;-2;2.01687730010599;10;21.0;272;Ceylan & Pascucci (2023);Experiment 2;Orientation;1;3;;;;;2;10
6;179;0;1;1.21564680011943;10;66.0;273;Ceylan & Pascucci (2023);Experiment 2;Orientation;1;3;;;;;3;10
6;88;83;-5;1.73275010008365;10;-89.0;274;Ceylan & Pascucci (2023);Experiment 2;Orientation;1;3;;;;;4;10
6;147;146;-1;3.1080540001858;10;-59.0;275;Ceylan & Pascucci (2023);Experiment 2;Orientation;1;3;-59.0;32.0;-82.0;-61.0;5;10
6;3;1;-2;2.73249779990874;10;-36.0;276;Ceylan & Pascucci (2023);Experiment 2;Orientation;1;3;-36.0;85.0;-4.0;62.0;6;10
6;88;88;0;4.21660710009746;10;-85.0;277;Ceylan & Pascucci (2023);Experiment 2;Orientation;1;3;-85.0;59.0;0.0;-89.0;7;10
6;7;28;21;1.64896479994059;10;81.0;278;Ceylan & Pascucci (2023);Experiment 2;Orientation;1;3;81.0;-4.0;-40.0;81.0;8;10
6;167;151;-16;3.11458069994114;10;20.0;279;Ceylan & Pascucci (2023);Experiment 2;Orientation;1;3;20.0;-79.0;16.0;-20.0;9;10
6;144;133;-11;4.3569408999756;10;23.0;280;Ceylan & Pascucci (2023);Experiment 2;Orientation;1;3;23.0;43.0;-56.0;39.0;10;10
6;41;28;-13;3.86504750000313;10;-77.0;281;Ceylan & Pascucci (2023);Experiment 2;Orientation;1;3;-77.0;-54.0;-34.0;47.0;11;10
6;172;156;-16;1.8918732998427;10;49.0;282;Ceylan & Pascucci (2023);Experiment 2;Orientation;1;3;49.0;-28.0;-5.0;15.0;12;10
6;102;114;12;1.35819289996289;10;70.0;283;Ceylan & Pascucci (2023);Experiment 2;Orientation;1;3;70.0;-61.0;42.0;65.0;13;10
6;36;50;14;2.02519330009818;10;66.0;284;Ceylan & Pascucci (2023);Experiment 2;Orientation;1;3;66.0;-44.0;5.0;-72.0;14;10
6;3;12;9;4.68232430005446;10;33.0;285;Ceylan & Pascucci (2023);Experiment 2;Orientation;1;3;33.0;-81.0;-11.0;38.0;15;10
6;23;27;4;2.94967290014029;10;-20.0;286;Ceylan & Pascucci (2023);Experiment 2;Orientation;1;3;-20.0;13.0;79.0;-31.0;16;10
6;28;26;-2;3.36544699990191;10;-5.0;287;Ceylan & Pascucci (2023);Experiment 2;Orientation;1;3;-5.0;-25.0;8.0;74.0;17;10
6;72;73;1;12.4727743999101;10;-44.0;288;Ceylan & Pascucci (2023);Experiment 2;Orientation;1;3;-44.0;-49.0;-69.0;-36.0;18;10
6;175;164;-11;1.54100270010531;10;77.0;289;Ceylan & Pascucci (2023);Experiment 2;Orientation;1;3;77.0;33.0;28.0;8.0;19;10
6;162;156;-6;1.59146010014229;10;13.0;290;Ceylan & Pascucci (2023);Experiment 2;Orientation;1;3;13.0;90.0;46.0;41.0;20;10
6;134;152;18;2.74887509993277;10;28.0;291;Ceylan & Pascucci (2023);Experiment 2;Orientation;1;3;28.0;41.0;-62.0;74.0;21;10
6;90;87;-3;1.80818729987368;10;44.0;292;Ceylan & Pascucci (2023);Experiment 2;Orientation;1;3;44.0;72.0;85.0;-18.0;22;10
6;28;32;4;1.94139429996721;10;62.0;293;Ceylan & Pascucci (2023);Experiment 2;Orientation;1;3;62.0;-74.0;-46.0;-33.0;23;10
6;20;24;4;1.61693069990724;10;8.0;294;Ceylan & Pascucci (2023);Experiment 2;Orientation;1;3;8.0;70.0;-66.0;-38.0;24;10
6;173;13;20;2.44003330008127;10;27.0;295;Ceylan & Pascucci (2023);Experiment 2;Orientation;1;3;27.0;35.0;-83.0;-39.0;25;10
6;60;61;1;1.70846259989776;10;-67.0;296;Ceylan & Pascucci (2023);Experiment 2;Orientation;1;3;-67.0;-40.0;-32.0;30.0;26;10
6;171;162;-9;2.95760530000553;10;69.0;297;Ceylan & Pascucci (2023);Experiment 2;Orientation;1;3;69.0;2.0;29.0;37.0;27;10
6;30;33;3;1.48226009984501;10;-39.0;298;Ceylan & Pascucci (2023);Experiment 2;Orientation;1;3;-39.0;30.0;-37.0;-10.0;28;10
6;122;123;1;1.64149029995315;10;88.0;299;Ceylan & Pascucci (2023);Experiment 2;Orientation;1;3;88.0;49.0;-62.0;51.0;29;10
6;178;170;-8;2.61670859996229;10;-56.0;300;Ceylan & Pascucci (2023);Experiment 2;Orientation;1;3;-56.0;32.0;-7.0;62.0;30;10
7;2;4;2;2.53956620000008;1;;1;Ceylan & Pascucci (2023);Experiment 2;Orientation;1;3;;;;;1;1
7;177;3;6;2.66441610000038;1;5.0;2;Ceylan & Pascucci (2023);Experiment 2;Orientation;1;3;;;;;2;1
7;146;137;-9;1.8812939999998;1;31.0;3;Ceylan & Pascucci (2023);Experiment 2;Orientation;1;3;;;;;3;1
7;173;1;8;1.98114970000006;1;-27.0;4;Ceylan & Pascucci (2023);Experiment 2;Orientation;1;3;;;;;4;1
7;50;53;3;2.32274599999982;1;-57.0;5;Ceylan & Pascucci (2023);Experiment 2;Orientation;1;3;-57.0;-84.0;-53.0;-48.0;5;1
7;97;96;-1;4.08969509999997;1;-47.0;6;Ceylan & Pascucci (2023);Experiment 2;Orientation;1;3;-47.0;76.0;49.0;80.0;6;1
7;95;98;3;2.4318417999998;1;2.0;7;Ceylan & Pascucci (2023);Experiment 2;Orientation;1;3;2.0;-45.0;78.0;51.0;7;1
7;33;39;6;4.48900630000026;1;62.0;8;Ceylan & Pascucci (2023);Experiment 2;Orientation;1;3;62.0;64.0;17.0;-40.0;8;1
7;141;131;-10;4.35714179999968;1;72.0;9;Ceylan & Pascucci (2023);Experiment 2;Orientation;1;3;72.0;-46.0;-44.0;89.0;9;1
7;107;113;6;3.17318300000034;1;34.0;10;Ceylan & Pascucci (2023);Experiment 2;Orientation;1;3;34.0;-74.0;-12.0;-10.0;10;1
7;159;171;12;3.85568890000013;1;-52.0;11;Ceylan & Pascucci (2023);Experiment 2;Orientation;1;3;-52.0;-18.0;54.0;-64.0;11;1
7;88;89;1;3.63095430000021;1;71.0;12;Ceylan & Pascucci (2023);Experiment 2;Orientation;1;3;71.0;19.0;53.0;-55.0;12;1
7;105;102;-3;3.73105840000017;1;-17.0;13;Ceylan & Pascucci (2023);Experiment 2;Orientation;1;3;-17.0;54.0;2.0;36.0;13;1
7;14;18;4;3.0557687999999;1;-89.0;14;Ceylan & Pascucci (2023);Experiment 2;Orientation;1;3;-89.0;74.0;-35.0;-87.0;14;1
7;155;146;-9;1.62403949999998;1;39.0;15;Ceylan & Pascucci (2023);Experiment 2;Orientation;1;3;39.0;-50.0;-67.0;4.0;15;1
7;66;75;9;3.37285810000003;1;89.0;16;Ceylan & Pascucci (2023);Experiment 2;Orientation;1;3;89.0;-52.0;39.0;22.0;16;1
7;17;13;-4;3.44076769999992;1;49.0;17;Ceylan & Pascucci (2023);Experiment 2;Orientation;1;3;49.0;-42.0;-3.0;88.0;17;1
7;154;154;0;3.33992040000021;1;43.0;18;Ceylan & Pascucci (2023);Experiment 2;Orientation;1;3;43.0;-88.0;1.0;40.0;18;1
7;115;106;-9;2.69043740000006;1;39.0;19;Ceylan & Pascucci (2023);Experiment 2;Orientation;1;3;39.0;82.0;-49.0;40.0;19;1
7;174;164;-10;2.63113030000022;1;-59.0;20;Ceylan & Pascucci (2023);Experiment 2;Orientation;1;3;-59.0;-20.0;23.0;72.0;20;1
7;153;138;-15;1.89852029999975;1;21.0;21;Ceylan & Pascucci (2023);Experiment 2;Orientation;1;3;21.0;-38.0;1.0;44.0;21;1
7;68;73;5;1.77400769999986;1;85.0;22;Ceylan & Pascucci (2023);Experiment 2;Orientation;1;3;85.0;-74.0;47.0;86.0;22;1
7;143;117;-26;2.49882900000011;1;-75.0;23;Ceylan & Pascucci (2023);Experiment 2;Orientation;1;3;-75.0;10.0;31.0;-28.0;23;1
7;24;36;12;2.12382610000031;1;-61.0;24;Ceylan & Pascucci (2023);Experiment 2;Orientation;1;3;-61.0;44.0;-51.0;-30.0;24;1
7;102;98;-4;2.20681100000002;1;-78.0;25;Ceylan & Pascucci (2023);Experiment 2;Orientation;1;3;-78.0;41.0;-34.0;51.0;25;1
7;146;139;-7;1.9484238;1;-44.0;26;Ceylan & Pascucci (2023);Experiment 2;Orientation;1;3;-44.0;58.0;-3.0;-78.0;26;1
7;129;123;-6;3.33100819999981;1;17.0;27;Ceylan & Pascucci (2023);Experiment 2;Orientation;1;3;17.0;-27.0;75.0;14.0;27;1
7;51;44;-7;2.99045960000012;1;78.0;28;Ceylan & Pascucci (2023);Experiment 2;Orientation;1;3;78.0;-85.0;51.0;-27.0;28;1
7;40;49;9;2.06507430000011;1;11.0;29;Ceylan & Pascucci (2023);Experiment 2;Orientation;1;3;11.0;89.0;-74.0;62.0;29;1
7;126;124;-2;2.11495439999999;1;-86.0;30;Ceylan & Pascucci (2023);Experiment 2;Orientation;1;3;-86.0;-75.0;3.0;20.0;30;1
7;114;121;7;1.60620179999978;2;12.0;31;Ceylan & Pascucci (2023);Experiment 2;Orientation;1;3;;;;;1;2
7;114;120;6;1.98160780000035;2;0.0;32;Ceylan & Pascucci (2023);Experiment 2;Orientation;1;3;;;;;2;2
7;75;79;4;1.74896499999977;2;39.0;33;Ceylan & Pascucci (2023);Experiment 2;Orientation;1;3;;;;;3;2
7;148;151;3;3.22284209999998;2;-73.0;34;Ceylan & Pascucci (2023);Experiment 2;Orientation;1;3;;;;;4;2
7;168;179;11;2.37343029999965;2;-20.0;35;Ceylan & Pascucci (2023);Experiment 2;Orientation;1;3;-20.0;87.0;-54.0;-54.0;5;2
7;126;123;-3;2.23140009999997;2;42.0;36;Ceylan & Pascucci (2023);Experiment 2;Orientation;1;3;42.0;22.0;-51.0;-12.0;6;2
7;123;113;-10;2.69810460000008;2;3.0;37;Ceylan & Pascucci (2023);Experiment 2;Orientation;1;3;3.0;45.0;25.0;-48.0;7;2
7;173;1;8;3.63149229999999;2;-50.0;38;Ceylan & Pascucci (2023);Experiment 2;Orientation;1;3;-50.0;-47.0;-5.0;-25.0;8;2
7;45;16;-29;4.00608899999997;2;-52.0;39;Ceylan & Pascucci (2023);Experiment 2;Orientation;1;3;-52.0;78.0;81.0;-57.0;9;2
7;145;145;0;2.33114939999996;2;80.0;40;Ceylan & Pascucci (2023);Experiment 2;Orientation;1;3;80.0;28.0;-22.0;-19.0;10;2
7;36;29;-7;3.46541620000016;2;-71.0;41;Ceylan & Pascucci (2023);Experiment 2;Orientation;1;3;-71.0;9.0;-43.0;87.0;11;2
7;88;96;8;2.58947740000031;2;-52.0;42;Ceylan & Pascucci (2023);Experiment 2;Orientation;1;3;-52.0;57.0;-43.0;85.0;12;2
7;129;112;-17;2.11512540000012;2;-41.0;43;Ceylan & Pascucci (2023);Experiment 2;Orientation;1;3;-41.0;87.0;16.0;-84.0;13;2
7;56;66;10;1.38954119999971;2;73.0;44;Ceylan & Pascucci (2023);Experiment 2;Orientation;1;3;73.0;32.0;-20.0;89.0;14;2
7;164;162;-2;2.87328419999994;2;72.0;45;Ceylan & Pascucci (2023);Experiment 2;Orientation;1;3;72.0;-35.0;-76.0;52.0;15;2
7;168;157;-11;2.08124109999972;2;-4.0;46;Ceylan & Pascucci (2023);Experiment 2;Orientation;1;3;-4.0;68.0;-39.0;-80.0;16;2
7;63;64;1;2.34757420000005;2;-75.0;47;Ceylan & Pascucci (2023);Experiment 2;Orientation;1;3;-75.0;-79.0;-7.0;66.0;17;2
7;37;52;15;1.09789799999999;2;26.0;48;Ceylan & Pascucci (2023);Experiment 2;Orientation;1;3;26.0;-49.0;-53.0;19.0;18;2
7;174;178;4;1.44817409999996;2;43.0;49;Ceylan & Pascucci (2023);Experiment 2;Orientation;1;3;43.0;69.0;-6.0;-10.0;19;2
7;155;145;-10;2.53161319999981;2;19.0;50;Ceylan & Pascucci (2023);Experiment 2;Orientation;1;3;19.0;62.0;88.0;13.0;20;2
7;169;159;-10;2.94830879999972;2;-14.0;51;Ceylan & Pascucci (2023);Experiment 2;Orientation;1;3;-14.0;5.0;48.0;74.0;21;2
7;19;23;4;1.97319509999988;2;-30.0;52;Ceylan & Pascucci (2023);Experiment 2;Orientation;1;3;-30.0;-44.0;-25.0;18.0;22;2
7;130;129;-1;3.03986789999999;2;69.0;53;Ceylan & Pascucci (2023);Experiment 2;Orientation;1;3;69.0;39.0;25.0;44.0;23;2
7;69;64;-5;2.08150320000004;2;61.0;54;Ceylan & Pascucci (2023);Experiment 2;Orientation;1;3;61.0;-50.0;-80.0;86.0;24;2
7;42;44;2;2.11552729999994;2;27.0;55;Ceylan & Pascucci (2023);Experiment 2;Orientation;1;3;27.0;88.0;-23.0;-53.0;25;2
7;118;125;7;2.38993959999971;2;-76.0;56;Ceylan & Pascucci (2023);Experiment 2;Orientation;1;3;-76.0;-49.0;12.0;81.0;26;2
7;57;54;-3;1.7893853999999;2;61.0;57;Ceylan & Pascucci (2023);Experiment 2;Orientation;1;3;61.0;-15.0;12.0;73.0;27;2
7;92;99;7;1.4653843000001;2;-35.0;58;Ceylan & Pascucci (2023);Experiment 2;Orientation;1;3;-35.0;26.0;-50.0;-23.0;28;2
7;91;90;-1;220.8725175;2;1.0;59;Ceylan & Pascucci (2023);Experiment 2;Orientation;1;3;1.0;-34.0;27.0;-49.0;29;2
7;35;31;-4;2.70666679999977;2;56.0;60;Ceylan & Pascucci (2023);Experiment 2;Orientation;1;3;56.0;57.0;22.0;83.0;30;2
7;163;162;-1;1.92286520000016;3;52.0;61;Ceylan & Pascucci (2023);Experiment 2;Orientation;1;3;;;;;1;3
7;23;21;-2;3.50609490000033;3;-40.0;62;Ceylan & Pascucci (2023);Experiment 2;Orientation;1;3;;;;;2;3
7;163;159;-4;2.34894280000026;3;40.0;63;Ceylan & Pascucci (2023);Experiment 2;Orientation;1;3;;;;;3;3
7;71;62;-9;2.00716609999972;3;-88.0;64;Ceylan & Pascucci (2023);Experiment 2;Orientation;1;3;;;;;4;3
7;52;55;3;2.36531849999983;3;19.0;65;Ceylan & Pascucci (2023);Experiment 2;Orientation;1;3;19.0;-69.0;-29.0;-69.0;5;3
7;6;3;-3;3.74859590000005;3;46.0;66;Ceylan & Pascucci (2023);Experiment 2;Orientation;1;3;46.0;65.0;-23.0;17.0;6;3
7;31;21;-10;2.5141721;3;-25.0;67;Ceylan & Pascucci (2023);Experiment 2;Orientation;1;3;-25.0;21.0;40.0;-48.0;7;3
7;69;62;-7;1.45681769999965;3;-38.0;68;Ceylan & Pascucci (2023);Experiment 2;Orientation;1;3;-38.0;-63.0;-17.0;2.0;8;3
7;153;143;-10;1.88962399999991;3;-84.0;69;Ceylan & Pascucci (2023);Experiment 2;Orientation;1;3;-84.0;58.0;33.0;79.0;9;3
7;44;45;1;3.13110670000015;3;-71.0;70;Ceylan & Pascucci (2023);Experiment 2;Orientation;1;3;-71.0;25.0;-13.0;-38.0;10;3
7;148;142;-6;1.87506249999979;3;76.0;71;Ceylan & Pascucci (2023);Experiment 2;Orientation;1;3;76.0;5.0;-79.0;63.0;11;3
7;6;8;2;1.70682970000007;3;-38.0;72;Ceylan & Pascucci (2023);Experiment 2;Orientation;1;3;-38.0;38.0;-33.0;63.0;12;3
7;29;33;4;1.70633469999984;3;-23.0;73;Ceylan & Pascucci (2023);Experiment 2;Orientation;1;3;-23.0;-61.0;15.0;-56.0;13;3
7;161;158;-3;1.51483740000003;3;48.0;74;Ceylan & Pascucci (2023);Experiment 2;Orientation;1;3;48.0;25.0;-13.0;63.0;14;3
7;166;157;-9;2.5315155000003;3;-5.0;75;Ceylan & Pascucci (2023);Experiment 2;Orientation;1;3;-5.0;43.0;20.0;-18.0;15;3
7;62;68;6;1.99882639999987;3;-76.0;76;Ceylan & Pascucci (2023);Experiment 2;Orientation;1;3;-76.0;-81.0;-33.0;-56.0;16;3
7;134;120;-14;2.15714909999997;3;-72.0;77;Ceylan & Pascucci (2023);Experiment 2;Orientation;1;3;-72.0;32.0;27.0;75.0;17;3
7;104;111;7;1.62336000000005;3;30.0;78;Ceylan & Pascucci (2023);Experiment 2;Orientation;1;3;30.0;-42.0;62.0;57.0;18;3
7;51;52;1;2.0475136;3;53.0;79;Ceylan & Pascucci (2023);Experiment 2;Orientation;1;3;53.0;83.0;11.0;-65.0;19;3
7;137;132;-5;2.53181069999982;3;-86.0;80;Ceylan & Pascucci (2023);Experiment 2;Orientation;1;3;-86.0;-33.0;-3.0;-75.0;20;3
7;54;50;-4;2.8724886;3;83.0;81;Ceylan & Pascucci (2023);Experiment 2;Orientation;1;3;83.0;-3.0;50.0;80.0;21;3
7;53;54;1;2.09788230000004;3;1.0;82;Ceylan & Pascucci (2023);Experiment 2;Orientation;1;3;1.0;84.0;-2.0;51.0;22;3
7;101;107;6;1.66522510000004;3;-48.0;83;Ceylan & Pascucci (2023);Experiment 2;Orientation;1;3;-48.0;-47.0;36.0;-50.0;23;3
7;48;54;6;1.19781680000006;3;53.0;84;Ceylan & Pascucci (2023);Experiment 2;Orientation;1;3;53.0;5.0;6.0;89.0;24;3
7;98;85;-13;1.56498259999989;3;-50.0;85;Ceylan & Pascucci (2023);Experiment 2;Orientation;1;3;-50.0;3.0;-45.0;-44.0;25;3
7;149;130;-19;2.67385530000001;3;-51.0;86;Ceylan & Pascucci (2023);Experiment 2;Orientation;1;3;-51.0;79.0;-48.0;84.0;26;3
7;152;121;-31;2.85581839999986;3;-3.0;87;Ceylan & Pascucci (2023);Experiment 2;Orientation;1;3;-3.0;-54.0;76.0;-51.0;27;3
7;131;121;-10;1.62391350000007;3;21.0;88;Ceylan & Pascucci (2023);Experiment 2;Orientation;1;3;21.0;18.0;-33.0;-83.0;28;3
7;104;104;0;3.00608280000006;3;27.0;89;Ceylan & Pascucci (2023);Experiment 2;Orientation;1;3;27.0;48.0;45.0;-6.0;29;3
7;108;110;2;1.48994690000018;3;-4.0;90;Ceylan & Pascucci (2023);Experiment 2;Orientation;1;3;-4.0;23.0;44.0;41.0;30;3
7;27;21;-6;1.96490079999967;4;81.0;91;Ceylan & Pascucci (2023);Experiment 2;Orientation;1;3;;;;;1;4
7;144;145;1;2.12287479999986;4;63.0;92;Ceylan & Pascucci (2023);Experiment 2;Orientation;1;3;;;;;2;4
7;106;116;10;1.15655879999986;4;38.0;93;Ceylan & Pascucci (2023);Experiment 2;Orientation;1;3;;;;;3;4
7;85;89;4;1.40737870000021;4;21.0;94;Ceylan & Pascucci (2023);Experiment 2;Orientation;1;3;;;;;4;4
7;25;46;21;2.41413370000009;4;60.0;95;Ceylan & Pascucci (2023);Experiment 2;Orientation;1;3;60.0;81.0;-61.0;2.0;5;4
7;141;132;-9;1.95642169999974;4;64.0;96;Ceylan & Pascucci (2023);Experiment 2;Orientation;1;3;64.0;-56.0;-35.0;3.0;6;4
7;167;179;12;2.64781499999981;4;-26.0;97;Ceylan & Pascucci (2023);Experiment 2;Orientation;1;3;-26.0;38.0;-82.0;-61.0;7;4
7;2;178;-4;2.09903130000021;4;-15.0;98;Ceylan & Pascucci (2023);Experiment 2;Orientation;1;3;-15.0;-41.0;23.0;83.0;8;4
7;144;141;-3;2.44855749999988;4;38.0;99;Ceylan & Pascucci (2023);Experiment 2;Orientation;1;3;38.0;23.0;-3.0;61.0;9;4
7;80;82;2;2.78168060000007;4;64.0;100;Ceylan & Pascucci (2023);Experiment 2;Orientation;1;3;64.0;-78.0;87.0;61.0;10;4
7;77;80;3;2.35687909999979;4;3.0;101;Ceylan & Pascucci (2023);Experiment 2;Orientation;1;3;3.0;67.0;-75.0;90.0;11;4
7;88;78;-10;4.9728756999998;4;-11.0;102;Ceylan & Pascucci (2023);Experiment 2;Orientation;1;3;-11.0;-8.0;56.0;-86.0;12;4
7;57;55;-2;2.67302479999989;4;31.0;103;Ceylan & Pascucci (2023);Experiment 2;Orientation;1;3;31.0;20.0;23.0;87.0;13;4
7;149;139;-10;2.23158250000006;4;88.0;104;Ceylan & Pascucci (2023);Experiment 2;Orientation;1;3;88.0;-61.0;-72.0;-69.0;14;4
7;128;120;-8;2.06463570000005;4;21.0;105;Ceylan & Pascucci (2023);Experiment 2;Orientation;1;3;21.0;-71.0;-40.0;-51.0;15;4
7;94;90;-4;3.04779280000002;4;34.0;106;Ceylan & Pascucci (2023);Experiment 2;Orientation;1;3;34.0;55.0;-37.0;-6.0;16;4
7;44;45;1;1.50657279999996;4;50.0;107;Ceylan & Pascucci (2023);Experiment 2;Orientation;1;3;50.0;84.0;-75.0;13.0;17;4
7;81;75;-6;2.26453300000003;4;-37.0;108;Ceylan & Pascucci (2023);Experiment 2;Orientation;1;3;-37.0;13.0;47.0;68.0;18;4
7;87;88;1;1.99039990000028;4;-6.0;109;Ceylan & Pascucci (2023);Experiment 2;Orientation;1;3;-6.0;-43.0;7.0;41.0;19;4
7;167;153;-14;2.36542970000028;4;-80.0;110;Ceylan & Pascucci (2023);Experiment 2;Orientation;1;3;-80.0;-86.0;57.0;-73.0;20;4
7;160;141;-19;1.0980641000001;4;7.0;111;Ceylan & Pascucci (2023);Experiment 2;Orientation;1;3;7.0;-73.0;-79.0;64.0;21;4
7;117;110;-7;0.740913500000261;4;43.0;112;Ceylan & Pascucci (2023);Experiment 2;Orientation;1;3;43.0;50.0;-30.0;-36.0;22;4
7;73;67;-6;1.8650534999997;4;44.0;113;Ceylan & Pascucci (2023);Experiment 2;Orientation;1;3;44.0;87.0;-86.0;14.0;23;4
7;3;7;4;1.03205579999985;4;70.0;114;Ceylan & Pascucci (2023);Experiment 2;Orientation;1;3;70.0;-66.0;-23.0;-16.0;24;4
7;123;124;1;2.41426559999991;4;60.0;115;Ceylan & Pascucci (2023);Experiment 2;Orientation;1;3;60.0;-50.0;-6.0;37.0;25;4
7;109;107;-2;2.06458169999996;4;14.0;116;Ceylan & Pascucci (2023);Experiment 2;Orientation;1;3;14.0;74.0;-36.0;8.0;26;4
7;175;5;10;3.78911849999986;4;-66.0;117;Ceylan & Pascucci (2023);Experiment 2;Orientation;1;3;-66.0;-52.0;8.0;78.0;27;4
7;149;113;-36;1.8731558999998;4;26.0;118;Ceylan & Pascucci (2023);Experiment 2;Orientation;1;3;26.0;-40.0;-26.0;34.0;28;4
7;152;150;-2;1.29020850000006;4;-3.0;119;Ceylan & Pascucci (2023);Experiment 2;Orientation;1;3;-3.0;23.0;-43.0;-29.0;29;4
7;43;43;0;1.77293950000012;4;-71.0;120;Ceylan & Pascucci (2023);Experiment 2;Orientation;1;3;-71.0;-74.0;-48.0;66.0;30;4
7;42;33;-9;1.10690960000011;5;1.0;121;Ceylan & Pascucci (2023);Experiment 2;Orientation;1;3;;;;;1;5
7;8;0;-8;1.79782819999991;5;34.0;122;Ceylan & Pascucci (2023);Experiment 2;Orientation;1;3;;;;;2;5
7;19;15;-4;2.59809730000006;5;-11.0;123;Ceylan & Pascucci (2023);Experiment 2;Orientation;1;3;;;;;3;5
7;139;123;-16;1.97325679999994;5;60.0;124;Ceylan & Pascucci (2023);Experiment 2;Orientation;1;3;;;;;4;5
7;104;100;-4;2.49019750000025;5;35.0;125;Ceylan & Pascucci (2023);Experiment 2;Orientation;1;3;35.0;-85.0;84.0;-62.0;5;5
7;47;33;-14;2.36495280000008;5;57.0;126;Ceylan & Pascucci (2023);Experiment 2;Orientation;1;3;57.0;-88.0;-28.0;-39.0;6;5
7;104;105;1;2.64897610000025;5;-57.0;127;Ceylan & Pascucci (2023);Experiment 2;Orientation;1;3;-57.0;0.0;35.0;-85.0;7;5
7;44;53;9;2.28934179999987;5;60.0;128;Ceylan & Pascucci (2023);Experiment 2;Orientation;1;3;60.0;3.0;60.0;-85.0;8;5
7;88;82;-6;1.48224530000016;5;-44.0;129;Ceylan & Pascucci (2023);Experiment 2;Orientation;1;3;-44.0;16.0;-41.0;16.0;9;5
7;21;33;12;1.93130719999999;5;67.0;130;Ceylan & Pascucci (2023);Experiment 2;Orientation;1;3;67.0;23.0;83.0;26.0;10;5
7;81;77;-4;1.28993229999969;5;-60.0;131;Ceylan & Pascucci (2023);Experiment 2;Orientation;1;3;-60.0;7.0;-37.0;23.0;11;5
7;61;69;8;3.11483799999996;5;20.0;132;Ceylan & Pascucci (2023);Experiment 2;Orientation;1;3;20.0;-40.0;27.0;-17.0;12;5
7;11;7;-4;3.55608529999972;5;50.0;133;Ceylan & Pascucci (2023);Experiment 2;Orientation;1;3;50.0;70.0;10.0;77.0;13;5
7;27;68;41;3.4642159;5;-16.0;134;Ceylan & Pascucci (2023);Experiment 2;Orientation;1;3;-16.0;34.0;54.0;-6.0;14;5
7;10;3;-7;2.24053240000012;5;17.0;135;Ceylan & Pascucci (2023);Experiment 2;Orientation;1;3;17.0;1.0;51.0;71.0;15;5
7;157;161;4;1.88189250000005;5;33.0;136;Ceylan & Pascucci (2023);Experiment 2;Orientation;1;3;33.0;50.0;34.0;84.0;16;5
7;155;151;-4;0.749072800000249;5;2.0;137;Ceylan & Pascucci (2023);Experiment 2;Orientation;1;3;2.0;35.0;52.0;36.0;17;5
7;20;28;8;1.95700710000028;5;-45.0;138;Ceylan & Pascucci (2023);Experiment 2;Orientation;1;3;-45.0;-43.0;-10.0;7.0;18;5
7;67;62;-5;4.93919879999976;5;-47.0;139;Ceylan & Pascucci (2023);Experiment 2;Orientation;1;3;-47.0;88.0;90.0;-57.0;19;5
7;134;119;-15;2.4072298000001;5;-67.0;140;Ceylan & Pascucci (2023);Experiment 2;Orientation;1;3;-67.0;66.0;21.0;23.0;20;5
7;11;39;28;11.4884455000001;5;-57.0;141;Ceylan & Pascucci (2023);Experiment 2;Orientation;1;3;-57.0;56.0;9.0;-36.0;21;5
7;97;4;87;1.64048569999977;5;-86.0;142;Ceylan & Pascucci (2023);Experiment 2;Orientation;1;3;-86.0;37.0;-30.0;-77.0;22;5
7;132;129;-3;2.38165549999985;5;-35.0;143;Ceylan & Pascucci (2023);Experiment 2;Orientation;1;3;-35.0;59.0;2.0;-65.0;23;5
7;169;4;15;1.89854289999994;5;-37.0;144;Ceylan & Pascucci (2023);Experiment 2;Orientation;1;3;-37.0;-72.0;22.0;-35.0;24;5
7;17;11;-6;1.46502059999966;5;-28.0;145;Ceylan & Pascucci (2023);Experiment 2;Orientation;1;3;-28.0;-65.0;80.0;-6.0;25;5
7;159;154;-5;2.70612000000028;5;38.0;146;Ceylan & Pascucci (2023);Experiment 2;Orientation;1;3;38.0;10.0;-27.0;-62.0;26;5
7;151;149;-2;1.29066090000015;5;8.0;147;Ceylan & Pascucci (2023);Experiment 2;Orientation;1;3;8.0;46.0;18.0;-19.0;27;5
7;124;142;18;1.22340729999996;5;27.0;148;Ceylan & Pascucci (2023);Experiment 2;Orientation;1;3;27.0;35.0;73.0;45.0;28;5
7;50;61;11;1.33128910000005;5;74.0;149;Ceylan & Pascucci (2023);Experiment 2;Orientation;1;3;74.0;-79.0;-71.0;-33.0;29;5
7;65;68;3;1.18993790000013;5;-15.0;150;Ceylan & Pascucci (2023);Experiment 2;Orientation;1;3;-15.0;59.0;86.0;-86.0;30;5
7;13;12;-1;2.0231675;6;52.0;151;Ceylan & Pascucci (2023);Experiment 2;Orientation;1;3;;;;;1;6
7;118;122;4;1.18169540000008;6;75.0;152;Ceylan & Pascucci (2023);Experiment 2;Orientation;1;3;;;;;2;6
7;86;87;1;0.965608699999848;6;32.0;153;Ceylan & Pascucci (2023);Experiment 2;Orientation;1;3;;;;;3;6
7;87;94;7;1.87295029999996;6;-1.0;154;Ceylan & Pascucci (2023);Experiment 2;Orientation;1;3;;;;;4;6
7;82;83;1;1.08169520000001;6;5.0;155;Ceylan & Pascucci (2023);Experiment 2;Orientation;1;3;5.0;4.0;36.0;-69.0;5;6
7;40;43;3;1.24854049999976;6;42.0;156;Ceylan & Pascucci (2023);Experiment 2;Orientation;1;3;42.0;47.0;46.0;78.0;6;6
7;60;65;5;0.873585099999673;6;-20.0;157;Ceylan & Pascucci (2023);Experiment 2;Orientation;1;3;-20.0;22.0;27.0;26.0;7;6
7;56;44;-12;1.43119079999997;6;4.0;158;Ceylan & Pascucci (2023);Experiment 2;Orientation;1;3;4.0;-16.0;26.0;31.0;8;6
7;60;53;-7;1.28175650000003;6;-4.0;159;Ceylan & Pascucci (2023);Experiment 2;Orientation;1;3;-4.0;0.0;-20.0;22.0;9;6
7;168;3;15;0.873976399999719;6;72.0;160;Ceylan & Pascucci (2023);Experiment 2;Orientation;1;3;72.0;68.0;72.0;52.0;10;6
7;65;54;-11;1.95651929999985;6;-77.0;161;Ceylan & Pascucci (2023);Experiment 2;Orientation;1;3;-77.0;-5.0;-9.0;-5.0;11;6
7;19;8;-11;2.45591150000018;6;46.0;162;Ceylan & Pascucci (2023);Experiment 2;Orientation;1;3;46.0;-31.0;41.0;37.0;12;6
7;22;10;-12;2.27316259999998;6;-3.0;163;Ceylan & Pascucci (2023);Experiment 2;Orientation;1;3;-3.0;43.0;-34.0;38.0;13;6
7;151;142;-9;2.03123829999959;6;51.0;164;Ceylan & Pascucci (2023);Experiment 2;Orientation;1;3;51.0;48.0;-86.0;17.0;14;6
7;75;86;11;1.6978079999999;6;76.0;165;Ceylan & Pascucci (2023);Experiment 2;Orientation;1;3;76.0;-53.0;-56.0;-10.0;15;6
7;97;109;12;0.7070219000002;6;-22.0;166;Ceylan & Pascucci (2023);Experiment 2;Orientation;1;3;-22.0;54.0;-75.0;-78.0;16;6
7;93;97;4;2.32319499999994;6;4.0;167;Ceylan & Pascucci (2023);Experiment 2;Orientation;1;3;4.0;-18.0;58.0;-71.0;17;6
7;53;39;-14;1.80665140000019;6;40.0;168;Ceylan & Pascucci (2023);Experiment 2;Orientation;1;3;40.0;44.0;22.0;-82.0;18;6
7;143;133;-10;1.74030990000028;6;-90.0;169;Ceylan & Pascucci (2023);Experiment 2;Orientation;1;3;90.0;-50.0;-46.0;-68.0;19;6
7;52;35;-17;2.08136760000025;6;-89.0;170;Ceylan & Pascucci (2023);Experiment 2;Orientation;1;3;-89.0;1.0;41.0;45.0;20;6
7;57;59;2;2.62269460000016;6;-5.0;171;Ceylan & Pascucci (2023);Experiment 2;Orientation;1;3;-5.0;86.0;-4.0;36.0;21;6
7;69;55;-14;2.10667740000008;6;-12.0;172;Ceylan & Pascucci (2023);Experiment 2;Orientation;1;3;-12.0;-17.0;74.0;-16.0;22;6
7;15;20;5;1.8323849999997;6;54.0;173;Ceylan & Pascucci (2023);Experiment 2;Orientation;1;3;54.0;42.0;37.0;-52.0;23;6
7;65;69;4;1.28960879999977;6;-50.0;174;Ceylan & Pascucci (2023);Experiment 2;Orientation;1;3;-50.0;4.0;-8.0;-13.0;24;6
7;179;172;-7;3.16483620000008;6;66.0;175;Ceylan & Pascucci (2023);Experiment 2;Orientation;1;3;66.0;16.0;70.0;58.0;25;6
7;9;18;9;2.04006419999996;6;-10.0;176;Ceylan & Pascucci (2023);Experiment 2;Orientation;1;3;-10.0;56.0;6.0;60.0;26;6
7;97;101;4;1.64881849999983;6;-88.0;177;Ceylan & Pascucci (2023);Experiment 2;Orientation;1;3;-88.0;82.0;-32.0;-82.0;27;6
7;58;59;1;1.87374660000023;6;39.0;178;Ceylan & Pascucci (2023);Experiment 2;Orientation;1;3;39.0;-49.0;-59.0;7.0;28;6
7;94;100;6;1.52393779999966;6;-36.0;179;Ceylan & Pascucci (2023);Experiment 2;Orientation;1;3;-36.0;3.0;-85.0;85.0;29;6
7;14;52;38;1.50635940000029;6;80.0;180;Ceylan & Pascucci (2023);Experiment 2;Orientation;1;3;80.0;44.0;83.0;-5.0;30;6
7;51;43;-8;1.25758500000029;7;-37.0;181;Ceylan & Pascucci (2023);Experiment 2;Orientation;1;3;;;;;1;7
7;106;110;4;1.51531859999977;7;-55.0;182;Ceylan & Pascucci (2023);Experiment 2;Orientation;1;3;;;;;2;7
7;89;152;63;2.1728521999994;7;17.0;183;Ceylan & Pascucci (2023);Experiment 2;Orientation;1;3;;;;;3;7
7;6;12;6;2.14058169999953;7;83.0;184;Ceylan & Pascucci (2023);Experiment 2;Orientation;1;3;;;;;4;7
7;42;39;-3;3.61441340000056;7;-36.0;185;Ceylan & Pascucci (2023);Experiment 2;Orientation;1;3;-36.0;47.0;64.0;9.0;5;7
7;48;42;-6;1.68118850000064;7;-6.0;186;Ceylan & Pascucci (2023);Experiment 2;Orientation;1;3;-6.0;-42.0;41.0;58.0;6;7
7;22;25;3;1.87311120000049;7;26.0;187;Ceylan & Pascucci (2023);Experiment 2;Orientation;1;3;26.0;20.0;-16.0;67.0;7;7
7;152;130;-22;2.13158580000072;7;50.0;188;Ceylan & Pascucci (2023);Experiment 2;Orientation;1;3;50.0;76.0;70.0;34.0;8;7
7;161;148;-13;1.80664230000002;7;-9.0;189;Ceylan & Pascucci (2023);Experiment 2;Orientation;1;3;-9.0;41.0;67.0;61.0;9;7
7;138;129;-9;1.95628409999972;7;23.0;190;Ceylan & Pascucci (2023);Experiment 2;Orientation;1;3;23.0;14.0;64.0;90.0;10;7
7;56;58;2;2.27293920000011;7;82.0;191;Ceylan & Pascucci (2023);Experiment 2;Orientation;1;3;82.0;-75.0;-84.0;-34.0;11;7
7;164;155;-9;2.62323019999985;7;72.0;192;Ceylan & Pascucci (2023);Experiment 2;Orientation;1;3;72.0;-26.0;-3.0;-12.0;12;7
7;128;143;15;3.35611590000008;7;36.0;193;Ceylan & Pascucci (2023);Experiment 2;Orientation;1;3;36.0;-72.0;10.0;33.0;13;7
7;39;41;2;1.74792030000026;7;89.0;194;Ceylan & Pascucci (2023);Experiment 2;Orientation;1;3;89.0;-55.0;17.0;-81.0;14;7
7;176;177;1;2.12394799999947;7;43.0;195;Ceylan & Pascucci (2023);Experiment 2;Orientation;1;3;43.0;-48.0;-12.0;60.0;15;7
7;21;27;6;1.52334859999974;7;-25.0;196;Ceylan & Pascucci (2023);Experiment 2;Orientation;1;3;-25.0;18.0;-73.0;-37.0;16;7
7;105;103;-2;1.2818201;7;-84.0;197;Ceylan & Pascucci (2023);Experiment 2;Orientation;1;3;-84.0;71.0;-66.0;23.0;17;7
7;146;148;2;2.03924509999979;7;-41.0;198;Ceylan & Pascucci (2023);Experiment 2;Orientation;1;3;-41.0;55.0;30.0;73.0;18;7
7;61;51;-10;1.38223199999993;7;85.0;199;Ceylan & Pascucci (2023);Experiment 2;Orientation;1;3;85.0;44.0;-40.0;-65.0;19;7
7;84;81;-3;2.23160000000007;7;-23.0;200;Ceylan & Pascucci (2023);Experiment 2;Orientation;1;3;-23.0;62.0;21.0;-63.0;20;7
7;124;111;-13;1.3067546000002;7;-40.0;201;Ceylan & Pascucci (2023);Experiment 2;Orientation;1;3;-40.0;-63.0;22.0;-19.0;21;7
7;148;143;-5;1.60688650000066;7;-24.0;202;Ceylan & Pascucci (2023);Experiment 2;Orientation;1;3;-24.0;-64.0;-87.0;-2.0;22;7
7;37;46;9;1.72361760000058;7;-69.0;203;Ceylan & Pascucci (2023);Experiment 2;Orientation;1;3;-69.0;87.0;47.0;24.0;23;7
7;140;142;2;2.28159570000025;7;77.0;204;Ceylan & Pascucci (2023);Experiment 2;Orientation;1;3;77.0;8.0;-16.0;-56.0;24;7
7;165;158;-7;1.48993109999992;7;-25.0;205;Ceylan & Pascucci (2023);Experiment 2;Orientation;1;3;-25.0;52.0;-17.0;-41.0;25;7
7;150;152;2;2.20706539999992;7;15.0;206;Ceylan & Pascucci (2023);Experiment 2;Orientation;1;3;15.0;-10.0;67.0;-2.0;26;7
7;147;152;5;1.94831439999962;7;3.0;207;Ceylan & Pascucci (2023);Experiment 2;Orientation;1;3;3.0;18.0;-7.0;70.0;27;7
7;84;82;-2;2.84753619999992;7;63.0;208;Ceylan & Pascucci (2023);Experiment 2;Orientation;1;3;63.0;66.0;81.0;56.0;28;7
7;163;160;-3;3.59767889999966;7;-79.0;209;Ceylan & Pascucci (2023);Experiment 2;Orientation;1;3;-79.0;-16.0;-13.0;2.0;29;7
7;74;74;0;1.94791070000065;7;89.0;210;Ceylan & Pascucci (2023);Experiment 2;Orientation;1;3;89.0;10.0;73.0;76.0;30;7
7;119;109;-10;37.2275022000003;8;-45.0;211;Ceylan & Pascucci (2023);Experiment 2;Orientation;1;3;;;;;1;8
7;131;122;-9;1.85601909999968;8;-12.0;212;Ceylan & Pascucci (2023);Experiment 2;Orientation;1;3;;;;;2;8
7;161;153;-8;2.10625379999965;8;-30.0;213;Ceylan & Pascucci (2023);Experiment 2;Orientation;1;3;;;;;3;8
7;178;6;8;2.33987279999928;8;-17.0;214;Ceylan & Pascucci (2023);Experiment 2;Orientation;1;3;;;;;4;8
7;110;121;11;1.11534430000029;8;68.0;215;Ceylan & Pascucci (2023);Experiment 2;Orientation;1;3;68.0;51.0;21.0;9.0;5;8
7;153;154;1;1.4822465999996;8;-43.0;216;Ceylan & Pascucci (2023);Experiment 2;Orientation;1;3;-43.0;25.0;8.0;-22.0;6;8
7;176;178;2;2.56496980000065;8;-23.0;217;Ceylan & Pascucci (2023);Experiment 2;Orientation;1;3;-23.0;-66.0;2.0;-15.0;7;8
7;99;109;10;1.78151160000016;8;77.0;218;Ceylan & Pascucci (2023);Experiment 2;Orientation;1;3;77.0;54.0;11.0;79.0;8;8
7;46;64;18;1.58953639999982;8;53.0;219;Ceylan & Pascucci (2023);Experiment 2;Orientation;1;3;53.0;-50.0;-73.0;64.0;9;8
7;158;143;-15;1.06570839999949;8;68.0;220;Ceylan & Pascucci (2023);Experiment 2;Orientation;1;3;68.0;-59.0;18.0;-5.0;10;8
7;76;66;-10;1.10692399999971;8;82.0;221;Ceylan & Pascucci (2023);Experiment 2;Orientation;1;3;82.0;-30.0;23.0;-80.0;11;8
7;119;127;8;2.03104770000027;8;-43.0;222;Ceylan & Pascucci (2023);Experiment 2;Orientation;1;3;-43.0;39.0;-73.0;-20.0;12;8
7;62;67;5;1.32371710000007;8;57.0;223;Ceylan & Pascucci (2023);Experiment 2;Orientation;1;3;57.0;14.0;-84.0;-16.0;13;8
7;121;120;-1;1.38969189999989;8;-59.0;224;Ceylan & Pascucci (2023);Experiment 2;Orientation;1;3;-59.0;-2.0;-45.0;37.0;14;8
7;46;57;11;1.35738330000004;8;75.0;225;Ceylan & Pascucci (2023);Experiment 2;Orientation;1;3;75.0;16.0;73.0;30.0;15;8
7;34;38;4;152.4393844;8;12.0;226;Ceylan & Pascucci (2023);Experiment 2;Orientation;1;3;12.0;87.0;28.0;85.0;16;8
7;111;122;11;1.26469399999951;8;-77.0;227;Ceylan & Pascucci (2023);Experiment 2;Orientation;1;3;-77.0;-65.0;10.0;-49.0;17;8
7;17;26;9;2.71445459999995;8;-86.0;228;Ceylan & Pascucci (2023);Experiment 2;Orientation;1;3;-86.0;17.0;29.0;-76.0;18;8
7;133;131;-2;1.28200099999958;8;64.0;229;Ceylan & Pascucci (2023);Experiment 2;Orientation;1;3;64.0;-22.0;81.0;-87.0;19;8
7;114;123;9;2.11503940000057;8;19.0;230;Ceylan & Pascucci (2023);Experiment 2;Orientation;1;3;19.0;83.0;-3.0;-80.0;20;8
7;117;126;9;3.13106080000034;8;-3.0;231;Ceylan & Pascucci (2023);Experiment 2;Orientation;1;3;-3.0;16.0;80.0;-6.0;21;8
7;80;74;-6;2.50713050000013;8;37.0;232;Ceylan & Pascucci (2023);Experiment 2;Orientation;1;3;37.0;34.0;53.0;-63.0;22;8
7;8;3;-5;2.00626009999996;8;72.0;233;Ceylan & Pascucci (2023);Experiment 2;Orientation;1;3;72.0;-71.0;-74.0;-55.0;23;8
7;139;138;-1;1.43231239999932;8;49.0;234;Ceylan & Pascucci (2023);Experiment 2;Orientation;1;3;49.0;-59.0;-22.0;-25.0;24;8
7;144;145;1;1.47305589999996;8;-5.0;235;Ceylan & Pascucci (2023);Experiment 2;Orientation;1;3;-5.0;44.0;-64.0;-27.0;25;8
7;11;2;-9;2.28214910000042;8;-47.0;236;Ceylan & Pascucci (2023);Experiment 2;Orientation;1;3;-47.0;-52.0;-3.0;69.0;26;8
7;54;55;1;1.74835709999934;8;-43.0;237;Ceylan & Pascucci (2023);Experiment 2;Orientation;1;3;-43.0;90.0;85.0;-46.0;27;8
7;54;54;0;1.20692609999969;8;0.0;238;Ceylan & Pascucci (2023);Experiment 2;Orientation;1;3;0.0;-43.0;90.0;85.0;28;8
7;171;171;0;1.94834910000009;8;63.0;239;Ceylan & Pascucci (2023);Experiment 2;Orientation;1;3;63.0;63.0;20.0;-27.0;29;8
7;54;53;-1;1.24849499999982;8;-63.0;240;Ceylan & Pascucci (2023);Experiment 2;Orientation;1;3;-63.0;0.0;0.0;-43.0;30;8
7;160;164;4;2.00618480000048;9;74.0;241;Ceylan & Pascucci (2023);Experiment 2;Orientation;1;3;;;;;1;9
7;10;10;0;2.07249950000005;9;-30.0;242;Ceylan & Pascucci (2023);Experiment 2;Orientation;1;3;;;;;2;9
7;130;128;-2;1.48153710000042;9;60.0;243;Ceylan & Pascucci (2023);Experiment 2;Orientation;1;3;;;;;3;9
7;106;97;-9;2.28935080000065;9;24.0;244;Ceylan & Pascucci (2023);Experiment 2;Orientation;1;3;;;;;4;9
7;67;61;-6;1.38129899999967;9;39.0;245;Ceylan & Pascucci (2023);Experiment 2;Orientation;1;3;39.0;63.0;-57.0;-87.0;5;9
7;50;58;8;1.94857520000005;9;17.0;246;Ceylan & Pascucci (2023);Experiment 2;Orientation;1;3;17.0;56.0;80.0;-40.0;6;9
7;4;7;3;0.898970799999915;9;46.0;247;Ceylan & Pascucci (2023);Experiment 2;Orientation;1;3;46.0;63.0;-78.0;-54.0;7;9
7;163;173;10;86.7882498999998;9;21.0;248;Ceylan & Pascucci (2023);Experiment 2;Orientation;1;3;21.0;67.0;84.0;-57.0;8;9
7;54;57;3;0.914753500000188;9;-71.0;249;Ceylan & Pascucci (2023);Experiment 2;Orientation;1;3;-71.0;-50.0;-4.0;13.0;9;9
7;87;86;-1;1.67319120000047;9;-33.0;250;Ceylan & Pascucci (2023);Experiment 2;Orientation;1;3;-33.0;76.0;-83.0;-37.0;10;9
7;93;100;7;1.731315;9;-6.0;251;Ceylan & Pascucci (2023);Experiment 2;Orientation;1;3;-6.0;-39.0;70.0;-89.0;11;9
7;135;125;-10;1.42339429999993;9;-42.0;252;Ceylan & Pascucci (2023);Experiment 2;Orientation;1;3;-42.0;-48.0;-81.0;28.0;12;9
7;124;129;5;0.99908349999987;9;11.0;253;Ceylan & Pascucci (2023);Experiment 2;Orientation;1;3;11.0;-31.0;-37.0;-70.0;13;9
7;5;5;0;4.08145199999944;9;-61.0;254;Ceylan & Pascucci (2023);Experiment 2;Orientation;1;3;-61.0;-50.0;88.0;82.0;14;9
7;81;82;1;0.856954500000029;9;-76.0;255;Ceylan & Pascucci (2023);Experiment 2;Orientation;1;3;-76.0;43.0;54.0;12.0;15;9
7;152;134;-18;2.55708400000003;9;-71.0;256;Ceylan & Pascucci (2023);Experiment 2;Orientation;1;3;-71.0;33.0;-28.0;-17.0;16;9
7;171;165;-6;2.58163830000012;9;-19.0;257;Ceylan & Pascucci (2023);Experiment 2;Orientation;1;3;-19.0;90.0;14.0;-47.0;17;9
7;82;89;7;2.35605179999948;9;89.0;258;Ceylan & Pascucci (2023);Experiment 2;Orientation;1;3;89.0;70.0;-1.0;-77.0;18;9
7;165;155;-10;1.23193210000045;9;-83.0;259;Ceylan & Pascucci (2023);Experiment 2;Orientation;1;3;-83.0;6.0;-13.0;-84.0;19;9
7;113;112;-1;1.48998370000027;9;52.0;260;Ceylan & Pascucci (2023);Experiment 2;Orientation;1;3;52.0;-31.0;58.0;39.0;20;9
7;28;37;9;2.77464969999983;9;85.0;261;Ceylan & Pascucci (2023);Experiment 2;Orientation;1;3;85.0;-43.0;54.0;-37.0;21;9
7;2;179;-3;1.39032439999937;9;26.0;262;Ceylan & Pascucci (2023);Experiment 2;Orientation;1;3;26.0;-69.0;-17.0;80.0;22;9
7;14;24;10;2.03211580000061;9;-12.0;263;Ceylan & Pascucci (2023);Experiment 2;Orientation;1;3;-12.0;14.0;-81.0;-29.0;23;9
7;139;137;-2;1.46565439999995;9;55.0;264;Ceylan & Pascucci (2023);Experiment 2;Orientation;1;3;55.0;43.0;69.0;-26.0;24;9
7;20;32;12;1.69890980000037;9;-61.0;265;Ceylan & Pascucci (2023);Experiment 2;Orientation;1;3;-61.0;-6.0;-18.0;8.0;25;9
7;109;116;7;1.15636870000071;9;-89.0;266;Ceylan & Pascucci (2023);Experiment 2;Orientation;1;3;-89.0;30.0;85.0;73.0;26;9
7;170;175;5;2.18121999999948;9;-61.0;267;Ceylan & Pascucci (2023);Experiment 2;Orientation;1;3;-61.0;30.0;-31.0;24.0;27;9
7;75;79;4;2.51532020000013;9;-85.0;268;Ceylan & Pascucci (2023);Experiment 2;Orientation;1;3;-85.0;34.0;-55.0;64.0;28;9
7;81;78;-3;2.0482176000005;9;-6.0;269;Ceylan & Pascucci (2023);Experiment 2;Orientation;1;3;-6.0;89.0;28.0;-61.0;29;9
7;177;175;-2;1.87399710000045;9;84.0;270;Ceylan & Pascucci (2023);Experiment 2;Orientation;1;3;84.0;78.0;-7.0;-68.0;30;9
7;167;171;4;1.1983653999996;10;10.0;271;Ceylan & Pascucci (2023);Experiment 2;Orientation;1;3;;;;;1;10
7;124;112;-12;1.33169970000017;10;43.0;272;Ceylan & Pascucci (2023);Experiment 2;Orientation;1;3;;;;;2;10
7;165;127;-38;107.751974700001;10;-41.0;273;Ceylan & Pascucci (2023);Experiment 2;Orientation;1;3;;;;;3;10
7;70;68;-2;2.17336609999984;10;-85.0;274;Ceylan & Pascucci (2023);Experiment 2;Orientation;1;3;;;;;4;10
7;149;140;-9;1.52307819999987;10;-79.0;275;Ceylan & Pascucci (2023);Experiment 2;Orientation;1;3;-79.0;16.0;-25.0;18.0;5;10
7;121;121;0;2.05631240000002;10;28.0;276;Ceylan & Pascucci (2023);Experiment 2;Orientation;1;3;28.0;-51.0;44.0;3.0;6;10
7;164;154;-10;2.7229298000002;10;-43.0;277;Ceylan & Pascucci (2023);Experiment 2;Orientation;1;3;-43.0;-15.0;86.0;1.0;7;10
7;180;178;-2;1.13991840000017;10;-16.0;278;Ceylan & Pascucci (2023);Experiment 2;Orientation;1;3;-16.0;-59.0;-31.0;70.0;8;10
7;127;122;-5;1.43127579999964;10;53.0;279;Ceylan & Pascucci (2023);Experiment 2;Orientation;1;3;53.0;37.0;-6.0;22.0;9;10
7;59;65;6;1.71594780000032;10;68.0;280;Ceylan & Pascucci (2023);Experiment 2;Orientation;1;3;68.0;-59.0;-75.0;62.0;10;10
7;80;91;11;2.10676719999992;10;-21.0;281;Ceylan & Pascucci (2023);Experiment 2;Orientation;1;3;-21.0;47.0;-80.0;84.0;11;10
7;30;52;22;1.53229900000042;10;50.0;282;Ceylan & Pascucci (2023);Experiment 2;Orientation;1;3;50.0;29.0;-83.0;-30.0;12;10
7;19;22;3;1.72391250000055;10;11.0;283;Ceylan & Pascucci (2023);Experiment 2;Orientation;1;3;11.0;61.0;40.0;-72.0;13;10
7;35;28;-7;2.50709279999955;10;-16.0;284;Ceylan & Pascucci (2023);Experiment 2;Orientation;1;3;-16.0;-5.0;45.0;24.0;14;10
7;135;114;-21;1.4572476000003;10;80.0;285;Ceylan & Pascucci (2023);Experiment 2;Orientation;1;3;80.0;64.0;75.0;-55.0;15;10
7;2;8;6;1.74822159999985;10;-47.0;286;Ceylan & Pascucci (2023);Experiment 2;Orientation;1;3;-47.0;33.0;17.0;28.0;16;10
7;112;110;-2;1.23121929999979;10;70.0;287;Ceylan & Pascucci (2023);Experiment 2;Orientation;1;3;70.0;23.0;-77.0;87.0;17;10
7;132;112;-20;2.87305629999992;10;-20.0;288;Ceylan & Pascucci (2023);Experiment 2;Orientation;1;3;-20.0;50.0;3.0;83.0;18;10
7;62;59;-3;5.18903520000003;10;70.0;289;Ceylan & Pascucci (2023);Experiment 2;Orientation;1;3;70.0;50.0;-60.0;73.0;19;10
7;174;169;-5;2.13122560000011;10;68.0;290;Ceylan & Pascucci (2023);Experiment 2;Orientation;1;3;68.0;-42.0;-62.0;8.0;20;10
7;16;25;9;1.52350100000058;10;-22.0;291;Ceylan & Pascucci (2023);Experiment 2;Orientation;1;3;-22.0;46.0;-64.0;-84.0;21;10
7;133;112;-21;1.17352599999958;10;63.0;292;Ceylan & Pascucci (2023);Experiment 2;Orientation;1;3;63.0;41.0;-71.0;-1.0;22;10
7;116;102;-14;1.92322979999972;10;17.0;293;Ceylan & Pascucci (2023);Experiment 2;Orientation;1;3;17.0;80.0;58.0;-54.0;23;10
7;71;73;2;1.17358880000029;10;45.0;294;Ceylan & Pascucci (2023);Experiment 2;Orientation;1;3;45.0;62.0;-55.0;-77.0;24;10
7;64;69;5;1.06532919999972;10;7.0;295;Ceylan & Pascucci (2023);Experiment 2;Orientation;1;3;7.0;52.0;69.0;-48.0;25;10
7;75;70;-5;1.21498880000036;10;-11.0;296;Ceylan & Pascucci (2023);Experiment 2;Orientation;1;3;-11.0;-4.0;41.0;58.0;26;10
7;73;78;5;0.965364800000316;10;2.0;297;Ceylan & Pascucci (2023);Experiment 2;Orientation;1;3;2.0;-9.0;-2.0;43.0;27;10
7;154;108;-46;1.02302120000058;10;-81.0;298;Ceylan & Pascucci (2023);Experiment 2;Orientation;1;3;-81.0;-79.0;90.0;-83.0;28;10
7;72;73;1;1.93980430000011;10;82.0;299;Ceylan & Pascucci (2023);Experiment 2;Orientation;1;3;82.0;1.0;3.0;-8.0;29;10
7;21;34;13;1.87336110000069;10;51.0;300;Ceylan & Pascucci (2023);Experiment 2;Orientation;1;3;51.0;-47.0;52.0;54.0;30;10
8;8;18;10;2.73186150000038;1;;1;Ceylan & Pascucci (2023);Experiment 2;Orientation;1;3;;;;;1;1
8;75;61;-14;2.2231998999996;1;-67.0;2;Ceylan & Pascucci (2023);Experiment 2;Orientation;1;3;;;;;2;1
8;52;56;4;2.34042339999996;1;23.0;3;Ceylan & Pascucci (2023);Experiment 2;Orientation;1;3;;;;;3;1
8;20;81;61;1.62344209999992;1;32.0;4;Ceylan & Pascucci (2023);Experiment 2;Orientation;1;3;;;;;4;1
8;11;14;3;1.14005890000044;1;9.0;5;Ceylan & Pascucci (2023);Experiment 2;Orientation;1;3;9.0;41.0;64.0;-3.0;5;1
8;12;26;14;2.9730129999989;1;-1.0;6;Ceylan & Pascucci (2023);Experiment 2;Orientation;1;3;-1.0;8.0;40.0;63.0;6;1
8;103;107;4;1.96458170000005;1;89.0;7;Ceylan & Pascucci (2023);Experiment 2;Orientation;1;3;89.0;88.0;-83.0;-51.0;7;1
8;67;79;12;2.73117779999848;1;36.0;8;Ceylan & Pascucci (2023);Experiment 2;Orientation;1;3;36.0;-55.0;-56.0;-47.0;8;1
8;79;78;-1;2.07352990000072;1;-12.0;9;Ceylan & Pascucci (2023);Experiment 2;Orientation;1;3;-12.0;24.0;-67.0;-68.0;9;1
8;60;58;-2;1.76458830000047;1;19.0;10;Ceylan & Pascucci (2023);Experiment 2;Orientation;1;3;19.0;7.0;43.0;-48.0;10;1
8;124;130;6;1.50728150000032;1;-64.0;11;Ceylan & Pascucci (2023);Experiment 2;Orientation;1;3;-64.0;-45.0;-57.0;-21.0;11;1
8;46;58;12;2.36459459999969;1;78.0;12;Ceylan & Pascucci (2023);Experiment 2;Orientation;1;3;78.0;14.0;33.0;21.0;12;1
8;138;139;1;1.50622159999875;1;88.0;13;Ceylan & Pascucci (2023);Experiment 2;Orientation;1;3;88.0;-14.0;-78.0;-59.0;13;1
8;75;59;-16;3.04802239999844;1;63.0;14;Ceylan & Pascucci (2023);Experiment 2;Orientation;1;3;63.0;-29.0;49.0;-15.0;14;1
8;6;16;10;1.09872269999869;1;69.0;15;Ceylan & Pascucci (2023);Experiment 2;Orientation;1;3;69.0;-48.0;40.0;-62.0;15;1
8;110;113;3;1.57332109999879;1;76.0;16;Ceylan & Pascucci (2023);Experiment 2;Orientation;1;3;76.0;-35.0;28.0;-64.0;16;1
8;36;42;6;1.74805600000036;1;74.0;17;Ceylan & Pascucci (2023);Experiment 2;Orientation;1;3;74.0;-30.0;39.0;-78.0;17;1
8;55;48;-7;1.75736219999999;1;-19.0;18;Ceylan & Pascucci (2023);Experiment 2;Orientation;1;3;-19.0;55.0;-49.0;20.0;18;1
8;162;155;-7;2.62395180000021;1;73.0;19;Ceylan & Pascucci (2023);Experiment 2;Orientation;1;3;73.0;54.0;-52.0;24.0;19;1
8;137;128;-9;1.38196939999943;1;25.0;20;Ceylan & Pascucci (2023);Experiment 2;Orientation;1;3;25.0;-82.0;79.0;-27.0;20;1
8;67;58;-9;1.36537489999864;1;70.0;21;Ceylan & Pascucci (2023);Experiment 2;Orientation;1;3;70.0;-85.0;-12.0;-31.0;21;1
8;12;27;15;1.94071819999954;1;55.0;22;Ceylan & Pascucci (2023);Experiment 2;Orientation;1;3;55.0;-55.0;-30.0;43.0;22;1
8;137;131;-6;1.46464300000116;1;55.0;23;Ceylan & Pascucci (2023);Experiment 2;Orientation;1;3;55.0;-70.0;0.0;25.0;23;1
8;176;164;-12;2.30687549999857;1;-39.0;24;Ceylan & Pascucci (2023);Experiment 2;Orientation;1;3;-39.0;16.0;71.0;-39.0;24;1
8;159;159;0;0.914885700000013;1;17.0;25;Ceylan & Pascucci (2023);Experiment 2;Orientation;1;3;17.0;-22.0;33.0;88.0;25;1
8;42;43;1;2.04000180000003;1;-63.0;26;Ceylan & Pascucci (2023);Experiment 2;Orientation;1;3;-63.0;-46.0;-85.0;-30.0;26;1
8;70;58;-12;1.78231109999979;1;-28.0;27;Ceylan & Pascucci (2023);Experiment 2;Orientation;1;3;-28.0;89.0;-74.0;67.0;27;1
8;78;68;-10;0.915396400001555;1;-8.0;28;Ceylan & Pascucci (2023);Experiment 2;Orientation;1;3;-8.0;-36.0;81.0;-82.0;28;1
8;49;51;2;1.01545369999985;1;29.0;29;Ceylan & Pascucci (2023);Experiment 2;Orientation;1;3;29.0;21.0;-7.0;-70.0;29;1
8;91;97;6;1.89839159999974;1;-42.0;30;Ceylan & Pascucci (2023);Experiment 2;Orientation;1;3;-42.0;-13.0;-21.0;-49.0;30;1
8;178;162;-16;2.123317399999;2;-87.0;31;Ceylan & Pascucci (2023);Experiment 2;Orientation;1;3;;;;;1;2
8;99;102;3;1.58133430000089;2;79.0;32;Ceylan & Pascucci (2023);Experiment 2;Orientation;1;3;;;;;2;2
8;134;127;-7;0.856772600000113;2;-35.0;33;Ceylan & Pascucci (2023);Experiment 2;Orientation;1;3;;;;;3;2
8;28;23;-5;2.52310249999937;2;-74.0;34;Ceylan & Pascucci (2023);Experiment 2;Orientation;1;3;;;;;4;2
8;163;155;-8;2.14061869999932;2;45.0;35;Ceylan & Pascucci (2023);Experiment 2;Orientation;1;3;45.0;-29.0;-64.0;15.0;5;2
8;148;147;-1;2.14019580000058;2;15.0;36;Ceylan & Pascucci (2023);Experiment 2;Orientation;1;3;15.0;60.0;-14.0;-49.0;6;2
8;72;62;-10;1.18199300000015;2;76.0;37;Ceylan & Pascucci (2023);Experiment 2;Orientation;1;3;76.0;-89.0;-44.0;62.0;7;2
8;157;156;-1;1.32400249999955;2;-85.0;38;Ceylan & Pascucci (2023);Experiment 2;Orientation;1;3;-85.0;-9.0;6.0;51.0;8;2
8;98;104;6;3.68108200000097;2;59.0;39;Ceylan & Pascucci (2023);Experiment 2;Orientation;1;3;59.0;-26.0;50.0;65.0;9;2
8;64;70;6;1.5229932000002;2;34.0;40;Ceylan & Pascucci (2023);Experiment 2;Orientation;1;3;34.0;-87.0;8.0;84.0;10;2
8;45;35;-10;1.52301729999999;2;19.0;41;Ceylan & Pascucci (2023);Experiment 2;Orientation;1;3;19.0;53.0;-68.0;27.0;11;2
8;2;8;6;2.43136080000113;2;43.0;42;Ceylan & Pascucci (2023);Experiment 2;Orientation;1;3;43.0;62.0;-84.0;-25.0;12;2
8;49;29;-20;1.27336490000016;2;-47.0;43;Ceylan & Pascucci (2023);Experiment 2;Orientation;1;3;-47.0;-4.0;15.0;49.0;13;2
8;177;170;-7;1.16570359999969;2;52.0;44;Ceylan & Pascucci (2023);Experiment 2;Orientation;1;3;52.0;5.0;48.0;67.0;14;2
8;132;152;20;0.981720799998584;2;45.0;45;Ceylan & Pascucci (2023);Experiment 2;Orientation;1;3;45.0;-83.0;50.0;-87.0;15;2
8;153;159;6;1.18237100000078;2;-21.0;46;Ceylan & Pascucci (2023);Experiment 2;Orientation;1;3;-21.0;24.0;76.0;29.0;16;2
8;71;78;7;1.16440970000076;2;82.0;47;Ceylan & Pascucci (2023);Experiment 2;Orientation;1;3;82.0;61.0;-74.0;-22.0;17;2
8;96;95;-1;3.08123599999999;2;-25.0;48;Ceylan & Pascucci (2023);Experiment 2;Orientation;1;3;-25.0;57.0;36.0;81.0;18;2
8;91;90;-1;2.76553779999995;2;5.0;49;Ceylan & Pascucci (2023);Experiment 2;Orientation;1;3;5.0;-20.0;62.0;41.0;19;2
8;155;154;-1;1.29907129999992;2;-64.0;50;Ceylan & Pascucci (2023);Experiment 2;Orientation;1;3;-64.0;-59.0;-84.0;-2.0;20;2
8;173;143;-30;1.31466929999988;2;-18.0;51;Ceylan & Pascucci (2023);Experiment 2;Orientation;1;3;-18.0;-82.0;-77.0;78.0;21;2
8;52;48;-4;1.21574789999977;2;-59.0;52;Ceylan & Pascucci (2023);Experiment 2;Orientation;1;3;-59.0;-77.0;39.0;44.0;22;2
8;152;149;-3;1.47346520000065;2;80.0;53;Ceylan & Pascucci (2023);Experiment 2;Orientation;1;3;80.0;21.0;3.0;-61.0;23;2
8;43;49;6;1.20726269999977;2;-71.0;54;Ceylan & Pascucci (2023);Experiment 2;Orientation;1;3;-71.0;9.0;-50.0;-68.0;24;2
8;48;45;-3;2.71463939999921;2;-5.0;55;Ceylan & Pascucci (2023);Experiment 2;Orientation;1;3;-5.0;-76.0;4.0;-55.0;25;2
8;141;134;-7;1.46468900000036;2;87.0;56;Ceylan & Pascucci (2023);Experiment 2;Orientation;1;3;87.0;82.0;11.0;-89.0;26;2
8;154;147;-7;0.973831999999675;2;-13.0;57;Ceylan & Pascucci (2023);Experiment 2;Orientation;1;3;-13.0;74.0;69.0;-2.0;27;2
8;68;74;6;0.957477599999038;2;86.0;58;Ceylan & Pascucci (2023);Experiment 2;Orientation;1;3;86.0;73.0;-20.0;-25.0;28;2
8;168;159;-9;2.08946090000063;2;80.0;59;Ceylan & Pascucci (2023);Experiment 2;Orientation;1;3;80.0;-14.0;-27.0;60.0;29;2
8;34;33;-1;1.62284589999945;2;-46.0;60;Ceylan & Pascucci (2023);Experiment 2;Orientation;1;3;-46.0;34.0;-60.0;-73.0;30;2
8;79;75;-4;1.28254440000092;3;-45.0;61;Ceylan & Pascucci (2023);Experiment 2;Orientation;1;3;;;;;1;3
8;155;152;-3;1.25702399999864;3;-76.0;62;Ceylan & Pascucci (2023);Experiment 2;Orientation;1;3;;;;;2;3
8;143;151;8;1.273641400001;3;12.0;63;Ceylan & Pascucci (2023);Experiment 2;Orientation;1;3;;;;;3;3
8;126;138;12;1.34007159999965;3;17.0;64;Ceylan & Pascucci (2023);Experiment 2;Orientation;1;3;;;;;4;3
8;135;135;0;1.27375779999966;3;-9.0;65;Ceylan & Pascucci (2023);Experiment 2;Orientation;1;3;-9.0;8.0;20.0;-56.0;5;3
8;49;49;0;1.17408710000018;3;86.0;66;Ceylan & Pascucci (2023);Experiment 2;Orientation;1;3;86.0;77.0;-86.0;-74.0;6;3
8;74;73;-1;1.41473530000076;3;-25.0;67;Ceylan & Pascucci (2023);Experiment 2;Orientation;1;3;-25.0;61.0;52.0;69.0;7;3
8;143;148;5;2.83971890000066;3;-69.0;68;Ceylan & Pascucci (2023);Experiment 2;Orientation;1;3;-69.0;86.0;-8.0;-17.0;8;3
8;169;163;-6;2.33980730000076;3;-26.0;69;Ceylan & Pascucci (2023);Experiment 2;Orientation;1;3;-26.0;85.0;60.0;-34.0;9;3
8;75;60;-15;1.39042590000099;3;-86.0;70;Ceylan & Pascucci (2023);Experiment 2;Orientation;1;3;-86.0;68.0;-1.0;-26.0;10;3
8;33;28;-5;1.07400410000082;3;42.0;71;Ceylan & Pascucci (2023);Experiment 2;Orientation;1;3;42.0;-44.0;-70.0;41.0;11;3
8;103;119;16;0.940449600000647;3;-70.0;72;Ceylan & Pascucci (2023);Experiment 2;Orientation;1;3;-70.0;-28.0;66.0;40.0;12;3
8;135;127;-8;0.764700699999594;3;-32.0;73;Ceylan & Pascucci (2023);Experiment 2;Orientation;1;3;-32.0;78.0;-60.0;34.0;13;3
8;130;128;-2;0.956423699999505;3;5.0;74;Ceylan & Pascucci (2023);Experiment 2;Orientation;1;3;5.0;-27.0;83.0;-55.0;14;3
8;37;30;-7;1.88986800000021;3;-87.0;75;Ceylan & Pascucci (2023);Experiment 2;Orientation;1;3;-87.0;-82.0;66.0;-4.0;15;3
8;56;44;-12;0.981712300001163;3;-19.0;76;Ceylan & Pascucci (2023);Experiment 2;Orientation;1;3;-19.0;74.0;79.0;47.0;16;3
8;20;37;17;2.582163699999;3;36.0;77;Ceylan & Pascucci (2023);Experiment 2;Orientation;1;3;36.0;17.0;-70.0;-65.0;17;3
8;131;143;12;1.05632119999973;3;69.0;78;Ceylan & Pascucci (2023);Experiment 2;Orientation;1;3;69.0;-75.0;86.0;-1.0;18;3
8;175;156;-19;0.94046150000031;3;-44.0;79;Ceylan & Pascucci (2023);Experiment 2;Orientation;1;3;-44.0;25.0;61.0;42.0;19;3
8;93;103;10;0.682064399999945;3;82.0;80;Ceylan & Pascucci (2023);Experiment 2;Orientation;1;3;82.0;38.0;-73.0;-37.0;20;3
8;5;12;7;1.7156141000014;3;88.0;81;Ceylan & Pascucci (2023);Experiment 2;Orientation;1;3;88.0;-10.0;-54.0;15.0;21;3
8;88;77;-11;1.59845599999971;3;-83.0;82;Ceylan & Pascucci (2023);Experiment 2;Orientation;1;3;-83.0;5.0;87.0;43.0;22;3
8;171;156;-15;2.03170909999972;3;-83.0;83;Ceylan & Pascucci (2023);Experiment 2;Orientation;1;3;-83.0;14.0;-78.0;4.0;23;3
8;102;93;-9;2.1229758999998;3;69.0;84;Ceylan & Pascucci (2023);Experiment 2;Orientation;1;3;69.0;-14.0;83.0;-9.0;24;3
8;99;101;2;1.53176079999866;3;3.0;85;Ceylan & Pascucci (2023);Experiment 2;Orientation;1;3;3.0;72.0;-11.0;86.0;25;3
8;110;107;-3;1.72337150000021;3;-11.0;86;Ceylan & Pascucci (2023);Experiment 2;Orientation;1;3;-11.0;-8.0;61.0;-22.0;26;3
8;7;27;20;2.17303580000043;3;-77.0;87;Ceylan & Pascucci (2023);Experiment 2;Orientation;1;3;-77.0;-88.0;-85.0;-16.0;27;3
8;25;24;-1;2.8232734000012;3;-18.0;88;Ceylan & Pascucci (2023);Experiment 2;Orientation;1;3;-18.0;85.0;74.0;77.0;28;3
8;139;113;-26;1.28207010000006;3;66.0;89;Ceylan & Pascucci (2023);Experiment 2;Orientation;1;3;66.0;48.0;-29.0;-40.0;29;3
8;94;103;9;0.973535400000401;3;45.0;90;Ceylan & Pascucci (2023);Experiment 2;Orientation;1;3;45.0;-69.0;-87.0;16.0;30;3
8;166;155;-11;0.674023099998522;4;-72.0;91;Ceylan & Pascucci (2023);Experiment 2;Orientation;1;3;;;;;1;4
8;158;146;-12;1.2405404000001;4;8.0;92;Ceylan & Pascucci (2023);Experiment 2;Orientation;1;3;;;;;2;4
8;23;28;5;1.14790360000006;4;-45.0;93;Ceylan & Pascucci (2023);Experiment 2;Orientation;1;3;;;;;3;4
8;17;24;7;1.13201099999969;4;6.0;94;Ceylan & Pascucci (2023);Experiment 2;Orientation;1;3;;;;;4;4
8;135;132;-3;1.45688789999986;4;62.0;95;Ceylan & Pascucci (2023);Experiment 2;Orientation;1;3;62.0;68.0;23.0;31.0;5;4
8;99;113;14;0.632069299999785;4;36.0;96;Ceylan & Pascucci (2023);Experiment 2;Orientation;1;3;36.0;-82.0;-76.0;59.0;6;4
8;56;61;5;1.27366159999838;4;43.0;97;Ceylan & Pascucci (2023);Experiment 2;Orientation;1;3;43.0;79.0;-39.0;-33.0;7;4
8;124;121;-3;1.62394820000009;4;-68.0;98;Ceylan & Pascucci (2023);Experiment 2;Orientation;1;3;-68.0;-25.0;11.0;73.0;8;4
8;109;117;8;1.78170669999963;4;15.0;99;Ceylan & Pascucci (2023);Experiment 2;Orientation;1;3;15.0;-53.0;-10.0;26.0;9;4
8;53;56;3;0.965254100001403;4;56.0;100;Ceylan & Pascucci (2023);Experiment 2;Orientation;1;3;56.0;71.0;3.0;46.0;10;4
8;77;61;-16;3.21554099999958;4;-24.0;101;Ceylan & Pascucci (2023);Experiment 2;Orientation;1;3;-24.0;32.0;47.0;-21.0;11;4
8;90;78;-12;1.42306970000027;4;-13.0;102;Ceylan & Pascucci (2023);Experiment 2;Orientation;1;3;-13.0;-37.0;19.0;34.0;12;4
8;113;106;-7;2.1237813000007;4;-23.0;103;Ceylan & Pascucci (2023);Experiment 2;Orientation;1;3;-23.0;-36.0;-60.0;-4.0;13;4
8;139;146;7;2.18160089999947;4;-26.0;104;Ceylan & Pascucci (2023);Experiment 2;Orientation;1;3;-26.0;-49.0;-62.0;-86.0;14;4
8;45;43;-2;1.6566813999998;4;-86.0;105;Ceylan & Pascucci (2023);Experiment 2;Orientation;1;3;-86.0;68.0;45.0;32.0;15;4
8;22;19;-3;1.3236280000001;4;23.0;106;Ceylan & Pascucci (2023);Experiment 2;Orientation;1;3;23.0;-63.0;-89.0;68.0;16;4
8;100;117;17;0.89839099999881;4;-78.0;107;Ceylan & Pascucci (2023);Experiment 2;Orientation;1;3;-78.0;-55.0;39.0;13.0;17;4
8;44;43;-1;1.10639949999859;4;56.0;108;Ceylan & Pascucci (2023);Experiment 2;Orientation;1;3;56.0;-22.0;1.0;-85.0;18;4
8;167;147;-20;1.45641239999895;4;57.0;109;Ceylan & Pascucci (2023);Experiment 2;Orientation;1;3;57.0;-67.0;35.0;58.0;19;4
8;177;157;-20;1.6153663999994;4;-10.0;110;Ceylan & Pascucci (2023);Experiment 2;Orientation;1;3;-10.0;47.0;-77.0;25.0;20;4
8;74;60;-14;1.68138120000003;4;-77.0;111;Ceylan & Pascucci (2023);Experiment 2;Orientation;1;3;-77.0;-87.0;-30.0;26.0;21;4
8;18;18;0;1.34034799999972;4;56.0;112;Ceylan & Pascucci (2023);Experiment 2;Orientation;1;3;56.0;-21.0;-31.0;26.0;22;4
8;109;109;0;1.56423950000135;4;89.0;113;Ceylan & Pascucci (2023);Experiment 2;Orientation;1;3;89.0;-35.0;68.0;58.0;23;4
8;7;13;6;1.85688130000017;4;-78.0;114;Ceylan & Pascucci (2023);Experiment 2;Orientation;1;3;-78.0;11.0;67.0;-10.0;24;4
8;20;24;4;1.65619949999927;4;-13.0;115;Ceylan & Pascucci (2023);Experiment 2;Orientation;1;3;-13.0;89.0;-2.0;54.0;25;4
8;155;143;-12;1.24067480000122;4;45.0;116;Ceylan & Pascucci (2023);Experiment 2;Orientation;1;3;45.0;32.0;-46.0;43.0;26;4
8;110;110;0;1.18132420000074;4;45.0;117;Ceylan & Pascucci (2023);Experiment 2;Orientation;1;3;45.0;90.0;77.0;-1.0;27;4
8;66;61;-5;0.907309299998815;4;44.0;118;Ceylan & Pascucci (2023);Experiment 2;Orientation;1;3;44.0;89.0;-46.0;-59.0;28;4
8;158;144;-14;1.06474239999989;4;88.0;119;Ceylan & Pascucci (2023);Experiment 2;Orientation;1;3;88.0;-48.0;-3.0;42.0;29;4
8;167;148;-19;1.33225779999884;4;-9.0;120;Ceylan & Pascucci (2023);Experiment 2;Orientation;1;3;-9.0;79.0;-57.0;-12.0;30;4
8;179;176;-3;1.71509159999914;5;-12.0;121;Ceylan & Pascucci (2023);Experiment 2;Orientation;1;3;;;;;1;5
8;36;27;-9;0.890816099999938;5;-37.0;122;Ceylan & Pascucci (2023);Experiment 2;Orientation;1;3;;;;;2;5
8;68;45;-23;1.22331280000071;5;-32.0;123;Ceylan & Pascucci (2023);Experiment 2;Orientation;1;3;;;;;3;5
8;17;16;-1;0.982125999998971;5;51.0;124;Ceylan & Pascucci (2023);Experiment 2;Orientation;1;3;;;;;4;5
8;175;163;-12;0.739834500000143;5;22.0;125;Ceylan & Pascucci (2023);Experiment 2;Orientation;1;3;22.0;73.0;41.0;4.0;5;5
8;60;65;5;2.00630159999855;5;-65.0;126;Ceylan & Pascucci (2023);Experiment 2;Orientation;1;3;-65.0;-43.0;8.0;-24.0;6;5
8;22;29;7;1.22381719999976;5;38.0;127;Ceylan & Pascucci (2023);Experiment 2;Orientation;1;3;38.0;-27.0;-5.0;46.0;7;5
8;108;105;-3;1.05642900000021;5;-86.0;128;Ceylan & Pascucci (2023);Experiment 2;Orientation;1;3;-86.0;-48.0;67.0;89.0;8;5
8;81;66;-15;0.990355300000374;5;27.0;129;Ceylan & Pascucci (2023);Experiment 2;Orientation;1;3;27.0;-59.0;-21.0;-86.0;9;5
8;99;73;-26;0.598417300001529;5;-18.0;130;Ceylan & Pascucci (2023);Experiment 2;Orientation;1;3;-18.0;9.0;-77.0;-39.0;10;5
8;118;113;-5;0.857463700000153;5;-19.0;131;Ceylan & Pascucci (2023);Experiment 2;Orientation;1;3;-19.0;-37.0;-10.0;84.0;11;5
8;13;28;15;1.53175650000048;5;-75.0;132;Ceylan & Pascucci (2023);Experiment 2;Orientation;1;3;-75.0;86.0;68.0;-85.0;12;5
8;117;120;3;1.69061640000109;5;76.0;133;Ceylan & Pascucci (2023);Experiment 2;Orientation;1;3;76.0;1.0;-18.0;-36.0;13;5
8;25;22;-3;2.3068346;5;-88.0;134;Ceylan & Pascucci (2023);Experiment 2;Orientation;1;3;-88.0;-12.0;-87.0;74.0;14;5
8;148;155;7;1.53241370000069;5;57.0;135;Ceylan & Pascucci (2023);Experiment 2;Orientation;1;3;57.0;-31.0;45.0;-30.0;15;5
8;157;153;-4;1.33127110000169;5;-9.0;136;Ceylan & Pascucci (2023);Experiment 2;Orientation;1;3;-9.0;48.0;-40.0;36.0;16;5
8;19;24;5;1.65668249999908;5;-42.0;137;Ceylan & Pascucci (2023);Experiment 2;Orientation;1;3;-42.0;-51.0;6.0;-82.0;17;5
8;75;63;-12;0.665618900000482;5;-56.0;138;Ceylan & Pascucci (2023);Experiment 2;Orientation;1;3;-56.0;82.0;73.0;-50.0;18;5
8;29;28;-1;1.40725839999868;5;46.0;139;Ceylan & Pascucci (2023);Experiment 2;Orientation;1;3;46.0;-10.0;-52.0;-61.0;19;5
8;67;71;4;0.715265099999669;5;-38.0;140;Ceylan & Pascucci (2023);Experiment 2;Orientation;1;3;-38.0;8.0;-48.0;90.0;20;5
8;101;116;15;1.42298780000056;5;-34.0;141;Ceylan & Pascucci (2023);Experiment 2;Orientation;1;3;-34.0;-72.0;-26.0;-82.0;21;5
8;33;40;7;0.765382899999167;5;68.0;142;Ceylan & Pascucci (2023);Experiment 2;Orientation;1;3;68.0;34.0;-4.0;42.0;22;5
8;109;119;10;1.95669879999878;5;-76.0;143;Ceylan & Pascucci (2023);Experiment 2;Orientation;1;3;-76.0;-8.0;-42.0;-80.0;23;5
8;54;59;5;1.90631679999933;5;55.0;144;Ceylan & Pascucci (2023);Experiment 2;Orientation;1;3;55.0;-21.0;47.0;13.0;24;5
8;67;57;-10;1.38189000000057;5;-13.0;145;Ceylan & Pascucci (2023);Experiment 2;Orientation;1;3;-13.0;42.0;-34.0;34.0;25;5
8;102;102;0;1.6061895999992;5;-35.0;146;Ceylan & Pascucci (2023);Experiment 2;Orientation;1;3;-35.0;-48.0;7.0;-69.0;26;5
8;106;109;3;0.806407399999443;5;-4.0;147;Ceylan & Pascucci (2023);Experiment 2;Orientation;1;3;-4.0;-39.0;-52.0;3.0;27;5
8;132;129;-3;1.28141700000015;5;-26.0;148;Ceylan & Pascucci (2023);Experiment 2;Orientation;1;3;-26.0;-30.0;-65.0;-78.0;28;5
8;9;25;16;1.68984869999986;5;-57.0;149;Ceylan & Pascucci (2023);Experiment 2;Orientation;1;3;-57.0;-83.0;-87.0;58.0;29;5
8;6;7;1;1.48165510000035;5;3.0;150;Ceylan & Pascucci (2023);Experiment 2;Orientation;1;3;3.0;-54.0;-80.0;-84.0;30;5
8;72;70;-2;1.7061104000004;6;-66.0;151;Ceylan & Pascucci (2023);Experiment 2;Orientation;1;3;;;;;1;6
8;13;21;8;1.36463609999919;6;59.0;152;Ceylan & Pascucci (2023);Experiment 2;Orientation;1;3;;;;;2;6
8;38;34;-4;1.18129509999926;6;-25.0;153;Ceylan & Pascucci (2023);Experiment 2;Orientation;1;3;;;;;3;6
8;63;62;-1;0.740574199999173;6;-25.0;154;Ceylan & Pascucci (2023);Experiment 2;Orientation;1;3;;;;;4;6
8;58;55;-3;0.99071929999991;6;5.0;155;Ceylan & Pascucci (2023);Experiment 2;Orientation;1;3;5.0;-20.0;-45.0;14.0;5;6
8;178;162;-16;1.51502880000044;6;60.0;156;Ceylan & Pascucci (2023);Experiment 2;Orientation;1;3;60.0;65.0;40.0;15.0;6;6
8;54;52;-2;2.16496519999964;6;-56.0;157;Ceylan & Pascucci (2023);Experiment 2;Orientation;1;3;-56.0;4.0;9.0;-16.0;7;6
8;132;132;0;1.61502400000063;6;-78.0;158;Ceylan & Pascucci (2023);Experiment 2;Orientation;1;3;-78.0;46.0;-74.0;-69.0;8;6
8;170;148;-22;1.35600049999994;6;-38.0;159;Ceylan & Pascucci (2023);Experiment 2;Orientation;1;3;-38.0;64.0;8.0;68.0;9;6
8;149;145;-4;1.10729759999958;6;21.0;160;Ceylan & Pascucci (2023);Experiment 2;Orientation;1;3;21.0;-17.0;85.0;29.0;10;6
8;106;111;5;1.84063009999954;6;43.0;161;Ceylan & Pascucci (2023);Experiment 2;Orientation;1;3;43.0;64.0;26.0;-52.0;11;6
8;32;26;-6;1.30737389999922;6;74.0;162;Ceylan & Pascucci (2023);Experiment 2;Orientation;1;3;74.0;-63.0;-42.0;-80.0;12;6
8;174;160;-14;1.1736834000003;6;38.0;163;Ceylan & Pascucci (2023);Experiment 2;Orientation;1;3;38.0;-68.0;-25.0;-4.0;13;6
8;149;144;-5;1.32353590000093;6;25.0;164;Ceylan & Pascucci (2023);Experiment 2;Orientation;1;3;25.0;63.0;-43.0;0.0;14;6
8;153;154;1;1.34010039999885;6;-4.0;165;Ceylan & Pascucci (2023);Experiment 2;Orientation;1;3;-4.0;21.0;59.0;-47.0;15;6
8;74;63;-11;1.40777640000124;6;79.0;166;Ceylan & Pascucci (2023);Experiment 2;Orientation;1;3;79.0;75.0;-80.0;-42.0;16;6
8;79;65;-14;1.11463449999974;6;-5.0;167;Ceylan & Pascucci (2023);Experiment 2;Orientation;1;3;-5.0;74.0;70.0;-85.0;17;6
8;45;49;4;0.698606900001323;6;34.0;168;Ceylan & Pascucci (2023);Experiment 2;Orientation;1;3;34.0;29.0;-72.0;-76.0;18;6
8;61;53;-8;1.18225919999895;6;-16.0;169;Ceylan & Pascucci (2023);Experiment 2;Orientation;1;3;-16.0;18.0;13.0;-88.0;19;6
8;43;45;2;1.4068428999999;6;18.0;170;Ceylan & Pascucci (2023);Experiment 2;Orientation;1;3;18.0;2.0;36.0;31.0;20;6
8;169;147;-22;0.923709999999119;6;54.0;171;Ceylan & Pascucci (2023);Experiment 2;Orientation;1;3;54.0;72.0;56.0;90.0;21;6
8;61;48;-13;1.4396586999992;6;-72.0;172;Ceylan & Pascucci (2023);Experiment 2;Orientation;1;3;-72.0;-18.0;0.0;-16.0;22;6
8;169;159;-10;0.814828500000658;6;72.0;173;Ceylan & Pascucci (2023);Experiment 2;Orientation;1;3;72.0;0.0;54.0;72.0;23;6
8;134;131;-3;1.48977799999921;6;35.0;174;Ceylan & Pascucci (2023);Experiment 2;Orientation;1;3;35.0;-73.0;35.0;89.0;24;6
8;129;134;5;1.04901199999949;6;5.0;175;Ceylan & Pascucci (2023);Experiment 2;Orientation;1;3;5.0;40.0;-68.0;40.0;25;6
8;155;160;5;1.74891840000055;6;-26.0;176;Ceylan & Pascucci (2023);Experiment 2;Orientation;1;3;-26.0;-21.0;14.0;86.0;26;6
8;169;158;-11;1.39041600000019;6;-14.0;177;Ceylan & Pascucci (2023);Experiment 2;Orientation;1;3;-14.0;-40.0;-35.0;0.0;27;6
8;16;26;10;1.03960929999994;6;-27.0;178;Ceylan & Pascucci (2023);Experiment 2;Orientation;1;3;-27.0;-41.0;-67.0;-62.0;28;6
8;89;66;-23;1.81465860000026;6;-73.0;179;Ceylan & Pascucci (2023);Experiment 2;Orientation;1;3;-73.0;80.0;66.0;40.0;29;6
8;90;80;-10;1.75624330000028;6;-1.0;180;Ceylan & Pascucci (2023);Experiment 2;Orientation;1;3;-1.0;-74.0;79.0;65.0;30;6
8;102;98;-4;1.53126579999844;7;-12.0;181;Ceylan & Pascucci (2023);Experiment 2;Orientation;1;3;;;;;1;7
8;165;158;-7;0.914713300000585;7;-63.0;182;Ceylan & Pascucci (2023);Experiment 2;Orientation;1;3;;;;;2;7
8;49;55;6;0.824049699998795;7;-64.0;183;Ceylan & Pascucci (2023);Experiment 2;Orientation;1;3;;;;;3;7
8;74;64;-10;0.723830599999928;7;-25.0;184;Ceylan & Pascucci (2023);Experiment 2;Orientation;1;3;;;;;4;7
8;109;112;3;1.19870690000062;7;-35.0;185;Ceylan & Pascucci (2023);Experiment 2;Orientation;1;3;-35.0;-60.0;56.0;-7.0;5;7
8;25;35;10;1.36523309999939;7;84.0;186;Ceylan & Pascucci (2023);Experiment 2;Orientation;1;3;84.0;49.0;24.0;-40.0;6;7
8;1;13;12;1.33185609999964;7;24.0;187;Ceylan & Pascucci (2023);Experiment 2;Orientation;1;3;24.0;-72.0;73.0;48.0;7;7
8;178;174;-4;1.73947380000027;7;3.0;188;Ceylan & Pascucci (2023);Experiment 2;Orientation;1;3;3.0;27.0;-69.0;76.0;8;7
8;123;129;6;1.24061959999926;7;55.0;189;Ceylan & Pascucci (2023);Experiment 2;Orientation;1;3;55.0;58.0;82.0;-14.0;9;7
8;87;83;-4;0.657338600000003;7;36.0;190;Ceylan & Pascucci (2023);Experiment 2;Orientation;1;3;36.0;-89.0;-86.0;-62.0;10;7
8;167;163;-4;1.34839380000085;7;-80.0;191;Ceylan & Pascucci (2023);Experiment 2;Orientation;1;3;-80.0;-44.0;11.0;14.0;11;7
8;115;106;-9;1.62343460000011;7;52.0;192;Ceylan & Pascucci (2023);Experiment 2;Orientation;1;3;52.0;-28.0;8.0;63.0;12;7
8;163;161;-2;1.17341380000107;7;-48.0;193;Ceylan & Pascucci (2023);Experiment 2;Orientation;1;3;-48.0;4.0;-76.0;-40.0;13;7
8;39;37;-2;1.40632559999904;7;-56.0;194;Ceylan & Pascucci (2023);Experiment 2;Orientation;1;3;-56.0;76.0;-52.0;48.0;14;7
8;124;110;-14;0.873500400000921;7;-85.0;195;Ceylan & Pascucci (2023);Experiment 2;Orientation;1;3;-85.0;39.0;-9.0;43.0;15;7
8;119;113;-6;1.14792660000057;7;5.0;196;Ceylan & Pascucci (2023);Experiment 2;Orientation;1;3;5.0;-80.0;44.0;-4.0;16;7
8;152;147;-5;2.28133179999895;7;-33.0;197;Ceylan & Pascucci (2023);Experiment 2;Orientation;1;3;-33.0;-28.0;67.0;11.0;17;7
8;91;94;3;1.41559120000056;7;61.0;198;Ceylan & Pascucci (2023);Experiment 2;Orientation;1;3;61.0;28.0;33.0;-52.0;18;7
8;118;113;-5;2.0650231999989;7;-27.0;199;Ceylan & Pascucci (2023);Experiment 2;Orientation;1;3;-27.0;34.0;1.0;6.0;19;7
8;69;71;2;1.53166569999848;7;49.0;200;Ceylan & Pascucci (2023);Experiment 2;Orientation;1;3;49.0;22.0;83.0;50.0;20;7
8;21;12;-9;1.64855949999946;7;48.0;201;Ceylan & Pascucci (2023);Experiment 2;Orientation;1;3;48.0;-83.0;70.0;-49.0;21;7
8;81;61;-20;2.25623019999875;7;-60.0;202;Ceylan & Pascucci (2023);Experiment 2;Orientation;1;3;-60.0;-12.0;37.0;10.0;22;7
8;53;33;-20;0.923673600000257;7;28.0;203;Ceylan & Pascucci (2023);Experiment 2;Orientation;1;3;28.0;-32.0;16.0;65.0;23;7
8;60;55;-5;0.906901799999105;7;-7.0;204;Ceylan & Pascucci (2023);Experiment 2;Orientation;1;3;-7.0;21.0;-39.0;9.0;24;7
8;103;110;7;1.26504589999968;7;-43.0;205;Ceylan & Pascucci (2023);Experiment 2;Orientation;1;3;-43.0;-50.0;-22.0;-82.0;25;7
8;44;29;-15;1.93140549999953;7;59.0;206;Ceylan & Pascucci (2023);Experiment 2;Orientation;1;3;59.0;16.0;9.0;37.0;26;7
8;166;154;-12;1.07292710000002;7;58.0;207;Ceylan & Pascucci (2023);Experiment 2;Orientation;1;3;58.0;-63.0;74.0;67.0;27;7
8;107;114;7;1.02345950000017;7;59.0;208;Ceylan & Pascucci (2023);Experiment 2;Orientation;1;3;59.0;-63.0;-4.0;-47.0;28;7
8;143;145;2;1.18936949999988;7;-36.0;209;Ceylan & Pascucci (2023);Experiment 2;Orientation;1;3;-36.0;23.0;81.0;-40.0;29;7
8;98;109;11;1.03178540000044;7;45.0;210;Ceylan & Pascucci (2023);Experiment 2;Orientation;1;3;45.0;9.0;68.0;-54.0;30;7
8;15;19;4;1.41498049999973;8;83.0;211;Ceylan & Pascucci (2023);Experiment 2;Orientation;1;3;;;;;1;8
8;21;20;-1;1.28981249999924;8;-6.0;212;Ceylan & Pascucci (2023);Experiment 2;Orientation;1;3;;;;;2;8
8;180;168;-12;1.18958009999915;8;21.0;213;Ceylan & Pascucci (2023);Experiment 2;Orientation;1;3;;;;;3;8
8;111;128;17;1.20660239999961;8;69.0;214;Ceylan & Pascucci (2023);Experiment 2;Orientation;1;3;;;;;4;8
8;147;138;-9;1.40637779999997;8;-36.0;215;Ceylan & Pascucci (2023);Experiment 2;Orientation;1;3;-36.0;33.0;54.0;48.0;5;8
8;145;140;-5;1.2233354;8;2.0;216;Ceylan & Pascucci (2023);Experiment 2;Orientation;1;3;2.0;-34.0;35.0;56.0;6;8
8;124;118;-6;1.19899579999947;8;21.0;217;Ceylan & Pascucci (2023);Experiment 2;Orientation;1;3;21.0;23.0;-13.0;56.0;7;8
8;147;147;0;1.33184720000099;8;-23.0;218;Ceylan & Pascucci (2023);Experiment 2;Orientation;1;3;-23.0;-2.0;0.0;-36.0;8;8
8;167;122;-45;1.25696119999884;8;-20.0;219;Ceylan & Pascucci (2023);Experiment 2;Orientation;1;3;-20.0;-43.0;-22.0;-20.0;9;8
8;88;82;-6;2.48116119999941;8;79.0;220;Ceylan & Pascucci (2023);Experiment 2;Orientation;1;3;79.0;59.0;36.0;57.0;10;8
8;32;17;-15;1.45658739999999;8;56.0;221;Ceylan & Pascucci (2023);Experiment 2;Orientation;1;3;56.0;-45.0;-65.0;-88.0;11;8
8;28;28;0;2.19050380000044;8;4.0;222;Ceylan & Pascucci (2023);Experiment 2;Orientation;1;3;4.0;60.0;-41.0;-61.0;12;8
8;108;109;1;1.58170900000005;8;-80.0;223;Ceylan & Pascucci (2023);Experiment 2;Orientation;1;3;-80.0;-76.0;-20.0;59.0;13;8
8;74;74;0;0.957463799999459;8;34.0;224;Ceylan & Pascucci (2023);Experiment 2;Orientation;1;3;34.0;-46.0;-42.0;14.0;14;8
8;97;103;6;1.48969989999932;8;-23.0;225;Ceylan & Pascucci (2023);Experiment 2;Orientation;1;3;-23.0;11.0;-69.0;-65.0;15;8
8;41;28;-13;1.2150933999983;8;56.0;226;Ceylan & Pascucci (2023);Experiment 2;Orientation;1;3;56.0;33.0;67.0;-13.0;16;8
8;94;95;1;2.85708859999977;8;-53.0;227;Ceylan & Pascucci (2023);Experiment 2;Orientation;1;3;-53.0;3.0;-20.0;14.0;17;8
8;137;140;3;1.11526129999947;8;-43.0;228;Ceylan & Pascucci (2023);Experiment 2;Orientation;1;3;-43.0;84.0;-40.0;-63.0;18;8
8;145;141;-4;0.914888700001029;8;-8.0;229;Ceylan & Pascucci (2023);Experiment 2;Orientation;1;3;-8.0;-51.0;76.0;-48.0;19;8
8;145;149;4;1.70669850000013;8;0.0;230;Ceylan & Pascucci (2023);Experiment 2;Orientation;1;3;0.0;-8.0;-51.0;76.0;20;8
8;164;155;-9;1.30637790000037;8;-19.0;231;Ceylan & Pascucci (2023);Experiment 2;Orientation;1;3;-19.0;-19.0;-27.0;-70.0;21;8
8;164;158;-6;3.03111360000003;8;0.0;232;Ceylan & Pascucci (2023);Experiment 2;Orientation;1;3;0.0;-19.0;-19.0;-27.0;22;8
8;13;11;-2;1.38202459999957;8;-29.0;233;Ceylan & Pascucci (2023);Experiment 2;Orientation;1;3;-29.0;-29.0;-48.0;-48.0;23;8
8;17;33;16;0.598554500000319;8;-4.0;234;Ceylan & Pascucci (2023);Experiment 2;Orientation;1;3;-4.0;-33.0;-33.0;-52.0;24;8
8;141;144;3;1.53169370000069;8;56.0;235;Ceylan & Pascucci (2023);Experiment 2;Orientation;1;3;56.0;52.0;23.0;23.0;25;8
8;108;108;0;1.53233829999954;8;33.0;236;Ceylan & Pascucci (2023);Experiment 2;Orientation;1;3;33.0;89.0;85.0;56.0;26;8
8;15;27;12;2.64841429999979;8;-87.0;237;Ceylan & Pascucci (2023);Experiment 2;Orientation;1;3;-87.0;-54.0;2.0;-2.0;27;8
8;35;44;9;1.58970059999956;8;-20.0;238;Ceylan & Pascucci (2023);Experiment 2;Orientation;1;3;-20.0;73.0;-74.0;-18.0;28;8
8;4;175;-9;2.00696400000015;8;31.0;239;Ceylan & Pascucci (2023);Experiment 2;Orientation;1;3;31.0;11.0;-76.0;-43.0;29;8
8;41;40;-1;1.10597129999951;8;-37.0;240;Ceylan & Pascucci (2023);Experiment 2;Orientation;1;3;-37.0;-6.0;-26.0;67.0;30;8
8;165;158;-7;1.42376069999955;9;56.0;241;Ceylan & Pascucci (2023);Experiment 2;Orientation;1;3;;;;;1;9
8;161;155;-6;1.80629009999939;9;4.0;242;Ceylan & Pascucci (2023);Experiment 2;Orientation;1;3;;;;;2;9
8;8;14;6;0.849196700000903;9;-27.0;243;Ceylan & Pascucci (2023);Experiment 2;Orientation;1;3;;;;;3;9
8;37;25;-12;1.25717450000047;9;-29.0;244;Ceylan & Pascucci (2023);Experiment 2;Orientation;1;3;;;;;4;9
8;1;175;-6;2.09793020000143;9;36.0;245;Ceylan & Pascucci (2023);Experiment 2;Orientation;1;3;36.0;7.0;-20.0;-16.0;5;9
8;97;109;12;1.15687219999927;9;84.0;246;Ceylan & Pascucci (2023);Experiment 2;Orientation;1;3;84.0;-60.0;-89.0;64.0;6;9
8;73;70;-3;1.77340009999898;9;24.0;247;Ceylan & Pascucci (2023);Experiment 2;Orientation;1;3;24.0;-72.0;-36.0;-65.0;7;9
8;65;64;-1;2.08160169999974;9;8.0;248;Ceylan & Pascucci (2023);Experiment 2;Orientation;1;3;8.0;32.0;-64.0;-28.0;8;9
8;47;47;0;1.24033990000135;9;18.0;249;Ceylan & Pascucci (2023);Experiment 2;Orientation;1;3;18.0;26.0;50.0;-46.0;9;9
8;42;40;-2;0.748036799999682;9;5.0;250;Ceylan & Pascucci (2023);Experiment 2;Orientation;1;3;5.0;23.0;31.0;55.0;10;9
8;94;110;16;1.46522799999912;9;-52.0;251;Ceylan & Pascucci (2023);Experiment 2;Orientation;1;3;-52.0;-47.0;-29.0;-21.0;11;9
8;68;53;-15;1.25659059999998;9;26.0;252;Ceylan & Pascucci (2023);Experiment 2;Orientation;1;3;26.0;-26.0;-21.0;-3.0;12;9
8;1;161;-20;1.28940109999894;9;67.0;253;Ceylan & Pascucci (2023);Experiment 2;Orientation;1;3;67.0;-87.0;41.0;46.0;13;9
8;4;6;2;1.67307110000002;9;-3.0;254;Ceylan & Pascucci (2023);Experiment 2;Orientation;1;3;-3.0;64.0;90.0;38.0;14;9
8;63;66;3;1.17346150000049;9;-59.0;255;Ceylan & Pascucci (2023);Experiment 2;Orientation;1;3;-59.0;-62.0;5.0;31.0;15;9
8;45;53;8;0.972875600000407;9;18.0;256;Ceylan & Pascucci (2023);Experiment 2;Orientation;1;3;18.0;-41.0;-44.0;23.0;16;9
8;149;149;0;0.998431300000448;9;76.0;257;Ceylan & Pascucci (2023);Experiment 2;Orientation;1;3;76.0;-86.0;35.0;32.0;17;9
8;120;118;-2;0.856855800000631;9;29.0;258;Ceylan & Pascucci (2023);Experiment 2;Orientation;1;3;29.0;-75.0;-57.0;64.0;18;9
8;126;116;-10;1.25703009999961;9;-6.0;259;Ceylan & Pascucci (2023);Experiment 2;Orientation;1;3;-6.0;23.0;-81.0;-63.0;19;9
8;137;137;0;0.956764900000053;9;-11.0;260;Ceylan & Pascucci (2023);Experiment 2;Orientation;1;3;-11.0;-17.0;12.0;88.0;20;9
8;3;19;16;1.8233278000007;9;-46.0;261;Ceylan & Pascucci (2023);Experiment 2;Orientation;1;3;-46.0;-57.0;-63.0;-34.0;21;9
8;62;49;-13;1.82333370000015;9;-59.0;262;Ceylan & Pascucci (2023);Experiment 2;Orientation;1;3;-59.0;75.0;64.0;58.0;22;9
8;118;111;-7;0.990754300000845;9;-56.0;263;Ceylan & Pascucci (2023);Experiment 2;Orientation;1;3;-56.0;65.0;19.0;8.0;23;9
8;84;70;-14;1.30702510000083;9;34.0;264;Ceylan & Pascucci (2023);Experiment 2;Orientation;1;3;34.0;-22.0;-81.0;53.0;24;9
8;106;105;-1;0.665018800000325;9;-22.0;265;Ceylan & Pascucci (2023);Experiment 2;Orientation;1;3;-22.0;12.0;-44.0;77.0;25;9
8;140;140;0;0.815829000001031;9;-34.0;266;Ceylan & Pascucci (2023);Experiment 2;Orientation;1;3;-34.0;-56.0;-22.0;-78.0;26;9
8;132;131;-1;1.13156069999968;9;8.0;267;Ceylan & Pascucci (2023);Experiment 2;Orientation;1;3;8.0;-26.0;-48.0;-14.0;27;9
8;133;146;13;0.99795930000073;9;-1.0;268;Ceylan & Pascucci (2023);Experiment 2;Orientation;1;3;-1.0;7.0;-27.0;-49.0;28;9
8;82;67;-15;1.08160279999902;9;51.0;269;Ceylan & Pascucci (2023);Experiment 2;Orientation;1;3;51.0;50.0;58.0;24.0;29;9
8;160;162;2;0.907398600000306;9;-78.0;270;Ceylan & Pascucci (2023);Experiment 2;Orientation;1;3;-78.0;-27.0;-28.0;-20.0;30;9
8;8;11;3;1.65640119999989;10;-28.0;271;Ceylan & Pascucci (2023);Experiment 2;Orientation;1;3;;;;;1;10
8;78;66;-12;1.6406719000006;10;-70.0;272;Ceylan & Pascucci (2023);Experiment 2;Orientation;1;3;;;;;2;10
8;44;19;-25;0.939827199999854;10;34.0;273;Ceylan & Pascucci (2023);Experiment 2;Orientation;1;3;;;;;3;10
8;89;86;-3;1.25734960000045;10;-45.0;274;Ceylan & Pascucci (2023);Experiment 2;Orientation;1;3;;;;;4;10
8;119;115;-4;1.14027530000021;10;-30.0;275;Ceylan & Pascucci (2023);Experiment 2;Orientation;1;3;-30.0;-75.0;-41.0;69.0;5;10
8;121;122;1;1.04025550000006;10;-2.0;276;Ceylan & Pascucci (2023);Experiment 2;Orientation;1;3;-2.0;-32.0;-77.0;-43.0;6;10
8;148;151;3;1.67360999999983;10;-27.0;277;Ceylan & Pascucci (2023);Experiment 2;Orientation;1;3;-27.0;-29.0;-59.0;76.0;7;10
8;171;164;-7;1.10631750000175;10;-23.0;278;Ceylan & Pascucci (2023);Experiment 2;Orientation;1;3;-23.0;-50.0;-52.0;-82.0;8;10
8;164;153;-11;1.13202920000003;10;7.0;279;Ceylan & Pascucci (2023);Experiment 2;Orientation;1;3;7.0;-16.0;-43.0;-45.0;9;10
8;107;113;6;0.982274300000427;10;57.0;280;Ceylan & Pascucci (2023);Experiment 2;Orientation;1;3;57.0;64.0;41.0;14.0;10;10
8;23;16;-7;0.724015699999654;10;84.0;281;Ceylan & Pascucci (2023);Experiment 2;Orientation;1;3;84.0;-39.0;-32.0;-55.0;11;10
8;48;41;-7;1.5483406000003;10;-25.0;282;Ceylan & Pascucci (2023);Experiment 2;Orientation;1;3;-25.0;59.0;-64.0;-57.0;12;10
8;105;114;9;1.27354340000056;10;-57.0;283;Ceylan & Pascucci (2023);Experiment 2;Orientation;1;3;-57.0;-82.0;2.0;59.0;13;10
8;150;119;-31;1.41470279999885;10;-45.0;284;Ceylan & Pascucci (2023);Experiment 2;Orientation;1;3;-45.0;78.0;53.0;-43.0;14;10
8;40;41;1;0.873334699999759;10;-70.0;285;Ceylan & Pascucci (2023);Experiment 2;Orientation;1;3;-70.0;65.0;8.0;-17.0;15;10
8;1;8;7;2.07294449999972;10;39.0;286;Ceylan & Pascucci (2023);Experiment 2;Orientation;1;3;39.0;-31.0;-76.0;47.0;16;10
8;44;47;3;0.948718499999814;10;-43.0;287;Ceylan & Pascucci (2023);Experiment 2;Orientation;1;3;-43.0;-4.0;-74.0;61.0;17;10
8;179;1;2;1.42408719999912;10;45.0;288;Ceylan & Pascucci (2023);Experiment 2;Orientation;1;3;45.0;2.0;41.0;-29.0;18;10
8;1;3;2;1.3740228000006;10;-2.0;289;Ceylan & Pascucci (2023);Experiment 2;Orientation;1;3;-2.0;43.0;0.0;39.0;19;10
8;68;62;-6;0.781887699999061;10;-67.0;290;Ceylan & Pascucci (2023);Experiment 2;Orientation;1;3;-67.0;-69.0;-24.0;-67.0;20;10
8;60;52;-8;0.89842150000004;10;8.0;291;Ceylan & Pascucci (2023);Experiment 2;Orientation;1;3;8.0;-59.0;-61.0;-16.0;21;10
8;87;79;-8;1.27374729999974;10;-27.0;292;Ceylan & Pascucci (2023);Experiment 2;Orientation;1;3;-27.0;-19.0;-86.0;-88.0;22;10
8;125;108;-17;1.0647183000001;10;-38.0;293;Ceylan & Pascucci (2023);Experiment 2;Orientation;1;3;-38.0;-65.0;-57.0;56.0;23;10
8;63;57;-6;1.2241400999992;10;62.0;294;Ceylan & Pascucci (2023);Experiment 2;Orientation;1;3;62.0;24.0;-3.0;5.0;24;10
8;80;70;-10;1.5313761999987;10;-17.0;295;Ceylan & Pascucci (2023);Experiment 2;Orientation;1;3;-17.0;45.0;7.0;-20.0;25;10
8;1;14;13;2.87251590000051;10;79.0;296;Ceylan & Pascucci (2023);Experiment 2;Orientation;1;3;79.0;62.0;-56.0;86.0;26;10
8;7;3;-4;1.93201100000078;10;-6.0;297;Ceylan & Pascucci (2023);Experiment 2;Orientation;1;3;-6.0;73.0;56.0;-62.0;27;10
8;178;174;-4;0.849097299998903;10;9.0;298;Ceylan & Pascucci (2023);Experiment 2;Orientation;1;3;9.0;3.0;82.0;65.0;28;10
8;118;128;10;1.04800739999882;10;60.0;299;Ceylan & Pascucci (2023);Experiment 2;Orientation;1;3;60.0;69.0;63.0;-38.0;29;10
8;69;63;-6;1.1894443000001;10;49.0;300;Ceylan & Pascucci (2023);Experiment 2;Orientation;1;3;49.0;-71.0;-62.0;-68.0;30;10
9;160;1;21;1.46693989999767;1;;1;Ceylan & Pascucci (2023);Experiment 2;Orientation;1;3;;;;;1;1
9;131;137;6;1.35865770000964;1;29.0;2;Ceylan & Pascucci (2023);Experiment 2;Orientation;1;3;;;;;2;1
9;26;38;12;3.55723760000546;1;-75.0;3;Ceylan & Pascucci (2023);Experiment 2;Orientation;1;3;;;;;3;1
9;117;121;4;1.49171860000934;1;89.0;4;Ceylan & Pascucci (2023);Experiment 2;Orientation;1;3;;;;;4;1
9;154;141;-13;1.05849579999631;1;-37.0;5;Ceylan & Pascucci (2023);Experiment 2;Orientation;1;3;-37.0;52.0;-23.0;6.0;5;1
9;153;140;-13;2.25023489999876;1;1.0;6;Ceylan & Pascucci (2023);Experiment 2;Orientation;1;3;1.0;-36.0;53.0;-22.0;6;1
9;7;31;24;2.3084899999958;1;-34.0;7;Ceylan & Pascucci (2023);Experiment 2;Orientation;1;3;-34.0;-33.0;-70.0;19.0;7;1
9;163;153;-10;1.30823340000643;1;24.0;8;Ceylan & Pascucci (2023);Experiment 2;Orientation;1;3;24.0;-10.0;-9.0;-46.0;8;1
9;121;121;0;2.15719359999639;1;42.0;9;Ceylan & Pascucci (2023);Experiment 2;Orientation;1;3;42.0;66.0;32.0;33.0;9;1
9;26;51;25;2.03326699999161;1;-85.0;10;Ceylan & Pascucci (2023);Experiment 2;Orientation;1;3;-85.0;-43.0;-19.0;-53.0;10;1
9;154;145;-9;1.56697479999275;1;52.0;11;Ceylan & Pascucci (2023);Experiment 2;Orientation;1;3;52.0;-33.0;9.0;33.0;11;1
9;151;133;-18;2.00819449999835;1;3.0;12;Ceylan & Pascucci (2023);Experiment 2;Orientation;1;3;3.0;55.0;-30.0;12.0;12;1
9;124;126;2;2.13217340000847;1;27.0;13;Ceylan & Pascucci (2023);Experiment 2;Orientation;1;3;27.0;30.0;82.0;-3.0;13;1
9;136;136;0;1.60816550000163;1;-12.0;14;Ceylan & Pascucci (2023);Experiment 2;Orientation;1;3;-12.0;15.0;18.0;70.0;14;1
9;154;150;-4;1.50870780000696;1;-18.0;15;Ceylan & Pascucci (2023);Experiment 2;Orientation;1;3;-18.0;-30.0;-3.0;0.0;15;1
9;76;70;-6;3.25796429999173;1;78.0;16;Ceylan & Pascucci (2023);Experiment 2;Orientation;1;3;78.0;60.0;48.0;75.0;16;1
9;67;69;2;3.55795859999489;1;9.0;17;Ceylan & Pascucci (2023);Experiment 2;Orientation;1;3;9.0;87.0;69.0;57.0;17;1
9;164;150;-14;2.56520899999305;1;83.0;18;Ceylan & Pascucci (2023);Experiment 2;Orientation;1;3;83.0;-88.0;-10.0;-28.0;18;1
9;71;56;-15;1.75828310000361;1;-87.0;19;Ceylan & Pascucci (2023);Experiment 2;Orientation;1;3;-87.0;-4.0;5.0;83.0;19;1
9;80;97;17;1.54991810000502;1;-9.0;20;Ceylan & Pascucci (2023);Experiment 2;Orientation;1;3;-9.0;84.0;-13.0;-4.0;20;1
9;4;10;6;1.62515480000002;1;76.0;21;Ceylan & Pascucci (2023);Experiment 2;Orientation;1;3;76.0;67.0;-20.0;63.0;21;1
9;164;139;-25;2.37472089999937;1;20.0;22;Ceylan & Pascucci (2023);Experiment 2;Orientation;1;3;20.0;-84.0;87.0;0.0;22;1
9;177;179;2;3.5417204000114;1;-13.0;23;Ceylan & Pascucci (2023);Experiment 2;Orientation;1;3;-13.0;7.0;83.0;74.0;23;1
9;43;53;10;1.85853540000971;1;-46.0;24;Ceylan & Pascucci (2023);Experiment 2;Orientation;1;3;-46.0;-59.0;-39.0;37.0;24;1
9;34;36;2;2.98310110000602;1;9.0;25;Ceylan & Pascucci (2023);Experiment 2;Orientation;1;3;9.0;-37.0;-50.0;-30.0;25;1
9;106;113;7;2.4417889000033;1;-72.0;26;Ceylan & Pascucci (2023);Experiment 2;Orientation;1;3;-72.0;-63.0;71.0;58.0;26;1
9;146;135;-11;2.64999029999308;1;-40.0;27;Ceylan & Pascucci (2023);Experiment 2;Orientation;1;3;-40.0;68.0;77.0;31.0;27;1
9;91;86;-5;1.9753034000023;1;55.0;28;Ceylan & Pascucci (2023);Experiment 2;Orientation;1;3;55.0;15.0;-57.0;-48.0;28;1
9;70;70;0;2.04195579999941;1;21.0;29;Ceylan & Pascucci (2023);Experiment 2;Orientation;1;3;21.0;76.0;36.0;-36.0;29;1
9;116;126;10;1.9164349000057;1;-46.0;30;Ceylan & Pascucci (2023);Experiment 2;Orientation;1;3;-46.0;-25.0;30.0;-10.0;30;1
9;4;1;-3;8.33165989999543;2;-68.0;31;Ceylan & Pascucci (2023);Experiment 2;Orientation;1;3;;;;;1;2
9;87;91;4;1.64985380000144;2;-83.0;32;Ceylan & Pascucci (2023);Experiment 2;Orientation;1;3;;;;;2;2
9;23;31;8;2.99141729999974;2;64.0;33;Ceylan & Pascucci (2023);Experiment 2;Orientation;1;3;;;;;3;2
9;127;135;8;2.05018020000716;2;76.0;34;Ceylan & Pascucci (2023);Experiment 2;Orientation;1;3;;;;;4;2
9;176;3;7;1.46650020001107;2;-49.0;35;Ceylan & Pascucci (2023);Experiment 2;Orientation;1;3;-49.0;27.0;-89.0;8.0;5;2
9;9;24;15;1.83275040000444;2;-13.0;36;Ceylan & Pascucci (2023);Experiment 2;Orientation;1;3;-13.0;-62.0;14.0;78.0;6;2
9;94;39;-55;0.550435699988157;2;-85.0;37;Ceylan & Pascucci (2023);Experiment 2;Orientation;1;3;-85.0;82.0;33.0;-71.0;7;2
9;174;162;-12;1.3832407000009;2;-80.0;38;Ceylan & Pascucci (2023);Experiment 2;Orientation;1;3;-80.0;15.0;2.0;-47.0;8;2
9;124;124;0;2.32509120000759;2;50.0;39;Ceylan & Pascucci (2023);Experiment 2;Orientation;1;3;50.0;-30.0;65.0;52.0;9;2
9;158;143;-15;1.84209979999287;2;-34.0;40;Ceylan & Pascucci (2023);Experiment 2;Orientation;1;3;-34.0;16.0;-64.0;31.0;10;2
9;8;24;16;1.65821829999913;2;-30.0;41;Ceylan & Pascucci (2023);Experiment 2;Orientation;1;3;-30.0;-64.0;-14.0;86.0;11;2
9;49;62;13;2.01634380000178;2;-41.0;42;Ceylan & Pascucci (2023);Experiment 2;Orientation;1;3;-41.0;-71.0;75.0;-55.0;12;2
9;141;131;-10;2.2084307000041;2;88.0;43;Ceylan & Pascucci (2023);Experiment 2;Orientation;1;3;88.0;47.0;17.0;-17.0;13;2
9;67;57;-10;1.64918760000728;2;74.0;44;Ceylan & Pascucci (2023);Experiment 2;Orientation;1;3;74.0;-18.0;-59.0;-89.0;14;2
9;56;48;-8;1.10021630000847;2;11.0;45;Ceylan & Pascucci (2023);Experiment 2;Orientation;1;3;11.0;85.0;-7.0;-48.0;15;2
9;98;118;20;1.32497960000183;2;-42.0;46;Ceylan & Pascucci (2023);Experiment 2;Orientation;1;3;-42.0;-31.0;43.0;-49.0;16;2
9;160;139;-21;2.29885500000091;2;-62.0;47;Ceylan & Pascucci (2023);Experiment 2;Orientation;1;3;-62.0;76.0;87.0;-19.0;17;2
9;20;36;16;2.45760220001102;2;-40.0;48;Ceylan & Pascucci (2023);Experiment 2;Orientation;1;3;-40.0;78.0;36.0;47.0;18;2
9;80;83;3;1.92479340000136;2;-60.0;49;Ceylan & Pascucci (2023);Experiment 2;Orientation;1;3;-60.0;80.0;18.0;-24.0;19;2
9;107;116;9;1.47427309998602;2;-27.0;50;Ceylan & Pascucci (2023);Experiment 2;Orientation;1;3;-27.0;-87.0;53.0;-9.0;20;2
9;151;138;-13;2.34891010000138;2;-44.0;51;Ceylan & Pascucci (2023);Experiment 2;Orientation;1;3;-44.0;-71.0;49.0;9.0;21;2
9;122;125;3;1.20857740000065;2;29.0;52;Ceylan & Pascucci (2023);Experiment 2;Orientation;1;3;29.0;-15.0;-42.0;78.0;22;2
9;9;23;14;1.74971350000123;2;-67.0;53;Ceylan & Pascucci (2023);Experiment 2;Orientation;1;3;-67.0;-38.0;-82.0;71.0;23;2
9;163;128;-35;4.79852219999884;2;26.0;54;Ceylan & Pascucci (2023);Experiment 2;Orientation;1;3;26.0;-41.0;-12.0;-56.0;24;2
9;84;93;9;2.10908429999836;2;79.0;55;Ceylan & Pascucci (2023);Experiment 2;Orientation;1;3;79.0;-75.0;38.0;67.0;25;2
9;157;150;-7;2.11643130000448;2;-73.0;56;Ceylan & Pascucci (2023);Experiment 2;Orientation;1;3;-73.0;6.0;32.0;-35.0;26;2
9;57;51;-6;0.617091800013441;2;-80.0;57;Ceylan & Pascucci (2023);Experiment 2;Orientation;1;3;-80.0;27.0;-74.0;-48.0;27;2
9;86;84;-2;2.2663154000038;2;-29.0;58;Ceylan & Pascucci (2023);Experiment 2;Orientation;1;3;-29.0;71.0;-2.0;77.0;28;2
9;55;58;3;2.89999920000264;2;31.0;59;Ceylan & Pascucci (2023);Experiment 2;Orientation;1;3;31.0;2.0;-78.0;29.0;29;2
9;86;78;-8;1.56699110000045;2;-31.0;60;Ceylan & Pascucci (2023);Experiment 2;Orientation;1;3;-31.0;0.0;-29.0;71.0;30;2
9;159;139;-20;3.72340969998913;3;-73.0;61;Ceylan & Pascucci (2023);Experiment 2;Orientation;1;3;;;;;1;3
9;141;140;-1;2.11635879999085;3;18.0;62;Ceylan & Pascucci (2023);Experiment 2;Orientation;1;3;;;;;2;3
9;21;25;4;3.02512269999715;3;-60.0;63;Ceylan & Pascucci (2023);Experiment 2;Orientation;1;3;;;;;3;3
9;180;0;0;5.41485529999773;3;21.0;64;Ceylan & Pascucci (2023);Experiment 2;Orientation;1;3;;;;;4;3
9;127;134;7;2.20016480000049;3;53.0;65;Ceylan & Pascucci (2023);Experiment 2;Orientation;1;3;53.0;74.0;14.0;32.0;5;3
9;102;119;17;2.13248630000453;3;25.0;66;Ceylan & Pascucci (2023);Experiment 2;Orientation;1;3;25.0;78.0;-81.0;39.0;6;3
9;127;130;3;1.71680330000527;3;-25.0;67;Ceylan & Pascucci (2023);Experiment 2;Orientation;1;3;-25.0;0.0;53.0;74.0;7;3
9;21;40;19;1.39206359999662;3;-74.0;68;Ceylan & Pascucci (2023);Experiment 2;Orientation;1;3;-74.0;81.0;-74.0;-21.0;8;3
9;177;31;34;3.99862270000449;3;24.0;69;Ceylan & Pascucci (2023);Experiment 2;Orientation;1;3;24.0;-50.0;-75.0;-50.0;9;3
9;44;42;-2;2.64977240000735;3;-47.0;70;Ceylan & Pascucci (2023);Experiment 2;Orientation;1;3;-47.0;-23.0;83.0;58.0;10;3
9;152;136;-16;1.44137049998972;3;72.0;71;Ceylan & Pascucci (2023);Experiment 2;Orientation;1;3;72.0;25.0;49.0;-25.0;11;3
9;100;106;6;2.78341899999941;3;52.0;72;Ceylan & Pascucci (2023);Experiment 2;Orientation;1;3;52.0;-56.0;77.0;-79.0;12;3
9;148;145;-3;1.90851439999824;3;-48.0;73;Ceylan & Pascucci (2023);Experiment 2;Orientation;1;3;-48.0;4.0;76.0;29.0;13;3
9;101;110;9;1.74214280000888;3;47.0;74;Ceylan & Pascucci (2023);Experiment 2;Orientation;1;3;47.0;-1.0;51.0;-57.0;14;3
9;79;75;-4;4.93284219999623;3;22.0;75;Ceylan & Pascucci (2023);Experiment 2;Orientation;1;3;22.0;69.0;21.0;73.0;15;3
9;14;14;0;1.47495829999389;3;65.0;76;Ceylan & Pascucci (2023);Experiment 2;Orientation;1;3;65.0;87.0;-46.0;86.0;16;3
9;103;104;1;1.45871990000887;3;-89.0;77;Ceylan & Pascucci (2023);Experiment 2;Orientation;1;3;-89.0;-24.0;-2.0;45.0;17;3
9;92;90;-2;2.86629289999837;3;11.0;78;Ceylan & Pascucci (2023);Experiment 2;Orientation;1;3;11.0;-78.0;-13.0;9.0;18;3
9;7;23;16;4.47451289999299;3;85.0;79;Ceylan & Pascucci (2023);Experiment 2;Orientation;1;3;85.0;-84.0;7.0;72.0;19;3
9;123;128;5;1.66653459999361;3;64.0;80;Ceylan & Pascucci (2023);Experiment 2;Orientation;1;3;64.0;-31.0;-20.0;71.0;20;3
9;112;117;5;1.57375519999187;3;11.0;81;Ceylan & Pascucci (2023);Experiment 2;Orientation;1;3;11.0;75.0;-20.0;-9.0;21;3
9;17;38;21;2.0909404999984;3;-85.0;82;Ceylan & Pascucci (2023);Experiment 2;Orientation;1;3;-85.0;-74.0;-10.0;75.0;22;3
9;176;162;-14;2.52509560000908;3;21.0;83;Ceylan & Pascucci (2023);Experiment 2;Orientation;1;3;21.0;-64.0;-53.0;11.0;23;3
9;51;45;-6;1.87475410000479;3;-55.0;84;Ceylan & Pascucci (2023);Experiment 2;Orientation;1;3;-55.0;-34.0;61.0;72.0;24;3
9;1;2;1;3.32463889999781;3;50.0;85;Ceylan & Pascucci (2023);Experiment 2;Orientation;1;3;50.0;-5.0;16.0;-69.0;25;3
9;85;89;4;2.28313219999836;3;-84.0;86;Ceylan & Pascucci (2023);Experiment 2;Orientation;1;3;-84.0;-34.0;-89.0;-68.0;26;3
9;122;127;5;1.92429519999132;3;-37.0;87;Ceylan & Pascucci (2023);Experiment 2;Orientation;1;3;-37.0;59.0;-71.0;54.0;27;3
9;178;3;5;2.92427540000062;3;-56.0;88;Ceylan & Pascucci (2023);Experiment 2;Orientation;1;3;-56.0;87.0;3.0;53.0;28;3
9;56;48;-8;3.69937999999092;3;-58.0;89;Ceylan & Pascucci (2023);Experiment 2;Orientation;1;3;-58.0;66.0;29.0;-55.0;29;3
9;168;162;-6;2.05782989998988;3;68.0;90;Ceylan & Pascucci (2023);Experiment 2;Orientation;1;3;68.0;10.0;-46.0;-83.0;30;3
9;32;35;3;1.34932550000667;4;-44.0;91;Ceylan & Pascucci (2023);Experiment 2;Orientation;1;3;;;;;1;4
9;64;55;-9;1.64978049999627;4;-32.0;92;Ceylan & Pascucci (2023);Experiment 2;Orientation;1;3;;;;;2;4
9;1;171;-10;2.68291689999751;4;63.0;93;Ceylan & Pascucci (2023);Experiment 2;Orientation;1;3;;;;;3;4
9;149;137;-12;3.84937700000592;4;32.0;94;Ceylan & Pascucci (2023);Experiment 2;Orientation;1;3;;;;;4;4
9;135;128;-7;1.55159329999879;4;14.0;95;Ceylan & Pascucci (2023);Experiment 2;Orientation;1;3;14.0;46.0;-71.0;77.0;5;4
9;177;164;-13;2.16613470000448;4;-42.0;96;Ceylan & Pascucci (2023);Experiment 2;Orientation;1;3;-42.0;-28.0;4.0;67.0;6;4
9;36;43;7;1.25803100000485;4;-39.0;97;Ceylan & Pascucci (2023);Experiment 2;Orientation;1;3;-39.0;-81.0;-67.0;-35.0;7;4
9;103;109;6;1.98273820000759;4;-67.0;98;Ceylan & Pascucci (2023);Experiment 2;Orientation;1;3;-67.0;74.0;32.0;46.0;8;4
9;123;120;-3;1.04382429999532;4;-20.0;99;Ceylan & Pascucci (2023);Experiment 2;Orientation;1;3;-20.0;-87.0;54.0;12.0;9;4
9;147;135;-12;2.24056370000471;4;-24.0;100;Ceylan & Pascucci (2023);Experiment 2;Orientation;1;3;-24.0;-44.0;69.0;30.0;10;4
9;113;114;1;2.10866250000254;4;34.0;101;Ceylan & Pascucci (2023);Experiment 2;Orientation;1;3;34.0;10.0;-10.0;-77.0;11;4
9;129;128;-1;1.85016269999323;4;-16.0;102;Ceylan & Pascucci (2023);Experiment 2;Orientation;1;3;-16.0;18.0;-6.0;-26.0;12;4
9;67;49;-18;1.54990649998945;4;62.0;103;Ceylan & Pascucci (2023);Experiment 2;Orientation;1;3;62.0;46.0;80.0;56.0;13;4
9;162;145;-17;1.92516949999845;4;85.0;104;Ceylan & Pascucci (2023);Experiment 2;Orientation;1;3;85.0;-33.0;-49.0;-15.0;14;4
9;24;31;7;2.19981739998912;4;-42.0;105;Ceylan & Pascucci (2023);Experiment 2;Orientation;1;3;-42.0;43.0;-75.0;89.0;15;4
9;63;48;-15;1.89187700000184;4;-39.0;106;Ceylan & Pascucci (2023);Experiment 2;Orientation;1;3;-39.0;-81.0;4.0;66.0;16;4
9;128;134;6;2.45015819999389;4;-65.0;107;Ceylan & Pascucci (2023);Experiment 2;Orientation;1;3;-65.0;76.0;34.0;-61.0;17;4
9;54;48;-6;1.25852080000914;4;74.0;108;Ceylan & Pascucci (2023);Experiment 2;Orientation;1;3;74.0;9.0;-30.0;-72.0;18;4
9;76;39;-37;2.15024730000005;4;-22.0;109;Ceylan & Pascucci (2023);Experiment 2;Orientation;1;3;-22.0;52.0;-13.0;-52.0;19;4
9;89;91;2;4.51537449999887;4;-13.0;110;Ceylan & Pascucci (2023);Experiment 2;Orientation;1;3;-13.0;-35.0;39.0;-26.0;20;4
9;95;83;-12;2.66682289999153;4;-6.0;111;Ceylan & Pascucci (2023);Experiment 2;Orientation;1;3;-6.0;-19.0;-41.0;33.0;21;4
9;122;128;6;1.42470640000829;4;-27.0;112;Ceylan & Pascucci (2023);Experiment 2;Orientation;1;3;-27.0;-33.0;-46.0;-68.0;22;4
9;17;14;-3;2.0819746000052;4;-75.0;113;Ceylan & Pascucci (2023);Experiment 2;Orientation;1;3;-75.0;78.0;72.0;59.0;23;4
9;12;10;-2;0.842005399987102;4;5.0;114;Ceylan & Pascucci (2023);Experiment 2;Orientation;1;3;5.0;-70.0;83.0;77.0;24;4
9;77;96;19;1.41554509999696;4;-65.0;115;Ceylan & Pascucci (2023);Experiment 2;Orientation;1;3;-65.0;-60.0;45.0;18.0;25;4
9;79;69;-10;1.27528280000843;4;-2.0;116;Ceylan & Pascucci (2023);Experiment 2;Orientation;1;3;-2.0;-67.0;-62.0;43.0;26;4
9;29;47;18;2.01653989999613;4;50.0;117;Ceylan & Pascucci (2023);Experiment 2;Orientation;1;3;50.0;48.0;-17.0;-12.0;27;4
9;91;89;-2;3.85789489999297;4;-62.0;118;Ceylan & Pascucci (2023);Experiment 2;Orientation;1;3;-62.0;-12.0;-14.0;-79.0;28;4
9;135;136;1;2.30837199999951;4;-44.0;119;Ceylan & Pascucci (2023);Experiment 2;Orientation;1;3;-44.0;74.0;-56.0;-58.0;29;4
9;42;48;6;1.8331654999929;4;-87.0;120;Ceylan & Pascucci (2023);Experiment 2;Orientation;1;3;-87.0;49.0;-13.0;37.0;30;4
9;8;34;26;1.97393169999123;5;34.0;121;Ceylan & Pascucci (2023);Experiment 2;Orientation;1;3;;;;;1;5
9;149;138;-11;2.09138450000319;5;39.0;122;Ceylan & Pascucci (2023);Experiment 2;Orientation;1;3;;;;;2;5
9;12;30;18;1.27441440000257;5;-43.0;123;Ceylan & Pascucci (2023);Experiment 2;Orientation;1;3;;;;;3;5
9;32;46;14;1.67470920000051;5;-20.0;124;Ceylan & Pascucci (2023);Experiment 2;Orientation;1;3;;;;;4;5
9;166;146;-20;1.59866370000236;5;46.0;125;Ceylan & Pascucci (2023);Experiment 2;Orientation;1;3;46.0;26.0;-17.0;22.0;5;5
9;160;145;-15;1.92496999999275;5;6.0;126;Ceylan & Pascucci (2023);Experiment 2;Orientation;1;3;6.0;52.0;32.0;-11.0;6;5
9;50;52;2;1.25839210000413;5;-70.0;127;Ceylan & Pascucci (2023);Experiment 2;Orientation;1;3;-70.0;-64.0;-18.0;-38.0;7;5
9;76;91;15;1.53208319999976;5;-26.0;128;Ceylan & Pascucci (2023);Experiment 2;Orientation;1;3;-26.0;84.0;90.0;-44.0;8;5
9;134;131;-3;2.84140209999168;5;-58.0;129;Ceylan & Pascucci (2023);Experiment 2;Orientation;1;3;-58.0;-84.0;26.0;32.0;9;5
9;2;177;-5;6.1248304000037;5;-48.0;130;Ceylan & Pascucci (2023);Experiment 2;Orientation;1;3;-48.0;74.0;48.0;-22.0;10;5
9;5;4;-1;1.99062019999838;5;-3.0;131;Ceylan & Pascucci (2023);Experiment 2;Orientation;1;3;-3.0;-51.0;71.0;45.0;11;5
9;35;45;10;1.35843849999947;5;-30.0;132;Ceylan & Pascucci (2023);Experiment 2;Orientation;1;3;-30.0;-33.0;-81.0;41.0;12;5
9;31;49;18;2.3081511999917;5;4.0;133;Ceylan & Pascucci (2023);Experiment 2;Orientation;1;3;4.0;-26.0;-29.0;-77.0;13;5
9;100;114;14;2.41681309998967;5;-69.0;134;Ceylan & Pascucci (2023);Experiment 2;Orientation;1;3;-69.0;-65.0;85.0;82.0;14;5
9;94;98;4;2.55864560000191;5;6.0;135;Ceylan & Pascucci (2023);Experiment 2;Orientation;1;3;6.0;-63.0;-59.0;-89.0;15;5
9;87;89;2;5.14024290000089;5;7.0;136;Ceylan & Pascucci (2023);Experiment 2;Orientation;1;3;7.0;13.0;-56.0;-52.0;16;5
9;142;140;-2;1.60849250000319;5;-55.0;137;Ceylan & Pascucci (2023);Experiment 2;Orientation;1;3;-55.0;-48.0;-42.0;69.0;17;5
9;16;36;20;2.07532639999408;5;-54.0;138;Ceylan & Pascucci (2023);Experiment 2;Orientation;1;3;-54.0;71.0;78.0;84.0;18;5
9;33;33;0;4.65803890000097;5;-17.0;139;Ceylan & Pascucci (2023);Experiment 2;Orientation;1;3;-17.0;-71.0;54.0;61.0;19;5
9;71;53;-18;3.64157690000138;5;-38.0;140;Ceylan & Pascucci (2023);Experiment 2;Orientation;1;3;-38.0;-55.0;71.0;16.0;20;5
9;143;143;0;2.59131889999844;5;-72.0;141;Ceylan & Pascucci (2023);Experiment 2;Orientation;1;3;-72.0;70.0;53.0;-1.0;21;5
9;63;60;-3;1.5752560999972;5;80.0;142;Ceylan & Pascucci (2023);Experiment 2;Orientation;1;3;80.0;8.0;-30.0;-47.0;22;5
9;87;85;-2;1.86684580000292;5;-24.0;143;Ceylan & Pascucci (2023);Experiment 2;Orientation;1;3;-24.0;56.0;-16.0;-54.0;23;5
9;58;58;0;2.43349090000265;5;29.0;144;Ceylan & Pascucci (2023);Experiment 2;Orientation;1;3;29.0;5.0;85.0;13.0;24;5
9;80;64;-16;1.70815199999197;5;-22.0;145;Ceylan & Pascucci (2023);Experiment 2;Orientation;1;3;-22.0;7.0;-17.0;63.0;25;5
9;25;34;9;1.47504550000303;5;55.0;146;Ceylan & Pascucci (2023);Experiment 2;Orientation;1;3;55.0;33.0;62.0;38.0;26;5
9;44;35;-9;1.79986869999266;5;-19.0;147;Ceylan & Pascucci (2023);Experiment 2;Orientation;1;3;-19.0;36.0;14.0;43.0;27;5
9;149;144;-5;1.10829289999674;5;75.0;148;Ceylan & Pascucci (2023);Experiment 2;Orientation;1;3;75.0;56.0;-69.0;89.0;28;5
9;127;135;8;1.4418902000034;5;22.0;149;Ceylan & Pascucci (2023);Experiment 2;Orientation;1;3;22.0;-83.0;78.0;-47.0;29;5
9;100;88;-12;3.12477840000065;5;27.0;150;Ceylan & Pascucci (2023);Experiment 2;Orientation;1;3;27.0;49.0;-56.0;-75.0;30;5
9;87;93;6;1.46655899999314;6;13.0;151;Ceylan & Pascucci (2023);Experiment 2;Orientation;1;3;;;;;1;6
9;15;30;15;2.08247370000754;6;72.0;152;Ceylan & Pascucci (2023);Experiment 2;Orientation;1;3;;;;;2;6
9;50;55;5;2.04203039999993;6;-35.0;153;Ceylan & Pascucci (2023);Experiment 2;Orientation;1;3;;;;;3;6
9;35;46;11;2.27463740001258;6;15.0;154;Ceylan & Pascucci (2023);Experiment 2;Orientation;1;3;;;;;4;6
9;39;41;2;3.19050409999909;6;-4.0;155;Ceylan & Pascucci (2023);Experiment 2;Orientation;1;3;-4.0;11.0;-24.0;48.0;5;6
9;118;119;1;2.02513610001188;6;-79.0;156;Ceylan & Pascucci (2023);Experiment 2;Orientation;1;3;-79.0;-83.0;-68.0;77.0;6;6
9;56;48;-8;2.70810920000076;6;62.0;157;Ceylan & Pascucci (2023);Experiment 2;Orientation;1;3;62.0;-17.0;-21.0;-6.0;7;6
9;166;160;-6;4.3320961999998;6;70.0;158;Ceylan & Pascucci (2023);Experiment 2;Orientation;1;3;70.0;-48.0;53.0;49.0;8;6
9;79;68;-11;1.86683719999564;6;87.0;159;Ceylan & Pascucci (2023);Experiment 2;Orientation;1;3;87.0;-23.0;39.0;-40.0;9;6
9;91;90;-1;2.03333150000253;6;-12.0;160;Ceylan & Pascucci (2023);Experiment 2;Orientation;1;3;-12.0;75.0;-35.0;27.0;10;6
9;81;82;1;2.64975559999584;6;10.0;161;Ceylan & Pascucci (2023);Experiment 2;Orientation;1;3;10.0;-2.0;85.0;-25.0;11;6
9;159;153;-6;3.40843049999967;6;-78.0;162;Ceylan & Pascucci (2023);Experiment 2;Orientation;1;3;-78.0;-68.0;-80.0;7.0;12;6
9;50;50;0;1.97490700001072;6;-71.0;163;Ceylan & Pascucci (2023);Experiment 2;Orientation;1;3;-71.0;31.0;41.0;29.0;13;6
9;98;121;23;2.08323380000365;6;-48.0;164;Ceylan & Pascucci (2023);Experiment 2;Orientation;1;3;-48.0;61.0;-17.0;-7.0;14;6
9;160;154;-6;3.03306359999988;6;-62.0;165;Ceylan & Pascucci (2023);Experiment 2;Orientation;1;3;-62.0;70.0;-1.0;-79.0;15;6
9;155;142;-13;2.358447599996;6;5.0;166;Ceylan & Pascucci (2023);Experiment 2;Orientation;1;3;5.0;-57.0;75.0;4.0;16;6
9;155;136;-19;0.93381610000506;6;0.0;167;Ceylan & Pascucci (2023);Experiment 2;Orientation;1;3;0.0;5.0;-57.0;75.0;17;6
9;140;133;-7;2.49260399999912;6;15.0;168;Ceylan & Pascucci (2023);Experiment 2;Orientation;1;3;15.0;15.0;20.0;-42.0;18;6
9;180;3;3;4.2082095000078;6;-40.0;169;Ceylan & Pascucci (2023);Experiment 2;Orientation;1;3;-40.0;-25.0;-25.0;-20.0;19;6
9;68;66;-2;2.25849239999661;6;-68.0;170;Ceylan & Pascucci (2023);Experiment 2;Orientation;1;3;-68.0;72.0;87.0;87.0;20;6
9;100;124;24;3.20692460000282;6;-32.0;171;Ceylan & Pascucci (2023);Experiment 2;Orientation;1;3;-32.0;80.0;40.0;55.0;21;6
9;73;68;-5;2.05756090000796;6;27.0;172;Ceylan & Pascucci (2023);Experiment 2;Orientation;1;3;27.0;-5.0;-73.0;67.0;22;6
9;67;67;0;2.77514660000452;6;6.0;173;Ceylan & Pascucci (2023);Experiment 2;Orientation;1;3;6.0;33.0;1.0;-67.0;23;6
9;67;44;-23;2.5081874000025;6;0.0;174;Ceylan & Pascucci (2023);Experiment 2;Orientation;1;3;0.0;6.0;33.0;1.0;24;6
9;115;126;11;1.73227820001193;6;-48.0;175;Ceylan & Pascucci (2023);Experiment 2;Orientation;1;3;-48.0;-48.0;-42.0;-15.0;25;6
9;122;124;2;1.70846029999666;6;-7.0;176;Ceylan & Pascucci (2023);Experiment 2;Orientation;1;3;-7.0;-55.0;-55.0;-49.0;26;6
9;1;2;1;3.0579230000003;6;-59.0;177;Ceylan & Pascucci (2023);Experiment 2;Orientation;1;3;-59.0;-66.0;66.0;66.0;27;6
9;119;126;7;1.72491390000505;6;62.0;178;Ceylan & Pascucci (2023);Experiment 2;Orientation;1;3;62.0;3.0;-4.0;-52.0;28;6
9;167;150;-17;1.46617200000037;6;-48.0;179;Ceylan & Pascucci (2023);Experiment 2;Orientation;1;3;-48.0;14.0;-45.0;-52.0;29;6
9;173;151;-22;1.54156649998913;6;-6.0;180;Ceylan & Pascucci (2023);Experiment 2;Orientation;1;3;-6.0;-54.0;8.0;-51.0;30;6
9;133;139;6;1.44166649998806;7;40.0;181;Ceylan & Pascucci (2023);Experiment 2;Orientation;1;3;;;;;1;7
9;9;29;20;4.28236610000022;7;-56.0;182;Ceylan & Pascucci (2023);Experiment 2;Orientation;1;3;;;;;2;7
9;59;57;-2;1.43319680000423;7;-50.0;183;Ceylan & Pascucci (2023);Experiment 2;Orientation;1;3;;;;;3;7
9;75;71;-4;2.191902999999;7;-16.0;184;Ceylan & Pascucci (2023);Experiment 2;Orientation;1;3;;;;;4;7
9;80;56;-24;1.84192190000613;7;-5.0;185;Ceylan & Pascucci (2023);Experiment 2;Orientation;1;3;-5.0;-21.0;-71.0;53.0;5;7
9;161;150;-11;2.38204709999263;7;-81.0;186;Ceylan & Pascucci (2023);Experiment 2;Orientation;1;3;-81.0;-86.0;78.0;28.0;6;7
9;99;90;-9;1.32541270001093;7;62.0;187;Ceylan & Pascucci (2023);Experiment 2;Orientation;1;3;62.0;-19.0;-24.0;-40.0;7;7
9;37;35;-2;1.56626320000214;7;62.0;188;Ceylan & Pascucci (2023);Experiment 2;Orientation;1;3;62.0;-56.0;43.0;38.0;8;7
9;17;34;17;1.73265930000343;7;20.0;189;Ceylan & Pascucci (2023);Experiment 2;Orientation;1;3;20.0;82.0;-36.0;63.0;9;7
9;11;36;25;1.67508690000977;7;6.0;190;Ceylan & Pascucci (2023);Experiment 2;Orientation;1;3;6.0;26.0;88.0;-30.0;10;7
9;168;134;-34;3.20702329999767;7;23.0;191;Ceylan & Pascucci (2023);Experiment 2;Orientation;1;3;23.0;29.0;49.0;-69.0;11;7
9;37;37;0;1.72522910000407;7;-49.0;192;Ceylan & Pascucci (2023);Experiment 2;Orientation;1;3;-49.0;-26.0;-20.0;0.0;12;7
9;156;132;-24;3.04139810000197;7;61.0;193;Ceylan & Pascucci (2023);Experiment 2;Orientation;1;3;61.0;12.0;35.0;41.0;13;7
9;179;12;13;1.46669370000018;7;-23.0;194;Ceylan & Pascucci (2023);Experiment 2;Orientation;1;3;-23.0;38.0;-11.0;12.0;14;7
9;80;72;-8;1.36656490000314;7;-81.0;195;Ceylan & Pascucci (2023);Experiment 2;Orientation;1;3;-81.0;76.0;-43.0;88.0;15;7
9;4;13;9;1.36509219999425;7;76.0;196;Ceylan & Pascucci (2023);Experiment 2;Orientation;1;3;76.0;-5.0;-28.0;33.0;16;7
9;89;88;-1;1.9243232000008;7;-85.0;197;Ceylan & Pascucci (2023);Experiment 2;Orientation;1;3;-85.0;-9.0;90.0;67.0;17;7
9;2;2;0;1.51657249999698;7;87.0;198;Ceylan & Pascucci (2023);Experiment 2;Orientation;1;3;87.0;2.0;78.0;-3.0;18;7
9;82;68;-14;1.9501326999889;7;-80.0;199;Ceylan & Pascucci (2023);Experiment 2;Orientation;1;3;-80.0;7.0;-78.0;-2.0;19;7
9;32;47;15;1.86682500000461;7;50.0;200;Ceylan & Pascucci (2023);Experiment 2;Orientation;1;3;50.0;-30.0;57.0;-28.0;20;7
9;124;127;3;1.54995899999631;7;88.0;201;Ceylan & Pascucci (2023);Experiment 2;Orientation;1;3;88.0;-42.0;58.0;-35.0;21;7
9;85;79;-6;2.51650559999689;7;39.0;202;Ceylan & Pascucci (2023);Experiment 2;Orientation;1;3;39.0;-53.0;-3.0;-83.0;22;7
9;149;143;-6;2.04171720000159;7;-64.0;203;Ceylan & Pascucci (2023);Experiment 2;Orientation;1;3;-64.0;-25.0;63.0;-67.0;23;7
9;100;130;30;4.04113640000287;7;49.0;204;Ceylan & Pascucci (2023);Experiment 2;Orientation;1;3;49.0;-15.0;24.0;-68.0;24;7
9;156;145;-11;1.76695600000676;7;-56.0;205;Ceylan & Pascucci (2023);Experiment 2;Orientation;1;3;-56.0;-7.0;-71.0;-32.0;25;7
9;111;124;13;2.50861710000027;7;45.0;206;Ceylan & Pascucci (2023);Experiment 2;Orientation;1;3;45.0;-11.0;38.0;-26.0;26;7
9;39;40;1;2.3414014000009;7;72.0;207;Ceylan & Pascucci (2023);Experiment 2;Orientation;1;3;72.0;-63.0;61.0;-70.0;27;7
9;103;116;13;2.50843149999855;7;-64.0;208;Ceylan & Pascucci (2023);Experiment 2;Orientation;1;3;-64.0;8.0;53.0;-3.0;28;7
9;154;46;72;3.21631870001147;7;-51.0;209;Ceylan & Pascucci (2023);Experiment 2;Orientation;1;3;-51.0;65.0;-43.0;2.0;29;7
9;115;118;3;1.54148620000342;7;39.0;210;Ceylan & Pascucci (2023);Experiment 2;Orientation;1;3;39.0;-12.0;-76.0;-4.0;30;7
9;77;69;-8;1.01683869998669;8;38.0;211;Ceylan & Pascucci (2023);Experiment 2;Orientation;1;3;;;;;1;8
9;141;137;-4;1.90852200001245;8;-64.0;212;Ceylan & Pascucci (2023);Experiment 2;Orientation;1;3;;;;;2;8
9;162;153;-9;1.76629720001074;8;-21.0;213;Ceylan & Pascucci (2023);Experiment 2;Orientation;1;3;;;;;3;8
9;136;134;-2;1.8744069999957;8;26.0;214;Ceylan & Pascucci (2023);Experiment 2;Orientation;1;3;;;;;4;8
9;126;130;4;1.69156999999541;8;10.0;215;Ceylan & Pascucci (2023);Experiment 2;Orientation;1;3;10.0;36.0;15.0;-49.0;5;8
9;104;96;-8;2.33355149999261;8;22.0;216;Ceylan & Pascucci (2023);Experiment 2;Orientation;1;3;22.0;32.0;58.0;37.0;6;8
9;142;130;-12;2.59915540000657;8;-38.0;217;Ceylan & Pascucci (2023);Experiment 2;Orientation;1;3;-38.0;-16.0;-6.0;20.0;7;8
9;139;132;-7;3.3820401999983;8;3.0;218;Ceylan & Pascucci (2023);Experiment 2;Orientation;1;3;3.0;-35.0;-13.0;-3.0;8;8
9;119;122;3;3.7997933000006;8;20.0;219;Ceylan & Pascucci (2023);Experiment 2;Orientation;1;3;20.0;23.0;-15.0;7.0;9;8
9;65;52;-13;1.62486589999753;8;54.0;220;Ceylan & Pascucci (2023);Experiment 2;Orientation;1;3;54.0;74.0;77.0;39.0;10;8
9;12;23;11;2.08219699999609;8;53.0;221;Ceylan & Pascucci (2023);Experiment 2;Orientation;1;3;53.0;-73.0;-53.0;-50.0;11;8
9;91;89;-2;2.66606029999093;8;-79.0;222;Ceylan & Pascucci (2023);Experiment 2;Orientation;1;3;-79.0;-26.0;28.0;48.0;12;8
9;146;139;-7;2.07519639999373;8;-55.0;223;Ceylan & Pascucci (2023);Experiment 2;Orientation;1;3;-55.0;46.0;-81.0;-27.0;13;8
9;77;63;-14;1.98322890000418;8;69.0;224;Ceylan & Pascucci (2023);Experiment 2;Orientation;1;3;69.0;14.0;-65.0;-12.0;14;8
9;131;139;8;2.90018579999742;8;-54.0;225;Ceylan & Pascucci (2023);Experiment 2;Orientation;1;3;-54.0;15.0;-40.0;61.0;15;8
9;133;131;-2;2.26684219999879;8;-2.0;226;Ceylan & Pascucci (2023);Experiment 2;Orientation;1;3;-2.0;-56.0;13.0;-42.0;16;8
9;70;61;-9;1.74154360000102;8;63.0;227;Ceylan & Pascucci (2023);Experiment 2;Orientation;1;3;63.0;61.0;7.0;76.0;17;8
9;127;125;-2;1.6003755999991;8;-57.0;228;Ceylan & Pascucci (2023);Experiment 2;Orientation;1;3;-57.0;6.0;4.0;-50.0;18;8
9;38;47;9;3.95790779999516;8;89.0;229;Ceylan & Pascucci (2023);Experiment 2;Orientation;1;3;89.0;32.0;-85.0;-87.0;19;8
9;99;102;3;2.25023049999436;8;-61.0;230;Ceylan & Pascucci (2023);Experiment 2;Orientation;1;3;-61.0;28.0;-29.0;34.0;20;8
9;170;6;16;2.36640909999551;8;-71.0;231;Ceylan & Pascucci (2023);Experiment 2;Orientation;1;3;-71.0;48.0;-43.0;80.0;21;8
9;37;52;15;2.08352899999591;8;-47.0;232;Ceylan & Pascucci (2023);Experiment 2;Orientation;1;3;-47.0;62.0;1.0;90.0;22;8
9;75;77;2;1.5919309000019;8;-38.0;233;Ceylan & Pascucci (2023);Experiment 2;Orientation;1;3;-38.0;-85.0;24.0;-37.0;23;8
9;70;61;-9;2.22386220000044;8;5.0;234;Ceylan & Pascucci (2023);Experiment 2;Orientation;1;3;5.0;-33.0;-80.0;29.0;24;8
9;67;72;5;2.15806459999294;8;3.0;235;Ceylan & Pascucci (2023);Experiment 2;Orientation;1;3;3.0;8.0;-30.0;-77.0;25;8
9;91;88;-3;3.97456709999824;8;-24.0;236;Ceylan & Pascucci (2023);Experiment 2;Orientation;1;3;-24.0;-21.0;-16.0;-54.0;26;8
9;113;106;-7;2.54187739999907;8;-22.0;237;Ceylan & Pascucci (2023);Experiment 2;Orientation;1;3;-22.0;-46.0;-43.0;-38.0;27;8
9;43;42;-1;1.61695879999024;8;70.0;238;Ceylan & Pascucci (2023);Experiment 2;Orientation;1;3;70.0;48.0;24.0;27.0;28;8
9;177;7;10;1.6248942999955;8;46.0;239;Ceylan & Pascucci (2023);Experiment 2;Orientation;1;3;46.0;-64.0;-86.0;70.0;29;8
9;62;46;-16;2.2914552000002;8;-65.0;240;Ceylan & Pascucci (2023);Experiment 2;Orientation;1;3;-65.0;-19.0;51.0;29.0;30;8
9;118;117;-1;1.67501279999851;9;-56.0;241;Ceylan & Pascucci (2023);Experiment 2;Orientation;1;3;;;;;1;9
9;73;47;-26;0.848689799997373;9;45.0;242;Ceylan & Pascucci (2023);Experiment 2;Orientation;1;3;;;;;2;9
9;80;57;-23;1.43351039999106;9;-7.0;243;Ceylan & Pascucci (2023);Experiment 2;Orientation;1;3;;;;;3;9
9;57;44;-13;2.40670680000039;9;23.0;244;Ceylan & Pascucci (2023);Experiment 2;Orientation;1;3;;;;;4;9
9;162;141;-21;1.79059630000847;9;75.0;245;Ceylan & Pascucci (2023);Experiment 2;Orientation;1;3;75.0;-82.0;-89.0;-44.0;5;9
9;67;70;3;1.55839940000442;9;-85.0;246;Ceylan & Pascucci (2023);Experiment 2;Orientation;1;3;-85.0;-10.0;13.0;6.0;6;9
9;167;152;-15;3.99962250000681;9;80.0;247;Ceylan & Pascucci (2023);Experiment 2;Orientation;1;3;80.0;-5.0;70.0;-87.0;7;9
9;87;73;-14;2.29181830000016;9;80.0;248;Ceylan & Pascucci (2023);Experiment 2;Orientation;1;3;80.0;-20.0;75.0;-30.0;8;9
9;166;153;-13;4.82488970000122;9;-79.0;249;Ceylan & Pascucci (2023);Experiment 2;Orientation;1;3;-79.0;1.0;81.0;-4.0;9;9
9;87;79;-8;1.64167159999488;9;79.0;250;Ceylan & Pascucci (2023);Experiment 2;Orientation;1;3;79.0;0.0;80.0;-20.0;10;9
9;135;141;6;1.23345189999964;9;-48.0;251;Ceylan & Pascucci (2023);Experiment 2;Orientation;1;3;-48.0;31.0;-48.0;32.0;11;9
9;152;157;5;1.17497019999428;9;-17.0;252;Ceylan & Pascucci (2023);Experiment 2;Orientation;1;3;-17.0;-65.0;14.0;-65.0;12;9
9;19;34;15;1.75024159999157;9;-47.0;253;Ceylan & Pascucci (2023);Experiment 2;Orientation;1;3;-47.0;-64.0;68.0;-33.0;13;9
9;147;133;-14;4.02463699999498;9;52.0;254;Ceylan & Pascucci (2023);Experiment 2;Orientation;1;3;52.0;5.0;-12.0;-60.0;14;9
9;93;90;-3;1.44943290000083;9;54.0;255;Ceylan & Pascucci (2023);Experiment 2;Orientation;1;3;54.0;-74.0;59.0;42.0;15;9
9;57;45;-12;2.37467340000148;9;36.0;256;Ceylan & Pascucci (2023);Experiment 2;Orientation;1;3;36.0;90.0;-38.0;-85.0;16;9
9;97;92;-5;2.44190359998902;9;-40.0;257;Ceylan & Pascucci (2023);Experiment 2;Orientation;1;3;-40.0;-4.0;50.0;-78.0;17;9
9;131;129;-2;2.27418959999341;9;-34.0;258;Ceylan & Pascucci (2023);Experiment 2;Orientation;1;3;-34.0;-74.0;-38.0;16.0;18;9
9;148;120;-28;1.4915869999968;9;-17.0;259;Ceylan & Pascucci (2023);Experiment 2;Orientation;1;3;-17.0;-51.0;89.0;-55.0;19;9
9;64;60;-4;2.39034140000877;9;84.0;260;Ceylan & Pascucci (2023);Experiment 2;Orientation;1;3;84.0;67.0;33.0;-7.0;20;9
9;58;60;2;1.28281570000399;9;6.0;261;Ceylan & Pascucci (2023);Experiment 2;Orientation;1;3;6.0;90.0;73.0;39.0;21;9
9;103;119;16;1.8501610999956;9;-45.0;262;Ceylan & Pascucci (2023);Experiment 2;Orientation;1;3;-45.0;-39.0;45.0;28.0;22;9
9;60;53;-7;1.94187600001169;9;43.0;263;Ceylan & Pascucci (2023);Experiment 2;Orientation;1;3;43.0;-2.0;4.0;88.0;23;9
9;105;112;7;2.13332649999938;9;-45.0;264;Ceylan & Pascucci (2023);Experiment 2;Orientation;1;3;-45.0;-2.0;-47.0;-41.0;24;9
9;15;30;15;2.42510290000064;9;90.0;265;Ceylan & Pascucci (2023);Experiment 2;Orientation;1;3;90.0;45.0;88.0;43.0;25;9
9;106;134;28;1.51657359999081;9;89.0;266;Ceylan & Pascucci (2023);Experiment 2;Orientation;1;3;89.0;-1.0;-46.0;-3.0;26;9
9;98;116;18;1.80815579999762;9;8.0;267;Ceylan & Pascucci (2023);Experiment 2;Orientation;1;3;8.0;-83.0;7.0;-38.0;27;9
9;33;33;0;1.55014009999286;9;65.0;268;Ceylan & Pascucci (2023);Experiment 2;Orientation;1;3;65.0;73.0;-18.0;72.0;28;9
9;152;148;-4;2.47517340000195;9;61.0;269;Ceylan & Pascucci (2023);Experiment 2;Orientation;1;3;61.0;-54.0;-46.0;43.0;29;9
9;8;3;-5;3.74168550000468;9;-36.0;270;Ceylan & Pascucci (2023);Experiment 2;Orientation;1;3;-36.0;25.0;90.0;-82.0;30;9
9;103;112;9;2.0418534999917;10;85.0;271;Ceylan & Pascucci (2023);Experiment 2;Orientation;1;3;;;;;1;10
9;132;137;5;2.77362940000603;10;-29.0;272;Ceylan & Pascucci (2023);Experiment 2;Orientation;1;3;;;;;2;10
9;143;122;-21;2.6153159999958;10;-11.0;273;Ceylan & Pascucci (2023);Experiment 2;Orientation;1;3;;;;;3;10
9;108;133;25;3.67485370000941;10;35.0;274;Ceylan & Pascucci (2023);Experiment 2;Orientation;1;3;;;;;4;10
9;3;15;12;1.79987579998851;10;-75.0;275;Ceylan & Pascucci (2023);Experiment 2;Orientation;1;3;-75.0;-40.0;-51.0;-80.0;5;10
9;94;115;21;2.03099680000742;10;89.0;276;Ceylan & Pascucci (2023);Experiment 2;Orientation;1;3;89.0;14.0;49.0;38.0;6;10
9;171;13;22;2.25817060000554;10;-77.0;277;Ceylan & Pascucci (2023);Experiment 2;Orientation;1;3;-77.0;12.0;-63.0;-28.0;7;10
9;125;113;-12;1.87516730000789;10;46.0;278;Ceylan & Pascucci (2023);Experiment 2;Orientation;1;3;46.0;-31.0;58.0;-17.0;8;10
9;18;44;26;1.35003370000049;10;-73.0;279;Ceylan & Pascucci (2023);Experiment 2;Orientation;1;3;-73.0;-27.0;76.0;-15.0;9;10
9;57;56;-1;1.48338510000031;10;-39.0;280;Ceylan & Pascucci (2023);Experiment 2;Orientation;1;3;-39.0;68.0;-66.0;37.0;10;10
9;110;106;-4;2.21685260000231;10;-53.0;281;Ceylan & Pascucci (2023);Experiment 2;Orientation;1;3;-53.0;88.0;15.0;61.0;11;10
9;116;119;3;2.76686230000632;10;-6.0;282;Ceylan & Pascucci (2023);Experiment 2;Orientation;1;3;-6.0;-59.0;82.0;9.0;12;10
9;113;115;2;1.90617740000016;10;3.0;283;Ceylan & Pascucci (2023);Experiment 2;Orientation;1;3;3.0;-3.0;-56.0;85.0;13;10
9;121;131;10;2.54978659999324;10;-8.0;284;Ceylan & Pascucci (2023);Experiment 2;Orientation;1;3;-8.0;-5.0;-11.0;-64.0;14;10
9;169;34;45;3.73219239999889;10;-48.0;285;Ceylan & Pascucci (2023);Experiment 2;Orientation;1;3;-48.0;-56.0;-53.0;-59.0;15;10
9;114;111;-3;2.09181539999554;10;55.0;286;Ceylan & Pascucci (2023);Experiment 2;Orientation;1;3;55.0;7.0;-1.0;2.0;16;10
9;20;29;9;2.116397100006;10;-86.0;287;Ceylan & Pascucci (2023);Experiment 2;Orientation;1;3;-86.0;-31.0;-79.0;-87.0;17;10
9;73;51;-22;2.49176699999953;10;-53.0;288;Ceylan & Pascucci (2023);Experiment 2;Orientation;1;3;-53.0;41.0;-84.0;48.0;18;10
9;168;134;-34;1.37382239999715;10;85.0;289;Ceylan & Pascucci (2023);Experiment 2;Orientation;1;3;85.0;32.0;-54.0;1.0;19;10
9;8;6;-2;2.19140049999987;10;-20.0;290;Ceylan & Pascucci (2023);Experiment 2;Orientation;1;3;-20.0;65.0;12.0;-74.0;20;10
9;103;107;4;2.88327060001029;10;85.0;291;Ceylan & Pascucci (2023);Experiment 2;Orientation;1;3;85.0;65.0;-30.0;-83.0;21;10
9;31;43;12;1.69182680000085;10;72.0;292;Ceylan & Pascucci (2023);Experiment 2;Orientation;1;3;72.0;-23.0;-43.0;42.0;22;10
9;136;129;-7;3.00800259999232;10;75.0;293;Ceylan & Pascucci (2023);Experiment 2;Orientation;1;3;75.0;-33.0;52.0;32.0;23;10
9;12;12;0;2.62383879999106;10;-56.0;294;Ceylan & Pascucci (2023);Experiment 2;Orientation;1;3;-56.0;19.0;-89.0;-4.0;24;10
9;166;150;-16;1.67480599999544;10;26.0;295;Ceylan & Pascucci (2023);Experiment 2;Orientation;1;3;26.0;-30.0;45.0;-63.0;25;10
9;20;26;6;1.89194079999288;10;-34.0;296;Ceylan & Pascucci (2023);Experiment 2;Orientation;1;3;-34.0;-8.0;-64.0;11.0;26;10
9;24;36;12;1.80018389999168;10;-4.0;297;Ceylan & Pascucci (2023);Experiment 2;Orientation;1;3;-4.0;-38.0;-12.0;-68.0;27;10
9;93;92;-1;1.53328260000853;10;-69.0;298;Ceylan & Pascucci (2023);Experiment 2;Orientation;1;3;-69.0;-73.0;73.0;-81.0;28;10
9;177;159;-18;2.85004799999297;10;-84.0;299;Ceylan & Pascucci (2023);Experiment 2;Orientation;1;3;-84.0;27.0;23.0;-11.0;29;10
9;24;36;12;1.33309879999433;10;-27.0;300;Ceylan & Pascucci (2023);Experiment 2;Orientation;1;3;-27.0;69.0;0.0;-4.0;30;10
10;102;109;7;2.14938400000392;1;;1;Ceylan & Pascucci (2023);Experiment 2;Orientation;1;3;;;;;1;1
10;99;100;1;0.974648300005356;1;3.0;2;Ceylan & Pascucci (2023);Experiment 2;Orientation;1;3;;;;;2;1
10;107;102;-5;2.13282559999789;1;-8.0;3;Ceylan & Pascucci (2023);Experiment 2;Orientation;1;3;;;;;3;1
10;176;171;-5;1.5664381999959;1;-69.0;4;Ceylan & Pascucci (2023);Experiment 2;Orientation;1;3;;;;;4;1
10;53;49;-4;1.54130209999857;1;-57.0;5;Ceylan & Pascucci (2023);Experiment 2;Orientation;1;3;-57.0;54.0;46.0;49.0;5;1
10;35;35;0;1.08305990000372;1;18.0;6;Ceylan & Pascucci (2023);Experiment 2;Orientation;1;3;18.0;-39.0;72.0;64.0;6;1
10;92;95;3;1.30792259999726;1;-57.0;7;Ceylan & Pascucci (2023);Experiment 2;Orientation;1;3;-57.0;-39.0;84.0;15.0;7;1
10;59;54;-5;1.6246642999904;1;33.0;8;Ceylan & Pascucci (2023);Experiment 2;Orientation;1;3;33.0;-24.0;-6.0;-63.0;8;1
10;108;115;7;1.35793600000034;1;-49.0;9;Ceylan & Pascucci (2023);Experiment 2;Orientation;1;3;-49.0;-16.0;-73.0;-55.0;9;1
10;103;108;5;1.89952759999142;1;5.0;10;Ceylan & Pascucci (2023);Experiment 2;Orientation;1;3;5.0;-44.0;-11.0;-68.0;10;1
10;68;67;-1;1.55798040000082;1;35.0;11;Ceylan & Pascucci (2023);Experiment 2;Orientation;1;3;35.0;40.0;-9.0;24.0;11;1
10;122;118;-4;1.26634040000499;1;-54.0;12;Ceylan & Pascucci (2023);Experiment 2;Orientation;1;3;-54.0;-19.0;-14.0;-63.0;12;1
10;45;35;-10;1.39150320000772;1;77.0;13;Ceylan & Pascucci (2023);Experiment 2;Orientation;1;3;77.0;23.0;58.0;63.0;13;1
10;154;167;13;1.64110900000378;1;71.0;14;Ceylan & Pascucci (2023);Experiment 2;Orientation;1;3;71.0;-32.0;-86.0;-51.0;14;1
10;80;66;-14;2.02533160000166;1;74.0;15;Ceylan & Pascucci (2023);Experiment 2;Orientation;1;3;74.0;-35.0;42.0;-12.0;15;1
10;66;58;-8;1.76869830000214;1;14.0;16;Ceylan & Pascucci (2023);Experiment 2;Orientation;1;3;14.0;88.0;-21.0;56.0;16;1
10;123;117;-6;1.74926989999949;1;-57.0;17;Ceylan & Pascucci (2023);Experiment 2;Orientation;1;3;-57.0;-43.0;31.0;-78.0;17;1
10;100;113;13;1.54171089999727;1;23.0;18;Ceylan & Pascucci (2023);Experiment 2;Orientation;1;3;23.0;-34.0;-20.0;54.0;18;1
10;40;35;-5;2.42501269999775;1;60.0;19;Ceylan & Pascucci (2023);Experiment 2;Orientation;1;3;60.0;83.0;26.0;40.0;19;1
10;47;42;-5;1.45031349999772;1;-7.0;20;Ceylan & Pascucci (2023);Experiment 2;Orientation;1;3;-7.0;53.0;76.0;19.0;20;1
10;19;32;13;1.39937810000265;1;28.0;21;Ceylan & Pascucci (2023);Experiment 2;Orientation;1;3;28.0;21.0;81.0;-76.0;21;1
10;108;112;4;1.4748513999948;1;-89.0;22;Ceylan & Pascucci (2023);Experiment 2;Orientation;1;3;-89.0;-61.0;-68.0;-8.0;22;1
10;83;82;-1;1.35857570001099;1;25.0;23;Ceylan & Pascucci (2023);Experiment 2;Orientation;1;3;25.0;-64.0;-36.0;-43.0;23;1
10;179;159;-20;1.50030810000317;1;84.0;24;Ceylan & Pascucci (2023);Experiment 2;Orientation;1;3;84.0;-71.0;20.0;48.0;24;1
10;23;16;-7;1.66603059999761;1;-24.0;25;Ceylan & Pascucci (2023);Experiment 2;Orientation;1;3;-24.0;60.0;85.0;-4.0;25;1
10;44;36;-8;1.21650860000227;1;-21.0;26;Ceylan & Pascucci (2023);Experiment 2;Orientation;1;3;-21.0;-45.0;39.0;64.0;26;1
10;127;143;16;1.38268629999948;1;-83.0;27;Ceylan & Pascucci (2023);Experiment 2;Orientation;1;3;-83.0;76.0;52.0;-44.0;27;1
10;126;130;4;1.46657129999949;1;1.0;28;Ceylan & Pascucci (2023);Experiment 2;Orientation;1;3;1.0;-82.0;77.0;53.0;28;1
10;5;158;-27;1.46673250000458;1;-59.0;29;Ceylan & Pascucci (2023);Experiment 2;Orientation;1;3;-59.0;-58.0;39.0;18.0;29;1
10;52;44;-8;1.65856440000061;1;-47.0;30;Ceylan & Pascucci (2023);Experiment 2;Orientation;1;3;-47.0;74.0;75.0;-8.0;30;1
10;25;21;-4;0.974950800009537;2;27.0;31;Ceylan & Pascucci (2023);Experiment 2;Orientation;1;3;;;;;1;2
10;164;151;-13;1.1252542000002;2;41.0;32;Ceylan & Pascucci (2023);Experiment 2;Orientation;1;3;;;;;2;2
10;60;50;-10;1.44064410000283;2;-76.0;33;Ceylan & Pascucci (2023);Experiment 2;Orientation;1;3;;;;;3;2
10;98;107;9;1.20825110000442;2;-38.0;34;Ceylan & Pascucci (2023);Experiment 2;Orientation;1;3;;;;;4;2
10;128;137;9;1.10728189999645;2;-30.0;35;Ceylan & Pascucci (2023);Experiment 2;Orientation;1;3;-30.0;-68.0;36.0;77.0;5;2
10;150;148;-2;1.32521160000761;2;-22.0;36;Ceylan & Pascucci (2023);Experiment 2;Orientation;1;3;-22.0;-52.0;90.0;14.0;6;2
10;13;15;2;1.5252169000014;2;-43.0;37;Ceylan & Pascucci (2023);Experiment 2;Orientation;1;3;-43.0;-65.0;85.0;47.0;7;2
10;147;165;18;1.86691880000581;2;46.0;38;Ceylan & Pascucci (2023);Experiment 2;Orientation;1;3;46.0;3.0;-19.0;-49.0;8;2
10;89;83;-6;2.64181950000057;2;58.0;39;Ceylan & Pascucci (2023);Experiment 2;Orientation;1;3;58.0;-76.0;61.0;39.0;9;2
10;54;57;3;1.07523329999822;2;35.0;40;Ceylan & Pascucci (2023);Experiment 2;Orientation;1;3;35.0;-87.0;-41.0;-84.0;10;2
10;179;173;-6;1.63358160000644;2;55.0;41;Ceylan & Pascucci (2023);Experiment 2;Orientation;1;3;55.0;90.0;-32.0;14.0;11;2
10;35;26;-9;1.32533649999823;2;-36.0;42;Ceylan & Pascucci (2023);Experiment 2;Orientation;1;3;-36.0;19.0;54.0;-68.0;12;2
10;74;51;-23;1.95817899999383;2;-39.0;43;Ceylan & Pascucci (2023);Experiment 2;Orientation;1;3;-39.0;-75.0;-20.0;15.0;13;2
10;74;56;-18;1.65701870000339;2;0.0;44;Ceylan & Pascucci (2023);Experiment 2;Orientation;1;3;0.0;-39.0;-75.0;-20.0;14;2
10;97;99;2;1.40811239999312;2;-23.0;45;Ceylan & Pascucci (2023);Experiment 2;Orientation;1;3;-23.0;-23.0;-62.0;82.0;15;2
10;2;161;-21;1.5664836000069;2;-85.0;46;Ceylan & Pascucci (2023);Experiment 2;Orientation;1;3;-85.0;72.0;72.0;33.0;16;2
10;46;32;-14;1.52477689999796;2;-44.0;47;Ceylan & Pascucci (2023);Experiment 2;Orientation;1;3;-44.0;51.0;28.0;28.0;17;2
10;167;173;6;1.05856199999107;2;59.0;48;Ceylan & Pascucci (2023);Experiment 2;Orientation;1;3;59.0;15.0;-70.0;87.0;18;2
10;91;101;10;2.03317100000277;2;76.0;49;Ceylan & Pascucci (2023);Experiment 2;Orientation;1;3;76.0;-45.0;-89.0;6.0;19;2
10;164;168;4;0.908226600004127;2;-73.0;50;Ceylan & Pascucci (2023);Experiment 2;Orientation;1;3;-73.0;3.0;62.0;18.0;20;2
10;32;22;-10;1.29156610000064;2;-48.0;51;Ceylan & Pascucci (2023);Experiment 2;Orientation;1;3;-48.0;59.0;-45.0;14.0;21;2
10;89;86;-3;1.24988519999897;2;-57.0;52;Ceylan & Pascucci (2023);Experiment 2;Orientation;1;3;-57.0;75.0;2.0;78.0;22;2
10;145;161;16;1.09164349999628;2;-56.0;53;Ceylan & Pascucci (2023);Experiment 2;Orientation;1;3;-56.0;67.0;19.0;-54.0;23;2
10;108;97;-11;1.60013650001201;2;37.0;54;Ceylan & Pascucci (2023);Experiment 2;Orientation;1;3;37.0;-19.0;-76.0;56.0;24;2
10;22;24;2;1.04197710000153;2;86.0;55;Ceylan & Pascucci (2023);Experiment 2;Orientation;1;3;86.0;-57.0;67.0;10.0;25;2
10;53;43;-10;1.20731800000067;2;-31.0;56;Ceylan & Pascucci (2023);Experiment 2;Orientation;1;3;-31.0;55.0;-88.0;36.0;26;2
10;108;111;3;0.842052099993452;2;-55.0;57;Ceylan & Pascucci (2023);Experiment 2;Orientation;1;3;-55.0;-86.0;0.0;37.0;27;2
10;42;37;-5;1.19156440001098;2;66.0;58;Ceylan & Pascucci (2023);Experiment 2;Orientation;1;3;66.0;11.0;-20.0;66.0;28;2
10;35;40;5;1.40025690000039;2;7.0;59;Ceylan & Pascucci (2023);Experiment 2;Orientation;1;3;7.0;73.0;18.0;-13.0;29;2
10;149;147;-2;1.38330380000116;2;66.0;60;Ceylan & Pascucci (2023);Experiment 2;Orientation;1;3;66.0;73.0;-41.0;84.0;30;2
10;124;124;0;2.3580426999979;3;25.0;61;Ceylan & Pascucci (2023);Experiment 2;Orientation;1;3;;;;;1;3
10;5;18;13;1.34245869998995;3;-61.0;62;Ceylan & Pascucci (2023);Experiment 2;Orientation;1;3;;;;;2;3
10;53;41;-12;1.17448280000826;3;-48.0;63;Ceylan & Pascucci (2023);Experiment 2;Orientation;1;3;;;;;3;3
10;104;106;2;1.35865209999611;3;-51.0;64;Ceylan & Pascucci (2023);Experiment 2;Orientation;1;3;;;;;4;3
10;170;154;-16;1.25868559999799;3;-66.0;65;Ceylan & Pascucci (2023);Experiment 2;Orientation;1;3;-66.0;63.0;15.0;-46.0;5;3
10;5;167;-18;1.1837050000031;3;-15.0;66;Ceylan & Pascucci (2023);Experiment 2;Orientation;1;3;-15.0;-81.0;48.0;0.0;6;3
10;147;153;6;1.44155659999524;3;38.0;67;Ceylan & Pascucci (2023);Experiment 2;Orientation;1;3;38.0;23.0;-43.0;86.0;7;3
10;136;132;-4;0.917001699999673;3;11.0;68;Ceylan & Pascucci (2023);Experiment 2;Orientation;1;3;11.0;49.0;34.0;-32.0;8;3
10;123;121;-2;1.44190750000416;3;13.0;69;Ceylan & Pascucci (2023);Experiment 2;Orientation;1;3;13.0;24.0;62.0;47.0;9;3
10;1;170;-11;1.28345650000847;3;-58.0;70;Ceylan & Pascucci (2023);Experiment 2;Orientation;1;3;-58.0;-45.0;-34.0;4.0;10;3
10;13;15;2;1.75856990000466;3;-12.0;71;Ceylan & Pascucci (2023);Experiment 2;Orientation;1;3;-12.0;-70.0;-57.0;-46.0;11;3
10;106;106;0;1.3252150999906;3;87.0;72;Ceylan & Pascucci (2023);Experiment 2;Orientation;1;3;87.0;75.0;17.0;30.0;12;3
10;128;127;-1;2.13307969999732;3;-22.0;73;Ceylan & Pascucci (2023);Experiment 2;Orientation;1;3;-22.0;65.0;53.0;-5.0;13;3
10;61;47;-14;1.71640740000294;3;67.0;74;Ceylan & Pascucci (2023);Experiment 2;Orientation;1;3;67.0;45.0;-48.0;-60.0;14;3
10;156;146;-10;1.21595810000144;3;85.0;75;Ceylan & Pascucci (2023);Experiment 2;Orientation;1;3;85.0;-28.0;-50.0;37.0;15;3
10;73;54;-19;1.19990259999759;3;83.0;76;Ceylan & Pascucci (2023);Experiment 2;Orientation;1;3;83.0;-12.0;55.0;33.0;16;3
10;91;96;5;1.28217639999639;3;-18.0;77;Ceylan & Pascucci (2023);Experiment 2;Orientation;1;3;-18.0;65.0;-30.0;37.0;17;3
10;161;162;1;1.36614119999285;3;-70.0;78;Ceylan & Pascucci (2023);Experiment 2;Orientation;1;3;-70.0;-88.0;-5.0;80.0;18;3
10;39;45;6;1.19896399999561;3;-58.0;79;Ceylan & Pascucci (2023);Experiment 2;Orientation;1;3;-58.0;52.0;34.0;-63.0;19;3
10;113;107;-6;1.24161399999866;3;-74.0;80;Ceylan & Pascucci (2023);Experiment 2;Orientation;1;3;-74.0;48.0;-22.0;-40.0;20;3
10;138;131;-7;0.975330100001884;3;-25.0;81;Ceylan & Pascucci (2023);Experiment 2;Orientation;1;3;-25.0;81.0;23.0;-47.0;21;3
10;10;14;4;2.34984450000047;3;-52.0;82;Ceylan & Pascucci (2023);Experiment 2;Orientation;1;3;-52.0;-77.0;29.0;-29.0;22;3
10;76;66;-10;1.02499109999917;3;-66.0;83;Ceylan & Pascucci (2023);Experiment 2;Orientation;1;3;-66.0;62.0;37.0;-37.0;23;3
10;23;20;-3;1.3070396999974;3;53.0;84;Ceylan & Pascucci (2023);Experiment 2;Orientation;1;3;53.0;-13.0;-65.0;90.0;24;3
10;99;114;15;1.11642920000304;3;-76.0;85;Ceylan & Pascucci (2023);Experiment 2;Orientation;1;3;-76.0;-23.0;-89.0;39.0;25;3
10;39;28;-11;1.50827939998999;3;60.0;86;Ceylan & Pascucci (2023);Experiment 2;Orientation;1;3;60.0;-16.0;37.0;-29.0;26;3
10;175;166;-9;0.9588042999967;3;44.0;87;Ceylan & Pascucci (2023);Experiment 2;Orientation;1;3;44.0;-76.0;28.0;81.0;27;3
10;63;52;-11;1.59980560000986;3;-68.0;88;Ceylan & Pascucci (2023);Experiment 2;Orientation;1;3;-68.0;-24.0;36.0;-40.0;28;3
10;159;153;-6;1.90817989999778;3;84.0;89;Ceylan & Pascucci (2023);Experiment 2;Orientation;1;3;84.0;16.0;60.0;-60.0;29;3
10;169;163;-6;1.31685259999358;3;-10.0;90;Ceylan & Pascucci (2023);Experiment 2;Orientation;1;3;-10.0;74.0;6.0;50.0;30;3
10;106;111;5;1.53355060001195;4;63.0;91;Ceylan & Pascucci (2023);Experiment 2;Orientation;1;3;;;;;1;4
10;155;152;-3;1.38333260000218;4;-49.0;92;Ceylan & Pascucci (2023);Experiment 2;Orientation;1;3;;;;;2;4
10;31;49;18;1.95872780001082;4;-56.0;93;Ceylan & Pascucci (2023);Experiment 2;Orientation;1;3;;;;;3;4
10;27;39;12;1.34188189999259;4;4.0;94;Ceylan & Pascucci (2023);Experiment 2;Orientation;1;3;;;;;4;4
10;151;140;-11;0.96657759998925;4;56.0;95;Ceylan & Pascucci (2023);Experiment 2;Orientation;1;3;56.0;60.0;4.0;-45.0;5;4
10;57;48;-9;1.24152859998867;4;-86.0;96;Ceylan & Pascucci (2023);Experiment 2;Orientation;1;3;-86.0;-30.0;-26.0;-82.0;6;4
10;138;128;-10;0.833685499994317;4;-81.0;97;Ceylan & Pascucci (2023);Experiment 2;Orientation;1;3;-81.0;13.0;69.0;73.0;7;4
10;103;106;3;1.27524750000157;4;35.0;98;Ceylan & Pascucci (2023);Experiment 2;Orientation;1;3;35.0;-46.0;48.0;-76.0;8;4
10;2;162;-20;1.52484620000178;4;-79.0;99;Ceylan & Pascucci (2023);Experiment 2;Orientation;1;3;-79.0;-44.0;55.0;-31.0;9;4
10;121;109;-12;1.69774999999208;4;61.0;100;Ceylan & Pascucci (2023);Experiment 2;Orientation;1;3;61.0;-18.0;17.0;-64.0;10;4
10;81;67;-14;1.22521560000314;4;40.0;101;Ceylan & Pascucci (2023);Experiment 2;Orientation;1;3;40.0;-79.0;22.0;57.0;11;4
10;73;66;-7;1.14982439999585;4;8.0;102;Ceylan & Pascucci (2023);Experiment 2;Orientation;1;3;8.0;48.0;-71.0;30.0;12;4
10;18;17;-1;1.59169849999307;4;55.0;103;Ceylan & Pascucci (2023);Experiment 2;Orientation;1;3;55.0;63.0;-77.0;-16.0;13;4
10;20;33;13;1.21630219998769;4;-2.0;104;Ceylan & Pascucci (2023);Experiment 2;Orientation;1;3;-2.0;53.0;61.0;-79.0;14;4
10;44;43;-1;1.40734410000732;4;-24.0;105;Ceylan & Pascucci (2023);Experiment 2;Orientation;1;3;-24.0;-26.0;29.0;37.0;15;4
10;161;143;-18;1.30830219999189;4;63.0;106;Ceylan & Pascucci (2023);Experiment 2;Orientation;1;3;63.0;39.0;37.0;-88.0;16;4
10;43;47;4;1.31606909999391;4;-62.0;107;Ceylan & Pascucci (2023);Experiment 2;Orientation;1;3;-62.0;1.0;-23.0;-25.0;17;4
10;176;163;-13;1.14039089999278;4;47.0;108;Ceylan & Pascucci (2023);Experiment 2;Orientation;1;3;47.0;-15.0;48.0;24.0;18;4
10;152;145;-7;1.15868170000613;4;24.0;109;Ceylan & Pascucci (2023);Experiment 2;Orientation;1;3;24.0;71.0;9.0;72.0;19;4
10;39;37;-2;1.41649319999851;4;-67.0;110;Ceylan & Pascucci (2023);Experiment 2;Orientation;1;3;-67.0;-43.0;4.0;-58.0;20;4
10;48;38;-10;0.899988399993163;4;-9.0;111;Ceylan & Pascucci (2023);Experiment 2;Orientation;1;3;-9.0;-76.0;-52.0;-5.0;21;4
10;109;109;0;1.22530360000383;4;-61.0;112;Ceylan & Pascucci (2023);Experiment 2;Orientation;1;3;-61.0;-70.0;43.0;67.0;22;4
10;129;118;-11;1.34092329999839;4;-20.0;113;Ceylan & Pascucci (2023);Experiment 2;Orientation;1;3;-20.0;-81.0;90.0;23.0;23;4
10;40;29;-11;1.16659500000242;4;89.0;114;Ceylan & Pascucci (2023);Experiment 2;Orientation;1;3;89.0;69.0;8.0;-1.0;24;4
10;174;170;-4;1.42525090000709;4;46.0;115;Ceylan & Pascucci (2023);Experiment 2;Orientation;1;3;46.0;-45.0;-65.0;54.0;25;4
10;89;87;-2;1.2658844999969;4;85.0;116;Ceylan & Pascucci (2023);Experiment 2;Orientation;1;3;85.0;-49.0;40.0;20.0;26;4
10;141;156;15;1.07487950001087;4;-52.0;117;Ceylan & Pascucci (2023);Experiment 2;Orientation;1;3;-52.0;33.0;79.0;-12.0;27;4
10;158;150;-8;1.24134389999381;4;-17.0;118;Ceylan & Pascucci (2023);Experiment 2;Orientation;1;3;-17.0;-69.0;16.0;62.0;28;4
10;164;160;-4;0.958591799993883;4;-6.0;119;Ceylan & Pascucci (2023);Experiment 2;Orientation;1;3;-6.0;-23.0;-75.0;10.0;29;4
10;44;30;-14;1.18358389999776;4;-60.0;120;Ceylan & Pascucci (2023);Experiment 2;Orientation;1;3;-60.0;-66.0;-83.0;45.0;30;4
10;162;160;-2;1.49993289999838;5;62.0;121;Ceylan & Pascucci (2023);Experiment 2;Orientation;1;3;;;;;1;5
10;38;33;-5;1.32487919999403;5;-56.0;122;Ceylan & Pascucci (2023);Experiment 2;Orientation;1;3;;;;;2;5
10;64;49;-15;1.41659480000089;5;-26.0;123;Ceylan & Pascucci (2023);Experiment 2;Orientation;1;3;;;;;3;5
10;69;64;-5;1.24984569998924;5;-5.0;124;Ceylan & Pascucci (2023);Experiment 2;Orientation;1;3;;;;;4;5
10;142;153;11;1.67523750000692;5;-73.0;125;Ceylan & Pascucci (2023);Experiment 2;Orientation;1;3;-73.0;-78.0;76.0;20.0;5;5
10;66;68;2;1.49153890000889;5;76.0;126;Ceylan & Pascucci (2023);Experiment 2;Orientation;1;3;76.0;3.0;-2.0;-28.0;6;5
10;35;30;-5;1.54074179999589;5;31.0;127;Ceylan & Pascucci (2023);Experiment 2;Orientation;1;3;31.0;-73.0;34.0;29.0;7;5
10;113;107;-6;2.13311830000021;5;-78.0;128;Ceylan & Pascucci (2023);Experiment 2;Orientation;1;3;-78.0;-47.0;29.0;-44.0;8;5
10;89;87;-2;1.80857249999826;5;24.0;129;Ceylan & Pascucci (2023);Experiment 2;Orientation;1;3;24.0;-54.0;-23.0;53.0;9;5
10;55;33;-22;1.28338559999247;5;34.0;130;Ceylan & Pascucci (2023);Experiment 2;Orientation;1;3;34.0;58.0;-20.0;11.0;10;5
10;83;82;-1;1.10831860000326;5;-28.0;131;Ceylan & Pascucci (2023);Experiment 2;Orientation;1;3;-28.0;6.0;30.0;-48.0;11;5
10;173;153;-20;1.26568970001244;5;-90.0;132;Ceylan & Pascucci (2023);Experiment 2;Orientation;1;3;90.0;62.0;-84.0;-60.0;12;5
10;22;24;2;1.30804920000082;5;-29.0;133;Ceylan & Pascucci (2023);Experiment 2;Orientation;1;3;-29.0;61.0;33.0;67.0;13;5
10;22;1;-21;1.62548390000302;5;0.0;134;Ceylan & Pascucci (2023);Experiment 2;Orientation;1;3;0.0;-29.0;61.0;33.0;14;5
10;70;47;-23;1.41690160000871;5;-48.0;135;Ceylan & Pascucci (2023);Experiment 2;Orientation;1;3;-48.0;-48.0;-77.0;13.0;15;5
10;12;3;-9;1.76663250000274;5;58.0;136;Ceylan & Pascucci (2023);Experiment 2;Orientation;1;3;58.0;10.0;10.0;-19.0;16;5
10;10;1;-9;1.49150000000373;5;2.0;137;Ceylan & Pascucci (2023);Experiment 2;Orientation;1;3;2.0;60.0;12.0;12.0;17;5
10;89;87;-2;1.68351540000003;5;-79.0;138;Ceylan & Pascucci (2023);Experiment 2;Orientation;1;3;-79.0;-77.0;-19.0;-67.0;18;5
10;130;141;11;1.49207360000582;5;-41.0;139;Ceylan & Pascucci (2023);Experiment 2;Orientation;1;3;-41.0;60.0;62.0;-60.0;19;5
10;33;18;-15;1.19986470000003;5;-83.0;140;Ceylan & Pascucci (2023);Experiment 2;Orientation;1;3;-83.0;56.0;-23.0;-21.0;20;5
10;125;131;6;1.55859220000275;5;88.0;141;Ceylan & Pascucci (2023);Experiment 2;Orientation;1;3;88.0;5.0;-36.0;65.0;21;5
10;78;73;-5;1.25857400000677;5;47.0;142;Ceylan & Pascucci (2023);Experiment 2;Orientation;1;3;47.0;-45.0;52.0;11.0;22;5
10;64;64;0;2.12430730000779;5;14.0;143;Ceylan & Pascucci (2023);Experiment 2;Orientation;1;3;14.0;61.0;-31.0;66.0;23;5
10;17;22;5;1.41645410000638;5;47.0;144;Ceylan & Pascucci (2023);Experiment 2;Orientation;1;3;47.0;61.0;-72.0;16.0;24;5
10;139;148;9;0.90863000000536;5;58.0;145;Ceylan & Pascucci (2023);Experiment 2;Orientation;1;3;58.0;-75.0;-61.0;-14.0;25;5
10;78;78;0;1.26691479999863;5;61.0;146;Ceylan & Pascucci (2023);Experiment 2;Orientation;1;3;61.0;-61.0;-14.0;0.0;26;5
10;68;79;11;0.825358999994933;5;10.0;147;Ceylan & Pascucci (2023);Experiment 2;Orientation;1;3;10.0;71.0;-51.0;-4.0;27;5
10;92;89;-3;1.25031400000444;5;-24.0;148;Ceylan & Pascucci (2023);Experiment 2;Orientation;1;3;-24.0;-14.0;47.0;-75.0;28;5
10;24;21;-3;0.867164299997967;5;68.0;149;Ceylan & Pascucci (2023);Experiment 2;Orientation;1;3;68.0;44.0;54.0;-65.0;29;5
10;159;147;-12;1.36568509999779;5;45.0;150;Ceylan & Pascucci (2023);Experiment 2;Orientation;1;3;45.0;-67.0;89.0;-81.0;30;5
10;154;170;16;1.54085570000461;6;5.0;151;Ceylan & Pascucci (2023);Experiment 2;Orientation;1;3;;;;;1;6
10;111;114;3;1.52391550000175;6;43.0;152;Ceylan & Pascucci (2023);Experiment 2;Orientation;1;3;;;;;2;6
10;37;50;13;1.23325969999132;6;74.0;153;Ceylan & Pascucci (2023);Experiment 2;Orientation;1;3;;;;;3;6
10;33;28;-5;1.25763730000472;6;4.0;154;Ceylan & Pascucci (2023);Experiment 2;Orientation;1;3;;;;;4;6
10;170;158;-12;0.958712799998466;6;43.0;155;Ceylan & Pascucci (2023);Experiment 2;Orientation;1;3;43.0;47.0;-59.0;-16.0;5;6
10;165;157;-8;1.29983200000424;6;5.0;156;Ceylan & Pascucci (2023);Experiment 2;Orientation;1;3;5.0;48.0;52.0;-54.0;6;6
10;39;35;-4;1.20034830000077;6;-54.0;157;Ceylan & Pascucci (2023);Experiment 2;Orientation;1;3;-54.0;-49.0;-6.0;-2.0;7;6
10;97;104;7;0.933276800002204;6;-58.0;158;Ceylan & Pascucci (2023);Experiment 2;Orientation;1;3;-58.0;68.0;73.0;-64.0;8;6
10;71;70;-1;1.26602229999844;6;26.0;159;Ceylan & Pascucci (2023);Experiment 2;Orientation;1;3;26.0;-32.0;-86.0;-81.0;9;6
10;42;56;14;1.69191540000611;6;29.0;160;Ceylan & Pascucci (2023);Experiment 2;Orientation;1;3;29.0;55.0;-3.0;-57.0;10;6
10;41;52;11;0.883346899994649;6;1.0;161;Ceylan & Pascucci (2023);Experiment 2;Orientation;1;3;1.0;30.0;56.0;-2.0;11;6
10;41;59;18;1.45816080000077;6;0.0;162;Ceylan & Pascucci (2023);Experiment 2;Orientation;1;3;0.0;1.0;30.0;56.0;12;6
10;150;151;1;1.01701779999712;6;71.0;163;Ceylan & Pascucci (2023);Experiment 2;Orientation;1;3;71.0;71.0;72.0;-79.0;13;6
10;164;154;-10;1.05012169999827;6;-14.0;164;Ceylan & Pascucci (2023);Experiment 2;Orientation;1;3;-14.0;57.0;57.0;58.0;14;6
10;28;40;12;1.349326200012;6;-44.0;165;Ceylan & Pascucci (2023);Experiment 2;Orientation;1;3;-44.0;-58.0;13.0;13.0;15;6
10;87;69;-18;1.38332829999854;6;-59.0;166;Ceylan & Pascucci (2023);Experiment 2;Orientation;1;3;-59.0;77.0;63.0;-46.0;16;6
10;8;13;5;1.18304819999321;6;79.0;167;Ceylan & Pascucci (2023);Experiment 2;Orientation;1;3;79.0;20.0;-24.0;-38.0;17;6
10;135;147;12;1.17495080000663;6;53.0;168;Ceylan & Pascucci (2023);Experiment 2;Orientation;1;3;53.0;-48.0;73.0;29.0;18;6
10;61;51;-10;1.45859270000074;6;74.0;169;Ceylan & Pascucci (2023);Experiment 2;Orientation;1;3;74.0;-53.0;26.0;-33.0;19;6
10;94;98;4;1.48374920000788;6;-33.0;170;Ceylan & Pascucci (2023);Experiment 2;Orientation;1;3;-33.0;41.0;-86.0;-7.0;20;6
10;70;75;5;1.0002850000019;6;24.0;171;Ceylan & Pascucci (2023);Experiment 2;Orientation;1;3;24.0;-9.0;65.0;-62.0;21;6
10;31;34;3;1.05910250000306;6;39.0;172;Ceylan & Pascucci (2023);Experiment 2;Orientation;1;3;39.0;63.0;30.0;-76.0;22;6
10;87;77;-10;1.79191219998756;6;-56.0;173;Ceylan & Pascucci (2023);Experiment 2;Orientation;1;3;-56.0;-17.0;7.0;-26.0;23;6
10;134;116;-18;1.31671680000727;6;-47.0;174;Ceylan & Pascucci (2023);Experiment 2;Orientation;1;3;-47.0;77.0;-64.0;-40.0;24;6
10;75;75;0;1.41690920000838;6;59.0;175;Ceylan & Pascucci (2023);Experiment 2;Orientation;1;3;59.0;12.0;-44.0;-5.0;25;6
10;61;57;-4;1.47524980000162;6;14.0;176;Ceylan & Pascucci (2023);Experiment 2;Orientation;1;3;14.0;73.0;26.0;-30.0;26;6
10;77;65;-12;1.59023240000533;6;-16.0;177;Ceylan & Pascucci (2023);Experiment 2;Orientation;1;3;-16.0;-2.0;57.0;10.0;27;6
10;27;24;-3;0.992123899995931;6;50.0;178;Ceylan & Pascucci (2023);Experiment 2;Orientation;1;3;50.0;34.0;48.0;-73.0;28;6
10;91;97;6;1.7165820000082;6;-64.0;179;Ceylan & Pascucci (2023);Experiment 2;Orientation;1;3;-64.0;-14.0;-30.0;-16.0;29;6
10;88;82;-6;0.916530300004524;6;3.0;180;Ceylan & Pascucci (2023);Experiment 2;Orientation;1;3;3.0;-61.0;-11.0;-27.0;30;6
10;71;45;-26;1.54979629999434;7;17.0;181;Ceylan & Pascucci (2023);Experiment 2;Orientation;1;3;;;;;1;7
10;112;99;-13;1.13234399999783;7;-41.0;182;Ceylan & Pascucci (2023);Experiment 2;Orientation;1;3;;;;;2;7
10;54;49;-5;1.23324129999673;7;58.0;183;Ceylan & Pascucci (2023);Experiment 2;Orientation;1;3;;;;;3;7
10;128;123;-5;0.999959399996442;7;-74.0;184;Ceylan & Pascucci (2023);Experiment 2;Orientation;1;3;;;;;4;7
10;172;156;-16;1.04123969998909;7;-44.0;185;Ceylan & Pascucci (2023);Experiment 2;Orientation;1;3;-44.0;62.0;-60.0;79.0;5;7
10;162;158;-4;0.616981800005306;7;10.0;186;Ceylan & Pascucci (2023);Experiment 2;Orientation;1;3;10.0;-34.0;72.0;-50.0;6;7
10;58;43;-15;1.14986049999425;7;-76.0;187;Ceylan & Pascucci (2023);Experiment 2;Orientation;1;3;-76.0;-66.0;70.0;-4.0;7;7
10;153;145;-8;1.56638499999826;7;85.0;188;Ceylan & Pascucci (2023);Experiment 2;Orientation;1;3;85.0;9.0;19.0;-25.0;8;7
10;114;107;-7;1.42428910000308;7;39.0;189;Ceylan & Pascucci (2023);Experiment 2;Orientation;1;3;39.0;-56.0;48.0;58.0;9;7
10;131;136;5;1.49105979999877;7;-17.0;190;Ceylan & Pascucci (2023);Experiment 2;Orientation;1;3;-17.0;22.0;-73.0;31.0;10;7
10;115;117;2;1.3832323999959;7;16.0;191;Ceylan & Pascucci (2023);Experiment 2;Orientation;1;3;16.0;-1.0;38.0;-57.0;11;7
10;88;81;-7;1.81691369999317;7;27.0;192;Ceylan & Pascucci (2023);Experiment 2;Orientation;1;3;27.0;43.0;26.0;65.0;12;7
10;26;26;0;1.04985120000492;7;62.0;193;Ceylan & Pascucci (2023);Experiment 2;Orientation;1;3;62.0;89.0;-75.0;88.0;13;7
10;64;77;13;1.68232490000082;7;-38.0;194;Ceylan & Pascucci (2023);Experiment 2;Orientation;1;3;-38.0;24.0;51.0;67.0;14;7
10;14;31;17;0.867204700000002;7;50.0;195;Ceylan & Pascucci (2023);Experiment 2;Orientation;1;3;50.0;12.0;74.0;-79.0;15;7
10;76;71;-5;1.2749354000116;7;-62.0;196;Ceylan & Pascucci (2023);Experiment 2;Orientation;1;3;-62.0;-12.0;-50.0;12.0;16;7
10;107;109;2;1.55862660000275;7;-31.0;197;Ceylan & Pascucci (2023);Experiment 2;Orientation;1;3;-31.0;87.0;-43.0;-81.0;17;7
10;7;2;-5;1.17530629999237;7;-80.0;198;Ceylan & Pascucci (2023);Experiment 2;Orientation;1;3;-80.0;69.0;7.0;57.0;18;7
10;16;12;-4;1.28357450000476;7;-9.0;199;Ceylan & Pascucci (2023);Experiment 2;Orientation;1;3;-9.0;-89.0;60.0;-2.0;19;7
10;150;146;-4;1.34147700000904;7;46.0;200;Ceylan & Pascucci (2023);Experiment 2;Orientation;1;3;46.0;37.0;-43.0;-74.0;20;7
10;28;15;-13;1.55742859999009;7;-58.0;201;Ceylan & Pascucci (2023);Experiment 2;Orientation;1;3;-58.0;-12.0;-21.0;79.0;21;7
10;126;131;5;1.52529770000547;7;82.0;202;Ceylan & Pascucci (2023);Experiment 2;Orientation;1;3;82.0;24.0;70.0;61.0;22;7
10;84;74;-10;1.51650420000078;7;42.0;203;Ceylan & Pascucci (2023);Experiment 2;Orientation;1;3;42.0;-56.0;66.0;-68.0;23;7
10;133;143;10;1.63338879999355;7;-49.0;204;Ceylan & Pascucci (2023);Experiment 2;Orientation;1;3;-49.0;-7.0;75.0;17.0;24;7
10;70;75;5;1.6583959999989;7;63.0;205;Ceylan & Pascucci (2023);Experiment 2;Orientation;1;3;63.0;14.0;56.0;-42.0;25;7
10;161;150;-11;1.43367949999811;7;89.0;206;Ceylan & Pascucci (2023);Experiment 2;Orientation;1;3;89.0;-28.0;-77.0;-35.0;26;7
10;91;84;-7;0.949858899999526;7;70.0;207;Ceylan & Pascucci (2023);Experiment 2;Orientation;1;3;70.0;-21.0;42.0;-7.0;27;7
10;95;105;10;1.72391880000941;7;-4.0;208;Ceylan & Pascucci (2023);Experiment 2;Orientation;1;3;-4.0;66.0;-25.0;38.0;28;7
10;19;25;6;1.30036619999737;7;76.0;209;Ceylan & Pascucci (2023);Experiment 2;Orientation;1;3;76.0;72.0;-38.0;51.0;29;7
10;70;65;-5;1.74185720000241;7;-51.0;210;Ceylan & Pascucci (2023);Experiment 2;Orientation;1;3;-51.0;25.0;21.0;-89.0;30;7
10;37;49;12;2.33328639999672;8;33.0;211;Ceylan & Pascucci (2023);Experiment 2;Orientation;1;3;;;;;1;8
10;37;31;-6;1.35026479999942;8;0.0;212;Ceylan & Pascucci (2023);Experiment 2;Orientation;1;3;;;;;2;8
10;105;119;14;1.15032069999143;8;-68.0;213;Ceylan & Pascucci (2023);Experiment 2;Orientation;1;3;;;;;3;8
10;127;131;4;1.21540739999909;8;-22.0;214;Ceylan & Pascucci (2023);Experiment 2;Orientation;1;3;;;;;4;8
10;175;176;1;1.39204589999281;8;-48.0;215;Ceylan & Pascucci (2023);Experiment 2;Orientation;1;3;-48.0;-70.0;42.0;42.0;5;8
10;116;114;-2;1.48360190000676;8;59.0;216;Ceylan & Pascucci (2023);Experiment 2;Orientation;1;3;59.0;11.0;-11.0;-79.0;6;8
10;166;171;5;1.21554429999378;8;-50.0;217;Ceylan & Pascucci (2023);Experiment 2;Orientation;1;3;-50.0;9.0;-39.0;-61.0;7;8
10;65;60;-5;1.29199389999849;8;-79.0;218;Ceylan & Pascucci (2023);Experiment 2;Orientation;1;3;-79.0;51.0;-70.0;62.0;8;8
10;109;110;1;1.49211880000075;8;-44.0;219;Ceylan & Pascucci (2023);Experiment 2;Orientation;1;3;-44.0;57.0;7.0;66.0;9;8
10;124;113;-11;1.0834254000074;8;-15.0;220;Ceylan & Pascucci (2023);Experiment 2;Orientation;1;3;-15.0;-59.0;42.0;-8.0;10;8
10;150;150;0;1.39861570000357;8;-26.0;221;Ceylan & Pascucci (2023);Experiment 2;Orientation;1;3;-26.0;-41.0;-85.0;16.0;11;8
10;61;62;1;1.61672860001272;8;89.0;222;Ceylan & Pascucci (2023);Experiment 2;Orientation;1;3;89.0;63.0;48.0;4.0;12;8
10;101;102;1;2.08412630000385;8;-40.0;223;Ceylan & Pascucci (2023);Experiment 2;Orientation;1;3;-40.0;49.0;23.0;8.0;13;8
10;171;177;6;1.35857779999787;8;-70.0;224;Ceylan & Pascucci (2023);Experiment 2;Orientation;1;3;-70.0;70.0;-21.0;-47.0;14;8
10;165;166;1;1.47526870000002;8;6.0;225;Ceylan & Pascucci (2023);Experiment 2;Orientation;1;3;6.0;-64.0;76.0;-15.0;15;8
10;112;108;-4;1.1149626999977;8;53.0;226;Ceylan & Pascucci (2023);Experiment 2;Orientation;1;3;53.0;59.0;-11.0;-51.0;16;8
10;87;86;-1;1.75856570000178;8;25.0;227;Ceylan & Pascucci (2023);Experiment 2;Orientation;1;3;25.0;78.0;84.0;14.0;17;8
10;72;71;-1;1.97485329999472;8;15.0;228;Ceylan & Pascucci (2023);Experiment 2;Orientation;1;3;15.0;40.0;-87.0;-81.0;18;8
10;56;38;-18;1.36540490000334;8;16.0;229;Ceylan & Pascucci (2023);Experiment 2;Orientation;1;3;16.0;31.0;56.0;-71.0;19;8
10;170;158;-12;1.91689410000981;8;66.0;230;Ceylan & Pascucci (2023);Experiment 2;Orientation;1;3;66.0;82.0;-83.0;-58.0;20;8
10;43;26;-17;1.47541990000173;8;-53.0;231;Ceylan & Pascucci (2023);Experiment 2;Orientation;1;3;-53.0;13.0;29.0;44.0;21;8
10;153;161;8;1.44151639999473;8;70.0;232;Ceylan & Pascucci (2023);Experiment 2;Orientation;1;3;70.0;17.0;83.0;-81.0;22;8
10;126;121;-5;1.17528559999482;8;27.0;233;Ceylan & Pascucci (2023);Experiment 2;Orientation;1;3;27.0;-83.0;44.0;-70.0;23;8
10;97;95;-2;1.29991000000155;8;29.0;234;Ceylan & Pascucci (2023);Experiment 2;Orientation;1;3;29.0;56.0;-54.0;73.0;24;8
10;87;95;8;1.65026729999227;8;10.0;235;Ceylan & Pascucci (2023);Experiment 2;Orientation;1;3;10.0;39.0;66.0;-44.0;25;8
10;104;94;-10;1.2498379000026;8;-17.0;236;Ceylan & Pascucci (2023);Experiment 2;Orientation;1;3;-17.0;-7.0;22.0;49.0;26;8
10;7;14;7;1.29063440000755;8;-83.0;237;Ceylan & Pascucci (2023);Experiment 2;Orientation;1;3;-83.0;80.0;90.0;-61.0;27;8
10;13;31;18;1.04193340000347;8;-6.0;238;Ceylan & Pascucci (2023);Experiment 2;Orientation;1;3;-6.0;-89.0;74.0;84.0;28;8
10;157;143;-14;1.14986210000643;8;36.0;239;Ceylan & Pascucci (2023);Experiment 2;Orientation;1;3;36.0;30.0;-53.0;-70.0;29;8
10;104;114;10;0.908252699999139;8;53.0;240;Ceylan & Pascucci (2023);Experiment 2;Orientation;1;3;53.0;89.0;83.0;0.0;30;8
10;71;67;-4;1.29201699999976;9;33.0;241;Ceylan & Pascucci (2023);Experiment 2;Orientation;1;3;;;;;1;9
10;51;53;2;1.09158439999737;9;20.0;242;Ceylan & Pascucci (2023);Experiment 2;Orientation;1;3;;;;;2;9
10;103;100;-3;1.54058479999367;9;-52.0;243;Ceylan & Pascucci (2023);Experiment 2;Orientation;1;3;;;;;3;9
10;95;109;14;1.49130919999152;9;8.0;244;Ceylan & Pascucci (2023);Experiment 2;Orientation;1;3;;;;;4;9
10;102;106;4;1.29032269999152;9;-7.0;245;Ceylan & Pascucci (2023);Experiment 2;Orientation;1;3;-7.0;1.0;-51.0;-31.0;5;9
10;15;28;13;1.15031679999083;9;87.0;246;Ceylan & Pascucci (2023);Experiment 2;Orientation;1;3;87.0;80.0;88.0;36.0;6;9
10;180;171;-9;1.11658370000077;9;15.0;247;Ceylan & Pascucci (2023);Experiment 2;Orientation;1;3;15.0;-78.0;-85.0;-77.0;7;9
10;100;101;1;1.44990219999454;9;80.0;248;Ceylan & Pascucci (2023);Experiment 2;Orientation;1;3;80.0;-85.0;2.0;-5.0;8;9
10;30;39;9;0.858231099991826;9;70.0;249;Ceylan & Pascucci (2023);Experiment 2;Orientation;1;3;70.0;-30.0;-15.0;72.0;9;9
10;63;64;1;1.01702400000067;9;-33.0;250;Ceylan & Pascucci (2023);Experiment 2;Orientation;1;3;-33.0;37.0;-63.0;-48.0;10;9
10;3;169;-14;2.25841759999457;9;60.0;251;Ceylan & Pascucci (2023);Experiment 2;Orientation;1;3;60.0;27.0;-83.0;-3.0;11;9
10;91;98;7;1.03275820000272;9;-88.0;252;Ceylan & Pascucci (2023);Experiment 2;Orientation;1;3;-88.0;-28.0;-61.0;9.0;12;9
10;48;38;-10;1.52535179999541;9;43.0;253;Ceylan & Pascucci (2023);Experiment 2;Orientation;1;3;43.0;-45.0;15.0;-18.0;13;9
10;30;39;9;1.31639169999107;9;18.0;254;Ceylan & Pascucci (2023);Experiment 2;Orientation;1;3;18.0;61.0;-27.0;33.0;14;9
10;156;145;-11;1.88317059999099;9;54.0;255;Ceylan & Pascucci (2023);Experiment 2;Orientation;1;3;54.0;72.0;-65.0;27.0;15;9
10;127;120;-7;1.41687620000448;9;29.0;256;Ceylan & Pascucci (2023);Experiment 2;Orientation;1;3;29.0;83.0;-79.0;-36.0;16;9
10;12;29;17;1.12530640000477;9;-65.0;257;Ceylan & Pascucci (2023);Experiment 2;Orientation;1;3;-65.0;-36.0;18.0;36.0;17;9
10;131;126;-5;1.15828439999314;9;61.0;258;Ceylan & Pascucci (2023);Experiment 2;Orientation;1;3;61.0;-4.0;25.0;79.0;18;9
10;87;81;-6;1.74061320000328;9;44.0;259;Ceylan & Pascucci (2023);Experiment 2;Orientation;1;3;44.0;-75.0;40.0;69.0;19;9
10;111;111;0;1.02534049999667;9;-24.0;260;Ceylan & Pascucci (2023);Experiment 2;Orientation;1;3;-24.0;20.0;81.0;16.0;20;9
10;18;23;5;1.17398930000491;9;-87.0;261;Ceylan & Pascucci (2023);Experiment 2;Orientation;1;3;-87.0;69.0;-67.0;-6.0;21;9
10;132;126;-6;1.10808079999697;9;66.0;262;Ceylan & Pascucci (2023);Experiment 2;Orientation;1;3;66.0;-21.0;-45.0;-1.0;22;9
10;34;39;5;1.22630330000538;9;-82.0;263;Ceylan & Pascucci (2023);Experiment 2;Orientation;1;3;-82.0;-16.0;77.0;53.0;23;9
10;120;119;-1;1.33314600000449;9;-86.0;264;Ceylan & Pascucci (2023);Experiment 2;Orientation;1;3;-86.0;12.0;78.0;-9.0;24;9
10;131;133;2;1.42522659999668;9;-11.0;265;Ceylan & Pascucci (2023);Experiment 2;Orientation;1;3;-11.0;83.0;1.0;67.0;25;9
10;62;62;0;0.991540899995016;9;69.0;266;Ceylan & Pascucci (2023);Experiment 2;Orientation;1;3;69.0;58.0;-28.0;70.0;26;9
10;126;117;-9;1.28361460000451;9;-64.0;267;Ceylan & Pascucci (2023);Experiment 2;Orientation;1;3;-64.0;5.0;-6.0;88.0;27;9
10;166;157;-9;1.63318790000631;9;-40.0;268;Ceylan & Pascucci (2023);Experiment 2;Orientation;1;3;-40.0;76.0;-35.0;-46.0;28;9
10;33;33;0;1.15717560000485;9;-47.0;269;Ceylan & Pascucci (2023);Experiment 2;Orientation;1;3;-47.0;-87.0;29.0;-82.0;29;9
10;149;155;6;1.10762739999336;9;64.0;270;Ceylan & Pascucci (2023);Experiment 2;Orientation;1;3;64.0;17.0;-23.0;-87.0;30;9
10;116;114;-2;1.02564510000229;10;33.0;271;Ceylan & Pascucci (2023);Experiment 2;Orientation;1;3;;;;;1;10
10;129;133;4;1.59184310000273;10;-13.0;272;Ceylan & Pascucci (2023);Experiment 2;Orientation;1;3;;;;;2;10
10;1;174;-7;1.19876109999313;10;-52.0;273;Ceylan & Pascucci (2023);Experiment 2;Orientation;1;3;;;;;3;10
10;125;124;-1;0.758643499997561;10;56.0;274;Ceylan & Pascucci (2023);Experiment 2;Orientation;1;3;;;;;4;10
10;53;50;-3;0.775196199989296;10;72.0;275;Ceylan & Pascucci (2023);Experiment 2;Orientation;1;3;72.0;-52.0;76.0;63.0;5;10
10;21;11;-10;1.04931519999809;10;32.0;276;Ceylan & Pascucci (2023);Experiment 2;Orientation;1;3;32.0;-76.0;-20.0;-72.0;6;10
10;113;78;-35;2.81645139999455;10;88.0;277;Ceylan & Pascucci (2023);Experiment 2;Orientation;1;3;88.0;-60.0;12.0;68.0;7;10
10;132;110;-22;1.59153000000515;10;-19.0;278;Ceylan & Pascucci (2023);Experiment 2;Orientation;1;3;-19.0;69.0;-79.0;-7.0;8;10
10;91;104;13;1.16658389999066;10;41.0;279;Ceylan & Pascucci (2023);Experiment 2;Orientation;1;3;41.0;22.0;-70.0;-38.0;9;10
10;105;106;1;1.15817289998813;10;-14.0;280;Ceylan & Pascucci (2023);Experiment 2;Orientation;1;3;-14.0;27.0;8.0;-84.0;10;10
10;133;124;-9;1.10793870000634;10;-28.0;281;Ceylan & Pascucci (2023);Experiment 2;Orientation;1;3;-28.0;-42.0;-1.0;-20.0;11;10
10;155;138;-17;1.16653420000512;10;-22.0;282;Ceylan & Pascucci (2023);Experiment 2;Orientation;1;3;-22.0;-50.0;-64.0;-23.0;12;10
10;163;156;-7;1.34197909999057;10;-8.0;283;Ceylan & Pascucci (2023);Experiment 2;Orientation;1;3;-8.0;-30.0;-58.0;-72.0;13;10
10;22;30;8;0.875365999992937;10;-39.0;284;Ceylan & Pascucci (2023);Experiment 2;Orientation;1;3;-39.0;-47.0;-69.0;83.0;14;10
10;125;117;-8;1.07539109999198;10;77.0;285;Ceylan & Pascucci (2023);Experiment 2;Orientation;1;3;77.0;38.0;30.0;8.0;15;10
10;58;53;-5;1.03378870000597;10;67.0;286;Ceylan & Pascucci (2023);Experiment 2;Orientation;1;3;67.0;-36.0;-75.0;-83.0;16;10
10;26;36;10;1.80021919999854;10;32.0;287;Ceylan & Pascucci (2023);Experiment 2;Orientation;1;3;32.0;-81.0;-4.0;-43.0;17;10
10;105;101;-4;1.20858430000953;10;-79.0;288;Ceylan & Pascucci (2023);Experiment 2;Orientation;1;3;-79.0;-47.0;20.0;-83.0;18;10
10;136;134;-2;1.33342439999979;10;-31.0;289;Ceylan & Pascucci (2023);Experiment 2;Orientation;1;3;-31.0;70.0;-78.0;-11.0;19;10
10;71;72;1;1.77420470000652;10;65.0;290;Ceylan & Pascucci (2023);Experiment 2;Orientation;1;3;65.0;34.0;-45.0;-13.0;20;10
10;163;161;-2;1.75826149999921;10;88.0;291;Ceylan & Pascucci (2023);Experiment 2;Orientation;1;3;88.0;-27.0;-58.0;43.0;21;10
10;18;6;-12;2.34975739999209;10;-35.0;292;Ceylan & Pascucci (2023);Experiment 2;Orientation;1;3;-35.0;53.0;-62.0;87.0;22;10
10;39;24;-15;1.43309609999415;10;-21.0;293;Ceylan & Pascucci (2023);Experiment 2;Orientation;1;3;-21.0;-56.0;32.0;-83.0;23;10
10;63;44;-19;1.14987880000263;10;-24.0;294;Ceylan & Pascucci (2023);Experiment 2;Orientation;1;3;-24.0;-45.0;-80.0;8.0;24;10
10;102;117;15;1.25825680000708;10;-39.0;295;Ceylan & Pascucci (2023);Experiment 2;Orientation;1;3;-39.0;-63.0;-84.0;61.0;25;10
10;61;51;-10;1.42392240000481;10;41.0;296;Ceylan & Pascucci (2023);Experiment 2;Orientation;1;3;41.0;2.0;-22.0;-43.0;26;10
10;105;107;2;0.866682899999432;10;-44.0;297;Ceylan & Pascucci (2023);Experiment 2;Orientation;1;3;-44.0;-3.0;-42.0;-66.0;27;10
10;176;166;-10;1.27493800000229;10;-71.0;298;Ceylan & Pascucci (2023);Experiment 2;Orientation;1;3;-71.0;65.0;-74.0;67.0;28;10
10;129;130;1;1.8918937999988;10;47.0;299;Ceylan & Pascucci (2023);Experiment 2;Orientation;1;3;47.0;-24.0;-68.0;-27.0;29;10
10;91;87;-4;1.25731509999605;10;38.0;300;Ceylan & Pascucci (2023);Experiment 2;Orientation;1;3;38.0;85.0;14.0;-30.0;30;10
11;92;90;-2;2.45753410000179;1;;1;Ceylan & Pascucci (2023);Experiment 2;Orientation;1;3;;;;;1;1
11;60;57;-3;3.41673240000091;1;32.0;2;Ceylan & Pascucci (2023);Experiment 2;Orientation;1;3;;;;;2;1
11;55;48;-7;2.59994450000522;1;5.0;3;Ceylan & Pascucci (2023);Experiment 2;Orientation;1;3;;;;;3;1
11;27;27;0;0.933674400002928;1;28.0;4;Ceylan & Pascucci (2023);Experiment 2;Orientation;1;3;;;;;4;1
11;147;143;-4;2.07484840000689;1;60.0;5;Ceylan & Pascucci (2023);Experiment 2;Orientation;1;3;60.0;88.0;-87.0;-55.0;5;1
11;124;121;-3;1.56664780000574;1;23.0;6;Ceylan & Pascucci (2023);Experiment 2;Orientation;1;3;23.0;83.0;-69.0;-64.0;6;1
11;74;90;16;1.85810460000357;1;50.0;7;Ceylan & Pascucci (2023);Experiment 2;Orientation;1;3;50.0;73.0;-47.0;-19.0;7;1
11;142;143;1;2.65015489999496;1;-68.0;8;Ceylan & Pascucci (2023);Experiment 2;Orientation;1;3;-68.0;-18.0;5.0;65.0;8;1
11;21;36;15;3.88339190000261;1;-59.0;9;Ceylan & Pascucci (2023);Experiment 2;Orientation;1;3;-59.0;53.0;-77.0;-54.0;9;1
11;134;143;9;1.29168270000082;1;67.0;10;Ceylan & Pascucci (2023);Experiment 2;Orientation;1;3;67.0;8.0;-60.0;-10.0;10;1
11;89;92;3;3.80805360000522;1;45.0;11;Ceylan & Pascucci (2023);Experiment 2;Orientation;1;3;45.0;-68.0;53.0;-15.0;11;1
11;87;89;2;2.86678029999894;1;2.0;12;Ceylan & Pascucci (2023);Experiment 2;Orientation;1;3;2.0;47.0;-66.0;55.0;12;1
11;31;31;0;1.0003194000019;1;56.0;13;Ceylan & Pascucci (2023);Experiment 2;Orientation;1;3;56.0;58.0;-77.0;-10.0;13;1
11;133;133;0;3.58276879999903;1;78.0;14;Ceylan & Pascucci (2023);Experiment 2;Orientation;1;3;78.0;-46.0;-44.0;1.0;14;1
11;65;55;-10;2.30846670000756;1;68.0;15;Ceylan & Pascucci (2023);Experiment 2;Orientation;1;3;68.0;-34.0;22.0;24.0;15;1
11;35;41;6;1.51648370000476;1;30.0;16;Ceylan & Pascucci (2023);Experiment 2;Orientation;1;3;30.0;-82.0;-4.0;52.0;16;1
11;68;65;-3;2.49134699998831;1;-33.0;17;Ceylan & Pascucci (2023);Experiment 2;Orientation;1;3;-33.0;-3.0;65.0;-37.0;17;1
11;30;35;5;0.700505400003749;1;38.0;18;Ceylan & Pascucci (2023);Experiment 2;Orientation;1;3;38.0;5.0;35.0;-77.0;18;1
11;68;71;3;1.49182419999852;1;-38.0;19;Ceylan & Pascucci (2023);Experiment 2;Orientation;1;3;-38.0;0.0;-33.0;-3.0;19;1
11;75;79;4;3.06632349999563;1;-7.0;20;Ceylan & Pascucci (2023);Experiment 2;Orientation;1;3;-7.0;-45.0;-7.0;-40.0;20;1
11;160;137;-23;3.27367000000959;1;-85.0;21;Ceylan & Pascucci (2023);Experiment 2;Orientation;1;3;-85.0;88.0;50.0;88.0;21;1
11;29;53;24;3.44946000000346;1;-49.0;22;Ceylan & Pascucci (2023);Experiment 2;Orientation;1;3;-49.0;46.0;39.0;1.0;22;1
11;72;57;-15;3.0666046999977;1;-43.0;23;Ceylan & Pascucci (2023);Experiment 2;Orientation;1;3;-43.0;88.0;3.0;-4.0;23;1
11;20;36;16;2.09159919999365;1;52.0;24;Ceylan & Pascucci (2023);Experiment 2;Orientation;1;3;52.0;9.0;-40.0;55.0;24;1
11;114;118;4;1.59159599999839;1;86.0;25;Ceylan & Pascucci (2023);Experiment 2;Orientation;1;3;86.0;-42.0;-85.0;46.0;25;1
11;89;87;-2;3.69161490000261;1;25.0;26;Ceylan & Pascucci (2023);Experiment 2;Orientation;1;3;25.0;-69.0;-17.0;-60.0;26;1
11;110;122;12;5.86601230000088;1;-21.0;27;Ceylan & Pascucci (2023);Experiment 2;Orientation;1;3;-21.0;4.0;90.0;-38.0;27;1
11;20;42;22;1.01584290000028;1;90.0;28;Ceylan & Pascucci (2023);Experiment 2;Orientation;1;3;90.0;69.0;-86.0;0.0;28;1
11;36;42;6;1.8082027999917;1;-16.0;29;Ceylan & Pascucci (2023);Experiment 2;Orientation;1;3;-16.0;74.0;53.0;78.0;29;1
11;47;42;-5;1.69107610000356;1;-11.0;30;Ceylan & Pascucci (2023);Experiment 2;Orientation;1;3;-11.0;-27.0;63.0;42.0;30;1
11;76;72;-4;0.825108600009116;2;-29.0;31;Ceylan & Pascucci (2023);Experiment 2;Orientation;1;3;;;;;1;2
11;105;106;1;1.53326490000472;2;-29.0;32;Ceylan & Pascucci (2023);Experiment 2;Orientation;1;3;;;;;2;2
11;144;138;-6;1.94160300001386;2;-39.0;33;Ceylan & Pascucci (2023);Experiment 2;Orientation;1;3;;;;;3;2
11;54;58;4;0.958663199999137;2;90.0;34;Ceylan & Pascucci (2023);Experiment 2;Orientation;1;3;;;;;4;2
11;63;67;4;1.733189400009;2;-9.0;35;Ceylan & Pascucci (2023);Experiment 2;Orientation;1;3;-9.0;81.0;42.0;13.0;5;2
11;60;62;2;2.58253610000247;2;3.0;36;Ceylan & Pascucci (2023);Experiment 2;Orientation;1;3;3.0;-6.0;84.0;45.0;6;2
11;69;55;-14;1.62496100000862;2;-9.0;37;Ceylan & Pascucci (2023);Experiment 2;Orientation;1;3;-9.0;-6.0;-15.0;75.0;7;2
11;158;155;-3;1.66689569999289;2;-89.0;38;Ceylan & Pascucci (2023);Experiment 2;Orientation;1;3;-89.0;82.0;85.0;76.0;8;2
11;14;24;10;1.50826660000894;2;-36.0;39;Ceylan & Pascucci (2023);Experiment 2;Orientation;1;3;-36.0;55.0;46.0;49.0;9;2
11;163;156;-7;2.06672940000135;2;31.0;40;Ceylan & Pascucci (2023);Experiment 2;Orientation;1;3;31.0;-5.0;86.0;77.0;10;2
11;39;46;7;1.89154279998911;2;-56.0;41;Ceylan & Pascucci (2023);Experiment 2;Orientation;1;3;-56.0;-25.0;-61.0;30.0;11;2
11;121;131;10;0.800308799996856;2;-82.0;42;Ceylan & Pascucci (2023);Experiment 2;Orientation;1;3;-82.0;42.0;73.0;37.0;12;2
11;99;109;10;1.30821149999974;2;22.0;43;Ceylan & Pascucci (2023);Experiment 2;Orientation;1;3;22.0;-60.0;64.0;-85.0;13;2
11;59;70;11;6.01548339999863;2;40.0;44;Ceylan & Pascucci (2023);Experiment 2;Orientation;1;3;40.0;62.0;-20.0;-76.0;14;2
11;174;173;-1;1.40865660000418;2;65.0;45;Ceylan & Pascucci (2023);Experiment 2;Orientation;1;3;65.0;-75.0;-53.0;45.0;15;2
11;10;20;10;1.34987759999058;2;-16.0;46;Ceylan & Pascucci (2023);Experiment 2;Orientation;1;3;-16.0;49.0;89.0;-69.0;16;2
11;9;11;2;4.67490559999715;2;1.0;47;Ceylan & Pascucci (2023);Experiment 2;Orientation;1;3;1.0;-15.0;50.0;90.0;17;2
11;164;162;-2;1.81561819999479;2;25.0;48;Ceylan & Pascucci (2023);Experiment 2;Orientation;1;3;25.0;26.0;10.0;75.0;18;2
11;63;70;7;2.65723970001272;2;-79.0;49;Ceylan & Pascucci (2023);Experiment 2;Orientation;1;3;-79.0;-54.0;-53.0;-69.0;19;2
11;97;103;6;1.67519870000251;2;-34.0;50;Ceylan & Pascucci (2023);Experiment 2;Orientation;1;3;-34.0;67.0;-88.0;-87.0;20;2
11;77;73;-4;1.20009310000751;2;20.0;51;Ceylan & Pascucci (2023);Experiment 2;Orientation;1;3;20.0;-14.0;87.0;-68.0;21;2
11;35;56;21;3.44895649999671;2;42.0;52;Ceylan & Pascucci (2023);Experiment 2;Orientation;1;3;42.0;62.0;28.0;-51.0;22;2
11;167;150;-17;4.49116430000868;2;48.0;53;Ceylan & Pascucci (2023);Experiment 2;Orientation;1;3;48.0;90.0;-70.0;76.0;23;2
11;14;35;21;2.30755399999907;2;-27.0;54;Ceylan & Pascucci (2023);Experiment 2;Orientation;1;3;-27.0;21.0;63.0;83.0;24;2
11;144;34;70;2.05815589999838;2;50.0;55;Ceylan & Pascucci (2023);Experiment 2;Orientation;1;3;50.0;23.0;71.0;-67.0;25;2
11;146;146;0;4.59990899999684;2;-2.0;56;Ceylan & Pascucci (2023);Experiment 2;Orientation;1;3;-2.0;48.0;21.0;69.0;26;2
11;157;161;4;0.957793599998695;2;-11.0;57;Ceylan & Pascucci (2023);Experiment 2;Orientation;1;3;-11.0;-13.0;37.0;10.0;27;2
11;51;56;5;2.58316860000195;2;-74.0;58;Ceylan & Pascucci (2023);Experiment 2;Orientation;1;3;-74.0;-85.0;-87.0;-37.0;28;2
11;72;70;-2;2.88337520000641;2;-21.0;59;Ceylan & Pascucci (2023);Experiment 2;Orientation;1;3;-21.0;85.0;74.0;72.0;29;2
11;171;170;-1;1.12491669999145;2;81.0;60;Ceylan & Pascucci (2023);Experiment 2;Orientation;1;3;81.0;60.0;-14.0;-25.0;30;2
11;170;167;-3;1.80809659999795;3;1.0;61;Ceylan & Pascucci (2023);Experiment 2;Orientation;1;3;;;;;1;3
11;161;144;-17;1.17440060000808;3;9.0;62;Ceylan & Pascucci (2023);Experiment 2;Orientation;1;3;;;;;2;3
11;83;93;10;1.2252809000056;3;78.0;63;Ceylan & Pascucci (2023);Experiment 2;Orientation;1;3;;;;;3;3
11;33;54;21;1.90012199999182;3;50.0;64;Ceylan & Pascucci (2023);Experiment 2;Orientation;1;3;;;;;4;3
11;43;41;-2;0.89163159999589;3;-10.0;65;Ceylan & Pascucci (2023);Experiment 2;Orientation;1;3;-10.0;40.0;-62.0;-53.0;5;3
11;34;56;22;2.01651470000797;3;9.0;66;Ceylan & Pascucci (2023);Experiment 2;Orientation;1;3;9.0;-1.0;49.0;-53.0;6;3
11;36;40;4;1.31682490000094;3;-2.0;67;Ceylan & Pascucci (2023);Experiment 2;Orientation;1;3;-2.0;7.0;-3.0;47.0;7;3
11;158;150;-8;2.33315729998867;3;58.0;68;Ceylan & Pascucci (2023);Experiment 2;Orientation;1;3;58.0;56.0;65.0;55.0;8;3
11;45;52;7;2.63349619999644;3;-67.0;69;Ceylan & Pascucci (2023);Experiment 2;Orientation;1;3;-67.0;-9.0;-11.0;-2.0;9;3
11;113;128;15;3.39997740001127;3;-68.0;70;Ceylan & Pascucci (2023);Experiment 2;Orientation;1;3;-68.0;45.0;-77.0;-79.0;10;3
11;68;69;1;1.87372689999756;3;45.0;71;Ceylan & Pascucci (2023);Experiment 2;Orientation;1;3;45.0;-23.0;90.0;-32.0;11;3
11;118;119;1;1.95859659998678;3;-50.0;72;Ceylan & Pascucci (2023);Experiment 2;Orientation;1;3;-50.0;-5.0;-73.0;40.0;12;3
11;40;48;8;2.04188999999315;3;78.0;73;Ceylan & Pascucci (2023);Experiment 2;Orientation;1;3;78.0;28.0;73.0;5.0;13;3
11;97;113;16;1.93267650000053;3;-57.0;74;Ceylan & Pascucci (2023);Experiment 2;Orientation;1;3;-57.0;21.0;-29.0;16.0;14;3
11;114;121;7;1.40731910000613;3;-17.0;75;Ceylan & Pascucci (2023);Experiment 2;Orientation;1;3;-17.0;-74.0;4.0;-46.0;15;3
11;16;30;14;1.11661040000035;3;-82.0;76;Ceylan & Pascucci (2023);Experiment 2;Orientation;1;3;-82.0;81.0;24.0;-78.0;16;3
11;120;127;7;1.29212800000096;3;76.0;77;Ceylan & Pascucci (2023);Experiment 2;Orientation;1;3;76.0;-6.0;-23.0;-80.0;17;3
11;104;122;18;2.06645900000876;3;16.0;78;Ceylan & Pascucci (2023);Experiment 2;Orientation;1;3;16.0;-88.0;10.0;-7.0;18;3
11;72;68;-4;1.50868780000019;3;32.0;79;Ceylan & Pascucci (2023);Experiment 2;Orientation;1;3;32.0;48.0;-56.0;42.0;19;3
11;119;128;9;1.48326510000334;3;-47.0;80;Ceylan & Pascucci (2023);Experiment 2;Orientation;1;3;-47.0;-15.0;1.0;77.0;20;3
11;67;65;-2;1.14168559999962;3;52.0;81;Ceylan & Pascucci (2023);Experiment 2;Orientation;1;3;52.0;5.0;37.0;53.0;21;3
11;95;116;21;2.28307760000462;3;-28.0;82;Ceylan & Pascucci (2023);Experiment 2;Orientation;1;3;-28.0;24.0;-23.0;9.0;22;3
11;168;157;-11;1.40805690000707;3;-73.0;83;Ceylan & Pascucci (2023);Experiment 2;Orientation;1;3;-73.0;79.0;-49.0;84.0;23;3
11;82;61;-21;3.58167749999848;3;86.0;84;Ceylan & Pascucci (2023);Experiment 2;Orientation;1;3;86.0;13.0;-15.0;37.0;24;3
11;92;96;4;3.98430289998942;3;-10.0;85;Ceylan & Pascucci (2023);Experiment 2;Orientation;1;3;-10.0;76.0;3.0;-25.0;25;3
11;141;144;3;1.43323959999543;3;-49.0;86;Ceylan & Pascucci (2023);Experiment 2;Orientation;1;3;-49.0;-59.0;27.0;-46.0;26;3
11;179;28;29;3.55644709999615;3;-38.0;87;Ceylan & Pascucci (2023);Experiment 2;Orientation;1;3;-38.0;-87.0;83.0;-11.0;27;3
11;75;79;4;2.15858240000671;3;-76.0;88;Ceylan & Pascucci (2023);Experiment 2;Orientation;1;3;-76.0;66.0;17.0;7.0;28;3
11;65;71;6;2.8667509000079;3;10.0;89;Ceylan & Pascucci (2023);Experiment 2;Orientation;1;3;10.0;-66.0;76.0;27.0;29;3
11;11;43;32;2.12381960000494;3;54.0;90;Ceylan & Pascucci (2023);Experiment 2;Orientation;1;3;54.0;64.0;-12.0;-50.0;30;3
11;172;168;-4;2.23335709999083;4;19.0;91;Ceylan & Pascucci (2023);Experiment 2;Orientation;1;3;;;;;1;4
11;152;159;7;2.05811979999999;4;20.0;92;Ceylan & Pascucci (2023);Experiment 2;Orientation;1;3;;;;;2;4
11;9;16;7;1.85864510000101;4;-37.0;93;Ceylan & Pascucci (2023);Experiment 2;Orientation;1;3;;;;;3;4
11;134;133;-1;4.71524639999552;4;55.0;94;Ceylan & Pascucci (2023);Experiment 2;Orientation;1;3;;;;;4;4
11;108;118;10;1.37527390000469;4;26.0;95;Ceylan & Pascucci (2023);Experiment 2;Orientation;1;3;26.0;81.0;44.0;64.0;5;4
11;157;152;-5;1.50025500000629;4;-49.0;96;Ceylan & Pascucci (2023);Experiment 2;Orientation;1;3;-49.0;-23.0;32.0;-5.0;6;4
11;112;110;-2;2.40761400001065;4;45.0;97;Ceylan & Pascucci (2023);Experiment 2;Orientation;1;3;45.0;-4.0;22.0;77.0;7;4
11;127;131;4;1.7164233999938;4;-15.0;98;Ceylan & Pascucci (2023);Experiment 2;Orientation;1;3;-15.0;30.0;-19.0;7.0;8;4
11;73;69;-4;1.63343250000617;4;54.0;99;Ceylan & Pascucci (2023);Experiment 2;Orientation;1;3;54.0;39.0;84.0;35.0;9;4
11;2;15;13;1.54189659999975;4;71.0;100;Ceylan & Pascucci (2023);Experiment 2;Orientation;1;3;71.0;-55.0;-70.0;-25.0;10;4
11;103;109;6;1.54143209999893;4;79.0;101;Ceylan & Pascucci (2023);Experiment 2;Orientation;1;3;79.0;-30.0;24.0;9.0;11;4
11;148;143;-5;2.17511820000072;4;-45.0;102;Ceylan & Pascucci (2023);Experiment 2;Orientation;1;3;-45.0;34.0;-75.0;-21.0;12;4
11;116;124;8;4.66572740000265;4;32.0;103;Ceylan & Pascucci (2023);Experiment 2;Orientation;1;3;32.0;-13.0;66.0;-43.0;13;4
11;16;43;27;1.77536519999558;4;-80.0;104;Ceylan & Pascucci (2023);Experiment 2;Orientation;1;3;-80.0;-48.0;87.0;-14.0;14;4
11;8;24;16;1.26707349999924;4;8.0;105;Ceylan & Pascucci (2023);Experiment 2;Orientation;1;3;8.0;-72.0;-40.0;-85.0;15;4
11;125;119;-6;2.6497159999999;4;63.0;106;Ceylan & Pascucci (2023);Experiment 2;Orientation;1;3;63.0;71.0;-9.0;23.0;16;4
11;109;111;2;1.52528119999624;4;16.0;107;Ceylan & Pascucci (2023);Experiment 2;Orientation;1;3;16.0;79.0;87.0;7.0;17;4
11;107;116;9;1.85814830000163;4;2.0;108;Ceylan & Pascucci (2023);Experiment 2;Orientation;1;3;2.0;18.0;81.0;89.0;18;4
11;94;89;-5;1.8499496000004;4;13.0;109;Ceylan & Pascucci (2023);Experiment 2;Orientation;1;3;13.0;15.0;31.0;-86.0;19;4
11;116;123;7;1.85853929999575;4;-22.0;110;Ceylan & Pascucci (2023);Experiment 2;Orientation;1;3;-22.0;-9.0;-7.0;9.0;20;4
11;150;153;3;2.28328309999779;4;-34.0;111;Ceylan & Pascucci (2023);Experiment 2;Orientation;1;3;-34.0;-56.0;-43.0;-41.0;21;4
11;22;33;11;1.58364329999313;4;-52.0;112;Ceylan & Pascucci (2023);Experiment 2;Orientation;1;3;-52.0;-86.0;72.0;85.0;22;4
11;127;139;12;3.38207959999272;4;75.0;113;Ceylan & Pascucci (2023);Experiment 2;Orientation;1;3;75.0;23.0;-11.0;-33.0;23;4
11;139;140;1;1.24178159999428;4;-12.0;114;Ceylan & Pascucci (2023);Experiment 2;Orientation;1;3;-12.0;63.0;11.0;-23.0;24;4
11;92;93;1;1.49997849999636;4;47.0;115;Ceylan & Pascucci (2023);Experiment 2;Orientation;1;3;47.0;35.0;-70.0;58.0;25;4
11;60;58;-2;1.64940900000511;4;32.0;116;Ceylan & Pascucci (2023);Experiment 2;Orientation;1;3;32.0;79.0;67.0;-38.0;26;4
11;125;126;1;1.77479879999009;4;-65.0;117;Ceylan & Pascucci (2023);Experiment 2;Orientation;1;3;-65.0;-33.0;14.0;2.0;27;4
11;142;147;5;1.45724540000083;4;-17.0;118;Ceylan & Pascucci (2023);Experiment 2;Orientation;1;3;-17.0;-82.0;-50.0;-3.0;28;4
11;19;36;17;1.8239467000094;4;-57.0;119;Ceylan & Pascucci (2023);Experiment 2;Orientation;1;3;-57.0;-74.0;41.0;73.0;29;4
11;110;115;5;2.11646620000829;4;89.0;120;Ceylan & Pascucci (2023);Experiment 2;Orientation;1;3;89.0;32.0;15.0;-50.0;30;4
11;63;68;5;1.80749839999771;5;47.0;121;Ceylan & Pascucci (2023);Experiment 2;Orientation;1;3;;;;;1;5
11;137;149;12;2.04186769999797;5;-74.0;122;Ceylan & Pascucci (2023);Experiment 2;Orientation;1;3;;;;;2;5
11;126;138;12;1.88297700000112;5;11.0;123;Ceylan & Pascucci (2023);Experiment 2;Orientation;1;3;;;;;3;5
11;74;78;4;2.29887040000176;5;52.0;124;Ceylan & Pascucci (2023);Experiment 2;Orientation;1;3;;;;;4;5
11;15;21;6;2.82480279999436;5;59.0;125;Ceylan & Pascucci (2023);Experiment 2;Orientation;1;3;59.0;-69.0;-58.0;48.0;5;5
11;128;130;2;1.93294669999159;5;67.0;126;Ceylan & Pascucci (2023);Experiment 2;Orientation;1;3;67.0;-54.0;-2.0;9.0;6;5
11;48;45;-3;6.61597159999656;5;80.0;127;Ceylan & Pascucci (2023);Experiment 2;Orientation;1;3;80.0;-33.0;26.0;78.0;7;5
11;7;9;2;2.13341510000464;5;41.0;128;Ceylan & Pascucci (2023);Experiment 2;Orientation;1;3;41.0;-59.0;8.0;67.0;8;5
11;11;12;1;1.55846780000138;5;-4.0;129;Ceylan & Pascucci (2023);Experiment 2;Orientation;1;3;-4.0;37.0;-63.0;4.0;9;5
11;42;50;8;2.03357460000552;5;-31.0;130;Ceylan & Pascucci (2023);Experiment 2;Orientation;1;3;-31.0;-35.0;6.0;86.0;10;5
11;25;33;8;2.83257389999926;5;17.0;131;Ceylan & Pascucci (2023);Experiment 2;Orientation;1;3;17.0;-14.0;-18.0;23.0;11;5
11;16;35;19;3.37558989999525;5;9.0;132;Ceylan & Pascucci (2023);Experiment 2;Orientation;1;3;9.0;26.0;-5.0;-9.0;12;5
11;17;42;25;1.70014100000844;5;-1.0;133;Ceylan & Pascucci (2023);Experiment 2;Orientation;1;3;-1.0;8.0;25.0;-6.0;13;5
11;88;93;5;6.24094479999621;5;-71.0;134;Ceylan & Pascucci (2023);Experiment 2;Orientation;1;3;-71.0;-72.0;-63.0;-46.0;14;5
11;135;134;-1;2.3085190999991;5;-47.0;135;Ceylan & Pascucci (2023);Experiment 2;Orientation;1;3;-47.0;62.0;61.0;70.0;15;5
11;22;127;-75;2.50806230001035;5;-67.0;136;Ceylan & Pascucci (2023);Experiment 2;Orientation;1;3;-67.0;66.0;-5.0;-6.0;16;5
11;26;49;23;1.79968050000025;5;-4.0;137;Ceylan & Pascucci (2023);Experiment 2;Orientation;1;3;-4.0;-71.0;62.0;-9.0;17;5
11;61;77;16;2.13191789999837;5;-35.0;138;Ceylan & Pascucci (2023);Experiment 2;Orientation;1;3;-35.0;-39.0;74.0;27.0;18;5
11;125;131;6;1.85831389999657;5;-64.0;139;Ceylan & Pascucci (2023);Experiment 2;Orientation;1;3;-64.0;81.0;77.0;10.0;19;5
11;84;87;3;3.22507050000422;5;41.0;140;Ceylan & Pascucci (2023);Experiment 2;Orientation;1;3;41.0;-23.0;-58.0;-62.0;20;5
11;169;147;-22;1.3915762000106;5;-85.0;141;Ceylan & Pascucci (2023);Experiment 2;Orientation;1;3;-85.0;-44.0;72.0;37.0;21;5
11;102;98;-4;3.58217300000251;5;67.0;142;Ceylan & Pascucci (2023);Experiment 2;Orientation;1;3;67.0;-18.0;23.0;-41.0;22;5
11;50;71;21;1.59994369999913;5;52.0;143;Ceylan & Pascucci (2023);Experiment 2;Orientation;1;3;52.0;-61.0;34.0;75.0;23;5
11;89;91;2;2.59184439999808;5;-39.0;144;Ceylan & Pascucci (2023);Experiment 2;Orientation;1;3;-39.0;13.0;80.0;-5.0;24;5
11;42;44;2;1.15034219999507;5;47.0;145;Ceylan & Pascucci (2023);Experiment 2;Orientation;1;3;47.0;8.0;60.0;-53.0;25;5
11;68;58;-10;2.30794290000631;5;-26.0;146;Ceylan & Pascucci (2023);Experiment 2;Orientation;1;3;-26.0;21.0;-18.0;34.0;26;5
11;129;133;4;1.15028259999235;5;-61.0;147;Ceylan & Pascucci (2023);Experiment 2;Orientation;1;3;-61.0;-87.0;-40.0;-79.0;27;5
11;167;150;-17;2.12491159999627;5;-38.0;148;Ceylan & Pascucci (2023);Experiment 2;Orientation;1;3;-38.0;81.0;55.0;-78.0;28;5
11;161;152;-9;2.97515819998807;5;6.0;149;Ceylan & Pascucci (2023);Experiment 2;Orientation;1;3;6.0;-32.0;87.0;61.0;29;5
11;55;40;-15;1.80821050000668;5;-74.0;150;Ceylan & Pascucci (2023);Experiment 2;Orientation;1;3;-74.0;-68.0;74.0;13.0;30;5
11;128;143;15;1.40856669998902;6;-73.0;151;Ceylan & Pascucci (2023);Experiment 2;Orientation;1;3;;;;;1;6
11;131;126;-5;1.87527049999335;6;-3.0;152;Ceylan & Pascucci (2023);Experiment 2;Orientation;1;3;;;;;2;6
11;48;51;3;1.00872009999875;6;83.0;153;Ceylan & Pascucci (2023);Experiment 2;Orientation;1;3;;;;;3;6
11;43;50;7;1.30874580000818;6;5.0;154;Ceylan & Pascucci (2023);Experiment 2;Orientation;1;3;;;;;4;6
11;150;135;-15;1.35825169998861;6;73.0;155;Ceylan & Pascucci (2023);Experiment 2;Orientation;1;3;73.0;78.0;-19.0;-22.0;5;6
11;178;0;2;1.48343990001013;6;-28.0;156;Ceylan & Pascucci (2023);Experiment 2;Orientation;1;3;-28.0;45.0;50.0;-47.0;6;6
11;142;146;4;6.53313019999769;6;36.0;157;Ceylan & Pascucci (2023);Experiment 2;Orientation;1;3;36.0;8.0;81.0;86.0;7;6
11;11;27;16;2.15896789998806;6;-49.0;158;Ceylan & Pascucci (2023);Experiment 2;Orientation;1;3;-49.0;-13.0;-41.0;32.0;8;6
11;65;157;-88;1.67476989999705;6;-54.0;159;Ceylan & Pascucci (2023);Experiment 2;Orientation;1;3;-54.0;77.0;-67.0;85.0;9;6
11;155;147;-8;1.81663010000193;6;-90.0;160;Ceylan & Pascucci (2023);Experiment 2;Orientation;1;3;90.0;36.0;-13.0;23.0;10;6
11;149;148;-1;1.82485910000105;6;6.0;161;Ceylan & Pascucci (2023);Experiment 2;Orientation;1;3;6.0;-84.0;42.0;-7.0;11;6
11;136;142;6;2.41585170000326;6;13.0;162;Ceylan & Pascucci (2023);Experiment 2;Orientation;1;3;13.0;19.0;-71.0;55.0;12;6
11;73;78;5;1.25036019999243;6;63.0;163;Ceylan & Pascucci (2023);Experiment 2;Orientation;1;3;63.0;76.0;82.0;-8.0;13;6
11;25;39;14;1.4419845000084;6;48.0;164;Ceylan & Pascucci (2023);Experiment 2;Orientation;1;3;48.0;-69.0;-56.0;-50.0;14;6
11;78;82;4;1.83327220000501;6;-53.0;165;Ceylan & Pascucci (2023);Experiment 2;Orientation;1;3;-53.0;-5.0;58.0;71.0;15;6
11;100;100;0;2.04180130000168;6;-22.0;166;Ceylan & Pascucci (2023);Experiment 2;Orientation;1;3;-22.0;-75.0;-27.0;36.0;16;6
11;68;75;7;2.20801459999348;6;32.0;167;Ceylan & Pascucci (2023);Experiment 2;Orientation;1;3;32.0;10.0;-43.0;5.0;17;6
11;99;110;11;2.29133089999959;6;-31.0;168;Ceylan & Pascucci (2023);Experiment 2;Orientation;1;3;-31.0;1.0;-21.0;-74.0;18;6
11;46;60;14;1.94215109999641;6;53.0;169;Ceylan & Pascucci (2023);Experiment 2;Orientation;1;3;53.0;22.0;54.0;32.0;19;6
11;158;126;-32;1.69980610000493;6;68.0;170;Ceylan & Pascucci (2023);Experiment 2;Orientation;1;3;68.0;-59.0;90.0;-58.0;20;6
11;43;119;76;1.6155829999916;6;-65.0;171;Ceylan & Pascucci (2023);Experiment 2;Orientation;1;3;-65.0;3.0;56.0;25.0;21;6
11;174;175;1;1.63315409999632;6;49.0;172;Ceylan & Pascucci (2023);Experiment 2;Orientation;1;3;49.0;-16.0;52.0;-75.0;22;6
11;119;125;6;1.44151679999777;6;55.0;173;Ceylan & Pascucci (2023);Experiment 2;Orientation;1;3;55.0;-76.0;39.0;-73.0;23;6
11;147;154;7;2.68335229999502;6;-28.0;174;Ceylan & Pascucci (2023);Experiment 2;Orientation;1;3;-28.0;27.0;76.0;11.0;24;6
11;163;162;-1;1.98344799999904;6;-16.0;175;Ceylan & Pascucci (2023);Experiment 2;Orientation;1;3;-16.0;-44.0;11.0;60.0;25;6
11;84;89;5;1.3331981000083;6;79.0;176;Ceylan & Pascucci (2023);Experiment 2;Orientation;1;3;79.0;63.0;35.0;90.0;26;6
11;154;153;-1;1.79844810000213;6;-70.0;177;Ceylan & Pascucci (2023);Experiment 2;Orientation;1;3;-70.0;9.0;-7.0;-35.0;27;6
11;134;125;-9;1.67475269999704;6;20.0;178;Ceylan & Pascucci (2023);Experiment 2;Orientation;1;3;20.0;-50.0;29.0;13.0;28;6
11;19;17;-2;3.06639310000173;6;-65.0;179;Ceylan & Pascucci (2023);Experiment 2;Orientation;1;3;-65.0;-45.0;65.0;-36.0;29;6
11;170;176;6;5.53317189999507;6;29.0;180;Ceylan & Pascucci (2023);Experiment 2;Orientation;1;3;29.0;-36.0;-16.0;-86.0;30;6
11;58;54;-4;2.54060860000027;7;-68.0;181;Ceylan & Pascucci (2023);Experiment 2;Orientation;1;3;;;;;1;7
11;59;61;2;2.66582019999623;7;-1.0;182;Ceylan & Pascucci (2023);Experiment 2;Orientation;1;3;;;;;2;7
11;166;156;-10;3.10702189999574;7;73.0;183;Ceylan & Pascucci (2023);Experiment 2;Orientation;1;3;;;;;3;7
11;117;122;5;1.86655730000348;7;49.0;184;Ceylan & Pascucci (2023);Experiment 2;Orientation;1;3;;;;;4;7
11;29;45;16;1.29214170000341;7;88.0;185;Ceylan & Pascucci (2023);Experiment 2;Orientation;1;3;88.0;-43.0;30.0;29.0;5;7
11;79;77;-2;1.38192010000057;7;-50.0;186;Ceylan & Pascucci (2023);Experiment 2;Orientation;1;3;-50.0;38.0;87.0;-20.0;6;7
11;72;77;5;2.01687099999981;7;7.0;187;Ceylan & Pascucci (2023);Experiment 2;Orientation;1;3;7.0;-43.0;45.0;-86.0;7;7
11;180;13;13;2.29199769999832;7;72.0;188;Ceylan & Pascucci (2023);Experiment 2;Orientation;1;3;72.0;79.0;29.0;-63.0;8;7
11;20;17;-3;2.33313800000178;7;-20.0;189;Ceylan & Pascucci (2023);Experiment 2;Orientation;1;3;-20.0;52.0;59.0;9.0;9;7
11;11;18;7;1.94968570000492;7;9.0;190;Ceylan & Pascucci (2023);Experiment 2;Orientation;1;3;9.0;-11.0;61.0;68.0;10;7
11;25;18;-7;1.41656160001003;7;-14.0;191;Ceylan & Pascucci (2023);Experiment 2;Orientation;1;3;-14.0;-5.0;-25.0;47.0;11;7
11;158;159;1;1.94903839999461;7;47.0;192;Ceylan & Pascucci (2023);Experiment 2;Orientation;1;3;47.0;33.0;42.0;22.0;12;7
11;52;32;-20;2.13314350000292;7;-74.0;193;Ceylan & Pascucci (2023);Experiment 2;Orientation;1;3;-74.0;-27.0;-41.0;-32.0;13;7
11;66;49;-17;1.96645120000176;7;-14.0;194;Ceylan & Pascucci (2023);Experiment 2;Orientation;1;3;-14.0;-88.0;-41.0;-55.0;14;7
11;1;178;-3;3.37455409999529;7;65.0;195;Ceylan & Pascucci (2023);Experiment 2;Orientation;1;3;65.0;51.0;-23.0;24.0;15;7
11;81;71;-10;1.44995389999531;7;-80.0;196;Ceylan & Pascucci (2023);Experiment 2;Orientation;1;3;-80.0;-15.0;-29.0;77.0;16;7
11;35;41;6;2.98337329999777;7;46.0;197;Ceylan & Pascucci (2023);Experiment 2;Orientation;1;3;46.0;-34.0;31.0;17.0;17;7
11;156;139;-17;1.65872779999336;7;59.0;198;Ceylan & Pascucci (2023);Experiment 2;Orientation;1;3;59.0;-75.0;25.0;90.0;18;7
11;108;116;8;1.35034400000586;7;48.0;199;Ceylan & Pascucci (2023);Experiment 2;Orientation;1;3;48.0;-73.0;-27.0;73.0;19;7
11;61;68;7;3.13311330000579;7;47.0;200;Ceylan & Pascucci (2023);Experiment 2;Orientation;1;3;47.0;-85.0;-26.0;20.0;20;7
11;67;65;-2;2.12532179999107;7;-6.0;201;Ceylan & Pascucci (2023);Experiment 2;Orientation;1;3;-6.0;41.0;89.0;-32.0;21;7
11;114;114;0;1.35008109999762;7;-47.0;202;Ceylan & Pascucci (2023);Experiment 2;Orientation;1;3;-47.0;-53.0;-6.0;42.0;22;7
11;113;116;3;1.30034610000439;7;1.0;203;Ceylan & Pascucci (2023);Experiment 2;Orientation;1;3;1.0;-46.0;-52.0;-5.0;23;7
11;54;57;3;2.09809719999612;7;59.0;204;Ceylan & Pascucci (2023);Experiment 2;Orientation;1;3;59.0;60.0;13.0;7.0;24;7
11;125;134;9;1.60722869999881;7;-71.0;205;Ceylan & Pascucci (2023);Experiment 2;Orientation;1;3;-71.0;-12.0;-11.0;-58.0;25;7
11;73;66;-7;1.25023320000037;7;52.0;206;Ceylan & Pascucci (2023);Experiment 2;Orientation;1;3;52.0;-19.0;40.0;41.0;26;7
11;40;43;3;2.61688400000276;7;33.0;207;Ceylan & Pascucci (2023);Experiment 2;Orientation;1;3;33.0;85.0;14.0;73.0;27;7
11;37;44;7;1.53327099999296;7;3.0;208;Ceylan & Pascucci (2023);Experiment 2;Orientation;1;3;3.0;36.0;88.0;17.0;28;7
11;15;15;0;1.34930790000362;7;22.0;209;Ceylan & Pascucci (2023);Experiment 2;Orientation;1;3;22.0;25.0;58.0;-70.0;29;7
11;128;130;2;2.25023540000257;7;67.0;210;Ceylan & Pascucci (2023);Experiment 2;Orientation;1;3;67.0;89.0;-88.0;-55.0;30;7
11;24;38;14;1.2002794;8;-76.0;211;Ceylan & Pascucci (2023);Experiment 2;Orientation;1;3;;;;;1;8
11;70;81;11;1.4320599000057;8;-46.0;212;Ceylan & Pascucci (2023);Experiment 2;Orientation;1;3;;;;;2;8
11;97;102;5;2.17476690000331;8;-27.0;213;Ceylan & Pascucci (2023);Experiment 2;Orientation;1;3;;;;;3;8
11;120;131;11;1.35812540000188;8;-23.0;214;Ceylan & Pascucci (2023);Experiment 2;Orientation;1;3;;;;;4;8
11;25;20;-5;1.10003089999373;8;-85.0;215;Ceylan & Pascucci (2023);Experiment 2;Orientation;1;3;-85.0;72.0;45.0;-1.0;5;8
11;47;44;-3;2.74924770000507;8;-22.0;216;Ceylan & Pascucci (2023);Experiment 2;Orientation;1;3;-22.0;73.0;50.0;23.0;6;8
11;53;51;-2;1.59975589999522;8;-6.0;217;Ceylan & Pascucci (2023);Experiment 2;Orientation;1;3;-6.0;-28.0;67.0;44.0;7;8
11;30;42;12;0.824983500002418;8;23.0;218;Ceylan & Pascucci (2023);Experiment 2;Orientation;1;3;23.0;17.0;-5.0;90.0;8;8
11;105;116;11;1.30029690000811;8;-75.0;219;Ceylan & Pascucci (2023);Experiment 2;Orientation;1;3;-75.0;-52.0;-58.0;-80.0;9;8
11;23;33;10;1.69100730000355;8;82.0;220;Ceylan & Pascucci (2023);Experiment 2;Orientation;1;3;82.0;7.0;30.0;24.0;10;8
11;105;125;20;1.55816559999948;8;-82.0;221;Ceylan & Pascucci (2023);Experiment 2;Orientation;1;3;-82.0;0.0;-75.0;-52.0;11;8
11;106;117;11;0.749972899997374;8;-1.0;222;Ceylan & Pascucci (2023);Experiment 2;Orientation;1;3;-1.0;-83.0;-1.0;-76.0;12;8
11;62;67;5;1.65844669999206;8;44.0;223;Ceylan & Pascucci (2023);Experiment 2;Orientation;1;3;44.0;43.0;-39.0;43.0;13;8
11;47;64;17;3.37459619999572;8;15.0;224;Ceylan & Pascucci (2023);Experiment 2;Orientation;1;3;15.0;59.0;58.0;-24.0;14;8
11;102;112;10;3.79161960000056;8;-55.0;225;Ceylan & Pascucci (2023);Experiment 2;Orientation;1;3;-55.0;-40.0;4.0;3.0;15;8
11;86;88;2;0.691670499989414;8;16.0;226;Ceylan & Pascucci (2023);Experiment 2;Orientation;1;3;16.0;-39.0;-24.0;20.0;16;8
11;180;0;0;4.22325910000654;8;86.0;227;Ceylan & Pascucci (2023);Experiment 2;Orientation;1;3;86.0;-78.0;47.0;62.0;17;8
11;162;155;-7;1.44903519999934;8;18.0;228;Ceylan & Pascucci (2023);Experiment 2;Orientation;1;3;18.0;-76.0;-60.0;65.0;18;8
11;53;48;-5;1.92520949999744;8;-71.0;229;Ceylan & Pascucci (2023);Experiment 2;Orientation;1;3;-71.0;-53.0;33.0;49.0;19;8
11;100;108;8;2.14989640000567;8;-47.0;230;Ceylan & Pascucci (2023);Experiment 2;Orientation;1;3;-47.0;62.0;80.0;-14.0;20;8
11;45;48;3;1.24208680000447;8;55.0;231;Ceylan & Pascucci (2023);Experiment 2;Orientation;1;3;55.0;8.0;-63.0;-45.0;21;8
11;55;58;3;2.38301559998945;8;-10.0;232;Ceylan & Pascucci (2023);Experiment 2;Orientation;1;3;-10.0;45.0;-2.0;-73.0;22;8
11;72;66;-6;3.52353100001346;8;-17.0;233;Ceylan & Pascucci (2023);Experiment 2;Orientation;1;3;-17.0;-27.0;28.0;-19.0;23;8
11;22;23;1;9.0411965999956;8;50.0;234;Ceylan & Pascucci (2023);Experiment 2;Orientation;1;3;50.0;33.0;23.0;78.0;24;8
11;177;1;4;3.39998029998969;8;25.0;235;Ceylan & Pascucci (2023);Experiment 2;Orientation;1;3;25.0;75.0;58.0;48.0;25;8
11;65;59;-6;1.70045430000755;8;-68.0;236;Ceylan & Pascucci (2023);Experiment 2;Orientation;1;3;-68.0;-43.0;7.0;-10.0;26;8
11;166;148;-18;3.53296209999826;8;79.0;237;Ceylan & Pascucci (2023);Experiment 2;Orientation;1;3;79.0;11.0;36.0;86.0;27;8
11;93;89;-4;4.36662349999824;8;73.0;238;Ceylan & Pascucci (2023);Experiment 2;Orientation;1;3;73.0;-28.0;84.0;-71.0;28;8
11;58;64;6;1.85006350000913;8;35.0;239;Ceylan & Pascucci (2023);Experiment 2;Orientation;1;3;35.0;-72.0;7.0;-61.0;29;8
11;41;39;-2;1.81578119999904;8;17.0;240;Ceylan & Pascucci (2023);Experiment 2;Orientation;1;3;17.0;52.0;-55.0;24.0;30;8
11;80;77;-3;1.82525109998824;9;-39.0;241;Ceylan & Pascucci (2023);Experiment 2;Orientation;1;3;;;;;1;9
11;171;162;-9;1.69193930001347;9;89.0;242;Ceylan & Pascucci (2023);Experiment 2;Orientation;1;3;;;;;2;9
11;150;167;17;1.75852309999755;9;21.0;243;Ceylan & Pascucci (2023);Experiment 2;Orientation;1;3;;;;;3;9
11;143;135;-8;2.23306289999164;9;7.0;244;Ceylan & Pascucci (2023);Experiment 2;Orientation;1;3;;;;;4;9
11;167;158;-9;1.40701409999747;9;-24.0;245;Ceylan & Pascucci (2023);Experiment 2;Orientation;1;3;-24.0;-17.0;4.0;-87.0;5;9
11;165;163;-2;1.38354749999417;9;2.0;246;Ceylan & Pascucci (2023);Experiment 2;Orientation;1;3;2.0;-22.0;-15.0;6.0;6;9
11;34;46;12;1.38362039999629;9;-49.0;247;Ceylan & Pascucci (2023);Experiment 2;Orientation;1;3;-49.0;-47.0;-71.0;-64.0;7;9
11;23;42;19;1.53371119999792;9;11.0;248;Ceylan & Pascucci (2023);Experiment 2;Orientation;1;3;11.0;-38.0;-36.0;-60.0;8;9
11;47;43;-4;2.02481629999238;9;-24.0;249;Ceylan & Pascucci (2023);Experiment 2;Orientation;1;3;-24.0;-13.0;-62.0;-60.0;9;9
11;180;6;6;3.34133760000987;9;47.0;250;Ceylan & Pascucci (2023);Experiment 2;Orientation;1;3;47.0;23.0;34.0;-15.0;10;9
11;177;168;-9;1.90804200001003;9;3.0;251;Ceylan & Pascucci (2023);Experiment 2;Orientation;1;3;3.0;50.0;26.0;37.0;11;9
11;44;43;-1;1.75701630000549;9;-47.0;252;Ceylan & Pascucci (2023);Experiment 2;Orientation;1;3;-47.0;-44.0;3.0;-21.0;12;9
11;152;143;-9;1.69985639999504;9;72.0;253;Ceylan & Pascucci (2023);Experiment 2;Orientation;1;3;72.0;25.0;28.0;75.0;13;9
11;158;138;-20;1.43319419999898;9;-6.0;254;Ceylan & Pascucci (2023);Experiment 2;Orientation;1;3;-6.0;66.0;19.0;22.0;14;9
11;73;63;-10;1.0584097999963;9;85.0;255;Ceylan & Pascucci (2023);Experiment 2;Orientation;1;3;85.0;79.0;-29.0;-76.0;15;9
11;19;26;7;1.8571840999939;9;54.0;256;Ceylan & Pascucci (2023);Experiment 2;Orientation;1;3;54.0;-41.0;-47.0;25.0;16;9
11;101;117;16;1.6578598000051;9;-82.0;257;Ceylan & Pascucci (2023);Experiment 2;Orientation;1;3;-82.0;-28.0;57.0;51.0;17;9
11;145;137;-8;1.4168473000027;9;-44.0;258;Ceylan & Pascucci (2023);Experiment 2;Orientation;1;3;-44.0;54.0;-72.0;13.0;18;9
11;151;135;-16;1.49192489999405;9;-6.0;259;Ceylan & Pascucci (2023);Experiment 2;Orientation;1;3;-6.0;-50.0;48.0;-78.0;19;9
11;45;54;9;2.10731780000788;9;-74.0;260;Ceylan & Pascucci (2023);Experiment 2;Orientation;1;3;-74.0;-80.0;56.0;-26.0;20;9
11;85;69;-16;1.82528920000186;9;-40.0;261;Ceylan & Pascucci (2023);Experiment 2;Orientation;1;3;-40.0;66.0;60.0;16.0;21;9
11;127;133;6;1.4252078999998;9;-42.0;262;Ceylan & Pascucci (2023);Experiment 2;Orientation;1;3;-42.0;-82.0;24.0;18.0;22;9
11;93;88;-5;2.83343900000909;9;34.0;263;Ceylan & Pascucci (2023);Experiment 2;Orientation;1;3;34.0;-8.0;-48.0;58.0;23;9
11;55;94;39;2.03317759999481;9;38.0;264;Ceylan & Pascucci (2023);Experiment 2;Orientation;1;3;38.0;72.0;30.0;-10.0;24;9
11;119;122;3;1.25833150000835;9;-64.0;265;Ceylan & Pascucci (2023);Experiment 2;Orientation;1;3;-64.0;-26.0;8.0;-34.0;25;9
11;155;132;-23;1.97475459999987;9;-36.0;266;Ceylan & Pascucci (2023);Experiment 2;Orientation;1;3;-36.0;80.0;-62.0;-28.0;26;9
11;21;33;12;1.30021059999126;9;-46.0;267;Ceylan & Pascucci (2023);Experiment 2;Orientation;1;3;-46.0;-82.0;34.0;72.0;27;9
11;31;40;9;1.23326110000198;9;-10.0;268;Ceylan & Pascucci (2023);Experiment 2;Orientation;1;3;-10.0;-56.0;88.0;24.0;28;9
11;39;45;6;0.908380699998816;9;-8.0;269;Ceylan & Pascucci (2023);Experiment 2;Orientation;1;3;-8.0;-18.0;-64.0;80.0;29;9
11;20;30;10;1.75852869999653;9;19.0;270;Ceylan & Pascucci (2023);Experiment 2;Orientation;1;3;19.0;11.0;1.0;-45.0;30;9
11;112;133;21;1.71597509999992;10;88.0;271;Ceylan & Pascucci (2023);Experiment 2;Orientation;1;3;;;;;1;10
11;128;132;4;1.34993869999016;10;-16.0;272;Ceylan & Pascucci (2023);Experiment 2;Orientation;1;3;;;;;2;10
11;95;124;29;2.07492040000216;10;33.0;273;Ceylan & Pascucci (2023);Experiment 2;Orientation;1;3;;;;;3;10
11;83;73;-10;3.3825868999993;10;12.0;274;Ceylan & Pascucci (2023);Experiment 2;Orientation;1;3;;;;;4;10
11;56;59;3;2.62514930000179;10;27.0;275;Ceylan & Pascucci (2023);Experiment 2;Orientation;1;3;27.0;39.0;72.0;56.0;5;10
11;13;32;19;2.2253051000007;10;43.0;276;Ceylan & Pascucci (2023);Experiment 2;Orientation;1;3;43.0;70.0;82.0;-65.0;6;10
11;129;143;14;1.33322369999951;10;64.0;277;Ceylan & Pascucci (2023);Experiment 2;Orientation;1;3;64.0;-73.0;-46.0;-34.0;7;10
11;33;25;-8;1.70029509998858;10;-84.0;278;Ceylan & Pascucci (2023);Experiment 2;Orientation;1;3;-84.0;-20.0;23.0;50.0;8;10
11;6;31;25;1.55815640000219;10;27.0;279;Ceylan & Pascucci (2023);Experiment 2;Orientation;1;3;27.0;-57.0;7.0;50.0;9;10
11;1;2;1;2.23343659999955;10;5.0;280;Ceylan & Pascucci (2023);Experiment 2;Orientation;1;3;5.0;32.0;-52.0;12.0;10;10
11;178;2;4;2.64846689999104;10;3.0;281;Ceylan & Pascucci (2023);Experiment 2;Orientation;1;3;3.0;8.0;35.0;-49.0;11;10
11;113;125;12;1.55871409999963;10;65.0;282;Ceylan & Pascucci (2023);Experiment 2;Orientation;1;3;65.0;68.0;73.0;-80.0;12;10
11;39;47;8;2.79944709999836;10;74.0;283;Ceylan & Pascucci (2023);Experiment 2;Orientation;1;3;74.0;-41.0;-38.0;-33.0;13;10
11;123;129;6;2.15823859999364;10;-84.0;284;Ceylan & Pascucci (2023);Experiment 2;Orientation;1;3;-84.0;-10.0;55.0;58.0;14;10
11;53;45;-8;1.3503395000007;10;70.0;285;Ceylan & Pascucci (2023);Experiment 2;Orientation;1;3;70.0;-14.0;60.0;-55.0;15;10
11;12;26;14;2.10849880000751;10;41.0;286;Ceylan & Pascucci (2023);Experiment 2;Orientation;1;3;41.0;-69.0;27.0;-79.0;16;10
11;31;35;4;1.57491239999945;10;-19.0;287;Ceylan & Pascucci (2023);Experiment 2;Orientation;1;3;-19.0;22.0;-88.0;8.0;17;10
11;5;9;4;1.52490859999671;10;26.0;288;Ceylan & Pascucci (2023);Experiment 2;Orientation;1;3;26.0;7.0;48.0;-62.0;18;10
11;16;14;-2;1.29150970000774;10;-11.0;289;Ceylan & Pascucci (2023);Experiment 2;Orientation;1;3;-11.0;15.0;-4.0;37.0;19;10
11;12;20;8;1.95760229999723;10;4.0;290;Ceylan & Pascucci (2023);Experiment 2;Orientation;1;3;4.0;-7.0;19.0;0.0;20;10
11;158;154;-4;1.69988610000291;10;34.0;291;Ceylan & Pascucci (2023);Experiment 2;Orientation;1;3;34.0;38.0;27.0;53.0;21;10
11;107;111;4;1.83346149999124;10;51.0;292;Ceylan & Pascucci (2023);Experiment 2;Orientation;1;3;51.0;85.0;89.0;78.0;22;10
11;85;68;-17;2.02529659999709;10;22.0;293;Ceylan & Pascucci (2023);Experiment 2;Orientation;1;3;22.0;73.0;-73.0;-69.0;23;10
11;110;119;9;1.25028390000807;10;-25.0;294;Ceylan & Pascucci (2023);Experiment 2;Orientation;1;3;-25.0;-3.0;48.0;82.0;24;10
11;93;81;-12;1.84989840000344;10;17.0;295;Ceylan & Pascucci (2023);Experiment 2;Orientation;1;3;17.0;-8.0;14.0;65.0;25;10
11;147;138;-9;2.95797469999525;10;-54.0;296;Ceylan & Pascucci (2023);Experiment 2;Orientation;1;3;-54.0;-37.0;-62.0;-40.0;26;10
11;109;107;-2;1.32398950000061;10;38.0;297;Ceylan & Pascucci (2023);Experiment 2;Orientation;1;3;38.0;-16.0;1.0;-24.0;27;10
11;80;89;9;4.26619009999558;10;29.0;298;Ceylan & Pascucci (2023);Experiment 2;Orientation;1;3;29.0;67.0;13.0;30.0;28;10
11;58;50;-8;1.43318839999847;10;22.0;299;Ceylan & Pascucci (2023);Experiment 2;Orientation;1;3;22.0;51.0;89.0;35.0;29;10
11;8;19;11;3.40011860000959;10;50.0;300;Ceylan & Pascucci (2023);Experiment 2;Orientation;1;3;50.0;72.0;-79.0;-41.0;30;10
12;160;148;-12;0.615621600009035;1;;1;Ceylan & Pascucci (2023);Experiment 2;Orientation;1;3;;;;;1;1
12;58;43;-15;1.49165759998141;1;-78.0;2;Ceylan & Pascucci (2023);Experiment 2;Orientation;1;3;;;;;2;1
12;50;50;0;1.94092530000489;1;8.0;3;Ceylan & Pascucci (2023);Experiment 2;Orientation;1;3;;;;;3;1
12;168;165;-3;1.00068440000177;1;62.0;4;Ceylan & Pascucci (2023);Experiment 2;Orientation;1;3;;;;;4;1
12;163;156;-7;1.61633590000565;1;5.0;5;Ceylan & Pascucci (2023);Experiment 2;Orientation;1;3;5.0;67.0;75.0;-3.0;5;1
12;147;129;-18;1.20773850000114;1;16.0;6;Ceylan & Pascucci (2023);Experiment 2;Orientation;1;3;16.0;21.0;83.0;-89.0;6;1
12;61;60;-1;1.89216570000281;1;86.0;7;Ceylan & Pascucci (2023);Experiment 2;Orientation;1;3;86.0;-78.0;-73.0;-11.0;7;1
12;54;55;1;1.19901229999959;1;7.0;8;Ceylan & Pascucci (2023);Experiment 2;Orientation;1;3;7.0;-87.0;-71.0;-66.0;8;1
12;122;128;6;2.10834500001511;1;-68.0;9;Ceylan & Pascucci (2023);Experiment 2;Orientation;1;3;-68.0;-61.0;25.0;41.0;9;1
12;168;144;-24;1.2499299000192;1;-46.0;10;Ceylan & Pascucci (2023);Experiment 2;Orientation;1;3;-46.0;66.0;73.0;-21.0;10;1
12;128;137;9;1.03351119998842;1;40.0;11;Ceylan & Pascucci (2023);Experiment 2;Orientation;1;3;40.0;-6.0;-74.0;-67.0;11;1
12;54;57;3;2.14167500002077;1;74.0;12;Ceylan & Pascucci (2023);Experiment 2;Orientation;1;3;74.0;-66.0;68.0;0.0;12;1
12;105;109;4;2.05716709999251;1;-51.0;13;Ceylan & Pascucci (2023);Experiment 2;Orientation;1;3;-51.0;23.0;63.0;17.0;13;1
12;3;12;9;1.89189530001022;1;-78.0;14;Ceylan & Pascucci (2023);Experiment 2;Orientation;1;3;-78.0;51.0;-55.0;-15.0;14;1
12;156;135;-21;2.31542360002641;1;27.0;15;Ceylan & Pascucci (2023);Experiment 2;Orientation;1;3;27.0;-51.0;78.0;-28.0;15;1
12;90;85;-5;1.30804639999405;1;66.0;16;Ceylan & Pascucci (2023);Experiment 2;Orientation;1;3;66.0;-87.0;15.0;-36.0;16;1
12;69;72;3;1.42560529999901;1;21.0;17;Ceylan & Pascucci (2023);Experiment 2;Orientation;1;3;21.0;87.0;-66.0;36.0;17;1
12;17;12;-5;1.41682730001048;1;52.0;18;Ceylan & Pascucci (2023);Experiment 2;Orientation;1;3;52.0;73.0;-41.0;-14.0;18;1
12;176;164;-12;1.47533139999723;1;21.0;19;Ceylan & Pascucci (2023);Experiment 2;Orientation;1;3;21.0;73.0;-86.0;-20.0;19;1
12;166;164;-2;1.54233050000039;1;10.0;20;Ceylan & Pascucci (2023);Experiment 2;Orientation;1;3;10.0;31.0;83.0;-76.0;20;1
12;140;125;-15;1.79930109999259;1;26.0;21;Ceylan & Pascucci (2023);Experiment 2;Orientation;1;3;26.0;36.0;57.0;-71.0;21;1
12;89;88;-1;1.31740689999424;1;51.0;22;Ceylan & Pascucci (2023);Experiment 2;Orientation;1;3;51.0;77.0;87.0;-72.0;22;1
12;27;50;23;2.12507720000576;1;62.0;23;Ceylan & Pascucci (2023);Experiment 2;Orientation;1;3;62.0;-67.0;-41.0;-31.0;23;1
12;74;73;-1;2.01560730001074;1;-47.0;24;Ceylan & Pascucci (2023);Experiment 2;Orientation;1;3;-47.0;15.0;66.0;-88.0;24;1
12;54;60;6;1.54107139998814;1;20.0;25;Ceylan & Pascucci (2023);Experiment 2;Orientation;1;3;20.0;-27.0;35.0;86.0;25;1
12;176;168;-8;1.43322140001692;1;58.0;26;Ceylan & Pascucci (2023);Experiment 2;Orientation;1;3;58.0;78.0;31.0;-87.0;26;1
12;43;79;36;1.78254939999897;1;-47.0;27;Ceylan & Pascucci (2023);Experiment 2;Orientation;1;3;-47.0;11.0;31.0;-16.0;27;1
12;83;83;0;0.916855899995426;1;-40.0;28;Ceylan & Pascucci (2023);Experiment 2;Orientation;1;3;-40.0;-87.0;-29.0;-9.0;28;1
12;14;30;16;1.0085728999984;1;69.0;29;Ceylan & Pascucci (2023);Experiment 2;Orientation;1;3;69.0;29.0;-18.0;40.0;29;1
12;93;129;36;2.40802479998092;1;-79.0;30;Ceylan & Pascucci (2023);Experiment 2;Orientation;1;3;-79.0;-10.0;-50.0;83.0;30;1
12;172;153;-19;1.36652960002539;2;-79.0;31;Ceylan & Pascucci (2023);Experiment 2;Orientation;1;3;;;;;1;2
12;30;38;8;1.20854210000834;2;-38.0;32;Ceylan & Pascucci (2023);Experiment 2;Orientation;1;3;;;;;2;2
12;89;94;5;2.27418219999527;2;-59.0;33;Ceylan & Pascucci (2023);Experiment 2;Orientation;1;3;;;;;3;2
12;92;95;3;1.95754819997819;2;-3.0;34;Ceylan & Pascucci (2023);Experiment 2;Orientation;1;3;;;;;4;2
12;156;143;-13;1.5333135999972;2;-64.0;35;Ceylan & Pascucci (2023);Experiment 2;Orientation;1;3;-64.0;-67.0;54.0;16.0;5;2
12;20;34;14;1.70755200000713;2;-44.0;36;Ceylan & Pascucci (2023);Experiment 2;Orientation;1;3;-44.0;72.0;69.0;10.0;6;2
12;158;149;-9;1.1086370999983;2;42.0;37;Ceylan & Pascucci (2023);Experiment 2;Orientation;1;3;42.0;-2.0;-66.0;-69.0;7;2
12;123;131;8;2.52421309999772;2;35.0;38;Ceylan & Pascucci (2023);Experiment 2;Orientation;1;3;35.0;77.0;33.0;-31.0;8;2
12;131;130;-1;1.35854220000328;2;-8.0;39;Ceylan & Pascucci (2023);Experiment 2;Orientation;1;3;-8.0;27.0;69.0;25.0;9;2
12;87;95;8;1.3494575000077;2;44.0;40;Ceylan & Pascucci (2023);Experiment 2;Orientation;1;3;44.0;36.0;71.0;-67.0;10;2
12;7;10;3;1.61515699999291;2;80.0;41;Ceylan & Pascucci (2023);Experiment 2;Orientation;1;3;80.0;-56.0;-64.0;-29.0;11;2
12;175;163;-12;1.65751420002198;2;12.0;42;Ceylan & Pascucci (2023);Experiment 2;Orientation;1;3;12.0;-88.0;-44.0;-52.0;12;2
12;40;39;-1;1.4415932999982;2;-45.0;43;Ceylan & Pascucci (2023);Experiment 2;Orientation;1;3;-45.0;-33.0;47.0;-89.0;13;2
12;30;11;-19;1.56719659999362;2;10.0;44;Ceylan & Pascucci (2023);Experiment 2;Orientation;1;3;10.0;-35.0;-23.0;57.0;14;2
12;88;90;2;2.08348319999641;2;-58.0;45;Ceylan & Pascucci (2023);Experiment 2;Orientation;1;3;-58.0;-48.0;87.0;-81.0;15;2
12;28;10;-18;1.466459999996;2;60.0;46;Ceylan & Pascucci (2023);Experiment 2;Orientation;1;3;60.0;2.0;12.0;-33.0;16;2
12;140;131;-9;2.19850639998913;2;68.0;47;Ceylan & Pascucci (2023);Experiment 2;Orientation;1;3;68.0;-52.0;70.0;80.0;17;2
12;7;13;6;2.15748980001081;2;-47.0;48;Ceylan & Pascucci (2023);Experiment 2;Orientation;1;3;-47.0;21.0;81.0;23.0;18;2
12;131;123;-8;1.74053239999921;2;56.0;49;Ceylan & Pascucci (2023);Experiment 2;Orientation;1;3;56.0;9.0;77.0;-43.0;19;2
12;49;50;1;1.04053699999349;2;82.0;50;Ceylan & Pascucci (2023);Experiment 2;Orientation;1;3;82.0;-42.0;-89.0;-21.0;20;2
12;180;179;-1;1.35898990000715;2;49.0;51;Ceylan & Pascucci (2023);Experiment 2;Orientation;1;3;49.0;-49.0;7.0;-40.0;21;2
12;129;141;12;1.5501316000009;2;51.0;52;Ceylan & Pascucci (2023);Experiment 2;Orientation;1;3;51.0;-80.0;2.0;58.0;22;2
12;47;49;2;1.33399710000958;2;82.0;53;Ceylan & Pascucci (2023);Experiment 2;Orientation;1;3;82.0;-47.0;2.0;84.0;23;2
12;18;28;10;1.55054440000094;2;29.0;54;Ceylan & Pascucci (2023);Experiment 2;Orientation;1;3;29.0;-69.0;-18.0;31.0;24;2
12;87;79;-8;1.23392400000012;2;-69.0;55;Ceylan & Pascucci (2023);Experiment 2;Orientation;1;3;-69.0;-40.0;42.0;-87.0;25;2
12;9;15;6;1.53329989998019;2;78.0;56;Ceylan & Pascucci (2023);Experiment 2;Orientation;1;3;78.0;9.0;38.0;-60.0;26;2
12;135;120;-15;1.19979070001864;2;54.0;57;Ceylan & Pascucci (2023);Experiment 2;Orientation;1;3;54.0;-48.0;63.0;-88.0;27;2
12;80;73;-7;2.15853689998039;2;55.0;58;Ceylan & Pascucci (2023);Experiment 2;Orientation;1;3;55.0;-71.0;7.0;-62.0;28;2
12;5;23;18;1.30810389999533;2;75.0;59;Ceylan & Pascucci (2023);Experiment 2;Orientation;1;3;75.0;-50.0;4.0;82.0;29;2
12;34;40;6;1.2325308000145;2;-29.0;60;Ceylan & Pascucci (2023);Experiment 2;Orientation;1;3;-29.0;46.0;-79.0;-25.0;30;2
12;179;0;1;1.05036280001514;3;35.0;61;Ceylan & Pascucci (2023);Experiment 2;Orientation;1;3;;;;;1;3
12;34;53;19;2.99083739999332;3;-35.0;62;Ceylan & Pascucci (2023);Experiment 2;Orientation;1;3;;;;;2;3
12;26;27;1;1.75053799999296;3;8.0;63;Ceylan & Pascucci (2023);Experiment 2;Orientation;1;3;;;;;3;3
12;52;38;-14;1.24931949999882;3;-26.0;64;Ceylan & Pascucci (2023);Experiment 2;Orientation;1;3;;;;;4;3
12;127;126;-1;2.0821275000053;3;-75.0;65;Ceylan & Pascucci (2023);Experiment 2;Orientation;1;3;-75.0;79.0;87.0;52.0;5;3
12;78;55;-23;1.31694180000341;3;49.0;66;Ceylan & Pascucci (2023);Experiment 2;Orientation;1;3;49.0;-26.0;-52.0;-44.0;6;3
12;136;123;-13;2.3738716999942;3;-58.0;67;Ceylan & Pascucci (2023);Experiment 2;Orientation;1;3;-58.0;-9.0;-84.0;70.0;7;3
12;119;119;0;0.967243899998721;3;17.0;68;Ceylan & Pascucci (2023);Experiment 2;Orientation;1;3;17.0;-41.0;8.0;-67.0;8;3
12;15;22;7;1.16648889999487;3;-76.0;69;Ceylan & Pascucci (2023);Experiment 2;Orientation;1;3;-76.0;-59.0;63.0;-68.0;9;3
12;78;55;-23;1.45852759998525;3;-63.0;70;Ceylan & Pascucci (2023);Experiment 2;Orientation;1;3;-63.0;41.0;58.0;0.0;10;3
12;123;138;15;1.00043960000039;3;-45.0;71;Ceylan & Pascucci (2023);Experiment 2;Orientation;1;3;-45.0;72.0;-4.0;13.0;11;3
12;2;9;7;1.09224739999627;3;-59.0;72;Ceylan & Pascucci (2023);Experiment 2;Orientation;1;3;-59.0;76.0;13.0;-63.0;12;3
12;139;129;-10;1.43298929999582;3;43.0;73;Ceylan & Pascucci (2023);Experiment 2;Orientation;1;3;43.0;-16.0;-61.0;56.0;13;3
12;40;47;7;1.10777130001225;3;-81.0;74;Ceylan & Pascucci (2023);Experiment 2;Orientation;1;3;-81.0;-38.0;83.0;38.0;14;3
12;11;26;15;2.21510569998645;3;29.0;75;Ceylan & Pascucci (2023);Experiment 2;Orientation;1;3;29.0;-52.0;-9.0;-68.0;15;3
12;41;48;7;1.5163501999923;3;-30.0;76;Ceylan & Pascucci (2023);Experiment 2;Orientation;1;3;-30.0;-1.0;-82.0;-39.0;16;3
12;33;26;-7;1.43267479998758;3;8.0;77;Ceylan & Pascucci (2023);Experiment 2;Orientation;1;3;8.0;-22.0;7.0;-74.0;17;3
12;85;74;-11;1.75058249998256;3;-52.0;78;Ceylan & Pascucci (2023);Experiment 2;Orientation;1;3;-52.0;-44.0;-74.0;-45.0;18;3
12;78;63;-15;2.01718789999723;3;7.0;79;Ceylan & Pascucci (2023);Experiment 2;Orientation;1;3;7.0;-45.0;-37.0;-67.0;19;3
12;76;78;2;1.12520720000612;3;2.0;80;Ceylan & Pascucci (2023);Experiment 2;Orientation;1;3;2.0;9.0;-43.0;-35.0;20;3
12;91;81;-10;1.50855800000136;3;-15.0;81;Ceylan & Pascucci (2023);Experiment 2;Orientation;1;3;-15.0;-13.0;-6.0;-58.0;21;3
12;169;146;-23;1.92535419997876;3;-78.0;82;Ceylan & Pascucci (2023);Experiment 2;Orientation;1;3;-78.0;87.0;89.0;-84.0;22;3
12;140;148;8;1.43307130000903;3;29.0;83;Ceylan & Pascucci (2023);Experiment 2;Orientation;1;3;29.0;-49.0;-64.0;-62.0;23;3
12;153;151;-2;1.45061149998219;3;-13.0;84;Ceylan & Pascucci (2023);Experiment 2;Orientation;1;3;-13.0;16.0;-62.0;-77.0;24;3
12;5;8;3;1.87513329999638;3;-32.0;85;Ceylan & Pascucci (2023);Experiment 2;Orientation;1;3;-32.0;-45.0;-16.0;86.0;25;3
12;25;22;-3;1.15723150002304;3;-20.0;86;Ceylan & Pascucci (2023);Experiment 2;Orientation;1;3;-20.0;-52.0;-65.0;-36.0;26;3
12;118;130;12;1.80852620000951;3;87.0;87;Ceylan & Pascucci (2023);Experiment 2;Orientation;1;3;87.0;67.0;35.0;22.0;27;3
12;55;62;7;1.43394250000711;3;63.0;88;Ceylan & Pascucci (2023);Experiment 2;Orientation;1;3;63.0;-30.0;-50.0;-82.0;28;3
12;140;124;-16;1.49226110000745;3;-85.0;89;Ceylan & Pascucci (2023);Experiment 2;Orientation;1;3;-85.0;-22.0;65.0;45.0;29;3
12;162;143;-19;1.75833470001817;3;-22.0;90;Ceylan & Pascucci (2023);Experiment 2;Orientation;1;3;-22.0;73.0;-44.0;43.0;30;3
12;41;38;-3;1.00015069998335;4;-59.0;91;Ceylan & Pascucci (2023);Experiment 2;Orientation;1;3;;;;;1;4
12;150;142;-8;1.84995919998619;4;71.0;92;Ceylan & Pascucci (2023);Experiment 2;Orientation;1;3;;;;;2;4
12;155;158;3;1.37518580001779;4;-5.0;93;Ceylan & Pascucci (2023);Experiment 2;Orientation;1;3;;;;;3;4
12;19;48;29;1.58262540001306;4;-44.0;94;Ceylan & Pascucci (2023);Experiment 2;Orientation;1;3;;;;;4;4
12;32;39;7;1.99129829998128;4;-13.0;95;Ceylan & Pascucci (2023);Experiment 2;Orientation;1;3;-13.0;-57.0;-62.0;9.0;5;4
12;24;46;22;1.51689110000734;4;8.0;96;Ceylan & Pascucci (2023);Experiment 2;Orientation;1;3;8.0;-5.0;-49.0;-54.0;6;4
12;146;134;-12;1.04971680001472;4;58.0;97;Ceylan & Pascucci (2023);Experiment 2;Orientation;1;3;58.0;66.0;53.0;9.0;7;4
12;138;132;-6;1.57388519999222;4;8.0;98;Ceylan & Pascucci (2023);Experiment 2;Orientation;1;3;8.0;66.0;74.0;61.0;8;4
12;118;124;6;1.3906558000017;4;20.0;99;Ceylan & Pascucci (2023);Experiment 2;Orientation;1;3;20.0;28.0;86.0;-86.0;9;4
12;65;64;-1;2.58252380002523;4;53.0;100;Ceylan & Pascucci (2023);Experiment 2;Orientation;1;3;53.0;73.0;81.0;-41.0;10;4
12;29;39;10;1.14972219997435;4;36.0;101;Ceylan & Pascucci (2023);Experiment 2;Orientation;1;3;36.0;89.0;-71.0;-63.0;11;4
12;29;51;22;1.78360779999639;4;0.0;102;Ceylan & Pascucci (2023);Experiment 2;Orientation;1;3;0.0;36.0;89.0;-71.0;12;4
12;135;127;-8;1.00858470000094;4;74.0;103;Ceylan & Pascucci (2023);Experiment 2;Orientation;1;3;74.0;74.0;-70.0;-17.0;13;4
12;169;154;-15;1.7251377000066;4;-34.0;104;Ceylan & Pascucci (2023);Experiment 2;Orientation;1;3;-34.0;40.0;40.0;76.0;14;4
12;86;76;-10;2.22482910001418;4;83.0;105;Ceylan & Pascucci (2023);Experiment 2;Orientation;1;3;83.0;49.0;-57.0;-57.0;15;4
12;30;42;12;1.89969230000861;4;56.0;106;Ceylan & Pascucci (2023);Experiment 2;Orientation;1;3;56.0;-41.0;-75.0;-1.0;16;4
12;125;116;-9;1.16699109997717;4;85.0;107;Ceylan & Pascucci (2023);Experiment 2;Orientation;1;3;85.0;-39.0;44.0;10.0;17;4
12;52;45;-7;1.91553170001134;4;73.0;108;Ceylan & Pascucci (2023);Experiment 2;Orientation;1;3;73.0;-22.0;34.0;-63.0;18;4
12;51;42;-9;1.50769009999931;4;1.0;109;Ceylan & Pascucci (2023);Experiment 2;Orientation;1;3;1.0;74.0;-21.0;35.0;19;4
12;130;121;-9;1.1086529000022;4;-79.0;110;Ceylan & Pascucci (2023);Experiment 2;Orientation;1;3;-79.0;-78.0;-5.0;80.0;20;4
12;43;43;0;1.35022649998427;4;87.0;111;Ceylan & Pascucci (2023);Experiment 2;Orientation;1;3;87.0;8.0;9.0;82.0;21;4
12;171;178;7;1.24200779999956;4;52.0;112;Ceylan & Pascucci (2023);Experiment 2;Orientation;1;3;52.0;-41.0;60.0;61.0;22;4
12;127;136;9;1.15769940000609;4;44.0;113;Ceylan & Pascucci (2023);Experiment 2;Orientation;1;3;44.0;-84.0;3.0;-76.0;23;4
12;57;56;-1;1.45748690000619;4;70.0;114;Ceylan & Pascucci (2023);Experiment 2;Orientation;1;3;70.0;-66.0;-14.0;73.0;24;4
12;5;10;5;1.42479180000373;4;52.0;115;Ceylan & Pascucci (2023);Experiment 2;Orientation;1;3;52.0;-58.0;-14.0;38.0;25;4
12;12;5;-7;1.84098079998512;4;-7.0;116;Ceylan & Pascucci (2023);Experiment 2;Orientation;1;3;-7.0;45.0;-65.0;-21.0;26;4
12;39;21;-18;1.77451349998591;4;-27.0;117;Ceylan & Pascucci (2023);Experiment 2;Orientation;1;3;-27.0;-34.0;18.0;88.0;27;4
12;35;21;-14;1.26602009998169;4;4.0;118;Ceylan & Pascucci (2023);Experiment 2;Orientation;1;3;4.0;-23.0;-30.0;22.0;28;4
12;68;66;-2;1.64133000001311;4;-33.0;119;Ceylan & Pascucci (2023);Experiment 2;Orientation;1;3;-33.0;-29.0;-56.0;-63.0;29;4
12;79;77;-2;1.35904000001028;4;-11.0;120;Ceylan & Pascucci (2023);Experiment 2;Orientation;1;3;-11.0;-44.0;-40.0;-67.0;30;4
12;86;81;-5;2.10706270000082;5;-7.0;121;Ceylan & Pascucci (2023);Experiment 2;Orientation;1;3;;;;;1;5
12;105;112;7;1.24134189999313;5;-19.0;122;Ceylan & Pascucci (2023);Experiment 2;Orientation;1;3;;;;;2;5
12;48;65;17;1.44860520001384;5;57.0;123;Ceylan & Pascucci (2023);Experiment 2;Orientation;1;3;;;;;3;5
12;47;48;1;1.21699600000284;5;1.0;124;Ceylan & Pascucci (2023);Experiment 2;Orientation;1;3;;;;;4;5
12;34;51;17;1.72582910000347;5;13.0;125;Ceylan & Pascucci (2023);Experiment 2;Orientation;1;3;13.0;14.0;71.0;52.0;5;5
12;26;44;18;1.04196279999451;5;8.0;126;Ceylan & Pascucci (2023);Experiment 2;Orientation;1;3;8.0;21.0;22.0;79.0;6;5
12;175;170;-5;1.54233110000496;5;31.0;127;Ceylan & Pascucci (2023);Experiment 2;Orientation;1;3;31.0;39.0;52.0;53.0;7;5
12;145;163;18;1.38315389998024;5;30.0;128;Ceylan & Pascucci (2023);Experiment 2;Orientation;1;3;30.0;61.0;69.0;82.0;8;5
12;180;178;-2;1.18394970000372;5;-35.0;129;Ceylan & Pascucci (2023);Experiment 2;Orientation;1;3;-35.0;-5.0;26.0;34.0;9;5
12;129;144;15;1.33362390002003;5;51.0;130;Ceylan & Pascucci (2023);Experiment 2;Orientation;1;3;51.0;16.0;46.0;77.0;10;5
12;30;34;4;1.07477820001077;5;-81.0;131;Ceylan & Pascucci (2023);Experiment 2;Orientation;1;3;-81.0;-30.0;-65.0;-35.0;11;5
12;28;37;9;1.7076609999931;5;2.0;132;Ceylan & Pascucci (2023);Experiment 2;Orientation;1;3;2.0;-79.0;-28.0;-63.0;12;5
12;48;28;-20;1.10020220000297;5;-20.0;133;Ceylan & Pascucci (2023);Experiment 2;Orientation;1;3;-20.0;-18.0;81.0;-48.0;13;5
12;156;136;-20;1.1673923000053;5;72.0;134;Ceylan & Pascucci (2023);Experiment 2;Orientation;1;3;72.0;52.0;54.0;-27.0;14;5
12;151;132;-19;1.38356469999417;5;5.0;135;Ceylan & Pascucci (2023);Experiment 2;Orientation;1;3;5.0;77.0;57.0;59.0;15;5
12;68;38;-30;1.54072520000045;5;83.0;136;Ceylan & Pascucci (2023);Experiment 2;Orientation;1;3;83.0;88.0;-20.0;-40.0;16;5
12;40;41;1;1.50858460000018;5;28.0;137;Ceylan & Pascucci (2023);Experiment 2;Orientation;1;3;28.0;-69.0;-64.0;8.0;17;5
12;82;74;-8;1.01591849999386;5;-42.0;138;Ceylan & Pascucci (2023);Experiment 2;Orientation;1;3;-42.0;-14.0;69.0;74.0;18;5
12;64;60;-4;0.600614199996926;5;18.0;139;Ceylan & Pascucci (2023);Experiment 2;Orientation;1;3;18.0;-24.0;4.0;87.0;19;5
12;65;57;-8;2.49960409998312;5;-1.0;140;Ceylan & Pascucci (2023);Experiment 2;Orientation;1;3;-1.0;17.0;-25.0;3.0;20;5
12;80;73;-7;1.24210569998831;5;-15.0;141;Ceylan & Pascucci (2023);Experiment 2;Orientation;1;3;-15.0;-16.0;2.0;-40.0;21;5
12;30;47;17;2.25796240000636;5;50.0;142;Ceylan & Pascucci (2023);Experiment 2;Orientation;1;3;50.0;35.0;34.0;52.0;22;5
12;177;11;14;1.50856660000863;5;33.0;143;Ceylan & Pascucci (2023);Experiment 2;Orientation;1;3;33.0;83.0;68.0;67.0;23;5
12;139;131;-8;1.45034059998579;5;38.0;144;Ceylan & Pascucci (2023);Experiment 2;Orientation;1;3;38.0;71.0;-59.0;-74.0;24;5
12;116;118;2;2.10761140001705;5;23.0;145;Ceylan & Pascucci (2023);Experiment 2;Orientation;1;3;23.0;61.0;-86.0;-36.0;25;5
12;156;160;4;1.41648310000892;5;-40.0;146;Ceylan & Pascucci (2023);Experiment 2;Orientation;1;3;-40.0;-17.0;21.0;54.0;26;5
12;62;51;-11;1.54192899999907;5;-86.0;147;Ceylan & Pascucci (2023);Experiment 2;Orientation;1;3;-86.0;54.0;77.0;-65.0;27;5
12;65;61;-4;1.50805279999622;5;-3.0;148;Ceylan & Pascucci (2023);Experiment 2;Orientation;1;3;-3.0;-89.0;51.0;74.0;28;5
12;112;127;15;1.41608990001259;5;-47.0;149;Ceylan & Pascucci (2023);Experiment 2;Orientation;1;3;-47.0;-50.0;44.0;4.0;29;5
12;102;102;0;1.5743005000113;5;10.0;150;Ceylan & Pascucci (2023);Experiment 2;Orientation;1;3;10.0;-37.0;-40.0;54.0;30;5
12;158;117;-41;1.94927189999726;6;-56.0;151;Ceylan & Pascucci (2023);Experiment 2;Orientation;1;3;;;;;1;6
12;123;114;-9;1.41564160000416;6;35.0;152;Ceylan & Pascucci (2023);Experiment 2;Orientation;1;3;;;;;2;6
12;115;120;5;1.20819520001533;6;8.0;153;Ceylan & Pascucci (2023);Experiment 2;Orientation;1;3;;;;;3;6
12;18;13;-5;1.20854570000665;6;-83.0;154;Ceylan & Pascucci (2023);Experiment 2;Orientation;1;3;;;;;4;6
12;148;140;-8;1.24194340000395;6;50.0;155;Ceylan & Pascucci (2023);Experiment 2;Orientation;1;3;50.0;-33.0;-25.0;10.0;5;6
12;43;40;-3;1.31526770000346;6;-75.0;156;Ceylan & Pascucci (2023);Experiment 2;Orientation;1;3;-75.0;-25.0;72.0;80.0;6;6
12;41;47;6;1.14979440000025;6;2.0;157;Ceylan & Pascucci (2023);Experiment 2;Orientation;1;3;2.0;-73.0;-23.0;74.0;7;6
12;55;48;-7;1.40030069998465;6;-14.0;158;Ceylan & Pascucci (2023);Experiment 2;Orientation;1;3;-14.0;-12.0;-87.0;-37.0;8;6
12;176;178;2;1.49107330001425;6;59.0;159;Ceylan & Pascucci (2023);Experiment 2;Orientation;1;3;59.0;45.0;47.0;-28.0;9;6
12;130;130;0;1.3086467999965;6;46.0;160;Ceylan & Pascucci (2023);Experiment 2;Orientation;1;3;46.0;-75.0;-89.0;-87.0;10;6
12;65;55;-10;1.83367439999711;6;65.0;161;Ceylan & Pascucci (2023);Experiment 2;Orientation;1;3;65.0;-69.0;-10.0;-24.0;11;6
12;116;111;-5;2.0411718999967;6;-51.0;162;Ceylan & Pascucci (2023);Experiment 2;Orientation;1;3;-51.0;14.0;60.0;-61.0;12;6
12;67;64;-3;1.52401379999355;6;49.0;163;Ceylan & Pascucci (2023);Experiment 2;Orientation;1;3;49.0;-2.0;63.0;-71.0;13;6
12;98;96;-2;0.982325099990703;6;-31.0;164;Ceylan & Pascucci (2023);Experiment 2;Orientation;1;3;-31.0;18.0;-33.0;32.0;14;6
12;142;159;17;1.45740149999619;6;-44.0;165;Ceylan & Pascucci (2023);Experiment 2;Orientation;1;3;-44.0;-75.0;-26.0;-77.0;15;6
12;92;96;4;1.51608840000699;6;50.0;166;Ceylan & Pascucci (2023);Experiment 2;Orientation;1;3;50.0;6.0;-25.0;24.0;16;6
12;15;14;-1;2.13297080001212;6;77.0;167;Ceylan & Pascucci (2023);Experiment 2;Orientation;1;3;77.0;-53.0;83.0;52.0;17;6
12;92;100;8;1.75850359999458;6;-77.0;168;Ceylan & Pascucci (2023);Experiment 2;Orientation;1;3;-77.0;0.0;50.0;6.0;18;6
12;70;67;-3;1.30055750001338;6;22.0;169;Ceylan & Pascucci (2023);Experiment 2;Orientation;1;3;22.0;-55.0;22.0;72.0;19;6
12;180;178;-2;1.40864039998269;6;70.0;170;Ceylan & Pascucci (2023);Experiment 2;Orientation;1;3;70.0;-88.0;15.0;-88.0;20;6
12;81;67;-14;1.39156180000282;6;-81.0;171;Ceylan & Pascucci (2023);Experiment 2;Orientation;1;3;-81.0;-11.0;11.0;-66.0;21;6
12;145;145;0;1.7667475999915;6;-64.0;172;Ceylan & Pascucci (2023);Experiment 2;Orientation;1;3;-64.0;35.0;-75.0;-53.0;22;6
12;117;103;-14;1.82460649998393;6;28.0;173;Ceylan & Pascucci (2023);Experiment 2;Orientation;1;3;28.0;-36.0;63.0;-47.0;23;6
12;54;49;-5;1.66651870001806;6;63.0;174;Ceylan & Pascucci (2023);Experiment 2;Orientation;1;3;63.0;-89.0;27.0;-54.0;24;6
12;128;122;-6;1.18315770002664;6;-74.0;175;Ceylan & Pascucci (2023);Experiment 2;Orientation;1;3;-74.0;-11.0;17.0;-47.0;25;6
12;101;109;8;2.03215680000721;6;27.0;176;Ceylan & Pascucci (2023);Experiment 2;Orientation;1;3;27.0;-47.0;16.0;44.0;26;6
12;173;167;-6;1.32503340000403;6;-72.0;177;Ceylan & Pascucci (2023);Experiment 2;Orientation;1;3;-72.0;-45.0;61.0;-56.0;27;6
12;127;114;-13;1.69986309998785;6;46.0;178;Ceylan & Pascucci (2023);Experiment 2;Orientation;1;3;46.0;-26.0;1.0;-73.0;28;6
12;143;124;-19;1.84915339999134;6;-16.0;179;Ceylan & Pascucci (2023);Experiment 2;Orientation;1;3;-16.0;30.0;-42.0;-15.0;29;6
12;107;108;1;1.27529569997569;6;36.0;180;Ceylan & Pascucci (2023);Experiment 2;Orientation;1;3;36.0;20.0;66.0;-6.0;30;6
12;90;90;0;2.1161155999871;7;17.0;181;Ceylan & Pascucci (2023);Experiment 2;Orientation;1;3;;;;;1;7
12;142;122;-20;1.65756659998442;7;-52.0;182;Ceylan & Pascucci (2023);Experiment 2;Orientation;1;3;;;;;2;7
12;97;99;2;1.34232630001497;7;45.0;183;Ceylan & Pascucci (2023);Experiment 2;Orientation;1;3;;;;;3;7
12;72;74;2;2.05025980001665;7;25.0;184;Ceylan & Pascucci (2023);Experiment 2;Orientation;1;3;;;;;4;7
12;44;62;18;1.74059329999727;7;28.0;185;Ceylan & Pascucci (2023);Experiment 2;Orientation;1;3;28.0;53.0;-82.0;46.0;5;7
12;23;13;-10;1.01661839999724;7;21.0;186;Ceylan & Pascucci (2023);Experiment 2;Orientation;1;3;21.0;49.0;74.0;-61.0;6;7
12;18;32;14;1.27511709998362;7;5.0;187;Ceylan & Pascucci (2023);Experiment 2;Orientation;1;3;5.0;26.0;54.0;79.0;7;7
12;17;23;6;1.59096130001126;7;1.0;188;Ceylan & Pascucci (2023);Experiment 2;Orientation;1;3;1.0;6.0;27.0;55.0;8;7
12;72;68;-4;1.74146319998545;7;-55.0;189;Ceylan & Pascucci (2023);Experiment 2;Orientation;1;3;-55.0;-54.0;-49.0;-28.0;9;7
12;28;38;10;1.04236299998593;7;44.0;190;Ceylan & Pascucci (2023);Experiment 2;Orientation;1;3;44.0;-11.0;-10.0;-5.0;10;7
12;157;165;8;1.54863570001908;7;51.0;191;Ceylan & Pascucci (2023);Experiment 2;Orientation;1;3;51.0;-85.0;40.0;41.0;11;7
12;94;112;18;1.11588070000289;7;63.0;192;Ceylan & Pascucci (2023);Experiment 2;Orientation;1;3;63.0;-66.0;-22.0;-77.0;12;7
12;131;124;-7;1.49105340000824;7;-37.0;193;Ceylan & Pascucci (2023);Experiment 2;Orientation;1;3;-37.0;26.0;77.0;-59.0;13;7
12;94;94;0;1.17537009998341;7;37.0;194;Ceylan & Pascucci (2023);Experiment 2;Orientation;1;3;37.0;0.0;63.0;-66.0;14;7
12;170;163;-7;1.23317779999343;7;-76.0;195;Ceylan & Pascucci (2023);Experiment 2;Orientation;1;3;-76.0;-39.0;-76.0;-13.0;15;7
12;29;36;7;1.18401370002539;7;-39.0;196;Ceylan & Pascucci (2023);Experiment 2;Orientation;1;3;-39.0;65.0;-78.0;65.0;16;7
12;112;121;9;1.7236010999768;7;-83.0;197;Ceylan & Pascucci (2023);Experiment 2;Orientation;1;3;-83.0;58.0;-18.0;19.0;17;7
12;35;29;-6;1.30067090000375;7;77.0;198;Ceylan & Pascucci (2023);Experiment 2;Orientation;1;3;77.0;-6.0;-45.0;59.0;18;7
12;74;83;9;1.6920484000002;7;-39.0;199;Ceylan & Pascucci (2023);Experiment 2;Orientation;1;3;-39.0;38.0;-45.0;-84.0;19;7
12;170;157;-13;1.08398419999867;7;84.0;200;Ceylan & Pascucci (2023);Experiment 2;Orientation;1;3;84.0;45.0;-58.0;39.0;20;7
12;83;81;-2;0.892373199982103;7;87.0;201;Ceylan & Pascucci (2023);Experiment 2;Orientation;1;3;87.0;-9.0;-48.0;29.0;21;7
12;169;156;-13;1.02564320000238;7;-86.0;202;Ceylan & Pascucci (2023);Experiment 2;Orientation;1;3;-86.0;1.0;85.0;46.0;22;7
12;12;4;-8;1.06687509999028;7;-23.0;203;Ceylan & Pascucci (2023);Experiment 2;Orientation;1;3;-23.0;71.0;-22.0;62.0;23;7
12;73;69;-4;1.54156579999835;7;-61.0;204;Ceylan & Pascucci (2023);Experiment 2;Orientation;1;3;-61.0;-84.0;10.0;-83.0;24;7
12;101;102;1;1.01732569999876;7;-28.0;205;Ceylan & Pascucci (2023);Experiment 2;Orientation;1;3;-28.0;-89.0;68.0;-18.0;25;7
12;130;114;-16;1.25867300000391;7;-29.0;206;Ceylan & Pascucci (2023);Experiment 2;Orientation;1;3;-29.0;-57.0;62.0;39.0;26;7
12;30;26;-4;1.9586294000037;7;-80.0;207;Ceylan & Pascucci (2023);Experiment 2;Orientation;1;3;-80.0;71.0;43.0;-18.0;27;7
12;85;81;-4;2.59187840000959;7;-55.0;208;Ceylan & Pascucci (2023);Experiment 2;Orientation;1;3;-55.0;45.0;16.0;-12.0;28;7
12;107;129;22;0.950828000000911;7;-22.0;209;Ceylan & Pascucci (2023);Experiment 2;Orientation;1;3;-22.0;-77.0;23.0;-6.0;29;7
12;122;120;-2;1.07466420001583;7;-15.0;210;Ceylan & Pascucci (2023);Experiment 2;Orientation;1;3;-15.0;-37.0;88.0;8.0;30;7
12;77;68;-9;1.64057410001988;8;45.0;211;Ceylan & Pascucci (2023);Experiment 2;Orientation;1;3;;;;;1;8
12;157;147;-10;1.49218820000533;8;-80.0;212;Ceylan & Pascucci (2023);Experiment 2;Orientation;1;3;;;;;2;8
12;133;135;2;0.900356400001328;8;24.0;213;Ceylan & Pascucci (2023);Experiment 2;Orientation;1;3;;;;;3;8
12;18;30;12;1.64088930000435;8;-65.0;214;Ceylan & Pascucci (2023);Experiment 2;Orientation;1;3;;;;;4;8
12;46;46;0;1.7658545000013;8;-28.0;215;Ceylan & Pascucci (2023);Experiment 2;Orientation;1;3;-28.0;87.0;-69.0;31.0;5;8
12;35;40;5;1.68317099998239;8;11.0;216;Ceylan & Pascucci (2023);Experiment 2;Orientation;1;3;11.0;-17.0;-82.0;-58.0;6;8
12;43;48;5;1.18229979998432;8;-8.0;217;Ceylan & Pascucci (2023);Experiment 2;Orientation;1;3;-8.0;3.0;-25.0;90.0;7;8
12;91;62;-29;1.58304600001429;8;-48.0;218;Ceylan & Pascucci (2023);Experiment 2;Orientation;1;3;-48.0;-56.0;-45.0;-73.0;8;8
12;87;74;-13;1.51723649998894;8;4.0;219;Ceylan & Pascucci (2023);Experiment 2;Orientation;1;3;4.0;-44.0;-52.0;-41.0;9;8
12;119;116;-3;0.808564200007822;8;-32.0;220;Ceylan & Pascucci (2023);Experiment 2;Orientation;1;3;-32.0;-28.0;-76.0;-84.0;10;8
12;167;150;-17;1.37527920000139;8;-48.0;221;Ceylan & Pascucci (2023);Experiment 2;Orientation;1;3;-48.0;-80.0;-76.0;56.0;11;8
12;38;39;1;0.98360030000913;8;-51.0;222;Ceylan & Pascucci (2023);Experiment 2;Orientation;1;3;-51.0;81.0;49.0;53.0;12;8
12;119;139;20;1.39976359999855;8;-81.0;223;Ceylan & Pascucci (2023);Experiment 2;Orientation;1;3;-81.0;48.0;0.0;-32.0;13;8
12;153;134;-19;1.50014369998826;8;-34.0;224;Ceylan & Pascucci (2023);Experiment 2;Orientation;1;3;-34.0;65.0;14.0;-34.0;14;8
12;19;21;2;1.38307490001898;8;-46.0;225;Ceylan & Pascucci (2023);Experiment 2;Orientation;1;3;-46.0;-80.0;19.0;-32.0;15;8
12;36;37;1;1.36593989998801;8;-17.0;226;Ceylan & Pascucci (2023);Experiment 2;Orientation;1;3;-17.0;-63.0;83.0;2.0;16;8
12;1;7;6;1.1089714000118;8;35.0;227;Ceylan & Pascucci (2023);Experiment 2;Orientation;1;3;35.0;18.0;-28.0;-62.0;17;8
12;79;72;-7;1.25026669999352;8;-78.0;228;Ceylan & Pascucci (2023);Experiment 2;Orientation;1;3;-78.0;-43.0;-60.0;74.0;18;8
12;58;65;7;1.70741450000787;8;21.0;229;Ceylan & Pascucci (2023);Experiment 2;Orientation;1;3;21.0;-57.0;-22.0;-39.0;19;8
12;56;65;9;1.55686100001913;8;2.0;230;Ceylan & Pascucci (2023);Experiment 2;Orientation;1;3;2.0;23.0;-55.0;-20.0;20;8
12;90;81;-9;1.40801810001722;8;-34.0;231;Ceylan & Pascucci (2023);Experiment 2;Orientation;1;3;-34.0;-32.0;-11.0;-89.0;21;8
12;167;150;-17;0.959020300011616;8;-77.0;232;Ceylan & Pascucci (2023);Experiment 2;Orientation;1;3;-77.0;69.0;71.0;-88.0;22;8
12;77;54;-23;1.85675730000366;8;90.0;233;Ceylan & Pascucci (2023);Experiment 2;Orientation;1;3;90.0;13.0;-21.0;-19.0;23;8
12;6;14;8;1.55851940001594;8;71.0;234;Ceylan & Pascucci (2023);Experiment 2;Orientation;1;3;71.0;-19.0;84.0;50.0;24;8
12;168;157;-11;2.1988749000011;8;18.0;235;Ceylan & Pascucci (2023);Experiment 2;Orientation;1;3;18.0;89.0;-1.0;-78.0;25;8
12;137;134;-3;1.28308180000749;8;31.0;236;Ceylan & Pascucci (2023);Experiment 2;Orientation;1;3;31.0;49.0;-60.0;30.0;26;8
12;46;70;24;1.44182290000026;8;-89.0;237;Ceylan & Pascucci (2023);Experiment 2;Orientation;1;3;-89.0;-58.0;-40.0;31.0;27;8
12;112;111;-1;1.34943129998283;8;-66.0;238;Ceylan & Pascucci (2023);Experiment 2;Orientation;1;3;-66.0;25.0;56.0;74.0;28;8
12;54;57;3;1.27565409999806;8;58.0;239;Ceylan & Pascucci (2023);Experiment 2;Orientation;1;3;58.0;-8.0;83.0;-66.0;29;8
12;142;141;-1;1.52457750000758;8;-88.0;240;Ceylan & Pascucci (2023);Experiment 2;Orientation;1;3;-88.0;-30.0;84.0;-5.0;30;8
12;116;130;14;2.15699160000077;9;26.0;241;Ceylan & Pascucci (2023);Experiment 2;Orientation;1;3;;;;;1;9
12;137;139;2;1.24935860000551;9;-21.0;242;Ceylan & Pascucci (2023);Experiment 2;Orientation;1;3;;;;;2;9
12;88;76;-12;2.174577400001;9;49.0;243;Ceylan & Pascucci (2023);Experiment 2;Orientation;1;3;;;;;3;9
12;52;51;-1;1.70066079997923;9;36.0;244;Ceylan & Pascucci (2023);Experiment 2;Orientation;1;3;;;;;4;9
12;67;52;-15;1.49991169999703;9;-15.0;245;Ceylan & Pascucci (2023);Experiment 2;Orientation;1;3;-15.0;21.0;70.0;49.0;5;9
12;41;38;-3;2.08296349999728;9;26.0;246;Ceylan & Pascucci (2023);Experiment 2;Orientation;1;3;26.0;11.0;47.0;-84.0;6;9
12;112;111;-1;1.34980389999691;9;-71.0;247;Ceylan & Pascucci (2023);Experiment 2;Orientation;1;3;-71.0;-45.0;-60.0;-24.0;7;9
12;98;101;3;1.28319489999558;9;14.0;248;Ceylan & Pascucci (2023);Experiment 2;Orientation;1;3;14.0;-57.0;-31.0;-46.0;8;9
12;30;29;-1;1.34227829999872;9;68.0;249;Ceylan & Pascucci (2023);Experiment 2;Orientation;1;3;68.0;82.0;11.0;37.0;9;9
12;63;50;-13;0.825278599979356;9;-33.0;250;Ceylan & Pascucci (2023);Experiment 2;Orientation;1;3;-33.0;35.0;49.0;-22.0;10;9
12;126;110;-16;2.1488943999866;9;-63.0;251;Ceylan & Pascucci (2023);Experiment 2;Orientation;1;3;-63.0;84.0;-28.0;-14.0;11;9
12;86;75;-11;1.12539760000072;9;40.0;252;Ceylan & Pascucci (2023);Experiment 2;Orientation;1;3;40.0;-23.0;-56.0;12.0;12;9
12;20;15;-5;1.11618969999836;9;66.0;253;Ceylan & Pascucci (2023);Experiment 2;Orientation;1;3;66.0;-74.0;43.0;10.0;13;9
12;90;94;4;1.63393650000216;9;-70.0;254;Ceylan & Pascucci (2023);Experiment 2;Orientation;1;3;-70.0;-4.0;36.0;-27.0;14;9
12;59;55;-4;0.608691600005841;9;31.0;255;Ceylan & Pascucci (2023);Experiment 2;Orientation;1;3;31.0;-39.0;27.0;67.0;15;9
12;30;12;-18;1.29166349998559;9;29.0;256;Ceylan & Pascucci (2023);Experiment 2;Orientation;1;3;29.0;60.0;-10.0;56.0;16;9
12;62;58;-4;1.49132860000827;9;-32.0;257;Ceylan & Pascucci (2023);Experiment 2;Orientation;1;3;-32.0;-3.0;28.0;-42.0;17;9
12;81;55;-26;2.840675799991;9;-19.0;258;Ceylan & Pascucci (2023);Experiment 2;Orientation;1;3;-19.0;-51.0;-22.0;9.0;18;9
12;98;103;5;1.67474159999983;9;-17.0;259;Ceylan & Pascucci (2023);Experiment 2;Orientation;1;3;-17.0;-36.0;-68.0;-39.0;19;9
12;138;128;-10;1.61401379999006;9;-40.0;260;Ceylan & Pascucci (2023);Experiment 2;Orientation;1;3;-40.0;-57.0;-76.0;72.0;20;9
12;24;46;22;1.44228839999414;9;-66.0;261;Ceylan & Pascucci (2023);Experiment 2;Orientation;1;3;-66.0;74.0;57.0;38.0;21;9
12;90;104;14;1.20035769999959;9;-66.0;262;Ceylan & Pascucci (2023);Experiment 2;Orientation;1;3;-66.0;48.0;8.0;-9.0;22;9
12;121;111;-10;1.54903690001811;9;-31.0;263;Ceylan & Pascucci (2023);Experiment 2;Orientation;1;3;-31.0;83.0;17.0;-23.0;23;9
12;65;70;5;1.45804360002512;9;56.0;264;Ceylan & Pascucci (2023);Experiment 2;Orientation;1;3;56.0;25.0;-41.0;73.0;24;9
12;165;136;-29;2.02401890000328;9;80.0;265;Ceylan & Pascucci (2023);Experiment 2;Orientation;1;3;80.0;-44.0;-75.0;39.0;25;9
12;88;92;4;1.5836381999834;9;77.0;266;Ceylan & Pascucci (2023);Experiment 2;Orientation;1;3;77.0;-23.0;33.0;2.0;26;9
12;72;69;-3;0.992171400022926;9;16.0;267;Ceylan & Pascucci (2023);Experiment 2;Orientation;1;3;16.0;-87.0;-7.0;49.0;27;9
12;177;172;-5;1.94144029999734;9;75.0;268;Ceylan & Pascucci (2023);Experiment 2;Orientation;1;3;75.0;-89.0;-12.0;68.0;28;9
12;126;122;-4;1.16695030001574;9;51.0;269;Ceylan & Pascucci (2023);Experiment 2;Orientation;1;3;51.0;-54.0;-38.0;39.0;29;9
12;48;61;13;0.925420700019458;9;78.0;270;Ceylan & Pascucci (2023);Experiment 2;Orientation;1;3;78.0;-51.0;24.0;40.0;30;9
12;168;160;-8;1.34183120002854;10;60.0;271;Ceylan & Pascucci (2023);Experiment 2;Orientation;1;3;;;;;1;10
12;23;25;2;1.50895590000437;10;-35.0;272;Ceylan & Pascucci (2023);Experiment 2;Orientation;1;3;;;;;2;10
12;71;39;-32;1.62331359999371;10;-48.0;273;Ceylan & Pascucci (2023);Experiment 2;Orientation;1;3;;;;;3;10
12;125;142;17;1.60017099999823;10;-54.0;274;Ceylan & Pascucci (2023);Experiment 2;Orientation;1;3;;;;;4;10
12;89;99;10;1.39221820002422;10;36.0;275;Ceylan & Pascucci (2023);Experiment 2;Orientation;1;3;36.0;-18.0;-66.0;79.0;5;10
12;150;138;-12;1.23385019999114;10;-61.0;276;Ceylan & Pascucci (2023);Experiment 2;Orientation;1;3;-61.0;-25.0;-79.0;53.0;6;10
12;130;112;-18;1.05759250000119;10;20.0;277;Ceylan & Pascucci (2023);Experiment 2;Orientation;1;3;20.0;-41.0;-5.0;-59.0;7;10
12;8;10;2;1.29890069999965;10;-58.0;278;Ceylan & Pascucci (2023);Experiment 2;Orientation;1;3;-58.0;-38.0;81.0;-63.0;8;10
12;113;110;-3;1.67416739999317;10;75.0;279;Ceylan & Pascucci (2023);Experiment 2;Orientation;1;3;75.0;17.0;37.0;-24.0;9;10
12;90;88;-2;2.70852569999988;10;23.0;280;Ceylan & Pascucci (2023);Experiment 2;Orientation;1;3;23.0;-82.0;40.0;60.0;10;10
12;132;129;-3;1.18314289997215;10;-42.0;281;Ceylan & Pascucci (2023);Experiment 2;Orientation;1;3;-42.0;-19.0;56.0;-2.0;11;10
12;146;126;-20;1.23397359999944;10;-14.0;282;Ceylan & Pascucci (2023);Experiment 2;Orientation;1;3;-14.0;-56.0;-33.0;42.0;12;10
12;65;57;-8;1.92423609999241;10;81.0;283;Ceylan & Pascucci (2023);Experiment 2;Orientation;1;3;81.0;67.0;25.0;48.0;13;10
12;121;123;2;1.63307100001839;10;-56.0;284;Ceylan & Pascucci (2023);Experiment 2;Orientation;1;3;-56.0;25.0;11.0;-31.0;14;10
12;21;37;16;1.09156430000439;10;-80.0;285;Ceylan & Pascucci (2023);Experiment 2;Orientation;1;3;-80.0;44.0;-55.0;-69.0;15;10
12;168;170;2;1.68433910000022;10;33.0;286;Ceylan & Pascucci (2023);Experiment 2;Orientation;1;3;33.0;-47.0;77.0;-22.0;16;10
12;26;21;-5;1.35867990000406;10;-38.0;287;Ceylan & Pascucci (2023);Experiment 2;Orientation;1;3;-38.0;-5.0;-85.0;39.0;17;10
12;99;120;21;1.4083951000066;10;-73.0;288;Ceylan & Pascucci (2023);Experiment 2;Orientation;1;3;-73.0;69.0;-78.0;22.0;18;10
12;109;108;-1;1.41698539999197;10;-10.0;289;Ceylan & Pascucci (2023);Experiment 2;Orientation;1;3;-10.0;-83.0;59.0;-88.0;19;10
12;88;81;-7;3.16673560001072;10;21.0;290;Ceylan & Pascucci (2023);Experiment 2;Orientation;1;3;21.0;11.0;-62.0;80.0;20;10
12;175;160;-15;1.9909820999892;10;-87.0;291;Ceylan & Pascucci (2023);Experiment 2;Orientation;1;3;-87.0;-66.0;-76.0;31.0;21;10
12;131;132;1;0.917337699997006;10;44.0;292;Ceylan & Pascucci (2023);Experiment 2;Orientation;1;3;44.0;-43.0;-22.0;-32.0;22;10
12;140;130;-10;1.40027359998203;10;-9.0;293;Ceylan & Pascucci (2023);Experiment 2;Orientation;1;3;-9.0;35.0;-52.0;-31.0;23;10
12;77;71;-6;1.70759589999216;10;63.0;294;Ceylan & Pascucci (2023);Experiment 2;Orientation;1;3;63.0;54.0;-82.0;11.0;24;10
12;96;107;11;1.23294849999365;10;-19.0;295;Ceylan & Pascucci (2023);Experiment 2;Orientation;1;3;-19.0;44.0;35.0;79.0;25;10
12;8;17;9;1.33309710002504;10;88.0;296;Ceylan & Pascucci (2023);Experiment 2;Orientation;1;3;88.0;69.0;-48.0;-57.0;26;10
12;161;148;-13;1.28295120000257;10;27.0;297;Ceylan & Pascucci (2023);Experiment 2;Orientation;1;3;27.0;-65.0;-84.0;-21.0;27;10
12;125;136;11;1.99101260001771;10;36.0;298;Ceylan & Pascucci (2023);Experiment 2;Orientation;1;3;36.0;63.0;-29.0;-48.0;28;10
12;56;51;-5;1.09964529998251;10;69.0;299;Ceylan & Pascucci (2023);Experiment 2;Orientation;1;3;69.0;-75.0;-48.0;40.0;29;10
12;65;60;-5;1.76608239999041;10;-9.0;300;Ceylan & Pascucci (2023);Experiment 2;Orientation;1;3;-9.0;60.0;-84.0;-57.0;30;10
13;43;30;-13;2.88221350000822;1;;1;Ceylan & Pascucci (2023);Experiment 2;Orientation;1;3;;;;;1;1
13;95;110;15;3.09036240002024;1;-52.0;2;Ceylan & Pascucci (2023);Experiment 2;Orientation;1;3;;;;;2;1
13;102;112;10;1.94155119999778;1;-7.0;3;Ceylan & Pascucci (2023);Experiment 2;Orientation;1;3;;;;;3;1
13;171;164;-7;2.71665940000094;1;-69.0;4;Ceylan & Pascucci (2023);Experiment 2;Orientation;1;3;;;;;4;1
13;176;168;-8;4.71612180001102;1;-5.0;5;Ceylan & Pascucci (2023);Experiment 2;Orientation;1;3;-5.0;-74.0;-81.0;47.0;5;1
13;146;151;5;1.9489506999962;1;30.0;6;Ceylan & Pascucci (2023);Experiment 2;Orientation;1;3;30.0;25.0;-44.0;-51.0;6;1
13;29;25;-4;0.991987099987455;1;-63.0;7;Ceylan & Pascucci (2023);Experiment 2;Orientation;1;3;-63.0;-33.0;-38.0;73.0;7;1
13;82;34;-48;1.57397430000128;1;-53.0;8;Ceylan & Pascucci (2023);Experiment 2;Orientation;1;3;-53.0;64.0;-86.0;89.0;8;1
13;150;157;7;2.67377320001833;1;-68.0;9;Ceylan & Pascucci (2023);Experiment 2;Orientation;1;3;-68.0;59.0;-4.0;26.0;9;1
13;45;48;3;3.8649207999988;1;-75.0;10;Ceylan & Pascucci (2023);Experiment 2;Orientation;1;3;-75.0;37.0;-16.0;-79.0;10;1
13;113;129;16;1.50867730000755;1;-68.0;11;Ceylan & Pascucci (2023);Experiment 2;Orientation;1;3;-68.0;37.0;-31.0;-84.0;11;1
13;154;144;-10;1.04909909999697;1;-41.0;12;Ceylan & Pascucci (2023);Experiment 2;Orientation;1;3;-41.0;71.0;-4.0;-72.0;12;1
13;11;12;1;1.70022090000566;1;-37.0;13;Ceylan & Pascucci (2023);Experiment 2;Orientation;1;3;-37.0;-78.0;34.0;-41.0;13;1
13;10;11;1;1.41671180000412;1;1.0;14;Ceylan & Pascucci (2023);Experiment 2;Orientation;1;3;1.0;-36.0;-77.0;35.0;14;1
13;131;142;11;2.390954100003;1;59.0;15;Ceylan & Pascucci (2023);Experiment 2;Orientation;1;3;59.0;60.0;23.0;-18.0;15;1
13;98;115;17;2.72506110000541;1;33.0;16;Ceylan & Pascucci (2023);Experiment 2;Orientation;1;3;33.0;-88.0;-87.0;56.0;16;1
13;2;29;27;3.6982505999913;1;-84.0;17;Ceylan & Pascucci (2023);Experiment 2;Orientation;1;3;-84.0;-51.0;8.0;9.0;17;1
13;147;141;-6;1.61561440001242;1;35.0;18;Ceylan & Pascucci (2023);Experiment 2;Orientation;1;3;35.0;-49.0;-16.0;43.0;18;1
13;150;155;5;1.6909702999983;1;-3.0;19;Ceylan & Pascucci (2023);Experiment 2;Orientation;1;3;-3.0;32.0;-52.0;-19.0;19;1
13;128;133;5;3.3988322999794;1;22.0;20;Ceylan & Pascucci (2023);Experiment 2;Orientation;1;3;22.0;19.0;54.0;-30.0;20;1
13;147;147;0;1.09101420000661;1;-19.0;21;Ceylan & Pascucci (2023);Experiment 2;Orientation;1;3;-19.0;3.0;0.0;35.0;21;1
13;180;0;0;2.12520029998268;1;-33.0;22;Ceylan & Pascucci (2023);Experiment 2;Orientation;1;3;-33.0;-52.0;-30.0;-33.0;22;1
13;87;75;-12;0.991609999997308;1;-87.0;23;Ceylan & Pascucci (2023);Experiment 2;Orientation;1;3;-87.0;60.0;41.0;63.0;23;1
13;67;59;-8;5.62350350001361;1;20.0;24;Ceylan & Pascucci (2023);Experiment 2;Orientation;1;3;20.0;-67.0;80.0;61.0;24;1
13;120;145;25;4.00678939998033;1;-53.0;25;Ceylan & Pascucci (2023);Experiment 2;Orientation;1;3;-53.0;-33.0;60.0;27.0;25;1
13;32;34;2;4.59032960000332;1;88.0;26;Ceylan & Pascucci (2023);Experiment 2;Orientation;1;3;88.0;35.0;55.0;-32.0;26;1
13;4;2;-2;3.28298129999894;1;28.0;27;Ceylan & Pascucci (2023);Experiment 2;Orientation;1;3;28.0;-64.0;63.0;83.0;27;1
13;18;24;6;2.1998753999942;1;-14.0;28;Ceylan & Pascucci (2023);Experiment 2;Orientation;1;3;-14.0;14.0;-78.0;49.0;28;1
13;79;68;-11;2.25752440001816;1;-61.0;29;Ceylan & Pascucci (2023);Experiment 2;Orientation;1;3;-61.0;-75.0;-47.0;41.0;29;1
13;141;142;1;1.81572109999252;1;-62.0;30;Ceylan & Pascucci (2023);Experiment 2;Orientation;1;3;-62.0;57.0;43.0;71.0;30;1
13;179;157;-22;1.44146210001782;2;-38.0;31;Ceylan & Pascucci (2023);Experiment 2;Orientation;1;3;;;;;1;2
13;9;16;7;3.89858619999723;2;-10.0;32;Ceylan & Pascucci (2023);Experiment 2;Orientation;1;3;;;;;2;2
13;161;151;-10;1.7993774000206;2;28.0;33;Ceylan & Pascucci (2023);Experiment 2;Orientation;1;3;;;;;3;2
13;102;116;14;3.24039930000436;2;59.0;34;Ceylan & Pascucci (2023);Experiment 2;Orientation;1;3;;;;;4;2
13;97;113;16;1.58270629998879;2;5.0;35;Ceylan & Pascucci (2023);Experiment 2;Orientation;1;3;5.0;64.0;-88.0;82.0;5;2
13;84;66;-18;3.25672589999158;2;13.0;36;Ceylan & Pascucci (2023);Experiment 2;Orientation;1;3;13.0;18.0;77.0;-75.0;6;2
13;63;45;-18;2.74058409998543;2;21.0;37;Ceylan & Pascucci (2023);Experiment 2;Orientation;1;3;21.0;34.0;39.0;-82.0;7;2
13;134;144;10;5.55650949999108;2;-71.0;38;Ceylan & Pascucci (2023);Experiment 2;Orientation;1;3;-71.0;-50.0;-37.0;-32.0;8;2
13;72;67;-5;1.94927760001156;2;62.0;39;Ceylan & Pascucci (2023);Experiment 2;Orientation;1;3;62.0;-9.0;12.0;25.0;9;2
13;87;69;-18;3.80681169999298;2;-15.0;40;Ceylan & Pascucci (2023);Experiment 2;Orientation;1;3;-15.0;47.0;-24.0;-3.0;10;2
13;96;99;3;3.09124370000791;2;-9.0;41;Ceylan & Pascucci (2023);Experiment 2;Orientation;1;3;-9.0;-24.0;38.0;-33.0;11;2
13;108;119;11;1.63233280001441;2;-12.0;42;Ceylan & Pascucci (2023);Experiment 2;Orientation;1;3;-12.0;-21.0;-36.0;26.0;12;2
13;88;78;-10;1.32396049998351;2;20.0;43;Ceylan & Pascucci (2023);Experiment 2;Orientation;1;3;20.0;8.0;-1.0;-16.0;13;2
13;101;101;0;1.54061840000213;2;-13.0;44;Ceylan & Pascucci (2023);Experiment 2;Orientation;1;3;-13.0;7.0;-5.0;-14.0;14;2
13;157;162;5;2.45762650002143;2;-56.0;45;Ceylan & Pascucci (2023);Experiment 2;Orientation;1;3;-56.0;-69.0;-49.0;-61.0;15;2
13;38;45;7;1.43357829999877;2;-61.0;46;Ceylan & Pascucci (2023);Experiment 2;Orientation;1;3;-61.0;63.0;50.0;70.0;16;2
13;62;46;-16;1.9160370999889;2;-24.0;47;Ceylan & Pascucci (2023);Experiment 2;Orientation;1;3;-24.0;-85.0;39.0;26.0;17;2
13;42;44;2;3.14880020002602;2;20.0;48;Ceylan & Pascucci (2023);Experiment 2;Orientation;1;3;20.0;-4.0;-65.0;59.0;18;2
13;48;49;1;1.882603200007;2;-6.0;49;Ceylan & Pascucci (2023);Experiment 2;Orientation;1;3;-6.0;14.0;-10.0;-71.0;19;2
13;31;37;6;0.816984600009164;2;17.0;50;Ceylan & Pascucci (2023);Experiment 2;Orientation;1;3;17.0;11.0;31.0;7.0;20;2
13;91;89;-2;3.85009699998773;2;-60.0;51;Ceylan & Pascucci (2023);Experiment 2;Orientation;1;3;-60.0;-43.0;-49.0;-29.0;21;2
13;19;40;21;3.92431829997804;2;72.0;52;Ceylan & Pascucci (2023);Experiment 2;Orientation;1;3;72.0;12.0;29.0;23.0;22;2
13;65;61;-4;2.94138900001417;2;-46.0;53;Ceylan & Pascucci (2023);Experiment 2;Orientation;1;3;-46.0;26.0;-34.0;-17.0;23;2
13;130;144;14;3.34069189999718;2;-65.0;54;Ceylan & Pascucci (2023);Experiment 2;Orientation;1;3;-65.0;69.0;-39.0;81.0;24;2
13;120;132;12;1.87393719999818;2;10.0;55;Ceylan & Pascucci (2023);Experiment 2;Orientation;1;3;10.0;-55.0;79.0;-29.0;25;2
13;61;51;-10;2.84189730000799;2;59.0;56;Ceylan & Pascucci (2023);Experiment 2;Orientation;1;3;59.0;69.0;4.0;-42.0;26;2
13;27;24;-3;2.16681759999483;2;34.0;57;Ceylan & Pascucci (2023);Experiment 2;Orientation;1;3;34.0;-87.0;-77.0;38.0;27;2
13;54;29;-25;4.19874980000895;2;-27.0;58;Ceylan & Pascucci (2023);Experiment 2;Orientation;1;3;-27.0;7.0;66.0;76.0;28;2
13;111;130;19;3.61539570000605;2;-57.0;59;Ceylan & Pascucci (2023);Experiment 2;Orientation;1;3;-57.0;-84.0;-50.0;9.0;29;2
13;35;23;-12;2.67414139999892;2;76.0;60;Ceylan & Pascucci (2023);Experiment 2;Orientation;1;3;76.0;19.0;-8.0;26.0;30;2
13;135;141;6;2.26678750000428;3;80.0;61;Ceylan & Pascucci (2023);Experiment 2;Orientation;1;3;;;;;1;3
13;113;128;15;1.70675130002201;3;22.0;62;Ceylan & Pascucci (2023);Experiment 2;Orientation;1;3;;;;;2;3
13;123;136;13;2.18272449998767;3;-10.0;63;Ceylan & Pascucci (2023);Experiment 2;Orientation;1;3;;;;;3;3
13;170;155;-15;1.60023300000466;3;-47.0;64;Ceylan & Pascucci (2023);Experiment 2;Orientation;1;3;;;;;4;3
13;121;128;7;1.09186850002152;3;49.0;65;Ceylan & Pascucci (2023);Experiment 2;Orientation;1;3;49.0;2.0;-8.0;14.0;5;3
13;65;51;-14;1.25031790000503;3;56.0;66;Ceylan & Pascucci (2023);Experiment 2;Orientation;1;3;56.0;-75.0;58.0;48.0;6;3
13;165;155;-10;0.742010899994057;3;80.0;67;Ceylan & Pascucci (2023);Experiment 2;Orientation;1;3;80.0;-44.0;5.0;-42.0;7;3
13;147;155;8;4.38287549998495;3;18.0;68;Ceylan & Pascucci (2023);Experiment 2;Orientation;1;3;18.0;-82.0;-26.0;23.0;8;3
13;156;155;-1;2.55841049997252;3;-9.0;69;Ceylan & Pascucci (2023);Experiment 2;Orientation;1;3;-9.0;9.0;89.0;-35.0;9;3
13;29;31;2;3.28998339999816;3;-53.0;70;Ceylan & Pascucci (2023);Experiment 2;Orientation;1;3;-53.0;-62.0;-44.0;36.0;10;3
13;111;128;17;2.36599779999233;3;-82.0;71;Ceylan & Pascucci (2023);Experiment 2;Orientation;1;3;-82.0;45.0;36.0;54.0;11;3
13;45;46;1;1.84025419998216;3;66.0;72;Ceylan & Pascucci (2023);Experiment 2;Orientation;1;3;66.0;-16.0;-69.0;-78.0;12;3
13;21;54;33;2.93213329999708;3;24.0;73;Ceylan & Pascucci (2023);Experiment 2;Orientation;1;3;24.0;90.0;8.0;-45.0;13;3
13;92;89;-3;1.96584409999195;3;-71.0;74;Ceylan & Pascucci (2023);Experiment 2;Orientation;1;3;-71.0;-47.0;19.0;-63.0;14;3
13;107;110;3;0.983663399994839;3;-15.0;75;Ceylan & Pascucci (2023);Experiment 2;Orientation;1;3;-15.0;-86.0;-62.0;4.0;15;3
13;122;137;15;2.44988910001121;3;-15.0;76;Ceylan & Pascucci (2023);Experiment 2;Orientation;1;3;-15.0;-30.0;79.0;-77.0;16;3
13;91;94;3;1.57482059998438;3;31.0;77;Ceylan & Pascucci (2023);Experiment 2;Orientation;1;3;31.0;16.0;1.0;-70.0;17;3
13;50;49;-1;1.89063760000863;3;41.0;78;Ceylan & Pascucci (2023);Experiment 2;Orientation;1;3;41.0;72.0;57.0;42.0;18;3
13;139;152;13;2.40172399999574;3;-89.0;79;Ceylan & Pascucci (2023);Experiment 2;Orientation;1;3;-89.0;-48.0;-17.0;-32.0;19;3
13;115;120;5;2.21635000000242;3;24.0;80;Ceylan & Pascucci (2023);Experiment 2;Orientation;1;3;24.0;-65.0;-24.0;7.0;20;3
13;61;52;-9;1.84896270002355;3;54.0;81;Ceylan & Pascucci (2023);Experiment 2;Orientation;1;3;54.0;78.0;-11.0;30.0;21;3
13;110;117;7;2.4488612000132;3;-49.0;82;Ceylan & Pascucci (2023);Experiment 2;Orientation;1;3;-49.0;5.0;29.0;-60.0;22;3
13;44;53;9;3.1818061999802;3;66.0;83;Ceylan & Pascucci (2023);Experiment 2;Orientation;1;3;66.0;17.0;71.0;-85.0;23;3
13;56;49;-7;2.01684609998483;3;-12.0;84;Ceylan & Pascucci (2023);Experiment 2;Orientation;1;3;-12.0;54.0;5.0;59.0;24;3
13;113;112;-1;1.24141110002529;3;-57.0;85;Ceylan & Pascucci (2023);Experiment 2;Orientation;1;3;-57.0;-69.0;-3.0;-52.0;25;3
13;28;31;3;3.12321250000969;3;85.0;86;Ceylan & Pascucci (2023);Experiment 2;Orientation;1;3;85.0;28.0;16.0;82.0;26;3
13;126;134;8;1.06697409998742;3;82.0;87;Ceylan & Pascucci (2023);Experiment 2;Orientation;1;3;82.0;-13.0;-70.0;-82.0;27;3
13;14;15;1;1.70038129997556;3;-68.0;88;Ceylan & Pascucci (2023);Experiment 2;Orientation;1;3;-68.0;14.0;-81.0;42.0;28;3
13;166;161;-5;4.06563430000097;3;28.0;89;Ceylan & Pascucci (2023);Experiment 2;Orientation;1;3;28.0;-40.0;42.0;-53.0;29;3
13;97;96;-1;1.38320270000258;3;69.0;90;Ceylan & Pascucci (2023);Experiment 2;Orientation;1;3;69.0;-83.0;29.0;-69.0;30;3
13;139;126;-13;2.5319478000165;4;-42.0;91;Ceylan & Pascucci (2023);Experiment 2;Orientation;1;3;;;;;1;4
13;96;104;8;3.44913029999589;4;43.0;92;Ceylan & Pascucci (2023);Experiment 2;Orientation;1;3;;;;;2;4
13;90;92;2;1.91551049999543;4;6.0;93;Ceylan & Pascucci (2023);Experiment 2;Orientation;1;3;;;;;3;4
13;149;145;-4;2.27515989998938;4;-59.0;94;Ceylan & Pascucci (2023);Experiment 2;Orientation;1;3;;;;;4;4
13;161;155;-6;1.66569389999495;4;-12.0;95;Ceylan & Pascucci (2023);Experiment 2;Orientation;1;3;-12.0;-71.0;-65.0;-22.0;5;4
13;96;93;-3;1.6496410999971;4;65.0;96;Ceylan & Pascucci (2023);Experiment 2;Orientation;1;3;65.0;53.0;-6.0;0.0;6;4
13;149;158;9;1.1239893999882;4;-53.0;97;Ceylan & Pascucci (2023);Experiment 2;Orientation;1;3;-53.0;12.0;0.0;-59.0;7;4
13;118;121;3;1.27531719999388;4;31.0;98;Ceylan & Pascucci (2023);Experiment 2;Orientation;1;3;31.0;-22.0;43.0;31.0;8;4
13;154;154;0;1.95852549999836;4;-36.0;99;Ceylan & Pascucci (2023);Experiment 2;Orientation;1;3;-36.0;-5.0;-58.0;7.0;9;4
13;9;16;7;1.59098509998876;4;-35.0;100;Ceylan & Pascucci (2023);Experiment 2;Orientation;1;3;-35.0;-71.0;-40.0;87.0;10;4
13;123;126;3;1.91623990001972;4;66.0;101;Ceylan & Pascucci (2023);Experiment 2;Orientation;1;3;66.0;31.0;-5.0;26.0;11;4
13;148;160;12;1.37341179998475;4;-25.0;102;Ceylan & Pascucci (2023);Experiment 2;Orientation;1;3;-25.0;41.0;6.0;-30.0;12;4
13;99;124;25;1.94099839997943;4;49.0;103;Ceylan & Pascucci (2023);Experiment 2;Orientation;1;3;49.0;24.0;90.0;55.0;13;4
13;33;40;7;3.01579000000493;4;66.0;104;Ceylan & Pascucci (2023);Experiment 2;Orientation;1;3;66.0;-65.0;90.0;-24.0;14;4
13;47;37;-10;3.18159330001799;4;-14.0;105;Ceylan & Pascucci (2023);Experiment 2;Orientation;1;3;-14.0;52.0;-79.0;76.0;15;4
13;68;55;-13;2.45016649999889;4;-21.0;106;Ceylan & Pascucci (2023);Experiment 2;Orientation;1;3;-21.0;-35.0;31.0;80.0;16;4
13;45;45;0;1.63229629999842;4;23.0;107;Ceylan & Pascucci (2023);Experiment 2;Orientation;1;3;23.0;2.0;-12.0;54.0;17;4
13;60;42;-18;2.4405469999765;4;-15.0;108;Ceylan & Pascucci (2023);Experiment 2;Orientation;1;3;-15.0;8.0;-13.0;-27.0;18;4
13;94;106;12;1.15772729998571;4;-34.0;109;Ceylan & Pascucci (2023);Experiment 2;Orientation;1;3;-34.0;-49.0;-26.0;-47.0;19;4
13;147;147;0;1.59892580000451;4;-53.0;110;Ceylan & Pascucci (2023);Experiment 2;Orientation;1;3;-53.0;-87.0;78.0;-79.0;20;4
13;119;124;5;0.792068100010511;4;28.0;111;Ceylan & Pascucci (2023);Experiment 2;Orientation;1;3;28.0;-25.0;-59.0;-74.0;21;4
13;157;162;5;1.80817429997842;4;-38.0;112;Ceylan & Pascucci (2023);Experiment 2;Orientation;1;3;-38.0;-10.0;-63.0;83.0;22;4
13;64;47;-17;2.03344239998842;4;-87.0;113;Ceylan & Pascucci (2023);Experiment 2;Orientation;1;3;-87.0;55.0;83.0;30.0;23;4
13;89;79;-10;2.63309769998887;4;-25.0;114;Ceylan & Pascucci (2023);Experiment 2;Orientation;1;3;-25.0;68.0;30.0;58.0;24;4
13;97;89;-8;2.16649490001146;4;-8.0;115;Ceylan & Pascucci (2023);Experiment 2;Orientation;1;3;-8.0;-33.0;60.0;22.0;25;4
13;97;98;1;1.99979449997772;4;0.0;116;Ceylan & Pascucci (2023);Experiment 2;Orientation;1;3;0.0;-8.0;-33.0;60.0;26;4
13;88;76;-12;1.59149439999601;4;9.0;117;Ceylan & Pascucci (2023);Experiment 2;Orientation;1;3;9.0;9.0;1.0;-24.0;27;4
13;9;15;6;1.38374130000011;4;79.0;118;Ceylan & Pascucci (2023);Experiment 2;Orientation;1;3;79.0;88.0;88.0;80.0;28;4
13;160;154;-6;3.48264309999649;4;29.0;119;Ceylan & Pascucci (2023);Experiment 2;Orientation;1;3;29.0;-72.0;-63.0;-63.0;29;4
13;50;45;-5;1.88272029999644;4;-70.0;120;Ceylan & Pascucci (2023);Experiment 2;Orientation;1;3;-70.0;-41.0;38.0;47.0;30;4
13;121;136;15;1.26589339997736;5;-71.0;121;Ceylan & Pascucci (2023);Experiment 2;Orientation;1;3;;;;;1;5
13;143;154;11;3.75009280000813;5;-22.0;122;Ceylan & Pascucci (2023);Experiment 2;Orientation;1;3;;;;;2;5
13;61;46;-15;3.19874970000819;5;82.0;123;Ceylan & Pascucci (2023);Experiment 2;Orientation;1;3;;;;;3;5
13;15;26;11;1.61652730000787;5;46.0;124;Ceylan & Pascucci (2023);Experiment 2;Orientation;1;3;;;;;4;5
13;51;56;5;1.8753616999893;5;-36.0;125;Ceylan & Pascucci (2023);Experiment 2;Orientation;1;3;-36.0;10.0;-88.0;70.0;5;5
13;122;113;-9;2.56558500000392;5;-71.0;126;Ceylan & Pascucci (2023);Experiment 2;Orientation;1;3;-71.0;73.0;-61.0;21.0;6;5
13;95;100;5;1.10865979999653;5;27.0;127;Ceylan & Pascucci (2023);Experiment 2;Orientation;1;3;27.0;-44.0;-80.0;-34.0;7;5
13;95;90;-5;1.65860120000434;5;0.0;128;Ceylan & Pascucci (2023);Experiment 2;Orientation;1;3;0.0;27.0;-44.0;-80.0;8;5
13;162;160;-2;1.79990439998801;5;-67.0;129;Ceylan & Pascucci (2023);Experiment 2;Orientation;1;3;-67.0;-67.0;-40.0;69.0;9;5
13;5;9;4;1.25824060000014;5;-23.0;130;Ceylan & Pascucci (2023);Experiment 2;Orientation;1;3;-23.0;90.0;90.0;-63.0;10;5
13;113;125;12;1.95852139999624;5;72.0;131;Ceylan & Pascucci (2023);Experiment 2;Orientation;1;3;72.0;49.0;-18.0;-18.0;11;5
13;98;93;-5;1.82523419999052;5;15.0;132;Ceylan & Pascucci (2023);Experiment 2;Orientation;1;3;15.0;87.0;64.0;-3.0;12;5
13;66;62;-4;1.99998340001912;5;32.0;133;Ceylan & Pascucci (2023);Experiment 2;Orientation;1;3;32.0;47.0;-61.0;-84.0;13;5
13;129;129;0;1.49025139998412;5;-63.0;134;Ceylan & Pascucci (2023);Experiment 2;Orientation;1;3;-63.0;-31.0;-16.0;56.0;14;5
13;11;29;18;3.09976240000105;5;-62.0;135;Ceylan & Pascucci (2023);Experiment 2;Orientation;1;3;-62.0;55.0;87.0;-78.0;15;5
13;38;30;-8;1.65809350000927;5;-27.0;136;Ceylan & Pascucci (2023);Experiment 2;Orientation;1;3;-27.0;-89.0;28.0;60.0;16;5
13;123;119;-4;1.95864999998594;5;-85.0;137;Ceylan & Pascucci (2023);Experiment 2;Orientation;1;3;-85.0;68.0;6.0;-57.0;17;5
13;10;29;19;2.14833120000549;5;-67.0;138;Ceylan & Pascucci (2023);Experiment 2;Orientation;1;3;-67.0;28.0;1.0;-61.0;18;5
13;33;28;-5;1.225323199993;5;-23.0;139;Ceylan & Pascucci (2023);Experiment 2;Orientation;1;3;-23.0;90.0;5.0;-22.0;19;5
13;55;38;-17;1.04991810000502;5;-22.0;140;Ceylan & Pascucci (2023);Experiment 2;Orientation;1;3;-22.0;-45.0;68.0;-17.0;20;5
13;166;169;3;2.2834170999995;5;69.0;141;Ceylan & Pascucci (2023);Experiment 2;Orientation;1;3;69.0;47.0;24.0;-43.0;21;5
13;106;106;0;2.62296499998774;5;60.0;142;Ceylan & Pascucci (2023);Experiment 2;Orientation;1;3;60.0;-51.0;-73.0;84.0;22;5
13;159;154;-5;1.09194829998887;5;-53.0;143;Ceylan & Pascucci (2023);Experiment 2;Orientation;1;3;-53.0;7.0;76.0;54.0;23;5
13;17;27;10;1.48322270001518;5;-38.0;144;Ceylan & Pascucci (2023);Experiment 2;Orientation;1;3;-38.0;89.0;-31.0;38.0;24;5
13;177;3;6;2.69180669999332;5;20.0;145;Ceylan & Pascucci (2023);Experiment 2;Orientation;1;3;20.0;-18.0;-71.0;-11.0;25;5
13;18;5;-13;3.04964240000118;5;-21.0;146;Ceylan & Pascucci (2023);Experiment 2;Orientation;1;3;-21.0;-1.0;-39.0;88.0;26;5
13;158;170;12;2.14076370000839;5;40.0;147;Ceylan & Pascucci (2023);Experiment 2;Orientation;1;3;40.0;19.0;39.0;1.0;27;5
13;88;88;0;1.99857539997902;5;70.0;148;Ceylan & Pascucci (2023);Experiment 2;Orientation;1;3;70.0;-70.0;89.0;-71.0;28;5
13;25;20;-5;1.56529200001387;5;63.0;149;Ceylan & Pascucci (2023);Experiment 2;Orientation;1;3;63.0;-47.0;-7.0;-28.0;29;5
13;77;63;-14;2.05008169999928;5;-52.0;150;Ceylan & Pascucci (2023);Experiment 2;Orientation;1;3;-52.0;11.0;81.0;-59.0;30;5
13;138;126;-12;1.00029100000393;6;-61.0;151;Ceylan & Pascucci (2023);Experiment 2;Orientation;1;3;;;;;1;6
13;26;23;-3;2.72257220000029;6;-68.0;152;Ceylan & Pascucci (2023);Experiment 2;Orientation;1;3;;;;;2;6
13;14;13;-1;1.58358730000327;6;12.0;153;Ceylan & Pascucci (2023);Experiment 2;Orientation;1;3;;;;;3;6
13;88;93;5;3.03217809999478;6;-74.0;154;Ceylan & Pascucci (2023);Experiment 2;Orientation;1;3;;;;;4;6
13;92;103;11;1.54139229998691;6;-4.0;155;Ceylan & Pascucci (2023);Experiment 2;Orientation;1;3;-4.0;-78.0;-66.0;46.0;5;6
13;132;131;-1;0.925277699978324;6;-40.0;156;Ceylan & Pascucci (2023);Experiment 2;Orientation;1;3;-40.0;-44.0;62.0;74.0;6;6
13;148;147;-1;1.60858319999534;6;-16.0;157;Ceylan & Pascucci (2023);Experiment 2;Orientation;1;3;-16.0;-56.0;-60.0;46.0;7;6
13;160;145;-15;2.14938280000933;6;-12.0;158;Ceylan & Pascucci (2023);Experiment 2;Orientation;1;3;-12.0;-28.0;-68.0;-72.0;8;6
13;26;23;-3;1.79923609999241;6;-46.0;159;Ceylan & Pascucci (2023);Experiment 2;Orientation;1;3;-46.0;-58.0;-74.0;66.0;9;6
13;153;150;-3;1.64910859998781;6;53.0;160;Ceylan & Pascucci (2023);Experiment 2;Orientation;1;3;53.0;7.0;-5.0;-21.0;10;6
13;141;143;2;2.23215200001141;6;12.0;161;Ceylan & Pascucci (2023);Experiment 2;Orientation;1;3;12.0;65.0;19.0;7.0;11;6
13;104;113;9;1.44022849999601;6;37.0;162;Ceylan & Pascucci (2023);Experiment 2;Orientation;1;3;37.0;49.0;-78.0;56.0;12;6
13;132;129;-3;1.95749920001253;6;-28.0;163;Ceylan & Pascucci (2023);Experiment 2;Orientation;1;3;-28.0;9.0;21.0;74.0;13;6
13;161;150;-11;1.66701769997599;6;-29.0;164;Ceylan & Pascucci (2023);Experiment 2;Orientation;1;3;-29.0;-57.0;-20.0;-8.0;14;6
13;123;119;-4;1.17526219997671;6;38.0;165;Ceylan & Pascucci (2023);Experiment 2;Orientation;1;3;38.0;9.0;-19.0;18.0;15;6
13;23;14;-9;0.857646699994802;6;-80.0;166;Ceylan & Pascucci (2023);Experiment 2;Orientation;1;3;-80.0;-42.0;-71.0;81.0;16;6
13;96;106;10;1.7901687999838;6;-73.0;167;Ceylan & Pascucci (2023);Experiment 2;Orientation;1;3;-73.0;27.0;65.0;36.0;17;6
13;135;134;-1;1.70816100001684;6;-39.0;168;Ceylan & Pascucci (2023);Experiment 2;Orientation;1;3;-39.0;68.0;-12.0;26.0;18;6
13;9;20;11;1.27385209998465;6;-54.0;169;Ceylan & Pascucci (2023);Experiment 2;Orientation;1;3;-54.0;87.0;14.0;-66.0;19;6
13;6;20;14;1.19058229998336;6;3.0;170;Ceylan & Pascucci (2023);Experiment 2;Orientation;1;3;3.0;-51.0;90.0;17.0;20;6
13;149;155;6;2.0910057000001;6;37.0;171;Ceylan & Pascucci (2023);Experiment 2;Orientation;1;3;37.0;40.0;-14.0;-53.0;21;6
13;135;141;6;1.57404710000264;6;14.0;172;Ceylan & Pascucci (2023);Experiment 2;Orientation;1;3;14.0;51.0;54.0;0.0;22;6
13;155;155;0;1.71696290001273;6;-20.0;173;Ceylan & Pascucci (2023);Experiment 2;Orientation;1;3;-20.0;-6.0;31.0;34.0;23;6
13;83;67;-16;2.49993220000761;6;72.0;174;Ceylan & Pascucci (2023);Experiment 2;Orientation;1;3;72.0;52.0;66.0;-77.0;24;6
13;84;75;-9;1.95804490000592;6;-1.0;175;Ceylan & Pascucci (2023);Experiment 2;Orientation;1;3;-1.0;71.0;51.0;65.0;25;6
13;115;119;4;1.73319900000934;6;-31.0;176;Ceylan & Pascucci (2023);Experiment 2;Orientation;1;3;-31.0;-32.0;40.0;20.0;26;6
13;174;167;-7;2.44992129999446;6;-59.0;177;Ceylan & Pascucci (2023);Experiment 2;Orientation;1;3;-59.0;90.0;89.0;-19.0;27;6
13;82;73;-9;1.558251200011;6;-88.0;178;Ceylan & Pascucci (2023);Experiment 2;Orientation;1;3;-88.0;33.0;2.0;1.0;28;6
13;139;146;7;1.92484809999587;6;-57.0;179;Ceylan & Pascucci (2023);Experiment 2;Orientation;1;3;-57.0;35.0;-24.0;-55.0;29;6
13;140;147;7;1.28146340002422;6;-1.0;180;Ceylan & Pascucci (2023);Experiment 2;Orientation;1;3;-1.0;-58.0;34.0;-25.0;30;6
13;81;83;2;0.883249300008174;7;59.0;181;Ceylan & Pascucci (2023);Experiment 2;Orientation;1;3;;;;;1;7
13;95;103;8;1.38318889998482;7;-14.0;182;Ceylan & Pascucci (2023);Experiment 2;Orientation;1;3;;;;;2;7
13;180;178;-2;2.21563359998981;7;-85.0;183;Ceylan & Pascucci (2023);Experiment 2;Orientation;1;3;;;;;3;7
13;120;117;-3;1.7492540999956;7;60.0;184;Ceylan & Pascucci (2023);Experiment 2;Orientation;1;3;;;;;4;7
13;52;58;6;1.54139810000197;7;68.0;185;Ceylan & Pascucci (2023);Experiment 2;Orientation;1;3;68.0;-52.0;43.0;29.0;5;7
13;167;159;-8;1.92334379997919;7;65.0;186;Ceylan & Pascucci (2023);Experiment 2;Orientation;1;3;65.0;-47.0;13.0;-72.0;6;7
13;90;88;-2;2.08115350001026;7;77.0;187;Ceylan & Pascucci (2023);Experiment 2;Orientation;1;3;77.0;-38.0;30.0;90.0;7;7
13;73;70;-3;2.49959089999902;7;17.0;188;Ceylan & Pascucci (2023);Experiment 2;Orientation;1;3;17.0;-86.0;-21.0;47.0;8;7
13;49;44;-5;1.23359729998629;7;24.0;189;Ceylan & Pascucci (2023);Experiment 2;Orientation;1;3;24.0;41.0;-62.0;3.0;9;7
13;130;139;9;1.2586085999792;7;-81.0;190;Ceylan & Pascucci (2023);Experiment 2;Orientation;1;3;-81.0;-57.0;-40.0;37.0;10;7
13;135;132;-3;1.37539719999768;7;-5.0;191;Ceylan & Pascucci (2023);Experiment 2;Orientation;1;3;-5.0;-86.0;-62.0;-45.0;11;7
13;109;116;7;2.03355359999114;7;26.0;192;Ceylan & Pascucci (2023);Experiment 2;Orientation;1;3;26.0;21.0;-60.0;-36.0;12;7
13;40;41;1;2.16679760001716;7;69.0;193;Ceylan & Pascucci (2023);Experiment 2;Orientation;1;3;69.0;-85.0;90.0;9.0;13;7
13;72;67;-5;1.46551019998151;7;-32.0;194;Ceylan & Pascucci (2023);Experiment 2;Orientation;1;3;-32.0;37.0;63.0;58.0;14;7
13;151;156;5;2.02465049998136;7;-79.0;195;Ceylan & Pascucci (2023);Experiment 2;Orientation;1;3;-79.0;69.0;-42.0;-16.0;15;7
13;117;119;2;1.11490950000007;7;34.0;196;Ceylan & Pascucci (2023);Experiment 2;Orientation;1;3;34.0;-45.0;-77.0;-8.0;16;7
13;13;24;11;1.55857880000258;7;-76.0;197;Ceylan & Pascucci (2023);Experiment 2;Orientation;1;3;-76.0;-42.0;59.0;27.0;17;7
13;73;70;-3;1.7248455999943;7;-60.0;198;Ceylan & Pascucci (2023);Experiment 2;Orientation;1;3;-60.0;44.0;78.0;-1.0;18;7
13;88;77;-11;1.2586794999952;7;-15.0;199;Ceylan & Pascucci (2023);Experiment 2;Orientation;1;3;-15.0;-75.0;29.0;63.0;19;7
13;41;37;-4;1.18321230000583;7;47.0;200;Ceylan & Pascucci (2023);Experiment 2;Orientation;1;3;47.0;32.0;-28.0;76.0;20;7
13;36;27;-9;1.47524960001465;7;5.0;201;Ceylan & Pascucci (2023);Experiment 2;Orientation;1;3;5.0;52.0;37.0;-23.0;21;7
13;42;28;-14;0.95877019999898;7;-6.0;202;Ceylan & Pascucci (2023);Experiment 2;Orientation;1;3;-6.0;-1.0;46.0;31.0;22;7
13;129;131;2;2.61593170001288;7;-87.0;203;Ceylan & Pascucci (2023);Experiment 2;Orientation;1;3;-87.0;87.0;-88.0;-41.0;23;7
13;6;4;-2;0.625366299995221;7;-57.0;204;Ceylan & Pascucci (2023);Experiment 2;Orientation;1;3;-57.0;36.0;30.0;35.0;24;7
13;45;36;-9;0.683267599990359;7;-39.0;205;Ceylan & Pascucci (2023);Experiment 2;Orientation;1;3;-39.0;84.0;-3.0;-9.0;25;7
13;125;16;71;1.5159241000074;7;-80.0;206;Ceylan & Pascucci (2023);Experiment 2;Orientation;1;3;-80.0;61.0;4.0;-83.0;26;7
13;12;21;9;1.00812509999378;7;-67.0;207;Ceylan & Pascucci (2023);Experiment 2;Orientation;1;3;-67.0;33.0;-6.0;-63.0;27;7
13;132;137;5;1.8902174999821;7;60.0;208;Ceylan & Pascucci (2023);Experiment 2;Orientation;1;3;60.0;-7.0;-87.0;54.0;28;7
13;96;111;15;2.05028970001149;7;36.0;209;Ceylan & Pascucci (2023);Experiment 2;Orientation;1;3;36.0;-84.0;29.0;-51.0;29;7
13;71;80;9;2.21578139998019;7;25.0;210;Ceylan & Pascucci (2023);Experiment 2;Orientation;1;3;25.0;61.0;-59.0;54.0;30;7
13;115;108;-7;0.991257199988468;8;-44.0;211;Ceylan & Pascucci (2023);Experiment 2;Orientation;1;3;;;;;1;8
13;112;112;0;1.24985789999482;8;3.0;212;Ceylan & Pascucci (2023);Experiment 2;Orientation;1;3;;;;;2;8
13;68;63;-5;0.725370700005442;8;44.0;213;Ceylan & Pascucci (2023);Experiment 2;Orientation;1;3;;;;;3;8
13;81;77;-4;1.43319030001294;8;-13.0;214;Ceylan & Pascucci (2023);Experiment 2;Orientation;1;3;;;;;4;8
13;155;154;-1;1.90808650001418;8;-74.0;215;Ceylan & Pascucci (2023);Experiment 2;Orientation;1;3;-74.0;-87.0;-43.0;-40.0;5;8
13;129;128;-1;2.24104660001467;8;26.0;216;Ceylan & Pascucci (2023);Experiment 2;Orientation;1;3;26.0;-48.0;-61.0;-17.0;6;8
13;164;152;-12;2.24830229999498;8;-35.0;217;Ceylan & Pascucci (2023);Experiment 2;Orientation;1;3;-35.0;-9.0;-83.0;84.0;7;8
13;35;38;3;2.27523490000749;8;-51.0;218;Ceylan & Pascucci (2023);Experiment 2;Orientation;1;3;-51.0;-86.0;-60.0;46.0;8;8
13;35;31;-4;4.1407967999985;8;0.0;219;Ceylan & Pascucci (2023);Experiment 2;Orientation;1;3;0.0;-51.0;-86.0;-60.0;9;8
13;20;35;15;2.96707139999489;8;15.0;220;Ceylan & Pascucci (2023);Experiment 2;Orientation;1;3;15.0;15.0;-36.0;-71.0;10;8
13;18;25;7;1.0086781999853;8;2.0;221;Ceylan & Pascucci (2023);Experiment 2;Orientation;1;3;2.0;17.0;17.0;-34.0;11;8
13;35;28;-7;1.71596619999036;8;-17.0;222;Ceylan & Pascucci (2023);Experiment 2;Orientation;1;3;-17.0;-15.0;0.0;0.0;12;8
13;143;143;0;1.27429460000712;8;72.0;223;Ceylan & Pascucci (2023);Experiment 2;Orientation;1;3;72.0;55.0;57.0;72.0;13;8
13;36;22;-14;2.00811019999674;8;-73.0;224;Ceylan & Pascucci (2023);Experiment 2;Orientation;1;3;-73.0;-1.0;-18.0;-16.0;14;8
13;94;96;2;1.91552370000863;8;-58.0;225;Ceylan & Pascucci (2023);Experiment 2;Orientation;1;3;-58.0;49.0;-59.0;-76.0;15;8
13;75;72;-3;1.51688759998069;8;19.0;226;Ceylan & Pascucci (2023);Experiment 2;Orientation;1;3;19.0;-39.0;68.0;-40.0;16;8
13;105;102;-3;0.949963399994886;8;-30.0;227;Ceylan & Pascucci (2023);Experiment 2;Orientation;1;3;-30.0;-11.0;-69.0;38.0;17;8
13;174;170;-4;1.89200180000626;8;-69.0;228;Ceylan & Pascucci (2023);Experiment 2;Orientation;1;3;-69.0;81.0;-80.0;42.0;18;8
13;40;42;2;0.941642399993725;8;-46.0;229;Ceylan & Pascucci (2023);Experiment 2;Orientation;1;3;-46.0;65.0;35.0;54.0;19;8
13;148;149;1;2.18262400000822;8;72.0;230;Ceylan & Pascucci (2023);Experiment 2;Orientation;1;3;72.0;26.0;-43.0;-73.0;20;8
13;50;45;-5;0.933695800020359;8;-82.0;231;Ceylan & Pascucci (2023);Experiment 2;Orientation;1;3;-82.0;-10.0;-56.0;55.0;21;8
13;92;103;11;1.45730749997892;8;-42.0;232;Ceylan & Pascucci (2023);Experiment 2;Orientation;1;3;-42.0;56.0;-52.0;82.0;22;8
13;175;160;-15;1.90007309999783;8;-83.0;233;Ceylan & Pascucci (2023);Experiment 2;Orientation;1;3;-83.0;55.0;-27.0;45.0;23;8
13;31;26;-5;2.94144769999548;8;-36.0;234;Ceylan & Pascucci (2023);Experiment 2;Orientation;1;3;-36.0;61.0;19.0;-63.0;24;8
13;176;172;-4;2.5568620999984;8;35.0;235;Ceylan & Pascucci (2023);Experiment 2;Orientation;1;3;35.0;-1.0;-84.0;54.0;25;8
13;163;159;-4;1.04154649999691;8;13.0;236;Ceylan & Pascucci (2023);Experiment 2;Orientation;1;3;13.0;48.0;12.0;-71.0;26;8
13;98;106;8;1.69187800001237;8;65.0;237;Ceylan & Pascucci (2023);Experiment 2;Orientation;1;3;65.0;78.0;-67.0;77.0;27;8
13;125;117;-8;1.19207210000604;8;-27.0;238;Ceylan & Pascucci (2023);Experiment 2;Orientation;1;3;-27.0;38.0;51.0;86.0;28;8
13;56;54;-2;1.01648910000222;8;69.0;239;Ceylan & Pascucci (2023);Experiment 2;Orientation;1;3;69.0;42.0;-73.0;-60.0;29;8
13;14;21;7;1.23315310000908;8;42.0;240;Ceylan & Pascucci (2023);Experiment 2;Orientation;1;3;42.0;-69.0;84.0;-31.0;30;8
13;156;159;3;1.60001020002528;9;38.0;241;Ceylan & Pascucci (2023);Experiment 2;Orientation;1;3;;;;;1;9
13;154;150;-4;1.29145640000934;9;2.0;242;Ceylan & Pascucci (2023);Experiment 2;Orientation;1;3;;;;;2;9
13;133;145;12;2.01652619999368;9;21.0;243;Ceylan & Pascucci (2023);Experiment 2;Orientation;1;3;;;;;3;9
13;75;62;-13;1.95761099999072;9;58.0;244;Ceylan & Pascucci (2023);Experiment 2;Orientation;1;3;;;;;4;9
13;170;167;-3;1.69191379999393;9;85.0;245;Ceylan & Pascucci (2023);Experiment 2;Orientation;1;3;85.0;-37.0;-16.0;-14.0;5;9
13;69;59;-10;1.6168364000041;9;-79.0;246;Ceylan & Pascucci (2023);Experiment 2;Orientation;1;3;-79.0;6.0;64.0;85.0;6;9
13;38;43;5;1.88360349999857;9;31.0;247;Ceylan & Pascucci (2023);Experiment 2;Orientation;1;3;31.0;-48.0;37.0;-85.0;7;9
13;37;23;-14;2.19158280000556;9;1.0;248;Ceylan & Pascucci (2023);Experiment 2;Orientation;1;3;1.0;32.0;-47.0;38.0;8;9
13;132;140;8;1.85018389998004;9;85.0;249;Ceylan & Pascucci (2023);Experiment 2;Orientation;1;3;85.0;86.0;-63.0;38.0;9;9
13;74;64;-10;1.99987249998958;9;58.0;250;Ceylan & Pascucci (2023);Experiment 2;Orientation;1;3;58.0;-37.0;-36.0;-5.0;10;9
13;49;43;-6;1.40735320001841;9;25.0;251;Ceylan & Pascucci (2023);Experiment 2;Orientation;1;3;25.0;83.0;-12.0;-11.0;11;9
13;112;117;5;1.54900759999873;9;-63.0;252;Ceylan & Pascucci (2023);Experiment 2;Orientation;1;3;-63.0;-38.0;20.0;-75.0;12;9
13;82;67;-15;1.66547649999848;9;30.0;253;Ceylan & Pascucci (2023);Experiment 2;Orientation;1;3;30.0;-33.0;-8.0;50.0;13;9
13;164;146;-18;1.34896329999901;9;-82.0;254;Ceylan & Pascucci (2023);Experiment 2;Orientation;1;3;-82.0;-52.0;65.0;90.0;14;9
13;1;13;12;3.17420549999224;9;-17.0;255;Ceylan & Pascucci (2023);Experiment 2;Orientation;1;3;-17.0;81.0;-69.0;48.0;15;9
13;59;48;-11;0.966907699999865;9;-58.0;256;Ceylan & Pascucci (2023);Experiment 2;Orientation;1;3;-58.0;-75.0;23.0;53.0;16;9
13;55;47;-8;1.75852580001811;9;4.0;257;Ceylan & Pascucci (2023);Experiment 2;Orientation;1;3;4.0;-54.0;-71.0;27.0;17;9
13;159;166;7;1.74151680001523;9;76.0;258;Ceylan & Pascucci (2023);Experiment 2;Orientation;1;3;76.0;80.0;22.0;5.0;18;9
13;119;122;3;1.49921629999881;9;40.0;259;Ceylan & Pascucci (2023);Experiment 2;Orientation;1;3;40.0;-64.0;-60.0;62.0;19;9
13;12;143;-49;1.5246693000081;9;-73.0;260;Ceylan & Pascucci (2023);Experiment 2;Orientation;1;3;-73.0;-33.0;43.0;47.0;20;9
13;115;121;6;1.53230489999987;9;77.0;261;Ceylan & Pascucci (2023);Experiment 2;Orientation;1;3;77.0;4.0;44.0;-60.0;21;9
13;65;57;-8;0.774989900004584;9;50.0;262;Ceylan & Pascucci (2023);Experiment 2;Orientation;1;3;50.0;-53.0;54.0;-86.0;22;9
13;34;25;-9;1.55019330000505;9;31.0;263;Ceylan & Pascucci (2023);Experiment 2;Orientation;1;3;31.0;81.0;-22.0;85.0;23;9
13;22;21;-1;1.82485090001137;9;12.0;264;Ceylan & Pascucci (2023);Experiment 2;Orientation;1;3;12.0;43.0;-87.0;-10.0;24;9
13;96;107;11;1.81537769999704;9;-74.0;265;Ceylan & Pascucci (2023);Experiment 2;Orientation;1;3;-74.0;-62.0;-31.0;19.0;25;9
13;34;30;-4;1.20887780000339;9;62.0;266;Ceylan & Pascucci (2023);Experiment 2;Orientation;1;3;62.0;-12.0;0.0;31.0;26;9
13;140;111;-29;1.70736990001751;9;74.0;267;Ceylan & Pascucci (2023);Experiment 2;Orientation;1;3;74.0;-44.0;62.0;74.0;27;9
13;147;153;6;1.09981230000267;9;-7.0;268;Ceylan & Pascucci (2023);Experiment 2;Orientation;1;3;-7.0;67.0;-51.0;55.0;28;9
13;4;19;15;2.17346359998919;9;-37.0;269;Ceylan & Pascucci (2023);Experiment 2;Orientation;1;3;-37.0;-44.0;30.0;-88.0;29;9
13;131;130;-1;1.00825740001164;9;53.0;270;Ceylan & Pascucci (2023);Experiment 2;Orientation;1;3;53.0;16.0;9.0;83.0;30;9
13;8;16;8;1.28349880001042;10;-57.0;271;Ceylan & Pascucci (2023);Experiment 2;Orientation;1;3;;;;;1;10
13;121;121;0;2.00052880001022;10;67.0;272;Ceylan & Pascucci (2023);Experiment 2;Orientation;1;3;;;;;2;10
13;101;119;18;1.37486170002376;10;20.0;273;Ceylan & Pascucci (2023);Experiment 2;Orientation;1;3;;;;;3;10
13;166;146;-20;1.49058179999702;10;-65.0;274;Ceylan & Pascucci (2023);Experiment 2;Orientation;1;3;;;;;4;10
13;9;18;9;2.3585475999862;10;-23.0;275;Ceylan & Pascucci (2023);Experiment 2;Orientation;1;3;-23.0;-88.0;-68.0;-1.0;5;10
13;67;67;0;2.33352009998634;10;-58.0;276;Ceylan & Pascucci (2023);Experiment 2;Orientation;1;3;-58.0;-81.0;34.0;54.0;6;10
13;112;106;-6;1.39075729998876;10;-45.0;277;Ceylan & Pascucci (2023);Experiment 2;Orientation;1;3;-45.0;77.0;54.0;-11.0;7;10
13;58;53;-5;1.3578066000191;10;54.0;278;Ceylan & Pascucci (2023);Experiment 2;Orientation;1;3;54.0;9.0;-49.0;-72.0;8;10
13;111;110;-1;1.4322507000179;10;-53.0;279;Ceylan & Pascucci (2023);Experiment 2;Orientation;1;3;-53.0;1.0;-44.0;78.0;9;10
13;2;0;-2;1.89012450000155;10;-71.0;280;Ceylan & Pascucci (2023);Experiment 2;Orientation;1;3;-71.0;56.0;-70.0;65.0;10;10
13;8;6;-2;0.949967299995478;10;-6.0;281;Ceylan & Pascucci (2023);Experiment 2;Orientation;1;3;-6.0;-77.0;50.0;-76.0;11;10
13;24;21;-3;2.55805980000878;10;-16.0;282;Ceylan & Pascucci (2023);Experiment 2;Orientation;1;3;-16.0;-22.0;87.0;34.0;12;10
13;43;27;-16;3.00724720000289;10;-19.0;283;Ceylan & Pascucci (2023);Experiment 2;Orientation;1;3;-19.0;-35.0;-41.0;68.0;13;10
13;146;138;-8;1.34200589999091;10;77.0;284;Ceylan & Pascucci (2023);Experiment 2;Orientation;1;3;77.0;58.0;42.0;36.0;14;10
13;154;159;5;1.44067670000368;10;-8.0;285;Ceylan & Pascucci (2023);Experiment 2;Orientation;1;3;-8.0;69.0;50.0;34.0;15;10
13;174;169;-5;1.05025420000311;10;-20.0;286;Ceylan & Pascucci (2023);Experiment 2;Orientation;1;3;-20.0;-28.0;49.0;30.0;16;10
13;130;137;7;2.06675500000711;10;44.0;287;Ceylan & Pascucci (2023);Experiment 2;Orientation;1;3;44.0;24.0;16.0;-87.0;17;10
13;36;36;0;1.10704020000412;10;-86.0;288;Ceylan & Pascucci (2023);Experiment 2;Orientation;1;3;-86.0;-42.0;-62.0;-70.0;18;10
13;87;90;3;1.40695430000778;10;-51.0;289;Ceylan & Pascucci (2023);Experiment 2;Orientation;1;3;-51.0;43.0;87.0;67.0;19;10
13;154;155;1;1.93267129999003;10;-67.0;290;Ceylan & Pascucci (2023);Experiment 2;Orientation;1;3;-67.0;62.0;-24.0;20.0;20;10
13;145;134;-11;1.56683250001515;10;9.0;291;Ceylan & Pascucci (2023);Experiment 2;Orientation;1;3;9.0;-58.0;71.0;-15.0;21;10
13;54;51;-3;1.26696140001877;10;-89.0;292;Ceylan & Pascucci (2023);Experiment 2;Orientation;1;3;-89.0;-80.0;33.0;-18.0;22;10
13;158;163;5;1.67523170000641;10;76.0;293;Ceylan & Pascucci (2023);Experiment 2;Orientation;1;3;76.0;-13.0;-4.0;-71.0;23;10
13;114;113;-1;2.20720619999338;10;44.0;294;Ceylan & Pascucci (2023);Experiment 2;Orientation;1;3;44.0;-60.0;31.0;40.0;24;10
13;96;109;13;1.22539579999284;10;18.0;295;Ceylan & Pascucci (2023);Experiment 2;Orientation;1;3;18.0;62.0;-42.0;49.0;25;10
13;148;142;-6;1.44966949999798;10;-52.0;296;Ceylan & Pascucci (2023);Experiment 2;Orientation;1;3;-52.0;-34.0;10.0;86.0;26;10
13;177;167;-10;2.94961710000644;10;-29.0;297;Ceylan & Pascucci (2023);Experiment 2;Orientation;1;3;-29.0;-81.0;-63.0;-19.0;27;10
13;108;110;2;1.43314090001513;10;69.0;298;Ceylan & Pascucci (2023);Experiment 2;Orientation;1;3;69.0;40.0;-12.0;6.0;28;10
13;25;32;7;1.24106530001154;10;83.0;299;Ceylan & Pascucci (2023);Experiment 2;Orientation;1;3;83.0;-28.0;-57.0;71.0;29;10
13;156;165;9;1.02481010000338;10;49.0;300;Ceylan & Pascucci (2023);Experiment 2;Orientation;1;3;49.0;-48.0;21.0;-8.0;30;10
14;59;49;-10;1.23313989999588;1;;1;Ceylan & Pascucci (2023);Experiment 2;Orientation;1;3;;;;;1;1
14;110;113;3;2.33306310002808;1;-51.0;2;Ceylan & Pascucci (2023);Experiment 2;Orientation;1;3;;;;;2;1
14;58;49;-9;1.52402660000371;1;52.0;3;Ceylan & Pascucci (2023);Experiment 2;Orientation;1;3;;;;;3;1
14;79;70;-9;1.40019440001925;1;-21.0;4;Ceylan & Pascucci (2023);Experiment 2;Orientation;1;3;;;;;4;1
14;129;133;4;1.82482009998057;1;-50.0;5;Ceylan & Pascucci (2023);Experiment 2;Orientation;1;3;-50.0;-71.0;-19.0;-70.0;5;1
14;2;6;4;1.50861109999823;1;-53.0;6;Ceylan & Pascucci (2023);Experiment 2;Orientation;1;3;-53.0;77.0;56.0;-72.0;6;1
14;126;127;1;1.89187670001411;1;56.0;7;Ceylan & Pascucci (2023);Experiment 2;Orientation;1;3;56.0;3.0;-47.0;-68.0;7;1
14;81;54;-27;2.5735219999915;1;45.0;8;Ceylan & Pascucci (2023);Experiment 2;Orientation;1;3;45.0;-79.0;48.0;-2.0;8;1
14;21;35;14;1.67393469999661;1;60.0;9;Ceylan & Pascucci (2023);Experiment 2;Orientation;1;3;60.0;-75.0;-19.0;-72.0;9;1
14;116;116;0;1.78265269999974;1;85.0;10;Ceylan & Pascucci (2023);Experiment 2;Orientation;1;3;85.0;-35.0;10.0;66.0;10;1
14;131;119;-12;2.26673750000191;1;-15.0;11;Ceylan & Pascucci (2023);Experiment 2;Orientation;1;3;-15.0;70.0;-50.0;-5.0;11;1
14;162;158;-4;1.43295300001046;1;-31.0;12;Ceylan & Pascucci (2023);Experiment 2;Orientation;1;3;-31.0;-46.0;39.0;-81.0;12;1
14;145;136;-9;1.37446079999791;1;17.0;13;Ceylan & Pascucci (2023);Experiment 2;Orientation;1;3;17.0;-14.0;-29.0;56.0;13;1
14;157;156;-1;1.97396880001179;1;-12.0;14;Ceylan & Pascucci (2023);Experiment 2;Orientation;1;3;-12.0;5.0;-26.0;-41.0;14;1
14;151;145;-6;1.51650739999604;1;6.0;15;Ceylan & Pascucci (2023);Experiment 2;Orientation;1;3;6.0;-6.0;11.0;-20.0;15;1
14;160;148;-12;2.10803490001126;1;-9.0;16;Ceylan & Pascucci (2023);Experiment 2;Orientation;1;3;-9.0;-3.0;-15.0;2.0;16;1
14;11;11;0;1.49836409999989;1;-31.0;17;Ceylan & Pascucci (2023);Experiment 2;Orientation;1;3;-31.0;-40.0;-34.0;-46.0;17;1
14;28;32;4;1.683797900012;1;-17.0;18;Ceylan & Pascucci (2023);Experiment 2;Orientation;1;3;-17.0;-48.0;-57.0;-51.0;18;1
14;37;40;3;1.6920523000008;1;-9.0;19;Ceylan & Pascucci (2023);Experiment 2;Orientation;1;3;-9.0;-26.0;-57.0;-66.0;19;1
14;169;173;4;3.09940649999771;1;48.0;20;Ceylan & Pascucci (2023);Experiment 2;Orientation;1;3;48.0;39.0;22.0;-9.0;20;1
14;131;133;2;1.9075073999993;1;38.0;21;Ceylan & Pascucci (2023);Experiment 2;Orientation;1;3;38.0;86.0;77.0;60.0;21;1
14;121;128;7;2.9908918000001;1;10.0;22;Ceylan & Pascucci (2023);Experiment 2;Orientation;1;3;10.0;48.0;-84.0;87.0;22;1
14;158;166;8;1.93274059999385;1;-37.0;23;Ceylan & Pascucci (2023);Experiment 2;Orientation;1;3;-37.0;-27.0;11.0;59.0;23;1
14;117;114;-3;1.60028149999562;1;41.0;24;Ceylan & Pascucci (2023);Experiment 2;Orientation;1;3;41.0;4.0;14.0;52.0;24;1
14;66;60;-6;1.73357329997816;1;51.0;25;Ceylan & Pascucci (2023);Experiment 2;Orientation;1;3;51.0;-88.0;55.0;65.0;25;1
14;81;70;-11;1.84926670001005;1;-15.0;26;Ceylan & Pascucci (2023);Experiment 2;Orientation;1;3;-15.0;36.0;77.0;40.0;26;1
14;16;31;15;2.23226619997877;1;65.0;27;Ceylan & Pascucci (2023);Experiment 2;Orientation;1;3;65.0;50.0;-79.0;-38.0;27;1
14;123;117;-6;2.40808970000944;1;73.0;28;Ceylan & Pascucci (2023);Experiment 2;Orientation;1;3;73.0;-42.0;-57.0;-6.0;28;1
14;145;130;-15;1.74825110001257;1;-22.0;29;Ceylan & Pascucci (2023);Experiment 2;Orientation;1;3;-22.0;51.0;-64.0;-79.0;29;1
14;97;90;-7;1.18326829999569;1;48.0;30;Ceylan & Pascucci (2023);Experiment 2;Orientation;1;3;48.0;26.0;-81.0;-16.0;30;1
14;36;38;2;1.32536269997945;2;61.0;31;Ceylan & Pascucci (2023);Experiment 2;Orientation;1;3;;;;;1;2
14;132;125;-7;1.48324179998599;2;84.0;32;Ceylan & Pascucci (2023);Experiment 2;Orientation;1;3;;;;;2;2
14;172;165;-7;2.43292150000343;2;-40.0;33;Ceylan & Pascucci (2023);Experiment 2;Orientation;1;3;;;;;3;2
14;164;162;-2;2.58296699999482;2;8.0;34;Ceylan & Pascucci (2023);Experiment 2;Orientation;1;3;;;;;4;2
14;124;127;3;2.01657060001162;2;40.0;35;Ceylan & Pascucci (2023);Experiment 2;Orientation;1;3;40.0;48.0;8.0;-88.0;5;2
14;52;35;-17;1.25799110002117;2;72.0;36;Ceylan & Pascucci (2023);Experiment 2;Orientation;1;3;72.0;-68.0;-60.0;80.0;6;2
14;100;117;17;1.6248784000054;2;-48.0;37;Ceylan & Pascucci (2023);Experiment 2;Orientation;1;3;-48.0;24.0;64.0;72.0;7;2
14;163;170;7;1.94036809998215;2;-63.0;38;Ceylan & Pascucci (2023);Experiment 2;Orientation;1;3;-63.0;69.0;-39.0;1.0;8;2
14;84;78;-6;1.83241770000313;2;79.0;39;Ceylan & Pascucci (2023);Experiment 2;Orientation;1;3;79.0;16.0;-32.0;40.0;9;2
14;121;143;22;1.47442809998756;2;-37.0;40;Ceylan & Pascucci (2023);Experiment 2;Orientation;1;3;-37.0;42.0;-21.0;-69.0;10;2
14;129;141;12;1.70767699999851;2;-8.0;41;Ceylan & Pascucci (2023);Experiment 2;Orientation;1;3;-8.0;-45.0;34.0;-29.0;11;2
14;93;97;4;5.8572017000115;2;36.0;42;Ceylan & Pascucci (2023);Experiment 2;Orientation;1;3;36.0;28.0;-9.0;70.0;12;2
14;101;101;0;2.19047130001127;2;-8.0;43;Ceylan & Pascucci (2023);Experiment 2;Orientation;1;3;-8.0;28.0;20.0;-17.0;13;2
14;52;63;11;1.51650649998919;2;49.0;44;Ceylan & Pascucci (2023);Experiment 2;Orientation;1;3;49.0;41.0;77.0;69.0;14;2
14;178;172;-6;1.37525179999648;2;54.0;45;Ceylan & Pascucci (2023);Experiment 2;Orientation;1;3;54.0;-77.0;-85.0;-49.0;15;2
14;48;58;10;1.17441099998541;2;-50.0;46;Ceylan & Pascucci (2023);Experiment 2;Orientation;1;3;-50.0;4.0;53.0;45.0;16;2
14;76;65;-11;1.8990230000054;2;-28.0;47;Ceylan & Pascucci (2023);Experiment 2;Orientation;1;3;-28.0;-78.0;-24.0;25.0;17;2
14;86;71;-15;2.37416910001775;2;-10.0;48;Ceylan & Pascucci (2023);Experiment 2;Orientation;1;3;-10.0;-38.0;-88.0;-34.0;18;2
14;9;27;18;1.6485353000171;2;77.0;49;Ceylan & Pascucci (2023);Experiment 2;Orientation;1;3;77.0;67.0;39.0;-11.0;19;2
14;137;137;0;1.30722370001604;2;52.0;50;Ceylan & Pascucci (2023);Experiment 2;Orientation;1;3;52.0;-51.0;-61.0;-89.0;20;2
14;163;163;0;1.25859969999874;2;-26.0;51;Ceylan & Pascucci (2023);Experiment 2;Orientation;1;3;-26.0;26.0;-77.0;-87.0;21;2
14;115;136;21;2.1072206000099;2;48.0;52;Ceylan & Pascucci (2023);Experiment 2;Orientation;1;3;48.0;22.0;74.0;-29.0;22;2
14;75;69;-6;3.04179210000439;2;40.0;53;Ceylan & Pascucci (2023);Experiment 2;Orientation;1;3;40.0;88.0;62.0;-66.0;23;2
14;43;48;5;1.03365300002042;2;32.0;54;Ceylan & Pascucci (2023);Experiment 2;Orientation;1;3;32.0;72.0;-60.0;-86.0;24;2
14;152;156;4;1.44929530000081;2;71.0;55;Ceylan & Pascucci (2023);Experiment 2;Orientation;1;3;71.0;-77.0;-37.0;11.0;25;2
14;158;156;-2;1.03328619999229;2;-6.0;56;Ceylan & Pascucci (2023);Experiment 2;Orientation;1;3;-6.0;65.0;-83.0;-43.0;26;2
14;176;168;-8;2.30573480000021;2;-18.0;57;Ceylan & Pascucci (2023);Experiment 2;Orientation;1;3;-18.0;-24.0;47.0;79.0;27;2
14;118;128;10;1.20787760001258;2;58.0;58;Ceylan & Pascucci (2023);Experiment 2;Orientation;1;3;58.0;40.0;34.0;-75.0;28;2
14;79;159;80;3.58264629999758;2;39.0;59;Ceylan & Pascucci (2023);Experiment 2;Orientation;1;3;39.0;-83.0;79.0;73.0;29;2
14;43;48;5;1.3662716000108;2;36.0;60;Ceylan & Pascucci (2023);Experiment 2;Orientation;1;3;36.0;75.0;-47.0;-65.0;30;2
14;40;37;-3;1.70804779999889;3;3.0;61;Ceylan & Pascucci (2023);Experiment 2;Orientation;1;3;;;;;1;3
14;160;150;-10;1.42442739999387;3;60.0;62;Ceylan & Pascucci (2023);Experiment 2;Orientation;1;3;;;;;2;3
14;18;24;6;1.39127620001091;3;-38.0;63;Ceylan & Pascucci (2023);Experiment 2;Orientation;1;3;;;;;3;3
14;91;65;-26;2.3076793999935;3;-73.0;64;Ceylan & Pascucci (2023);Experiment 2;Orientation;1;3;;;;;4;3
14;29;25;-4;1.9495287000027;3;62.0;65;Ceylan & Pascucci (2023);Experiment 2;Orientation;1;3;62.0;-11.0;-49.0;11.0;5;3
14;49;44;-5;1.31626049999613;3;-20.0;66;Ceylan & Pascucci (2023);Experiment 2;Orientation;1;3;-20.0;42.0;-31.0;-69.0;6;3
14;51;62;11;1.21616459998768;3;-2.0;67;Ceylan & Pascucci (2023);Experiment 2;Orientation;1;3;-2.0;-22.0;40.0;-33.0;7;3
14;32;37;5;1.26628069998696;3;19.0;68;Ceylan & Pascucci (2023);Experiment 2;Orientation;1;3;19.0;17.0;-3.0;59.0;8;3
14;180;1;1;1.46621260000393;3;32.0;69;Ceylan & Pascucci (2023);Experiment 2;Orientation;1;3;32.0;51.0;49.0;29.0;9;3
14;134;130;-4;1.33124219998717;3;46.0;70;Ceylan & Pascucci (2023);Experiment 2;Orientation;1;3;46.0;78.0;-83.0;-85.0;10;3
14;1;1;0;2.2746855999867;3;-47.0;71;Ceylan & Pascucci (2023);Experiment 2;Orientation;1;3;-47.0;-1.0;31.0;50.0;11;3
14;148;126;-22;1.84868009999627;3;33.0;72;Ceylan & Pascucci (2023);Experiment 2;Orientation;1;3;33.0;-14.0;32.0;64.0;12;3
14;80;80;0;1.49144990000059;3;68.0;73;Ceylan & Pascucci (2023);Experiment 2;Orientation;1;3;68.0;-79.0;54.0;-80.0;13;3
14;133;133;0;1.4830881000089;3;-53.0;74;Ceylan & Pascucci (2023);Experiment 2;Orientation;1;3;-53.0;15.0;48.0;1.0;14;3
14;55;72;17;1.64192840000032;3;78.0;75;Ceylan & Pascucci (2023);Experiment 2;Orientation;1;3;78.0;25.0;-87.0;-54.0;15;3
14;167;162;-5;1.63250460001291;3;68.0;76;Ceylan & Pascucci (2023);Experiment 2;Orientation;1;3;68.0;-34.0;-87.0;-19.0;16;3
14;73;68;-5;1.44997210000292;3;-86.0;77;Ceylan & Pascucci (2023);Experiment 2;Orientation;1;3;-86.0;-18.0;60.0;7.0;17;3
14;144;136;-8;1.21691399998963;3;-71.0;78;Ceylan & Pascucci (2023);Experiment 2;Orientation;1;3;-71.0;23.0;-89.0;-11.0;18;3
14;127;128;1;1.50754710001638;3;17.0;79;Ceylan & Pascucci (2023);Experiment 2;Orientation;1;3;17.0;-54.0;40.0;-72.0;19;3
14;49;56;7;1.69927520002238;3;78.0;80;Ceylan & Pascucci (2023);Experiment 2;Orientation;1;3;78.0;-85.0;24.0;-62.0;20;3
14;143;135;-8;1.70855009998195;3;86.0;81;Ceylan & Pascucci (2023);Experiment 2;Orientation;1;3;86.0;-16.0;1.0;-70.0;21;3
14;21;22;1;1.05873240000801;3;-58.0;82;Ceylan & Pascucci (2023);Experiment 2;Orientation;1;3;-58.0;28.0;-74.0;-57.0;22;3
14;146;141;-5;1.70013199999812;3;55.0;83;Ceylan & Pascucci (2023);Experiment 2;Orientation;1;3;55.0;-3.0;83.0;-19.0;23;3
14;161;151;-10;1.9414020999975;3;-15.0;84;Ceylan & Pascucci (2023);Experiment 2;Orientation;1;3;-15.0;40.0;-18.0;68.0;24;3
14;170;163;-7;1.00825640000403;3;-9.0;85;Ceylan & Pascucci (2023);Experiment 2;Orientation;1;3;-9.0;-24.0;31.0;-27.0;25;3
14;156;142;-14;1.67385419999482;3;14.0;86;Ceylan & Pascucci (2023);Experiment 2;Orientation;1;3;14.0;5.0;-10.0;45.0;26;3
14;56;43;-13;1.7084628000157;3;-80.0;87;Ceylan & Pascucci (2023);Experiment 2;Orientation;1;3;-80.0;-66.0;-75.0;90.0;27;3
14;24;28;4;2.44130979999318;3;32.0;88;Ceylan & Pascucci (2023);Experiment 2;Orientation;1;3;32.0;-48.0;-34.0;-43.0;28;3
14;96;118;22;1.13310999999521;3;-72.0;89;Ceylan & Pascucci (2023);Experiment 2;Orientation;1;3;-72.0;-40.0;60.0;74.0;29;3
14;166;162;-4;1.51645560000907;3;-70.0;90;Ceylan & Pascucci (2023);Experiment 2;Orientation;1;3;-70.0;38.0;70.0;-10.0;30;3
14;24;24;0;1.49066139999195;4;-38.0;91;Ceylan & Pascucci (2023);Experiment 2;Orientation;1;3;;;;;1;4
14;89;88;-1;2.54971329998807;4;-65.0;92;Ceylan & Pascucci (2023);Experiment 2;Orientation;1;3;;;;;2;4
14;116;127;11;1.90723640000215;4;-27.0;93;Ceylan & Pascucci (2023);Experiment 2;Orientation;1;3;;;;;3;4
14;139;141;2;1.61683169999742;4;-23.0;94;Ceylan & Pascucci (2023);Experiment 2;Orientation;1;3;;;;;4;4
14;116;114;-2;1.5081710999948;4;23.0;95;Ceylan & Pascucci (2023);Experiment 2;Orientation;1;3;23.0;0.0;-27.0;88.0;5;4
14;115;124;9;1.75717130000703;4;1.0;96;Ceylan & Pascucci (2023);Experiment 2;Orientation;1;3;1.0;24.0;1.0;-26.0;6;4
14;171;167;-4;2.51592209999217;4;-56.0;97;Ceylan & Pascucci (2023);Experiment 2;Orientation;1;3;-56.0;-55.0;-32.0;-55.0;7;4
14;80;80;0;1.9575724999886;4;-89.0;98;Ceylan & Pascucci (2023);Experiment 2;Orientation;1;3;-89.0;35.0;36.0;59.0;8;4
14;94;100;6;2.34051629999885;4;-14.0;99;Ceylan & Pascucci (2023);Experiment 2;Orientation;1;3;-14.0;77.0;21.0;22.0;9;4
14;56;49;-7;2.80740030002198;4;38.0;100;Ceylan & Pascucci (2023);Experiment 2;Orientation;1;3;38.0;24.0;-65.0;59.0;10;4
14;35;40;5;1.81597590001184;4;21.0;101;Ceylan & Pascucci (2023);Experiment 2;Orientation;1;3;21.0;59.0;45.0;-44.0;11;4
14;46;42;-4;1.81579659998533;4;-11.0;102;Ceylan & Pascucci (2023);Experiment 2;Orientation;1;3;-11.0;10.0;48.0;34.0;12;4
14;1;6;5;1.5570061999897;4;45.0;103;Ceylan & Pascucci (2023);Experiment 2;Orientation;1;3;45.0;34.0;55.0;-87.0;13;4
14;37;40;3;1.81643540001824;4;-36.0;104;Ceylan & Pascucci (2023);Experiment 2;Orientation;1;3;-36.0;9.0;-2.0;19.0;14;4
14;42;42;0;2.55757950001862;4;-5.0;105;Ceylan & Pascucci (2023);Experiment 2;Orientation;1;3;-5.0;-41.0;4.0;-7.0;15;4
14;177;170;-7;2.8497288999788;4;45.0;106;Ceylan & Pascucci (2023);Experiment 2;Orientation;1;3;45.0;40.0;4.0;49.0;16;4
14;28;24;-4;0.933779200015124;4;-31.0;107;Ceylan & Pascucci (2023);Experiment 2;Orientation;1;3;-31.0;14.0;9.0;-27.0;17;4
14;124;127;3;2.43229560001055;4;84.0;108;Ceylan & Pascucci (2023);Experiment 2;Orientation;1;3;84.0;53.0;-82.0;-87.0;18;4
14;180;2;2;1.21588219999103;4;-56.0;109;Ceylan & Pascucci (2023);Experiment 2;Orientation;1;3;-56.0;28.0;-3.0;42.0;19;4
14;76;65;-11;1.34996490000049;4;-76.0;110;Ceylan & Pascucci (2023);Experiment 2;Orientation;1;3;-76.0;48.0;-48.0;-79.0;20;4
14;37;35;-2;1.06649640001706;4;39.0;111;Ceylan & Pascucci (2023);Experiment 2;Orientation;1;3;39.0;-37.0;87.0;-9.0;21;4
14;74;59;-15;1.90690830000676;4;-37.0;112;Ceylan & Pascucci (2023);Experiment 2;Orientation;1;3;-37.0;2.0;-74.0;50.0;22;4
14;130;148;18;1.97474150001653;4;-56.0;113;Ceylan & Pascucci (2023);Experiment 2;Orientation;1;3;-56.0;87.0;-54.0;50.0;23;4
14;60;60;0;1.64867219998268;4;70.0;114;Ceylan & Pascucci (2023);Experiment 2;Orientation;1;3;70.0;14.0;-23.0;16.0;24;4
14;149;132;-17;2.01528490000055;4;-89.0;115;Ceylan & Pascucci (2023);Experiment 2;Orientation;1;3;-89.0;-19.0;-75.0;68.0;25;4
14;43;45;2;1.24995200001285;4;-74.0;116;Ceylan & Pascucci (2023);Experiment 2;Orientation;1;3;-74.0;17.0;87.0;31.0;26;4
14;164;155;-9;1.60039139998844;4;59.0;117;Ceylan & Pascucci (2023);Experiment 2;Orientation;1;3;59.0;-15.0;76.0;-34.0;27;4
14;21;22;1;1.14154380001128;4;-37.0;118;Ceylan & Pascucci (2023);Experiment 2;Orientation;1;3;-37.0;22.0;-52.0;39.0;28;4
14;118;121;3;1.89075209997827;4;83.0;119;Ceylan & Pascucci (2023);Experiment 2;Orientation;1;3;83.0;46.0;-75.0;31.0;29;4
14;11;17;6;1.91521659999853;4;-73.0;120;Ceylan & Pascucci (2023);Experiment 2;Orientation;1;3;-73.0;10.0;-27.0;32.0;30;4
14;76;78;2;0.725402400013991;5;-65.0;121;Ceylan & Pascucci (2023);Experiment 2;Orientation;1;3;;;;;1;5
14;153;151;-2;2.09923929997603;5;-77.0;122;Ceylan & Pascucci (2023);Experiment 2;Orientation;1;3;;;;;2;5
14;16;26;10;1.64151359998505;5;-43.0;123;Ceylan & Pascucci (2023);Experiment 2;Orientation;1;3;;;;;3;5
14;78;66;-12;1.3252063000109;5;-62.0;124;Ceylan & Pascucci (2023);Experiment 2;Orientation;1;3;;;;;4;5
14;48;47;-1;1.48304339998867;5;30.0;125;Ceylan & Pascucci (2023);Experiment 2;Orientation;1;3;30.0;-32.0;-75.0;28.0;5;5
14;84;69;-15;2.00853099999949;5;-36.0;126;Ceylan & Pascucci (2023);Experiment 2;Orientation;1;3;-36.0;-6.0;-68.0;69.0;6;5
14;12;13;1;2.64135999997961;5;72.0;127;Ceylan & Pascucci (2023);Experiment 2;Orientation;1;3;72.0;36.0;66.0;4.0;7;5
14;131;131;0;3.19963819999248;5;61.0;128;Ceylan & Pascucci (2023);Experiment 2;Orientation;1;3;61.0;-47.0;-83.0;-53.0;8;5
14;111;116;5;2.63246300001629;5;20.0;129;Ceylan & Pascucci (2023);Experiment 2;Orientation;1;3;20.0;81.0;-27.0;-63.0;9;5
14;25;28;3;1.8164553999959;5;86.0;130;Ceylan & Pascucci (2023);Experiment 2;Orientation;1;3;86.0;-74.0;-13.0;59.0;10;5
14;27;34;7;1.86648549998063;5;-2.0;131;Ceylan & Pascucci (2023);Experiment 2;Orientation;1;3;-2.0;84.0;-76.0;-15.0;11;5
14;158;161;3;2.23305079998681;5;49.0;132;Ceylan & Pascucci (2023);Experiment 2;Orientation;1;3;49.0;47.0;-47.0;-27.0;12;5
14;17;19;2;1.3907196999935;5;-39.0;133;Ceylan & Pascucci (2023);Experiment 2;Orientation;1;3;-39.0;10.0;8.0;-86.0;13;5
14;167;161;-6;2.1745624000032;5;30.0;134;Ceylan & Pascucci (2023);Experiment 2;Orientation;1;3;30.0;-9.0;40.0;38.0;14;5
14;73;65;-8;2.15028679999523;5;-86.0;135;Ceylan & Pascucci (2023);Experiment 2;Orientation;1;3;-86.0;-56.0;85.0;-46.0;15;5
14;118;120;2;1.71656860000803;5;-45.0;136;Ceylan & Pascucci (2023);Experiment 2;Orientation;1;3;-45.0;49.0;79.0;40.0;16;5
14;110;104;-6;1.31649309999193;5;8.0;137;Ceylan & Pascucci (2023);Experiment 2;Orientation;1;3;8.0;-37.0;57.0;87.0;17;5
14;14;23;9;1.94058419999783;5;-84.0;138;Ceylan & Pascucci (2023);Experiment 2;Orientation;1;3;-84.0;-76.0;59.0;-27.0;18;5
14;168;155;-13;1.8504310999997;5;26.0;139;Ceylan & Pascucci (2023);Experiment 2;Orientation;1;3;26.0;-58.0;-50.0;85.0;19;5
14;140;137;-3;1.75883669999894;5;28.0;140;Ceylan & Pascucci (2023);Experiment 2;Orientation;1;3;28.0;54.0;-30.0;-22.0;20;5
14;172;164;-8;1.35769840001012;5;-32.0;141;Ceylan & Pascucci (2023);Experiment 2;Orientation;1;3;-32.0;-4.0;22.0;-62.0;21;5
14;144;149;5;1.78252080001403;5;28.0;142;Ceylan & Pascucci (2023);Experiment 2;Orientation;1;3;28.0;-4.0;24.0;50.0;22;5
14;56;60;4;2.54062970000086;5;88.0;143;Ceylan & Pascucci (2023);Experiment 2;Orientation;1;3;88.0;-64.0;84.0;-68.0;23;5
14;73;60;-13;1.2082958999963;5;-17.0;144;Ceylan & Pascucci (2023);Experiment 2;Orientation;1;3;-17.0;71.0;-81.0;67.0;24;5
14;70;60;-10;1.09085589999449;5;3.0;145;Ceylan & Pascucci (2023);Experiment 2;Orientation;1;3;3.0;-14.0;74.0;-78.0;25;5
14;169;164;-5;0.908308699988993;5;81.0;146;Ceylan & Pascucci (2023);Experiment 2;Orientation;1;3;81.0;84.0;67.0;-25.0;26;5
14;178;167;-11;1.39104029998998;5;-9.0;147;Ceylan & Pascucci (2023);Experiment 2;Orientation;1;3;-9.0;72.0;75.0;58.0;27;5
14;161;158;-3;0.941616399999475;5;17.0;148;Ceylan & Pascucci (2023);Experiment 2;Orientation;1;3;17.0;8.0;89.0;-88.0;28;5
14;157;152;-5;1.83234609998181;5;4.0;149;Ceylan & Pascucci (2023);Experiment 2;Orientation;1;3;4.0;21.0;12.0;-87.0;29;5
14;122;124;2;1.82417629999691;5;35.0;150;Ceylan & Pascucci (2023);Experiment 2;Orientation;1;3;35.0;39.0;56.0;47.0;30;5
14;48;43;-5;1.40862490001018;6;74.0;151;Ceylan & Pascucci (2023);Experiment 2;Orientation;1;3;;;;;1;6
14;60;58;-2;1.70813630000339;6;-12.0;152;Ceylan & Pascucci (2023);Experiment 2;Orientation;1;3;;;;;2;6
14;100;108;8;2.54048570001032;6;-40.0;153;Ceylan & Pascucci (2023);Experiment 2;Orientation;1;3;;;;;3;6
14;68;53;-15;1.53336679999484;6;32.0;154;Ceylan & Pascucci (2023);Experiment 2;Orientation;1;3;;;;;4;6
14;61;62;1;1.26695889999974;6;7.0;155;Ceylan & Pascucci (2023);Experiment 2;Orientation;1;3;7.0;39.0;-1.0;-13.0;5;6
14;41;51;10;1.23321390000638;6;20.0;156;Ceylan & Pascucci (2023);Experiment 2;Orientation;1;3;20.0;27.0;59.0;19.0;6;6
14;142;133;-9;1.30857749999268;6;79.0;157;Ceylan & Pascucci (2023);Experiment 2;Orientation;1;3;79.0;-81.0;-74.0;-42.0;7;6
14;46;46;0;1.75858799999696;6;-84.0;158;Ceylan & Pascucci (2023);Experiment 2;Orientation;1;3;-84.0;-5.0;15.0;22.0;8;6
14;67;57;-10;1.57493219999014;6;-21.0;159;Ceylan & Pascucci (2023);Experiment 2;Orientation;1;3;-21.0;75.0;-26.0;-6.0;9;6
14;41;32;-9;0.949274399987189;6;26.0;160;Ceylan & Pascucci (2023);Experiment 2;Orientation;1;3;26.0;5.0;-79.0;0.0;10;6
14;152;156;4;2.01646210000035;6;69.0;161;Ceylan & Pascucci (2023);Experiment 2;Orientation;1;3;69.0;-85.0;74.0;-10.0;11;6
14;104;117;13;1.18336570000974;6;48.0;162;Ceylan & Pascucci (2023);Experiment 2;Orientation;1;3;48.0;-63.0;-37.0;-58.0;12;6
14;39;43;4;0.866503600002034;6;65.0;163;Ceylan & Pascucci (2023);Experiment 2;Orientation;1;3;65.0;-67.0;2.0;28.0;13;6
14;66;57;-9;2.06683789999806;6;-27.0;164;Ceylan & Pascucci (2023);Experiment 2;Orientation;1;3;-27.0;38.0;86.0;-25.0;14;6
14;57;48;-9;2.05858290000469;6;9.0;165;Ceylan & Pascucci (2023);Experiment 2;Orientation;1;3;9.0;-18.0;47.0;-85.0;15;6
14;134;134;0;1.59037819999503;6;-77.0;166;Ceylan & Pascucci (2023);Experiment 2;Orientation;1;3;-77.0;-68.0;85.0;-30.0;16;6
14;132;128;-4;1.99146250000922;6;2.0;167;Ceylan & Pascucci (2023);Experiment 2;Orientation;1;3;2.0;-75.0;-66.0;87.0;17;6
14;136;127;-9;0.766463299980387;6;-4.0;168;Ceylan & Pascucci (2023);Experiment 2;Orientation;1;3;-4.0;-2.0;-79.0;-70.0;18;6
14;142;130;-12;0.857878499984508;6;-6.0;169;Ceylan & Pascucci (2023);Experiment 2;Orientation;1;3;-6.0;-10.0;-8.0;-85.0;19;6
14;130;132;2;0.716647400025977;6;12.0;170;Ceylan & Pascucci (2023);Experiment 2;Orientation;1;3;12.0;6.0;2.0;4.0;20;6
14;36;42;6;2.07483420000062;6;-86.0;171;Ceylan & Pascucci (2023);Experiment 2;Orientation;1;3;-86.0;-74.0;-80.0;-84.0;21;6
14;45;27;-18;1.24919569998747;6;-9.0;172;Ceylan & Pascucci (2023);Experiment 2;Orientation;1;3;-9.0;85.0;-83.0;-89.0;22;6
14;121;115;-6;1.45008399998187;6;-76.0;173;Ceylan & Pascucci (2023);Experiment 2;Orientation;1;3;-76.0;-85.0;9.0;21.0;23;6
14;15;26;11;1.45739880000474;6;-74.0;174;Ceylan & Pascucci (2023);Experiment 2;Orientation;1;3;-74.0;30.0;21.0;-65.0;24;6
14;116;133;17;1.40772540000034;6;79.0;175;Ceylan & Pascucci (2023);Experiment 2;Orientation;1;3;79.0;5.0;-71.0;-80.0;25;6
14;120;121;1;4.31665439999779;6;-4.0;176;Ceylan & Pascucci (2023);Experiment 2;Orientation;1;3;-4.0;75.0;1.0;-75.0;26;6
14;118;129;11;1.34992480001529;6;2.0;177;Ceylan & Pascucci (2023);Experiment 2;Orientation;1;3;2.0;-2.0;77.0;3.0;27;6
14;5;11;6;0.658798099990236;6;-67.0;178;Ceylan & Pascucci (2023);Experiment 2;Orientation;1;3;-67.0;-65.0;-69.0;10.0;28;6
14;122;116;-6;0.816544899978908;6;63.0;179;Ceylan & Pascucci (2023);Experiment 2;Orientation;1;3;63.0;-4.0;-2.0;-6.0;29;6
14;173;3;10;1.59147419998772;6;-51.0;180;Ceylan & Pascucci (2023);Experiment 2;Orientation;1;3;-51.0;12.0;-55.0;-53.0;30;6
14;133;139;6;1.42530989999068;7;40.0;181;Ceylan & Pascucci (2023);Experiment 2;Orientation;1;3;;;;;1;7
14;20;27;7;1.24182919997838;7;-67.0;182;Ceylan & Pascucci (2023);Experiment 2;Orientation;1;3;;;;;2;7
14;6;12;6;2.07461569999577;7;14.0;183;Ceylan & Pascucci (2023);Experiment 2;Orientation;1;3;;;;;3;7
14;24;28;4;1.14992389999679;7;-18.0;184;Ceylan & Pascucci (2023);Experiment 2;Orientation;1;3;;;;;4;7
14;152;158;6;1.50758940001833;7;52.0;185;Ceylan & Pascucci (2023);Experiment 2;Orientation;1;3;52.0;34.0;48.0;-19.0;5;7
14;27;33;6;1.73358910001116;7;-55.0;186;Ceylan & Pascucci (2023);Experiment 2;Orientation;1;3;-55.0;-3.0;-21.0;-7.0;6;7
14;6;4;-2;2.10804009999265;7;21.0;187;Ceylan & Pascucci (2023);Experiment 2;Orientation;1;3;21.0;-34.0;18.0;0.0;7;7
14;88;82;-6;2.00849700000254;7;-82.0;188;Ceylan & Pascucci (2023);Experiment 2;Orientation;1;3;-82.0;-61.0;64.0;-64.0;8;7
14;46;41;-5;0.700403400027426;7;42.0;189;Ceylan & Pascucci (2023);Experiment 2;Orientation;1;3;42.0;-40.0;-19.0;-74.0;9;7
14;112;104;-8;1.8582335000101;7;-66.0;190;Ceylan & Pascucci (2023);Experiment 2;Orientation;1;3;-66.0;-24.0;74.0;-85.0;10;7
14;61;59;-2;1.65836709999712;7;51.0;191;Ceylan & Pascucci (2023);Experiment 2;Orientation;1;3;51.0;-15.0;27.0;-55.0;11;7
14;116;122;6;1.83224180000252;7;-55.0;192;Ceylan & Pascucci (2023);Experiment 2;Orientation;1;3;-55.0;-4.0;-70.0;-28.0;12;7
14;46;41;-5;1.2826853999868;7;70.0;193;Ceylan & Pascucci (2023);Experiment 2;Orientation;1;3;70.0;15.0;66.0;0.0;13;7
14;162;160;-2;1.63355120000779;7;64.0;194;Ceylan & Pascucci (2023);Experiment 2;Orientation;1;3;64.0;-46.0;79.0;-50.0;14;7
14;14;36;22;2.72353309998289;7;-32.0;195;Ceylan & Pascucci (2023);Experiment 2;Orientation;1;3;-32.0;32.0;-78.0;47.0;15;7
14;135;131;-4;2.15710389998276;7;59.0;196;Ceylan & Pascucci (2023);Experiment 2;Orientation;1;3;59.0;27.0;-89.0;-19.0;16;7
14;7;18;11;1.26567999998224;7;-52.0;197;Ceylan & Pascucci (2023);Experiment 2;Orientation;1;3;-52.0;7.0;-25.0;39.0;17;7
14;27;34;7;2.765486600023;7;-20.0;198;Ceylan & Pascucci (2023);Experiment 2;Orientation;1;3;-20.0;-72.0;-13.0;-45.0;18;7
14;6;18;12;2.37405030001537;7;21.0;199;Ceylan & Pascucci (2023);Experiment 2;Orientation;1;3;21.0;1.0;-51.0;8.0;19;7
14;148;161;13;1.44718449999345;7;38.0;200;Ceylan & Pascucci (2023);Experiment 2;Orientation;1;3;38.0;59.0;39.0;-13.0;20;7
14;129;120;-9;1.37354780000169;7;19.0;201;Ceylan & Pascucci (2023);Experiment 2;Orientation;1;3;19.0;57.0;78.0;58.0;21;7
14;177;171;-6;0.841633100004401;7;-48.0;202;Ceylan & Pascucci (2023);Experiment 2;Orientation;1;3;-48.0;-29.0;9.0;30.0;22;7
14;113;117;4;1.87363390001701;7;64.0;203;Ceylan & Pascucci (2023);Experiment 2;Orientation;1;3;64.0;16.0;35.0;73.0;23;7
14;120;120;0;1.25196559997858;7;-7.0;204;Ceylan & Pascucci (2023);Experiment 2;Orientation;1;3;-7.0;57.0;9.0;28.0;24;7
14;174;162;-12;2.67388059999212;7;-54.0;205;Ceylan & Pascucci (2023);Experiment 2;Orientation;1;3;-54.0;-61.0;3.0;-45.0;25;7
14;96;102;6;2.18306800001301;7;78.0;206;Ceylan & Pascucci (2023);Experiment 2;Orientation;1;3;78.0;24.0;17.0;81.0;26;7
14;17;34;17;2.09059839998372;7;79.0;207;Ceylan & Pascucci (2023);Experiment 2;Orientation;1;3;79.0;-23.0;-77.0;-84.0;27;7
14;113;117;4;2.20843870000681;7;84.0;208;Ceylan & Pascucci (2023);Experiment 2;Orientation;1;3;84.0;-17.0;61.0;7.0;28;7
14;135;115;-20;3.89165950001916;7;-22.0;209;Ceylan & Pascucci (2023);Experiment 2;Orientation;1;3;-22.0;62.0;-39.0;39.0;29;7
14;137;123;-14;1.2083329000161;7;-2.0;210;Ceylan & Pascucci (2023);Experiment 2;Orientation;1;3;-2.0;-24.0;60.0;-41.0;30;7
14;121;114;-7;1.30034700001124;8;16.0;211;Ceylan & Pascucci (2023);Experiment 2;Orientation;1;3;;;;;1;8
14;168;166;-2;1.10829810000723;8;-47.0;212;Ceylan & Pascucci (2023);Experiment 2;Orientation;1;3;;;;;2;8
14;72;63;-9;0.916867700027069;8;-84.0;213;Ceylan & Pascucci (2023);Experiment 2;Orientation;1;3;;;;;3;8
14;54;56;2;0.591309399984311;8;18.0;214;Ceylan & Pascucci (2023);Experiment 2;Orientation;1;3;;;;;4;8
14;110;48;-62;1.77394499999355;8;-56.0;215;Ceylan & Pascucci (2023);Experiment 2;Orientation;1;3;-56.0;-38.0;58.0;11.0;5;8
14;62;57;-5;1.35859540000092;8;48.0;216;Ceylan & Pascucci (2023);Experiment 2;Orientation;1;3;48.0;-8.0;10.0;-74.0;6;8
14;91;81;-10;1.38300820000586;8;-29.0;217;Ceylan & Pascucci (2023);Experiment 2;Orientation;1;3;-29.0;19.0;-37.0;-19.0;7;8
14;156;150;-6;1.29143310000654;8;-65.0;218;Ceylan & Pascucci (2023);Experiment 2;Orientation;1;3;-65.0;86.0;-46.0;78.0;8;8
14;66;56;-10;1.45036099999561;8;90.0;219;Ceylan & Pascucci (2023);Experiment 2;Orientation;1;3;90.0;25.0;-4.0;44.0;9;8
14;12;19;7;0.99160869998741;8;54.0;220;Ceylan & Pascucci (2023);Experiment 2;Orientation;1;3;54.0;-36.0;79.0;50.0;10;8
14;129;128;-1;1.51696550002089;8;63.0;221;Ceylan & Pascucci (2023);Experiment 2;Orientation;1;3;63.0;-63.0;27.0;-38.0;11;8
14;176;162;-14;1.80018890000065;8;-47.0;222;Ceylan & Pascucci (2023);Experiment 2;Orientation;1;3;-47.0;16.0;70.0;-20.0;12;8
14;63;47;-16;2.5163545999967;8;-67.0;223;Ceylan & Pascucci (2023);Experiment 2;Orientation;1;3;-67.0;66.0;-51.0;3.0;13;8
14;175;171;-4;2.95809990001726;8;68.0;224;Ceylan & Pascucci (2023);Experiment 2;Orientation;1;3;68.0;1.0;-46.0;17.0;14;8
14;8;15;7;1.79024259999278;8;-13.0;225;Ceylan & Pascucci (2023);Experiment 2;Orientation;1;3;-13.0;55.0;-12.0;-59.0;15;8
14;72;73;1;1.76565220000339;8;-64.0;226;Ceylan & Pascucci (2023);Experiment 2;Orientation;1;3;-64.0;-77.0;-9.0;-76.0;16;8
14;15;12;-3;1.80828600001405;8;57.0;227;Ceylan & Pascucci (2023);Experiment 2;Orientation;1;3;57.0;-7.0;-20.0;48.0;17;8
14;123;119;-4;1.2743489999848;8;72.0;228;Ceylan & Pascucci (2023);Experiment 2;Orientation;1;3;72.0;-51.0;65.0;52.0;18;8
14;126;121;-5;1.92519320000429;8;-3.0;229;Ceylan & Pascucci (2023);Experiment 2;Orientation;1;3;-3.0;69.0;-54.0;62.0;19;8
14;26;39;13;1.3401637999923;8;-80.0;230;Ceylan & Pascucci (2023);Experiment 2;Orientation;1;3;-80.0;-83.0;-11.0;46.0;20;8
14;135;143;8;1.91622109999298;8;71.0;231;Ceylan & Pascucci (2023);Experiment 2;Orientation;1;3;71.0;-9.0;-12.0;60.0;21;8
14;28;27;-1;1.20825529997819;8;-73.0;232;Ceylan & Pascucci (2023);Experiment 2;Orientation;1;3;-73.0;-2.0;-82.0;-85.0;22;8
14;57;52;-5;3.11647519998951;8;-29.0;233;Ceylan & Pascucci (2023);Experiment 2;Orientation;1;3;-29.0;78.0;-31.0;69.0;23;8
14;65;62;-3;1.80708840000443;8;-8.0;234;Ceylan & Pascucci (2023);Experiment 2;Orientation;1;3;-8.0;-37.0;70.0;-39.0;24;8
14;145;143;-2;3.14997389999917;8;-80.0;235;Ceylan & Pascucci (2023);Experiment 2;Orientation;1;3;-80.0;-88.0;63.0;-10.0;25;8
14;176;178;2;0.724294599989662;8;-31.0;236;Ceylan & Pascucci (2023);Experiment 2;Orientation;1;3;-31.0;69.0;61.0;32.0;26;8
14;156;143;-13;1.24143980001099;8;20.0;237;Ceylan & Pascucci (2023);Experiment 2;Orientation;1;3;20.0;-11.0;89.0;81.0;27;8
14;93;82;-11;1.84920610001427;8;63.0;238;Ceylan & Pascucci (2023);Experiment 2;Orientation;1;3;63.0;83.0;52.0;-28.0;28;8
14;51;52;1;1.38322339998558;8;42.0;239;Ceylan & Pascucci (2023);Experiment 2;Orientation;1;3;42.0;-75.0;-55.0;-86.0;29;8
14;125;129;4;1.46602960000746;8;-74.0;240;Ceylan & Pascucci (2023);Experiment 2;Orientation;1;3;-74.0;-32.0;31.0;51.0;30;8
14;35;32;-3;1.50706259999424;9;90.0;241;Ceylan & Pascucci (2023);Experiment 2;Orientation;1;3;;;;;1;9
14;53;54;1;2.17407670000102;9;-18.0;242;Ceylan & Pascucci (2023);Experiment 2;Orientation;1;3;;;;;2;9
14;127;125;-2;1.18314069998451;9;-74.0;243;Ceylan & Pascucci (2023);Experiment 2;Orientation;1;3;;;;;3;9
14;101;99;-2;1.04994799999986;9;26.0;244;Ceylan & Pascucci (2023);Experiment 2;Orientation;1;3;;;;;4;9
14;79;76;-3;1.7250975999923;9;22.0;245;Ceylan & Pascucci (2023);Experiment 2;Orientation;1;3;22.0;48.0;-26.0;-44.0;5;9
14;18;31;13;1.6917500999989;9;61.0;246;Ceylan & Pascucci (2023);Experiment 2;Orientation;1;3;61.0;83.0;-71.0;35.0;6;9
14;47;31;-16;1.79200849999324;9;-29.0;247;Ceylan & Pascucci (2023);Experiment 2;Orientation;1;3;-29.0;32.0;54.0;80.0;7;9
14;26;33;7;1.70022209998569;9;21.0;248;Ceylan & Pascucci (2023);Experiment 2;Orientation;1;3;21.0;-8.0;53.0;75.0;8;9
14;51;56;5;1.6081864000007;9;-25.0;249;Ceylan & Pascucci (2023);Experiment 2;Orientation;1;3;-25.0;-4.0;-33.0;28.0;9;9
14;33;47;14;1.59169180001481;9;18.0;250;Ceylan & Pascucci (2023);Experiment 2;Orientation;1;3;18.0;-7.0;14.0;-15.0;10;9
14;147;151;4;1.41498750000028;9;66.0;251;Ceylan & Pascucci (2023);Experiment 2;Orientation;1;3;66.0;84.0;59.0;80.0;11;9
14;130;125;-5;1.24004070000956;9;17.0;252;Ceylan & Pascucci (2023);Experiment 2;Orientation;1;3;17.0;83.0;-79.0;76.0;12;9
14;135;126;-9;1.80029789998662;9;-5.0;253;Ceylan & Pascucci (2023);Experiment 2;Orientation;1;3;-5.0;12.0;78.0;-84.0;13;9
14;131;142;11;1.98267920000944;9;4.0;254;Ceylan & Pascucci (2023);Experiment 2;Orientation;1;3;4.0;-1.0;16.0;82.0;14;9
14;96;95;-1;2.52384869998787;9;35.0;255;Ceylan & Pascucci (2023);Experiment 2;Orientation;1;3;35.0;39.0;34.0;51.0;15;9
14;14;24;10;1.58319830000983;9;82.0;256;Ceylan & Pascucci (2023);Experiment 2;Orientation;1;3;82.0;-63.0;-59.0;-64.0;16;9
14;157;154;-3;1.96516580000753;9;37.0;257;Ceylan & Pascucci (2023);Experiment 2;Orientation;1;3;37.0;-61.0;-26.0;-22.0;17;9
14;90;93;3;2.01554100000067;9;67.0;258;Ceylan & Pascucci (2023);Experiment 2;Orientation;1;3;67.0;-76.0;6.0;41.0;18;9
14;7;9;2;1.12529310001992;9;83.0;259;Ceylan & Pascucci (2023);Experiment 2;Orientation;1;3;83.0;-30.0;7.0;89.0;19;9
14;80;70;-10;0.875339699996402;9;-73.0;260;Ceylan & Pascucci (2023);Experiment 2;Orientation;1;3;-73.0;10.0;77.0;-66.0;20;9
14;3;175;-8;2.35757630001171;9;77.0;261;Ceylan & Pascucci (2023);Experiment 2;Orientation;1;3;77.0;4.0;87.0;-26.0;21;9
14;64;58;-6;1.00763909998932;9;-61.0;262;Ceylan & Pascucci (2023);Experiment 2;Orientation;1;3;-61.0;16.0;-57.0;26.0;22;9
14;180;0;0;1.76560489999247;9;64.0;263;Ceylan & Pascucci (2023);Experiment 2;Orientation;1;3;64.0;3.0;80.0;7.0;23;9
14;142;149;7;1.20823190000374;9;38.0;264;Ceylan & Pascucci (2023);Experiment 2;Orientation;1;3;38.0;-78.0;41.0;-62.0;24;9
14;61;66;5;1.02368470001966;9;81.0;265;Ceylan & Pascucci (2023);Experiment 2;Orientation;1;3;81.0;-61.0;3.0;-58.0;25;9
14;78;68;-10;1.10822750002262;9;-17.0;266;Ceylan & Pascucci (2023);Experiment 2;Orientation;1;3;-17.0;64.0;-78.0;-14.0;26;9
14;153;144;-9;1.57536580000306;9;-75.0;267;Ceylan & Pascucci (2023);Experiment 2;Orientation;1;3;-75.0;88.0;-11.0;27.0;27;9
14;80;66;-14;1.7242574999982;9;73.0;268;Ceylan & Pascucci (2023);Experiment 2;Orientation;1;3;73.0;-2.0;-19.0;62.0;28;9
14;163;165;2;1.08278699999209;9;-83.0;269;Ceylan & Pascucci (2023);Experiment 2;Orientation;1;3;-83.0;-10.0;-85.0;78.0;29;9
14;129;131;2;1.65817529999185;9;34.0;270;Ceylan & Pascucci (2023);Experiment 2;Orientation;1;3;34.0;-49.0;24.0;-51.0;30;9
14;113;122;9;1.30041440000059;10;16.0;271;Ceylan & Pascucci (2023);Experiment 2;Orientation;1;3;;;;;1;10
14;172;163;-9;1.23372639997979;10;-59.0;272;Ceylan & Pascucci (2023);Experiment 2;Orientation;1;3;;;;;2;10
14;79;78;-1;1.31561240000883;10;-87.0;273;Ceylan & Pascucci (2023);Experiment 2;Orientation;1;3;;;;;3;10
14;134;125;-9;1.20827130001271;10;-55.0;274;Ceylan & Pascucci (2023);Experiment 2;Orientation;1;3;;;;;4;10
14;117;118;1;1.48300510001718;10;17.0;275;Ceylan & Pascucci (2023);Experiment 2;Orientation;1;3;17.0;-38.0;55.0;-4.0;5;10
14;161;156;-5;1.71653309999965;10;-44.0;276;Ceylan & Pascucci (2023);Experiment 2;Orientation;1;3;-44.0;-27.0;-82.0;11.0;6;10
14;78;75;-3;0.991619300009916;10;83.0;277;Ceylan & Pascucci (2023);Experiment 2;Orientation;1;3;83.0;39.0;56.0;1.0;7;10
14;30;35;5;0.600276300014229;10;48.0;278;Ceylan & Pascucci (2023);Experiment 2;Orientation;1;3;48.0;-49.0;87.0;-76.0;8;10
14;90;101;11;2.04871489998186;10;-60.0;279;Ceylan & Pascucci (2023);Experiment 2;Orientation;1;3;-60.0;-12.0;71.0;27.0;9;10
14;156;156;0;0.98322389999521;10;-66.0;280;Ceylan & Pascucci (2023);Experiment 2;Orientation;1;3;-66.0;54.0;-78.0;5.0;10;10
14;57;44;-13;0.73361080000177;10;-81.0;281;Ceylan & Pascucci (2023);Experiment 2;Orientation;1;3;-81.0;33.0;-27.0;21.0;11;10
14;79;70;-9;1.24975059999269;10;-22.0;282;Ceylan & Pascucci (2023);Experiment 2;Orientation;1;3;-22.0;77.0;11.0;-49.0;12;10
14;19;26;7;1.66691659999196;10;60.0;283;Ceylan & Pascucci (2023);Experiment 2;Orientation;1;3;60.0;38.0;-43.0;71.0;13;10
14;1;0;-1;2.3581087999919;10;18.0;284;Ceylan & Pascucci (2023);Experiment 2;Orientation;1;3;18.0;78.0;56.0;-25.0;14;10
14;4;175;-9;1.53227190001053;10;-3.0;285;Ceylan & Pascucci (2023);Experiment 2;Orientation;1;3;-3.0;15.0;75.0;53.0;15;10
14;35;35;0;0.749808499997016;10;-31.0;286;Ceylan & Pascucci (2023);Experiment 2;Orientation;1;3;-31.0;-34.0;-16.0;44.0;16;10
14;53;45;-8;1.28243719998864;10;-18.0;287;Ceylan & Pascucci (2023);Experiment 2;Orientation;1;3;-18.0;-49.0;-52.0;-34.0;17;10
14;18;12;-6;1.50718899999629;10;35.0;288;Ceylan & Pascucci (2023);Experiment 2;Orientation;1;3;35.0;17.0;-14.0;-17.0;18;10
14;48;41;-7;1.20028009999078;10;-30.0;289;Ceylan & Pascucci (2023);Experiment 2;Orientation;1;3;-30.0;5.0;-13.0;-44.0;19;10
14;40;46;6;0.874711399985244;10;8.0;290;Ceylan & Pascucci (2023);Experiment 2;Orientation;1;3;8.0;-22.0;13.0;-5.0;20;10
14;73;61;-12;1.93271320001804;10;-33.0;291;Ceylan & Pascucci (2023);Experiment 2;Orientation;1;3;-33.0;-25.0;-55.0;-20.0;21;10
14;43;35;-8;1.28201490000356;10;30.0;292;Ceylan & Pascucci (2023);Experiment 2;Orientation;1;3;30.0;-3.0;5.0;-25.0;22;10
14;133;141;8;1.11702900001546;10;-90.0;293;Ceylan & Pascucci (2023);Experiment 2;Orientation;1;3;90.0;-60.0;87.0;-85.0;23;10
14;83;77;-6;1.50700350000989;10;50.0;294;Ceylan & Pascucci (2023);Experiment 2;Orientation;1;3;50.0;-40.0;-10.0;-43.0;24;10
14;158;149;-9;1.88987709998037;10;-75.0;295;Ceylan & Pascucci (2023);Experiment 2;Orientation;1;3;-75.0;-25.0;65.0;-85.0;25;10
14;55;55;0;1.22531519999029;10;-77.0;296;Ceylan & Pascucci (2023);Experiment 2;Orientation;1;3;-77.0;28.0;78.0;-12.0;26;10
14;65;63;-2;1.37402099999599;10;-10.0;297;Ceylan & Pascucci (2023);Experiment 2;Orientation;1;3;-10.0;-87.0;18.0;68.0;27;10
14;152;148;-4;1.27434400000493;10;-87.0;298;Ceylan & Pascucci (2023);Experiment 2;Orientation;1;3;-87.0;83.0;6.0;-69.0;28;10
14;141;144;3;0.991863300005207;10;11.0;299;Ceylan & Pascucci (2023);Experiment 2;Orientation;1;3;11.0;-76.0;-86.0;17.0;29;10
14;95;98;3;1.1252827999997;10;46.0;300;Ceylan & Pascucci (2023);Experiment 2;Orientation;1;3;46.0;57.0;-30.0;-40.0;30;10
15;123;123;0;1.3247062000446;1;;1;Ceylan & Pascucci (2023);Experiment 2;Orientation;1;3;;;;;1;1
15;169;154;-15;2.15787590004038;1;-46.0;2;Ceylan & Pascucci (2023);Experiment 2;Orientation;1;3;;;;;2;1
15;60;56;-4;3.76026200002525;1;-71.0;3;Ceylan & Pascucci (2023);Experiment 2;Orientation;1;3;;;;;3;1
15;112;116;4;1.19114659994375;1;-52.0;4;Ceylan & Pascucci (2023);Experiment 2;Orientation;1;3;;;;;4;1
15;146;139;-7;2.29130829998758;1;-34.0;5;Ceylan & Pascucci (2023);Experiment 2;Orientation;1;3;-34.0;-86.0;23.0;-23.0;5;1
15;146;152;6;2.57612350001;1;0.0;6;Ceylan & Pascucci (2023);Experiment 2;Orientation;1;3;0.0;-34.0;-86.0;23.0;6;1
15;52;65;13;3.66609840001911;1;-86.0;7;Ceylan & Pascucci (2023);Experiment 2;Orientation;1;3;-86.0;-86.0;60.0;8.0;7;1
15;118;119;1;1.08347219997086;1;-66.0;8;Ceylan & Pascucci (2023);Experiment 2;Orientation;1;3;-66.0;28.0;28.0;-6.0;8;1
15;145;140;-5;1.99135240004398;1;-27.0;9;Ceylan & Pascucci (2023);Experiment 2;Orientation;1;3;-27.0;87.0;1.0;1.0;9;1
15;127;121;-6;2.14127180003561;1;18.0;10;Ceylan & Pascucci (2023);Experiment 2;Orientation;1;3;18.0;-9.0;-75.0;19.0;10;1
15;59;67;8;2.07509539998136;1;68.0;11;Ceylan & Pascucci (2023);Experiment 2;Orientation;1;3;68.0;86.0;59.0;-7.0;11;1
15;34;44;10;1.57498079992365;1;25.0;12;Ceylan & Pascucci (2023);Experiment 2;Orientation;1;3;25.0;-87.0;-69.0;84.0;12;1
15;91;89;-2;1.4003750999691;1;-57.0;13;Ceylan & Pascucci (2023);Experiment 2;Orientation;1;3;-57.0;-32.0;36.0;54.0;13;1
15;84;78;-6;3.12404209992383;1;7.0;14;Ceylan & Pascucci (2023);Experiment 2;Orientation;1;3;7.0;-50.0;-25.0;43.0;14;1
15;151;158;7;1.78109810000751;1;-67.0;15;Ceylan & Pascucci (2023);Experiment 2;Orientation;1;3;-67.0;-60.0;63.0;88.0;15;1
15;155;145;-10;1.64820080006029;1;-4.0;16;Ceylan & Pascucci (2023);Experiment 2;Orientation;1;3;-4.0;-71.0;-64.0;59.0;16;1
15;157;154;-3;1.23363419994712;1;-2.0;17;Ceylan & Pascucci (2023);Experiment 2;Orientation;1;3;-2.0;-6.0;-73.0;-66.0;17;1
15;180;171;-9;2.14175489998888;1;-23.0;18;Ceylan & Pascucci (2023);Experiment 2;Orientation;1;3;-23.0;-25.0;-29.0;84.0;18;1
15;125;135;10;1.43310309993103;1;55.0;19;Ceylan & Pascucci (2023);Experiment 2;Orientation;1;3;55.0;32.0;30.0;26.0;19;1
15;83;87;4;0.991609200020321;1;42.0;20;Ceylan & Pascucci (2023);Experiment 2;Orientation;1;3;42.0;-83.0;74.0;72.0;20;1
15;146;127;-19;1.72518510010559;1;-63.0;21;Ceylan & Pascucci (2023);Experiment 2;Orientation;1;3;-63.0;-21.0;34.0;11.0;21;1
15;100;108;8;1.79986379994079;1;46.0;22;Ceylan & Pascucci (2023);Experiment 2;Orientation;1;3;46.0;-17.0;25.0;80.0;22;1
15;158;153;-5;1.69182519998867;1;-58.0;23;Ceylan & Pascucci (2023);Experiment 2;Orientation;1;3;-58.0;-12.0;-75.0;-33.0;23;1
15;35;40;5;1.89887529995758;1;-57.0;24;Ceylan & Pascucci (2023);Experiment 2;Orientation;1;3;-57.0;65.0;-69.0;48.0;24;1
15;66;57;-9;2.00832219992299;1;-31.0;25;Ceylan & Pascucci (2023);Experiment 2;Orientation;1;3;-31.0;-88.0;34.0;80.0;25;1
15;20;38;18;2.30806449998636;1;46.0;26;Ceylan & Pascucci (2023);Experiment 2;Orientation;1;3;46.0;15.0;-42.0;80.0;26;1
15;68;66;-2;1.87601030000951;1;-48.0;27;Ceylan & Pascucci (2023);Experiment 2;Orientation;1;3;-48.0;-2.0;-33.0;90.0;27;1
15;29;36;7;2.44184499990661;1;39.0;28;Ceylan & Pascucci (2023);Experiment 2;Orientation;1;3;39.0;-9.0;37.0;6.0;28;1
15;16;22;6;1.66603239998221;1;13.0;29;Ceylan & Pascucci (2023);Experiment 2;Orientation;1;3;13.0;52.0;4.0;50.0;29;1
15;86;85;-1;0.975230899988674;1;-70.0;30;Ceylan & Pascucci (2023);Experiment 2;Orientation;1;3;-70.0;-57.0;-18.0;-66.0;30;1
15;127;128;1;1.74063480005134;2;-41.0;31;Ceylan & Pascucci (2023);Experiment 2;Orientation;1;3;;;;;1;2
15;28;43;15;2.51586829998996;2;-81.0;32;Ceylan & Pascucci (2023);Experiment 2;Orientation;1;3;;;;;2;2
15;173;175;2;1.52526899997611;2;35.0;33;Ceylan & Pascucci (2023);Experiment 2;Orientation;1;3;;;;;3;2
15;117;121;4;1.79966490005609;2;56.0;34;Ceylan & Pascucci (2023);Experiment 2;Orientation;1;3;;;;;4;2
15;148;140;-8;1.56686689995695;2;-31.0;35;Ceylan & Pascucci (2023);Experiment 2;Orientation;1;3;-31.0;25.0;60.0;-21.0;5;2
15;97;102;5;3.39142070000526;2;51.0;36;Ceylan & Pascucci (2023);Experiment 2;Orientation;1;3;51.0;20.0;76.0;-69.0;6;2
15;97;102;5;1.60733300005086;2;0.0;37;Ceylan & Pascucci (2023);Experiment 2;Orientation;1;3;0.0;51.0;20.0;76.0;7;2
15;74;83;9;3.48995790001936;2;23.0;38;Ceylan & Pascucci (2023);Experiment 2;Orientation;1;3;23.0;23.0;74.0;43.0;8;2
15;69;69;0;2.09946289996151;2;5.0;39;Ceylan & Pascucci (2023);Experiment 2;Orientation;1;3;5.0;28.0;28.0;79.0;9;2
15;41;44;3;3.59944230003748;2;28.0;40;Ceylan & Pascucci (2023);Experiment 2;Orientation;1;3;28.0;33.0;56.0;56.0;10;2
15;123;120;-3;1.47337889997289;2;-82.0;41;Ceylan & Pascucci (2023);Experiment 2;Orientation;1;3;-82.0;-54.0;-49.0;-26.0;11;2
15;169;164;-5;1.76767480000854;2;-46.0;42;Ceylan & Pascucci (2023);Experiment 2;Orientation;1;3;-46.0;52.0;80.0;85.0;12;2
15;153;142;-11;1.90012200002093;2;16.0;43;Ceylan & Pascucci (2023);Experiment 2;Orientation;1;3;16.0;-30.0;68.0;-84.0;13;2
15;40;48;8;2.62303470005281;2;-67.0;44;Ceylan & Pascucci (2023);Experiment 2;Orientation;1;3;-67.0;-51.0;83.0;1.0;14;2
15;105;109;4;1.9587250999175;2;-65.0;45;Ceylan & Pascucci (2023);Experiment 2;Orientation;1;3;-65.0;48.0;64.0;18.0;15;2
15;107;114;7;1.91640920005739;2;-2.0;46;Ceylan & Pascucci (2023);Experiment 2;Orientation;1;3;-2.0;-67.0;46.0;62.0;16;2
15;108;107;-1;2.32468179997522;2;-1.0;47;Ceylan & Pascucci (2023);Experiment 2;Orientation;1;3;-1.0;-3.0;-68.0;45.0;17;2
15;91;147;56;8.38141719996929;2;17.0;48;Ceylan & Pascucci (2023);Experiment 2;Orientation;1;3;17.0;16.0;14.0;-51.0;18;2
15;68;70;2;2.04976059996989;2;23.0;49;Ceylan & Pascucci (2023);Experiment 2;Orientation;1;3;23.0;40.0;39.0;37.0;19;2
15;76;71;-5;4.09169500006828;2;-8.0;50;Ceylan & Pascucci (2023);Experiment 2;Orientation;1;3;-8.0;15.0;32.0;31.0;20;2
15;159;154;-5;1.84979330003262;2;-83.0;51;Ceylan & Pascucci (2023);Experiment 2;Orientation;1;3;-83.0;89.0;-68.0;-51.0;21;2
15;59;57;-2;2.49101280001923;2;-80.0;52;Ceylan & Pascucci (2023);Experiment 2;Orientation;1;3;-80.0;17.0;9.0;32.0;22;2
15;151;144;-7;1.6568870000774;2;88.0;53;Ceylan & Pascucci (2023);Experiment 2;Orientation;1;3;88.0;8.0;-75.0;-83.0;23;2
15;148;145;-3;2.01678220008034;2;3.0;54;Ceylan & Pascucci (2023);Experiment 2;Orientation;1;3;3.0;-89.0;11.0;-72.0;24;2
15;165;164;-1;1.6585986999562;2;-17.0;55;Ceylan & Pascucci (2023);Experiment 2;Orientation;1;3;-17.0;-14.0;74.0;-6.0;25;2
15;105;106;1;1.95705680001993;2;60.0;56;Ceylan & Pascucci (2023);Experiment 2;Orientation;1;3;60.0;43.0;46.0;-46.0;26;2
15;112;109;-3;0.641566199949011;2;-7.0;57;Ceylan & Pascucci (2023);Experiment 2;Orientation;1;3;-7.0;53.0;36.0;39.0;27;2
15;29;33;4;2.40707159996964;2;83.0;58;Ceylan & Pascucci (2023);Experiment 2;Orientation;1;3;83.0;76.0;-44.0;-61.0;28;2
15;156;153;-3;1.39982689998578;2;53.0;59;Ceylan & Pascucci (2023);Experiment 2;Orientation;1;3;53.0;-44.0;-51.0;9.0;29;2
15;102;116;14;1.32562190003227;2;54.0;60;Ceylan & Pascucci (2023);Experiment 2;Orientation;1;3;54.0;-73.0;10.0;3.0;30;2
15;20;26;6;1.40031339996494;3;82.0;61;Ceylan & Pascucci (2023);Experiment 2;Orientation;1;3;;;;;1;3
15;109;115;6;1.90825700003188;3;-89.0;62;Ceylan & Pascucci (2023);Experiment 2;Orientation;1;3;;;;;2;3
15;3;13;10;1.23363499995321;3;-74.0;63;Ceylan & Pascucci (2023);Experiment 2;Orientation;1;3;;;;;3;3
15;152;157;5;0.992088799946941;3;31.0;64;Ceylan & Pascucci (2023);Experiment 2;Orientation;1;3;;;;;4;3
15;9;16;7;2.05655509990174;3;-37.0;65;Ceylan & Pascucci (2023);Experiment 2;Orientation;1;3;-37.0;-6.0;-80.0;11.0;5;3
15;120;119;-1;1.92481200001203;3;69.0;66;Ceylan & Pascucci (2023);Experiment 2;Orientation;1;3;69.0;32.0;63.0;-11.0;6;3
15;31;35;4;1.94193410000298;3;89.0;67;Ceylan & Pascucci (2023);Experiment 2;Orientation;1;3;89.0;-22.0;-59.0;-28.0;7;3
15;27;39;12;1.93311610003002;3;4.0;68;Ceylan & Pascucci (2023);Experiment 2;Orientation;1;3;4.0;-87.0;-18.0;-55.0;8;3
15;62;70;8;1.7560365999816;3;-35.0;69;Ceylan & Pascucci (2023);Experiment 2;Orientation;1;3;-35.0;-31.0;58.0;-53.0;9;3
15;179;0;1;2.36644230003003;3;63.0;70;Ceylan & Pascucci (2023);Experiment 2;Orientation;1;3;63.0;28.0;32.0;-59.0;10;3
15;95;97;2;1.68441180000082;3;84.0;71;Ceylan & Pascucci (2023);Experiment 2;Orientation;1;3;84.0;-33.0;-68.0;-64.0;11;3
15;57;37;-20;3.30829580000136;3;38.0;72;Ceylan & Pascucci (2023);Experiment 2;Orientation;1;3;38.0;-58.0;5.0;-30.0;12;3
15;50;60;10;1.49038460000884;3;7.0;73;Ceylan & Pascucci (2023);Experiment 2;Orientation;1;3;7.0;45.0;-51.0;12.0;13;3
15;5;2;-3;2.29977849998977;3;45.0;74;Ceylan & Pascucci (2023);Experiment 2;Orientation;1;3;45.0;52.0;90.0;-6.0;14;3
15;130;128;-2;2.54926749994047;3;55.0;75;Ceylan & Pascucci (2023);Experiment 2;Orientation;1;3;55.0;-80.0;-73.0;-35.0;15;3
15;77;66;-11;1.84017150010914;3;53.0;76;Ceylan & Pascucci (2023);Experiment 2;Orientation;1;3;53.0;-72.0;-27.0;-20.0;16;3
15;118;125;7;1.49162599991541;3;-41.0;77;Ceylan & Pascucci (2023);Experiment 2;Orientation;1;3;-41.0;12.0;67.0;-68.0;17;3
15;102;111;9;2.57309920003172;3;16.0;78;Ceylan & Pascucci (2023);Experiment 2;Orientation;1;3;16.0;-25.0;28.0;83.0;18;3
15;115;123;8;1.54181590001099;3;-13.0;79;Ceylan & Pascucci (2023);Experiment 2;Orientation;1;3;-13.0;3.0;-38.0;15.0;19;3
15;7;10;3;1.31564809998963;3;-72.0;80;Ceylan & Pascucci (2023);Experiment 2;Orientation;1;3;-72.0;-85.0;-69.0;70.0;20;3
15;117;114;-3;1.24150920007378;3;70.0;81;Ceylan & Pascucci (2023);Experiment 2;Orientation;1;3;70.0;-2.0;-15.0;1.0;21;3
15;31;35;4;1.83254190010484;3;86.0;82;Ceylan & Pascucci (2023);Experiment 2;Orientation;1;3;86.0;-24.0;84.0;71.0;22;3
15;108;112;4;2.00857429997995;3;-77.0;83;Ceylan & Pascucci (2023);Experiment 2;Orientation;1;3;-77.0;9.0;79.0;7.0;23;3
15;1;1;0;1.56048099999316;3;-73.0;84;Ceylan & Pascucci (2023);Experiment 2;Orientation;1;3;-73.0;30.0;-64.0;6.0;24;3
15;180;8;8;1.10868539998773;3;1.0;85;Ceylan & Pascucci (2023);Experiment 2;Orientation;1;3;1.0;-72.0;31.0;-63.0;25;3
15;106;114;8;1.39351369999349;3;74.0;86;Ceylan & Pascucci (2023);Experiment 2;Orientation;1;3;74.0;75.0;2.0;-75.0;26;3
15;154;150;-4;2.55810110003222;3;-48.0;87;Ceylan & Pascucci (2023);Experiment 2;Orientation;1;3;-48.0;26.0;27.0;-46.0;27;3
15;144;140;-4;2.3309115000302;3;10.0;88;Ceylan & Pascucci (2023);Experiment 2;Orientation;1;3;10.0;-38.0;36.0;37.0;28;3
15;11;7;-4;4.59165089996532;3;-47.0;89;Ceylan & Pascucci (2023);Experiment 2;Orientation;1;3;-47.0;-37.0;-85.0;-11.0;29;3
15;93;91;-2;2.30689510004595;3;-82.0;90;Ceylan & Pascucci (2023);Experiment 2;Orientation;1;3;-82.0;51.0;61.0;13.0;30;3
15;17;24;7;3.20783999993;4;76.0;91;Ceylan & Pascucci (2023);Experiment 2;Orientation;1;3;;;;;1;4
15;96;94;-2;1.5909273000434;4;-79.0;92;Ceylan & Pascucci (2023);Experiment 2;Orientation;1;3;;;;;2;4
15;8;13;5;1.94931299996097;4;88.0;93;Ceylan & Pascucci (2023);Experiment 2;Orientation;1;3;;;;;3;4
15;172;175;3;1.60817269992549;4;16.0;94;Ceylan & Pascucci (2023);Experiment 2;Orientation;1;3;;;;;4;4
15;44;44;0;1.84970380004961;4;-52.0;95;Ceylan & Pascucci (2023);Experiment 2;Orientation;1;3;-52.0;-36.0;52.0;-27.0;5;4
15;51;47;-4;1.49077780009247;4;-7.0;96;Ceylan & Pascucci (2023);Experiment 2;Orientation;1;3;-7.0;-59.0;-43.0;45.0;6;4
15;11;8;-3;2.4156445999397;4;40.0;97;Ceylan & Pascucci (2023);Experiment 2;Orientation;1;3;40.0;33.0;-19.0;-3.0;7;4
15;72;69;-3;2.53214380005375;4;-61.0;98;Ceylan & Pascucci (2023);Experiment 2;Orientation;1;3;-61.0;-21.0;-28.0;-80.0;8;4
15;23;26;3;3.49140289996285;4;49.0;99;Ceylan & Pascucci (2023);Experiment 2;Orientation;1;3;49.0;-12.0;28.0;21.0;9;4
15;48;33;-15;2.19929929997306;4;-25.0;100;Ceylan & Pascucci (2023);Experiment 2;Orientation;1;3;-25.0;24.0;-37.0;3.0;10;4
15;58;58;0;1.94853789999615;4;-10.0;101;Ceylan & Pascucci (2023);Experiment 2;Orientation;1;3;-10.0;-35.0;14.0;-47.0;11;4
15;45;41;-4;1.95765909994952;4;13.0;102;Ceylan & Pascucci (2023);Experiment 2;Orientation;1;3;13.0;3.0;-22.0;27.0;12;4
15;101;111;10;1.39134620002005;4;-56.0;103;Ceylan & Pascucci (2023);Experiment 2;Orientation;1;3;-56.0;-43.0;-53.0;-78.0;13;4
15;66;62;-4;2.71681080001872;4;35.0;104;Ceylan & Pascucci (2023);Experiment 2;Orientation;1;3;35.0;-21.0;-8.0;-18.0;14;4
15;151;155;4;1.89114469999913;4;-85.0;105;Ceylan & Pascucci (2023);Experiment 2;Orientation;1;3;-85.0;-50.0;74.0;87.0;15;4
15;173;173;0;1.60027350008022;4;-22.0;106;Ceylan & Pascucci (2023);Experiment 2;Orientation;1;3;-22.0;73.0;-72.0;52.0;16;4
15;66;58;-8;2.19049700000323;4;-73.0;107;Ceylan & Pascucci (2023);Experiment 2;Orientation;1;3;-73.0;85.0;0.0;35.0;17;4
15;180;6;6;1.63277950009797;4;66.0;108;Ceylan & Pascucci (2023);Experiment 2;Orientation;1;3;66.0;-7.0;-29.0;66.0;18;4
15;133;134;1;1.37478339998052;4;47.0;109;Ceylan & Pascucci (2023);Experiment 2;Orientation;1;3;47.0;-67.0;40.0;18.0;19;4
15;106;124;18;1.95565050002187;4;27.0;110;Ceylan & Pascucci (2023);Experiment 2;Orientation;1;3;27.0;74.0;-40.0;67.0;20;4
15;78;73;-5;1.21757300000172;4;28.0;111;Ceylan & Pascucci (2023);Experiment 2;Orientation;1;3;28.0;55.0;-78.0;-12.0;21;4
15;55;52;-3;2.42425589996856;4;23.0;112;Ceylan & Pascucci (2023);Experiment 2;Orientation;1;3;23.0;51.0;78.0;-55.0;22;4
15;49;34;-15;2.26626000006218;4;6.0;113;Ceylan & Pascucci (2023);Experiment 2;Orientation;1;3;6.0;29.0;57.0;84.0;23;4
15;117;110;-7;2.04116480005905;4;-68.0;114;Ceylan & Pascucci (2023);Experiment 2;Orientation;1;3;-68.0;-62.0;-39.0;-11.0;24;4
15;23;22;-1;1.68289860000368;4;-86.0;115;Ceylan & Pascucci (2023);Experiment 2;Orientation;1;3;-86.0;26.0;32.0;55.0;25;4
15;94;93;-1;2.01607799995691;4;-71.0;116;Ceylan & Pascucci (2023);Experiment 2;Orientation;1;3;-71.0;23.0;-45.0;-39.0;26;4
15;55;69;14;2.24923870002385;4;39.0;117;Ceylan & Pascucci (2023);Experiment 2;Orientation;1;3;39.0;-32.0;62.0;-6.0;27;4
15;53;53;0;1.74100399995223;4;2.0;118;Ceylan & Pascucci (2023);Experiment 2;Orientation;1;3;2.0;41.0;-30.0;64.0;28;4
15;98;98;0;2.34100639994722;4;-45.0;119;Ceylan & Pascucci (2023);Experiment 2;Orientation;1;3;-45.0;-43.0;-4.0;-75.0;29;4
15;159;143;-16;1.38287040009163;4;-61.0;120;Ceylan & Pascucci (2023);Experiment 2;Orientation;1;3;-61.0;74.0;76.0;-65.0;30;4
15;8;20;12;1.47475020005368;5;-29.0;121;Ceylan & Pascucci (2023);Experiment 2;Orientation;1;3;;;;;1;5
15;101;100;-1;2.06637159991078;5;87.0;122;Ceylan & Pascucci (2023);Experiment 2;Orientation;1;3;;;;;2;5
15;56;64;8;1.35095889994409;5;45.0;123;Ceylan & Pascucci (2023);Experiment 2;Orientation;1;3;;;;;3;5
15;45;60;15;1.26700940006413;5;11.0;124;Ceylan & Pascucci (2023);Experiment 2;Orientation;1;3;;;;;4;5
15;35;23;-12;2.10846249992028;5;10.0;125;Ceylan & Pascucci (2023);Experiment 2;Orientation;1;3;10.0;21.0;66.0;-27.0;5;5
15;170;171;1;1.77387409994844;5;45.0;126;Ceylan & Pascucci (2023);Experiment 2;Orientation;1;3;45.0;55.0;66.0;-69.0;6;5
15;55;57;2;1.41580379998777;5;-65.0;127;Ceylan & Pascucci (2023);Experiment 2;Orientation;1;3;-65.0;-20.0;-10.0;1.0;7;5
15;63;64;1;1.64241570001468;5;-8.0;128;Ceylan & Pascucci (2023);Experiment 2;Orientation;1;3;-8.0;-73.0;-28.0;-18.0;8;5
15;160;164;4;1.90011019993108;5;83.0;129;Ceylan & Pascucci (2023);Experiment 2;Orientation;1;3;83.0;75.0;10.0;55.0;9;5
15;106;114;8;2.24181489995681;5;54.0;130;Ceylan & Pascucci (2023);Experiment 2;Orientation;1;3;54.0;-43.0;-51.0;64.0;10;5
15;102;100;-2;2.14979930000845;5;4.0;131;Ceylan & Pascucci (2023);Experiment 2;Orientation;1;3;4.0;58.0;-39.0;-47.0;11;5
15;86;92;6;1.79184359998908;5;16.0;132;Ceylan & Pascucci (2023);Experiment 2;Orientation;1;3;16.0;20.0;74.0;-23.0;12;5
15;118;132;14;1.71643600007519;5;-32.0;133;Ceylan & Pascucci (2023);Experiment 2;Orientation;1;3;-32.0;-16.0;-12.0;42.0;13;5
15;37;36;-1;1.6578589999117;5;81.0;134;Ceylan & Pascucci (2023);Experiment 2;Orientation;1;3;81.0;49.0;65.0;69.0;14;5
15;170;174;4;1.69926719996147;5;47.0;135;Ceylan & Pascucci (2023);Experiment 2;Orientation;1;3;47.0;-52.0;-84.0;-68.0;15;5
15;4;5;1;1.42463300004601;5;-14.0;136;Ceylan & Pascucci (2023);Experiment 2;Orientation;1;3;-14.0;33.0;-66.0;82.0;16;5
15;96;91;-5;1.6830150000751;5;88.0;137;Ceylan & Pascucci (2023);Experiment 2;Orientation;1;3;88.0;74.0;-59.0;22.0;17;5
15;14;10;-4;2.10779869998805;5;82.0;138;Ceylan & Pascucci (2023);Experiment 2;Orientation;1;3;82.0;-10.0;-24.0;23.0;18;5
15;127;131;4;2.43331149988808;5;67.0;139;Ceylan & Pascucci (2023);Experiment 2;Orientation;1;3;67.0;-31.0;57.0;43.0;19;5
15;110;120;10;1.95010040001944;5;17.0;140;Ceylan & Pascucci (2023);Experiment 2;Orientation;1;3;17.0;84.0;-14.0;74.0;20;5
15;91;92;1;4.61642720003147;5;19.0;141;Ceylan & Pascucci (2023);Experiment 2;Orientation;1;3;19.0;36.0;-77.0;5.0;21;5
15;81;77;-4;1.89032510004472;5;10.0;142;Ceylan & Pascucci (2023);Experiment 2;Orientation;1;3;10.0;29.0;46.0;-67.0;22;5
15;48;68;20;2.34808120003436;5;33.0;143;Ceylan & Pascucci (2023);Experiment 2;Orientation;1;3;33.0;43.0;62.0;79.0;23;5
15;107;118;11;1.27495460002683;5;-59.0;144;Ceylan & Pascucci (2023);Experiment 2;Orientation;1;3;-59.0;-26.0;-16.0;3.0;24;5
15;153;151;-2;1.3818679000251;5;-46.0;145;Ceylan & Pascucci (2023);Experiment 2;Orientation;1;3;-46.0;75.0;-72.0;-62.0;25;5
15;172;166;-6;4.73315519990865;5;-19.0;146;Ceylan & Pascucci (2023);Experiment 2;Orientation;1;3;-19.0;-65.0;56.0;89.0;26;5
15;145;159;14;2.23415709997062;5;27.0;147;Ceylan & Pascucci (2023);Experiment 2;Orientation;1;3;27.0;8.0;-38.0;83.0;27;5
15;120;121;1;2.2998105000006;5;25.0;148;Ceylan & Pascucci (2023);Experiment 2;Orientation;1;3;25.0;52.0;33.0;-13.0;28;5
15;129;131;2;1.5418679000577;5;-9.0;149;Ceylan & Pascucci (2023);Experiment 2;Orientation;1;3;-9.0;16.0;43.0;24.0;29;5
15;16;21;5;2.35655000002589;5;-67.0;150;Ceylan & Pascucci (2023);Experiment 2;Orientation;1;3;-67.0;-76.0;-51.0;-24.0;30;5
15;48;57;9;2.84111529996153;6;-32.0;151;Ceylan & Pascucci (2023);Experiment 2;Orientation;1;3;;;;;1;6
15;9;15;6;3.11590440000873;6;39.0;152;Ceylan & Pascucci (2023);Experiment 2;Orientation;1;3;;;;;2;6
15;54;56;2;1.32454780000262;6;-45.0;153;Ceylan & Pascucci (2023);Experiment 2;Orientation;1;3;;;;;3;6
15;117;121;4;1.29140330001246;6;-63.0;154;Ceylan & Pascucci (2023);Experiment 2;Orientation;1;3;;;;;4;6
15;119;130;11;1.88270670000929;6;-2.0;155;Ceylan & Pascucci (2023);Experiment 2;Orientation;1;3;-2.0;-65.0;70.0;-71.0;5;6
15;101;103;2;2.09965559991542;6;18.0;156;Ceylan & Pascucci (2023);Experiment 2;Orientation;1;3;18.0;16.0;-47.0;88.0;6;6
15;157;154;-3;1.8743664000649;6;-56.0;157;Ceylan & Pascucci (2023);Experiment 2;Orientation;1;3;-56.0;-38.0;-40.0;77.0;7;6
15;13;21;8;1.88260360003915;6;-36.0;158;Ceylan & Pascucci (2023);Experiment 2;Orientation;1;3;-36.0;88.0;-74.0;-76.0;8;6
15;100;104;4;2.14118699997198;6;-87.0;159;Ceylan & Pascucci (2023);Experiment 2;Orientation;1;3;-87.0;57.0;1.0;19.0;9;6
15;29;36;7;1.72470149991568;6;71.0;160;Ceylan & Pascucci (2023);Experiment 2;Orientation;1;3;71.0;-16.0;-52.0;72.0;10;6
15;39;41;2;1.99123959999997;6;-10.0;161;Ceylan & Pascucci (2023);Experiment 2;Orientation;1;3;-10.0;61.0;-26.0;-62.0;11;6
15;112;123;11;1.79102219990455;6;-73.0;162;Ceylan & Pascucci (2023);Experiment 2;Orientation;1;3;-73.0;-83.0;-12.0;81.0;12;6
15;14;13;-1;1.49128119996749;6;-82.0;163;Ceylan & Pascucci (2023);Experiment 2;Orientation;1;3;-82.0;25.0;15.0;86.0;13;6
15;99;100;1;2.78286809998099;6;-85.0;164;Ceylan & Pascucci (2023);Experiment 2;Orientation;1;3;-85.0;13.0;-60.0;-70.0;14;6
15;62;69;7;1.63277510006446;6;37.0;165;Ceylan & Pascucci (2023);Experiment 2;Orientation;1;3;37.0;-48.0;50.0;-23.0;15;6
15;109;132;23;1.85772470000666;6;-47.0;166;Ceylan & Pascucci (2023);Experiment 2;Orientation;1;3;-47.0;-10.0;85.0;3.0;16;6
15;180;0;0;2.04908399994019;6;-71.0;167;Ceylan & Pascucci (2023);Experiment 2;Orientation;1;3;-71.0;62.0;-81.0;14.0;17;6
15;55;57;2;1.76599800004624;6;-55.0;168;Ceylan & Pascucci (2023);Experiment 2;Orientation;1;3;-55.0;54.0;7.0;44.0;18;6
15;146;153;7;1.6077532999916;6;89.0;169;Ceylan & Pascucci (2023);Experiment 2;Orientation;1;3;89.0;34.0;-37.0;-84.0;19;6
15;170;177;7;1.60814799997024;6;-24.0;170;Ceylan & Pascucci (2023);Experiment 2;Orientation;1;3;-24.0;65.0;10.0;-61.0;20;6
15;132;144;12;1.7081980999792;6;38.0;171;Ceylan & Pascucci (2023);Experiment 2;Orientation;1;3;38.0;14.0;-77.0;48.0;21;6
15;137;148;11;1.49986769992393;6;-5.0;172;Ceylan & Pascucci (2023);Experiment 2;Orientation;1;3;-5.0;33.0;9.0;-82.0;22;6
15;84;81;-3;1.47480760002509;6;53.0;173;Ceylan & Pascucci (2023);Experiment 2;Orientation;1;3;53.0;48.0;86.0;62.0;23;6
15;35;39;4;1.39030620001722;6;49.0;174;Ceylan & Pascucci (2023);Experiment 2;Orientation;1;3;49.0;-78.0;-83.0;-45.0;24;6
15;134;135;1;1.14936639997177;6;81.0;175;Ceylan & Pascucci (2023);Experiment 2;Orientation;1;3;81.0;-50.0;3.0;-2.0;25;6
15;28;26;-2;1.52324749995023;6;-74.0;176;Ceylan & Pascucci (2023);Experiment 2;Orientation;1;3;-74.0;7.0;56.0;-71.0;26;6
15;78;69;-9;0.892019200022332;6;-50.0;177;Ceylan & Pascucci (2023);Experiment 2;Orientation;1;3;-50.0;56.0;-43.0;6.0;27;6
15;51;58;7;2.29137329990044;6;27.0;178;Ceylan & Pascucci (2023);Experiment 2;Orientation;1;3;27.0;-23.0;83.0;-16.0;28;6
15;98;113;15;1.53220370004419;6;-47.0;179;Ceylan & Pascucci (2023);Experiment 2;Orientation;1;3;-47.0;-20.0;-70.0;36.0;29;6
15;51;48;-3;1.6419942000648;6;47.0;180;Ceylan & Pascucci (2023);Experiment 2;Orientation;1;3;47.0;0.0;27.0;-23.0;30;6
15;109;116;7;1.29188059992157;7;-58.0;181;Ceylan & Pascucci (2023);Experiment 2;Orientation;1;3;;;;;1;7
15;79;81;2;2.15859250002541;7;30.0;182;Ceylan & Pascucci (2023);Experiment 2;Orientation;1;3;;;;;2;7
15;17;12;-5;1.94131270004436;7;62.0;183;Ceylan & Pascucci (2023);Experiment 2;Orientation;1;3;;;;;3;7
15;62;59;-3;1.49969950004015;7;-45.0;184;Ceylan & Pascucci (2023);Experiment 2;Orientation;1;3;;;;;4;7
15;165;165;0;1.53266440005973;7;77.0;185;Ceylan & Pascucci (2023);Experiment 2;Orientation;1;3;77.0;32.0;-86.0;-56.0;5;7
15;149;155;6;1.21653060009703;7;16.0;186;Ceylan & Pascucci (2023);Experiment 2;Orientation;1;3;16.0;-87.0;48.0;-70.0;6;7
15;97;112;15;2.02501650003251;7;52.0;187;Ceylan & Pascucci (2023);Experiment 2;Orientation;1;3;52.0;68.0;-35.0;-80.0;7;7
15;56;64;8;2.43322460004129;7;41.0;188;Ceylan & Pascucci (2023);Experiment 2;Orientation;1;3;41.0;-87.0;-71.0;6.0;8;7
15;43;58;15;1.24148319999222;7;13.0;189;Ceylan & Pascucci (2023);Experiment 2;Orientation;1;3;13.0;54.0;-74.0;-58.0;9;7
15;41;51;10;1.90854669990949;7;2.0;190;Ceylan & Pascucci (2023);Experiment 2;Orientation;1;3;2.0;15.0;56.0;-72.0;10;7
15;177;2;5;1.45031930005644;7;44.0;191;Ceylan & Pascucci (2023);Experiment 2;Orientation;1;3;44.0;46.0;59.0;-80.0;11;7
15;14;10;-4;1.46590880001895;7;-17.0;192;Ceylan & Pascucci (2023);Experiment 2;Orientation;1;3;-17.0;27.0;29.0;42.0;12;7
15;92;88;-4;2.96632460004184;7;-78.0;193;Ceylan & Pascucci (2023);Experiment 2;Orientation;1;3;-78.0;85.0;-51.0;-49.0;13;7
15;56;59;3;2.157620199956;7;36.0;194;Ceylan & Pascucci (2023);Experiment 2;Orientation;1;3;36.0;-42.0;-59.0;-15.0;14;7
15;17;17;0;1.70646779995877;7;39.0;195;Ceylan & Pascucci (2023);Experiment 2;Orientation;1;3;39.0;75.0;-3.0;-20.0;15;7
15;150;155;5;1.62496779998764;7;47.0;196;Ceylan & Pascucci (2023);Experiment 2;Orientation;1;3;47.0;86.0;-58.0;44.0;16;7
15;2;3;1;2.45798069995362;7;-32.0;197;Ceylan & Pascucci (2023);Experiment 2;Orientation;1;3;-32.0;15.0;54.0;90.0;17;7
15;118;109;-9;2.70815129997209;7;64.0;198;Ceylan & Pascucci (2023);Experiment 2;Orientation;1;3;64.0;32.0;79.0;-62.0;18;7
15;112;110;-2;3.21634259994607;7;6.0;199;Ceylan & Pascucci (2023);Experiment 2;Orientation;1;3;6.0;70.0;38.0;85.0;19;7
15;164;167;3;2.01679060002789;7;-52.0;200;Ceylan & Pascucci (2023);Experiment 2;Orientation;1;3;-52.0;-46.0;18.0;-14.0;20;7
15;176;178;2;1.41684369998984;7;-12.0;201;Ceylan & Pascucci (2023);Experiment 2;Orientation;1;3;-12.0;-64.0;-58.0;6.0;21;7
15;37;31;-6;3.56549070007168;7;-41.0;202;Ceylan & Pascucci (2023);Experiment 2;Orientation;1;3;-41.0;-53.0;75.0;81.0;22;7
15;149;156;7;2.29150990000926;7;68.0;203;Ceylan & Pascucci (2023);Experiment 2;Orientation;1;3;68.0;27.0;15.0;-37.0;23;7
15;55;64;9;1.75560359994415;7;-86.0;204;Ceylan & Pascucci (2023);Experiment 2;Orientation;1;3;-86.0;-18.0;-59.0;-71.0;24;7
15;145;156;11;2.09027320006862;7;-90.0;205;Ceylan & Pascucci (2023);Experiment 2;Orientation;1;3;90.0;4.0;72.0;31.0;25;7
15;25;29;4;1.8407025000779;7;-60.0;206;Ceylan & Pascucci (2023);Experiment 2;Orientation;1;3;-60.0;30.0;-56.0;12.0;26;7
15;14;14;0;1.34822409995832;7;11.0;207;Ceylan & Pascucci (2023);Experiment 2;Orientation;1;3;11.0;-49.0;41.0;-45.0;27;7
15;143;144;1;1.96628609998152;7;51.0;208;Ceylan & Pascucci (2023);Experiment 2;Orientation;1;3;51.0;62.0;2.0;-88.0;28;7
15;172;0;8;2.01504760002717;7;-29.0;209;Ceylan & Pascucci (2023);Experiment 2;Orientation;1;3;-29.0;22.0;33.0;-27.0;29;7
15;61;62;1;1.29852209996898;7;-69.0;210;Ceylan & Pascucci (2023);Experiment 2;Orientation;1;3;-69.0;82.0;-47.0;-36.0;30;7
15;166;165;-1;1.6166592000518;8;75.0;211;Ceylan & Pascucci (2023);Experiment 2;Orientation;1;3;;;;;1;8
15;79;81;2;1.47525899996981;8;87.0;212;Ceylan & Pascucci (2023);Experiment 2;Orientation;1;3;;;;;2;8
15;163;166;3;1.87480270001106;8;-84.0;213;Ceylan & Pascucci (2023);Experiment 2;Orientation;1;3;;;;;3;8
15;167;175;8;1.74163509998471;8;-4.0;214;Ceylan & Pascucci (2023);Experiment 2;Orientation;1;3;;;;;4;8
15;131;135;4;1.60018369997852;8;36.0;215;Ceylan & Pascucci (2023);Experiment 2;Orientation;1;3;36.0;32.0;-52.0;35.0;5;8
15;45;47;2;1.63373439991847;8;86.0;216;Ceylan & Pascucci (2023);Experiment 2;Orientation;1;3;86.0;-58.0;-62.0;34.0;6;8
15;77;77;0;0.932336600031704;8;-32.0;217;Ceylan & Pascucci (2023);Experiment 2;Orientation;1;3;-32.0;54.0;90.0;86.0;7;8
15;83;81;-2;1.22427849995438;8;-6.0;218;Ceylan & Pascucci (2023);Experiment 2;Orientation;1;3;-6.0;-38.0;48.0;84.0;8;8
15;59;81;22;3.20700689998921;8;24.0;219;Ceylan & Pascucci (2023);Experiment 2;Orientation;1;3;24.0;18.0;-14.0;72.0;9;8
15;77;75;-2;1.61642760003451;8;-18.0;220;Ceylan & Pascucci (2023);Experiment 2;Orientation;1;3;-18.0;6.0;0.0;-32.0;10;8
15;97;101;4;1.09202730003744;8;-20.0;221;Ceylan & Pascucci (2023);Experiment 2;Orientation;1;3;-20.0;-38.0;-14.0;-20.0;11;8
15;28;26;-2;2.065287000034;8;69.0;222;Ceylan & Pascucci (2023);Experiment 2;Orientation;1;3;69.0;49.0;31.0;55.0;12;8
15;50;45;-5;1.90833460004069;8;-22.0;223;Ceylan & Pascucci (2023);Experiment 2;Orientation;1;3;-22.0;47.0;27.0;9.0;13;8
15;52;57;5;1.94935369992163;8;-2.0;224;Ceylan & Pascucci (2023);Experiment 2;Orientation;1;3;-2.0;-24.0;45.0;25.0;14;8
15;125;136;11;1.56698780006263;8;-73.0;225;Ceylan & Pascucci (2023);Experiment 2;Orientation;1;3;-73.0;-75.0;83.0;-28.0;15;8
15;74;65;-9;1.90812519995961;8;51.0;226;Ceylan & Pascucci (2023);Experiment 2;Orientation;1;3;51.0;-22.0;-24.0;-46.0;16;8
15;120;137;17;2.77482719998807;8;-46.0;227;Ceylan & Pascucci (2023);Experiment 2;Orientation;1;3;-46.0;5.0;-68.0;-70.0;17;8
15;165;163;-2;5.84049189998768;8;-45.0;228;Ceylan & Pascucci (2023);Experiment 2;Orientation;1;3;-45.0;89.0;-40.0;67.0;18;8
15;17;20;3;1.9584047999233;8;-32.0;229;Ceylan & Pascucci (2023);Experiment 2;Orientation;1;3;-32.0;-77.0;57.0;-72.0;19;8
15;167;167;0;1.46693860006053;8;30.0;230;Ceylan & Pascucci (2023);Experiment 2;Orientation;1;3;30.0;-2.0;-47.0;87.0;20;8
15;106;111;5;1.34198080003262;8;61.0;231;Ceylan & Pascucci (2023);Experiment 2;Orientation;1;3;61.0;-89.0;59.0;14.0;21;8
15;121;128;7;1.67466140002944;8;-15.0;232;Ceylan & Pascucci (2023);Experiment 2;Orientation;1;3;-15.0;46.0;76.0;44.0;22;8
15;38;39;1;2.57462960004341;8;83.0;233;Ceylan & Pascucci (2023);Experiment 2;Orientation;1;3;83.0;68.0;-51.0;-21.0;23;8
15;60;51;-9;1.78360419999808;8;-22.0;234;Ceylan & Pascucci (2023);Experiment 2;Orientation;1;3;-22.0;61.0;46.0;-73.0;24;8
15;156;163;7;2.22364779992495;8;84.0;235;Ceylan & Pascucci (2023);Experiment 2;Orientation;1;3;84.0;62.0;-35.0;-50.0;25;8
15;144;152;8;0.933211599942297;8;12.0;236;Ceylan & Pascucci (2023);Experiment 2;Orientation;1;3;12.0;-84.0;74.0;-23.0;26;8
15;119;124;5;1.66644659999292;8;25.0;237;Ceylan & Pascucci (2023);Experiment 2;Orientation;1;3;25.0;37.0;-59.0;-81.0;27;8
15;47;48;1;2.0586459999904;8;72.0;238;Ceylan & Pascucci (2023);Experiment 2;Orientation;1;3;72.0;-83.0;-71.0;13.0;28;8
15;87;84;-3;1.75156380003318;8;-40.0;239;Ceylan & Pascucci (2023);Experiment 2;Orientation;1;3;-40.0;32.0;57.0;69.0;29;8
15;53;46;-7;1.45822120003868;8;34.0;240;Ceylan & Pascucci (2023);Experiment 2;Orientation;1;3;34.0;-6.0;66.0;-89.0;30;8
15;118;123;5;2.09142640000209;9;-65.0;241;Ceylan & Pascucci (2023);Experiment 2;Orientation;1;3;;;;;1;9
15;85;88;3;2.48248590005096;9;33.0;242;Ceylan & Pascucci (2023);Experiment 2;Orientation;1;3;;;;;2;9
15;116;128;12;1.30824789998587;9;-31.0;243;Ceylan & Pascucci (2023);Experiment 2;Orientation;1;3;;;;;3;9
15;171;173;2;1.5482143999543;9;-55.0;244;Ceylan & Pascucci (2023);Experiment 2;Orientation;1;3;;;;;4;9
15;80;83;3;1.27490210009273;9;-89.0;245;Ceylan & Pascucci (2023);Experiment 2;Orientation;1;3;-89.0;36.0;5.0;38.0;5;9
15;119;126;7;1.84977850003634;9;-39.0;246;Ceylan & Pascucci (2023);Experiment 2;Orientation;1;3;-39.0;52.0;-3.0;-34.0;6;9
15;93;98;5;1.22560889995657;9;26.0;247;Ceylan & Pascucci (2023);Experiment 2;Orientation;1;3;26.0;-13.0;78.0;23.0;7;9
15;151;160;9;1.86643549997825;9;-58.0;248;Ceylan & Pascucci (2023);Experiment 2;Orientation;1;3;-58.0;-32.0;-71.0;20.0;8;9
15;3;7;4;1.89159319992177;9;-32.0;249;Ceylan & Pascucci (2023);Experiment 2;Orientation;1;3;-32.0;90.0;-64.0;77.0;9;9
15;145;159;14;1.0501823000377;9;38.0;250;Ceylan & Pascucci (2023);Experiment 2;Orientation;1;3;38.0;6.0;-52.0;-26.0;10;9
15;41;47;6;2.4070429999847;9;-76.0;251;Ceylan & Pascucci (2023);Experiment 2;Orientation;1;3;-76.0;-38.0;-70.0;52.0;11;9
15;7;3;-4;2.50010890001431;9;34.0;252;Ceylan & Pascucci (2023);Experiment 2;Orientation;1;3;34.0;-42.0;-4.0;-36.0;12;9
15;42;38;-4;2.25024650001433;9;-35.0;253;Ceylan & Pascucci (2023);Experiment 2;Orientation;1;3;-35.0;-1.0;-77.0;-39.0;13;9
15;77;74;-3;1.96577040001284;9;-35.0;254;Ceylan & Pascucci (2023);Experiment 2;Orientation;1;3;-35.0;-70.0;-36.0;68.0;14;9
15;155;164;9;1.89987920003477;9;-78.0;255;Ceylan & Pascucci (2023);Experiment 2;Orientation;1;3;-78.0;67.0;32.0;66.0;15;9
15;141;150;9;2.40760889998637;9;14.0;256;Ceylan & Pascucci (2023);Experiment 2;Orientation;1;3;14.0;-64.0;81.0;46.0;16;9
15;113;118;5;0.708657699986361;9;28.0;257;Ceylan & Pascucci (2023);Experiment 2;Orientation;1;3;28.0;42.0;-36.0;-71.0;17;9
15;174;179;5;2.18229809997138;9;-61.0;258;Ceylan & Pascucci (2023);Experiment 2;Orientation;1;3;-61.0;-33.0;-19.0;83.0;18;9
15;149;149;0;1.6497759000631;9;25.0;259;Ceylan & Pascucci (2023);Experiment 2;Orientation;1;3;25.0;-36.0;-8.0;6.0;19;9
15;66;57;-9;2.5237890999997;9;83.0;260;Ceylan & Pascucci (2023);Experiment 2;Orientation;1;3;83.0;-72.0;47.0;75.0;20;9
15;171;178;7;1.1990163999144;9;75.0;261;Ceylan & Pascucci (2023);Experiment 2;Orientation;1;3;75.0;-22.0;3.0;-58.0;21;9
15;38;38;0;1.15863510000054;9;-47.0;262;Ceylan & Pascucci (2023);Experiment 2;Orientation;1;3;-47.0;28.0;-69.0;-44.0;22;9
15;78;76;-2;1.97436390002258;9;-40.0;263;Ceylan & Pascucci (2023);Experiment 2;Orientation;1;3;-40.0;-87.0;-12.0;71.0;23;9
15;71;73;2;1.53352820000146;9;7.0;264;Ceylan & Pascucci (2023);Experiment 2;Orientation;1;3;7.0;-33.0;-80.0;-5.0;24;9
15;65;68;3;2.05724999995437;9;6.0;265;Ceylan & Pascucci (2023);Experiment 2;Orientation;1;3;6.0;13.0;-27.0;-74.0;25;9
15;116;136;20;1.8832759000361;9;-51.0;266;Ceylan & Pascucci (2023);Experiment 2;Orientation;1;3;-51.0;-45.0;-38.0;-78.0;26;9
15;117;121;4;1.47426190006081;9;-1.0;267;Ceylan & Pascucci (2023);Experiment 2;Orientation;1;3;-1.0;-52.0;-46.0;-39.0;27;9
15;33;30;-3;2.39178549998906;9;84.0;268;Ceylan & Pascucci (2023);Experiment 2;Orientation;1;3;84.0;83.0;32.0;38.0;28;9
15;148;159;11;1.37407549994532;9;65.0;269;Ceylan & Pascucci (2023);Experiment 2;Orientation;1;3;65.0;-31.0;-32.0;-83.0;29;9
15;106;111;5;1.8417714999523;9;42.0;270;Ceylan & Pascucci (2023);Experiment 2;Orientation;1;3;42.0;-73.0;11.0;10.0;30;9
15;63;68;5;2.15856849995907;10;43.0;271;Ceylan & Pascucci (2023);Experiment 2;Orientation;1;3;;;;;1;10
15;128;134;6;1.15868019999471;10;-65.0;272;Ceylan & Pascucci (2023);Experiment 2;Orientation;1;3;;;;;2;10
15;46;48;2;1.56540009996388;10;82.0;273;Ceylan & Pascucci (2023);Experiment 2;Orientation;1;3;;;;;3;10
15;161;163;2;1.18208430008963;10;65.0;274;Ceylan & Pascucci (2023);Experiment 2;Orientation;1;3;;;;;4;10
15;54;58;4;1.89997879997827;10;-73.0;275;Ceylan & Pascucci (2023);Experiment 2;Orientation;1;3;-73.0;-8.0;74.0;9.0;5;10
15;39;47;8;1.58249489997979;10;15.0;276;Ceylan & Pascucci (2023);Experiment 2;Orientation;1;3;15.0;-58.0;7.0;89.0;6;10
15;45;45;0;1.54985599999782;10;-6.0;277;Ceylan & Pascucci (2023);Experiment 2;Orientation;1;3;-6.0;9.0;-64.0;1.0;7;10
15;120;117;-3;1.20694790000562;10;-75.0;278;Ceylan & Pascucci (2023);Experiment 2;Orientation;1;3;-75.0;-81.0;-66.0;41.0;8;10
15;98;111;13;1.95692449994385;10;22.0;279;Ceylan & Pascucci (2023);Experiment 2;Orientation;1;3;22.0;-53.0;-59.0;-44.0;9;10
15;25;17;-8;0.983637499972247;10;73.0;280;Ceylan & Pascucci (2023);Experiment 2;Orientation;1;3;73.0;-85.0;20.0;14.0;10;10
15;145;157;12;1.24899240001105;10;60.0;281;Ceylan & Pascucci (2023);Experiment 2;Orientation;1;3;60.0;-47.0;-25.0;80.0;11;10
15;37;32;-5;1.74146709998604;10;-72.0;282;Ceylan & Pascucci (2023);Experiment 2;Orientation;1;3;-72.0;-12.0;61.0;83.0;12;10
15;129;131;2;1.26784820004832;10;88.0;283;Ceylan & Pascucci (2023);Experiment 2;Orientation;1;3;88.0;16.0;76.0;-31.0;13;10
15;148;155;7;2.56679630000144;10;-19.0;284;Ceylan & Pascucci (2023);Experiment 2;Orientation;1;3;-19.0;69.0;-3.0;57.0;14;10
15;67;64;-3;1.74006270000245;10;81.0;285;Ceylan & Pascucci (2023);Experiment 2;Orientation;1;3;81.0;62.0;-30.0;78.0;15;10
15;67;73;6;1.74988599994686;10;0.0;286;Ceylan & Pascucci (2023);Experiment 2;Orientation;1;3;0.0;81.0;62.0;-30.0;16;10
15;24;13;-11;2.19169070001226;10;43.0;287;Ceylan & Pascucci (2023);Experiment 2;Orientation;1;3;43.0;43.0;-56.0;-75.0;17;10
15;123;124;1;1.80813490005676;10;81.0;288;Ceylan & Pascucci (2023);Experiment 2;Orientation;1;3;81.0;-56.0;-56.0;25.0;18;10
15;130;121;-9;1.02542750001885;10;-7.0;289;Ceylan & Pascucci (2023);Experiment 2;Orientation;1;3;-7.0;74.0;-63.0;-63.0;19;10
15;77;72;-5;1.74956709996331;10;53.0;290;Ceylan & Pascucci (2023);Experiment 2;Orientation;1;3;53.0;46.0;-53.0;-10.0;20;10
15;7;6;-1;1.46707850007806;10;70.0;291;Ceylan & Pascucci (2023);Experiment 2;Orientation;1;3;70.0;-57.0;-64.0;17.0;21;10
15;61;59;-2;1.17495259991847;10;-54.0;292;Ceylan & Pascucci (2023);Experiment 2;Orientation;1;3;-54.0;16.0;69.0;62.0;22;10
15;90;88;-2;1.35020729992539;10;-29.0;293;Ceylan & Pascucci (2023);Experiment 2;Orientation;1;3;-29.0;-83.0;-13.0;40.0;23;10
15;117;132;15;1.23359900002833;10;-27.0;294;Ceylan & Pascucci (2023);Experiment 2;Orientation;1;3;-27.0;-56.0;70.0;-40.0;24;10
15;179;1;2;1.45809079997707;10;-62.0;295;Ceylan & Pascucci (2023);Experiment 2;Orientation;1;3;-62.0;-89.0;62.0;8.0;25;10
15;27;32;5;1.2747600999428;10;-28.0;296;Ceylan & Pascucci (2023);Experiment 2;Orientation;1;3;-28.0;90.0;63.0;34.0;26;10
15;127;131;4;1.19212509994395;10;80.0;297;Ceylan & Pascucci (2023);Experiment 2;Orientation;1;3;80.0;52.0;-10.0;-37.0;27;10
15;16;26;10;2.1081520000007;10;-69.0;298;Ceylan & Pascucci (2023);Experiment 2;Orientation;1;3;-69.0;11.0;-17.0;-79.0;28;10
15;170;174;4;2.44985850004014;10;26.0;299;Ceylan & Pascucci (2023);Experiment 2;Orientation;1;3;26.0;-43.0;37.0;9.0;29;10
15;97;100;3;1.54159380006604;10;73.0;300;Ceylan & Pascucci (2023);Experiment 2;Orientation;1;3;73.0;-81.0;30.0;-70.0;30;10
16;149;151;2;3.22347029997036;1;;1;Ceylan & Pascucci (2023);Experiment 2;Orientation;1;3;;;;;1;1
16;133;123;-10;2.0158259999007;1;16.0;2;Ceylan & Pascucci (2023);Experiment 2;Orientation;1;3;;;;;2;1
16;9;37;28;3.66540079994593;1;-56.0;3;Ceylan & Pascucci (2023);Experiment 2;Orientation;1;3;;;;;3;1
16;122;138;16;3.757077199989;1;67.0;4;Ceylan & Pascucci (2023);Experiment 2;Orientation;1;3;;;;;4;1
16;164;154;-10;0.891479499987327;1;-42.0;5;Ceylan & Pascucci (2023);Experiment 2;Orientation;1;3;-42.0;25.0;-31.0;-15.0;5;1
16;93;94;1;2.365482000052;1;71.0;6;Ceylan & Pascucci (2023);Experiment 2;Orientation;1;3;71.0;29.0;-84.0;40.0;6;1
16;104;119;15;1.39057309995405;1;-11.0;7;Ceylan & Pascucci (2023);Experiment 2;Orientation;1;3;-11.0;60.0;18.0;85.0;7;1
16;69;54;-15;1.8991283000214;1;35.0;8;Ceylan & Pascucci (2023);Experiment 2;Orientation;1;3;35.0;24.0;-85.0;53.0;8;1
16;21;35;14;1.03333150001708;1;48.0;9;Ceylan & Pascucci (2023);Experiment 2;Orientation;1;3;48.0;83.0;72.0;-37.0;9;1
16;76;60;-16;1.27436789998319;1;-55.0;10;Ceylan & Pascucci (2023);Experiment 2;Orientation;1;3;-55.0;-7.0;28.0;17.0;10;1
16;105;114;9;1.33263379998971;1;-29.0;11;Ceylan & Pascucci (2023);Experiment 2;Orientation;1;3;-29.0;-84.0;-36.0;-1.0;11;1
16;99;113;14;1.46697419998236;1;6.0;12;Ceylan & Pascucci (2023);Experiment 2;Orientation;1;3;6.0;-23.0;-78.0;-30.0;12;1
16;87;82;-5;1.67514429998118;1;12.0;13;Ceylan & Pascucci (2023);Experiment 2;Orientation;1;3;12.0;18.0;-11.0;-66.0;13;1
16;47;46;-1;1.65021869994234;1;40.0;14;Ceylan & Pascucci (2023);Experiment 2;Orientation;1;3;40.0;52.0;58.0;29.0;14;1
16;27;24;-3;1.38268139993306;1;20.0;15;Ceylan & Pascucci (2023);Experiment 2;Orientation;1;3;20.0;60.0;72.0;78.0;15;1
16;47;46;-1;1.98273629997857;1;-20.0;16;Ceylan & Pascucci (2023);Experiment 2;Orientation;1;3;-20.0;0.0;40.0;52.0;16;1
16;27;47;20;2.31524799996987;1;20.0;17;Ceylan & Pascucci (2023);Experiment 2;Orientation;1;3;20.0;0.0;20.0;60.0;17;1
16;163;161;-2;1.75809780007694;1;44.0;18;Ceylan & Pascucci (2023);Experiment 2;Orientation;1;3;44.0;64.0;44.0;64.0;18;1
16;147;141;-6;1.41685539996251;1;16.0;19;Ceylan & Pascucci (2023);Experiment 2;Orientation;1;3;16.0;60.0;80.0;60.0;19;1
16;60;43;-17;1.49973970011342;1;87.0;20;Ceylan & Pascucci (2023);Experiment 2;Orientation;1;3;87.0;-77.0;-33.0;-13.0;20;1
16;38;36;-2;2.69136609998532;1;22.0;21;Ceylan & Pascucci (2023);Experiment 2;Orientation;1;3;22.0;-71.0;-55.0;-11.0;21;1
16;88;89;1;3.07369009999093;1;-50.0;22;Ceylan & Pascucci (2023);Experiment 2;Orientation;1;3;-50.0;-28.0;59.0;75.0;22;1
16;138;135;-3;0.97491380001884;1;-50.0;23;Ceylan & Pascucci (2023);Experiment 2;Orientation;1;3;-50.0;80.0;-78.0;9.0;23;1
16;113;101;-12;1.57488329999615;1;25.0;24;Ceylan & Pascucci (2023);Experiment 2;Orientation;1;3;25.0;-25.0;-75.0;-53.0;24;1
16;131;118;-13;1.87395849998575;1;-18.0;25;Ceylan & Pascucci (2023);Experiment 2;Orientation;1;3;-18.0;7.0;-43.0;87.0;25;1
16;108;120;12;1.55713109998032;1;23.0;26;Ceylan & Pascucci (2023);Experiment 2;Orientation;1;3;23.0;5.0;30.0;-20.0;26;1
16;151;147;-4;1.36693969997577;1;-43.0;27;Ceylan & Pascucci (2023);Experiment 2;Orientation;1;3;-43.0;-20.0;-38.0;-13.0;27;1
16;144;144;0;2.25794489996042;1;7.0;28;Ceylan & Pascucci (2023);Experiment 2;Orientation;1;3;7.0;-36.0;-13.0;-31.0;28;1
16;137;153;16;1.9568306999281;1;7.0;29;Ceylan & Pascucci (2023);Experiment 2;Orientation;1;3;7.0;14.0;-29.0;-6.0;29;1
16;172;169;-3;1.24189489998389;1;-35.0;30;Ceylan & Pascucci (2023);Experiment 2;Orientation;1;3;-35.0;-28.0;-21.0;-64.0;30;1
16;60;58;-2;1.3250679000048;2;-68.0;31;Ceylan & Pascucci (2023);Experiment 2;Orientation;1;3;;;;;1;2
16;54;48;-6;1.8155389999738;2;6.0;32;Ceylan & Pascucci (2023);Experiment 2;Orientation;1;3;;;;;2;2
16;103;102;-1;1.73258419998456;2;-49.0;33;Ceylan & Pascucci (2023);Experiment 2;Orientation;1;3;;;;;3;2
16;59;55;-4;1.20817470003385;2;44.0;34;Ceylan & Pascucci (2023);Experiment 2;Orientation;1;3;;;;;4;2
16;127;130;3;1.36700410000049;2;-68.0;35;Ceylan & Pascucci (2023);Experiment 2;Orientation;1;3;-68.0;-24.0;-73.0;-67.0;5;2
16;31;40;9;1.6320445999736;2;-84.0;36;Ceylan & Pascucci (2023);Experiment 2;Orientation;1;3;-84.0;28.0;72.0;23.0;6;2
16;97;106;9;2.25652009993792;2;-66.0;37;Ceylan & Pascucci (2023);Experiment 2;Orientation;1;3;-66.0;30.0;-38.0;6.0;7;2
16;49;48;-1;1.58321800001431;2;48.0;38;Ceylan & Pascucci (2023);Experiment 2;Orientation;1;3;48.0;-18.0;78.0;10.0;8;2
16;10;22;12;1.26690590009093;2;39.0;39;Ceylan & Pascucci (2023);Experiment 2;Orientation;1;3;39.0;87.0;21.0;-63.0;9;2
16;72;67;-5;1.71599960001186;2;-62.0;40;Ceylan & Pascucci (2023);Experiment 2;Orientation;1;3;-62.0;-23.0;25.0;-41.0;10;2
16;15;17;2;1.44953079998959;2;57.0;41;Ceylan & Pascucci (2023);Experiment 2;Orientation;1;3;57.0;-5.0;34.0;82.0;11;2
16;173;162;-11;1.8322729000356;2;22.0;42;Ceylan & Pascucci (2023);Experiment 2;Orientation;1;3;22.0;79.0;17.0;56.0;12;2
16;112;118;6;1.5908810000401;2;61.0;43;Ceylan & Pascucci (2023);Experiment 2;Orientation;1;3;61.0;83.0;-40.0;78.0;13;2
16;153;142;-11;1.89151709992439;2;-41.0;44;Ceylan & Pascucci (2023);Experiment 2;Orientation;1;3;-41.0;20.0;42.0;-81.0;14;2
16;33;31;-2;1.67370290006511;2;-60.0;45;Ceylan & Pascucci (2023);Experiment 2;Orientation;1;3;-60.0;79.0;-40.0;-18.0;15;2
16;151;138;-13;1.17535090004094;2;62.0;46;Ceylan & Pascucci (2023);Experiment 2;Orientation;1;3;62.0;2.0;-39.0;22.0;16;2
16;179;175;-4;2.93210179999005;2;-28.0;47;Ceylan & Pascucci (2023);Experiment 2;Orientation;1;3;-28.0;34.0;-26.0;-67.0;17;2
16;64;60;-4;2.58258919999935;2;-65.0;48;Ceylan & Pascucci (2023);Experiment 2;Orientation;1;3;-65.0;87.0;-31.0;89.0;18;2
16;135;131;-4;1.37483460002113;2;-71.0;49;Ceylan & Pascucci (2023);Experiment 2;Orientation;1;3;-71.0;44.0;16.0;78.0;19;2
16;120;120;0;1.34155829995871;2;15.0;50;Ceylan & Pascucci (2023);Experiment 2;Orientation;1;3;15.0;-56.0;59.0;31.0;20;2
16;44;51;7;1.79900949995499;2;76.0;51;Ceylan & Pascucci (2023);Experiment 2;Orientation;1;3;76.0;-89.0;20.0;-45.0;21;2
16;170;154;-16;1.25034470006358;2;54.0;52;Ceylan & Pascucci (2023);Experiment 2;Orientation;1;3;54.0;-50.0;-35.0;74.0;22;2
16;138;133;-5;2.70756249991246;2;32.0;53;Ceylan & Pascucci (2023);Experiment 2;Orientation;1;3;32.0;86.0;-18.0;-3.0;23;2
16;61;50;-11;2.13991030002944;2;77.0;54;Ceylan & Pascucci (2023);Experiment 2;Orientation;1;3;77.0;-71.0;-17.0;59.0;24;2
16;21;30;9;1.55823550000787;2;40.0;55;Ceylan & Pascucci (2023);Experiment 2;Orientation;1;3;40.0;-63.0;-31.0;23.0;25;2
16;92;103;11;1.75735730002634;2;-71.0;56;Ceylan & Pascucci (2023);Experiment 2;Orientation;1;3;-71.0;-31.0;46.0;78.0;26;2
16;127;126;-1;0.950345700024627;2;-35.0;57;Ceylan & Pascucci (2023);Experiment 2;Orientation;1;3;-35.0;74.0;-66.0;11.0;27;2
16;125;131;6;1.85823460004758;2;2.0;58;Ceylan & Pascucci (2023);Experiment 2;Orientation;1;3;2.0;-33.0;76.0;-64.0;28;2
16;128;120;-8;1.55696620000526;2;-3.0;59;Ceylan & Pascucci (2023);Experiment 2;Orientation;1;3;-3.0;-1.0;-36.0;73.0;29;2
16;115;107;-8;1.80823329999112;2;13.0;60;Ceylan & Pascucci (2023);Experiment 2;Orientation;1;3;13.0;10.0;12.0;-23.0;30;2
16;60;51;-9;2.24010709999129;3;55.0;61;Ceylan & Pascucci (2023);Experiment 2;Orientation;1;3;;;;;1;3
16;1;169;-12;2.35711420001462;3;59.0;62;Ceylan & Pascucci (2023);Experiment 2;Orientation;1;3;;;;;2;3
16;103;107;4;0.867110199993476;3;78.0;63;Ceylan & Pascucci (2023);Experiment 2;Orientation;1;3;;;;;3;3
16;135;137;2;1.55684449989349;3;-32.0;64;Ceylan & Pascucci (2023);Experiment 2;Orientation;1;3;;;;;4;3
16;123;121;-2;1.62383900000714;3;12.0;65;Ceylan & Pascucci (2023);Experiment 2;Orientation;1;3;12.0;-20.0;58.0;-63.0;5;3
16;80;80;0;1.95010850008111;3;43.0;66;Ceylan & Pascucci (2023);Experiment 2;Orientation;1;3;43.0;55.0;23.0;-79.0;6;3
16;180;177;-3;4.02506710006855;3;80.0;67;Ceylan & Pascucci (2023);Experiment 2;Orientation;1;3;80.0;-57.0;-45.0;-77.0;7;3
16;31;40;9;3.98196889995597;3;-31.0;68;Ceylan & Pascucci (2023);Experiment 2;Orientation;1;3;-31.0;49.0;-88.0;-76.0;8;3
16;143;145;2;1.39196909999009;3;68.0;69;Ceylan & Pascucci (2023);Experiment 2;Orientation;1;3;68.0;37.0;-63.0;-20.0;9;3
16;30;39;9;0.941834600060247;3;-67.0;70;Ceylan & Pascucci (2023);Experiment 2;Orientation;1;3;-67.0;1.0;-30.0;50.0;10;3
16;129;131;2;0.824897999991663;3;81.0;71;Ceylan & Pascucci (2023);Experiment 2;Orientation;1;3;81.0;14.0;82.0;51.0;11;3
16;161;163;2;1.45008189999498;3;-32.0;72;Ceylan & Pascucci (2023);Experiment 2;Orientation;1;3;-32.0;49.0;-18.0;50.0;12;3
16;164;165;1;1.52435309998691;3;-3.0;73;Ceylan & Pascucci (2023);Experiment 2;Orientation;1;3;-3.0;-35.0;46.0;-21.0;13;3
16;155;140;-15;1.59068370005116;3;9.0;74;Ceylan & Pascucci (2023);Experiment 2;Orientation;1;3;9.0;6.0;-26.0;55.0;14;3
16;13;31;18;2.38996669999324;3;-38.0;75;Ceylan & Pascucci (2023);Experiment 2;Orientation;1;3;-38.0;-29.0;-32.0;-64.0;15;3
16;6;6;0;1.55040880001616;3;7.0;76;Ceylan & Pascucci (2023);Experiment 2;Orientation;1;3;7.0;-31.0;-22.0;-25.0;16;3
16;86;80;-6;1.37533629999962;3;-80.0;77;Ceylan & Pascucci (2023);Experiment 2;Orientation;1;3;-80.0;-73.0;69.0;78.0;17;3
16;12;15;3;2.98168960004114;3;74.0;78;Ceylan & Pascucci (2023);Experiment 2;Orientation;1;3;74.0;-6.0;1.0;-37.0;18;3
16;175;156;-19;1.34893620002549;3;17.0;79;Ceylan & Pascucci (2023);Experiment 2;Orientation;1;3;17.0;-89.0;11.0;18.0;19;3
16;82;78;-4;1.16594600002281;3;-87.0;80;Ceylan & Pascucci (2023);Experiment 2;Orientation;1;3;-87.0;-70.0;4.0;-76.0;20;3
16;128;122;-6;1.13259379996452;3;-46.0;81;Ceylan & Pascucci (2023);Experiment 2;Orientation;1;3;-46.0;47.0;64.0;-42.0;21;3
16;178;174;-4;1.77531000005547;3;-50.0;82;Ceylan & Pascucci (2023);Experiment 2;Orientation;1;3;-50.0;84.0;-3.0;14.0;22;3
16;90;87;-3;1.37494769995101;3;88.0;83;Ceylan & Pascucci (2023);Experiment 2;Orientation;1;3;88.0;38.0;-8.0;85.0;23;3
16;130;132;2;1.35835460003;3;-40.0;84;Ceylan & Pascucci (2023);Experiment 2;Orientation;1;3;-40.0;48.0;-2.0;-48.0;24;3
16;78;63;-15;1.01650849997532;3;52.0;85;Ceylan & Pascucci (2023);Experiment 2;Orientation;1;3;52.0;12.0;-80.0;50.0;25;3
16;54;47;-7;1.66646059998311;3;24.0;86;Ceylan & Pascucci (2023);Experiment 2;Orientation;1;3;24.0;76.0;36.0;-56.0;26;3
16;20;34;14;1.34058039996307;3;34.0;87;Ceylan & Pascucci (2023);Experiment 2;Orientation;1;3;34.0;58.0;-70.0;70.0;27;3
16;122;124;2;1.7235662000021;3;78.0;88;Ceylan & Pascucci (2023);Experiment 2;Orientation;1;3;78.0;-68.0;-44.0;8.0;28;3
16;174;166;-8;1.77436409995425;3;-52.0;89;Ceylan & Pascucci (2023);Experiment 2;Orientation;1;3;-52.0;26.0;60.0;84.0;29;3
16;85;65;-20;1.2081430000253;3;89.0;90;Ceylan & Pascucci (2023);Experiment 2;Orientation;1;3;89.0;37.0;-65.0;-31.0;30;3
16;47;51;4;1.66568979993463;4;38.0;91;Ceylan & Pascucci (2023);Experiment 2;Orientation;1;3;;;;;1;4
16;137;143;6;1.20754019997548;4;-90.0;92;Ceylan & Pascucci (2023);Experiment 2;Orientation;1;3;;;;;2;4
16;119;104;-15;1.14995470002759;4;18.0;93;Ceylan & Pascucci (2023);Experiment 2;Orientation;1;3;;;;;3;4
16;6;25;19;1.44925890001468;4;-67.0;94;Ceylan & Pascucci (2023);Experiment 2;Orientation;1;3;;;;;4;4
16;108;123;15;1.47391369997058;4;78.0;95;Ceylan & Pascucci (2023);Experiment 2;Orientation;1;3;78.0;11.0;29.0;-61.0;5;4
16;17;30;13;1.50724880001508;4;-89.0;96;Ceylan & Pascucci (2023);Experiment 2;Orientation;1;3;-89.0;-11.0;-78.0;-60.0;6;4
16;157;153;-4;1.07539899996482;4;40.0;97;Ceylan & Pascucci (2023);Experiment 2;Orientation;1;3;40.0;-49.0;29.0;-38.0;7;4
16;166;155;-11;1.50695320009254;4;-9.0;98;Ceylan & Pascucci (2023);Experiment 2;Orientation;1;3;-9.0;31.0;-58.0;20.0;8;4
16;122;120;-2;1.3580422999803;4;44.0;99;Ceylan & Pascucci (2023);Experiment 2;Orientation;1;3;44.0;35.0;75.0;-14.0;9;4
16;75;74;-1;1.89096760004759;4;47.0;100;Ceylan & Pascucci (2023);Experiment 2;Orientation;1;3;47.0;-89.0;82.0;-58.0;10;4
16;12;26;14;1.35002950008493;4;63.0;101;Ceylan & Pascucci (2023);Experiment 2;Orientation;1;3;63.0;-70.0;-26.0;-35.0;11;4
16;91;90;-1;1.27500659995712;4;-79.0;102;Ceylan & Pascucci (2023);Experiment 2;Orientation;1;3;-79.0;-16.0;31.0;75.0;12;4
16;76;65;-11;1.51565780001692;4;15.0;103;Ceylan & Pascucci (2023);Experiment 2;Orientation;1;3;15.0;-64.0;-1.0;46.0;13;4
16;7;17;10;2.27479749999475;4;69.0;104;Ceylan & Pascucci (2023);Experiment 2;Orientation;1;3;69.0;84.0;5.0;68.0;14;4
16;94;111;17;1.83059509994928;4;-87.0;105;Ceylan & Pascucci (2023);Experiment 2;Orientation;1;3;-87.0;-18.0;-3.0;-82.0;15;4
16;122;121;-1;1.16688629996497;4;-28.0;106;Ceylan & Pascucci (2023);Experiment 2;Orientation;1;3;-28.0;65.0;-46.0;-31.0;16;4
16;145;142;-3;1.65728919999674;4;-23.0;107;Ceylan & Pascucci (2023);Experiment 2;Orientation;1;3;-23.0;-51.0;42.0;-69.0;17;4
16;149;138;-11;1.34094520006329;4;-4.0;108;Ceylan & Pascucci (2023);Experiment 2;Orientation;1;3;-4.0;-27.0;-55.0;38.0;18;4
16;180;0;0;1.07374480005819;4;-31.0;109;Ceylan & Pascucci (2023);Experiment 2;Orientation;1;3;-31.0;-35.0;-58.0;-86.0;19;4
16;7;12;5;1.71561640000436;4;-7.0;110;Ceylan & Pascucci (2023);Experiment 2;Orientation;1;3;-7.0;-38.0;-42.0;-65.0;20;4
16;49;52;3;1.34912499994971;4;-42.0;111;Ceylan & Pascucci (2023);Experiment 2;Orientation;1;3;-42.0;-49.0;-80.0;-84.0;21;4
16;178;165;-13;1.64167270006146;4;51.0;112;Ceylan & Pascucci (2023);Experiment 2;Orientation;1;3;51.0;9.0;2.0;-29.0;22;4
16;38;31;-7;0.957708900095895;4;-40.0;113;Ceylan & Pascucci (2023);Experiment 2;Orientation;1;3;-40.0;11.0;-31.0;-38.0;23;4
16;16;18;2;1.18238429992925;4;22.0;114;Ceylan & Pascucci (2023);Experiment 2;Orientation;1;3;22.0;-18.0;33.0;-9.0;24;4
16;135;116;-19;1.72432160004973;4;61.0;115;Ceylan & Pascucci (2023);Experiment 2;Orientation;1;3;61.0;83.0;43.0;-86.0;25;4
16;151;130;-21;1.3825402999064;4;-16.0;116;Ceylan & Pascucci (2023);Experiment 2;Orientation;1;3;-16.0;45.0;67.0;27.0;26;4
16;136;127;-9;1.29867350007407;4;15.0;117;Ceylan & Pascucci (2023);Experiment 2;Orientation;1;3;15.0;-1.0;60.0;82.0;27;4
16;77;78;1;1.78346490010154;4;59.0;118;Ceylan & Pascucci (2023);Experiment 2;Orientation;1;3;59.0;74.0;58.0;-61.0;28;4
16;118;117;-1;1.30863860005047;4;-41.0;119;Ceylan & Pascucci (2023);Experiment 2;Orientation;1;3;-41.0;18.0;33.0;17.0;29;4
16;161;136;-25;1.22490459994879;4;-43.0;120;Ceylan & Pascucci (2023);Experiment 2;Orientation;1;3;-43.0;-84.0;-25.0;-10.0;30;4
16;103;114;11;1.51637760002632;5;58.0;121;Ceylan & Pascucci (2023);Experiment 2;Orientation;1;3;;;;;1;5
16;114;125;11;1.85846230003517;5;-11.0;122;Ceylan & Pascucci (2023);Experiment 2;Orientation;1;3;;;;;2;5
16;20;22;2;1.31595209997613;5;-86.0;123;Ceylan & Pascucci (2023);Experiment 2;Orientation;1;3;;;;;3;5
16;157;141;-16;1.81686769996304;5;43.0;124;Ceylan & Pascucci (2023);Experiment 2;Orientation;1;3;;;;;4;5
16;59;53;-6;2.50723929994274;5;-82.0;125;Ceylan & Pascucci (2023);Experiment 2;Orientation;1;3;-82.0;-39.0;55.0;44.0;5;5
16;88;88;0;2.08974899991881;5;-29.0;126;Ceylan & Pascucci (2023);Experiment 2;Orientation;1;3;-29.0;69.0;-68.0;26.0;6;5
16;115;99;-16;0.715873999986798;5;-27.0;127;Ceylan & Pascucci (2023);Experiment 2;Orientation;1;3;-27.0;-56.0;42.0;85.0;7;5
16;82;74;-8;0.824875400052406;5;33.0;128;Ceylan & Pascucci (2023);Experiment 2;Orientation;1;3;33.0;6.0;-23.0;75.0;8;5
16;60;45;-15;1.32479179999791;5;22.0;129;Ceylan & Pascucci (2023);Experiment 2;Orientation;1;3;22.0;55.0;28.0;-1.0;9;5
16;59;62;3;1.23365770000964;5;1.0;130;Ceylan & Pascucci (2023);Experiment 2;Orientation;1;3;1.0;23.0;56.0;29.0;10;5
16;43;46;3;2.04896080004983;5;16.0;131;Ceylan & Pascucci (2023);Experiment 2;Orientation;1;3;16.0;17.0;39.0;72.0;11;5
16;10;32;22;1.24910339992493;5;33.0;132;Ceylan & Pascucci (2023);Experiment 2;Orientation;1;3;33.0;49.0;50.0;72.0;12;5
16;6;13;7;1.96585429995321;5;4.0;133;Ceylan & Pascucci (2023);Experiment 2;Orientation;1;3;4.0;37.0;53.0;54.0;13;5
16;12;15;3;1.50734880007803;5;-6.0;134;Ceylan & Pascucci (2023);Experiment 2;Orientation;1;3;-6.0;-2.0;31.0;47.0;14;5
16;120;111;-9;0.87482759996783;5;72.0;135;Ceylan & Pascucci (2023);Experiment 2;Orientation;1;3;72.0;66.0;70.0;-77.0;15;5
16;68;72;4;1.44933810003567;5;52.0;136;Ceylan & Pascucci (2023);Experiment 2;Orientation;1;3;52.0;-56.0;-62.0;-58.0;16;5
16;81;70;-11;2.85748420003802;5;-13.0;137;Ceylan & Pascucci (2023);Experiment 2;Orientation;1;3;-13.0;39.0;-69.0;-75.0;17;5
16;131;118;-13;1.24156330002006;5;-50.0;138;Ceylan & Pascucci (2023);Experiment 2;Orientation;1;3;-50.0;-63.0;-11.0;61.0;18;5
16;97;97;0;1.64192620001268;5;34.0;139;Ceylan & Pascucci (2023);Experiment 2;Orientation;1;3;34.0;-16.0;-29.0;23.0;19;5
16;114;130;16;1.57462960004341;5;-17.0;140;Ceylan & Pascucci (2023);Experiment 2;Orientation;1;3;-17.0;17.0;-33.0;-46.0;20;5
16;31;44;13;1.04857940005604;5;83.0;141;Ceylan & Pascucci (2023);Experiment 2;Orientation;1;3;83.0;66.0;-80.0;50.0;21;5
16;119;126;7;1.23317210003734;5;-88.0;142;Ceylan & Pascucci (2023);Experiment 2;Orientation;1;3;-88.0;-5.0;-22.0;12.0;22;5
16;1;179;-2;2.69918110000435;5;-62.0;143;Ceylan & Pascucci (2023);Experiment 2;Orientation;1;3;-62.0;30.0;-67.0;-84.0;23;5
16;149;141;-8;0.965788100031205;5;32.0;144;Ceylan & Pascucci (2023);Experiment 2;Orientation;1;3;32.0;-30.0;62.0;-35.0;24;5
16;127;124;-3;0.900011999998242;5;22.0;145;Ceylan & Pascucci (2023);Experiment 2;Orientation;1;3;22.0;54.0;-8.0;84.0;25;5
16;158;157;-1;1.18319540005177;5;-31.0;146;Ceylan & Pascucci (2023);Experiment 2;Orientation;1;3;-31.0;-9.0;23.0;-39.0;26;5
16;152;155;3;1.82360020000488;5;6.0;147;Ceylan & Pascucci (2023);Experiment 2;Orientation;1;3;6.0;-25.0;-3.0;29.0;27;5
16;45;34;-11;1.68256660003681;5;-73.0;148;Ceylan & Pascucci (2023);Experiment 2;Orientation;1;3;-73.0;-67.0;82.0;-76.0;28;5
16;178;162;-16;0.966651599970646;5;47.0;149;Ceylan & Pascucci (2023);Experiment 2;Orientation;1;3;47.0;-26.0;-20.0;-51.0;29;5
16;15;20;5;0.850036500021815;5;-17.0;150;Ceylan & Pascucci (2023);Experiment 2;Orientation;1;3;-17.0;30.0;-43.0;-37.0;30;5
16;4;15;11;1.649056400056;6;11.0;151;Ceylan & Pascucci (2023);Experiment 2;Orientation;1;3;;;;;1;6
16;93;104;11;1.64980739995372;6;-89.0;152;Ceylan & Pascucci (2023);Experiment 2;Orientation;1;3;;;;;2;6
16;37;39;2;1.27472500002477;6;56.0;153;Ceylan & Pascucci (2023);Experiment 2;Orientation;1;3;;;;;3;6
16;56;62;6;1.39096099999733;6;-19.0;154;Ceylan & Pascucci (2023);Experiment 2;Orientation;1;3;;;;;4;6
16;26;30;4;1.49141350004356;6;30.0;155;Ceylan & Pascucci (2023);Experiment 2;Orientation;1;3;30.0;11.0;67.0;-22.0;5;6
16;48;51;3;1.43206180003472;6;-22.0;156;Ceylan & Pascucci (2023);Experiment 2;Orientation;1;3;-22.0;8.0;-11.0;45.0;6;6
16;128;119;-9;1.86640089994762;6;-80.0;157;Ceylan & Pascucci (2023);Experiment 2;Orientation;1;3;-80.0;78.0;-72.0;89.0;7;6
16;87;74;-13;1.19906649994664;6;41.0;158;Ceylan & Pascucci (2023);Experiment 2;Orientation;1;3;41.0;-39.0;-61.0;-31.0;8;6
16;13;32;19;1.63144000002649;6;74.0;159;Ceylan & Pascucci (2023);Experiment 2;Orientation;1;3;74.0;-65.0;35.0;13.0;9;6
16;12;23;11;0.933271500049159;6;1.0;160;Ceylan & Pascucci (2023);Experiment 2;Orientation;1;3;1.0;75.0;-64.0;36.0;10;6
16;27;32;5;0.900275600026362;6;-15.0;161;Ceylan & Pascucci (2023);Experiment 2;Orientation;1;3;-15.0;-14.0;60.0;-79.0;11;6
16;87;78;-9;1.75745769997593;6;-60.0;162;Ceylan & Pascucci (2023);Experiment 2;Orientation;1;3;-60.0;-75.0;-74.0;0.0;12;6
16;8;15;7;0.950270799919963;6;79.0;163;Ceylan & Pascucci (2023);Experiment 2;Orientation;1;3;79.0;19.0;4.0;5.0;13;6
16;3;179;-4;2.04023049992975;6;5.0;164;Ceylan & Pascucci (2023);Experiment 2;Orientation;1;3;5.0;84.0;24.0;9.0;14;6
16;152;148;-4;1.09145599999465;6;31.0;165;Ceylan & Pascucci (2023);Experiment 2;Orientation;1;3;31.0;36.0;-65.0;55.0;15;6
16;164;153;-11;0.991400000057183;6;-12.0;166;Ceylan & Pascucci (2023);Experiment 2;Orientation;1;3;-12.0;19.0;24.0;-77.0;16;6
16;99;95;-4;1.29201370000374;6;65.0;167;Ceylan & Pascucci (2023);Experiment 2;Orientation;1;3;65.0;53.0;84.0;89.0;17;6
16;124;129;5;1.57397730008233;6;-25.0;168;Ceylan & Pascucci (2023);Experiment 2;Orientation;1;3;-25.0;40.0;28.0;59.0;18;6
16;81;70;-11;2.01518430002034;6;43.0;169;Ceylan & Pascucci (2023);Experiment 2;Orientation;1;3;43.0;18.0;83.0;71.0;19;6
16;13;21;8;1.75774689996615;6;68.0;170;Ceylan & Pascucci (2023);Experiment 2;Orientation;1;3;68.0;-69.0;86.0;-29.0;20;6
16;139;144;5;1.65021180000622;6;54.0;171;Ceylan & Pascucci (2023);Experiment 2;Orientation;1;3;54.0;-58.0;-15.0;-40.0;21;6
16;52;42;-10;2.09139829990454;6;87.0;172;Ceylan & Pascucci (2023);Experiment 2;Orientation;1;3;87.0;-39.0;29.0;72.0;22;6
16;33;35;2;1.34995649999473;6;19.0;173;Ceylan & Pascucci (2023);Experiment 2;Orientation;1;3;19.0;-74.0;-20.0;48.0;23;6
16;79;69;-10;1.19168009993155;6;-46.0;174;Ceylan & Pascucci (2023);Experiment 2;Orientation;1;3;-46.0;-27.0;60.0;-66.0;24;6
16;73;76;3;1.71576970000751;6;6.0;175;Ceylan & Pascucci (2023);Experiment 2;Orientation;1;3;6.0;-40.0;-21.0;66.0;25;6
16;22;8;-14;1.4334851000458;6;51.0;176;Ceylan & Pascucci (2023);Experiment 2;Orientation;1;3;51.0;57.0;11.0;30.0;26;6
16;35;49;14;0.858703200006858;6;-13.0;177;Ceylan & Pascucci (2023);Experiment 2;Orientation;1;3;-13.0;38.0;44.0;-2.0;27;6
16;101;116;15;2.49884430004749;6;-66.0;178;Ceylan & Pascucci (2023);Experiment 2;Orientation;1;3;-66.0;-79.0;-28.0;-22.0;28;6
16;97;102;5;0.874948800075799;6;4.0;179;Ceylan & Pascucci (2023);Experiment 2;Orientation;1;3;4.0;-62.0;-75.0;-24.0;29;6
16;165;158;-7;1.29185239993967;6;-68.0;180;Ceylan & Pascucci (2023);Experiment 2;Orientation;1;3;-68.0;-64.0;50.0;37.0;30;6
16;114;116;2;1.49160499998834;7;51.0;181;Ceylan & Pascucci (2023);Experiment 2;Orientation;1;3;;;;;1;7
16;88;74;-14;1.01654529990628;7;26.0;182;Ceylan & Pascucci (2023);Experiment 2;Orientation;1;3;;;;;2;7
16;80;74;-6;2.04175580001902;7;8.0;183;Ceylan & Pascucci (2023);Experiment 2;Orientation;1;3;;;;;3;7
16;74;66;-8;1.44095599988941;7;6.0;184;Ceylan & Pascucci (2023);Experiment 2;Orientation;1;3;;;;;4;7
16;128;123;-5;1.19975440006237;7;-54.0;185;Ceylan & Pascucci (2023);Experiment 2;Orientation;1;3;-54.0;-48.0;-40.0;-14.0;5;7
16;99;106;7;1.2239459999837;7;29.0;186;Ceylan & Pascucci (2023);Experiment 2;Orientation;1;3;29.0;-25.0;-19.0;-11.0;6;7
16;123;130;7;1.89154360000975;7;-24.0;187;Ceylan & Pascucci (2023);Experiment 2;Orientation;1;3;-24.0;5.0;-49.0;-43.0;7;7
16;170;176;6;1.50769649993163;7;-47.0;188;Ceylan & Pascucci (2023);Experiment 2;Orientation;1;3;-47.0;-71.0;-42.0;84.0;8;7
16;26;42;16;1.49928450002335;7;-36.0;189;Ceylan & Pascucci (2023);Experiment 2;Orientation;1;3;-36.0;-83.0;73.0;-78.0;9;7
16;177;169;-8;1.09034490003251;7;29.0;190;Ceylan & Pascucci (2023);Experiment 2;Orientation;1;3;29.0;-7.0;-54.0;-78.0;10;7
16;114;103;-11;1.38311429996975;7;63.0;191;Ceylan & Pascucci (2023);Experiment 2;Orientation;1;3;63.0;-88.0;56.0;9.0;11;7
16;160;153;-7;1.38260609994177;7;-46.0;192;Ceylan & Pascucci (2023);Experiment 2;Orientation;1;3;-46.0;17.0;46.0;10.0;12;7
16;85;83;-2;1.83346080000047;7;75.0;193;Ceylan & Pascucci (2023);Experiment 2;Orientation;1;3;75.0;29.0;-88.0;-59.0;13;7
16;47;54;7;1.40734000003431;7;38.0;194;Ceylan & Pascucci (2023);Experiment 2;Orientation;1;3;38.0;-67.0;67.0;-50.0;14;7
16;112;106;-6;2.14891170000192;7;-65.0;195;Ceylan & Pascucci (2023);Experiment 2;Orientation;1;3;-65.0;-27.0;48.0;2.0;15;7
16;148;140;-8;1.05776250001509;7;-36.0;196;Ceylan & Pascucci (2023);Experiment 2;Orientation;1;3;-36.0;79.0;-63.0;12.0;16;7
16;69;70;1;1.41559190000407;7;79.0;197;Ceylan & Pascucci (2023);Experiment 2;Orientation;1;3;79.0;43.0;-22.0;16.0;17;7
16;31;38;7;1.78357349999715;7;38.0;198;Ceylan & Pascucci (2023);Experiment 2;Orientation;1;3;38.0;-63.0;81.0;16.0;18;7
16;154;150;-4;1.16507280000951;7;57.0;199;Ceylan & Pascucci (2023);Experiment 2;Orientation;1;3;57.0;-85.0;-6.0;-42.0;19;7
16;118;106;-12;1.62473709997721;7;36.0;200;Ceylan & Pascucci (2023);Experiment 2;Orientation;1;3;36.0;-87.0;-49.0;30.0;20;7
16;168;161;-7;1.32363450003322;7;-50.0;201;Ceylan & Pascucci (2023);Experiment 2;Orientation;1;3;-50.0;-14.0;43.0;81.0;21;7
16;30;42;12;1.13273830001708;7;-42.0;202;Ceylan & Pascucci (2023);Experiment 2;Orientation;1;3;-42.0;88.0;-56.0;1.0;22;7
16;154;155;1;0.982474299962632;7;56.0;203;Ceylan & Pascucci (2023);Experiment 2;Orientation;1;3;56.0;14.0;-36.0;0.0;23;7
16;49;49;0;1.41688670008443;7;-75.0;204;Ceylan & Pascucci (2023);Experiment 2;Orientation;1;3;-75.0;-19.0;-61.0;69.0;24;7
16;160;163;3;1.9155586999841;7;69.0;205;Ceylan & Pascucci (2023);Experiment 2;Orientation;1;3;69.0;-6.0;50.0;8.0;25;7
16;61;60;-1;1.1669098000275;7;-81.0;206;Ceylan & Pascucci (2023);Experiment 2;Orientation;1;3;-81.0;-12.0;-87.0;-31.0;26;7
16;175;167;-8;1.78355960000772;7;66.0;207;Ceylan & Pascucci (2023);Experiment 2;Orientation;1;3;66.0;-15.0;54.0;-21.0;27;7
16;115;120;5;1.68234249996021;7;60.0;208;Ceylan & Pascucci (2023);Experiment 2;Orientation;1;3;60.0;-54.0;45.0;-66.0;28;7
16;61;49;-12;1.95856900000945;7;54.0;209;Ceylan & Pascucci (2023);Experiment 2;Orientation;1;3;54.0;-66.0;0.0;-81.0;29;7
16;38;42;4;1.69011889991816;7;23.0;210;Ceylan & Pascucci (2023);Experiment 2;Orientation;1;3;23.0;77.0;-43.0;23.0;30;7
16;69;57;-12;1.51596760004759;8;-31.0;211;Ceylan & Pascucci (2023);Experiment 2;Orientation;1;3;;;;;1;8
16;155;141;-14;1.21590519999154;8;-86.0;212;Ceylan & Pascucci (2023);Experiment 2;Orientation;1;3;;;;;2;8
16;120;138;18;1.54861579998396;8;35.0;213;Ceylan & Pascucci (2023);Experiment 2;Orientation;1;3;;;;;3;8
16;87;77;-10;1.64175850001629;8;33.0;214;Ceylan & Pascucci (2023);Experiment 2;Orientation;1;3;;;;;4;8
16;82;74;-8;1.15816400002223;8;5.0;215;Ceylan & Pascucci (2023);Experiment 2;Orientation;1;3;5.0;38.0;73.0;-13.0;5;8
16;56;46;-10;1.34969139995519;8;26.0;216;Ceylan & Pascucci (2023);Experiment 2;Orientation;1;3;26.0;31.0;64.0;-81.0;6;8
16;30;30;0;1.4914534999989;8;26.0;217;Ceylan & Pascucci (2023);Experiment 2;Orientation;1;3;26.0;52.0;57.0;90.0;7;8
16;145;149;4;1.21694820001721;8;65.0;218;Ceylan & Pascucci (2023);Experiment 2;Orientation;1;3;65.0;-89.0;-63.0;-58.0;8;8
16;176;167;-9;1.02497040003072;8;-31.0;219;Ceylan & Pascucci (2023);Experiment 2;Orientation;1;3;-31.0;34.0;60.0;86.0;9;8
16;60;65;5;1.00869930000044;8;-64.0;220;Ceylan & Pascucci (2023);Experiment 2;Orientation;1;3;-64.0;85.0;-30.0;-4.0;10;8
16;61;60;-1;1.98339229996782;8;-1.0;221;Ceylan & Pascucci (2023);Experiment 2;Orientation;1;3;-1.0;-65.0;84.0;-31.0;11;8
16;146;139;-7;0.974885699921288;8;-85.0;222;Ceylan & Pascucci (2023);Experiment 2;Orientation;1;3;-85.0;-86.0;30.0;-1.0;12;8
16;63;65;2;1.69167479989119;8;83.0;223;Ceylan & Pascucci (2023);Experiment 2;Orientation;1;3;83.0;-2.0;-3.0;-67.0;13;8
16;37;34;-3;1.84843979997095;8;26.0;224;Ceylan & Pascucci (2023);Experiment 2;Orientation;1;3;26.0;-71.0;24.0;23.0;14;8
16;121;123;2;1.10013330006041;8;-84.0;225;Ceylan & Pascucci (2023);Experiment 2;Orientation;1;3;-84.0;-58.0;25.0;-60.0;15;8
16;154;151;-3;1.37432439997792;8;-33.0;226;Ceylan & Pascucci (2023);Experiment 2;Orientation;1;3;-33.0;63.0;89.0;-8.0;16;8
16;27;19;-8;1.75852300005499;8;-53.0;227;Ceylan & Pascucci (2023);Experiment 2;Orientation;1;3;-53.0;-86.0;10.0;36.0;17;8
16;170;158;-12;1.37387109990232;8;37.0;228;Ceylan & Pascucci (2023);Experiment 2;Orientation;1;3;37.0;-16.0;-49.0;47.0;18;8
16;3;8;5;2.34972219995689;8;-13.0;229;Ceylan & Pascucci (2023);Experiment 2;Orientation;1;3;-13.0;24.0;-29.0;-62.0;19;8
16;84;85;1;1.57481260003988;8;-81.0;230;Ceylan & Pascucci (2023);Experiment 2;Orientation;1;3;-81.0;86.0;-57.0;70.0;20;8
16;158;159;1;1.55001609993633;8;-74.0;231;Ceylan & Pascucci (2023);Experiment 2;Orientation;1;3;-74.0;25.0;12.0;49.0;21;8
16;3;0;-3;2.08200420008507;8;-25.0;232;Ceylan & Pascucci (2023);Experiment 2;Orientation;1;3;-25.0;81.0;0.0;-13.0;22;8
16;178;169;-9;1.67516169999726;8;5.0;233;Ceylan & Pascucci (2023);Experiment 2;Orientation;1;3;5.0;-20.0;86.0;5.0;23;8
16;17;37;20;1.60806959995534;8;-19.0;234;Ceylan & Pascucci (2023);Experiment 2;Orientation;1;3;-19.0;-14.0;-39.0;67.0;24;8
16;162;140;-22;1.21640419994947;8;35.0;235;Ceylan & Pascucci (2023);Experiment 2;Orientation;1;3;35.0;16.0;21.0;-4.0;25;8
16;162;165;3;1.62489550001919;8;0.0;236;Ceylan & Pascucci (2023);Experiment 2;Orientation;1;3;0.0;35.0;16.0;21.0;26;8
16;70;61;-9;1.53322260000277;8;-88.0;237;Ceylan & Pascucci (2023);Experiment 2;Orientation;1;3;-88.0;-88.0;-53.0;-72.0;27;8
16;37;28;-9;1.13371530000586;8;33.0;238;Ceylan & Pascucci (2023);Experiment 2;Orientation;1;3;33.0;-55.0;-55.0;-20.0;28;8
16;37;33;-4;1.10869439993985;8;0.0;239;Ceylan & Pascucci (2023);Experiment 2;Orientation;1;3;0.0;33.0;-55.0;-55.0;29;8
16;148;138;-10;1.89906999992672;8;69.0;240;Ceylan & Pascucci (2023);Experiment 2;Orientation;1;3;69.0;69.0;-78.0;14.0;30;8
16;158;165;7;1.3575788999442;9;-10.0;241;Ceylan & Pascucci (2023);Experiment 2;Orientation;1;3;;;;;1;9
16;84;66;-18;1.04917289991863;9;74.0;242;Ceylan & Pascucci (2023);Experiment 2;Orientation;1;3;;;;;2;9
16;121;118;-3;2.34926450008061;9;-37.0;243;Ceylan & Pascucci (2023);Experiment 2;Orientation;1;3;;;;;3;9
16;164;163;-1;1.19878759991843;9;-43.0;244;Ceylan & Pascucci (2023);Experiment 2;Orientation;1;3;;;;;4;9
16;55;34;-21;1.29933019995224;9;-71.0;245;Ceylan & Pascucci (2023);Experiment 2;Orientation;1;3;-71.0;66.0;29.0;-77.0;5;9
16;117;113;-4;1.80740839999635;9;-62.0;246;Ceylan & Pascucci (2023);Experiment 2;Orientation;1;3;-62.0;47.0;4.0;-33.0;6;9
16;24;30;6;1.98208019998856;9;-87.0;247;Ceylan & Pascucci (2023);Experiment 2;Orientation;1;3;-87.0;31.0;-40.0;-83.0;7;9
16;56;55;-1;0.949941099970601;9;-32.0;248;Ceylan & Pascucci (2023);Experiment 2;Orientation;1;3;-32.0;61.0;-1.0;-72.0;8;9
16;22;15;-7;1.80699100007769;9;34.0;249;Ceylan & Pascucci (2023);Experiment 2;Orientation;1;3;34.0;2.0;-85.0;33.0;9;9
16;167;156;-11;2.15734919998795;9;35.0;250;Ceylan & Pascucci (2023);Experiment 2;Orientation;1;3;35.0;69.0;37.0;-50.0;10;9
16;156;139;-17;1.34155119990464;9;11.0;251;Ceylan & Pascucci (2023);Experiment 2;Orientation;1;3;11.0;46.0;80.0;48.0;11;9
16;156;135;-21;1.65807360003237;9;0.0;252;Ceylan & Pascucci (2023);Experiment 2;Orientation;1;3;0.0;11.0;46.0;80.0;12;9
16;73;62;-11;1.86512319999747;9;83.0;253;Ceylan & Pascucci (2023);Experiment 2;Orientation;1;3;83.0;83.0;-86.0;-51.0;13;9
16;113;112;-1;1.33363470004406;9;-40.0;254;Ceylan & Pascucci (2023);Experiment 2;Orientation;1;3;-40.0;43.0;43.0;54.0;14;9
16;88;95;7;1.89178099995479;9;25.0;255;Ceylan & Pascucci (2023);Experiment 2;Orientation;1;3;25.0;-15.0;68.0;68.0;15;9
16;173;146;-27;1.45692420005798;9;-85.0;256;Ceylan & Pascucci (2023);Experiment 2;Orientation;1;3;-85.0;-60.0;80.0;-17.0;16;9
16;98;98;0;0.814904000028037;9;75.0;257;Ceylan & Pascucci (2023);Experiment 2;Orientation;1;3;75.0;-10.0;15.0;-25.0;17;9
16;101;105;4;1.48298839991912;9;-3.0;258;Ceylan & Pascucci (2023);Experiment 2;Orientation;1;3;-3.0;72.0;-13.0;12.0;18;9
16;46;59;13;1.87517580005806;9;55.0;259;Ceylan & Pascucci (2023);Experiment 2;Orientation;1;3;55.0;52.0;-53.0;42.0;19;9
16;102;109;7;1.19200669997372;9;-56.0;260;Ceylan & Pascucci (2023);Experiment 2;Orientation;1;3;-56.0;-1.0;-4.0;71.0;20;9
16;103;109;6;1.7334251999855;9;-1.0;261;Ceylan & Pascucci (2023);Experiment 2;Orientation;1;3;-1.0;-57.0;-2.0;-5.0;21;9
16;28;33;5;0.875007599941455;9;75.0;262;Ceylan & Pascucci (2023);Experiment 2;Orientation;1;3;75.0;74.0;18.0;73.0;22;9
16;40;46;6;1.39997629995923;9;-12.0;263;Ceylan & Pascucci (2023);Experiment 2;Orientation;1;3;-12.0;63.0;62.0;6.0;23;9
16;35;38;3;1.45019899995532;9;5.0;264;Ceylan & Pascucci (2023);Experiment 2;Orientation;1;3;5.0;-7.0;68.0;67.0;24;9
16;128;122;-6;0.991033900063485;9;87.0;265;Ceylan & Pascucci (2023);Experiment 2;Orientation;1;3;87.0;-88.0;80.0;-25.0;25;9
16;145;144;-1;1.9247510000132;9;-17.0;266;Ceylan & Pascucci (2023);Experiment 2;Orientation;1;3;-17.0;70.0;75.0;63.0;26;9
16;8;18;10;1.04160569992382;9;-43.0;267;Ceylan & Pascucci (2023);Experiment 2;Orientation;1;3;-43.0;-60.0;27.0;32.0;27;9
16;10;19;9;1.2166027999483;9;-2.0;268;Ceylan & Pascucci (2023);Experiment 2;Orientation;1;3;-2.0;-45.0;-62.0;25.0;28;9
16;148;150;2;1.29183969995938;9;42.0;269;Ceylan & Pascucci (2023);Experiment 2;Orientation;1;3;42.0;40.0;-3.0;-20.0;29;9
16;116;107;-9;1.04156990000047;9;32.0;270;Ceylan & Pascucci (2023);Experiment 2;Orientation;1;3;32.0;74.0;72.0;29.0;30;9
16;108;121;13;1.59981839999091;10;8.0;271;Ceylan & Pascucci (2023);Experiment 2;Orientation;1;3;;;;;1;10
16;138;130;-8;1.38264070008881;10;-30.0;272;Ceylan & Pascucci (2023);Experiment 2;Orientation;1;3;;;;;2;10
16;46;42;-4;1.3249260999728;10;-88.0;273;Ceylan & Pascucci (2023);Experiment 2;Orientation;1;3;;;;;3;10
16;153;145;-8;1.64077400008682;10;73.0;274;Ceylan & Pascucci (2023);Experiment 2;Orientation;1;3;;;;;4;10
16;95;99;4;1.14161759999115;10;58.0;275;Ceylan & Pascucci (2023);Experiment 2;Orientation;1;3;58.0;-49.0;43.0;13.0;5;10
16;32;40;8;1.79069269995671;10;63.0;276;Ceylan & Pascucci (2023);Experiment 2;Orientation;1;3;63.0;-59.0;14.0;-74.0;6;10
16;70;75;5;0.908614200074226;10;-38.0;277;Ceylan & Pascucci (2023);Experiment 2;Orientation;1;3;-38.0;25.0;83.0;-24.0;7;10
16;122;118;-4;1.7249302000273;10;-52.0;278;Ceylan & Pascucci (2023);Experiment 2;Orientation;1;3;-52.0;90.0;-27.0;31.0;8;10
16;110;118;8;1.30035239993595;10;12.0;279;Ceylan & Pascucci (2023);Experiment 2;Orientation;1;3;12.0;-40.0;-78.0;-15.0;9;10
16;40;43;3;1.66659280005842;10;70.0;280;Ceylan & Pascucci (2023);Experiment 2;Orientation;1;3;70.0;82.0;30.0;-8.0;10;10
16;63;46;-17;1.1249008999439;10;-23.0;281;Ceylan & Pascucci (2023);Experiment 2;Orientation;1;3;-23.0;47.0;59.0;7.0;11;10
16;23;18;-5;1.90728439996019;10;40.0;282;Ceylan & Pascucci (2023);Experiment 2;Orientation;1;3;40.0;17.0;87.0;-81.0;12;10
16;25;21;-4;2.03327620006166;10;-2.0;283;Ceylan & Pascucci (2023);Experiment 2;Orientation;1;3;-2.0;38.0;15.0;85.0;13;10
16;117;117;0;0.816604599938728;10;88.0;284;Ceylan & Pascucci (2023);Experiment 2;Orientation;1;3;88.0;86.0;-54.0;-77.0;14;10
16;126;119;-7;1.16661590000149;10;-9.0;285;Ceylan & Pascucci (2023);Experiment 2;Orientation;1;3;-9.0;79.0;77.0;-63.0;15;10
16;20;13;-7;1.64874119998422;10;-74.0;286;Ceylan & Pascucci (2023);Experiment 2;Orientation;1;3;-74.0;-83.0;5.0;3.0;16;10
16;135;131;-4;1.13200370001141;10;65.0;287;Ceylan & Pascucci (2023);Experiment 2;Orientation;1;3;65.0;-9.0;-18.0;70.0;17;10
16;74;66;-8;1.73220690002199;10;61.0;288;Ceylan & Pascucci (2023);Experiment 2;Orientation;1;3;61.0;-54.0;52.0;43.0;18;10
16;42;50;8;1.25778890005313;10;32.0;289;Ceylan & Pascucci (2023);Experiment 2;Orientation;1;3;32.0;-87.0;-22.0;84.0;19;10
16;27;30;3;2.02492659993004;10;15.0;290;Ceylan & Pascucci (2023);Experiment 2;Orientation;1;3;15.0;47.0;-72.0;-7.0;20;10
16;82;75;-7;1.21564190008212;10;-55.0;291;Ceylan & Pascucci (2023);Experiment 2;Orientation;1;3;-55.0;-40.0;-8.0;53.0;21;10
16;22;27;5;1.42526839999482;10;60.0;292;Ceylan & Pascucci (2023);Experiment 2;Orientation;1;3;60.0;5.0;20.0;52.0;22;10
16;122;110;-12;1.23196140001528;10;80.0;293;Ceylan & Pascucci (2023);Experiment 2;Orientation;1;3;80.0;-40.0;85.0;-80.0;23;10
16;7;9;2;0.717045500059612;10;-65.0;294;Ceylan & Pascucci (2023);Experiment 2;Orientation;1;3;-65.0;15.0;75.0;20.0;24;10
16;134;128;-6;1.44941689993721;10;53.0;295;Ceylan & Pascucci (2023);Experiment 2;Orientation;1;3;53.0;-12.0;68.0;-52.0;25;10
16;63;71;8;1.3994199000299;10;71.0;296;Ceylan & Pascucci (2023);Experiment 2;Orientation;1;3;71.0;-56.0;59.0;-41.0;26;10
16;125;135;10;1.20826350001153;10;-62.0;297;Ceylan & Pascucci (2023);Experiment 2;Orientation;1;3;-62.0;9.0;62.0;-3.0;27;10
16;24;37;13;1.67433859989978;10;-79.0;298;Ceylan & Pascucci (2023);Experiment 2;Orientation;1;3;-79.0;39.0;-70.0;-17.0;28;10
16;168;161;-7;0.866603499976918;10;36.0;299;Ceylan & Pascucci (2023);Experiment 2;Orientation;1;3;36.0;-43.0;75.0;-34.0;29;10
16;162;165;3;1.40738260000944;10;6.0;300;Ceylan & Pascucci (2023);Experiment 2;Orientation;1;3;6.0;42.0;-37.0;81.0;30;10
17;32;33;1;1.19056060002185;1;;1;Ceylan & Pascucci (2023);Experiment 2;Orientation;1;3;;;;;1;1
17;41;31;-10;1.24190429993905;1;-9.0;2;Ceylan & Pascucci (2023);Experiment 2;Orientation;1;3;;;;;2;1
17;103;101;-2;1.3493165000109;1;-62.0;3;Ceylan & Pascucci (2023);Experiment 2;Orientation;1;3;;;;;3;1
17;13;16;3;0.741545700002462;1;90.0;4;Ceylan & Pascucci (2023);Experiment 2;Orientation;1;3;;;;;4;1
17;101;107;6;1.24107630003709;1;-88.0;5;Ceylan & Pascucci (2023);Experiment 2;Orientation;1;3;-88.0;2.0;-60.0;-69.0;5;1
17;116;111;-5;0.649755700025707;1;-15.0;6;Ceylan & Pascucci (2023);Experiment 2;Orientation;1;3;-15.0;77.0;-13.0;-75.0;6;1
17;24;31;7;1.12497850006912;1;-88.0;7;Ceylan & Pascucci (2023);Experiment 2;Orientation;1;3;-88.0;77.0;-11.0;79.0;7;1
17;76;67;-9;1.62393460003659;1;-52.0;8;Ceylan & Pascucci (2023);Experiment 2;Orientation;1;3;-52.0;40.0;25.0;-63.0;8;1
17;71;45;-26;1.19063959992491;1;5.0;9;Ceylan & Pascucci (2023);Experiment 2;Orientation;1;3;5.0;-47.0;45.0;30.0;9;1
17;84;75;-9;0.966455399990082;1;-13.0;10;Ceylan & Pascucci (2023);Experiment 2;Orientation;1;3;-13.0;-8.0;-60.0;32.0;10;1
17;13;21;8;1.14947389997542;1;71.0;11;Ceylan & Pascucci (2023);Experiment 2;Orientation;1;3;71.0;58.0;63.0;11.0;11;1
17;86;90;4;1.88360709999688;1;-73.0;12;Ceylan & Pascucci (2023);Experiment 2;Orientation;1;3;-73.0;-2.0;-15.0;-10.0;12;1
17;137;125;-12;1.26552379992791;1;-51.0;13;Ceylan & Pascucci (2023);Experiment 2;Orientation;1;3;-51.0;56.0;-53.0;-66.0;13;1
17;142;141;-1;1.44896449998487;1;-5.0;14;Ceylan & Pascucci (2023);Experiment 2;Orientation;1;3;-5.0;-56.0;51.0;-58.0;14;1
17;121;119;-2;1.36559470009524;1;21.0;15;Ceylan & Pascucci (2023);Experiment 2;Orientation;1;3;21.0;16.0;-35.0;72.0;15;1
17;165;144;-21;1.82486629998311;1;-44.0;16;Ceylan & Pascucci (2023);Experiment 2;Orientation;1;3;-44.0;-23.0;-28.0;-79.0;16;1
17;112;112;0;0.849880099995062;1;53.0;17;Ceylan & Pascucci (2023);Experiment 2;Orientation;1;3;53.0;9.0;30.0;25.0;17;1
17;160;155;-5;0.792022600071505;1;-48.0;18;Ceylan & Pascucci (2023);Experiment 2;Orientation;1;3;-48.0;5.0;-39.0;-18.0;18;1
17;111;111;0;0.733735200017691;1;49.0;19;Ceylan & Pascucci (2023);Experiment 2;Orientation;1;3;49.0;1.0;54.0;10.0;19;1
17;150;144;-6;1.53357620001771;1;-39.0;20;Ceylan & Pascucci (2023);Experiment 2;Orientation;1;3;-39.0;10.0;-38.0;15.0;20;1
17;129;54;-75;1.19024989998434;1;21.0;21;Ceylan & Pascucci (2023);Experiment 2;Orientation;1;3;21.0;-18.0;31.0;-17.0;21;1
17;162;158;-4;0.999995399964973;1;-33.0;22;Ceylan & Pascucci (2023);Experiment 2;Orientation;1;3;-33.0;-12.0;-51.0;-2.0;22;1
17;22;33;11;0.942048400058411;1;-40.0;23;Ceylan & Pascucci (2023);Experiment 2;Orientation;1;3;-40.0;-73.0;-52.0;89.0;23;1
17;179;3;4;2.390637399978;1;23.0;24;Ceylan & Pascucci (2023);Experiment 2;Orientation;1;3;23.0;-17.0;-50.0;-29.0;24;1
17;41;29;-12;1.47524340008385;1;-42.0;25;Ceylan & Pascucci (2023);Experiment 2;Orientation;1;3;-42.0;-19.0;-59.0;88.0;25;1
17;170;179;9;1.10021100006998;1;51.0;26;Ceylan & Pascucci (2023);Experiment 2;Orientation;1;3;51.0;9.0;32.0;-8.0;26;1
17;72;58;-14;1.24189459998161;1;-82.0;27;Ceylan & Pascucci (2023);Experiment 2;Orientation;1;3;-82.0;-31.0;-73.0;-50.0;27;1
17;119;110;-9;0.95772860001307;1;-47.0;28;Ceylan & Pascucci (2023);Experiment 2;Orientation;1;3;-47.0;51.0;-78.0;60.0;28;1
17;105;109;4;1.29209750005975;1;14.0;29;Ceylan & Pascucci (2023);Experiment 2;Orientation;1;3;14.0;-33.0;65.0;-64.0;29;1
17;32;36;4;1.19029139995109;1;73.0;30;Ceylan & Pascucci (2023);Experiment 2;Orientation;1;3;73.0;87.0;40.0;-42.0;30;1
17;48;37;-11;0.715278499992564;2;-16.0;31;Ceylan & Pascucci (2023);Experiment 2;Orientation;1;3;;;;;1;2
17;166;172;6;1.83228329999838;2;62.0;32;Ceylan & Pascucci (2023);Experiment 2;Orientation;1;3;;;;;2;2
17;99;99;0;1.08235400007106;2;67.0;33;Ceylan & Pascucci (2023);Experiment 2;Orientation;1;3;;;;;3;2
17;29;40;11;1.04935499990825;2;70.0;34;Ceylan & Pascucci (2023);Experiment 2;Orientation;1;3;;;;;4;2
17;76;61;-15;1.37389819999225;2;-47.0;35;Ceylan & Pascucci (2023);Experiment 2;Orientation;1;3;-47.0;23.0;90.0;-28.0;5;2
17;165;163;-2;1.50860779988579;2;-89.0;36;Ceylan & Pascucci (2023);Experiment 2;Orientation;1;3;-89.0;44.0;-66.0;1.0;6;2
17;180;0;0;1.3906563000055;2;-15.0;37;Ceylan & Pascucci (2023);Experiment 2;Orientation;1;3;-15.0;76.0;29.0;-81.0;7;2
17;9;4;-5;1.02532100002281;2;-9.0;38;Ceylan & Pascucci (2023);Experiment 2;Orientation;1;3;-9.0;-24.0;67.0;20.0;8;2
17;32;26;-6;1.3248815999832;2;-23.0;39;Ceylan & Pascucci (2023);Experiment 2;Orientation;1;3;-23.0;-32.0;-47.0;44.0;9;2
17;130;147;17;1.07332099997438;2;82.0;40;Ceylan & Pascucci (2023);Experiment 2;Orientation;1;3;82.0;59.0;50.0;35.0;10;2
17;115;113;-2;0.425002800067887;2;15.0;41;Ceylan & Pascucci (2023);Experiment 2;Orientation;1;3;15.0;-83.0;74.0;65.0;11;2
17;48;39;-9;0.641581800067797;2;67.0;42;Ceylan & Pascucci (2023);Experiment 2;Orientation;1;3;67.0;82.0;-16.0;-39.0;12;2
17;50;44;-6;0.624957400024869;2;-2.0;43;Ceylan & Pascucci (2023);Experiment 2;Orientation;1;3;-2.0;65.0;80.0;-18.0;13;2
17;76;68;-8;1.34899379999842;2;-26.0;44;Ceylan & Pascucci (2023);Experiment 2;Orientation;1;3;-26.0;-28.0;39.0;54.0;14;2
17;53;54;1;1.23212240007706;2;23.0;45;Ceylan & Pascucci (2023);Experiment 2;Orientation;1;3;23.0;-3.0;-5.0;62.0;15;2
17;26;26;0;1.11651369999163;2;27.0;46;Ceylan & Pascucci (2023);Experiment 2;Orientation;1;3;27.0;50.0;24.0;22.0;16;2
17;173;0;7;0.617040099925362;2;33.0;47;Ceylan & Pascucci (2023);Experiment 2;Orientation;1;3;33.0;60.0;83.0;57.0;17;2
17;118;126;8;0.941597900004126;2;55.0;48;Ceylan & Pascucci (2023);Experiment 2;Orientation;1;3;55.0;88.0;-65.0;-42.0;18;2
17;165;170;5;0.683245199965313;2;-47.0;49;Ceylan & Pascucci (2023);Experiment 2;Orientation;1;3;-47.0;8.0;41.0;68.0;19;2
17;141;156;15;0.77535979996901;2;24.0;50;Ceylan & Pascucci (2023);Experiment 2;Orientation;1;3;24.0;-23.0;32.0;65.0;20;2
17;46;43;-3;0.958271999959834;2;-85.0;51;Ceylan & Pascucci (2023);Experiment 2;Orientation;1;3;-85.0;-61.0;72.0;-53.0;21;2
17;3;4;1;2.14195289998315;2;43.0;52;Ceylan & Pascucci (2023);Experiment 2;Orientation;1;3;43.0;-42.0;-18.0;-65.0;22;2
17;44;40;-4;1.25794750009663;2;-41.0;53;Ceylan & Pascucci (2023);Experiment 2;Orientation;1;3;-41.0;2.0;-83.0;-59.0;23;2
17;44;49;5;1.27403059997596;2;0.0;54;Ceylan & Pascucci (2023);Experiment 2;Orientation;1;3;0.0;-41.0;2.0;-83.0;24;2
17;89;73;-16;0.833708800026216;2;-45.0;55;Ceylan & Pascucci (2023);Experiment 2;Orientation;1;3;-45.0;-45.0;-86.0;-43.0;25;2
17;129;130;1;1.01657630002592;2;-40.0;56;Ceylan & Pascucci (2023);Experiment 2;Orientation;1;3;-40.0;-85.0;-85.0;54.0;26;2
17;107;121;14;1.47406169993337;2;22.0;57;Ceylan & Pascucci (2023);Experiment 2;Orientation;1;3;22.0;-18.0;-63.0;-63.0;27;2
17;153;145;-8;1.31663149991073;2;-46.0;58;Ceylan & Pascucci (2023);Experiment 2;Orientation;1;3;-46.0;-24.0;-64.0;71.0;28;2
17;79;75;-4;1.1241117999889;2;74.0;59;Ceylan & Pascucci (2023);Experiment 2;Orientation;1;3;74.0;28.0;50.0;10.0;29;2
17;97;101;4;1.27528669999447;2;-18.0;60;Ceylan & Pascucci (2023);Experiment 2;Orientation;1;3;-18.0;56.0;10.0;32.0;30;2
17;109;116;7;0.591880299965851;3;-12.0;61;Ceylan & Pascucci (2023);Experiment 2;Orientation;1;3;;;;;1;3
17;69;68;-1;0.657460099901073;3;40.0;62;Ceylan & Pascucci (2023);Experiment 2;Orientation;1;3;;;;;2;3
17;80;86;6;0.724856599932536;3;-11.0;63;Ceylan & Pascucci (2023);Experiment 2;Orientation;1;3;;;;;3;3
17;168;176;8;1.68227420002222;3;-88.0;64;Ceylan & Pascucci (2023);Experiment 2;Orientation;1;3;;;;;4;3
17;162;173;11;1.75840629998129;3;6.0;65;Ceylan & Pascucci (2023);Experiment 2;Orientation;1;3;6.0;-82.0;87.0;-53.0;5;3
17;125;131;6;1.84035519999452;3;37.0;66;Ceylan & Pascucci (2023);Experiment 2;Orientation;1;3;37.0;43.0;-45.0;-56.0;6;3
17;36;35;-1;1.1159437999595;3;89.0;67;Ceylan & Pascucci (2023);Experiment 2;Orientation;1;3;89.0;-54.0;-48.0;44.0;7;3
17;159;157;-2;1.77479749999475;3;57.0;68;Ceylan & Pascucci (2023);Experiment 2;Orientation;1;3;57.0;-34.0;3.0;9.0;8;3
17;112;137;25;1.46568809996825;3;47.0;69;Ceylan & Pascucci (2023);Experiment 2;Orientation;1;3;47.0;-76.0;13.0;50.0;9;3
17;3;5;2;1.16573650005739;3;-71.0;70;Ceylan & Pascucci (2023);Experiment 2;Orientation;1;3;-71.0;-24.0;33.0;-58.0;10;3
17;64;55;-9;0.691784500028007;3;-61.0;71;Ceylan & Pascucci (2023);Experiment 2;Orientation;1;3;-61.0;48.0;-85.0;-28.0;11;3
17;143;145;2;1.0906576999696;3;-79.0;72;Ceylan & Pascucci (2023);Experiment 2;Orientation;1;3;-79.0;40.0;-31.0;16.0;12;3
17;12;12;0;0.99189970002044;3;-49.0;73;Ceylan & Pascucci (2023);Experiment 2;Orientation;1;3;-49.0;52.0;-9.0;-80.0;13;3
17;9;4;-5;1.07409339991864;3;3.0;74;Ceylan & Pascucci (2023);Experiment 2;Orientation;1;3;3.0;-46.0;55.0;-6.0;14;3
17;77;73;-4;0.732009700033814;3;-68.0;75;Ceylan & Pascucci (2023);Experiment 2;Orientation;1;3;-68.0;-65.0;66.0;-13.0;15;3
17;135;137;2;1.40815170004498;3;-58.0;76;Ceylan & Pascucci (2023);Experiment 2;Orientation;1;3;-58.0;54.0;57.0;8.0;16;3
17;112;125;13;1.3823300000513;3;23.0;77;Ceylan & Pascucci (2023);Experiment 2;Orientation;1;3;23.0;-35.0;77.0;80.0;17;3
17;26;30;4;1.03320880001411;3;86.0;78;Ceylan & Pascucci (2023);Experiment 2;Orientation;1;3;86.0;-71.0;51.0;-17.0;18;3
17;34;41;7;1.09063630003948;3;-8.0;79;Ceylan & Pascucci (2023);Experiment 2;Orientation;1;3;-8.0;78.0;-79.0;43.0;19;3
17;99;89;-10;1.63319760002196;3;-65.0;80;Ceylan & Pascucci (2023);Experiment 2;Orientation;1;3;-65.0;-73.0;13.0;36.0;20;3
17;179;173;-6;0.97483610000927;3;-80.0;81;Ceylan & Pascucci (2023);Experiment 2;Orientation;1;3;-80.0;35.0;27.0;-67.0;21;3
17;145;155;10;1.70793170004617;3;34.0;82;Ceylan & Pascucci (2023);Experiment 2;Orientation;1;3;34.0;-46.0;69.0;61.0;22;3
17;89;86;-3;1.17480969999451;3;56.0;83;Ceylan & Pascucci (2023);Experiment 2;Orientation;1;3;56.0;90.0;10.0;-55.0;23;3
17;168;169;1;1.49980579991825;3;-79.0;84;Ceylan & Pascucci (2023);Experiment 2;Orientation;1;3;-79.0;-23.0;11.0;-69.0;24;3
17;21;15;-6;1.69058379996568;3;-33.0;85;Ceylan & Pascucci (2023);Experiment 2;Orientation;1;3;-33.0;68.0;-56.0;-22.0;25;3
17;123;111;-12;0.958188300020993;3;78.0;86;Ceylan & Pascucci (2023);Experiment 2;Orientation;1;3;78.0;45.0;-34.0;22.0;26;3
17;13;15;2;1.42514469998423;3;-70.0;87;Ceylan & Pascucci (2023);Experiment 2;Orientation;1;3;-70.0;8.0;-25.0;76.0;27;3
17;165;163;-2;1.22485680005047;3;28.0;88;Ceylan & Pascucci (2023);Experiment 2;Orientation;1;3;28.0;-42.0;36.0;3.0;28;3
17;15;16;1;0.950342800002545;3;-30.0;89;Ceylan & Pascucci (2023);Experiment 2;Orientation;1;3;-30.0;-2.0;-72.0;6.0;29;3
17;170;162;-8;0.650023800088093;3;25.0;90;Ceylan & Pascucci (2023);Experiment 2;Orientation;1;3;25.0;-5.0;23.0;-47.0;30;3
17;168;97;-71;2.31581350008491;4;2.0;91;Ceylan & Pascucci (2023);Experiment 2;Orientation;1;3;;;;;1;4
17;177;176;-1;0.542071699979715;4;-9.0;92;Ceylan & Pascucci (2023);Experiment 2;Orientation;1;3;;;;;2;4
17;76;83;7;0.94149350002408;4;-79.0;93;Ceylan & Pascucci (2023);Experiment 2;Orientation;1;3;;;;;3;4
17;72;64;-8;1.30854009999894;4;4.0;94;Ceylan & Pascucci (2023);Experiment 2;Orientation;1;3;;;;;4;4
17;155;165;10;1.54313839995302;4;-83.0;95;Ceylan & Pascucci (2023);Experiment 2;Orientation;1;3;-83.0;-79.0;22.0;13.0;5;4
17;72;67;-5;1.31515029992443;4;83.0;96;Ceylan & Pascucci (2023);Experiment 2;Orientation;1;3;83.0;0.0;4.0;-75.0;6;4
17;135;127;-8;3.49014490004629;4;-63.0;97;Ceylan & Pascucci (2023);Experiment 2;Orientation;1;3;-63.0;20.0;-63.0;-59.0;7;4
17;41;36;-5;1.45858560001943;4;-86.0;98;Ceylan & Pascucci (2023);Experiment 2;Orientation;1;3;-86.0;31.0;-66.0;31.0;8;4
17;88;92;4;0.799999400041997;4;-47.0;99;Ceylan & Pascucci (2023);Experiment 2;Orientation;1;3;-47.0;47.0;-16.0;67.0;9;4
17;172;179;7;0.733651099959388;4;-84.0;100;Ceylan & Pascucci (2023);Experiment 2;Orientation;1;3;-84.0;49.0;-37.0;80.0;10;4
17;55;58;3;0.558354400098324;4;-63.0;101;Ceylan & Pascucci (2023);Experiment 2;Orientation;1;3;-63.0;33.0;-14.0;80.0;11;4
17;80;68;-12;1.45713029999752;4;-25.0;102;Ceylan & Pascucci (2023);Experiment 2;Orientation;1;3;-25.0;-88.0;8.0;-39.0;12;4
17;1;82;81;1.43318439996801;4;79.0;103;Ceylan & Pascucci (2023);Experiment 2;Orientation;1;3;79.0;54.0;-9.0;87.0;13;4
17;143;164;21;1.54164390009828;4;38.0;104;Ceylan & Pascucci (2023);Experiment 2;Orientation;1;3;38.0;-63.0;-88.0;29.0;14;4
17;120;118;-2;0.749449800001457;4;23.0;105;Ceylan & Pascucci (2023);Experiment 2;Orientation;1;3;23.0;61.0;-40.0;-65.0;15;4
17;57;70;13;1.25820399995428;4;63.0;106;Ceylan & Pascucci (2023);Experiment 2;Orientation;1;3;63.0;86.0;-56.0;23.0;16;4
17;57;58;1;1.38242019992322;4;0.0;107;Ceylan & Pascucci (2023);Experiment 2;Orientation;1;3;0.0;63.0;86.0;-56.0;17;4
17;94;94;0;1.12412999989465;4;-37.0;108;Ceylan & Pascucci (2023);Experiment 2;Orientation;1;3;-37.0;-37.0;26.0;49.0;18;4
17;103;103;0;2.01673999999184;4;-9.0;109;Ceylan & Pascucci (2023);Experiment 2;Orientation;1;3;-9.0;-46.0;-46.0;17.0;19;4
17;8;12;4;0.525394199998118;4;-85.0;110;Ceylan & Pascucci (2023);Experiment 2;Orientation;1;3;-85.0;86.0;49.0;49.0;20;4
17;100;116;16;0.724951500073075;4;88.0;111;Ceylan & Pascucci (2023);Experiment 2;Orientation;1;3;88.0;3.0;-6.0;-43.0;21;4
17;52;44;-8;1.21692899998743;4;48.0;112;Ceylan & Pascucci (2023);Experiment 2;Orientation;1;3;48.0;-44.0;51.0;42.0;22;4
17;87;89;2;1.75806150003336;4;-35.0;113;Ceylan & Pascucci (2023);Experiment 2;Orientation;1;3;-35.0;13.0;-79.0;16.0;23;4
17;178;145;-33;0.325374500011094;4;89.0;114;Ceylan & Pascucci (2023);Experiment 2;Orientation;1;3;89.0;54.0;-78.0;10.0;24;4
17;163;163;0;1.20778970001265;4;15.0;115;Ceylan & Pascucci (2023);Experiment 2;Orientation;1;3;15.0;-76.0;69.0;-63.0;25;4
17;60;47;-13;1.20824760000687;4;-77.0;116;Ceylan & Pascucci (2023);Experiment 2;Orientation;1;3;-77.0;-62.0;27.0;-8.0;26;4
17;134;139;5;1.29188530007377;4;-74.0;117;Ceylan & Pascucci (2023);Experiment 2;Orientation;1;3;-74.0;29.0;44.0;-47.0;27;4
17;29;41;12;1.39862039999571;4;-75.0;118;Ceylan & Pascucci (2023);Experiment 2;Orientation;1;3;-75.0;31.0;-46.0;-31.0;28;4
17;15;29;14;1.48297150002327;4;14.0;119;Ceylan & Pascucci (2023);Experiment 2;Orientation;1;3;14.0;-61.0;45.0;-32.0;29;4
17;57;62;5;0.500407600076869;4;-42.0;120;Ceylan & Pascucci (2023);Experiment 2;Orientation;1;3;-42.0;-28.0;77.0;3.0;30;4
17;162;150;-12;0.516721199965104;5;75.0;121;Ceylan & Pascucci (2023);Experiment 2;Orientation;1;3;;;;;1;5
17;60;65;5;2.18220499996096;5;-78.0;122;Ceylan & Pascucci (2023);Experiment 2;Orientation;1;3;;;;;2;5
17;143;153;10;0.450313100009225;5;-83.0;123;Ceylan & Pascucci (2023);Experiment 2;Orientation;1;3;;;;;3;5
17;7;10;3;1.45028480002657;5;-44.0;124;Ceylan & Pascucci (2023);Experiment 2;Orientation;1;3;;;;;4;5
17;43;39;-4;0.750408499967307;5;-36.0;125;Ceylan & Pascucci (2023);Experiment 2;Orientation;1;3;-36.0;-80.0;17.0;-61.0;5;5
17;160;168;8;1.54143049998675;5;63.0;126;Ceylan & Pascucci (2023);Experiment 2;Orientation;1;3;63.0;27.0;-17.0;80.0;6;5
17;92;86;-6;0.541941899922676;5;68.0;127;Ceylan & Pascucci (2023);Experiment 2;Orientation;1;3;68.0;-49.0;-85.0;51.0;7;5
17;141;150;9;1.5415221999865;5;-49.0;128;Ceylan & Pascucci (2023);Experiment 2;Orientation;1;3;-49.0;19.0;82.0;46.0;8;5
17;125;147;22;1.19155250000767;5;16.0;129;Ceylan & Pascucci (2023);Experiment 2;Orientation;1;3;16.0;-33.0;35.0;-82.0;9;5
17;8;4;-4;0.908030200051144;5;-63.0;130;Ceylan & Pascucci (2023);Experiment 2;Orientation;1;3;-63.0;-47.0;84.0;-28.0;10;5
17;57;57;0;0.808603000012226;5;-49.0;131;Ceylan & Pascucci (2023);Experiment 2;Orientation;1;3;-49.0;68.0;84.0;35.0;11;5
17;15;179;-16;1.13225040002726;5;42.0;132;Ceylan & Pascucci (2023);Experiment 2;Orientation;1;3;42.0;-7.0;-70.0;-54.0;12;5
17;107;113;6;0.958693700027652;5;88.0;133;Ceylan & Pascucci (2023);Experiment 2;Orientation;1;3;88.0;-50.0;81.0;18.0;13;5
17;157;169;12;1.22466129995883;5;-50.0;134;Ceylan & Pascucci (2023);Experiment 2;Orientation;1;3;-50.0;38.0;80.0;31.0;14;5
17;24;26;2;1.14915710000787;5;-47.0;135;Ceylan & Pascucci (2023);Experiment 2;Orientation;1;3;-47.0;83.0;-9.0;33.0;15;5
17;45;54;9;0.941829700022936;5;-21.0;136;Ceylan & Pascucci (2023);Experiment 2;Orientation;1;3;-21.0;-68.0;62.0;-30.0;16;5
17;111;142;31;1.71642660000362;5;-66.0;137;Ceylan & Pascucci (2023);Experiment 2;Orientation;1;3;-66.0;-87.0;46.0;-4.0;17;5
17;95;89;-6;1.42390160006471;5;16.0;138;Ceylan & Pascucci (2023);Experiment 2;Orientation;1;3;16.0;-50.0;-71.0;62.0;18;5
17;156;156;0;0.858584900037386;5;-61.0;139;Ceylan & Pascucci (2023);Experiment 2;Orientation;1;3;-61.0;-45.0;69.0;48.0;19;5
17;75;72;-3;0.983193300082348;5;81.0;140;Ceylan & Pascucci (2023);Experiment 2;Orientation;1;3;81.0;20.0;36.0;-30.0;20;5
17;16;23;7;0.874111599987373;5;59.0;141;Ceylan & Pascucci (2023);Experiment 2;Orientation;1;3;59.0;-40.0;79.0;-85.0;21;5
17;101;130;29;1.26611559989396;5;-85.0;142;Ceylan & Pascucci (2023);Experiment 2;Orientation;1;3;-85.0;-26.0;55.0;-6.0;22;5
17;126;128;2;0.791895100031979;5;-25.0;143;Ceylan & Pascucci (2023);Experiment 2;Orientation;1;3;-25.0;70.0;-51.0;30.0;23;5
17;22;41;19;1.55853710009251;5;-76.0;144;Ceylan & Pascucci (2023);Experiment 2;Orientation;1;3;-76.0;79.0;-6.0;53.0;24;5
17;123;113;-10;1.15865229989868;5;79.0;145;Ceylan & Pascucci (2023);Experiment 2;Orientation;1;3;79.0;3.0;-22.0;73.0;25;5
17;82;81;-1;0.949902899912558;5;41.0;146;Ceylan & Pascucci (2023);Experiment 2;Orientation;1;3;41.0;-60.0;44.0;19.0;26;5
17;110;94;-16;1.27493690000847;5;-28.0;147;Ceylan & Pascucci (2023);Experiment 2;Orientation;1;3;-28.0;13.0;-88.0;16.0;27;5
17;76;83;7;0.908177300007083;5;34.0;148;Ceylan & Pascucci (2023);Experiment 2;Orientation;1;3;34.0;6.0;47.0;-54.0;28;5
17;97;103;6;1.07522800005972;5;-21.0;149;Ceylan & Pascucci (2023);Experiment 2;Orientation;1;3;-21.0;13.0;-15.0;26.0;29;5
17;80;69;-11;0.525425600004382;5;17.0;150;Ceylan & Pascucci (2023);Experiment 2;Orientation;1;3;17.0;-4.0;30.0;2.0;30;5
17;131;126;-5;0.458314499934204;6;-51.0;151;Ceylan & Pascucci (2023);Experiment 2;Orientation;1;3;;;;;1;6
17;120;125;5;0.640697099966928;6;11.0;152;Ceylan & Pascucci (2023);Experiment 2;Orientation;1;3;;;;;2;6
17;79;86;7;0.774818900041282;6;41.0;153;Ceylan & Pascucci (2023);Experiment 2;Orientation;1;3;;;;;3;6
17;134;148;14;0.616984200081788;6;-55.0;154;Ceylan & Pascucci (2023);Experiment 2;Orientation;1;3;;;;;4;6
17;125;124;-1;0.917030800017528;6;9.0;155;Ceylan & Pascucci (2023);Experiment 2;Orientation;1;3;9.0;-46.0;-5.0;6.0;5;6
17;3;2;-1;1.43327230005525;6;-58.0;156;Ceylan & Pascucci (2023);Experiment 2;Orientation;1;3;-58.0;-49.0;76.0;-63.0;6;6
17;93;90;-3;0.425304500036873;6;-90.0;157;Ceylan & Pascucci (2023);Experiment 2;Orientation;1;3;90.0;32.0;41.0;-14.0;7;6
17;20;26;6;0.566668599960394;6;73.0;158;Ceylan & Pascucci (2023);Experiment 2;Orientation;1;3;73.0;-17.0;-75.0;-66.0;8;6
17;43;46;3;1.34090309997555;6;-23.0;159;Ceylan & Pascucci (2023);Experiment 2;Orientation;1;3;-23.0;50.0;-40.0;82.0;9;6
17;47;34;-13;1.26600420009345;6;-4.0;160;Ceylan & Pascucci (2023);Experiment 2;Orientation;1;3;-4.0;-27.0;46.0;-44.0;10;6
17;134;148;14;1.06666340003721;6;-87.0;161;Ceylan & Pascucci (2023);Experiment 2;Orientation;1;3;-87.0;89.0;66.0;-41.0;11;6
17;57;55;-2;0.800294299959205;6;77.0;162;Ceylan & Pascucci (2023);Experiment 2;Orientation;1;3;77.0;-10.0;-14.0;-37.0;12;6
17;87;68;-19;1.06580889993347;6;-30.0;163;Ceylan & Pascucci (2023);Experiment 2;Orientation;1;3;-30.0;47.0;-40.0;-44.0;13;6
17;27;43;16;1.21646260004491;6;60.0;164;Ceylan & Pascucci (2023);Experiment 2;Orientation;1;3;60.0;30.0;-73.0;20.0;14;6
17;104;108;4;1.44890529999975;6;-77.0;165;Ceylan & Pascucci (2023);Experiment 2;Orientation;1;3;-77.0;-17.0;-47.0;30.0;15;6
17;74;71;-3;1.01554539997596;6;30.0;166;Ceylan & Pascucci (2023);Experiment 2;Orientation;1;3;30.0;-47.0;13.0;-17.0;16;6
17;45;45;0;1.44992179994006;6;29.0;167;Ceylan & Pascucci (2023);Experiment 2;Orientation;1;3;29.0;59.0;-18.0;42.0;17;6
17;35;54;19;1.05746579996776;6;10.0;168;Ceylan & Pascucci (2023);Experiment 2;Orientation;1;3;10.0;39.0;69.0;-8.0;18;6
17;33;32;-1;1.09062809997704;6;2.0;169;Ceylan & Pascucci (2023);Experiment 2;Orientation;1;3;2.0;12.0;41.0;71.0;19;6
17;33;44;11;1.93213949992787;6;0.0;170;Ceylan & Pascucci (2023);Experiment 2;Orientation;1;3;0.0;2.0;12.0;41.0;20;6
17;162;153;-9;0.749934600084089;6;51.0;171;Ceylan & Pascucci (2023);Experiment 2;Orientation;1;3;51.0;51.0;53.0;63.0;21;6
17;99;125;26;1.13195830001496;6;63.0;172;Ceylan & Pascucci (2023);Experiment 2;Orientation;1;3;63.0;-66.0;-66.0;-64.0;22;6
17;41;43;2;0.641091999947093;6;58.0;173;Ceylan & Pascucci (2023);Experiment 2;Orientation;1;3;58.0;-59.0;-8.0;-8.0;23;6
17;110;126;16;1.17526450008154;6;-69.0;174;Ceylan & Pascucci (2023);Experiment 2;Orientation;1;3;-69.0;-11.0;52.0;-77.0;24;6
17;35;28;-7;0.766044299933128;6;75.0;175;Ceylan & Pascucci (2023);Experiment 2;Orientation;1;3;75.0;6.0;64.0;-53.0;25;6
17;128;156;28;1.30814749991987;6;87.0;176;Ceylan & Pascucci (2023);Experiment 2;Orientation;1;3;87.0;-18.0;-87.0;-29.0;26;6
17;55;51;-4;0.849938199971803;6;73.0;177;Ceylan & Pascucci (2023);Experiment 2;Orientation;1;3;73.0;-20.0;55.0;-14.0;27;6
17;180;177;-3;0.824752299929969;6;55.0;178;Ceylan & Pascucci (2023);Experiment 2;Orientation;1;3;55.0;-52.0;35.0;-70.0;28;6
17;4;175;-9;1.72521189996041;6;-4.0;179;Ceylan & Pascucci (2023);Experiment 2;Orientation;1;3;-4.0;51.0;-56.0;31.0;29;6
17;153;163;10;1.07474399998318;6;31.0;180;Ceylan & Pascucci (2023);Experiment 2;Orientation;1;3;31.0;27.0;82.0;-25.0;30;6
17;58;59;1;0.783214399940334;7;-85.0;181;Ceylan & Pascucci (2023);Experiment 2;Orientation;1;3;;;;;1;7
17;157;162;5;0.591892199940048;7;81.0;182;Ceylan & Pascucci (2023);Experiment 2;Orientation;1;3;;;;;2;7
17;173;173;0;0.841759399976581;7;-16.0;183;Ceylan & Pascucci (2023);Experiment 2;Orientation;1;3;;;;;3;7
17;36;23;-13;1.20817230001558;7;-43.0;184;Ceylan & Pascucci (2023);Experiment 2;Orientation;1;3;;;;;4;7
17;74;66;-8;0.983622300089337;7;-38.0;185;Ceylan & Pascucci (2023);Experiment 2;Orientation;1;3;-38.0;-81.0;83.0;-16.0;5;7
17;100;116;16;0.948995799990371;7;-26.0;186;Ceylan & Pascucci (2023);Experiment 2;Orientation;1;3;-26.0;-64.0;73.0;57.0;6;7
17;107;112;5;4.17490590002853;7;-7.0;187;Ceylan & Pascucci (2023);Experiment 2;Orientation;1;3;-7.0;-33.0;-71.0;66.0;7;7
17;149;161;12;2.14930900000036;7;-42.0;188;Ceylan & Pascucci (2023);Experiment 2;Orientation;1;3;-42.0;-49.0;-75.0;67.0;8;7
17;28;43;15;0.683414499973878;7;-59.0;189;Ceylan & Pascucci (2023);Experiment 2;Orientation;1;3;-59.0;79.0;72.0;46.0;9;7
17;67;59;-8;2.88329829997383;7;-39.0;190;Ceylan & Pascucci (2023);Experiment 2;Orientation;1;3;-39.0;82.0;40.0;33.0;10;7
17;42;37;-5;0.725275499979034;7;25.0;191;Ceylan & Pascucci (2023);Experiment 2;Orientation;1;3;25.0;-14.0;-73.0;65.0;11;7
17;23;18;-5;1.20718909997959;7;19.0;192;Ceylan & Pascucci (2023);Experiment 2;Orientation;1;3;19.0;44.0;5.0;-54.0;12;7
17;30;31;1;0.691586200031452;7;-7.0;193;Ceylan & Pascucci (2023);Experiment 2;Orientation;1;3;-7.0;12.0;37.0;-2.0;13;7
17;45;31;-14;1.0333612000104;7;-15.0;194;Ceylan & Pascucci (2023);Experiment 2;Orientation;1;3;-15.0;-22.0;-3.0;22.0;14;7
17;74;66;-8;1.17501959996298;7;-29.0;195;Ceylan & Pascucci (2023);Experiment 2;Orientation;1;3;-29.0;-44.0;-51.0;-32.0;15;7
17;27;34;7;1.00820860010572;7;47.0;196;Ceylan & Pascucci (2023);Experiment 2;Orientation;1;3;47.0;18.0;3.0;-4.0;16;7
17;103;97;-6;1.22425690002274;7;-76.0;197;Ceylan & Pascucci (2023);Experiment 2;Orientation;1;3;-76.0;-29.0;-58.0;-73.0;17;7
17;58;49;-9;1.0737894999329;7;45.0;198;Ceylan & Pascucci (2023);Experiment 2;Orientation;1;3;45.0;-31.0;16.0;-13.0;18;7
17;151;134;-17;1.10761659999844;7;87.0;199;Ceylan & Pascucci (2023);Experiment 2;Orientation;1;3;87.0;-48.0;56.0;-77.0;19;7
17;82;86;4;1.25761359999888;7;69.0;200;Ceylan & Pascucci (2023);Experiment 2;Orientation;1;3;69.0;-24.0;21.0;-55.0;20;7
17;84;70;-14;1.89986430003773;7;-2.0;201;Ceylan & Pascucci (2023);Experiment 2;Orientation;1;3;-2.0;67.0;-26.0;19.0;21;7
17;131;143;12;1.54092970001511;7;-47.0;202;Ceylan & Pascucci (2023);Experiment 2;Orientation;1;3;-47.0;-49.0;20.0;-73.0;22;7
17;74;73;-1;1.00857669999823;7;57.0;203;Ceylan & Pascucci (2023);Experiment 2;Orientation;1;3;57.0;10.0;8.0;77.0;23;7
17;98;93;-5;1.57374540006276;7;-24.0;204;Ceylan & Pascucci (2023);Experiment 2;Orientation;1;3;-24.0;33.0;-14.0;-16.0;24;7
17;94;95;1;0.541961699957028;7;4.0;205;Ceylan & Pascucci (2023);Experiment 2;Orientation;1;3;4.0;-20.0;37.0;-10.0;25;7
17;98;99;1;1.39993710000999;7;-4.0;206;Ceylan & Pascucci (2023);Experiment 2;Orientation;1;3;-4.0;0.0;-24.0;33.0;26;7
17;120;118;-2;0.775413500028662;7;-22.0;207;Ceylan & Pascucci (2023);Experiment 2;Orientation;1;3;-22.0;-26.0;-22.0;-46.0;27;7
17;161;128;-33;1.22483279998414;7;-41.0;208;Ceylan & Pascucci (2023);Experiment 2;Orientation;1;3;-41.0;-63.0;-67.0;-63.0;28;7
17;174;172;-2;1.47510080004577;7;-13.0;209;Ceylan & Pascucci (2023);Experiment 2;Orientation;1;3;-13.0;-54.0;-76.0;-80.0;29;7
17;27;29;2;1.52528300008271;7;-33.0;210;Ceylan & Pascucci (2023);Experiment 2;Orientation;1;3;-33.0;-46.0;-87.0;71.0;30;7
17;37;31;-6;0.82534380001016;8;-10.0;211;Ceylan & Pascucci (2023);Experiment 2;Orientation;1;3;;;;;1;8
17;82;74;-8;2.54964949993882;8;-45.0;212;Ceylan & Pascucci (2023);Experiment 2;Orientation;1;3;;;;;2;8
17;166;175;9;1.14203730004374;8;-84.0;213;Ceylan & Pascucci (2023);Experiment 2;Orientation;1;3;;;;;3;8
17;119;111;-8;0.500245200004429;8;47.0;214;Ceylan & Pascucci (2023);Experiment 2;Orientation;1;3;;;;;4;8
17;121;135;14;1.04996640002355;8;-2.0;215;Ceylan & Pascucci (2023);Experiment 2;Orientation;1;3;-2.0;45.0;-39.0;-84.0;5;8
17;18;20;2;1.03324450005312;8;-77.0;216;Ceylan & Pascucci (2023);Experiment 2;Orientation;1;3;-77.0;-79.0;-32.0;64.0;6;8
17;69;65;-4;1.93313429993577;8;-51.0;217;Ceylan & Pascucci (2023);Experiment 2;Orientation;1;3;-51.0;52.0;50.0;-83.0;7;8
17;33;42;9;0.832737499964423;8;36.0;218;Ceylan & Pascucci (2023);Experiment 2;Orientation;1;3;36.0;-15.0;88.0;86.0;8;8
17;28;38;10;0.882372800027952;8;5.0;219;Ceylan & Pascucci (2023);Experiment 2;Orientation;1;3;5.0;41.0;-10.0;-87.0;9;8
17;42;40;-2;0.916055499925278;8;-14.0;220;Ceylan & Pascucci (2023);Experiment 2;Orientation;1;3;-14.0;-9.0;27.0;-24.0;10;8
17;68;56;-12;1.07484450004995;8;-26.0;221;Ceylan & Pascucci (2023);Experiment 2;Orientation;1;3;-26.0;-40.0;-35.0;1.0;11;8
17;57;51;-6;0.733708799933083;8;11.0;222;Ceylan & Pascucci (2023);Experiment 2;Orientation;1;3;11.0;-15.0;-29.0;-24.0;12;8
17;34;34;0;1.00031049991958;8;23.0;223;Ceylan & Pascucci (2023);Experiment 2;Orientation;1;3;23.0;34.0;8.0;-6.0;13;8
17;50;35;-15;0.665796900051646;8;-16.0;224;Ceylan & Pascucci (2023);Experiment 2;Orientation;1;3;-16.0;7.0;18.0;-8.0;14;8
17;68;60;-8;0.517066399916075;8;-18.0;225;Ceylan & Pascucci (2023);Experiment 2;Orientation;1;3;-18.0;-34.0;-11.0;0.0;15;8
17;39;43;4;1.24035500001628;8;29.0;226;Ceylan & Pascucci (2023);Experiment 2;Orientation;1;3;29.0;11.0;-5.0;18.0;16;8
17;178;175;-3;0.700262999976985;8;41.0;227;Ceylan & Pascucci (2023);Experiment 2;Orientation;1;3;41.0;70.0;52.0;36.0;17;8
17;100;105;5;1.09102229995187;8;78.0;228;Ceylan & Pascucci (2023);Experiment 2;Orientation;1;3;78.0;-61.0;-32.0;-50.0;18;8
17;67;54;-13;1.06568450003397;8;33.0;229;Ceylan & Pascucci (2023);Experiment 2;Orientation;1;3;33.0;-69.0;-28.0;1.0;19;8
17;110;109;-1;0.933214300079271;8;-43.0;230;Ceylan & Pascucci (2023);Experiment 2;Orientation;1;3;-43.0;-10.0;68.0;-71.0;20;8
17;34;30;-4;1.06532819999848;8;76.0;231;Ceylan & Pascucci (2023);Experiment 2;Orientation;1;3;76.0;33.0;66.0;-36.0;21;8
17;8;163;-25;1.19070630008355;8;26.0;232;Ceylan & Pascucci (2023);Experiment 2;Orientation;1;3;26.0;-78.0;59.0;-88.0;22;8
17;158;168;10;0.55812679999508;8;30.0;233;Ceylan & Pascucci (2023);Experiment 2;Orientation;1;3;30.0;56.0;-48.0;89.0;23;8
17;146;145;-1;0.891419099993072;8;12.0;234;Ceylan & Pascucci (2023);Experiment 2;Orientation;1;3;12.0;42.0;68.0;-36.0;24;8
17;127;142;15;1.09993240004405;8;19.0;235;Ceylan & Pascucci (2023);Experiment 2;Orientation;1;3;19.0;31.0;61.0;87.0;25;8
17;174;157;-17;1.12491839996073;8;-47.0;236;Ceylan & Pascucci (2023);Experiment 2;Orientation;1;3;-47.0;-28.0;-16.0;14.0;26;8
17;151;167;16;0.416518199956045;8;23.0;237;Ceylan & Pascucci (2023);Experiment 2;Orientation;1;3;23.0;-24.0;-5.0;7.0;27;8
17;113;122;9;1.17481610004324;8;38.0;238;Ceylan & Pascucci (2023);Experiment 2;Orientation;1;3;38.0;61.0;14.0;33.0;28;8
17;23;23;0;0.75059459998738;8;90.0;239;Ceylan & Pascucci (2023);Experiment 2;Orientation;1;3;90.0;-52.0;-29.0;-76.0;29;8
17;100;104;4;0.932358099962585;8;-77.0;240;Ceylan & Pascucci (2023);Experiment 2;Orientation;1;3;-77.0;13.0;51.0;74.0;30;8
17;167;168;1;1.33371619996615;9;-67.0;241;Ceylan & Pascucci (2023);Experiment 2;Orientation;1;3;;;;;1;9
17;99;95;-4;0.508418399957009;9;68.0;242;Ceylan & Pascucci (2023);Experiment 2;Orientation;1;3;;;;;2;9
17;37;35;-2;1.26596400002018;9;62.0;243;Ceylan & Pascucci (2023);Experiment 2;Orientation;1;3;;;;;3;9
17;114;124;10;1.5403057000367;9;-77.0;244;Ceylan & Pascucci (2023);Experiment 2;Orientation;1;3;;;;;4;9
17;75;65;-10;0.965870799962431;9;39.0;245;Ceylan & Pascucci (2023);Experiment 2;Orientation;1;3;39.0;-38.0;24.0;-88.0;5;9
17;133;135;2;1.40637179999612;9;-58.0;246;Ceylan & Pascucci (2023);Experiment 2;Orientation;1;3;-58.0;-19.0;84.0;-34.0;6;9
17;39;53;14;1.05779190000612;9;-86.0;247;Ceylan & Pascucci (2023);Experiment 2;Orientation;1;3;-86.0;36.0;75.0;-2.0;7;9
17;104;119;15;1.34099779999815;9;-65.0;248;Ceylan & Pascucci (2023);Experiment 2;Orientation;1;3;-65.0;29.0;-29.0;10.0;8;9
17;130;129;-1;0.574124800041318;9;-26.0;249;Ceylan & Pascucci (2023);Experiment 2;Orientation;1;3;-26.0;89.0;3.0;-55.0;9;9
17;174;173;-1;1.10873680002987;9;-44.0;250;Ceylan & Pascucci (2023);Experiment 2;Orientation;1;3;-44.0;-70.0;45.0;-41.0;10;9
17;89;83;-6;0.858631000039168;9;85.0;251;Ceylan & Pascucci (2023);Experiment 2;Orientation;1;3;85.0;41.0;15.0;-50.0;11;9
17;160;165;5;1.19071839994285;9;-71.0;252;Ceylan & Pascucci (2023);Experiment 2;Orientation;1;3;-71.0;14.0;-30.0;-56.0;12;9
17;89;84;-5;0.917145399958827;9;71.0;253;Ceylan & Pascucci (2023);Experiment 2;Orientation;1;3;71.0;0.0;85.0;41.0;13;9
17;176;164;-12;1.200246399967;9;-87.0;254;Ceylan & Pascucci (2023);Experiment 2;Orientation;1;3;-87.0;-16.0;-87.0;-2.0;14;9
17;52;49;-3;0.858623999985866;9;-56.0;255;Ceylan & Pascucci (2023);Experiment 2;Orientation;1;3;-56.0;37.0;-72.0;37.0;15;9
17;64;56;-8;1.05021020001732;9;-12.0;256;Ceylan & Pascucci (2023);Experiment 2;Orientation;1;3;-12.0;-68.0;25.0;-84.0;16;9
17;121;116;-5;0.650123100029305;9;-57.0;257;Ceylan & Pascucci (2023);Experiment 2;Orientation;1;3;-57.0;-69.0;55.0;-32.0;17;9
17;165;162;-3;1.37497260002419;9;-44.0;258;Ceylan & Pascucci (2023);Experiment 2;Orientation;1;3;-44.0;79.0;67.0;11.0;18;9
17;40;53;13;0.766100000008009;9;-55.0;259;Ceylan & Pascucci (2023);Experiment 2;Orientation;1;3;-55.0;81.0;24.0;12.0;19;9
17;137;137;0;0.974727099994197;9;83.0;260;Ceylan & Pascucci (2023);Experiment 2;Orientation;1;3;83.0;28.0;-16.0;-73.0;20;9
17;57;67;10;0.740921000018716;9;80.0;261;Ceylan & Pascucci (2023);Experiment 2;Orientation;1;3;80.0;-17.0;-72.0;64.0;21;9
17;131;131;0;1.2582675999729;9;-74.0;262;Ceylan & Pascucci (2023);Experiment 2;Orientation;1;3;-74.0;6.0;89.0;34.0;22;9
17;24;38;14;1.02402979996987;9;-73.0;263;Ceylan & Pascucci (2023);Experiment 2;Orientation;1;3;-73.0;33.0;-67.0;16.0;23;9
17;138;150;12;1.00736179994419;9;66.0;264;Ceylan & Pascucci (2023);Experiment 2;Orientation;1;3;66.0;-7.0;-81.0;-1.0;24;9
17;89;90;1;0.95827589998953;9;49.0;265;Ceylan & Pascucci (2023);Experiment 2;Orientation;1;3;49.0;-65.0;42.0;-32.0;25;9
17;178;176;-2;1.17490830004681;9;-89.0;266;Ceylan & Pascucci (2023);Experiment 2;Orientation;1;3;-89.0;-40.0;26.0;-47.0;26;9
17;70;83;13;0.991667499998584;9;-72.0;267;Ceylan & Pascucci (2023);Experiment 2;Orientation;1;3;-72.0;19.0;68.0;-46.0;27;9
17;165;162;-3;0.999412899953313;9;85.0;268;Ceylan & Pascucci (2023);Experiment 2;Orientation;1;3;85.0;13.0;-76.0;-27.0;28;9
17;100;104;4;0.516095200087875;9;65.0;269;Ceylan & Pascucci (2023);Experiment 2;Orientation;1;3;65.0;-30.0;78.0;-11.0;29;9
17;87;84;-3;1.33317769994028;9;13.0;270;Ceylan & Pascucci (2023);Experiment 2;Orientation;1;3;13.0;78.0;-17.0;-89.0;30;9
17;58;87;29;0.891692999983206;10;29.0;271;Ceylan & Pascucci (2023);Experiment 2;Orientation;1;3;;;;;1;10
17;3;5;2;0.649984799907543;10;55.0;272;Ceylan & Pascucci (2023);Experiment 2;Orientation;1;3;;;;;2;10
17;141;150;9;0.882909699925222;10;42.0;273;Ceylan & Pascucci (2023);Experiment 2;Orientation;1;3;;;;;3;10
17;52;55;3;0.808589899912477;10;89.0;274;Ceylan & Pascucci (2023);Experiment 2;Orientation;1;3;;;;;4;10
17;35;22;-13;0.85034500004258;10;17.0;275;Ceylan & Pascucci (2023);Experiment 2;Orientation;1;3;17.0;-74.0;-32.0;23.0;5;10
17;3;3;0;1.49106649996247;10;32.0;276;Ceylan & Pascucci (2023);Experiment 2;Orientation;1;3;32.0;49.0;-42.0;0.0;6;10
17;11;16;5;1.39071890001651;10;-8.0;277;Ceylan & Pascucci (2023);Experiment 2;Orientation;1;3;-8.0;24.0;41.0;-50.0;7;10
17;3;170;-13;0.5989962000167;10;8.0;278;Ceylan & Pascucci (2023);Experiment 2;Orientation;1;3;8.0;0.0;32.0;49.0;8;10
17;97;115;18;0.790273899910972;10;86.0;279;Ceylan & Pascucci (2023);Experiment 2;Orientation;1;3;86.0;-86.0;86.0;-62.0;9;10
17;158;159;1;1.05034770001657;10;-61.0;280;Ceylan & Pascucci (2023);Experiment 2;Orientation;1;3;-61.0;25.0;33.0;25.0;10;10
17;171;175;4;1.14890310005285;10;-13.0;281;Ceylan & Pascucci (2023);Experiment 2;Orientation;1;3;-13.0;-74.0;12.0;20.0;11;10
17;25;21;-4;0.867076799971983;10;-34.0;282;Ceylan & Pascucci (2023);Experiment 2;Orientation;1;3;-34.0;-47.0;72.0;-22.0;12;10
17;138;139;1;1.16659949999303;10;67.0;283;Ceylan & Pascucci (2023);Experiment 2;Orientation;1;3;67.0;33.0;20.0;-41.0;13;10
17;71;61;-10;0.599371000076644;10;67.0;284;Ceylan & Pascucci (2023);Experiment 2;Orientation;1;3;67.0;-46.0;-80.0;87.0;14;10
17;35;30;-5;0.516950699966401;10;36.0;285;Ceylan & Pascucci (2023);Experiment 2;Orientation;1;3;36.0;-77.0;-10.0;-44.0;15;10
17;81;78;-3;0.948649800033309;10;-46.0;286;Ceylan & Pascucci (2023);Experiment 2;Orientation;1;3;-46.0;-10.0;57.0;-56.0;16;10
17;20;18;-2;0.823955200030468;10;61.0;287;Ceylan & Pascucci (2023);Experiment 2;Orientation;1;3;61.0;15.0;51.0;-62.0;17;10
17;51;45;-6;0.591792599996552;10;-31.0;288;Ceylan & Pascucci (2023);Experiment 2;Orientation;1;3;-31.0;30.0;-16.0;20.0;18;10
17;37;53;16;0.833614600007422;10;14.0;289;Ceylan & Pascucci (2023);Experiment 2;Orientation;1;3;14.0;-17.0;44.0;-2.0;19;10
17;148;135;-13;0.85743959993124;10;69.0;290;Ceylan & Pascucci (2023);Experiment 2;Orientation;1;3;69.0;83.0;52.0;-67.0;20;10
17;68;53;-15;1.13259430008475;10;80.0;291;Ceylan & Pascucci (2023);Experiment 2;Orientation;1;3;80.0;-31.0;-17.0;-48.0;21;10
17;46;50;4;0.990768700023182;10;22.0;292;Ceylan & Pascucci (2023);Experiment 2;Orientation;1;3;22.0;-78.0;-9.0;5.0;22;10
17;177;176;-1;0.749924400006421;10;49.0;293;Ceylan & Pascucci (2023);Experiment 2;Orientation;1;3;49.0;71.0;-29.0;40.0;23;10
17;6;7;1;0.883199400035664;10;-9.0;294;Ceylan & Pascucci (2023);Experiment 2;Orientation;1;3;-9.0;40.0;62.0;-38.0;24;10
17;52;55;3;0.915756899979897;10;-46.0;295;Ceylan & Pascucci (2023);Experiment 2;Orientation;1;3;-46.0;-55.0;-6.0;16.0;25;10
17;174;172;-2;1.39153339993209;10;58.0;296;Ceylan & Pascucci (2023);Experiment 2;Orientation;1;3;58.0;12.0;3.0;52.0;26;10
17;42;108;66;0.808360800030641;10;-48.0;297;Ceylan & Pascucci (2023);Experiment 2;Orientation;1;3;-48.0;10.0;-36.0;-45.0;27;10
17;165;155;-10;0.824696799973026;10;57.0;298;Ceylan & Pascucci (2023);Experiment 2;Orientation;1;3;57.0;9.0;67.0;21.0;28;10
17;23;17;-6;1.23259889998008;10;-38.0;299;Ceylan & Pascucci (2023);Experiment 2;Orientation;1;3;-38.0;19.0;-29.0;29.0;29;10
17;161;167;6;1.27436639997177;10;42.0;300;Ceylan & Pascucci (2023);Experiment 2;Orientation;1;3;42.0;4.0;61.0;13.0;30;10
18;109;101;-8;2.41538190003484;1;;1;Ceylan & Pascucci (2023);Experiment 2;Orientation;1;3;;;;;1;1
18;20;18;-2;3.24918279983103;1;89.0;2;Ceylan & Pascucci (2023);Experiment 2;Orientation;1;3;;;;;2;1
18;20;25;5;3.40749529981986;1;0.0;3;Ceylan & Pascucci (2023);Experiment 2;Orientation;1;3;;;;;3;1
18;141;123;-18;2.0247261999175;1;59.0;4;Ceylan & Pascucci (2023);Experiment 2;Orientation;1;3;;;;;4;1
18;163;155;-8;1.50859729992226;1;-22.0;5;Ceylan & Pascucci (2023);Experiment 2;Orientation;1;3;-22.0;37.0;37.0;-54.0;5;1
18;31;33;2;2.06631199992262;1;-48.0;6;Ceylan & Pascucci (2023);Experiment 2;Orientation;1;3;-48.0;-70.0;-11.0;-11.0;6;1
18;177;174;-3;2.22521539987065;1;34.0;7;Ceylan & Pascucci (2023);Experiment 2;Orientation;1;3;34.0;-14.0;-36.0;23.0;7;1
18;5;5;0;1.86560399993323;1;-8.0;8;Ceylan & Pascucci (2023);Experiment 2;Orientation;1;3;-8.0;26.0;-22.0;-44.0;8;1
18;90;92;2;2.03301239991561;1;-85.0;9;Ceylan & Pascucci (2023);Experiment 2;Orientation;1;3;-85.0;87.0;-59.0;73.0;9;1
18;157;142;-15;2.23317359993234;1;-67.0;10;Ceylan & Pascucci (2023);Experiment 2;Orientation;1;3;-67.0;28.0;20.0;54.0;10;1
18;73;49;-24;1.44195670005865;1;84.0;11;Ceylan & Pascucci (2023);Experiment 2;Orientation;1;3;84.0;17.0;-68.0;-76.0;11;1
18;119;107;-12;1.92484800005332;1;-46.0;12;Ceylan & Pascucci (2023);Experiment 2;Orientation;1;3;-46.0;38.0;-29.0;66.0;12;1
18;162;150;-12;2.44979449990205;1;-43.0;13;Ceylan & Pascucci (2023);Experiment 2;Orientation;1;3;-43.0;-89.0;-5.0;-72.0;13;1
18;90;82;-8;1.67351029999554;1;72.0;14;Ceylan & Pascucci (2023);Experiment 2;Orientation;1;3;72.0;29.0;-17.0;67.0;14;1
18;180;175;-5;1.77517680008896;1;-90.0;15;Ceylan & Pascucci (2023);Experiment 2;Orientation;1;3;90.0;-18.0;-61.0;73.0;15;1
18;16;21;5;1.53307230002247;1;-16.0;16;Ceylan & Pascucci (2023);Experiment 2;Orientation;1;3;-16.0;74.0;-34.0;-77.0;16;1
18;97;101;4;1.57522540003993;1;-81.0;17;Ceylan & Pascucci (2023);Experiment 2;Orientation;1;3;-81.0;83.0;-7.0;65.0;17;1
18;55;46;-9;2.30847360007465;1;42.0;18;Ceylan & Pascucci (2023);Experiment 2;Orientation;1;3;42.0;-39.0;-55.0;35.0;18;1
18;48;45;-3;1.90033670002595;1;7.0;19;Ceylan & Pascucci (2023);Experiment 2;Orientation;1;3;7.0;49.0;-32.0;-48.0;19;1
18;158;162;4;2.54921690002084;1;70.0;20;Ceylan & Pascucci (2023);Experiment 2;Orientation;1;3;70.0;77.0;-61.0;38.0;20;1
18;152;163;11;3.24969209986739;1;6.0;21;Ceylan & Pascucci (2023);Experiment 2;Orientation;1;3;6.0;76.0;83.0;-55.0;21;1
18;26;21;-5;2.87458180007525;1;-54.0;22;Ceylan & Pascucci (2023);Experiment 2;Orientation;1;3;-54.0;-48.0;22.0;29.0;22;1
18;84;64;-20;2.21677959989756;1;-58.0;23;Ceylan & Pascucci (2023);Experiment 2;Orientation;1;3;-58.0;68.0;74.0;-36.0;23;1
18;28;46;18;1.39125940017402;1;56.0;24;Ceylan & Pascucci (2023);Experiment 2;Orientation;1;3;56.0;-2.0;-56.0;-50.0;24;1
18;85;73;-12;2.68351809983142;1;-57.0;25;Ceylan & Pascucci (2023);Experiment 2;Orientation;1;3;-57.0;-1.0;-59.0;67.0;25;1
18;78;72;-6;2.58207939984277;1;7.0;26;Ceylan & Pascucci (2023);Experiment 2;Orientation;1;3;7.0;-50.0;6.0;-52.0;26;1
18;120;126;6;2.11563370004296;1;-42.0;27;Ceylan & Pascucci (2023);Experiment 2;Orientation;1;3;-42.0;-35.0;88.0;-36.0;27;1
18;69;58;-11;2.48305239994079;1;51.0;28;Ceylan & Pascucci (2023);Experiment 2;Orientation;1;3;51.0;9.0;16.0;-41.0;28;1
18;15;19;4;2.91618810012005;1;54.0;29;Ceylan & Pascucci (2023);Experiment 2;Orientation;1;3;54.0;-75.0;63.0;70.0;29;1
18;7;5;-2;2.14135499997064;1;8.0;30;Ceylan & Pascucci (2023);Experiment 2;Orientation;1;3;8.0;62.0;-67.0;71.0;30;1
18;27;14;-13;4.31622859998606;2;-20.0;31;Ceylan & Pascucci (2023);Experiment 2;Orientation;1;3;;;;;1;2
18;107;102;-5;1.56508560013026;2;-80.0;32;Ceylan & Pascucci (2023);Experiment 2;Orientation;1;3;;;;;2;2
18;25;20;-5;1.90809370018542;2;82.0;33;Ceylan & Pascucci (2023);Experiment 2;Orientation;1;3;;;;;3;2
18;4;173;-11;1.59203900001012;2;21.0;34;Ceylan & Pascucci (2023);Experiment 2;Orientation;1;3;;;;;4;2
18;98;98;0;2.45675679994747;2;86.0;35;Ceylan & Pascucci (2023);Experiment 2;Orientation;1;3;86.0;-73.0;9.0;-71.0;5;2
18;180;173;-7;2.37511970009655;2;-82.0;36;Ceylan & Pascucci (2023);Experiment 2;Orientation;1;3;-82.0;4.0;25.0;-73.0;6;2
18;16;10;-6;2.77406190009788;2;-16.0;37;Ceylan & Pascucci (2023);Experiment 2;Orientation;1;3;-16.0;82.0;-12.0;9.0;7;2
18;148;142;-6;2.54871449992061;2;48.0;38;Ceylan & Pascucci (2023);Experiment 2;Orientation;1;3;48.0;32.0;-50.0;36.0;8;2
18;138;127;-11;1.79049679986201;2;10.0;39;Ceylan & Pascucci (2023);Experiment 2;Orientation;1;3;10.0;58.0;42.0;-40.0;9;2
18;178;156;-22;2.49048110004514;2;-40.0;40;Ceylan & Pascucci (2023);Experiment 2;Orientation;1;3;-40.0;-30.0;18.0;2.0;10;2
18;21;17;-4;2.46507099992596;2;-23.0;41;Ceylan & Pascucci (2023);Experiment 2;Orientation;1;3;-23.0;-63.0;-53.0;-5.0;11;2
18;115;115;0;4.03333580004983;2;86.0;42;Ceylan & Pascucci (2023);Experiment 2;Orientation;1;3;86.0;63.0;23.0;33.0;12;2
18;97;96;-1;2.8580022000242;2;18.0;43;Ceylan & Pascucci (2023);Experiment 2;Orientation;1;3;18.0;-76.0;81.0;41.0;13;2
18;38;36;-2;2.98345549986698;2;59.0;44;Ceylan & Pascucci (2023);Experiment 2;Orientation;1;3;59.0;77.0;-17.0;-40.0;14;2
18;126;119;-7;4.87393770017661;2;-88.0;45;Ceylan & Pascucci (2023);Experiment 2;Orientation;1;3;-88.0;-29.0;-11.0;75.0;15;2
18;41;40;-1;2.39094710000791;2;85.0;46;Ceylan & Pascucci (2023);Experiment 2;Orientation;1;3;85.0;-3.0;56.0;74.0;16;2
18;83;70;-13;2.27387630008161;2;-42.0;47;Ceylan & Pascucci (2023);Experiment 2;Orientation;1;3;-42.0;43.0;-45.0;14.0;17;2
18;133;114;-19;3.24917900003493;2;-50.0;48;Ceylan & Pascucci (2023);Experiment 2;Orientation;1;3;-50.0;88.0;-7.0;85.0;18;2
18;80;71;-9;2.52498920005746;2;53.0;49;Ceylan & Pascucci (2023);Experiment 2;Orientation;1;3;53.0;3.0;-39.0;46.0;19;2
18;65;78;13;2.73210550006479;2;15.0;50;Ceylan & Pascucci (2023);Experiment 2;Orientation;1;3;15.0;68.0;18.0;-24.0;20;2
18;45;46;1;2.39184479997493;2;20.0;51;Ceylan & Pascucci (2023);Experiment 2;Orientation;1;3;20.0;35.0;88.0;38.0;21;2
18;167;162;-5;2.64187459996901;2;58.0;52;Ceylan & Pascucci (2023);Experiment 2;Orientation;1;3;58.0;78.0;-87.0;-34.0;22;2
18;3;177;-6;2.36693149991333;2;-16.0;53;Ceylan & Pascucci (2023);Experiment 2;Orientation;1;3;-16.0;42.0;62.0;77.0;23;2
18;129;111;-18;1.95819310005754;2;54.0;54;Ceylan & Pascucci (2023);Experiment 2;Orientation;1;3;54.0;38.0;-84.0;-64.0;24;2
18;132;133;1;1.70010680006817;2;-3.0;55;Ceylan & Pascucci (2023);Experiment 2;Orientation;1;3;-3.0;51.0;35.0;-87.0;25;2
18;174;170;-4;1.20726300007664;2;-42.0;56;Ceylan & Pascucci (2023);Experiment 2;Orientation;1;3;-42.0;-45.0;9.0;-7.0;26;2
18;59;69;10;2.82326960004866;2;-65.0;57;Ceylan & Pascucci (2023);Experiment 2;Orientation;1;3;-65.0;73.0;70.0;-56.0;27;2
18;121;116;-5;1.45766859990545;2;-62.0;58;Ceylan & Pascucci (2023);Experiment 2;Orientation;1;3;-62.0;53.0;11.0;8.0;28;2
18;139;144;5;2.00676210015081;2;-18.0;59;Ceylan & Pascucci (2023);Experiment 2;Orientation;1;3;-18.0;-80.0;35.0;-7.0;29;2
18;76;73;-3;1.94978959998116;2;63.0;60;Ceylan & Pascucci (2023);Experiment 2;Orientation;1;3;63.0;45.0;-17.0;-82.0;30;2
18;2;0;-2;3.14172149985097;3;74.0;61;Ceylan & Pascucci (2023);Experiment 2;Orientation;1;3;;;;;1;3
18;141;137;-4;1.80737129994668;3;41.0;62;Ceylan & Pascucci (2023);Experiment 2;Orientation;1;3;;;;;2;3
18;175;163;-12;2.17529419995844;3;-34.0;63;Ceylan & Pascucci (2023);Experiment 2;Orientation;1;3;;;;;3;3
18;157;152;-5;3.057142799953;3;18.0;64;Ceylan & Pascucci (2023);Experiment 2;Orientation;1;3;;;;;4;3
18;17;20;3;3.69855089997873;3;-40.0;65;Ceylan & Pascucci (2023);Experiment 2;Orientation;1;3;-40.0;-22.0;-56.0;-15.0;5;3
18;35;38;3;3.30841129994951;3;-18.0;66;Ceylan & Pascucci (2023);Experiment 2;Orientation;1;3;-18.0;-58.0;-40.0;-74.0;6;3
18;157;140;-17;2.25737749994732;3;58.0;67;Ceylan & Pascucci (2023);Experiment 2;Orientation;1;3;58.0;40.0;0.0;18.0;7;3
18;61;71;10;3.40700599993579;3;-84.0;68;Ceylan & Pascucci (2023);Experiment 2;Orientation;1;3;-84.0;-26.0;-44.0;-84.0;8;3
18;86;79;-7;1.4576143999584;3;-25.0;69;Ceylan & Pascucci (2023);Experiment 2;Orientation;1;3;-25.0;71.0;-51.0;-69.0;9;3
18;56;54;-2;2.32427110010758;3;30.0;70;Ceylan & Pascucci (2023);Experiment 2;Orientation;1;3;30.0;5.0;-79.0;-21.0;10;3
18;77;78;1;1.74997360003181;3;-21.0;71;Ceylan & Pascucci (2023);Experiment 2;Orientation;1;3;-21.0;9.0;-16.0;80.0;11;3
18;107;114;7;1.89844019990414;3;-30.0;72;Ceylan & Pascucci (2023);Experiment 2;Orientation;1;3;-30.0;-51.0;-21.0;-46.0;12;3
18;154;135;-19;1.64157110010274;3;-47.0;73;Ceylan & Pascucci (2023);Experiment 2;Orientation;1;3;-47.0;-77.0;82.0;-68.0;13;3
18;171;165;-6;1.63163910014555;3;-17.0;74;Ceylan & Pascucci (2023);Experiment 2;Orientation;1;3;-17.0;-64.0;86.0;65.0;14;3
18;34;36;2;2.02478310000151;3;-43.0;75;Ceylan & Pascucci (2023);Experiment 2;Orientation;1;3;-43.0;-60.0;73.0;43.0;15;3
18;118;112;-6;5.44891139981337;3;-84.0;76;Ceylan & Pascucci (2023);Experiment 2;Orientation;1;3;-84.0;53.0;36.0;-11.0;16;3
18;98;98;0;2.41554629988968;3;20.0;77;Ceylan & Pascucci (2023);Experiment 2;Orientation;1;3;20.0;-64.0;73.0;56.0;17;3
18;2;175;-7;1.94053220003843;3;-84.0;78;Ceylan & Pascucci (2023);Experiment 2;Orientation;1;3;-84.0;-64.0;32.0;-11.0;18;3
18;80;76;-4;1.45671880012378;3;-78.0;79;Ceylan & Pascucci (2023);Experiment 2;Orientation;1;3;-78.0;18.0;38.0;-46.0;19;3
18;47;27;-20;1.93337420001626;3;33.0;80;Ceylan & Pascucci (2023);Experiment 2;Orientation;1;3;33.0;-45.0;51.0;71.0;20;3
18;63;49;-14;1.99052039999515;3;-16.0;81;Ceylan & Pascucci (2023);Experiment 2;Orientation;1;3;-16.0;17.0;-61.0;35.0;21;3
18;61;57;-4;2.09901450015604;3;2.0;82;Ceylan & Pascucci (2023);Experiment 2;Orientation;1;3;2.0;-14.0;19.0;-59.0;22;3
18;82;74;-8;1.90852830000222;3;-21.0;83;Ceylan & Pascucci (2023);Experiment 2;Orientation;1;3;-21.0;-19.0;-35.0;-2.0;23;3
18;125;127;2;2.64896509982646;3;-43.0;84;Ceylan & Pascucci (2023);Experiment 2;Orientation;1;3;-43.0;-64.0;-62.0;-78.0;24;3
18;25;26;1;2.57418160000816;3;-80.0;85;Ceylan & Pascucci (2023);Experiment 2;Orientation;1;3;-80.0;57.0;36.0;38.0;25;3
18;107;104;-3;2.66633090004325;3;-82.0;86;Ceylan & Pascucci (2023);Experiment 2;Orientation;1;3;-82.0;18.0;-25.0;-46.0;26;3
18;125;107;-18;3.55697919987142;3;-18.0;87;Ceylan & Pascucci (2023);Experiment 2;Orientation;1;3;-18.0;80.0;0.0;-43.0;27;3
18;47;48;1;1.67395040020347;3;78.0;88;Ceylan & Pascucci (2023);Experiment 2;Orientation;1;3;78.0;60.0;-22.0;78.0;28;3
18;52;51;-1;1.89990409999155;3;-5.0;89;Ceylan & Pascucci (2023);Experiment 2;Orientation;1;3;-5.0;73.0;55.0;-27.0;29;3
18;170;154;-16;1.89071239996701;3;62.0;90;Ceylan & Pascucci (2023);Experiment 2;Orientation;1;3;62.0;57.0;-45.0;-63.0;30;3
18;143;141;-2;2.00734140002169;4;27.0;91;Ceylan & Pascucci (2023);Experiment 2;Orientation;1;3;;;;;1;4
18;63;57;-6;1.88359260000288;4;80.0;92;Ceylan & Pascucci (2023);Experiment 2;Orientation;1;3;;;;;2;4
18;8;9;1;1.9818704999052;4;55.0;93;Ceylan & Pascucci (2023);Experiment 2;Orientation;1;3;;;;;3;4
18;162;162;0;1.44136729999445;4;26.0;94;Ceylan & Pascucci (2023);Experiment 2;Orientation;1;3;;;;;4;4
18;141;138;-3;1.34203739999793;4;21.0;95;Ceylan & Pascucci (2023);Experiment 2;Orientation;1;3;21.0;47.0;-78.0;2.0;5;4
18;51;48;-3;1.50860360008664;4;90.0;96;Ceylan & Pascucci (2023);Experiment 2;Orientation;1;3;90.0;-69.0;-43.0;12.0;6;4
18;117;93;-24;3.15702999988571;4;-66.0;97;Ceylan & Pascucci (2023);Experiment 2;Orientation;1;3;-66.0;24.0;45.0;71.0;7;4
18;2;7;5;2.16597650013864;4;-65.0;98;Ceylan & Pascucci (2023);Experiment 2;Orientation;1;3;-65.0;49.0;-41.0;-20.0;8;4
18;139;116;-23;2.52386029995978;4;43.0;99;Ceylan & Pascucci (2023);Experiment 2;Orientation;1;3;43.0;-22.0;-88.0;2.0;9;4
18;138;150;12;1.52498119999655;4;1.0;100;Ceylan & Pascucci (2023);Experiment 2;Orientation;1;3;1.0;44.0;-21.0;-87.0;10;4
18;59;52;-7;2.37420959980227;4;79.0;101;Ceylan & Pascucci (2023);Experiment 2;Orientation;1;3;79.0;80.0;-57.0;58.0;11;4
18;124;132;8;3.06578429997899;4;-65.0;102;Ceylan & Pascucci (2023);Experiment 2;Orientation;1;3;-65.0;14.0;15.0;58.0;12;4
18;43;48;5;1.5740137998946;4;81.0;103;Ceylan & Pascucci (2023);Experiment 2;Orientation;1;3;81.0;16.0;-85.0;-84.0;13;4
18;58;48;-10;2.00017809984274;4;-15.0;104;Ceylan & Pascucci (2023);Experiment 2;Orientation;1;3;-15.0;66.0;1.0;80.0;14;4
18;4;12;8;2.46676739980467;4;54.0;105;Ceylan & Pascucci (2023);Experiment 2;Orientation;1;3;54.0;39.0;-60.0;55.0;15;4
18;31;21;-10;0.625336100114509;4;-27.0;106;Ceylan & Pascucci (2023);Experiment 2;Orientation;1;3;-27.0;27.0;12.0;-87.0;16;4
18;178;177;-1;1.7489038000349;4;33.0;107;Ceylan & Pascucci (2023);Experiment 2;Orientation;1;3;33.0;6.0;60.0;45.0;17;4
18;23;20;-3;1.25774820009246;4;-25.0;108;Ceylan & Pascucci (2023);Experiment 2;Orientation;1;3;-25.0;8.0;-19.0;35.0;18;4
18;109;108;-1;2.90009099990129;4;-86.0;109;Ceylan & Pascucci (2023);Experiment 2;Orientation;1;3;-86.0;69.0;-78.0;75.0;19;4
18;97;99;2;2.24070259998553;4;12.0;110;Ceylan & Pascucci (2023);Experiment 2;Orientation;1;3;12.0;-74.0;81.0;-66.0;20;4
18;5;8;3;3.89868040010333;4;-88.0;111;Ceylan & Pascucci (2023);Experiment 2;Orientation;1;3;-88.0;-76.0;18.0;-7.0;21;4
18;98;98;0;2.90799589990638;4;87.0;112;Ceylan & Pascucci (2023);Experiment 2;Orientation;1;3;87.0;-1.0;11.0;-75.0;22;4
18;41;19;-22;1.87384469993412;4;57.0;113;Ceylan & Pascucci (2023);Experiment 2;Orientation;1;3;57.0;-36.0;56.0;68.0;23;4
18;71;74;3;2.04879359994084;4;-30.0;114;Ceylan & Pascucci (2023);Experiment 2;Orientation;1;3;-30.0;27.0;-66.0;26.0;24;4
18;50;50;0;1.69159920001402;4;21.0;115;Ceylan & Pascucci (2023);Experiment 2;Orientation;1;3;21.0;-9.0;48.0;-45.0;25;4
18;180;172;-8;2.01540130004287;4;50.0;116;Ceylan & Pascucci (2023);Experiment 2;Orientation;1;3;50.0;71.0;41.0;-82.0;26;4
18;42;29;-13;4.93217049981467;4;-42.0;117;Ceylan & Pascucci (2023);Experiment 2;Orientation;1;3;-42.0;8.0;29.0;-1.0;27;4
18;47;51;4;1.72505560005084;4;-5.0;118;Ceylan & Pascucci (2023);Experiment 2;Orientation;1;3;-5.0;-47.0;3.0;24.0;28;4
18;53;61;8;1.30772780021653;4;-6.0;119;Ceylan & Pascucci (2023);Experiment 2;Orientation;1;3;-6.0;-11.0;-53.0;-3.0;29;4
18;70;65;-5;1.44985780003481;4;-17.0;120;Ceylan & Pascucci (2023);Experiment 2;Orientation;1;3;-17.0;-23.0;-28.0;-70.0;30;4
18;165;142;-23;1.1832515001297;5;85.0;121;Ceylan & Pascucci (2023);Experiment 2;Orientation;1;3;;;;;1;5
18;63;52;-11;1.37407350004651;5;-78.0;122;Ceylan & Pascucci (2023);Experiment 2;Orientation;1;3;;;;;2;5
18;95;97;2;1.89982670010068;5;-32.0;123;Ceylan & Pascucci (2023);Experiment 2;Orientation;1;3;;;;;3;5
18;60;68;8;2.23294670018367;5;35.0;124;Ceylan & Pascucci (2023);Experiment 2;Orientation;1;3;;;;;4;5
18;168;147;-21;1.19068830017932;5;72.0;125;Ceylan & Pascucci (2023);Experiment 2;Orientation;1;3;72.0;-73.0;75.0;-3.0;5;5
18;34;3;-31;3.61539459996857;5;-46.0;126;Ceylan & Pascucci (2023);Experiment 2;Orientation;1;3;-46.0;26.0;61.0;29.0;6;5
18;149;151;2;4.14068110007793;5;65.0;127;Ceylan & Pascucci (2023);Experiment 2;Orientation;1;3;65.0;19.0;-89.0;-54.0;7;5
18;36;66;30;2.14073330000974;5;-67.0;128;Ceylan & Pascucci (2023);Experiment 2;Orientation;1;3;-67.0;-2.0;-48.0;24.0;8;5
18;8;11;3;5.0579913998954;5;28.0;129;Ceylan & Pascucci (2023);Experiment 2;Orientation;1;3;28.0;-39.0;26.0;-20.0;9;5
18;68;69;1;2.31637559994124;5;-60.0;130;Ceylan & Pascucci (2023);Experiment 2;Orientation;1;3;-60.0;-32.0;81.0;-34.0;10;5
18;160;154;-6;1.53368460014462;5;88.0;131;Ceylan & Pascucci (2023);Experiment 2;Orientation;1;3;88.0;28.0;56.0;-11.0;11;5
18;166;157;-9;1.53197550005279;5;-6.0;132;Ceylan & Pascucci (2023);Experiment 2;Orientation;1;3;-6.0;82.0;22.0;50.0;12;5
18;57;49;-8;1.42462289985269;5;-71.0;133;Ceylan & Pascucci (2023);Experiment 2;Orientation;1;3;-71.0;-77.0;11.0;-49.0;13;5
18;74;58;-16;2.16556149977259;5;-17.0;134;Ceylan & Pascucci (2023);Experiment 2;Orientation;1;3;-17.0;-88.0;86.0;-6.0;14;5
18;35;30;-5;1.24901390005834;5;39.0;135;Ceylan & Pascucci (2023);Experiment 2;Orientation;1;3;39.0;22.0;-49.0;-55.0;15;5
18;154;147;-7;2.9238768001087;5;61.0;136;Ceylan & Pascucci (2023);Experiment 2;Orientation;1;3;61.0;-80.0;83.0;12.0;16;5
18;10;17;7;3.19078460009769;5;-36.0;137;Ceylan & Pascucci (2023);Experiment 2;Orientation;1;3;-36.0;25.0;64.0;47.0;17;5
18;6;16;10;2.64916129992343;5;4.0;138;Ceylan & Pascucci (2023);Experiment 2;Orientation;1;3;4.0;-32.0;29.0;68.0;18;5
18;52;46;-6;2.56688620010391;5;-46.0;139;Ceylan & Pascucci (2023);Experiment 2;Orientation;1;3;-46.0;-42.0;-78.0;-17.0;19;5
18;7;14;7;1.39029860007577;5;45.0;140;Ceylan & Pascucci (2023);Experiment 2;Orientation;1;3;45.0;-1.0;3.0;-33.0;20;5
18;59;66;7;2.59881599992514;5;-52.0;141;Ceylan & Pascucci (2023);Experiment 2;Orientation;1;3;-52.0;-7.0;-53.0;-49.0;21;5
18;154;135;-19;2.19843199988827;5;85.0;142;Ceylan & Pascucci (2023);Experiment 2;Orientation;1;3;85.0;33.0;78.0;32.0;22;5
18;138;136;-2;1.19025909993798;5;16.0;143;Ceylan & Pascucci (2023);Experiment 2;Orientation;1;3;16.0;-79.0;49.0;-86.0;23;5
18;117;109;-8;2.46511209988967;5;21.0;144;Ceylan & Pascucci (2023);Experiment 2;Orientation;1;3;21.0;37.0;-58.0;70.0;24;5
18;141;106;-35;2.15849280008115;5;-24.0;145;Ceylan & Pascucci (2023);Experiment 2;Orientation;1;3;-24.0;-3.0;13.0;-82.0;25;5
18;121;126;5;1.55824639997445;5;20.0;146;Ceylan & Pascucci (2023);Experiment 2;Orientation;1;3;20.0;-4.0;17.0;33.0;26;5
18;164;153;-11;2.23266830015928;5;-43.0;147;Ceylan & Pascucci (2023);Experiment 2;Orientation;1;3;-43.0;-23.0;-47.0;-26.0;27;5
18;46;34;-12;1.91489150002599;5;-62.0;148;Ceylan & Pascucci (2023);Experiment 2;Orientation;1;3;-62.0;75.0;-85.0;71.0;28;5
18;82;88;6;2.49966150010005;5;-36.0;149;Ceylan & Pascucci (2023);Experiment 2;Orientation;1;3;-36.0;82.0;39.0;59.0;29;5
18;71;72;1;1.74188689980656;5;11.0;150;Ceylan & Pascucci (2023);Experiment 2;Orientation;1;3;11.0;-25.0;-87.0;50.0;30;5
18;167;159;-8;1.94064120016992;6;84.0;151;Ceylan & Pascucci (2023);Experiment 2;Orientation;1;3;;;;;1;6
18;135;153;18;1.62423379998654;6;32.0;152;Ceylan & Pascucci (2023);Experiment 2;Orientation;1;3;;;;;2;6
18;3;165;-18;2.14046889985912;6;-48.0;153;Ceylan & Pascucci (2023);Experiment 2;Orientation;1;3;;;;;3;6
18;148;156;8;1.22490089992061;6;35.0;154;Ceylan & Pascucci (2023);Experiment 2;Orientation;1;3;;;;;4;6
18;6;12;6;1.70046179997735;6;-38.0;155;Ceylan & Pascucci (2023);Experiment 2;Orientation;1;3;-38.0;-3.0;-51.0;-19.0;5;6
18;167;156;-11;2.4072138001211;6;19.0;156;Ceylan & Pascucci (2023);Experiment 2;Orientation;1;3;19.0;-19.0;16.0;-32.0;6;6
18;39;35;-4;1.81573279993609;6;-52.0;157;Ceylan & Pascucci (2023);Experiment 2;Orientation;1;3;-52.0;-33.0;-71.0;-36.0;7;6
18;76;81;5;2.0331532000564;6;-37.0;158;Ceylan & Pascucci (2023);Experiment 2;Orientation;1;3;-37.0;-89.0;-70.0;72.0;8;6
18;15;20;5;2.590494700009;6;61.0;159;Ceylan & Pascucci (2023);Experiment 2;Orientation;1;3;61.0;24.0;-28.0;-9.0;9;6
18;18;79;61;3.27371240011416;6;-3.0;160;Ceylan & Pascucci (2023);Experiment 2;Orientation;1;3;-3.0;58.0;21.0;-31.0;10;6
18;49;43;-6;1.29100500000641;6;-31.0;161;Ceylan & Pascucci (2023);Experiment 2;Orientation;1;3;-31.0;-34.0;27.0;-10.0;11;6
18;85;83;-2;2.06638700002804;6;-36.0;162;Ceylan & Pascucci (2023);Experiment 2;Orientation;1;3;-36.0;-67.0;-70.0;-9.0;12;6
18;123;99;-24;4.39063749997877;6;-38.0;163;Ceylan & Pascucci (2023);Experiment 2;Orientation;1;3;-38.0;-74.0;75.0;72.0;13;6
18;96;103;7;1.70814600004815;6;27.0;164;Ceylan & Pascucci (2023);Experiment 2;Orientation;1;3;27.0;-11.0;-47.0;-78.0;14;6
18;69;72;3;1.79962210007943;6;27.0;165;Ceylan & Pascucci (2023);Experiment 2;Orientation;1;3;27.0;54.0;16.0;-20.0;15;6
18;177;171;-6;1.79180340003222;6;72.0;166;Ceylan & Pascucci (2023);Experiment 2;Orientation;1;3;72.0;-81.0;-54.0;88.0;16;6
18;174;154;-20;1.55754649988376;6;3.0;167;Ceylan & Pascucci (2023);Experiment 2;Orientation;1;3;3.0;75.0;-78.0;-51.0;17;6
18;110;104;-6;2.52437120000832;6;64.0;168;Ceylan & Pascucci (2023);Experiment 2;Orientation;1;3;64.0;67.0;-41.0;-14.0;18;6
18;57;152;-85;1.20836069993675;6;53.0;169;Ceylan & Pascucci (2023);Experiment 2;Orientation;1;3;53.0;-63.0;-60.0;12.0;19;6
18;60;53;-7;2.09049169998616;6;-3.0;170;Ceylan & Pascucci (2023);Experiment 2;Orientation;1;3;-3.0;50.0;-66.0;-63.0;20;6
18;22;19;-3;1.69985660002567;6;38.0;171;Ceylan & Pascucci (2023);Experiment 2;Orientation;1;3;38.0;35.0;88.0;-28.0;21;6
18;167;165;-2;1.54845439991914;6;35.0;172;Ceylan & Pascucci (2023);Experiment 2;Orientation;1;3;35.0;73.0;70.0;-57.0;22;6
18;105;107;2;2.66684650001116;6;62.0;173;Ceylan & Pascucci (2023);Experiment 2;Orientation;1;3;62.0;-83.0;-45.0;-48.0;23;6
18;40;44;4;1.69149640016258;6;65.0;174;Ceylan & Pascucci (2023);Experiment 2;Orientation;1;3;65.0;-53.0;-18.0;20.0;24;6
18;65;65;0;2.38344669993967;6;-25.0;175;Ceylan & Pascucci (2023);Experiment 2;Orientation;1;3;-25.0;40.0;-78.0;-43.0;25;6
18;53;60;7;1.98193540005013;6;12.0;176;Ceylan & Pascucci (2023);Experiment 2;Orientation;1;3;12.0;-13.0;52.0;-66.0;26;6
18;115;120;5;1.80771959992126;6;-62.0;177;Ceylan & Pascucci (2023);Experiment 2;Orientation;1;3;-62.0;-50.0;-75.0;-10.0;27;6
18;126;129;3;1.60850950004533;6;-11.0;178;Ceylan & Pascucci (2023);Experiment 2;Orientation;1;3;-11.0;-73.0;-61.0;-86.0;28;6
18;104;104;0;1.20759330014698;6;22.0;179;Ceylan & Pascucci (2023);Experiment 2;Orientation;1;3;22.0;11.0;-51.0;-39.0;29;6
18;122;129;7;1.19189690006897;6;-18.0;180;Ceylan & Pascucci (2023);Experiment 2;Orientation;1;3;-18.0;4.0;-7.0;-69.0;30;6
18;131;126;-5;1.24151689978316;7;-9.0;181;Ceylan & Pascucci (2023);Experiment 2;Orientation;1;3;;;;;1;7
18;58;50;-8;2.12507120007649;7;73.0;182;Ceylan & Pascucci (2023);Experiment 2;Orientation;1;3;;;;;2;7
18;114;119;5;2.18349680001847;7;-56.0;183;Ceylan & Pascucci (2023);Experiment 2;Orientation;1;3;;;;;3;7
18;70;73;3;2.01555419992656;7;44.0;184;Ceylan & Pascucci (2023);Experiment 2;Orientation;1;3;;;;;4;7
18;173;166;-7;1.7072918000631;7;77.0;185;Ceylan & Pascucci (2023);Experiment 2;Orientation;1;3;77.0;-59.0;65.0;-42.0;5;7
18;15;7;-8;1.85013810009696;7;-22.0;186;Ceylan & Pascucci (2023);Experiment 2;Orientation;1;3;-22.0;55.0;-81.0;43.0;6;7
18;62;58;-4;2.06687199999578;7;-47.0;187;Ceylan & Pascucci (2023);Experiment 2;Orientation;1;3;-47.0;-69.0;8.0;52.0;7;7
18;75;66;-9;1.89918479998596;7;-13.0;188;Ceylan & Pascucci (2023);Experiment 2;Orientation;1;3;-13.0;-60.0;-82.0;-5.0;8;7
18;112;116;4;1.36589969997294;7;-37.0;189;Ceylan & Pascucci (2023);Experiment 2;Orientation;1;3;-37.0;-50.0;83.0;61.0;9;7
18;38;49;11;2.09851639997214;7;74.0;190;Ceylan & Pascucci (2023);Experiment 2;Orientation;1;3;74.0;37.0;24.0;-23.0;10;7
18;49;53;4;1.75821290002204;7;-11.0;191;Ceylan & Pascucci (2023);Experiment 2;Orientation;1;3;-11.0;63.0;26.0;13.0;11;7
18;173;155;-18;2.50797519995831;7;56.0;192;Ceylan & Pascucci (2023);Experiment 2;Orientation;1;3;56.0;45.0;-61.0;82.0;12;7
18;128;120;-8;2.45719570014626;7;45.0;193;Ceylan & Pascucci (2023);Experiment 2;Orientation;1;3;45.0;-79.0;90.0;-16.0;13;7
18;139;146;7;1.71689519984648;7;-11.0;194;Ceylan & Pascucci (2023);Experiment 2;Orientation;1;3;-11.0;34.0;90.0;79.0;14;7
18;48;47;-1;1.90734259993769;7;-89.0;195;Ceylan & Pascucci (2023);Experiment 2;Orientation;1;3;-89.0;80.0;-55.0;1.0;15;7
18;79;76;-3;1.96551369992085;7;-31.0;196;Ceylan & Pascucci (2023);Experiment 2;Orientation;1;3;-31.0;60.0;49.0;-86.0;16;7
18;29;20;-9;1.54215969983488;7;50.0;197;Ceylan & Pascucci (2023);Experiment 2;Orientation;1;3;50.0;19.0;-70.0;-81.0;17;7
18;82;70;-12;2.35760340001434;7;-53.0;198;Ceylan & Pascucci (2023);Experiment 2;Orientation;1;3;-53.0;-3.0;-34.0;57.0;18;7
18;14;14;0;2.60680349986069;7;68.0;199;Ceylan & Pascucci (2023);Experiment 2;Orientation;1;3;68.0;15.0;65.0;34.0;19;7
18;51;64;13;1.8911306001246;7;-37.0;200;Ceylan & Pascucci (2023);Experiment 2;Orientation;1;3;-37.0;31.0;-22.0;28.0;20;7
18;78;68;-10;2.50770740001462;7;-27.0;201;Ceylan & Pascucci (2023);Experiment 2;Orientation;1;3;-27.0;-64.0;4.0;-49.0;21;7
18;10;5;-5;4.94930270011537;7;68.0;202;Ceylan & Pascucci (2023);Experiment 2;Orientation;1;3;68.0;41.0;4.0;72.0;22;7
18;83;76;-7;2.40784650016576;7;-73.0;203;Ceylan & Pascucci (2023);Experiment 2;Orientation;1;3;-73.0;-5.0;-32.0;-69.0;23;7
18;143;156;13;2.01608930015936;7;-60.0;204;Ceylan & Pascucci (2023);Experiment 2;Orientation;1;3;-60.0;47.0;-65.0;88.0;24;7
18;85;77;-8;2.18274939991534;7;58.0;205;Ceylan & Pascucci (2023);Experiment 2;Orientation;1;3;58.0;-2.0;-75.0;-7.0;25;7
18;20;14;-6;1.7327104001306;7;65.0;206;Ceylan & Pascucci (2023);Experiment 2;Orientation;1;3;65.0;-57.0;63.0;-10.0;26;7
18;148;146;-2;1.63931629993021;7;52.0;207;Ceylan & Pascucci (2023);Experiment 2;Orientation;1;3;52.0;-63.0;-5.0;-65.0;27;7
18;80;79;-1;1.53107039979659;7;68.0;208;Ceylan & Pascucci (2023);Experiment 2;Orientation;1;3;68.0;-60.0;5.0;63.0;28;7
18;148;125;-23;1.64107970008627;7;-68.0;209;Ceylan & Pascucci (2023);Experiment 2;Orientation;1;3;-68.0;0.0;52.0;-63.0;29;7
18;82;78;-4;2.77506950008683;7;66.0;210;Ceylan & Pascucci (2023);Experiment 2;Orientation;1;3;66.0;-2.0;66.0;-62.0;30;7
18;97;96;-1;2.84838700015098;8;-15.0;211;Ceylan & Pascucci (2023);Experiment 2;Orientation;1;3;;;;;1;8
18;24;28;4;2.47601029998623;8;73.0;212;Ceylan & Pascucci (2023);Experiment 2;Orientation;1;3;;;;;2;8
18;49;42;-7;2.12462029978633;8;-25.0;213;Ceylan & Pascucci (2023);Experiment 2;Orientation;1;3;;;;;3;8
18;89;101;12;2.09111830010079;8;-40.0;214;Ceylan & Pascucci (2023);Experiment 2;Orientation;1;3;;;;;4;8
18;92;97;5;3.67436509998515;8;-3.0;215;Ceylan & Pascucci (2023);Experiment 2;Orientation;1;3;-3.0;-43.0;-68.0;5.0;5;8
18;162;137;-25;1.09239020012319;8;-70.0;216;Ceylan & Pascucci (2023);Experiment 2;Orientation;1;3;-70.0;-73.0;67.0;42.0;6;8
18;20;19;-1;1.90016279998235;8;-38.0;217;Ceylan & Pascucci (2023);Experiment 2;Orientation;1;3;-38.0;72.0;69.0;29.0;7;8
18;135;129;-6;2.46667869994417;8;65.0;218;Ceylan & Pascucci (2023);Experiment 2;Orientation;1;3;65.0;27.0;-43.0;-46.0;8;8
18;32;31;-1;1.66550399991684;8;-77.0;219;Ceylan & Pascucci (2023);Experiment 2;Orientation;1;3;-77.0;-12.0;-50.0;60.0;9;8
18;81;73;-8;1.28927700011991;8;-49.0;220;Ceylan & Pascucci (2023);Experiment 2;Orientation;1;3;-49.0;54.0;-61.0;81.0;10;8
18;9;12;3;2.3825203999877;8;72.0;221;Ceylan & Pascucci (2023);Experiment 2;Orientation;1;3;72.0;23.0;-54.0;11.0;11;8
18;165;163;-2;2.28253740002401;8;24.0;222;Ceylan & Pascucci (2023);Experiment 2;Orientation;1;3;24.0;-84.0;47.0;-30.0;12;8
18;30;22;-8;11.9568600999191;8;-45.0;223;Ceylan & Pascucci (2023);Experiment 2;Orientation;1;3;-45.0;-21.0;51.0;2.0;13;8
18;156;2;26;2.04017960000783;8;54.0;224;Ceylan & Pascucci (2023);Experiment 2;Orientation;1;3;54.0;9.0;33.0;-75.0;14;8
18;163;152;-11;2.00859720003791;8;-7.0;225;Ceylan & Pascucci (2023);Experiment 2;Orientation;1;3;-7.0;47.0;2.0;26.0;15;8
18;84;87;3;1.98219410004094;8;79.0;226;Ceylan & Pascucci (2023);Experiment 2;Orientation;1;3;79.0;72.0;-54.0;81.0;16;8
18;112;100;-12;1.98296679998748;8;-28.0;227;Ceylan & Pascucci (2023);Experiment 2;Orientation;1;3;-28.0;51.0;44.0;-82.0;17;8
18;76;71;-5;1.85721200006083;8;36.0;228;Ceylan & Pascucci (2023);Experiment 2;Orientation;1;3;36.0;8.0;87.0;80.0;18;8
18;30;30;0;1.42391979997046;8;46.0;229;Ceylan & Pascucci (2023);Experiment 2;Orientation;1;3;46.0;82.0;54.0;-47.0;19;8
18;106;113;7;1.84058269998059;8;-76.0;230;Ceylan & Pascucci (2023);Experiment 2;Orientation;1;3;-76.0;-30.0;6.0;-22.0;20;8
18;174;149;-25;1.63247409998439;8;-68.0;231;Ceylan & Pascucci (2023);Experiment 2;Orientation;1;3;-68.0;36.0;82.0;-62.0;21;8
18;126;112;-14;1.11611850000918;8;48.0;232;Ceylan & Pascucci (2023);Experiment 2;Orientation;1;3;48.0;-20.0;84.0;-50.0;22;8
18;128;121;-7;1.48316249996424;8;-2.0;233;Ceylan & Pascucci (2023);Experiment 2;Orientation;1;3;-2.0;46.0;-22.0;82.0;23;8
18;17;16;-1;2.39017509995028;8;-69.0;234;Ceylan & Pascucci (2023);Experiment 2;Orientation;1;3;-69.0;-71.0;-23.0;89.0;24;8
18;119;120;1;1.80847860011272;8;78.0;235;Ceylan & Pascucci (2023);Experiment 2;Orientation;1;3;78.0;9.0;7.0;55.0;25;8
18;116;111;-5;1.52389589999802;8;3.0;236;Ceylan & Pascucci (2023);Experiment 2;Orientation;1;3;3.0;81.0;12.0;10.0;26;8
18;111;108;-3;2.00824200012721;8;5.0;237;Ceylan & Pascucci (2023);Experiment 2;Orientation;1;3;5.0;8.0;86.0;17.0;27;8
18;44;33;-11;2.86590899992734;8;67.0;238;Ceylan & Pascucci (2023);Experiment 2;Orientation;1;3;67.0;72.0;75.0;-27.0;28;8
18;132;118;-14;2.57417370006442;8;-88.0;239;Ceylan & Pascucci (2023);Experiment 2;Orientation;1;3;-88.0;-21.0;-16.0;-13.0;29;8
18;70;81;11;2.68188460008241;8;62.0;240;Ceylan & Pascucci (2023);Experiment 2;Orientation;1;3;62.0;-26.0;41.0;46.0;30;8
18;40;27;-13;2.19028209988028;9;30.0;241;Ceylan & Pascucci (2023);Experiment 2;Orientation;1;3;;;;;1;9
18;97;104;7;1.84201050014235;9;-57.0;242;Ceylan & Pascucci (2023);Experiment 2;Orientation;1;3;;;;;2;9
18;70;157;87;1.39105820003897;9;27.0;243;Ceylan & Pascucci (2023);Experiment 2;Orientation;1;3;;;;;3;9
18;72;78;6;2.05721400002949;9;-2.0;244;Ceylan & Pascucci (2023);Experiment 2;Orientation;1;3;;;;;4;9
18;6;176;-10;2.04090879997239;9;66.0;245;Ceylan & Pascucci (2023);Experiment 2;Orientation;1;3;66.0;64.0;-89.0;34.0;5;9
18;170;167;-3;2.00761019997299;9;16.0;246;Ceylan & Pascucci (2023);Experiment 2;Orientation;1;3;16.0;82.0;80.0;-73.0;6;9
18;65;73;8;2.199252899969;9;-75.0;247;Ceylan & Pascucci (2023);Experiment 2;Orientation;1;3;-75.0;-59.0;7.0;5.0;7;9
18;151;146;-5;2.85012429999188;9;-86.0;248;Ceylan & Pascucci (2023);Experiment 2;Orientation;1;3;-86.0;19.0;35.0;-79.0;8;9
18;126;133;7;2.04040090017952;9;25.0;249;Ceylan & Pascucci (2023);Experiment 2;Orientation;1;3;25.0;-61.0;44.0;60.0;9;9
18;4;176;-8;1.81588170002215;9;-58.0;250;Ceylan & Pascucci (2023);Experiment 2;Orientation;1;3;-58.0;-33.0;61.0;-14.0;10;9
18;80;78;-2;2.01593420002609;9;-76.0;251;Ceylan & Pascucci (2023);Experiment 2;Orientation;1;3;-76.0;46.0;71.0;-15.0;11;9
18;57;75;18;1.50812199991196;9;23.0;252;Ceylan & Pascucci (2023);Experiment 2;Orientation;1;3;23.0;-53.0;69.0;-86.0;12;9
18;163;158;-5;1.72484880010597;9;74.0;253;Ceylan & Pascucci (2023);Experiment 2;Orientation;1;3;74.0;-83.0;21.0;-37.0;13;9
18;168;160;-8;2.4486801000312;9;-5.0;254;Ceylan & Pascucci (2023);Experiment 2;Orientation;1;3;-5.0;69.0;-88.0;16.0;14;9
18;173;166;-7;1.55039340001531;9;-5.0;255;Ceylan & Pascucci (2023);Experiment 2;Orientation;1;3;-5.0;-10.0;64.0;87.0;15;9
18;94;99;5;2.09985450003296;9;79.0;256;Ceylan & Pascucci (2023);Experiment 2;Orientation;1;3;79.0;74.0;69.0;-37.0;16;9
18;136;143;7;1.54155399999581;9;-42.0;257;Ceylan & Pascucci (2023);Experiment 2;Orientation;1;3;-42.0;37.0;32.0;27.0;17;9
18;25;26;1;1.50768849998713;9;-69.0;258;Ceylan & Pascucci (2023);Experiment 2;Orientation;1;3;-69.0;69.0;-32.0;-37.0;18;9
18;41;23;-18;1.45798829989508;9;-16.0;259;Ceylan & Pascucci (2023);Experiment 2;Orientation;1;3;-16.0;-85.0;53.0;-48.0;19;9
18;101;105;4;1.20813210005872;9;-60.0;260;Ceylan & Pascucci (2023);Experiment 2;Orientation;1;3;-60.0;-76.0;35.0;-7.0;20;9
18;16;22;6;1.92514290008694;9;85.0;261;Ceylan & Pascucci (2023);Experiment 2;Orientation;1;3;85.0;25.0;9.0;-60.0;21;9
18;49;96;47;1.61651630001143;9;-33.0;262;Ceylan & Pascucci (2023);Experiment 2;Orientation;1;3;-33.0;52.0;-8.0;-24.0;22;9
18;147;136;-11;2.38209339999594;9;82.0;263;Ceylan & Pascucci (2023);Experiment 2;Orientation;1;3;82.0;49.0;-46.0;74.0;23;9
18;152;150;-2;1.59195230016485;9;-5.0;264;Ceylan & Pascucci (2023);Experiment 2;Orientation;1;3;-5.0;77.0;44.0;-51.0;24;9
18;9;13;4;1.62518099998124;9;-37.0;265;Ceylan & Pascucci (2023);Experiment 2;Orientation;1;3;-37.0;-42.0;40.0;7.0;25;9
18;143;131;-12;2.55014570010826;9;46.0;266;Ceylan & Pascucci (2023);Experiment 2;Orientation;1;3;46.0;9.0;4.0;86.0;26;9
18;135;126;-9;2.81542889983393;9;8.0;267;Ceylan & Pascucci (2023);Experiment 2;Orientation;1;3;8.0;54.0;17.0;12.0;27;9
18;122;133;11;1.83346459991299;9;13.0;268;Ceylan & Pascucci (2023);Experiment 2;Orientation;1;3;13.0;21.0;67.0;30.0;28;9
18;159;123;-36;0.973599500022829;9;-37.0;269;Ceylan & Pascucci (2023);Experiment 2;Orientation;1;3;-37.0;-24.0;-16.0;30.0;29;9
18;65;67;2;1.88341819983907;9;-86.0;270;Ceylan & Pascucci (2023);Experiment 2;Orientation;1;3;-86.0;57.0;70.0;78.0;30;9
18;160;158;-2;1.42468719999306;10;85.0;271;Ceylan & Pascucci (2023);Experiment 2;Orientation;1;3;;;;;1;10
18;40;33;-7;2.09124150010757;10;-60.0;272;Ceylan & Pascucci (2023);Experiment 2;Orientation;1;3;;;;;2;10
18;142;117;-25;3.3657265000511;10;78.0;273;Ceylan & Pascucci (2023);Experiment 2;Orientation;1;3;;;;;3;10
18;125;128;3;1.6655568999704;10;17.0;274;Ceylan & Pascucci (2023);Experiment 2;Orientation;1;3;;;;;4;10
18;150;147;-3;1.99103270005435;10;-25.0;275;Ceylan & Pascucci (2023);Experiment 2;Orientation;1;3;-25.0;-8.0;70.0;10.0;5;10
18;25;27;2;1.40708799986169;10;-55.0;276;Ceylan & Pascucci (2023);Experiment 2;Orientation;1;3;-55.0;-80.0;-63.0;15.0;6;10
18;177;166;-11;1.95829859981313;10;28.0;277;Ceylan & Pascucci (2023);Experiment 2;Orientation;1;3;28.0;-27.0;-52.0;-35.0;7;10
18;152;153;1;2.74927360005677;10;25.0;278;Ceylan & Pascucci (2023);Experiment 2;Orientation;1;3;25.0;53.0;-2.0;-27.0;8;10
18;70;72;2;3.00832160003483;10;82.0;279;Ceylan & Pascucci (2023);Experiment 2;Orientation;1;3;82.0;-73.0;-45.0;80.0;9;10
18;98;106;8;2.1498595001176;10;-28.0;280;Ceylan & Pascucci (2023);Experiment 2;Orientation;1;3;-28.0;54.0;79.0;-73.0;10;10
18;65;64;-1;1.84883449994959;10;33.0;281;Ceylan & Pascucci (2023);Experiment 2;Orientation;1;3;33.0;5.0;87.0;-68.0;11;10
18;108;108;0;1.99962070002221;10;-43.0;282;Ceylan & Pascucci (2023);Experiment 2;Orientation;1;3;-43.0;-10.0;-38.0;44.0;12;10
18;56;60;4;1.72528040013276;10;52.0;283;Ceylan & Pascucci (2023);Experiment 2;Orientation;1;3;52.0;9.0;42.0;14.0;13;10
18;164;149;-15;1.81518930010498;10;72.0;284;Ceylan & Pascucci (2023);Experiment 2;Orientation;1;3;72.0;-56.0;81.0;-66.0;14;10
18;120;107;-13;1.35024920012802;10;44.0;285;Ceylan & Pascucci (2023);Experiment 2;Orientation;1;3;44.0;-64.0;-12.0;-55.0;15;10
18;59;60;1;2.67518889997154;10;61.0;286;Ceylan & Pascucci (2023);Experiment 2;Orientation;1;3;61.0;-75.0;-3.0;49.0;16;10
18;159;162;3;2.24811900011264;10;80.0;287;Ceylan & Pascucci (2023);Experiment 2;Orientation;1;3;80.0;-39.0;5.0;77.0;17;10
18;176;179;3;2.78222929988988;10;-17.0;288;Ceylan & Pascucci (2023);Experiment 2;Orientation;1;3;-17.0;63.0;-56.0;-12.0;18;10
18;157;157;0;2.46592759992927;10;19.0;289;Ceylan & Pascucci (2023);Experiment 2;Orientation;1;3;19.0;2.0;82.0;-37.0;19;10
18;126;107;-19;3.06511040008627;10;31.0;290;Ceylan & Pascucci (2023);Experiment 2;Orientation;1;3;31.0;50.0;33.0;-67.0;20;10
18;107;112;5;2.49063430004753;10;19.0;291;Ceylan & Pascucci (2023);Experiment 2;Orientation;1;3;19.0;50.0;69.0;52.0;21;10
18;178;169;-9;3.29958959994838;10;-71.0;292;Ceylan & Pascucci (2023);Experiment 2;Orientation;1;3;-71.0;-52.0;-21.0;-2.0;22;10
18;108;115;7;1.50880210008472;10;70.0;293;Ceylan & Pascucci (2023);Experiment 2;Orientation;1;3;70.0;-1.0;18.0;49.0;23;10
18;111;112;1;2.38254119991325;10;-3.0;294;Ceylan & Pascucci (2023);Experiment 2;Orientation;1;3;-3.0;67.0;-4.0;15.0;24;10
18;32;17;-15;3.5068186998833;10;79.0;295;Ceylan & Pascucci (2023);Experiment 2;Orientation;1;3;79.0;76.0;-34.0;75.0;25;10
18;108;120;12;2.20682780002244;10;-76.0;296;Ceylan & Pascucci (2023);Experiment 2;Orientation;1;3;-76.0;3.0;0.0;70.0;26;10
18;116;121;5;1.68225999991409;10;-8.0;297;Ceylan & Pascucci (2023);Experiment 2;Orientation;1;3;-8.0;-84.0;-5.0;-8.0;27;10
18;53;36;-17;1.60790840000845;10;63.0;298;Ceylan & Pascucci (2023);Experiment 2;Orientation;1;3;63.0;55.0;-21.0;58.0;28;10
18;106;110;4;2.38213979988359;10;-53.0;299;Ceylan & Pascucci (2023);Experiment 2;Orientation;1;3;-53.0;10.0;2.0;-74.0;29;10
18;113;117;4;2.07516849995591;10;-7.0;300;Ceylan & Pascucci (2023);Experiment 2;Orientation;1;3;-7.0;-60.0;3.0;-5.0;30;10
19;153;150;-3;0.873520900029689;1;;1;Ceylan & Pascucci (2023);Experiment 2;Orientation;1;3;;;;;1;1
19;21;33;12;2.86688950005919;1;-48.0;2;Ceylan & Pascucci (2023);Experiment 2;Orientation;1;3;;;;;2;1
19;57;62;5;2.39857849990949;1;-36.0;3;Ceylan & Pascucci (2023);Experiment 2;Orientation;1;3;;;;;3;1
19;63;66;3;1.85803430015221;1;-6.0;4;Ceylan & Pascucci (2023);Experiment 2;Orientation;1;3;;;;;4;1
19;115;119;4;1.19428439997137;1;-52.0;5;Ceylan & Pascucci (2023);Experiment 2;Orientation;1;3;-52.0;-58.0;86.0;38.0;5;1
19;15;21;6;1.31502120010555;1;-80.0;6;Ceylan & Pascucci (2023);Experiment 2;Orientation;1;3;-80.0;48.0;42.0;6.0;6;1
19;74;52;-22;1.60738929989748;1;-59.0;7;Ceylan & Pascucci (2023);Experiment 2;Orientation;1;3;-59.0;41.0;-11.0;-17.0;7;1
19;75;71;-4;1.63359500002116;1;-1.0;8;Ceylan & Pascucci (2023);Experiment 2;Orientation;1;3;-1.0;-60.0;40.0;-12.0;8;1
19;171;162;-9;2.11697780014947;1;84.0;9;Ceylan & Pascucci (2023);Experiment 2;Orientation;1;3;84.0;83.0;24.0;-56.0;9;1
19;84;75;-9;1.64182380004786;1;87.0;10;Ceylan & Pascucci (2023);Experiment 2;Orientation;1;3;87.0;-9.0;-10.0;-69.0;10;1
19;167;161;-6;1.57513390015811;1;-83.0;11;Ceylan & Pascucci (2023);Experiment 2;Orientation;1;3;-83.0;4.0;88.0;87.0;11;1
19;98;105;7;1.29879369982518;1;69.0;12;Ceylan & Pascucci (2023);Experiment 2;Orientation;1;3;69.0;-14.0;73.0;-23.0;12;1
19;41;34;-7;1.11647590016946;1;57.0;13;Ceylan & Pascucci (2023);Experiment 2;Orientation;1;3;57.0;-54.0;43.0;-50.0;13;1
19;122;135;13;1.55851130001247;1;-81.0;14;Ceylan & Pascucci (2023);Experiment 2;Orientation;1;3;-81.0;-24.0;45.0;-38.0;14;1
19;6;12;6;1.65762409986928;1;-64.0;15;Ceylan & Pascucci (2023);Experiment 2;Orientation;1;3;-64.0;35.0;-88.0;-19.0;15;1
19;120;130;10;1.37517840019427;1;66.0;16;Ceylan & Pascucci (2023);Experiment 2;Orientation;1;3;66.0;2.0;-79.0;-22.0;16;1
19;47;32;-15;1.02331930003129;1;73.0;17;Ceylan & Pascucci (2023);Experiment 2;Orientation;1;3;73.0;-41.0;75.0;-6.0;17;1
19;103;101;-2;0.874659999972209;1;-56.0;18;Ceylan & Pascucci (2023);Experiment 2;Orientation;1;3;-56.0;17.0;83.0;19.0;18;1
19;106;114;8;1.14992400002666;1;-3.0;19;Ceylan & Pascucci (2023);Experiment 2;Orientation;1;3;-3.0;-59.0;14.0;80.0;19;1
19;6;14;8;1.08365950011648;1;-80.0;20;Ceylan & Pascucci (2023);Experiment 2;Orientation;1;3;-80.0;-83.0;41.0;-66.0;20;1
19;103;125;22;1.59898989996873;1;83.0;21;Ceylan & Pascucci (2023);Experiment 2;Orientation;1;3;83.0;3.0;0.0;-56.0;21;1
19;166;163;-3;1.20031049987301;1;-63.0;22;Ceylan & Pascucci (2023);Experiment 2;Orientation;1;3;-63.0;20.0;-60.0;-63.0;22;1
19;70;63;-7;1.02424869989045;1;-84.0;23;Ceylan & Pascucci (2023);Experiment 2;Orientation;1;3;-84.0;33.0;-64.0;36.0;23;1
19;86;82;-4;1.09922370011918;1;-16.0;24;Ceylan & Pascucci (2023);Experiment 2;Orientation;1;3;-16.0;80.0;17.0;-80.0;24;1
19;122;109;-13;3.83195740007795;1;-36.0;25;Ceylan & Pascucci (2023);Experiment 2;Orientation;1;3;-36.0;-52.0;44.0;-19.0;25;1
19;166;158;-8;1.30799630004913;1;-44.0;26;Ceylan & Pascucci (2023);Experiment 2;Orientation;1;3;-44.0;-80.0;84.0;0.0;26;1
19;115;111;-4;1.79126830003224;1;51.0;27;Ceylan & Pascucci (2023);Experiment 2;Orientation;1;3;51.0;7.0;-29.0;-45.0;27;1
19;164;172;8;2.02392980013974;1;-49.0;28;Ceylan & Pascucci (2023);Experiment 2;Orientation;1;3;-49.0;2.0;-42.0;-78.0;28;1
19;18;26;8;1.73261629999615;1;-34.0;29;Ceylan & Pascucci (2023);Experiment 2;Orientation;1;3;-34.0;-83.0;-32.0;-76.0;29;1
19;84;68;-16;1.21658580005169;1;-66.0;30;Ceylan & Pascucci (2023);Experiment 2;Orientation;1;3;-66.0;80.0;31.0;82.0;30;1
19;81;68;-13;1.99040400004014;2;3.0;31;Ceylan & Pascucci (2023);Experiment 2;Orientation;1;3;;;;;1;2
19;15;23;8;1.08316319994628;2;66.0;32;Ceylan & Pascucci (2023);Experiment 2;Orientation;1;3;;;;;2;2
19;52;36;-16;2.28214249992743;2;-37.0;33;Ceylan & Pascucci (2023);Experiment 2;Orientation;1;3;;;;;3;2
19;16;23;7;2.68208539998159;2;36.0;34;Ceylan & Pascucci (2023);Experiment 2;Orientation;1;3;;;;;4;2
19;133;135;2;0.724974099779502;2;63.0;35;Ceylan & Pascucci (2023);Experiment 2;Orientation;1;3;63.0;-81.0;62.0;-52.0;5;2
19;44;36;-8;1.20761590008624;2;89.0;36;Ceylan & Pascucci (2023);Experiment 2;Orientation;1;3;89.0;-28.0;8.0;-29.0;6;2
19;104;115;11;1.44151460006833;2;-60.0;37;Ceylan & Pascucci (2023);Experiment 2;Orientation;1;3;-60.0;29.0;-88.0;-52.0;7;2
19;67;62;-5;1.01658830000088;2;37.0;38;Ceylan & Pascucci (2023);Experiment 2;Orientation;1;3;37.0;-23.0;66.0;-51.0;8;2
19;147;141;-6;0.799909100169316;2;-80.0;39;Ceylan & Pascucci (2023);Experiment 2;Orientation;1;3;-80.0;-43.0;77.0;-14.0;9;2
19;34;38;4;1.40714889997616;2;-67.0;40;Ceylan & Pascucci (2023);Experiment 2;Orientation;1;3;-67.0;33.0;70.0;10.0;10;2
19;44;46;2;2.54881679988466;2;-10.0;41;Ceylan & Pascucci (2023);Experiment 2;Orientation;1;3;-10.0;-77.0;23.0;60.0;11;2
19;70;55;-15;0.949841500027105;2;-26.0;42;Ceylan & Pascucci (2023);Experiment 2;Orientation;1;3;-26.0;-36.0;77.0;-3.0;12;2
19;62;52;-10;1.36534760007635;2;8.0;43;Ceylan & Pascucci (2023);Experiment 2;Orientation;1;3;8.0;-18.0;-28.0;85.0;13;2
19;101;127;26;2.44047080003656;2;-39.0;44;Ceylan & Pascucci (2023);Experiment 2;Orientation;1;3;-39.0;-31.0;-57.0;-67.0;14;2
19;65;54;-11;1.43197089992464;2;36.0;45;Ceylan & Pascucci (2023);Experiment 2;Orientation;1;3;36.0;-3.0;5.0;-21.0;15;2
19;95;110;15;1.31585719995201;2;-30.0;46;Ceylan & Pascucci (2023);Experiment 2;Orientation;1;3;-30.0;6.0;-33.0;-25.0;16;2
19;159;155;-4;0.741077200043947;2;-64.0;47;Ceylan & Pascucci (2023);Experiment 2;Orientation;1;3;-64.0;86.0;-58.0;83.0;17;2
19;56;39;-17;1.80734060006216;2;-77.0;48;Ceylan & Pascucci (2023);Experiment 2;Orientation;1;3;-77.0;39.0;9.0;45.0;18;2
19;178;2;4;2.64919549995102;2;58.0;49;Ceylan & Pascucci (2023);Experiment 2;Orientation;1;3;58.0;-19.0;-83.0;67.0;19;2
19;70;46;-24;1.39064019988291;2;-72.0;50;Ceylan & Pascucci (2023);Experiment 2;Orientation;1;3;-72.0;-14.0;89.0;25.0;20;2
19;73;66;-7;1.20852560014464;2;-3.0;51;Ceylan & Pascucci (2023);Experiment 2;Orientation;1;3;-3.0;-75.0;-17.0;86.0;21;2
19;56;55;-1;0.750326099805534;2;17.0;52;Ceylan & Pascucci (2023);Experiment 2;Orientation;1;3;17.0;14.0;-58.0;0.0;22;2
19;155;155;0;1.32466220017523;2;81.0;53;Ceylan & Pascucci (2023);Experiment 2;Orientation;1;3;81.0;-82.0;-85.0;23.0;23;2
19;119;118;-1;2.07397289993241;2;36.0;54;Ceylan & Pascucci (2023);Experiment 2;Orientation;1;3;36.0;-63.0;-46.0;-49.0;24;2
19;152;140;-12;1.0251286001876;2;-33.0;55;Ceylan & Pascucci (2023);Experiment 2;Orientation;1;3;-33.0;3.0;84.0;-79.0;25;2
19;106;133;27;2.91583919990808;2;46.0;56;Ceylan & Pascucci (2023);Experiment 2;Orientation;1;3;46.0;13.0;49.0;-50.0;26;2
19;144;141;-3;1.94991720002145;2;-38.0;57;Ceylan & Pascucci (2023);Experiment 2;Orientation;1;3;-38.0;8.0;-25.0;11.0;27;2
19;55;59;4;0.741923599969596;2;89.0;58;Ceylan & Pascucci (2023);Experiment 2;Orientation;1;3;89.0;51.0;-83.0;64.0;28;2
19;127;129;2;1.69982329988852;2;-72.0;59;Ceylan & Pascucci (2023);Experiment 2;Orientation;1;3;-72.0;17.0;-21.0;25.0;29;2
19;174;167;-7;1.17536510014907;2;-47.0;60;Ceylan & Pascucci (2023);Experiment 2;Orientation;1;3;-47.0;61.0;-30.0;-68.0;30;2
19;149;145;-4;1.42433459986933;3;25.0;61;Ceylan & Pascucci (2023);Experiment 2;Orientation;1;3;;;;;1;3
19;36;44;8;0.940939399879426;3;-67.0;62;Ceylan & Pascucci (2023);Experiment 2;Orientation;1;3;;;;;2;3
19;152;144;-8;1.39891190011986;3;64.0;63;Ceylan & Pascucci (2023);Experiment 2;Orientation;1;3;;;;;3;3
19;61;63;2;0.924129200167954;3;-89.0;64;Ceylan & Pascucci (2023);Experiment 2;Orientation;1;3;;;;;4;3
19;48;43;-5;0.742062099976465;3;13.0;65;Ceylan & Pascucci (2023);Experiment 2;Orientation;1;3;13.0;-76.0;-12.0;-79.0;5;3
19;74;58;-16;1.25859500002116;3;-26.0;66;Ceylan & Pascucci (2023);Experiment 2;Orientation;1;3;-26.0;-13.0;78.0;-38.0;6;3
19;155;151;-4;1.49845879990608;3;-81.0;67;Ceylan & Pascucci (2023);Experiment 2;Orientation;1;3;-81.0;73.0;86.0;-3.0;7;3
19;141;137;-4;2.59142670012079;3;14.0;68;Ceylan & Pascucci (2023);Experiment 2;Orientation;1;3;14.0;-67.0;87.0;-80.0;8;3
19;99;114;15;0.990837799850851;3;42.0;69;Ceylan & Pascucci (2023);Experiment 2;Orientation;1;3;42.0;56.0;-25.0;-51.0;9;3
19;72;74;2;1.02494090003893;3;27.0;70;Ceylan & Pascucci (2023);Experiment 2;Orientation;1;3;27.0;69.0;83.0;2.0;10;3
19;35;36;1;1.05769239994697;3;37.0;71;Ceylan & Pascucci (2023);Experiment 2;Orientation;1;3;37.0;64.0;-74.0;-60.0;11;3
19;112;112;0;2.30805460014381;3;-77.0;72;Ceylan & Pascucci (2023);Experiment 2;Orientation;1;3;-77.0;-40.0;-13.0;29.0;12;3
19;170;157;-13;1.03242689999752;3;-58.0;73;Ceylan & Pascucci (2023);Experiment 2;Orientation;1;3;-58.0;45.0;82.0;-71.0;13;3
19;94;92;-2;2.86579689988866;3;76.0;74;Ceylan & Pascucci (2023);Experiment 2;Orientation;1;3;76.0;18.0;-59.0;-22.0;14;3
19;177;0;3;1.89800140005536;3;-83.0;75;Ceylan & Pascucci (2023);Experiment 2;Orientation;1;3;-83.0;-7.0;-65.0;38.0;15;3
19;79;69;-10;1.56550229992718;3;-82.0;76;Ceylan & Pascucci (2023);Experiment 2;Orientation;1;3;-82.0;15.0;-89.0;33.0;16;3
19;160;157;-3;3.77406330010854;3;-81.0;77;Ceylan & Pascucci (2023);Experiment 2;Orientation;1;3;-81.0;17.0;-66.0;10.0;17;3
19;113;122;9;0.925275600049645;3;47.0;78;Ceylan & Pascucci (2023);Experiment 2;Orientation;1;3;47.0;-34.0;64.0;-19.0;18;3
19;35;42;7;1.10725679993629;3;78.0;79;Ceylan & Pascucci (2023);Experiment 2;Orientation;1;3;78.0;-55.0;44.0;-38.0;19;3
19;8;14;6;0.975248700007796;3;27.0;80;Ceylan & Pascucci (2023);Experiment 2;Orientation;1;3;27.0;-75.0;-28.0;71.0;20;3
19;75;70;-5;1.80768810003065;3;-67.0;81;Ceylan & Pascucci (2023);Experiment 2;Orientation;1;3;-67.0;-40.0;38.0;85.0;21;3
19;22;24;2;1.59065630007535;3;53.0;82;Ceylan & Pascucci (2023);Experiment 2;Orientation;1;3;53.0;-14.0;13.0;-89.0;22;3
19;152;152;0;1.53289950010367;3;50.0;83;Ceylan & Pascucci (2023);Experiment 2;Orientation;1;3;50.0;-77.0;36.0;63.0;23;3
19;100;109;9;0.866497500101104;3;52.0;84;Ceylan & Pascucci (2023);Experiment 2;Orientation;1;3;52.0;-78.0;-25.0;88.0;24;3
19;144;141;-3;0.899945599958301;3;-44.0;85;Ceylan & Pascucci (2023);Experiment 2;Orientation;1;3;-44.0;8.0;58.0;-69.0;25;3
19;167;155;-12;1.18328009988181;3;-23.0;86;Ceylan & Pascucci (2023);Experiment 2;Orientation;1;3;-23.0;-67.0;-15.0;35.0;26;3
19;144;146;2;1.49934910004959;3;23.0;87;Ceylan & Pascucci (2023);Experiment 2;Orientation;1;3;23.0;0.0;-44.0;8.0;27;3
19;89;83;-6;1.4823249001056;3;55.0;88;Ceylan & Pascucci (2023);Experiment 2;Orientation;1;3;55.0;78.0;55.0;11.0;28;3
19;75;69;-6;0.883455500006676;3;14.0;89;Ceylan & Pascucci (2023);Experiment 2;Orientation;1;3;14.0;69.0;-88.0;69.0;29;3
19;131;130;-1;0.925204199971631;3;-56.0;90;Ceylan & Pascucci (2023);Experiment 2;Orientation;1;3;-56.0;-42.0;13.0;36.0;30;3
19;148;151;3;1.05725369998254;4;-17.0;91;Ceylan & Pascucci (2023);Experiment 2;Orientation;1;3;;;;;1;4
19;118;128;10;0.758664199849591;4;30.0;92;Ceylan & Pascucci (2023);Experiment 2;Orientation;1;3;;;;;2;4
19;47;46;-1;1.3659578000661;4;71.0;93;Ceylan & Pascucci (2023);Experiment 2;Orientation;1;3;;;;;3;4
19;137;139;2;0.981955799972638;4;-90.0;94;Ceylan & Pascucci (2023);Experiment 2;Orientation;1;3;;;;;4;4
19;34;29;-5;1.14140160009265;4;-77.0;95;Ceylan & Pascucci (2023);Experiment 2;Orientation;1;3;-77.0;13.0;84.0;-66.0;5;4
19;116;121;5;0.974303300026804;4;-82.0;96;Ceylan & Pascucci (2023);Experiment 2;Orientation;1;3;-82.0;21.0;-69.0;2.0;6;4
19;30;35;5;1.32489930000156;4;86.0;97;Ceylan & Pascucci (2023);Experiment 2;Orientation;1;3;86.0;4.0;-73.0;17.0;7;4
19;130;126;-4;0.691612900001928;4;80.0;98;Ceylan & Pascucci (2023);Experiment 2;Orientation;1;3;80.0;-14.0;84.0;7.0;8;4
19;165;162;-3;1.10025709983893;4;-35.0;99;Ceylan & Pascucci (2023);Experiment 2;Orientation;1;3;-35.0;45.0;-49.0;49.0;9;4
19;17;23;6;1.34204229991883;4;-32.0;100;Ceylan & Pascucci (2023);Experiment 2;Orientation;1;3;-32.0;-67.0;13.0;-81.0;10;4
19;29;33;4;1.70794670004398;4;-12.0;101;Ceylan & Pascucci (2023);Experiment 2;Orientation;1;3;-12.0;-44.0;-79.0;1.0;11;4
19;3;22;19;0.907462599920109;4;26.0;102;Ceylan & Pascucci (2023);Experiment 2;Orientation;1;3;26.0;14.0;-18.0;-53.0;12;4
19;140;138;-2;1.01573969982564;4;43.0;103;Ceylan & Pascucci (2023);Experiment 2;Orientation;1;3;43.0;69.0;57.0;25.0;13;4
19;141;133;-8;0.783712800126523;4;-1.0;104;Ceylan & Pascucci (2023);Experiment 2;Orientation;1;3;-1.0;42.0;68.0;56.0;14;4
19;61;32;-29;1.32390299998224;4;80.0;105;Ceylan & Pascucci (2023);Experiment 2;Orientation;1;3;80.0;79.0;-58.0;-32.0;15;4
19;161;150;-11;1.14931669994257;4;80.0;106;Ceylan & Pascucci (2023);Experiment 2;Orientation;1;3;80.0;-20.0;-21.0;22.0;16;4
19;50;65;15;1.19015470007434;4;-69.0;107;Ceylan & Pascucci (2023);Experiment 2;Orientation;1;3;-69.0;11.0;-89.0;90.0;17;4
19;24;35;11;1.37396240001544;4;26.0;108;Ceylan & Pascucci (2023);Experiment 2;Orientation;1;3;26.0;-43.0;37.0;-63.0;18;4
19;36;42;6;1.50762980012223;4;-12.0;109;Ceylan & Pascucci (2023);Experiment 2;Orientation;1;3;-12.0;14.0;-55.0;25.0;19;4
19;122;122;0;1.19061910011806;4;-86.0;110;Ceylan & Pascucci (2023);Experiment 2;Orientation;1;3;-86.0;82.0;-72.0;39.0;20;4
19;45;46;1;1.14102750015445;4;77.0;111;Ceylan & Pascucci (2023);Experiment 2;Orientation;1;3;77.0;-9.0;-21.0;5.0;21;4
19;21;35;14;1.83317220001481;4;24.0;112;Ceylan & Pascucci (2023);Experiment 2;Orientation;1;3;24.0;-79.0;15.0;3.0;22;4
19;133;120;-13;0.966059299884364;4;68.0;113;Ceylan & Pascucci (2023);Experiment 2;Orientation;1;3;68.0;-88.0;-11.0;83.0;23;4
19;147;151;4;1.14053010009229;4;-14.0;114;Ceylan & Pascucci (2023);Experiment 2;Orientation;1;3;-14.0;54.0;78.0;-25.0;24;4
19;167;155;-12;1.26530269999057;4;-20.0;115;Ceylan & Pascucci (2023);Experiment 2;Orientation;1;3;-20.0;-34.0;34.0;58.0;25;4
19;27;27;0;1.2660579001531;4;-40.0;116;Ceylan & Pascucci (2023);Experiment 2;Orientation;1;3;-40.0;-60.0;-74.0;-6.0;26;4
19;149;140;-9;0.7581072000321;4;58.0;117;Ceylan & Pascucci (2023);Experiment 2;Orientation;1;3;58.0;18.0;-2.0;-16.0;27;4
19;91;98;7;1.33303159987554;4;58.0;118;Ceylan & Pascucci (2023);Experiment 2;Orientation;1;3;58.0;-64.0;76.0;56.0;28;4
19;58;59;1;0.908182700164616;4;33.0;119;Ceylan & Pascucci (2023);Experiment 2;Orientation;1;3;33.0;-89.0;-31.0;-71.0;29;4
19;119;114;-5;1.00737969996408;4;-61.0;120;Ceylan & Pascucci (2023);Experiment 2;Orientation;1;3;-61.0;-28.0;30.0;88.0;30;4
19;155;167;12;1.24976909998804;5;-36.0;121;Ceylan & Pascucci (2023);Experiment 2;Orientation;1;3;;;;;1;5
19;86;63;-23;1.16645359992981;5;69.0;122;Ceylan & Pascucci (2023);Experiment 2;Orientation;1;3;;;;;2;5
19;83;64;-19;1.50798059999943;5;3.0;123;Ceylan & Pascucci (2023);Experiment 2;Orientation;1;3;;;;;3;5
19;130;142;12;0.808218099875376;5;-47.0;124;Ceylan & Pascucci (2023);Experiment 2;Orientation;1;3;;;;;4;5
19;104;105;1;0.449785599950701;5;26.0;125;Ceylan & Pascucci (2023);Experiment 2;Orientation;1;3;26.0;-21.0;-18.0;51.0;5;5
19;133;137;4;0.566068600164726;5;-29.0;126;Ceylan & Pascucci (2023);Experiment 2;Orientation;1;3;-29.0;-3.0;-50.0;-47.0;6;5
19;159;169;10;1.00807449989952;5;-26.0;127;Ceylan & Pascucci (2023);Experiment 2;Orientation;1;3;-26.0;-55.0;-29.0;-76.0;7;5
19;107;114;7;0.949948699912056;5;52.0;128;Ceylan & Pascucci (2023);Experiment 2;Orientation;1;3;52.0;26.0;-3.0;23.0;8;5
19;169;159;-10;1.55747899995185;5;-62.0;129;Ceylan & Pascucci (2023);Experiment 2;Orientation;1;3;-62.0;-10.0;-36.0;-65.0;9;5
19;12;21;9;0.883061000145972;5;-23.0;130;Ceylan & Pascucci (2023);Experiment 2;Orientation;1;3;-23.0;-85.0;-33.0;-59.0;10;5
19;103;107;4;0.841327399946749;5;89.0;131;Ceylan & Pascucci (2023);Experiment 2;Orientation;1;3;89.0;66.0;4.0;56.0;11;5
19;176;172;-4;2.44963320018724;5;-73.0;132;Ceylan & Pascucci (2023);Experiment 2;Orientation;1;3;-73.0;16.0;-7.0;-69.0;12;5
19;136;149;13;1.09956859983504;5;40.0;133;Ceylan & Pascucci (2023);Experiment 2;Orientation;1;3;40.0;-33.0;56.0;33.0;13;5
19;9;18;9;1.1580601001624;5;-53.0;134;Ceylan & Pascucci (2023);Experiment 2;Orientation;1;3;-53.0;-13.0;-86.0;3.0;14;5
19;30;30;0;2.98274190002121;5;-21.0;135;Ceylan & Pascucci (2023);Experiment 2;Orientation;1;3;-21.0;-74.0;-34.0;73.0;15;5
19;86;77;-9;1.59145539999008;5;-56.0;136;Ceylan & Pascucci (2023);Experiment 2;Orientation;1;3;-56.0;-77.0;50.0;90.0;16;5
19;110;111;1;1.09142649988644;5;-24.0;137;Ceylan & Pascucci (2023);Experiment 2;Orientation;1;3;-24.0;-80.0;79.0;26.0;17;5
19;120;119;-1;2.32467220001854;5;-10.0;138;Ceylan & Pascucci (2023);Experiment 2;Orientation;1;3;-10.0;-34.0;90.0;69.0;18;5
19;62;54;-8;1.20789270009845;5;58.0;139;Ceylan & Pascucci (2023);Experiment 2;Orientation;1;3;58.0;48.0;24.0;-32.0;19;5
19;27;28;1;1.80724490014836;5;35.0;140;Ceylan & Pascucci (2023);Experiment 2;Orientation;1;3;35.0;-87.0;83.0;59.0;20;5
19;132;129;-3;1.09123919997364;5;75.0;141;Ceylan & Pascucci (2023);Experiment 2;Orientation;1;3;75.0;-70.0;-12.0;-22.0;21;5
19;126;118;-8;0.691368700005114;5;6.0;142;Ceylan & Pascucci (2023);Experiment 2;Orientation;1;3;6.0;81.0;-64.0;-6.0;22;5
19;65;63;-2;1.03319200011902;5;61.0;143;Ceylan & Pascucci (2023);Experiment 2;Orientation;1;3;61.0;67.0;-38.0;-3.0;23;5
19;139;135;-4;1.02528609987348;5;-74.0;144;Ceylan & Pascucci (2023);Experiment 2;Orientation;1;3;-74.0;-13.0;-7.0;68.0;24;5
19;159;137;-22;1.55759769980796;5;-20.0;145;Ceylan & Pascucci (2023);Experiment 2;Orientation;1;3;-20.0;86.0;-33.0;-27.0;25;5
19;178;161;-17;1.42450369987637;5;-19.0;146;Ceylan & Pascucci (2023);Experiment 2;Orientation;1;3;-19.0;-39.0;67.0;-52.0;26;5
19;31;39;8;2.55211169994436;5;-33.0;147;Ceylan & Pascucci (2023);Experiment 2;Orientation;1;3;-33.0;-52.0;-72.0;34.0;27;5
19;68;57;-11;1.76596889994107;5;-37.0;148;Ceylan & Pascucci (2023);Experiment 2;Orientation;1;3;-37.0;-70.0;-89.0;71.0;28;5
19;98;107;9;1.85702069988474;5;-30.0;149;Ceylan & Pascucci (2023);Experiment 2;Orientation;1;3;-30.0;-67.0;80.0;61.0;29;5
19;71;68;-3;1.04016470001079;5;27.0;150;Ceylan & Pascucci (2023);Experiment 2;Orientation;1;3;27.0;-3.0;-40.0;-73.0;30;5
19;2;178;-4;1.67480649985373;6;69.0;151;Ceylan & Pascucci (2023);Experiment 2;Orientation;1;3;;;;;1;6
19;18;12;-6;1.12374030007049;6;-16.0;152;Ceylan & Pascucci (2023);Experiment 2;Orientation;1;3;;;;;2;6
19;90;101;11;0.99994060001336;6;-72.0;153;Ceylan & Pascucci (2023);Experiment 2;Orientation;1;3;;;;;3;6
19;92;95;3;0.93327570008114;6;-2.0;154;Ceylan & Pascucci (2023);Experiment 2;Orientation;1;3;;;;;4;6
19;112;117;5;1.20032179984264;6;-20.0;155;Ceylan & Pascucci (2023);Experiment 2;Orientation;1;3;-20.0;-22.0;86.0;70.0;5;6
19;135;133;-2;0.675278099952266;6;-23.0;156;Ceylan & Pascucci (2023);Experiment 2;Orientation;1;3;-23.0;-43.0;-45.0;63.0;6;6
19;90;129;39;1.49159450014122;6;45.0;157;Ceylan & Pascucci (2023);Experiment 2;Orientation;1;3;45.0;22.0;2.0;0.0;7;6
19;7;31;24;1.31527710007504;6;83.0;158;Ceylan & Pascucci (2023);Experiment 2;Orientation;1;3;83.0;-52.0;-75.0;85.0;8;6
19;56;43;-13;1.21694569988176;6;-49.0;159;Ceylan & Pascucci (2023);Experiment 2;Orientation;1;3;-49.0;34.0;79.0;56.0;9;6
19;128;128;0;1.27537400019355;6;-72.0;160;Ceylan & Pascucci (2023);Experiment 2;Orientation;1;3;-72.0;59.0;-38.0;7.0;10;6
19;83;76;-7;1.24102590000257;6;45.0;161;Ceylan & Pascucci (2023);Experiment 2;Orientation;1;3;45.0;-27.0;-76.0;7.0;11;6
19;148;138;-10;0.950309399981052;6;-65.0;162;Ceylan & Pascucci (2023);Experiment 2;Orientation;1;3;-65.0;-20.0;88.0;39.0;12;6
19;138;147;9;0.825387099990621;6;10.0;163;Ceylan & Pascucci (2023);Experiment 2;Orientation;1;3;10.0;-55.0;-10.0;-82.0;13;6
19;109;116;7;2.04086569999345;6;29.0;164;Ceylan & Pascucci (2023);Experiment 2;Orientation;1;3;29.0;39.0;-26.0;19.0;14;6
19;41;42;1;0.900236400077119;6;68.0;165;Ceylan & Pascucci (2023);Experiment 2;Orientation;1;3;68.0;-83.0;-73.0;42.0;15;6
19;17;23;6;1.21665080008097;6;24.0;166;Ceylan & Pascucci (2023);Experiment 2;Orientation;1;3;24.0;-88.0;-59.0;-49.0;16;6
19;115;118;3;1.50682580005378;6;82.0;167;Ceylan & Pascucci (2023);Experiment 2;Orientation;1;3;82.0;-74.0;-6.0;23.0;17;6
19;135;133;-2;1.60804080008529;6;-20.0;168;Ceylan & Pascucci (2023);Experiment 2;Orientation;1;3;-20.0;62.0;86.0;-26.0;18;6
19;23;31;8;0.965780999977142;6;-68.0;169;Ceylan & Pascucci (2023);Experiment 2;Orientation;1;3;-68.0;-88.0;-6.0;18.0;19;6
19;155;141;-14;1.11685430002399;6;48.0;170;Ceylan & Pascucci (2023);Experiment 2;Orientation;1;3;48.0;-20.0;-40.0;42.0;20;6
19;111;120;9;1.02486920007505;6;44.0;171;Ceylan & Pascucci (2023);Experiment 2;Orientation;1;3;44.0;-88.0;24.0;4.0;21;6
19;109;118;9;0.94912700005807;6;2.0;172;Ceylan & Pascucci (2023);Experiment 2;Orientation;1;3;2.0;46.0;-86.0;26.0;22;6
19;140;131;-9;0.840771000133827;6;-31.0;173;Ceylan & Pascucci (2023);Experiment 2;Orientation;1;3;-31.0;-29.0;15.0;63.0;23;6
19;136;137;1;1.68168750009499;6;4.0;174;Ceylan & Pascucci (2023);Experiment 2;Orientation;1;3;4.0;-27.0;-25.0;19.0;24;6
19;175;164;-11;0.96540500014089;6;-39.0;175;Ceylan & Pascucci (2023);Experiment 2;Orientation;1;3;-39.0;-35.0;-66.0;-64.0;25;6
19;68;58;-10;1.63349570007995;6;-73.0;176;Ceylan & Pascucci (2023);Experiment 2;Orientation;1;3;-73.0;68.0;72.0;41.0;26;6
19;32;34;2;2.70006030006334;6;36.0;177;Ceylan & Pascucci (2023);Experiment 2;Orientation;1;3;36.0;-37.0;-76.0;-72.0;27;6
19;167;148;-19;1.19200019980781;6;45.0;178;Ceylan & Pascucci (2023);Experiment 2;Orientation;1;3;45.0;81.0;8.0;-31.0;28;6
19;78;64;-14;0.941804099828005;6;89.0;179;Ceylan & Pascucci (2023);Experiment 2;Orientation;1;3;89.0;-46.0;-10.0;-83.0;29;6
19;53;52;-1;1.15784649993293;6;25.0;180;Ceylan & Pascucci (2023);Experiment 2;Orientation;1;3;25.0;-66.0;-21.0;15.0;30;6
19;118;123;5;1.04160969983786;7;-65.0;181;Ceylan & Pascucci (2023);Experiment 2;Orientation;1;3;;;;;1;7
19;38;43;5;1.19915969995782;7;80.0;182;Ceylan & Pascucci (2023);Experiment 2;Orientation;1;3;;;;;2;7
19;74;57;-17;1.66645559994504;7;-36.0;183;Ceylan & Pascucci (2023);Experiment 2;Orientation;1;3;;;;;3;7
19;35;45;10;1.50823689997196;7;39.0;184;Ceylan & Pascucci (2023);Experiment 2;Orientation;1;3;;;;;4;7
19;77;79;2;0.816583100007847;7;-42.0;185;Ceylan & Pascucci (2023);Experiment 2;Orientation;1;3;-42.0;-3.0;-39.0;41.0;5;7
19;101;119;18;1.26738650002517;7;-24.0;186;Ceylan & Pascucci (2023);Experiment 2;Orientation;1;3;-24.0;-66.0;-27.0;-63.0;6;7
19;6;17;11;0.832445400068536;7;-85.0;187;Ceylan & Pascucci (2023);Experiment 2;Orientation;1;3;-85.0;71.0;29.0;68.0;7;7
19;164;153;-11;1.87382060009986;7;22.0;188;Ceylan & Pascucci (2023);Experiment 2;Orientation;1;3;22.0;-63.0;-87.0;51.0;8;7
19;68;39;-29;1.90747360000387;7;-84.0;189;Ceylan & Pascucci (2023);Experiment 2;Orientation;1;3;-84.0;-62.0;33.0;9.0;9;7
19;36;23;-13;1.21597609994933;7;32.0;190;Ceylan & Pascucci (2023);Experiment 2;Orientation;1;3;32.0;-52.0;-30.0;65.0;10;7
19;177;166;-11;1.96556419995613;7;39.0;191;Ceylan & Pascucci (2023);Experiment 2;Orientation;1;3;39.0;71.0;-13.0;9.0;11;7
19;107;144;37;1.35820879996754;7;70.0;192;Ceylan & Pascucci (2023);Experiment 2;Orientation;1;3;70.0;-71.0;-39.0;57.0;12;7
19;73;59;-14;1.95684050000273;7;34.0;193;Ceylan & Pascucci (2023);Experiment 2;Orientation;1;3;34.0;-76.0;-37.0;-5.0;13;7
19;84;68;-16;2.00740210013464;7;-11.0;194;Ceylan & Pascucci (2023);Experiment 2;Orientation;1;3;-11.0;23.0;-87.0;-48.0;14;7
19;155;136;-19;0.77531940001063;7;-71.0;195;Ceylan & Pascucci (2023);Experiment 2;Orientation;1;3;-71.0;-82.0;-48.0;22.0;15;7
19;106;115;9;0.791614700108767;7;49.0;196;Ceylan & Pascucci (2023);Experiment 2;Orientation;1;3;49.0;-22.0;-33.0;1.0;16;7
19;77;60;-17;1.09871029993519;7;29.0;197;Ceylan & Pascucci (2023);Experiment 2;Orientation;1;3;29.0;78.0;7.0;-4.0;17;7
19;147;148;1;1.51563679985702;7;-70.0;198;Ceylan & Pascucci (2023);Experiment 2;Orientation;1;3;-70.0;-41.0;8.0;-63.0;18;7
19;176;161;-15;1.1251887998078;7;-29.0;199;Ceylan & Pascucci (2023);Experiment 2;Orientation;1;3;-29.0;81.0;-70.0;-21.0;19;7
19;74;55;-19;1.29055009991862;7;-78.0;200;Ceylan & Pascucci (2023);Experiment 2;Orientation;1;3;-78.0;73.0;3.0;32.0;20;7
19;130;123;-7;1.0902518001385;7;-56.0;201;Ceylan & Pascucci (2023);Experiment 2;Orientation;1;3;-56.0;46.0;17.0;-53.0;21;7
19;21;32;11;2.11532759992406;7;-71.0;202;Ceylan & Pascucci (2023);Experiment 2;Orientation;1;3;-71.0;53.0;-25.0;-54.0;22;7
19;50;58;8;1.07530430005863;7;-29.0;203;Ceylan & Pascucci (2023);Experiment 2;Orientation;1;3;-29.0;80.0;24.0;-54.0;23;7
19;31;32;1;0.958798399893567;7;19.0;204;Ceylan & Pascucci (2023);Experiment 2;Orientation;1;3;19.0;-10.0;-81.0;43.0;24;7
19;77;67;-10;1.07437229994684;7;-46.0;205;Ceylan & Pascucci (2023);Experiment 2;Orientation;1;3;-46.0;-27.0;-56.0;53.0;25;7
19;66;67;1;1.25732120010071;7;11.0;206;Ceylan & Pascucci (2023);Experiment 2;Orientation;1;3;11.0;-35.0;-16.0;-45.0;26;7
19;159;146;-13;2.99078370002098;7;87.0;207;Ceylan & Pascucci (2023);Experiment 2;Orientation;1;3;87.0;-82.0;52.0;71.0;27;7
19;21;27;6;0.90707640000619;7;-42.0;208;Ceylan & Pascucci (2023);Experiment 2;Orientation;1;3;-42.0;45.0;56.0;10.0;28;7
19;102;120;18;1.15838889987208;7;-81.0;209;Ceylan & Pascucci (2023);Experiment 2;Orientation;1;3;-81.0;57.0;-36.0;-25.0;29;7
19;101;113;12;0.983377999858931;7;1.0;210;Ceylan & Pascucci (2023);Experiment 2;Orientation;1;3;1.0;-80.0;58.0;-35.0;30;7
19;146;147;1;1.09067189996131;8;-45.0;211;Ceylan & Pascucci (2023);Experiment 2;Orientation;1;3;;;;;1;8
19;107;120;13;1.08207709994167;8;39.0;212;Ceylan & Pascucci (2023);Experiment 2;Orientation;1;3;;;;;2;8
19;139;140;1;1.12351099983789;8;-32.0;213;Ceylan & Pascucci (2023);Experiment 2;Orientation;1;3;;;;;3;8
19;39;47;8;1.47486029984429;8;-80.0;214;Ceylan & Pascucci (2023);Experiment 2;Orientation;1;3;;;;;4;8
19;45;36;-9;1.55728420009837;8;-6.0;215;Ceylan & Pascucci (2023);Experiment 2;Orientation;1;3;-6.0;-86.0;62.0;-79.0;5;8
19;140;118;-22;0.966954899951816;8;85.0;216;Ceylan & Pascucci (2023);Experiment 2;Orientation;1;3;85.0;79.0;-1.0;-33.0;6;8
19;71;50;-21;1.79050530004315;8;69.0;217;Ceylan & Pascucci (2023);Experiment 2;Orientation;1;3;69.0;-26.0;-32.0;68.0;7;8
19;162;140;-22;1.10823090001941;8;89.0;218;Ceylan & Pascucci (2023);Experiment 2;Orientation;1;3;89.0;-22.0;63.0;57.0;8;8
19;34;39;5;0.933063399977982;8;-52.0;219;Ceylan & Pascucci (2023);Experiment 2;Orientation;1;3;-52.0;37.0;-74.0;11.0;9;8
19;28;38;10;1.8905901000835;8;6.0;220;Ceylan & Pascucci (2023);Experiment 2;Orientation;1;3;6.0;-46.0;43.0;-68.0;10;8
19;146;134;-12;2.49063659994863;8;62.0;221;Ceylan & Pascucci (2023);Experiment 2;Orientation;1;3;62.0;68.0;16.0;-75.0;11;8
19;112;127;15;1.19196149986237;8;34.0;222;Ceylan & Pascucci (2023);Experiment 2;Orientation;1;3;34.0;-84.0;-78.0;50.0;12;8
19;167;154;-13;0.967278700089082;8;-55.0;223;Ceylan & Pascucci (2023);Experiment 2;Orientation;1;3;-55.0;-21.0;41.0;47.0;13;8
19;169;160;-9;0.891971700126305;8;-2.0;224;Ceylan & Pascucci (2023);Experiment 2;Orientation;1;3;-2.0;-57.0;-23.0;39.0;14;8
19;127;125;-2;0.808378000045195;8;42.0;225;Ceylan & Pascucci (2023);Experiment 2;Orientation;1;3;42.0;40.0;-15.0;19.0;15;8
19;151;144;-7;1.60011020000093;8;-24.0;226;Ceylan & Pascucci (2023);Experiment 2;Orientation;1;3;-24.0;18.0;16.0;-39.0;16;8
19;95;108;13;0.982438999926671;8;56.0;227;Ceylan & Pascucci (2023);Experiment 2;Orientation;1;3;56.0;32.0;74.0;72.0;17;8
19;36;53;17;1.08331559994258;8;59.0;228;Ceylan & Pascucci (2023);Experiment 2;Orientation;1;3;59.0;-65.0;-89.0;-47.0;18;8
19;85;71;-14;1.55857350002043;8;-49.0;229;Ceylan & Pascucci (2023);Experiment 2;Orientation;1;3;-49.0;10.0;66.0;42.0;19;8
19;73;76;3;0.974923799978569;8;12.0;230;Ceylan & Pascucci (2023);Experiment 2;Orientation;1;3;12.0;-37.0;22.0;78.0;20;8
19;81;69;-12;0.865275500109419;8;-8.0;231;Ceylan & Pascucci (2023);Experiment 2;Orientation;1;3;-8.0;4.0;-45.0;14.0;21;8
19;100;109;9;1.39889439987019;8;-19.0;232;Ceylan & Pascucci (2023);Experiment 2;Orientation;1;3;-19.0;-27.0;-15.0;-64.0;22;8
19;45;33;-12;1.09923890000209;8;55.0;233;Ceylan & Pascucci (2023);Experiment 2;Orientation;1;3;55.0;36.0;28.0;40.0;23;8
19;97;119;22;0.749304000055417;8;-52.0;234;Ceylan & Pascucci (2023);Experiment 2;Orientation;1;3;-52.0;3.0;-16.0;-24.0;24;8
19;61;47;-14;1.24198199994862;8;36.0;235;Ceylan & Pascucci (2023);Experiment 2;Orientation;1;3;36.0;-16.0;39.0;20.0;25;8
19;4;23;19;1.14050150010735;8;57.0;236;Ceylan & Pascucci (2023);Experiment 2;Orientation;1;3;57.0;-87.0;41.0;-84.0;26;8
19;71;46;-25;1.13337980001234;8;-67.0;237;Ceylan & Pascucci (2023);Experiment 2;Orientation;1;3;-67.0;-10.0;26.0;-26.0;27;8
19;150;145;-5;2.20695010013878;8;-79.0;238;Ceylan & Pascucci (2023);Experiment 2;Orientation;1;3;-79.0;34.0;-89.0;-53.0;28;8
19;28;34;6;1.54202549997717;8;-58.0;239;Ceylan & Pascucci (2023);Experiment 2;Orientation;1;3;-58.0;43.0;-24.0;33.0;29;8
19;29;27;-2;1.34881619992666;8;-1.0;240;Ceylan & Pascucci (2023);Experiment 2;Orientation;1;3;-1.0;-59.0;42.0;-25.0;30;8
19;23;35;12;2.14983649994247;9;6.0;241;Ceylan & Pascucci (2023);Experiment 2;Orientation;1;3;;;;;1;9
19;51;57;6;0.858631400158629;9;-28.0;242;Ceylan & Pascucci (2023);Experiment 2;Orientation;1;3;;;;;2;9
19;50;49;-1;0.632072299951687;9;1.0;243;Ceylan & Pascucci (2023);Experiment 2;Orientation;1;3;;;;;3;9
19;47;60;13;0.890741100069135;9;3.0;244;Ceylan & Pascucci (2023);Experiment 2;Orientation;1;3;;;;;4;9
19;67;56;-11;0.824535500025377;9;-20.0;245;Ceylan & Pascucci (2023);Experiment 2;Orientation;1;3;-20.0;-17.0;-16.0;-44.0;5;9
19;131;134;3;1.75722590018995;9;-64.0;246;Ceylan & Pascucci (2023);Experiment 2;Orientation;1;3;-64.0;-84.0;-81.0;-80.0;6;9
19;12;50;38;0.756822200026363;9;-61.0;247;Ceylan & Pascucci (2023);Experiment 2;Orientation;1;3;-61.0;55.0;35.0;38.0;7;9
19;49;46;-3;1.0833117000293;9;-37.0;248;Ceylan & Pascucci (2023);Experiment 2;Orientation;1;3;-37.0;82.0;18.0;-2.0;8;9
19;22;20;-2;0.341598799917847;9;27.0;249;Ceylan & Pascucci (2023);Experiment 2;Orientation;1;3;27.0;-10.0;-71.0;45.0;9;9
19;170;157;-13;1.00831269985065;9;32.0;250;Ceylan & Pascucci (2023);Experiment 2;Orientation;1;3;32.0;59.0;22.0;-39.0;10;9
19;151;144;-7;1.35777630005032;9;19.0;251;Ceylan & Pascucci (2023);Experiment 2;Orientation;1;3;19.0;51.0;78.0;41.0;11;9
19;21;23;2;2.27394110010937;9;-50.0;252;Ceylan & Pascucci (2023);Experiment 2;Orientation;1;3;-50.0;-31.0;1.0;28.0;12;9
19;106;112;6;3.31547849997878;9;-85.0;253;Ceylan & Pascucci (2023);Experiment 2;Orientation;1;3;-85.0;45.0;64.0;-84.0;13;9
19;121;126;5;1.03249870007858;9;-15.0;254;Ceylan & Pascucci (2023);Experiment 2;Orientation;1;3;-15.0;80.0;30.0;49.0;14;9
19;165;153;-12;1.08273780019954;9;-44.0;255;Ceylan & Pascucci (2023);Experiment 2;Orientation;1;3;-44.0;-59.0;36.0;-14.0;15;9
19;72;67;-5;2.33223199984059;9;-87.0;256;Ceylan & Pascucci (2023);Experiment 2;Orientation;1;3;-87.0;49.0;34.0;-51.0;16;9
19;23;46;23;1.20882050017826;9;49.0;257;Ceylan & Pascucci (2023);Experiment 2;Orientation;1;3;49.0;-38.0;-82.0;83.0;17;9
19;58;68;10;1.35741430008784;9;-35.0;258;Ceylan & Pascucci (2023);Experiment 2;Orientation;1;3;-35.0;14.0;-73.0;63.0;18;9
19;140;129;-11;1.64900549990125;9;-82.0;259;Ceylan & Pascucci (2023);Experiment 2;Orientation;1;3;-82.0;63.0;-68.0;25.0;19;9
19;129;131;2;1.05702040018514;9;11.0;260;Ceylan & Pascucci (2023);Experiment 2;Orientation;1;3;11.0;-71.0;74.0;-57.0;20;9
19;177;159;-18;1.19927869993262;9;-48.0;261;Ceylan & Pascucci (2023);Experiment 2;Orientation;1;3;-48.0;-37.0;61.0;26.0;21;9
19;117;107;-10;0.849520199932158;9;60.0;262;Ceylan & Pascucci (2023);Experiment 2;Orientation;1;3;60.0;12.0;23.0;-59.0;22;9
19;102;126;24;1.15747760003433;9;15.0;263;Ceylan & Pascucci (2023);Experiment 2;Orientation;1;3;15.0;75.0;27.0;38.0;23;9
19;168;161;-7;1.17435490014032;9;-66.0;264;Ceylan & Pascucci (2023);Experiment 2;Orientation;1;3;-66.0;-51.0;9.0;-39.0;24;9
19;118;137;19;1.21652140002698;9;50.0;265;Ceylan & Pascucci (2023);Experiment 2;Orientation;1;3;50.0;-16.0;-1.0;59.0;25;9
19;147;137;-10;0.650279600173235;9;-29.0;266;Ceylan & Pascucci (2023);Experiment 2;Orientation;1;3;-29.0;21.0;-45.0;-30.0;26;9
19;110;129;19;1.05786320008337;9;37.0;267;Ceylan & Pascucci (2023);Experiment 2;Orientation;1;3;37.0;8.0;58.0;-8.0;27;9
19;138;134;-4;0.882627699989825;9;-28.0;268;Ceylan & Pascucci (2023);Experiment 2;Orientation;1;3;-28.0;9.0;-20.0;30.0;28;9
19;48;56;8;1.11556469998322;9;90.0;269;Ceylan & Pascucci (2023);Experiment 2;Orientation;1;3;90.0;62.0;-81.0;70.0;29;9
19;72;68;-4;0.916133399819955;9;-24.0;270;Ceylan & Pascucci (2023);Experiment 2;Orientation;1;3;-24.0;66.0;38.0;75.0;30;9
19;111;124;13;0.907335099996999;10;-39.0;271;Ceylan & Pascucci (2023);Experiment 2;Orientation;1;3;;;;;1;10
19;28;36;8;0.933666500030085;10;83.0;272;Ceylan & Pascucci (2023);Experiment 2;Orientation;1;3;;;;;2;10
19;3;176;-7;0.88256759988144;10;25.0;273;Ceylan & Pascucci (2023);Experiment 2;Orientation;1;3;;;;;3;10
19;65;47;-18;0.990595599869266;10;-62.0;274;Ceylan & Pascucci (2023);Experiment 2;Orientation;1;3;;;;;4;10
19;76;70;-6;0.699624300003052;10;-11.0;275;Ceylan & Pascucci (2023);Experiment 2;Orientation;1;3;-11.0;-73.0;-48.0;35.0;5;10
19;19;23;4;1.52383179985918;10;57.0;276;Ceylan & Pascucci (2023);Experiment 2;Orientation;1;3;57.0;46.0;-16.0;9.0;6;10
19;8;22;14;1.64093689993024;10;11.0;277;Ceylan & Pascucci (2023);Experiment 2;Orientation;1;3;11.0;68.0;57.0;-5.0;7;10
19;22;29;7;1.23324400000274;10;-14.0;278;Ceylan & Pascucci (2023);Experiment 2;Orientation;1;3;-14.0;-3.0;54.0;43.0;8;10
19;101;122;21;1.12366190017201;10;-79.0;279;Ceylan & Pascucci (2023);Experiment 2;Orientation;1;3;-79.0;87.0;-82.0;-25.0;9;10
19;35;30;-5;1.56660209991969;10;66.0;280;Ceylan & Pascucci (2023);Experiment 2;Orientation;1;3;66.0;-13.0;-27.0;-16.0;10;10
19;8;11;3;0.833626999985427;10;27.0;281;Ceylan & Pascucci (2023);Experiment 2;Orientation;1;3;27.0;-87.0;14.0;0.0;11;10
19;147;136;-11;1.18239380000159;10;41.0;282;Ceylan & Pascucci (2023);Experiment 2;Orientation;1;3;41.0;68.0;-46.0;55.0;12;10
19;159;132;-27;1.17486599995755;10;-12.0;283;Ceylan & Pascucci (2023);Experiment 2;Orientation;1;3;-12.0;29.0;56.0;-58.0;13;10
19;131;135;4;1.06607810012065;10;28.0;284;Ceylan & Pascucci (2023);Experiment 2;Orientation;1;3;28.0;16.0;57.0;84.0;14;10
19;49;35;-14;1.35852219979279;10;82.0;285;Ceylan & Pascucci (2023);Experiment 2;Orientation;1;3;82.0;-70.0;-82.0;-41.0;15;10
19;22;27;5;1.7579530000221;10;27.0;286;Ceylan & Pascucci (2023);Experiment 2;Orientation;1;3;27.0;-71.0;-43.0;-55.0;16;10
19;140;122;-18;1.30698330001906;10;62.0;287;Ceylan & Pascucci (2023);Experiment 2;Orientation;1;3;62.0;89.0;-9.0;19.0;17;10
19;172;153;-19;1.53266369993798;10;-32.0;288;Ceylan & Pascucci (2023);Experiment 2;Orientation;1;3;-32.0;30.0;57.0;-41.0;18;10
19;156;150;-6;1.27519209985621;10;16.0;289;Ceylan & Pascucci (2023);Experiment 2;Orientation;1;3;16.0;-16.0;46.0;73.0;19;10
19;45;43;-2;1.51691000000574;10;-69.0;290;Ceylan & Pascucci (2023);Experiment 2;Orientation;1;3;-69.0;-53.0;-85.0;-23.0;20;10
19;106;117;11;0.965605300152674;10;-61.0;291;Ceylan & Pascucci (2023);Experiment 2;Orientation;1;3;-61.0;50.0;66.0;34.0;21;10
19;115;118;3;1.09993299981579;10;-9.0;292;Ceylan & Pascucci (2023);Experiment 2;Orientation;1;3;-9.0;-70.0;41.0;57.0;22;10
19;139;120;-19;0.967066399985924;10;-24.0;293;Ceylan & Pascucci (2023);Experiment 2;Orientation;1;3;-24.0;-33.0;86.0;17.0;23;10
19;129;123;-6;1.4497785998974;10;10.0;294;Ceylan & Pascucci (2023);Experiment 2;Orientation;1;3;10.0;-14.0;-23.0;-84.0;24;10
19;14;24;10;1.14989089989103;10;-65.0;295;Ceylan & Pascucci (2023);Experiment 2;Orientation;1;3;-65.0;-55.0;-79.0;-88.0;25;10
19;82;75;-7;1.15692270011641;10;-68.0;296;Ceylan & Pascucci (2023);Experiment 2;Orientation;1;3;-68.0;47.0;57.0;33.0;26;10
19;155;144;-11;1.91694440017454;10;-73.0;297;Ceylan & Pascucci (2023);Experiment 2;Orientation;1;3;-73.0;39.0;-26.0;-16.0;27;10
19;47;48;1;1.54976340010762;10;-72.0;298;Ceylan & Pascucci (2023);Experiment 2;Orientation;1;3;-72.0;35.0;-33.0;82.0;28;10
19;56;60;4;1.02398369996808;10;-9.0;299;Ceylan & Pascucci (2023);Experiment 2;Orientation;1;3;-9.0;-81.0;26.0;-42.0;29;10
19;119;140;21;1.43262799992226;10;-63.0;300;Ceylan & Pascucci (2023);Experiment 2;Orientation;1;3;-63.0;-72.0;36.0;-37.0;30;10
20;90;89;-1;2.80778310005553;1;;1;Ceylan & Pascucci (2023);Experiment 2;Orientation;1;3;;;;;1;1
20;77;81;4;2.01678030006588;1;13.0;2;Ceylan & Pascucci (2023);Experiment 2;Orientation;1;3;;;;;2;1
20;170;141;-29;2.33256980008446;1;87.0;3;Ceylan & Pascucci (2023);Experiment 2;Orientation;1;3;;;;;3;1
20;92;87;-5;3.2409382998012;1;78.0;4;Ceylan & Pascucci (2023);Experiment 2;Orientation;1;3;;;;;4;1
20;112;113;1;1.3585560999345;1;-20.0;5;Ceylan & Pascucci (2023);Experiment 2;Orientation;1;3;-20.0;58.0;-35.0;-22.0;5;1
20;21;32;11;1.21672119991854;1;-89.0;6;Ceylan & Pascucci (2023);Experiment 2;Orientation;1;3;-89.0;71.0;-31.0;56.0;6;1
20;161;133;-28;1.02408869983628;1;40.0;7;Ceylan & Pascucci (2023);Experiment 2;Orientation;1;3;40.0;-49.0;-69.0;9.0;7;1
20;71;71;0;1.79204980004579;1;90.0;8;Ceylan & Pascucci (2023);Experiment 2;Orientation;1;3;90.0;-50.0;41.0;21.0;8;1
20;106;100;-6;1.34177660010755;1;-35.0;9;Ceylan & Pascucci (2023);Experiment 2;Orientation;1;3;-35.0;55.0;-85.0;6.0;9;1
20;50;54;4;1.58260369999334;1;56.0;10;Ceylan & Pascucci (2023);Experiment 2;Orientation;1;3;56.0;21.0;-69.0;-29.0;10;1
20;175;156;-19;1.96673380001448;1;55.0;11;Ceylan & Pascucci (2023);Experiment 2;Orientation;1;3;55.0;-69.0;76.0;-14.0;11;1
20;116;115;-1;2.10717550013214;1;59.0;12;Ceylan & Pascucci (2023);Experiment 2;Orientation;1;3;59.0;-66.0;-10.0;-45.0;12;1
20;167;156;-11;2.00849479995668;1;-51.0;13;Ceylan & Pascucci (2023);Experiment 2;Orientation;1;3;-51.0;8.0;63.0;-61.0;13;1
20;15;35;20;1.23356790002435;1;-28.0;14;Ceylan & Pascucci (2023);Experiment 2;Orientation;1;3;-28.0;-79.0;-20.0;35.0;14;1
20;11;4;-7;2.22460369998589;1;4.0;15;Ceylan & Pascucci (2023);Experiment 2;Orientation;1;3;4.0;-24.0;-75.0;-16.0;15;1
20;145;136;-9;1.35016399994493;1;46.0;16;Ceylan & Pascucci (2023);Experiment 2;Orientation;1;3;46.0;50.0;22.0;-29.0;16;1
20;8;19;11;1.20931919990107;1;-43.0;17;Ceylan & Pascucci (2023);Experiment 2;Orientation;1;3;-43.0;3.0;7.0;-21.0;17;1
20;77;72;-5;1.00869559985586;1;-69.0;18;Ceylan & Pascucci (2023);Experiment 2;Orientation;1;3;-69.0;68.0;-66.0;-62.0;18;1
20;45;61;16;1.52433130005375;1;32.0;19;Ceylan & Pascucci (2023);Experiment 2;Orientation;1;3;32.0;-37.0;-80.0;-34.0;19;1
20;27;37;10;1.33303790003993;1;18.0;20;Ceylan & Pascucci (2023);Experiment 2;Orientation;1;3;18.0;50.0;-19.0;-62.0;20;1
20;72;81;9;1.57506820000708;1;-45.0;21;Ceylan & Pascucci (2023);Experiment 2;Orientation;1;3;-45.0;-27.0;5.0;-64.0;21;1
20;133;130;-3;1.53335069981404;1;-61.0;22;Ceylan & Pascucci (2023);Experiment 2;Orientation;1;3;-61.0;74.0;-88.0;-56.0;22;1
20;98;98;0;1.12681260006502;1;35.0;23;Ceylan & Pascucci (2023);Experiment 2;Orientation;1;3;35.0;-26.0;-71.0;-53.0;23;1
20;148;138;-10;1.42409470002167;1;-50.0;24;Ceylan & Pascucci (2023);Experiment 2;Orientation;1;3;-50.0;-15.0;-76.0;59.0;24;1
20;177;175;-2;0.967216599965468;1;-29.0;25;Ceylan & Pascucci (2023);Experiment 2;Orientation;1;3;-29.0;-79.0;-44.0;75.0;25;1
20;17;30;13;1.94050289993174;1;-20.0;26;Ceylan & Pascucci (2023);Experiment 2;Orientation;1;3;-20.0;-49.0;81.0;-64.0;26;1
20;54;47;-7;1.13302169996314;1;-37.0;27;Ceylan & Pascucci (2023);Experiment 2;Orientation;1;3;-37.0;-57.0;-86.0;44.0;27;1
20;129;105;-24;0.742304899962619;1;-75.0;28;Ceylan & Pascucci (2023);Experiment 2;Orientation;1;3;-75.0;68.0;48.0;19.0;28;1
20;31;38;7;1.00905949994922;1;-82.0;29;Ceylan & Pascucci (2023);Experiment 2;Orientation;1;3;-82.0;23.0;-14.0;-34.0;29;1
20;98;111;13;2.48259020014666;1;-67.0;30;Ceylan & Pascucci (2023);Experiment 2;Orientation;1;3;-67.0;31.0;-44.0;-81.0;30;1
20;72;75;3;1.75050559989177;2;26.0;31;Ceylan & Pascucci (2023);Experiment 2;Orientation;1;3;;;;;1;2
20;61;62;1;1.62516469997354;2;11.0;32;Ceylan & Pascucci (2023);Experiment 2;Orientation;1;3;;;;;2;2
20;64;70;6;1.26672159996815;2;-3.0;33;Ceylan & Pascucci (2023);Experiment 2;Orientation;1;3;;;;;3;2
20;178;168;-10;1.52502550021745;2;66.0;34;Ceylan & Pascucci (2023);Experiment 2;Orientation;1;3;;;;;4;2
20;71;65;-6;1.508043800015;2;-73.0;35;Ceylan & Pascucci (2023);Experiment 2;Orientation;1;3;-73.0;-7.0;-10.0;1.0;5;2
20;125;108;-17;2.30022559990175;2;-54.0;36;Ceylan & Pascucci (2023);Experiment 2;Orientation;1;3;-54.0;53.0;-61.0;-64.0;6;2
20;110;111;1;1.13265029992908;2;15.0;37;Ceylan & Pascucci (2023);Experiment 2;Orientation;1;3;15.0;-39.0;68.0;-46.0;7;2
20;69;67;-2;1.40051800012589;2;41.0;38;Ceylan & Pascucci (2023);Experiment 2;Orientation;1;3;41.0;56.0;2.0;-71.0;8;2
20;165;156;-9;1.21669839997776;2;84.0;39;Ceylan & Pascucci (2023);Experiment 2;Orientation;1;3;84.0;-55.0;-40.0;86.0;9;2
20;91;91;0;3.69172500004061;2;74.0;40;Ceylan & Pascucci (2023);Experiment 2;Orientation;1;3;74.0;-22.0;19.0;34.0;10;2
20;77;71;-6;2.14943750016391;2;14.0;41;Ceylan & Pascucci (2023);Experiment 2;Orientation;1;3;14.0;88.0;-8.0;33.0;11;2
20;24;29;5;1.58356869989075;2;53.0;42;Ceylan & Pascucci (2023);Experiment 2;Orientation;1;3;53.0;67.0;-39.0;45.0;12;2
20;161;140;-21;1.92495979997329;2;43.0;43;Ceylan & Pascucci (2023);Experiment 2;Orientation;1;3;43.0;-84.0;-70.0;4.0;13;2
20;116;98;-18;1.35768899996765;2;45.0;44;Ceylan & Pascucci (2023);Experiment 2;Orientation;1;3;45.0;88.0;-39.0;-25.0;14;2
20;9;9;0;1.06723390007392;2;-73.0;45;Ceylan & Pascucci (2023);Experiment 2;Orientation;1;3;-73.0;-28.0;15.0;68.0;15;2
20;71;81;10;2.44117840006948;2;-62.0;46;Ceylan & Pascucci (2023);Experiment 2;Orientation;1;3;-62.0;45.0;90.0;-47.0;16;2
20;33;37;4;2.05819249991328;2;38.0;47;Ceylan & Pascucci (2023);Experiment 2;Orientation;1;3;38.0;-24.0;83.0;-52.0;17;2
20;97;94;-3;1.41724979993887;2;-64.0;48;Ceylan & Pascucci (2023);Experiment 2;Orientation;1;3;-64.0;-26.0;-88.0;19.0;18;2
20;130;127;-3;1.44159290008247;2;-33.0;49;Ceylan & Pascucci (2023);Experiment 2;Orientation;1;3;-33.0;83.0;-59.0;59.0;19;2
20;180;170;-10;1.30855729989707;2;-50.0;50;Ceylan & Pascucci (2023);Experiment 2;Orientation;1;3;-50.0;-83.0;33.0;71.0;20;2
20;73;70;-3;0.900506099918857;2;-73.0;51;Ceylan & Pascucci (2023);Experiment 2;Orientation;1;3;-73.0;57.0;24.0;-40.0;21;2
20;93;99;6;1.64924379996955;2;-20.0;52;Ceylan & Pascucci (2023);Experiment 2;Orientation;1;3;-20.0;87.0;37.0;4.0;22;2
20;131;119;-12;0.915975500131026;2;-38.0;53;Ceylan & Pascucci (2023);Experiment 2;Orientation;1;3;-38.0;-58.0;49.0;-1.0;23;2
20;167;164;-3;1.96624830015935;2;-36.0;54;Ceylan & Pascucci (2023);Experiment 2;Orientation;1;3;-36.0;-74.0;86.0;13.0;24;2
20;93;89;-4;2.80046220007353;2;74.0;55;Ceylan & Pascucci (2023);Experiment 2;Orientation;1;3;74.0;38.0;0.0;-20.0;25;2
20;51;45;-6;1.45884580002166;2;42.0;56;Ceylan & Pascucci (2023);Experiment 2;Orientation;1;3;42.0;-64.0;80.0;42.0;26;2
20;111;123;12;1.2588734999299;2;-60.0;57;Ceylan & Pascucci (2023);Experiment 2;Orientation;1;3;-60.0;-18.0;56.0;20.0;27;2
20;16;59;43;1.05859030014835;2;-85.0;58;Ceylan & Pascucci (2023);Experiment 2;Orientation;1;3;-85.0;35.0;77.0;-29.0;28;2
20;145;126;-19;2.67490210011601;2;51.0;59;Ceylan & Pascucci (2023);Experiment 2;Orientation;1;3;51.0;-34.0;86.0;-52.0;29;2
20;60;45;-15;1.50013629999012;2;85.0;60;Ceylan & Pascucci (2023);Experiment 2;Orientation;1;3;85.0;-44.0;51.0;-9.0;30;2
20;78;78;0;2.05049049993977;3;-18.0;61;Ceylan & Pascucci (2023);Experiment 2;Orientation;1;3;;;;;1;3
20;134;124;-10;1.31518110004254;3;-56.0;62;Ceylan & Pascucci (2023);Experiment 2;Orientation;1;3;;;;;2;3
20;25;23;-2;0.849198000039905;3;-71.0;63;Ceylan & Pascucci (2023);Experiment 2;Orientation;1;3;;;;;3;3
20;122;130;8;1.30765799991786;3;83.0;64;Ceylan & Pascucci (2023);Experiment 2;Orientation;1;3;;;;;4;3
20;49;47;-2;1.96626150002703;3;73.0;65;Ceylan & Pascucci (2023);Experiment 2;Orientation;1;3;73.0;-24.0;85.0;29.0;5;3
20;1;11;10;1.24181949999183;3;48.0;66;Ceylan & Pascucci (2023);Experiment 2;Orientation;1;3;48.0;-59.0;24.0;-47.0;6;3
20;41;46;5;1.5000960000325;3;-40.0;67;Ceylan & Pascucci (2023);Experiment 2;Orientation;1;3;-40.0;8.0;81.0;-16.0;7;3
20;70;59;-11;1.14934269990772;3;-29.0;68;Ceylan & Pascucci (2023);Experiment 2;Orientation;1;3;-29.0;-69.0;-21.0;52.0;8;3
20;150;123;-27;1.6337099999655;3;-80.0;69;Ceylan & Pascucci (2023);Experiment 2;Orientation;1;3;-80.0;71.0;31.0;79.0;9;3
20;149;145;-4;1.16711830021814;3;1.0;70;Ceylan & Pascucci (2023);Experiment 2;Orientation;1;3;1.0;-79.0;72.0;32.0;10;3
20;149;130;-19;3.58223380008712;3;0.0;71;Ceylan & Pascucci (2023);Experiment 2;Orientation;1;3;0.0;1.0;-79.0;72.0;11;3
20;106;104;-2;1.61682690004818;3;43.0;72;Ceylan & Pascucci (2023);Experiment 2;Orientation;1;3;43.0;43.0;44.0;-36.0;12;3
20;143;154;11;0.866806899895892;3;-37.0;73;Ceylan & Pascucci (2023);Experiment 2;Orientation;1;3;-37.0;6.0;6.0;7.0;13;3
20;77;81;4;1.31666639982723;3;66.0;74;Ceylan & Pascucci (2023);Experiment 2;Orientation;1;3;66.0;29.0;72.0;72.0;14;3
20;101;95;-6;1.45889010000974;3;-24.0;75;Ceylan & Pascucci (2023);Experiment 2;Orientation;1;3;-24.0;42.0;5.0;48.0;15;3
20;168;123;-45;4.79910969990306;3;-67.0;76;Ceylan & Pascucci (2023);Experiment 2;Orientation;1;3;-67.0;89.0;-25.0;-62.0;16;3
20;90;92;2;2.8670685000252;3;78.0;77;Ceylan & Pascucci (2023);Experiment 2;Orientation;1;3;78.0;11.0;-13.0;53.0;17;3
20;115;128;13;1.32409320003353;3;-25.0;78;Ceylan & Pascucci (2023);Experiment 2;Orientation;1;3;-25.0;53.0;-14.0;-38.0;18;3
20;55;62;7;1.46598710003309;3;60.0;79;Ceylan & Pascucci (2023);Experiment 2;Orientation;1;3;60.0;35.0;-67.0;46.0;19;3
20;37;40;3;1.28384629986249;3;18.0;80;Ceylan & Pascucci (2023);Experiment 2;Orientation;1;3;18.0;78.0;53.0;-49.0;20;3
20;92;94;2;1.50856920005754;3;-55.0;81;Ceylan & Pascucci (2023);Experiment 2;Orientation;1;3;-55.0;-37.0;23.0;-2.0;21;3
20;100;100;0;1.96571799996309;3;-8.0;82;Ceylan & Pascucci (2023);Experiment 2;Orientation;1;3;-8.0;-63.0;-45.0;15.0;22;3
20;116;129;13;1.28350450005382;3;-16.0;83;Ceylan & Pascucci (2023);Experiment 2;Orientation;1;3;-16.0;-24.0;-79.0;-61.0;23;3
20;73;75;2;2.39909589989111;3;43.0;84;Ceylan & Pascucci (2023);Experiment 2;Orientation;1;3;43.0;27.0;19.0;-36.0;24;3
20;179;175;-4;2.29163559991866;3;74.0;85;Ceylan & Pascucci (2023);Experiment 2;Orientation;1;3;74.0;-63.0;-79.0;-87.0;25;3
20;69;61;-8;1.15067640016787;3;-70.0;86;Ceylan & Pascucci (2023);Experiment 2;Orientation;1;3;-70.0;4.0;47.0;31.0;26;3
20;145;147;2;1.90028760000132;3;-76.0;87;Ceylan & Pascucci (2023);Experiment 2;Orientation;1;3;-76.0;34.0;-72.0;-29.0;27;3
20;9;6;-3;1.44064879999496;3;-44.0;88;Ceylan & Pascucci (2023);Experiment 2;Orientation;1;3;-44.0;60.0;-10.0;64.0;28;3
20;180;162;-18;1.25784359988756;3;9.0;89;Ceylan & Pascucci (2023);Experiment 2;Orientation;1;3;9.0;-35.0;69.0;-1.0;29;3
20;129;116;-13;1.01724699977785;3;51.0;90;Ceylan & Pascucci (2023);Experiment 2;Orientation;1;3;51.0;60.0;16.0;-60.0;30;3
20;162;138;-24;1.30853160005063;4;-33.0;91;Ceylan & Pascucci (2023);Experiment 2;Orientation;1;3;;;;;1;4
20;138;128;-10;0.941002199891955;4;24.0;92;Ceylan & Pascucci (2023);Experiment 2;Orientation;1;3;;;;;2;4
20;115;117;2;1.67499189986847;4;23.0;93;Ceylan & Pascucci (2023);Experiment 2;Orientation;1;3;;;;;3;4
20;82;69;-13;1.40762780001387;4;33.0;94;Ceylan & Pascucci (2023);Experiment 2;Orientation;1;3;;;;;4;4
20;101;114;13;2.50764730013907;4;-19.0;95;Ceylan & Pascucci (2023);Experiment 2;Orientation;1;3;-19.0;14.0;37.0;61.0;5;4
20;6;17;11;1.84998370008543;4;-85.0;96;Ceylan & Pascucci (2023);Experiment 2;Orientation;1;3;-85.0;76.0;-71.0;-48.0;6;4
20;154;142;-12;2.24179059988819;4;32.0;97;Ceylan & Pascucci (2023);Experiment 2;Orientation;1;3;32.0;-53.0;-72.0;-39.0;7;4
20;77;59;-18;1.27514489996247;4;77.0;98;Ceylan & Pascucci (2023);Experiment 2;Orientation;1;3;77.0;-71.0;24.0;5.0;8;4
20;78;69;-9;1.16683260002173;4;-1.0;99;Ceylan & Pascucci (2023);Experiment 2;Orientation;1;3;-1.0;76.0;-72.0;23.0;9;4
20;92;82;-10;1.12524750013836;4;-14.0;100;Ceylan & Pascucci (2023);Experiment 2;Orientation;1;3;-14.0;-15.0;62.0;-86.0;10;4
20;48;36;-12;1.60015500010923;4;44.0;101;Ceylan & Pascucci (2023);Experiment 2;Orientation;1;3;44.0;30.0;29.0;-74.0;11;4
20;110;119;9;1.84188139997423;4;-62.0;102;Ceylan & Pascucci (2023);Experiment 2;Orientation;1;3;-62.0;-18.0;-32.0;-33.0;12;4
20;127;117;-10;1.21638790005818;4;-17.0;103;Ceylan & Pascucci (2023);Experiment 2;Orientation;1;3;-17.0;-79.0;-35.0;-49.0;13;4
20;34;40;6;1.1918125001248;4;-87.0;104;Ceylan & Pascucci (2023);Experiment 2;Orientation;1;3;-87.0;76.0;14.0;58.0;14;4
20;15;25;10;1.92516099987552;4;19.0;105;Ceylan & Pascucci (2023);Experiment 2;Orientation;1;3;19.0;-68.0;-85.0;33.0;15;4
20;53;49;-4;1.79880119999871;4;-38.0;106;Ceylan & Pascucci (2023);Experiment 2;Orientation;1;3;-38.0;-19.0;74.0;57.0;16;4
20;56;63;7;1.45802220003679;4;-3.0;107;Ceylan & Pascucci (2023);Experiment 2;Orientation;1;3;-3.0;-41.0;-22.0;71.0;17;4
20;174;160;-14;1.26726440014318;4;62.0;108;Ceylan & Pascucci (2023);Experiment 2;Orientation;1;3;62.0;59.0;21.0;40.0;18;4
20;74;67;-7;1.40789919998497;4;-80.0;109;Ceylan & Pascucci (2023);Experiment 2;Orientation;1;3;-80.0;-18.0;-21.0;-59.0;19;4
20;95;104;9;2.95781169994734;4;-21.0;110;Ceylan & Pascucci (2023);Experiment 2;Orientation;1;3;-21.0;79.0;-39.0;-42.0;20;4
20;30;28;-2;2.07504339981824;4;65.0;111;Ceylan & Pascucci (2023);Experiment 2;Orientation;1;3;65.0;44.0;-36.0;26.0;21;4
20;71;72;1;1.2573758000508;4;-41.0;112;Ceylan & Pascucci (2023);Experiment 2;Orientation;1;3;-41.0;24.0;3.0;-77.0;22;4
20;39;24;-15;1.25723780016415;4;32.0;113;Ceylan & Pascucci (2023);Experiment 2;Orientation;1;3;32.0;-9.0;56.0;35.0;23;4
20;79;72;-7;1.97410860005766;4;-40.0;114;Ceylan & Pascucci (2023);Experiment 2;Orientation;1;3;-40.0;-8.0;-49.0;16.0;24;4
20;65;68;3;1.00052969995886;4;14.0;115;Ceylan & Pascucci (2023);Experiment 2;Orientation;1;3;14.0;-26.0;6.0;-35.0;25;4
20;124;125;1;1.30844040005468;4;-59.0;116;Ceylan & Pascucci (2023);Experiment 2;Orientation;1;3;-59.0;-45.0;-85.0;-53.0;26;4
20;178;174;-4;1.1339305001311;4;-54.0;117;Ceylan & Pascucci (2023);Experiment 2;Orientation;1;3;-54.0;67.0;81.0;41.0;27;4
20;158;156;-2;0.509078199975193;4;20.0;118;Ceylan & Pascucci (2023);Experiment 2;Orientation;1;3;20.0;-34.0;87.0;-79.0;28;4
20;68;68;0;1.91554600000381;4;90.0;119;Ceylan & Pascucci (2023);Experiment 2;Orientation;1;3;90.0;-70.0;56.0;-3.0;29;4
20;48;59;11;1.75852899998426;4;20.0;120;Ceylan & Pascucci (2023);Experiment 2;Orientation;1;3;20.0;-70.0;-50.0;76.0;30;4
20;142;134;-8;1.19179060007446;5;86.0;121;Ceylan & Pascucci (2023);Experiment 2;Orientation;1;3;;;;;1;5
20;98;95;-3;1.14192289998755;5;44.0;122;Ceylan & Pascucci (2023);Experiment 2;Orientation;1;3;;;;;2;5
20;93;97;4;1.96632759994827;5;5.0;123;Ceylan & Pascucci (2023);Experiment 2;Orientation;1;3;;;;;3;5
20;70;47;-23;1.46685030008666;5;23.0;124;Ceylan & Pascucci (2023);Experiment 2;Orientation;1;3;;;;;4;5
20;109;111;2;1.80756359989755;5;-39.0;125;Ceylan & Pascucci (2023);Experiment 2;Orientation;1;3;-39.0;-16.0;-11.0;33.0;5;5
20;90;85;-5;1.04163290001452;5;19.0;126;Ceylan & Pascucci (2023);Experiment 2;Orientation;1;3;19.0;-20.0;3.0;8.0;6;5
20;117;117;0;1.05071209999733;5;-27.0;127;Ceylan & Pascucci (2023);Experiment 2;Orientation;1;3;-27.0;-8.0;-47.0;-24.0;7;5
20;22;36;14;2.16620090021752;5;-85.0;128;Ceylan & Pascucci (2023);Experiment 2;Orientation;1;3;-85.0;68.0;87.0;48.0;8;5
20;98;97;-1;1.85751920007169;5;-76.0;129;Ceylan & Pascucci (2023);Experiment 2;Orientation;1;3;-76.0;19.0;-8.0;11.0;9;5
20;58;45;-13;1.06599469995126;5;40.0;130;Ceylan & Pascucci (2023);Experiment 2;Orientation;1;3;40.0;-36.0;59.0;32.0;10;5
20;157;145;-12;1.0918912999332;5;81.0;131;Ceylan & Pascucci (2023);Experiment 2;Orientation;1;3;81.0;-59.0;45.0;-40.0;11;5
20;110;97;-13;1.23293510009535;5;47.0;132;Ceylan & Pascucci (2023);Experiment 2;Orientation;1;3;47.0;-52.0;-12.0;-88.0;12;5
20;100;103;3;2.03318640007637;5;10.0;133;Ceylan & Pascucci (2023);Experiment 2;Orientation;1;3;10.0;57.0;-42.0;-2.0;13;5
20;96;97;1;1.74993319995701;5;4.0;134;Ceylan & Pascucci (2023);Experiment 2;Orientation;1;3;4.0;14.0;61.0;-38.0;14;5
20;105;114;9;1.20036079990678;5;-9.0;135;Ceylan & Pascucci (2023);Experiment 2;Orientation;1;3;-9.0;-5.0;5.0;52.0;15;5
20;10;5;-5;2.17526519997045;5;-85.0;136;Ceylan & Pascucci (2023);Experiment 2;Orientation;1;3;-85.0;86.0;90.0;-80.0;16;5
20;82;80;-2;2.33370540011674;5;-72.0;137;Ceylan & Pascucci (2023);Experiment 2;Orientation;1;3;-72.0;23.0;14.0;18.0;17;5
20;10;15;5;0.900118499994278;5;72.0;138;Ceylan & Pascucci (2023);Experiment 2;Orientation;1;3;72.0;0.0;-85.0;86.0;18;5
20;66;72;6;2.80037289997563;5;-56.0;139;Ceylan & Pascucci (2023);Experiment 2;Orientation;1;3;-56.0;16.0;-56.0;39.0;19;5
20;101;112;11;2.16549840010703;5;-35.0;140;Ceylan & Pascucci (2023);Experiment 2;Orientation;1;3;-35.0;89.0;-19.0;89.0;20;5
20;147;150;3;1.29172590002418;5;-46.0;141;Ceylan & Pascucci (2023);Experiment 2;Orientation;1;3;-46.0;-81.0;43.0;-65.0;21;5
20;27;24;-3;1.94107310008258;5;-60.0;142;Ceylan & Pascucci (2023);Experiment 2;Orientation;1;3;-60.0;74.0;39.0;-17.0;22;5
20;146;133;-13;1.14189470000565;5;61.0;143;Ceylan & Pascucci (2023);Experiment 2;Orientation;1;3;61.0;1.0;-45.0;-80.0;23;5
20;40;46;6;1.42527300002985;5;-74.0;144;Ceylan & Pascucci (2023);Experiment 2;Orientation;1;3;-74.0;-13.0;-73.0;61.0;24;5
20;34;33;-1;1.65782369999215;5;6.0;145;Ceylan & Pascucci (2023);Experiment 2;Orientation;1;3;6.0;-68.0;-7.0;-67.0;25;5
20;180;3;3;2.19165010005236;5;34.0;146;Ceylan & Pascucci (2023);Experiment 2;Orientation;1;3;34.0;40.0;-34.0;27.0;26;5
20;112;110;-2;1.11662010010332;5;68.0;147;Ceylan & Pascucci (2023);Experiment 2;Orientation;1;3;68.0;-78.0;-72.0;34.0;27;5
20;15;14;-1;1.6991984997876;5;-83.0;148;Ceylan & Pascucci (2023);Experiment 2;Orientation;1;3;-83.0;-15.0;19.0;25.0;28;5
20;89;89;0;2.09172899997793;5;-74.0;149;Ceylan & Pascucci (2023);Experiment 2;Orientation;1;3;-74.0;23.0;-89.0;-55.0;29;5
20;9;6;-3;0.925541599979624;5;80.0;150;Ceylan & Pascucci (2023);Experiment 2;Orientation;1;3;80.0;6.0;-77.0;-9.0;30;5
20;169;154;-15;1.44148200005293;6;20.0;151;Ceylan & Pascucci (2023);Experiment 2;Orientation;1;3;;;;;1;6
20;56;60;4;1.18374849995598;6;-67.0;152;Ceylan & Pascucci (2023);Experiment 2;Orientation;1;3;;;;;2;6
20;4;10;6;1.99947249982506;6;52.0;153;Ceylan & Pascucci (2023);Experiment 2;Orientation;1;3;;;;;3;6
20;15;19;4;1.17528659990057;6;-11.0;154;Ceylan & Pascucci (2023);Experiment 2;Orientation;1;3;;;;;4;6
20;71;64;-7;1.19935949984938;6;-56.0;155;Ceylan & Pascucci (2023);Experiment 2;Orientation;1;3;-56.0;-67.0;-15.0;-82.0;5;6
20;82;89;7;2.17496529989876;6;-11.0;156;Ceylan & Pascucci (2023);Experiment 2;Orientation;1;3;-11.0;-67.0;-78.0;-26.0;6;6
20;61;53;-8;1.09180850000121;6;21.0;157;Ceylan & Pascucci (2023);Experiment 2;Orientation;1;3;21.0;10.0;-46.0;-57.0;7;6
20;36;41;5;1.89180970005691;6;25.0;158;Ceylan & Pascucci (2023);Experiment 2;Orientation;1;3;25.0;46.0;35.0;-21.0;8;6
20;78;56;-22;1.05040289997123;6;-42.0;159;Ceylan & Pascucci (2023);Experiment 2;Orientation;1;3;-42.0;-17.0;4.0;-7.0;9;6
20;161;157;-4;0.908372199861333;6;-83.0;160;Ceylan & Pascucci (2023);Experiment 2;Orientation;1;3;-83.0;55.0;80.0;-79.0;10;6
20;5;5;0;1.59129779995419;6;-24.0;161;Ceylan & Pascucci (2023);Experiment 2;Orientation;1;3;-24.0;73.0;31.0;56.0;11;6
20;113;122;9;1.39213849999942;6;72.0;162;Ceylan & Pascucci (2023);Experiment 2;Orientation;1;3;72.0;48.0;-35.0;-77.0;12;6
20;112;118;6;0.450817000120878;6;1.0;163;Ceylan & Pascucci (2023);Experiment 2;Orientation;1;3;1.0;73.0;49.0;-34.0;13;6
20;134;127;-7;1.00856720004231;6;-22.0;164;Ceylan & Pascucci (2023);Experiment 2;Orientation;1;3;-22.0;-21.0;51.0;27.0;14;6
20;54;42;-12;1.34187599993311;6;80.0;165;Ceylan & Pascucci (2023);Experiment 2;Orientation;1;3;80.0;58.0;59.0;-49.0;15;6
20;21;13;-8;2.02426009997725;6;33.0;166;Ceylan & Pascucci (2023);Experiment 2;Orientation;1;3;33.0;-67.0;-89.0;-88.0;16;6
20;104;119;15;1.20736479992047;6;-83.0;167;Ceylan & Pascucci (2023);Experiment 2;Orientation;1;3;-83.0;-50.0;30.0;8.0;17;6
20;156;151;-5;1.33364029997028;6;-52.0;168;Ceylan & Pascucci (2023);Experiment 2;Orientation;1;3;-52.0;45.0;78.0;-22.0;18;6
20;8;38;30;1.23356319987215;6;-32.0;169;Ceylan & Pascucci (2023);Experiment 2;Orientation;1;3;-32.0;-84.0;13.0;46.0;19;6
20;107;125;18;1.88266679993831;6;81.0;170;Ceylan & Pascucci (2023);Experiment 2;Orientation;1;3;81.0;49.0;-3.0;-86.0;20;6
20;60;48;-12;2.42386840004474;6;47.0;171;Ceylan & Pascucci (2023);Experiment 2;Orientation;1;3;47.0;-52.0;-84.0;44.0;21;6
20;36;49;13;1.40852440008894;6;24.0;172;Ceylan & Pascucci (2023);Experiment 2;Orientation;1;3;24.0;71.0;-28.0;-60.0;22;6
20;19;14;-5;1.32505570002832;6;17.0;173;Ceylan & Pascucci (2023);Experiment 2;Orientation;1;3;17.0;41.0;88.0;-11.0;23;6
20;26;38;12;1.20845480007119;6;-7.0;174;Ceylan & Pascucci (2023);Experiment 2;Orientation;1;3;-7.0;10.0;34.0;81.0;24;6
20;158;164;6;0.94948700000532;6;48.0;175;Ceylan & Pascucci (2023);Experiment 2;Orientation;1;3;48.0;41.0;58.0;82.0;25;6
20;162;168;6;1.86625829990953;6;-4.0;176;Ceylan & Pascucci (2023);Experiment 2;Orientation;1;3;-4.0;44.0;37.0;54.0;26;6
20;52;42;-10;0.916693900013342;6;-70.0;177;Ceylan & Pascucci (2023);Experiment 2;Orientation;1;3;-70.0;-74.0;-26.0;-33.0;27;6
20;26;41;15;1.73298779991455;6;26.0;178;Ceylan & Pascucci (2023);Experiment 2;Orientation;1;3;26.0;-44.0;-48.0;0.0;28;6
20;100;109;9;1.51677230000496;6;-74.0;179;Ceylan & Pascucci (2023);Experiment 2;Orientation;1;3;-74.0;-48.0;62.0;58.0;29;6
20;53;32;-21;1.00063460017554;6;47.0;180;Ceylan & Pascucci (2023);Experiment 2;Orientation;1;3;47.0;-27.0;-1.0;-71.0;30;6
20;96;94;-2;1.69079739996232;7;-43.0;181;Ceylan & Pascucci (2023);Experiment 2;Orientation;1;3;;;;;1;7
20;175;168;-7;2.04872259986587;7;-79.0;182;Ceylan & Pascucci (2023);Experiment 2;Orientation;1;3;;;;;2;7
20;121;123;2;0.866894799983129;7;54.0;183;Ceylan & Pascucci (2023);Experiment 2;Orientation;1;3;;;;;3;7
20;163;134;-29;1.1832960001193;7;-42.0;184;Ceylan & Pascucci (2023);Experiment 2;Orientation;1;3;;;;;4;7
20;10;19;9;1.83388429996558;7;-27.0;185;Ceylan & Pascucci (2023);Experiment 2;Orientation;1;3;-27.0;-69.0;-15.0;86.0;5;7
20;112;114;2;2.13257310003974;7;78.0;186;Ceylan & Pascucci (2023);Experiment 2;Orientation;1;3;78.0;51.0;9.0;63.0;6;7
20;152;130;-22;2.73240930004977;7;-40.0;187;Ceylan & Pascucci (2023);Experiment 2;Orientation;1;3;-40.0;38.0;11.0;-31.0;7;7
20;26;52;26;3.53246050002053;7;-54.0;188;Ceylan & Pascucci (2023);Experiment 2;Orientation;1;3;-54.0;86.0;-16.0;-43.0;8;7
20;7;14;7;2.44983159983531;7;19.0;189;Ceylan & Pascucci (2023);Experiment 2;Orientation;1;3;19.0;-35.0;-75.0;3.0;9;7
20;123;130;7;1.77541859983467;7;64.0;190;Ceylan & Pascucci (2023);Experiment 2;Orientation;1;3;64.0;83.0;29.0;-11.0;10;7
20;24;28;4;1.42551980004646;7;-81.0;191;Ceylan & Pascucci (2023);Experiment 2;Orientation;1;3;-81.0;-17.0;2.0;-52.0;11;7
20;73;67;-6;0.89262089994736;7;-49.0;192;Ceylan & Pascucci (2023);Experiment 2;Orientation;1;3;-49.0;50.0;-66.0;-47.0;12;7
20;136;125;-11;2.00000130012631;7;-63.0;193;Ceylan & Pascucci (2023);Experiment 2;Orientation;1;3;-63.0;68.0;-13.0;51.0;13;7
20;163;149;-14;1.44888110016473;7;-27.0;194;Ceylan & Pascucci (2023);Experiment 2;Orientation;1;3;-27.0;90.0;41.0;-40.0;14;7
20;86;75;-11;1.78256279998459;7;77.0;195;Ceylan & Pascucci (2023);Experiment 2;Orientation;1;3;77.0;50.0;-13.0;-62.0;15;7
20;79;67;-12;1.88344949996099;7;7.0;196;Ceylan & Pascucci (2023);Experiment 2;Orientation;1;3;7.0;84.0;57.0;-6.0;16;7
20;155;144;-11;1.79087579995394;7;-76.0;197;Ceylan & Pascucci (2023);Experiment 2;Orientation;1;3;-76.0;-69.0;8.0;-19.0;17;7
20;151;141;-10;1.74209000007249;7;4.0;198;Ceylan & Pascucci (2023);Experiment 2;Orientation;1;3;4.0;-72.0;-65.0;12.0;18;7
20;32;48;16;1.15847499994561;7;-61.0;199;Ceylan & Pascucci (2023);Experiment 2;Orientation;1;3;-61.0;-57.0;47.0;54.0;19;7
20;144;130;-14;2.47501309984364;7;68.0;200;Ceylan & Pascucci (2023);Experiment 2;Orientation;1;3;68.0;7.0;11.0;-65.0;20;7
20;154;143;-11;1.89181390008889;7;-10.0;201;Ceylan & Pascucci (2023);Experiment 2;Orientation;1;3;-10.0;58.0;-3.0;1.0;21;7
20;167;161;-6;1.45045120012946;7;-13.0;202;Ceylan & Pascucci (2023);Experiment 2;Orientation;1;3;-13.0;-23.0;45.0;-16.0;22;7
20;122;110;-12;1.46683759987354;7;45.0;203;Ceylan & Pascucci (2023);Experiment 2;Orientation;1;3;45.0;32.0;22.0;90.0;23;7
20;59;63;4;5.46553419996053;7;63.0;204;Ceylan & Pascucci (2023);Experiment 2;Orientation;1;3;63.0;-72.0;-85.0;85.0;24;7
20;146;139;-7;1.05761999986134;7;-87.0;205;Ceylan & Pascucci (2023);Experiment 2;Orientation;1;3;-87.0;-24.0;21.0;8.0;25;7
20;97;103;6;1.27551990002394;7;49.0;206;Ceylan & Pascucci (2023);Experiment 2;Orientation;1;3;49.0;-38.0;25.0;70.0;26;7
20;76;77;1;2.20743119996041;7;21.0;207;Ceylan & Pascucci (2023);Experiment 2;Orientation;1;3;21.0;70.0;-17.0;46.0;27;7
20;128;131;3;1.449607900111;7;-52.0;208;Ceylan & Pascucci (2023);Experiment 2;Orientation;1;3;-52.0;-31.0;18.0;-69.0;28;7
20;37;42;5;1.12559129996225;7;-89.0;209;Ceylan & Pascucci (2023);Experiment 2;Orientation;1;3;-89.0;39.0;60.0;-71.0;29;7
20;68;54;-14;1.54956589988433;7;-31.0;210;Ceylan & Pascucci (2023);Experiment 2;Orientation;1;3;-31.0;60.0;8.0;29.0;30;7
20;64;49;-15;1.16593490005471;8;4.0;211;Ceylan & Pascucci (2023);Experiment 2;Orientation;1;3;;;;;1;8
20;53;50;-3;0.675261900061741;8;11.0;212;Ceylan & Pascucci (2023);Experiment 2;Orientation;1;3;;;;;2;8
20;7;9;2;0.917203599819914;8;46.0;213;Ceylan & Pascucci (2023);Experiment 2;Orientation;1;3;;;;;3;8
20;8;18;10;1.49190109991468;8;-1.0;214;Ceylan & Pascucci (2023);Experiment 2;Orientation;1;3;;;;;4;8
20;151;154;3;0.617352500092238;8;37.0;215;Ceylan & Pascucci (2023);Experiment 2;Orientation;1;3;37.0;36.0;82.0;-87.0;5;8
20;122;111;-11;1.95729240006767;8;29.0;216;Ceylan & Pascucci (2023);Experiment 2;Orientation;1;3;29.0;66.0;65.0;-69.0;6;8
20;96;106;10;1.71680840011686;8;26.0;217;Ceylan & Pascucci (2023);Experiment 2;Orientation;1;3;26.0;55.0;-88.0;-89.0;7;8
20;143;165;22;1.625593499979;8;-47.0;218;Ceylan & Pascucci (2023);Experiment 2;Orientation;1;3;-47.0;-21.0;8.0;45.0;8;8
20;27;25;-2;1.80050969985314;8;-64.0;219;Ceylan & Pascucci (2023);Experiment 2;Orientation;1;3;-64.0;69.0;-85.0;-56.0;9;8
20;158;143;-15;1.20845380006358;8;49.0;220;Ceylan & Pascucci (2023);Experiment 2;Orientation;1;3;49.0;-15.0;-62.0;-36.0;10;8
20;35;23;-12;1.68295159982517;8;-57.0;221;Ceylan & Pascucci (2023);Experiment 2;Orientation;1;3;-57.0;-8.0;-72.0;61.0;11;8
20;37;39;2;1.22457779990509;8;-2.0;222;Ceylan & Pascucci (2023);Experiment 2;Orientation;1;3;-2.0;-59.0;-10.0;-74.0;12;8
20;35;35;0;2.23245980008505;8;2.0;223;Ceylan & Pascucci (2023);Experiment 2;Orientation;1;3;2.0;0.0;-57.0;-8.0;13;8
20;102;109;7;1.0256966999732;8;-67.0;224;Ceylan & Pascucci (2023);Experiment 2;Orientation;1;3;-67.0;-65.0;-67.0;56.0;14;8
20;110;109;-1;1.16595850000158;8;-8.0;225;Ceylan & Pascucci (2023);Experiment 2;Orientation;1;3;-8.0;-75.0;-73.0;-75.0;15;8
20;36;42;6;1.77501949993894;8;74.0;226;Ceylan & Pascucci (2023);Experiment 2;Orientation;1;3;74.0;66.0;-1.0;1.0;16;8
20;20;50;30;1.1992483001668;8;16.0;227;Ceylan & Pascucci (2023);Experiment 2;Orientation;1;3;16.0;90.0;82.0;15.0;17;8
20;132;146;14;1.05807060003281;8;68.0;228;Ceylan & Pascucci (2023);Experiment 2;Orientation;1;3;68.0;84.0;-22.0;-30.0;18;8
20;29;21;-8;0.45876679988578;8;-77.0;229;Ceylan & Pascucci (2023);Experiment 2;Orientation;1;3;-77.0;-9.0;7.0;81.0;19;8
20;87;86;-1;0.967326000100002;8;-58.0;230;Ceylan & Pascucci (2023);Experiment 2;Orientation;1;3;-58.0;45.0;-67.0;-51.0;20;8
20;112;120;8;1.79227890004404;8;-25.0;231;Ceylan & Pascucci (2023);Experiment 2;Orientation;1;3;-25.0;-83.0;20.0;88.0;21;8
20;114;126;12;1.00842479988933;8;-2.0;232;Ceylan & Pascucci (2023);Experiment 2;Orientation;1;3;-2.0;-27.0;-85.0;18.0;22;8
20;71;167;-84;3.63222949998453;8;43.0;233;Ceylan & Pascucci (2023);Experiment 2;Orientation;1;3;43.0;41.0;16.0;-42.0;23;8
20;74;77;3;1.69933319999836;8;-3.0;234;Ceylan & Pascucci (2023);Experiment 2;Orientation;1;3;-3.0;40.0;38.0;13.0;24;8
20;79;70;-9;1.8422063998878;8;-5.0;235;Ceylan & Pascucci (2023);Experiment 2;Orientation;1;3;-5.0;-8.0;35.0;33.0;25;8
20;173;153;-20;1.95726729999296;8;86.0;236;Ceylan & Pascucci (2023);Experiment 2;Orientation;1;3;86.0;81.0;78.0;-59.0;26;8
20;79;74;-5;1.96677570021711;8;-86.0;237;Ceylan & Pascucci (2023);Experiment 2;Orientation;1;3;-86.0;0.0;-5.0;-8.0;27;8
20;83;80;-3;1.30889589991421;8;-4.0;238;Ceylan & Pascucci (2023);Experiment 2;Orientation;1;3;-4.0;90.0;-4.0;-9.0;28;8
20;7;10;3;1.16606590012088;8;76.0;239;Ceylan & Pascucci (2023);Experiment 2;Orientation;1;3;76.0;72.0;-14.0;72.0;29;8
20;158;136;-22;1.11639860016294;8;29.0;240;Ceylan & Pascucci (2023);Experiment 2;Orientation;1;3;29.0;-75.0;-79.0;15.0;30;8
20;2;20;18;2.0991590002086;9;-24.0;241;Ceylan & Pascucci (2023);Experiment 2;Orientation;1;3;;;;;1;9
20;6;4;-2;1.06697299983352;9;-4.0;242;Ceylan & Pascucci (2023);Experiment 2;Orientation;1;3;;;;;2;9
20;97;108;11;0.975258000195026;9;89.0;243;Ceylan & Pascucci (2023);Experiment 2;Orientation;1;3;;;;;3;9
20;52;52;0;1.27561120013706;9;45.0;244;Ceylan & Pascucci (2023);Experiment 2;Orientation;1;3;;;;;4;9
20;18;28;10;3.07512419996783;9;34.0;245;Ceylan & Pascucci (2023);Experiment 2;Orientation;1;3;34.0;79.0;-12.0;-16.0;5;9
20;57;47;-10;1.47430679993704;9;-39.0;246;Ceylan & Pascucci (2023);Experiment 2;Orientation;1;3;-39.0;-5.0;40.0;-51.0;6;9
20;178;8;10;1.32426179992035;9;59.0;247;Ceylan & Pascucci (2023);Experiment 2;Orientation;1;3;59.0;20.0;54.0;-81.0;7;9
20;66;70;4;0.974531800020486;9;-68.0;248;Ceylan & Pascucci (2023);Experiment 2;Orientation;1;3;-68.0;-9.0;-48.0;-14.0;8;9
20;95;73;-22;1.10013679997064;9;-29.0;249;Ceylan & Pascucci (2023);Experiment 2;Orientation;1;3;-29.0;83.0;-38.0;-77.0;9;9
20;151;138;-13;1.25041559990495;9;-56.0;250;Ceylan & Pascucci (2023);Experiment 2;Orientation;1;3;-56.0;-85.0;27.0;86.0;10;9
20;10;27;17;1.79905019979924;9;-39.0;251;Ceylan & Pascucci (2023);Experiment 2;Orientation;1;3;-39.0;85.0;56.0;-12.0;11;9
20;163;155;-8;1.64063859987073;9;27.0;252;Ceylan & Pascucci (2023);Experiment 2;Orientation;1;3;27.0;-12.0;-68.0;83.0;12;9
20;126;108;-18;1.53339729993604;9;37.0;253;Ceylan & Pascucci (2023);Experiment 2;Orientation;1;3;37.0;64.0;25.0;-31.0;13;9
20;79;60;-19;1.00025700009428;9;47.0;254;Ceylan & Pascucci (2023);Experiment 2;Orientation;1;3;47.0;84.0;-69.0;72.0;14;9
20;134;132;-2;1.36690369993448;9;-55.0;255;Ceylan & Pascucci (2023);Experiment 2;Orientation;1;3;-55.0;-8.0;29.0;56.0;15;9
20;6;8;2;0.533615800086409;9;-52.0;256;Ceylan & Pascucci (2023);Experiment 2;Orientation;1;3;-52.0;73.0;-60.0;-23.0;16;9
20;100;105;5;1.9079427998513;9;86.0;257;Ceylan & Pascucci (2023);Experiment 2;Orientation;1;3;86.0;34.0;-21.0;26.0;17;9
20;97;114;17;1.15876289992593;9;3.0;258;Ceylan & Pascucci (2023);Experiment 2;Orientation;1;3;3.0;89.0;37.0;-18.0;18;9
20;141;109;-32;2.21622469997965;9;-44.0;259;Ceylan & Pascucci (2023);Experiment 2;Orientation;1;3;-44.0;-41.0;45.0;-7.0;19;9
20;166;156;-10;1.66652029985562;9;-25.0;260;Ceylan & Pascucci (2023);Experiment 2;Orientation;1;3;-25.0;-69.0;-66.0;20.0;20;9
20;76;72;-4;0.558663200121373;9;90.0;261;Ceylan & Pascucci (2023);Experiment 2;Orientation;1;3;90.0;65.0;21.0;24.0;21;9
20;68;74;6;1.30789689999074;9;8.0;262;Ceylan & Pascucci (2023);Experiment 2;Orientation;1;3;8.0;-82.0;73.0;29.0;22;9
20;38;14;-24;0.925039199879393;9;30.0;263;Ceylan & Pascucci (2023);Experiment 2;Orientation;1;3;30.0;38.0;-52.0;-77.0;23;9
20;26;34;8;0.958869999973103;9;12.0;264;Ceylan & Pascucci (2023);Experiment 2;Orientation;1;3;12.0;42.0;50.0;-40.0;24;9
20;25;43;18;1.3006403001491;9;1.0;265;Ceylan & Pascucci (2023);Experiment 2;Orientation;1;3;1.0;13.0;43.0;51.0;25;9
20;147;144;-3;1.30882969987579;9;58.0;266;Ceylan & Pascucci (2023);Experiment 2;Orientation;1;3;58.0;59.0;71.0;-79.0;26;9
20;171;153;-18;1.87525260006078;9;-24.0;267;Ceylan & Pascucci (2023);Experiment 2;Orientation;1;3;-24.0;34.0;35.0;47.0;27;9
20;5;7;2;1.94219500012696;9;-14.0;268;Ceylan & Pascucci (2023);Experiment 2;Orientation;1;3;-14.0;-38.0;20.0;21.0;28;9
20;141;122;-19;1.40829880000092;9;44.0;269;Ceylan & Pascucci (2023);Experiment 2;Orientation;1;3;44.0;30.0;6.0;64.0;29;9
20;39;56;17;1.79204739979468;9;-78.0;270;Ceylan & Pascucci (2023);Experiment 2;Orientation;1;3;-78.0;-34.0;-48.0;-72.0;30;9
20;169;146;-23;1.34925520000979;10;50.0;271;Ceylan & Pascucci (2023);Experiment 2;Orientation;1;3;;;;;1;10
20;86;91;5;1.33234229986556;10;83.0;272;Ceylan & Pascucci (2023);Experiment 2;Orientation;1;3;;;;;2;10
20;17;40;23;1.27454779995605;10;69.0;273;Ceylan & Pascucci (2023);Experiment 2;Orientation;1;3;;;;;3;10
20;84;81;-3;1.58287739986554;10;-67.0;274;Ceylan & Pascucci (2023);Experiment 2;Orientation;1;3;;;;;4;10
20;37;39;2;1.05896310019307;10;47.0;275;Ceylan & Pascucci (2023);Experiment 2;Orientation;1;3;47.0;-20.0;49.0;-48.0;5;10
20;60;74;14;1.23274400015362;10;-23.0;276;Ceylan & Pascucci (2023);Experiment 2;Orientation;1;3;-23.0;24.0;-43.0;26.0;6;10
20;40;51;11;1.20787560008466;10;20.0;277;Ceylan & Pascucci (2023);Experiment 2;Orientation;1;3;20.0;-3.0;44.0;-23.0;7;10
20;10;2;-8;1.36591660021804;10;30.0;278;Ceylan & Pascucci (2023);Experiment 2;Orientation;1;3;30.0;50.0;27.0;74.0;8;10
20;13;30;17;1.01670940010808;10;-3.0;279;Ceylan & Pascucci (2023);Experiment 2;Orientation;1;3;-3.0;27.0;47.0;24.0;9;10
20;144;127;-17;1.52506140014157;10;49.0;280;Ceylan & Pascucci (2023);Experiment 2;Orientation;1;3;49.0;46.0;76.0;-84.0;10;10
20;111;116;5;1.70714440010488;10;33.0;281;Ceylan & Pascucci (2023);Experiment 2;Orientation;1;3;33.0;82.0;79.0;-71.0;11;10
20;137;126;-11;0.934885000111535;10;-26.0;282;Ceylan & Pascucci (2023);Experiment 2;Orientation;1;3;-26.0;7.0;56.0;53.0;12;10
20;7;29;22;1.11555869993754;10;-50.0;283;Ceylan & Pascucci (2023);Experiment 2;Orientation;1;3;-50.0;-76.0;-43.0;6.0;13;10
20;80;69;-11;1.58268170012161;10;-73.0;284;Ceylan & Pascucci (2023);Experiment 2;Orientation;1;3;-73.0;57.0;31.0;64.0;14;10
20;119;116;-3;2.67384260008112;10;-39.0;285;Ceylan & Pascucci (2023);Experiment 2;Orientation;1;3;-39.0;68.0;18.0;-8.0;15;10
20;144;138;-6;1.641787200002;10;-25.0;286;Ceylan & Pascucci (2023);Experiment 2;Orientation;1;3;-25.0;-64.0;43.0;-7.0;16;10
20;161;152;-9;1.75982820009813;10;-17.0;287;Ceylan & Pascucci (2023);Experiment 2;Orientation;1;3;-17.0;-42.0;-81.0;26.0;17;10
20;136;126;-10;1.53221420012414;10;25.0;288;Ceylan & Pascucci (2023);Experiment 2;Orientation;1;3;25.0;8.0;-17.0;-56.0;18;10
20;120;116;-4;0.92555549996905;10;16.0;289;Ceylan & Pascucci (2023);Experiment 2;Orientation;1;3;16.0;41.0;24.0;-1.0;19;10
20;116;121;5;1.35802519996651;10;4.0;290;Ceylan & Pascucci (2023);Experiment 2;Orientation;1;3;4.0;20.0;45.0;28.0;20;10
20;64;51;-13;1.22518649999984;10;52.0;291;Ceylan & Pascucci (2023);Experiment 2;Orientation;1;3;52.0;56.0;72.0;-83.0;21;10
20;69;59;-10;1.55207420000806;10;-5.0;292;Ceylan & Pascucci (2023);Experiment 2;Orientation;1;3;-5.0;47.0;51.0;67.0;22;10
20;111;99;-12;0.89190369984135;10;-42.0;293;Ceylan & Pascucci (2023);Experiment 2;Orientation;1;3;-42.0;-47.0;5.0;9.0;23;10
20;13;17;4;1.50853629992343;10;-82.0;294;Ceylan & Pascucci (2023);Experiment 2;Orientation;1;3;-82.0;56.0;51.0;-77.0;24;10
20;21;29;8;2.2325210000854;10;-8.0;295;Ceylan & Pascucci (2023);Experiment 2;Orientation;1;3;-8.0;90.0;48.0;43.0;25;10
20;2;2;0;1.74080480006523;10;19.0;296;Ceylan & Pascucci (2023);Experiment 2;Orientation;1;3;19.0;11.0;-71.0;67.0;26;10
20;16;41;25;3.16541230003349;10;-14.0;297;Ceylan & Pascucci (2023);Experiment 2;Orientation;1;3;-14.0;5.0;-3.0;-85.0;27;10
20;87;93;6;1.81602889997885;10;-71.0;298;Ceylan & Pascucci (2023);Experiment 2;Orientation;1;3;-71.0;-85.0;-66.0;-74.0;28;10
20;73;63;-10;1.36713649984449;10;14.0;299;Ceylan & Pascucci (2023);Experiment 2;Orientation;1;3;14.0;-57.0;-71.0;-52.0;29;10
20;107;119;12;1.45019189990126;10;-34.0;300;Ceylan & Pascucci (2023);Experiment 2;Orientation;1;3;-34.0;-20.0;89.0;75.0;30;10
