obs;theta;resp;trial;block;rt;error;delta;study;experiment;stimulus;expnum;codenum;delta_1;delta_2;delta_3;delta_4;delta_5;delta_6;trial_in_block;block_unique
1;114;118;1;1;9;4;;Fischer & Whitney (2014);Experiment 1b;Orientation;1;11;;;;;;;1;1
1;19;21;2;1;9;2;-85.0;Fischer & Whitney (2014);Experiment 1b;Orientation;1;11;;;;;;;2;1
1;1;12;3;1;9;11;18.0;Fischer & Whitney (2014);Experiment 1b;Orientation;1;11;;;;;;;3;1
1;82;73;4;1;9;-9;-81.0;Fischer & Whitney (2014);Experiment 1b;Orientation;1;11;;;;;;;4;1
1;151;157;5;1;9;6;-69.0;Fischer & Whitney (2014);Experiment 1b;Orientation;1;11;;;;;;;5;1
1;107;125;6;1;9;18;44.0;Fischer & Whitney (2014);Experiment 1b;Orientation;1;11;;;;;;;6;1
1;119;120;7;1;9;1;-12.0;Fischer & Whitney (2014);Experiment 1b;Orientation;1;11;-12.0;32.0;-37.0;62.0;80.0;-5.0;7;1
1;51;63;8;1;9;12;68.0;Fischer & Whitney (2014);Experiment 1b;Orientation;1;11;68.0;56.0;-80.0;31.0;-50.0;-32.0;8;1
1;35;60;9;1;9;25;16.0;Fischer & Whitney (2014);Experiment 1b;Orientation;1;11;16.0;84.0;72.0;-64.0;47.0;-34.0;9;1
1;151;149;10;1;9;-2;64.0;Fischer & Whitney (2014);Experiment 1b;Orientation;1;11;64.0;80.0;-32.0;-44.0;0.0;-69.0;10;1
1;76;66;11;1;9;-10;75.0;Fischer & Whitney (2014);Experiment 1b;Orientation;1;11;75.0;-41.0;-25.0;43.0;31.0;75.0;11;1
1;39;54;12;1;9;15;37.0;Fischer & Whitney (2014);Experiment 1b;Orientation;1;11;37.0;-68.0;-4.0;12.0;80.0;68.0;12;1
1;171;169;13;1;9;-2;48.0;Fischer & Whitney (2014);Experiment 1b;Orientation;1;11;48.0;85.0;-20.0;44.0;60.0;-52.0;13;1
1;123;129;14;1;9;6;48.0;Fischer & Whitney (2014);Experiment 1b;Orientation;1;11;48.0;-84.0;-47.0;28.0;-88.0;-72.0;14;1
1;22;23;15;1;9;1;-79.0;Fischer & Whitney (2014);Experiment 1b;Orientation;1;11;-79.0;-31.0;17.0;54.0;-51.0;13.0;15;1
1;148;146;16;1;9;-2;54.0;Fischer & Whitney (2014);Experiment 1b;Orientation;1;11;54.0;-25.0;23.0;71.0;-72.0;3.0;16;1
1;173;170;17;1;9;-3;-25.0;Fischer & Whitney (2014);Experiment 1b;Orientation;1;11;-25.0;29.0;-50.0;-2.0;46.0;83.0;17;1
1;105;109;18;1;9;4;68.0;Fischer & Whitney (2014);Experiment 1b;Orientation;1;11;68.0;43.0;-83.0;18.0;66.0;-66.0;18;1
1;141;134;19;1;9;-7;-36.0;Fischer & Whitney (2014);Experiment 1b;Orientation;1;11;-36.0;32.0;7.0;61.0;-18.0;30.0;19;1
1;42;64;20;1;9;22;-81.0;Fischer & Whitney (2014);Experiment 1b;Orientation;1;11;-81.0;63.0;-49.0;-74.0;-20.0;81.0;20;1
1;20;37;21;1;9;17;22.0;Fischer & Whitney (2014);Experiment 1b;Orientation;1;11;22.0;-59.0;85.0;-27.0;-52.0;2.0;21;1
1;156;157;22;1;9;1;44.0;Fischer & Whitney (2014);Experiment 1b;Orientation;1;11;44.0;66.0;-15.0;-51.0;17.0;-8.0;22;1
1;42;47;23;1;9;5;-66.0;Fischer & Whitney (2014);Experiment 1b;Orientation;1;11;-66.0;-22.0;0.0;-81.0;63.0;-49.0;23;1
1;66;56;24;1;9;-10;-24.0;Fischer & Whitney (2014);Experiment 1b;Orientation;1;11;-24.0;90.0;-46.0;-24.0;75.0;39.0;24;1
1;79;68;25;1;9;-11;-13.0;Fischer & Whitney (2014);Experiment 1b;Orientation;1;11;-13.0;-37.0;77.0;-59.0;-37.0;62.0;25;1
1;98;113;26;1;9;15;-19.0;Fischer & Whitney (2014);Experiment 1b;Orientation;1;11;-19.0;-32.0;-56.0;58.0;-78.0;-56.0;26;1
1;110;111;27;1;9;1;-12.0;Fischer & Whitney (2014);Experiment 1b;Orientation;1;11;-12.0;-31.0;-44.0;-68.0;46.0;90.0;27;1
1;150;156;28;1;9;6;-40.0;Fischer & Whitney (2014);Experiment 1b;Orientation;1;11;-40.0;-52.0;-71.0;-84.0;72.0;6.0;28;1
1;151;159;29;1;9;8;-1.0;Fischer & Whitney (2014);Experiment 1b;Orientation;1;11;-1.0;-41.0;-53.0;-72.0;-85.0;71.0;29;1
1;139;153;30;1;9;14;12.0;Fischer & Whitney (2014);Experiment 1b;Orientation;1;11;12.0;11.0;-29.0;-41.0;-60.0;-73.0;30;1
1;65;69;31;1;9;4;74.0;Fischer & Whitney (2014);Experiment 1b;Orientation;1;11;74.0;86.0;85.0;45.0;33.0;14.0;31;1
1;110;114;32;1;9;4;-45.0;Fischer & Whitney (2014);Experiment 1b;Orientation;1;11;-45.0;29.0;41.0;40.0;0.0;-12.0;32;1
1;125;120;33;1;9;-5;-15.0;Fischer & Whitney (2014);Experiment 1b;Orientation;1;11;-15.0;-60.0;14.0;26.0;25.0;-15.0;33;1
1;152;147;34;1;9;-5;-27.0;Fischer & Whitney (2014);Experiment 1b;Orientation;1;11;-27.0;-42.0;-87.0;-13.0;-1.0;-2.0;34;1
1;23;21;35;1;9;-2;-51.0;Fischer & Whitney (2014);Experiment 1b;Orientation;1;11;-51.0;-78.0;87.0;42.0;-64.0;-52.0;35;1
1;15;15;36;1;9;0;8.0;Fischer & Whitney (2014);Experiment 1b;Orientation;1;11;8.0;-43.0;-70.0;-85.0;50.0;-56.0;36;1
1;93;110;37;1;9;17;-78.0;Fischer & Whitney (2014);Experiment 1b;Orientation;1;11;-78.0;-70.0;59.0;32.0;17.0;-28.0;37;1
1;122;114;38;1;9;-8;-29.0;Fischer & Whitney (2014);Experiment 1b;Orientation;1;11;-29.0;73.0;81.0;30.0;3.0;-12.0;38;1
1;137;144;39;1;9;7;-15.0;Fischer & Whitney (2014);Experiment 1b;Orientation;1;11;-15.0;-44.0;58.0;66.0;15.0;-12.0;39;1
1;154;156;40;1;9;2;-17.0;Fischer & Whitney (2014);Experiment 1b;Orientation;1;11;-17.0;-32.0;-61.0;41.0;49.0;-2.0;40;1
1;163;150;41;1;9;-13;-9.0;Fischer & Whitney (2014);Experiment 1b;Orientation;1;11;-9.0;-26.0;-41.0;-70.0;32.0;40.0;41;1
1;119;118;42;1;9;-1;44.0;Fischer & Whitney (2014);Experiment 1b;Orientation;1;11;44.0;35.0;18.0;3.0;-26.0;76.0;42;1
1;40;39;43;1;9;-1;79.0;Fischer & Whitney (2014);Experiment 1b;Orientation;1;11;79.0;-57.0;-66.0;-83.0;82.0;53.0;43;1
1;141;141;44;1;9;0;79.0;Fischer & Whitney (2014);Experiment 1b;Orientation;1;11;79.0;-22.0;22.0;13.0;-4.0;-19.0;44;1
1;129;138;45;1;9;9;12.0;Fischer & Whitney (2014);Experiment 1b;Orientation;1;11;12.0;-89.0;-10.0;34.0;25.0;8.0;45;1
1;166;161;46;1;9;-5;-37.0;Fischer & Whitney (2014);Experiment 1b;Orientation;1;11;-37.0;-25.0;54.0;-47.0;-3.0;-12.0;46;1
1;114;121;47;1;9;7;52.0;Fischer & Whitney (2014);Experiment 1b;Orientation;1;11;52.0;15.0;27.0;-74.0;5.0;49.0;47;1
1;30;33;48;1;9;3;84.0;Fischer & Whitney (2014);Experiment 1b;Orientation;1;11;84.0;-44.0;-81.0;-69.0;10.0;89.0;48;1
1;127;118;49;1;9;-9;83.0;Fischer & Whitney (2014);Experiment 1b;Orientation;1;11;83.0;-13.0;39.0;2.0;14.0;-87.0;49;1
1;15;28;50;1;9;13;-68.0;Fischer & Whitney (2014);Experiment 1b;Orientation;1;11;-68.0;15.0;-81.0;-29.0;-66.0;-54.0;50;1
1;94;109;51;1;9;15;-79.0;Fischer & Whitney (2014);Experiment 1b;Orientation;1;11;-79.0;33.0;-64.0;20.0;72.0;35.0;51;1
1;143;142;52;1;9;-1;-49.0;Fischer & Whitney (2014);Experiment 1b;Orientation;1;11;-49.0;52.0;-16.0;67.0;-29.0;23.0;52;1
1;64;67;53;1;9;3;79.0;Fischer & Whitney (2014);Experiment 1b;Orientation;1;11;79.0;30.0;-49.0;63.0;-34.0;50.0;53;1
1;81;72;54;1;9;-9;-17.0;Fischer & Whitney (2014);Experiment 1b;Orientation;1;11;-17.0;62.0;13.0;-66.0;46.0;-51.0;54;1
1;72;71;55;1;9;-1;9.0;Fischer & Whitney (2014);Experiment 1b;Orientation;1;11;9.0;-8.0;71.0;22.0;-57.0;55.0;55;1
1;119;119;56;1;9;0;-47.0;Fischer & Whitney (2014);Experiment 1b;Orientation;1;11;-47.0;-38.0;-55.0;24.0;-25.0;76.0;56;1
1;96;111;57;1;9;15;23.0;Fischer & Whitney (2014);Experiment 1b;Orientation;1;11;23.0;-24.0;-15.0;-32.0;47.0;-2.0;57;1
1;95;110;58;1;9;15;1.0;Fischer & Whitney (2014);Experiment 1b;Orientation;1;11;1.0;24.0;-23.0;-14.0;-31.0;48.0;58;1
1;22;24;59;1;9;2;73.0;Fischer & Whitney (2014);Experiment 1b;Orientation;1;11;73.0;74.0;-83.0;50.0;59.0;42.0;59;1
1;169;161;60;1;9;-8;33.0;Fischer & Whitney (2014);Experiment 1b;Orientation;1;11;33.0;-74.0;-73.0;-50.0;83.0;-88.0;60;1
1;172;163;61;1;9;-9;-3.0;Fischer & Whitney (2014);Experiment 1b;Orientation;1;11;-3.0;30.0;-77.0;-76.0;-53.0;80.0;61;1
1;113;114;62;1;9;1;59.0;Fischer & Whitney (2014);Experiment 1b;Orientation;1;11;59.0;56.0;89.0;-18.0;-17.0;6.0;62;1
1;109;109;63;1;9;0;4.0;Fischer & Whitney (2014);Experiment 1b;Orientation;1;11;4.0;63.0;60.0;-87.0;-14.0;-13.0;63;1
1;168;166;64;1;9;-2;-59.0;Fischer & Whitney (2014);Experiment 1b;Orientation;1;11;-59.0;-55.0;4.0;1.0;34.0;-73.0;64;1
1;50;62;65;1;9;12;-62.0;Fischer & Whitney (2014);Experiment 1b;Orientation;1;11;-62.0;59.0;63.0;-58.0;-61.0;-28.0;65;1
1;11;13;66;1;9;2;39.0;Fischer & Whitney (2014);Experiment 1b;Orientation;1;11;39.0;-23.0;-82.0;-78.0;-19.0;-22.0;66;1
1;174;176;67;1;9;2;17.0;Fischer & Whitney (2014);Experiment 1b;Orientation;1;11;17.0;56.0;-6.0;-65.0;-61.0;-2.0;67;1
1;38;29;68;1;9;-9;-44.0;Fischer & Whitney (2014);Experiment 1b;Orientation;1;11;-44.0;-27.0;12.0;-50.0;71.0;75.0;68;1
1;51;57;69;1;9;6;-13.0;Fischer & Whitney (2014);Experiment 1b;Orientation;1;11;-13.0;-57.0;-40.0;-1.0;-63.0;58.0;69;1
1;125;124;70;1;9;-1;-74.0;Fischer & Whitney (2014);Experiment 1b;Orientation;1;11;-74.0;-87.0;49.0;66.0;-75.0;43.0;70;1
1;163;156;71;1;9;-7;-38.0;Fischer & Whitney (2014);Experiment 1b;Orientation;1;11;-38.0;68.0;55.0;11.0;28.0;67.0;71;1
1;162;151;72;1;9;-11;1.0;Fischer & Whitney (2014);Experiment 1b;Orientation;1;11;1.0;-37.0;69.0;56.0;12.0;29.0;72;1
1;150;150;73;1;9;0;12.0;Fischer & Whitney (2014);Experiment 1b;Orientation;1;11;12.0;13.0;-25.0;81.0;68.0;24.0;73;1
1;162;151;74;1;9;-11;-12.0;Fischer & Whitney (2014);Experiment 1b;Orientation;1;11;-12.0;0.0;1.0;-37.0;69.0;56.0;74;1
1;136;143;75;1;9;7;26.0;Fischer & Whitney (2014);Experiment 1b;Orientation;1;11;26.0;14.0;26.0;27.0;-11.0;-85.0;75;1
1;129;132;76;1;9;3;7.0;Fischer & Whitney (2014);Experiment 1b;Orientation;1;11;7.0;33.0;21.0;33.0;34.0;-4.0;76;1
1;23;23;77;1;9;0;-74.0;Fischer & Whitney (2014);Experiment 1b;Orientation;1;11;-74.0;-67.0;-41.0;-53.0;-41.0;-40.0;77;1
1;98;104;78;1;9;6;-75.0;Fischer & Whitney (2014);Experiment 1b;Orientation;1;11;-75.0;31.0;38.0;64.0;52.0;64.0;78;1
1;88;101;79;1;9;13;10.0;Fischer & Whitney (2014);Experiment 1b;Orientation;1;11;10.0;-65.0;41.0;48.0;74.0;62.0;79;1
1;136;123;80;1;9;-13;-48.0;Fischer & Whitney (2014);Experiment 1b;Orientation;1;11;-48.0;-38.0;67.0;-7.0;0.0;26.0;80;1
1;153;153;81;1;9;0;-17.0;Fischer & Whitney (2014);Experiment 1b;Orientation;1;11;-17.0;-65.0;-55.0;50.0;-24.0;-17.0;81;1
1;172;159;82;1;9;-13;-19.0;Fischer & Whitney (2014);Experiment 1b;Orientation;1;11;-19.0;-36.0;-84.0;-74.0;31.0;-43.0;82;1
1;101;108;83;1;9;7;71.0;Fischer & Whitney (2014);Experiment 1b;Orientation;1;11;71.0;52.0;35.0;-13.0;-3.0;-78.0;83;1
1;102;111;84;1;9;9;-1.0;Fischer & Whitney (2014);Experiment 1b;Orientation;1;11;-1.0;70.0;51.0;34.0;-14.0;-4.0;84;1
1;170;170;85;1;9;0;-68.0;Fischer & Whitney (2014);Experiment 1b;Orientation;1;11;-68.0;-69.0;2.0;-17.0;-34.0;-82.0;85;1
1;14;14;86;1;9;0;-24.0;Fischer & Whitney (2014);Experiment 1b;Orientation;1;11;-24.0;88.0;87.0;-22.0;-41.0;-58.0;86;1
1;108;107;87;1;9;-1;86.0;Fischer & Whitney (2014);Experiment 1b;Orientation;1;11;86.0;62.0;-6.0;-7.0;64.0;45.0;87;1
1;92;86;88;1;9;-6;16.0;Fischer & Whitney (2014);Experiment 1b;Orientation;1;11;16.0;-78.0;78.0;10.0;9.0;80.0;88;1
1;39;47;89;1;9;8;53.0;Fischer & Whitney (2014);Experiment 1b;Orientation;1;11;53.0;69.0;-25.0;-49.0;63.0;62.0;89;1
1;34;39;90;1;9;5;5.0;Fischer & Whitney (2014);Experiment 1b;Orientation;1;11;5.0;58.0;74.0;-20.0;-44.0;68.0;90;1
1;18;29;91;1;9;11;16.0;Fischer & Whitney (2014);Experiment 1b;Orientation;1;11;16.0;21.0;74.0;90.0;-4.0;-28.0;91;1
1;104;106;92;1;9;2;-86.0;Fischer & Whitney (2014);Experiment 1b;Orientation;1;11;-86.0;-70.0;-65.0;-12.0;4.0;90.0;92;1
1;154;154;93;1;9;0;-50.0;Fischer & Whitney (2014);Experiment 1b;Orientation;1;11;-50.0;44.0;60.0;65.0;-62.0;-46.0;93;1
1;100;104;94;1;9;4;54.0;Fischer & Whitney (2014);Experiment 1b;Orientation;1;11;54.0;4.0;-82.0;-66.0;-61.0;-8.0;94;1
1;126;130;95;1;9;4;-26.0;Fischer & Whitney (2014);Experiment 1b;Orientation;1;11;-26.0;28.0;-22.0;72.0;88.0;-87.0;95;1
1;176;164;96;1;9;-12;-50.0;Fischer & Whitney (2014);Experiment 1b;Orientation;1;11;-50.0;-76.0;-22.0;-72.0;22.0;38.0;96;1
1;136;133;97;1;9;-3;40.0;Fischer & Whitney (2014);Experiment 1b;Orientation;1;11;40.0;-10.0;-36.0;18.0;-32.0;62.0;97;1
1;165;165;98;1;9;0;-29.0;Fischer & Whitney (2014);Experiment 1b;Orientation;1;11;-29.0;11.0;-39.0;-65.0;-11.0;-61.0;98;1
1;49;52;99;1;9;3;-64.0;Fischer & Whitney (2014);Experiment 1b;Orientation;1;11;-64.0;87.0;-53.0;77.0;51.0;-75.0;99;1
1;93;100;100;1;9;7;-44.0;Fischer & Whitney (2014);Experiment 1b;Orientation;1;11;-44.0;72.0;43.0;83.0;33.0;7.0;100;1
1;7;16;101;1;9;9;86.0;Fischer & Whitney (2014);Experiment 1b;Orientation;1;11;86.0;42.0;-22.0;-51.0;-11.0;-61.0;101;1
1;149;164;102;1;9;15;38.0;Fischer & Whitney (2014);Experiment 1b;Orientation;1;11;38.0;-56.0;80.0;16.0;-13.0;27.0;102;1
1;0;176;103;1;9;-4;-31.0;Fischer & Whitney (2014);Experiment 1b;Orientation;1;11;-31.0;7.0;-87.0;49.0;-15.0;-44.0;103;1
1;62;74;104;1;9;12;-62.0;Fischer & Whitney (2014);Experiment 1b;Orientation;1;11;-62.0;87.0;-55.0;31.0;-13.0;-77.0;104;1
1;54;61;1;2;9;7;8.0;Fischer & Whitney (2014);Experiment 1b;Orientation;1;11;;;;;;;1;2
1;17;25;2;2;9;8;37.0;Fischer & Whitney (2014);Experiment 1b;Orientation;1;11;;;;;;;2;2
1;101;110;3;2;9;9;-84.0;Fischer & Whitney (2014);Experiment 1b;Orientation;1;11;;;;;;;3;2
1;124;122;4;2;9;-2;-23.0;Fischer & Whitney (2014);Experiment 1b;Orientation;1;11;;;;;;;4;2
1;86;100;5;2;9;14;38.0;Fischer & Whitney (2014);Experiment 1b;Orientation;1;11;;;;;;;5;2
1;147;139;6;2;9;-8;-61.0;Fischer & Whitney (2014);Experiment 1b;Orientation;1;11;;;;;;;6;2
1;31;36;7;2;9;5;-64.0;Fischer & Whitney (2014);Experiment 1b;Orientation;1;11;-64.0;55.0;-87.0;70.0;-14.0;23.0;7;2
1;54;40;8;2;9;-14;-23.0;Fischer & Whitney (2014);Experiment 1b;Orientation;1;11;-23.0;-87.0;32.0;70.0;47.0;-37.0;8;2
1;179;179;9;2;9;0;55.0;Fischer & Whitney (2014);Experiment 1b;Orientation;1;11;55.0;32.0;-32.0;87.0;-55.0;-78.0;9;2
1;50;49;10;2;9;-1;-51.0;Fischer & Whitney (2014);Experiment 1b;Orientation;1;11;-51.0;4.0;-19.0;-83.0;36.0;74.0;10;2
1;166;167;11;2;9;1;64.0;Fischer & Whitney (2014);Experiment 1b;Orientation;1;11;64.0;13.0;68.0;45.0;-19.0;-80.0;11;2
1;62;61;12;2;9;-1;-76.0;Fischer & Whitney (2014);Experiment 1b;Orientation;1;11;-76.0;-12.0;-63.0;-8.0;-31.0;85.0;12;2
1;150;159;13;2;9;9;-88.0;Fischer & Whitney (2014);Experiment 1b;Orientation;1;11;-88.0;16.0;80.0;29.0;84.0;61.0;13;2
1;2;7;14;2;9;5;-32.0;Fischer & Whitney (2014);Experiment 1b;Orientation;1;11;-32.0;60.0;-16.0;48.0;-3.0;52.0;14;2
1;130;123;15;2;9;-7;52.0;Fischer & Whitney (2014);Experiment 1b;Orientation;1;11;52.0;20.0;-68.0;36.0;-80.0;49.0;15;2
1;78;75;16;2;9;-3;52.0;Fischer & Whitney (2014);Experiment 1b;Orientation;1;11;52.0;-76.0;72.0;-16.0;88.0;-28.0;16;2
1;137;126;17;2;9;-11;-59.0;Fischer & Whitney (2014);Experiment 1b;Orientation;1;11;-59.0;-7.0;45.0;13.0;-75.0;29.0;17;2
1;35;41;18;2;9;6;-78.0;Fischer & Whitney (2014);Experiment 1b;Orientation;1;11;-78.0;43.0;-85.0;-33.0;-65.0;27.0;18;2
1;117;117;19;2;9;0;-82.0;Fischer & Whitney (2014);Experiment 1b;Orientation;1;11;-82.0;20.0;-39.0;13.0;65.0;33.0;19;2
1;122;117;20;2;9;-5;-5.0;Fischer & Whitney (2014);Experiment 1b;Orientation;1;11;-5.0;-87.0;15.0;-44.0;8.0;60.0;20;2
1;144;136;21;2;9;-8;-22.0;Fischer & Whitney (2014);Experiment 1b;Orientation;1;11;-22.0;-27.0;71.0;-7.0;-66.0;-14.0;21;2
1;44;51;22;2;9;7;-80.0;Fischer & Whitney (2014);Experiment 1b;Orientation;1;11;-80.0;78.0;73.0;-9.0;-87.0;34.0;22;2
1;88;80;23;2;9;-8;-44.0;Fischer & Whitney (2014);Experiment 1b;Orientation;1;11;-44.0;56.0;34.0;29.0;-53.0;49.0;23;2
1;87;77;24;2;9;-10;1.0;Fischer & Whitney (2014);Experiment 1b;Orientation;1;11;1.0;-43.0;57.0;35.0;30.0;-52.0;24;2
1;99;106;25;2;9;7;-12.0;Fischer & Whitney (2014);Experiment 1b;Orientation;1;11;-12.0;-11.0;-55.0;45.0;23.0;18.0;25;2
1;1;14;26;2;9;13;-82.0;Fischer & Whitney (2014);Experiment 1b;Orientation;1;11;-82.0;86.0;87.0;43.0;-37.0;-59.0;26;2
1;136;148;27;2;9;12;45.0;Fischer & Whitney (2014);Experiment 1b;Orientation;1;11;45.0;-37.0;-49.0;-48.0;88.0;8.0;27;2
1;156;150;28;2;9;-6;-20.0;Fischer & Whitney (2014);Experiment 1b;Orientation;1;11;-20.0;25.0;-57.0;-69.0;-68.0;68.0;28;2
1;177;168;29;2;9;-9;-21.0;Fischer & Whitney (2014);Experiment 1b;Orientation;1;11;-21.0;-41.0;4.0;-78.0;90.0;-89.0;29;2
1;129;141;30;2;9;12;48.0;Fischer & Whitney (2014);Experiment 1b;Orientation;1;11;48.0;27.0;7.0;52.0;-30.0;-42.0;30;2
1;104;110;31;2;9;6;25.0;Fischer & Whitney (2014);Experiment 1b;Orientation;1;11;25.0;73.0;52.0;32.0;77.0;-5.0;31;2
1;171;172;32;2;9;1;-67.0;Fischer & Whitney (2014);Experiment 1b;Orientation;1;11;-67.0;-42.0;6.0;-15.0;-35.0;10.0;32;2
1;45;45;33;2;9;0;-54.0;Fischer & Whitney (2014);Experiment 1b;Orientation;1;11;-54.0;59.0;84.0;-48.0;-69.0;-89.0;33;2
1;17;39;34;2;9;22;28.0;Fischer & Whitney (2014);Experiment 1b;Orientation;1;11;28.0;-26.0;87.0;-68.0;-20.0;-41.0;34;2
1;61;59;35;2;9;-2;-44.0;Fischer & Whitney (2014);Experiment 1b;Orientation;1;11;-44.0;-16.0;-70.0;43.0;68.0;-64.0;35;2
1;26;35;36;2;9;9;35.0;Fischer & Whitney (2014);Experiment 1b;Orientation;1;11;35.0;-9.0;19.0;-35.0;78.0;-77.0;36;2
1;59;44;37;2;9;-15;-33.0;Fischer & Whitney (2014);Experiment 1b;Orientation;1;11;-33.0;2.0;-42.0;-14.0;-68.0;45.0;37;2
1;37;47;38;2;9;10;22.0;Fischer & Whitney (2014);Experiment 1b;Orientation;1;11;22.0;-11.0;24.0;-20.0;8.0;-46.0;38;2
1;163;161;39;2;9;-2;54.0;Fischer & Whitney (2014);Experiment 1b;Orientation;1;11;54.0;76.0;43.0;78.0;34.0;62.0;39;2
1;128;152;40;2;9;24;35.0;Fischer & Whitney (2014);Experiment 1b;Orientation;1;11;35.0;89.0;-69.0;78.0;-67.0;69.0;40;2
1;24;21;41;2;9;-3;-76.0;Fischer & Whitney (2014);Experiment 1b;Orientation;1;11;-76.0;-41.0;13.0;35.0;2.0;37.0;41;2
1;11;15;42;2;9;4;13.0;Fischer & Whitney (2014);Experiment 1b;Orientation;1;11;13.0;-63.0;-28.0;26.0;48.0;15.0;42;2
1;137;134;43;2;9;-3;54.0;Fischer & Whitney (2014);Experiment 1b;Orientation;1;11;54.0;67.0;-9.0;26.0;80.0;-78.0;43;2
1;152;138;44;2;9;-14;-15.0;Fischer & Whitney (2014);Experiment 1b;Orientation;1;11;-15.0;39.0;52.0;-24.0;11.0;65.0;44;2
1;125;138;45;2;9;13;27.0;Fischer & Whitney (2014);Experiment 1b;Orientation;1;11;27.0;12.0;66.0;79.0;3.0;38.0;45;2
1;174;161;46;2;9;-13;-49.0;Fischer & Whitney (2014);Experiment 1b;Orientation;1;11;-49.0;-22.0;-37.0;17.0;30.0;-46.0;46;2
1;36;46;47;2;9;10;-42.0;Fischer & Whitney (2014);Experiment 1b;Orientation;1;11;-42.0;89.0;-64.0;-79.0;-25.0;-12.0;47;2
1;59;60;48;2;9;1;-23.0;Fischer & Whitney (2014);Experiment 1b;Orientation;1;11;-23.0;-65.0;66.0;-87.0;78.0;-48.0;48;2
1;157;162;49;2;9;5;82.0;Fischer & Whitney (2014);Experiment 1b;Orientation;1;11;82.0;59.0;17.0;-32.0;-5.0;-20.0;49;2
1;114;126;50;2;9;12;43.0;Fischer & Whitney (2014);Experiment 1b;Orientation;1;11;43.0;-55.0;-78.0;60.0;11.0;38.0;50;2
1;98;112;51;2;9;14;16.0;Fischer & Whitney (2014);Experiment 1b;Orientation;1;11;16.0;59.0;-39.0;-62.0;76.0;27.0;51;2
1;174;159;52;2;9;-15;-76.0;Fischer & Whitney (2014);Experiment 1b;Orientation;1;11;-76.0;-60.0;-17.0;65.0;42.0;0.0;52;2
1;102;107;53;2;9;5;72.0;Fischer & Whitney (2014);Experiment 1b;Orientation;1;11;72.0;-4.0;12.0;55.0;-43.0;-66.0;53;2
1;51;63;54;2;9;12;51.0;Fischer & Whitney (2014);Experiment 1b;Orientation;1;11;51.0;-57.0;47.0;63.0;-74.0;8.0;54;2
1;120;124;55;2;9;4;-69.0;Fischer & Whitney (2014);Experiment 1b;Orientation;1;11;-69.0;-18.0;54.0;-22.0;-6.0;37.0;55;2
1;84;68;56;2;9;-16;36.0;Fischer & Whitney (2014);Experiment 1b;Orientation;1;11;36.0;-33.0;18.0;90.0;14.0;30.0;56;2
1;140;146;57;2;9;6;-56.0;Fischer & Whitney (2014);Experiment 1b;Orientation;1;11;-56.0;-20.0;-89.0;-38.0;34.0;-42.0;57;2
1;172;163;58;2;9;-9;-32.0;Fischer & Whitney (2014);Experiment 1b;Orientation;1;11;-32.0;-88.0;-52.0;59.0;-70.0;2.0;58;2
1;60;58;59;2;9;-2;-68.0;Fischer & Whitney (2014);Experiment 1b;Orientation;1;11;-68.0;80.0;24.0;60.0;-9.0;42.0;59;2
1;146;156;60;2;9;10;-86.0;Fischer & Whitney (2014);Experiment 1b;Orientation;1;11;-86.0;26.0;-6.0;-62.0;-26.0;85.0;60;2
1;79;73;61;2;9;-6;67.0;Fischer & Whitney (2014);Experiment 1b;Orientation;1;11;67.0;-19.0;-87.0;61.0;5.0;41.0;61;2
1;178;171;62;2;9;-7;81.0;Fischer & Whitney (2014);Experiment 1b;Orientation;1;11;81.0;-32.0;62.0;-6.0;-38.0;86.0;62;2
1;150;166;63;2;9;16;28.0;Fischer & Whitney (2014);Experiment 1b;Orientation;1;11;28.0;-71.0;-4.0;90.0;22.0;-10.0;63;2
1;142;157;64;2;9;15;8.0;Fischer & Whitney (2014);Experiment 1b;Orientation;1;11;8.0;36.0;-63.0;4.0;-82.0;30.0;64;2
1;141;156;65;2;9;15;1.0;Fischer & Whitney (2014);Experiment 1b;Orientation;1;11;1.0;9.0;37.0;-62.0;5.0;-81.0;65;2
1;70;74;66;2;9;4;71.0;Fischer & Whitney (2014);Experiment 1b;Orientation;1;11;71.0;72.0;80.0;-72.0;9.0;76.0;66;2
1;103;111;67;2;9;8;-33.0;Fischer & Whitney (2014);Experiment 1b;Orientation;1;11;-33.0;38.0;39.0;47.0;75.0;-24.0;67;2
1;132;115;68;2;9;-17;-29.0;Fischer & Whitney (2014);Experiment 1b;Orientation;1;11;-29.0;-62.0;9.0;10.0;18.0;46.0;68;2
1;17;22;69;2;9;5;-65.0;Fischer & Whitney (2014);Experiment 1b;Orientation;1;11;-65.0;86.0;53.0;-56.0;-55.0;-47.0;69;2
1;99;100;70;2;9;1;-82.0;Fischer & Whitney (2014);Experiment 1b;Orientation;1;11;-82.0;33.0;4.0;-29.0;42.0;43.0;70;2
1;59;72;71;2;9;13;40.0;Fischer & Whitney (2014);Experiment 1b;Orientation;1;11;40.0;-42.0;73.0;44.0;11.0;82.0;71;2
1;129;142;72;2;9;13;-70.0;Fischer & Whitney (2014);Experiment 1b;Orientation;1;11;-70.0;-30.0;68.0;3.0;-26.0;-59.0;72;2
1;119;124;73;2;9;5;10.0;Fischer & Whitney (2014);Experiment 1b;Orientation;1;11;10.0;-60.0;-20.0;78.0;13.0;-16.0;73;2
1;22;21;74;2;9;-1;-83.0;Fischer & Whitney (2014);Experiment 1b;Orientation;1;11;-83.0;-73.0;37.0;77.0;-5.0;-70.0;74;2
1;105;115;75;2;9;10;-83.0;Fischer & Whitney (2014);Experiment 1b;Orientation;1;11;-83.0;14.0;24.0;-46.0;-6.0;-88.0;75;2
1;126;118;76;2;9;-8;-21.0;Fischer & Whitney (2014);Experiment 1b;Orientation;1;11;-21.0;76.0;-7.0;3.0;-67.0;-27.0;76;2
1;168;170;77;2;9;2;-42.0;Fischer & Whitney (2014);Experiment 1b;Orientation;1;11;-42.0;-63.0;34.0;-49.0;-39.0;71.0;77;2
1;89;80;78;2;9;-9;79.0;Fischer & Whitney (2014);Experiment 1b;Orientation;1;11;79.0;37.0;16.0;-67.0;30.0;40.0;78;2
1;49;68;79;2;9;19;40.0;Fischer & Whitney (2014);Experiment 1b;Orientation;1;11;40.0;-61.0;77.0;56.0;-27.0;70.0;79;2
1;69;66;80;2;9;-3;-20.0;Fischer & Whitney (2014);Experiment 1b;Orientation;1;11;-20.0;20.0;-81.0;57.0;36.0;-47.0;80;2
1;126;119;81;2;9;-7;-57.0;Fischer & Whitney (2014);Experiment 1b;Orientation;1;11;-57.0;-77.0;-37.0;42.0;0.0;-21.0;81;2
1;44;52;82;2;9;8;82.0;Fischer & Whitney (2014);Experiment 1b;Orientation;1;11;82.0;25.0;5.0;45.0;-56.0;82.0;82;2
1;60;67;83;2;9;7;-16.0;Fischer & Whitney (2014);Experiment 1b;Orientation;1;11;-16.0;66.0;9.0;-11.0;29.0;-72.0;83;2
1;82;70;84;2;9;-12;-22.0;Fischer & Whitney (2014);Experiment 1b;Orientation;1;11;-22.0;-38.0;44.0;-13.0;-33.0;7.0;84;2
1;129;121;85;2;9;-8;-47.0;Fischer & Whitney (2014);Experiment 1b;Orientation;1;11;-47.0;-69.0;-85.0;-3.0;-60.0;-80.0;85;2
1;166;164;86;2;9;-2;-37.0;Fischer & Whitney (2014);Experiment 1b;Orientation;1;11;-37.0;-84.0;74.0;58.0;-40.0;83.0;86;2
1;59;65;87;2;9;6;-73.0;Fischer & Whitney (2014);Experiment 1b;Orientation;1;11;-73.0;70.0;23.0;1.0;-15.0;67.0;87;2
1;58;65;88;2;9;7;1.0;Fischer & Whitney (2014);Experiment 1b;Orientation;1;11;1.0;-72.0;71.0;24.0;2.0;-14.0;88;2
1;63;64;89;2;9;1;-5.0;Fischer & Whitney (2014);Experiment 1b;Orientation;1;11;-5.0;-4.0;-77.0;66.0;19.0;-3.0;89;2
1;50;64;90;2;9;14;13.0;Fischer & Whitney (2014);Experiment 1b;Orientation;1;11;13.0;8.0;9.0;-64.0;79.0;32.0;90;2
1;121;123;91;2;9;2;-71.0;Fischer & Whitney (2014);Experiment 1b;Orientation;1;11;-71.0;-58.0;-63.0;-62.0;45.0;8.0;91;2
1;176;172;92;2;9;-4;-55.0;Fischer & Whitney (2014);Experiment 1b;Orientation;1;11;-55.0;54.0;67.0;62.0;63.0;-10.0;92;2
1;111;113;93;2;9;2;65.0;Fischer & Whitney (2014);Experiment 1b;Orientation;1;11;65.0;10.0;-61.0;-48.0;-53.0;-52.0;93;2
1;59;65;94;2;9;6;52.0;Fischer & Whitney (2014);Experiment 1b;Orientation;1;11;52.0;-63.0;62.0;-9.0;4.0;-1.0;94;2
1;100;109;95;2;9;9;-41.0;Fischer & Whitney (2014);Experiment 1b;Orientation;1;11;-41.0;11.0;76.0;21.0;-50.0;-37.0;95;2
1;35;43;96;2;9;8;65.0;Fischer & Whitney (2014);Experiment 1b;Orientation;1;11;65.0;24.0;76.0;-39.0;86.0;15.0;96;2
1;70;51;97;2;9;-19;-35.0;Fischer & Whitney (2014);Experiment 1b;Orientation;1;11;-35.0;30.0;-11.0;41.0;-74.0;51.0;97;2
1;9;22;98;2;9;13;61.0;Fischer & Whitney (2014);Experiment 1b;Orientation;1;11;61.0;26.0;-89.0;50.0;-78.0;-13.0;98;2
1;174;1;99;2;9;7;15.0;Fischer & Whitney (2014);Experiment 1b;Orientation;1;11;15.0;76.0;41.0;-74.0;65.0;-63.0;99;2
1;79;69;100;2;9;-10;-85.0;Fischer & Whitney (2014);Experiment 1b;Orientation;1;11;-85.0;-70.0;-9.0;-44.0;21.0;-20.0;100;2
1;149;144;101;2;9;-5;-70.0;Fischer & Whitney (2014);Experiment 1b;Orientation;1;11;-70.0;25.0;40.0;-79.0;66.0;-49.0;101;2
1;82;72;102;2;9;-10;67.0;Fischer & Whitney (2014);Experiment 1b;Orientation;1;11;67.0;-3.0;-88.0;-73.0;-12.0;-47.0;102;2
1;135;139;103;2;9;4;-53.0;Fischer & Whitney (2014);Experiment 1b;Orientation;1;11;-53.0;14.0;-56.0;39.0;54.0;-65.0;103;2
1;152;159;104;2;9;7;-17.0;Fischer & Whitney (2014);Experiment 1b;Orientation;1;11;-17.0;-70.0;-3.0;-73.0;22.0;37.0;104;2
1;179;176;1;3;9;-3;-27.0;Fischer & Whitney (2014);Experiment 1b;Orientation;1;11;;;;;;;1;3
1;0;5;2;3;9;5;-1.0;Fischer & Whitney (2014);Experiment 1b;Orientation;1;11;;;;;;;2;3
1;147;147;3;3;9;0;33.0;Fischer & Whitney (2014);Experiment 1b;Orientation;1;11;;;;;;;3;3
1;21;20;4;3;9;-1;-54.0;Fischer & Whitney (2014);Experiment 1b;Orientation;1;11;;;;;;;4;3
1;177;172;5;3;9;-5;24.0;Fischer & Whitney (2014);Experiment 1b;Orientation;1;11;;;;;;;5;3
1;82;76;6;3;9;-6;-85.0;Fischer & Whitney (2014);Experiment 1b;Orientation;1;11;;;;;;;6;3
1;164;167;7;3;9;3;-82.0;Fischer & Whitney (2014);Experiment 1b;Orientation;1;11;-82.0;13.0;37.0;-17.0;16.0;15.0;7;3
1;85;78;8;3;9;-7;79.0;Fischer & Whitney (2014);Experiment 1b;Orientation;1;11;79.0;-3.0;-88.0;-64.0;62.0;-85.0;8;3
1;96;99;9;3;9;3;-11.0;Fischer & Whitney (2014);Experiment 1b;Orientation;1;11;-11.0;68.0;-14.0;81.0;-75.0;51.0;9;3
1;141;141;10;3;9;0;-45.0;Fischer & Whitney (2014);Experiment 1b;Orientation;1;11;-45.0;-56.0;23.0;-59.0;36.0;60.0;10;3
1;145;147;11;3;9;2;-4.0;Fischer & Whitney (2014);Experiment 1b;Orientation;1;11;-4.0;-49.0;-60.0;19.0;-63.0;32.0;11;3
1;75;73;12;3;9;-2;70.0;Fischer & Whitney (2014);Experiment 1b;Orientation;1;11;70.0;66.0;21.0;10.0;89.0;7.0;12;3
1;2;13;13;3;9;11;73.0;Fischer & Whitney (2014);Experiment 1b;Orientation;1;11;73.0;-37.0;-41.0;-86.0;83.0;-18.0;13;3
1;140;142;14;3;9;2;42.0;Fischer & Whitney (2014);Experiment 1b;Orientation;1;11;42.0;-65.0;5.0;1.0;-44.0;-55.0;14;3
1;117;123;15;3;9;6;23.0;Fischer & Whitney (2014);Experiment 1b;Orientation;1;11;23.0;65.0;-42.0;28.0;24.0;-21.0;15;3
1;164;157;16;3;9;-7;-47.0;Fischer & Whitney (2014);Experiment 1b;Orientation;1;11;-47.0;-24.0;18.0;-89.0;-19.0;-23.0;16;3
1;81;76;17;3;9;-5;83.0;Fischer & Whitney (2014);Experiment 1b;Orientation;1;11;83.0;36.0;59.0;-79.0;-6.0;64.0;17;3
1;147;160;18;3;9;13;-66.0;Fischer & Whitney (2014);Experiment 1b;Orientation;1;11;-66.0;17.0;-30.0;-7.0;35.0;-72.0;18;3
1;103;105;19;3;9;2;44.0;Fischer & Whitney (2014);Experiment 1b;Orientation;1;11;44.0;-22.0;61.0;14.0;37.0;79.0;19;3
1;49;47;20;3;9;-2;54.0;Fischer & Whitney (2014);Experiment 1b;Orientation;1;11;54.0;-82.0;32.0;-65.0;68.0;-89.0;20;3
1;39;43;21;3;9;4;10.0;Fischer & Whitney (2014);Experiment 1b;Orientation;1;11;10.0;64.0;-72.0;42.0;-55.0;78.0;21;3
1;52;48;22;3;9;-4;-13.0;Fischer & Whitney (2014);Experiment 1b;Orientation;1;11;-13.0;-3.0;51.0;-85.0;29.0;-68.0;22;3
1;16;23;23;3;9;7;36.0;Fischer & Whitney (2014);Experiment 1b;Orientation;1;11;36.0;23.0;33.0;87.0;-49.0;65.0;23;3
1;140;142;24;3;9;2;56.0;Fischer & Whitney (2014);Experiment 1b;Orientation;1;11;56.0;-88.0;79.0;89.0;-37.0;7.0;24;3
1;81;78;25;3;9;-3;59.0;Fischer & Whitney (2014);Experiment 1b;Orientation;1;11;59.0;-65.0;-29.0;-42.0;-32.0;22.0;25;3
1;12;16;26;3;9;4;69.0;Fischer & Whitney (2014);Experiment 1b;Orientation;1;11;69.0;-52.0;4.0;40.0;27.0;37.0;26;3
1;166;169;27;3;9;3;26.0;Fischer & Whitney (2014);Experiment 1b;Orientation;1;11;26.0;-85.0;-26.0;30.0;66.0;53.0;27;3
1;65;72;28;3;9;7;-79.0;Fischer & Whitney (2014);Experiment 1b;Orientation;1;11;-79.0;-53.0;16.0;75.0;-49.0;-13.0;28;3
1;178;3;29;3;9;5;67.0;Fischer & Whitney (2014);Experiment 1b;Orientation;1;11;67.0;-12.0;14.0;83.0;-38.0;18.0;29;3
1;22;24;30;3;9;2;-24.0;Fischer & Whitney (2014);Experiment 1b;Orientation;1;11;-24.0;43.0;-36.0;-10.0;59.0;-62.0;30;3
1;66;70;31;3;9;4;-44.0;Fischer & Whitney (2014);Experiment 1b;Orientation;1;11;-44.0;-68.0;-1.0;-80.0;-54.0;15.0;31;3
1;20;35;32;3;9;15;46.0;Fischer & Whitney (2014);Experiment 1b;Orientation;1;11;46.0;2.0;-22.0;45.0;-34.0;-8.0;32;3
1;7;17;33;3;9;10;13.0;Fischer & Whitney (2014);Experiment 1b;Orientation;1;11;13.0;59.0;15.0;-9.0;58.0;-21.0;33;3
1;110;116;34;3;9;6;77.0;Fischer & Whitney (2014);Experiment 1b;Orientation;1;11;77.0;90.0;-44.0;-88.0;68.0;-45.0;34;3
1;49;58;35;3;9;9;61.0;Fischer & Whitney (2014);Experiment 1b;Orientation;1;11;61.0;-42.0;-29.0;17.0;-27.0;-51.0;35;3
1;93;93;36;3;9;0;-44.0;Fischer & Whitney (2014);Experiment 1b;Orientation;1;11;-44.0;17.0;-86.0;-73.0;-27.0;-71.0;36;3
1;63;71;37;3;9;8;30.0;Fischer & Whitney (2014);Experiment 1b;Orientation;1;11;30.0;-14.0;47.0;-56.0;-43.0;3.0;37;3
1;175;176;38;3;9;1;68.0;Fischer & Whitney (2014);Experiment 1b;Orientation;1;11;68.0;-82.0;54.0;-65.0;12.0;25.0;38;3
1;53;65;39;3;9;12;-58.0;Fischer & Whitney (2014);Experiment 1b;Orientation;1;11;-58.0;10.0;40.0;-4.0;57.0;-46.0;39;3
1;43;51;40;3;9;8;10.0;Fischer & Whitney (2014);Experiment 1b;Orientation;1;11;10.0;-48.0;20.0;50.0;6.0;67.0;40;3
1;43;49;41;3;9;6;0.0;Fischer & Whitney (2014);Experiment 1b;Orientation;1;11;0.0;10.0;-48.0;20.0;50.0;6.0;41;3
1;53;50;42;3;9;-3;-10.0;Fischer & Whitney (2014);Experiment 1b;Orientation;1;11;-10.0;-10.0;0.0;-58.0;10.0;40.0;42;3
1;151;146;43;3;9;-5;82.0;Fischer & Whitney (2014);Experiment 1b;Orientation;1;11;82.0;72.0;72.0;82.0;24.0;-88.0;43;3
1;138;143;44;3;9;5;13.0;Fischer & Whitney (2014);Experiment 1b;Orientation;1;11;13.0;-85.0;85.0;85.0;-85.0;37.0;44;3
1;92;94;45;3;9;2;46.0;Fischer & Whitney (2014);Experiment 1b;Orientation;1;11;46.0;59.0;-39.0;-49.0;-49.0;-39.0;45;3
1;18;23;46;3;9;5;74.0;Fischer & Whitney (2014);Experiment 1b;Orientation;1;11;74.0;-60.0;-47.0;35.0;25.0;25.0;46;3
1;71;74;47;3;9;3;-53.0;Fischer & Whitney (2014);Experiment 1b;Orientation;1;11;-53.0;21.0;67.0;80.0;-18.0;-28.0;47;3
1;149;141;48;3;9;-8;-78.0;Fischer & Whitney (2014);Experiment 1b;Orientation;1;11;-78.0;49.0;-57.0;-11.0;2.0;84.0;48;3
1;122;120;49;3;9;-2;27.0;Fischer & Whitney (2014);Experiment 1b;Orientation;1;11;27.0;-51.0;76.0;-30.0;16.0;29.0;49;3
1;90;98;50;3;9;8;32.0;Fischer & Whitney (2014);Experiment 1b;Orientation;1;11;32.0;59.0;-19.0;-72.0;2.0;48.0;50;3
1;103;101;51;3;9;-2;-13.0;Fischer & Whitney (2014);Experiment 1b;Orientation;1;11;-13.0;19.0;46.0;-32.0;-85.0;-11.0;51;3
1;73;80;52;3;9;7;30.0;Fischer & Whitney (2014);Experiment 1b;Orientation;1;11;30.0;17.0;49.0;76.0;-2.0;-55.0;52;3
1;62;74;53;3;9;12;11.0;Fischer & Whitney (2014);Experiment 1b;Orientation;1;11;11.0;41.0;28.0;60.0;87.0;9.0;53;3
1;126;126;54;3;9;0;-64.0;Fischer & Whitney (2014);Experiment 1b;Orientation;1;11;-64.0;-53.0;-23.0;-36.0;-4.0;23.0;54;3
1;92;106;55;3;9;14;34.0;Fischer & Whitney (2014);Experiment 1b;Orientation;1;11;34.0;-30.0;-19.0;11.0;-2.0;30.0;55;3
1;127;119;56;3;9;-8;-35.0;Fischer & Whitney (2014);Experiment 1b;Orientation;1;11;-35.0;-1.0;-65.0;-54.0;-24.0;-37.0;56;3
1;148;149;57;3;9;1;-21.0;Fischer & Whitney (2014);Experiment 1b;Orientation;1;11;-21.0;-56.0;-22.0;-86.0;-75.0;-45.0;57;3
1;179;171;58;3;9;-8;-31.0;Fischer & Whitney (2014);Experiment 1b;Orientation;1;11;-31.0;-52.0;-87.0;-53.0;63.0;74.0;58;3
1;48;51;59;3;9;3;-49.0;Fischer & Whitney (2014);Experiment 1b;Orientation;1;11;-49.0;-80.0;79.0;44.0;78.0;14.0;59;3
1;174;166;60;3;9;-8;54.0;Fischer & Whitney (2014);Experiment 1b;Orientation;1;11;54.0;5.0;-26.0;-47.0;-82.0;-48.0;60;3
1;111;115;61;3;9;4;63.0;Fischer & Whitney (2014);Experiment 1b;Orientation;1;11;63.0;-63.0;68.0;37.0;16.0;-19.0;61;3
1;32;38;62;3;9;6;79.0;Fischer & Whitney (2014);Experiment 1b;Orientation;1;11;79.0;-38.0;16.0;-33.0;-64.0;-85.0;62;3
1;88;88;63;3;9;0;-56.0;Fischer & Whitney (2014);Experiment 1b;Orientation;1;11;-56.0;23.0;86.0;-40.0;-89.0;60.0;63;3
1;167;159;64;3;9;-8;-79.0;Fischer & Whitney (2014);Experiment 1b;Orientation;1;11;-79.0;45.0;-56.0;7.0;61.0;12.0;64;3
1;80;82;65;3;9;2;87.0;Fischer & Whitney (2014);Experiment 1b;Orientation;1;11;87.0;8.0;-48.0;31.0;-86.0;-32.0;65;3
1;42;63;66;3;9;21;38.0;Fischer & Whitney (2014);Experiment 1b;Orientation;1;11;38.0;-55.0;46.0;-10.0;69.0;-48.0;66;3
1;48;59;67;3;9;11;-6.0;Fischer & Whitney (2014);Experiment 1b;Orientation;1;11;-6.0;32.0;-61.0;40.0;-16.0;63.0;67;3
1;144;145;68;3;9;1;84.0;Fischer & Whitney (2014);Experiment 1b;Orientation;1;11;84.0;78.0;-64.0;23.0;-56.0;68.0;68;3
1;47;60;69;3;9;13;-83.0;Fischer & Whitney (2014);Experiment 1b;Orientation;1;11;-83.0;1.0;-5.0;33.0;-60.0;41.0;69;3
1;151;152;70;3;9;1;76.0;Fischer & Whitney (2014);Experiment 1b;Orientation;1;11;76.0;-7.0;77.0;71.0;-71.0;16.0;70;3
1;77;78;71;3;9;1;74.0;Fischer & Whitney (2014);Experiment 1b;Orientation;1;11;74.0;-30.0;67.0;-29.0;-35.0;3.0;71;3
1;147;156;72;3;9;9;-70.0;Fischer & Whitney (2014);Experiment 1b;Orientation;1;11;-70.0;4.0;80.0;-3.0;81.0;75.0;72;3
1;27;22;73;3;9;-5;-60.0;Fischer & Whitney (2014);Experiment 1b;Orientation;1;11;-60.0;50.0;-56.0;20.0;-63.0;21.0;73;3
1;39;37;74;3;9;-2;-12.0;Fischer & Whitney (2014);Experiment 1b;Orientation;1;11;-12.0;-72.0;38.0;-68.0;8.0;-75.0;74;3
1;83;76;75;3;9;-7;-44.0;Fischer & Whitney (2014);Experiment 1b;Orientation;1;11;-44.0;-56.0;64.0;-6.0;68.0;-36.0;75;3
1;94;95;76;3;9;1;-11.0;Fischer & Whitney (2014);Experiment 1b;Orientation;1;11;-11.0;-55.0;-67.0;53.0;-17.0;57.0;76;3
1;156;161;77;3;9;5;-62.0;Fischer & Whitney (2014);Experiment 1b;Orientation;1;11;-62.0;-73.0;63.0;51.0;-9.0;-79.0;77;3
1;10;10;78;3;9;0;-34.0;Fischer & Whitney (2014);Experiment 1b;Orientation;1;11;-34.0;84.0;73.0;29.0;17.0;-43.0;78;3
1;46;45;79;3;9;-1;-36.0;Fischer & Whitney (2014);Experiment 1b;Orientation;1;11;-36.0;-70.0;48.0;37.0;-7.0;-19.0;79;3
1;47;52;80;3;9;5;-1.0;Fischer & Whitney (2014);Experiment 1b;Orientation;1;11;-1.0;-37.0;-71.0;47.0;36.0;-8.0;80;3
1;39;54;81;3;9;15;8.0;Fischer & Whitney (2014);Experiment 1b;Orientation;1;11;8.0;7.0;-29.0;-63.0;55.0;44.0;81;3
1;76;76;82;3;9;0;-37.0;Fischer & Whitney (2014);Experiment 1b;Orientation;1;11;-37.0;-29.0;-30.0;-66.0;80.0;18.0;82;3
1;165;162;83;3;9;-3;-89.0;Fischer & Whitney (2014);Experiment 1b;Orientation;1;11;-89.0;54.0;62.0;61.0;25.0;-9.0;83;3
1;100;111;84;3;9;11;65.0;Fischer & Whitney (2014);Experiment 1b;Orientation;1;11;65.0;-24.0;-61.0;-53.0;-54.0;90.0;84;3
1;68;80;85;3;9;12;32.0;Fischer & Whitney (2014);Experiment 1b;Orientation;1;11;32.0;-83.0;8.0;-29.0;-21.0;-22.0;85;3
1;51;68;86;3;9;17;17.0;Fischer & Whitney (2014);Experiment 1b;Orientation;1;11;17.0;49.0;-66.0;25.0;-12.0;-4.0;86;3
1;85;79;87;3;9;-6;-34.0;Fischer & Whitney (2014);Experiment 1b;Orientation;1;11;-34.0;-17.0;15.0;80.0;-9.0;-46.0;87;3
1;59;73;88;3;9;14;26.0;Fischer & Whitney (2014);Experiment 1b;Orientation;1;11;26.0;-8.0;9.0;41.0;-74.0;17.0;88;3
1;76;77;89;3;9;1;-17.0;Fischer & Whitney (2014);Experiment 1b;Orientation;1;11;-17.0;9.0;-25.0;-8.0;24.0;89.0;89;3
1;56;68;90;3;9;12;20.0;Fischer & Whitney (2014);Experiment 1b;Orientation;1;11;20.0;3.0;29.0;-5.0;12.0;44.0;90;3
1;102;108;91;3;9;6;-46.0;Fischer & Whitney (2014);Experiment 1b;Orientation;1;11;-46.0;-26.0;-43.0;-17.0;-51.0;-34.0;91;3
1;106;108;92;3;9;2;-4.0;Fischer & Whitney (2014);Experiment 1b;Orientation;1;11;-4.0;-50.0;-30.0;-47.0;-21.0;-55.0;92;3
1;116;111;93;3;9;-5;-10.0;Fischer & Whitney (2014);Experiment 1b;Orientation;1;11;-10.0;-14.0;-60.0;-40.0;-57.0;-31.0;93;3
1;163;164;94;3;9;1;-47.0;Fischer & Whitney (2014);Experiment 1b;Orientation;1;11;-47.0;-57.0;-61.0;73.0;-87.0;76.0;94;3
1;154;157;95;3;9;3;9.0;Fischer & Whitney (2014);Experiment 1b;Orientation;1;11;9.0;-38.0;-48.0;-52.0;82.0;-78.0;95;3
1;164;165;96;3;9;1;-10.0;Fischer & Whitney (2014);Experiment 1b;Orientation;1;11;-10.0;-1.0;-48.0;-58.0;-62.0;72.0;96;3
1;48;71;97;3;9;23;-64.0;Fischer & Whitney (2014);Experiment 1b;Orientation;1;11;-64.0;-74.0;-65.0;68.0;58.0;54.0;97;3
1;121;118;98;3;9;-3;-73.0;Fischer & Whitney (2014);Experiment 1b;Orientation;1;11;-73.0;43.0;33.0;42.0;-5.0;-15.0;98;3
1;111;115;99;3;9;4;10.0;Fischer & Whitney (2014);Experiment 1b;Orientation;1;11;10.0;-63.0;53.0;43.0;52.0;5.0;99;3
1;173;169;100;3;9;-4;-62.0;Fischer & Whitney (2014);Experiment 1b;Orientation;1;11;-62.0;-52.0;55.0;-9.0;-19.0;-10.0;100;3
1;23;19;101;3;9;-4;-30.0;Fischer & Whitney (2014);Experiment 1b;Orientation;1;11;-30.0;88.0;-82.0;25.0;-39.0;-49.0;101;3
1;170;175;102;3;9;5;33.0;Fischer & Whitney (2014);Experiment 1b;Orientation;1;11;33.0;3.0;-59.0;-49.0;58.0;-6.0;102;3
1;0;175;103;3;9;-5;-10.0;Fischer & Whitney (2014);Experiment 1b;Orientation;1;11;-10.0;23.0;-7.0;-69.0;-59.0;48.0;103;3
1;20;17;104;3;9;-3;-20.0;Fischer & Whitney (2014);Experiment 1b;Orientation;1;11;-20.0;-30.0;3.0;-27.0;-89.0;-79.0;104;3
1;114;120;1;4;9;6;86.0;Fischer & Whitney (2014);Experiment 1b;Orientation;1;11;;;;;;;1;4
1;19;29;2;4;9;10;-85.0;Fischer & Whitney (2014);Experiment 1b;Orientation;1;11;;;;;;;2;4
1;1;9;3;4;9;8;18.0;Fischer & Whitney (2014);Experiment 1b;Orientation;1;11;;;;;;;3;4
1;82;74;4;4;9;-8;-81.0;Fischer & Whitney (2014);Experiment 1b;Orientation;1;11;;;;;;;4;4
1;151;150;5;4;9;-1;-69.0;Fischer & Whitney (2014);Experiment 1b;Orientation;1;11;;;;;;;5;4
1;107;113;6;4;9;6;44.0;Fischer & Whitney (2014);Experiment 1b;Orientation;1;11;;;;;;;6;4
1;119;113;7;4;9;-6;-12.0;Fischer & Whitney (2014);Experiment 1b;Orientation;1;11;-12.0;32.0;-37.0;62.0;80.0;-5.0;7;4
1;51;63;8;4;9;12;68.0;Fischer & Whitney (2014);Experiment 1b;Orientation;1;11;68.0;56.0;-80.0;31.0;-50.0;-32.0;8;4
1;35;43;9;4;9;8;16.0;Fischer & Whitney (2014);Experiment 1b;Orientation;1;11;16.0;84.0;72.0;-64.0;47.0;-34.0;9;4
1;151;152;10;4;9;1;64.0;Fischer & Whitney (2014);Experiment 1b;Orientation;1;11;64.0;80.0;-32.0;-44.0;0.0;-69.0;10;4
1;76;75;11;4;9;-1;75.0;Fischer & Whitney (2014);Experiment 1b;Orientation;1;11;75.0;-41.0;-25.0;43.0;31.0;75.0;11;4
1;39;56;12;4;9;17;37.0;Fischer & Whitney (2014);Experiment 1b;Orientation;1;11;37.0;-68.0;-4.0;12.0;80.0;68.0;12;4
1;171;172;13;4;9;1;48.0;Fischer & Whitney (2014);Experiment 1b;Orientation;1;11;48.0;85.0;-20.0;44.0;60.0;-52.0;13;4
1;123;119;14;4;9;-4;48.0;Fischer & Whitney (2014);Experiment 1b;Orientation;1;11;48.0;-84.0;-47.0;28.0;-88.0;-72.0;14;4
1;22;27;15;4;9;5;-79.0;Fischer & Whitney (2014);Experiment 1b;Orientation;1;11;-79.0;-31.0;17.0;54.0;-51.0;13.0;15;4
1;148;145;16;4;9;-3;54.0;Fischer & Whitney (2014);Experiment 1b;Orientation;1;11;54.0;-25.0;23.0;71.0;-72.0;3.0;16;4
1;173;168;17;4;9;-5;-25.0;Fischer & Whitney (2014);Experiment 1b;Orientation;1;11;-25.0;29.0;-50.0;-2.0;46.0;83.0;17;4
1;105;104;18;4;9;-1;68.0;Fischer & Whitney (2014);Experiment 1b;Orientation;1;11;68.0;43.0;-83.0;18.0;66.0;-66.0;18;4
1;141;140;19;4;9;-1;-36.0;Fischer & Whitney (2014);Experiment 1b;Orientation;1;11;-36.0;32.0;7.0;61.0;-18.0;30.0;19;4
1;42;58;20;4;9;16;-81.0;Fischer & Whitney (2014);Experiment 1b;Orientation;1;11;-81.0;63.0;-49.0;-74.0;-20.0;81.0;20;4
1;20;34;21;4;9;14;22.0;Fischer & Whitney (2014);Experiment 1b;Orientation;1;11;22.0;-59.0;85.0;-27.0;-52.0;2.0;21;4
1;156;160;22;4;9;4;44.0;Fischer & Whitney (2014);Experiment 1b;Orientation;1;11;44.0;66.0;-15.0;-51.0;17.0;-8.0;22;4
1;42;52;23;4;9;10;-66.0;Fischer & Whitney (2014);Experiment 1b;Orientation;1;11;-66.0;-22.0;0.0;-81.0;63.0;-49.0;23;4
1;66;60;24;4;9;-6;-24.0;Fischer & Whitney (2014);Experiment 1b;Orientation;1;11;-24.0;90.0;-46.0;-24.0;75.0;39.0;24;4
1;79;71;25;4;9;-8;-13.0;Fischer & Whitney (2014);Experiment 1b;Orientation;1;11;-13.0;-37.0;77.0;-59.0;-37.0;62.0;25;4
1;98;94;26;4;9;-4;-19.0;Fischer & Whitney (2014);Experiment 1b;Orientation;1;11;-19.0;-32.0;-56.0;58.0;-78.0;-56.0;26;4
1;110;103;27;4;9;-7;-12.0;Fischer & Whitney (2014);Experiment 1b;Orientation;1;11;-12.0;-31.0;-44.0;-68.0;46.0;90.0;27;4
1;150;145;28;4;9;-5;-40.0;Fischer & Whitney (2014);Experiment 1b;Orientation;1;11;-40.0;-52.0;-71.0;-84.0;72.0;6.0;28;4
1;151;150;29;4;9;-1;-1.0;Fischer & Whitney (2014);Experiment 1b;Orientation;1;11;-1.0;-41.0;-53.0;-72.0;-85.0;71.0;29;4
1;139;148;30;4;9;9;12.0;Fischer & Whitney (2014);Experiment 1b;Orientation;1;11;12.0;11.0;-29.0;-41.0;-60.0;-73.0;30;4
1;65;73;31;4;9;8;74.0;Fischer & Whitney (2014);Experiment 1b;Orientation;1;11;74.0;86.0;85.0;45.0;33.0;14.0;31;4
1;110;111;32;4;9;1;-45.0;Fischer & Whitney (2014);Experiment 1b;Orientation;1;11;-45.0;29.0;41.0;40.0;0.0;-12.0;32;4
1;125;115;33;4;9;-10;-15.0;Fischer & Whitney (2014);Experiment 1b;Orientation;1;11;-15.0;-60.0;14.0;26.0;25.0;-15.0;33;4
1;152;155;34;4;9;3;-27.0;Fischer & Whitney (2014);Experiment 1b;Orientation;1;11;-27.0;-42.0;-87.0;-13.0;-1.0;-2.0;34;4
1;23;24;35;4;9;1;-51.0;Fischer & Whitney (2014);Experiment 1b;Orientation;1;11;-51.0;-78.0;87.0;42.0;-64.0;-52.0;35;4
1;15;26;36;4;9;11;8.0;Fischer & Whitney (2014);Experiment 1b;Orientation;1;11;8.0;-43.0;-70.0;-85.0;50.0;-56.0;36;4
1;93;94;37;4;9;1;-78.0;Fischer & Whitney (2014);Experiment 1b;Orientation;1;11;-78.0;-70.0;59.0;32.0;17.0;-28.0;37;4
1;122;111;38;4;9;-11;-29.0;Fischer & Whitney (2014);Experiment 1b;Orientation;1;11;-29.0;73.0;81.0;30.0;3.0;-12.0;38;4
1;137;130;39;4;9;-7;-15.0;Fischer & Whitney (2014);Experiment 1b;Orientation;1;11;-15.0;-44.0;58.0;66.0;15.0;-12.0;39;4
1;154;155;40;4;9;1;-17.0;Fischer & Whitney (2014);Experiment 1b;Orientation;1;11;-17.0;-32.0;-61.0;41.0;49.0;-2.0;40;4
1;163;161;41;4;9;-2;-9.0;Fischer & Whitney (2014);Experiment 1b;Orientation;1;11;-9.0;-26.0;-41.0;-70.0;32.0;40.0;41;4
1;119;113;42;4;9;-6;44.0;Fischer & Whitney (2014);Experiment 1b;Orientation;1;11;44.0;35.0;18.0;3.0;-26.0;76.0;42;4
1;40;46;43;4;9;6;79.0;Fischer & Whitney (2014);Experiment 1b;Orientation;1;11;79.0;-57.0;-66.0;-83.0;82.0;53.0;43;4
1;141;130;44;4;9;-11;79.0;Fischer & Whitney (2014);Experiment 1b;Orientation;1;11;79.0;-22.0;22.0;13.0;-4.0;-19.0;44;4
1;129;133;45;4;9;4;12.0;Fischer & Whitney (2014);Experiment 1b;Orientation;1;11;12.0;-89.0;-10.0;34.0;25.0;8.0;45;4
1;166;172;46;4;9;6;-37.0;Fischer & Whitney (2014);Experiment 1b;Orientation;1;11;-37.0;-25.0;54.0;-47.0;-3.0;-12.0;46;4
1;114;114;47;4;9;0;52.0;Fischer & Whitney (2014);Experiment 1b;Orientation;1;11;52.0;15.0;27.0;-74.0;5.0;49.0;47;4
1;30;25;48;4;9;-5;84.0;Fischer & Whitney (2014);Experiment 1b;Orientation;1;11;84.0;-44.0;-81.0;-69.0;10.0;89.0;48;4
1;127;121;49;4;9;-6;83.0;Fischer & Whitney (2014);Experiment 1b;Orientation;1;11;83.0;-13.0;39.0;2.0;14.0;-87.0;49;4
1;15;21;50;4;9;6;-68.0;Fischer & Whitney (2014);Experiment 1b;Orientation;1;11;-68.0;15.0;-81.0;-29.0;-66.0;-54.0;50;4
1;94;87;51;4;9;-7;-79.0;Fischer & Whitney (2014);Experiment 1b;Orientation;1;11;-79.0;33.0;-64.0;20.0;72.0;35.0;51;4
1;143;157;52;4;9;14;-49.0;Fischer & Whitney (2014);Experiment 1b;Orientation;1;11;-49.0;52.0;-16.0;67.0;-29.0;23.0;52;4
1;64;71;53;4;9;7;79.0;Fischer & Whitney (2014);Experiment 1b;Orientation;1;11;79.0;30.0;-49.0;63.0;-34.0;50.0;53;4
1;81;75;54;4;9;-6;-17.0;Fischer & Whitney (2014);Experiment 1b;Orientation;1;11;-17.0;62.0;13.0;-66.0;46.0;-51.0;54;4
1;72;71;55;4;9;-1;9.0;Fischer & Whitney (2014);Experiment 1b;Orientation;1;11;9.0;-8.0;71.0;22.0;-57.0;55.0;55;4
1;119;115;56;4;9;-4;-47.0;Fischer & Whitney (2014);Experiment 1b;Orientation;1;11;-47.0;-38.0;-55.0;24.0;-25.0;76.0;56;4
1;96;102;57;4;9;6;23.0;Fischer & Whitney (2014);Experiment 1b;Orientation;1;11;23.0;-24.0;-15.0;-32.0;47.0;-2.0;57;4
1;95;101;58;4;9;6;1.0;Fischer & Whitney (2014);Experiment 1b;Orientation;1;11;1.0;24.0;-23.0;-14.0;-31.0;48.0;58;4
1;22;28;59;4;9;6;73.0;Fischer & Whitney (2014);Experiment 1b;Orientation;1;11;73.0;74.0;-83.0;50.0;59.0;42.0;59;4
1;169;167;60;4;9;-2;33.0;Fischer & Whitney (2014);Experiment 1b;Orientation;1;11;33.0;-74.0;-73.0;-50.0;83.0;-88.0;60;4
1;172;172;61;4;9;0;-3.0;Fischer & Whitney (2014);Experiment 1b;Orientation;1;11;-3.0;30.0;-77.0;-76.0;-53.0;80.0;61;4
1;113;107;62;4;9;-6;59.0;Fischer & Whitney (2014);Experiment 1b;Orientation;1;11;59.0;56.0;89.0;-18.0;-17.0;6.0;62;4
1;109;106;63;4;9;-3;4.0;Fischer & Whitney (2014);Experiment 1b;Orientation;1;11;4.0;63.0;60.0;-87.0;-14.0;-13.0;63;4
1;168;167;64;4;9;-1;-59.0;Fischer & Whitney (2014);Experiment 1b;Orientation;1;11;-59.0;-55.0;4.0;1.0;34.0;-73.0;64;4
1;50;71;65;4;9;21;-62.0;Fischer & Whitney (2014);Experiment 1b;Orientation;1;11;-62.0;59.0;63.0;-58.0;-61.0;-28.0;65;4
1;11;24;66;4;9;13;39.0;Fischer & Whitney (2014);Experiment 1b;Orientation;1;11;39.0;-23.0;-82.0;-78.0;-19.0;-22.0;66;4
1;174;176;67;4;9;2;17.0;Fischer & Whitney (2014);Experiment 1b;Orientation;1;11;17.0;56.0;-6.0;-65.0;-61.0;-2.0;67;4
1;38;63;68;4;9;25;-44.0;Fischer & Whitney (2014);Experiment 1b;Orientation;1;11;-44.0;-27.0;12.0;-50.0;71.0;75.0;68;4
1;51;64;69;4;9;13;-13.0;Fischer & Whitney (2014);Experiment 1b;Orientation;1;11;-13.0;-57.0;-40.0;-1.0;-63.0;58.0;69;4
1;125;114;70;4;9;-11;-74.0;Fischer & Whitney (2014);Experiment 1b;Orientation;1;11;-74.0;-87.0;49.0;66.0;-75.0;43.0;70;4
1;163;162;71;4;9;-1;-38.0;Fischer & Whitney (2014);Experiment 1b;Orientation;1;11;-38.0;68.0;55.0;11.0;28.0;67.0;71;4
1;162;166;72;4;9;4;1.0;Fischer & Whitney (2014);Experiment 1b;Orientation;1;11;1.0;-37.0;69.0;56.0;12.0;29.0;72;4
1;150;150;73;4;9;0;12.0;Fischer & Whitney (2014);Experiment 1b;Orientation;1;11;12.0;13.0;-25.0;81.0;68.0;24.0;73;4
1;162;159;74;4;9;-3;-12.0;Fischer & Whitney (2014);Experiment 1b;Orientation;1;11;-12.0;0.0;1.0;-37.0;69.0;56.0;74;4
1;136;145;75;4;9;9;26.0;Fischer & Whitney (2014);Experiment 1b;Orientation;1;11;26.0;14.0;26.0;27.0;-11.0;-85.0;75;4
1;129;125;76;4;9;-4;7.0;Fischer & Whitney (2014);Experiment 1b;Orientation;1;11;7.0;33.0;21.0;33.0;34.0;-4.0;76;4
1;23;18;77;4;9;-5;-74.0;Fischer & Whitney (2014);Experiment 1b;Orientation;1;11;-74.0;-67.0;-41.0;-53.0;-41.0;-40.0;77;4
1;98;101;78;4;9;3;-75.0;Fischer & Whitney (2014);Experiment 1b;Orientation;1;11;-75.0;31.0;38.0;64.0;52.0;64.0;78;4
1;88;94;79;4;9;6;10.0;Fischer & Whitney (2014);Experiment 1b;Orientation;1;11;10.0;-65.0;41.0;48.0;74.0;62.0;79;4
1;136;125;80;4;9;-11;-48.0;Fischer & Whitney (2014);Experiment 1b;Orientation;1;11;-48.0;-38.0;67.0;-7.0;0.0;26.0;80;4
1;153;144;81;4;9;-9;-17.0;Fischer & Whitney (2014);Experiment 1b;Orientation;1;11;-17.0;-65.0;-55.0;50.0;-24.0;-17.0;81;4
1;172;151;82;4;9;-21;-19.0;Fischer & Whitney (2014);Experiment 1b;Orientation;1;11;-19.0;-36.0;-84.0;-74.0;31.0;-43.0;82;4
1;101;100;83;4;9;-1;71.0;Fischer & Whitney (2014);Experiment 1b;Orientation;1;11;71.0;52.0;35.0;-13.0;-3.0;-78.0;83;4
1;102;96;84;4;9;-6;-1.0;Fischer & Whitney (2014);Experiment 1b;Orientation;1;11;-1.0;70.0;51.0;34.0;-14.0;-4.0;84;4
1;170;168;85;4;9;-2;-68.0;Fischer & Whitney (2014);Experiment 1b;Orientation;1;11;-68.0;-69.0;2.0;-17.0;-34.0;-82.0;85;4
1;14;16;86;4;9;2;-24.0;Fischer & Whitney (2014);Experiment 1b;Orientation;1;11;-24.0;88.0;87.0;-22.0;-41.0;-58.0;86;4
1;108;104;87;4;9;-4;86.0;Fischer & Whitney (2014);Experiment 1b;Orientation;1;11;86.0;62.0;-6.0;-7.0;64.0;45.0;87;4
1;92;97;88;4;9;5;16.0;Fischer & Whitney (2014);Experiment 1b;Orientation;1;11;16.0;-78.0;78.0;10.0;9.0;80.0;88;4
1;39;52;89;4;9;13;53.0;Fischer & Whitney (2014);Experiment 1b;Orientation;1;11;53.0;69.0;-25.0;-49.0;63.0;62.0;89;4
1;34;53;90;4;9;19;5.0;Fischer & Whitney (2014);Experiment 1b;Orientation;1;11;5.0;58.0;74.0;-20.0;-44.0;68.0;90;4
1;18;26;91;4;9;8;16.0;Fischer & Whitney (2014);Experiment 1b;Orientation;1;11;16.0;21.0;74.0;90.0;-4.0;-28.0;91;4
1;104;105;92;4;9;1;-86.0;Fischer & Whitney (2014);Experiment 1b;Orientation;1;11;-86.0;-70.0;-65.0;-12.0;4.0;90.0;92;4
1;154;161;93;4;9;7;-50.0;Fischer & Whitney (2014);Experiment 1b;Orientation;1;11;-50.0;44.0;60.0;65.0;-62.0;-46.0;93;4
1;100;102;94;4;9;2;54.0;Fischer & Whitney (2014);Experiment 1b;Orientation;1;11;54.0;4.0;-82.0;-66.0;-61.0;-8.0;94;4
1;126;114;95;4;9;-12;-26.0;Fischer & Whitney (2014);Experiment 1b;Orientation;1;11;-26.0;28.0;-22.0;72.0;88.0;-87.0;95;4
1;176;169;96;4;9;-7;-50.0;Fischer & Whitney (2014);Experiment 1b;Orientation;1;11;-50.0;-76.0;-22.0;-72.0;22.0;38.0;96;4
1;136;133;97;4;9;-3;40.0;Fischer & Whitney (2014);Experiment 1b;Orientation;1;11;40.0;-10.0;-36.0;18.0;-32.0;62.0;97;4
1;165;159;98;4;9;-6;-29.0;Fischer & Whitney (2014);Experiment 1b;Orientation;1;11;-29.0;11.0;-39.0;-65.0;-11.0;-61.0;98;4
1;49;61;99;4;9;12;-64.0;Fischer & Whitney (2014);Experiment 1b;Orientation;1;11;-64.0;87.0;-53.0;77.0;51.0;-75.0;99;4
1;93;87;100;4;9;-6;-44.0;Fischer & Whitney (2014);Experiment 1b;Orientation;1;11;-44.0;72.0;43.0;83.0;33.0;7.0;100;4
1;7;13;101;4;9;6;86.0;Fischer & Whitney (2014);Experiment 1b;Orientation;1;11;86.0;42.0;-22.0;-51.0;-11.0;-61.0;101;4
1;149;162;102;4;9;13;38.0;Fischer & Whitney (2014);Experiment 1b;Orientation;1;11;38.0;-56.0;80.0;16.0;-13.0;27.0;102;4
1;0;2;103;4;9;2;-31.0;Fischer & Whitney (2014);Experiment 1b;Orientation;1;11;-31.0;7.0;-87.0;49.0;-15.0;-44.0;103;4
1;62;70;104;4;9;8;-62.0;Fischer & Whitney (2014);Experiment 1b;Orientation;1;11;-62.0;87.0;-55.0;31.0;-13.0;-77.0;104;4
1;130;129;1;5;9;-1;-68.0;Fischer & Whitney (2014);Experiment 1b;Orientation;1;11;;;;;;;1;5
1;99;97;2;5;9;-2;31.0;Fischer & Whitney (2014);Experiment 1b;Orientation;1;11;;;;;;;2;5
1;33;27;3;5;9;-6;66.0;Fischer & Whitney (2014);Experiment 1b;Orientation;1;11;;;;;;;3;5
1;33;27;4;5;9;-6;0.0;Fischer & Whitney (2014);Experiment 1b;Orientation;1;11;;;;;;;4;5
1;79;77;5;5;9;-2;-46.0;Fischer & Whitney (2014);Experiment 1b;Orientation;1;11;;;;;;;5;5
1;160;156;6;5;9;-4;-81.0;Fischer & Whitney (2014);Experiment 1b;Orientation;1;11;;;;;;;6;5
1;4;8;7;5;9;4;-24.0;Fischer & Whitney (2014);Experiment 1b;Orientation;1;11;-24.0;75.0;29.0;29.0;-85.0;-54.0;7;5
1;60;67;8;5;9;7;-56.0;Fischer & Whitney (2014);Experiment 1b;Orientation;1;11;-56.0;-80.0;19.0;-27.0;-27.0;39.0;8;5
1;97;96;9;5;9;-1;-37.0;Fischer & Whitney (2014);Experiment 1b;Orientation;1;11;-37.0;87.0;63.0;-18.0;-64.0;-64.0;9;5
1;100;101;10;5;9;1;-3.0;Fischer & Whitney (2014);Experiment 1b;Orientation;1;11;-3.0;-40.0;84.0;60.0;-21.0;-67.0;10;5
1;6;9;11;5;9;3;-86.0;Fischer & Whitney (2014);Experiment 1b;Orientation;1;11;-86.0;-89.0;54.0;-2.0;-26.0;73.0;11;5
1;31;22;12;5;9;-9;-25.0;Fischer & Whitney (2014);Experiment 1b;Orientation;1;11;-25.0;69.0;66.0;29.0;-27.0;-51.0;12;5
1;92;101;13;5;9;9;-61.0;Fischer & Whitney (2014);Experiment 1b;Orientation;1;11;-61.0;-86.0;8.0;5.0;-32.0;-88.0;13;5
1;160;161;14;5;9;1;-68.0;Fischer & Whitney (2014);Experiment 1b;Orientation;1;11;-68.0;51.0;26.0;-60.0;-63.0;80.0;14;5
1;103;105;15;5;9;2;57.0;Fischer & Whitney (2014);Experiment 1b;Orientation;1;11;57.0;-11.0;-72.0;83.0;-3.0;-6.0;15;5
1;166;154;16;5;9;-12;-63.0;Fischer & Whitney (2014);Experiment 1b;Orientation;1;11;-63.0;-6.0;-74.0;45.0;20.0;-66.0;16;5
1;34;34;17;5;9;0;-48.0;Fischer & Whitney (2014);Experiment 1b;Orientation;1;11;-48.0;69.0;-54.0;58.0;-3.0;-28.0;17;5
1;17;36;18;5;9;19;17.0;Fischer & Whitney (2014);Experiment 1b;Orientation;1;11;17.0;-31.0;86.0;-37.0;75.0;14.0;18;5
1;78;71;19;5;9;-7;-61.0;Fischer & Whitney (2014);Experiment 1b;Orientation;1;11;-61.0;-44.0;88.0;25.0;82.0;14.0;19;5
1;63;68;20;5;9;5;15.0;Fischer & Whitney (2014);Experiment 1b;Orientation;1;11;15.0;-46.0;-29.0;-77.0;40.0;-83.0;20;5
1;5;179;21;5;9;-6;58.0;Fischer & Whitney (2014);Experiment 1b;Orientation;1;11;58.0;73.0;12.0;29.0;-19.0;-82.0;21;5
1;107;109;22;5;9;2;78.0;Fischer & Whitney (2014);Experiment 1b;Orientation;1;11;78.0;-44.0;-29.0;90.0;-73.0;59.0;22;5
1;28;30;23;5;9;2;79.0;Fischer & Whitney (2014);Experiment 1b;Orientation;1;11;79.0;-23.0;35.0;50.0;-11.0;6.0;23;5
1;165;163;24;5;9;-2;43.0;Fischer & Whitney (2014);Experiment 1b;Orientation;1;11;43.0;-58.0;20.0;78.0;-87.0;32.0;24;5
1;37;23;25;5;9;-14;-52.0;Fischer & Whitney (2014);Experiment 1b;Orientation;1;11;-52.0;-9.0;70.0;-32.0;26.0;41.0;25;5
1;74;72;26;5;9;-2;-37.0;Fischer & Whitney (2014);Experiment 1b;Orientation;1;11;-37.0;-89.0;-46.0;33.0;-69.0;-11.0;26;5
1;48;51;27;5;9;3;26.0;Fischer & Whitney (2014);Experiment 1b;Orientation;1;11;26.0;-11.0;-63.0;-20.0;59.0;-43.0;27;5
1;138;120;28;5;9;-18;-90.0;Fischer & Whitney (2014);Experiment 1b;Orientation;1;11;90.0;-64.0;79.0;27.0;70.0;-31.0;28;5
1;99;111;29;5;9;12;39.0;Fischer & Whitney (2014);Experiment 1b;Orientation;1;11;39.0;-51.0;-25.0;-62.0;66.0;-71.0;29;5
1;43;35;30;5;9;-8;56.0;Fischer & Whitney (2014);Experiment 1b;Orientation;1;11;56.0;-85.0;5.0;31.0;-6.0;-58.0;30;5
1;150;163;31;5;9;13;73.0;Fischer & Whitney (2014);Experiment 1b;Orientation;1;11;73.0;-51.0;-12.0;78.0;-76.0;67.0;31;5
1;24;17;32;5;9;-7;-54.0;Fischer & Whitney (2014);Experiment 1b;Orientation;1;11;-54.0;19.0;75.0;-66.0;24.0;50.0;32;5
1;47;23;33;5;9;-24;-23.0;Fischer & Whitney (2014);Experiment 1b;Orientation;1;11;-23.0;-77.0;-4.0;52.0;-89.0;1.0;33;5
1;89;77;34;5;9;-12;-42.0;Fischer & Whitney (2014);Experiment 1b;Orientation;1;11;-42.0;-65.0;61.0;-46.0;10.0;49.0;34;5
1;156;158;35;5;9;2;-67.0;Fischer & Whitney (2014);Experiment 1b;Orientation;1;11;-67.0;71.0;48.0;-6.0;67.0;-57.0;35;5
1;135;150;36;5;9;15;21.0;Fischer & Whitney (2014);Experiment 1b;Orientation;1;11;21.0;-46.0;-88.0;69.0;15.0;88.0;36;5
1;87;82;37;5;9;-5;48.0;Fischer & Whitney (2014);Experiment 1b;Orientation;1;11;48.0;69.0;2.0;-40.0;-63.0;63.0;37;5
1;41;46;38;5;9;5;46.0;Fischer & Whitney (2014);Experiment 1b;Orientation;1;11;46.0;-86.0;-65.0;48.0;6.0;-17.0;38;5
1;46;46;39;5;9;0;-5.0;Fischer & Whitney (2014);Experiment 1b;Orientation;1;11;-5.0;41.0;89.0;-70.0;43.0;1.0;39;5
1;28;33;40;5;9;5;18.0;Fischer & Whitney (2014);Experiment 1b;Orientation;1;11;18.0;13.0;59.0;-73.0;-52.0;61.0;40;5
1;104;114;41;5;9;10;-76.0;Fischer & Whitney (2014);Experiment 1b;Orientation;1;11;-76.0;-58.0;-63.0;-17.0;31.0;52.0;41;5
1;24;23;42;5;9;-1;80.0;Fischer & Whitney (2014);Experiment 1b;Orientation;1;11;80.0;4.0;22.0;17.0;63.0;-69.0;42;5
1;70;81;43;5;9;11;-46.0;Fischer & Whitney (2014);Experiment 1b;Orientation;1;11;-46.0;34.0;-42.0;-24.0;-29.0;17.0;43;5
1;140;160;44;5;9;20;-70.0;Fischer & Whitney (2014);Experiment 1b;Orientation;1;11;-70.0;64.0;-36.0;68.0;86.0;81.0;44;5
1;169;167;45;5;9;-2;-29.0;Fischer & Whitney (2014);Experiment 1b;Orientation;1;11;-29.0;81.0;35.0;-65.0;39.0;57.0;45;5
1;48;27;46;5;9;-21;-59.0;Fischer & Whitney (2014);Experiment 1b;Orientation;1;11;-59.0;-88.0;22.0;-24.0;56.0;-20.0;46;5
1;176;167;47;5;9;-9;52.0;Fischer & Whitney (2014);Experiment 1b;Orientation;1;11;52.0;-7.0;-36.0;74.0;28.0;-72.0;47;5
1;133;142;48;5;9;9;43.0;Fischer & Whitney (2014);Experiment 1b;Orientation;1;11;43.0;-85.0;36.0;7.0;-63.0;71.0;48;5
1;140;140;49;5;9;0;-7.0;Fischer & Whitney (2014);Experiment 1b;Orientation;1;11;-7.0;36.0;88.0;29.0;0.0;-70.0;49;5
1;155;155;50;5;9;0;-15.0;Fischer & Whitney (2014);Experiment 1b;Orientation;1;11;-15.0;-22.0;21.0;73.0;14.0;-15.0;50;5
1;120;120;51;5;9;0;35.0;Fischer & Whitney (2014);Experiment 1b;Orientation;1;11;35.0;20.0;13.0;56.0;-72.0;49.0;51;5
1;178;178;52;5;9;0;-58.0;Fischer & Whitney (2014);Experiment 1b;Orientation;1;11;-58.0;-23.0;-38.0;-45.0;-2.0;50.0;52;5
1;72;76;53;5;9;4;-74.0;Fischer & Whitney (2014);Experiment 1b;Orientation;1;11;-74.0;48.0;83.0;68.0;61.0;-76.0;53;5
1;74;75;54;5;9;1;-2.0;Fischer & Whitney (2014);Experiment 1b;Orientation;1;11;-2.0;-76.0;46.0;81.0;66.0;59.0;54;5
1;101;107;55;5;9;6;-27.0;Fischer & Whitney (2014);Experiment 1b;Orientation;1;11;-27.0;-29.0;77.0;19.0;54.0;39.0;55;5
1;73;72;56;5;9;-1;28.0;Fischer & Whitney (2014);Experiment 1b;Orientation;1;11;28.0;1.0;-1.0;-75.0;47.0;82.0;56;5
1;1;9;57;5;9;8;72.0;Fischer & Whitney (2014);Experiment 1b;Orientation;1;11;72.0;-80.0;73.0;71.0;-3.0;-61.0;57;5
1;3;1;58;5;9;-2;-2.0;Fischer & Whitney (2014);Experiment 1b;Orientation;1;11;-2.0;70.0;-82.0;71.0;69.0;-5.0;58;5
1;148;155;59;5;9;7;35.0;Fischer & Whitney (2014);Experiment 1b;Orientation;1;11;35.0;33.0;-75.0;-47.0;-74.0;-76.0;59;5
1;88;105;60;5;9;17;60.0;Fischer & Whitney (2014);Experiment 1b;Orientation;1;11;60.0;-85.0;-87.0;-15.0;13.0;-14.0;60;5
1;179;173;61;5;9;-6;89.0;Fischer & Whitney (2014);Experiment 1b;Orientation;1;11;89.0;-31.0;4.0;2.0;74.0;-78.0;61;5
1;138;159;62;5;9;21;41.0;Fischer & Whitney (2014);Experiment 1b;Orientation;1;11;41.0;-50.0;10.0;45.0;43.0;-65.0;62;5
1;107;110;63;5;9;3;31.0;Fischer & Whitney (2014);Experiment 1b;Orientation;1;11;31.0;72.0;-19.0;41.0;76.0;74.0;63;5
1;81;70;64;5;9;-11;26.0;Fischer & Whitney (2014);Experiment 1b;Orientation;1;11;26.0;57.0;-82.0;7.0;67.0;-78.0;64;5
1;104;110;65;5;9;6;-23.0;Fischer & Whitney (2014);Experiment 1b;Orientation;1;11;-23.0;3.0;34.0;75.0;-16.0;44.0;65;5
1;1;175;66;5;9;-6;-77.0;Fischer & Whitney (2014);Experiment 1b;Orientation;1;11;-77.0;80.0;-74.0;-43.0;-2.0;87.0;66;5
1;160;166;67;5;9;6;21.0;Fischer & Whitney (2014);Experiment 1b;Orientation;1;11;21.0;-56.0;-79.0;-53.0;-22.0;19.0;67;5
1;140;151;68;5;9;11;20.0;Fischer & Whitney (2014);Experiment 1b;Orientation;1;11;20.0;41.0;-36.0;-59.0;-33.0;-2.0;68;5
1;75;69;69;5;9;-6;65.0;Fischer & Whitney (2014);Experiment 1b;Orientation;1;11;65.0;85.0;-74.0;29.0;6.0;32.0;69;5
1;6;11;70;5;9;5;69.0;Fischer & Whitney (2014);Experiment 1b;Orientation;1;11;69.0;-46.0;-26.0;-5.0;-82.0;75.0;70;5
1;174;174;71;5;9;0;12.0;Fischer & Whitney (2014);Experiment 1b;Orientation;1;11;12.0;81.0;-34.0;-14.0;7.0;-70.0;71;5
1;80;70;72;5;9;-10;-86.0;Fischer & Whitney (2014);Experiment 1b;Orientation;1;11;-86.0;-74.0;-5.0;60.0;80.0;-79.0;72;5
1;100;105;73;5;9;5;-20.0;Fischer & Whitney (2014);Experiment 1b;Orientation;1;11;-20.0;74.0;86.0;-25.0;40.0;60.0;73;5
1;48;35;74;5;9;-13;52.0;Fischer & Whitney (2014);Experiment 1b;Orientation;1;11;52.0;32.0;-54.0;-42.0;27.0;-88.0;74;5
1;49;40;75;5;9;-9;-1.0;Fischer & Whitney (2014);Experiment 1b;Orientation;1;11;-1.0;51.0;31.0;-55.0;-43.0;26.0;75;5
1;60;58;76;5;9;-2;-11.0;Fischer & Whitney (2014);Experiment 1b;Orientation;1;11;-11.0;-12.0;40.0;20.0;-66.0;-54.0;76;5
1;113;111;77;5;9;-2;-53.0;Fischer & Whitney (2014);Experiment 1b;Orientation;1;11;-53.0;-64.0;-65.0;-13.0;-33.0;61.0;77;5
1;93;107;78;5;9;14;20.0;Fischer & Whitney (2014);Experiment 1b;Orientation;1;11;20.0;-33.0;-44.0;-45.0;7.0;-13.0;78;5
1;34;36;79;5;9;2;59.0;Fischer & Whitney (2014);Experiment 1b;Orientation;1;11;59.0;79.0;26.0;15.0;14.0;66.0;79;5
1;67;51;80;5;9;-16;-33.0;Fischer & Whitney (2014);Experiment 1b;Orientation;1;11;-33.0;26.0;46.0;-7.0;-18.0;-19.0;80;5
1;24;24;81;5;9;0;43.0;Fischer & Whitney (2014);Experiment 1b;Orientation;1;11;43.0;10.0;69.0;89.0;36.0;25.0;81;5
1;43;31;82;5;9;-12;-19.0;Fischer & Whitney (2014);Experiment 1b;Orientation;1;11;-19.0;24.0;-9.0;50.0;70.0;17.0;82;5
1;41;29;83;5;9;-12;2.0;Fischer & Whitney (2014);Experiment 1b;Orientation;1;11;2.0;-17.0;26.0;-7.0;52.0;72.0;83;5
1;90;97;84;5;9;7;-49.0;Fischer & Whitney (2014);Experiment 1b;Orientation;1;11;-49.0;-47.0;-66.0;-23.0;-56.0;3.0;84;5
1;70;68;85;5;9;-2;20.0;Fischer & Whitney (2014);Experiment 1b;Orientation;1;11;20.0;-29.0;-27.0;-46.0;-3.0;-36.0;85;5
1;132;135;86;5;9;3;-62.0;Fischer & Whitney (2014);Experiment 1b;Orientation;1;11;-62.0;-42.0;89.0;-89.0;72.0;-65.0;86;5
1;146;140;87;5;9;-6;-14.0;Fischer & Whitney (2014);Experiment 1b;Orientation;1;11;-14.0;-76.0;-56.0;75.0;77.0;58.0;87;5
1;154;154;88;5;9;0;-8.0;Fischer & Whitney (2014);Experiment 1b;Orientation;1;11;-8.0;-22.0;-84.0;-64.0;67.0;69.0;88;5
1;3;175;89;5;9;-8;-29.0;Fischer & Whitney (2014);Experiment 1b;Orientation;1;11;-29.0;-37.0;-51.0;67.0;87.0;38.0;89;5
1;17;9;90;5;9;-8;-14.0;Fischer & Whitney (2014);Experiment 1b;Orientation;1;11;-14.0;-43.0;-51.0;-65.0;53.0;73.0;90;5
1;63;65;91;5;9;2;-46.0;Fischer & Whitney (2014);Experiment 1b;Orientation;1;11;-46.0;-60.0;-89.0;83.0;69.0;7.0;91;5
1;165;166;92;5;9;1;78.0;Fischer & Whitney (2014);Experiment 1b;Orientation;1;11;78.0;32.0;18.0;-11.0;-19.0;-33.0;92;5
1;62;66;93;5;9;4;-77.0;Fischer & Whitney (2014);Experiment 1b;Orientation;1;11;-77.0;1.0;-45.0;-59.0;-88.0;84.0;93;5
1;139;138;94;5;9;-1;-77.0;Fischer & Whitney (2014);Experiment 1b;Orientation;1;11;-77.0;26.0;-76.0;58.0;44.0;15.0;94;5
1;165;156;95;5;9;-9;-26.0;Fischer & Whitney (2014);Experiment 1b;Orientation;1;11;-26.0;77.0;0.0;78.0;32.0;18.0;95;5
1;7;10;96;5;9;3;-22.0;Fischer & Whitney (2014);Experiment 1b;Orientation;1;11;-22.0;-48.0;55.0;-22.0;56.0;10.0;96;5
1;175;170;97;5;9;-5;12.0;Fischer & Whitney (2014);Experiment 1b;Orientation;1;11;12.0;-10.0;-36.0;67.0;-10.0;68.0;97;5
1;142;159;98;5;9;17;33.0;Fischer & Whitney (2014);Experiment 1b;Orientation;1;11;33.0;45.0;23.0;-3.0;-80.0;23.0;98;5
1;123;104;99;5;9;-19;19.0;Fischer & Whitney (2014);Experiment 1b;Orientation;1;11;19.0;52.0;64.0;42.0;16.0;-61.0;99;5
1;118;107;100;5;9;-11;5.0;Fischer & Whitney (2014);Experiment 1b;Orientation;1;11;5.0;24.0;57.0;69.0;47.0;21.0;100;5
1;13;16;101;5;9;3;-75.0;Fischer & Whitney (2014);Experiment 1b;Orientation;1;11;-75.0;-70.0;-51.0;-18.0;-6.0;-28.0;101;5
1;55;39;102;5;9;-16;-42.0;Fischer & Whitney (2014);Experiment 1b;Orientation;1;11;-42.0;63.0;68.0;87.0;-60.0;-48.0;102;5
1;96;111;103;5;9;15;-41.0;Fischer & Whitney (2014);Experiment 1b;Orientation;1;11;-41.0;-83.0;22.0;27.0;46.0;79.0;103;5
1;7;10;104;5;9;3;89.0;Fischer & Whitney (2014);Experiment 1b;Orientation;1;11;89.0;48.0;6.0;-69.0;-64.0;-45.0;104;5
1;105;109;1;6;9;4;82.0;Fischer & Whitney (2014);Experiment 1b;Orientation;1;11;;;;;;;1;6
1;40;33;2;6;9;-7;65.0;Fischer & Whitney (2014);Experiment 1b;Orientation;1;11;;;;;;;2;6
1;49;46;3;6;9;-3;-9.0;Fischer & Whitney (2014);Experiment 1b;Orientation;1;11;;;;;;;3;6
1;140;128;4;6;9;-12;89.0;Fischer & Whitney (2014);Experiment 1b;Orientation;1;11;;;;;;;4;6
1;3;24;5;6;9;21;-43.0;Fischer & Whitney (2014);Experiment 1b;Orientation;1;11;;;;;;;5;6
1;75;71;6;6;9;-4;-72.0;Fischer & Whitney (2014);Experiment 1b;Orientation;1;11;;;;;;;6;6
1;130;125;7;6;9;-5;-55.0;Fischer & Whitney (2014);Experiment 1b;Orientation;1;11;-55.0;53.0;10.0;-81.0;90.0;-25.0;7;6
1;3;6;8;6;9;3;-53.0;Fischer & Whitney (2014);Experiment 1b;Orientation;1;11;-53.0;72.0;0.0;-43.0;46.0;37.0;8;6
1;21;8;9;6;9;-13;-18.0;Fischer & Whitney (2014);Experiment 1b;Orientation;1;11;-18.0;-71.0;54.0;-18.0;-61.0;28.0;9;6
1;3;10;10;6;9;7;18.0;Fischer & Whitney (2014);Experiment 1b;Orientation;1;11;18.0;0.0;-53.0;72.0;0.0;-43.0;10;6
1;27;21;11;6;9;-6;-24.0;Fischer & Whitney (2014);Experiment 1b;Orientation;1;11;-24.0;-6.0;-24.0;-77.0;48.0;-24.0;11;6
1;129;136;12;6;9;7;78.0;Fischer & Whitney (2014);Experiment 1b;Orientation;1;11;78.0;54.0;72.0;54.0;1.0;-54.0;12;6
1;4;1;13;6;9;-3;-55.0;Fischer & Whitney (2014);Experiment 1b;Orientation;1;11;-55.0;23.0;-1.0;17.0;-1.0;-54.0;13;6
1;145;134;14;6;9;-11;39.0;Fischer & Whitney (2014);Experiment 1b;Orientation;1;11;39.0;-16.0;62.0;38.0;56.0;38.0;14;6
1;50;37;15;6;9;-13;-85.0;Fischer & Whitney (2014);Experiment 1b;Orientation;1;11;-85.0;-46.0;79.0;-23.0;-47.0;-29.0;15;6
1;169;156;16;6;9;-13;61.0;Fischer & Whitney (2014);Experiment 1b;Orientation;1;11;61.0;-24.0;15.0;-40.0;38.0;14.0;16;6
1;103;104;17;6;9;1;66.0;Fischer & Whitney (2014);Experiment 1b;Orientation;1;11;66.0;-53.0;42.0;81.0;26.0;-76.0;17;6
1;68;69;18;6;9;1;35.0;Fischer & Whitney (2014);Experiment 1b;Orientation;1;11;35.0;-79.0;-18.0;77.0;-64.0;61.0;18;6
1;48;42;19;6;9;-6;20.0;Fischer & Whitney (2014);Experiment 1b;Orientation;1;11;20.0;55.0;-59.0;2.0;-83.0;-44.0;19;6
1;51;54;20;6;9;3;-3.0;Fischer & Whitney (2014);Experiment 1b;Orientation;1;11;-3.0;17.0;52.0;-62.0;-1.0;-86.0;20;6
1;133;122;21;6;9;-11;-82.0;Fischer & Whitney (2014);Experiment 1b;Orientation;1;11;-82.0;-85.0;-65.0;-30.0;36.0;-83.0;21;6
1;116;122;22;6;9;6;17.0;Fischer & Whitney (2014);Experiment 1b;Orientation;1;11;17.0;-65.0;-68.0;-48.0;-13.0;53.0;22;6
1;54;44;23;6;9;-10;62.0;Fischer & Whitney (2014);Experiment 1b;Orientation;1;11;62.0;79.0;-3.0;-6.0;14.0;49.0;23;6
1;68;66;24;6;9;-2;-14.0;Fischer & Whitney (2014);Experiment 1b;Orientation;1;11;-14.0;48.0;65.0;-17.0;-20.0;0.0;24;6
1;37;43;25;6;9;6;31.0;Fischer & Whitney (2014);Experiment 1b;Orientation;1;11;31.0;17.0;79.0;-84.0;14.0;11.0;25;6
1;126;129;26;6;9;3;-89.0;Fischer & Whitney (2014);Experiment 1b;Orientation;1;11;-89.0;-58.0;-72.0;-10.0;7.0;-75.0;26;6
1;0;175;27;6;9;-5;-54.0;Fischer & Whitney (2014);Experiment 1b;Orientation;1;11;-54.0;37.0;68.0;54.0;-64.0;-47.0;27;6
1;179;174;28;6;9;-5;1.0;Fischer & Whitney (2014);Experiment 1b;Orientation;1;11;1.0;-53.0;38.0;69.0;55.0;-63.0;28;6
1;95;102;29;6;9;7;84.0;Fischer & Whitney (2014);Experiment 1b;Orientation;1;11;84.0;85.0;31.0;-58.0;-27.0;-41.0;29;6
1;128;111;30;6;9;-17;-33.0;Fischer & Whitney (2014);Experiment 1b;Orientation;1;11;-33.0;51.0;52.0;-2.0;89.0;-60.0;30;6
1;157;130;31;6;9;-27;-29.0;Fischer & Whitney (2014);Experiment 1b;Orientation;1;11;-29.0;-62.0;22.0;23.0;-31.0;60.0;31;6
1;177;171;32;6;9;-6;-20.0;Fischer & Whitney (2014);Experiment 1b;Orientation;1;11;-20.0;-49.0;-82.0;2.0;3.0;-51.0;32;6
1;158;160;33;6;9;2;19.0;Fischer & Whitney (2014);Experiment 1b;Orientation;1;11;19.0;-1.0;-30.0;-63.0;21.0;22.0;33;6
1;9;18;34;6;9;9;-31.0;Fischer & Whitney (2014);Experiment 1b;Orientation;1;11;-31.0;-12.0;-32.0;-61.0;86.0;-10.0;34;6
1;56;61;35;6;9;5;-47.0;Fischer & Whitney (2014);Experiment 1b;Orientation;1;11;-47.0;-78.0;-59.0;-79.0;72.0;39.0;35;6
1;112;112;36;6;9;0;-56.0;Fischer & Whitney (2014);Experiment 1b;Orientation;1;11;-56.0;77.0;46.0;65.0;45.0;16.0;36;6
1;100;111;37;6;9;11;12.0;Fischer & Whitney (2014);Experiment 1b;Orientation;1;11;12.0;-44.0;89.0;58.0;77.0;57.0;37;6
1;143;125;38;6;9;-18;-43.0;Fischer & Whitney (2014);Experiment 1b;Orientation;1;11;-43.0;-31.0;-87.0;46.0;15.0;34.0;38;6
1;122;117;39;6;9;-5;21.0;Fischer & Whitney (2014);Experiment 1b;Orientation;1;11;21.0;-22.0;-10.0;-66.0;67.0;36.0;39;6
1;15;24;40;6;9;9;-73.0;Fischer & Whitney (2014);Experiment 1b;Orientation;1;11;-73.0;-52.0;85.0;-83.0;41.0;-6.0;40;6
1;148;145;41;6;9;-3;47.0;Fischer & Whitney (2014);Experiment 1b;Orientation;1;11;47.0;-26.0;-5.0;-48.0;-36.0;88.0;41;6
1;37;37;42;6;9;0;-69.0;Fischer & Whitney (2014);Experiment 1b;Orientation;1;11;-69.0;-22.0;85.0;-74.0;63.0;75.0;42;6
1;134;138;43;6;9;4;83.0;Fischer & Whitney (2014);Experiment 1b;Orientation;1;11;83.0;14.0;61.0;-12.0;9.0;-34.0;43;6
1;47;50;44;6;9;3;87.0;Fischer & Whitney (2014);Experiment 1b;Orientation;1;11;87.0;-10.0;-79.0;-32.0;75.0;-84.0;44;6
1;173;173;45;6;9;0;54.0;Fischer & Whitney (2014);Experiment 1b;Orientation;1;11;54.0;-39.0;44.0;-25.0;22.0;-51.0;45;6
1;161;164;46;6;9;3;12.0;Fischer & Whitney (2014);Experiment 1b;Orientation;1;11;12.0;66.0;-27.0;56.0;-13.0;34.0;46;6
1;15;14;47;6;9;-1;-34.0;Fischer & Whitney (2014);Experiment 1b;Orientation;1;11;-34.0;-22.0;32.0;-61.0;22.0;-47.0;47;6
1;178;9;48;6;9;11;17.0;Fischer & Whitney (2014);Experiment 1b;Orientation;1;11;17.0;-17.0;-5.0;49.0;-44.0;39.0;48;6
1;166;161;49;6;9;-5;12.0;Fischer & Whitney (2014);Experiment 1b;Orientation;1;11;12.0;29.0;-5.0;7.0;61.0;-32.0;49;6
1;19;19;50;6;9;0;-33.0;Fischer & Whitney (2014);Experiment 1b;Orientation;1;11;-33.0;-21.0;-4.0;-38.0;-26.0;28.0;50;6
1;105;111;51;6;9;6;-86.0;Fischer & Whitney (2014);Experiment 1b;Orientation;1;11;-86.0;61.0;73.0;90.0;56.0;68.0;51;6
1;145;117;52;6;9;-28;-40.0;Fischer & Whitney (2014);Experiment 1b;Orientation;1;11;-40.0;54.0;21.0;33.0;50.0;16.0;52;6
1;151;141;53;6;9;-10;-6.0;Fischer & Whitney (2014);Experiment 1b;Orientation;1;11;-6.0;-46.0;48.0;15.0;27.0;44.0;53;6
1;137;138;54;6;9;1;14.0;Fischer & Whitney (2014);Experiment 1b;Orientation;1;11;14.0;8.0;-32.0;62.0;29.0;41.0;54;6
1;7;12;55;6;9;5;-50.0;Fischer & Whitney (2014);Experiment 1b;Orientation;1;11;-50.0;-36.0;-42.0;-82.0;12.0;-21.0;55;6
1;39;30;56;6;9;-9;-32.0;Fischer & Whitney (2014);Experiment 1b;Orientation;1;11;-32.0;-82.0;-68.0;-74.0;66.0;-20.0;56;6
1;117;118;57;6;9;1;-78.0;Fischer & Whitney (2014);Experiment 1b;Orientation;1;11;-78.0;70.0;20.0;34.0;28.0;-12.0;57;6
1;110;117;58;6;9;7;7.0;Fischer & Whitney (2014);Experiment 1b;Orientation;1;11;7.0;-71.0;77.0;27.0;41.0;35.0;58;6
1;54;57;59;6;9;3;56.0;Fischer & Whitney (2014);Experiment 1b;Orientation;1;11;56.0;63.0;-15.0;-47.0;83.0;-83.0;59;6
1;175;174;60;6;9;-1;59.0;Fischer & Whitney (2014);Experiment 1b;Orientation;1;11;59.0;-65.0;-58.0;44.0;12.0;-38.0;60;6
1;5;176;61;6;9;-9;-10.0;Fischer & Whitney (2014);Experiment 1b;Orientation;1;11;-10.0;49.0;-75.0;-68.0;34.0;2.0;61;6
1;11;9;62;6;9;-2;-6.0;Fischer & Whitney (2014);Experiment 1b;Orientation;1;11;-6.0;-16.0;43.0;-81.0;-74.0;28.0;62;6
1;83;76;63;6;9;-7;-72.0;Fischer & Whitney (2014);Experiment 1b;Orientation;1;11;-72.0;-78.0;-88.0;-29.0;27.0;34.0;63;6
1;167;164;64;6;9;-3;-84.0;Fischer & Whitney (2014);Experiment 1b;Orientation;1;11;-84.0;24.0;18.0;8.0;67.0;-57.0;64;6
1;88;75;65;6;9;-13;79.0;Fischer & Whitney (2014);Experiment 1b;Orientation;1;11;79.0;-5.0;-77.0;-83.0;87.0;-34.0;65;6
1;4;12;66;6;9;8;84.0;Fischer & Whitney (2014);Experiment 1b;Orientation;1;11;84.0;-17.0;79.0;7.0;1.0;-9.0;66;6
1;107;108;67;6;9;1;77.0;Fischer & Whitney (2014);Experiment 1b;Orientation;1;11;77.0;-19.0;60.0;-24.0;84.0;78.0;67;6
1;126;114;68;6;9;-12;-19.0;Fischer & Whitney (2014);Experiment 1b;Orientation;1;11;-19.0;58.0;-38.0;41.0;-43.0;65.0;68;6
1;1;8;69;6;9;7;-55.0;Fischer & Whitney (2014);Experiment 1b;Orientation;1;11;-55.0;-74.0;3.0;87.0;-14.0;82.0;69;6
1;68;60;70;6;9;-8;-67.0;Fischer & Whitney (2014);Experiment 1b;Orientation;1;11;-67.0;58.0;39.0;-64.0;20.0;-81.0;70;6
1;146;141;71;6;9;-5;-78.0;Fischer & Whitney (2014);Experiment 1b;Orientation;1;11;-78.0;35.0;-20.0;-39.0;38.0;-58.0;71;6
1;143;148;72;6;9;5;3.0;Fischer & Whitney (2014);Experiment 1b;Orientation;1;11;3.0;-75.0;38.0;-17.0;-36.0;41.0;72;6
1;177;170;73;6;9;-7;-34.0;Fischer & Whitney (2014);Experiment 1b;Orientation;1;11;-34.0;-31.0;71.0;4.0;-51.0;-70.0;73;6
1;144;149;74;6;9;5;33.0;Fischer & Whitney (2014);Experiment 1b;Orientation;1;11;33.0;-1.0;2.0;-76.0;37.0;-18.0;74;6
1;25;23;75;6;9;-2;-61.0;Fischer & Whitney (2014);Experiment 1b;Orientation;1;11;-61.0;-28.0;-62.0;-59.0;43.0;-24.0;75;6
1;175;172;76;6;9;-3;30.0;Fischer & Whitney (2014);Experiment 1b;Orientation;1;11;30.0;-31.0;2.0;-32.0;-29.0;73.0;76;6
1;55;63;77;6;9;8;-60.0;Fischer & Whitney (2014);Experiment 1b;Orientation;1;11;-60.0;-30.0;89.0;-58.0;88.0;-89.0;77;6
1;33;41;78;6;9;8;22.0;Fischer & Whitney (2014);Experiment 1b;Orientation;1;11;22.0;-38.0;-8.0;-69.0;-36.0;-70.0;78;6
1;80;71;79;6;9;-9;-47.0;Fischer & Whitney (2014);Experiment 1b;Orientation;1;11;-47.0;-25.0;-85.0;-55.0;64.0;-83.0;79;6
1;24;30;80;6;9;6;56.0;Fischer & Whitney (2014);Experiment 1b;Orientation;1;11;56.0;9.0;31.0;-29.0;1.0;-60.0;80;6
1;11;25;81;6;9;14;13.0;Fischer & Whitney (2014);Experiment 1b;Orientation;1;11;13.0;69.0;22.0;44.0;-16.0;14.0;81;6
1;7;7;82;6;9;0;4.0;Fischer & Whitney (2014);Experiment 1b;Orientation;1;11;4.0;17.0;73.0;26.0;48.0;-12.0;82;6
1;46;64;83;6;9;18;-39.0;Fischer & Whitney (2014);Experiment 1b;Orientation;1;11;-39.0;-35.0;-22.0;34.0;-13.0;9.0;83;6
1;144;144;84;6;9;0;82.0;Fischer & Whitney (2014);Experiment 1b;Orientation;1;11;82.0;43.0;47.0;60.0;-64.0;69.0;84;6
1;87;80;85;6;9;-7;57.0;Fischer & Whitney (2014);Experiment 1b;Orientation;1;11;57.0;-41.0;-80.0;-76.0;-63.0;-7.0;85;6
1;106;100;86;6;9;-6;-19.0;Fischer & Whitney (2014);Experiment 1b;Orientation;1;11;-19.0;38.0;-60.0;81.0;85.0;-82.0;86;6
1;170;165;87;6;9;-5;-64.0;Fischer & Whitney (2014);Experiment 1b;Orientation;1;11;-64.0;-83.0;-26.0;56.0;17.0;21.0;87;6
1;96;103;88;6;9;7;74.0;Fischer & Whitney (2014);Experiment 1b;Orientation;1;11;74.0;10.0;-9.0;48.0;-50.0;-89.0;88;6
1;130;106;89;6;9;-24;-34.0;Fischer & Whitney (2014);Experiment 1b;Orientation;1;11;-34.0;40.0;-24.0;-43.0;14.0;-84.0;89;6
1;106;104;90;6;9;-2;24.0;Fischer & Whitney (2014);Experiment 1b;Orientation;1;11;24.0;-10.0;64.0;0.0;-19.0;38.0;90;6
1;33;27;91;6;9;-6;73.0;Fischer & Whitney (2014);Experiment 1b;Orientation;1;11;73.0;-83.0;63.0;-43.0;73.0;54.0;91;6
1;61;52;92;6;9;-9;-28.0;Fischer & Whitney (2014);Experiment 1b;Orientation;1;11;-28.0;45.0;69.0;35.0;-71.0;45.0;92;6
1;106;120;93;6;9;14;-45.0;Fischer & Whitney (2014);Experiment 1b;Orientation;1;11;-45.0;-73.0;0.0;24.0;-10.0;64.0;93;6
1;44;55;94;6;9;11;62.0;Fischer & Whitney (2014);Experiment 1b;Orientation;1;11;62.0;17.0;-11.0;62.0;86.0;52.0;94;6
1;70;56;95;6;9;-14;-26.0;Fischer & Whitney (2014);Experiment 1b;Orientation;1;11;-26.0;36.0;-9.0;-37.0;36.0;60.0;95;6
1;115;111;96;6;9;-4;-45.0;Fischer & Whitney (2014);Experiment 1b;Orientation;1;11;-45.0;-71.0;-9.0;-54.0;-82.0;-9.0;96;6
1;26;25;97;6;9;-1;89.0;Fischer & Whitney (2014);Experiment 1b;Orientation;1;11;89.0;44.0;18.0;80.0;35.0;7.0;97;6
1;65;66;98;6;9;1;-39.0;Fischer & Whitney (2014);Experiment 1b;Orientation;1;11;-39.0;50.0;5.0;-21.0;41.0;-4.0;98;6
1;82;69;99;6;9;-13;-17.0;Fischer & Whitney (2014);Experiment 1b;Orientation;1;11;-17.0;-56.0;33.0;-12.0;-38.0;24.0;99;6
1;13;18;100;6;9;5;69.0;Fischer & Whitney (2014);Experiment 1b;Orientation;1;11;69.0;52.0;13.0;-78.0;57.0;31.0;100;6
1;73;72;101;6;9;-1;-60.0;Fischer & Whitney (2014);Experiment 1b;Orientation;1;11;-60.0;9.0;-8.0;-47.0;42.0;-3.0;101;6
1;175;5;102;6;9;10;78.0;Fischer & Whitney (2014);Experiment 1b;Orientation;1;11;78.0;18.0;87.0;70.0;31.0;-60.0;102;6
1;45;60;103;6;9;15;-50.0;Fischer & Whitney (2014);Experiment 1b;Orientation;1;11;-50.0;28.0;-32.0;37.0;20.0;-19.0;103;6
1;54;48;104;6;9;-6;-9.0;Fischer & Whitney (2014);Experiment 1b;Orientation;1;11;-9.0;-59.0;19.0;-41.0;28.0;11.0;104;6
1;41;40;1;7;9;-1;13.0;Fischer & Whitney (2014);Experiment 1b;Orientation;1;11;;;;;;;1;7
1;52;53;2;7;9;1;-11.0;Fischer & Whitney (2014);Experiment 1b;Orientation;1;11;;;;;;;2;7
1;22;21;3;7;9;-1;30.0;Fischer & Whitney (2014);Experiment 1b;Orientation;1;11;;;;;;;3;7
1;149;151;4;7;9;2;53.0;Fischer & Whitney (2014);Experiment 1b;Orientation;1;11;;;;;;;4;7
1;142;142;5;7;9;0;7.0;Fischer & Whitney (2014);Experiment 1b;Orientation;1;11;;;;;;;5;7
1;40;40;6;7;9;0;-78.0;Fischer & Whitney (2014);Experiment 1b;Orientation;1;11;;;;;;;6;7
1;179;168;7;7;9;-11;41.0;Fischer & Whitney (2014);Experiment 1b;Orientation;1;11;41.0;-37.0;-30.0;23.0;53.0;42.0;7;7
1;158;150;8;7;9;-8;21.0;Fischer & Whitney (2014);Experiment 1b;Orientation;1;11;21.0;62.0;-16.0;-9.0;44.0;74.0;8;7
1;33;32;9;7;9;-1;-55.0;Fischer & Whitney (2014);Experiment 1b;Orientation;1;11;-55.0;-34.0;7.0;-71.0;-64.0;-11.0;9;7
1;69;70;10;7;9;1;-36.0;Fischer & Whitney (2014);Experiment 1b;Orientation;1;11;-36.0;89.0;-70.0;-29.0;73.0;80.0;10;7
1;47;52;11;7;9;5;22.0;Fischer & Whitney (2014);Experiment 1b;Orientation;1;11;22.0;-14.0;-69.0;-48.0;-7.0;-85.0;11;7
1;162;162;12;7;9;0;65.0;Fischer & Whitney (2014);Experiment 1b;Orientation;1;11;65.0;87.0;51.0;-4.0;17.0;58.0;12;7
1;111;116;13;7;9;5;51.0;Fischer & Whitney (2014);Experiment 1b;Orientation;1;11;51.0;-64.0;-42.0;-78.0;47.0;68.0;13;7
1;126;119;14;7;9;-7;-15.0;Fischer & Whitney (2014);Experiment 1b;Orientation;1;11;-15.0;36.0;-79.0;-57.0;87.0;32.0;14;7
1;101;108;15;7;9;7;25.0;Fischer & Whitney (2014);Experiment 1b;Orientation;1;11;25.0;10.0;61.0;-54.0;-32.0;-68.0;15;7
1;124;115;16;7;9;-9;-23.0;Fischer & Whitney (2014);Experiment 1b;Orientation;1;11;-23.0;2.0;-13.0;38.0;-77.0;-55.0;16;7
1;87;82;17;7;9;-5;37.0;Fischer & Whitney (2014);Experiment 1b;Orientation;1;11;37.0;14.0;39.0;24.0;75.0;-40.0;17;7
1;174;168;18;7;9;-6;-87.0;Fischer & Whitney (2014);Experiment 1b;Orientation;1;11;-87.0;-50.0;-73.0;-48.0;-63.0;-12.0;18;7
1;14;12;19;7;9;-2;-20.0;Fischer & Whitney (2014);Experiment 1b;Orientation;1;11;-20.0;73.0;-70.0;87.0;-68.0;-83.0;19;7
1;105;108;20;7;9;3;89.0;Fischer & Whitney (2014);Experiment 1b;Orientation;1;11;89.0;69.0;-18.0;19.0;-4.0;21.0;20;7
1;128;114;21;7;9;-14;-23.0;Fischer & Whitney (2014);Experiment 1b;Orientation;1;11;-23.0;66.0;46.0;-41.0;-4.0;-27.0;21;7
1;62;67;22;7;9;5;66.0;Fischer & Whitney (2014);Experiment 1b;Orientation;1;11;66.0;43.0;-48.0;-68.0;25.0;62.0;22;7
1;37;47;23;7;9;10;25.0;Fischer & Whitney (2014);Experiment 1b;Orientation;1;11;25.0;-89.0;68.0;-23.0;-43.0;50.0;23;7
1;59;64;24;7;9;5;-22.0;Fischer & Whitney (2014);Experiment 1b;Orientation;1;11;-22.0;3.0;69.0;46.0;-45.0;-65.0;24;7
1;95;100;25;7;9;5;-36.0;Fischer & Whitney (2014);Experiment 1b;Orientation;1;11;-36.0;-58.0;-33.0;33.0;10.0;-81.0;25;7
1;99;101;26;7;9;2;-4.0;Fischer & Whitney (2014);Experiment 1b;Orientation;1;11;-4.0;-40.0;-62.0;-37.0;29.0;6.0;26;7
1;22;20;27;7;9;-2;77.0;Fischer & Whitney (2014);Experiment 1b;Orientation;1;11;77.0;73.0;37.0;15.0;40.0;-74.0;27;7
1;100;99;28;7;9;-1;-78.0;Fischer & Whitney (2014);Experiment 1b;Orientation;1;11;-78.0;-1.0;-5.0;-41.0;-63.0;-38.0;28;7
1;144;138;29;7;9;-6;-44.0;Fischer & Whitney (2014);Experiment 1b;Orientation;1;11;-44.0;58.0;-45.0;-49.0;-85.0;73.0;29;7
1;37;30;30;7;9;-7;-73.0;Fischer & Whitney (2014);Experiment 1b;Orientation;1;11;-73.0;63.0;-15.0;62.0;58.0;22.0;30;7
1;93;86;31;7;9;-7;-56.0;Fischer & Whitney (2014);Experiment 1b;Orientation;1;11;-56.0;51.0;7.0;-71.0;6.0;2.0;31;7
1;91;95;32;7;9;4;2.0;Fischer & Whitney (2014);Experiment 1b;Orientation;1;11;2.0;-54.0;53.0;9.0;-69.0;8.0;32;7
1;34;25;33;7;9;-9;57.0;Fischer & Whitney (2014);Experiment 1b;Orientation;1;11;57.0;59.0;3.0;-70.0;66.0;-12.0;33;7
1;5;13;34;7;9;8;29.0;Fischer & Whitney (2014);Experiment 1b;Orientation;1;11;29.0;86.0;88.0;32.0;-41.0;-85.0;34;7
1;143;152;35;7;9;9;42.0;Fischer & Whitney (2014);Experiment 1b;Orientation;1;11;42.0;71.0;-52.0;-50.0;74.0;1.0;35;7
1;66;67;36;7;9;1;77.0;Fischer & Whitney (2014);Experiment 1b;Orientation;1;11;77.0;-61.0;-32.0;25.0;27.0;-29.0;36;7
1;30;41;37;7;9;11;36.0;Fischer & Whitney (2014);Experiment 1b;Orientation;1;11;36.0;-67.0;-25.0;4.0;61.0;63.0;37;7
1;16;32;38;7;9;16;14.0;Fischer & Whitney (2014);Experiment 1b;Orientation;1;11;14.0;50.0;-53.0;-11.0;18.0;75.0;38;7
1;102;99;39;7;9;-3;-86.0;Fischer & Whitney (2014);Experiment 1b;Orientation;1;11;-86.0;-72.0;-36.0;41.0;83.0;-68.0;39;7
1;49;66;40;7;9;17;53.0;Fischer & Whitney (2014);Experiment 1b;Orientation;1;11;53.0;-33.0;-19.0;17.0;-86.0;-44.0;40;7
1;30;23;41;7;9;-7;19.0;Fischer & Whitney (2014);Experiment 1b;Orientation;1;11;19.0;72.0;-14.0;0.0;36.0;-67.0;41;7
1;139;144;42;7;9;5;71.0;Fischer & Whitney (2014);Experiment 1b;Orientation;1;11;71.0;90.0;-37.0;57.0;71.0;-73.0;42;7
1;133;140;43;7;9;7;6.0;Fischer & Whitney (2014);Experiment 1b;Orientation;1;11;6.0;77.0;-84.0;-31.0;63.0;77.0;43;7
1;85;82;44;7;9;-3;48.0;Fischer & Whitney (2014);Experiment 1b;Orientation;1;11;48.0;54.0;-55.0;-36.0;17.0;-69.0;44;7
1;17;18;45;7;9;1;68.0;Fischer & Whitney (2014);Experiment 1b;Orientation;1;11;68.0;-64.0;-58.0;13.0;32.0;85.0;45;7
1;154;161;46;7;9;7;43.0;Fischer & Whitney (2014);Experiment 1b;Orientation;1;11;43.0;-69.0;-21.0;-15.0;56.0;75.0;46;7
1;4;13;47;7;9;9;-30.0;Fischer & Whitney (2014);Experiment 1b;Orientation;1;11;-30.0;13.0;81.0;-51.0;-45.0;26.0;47;7
1;148;159;48;7;9;11;36.0;Fischer & Whitney (2014);Experiment 1b;Orientation;1;11;36.0;6.0;49.0;-63.0;-15.0;-9.0;48;7
1;80;80;49;7;9;0;68.0;Fischer & Whitney (2014);Experiment 1b;Orientation;1;11;68.0;-76.0;74.0;-63.0;5.0;53.0;49;7
1;62;74;50;7;9;12;18.0;Fischer & Whitney (2014);Experiment 1b;Orientation;1;11;18.0;86.0;-58.0;-88.0;-45.0;23.0;50;7
1;108;103;51;7;9;-5;-46.0;Fischer & Whitney (2014);Experiment 1b;Orientation;1;11;-46.0;-28.0;40.0;76.0;46.0;89.0;51;7
1;130;116;52;7;9;-14;-22.0;Fischer & Whitney (2014);Experiment 1b;Orientation;1;11;-22.0;-68.0;-50.0;18.0;54.0;24.0;52;7
1;86;77;53;7;9;-9;44.0;Fischer & Whitney (2014);Experiment 1b;Orientation;1;11;44.0;22.0;-24.0;-6.0;62.0;-82.0;53;7
1;1;6;54;7;9;5;85.0;Fischer & Whitney (2014);Experiment 1b;Orientation;1;11;85.0;-51.0;-73.0;61.0;79.0;-33.0;54;7
1;131;141;55;7;9;10;50.0;Fischer & Whitney (2014);Experiment 1b;Orientation;1;11;50.0;-45.0;-1.0;-23.0;-69.0;-51.0;55;7
1;107;115;56;7;9;8;24.0;Fischer & Whitney (2014);Experiment 1b;Orientation;1;11;24.0;74.0;-21.0;23.0;1.0;-45.0;56;7
1;15;19;57;7;9;4;-88.0;Fischer & Whitney (2014);Experiment 1b;Orientation;1;11;-88.0;-64.0;-14.0;71.0;-65.0;-87.0;57;7
1;79;76;58;7;9;-3;-64.0;Fischer & Whitney (2014);Experiment 1b;Orientation;1;11;-64.0;28.0;52.0;-78.0;7.0;51.0;58;7
1;141;146;59;7;9;5;-62.0;Fischer & Whitney (2014);Experiment 1b;Orientation;1;11;-62.0;54.0;-34.0;-10.0;40.0;-55.0;59;7
1;100;108;60;7;9;8;41.0;Fischer & Whitney (2014);Experiment 1b;Orientation;1;11;41.0;-21.0;-85.0;7.0;31.0;81.0;60;7
1;149;138;61;7;9;-11;-49.0;Fischer & Whitney (2014);Experiment 1b;Orientation;1;11;-49.0;-8.0;-70.0;46.0;-42.0;-18.0;61;7
1;108;112;62;7;9;4;41.0;Fischer & Whitney (2014);Experiment 1b;Orientation;1;11;41.0;-8.0;33.0;-29.0;87.0;-1.0;62;7
1;49;61;63;7;9;12;59.0;Fischer & Whitney (2014);Experiment 1b;Orientation;1;11;59.0;-80.0;51.0;-88.0;30.0;-34.0;63;7
1;90;82;64;7;9;-8;-41.0;Fischer & Whitney (2014);Experiment 1b;Orientation;1;11;-41.0;18.0;59.0;10.0;51.0;-11.0;64;7
1;151;153;65;7;9;2;-61.0;Fischer & Whitney (2014);Experiment 1b;Orientation;1;11;-61.0;78.0;-43.0;-2.0;-51.0;-10.0;65;7
1;151;155;66;7;9;4;0.0;Fischer & Whitney (2014);Experiment 1b;Orientation;1;11;0.0;-61.0;78.0;-43.0;-2.0;-51.0;66;7
1;18;18;67;7;9;0;-47.0;Fischer & Whitney (2014);Experiment 1b;Orientation;1;11;-47.0;-47.0;72.0;31.0;90.0;-49.0;67;7
1;122;116;68;7;9;-6;76.0;Fischer & Whitney (2014);Experiment 1b;Orientation;1;11;76.0;29.0;29.0;-32.0;-73.0;-14.0;68;7
1;84;81;69;7;9;-3;38.0;Fischer & Whitney (2014);Experiment 1b;Orientation;1;11;38.0;-66.0;67.0;67.0;6.0;-35.0;69;7
1;142;142;70;7;9;0;-58.0;Fischer & Whitney (2014);Experiment 1b;Orientation;1;11;-58.0;-20.0;56.0;9.0;9.0;-52.0;70;7
1;99;100;71;7;9;1;43.0;Fischer & Whitney (2014);Experiment 1b;Orientation;1;11;43.0;-15.0;23.0;-81.0;52.0;52.0;71;7
1;60;65;72;7;9;5;39.0;Fischer & Whitney (2014);Experiment 1b;Orientation;1;11;39.0;82.0;24.0;62.0;-42.0;-89.0;72;7
1;26;30;73;7;9;4;34.0;Fischer & Whitney (2014);Experiment 1b;Orientation;1;11;34.0;73.0;-64.0;58.0;-84.0;-8.0;73;7
1;24;24;74;7;9;0;2.0;Fischer & Whitney (2014);Experiment 1b;Orientation;1;11;2.0;36.0;75.0;-62.0;60.0;-82.0;74;7
1;164;158;75;7;9;-6;40.0;Fischer & Whitney (2014);Experiment 1b;Orientation;1;11;40.0;42.0;76.0;-65.0;-22.0;-80.0;75;7
1;20;26;76;7;9;6;-36.0;Fischer & Whitney (2014);Experiment 1b;Orientation;1;11;-36.0;4.0;6.0;40.0;79.0;-58.0;76;7
1;178;174;77;7;9;-4;22.0;Fischer & Whitney (2014);Experiment 1b;Orientation;1;11;22.0;-14.0;26.0;28.0;62.0;-79.0;77;7
1;94;97;78;7;9;3;84.0;Fischer & Whitney (2014);Experiment 1b;Orientation;1;11;84.0;-74.0;70.0;-70.0;-68.0;-34.0;78;7
1;5;6;79;7;9;1;89.0;Fischer & Whitney (2014);Experiment 1b;Orientation;1;11;89.0;-7.0;15.0;-21.0;19.0;21.0;79;7
1;92;88;80;7;9;-4;-87.0;Fischer & Whitney (2014);Experiment 1b;Orientation;1;11;-87.0;2.0;86.0;-72.0;72.0;-68.0;80;7
1;43;58;81;7;9;15;49.0;Fischer & Whitney (2014);Experiment 1b;Orientation;1;11;49.0;-38.0;51.0;-45.0;-23.0;-59.0;81;7
1;79;72;82;7;9;-7;-36.0;Fischer & Whitney (2014);Experiment 1b;Orientation;1;11;-36.0;13.0;-74.0;15.0;-81.0;-59.0;82;7
1;40;42;83;7;9;2;39.0;Fischer & Whitney (2014);Experiment 1b;Orientation;1;11;39.0;3.0;52.0;-35.0;54.0;-42.0;83;7
1;85;83;84;7;9;-2;-45.0;Fischer & Whitney (2014);Experiment 1b;Orientation;1;11;-45.0;-6.0;-42.0;7.0;-80.0;9.0;84;7
1;66;74;85;7;9;8;19.0;Fischer & Whitney (2014);Experiment 1b;Orientation;1;11;19.0;-26.0;13.0;-23.0;26.0;-61.0;85;7
1;165;163;86;7;9;-2;81.0;Fischer & Whitney (2014);Experiment 1b;Orientation;1;11;81.0;-80.0;55.0;-86.0;58.0;-73.0;86;7
1;45;43;87;7;9;-2;-60.0;Fischer & Whitney (2014);Experiment 1b;Orientation;1;11;-60.0;21.0;40.0;-5.0;34.0;-2.0;87;7
1;26;35;88;7;9;9;19.0;Fischer & Whitney (2014);Experiment 1b;Orientation;1;11;19.0;-41.0;40.0;59.0;14.0;53.0;88;7
1;164;165;89;7;9;1;42.0;Fischer & Whitney (2014);Experiment 1b;Orientation;1;11;42.0;61.0;1.0;82.0;-79.0;56.0;89;7
1;134;153;90;7;9;19;30.0;Fischer & Whitney (2014);Experiment 1b;Orientation;1;11;30.0;72.0;-89.0;31.0;-68.0;-49.0;90;7
1;79;81;91;7;9;2;55.0;Fischer & Whitney (2014);Experiment 1b;Orientation;1;11;55.0;85.0;-53.0;-34.0;86.0;-13.0;91;7
1;94;95;92;7;9;1;-15.0;Fischer & Whitney (2014);Experiment 1b;Orientation;1;11;-15.0;40.0;70.0;-68.0;-49.0;71.0;92;7
1;14;15;93;7;9;1;80.0;Fischer & Whitney (2014);Experiment 1b;Orientation;1;11;80.0;65.0;-60.0;-30.0;12.0;31.0;93;7
1;36;26;94;7;9;-10;-22.0;Fischer & Whitney (2014);Experiment 1b;Orientation;1;11;-22.0;58.0;43.0;-82.0;-52.0;-10.0;94;7
1;146;140;95;7;9;-6;70.0;Fischer & Whitney (2014);Experiment 1b;Orientation;1;11;70.0;48.0;-52.0;-67.0;-12.0;18.0;95;7
1;66;65;96;7;9;-1;80.0;Fischer & Whitney (2014);Experiment 1b;Orientation;1;11;80.0;-30.0;-52.0;28.0;13.0;68.0;96;7
1;94;99;97;7;9;5;-28.0;Fischer & Whitney (2014);Experiment 1b;Orientation;1;11;-28.0;52.0;-58.0;-80.0;0.0;-15.0;97;7
1;2;7;98;7;9;5;-88.0;Fischer & Whitney (2014);Experiment 1b;Orientation;1;11;-88.0;64.0;-36.0;34.0;12.0;-88.0;98;7
1;36;34;99;7;9;-2;-34.0;Fischer & Whitney (2014);Experiment 1b;Orientation;1;11;-34.0;58.0;30.0;-70.0;0.0;-22.0;99;7
1;70;67;100;7;9;-3;-34.0;Fischer & Whitney (2014);Experiment 1b;Orientation;1;11;-34.0;-68.0;24.0;-4.0;76.0;-34.0;100;7
1;124;119;101;7;9;-5;-54.0;Fischer & Whitney (2014);Experiment 1b;Orientation;1;11;-54.0;-88.0;58.0;-30.0;-58.0;22.0;101;7
1;132;120;102;7;9;-12;-8.0;Fischer & Whitney (2014);Experiment 1b;Orientation;1;11;-8.0;-62.0;84.0;50.0;-38.0;-66.0;102;7
1;90;101;103;7;9;11;42.0;Fischer & Whitney (2014);Experiment 1b;Orientation;1;11;42.0;34.0;-20.0;-54.0;-88.0;4.0;103;7
1;5;10;104;7;9;5;85.0;Fischer & Whitney (2014);Experiment 1b;Orientation;1;11;85.0;-53.0;-61.0;65.0;31.0;-3.0;104;7
1;165;163;1;8;9;-2;20.0;Fischer & Whitney (2014);Experiment 1b;Orientation;1;11;;;;;;;1;8
1;43;44;2;8;9;1;-58.0;Fischer & Whitney (2014);Experiment 1b;Orientation;1;11;;;;;;;2;8
1;129;130;3;8;9;1;-86.0;Fischer & Whitney (2014);Experiment 1b;Orientation;1;11;;;;;;;3;8
1;98;107;4;8;9;9;31.0;Fischer & Whitney (2014);Experiment 1b;Orientation;1;11;;;;;;;4;8
1;68;66;5;8;9;-2;30.0;Fischer & Whitney (2014);Experiment 1b;Orientation;1;11;;;;;;;5;8
1;36;42;6;8;9;6;32.0;Fischer & Whitney (2014);Experiment 1b;Orientation;1;11;;;;;;;6;8
1;38;45;7;8;9;7;-2.0;Fischer & Whitney (2014);Experiment 1b;Orientation;1;11;-2.0;30.0;60.0;-89.0;5.0;-53.0;7;8
1;0;172;8;8;9;-8;38.0;Fischer & Whitney (2014);Experiment 1b;Orientation;1;11;38.0;36.0;68.0;-82.0;-51.0;43.0;8;8
1;57;62;9;8;9;5;-57.0;Fischer & Whitney (2014);Experiment 1b;Orientation;1;11;-57.0;-19.0;-21.0;11.0;41.0;72.0;9;8
1;104;108;10;8;9;4;-47.0;Fischer & Whitney (2014);Experiment 1b;Orientation;1;11;-47.0;76.0;-66.0;-68.0;-36.0;-6.0;10;8
1;117;111;11;8;9;-6;-13.0;Fischer & Whitney (2014);Experiment 1b;Orientation;1;11;-13.0;-60.0;63.0;-79.0;-81.0;-49.0;11;8
1;106;110;12;8;9;4;11.0;Fischer & Whitney (2014);Experiment 1b;Orientation;1;11;11.0;-2.0;-49.0;74.0;-68.0;-70.0;12;8
1;25;21;13;8;9;-4;81.0;Fischer & Whitney (2014);Experiment 1b;Orientation;1;11;81.0;-88.0;79.0;32.0;-25.0;13.0;13;8
1;85;81;14;8;9;-4;-60.0;Fischer & Whitney (2014);Experiment 1b;Orientation;1;11;-60.0;21.0;32.0;19.0;-28.0;-85.0;14;8
1;122;113;15;8;9;-9;-37.0;Fischer & Whitney (2014);Experiment 1b;Orientation;1;11;-37.0;83.0;-16.0;-5.0;-18.0;-65.0;15;8
1;58;74;16;8;9;16;64.0;Fischer & Whitney (2014);Experiment 1b;Orientation;1;11;64.0;27.0;-33.0;48.0;59.0;46.0;16;8
1;140;136;17;8;9;-4;-82.0;Fischer & Whitney (2014);Experiment 1b;Orientation;1;11;-82.0;-18.0;-55.0;65.0;-34.0;-23.0;17;8
1;138;140;18;8;9;2;2.0;Fischer & Whitney (2014);Experiment 1b;Orientation;1;11;2.0;-80.0;-16.0;-53.0;67.0;-32.0;18;8
1;72;73;19;8;9;1;66.0;Fischer & Whitney (2014);Experiment 1b;Orientation;1;11;66.0;68.0;-14.0;50.0;13.0;-47.0;19;8
1;150;151;20;8;9;1;-78.0;Fischer & Whitney (2014);Experiment 1b;Orientation;1;11;-78.0;-12.0;-10.0;88.0;-28.0;-65.0;20;8
1;9;13;21;8;9;4;-39.0;Fischer & Whitney (2014);Experiment 1b;Orientation;1;11;-39.0;63.0;-51.0;-49.0;49.0;-67.0;21;8
1;49;52;22;8;9;3;-40.0;Fischer & Whitney (2014);Experiment 1b;Orientation;1;11;-40.0;-79.0;23.0;89.0;-89.0;9.0;22;8
1;9;18;23;8;9;9;40.0;Fischer & Whitney (2014);Experiment 1b;Orientation;1;11;40.0;0.0;-39.0;63.0;-51.0;-49.0;23;8
1;47;45;24;8;9;-2;-38.0;Fischer & Whitney (2014);Experiment 1b;Orientation;1;11;-38.0;2.0;-38.0;-77.0;25.0;-89.0;24;8
1;16;24;25;8;9;8;31.0;Fischer & Whitney (2014);Experiment 1b;Orientation;1;11;31.0;-7.0;33.0;-7.0;-46.0;56.0;25;8
1;44;44;26;8;9;0;-28.0;Fischer & Whitney (2014);Experiment 1b;Orientation;1;11;-28.0;3.0;-35.0;5.0;-35.0;-74.0;26;8
1;154;141;27;8;9;-13;70.0;Fischer & Whitney (2014);Experiment 1b;Orientation;1;11;70.0;42.0;73.0;35.0;75.0;35.0;27;8
1;173;166;28;8;9;-7;-19.0;Fischer & Whitney (2014);Experiment 1b;Orientation;1;11;-19.0;51.0;23.0;54.0;16.0;56.0;28;8
1;69;76;29;8;9;7;-76.0;Fischer & Whitney (2014);Experiment 1b;Orientation;1;11;-76.0;85.0;-25.0;-53.0;-22.0;-60.0;29;8
1;137;135;30;8;9;-2;-68.0;Fischer & Whitney (2014);Experiment 1b;Orientation;1;11;-68.0;36.0;17.0;87.0;59.0;90.0;30;8
1;118;120;31;8;9;2;19.0;Fischer & Whitney (2014);Experiment 1b;Orientation;1;11;19.0;-49.0;55.0;36.0;-74.0;78.0;31;8
1;116;115;32;8;9;-1;2.0;Fischer & Whitney (2014);Experiment 1b;Orientation;1;11;2.0;21.0;-47.0;57.0;38.0;-72.0;32;8
1;58;67;33;8;9;9;58.0;Fischer & Whitney (2014);Experiment 1b;Orientation;1;11;58.0;60.0;79.0;11.0;-65.0;-84.0;33;8
1;144;139;34;8;9;-5;-86.0;Fischer & Whitney (2014);Experiment 1b;Orientation;1;11;-86.0;-28.0;-26.0;-7.0;-75.0;29.0;34;8
1;18;18;35;8;9;0;-54.0;Fischer & Whitney (2014);Experiment 1b;Orientation;1;11;-54.0;40.0;-82.0;-80.0;-61.0;51.0;35;8
1;102;106;36;8;9;4;-84.0;Fischer & Whitney (2014);Experiment 1b;Orientation;1;11;-84.0;42.0;-44.0;14.0;16.0;35.0;36;8
1;133;123;37;8;9;-10;-31.0;Fischer & Whitney (2014);Experiment 1b;Orientation;1;11;-31.0;65.0;11.0;-75.0;-17.0;-15.0;37;8
1;48;53;38;8;9;5;85.0;Fischer & Whitney (2014);Experiment 1b;Orientation;1;11;85.0;54.0;-30.0;-84.0;10.0;68.0;38;8
1;97;101;39;8;9;4;-49.0;Fischer & Whitney (2014);Experiment 1b;Orientation;1;11;-49.0;36.0;5.0;-79.0;47.0;-39.0;39;8
1;41;46;40;8;9;5;56.0;Fischer & Whitney (2014);Experiment 1b;Orientation;1;11;56.0;7.0;-88.0;61.0;-23.0;-77.0;40;8
1;107;109;41;8;9;2;-66.0;Fischer & Whitney (2014);Experiment 1b;Orientation;1;11;-66.0;-10.0;-59.0;26.0;-5.0;-89.0;41;8
1;144;136;42;8;9;-8;-37.0;Fischer & Whitney (2014);Experiment 1b;Orientation;1;11;-37.0;77.0;-47.0;84.0;-11.0;-42.0;42;8
1;37;39;43;8;9;2;-73.0;Fischer & Whitney (2014);Experiment 1b;Orientation;1;11;-73.0;70.0;4.0;60.0;11.0;-84.0;43;8
1;36;39;44;8;9;3;1.0;Fischer & Whitney (2014);Experiment 1b;Orientation;1;11;1.0;-72.0;71.0;5.0;61.0;12.0;44;8
1;177;170;45;8;9;-7;39.0;Fischer & Whitney (2014);Experiment 1b;Orientation;1;11;39.0;40.0;-33.0;-70.0;44.0;-80.0;45;8
1;153;161;46;8;9;8;24.0;Fischer & Whitney (2014);Experiment 1b;Orientation;1;11;24.0;63.0;64.0;-9.0;-46.0;68.0;46;8
1;93;93;47;8;9;0;60.0;Fischer & Whitney (2014);Experiment 1b;Orientation;1;11;60.0;84.0;-57.0;-56.0;51.0;14.0;47;8
1;149;150;48;8;9;1;-56.0;Fischer & Whitney (2014);Experiment 1b;Orientation;1;11;-56.0;4.0;28.0;67.0;68.0;-5.0;48;8
1;136;139;49;8;9;3;13.0;Fischer & Whitney (2014);Experiment 1b;Orientation;1;11;13.0;-43.0;17.0;41.0;80.0;81.0;49;8
1;100;104;50;8;9;4;36.0;Fischer & Whitney (2014);Experiment 1b;Orientation;1;11;36.0;49.0;-7.0;53.0;77.0;-64.0;50;8
1;101;106;51;8;9;5;-1.0;Fischer & Whitney (2014);Experiment 1b;Orientation;1;11;-1.0;35.0;48.0;-8.0;52.0;76.0;51;8
1;113;104;52;8;9;-9;-12.0;Fischer & Whitney (2014);Experiment 1b;Orientation;1;11;-12.0;-13.0;23.0;36.0;-20.0;40.0;52;8
1;114;107;53;8;9;-7;-1.0;Fischer & Whitney (2014);Experiment 1b;Orientation;1;11;-1.0;-13.0;-14.0;22.0;35.0;-21.0;53;8
1;168;162;54;8;9;-6;-54.0;Fischer & Whitney (2014);Experiment 1b;Orientation;1;11;-54.0;-55.0;-67.0;-68.0;-32.0;-19.0;54;8
1;139;152;55;8;9;13;29.0;Fischer & Whitney (2014);Experiment 1b;Orientation;1;11;29.0;-25.0;-26.0;-38.0;-39.0;-3.0;55;8
1;74;73;56;8;9;-1;65.0;Fischer & Whitney (2014);Experiment 1b;Orientation;1;11;65.0;-86.0;40.0;39.0;27.0;26.0;56;8
1;73;72;57;8;9;-1;1.0;Fischer & Whitney (2014);Experiment 1b;Orientation;1;11;1.0;66.0;-85.0;41.0;40.0;28.0;57;8
1;32;52;58;8;9;20;41.0;Fischer & Whitney (2014);Experiment 1b;Orientation;1;11;41.0;42.0;-73.0;-44.0;82.0;81.0;58;8
1;16;32;59;8;9;16;16.0;Fischer & Whitney (2014);Experiment 1b;Orientation;1;11;16.0;57.0;58.0;-57.0;-28.0;-82.0;59;8
1;19;25;60;8;9;6;-3.0;Fischer & Whitney (2014);Experiment 1b;Orientation;1;11;-3.0;13.0;54.0;55.0;-60.0;-31.0;60;8
1;98;104;61;8;9;6;-79.0;Fischer & Whitney (2014);Experiment 1b;Orientation;1;11;-79.0;-82.0;-66.0;-25.0;-24.0;41.0;61;8
1;126;111;62;8;9;-15;-28.0;Fischer & Whitney (2014);Experiment 1b;Orientation;1;11;-28.0;73.0;70.0;86.0;-53.0;-52.0;62;8
1;41;55;63;8;9;14;85.0;Fischer & Whitney (2014);Experiment 1b;Orientation;1;11;85.0;57.0;-22.0;-25.0;-9.0;32.0;63;8
1;13;29;64;8;9;16;28.0;Fischer & Whitney (2014);Experiment 1b;Orientation;1;11;28.0;-67.0;85.0;6.0;3.0;19.0;64;8
1;177;170;65;8;9;-7;16.0;Fischer & Whitney (2014);Experiment 1b;Orientation;1;11;16.0;44.0;-51.0;-79.0;22.0;19.0;65;8
1;125;117;66;8;9;-8;52.0;Fischer & Whitney (2014);Experiment 1b;Orientation;1;11;52.0;68.0;-84.0;1.0;-27.0;74.0;66;8
1;178;169;67;8;9;-9;-53.0;Fischer & Whitney (2014);Experiment 1b;Orientation;1;11;-53.0;-1.0;15.0;43.0;-52.0;-80.0;67;8
1;31;31;68;8;9;0;-33.0;Fischer & Whitney (2014);Experiment 1b;Orientation;1;11;-33.0;-86.0;-34.0;-18.0;10.0;-85.0;68;8
1;35;25;69;8;9;-10;-4.0;Fischer & Whitney (2014);Experiment 1b;Orientation;1;11;-4.0;-37.0;90.0;-38.0;-22.0;6.0;69;8
1;94;98;70;8;9;4;-59.0;Fischer & Whitney (2014);Experiment 1b;Orientation;1;11;-59.0;-63.0;84.0;31.0;83.0;-81.0;70;8
1;70;74;71;8;9;4;24.0;Fischer & Whitney (2014);Experiment 1b;Orientation;1;11;24.0;-35.0;-39.0;-72.0;55.0;-73.0;71;8
1;176;166;72;8;9;-10;74.0;Fischer & Whitney (2014);Experiment 1b;Orientation;1;11;74.0;-82.0;39.0;35.0;2.0;-51.0;72;8
1;28;29;73;8;9;1;-32.0;Fischer & Whitney (2014);Experiment 1b;Orientation;1;11;-32.0;42.0;66.0;7.0;3.0;-30.0;73;8
1;104;111;74;8;9;7;-76.0;Fischer & Whitney (2014);Experiment 1b;Orientation;1;11;-76.0;72.0;-34.0;-10.0;-69.0;-73.0;74;8
1;56;65;75;8;9;9;48.0;Fischer & Whitney (2014);Experiment 1b;Orientation;1;11;48.0;-28.0;-60.0;14.0;38.0;-21.0;75;8
1;179;173;76;8;9;-6;57.0;Fischer & Whitney (2014);Experiment 1b;Orientation;1;11;57.0;-75.0;29.0;-3.0;71.0;-85.0;76;8
1;89;91;77;8;9;2;90.0;Fischer & Whitney (2014);Experiment 1b;Orientation;1;11;90.0;-33.0;15.0;-61.0;87.0;-19.0;77;8
1;41;58;78;8;9;17;48.0;Fischer & Whitney (2014);Experiment 1b;Orientation;1;11;48.0;-42.0;15.0;63.0;-13.0;-45.0;78;8
1;119;112;79;8;9;-7;-78.0;Fischer & Whitney (2014);Experiment 1b;Orientation;1;11;-78.0;-30.0;60.0;-63.0;-15.0;89.0;79;8
1;92;95;80;8;9;3;27.0;Fischer & Whitney (2014);Experiment 1b;Orientation;1;11;27.0;-51.0;-3.0;87.0;-36.0;12.0;80;8
1;38;41;81;8;9;3;54.0;Fischer & Whitney (2014);Experiment 1b;Orientation;1;11;54.0;81.0;3.0;51.0;-39.0;18.0;81;8
1;135;148;82;8;9;13;83.0;Fischer & Whitney (2014);Experiment 1b;Orientation;1;11;83.0;-43.0;-16.0;86.0;-46.0;44.0;82;8
1;87;93;83;8;9;6;48.0;Fischer & Whitney (2014);Experiment 1b;Orientation;1;11;48.0;-49.0;5.0;32.0;-46.0;2.0;83;8
1;165;167;84;8;9;2;-78.0;Fischer & Whitney (2014);Experiment 1b;Orientation;1;11;-78.0;-30.0;53.0;-73.0;-46.0;56.0;84;8
1;128;137;85;8;9;9;37.0;Fischer & Whitney (2014);Experiment 1b;Orientation;1;11;37.0;-41.0;7.0;90.0;-36.0;-9.0;85;8
1;133;133;86;8;9;0;-5.0;Fischer & Whitney (2014);Experiment 1b;Orientation;1;11;-5.0;32.0;-46.0;2.0;85.0;-41.0;86;8
1;39;56;87;8;9;17;-86.0;Fischer & Whitney (2014);Experiment 1b;Orientation;1;11;-86.0;89.0;-54.0;48.0;-84.0;-1.0;87;8
1;131;127;88;8;9;-4;88.0;Fischer & Whitney (2014);Experiment 1b;Orientation;1;11;88.0;2.0;-3.0;34.0;-44.0;4.0;88;8
1;107;113;89;8;9;6;24.0;Fischer & Whitney (2014);Experiment 1b;Orientation;1;11;24.0;-68.0;26.0;21.0;58.0;-20.0;89;8
1;90;93;90;8;9;3;17.0;Fischer & Whitney (2014);Experiment 1b;Orientation;1;11;17.0;41.0;-51.0;43.0;38.0;75.0;90;8
1;110;105;91;8;9;-5;-20.0;Fischer & Whitney (2014);Experiment 1b;Orientation;1;11;-20.0;-3.0;21.0;-71.0;23.0;18.0;91;8
1;170;164;92;8;9;-6;-60.0;Fischer & Whitney (2014);Experiment 1b;Orientation;1;11;-60.0;-80.0;-63.0;-39.0;49.0;-37.0;92;8
1;150;155;93;8;9;5;20.0;Fischer & Whitney (2014);Experiment 1b;Orientation;1;11;20.0;-40.0;-60.0;-43.0;-19.0;69.0;93;8
1;85;83;94;8;9;-2;65.0;Fischer & Whitney (2014);Experiment 1b;Orientation;1;11;65.0;85.0;25.0;5.0;22.0;46.0;94;8
1;96;98;95;8;9;2;-11.0;Fischer & Whitney (2014);Experiment 1b;Orientation;1;11;-11.0;54.0;74.0;14.0;-6.0;11.0;95;8
1;76;81;96;8;9;5;20.0;Fischer & Whitney (2014);Experiment 1b;Orientation;1;11;20.0;9.0;74.0;-86.0;34.0;14.0;96;8
1;93;90;97;8;9;-3;-17.0;Fischer & Whitney (2014);Experiment 1b;Orientation;1;11;-17.0;3.0;-8.0;57.0;77.0;17.0;97;8
1;40;44;98;8;9;4;53.0;Fischer & Whitney (2014);Experiment 1b;Orientation;1;11;53.0;36.0;56.0;45.0;-70.0;-50.0;98;8
1;137;137;99;8;9;0;83.0;Fischer & Whitney (2014);Experiment 1b;Orientation;1;11;83.0;-44.0;-61.0;-41.0;-52.0;13.0;99;8
1;27;35;100;8;9;8;-70.0;Fischer & Whitney (2014);Experiment 1b;Orientation;1;11;-70.0;13.0;66.0;49.0;69.0;58.0;100;8
1;110;117;101;8;9;7;-83.0;Fischer & Whitney (2014);Experiment 1b;Orientation;1;11;-83.0;27.0;-70.0;-17.0;-34.0;-14.0;101;8
1;63;63;102;8;9;0;47.0;Fischer & Whitney (2014);Experiment 1b;Orientation;1;11;47.0;-36.0;74.0;-23.0;30.0;13.0;102;8
1;90;88;103;8;9;-2;-27.0;Fischer & Whitney (2014);Experiment 1b;Orientation;1;11;-27.0;20.0;-63.0;47.0;-50.0;3.0;103;8
1;145;149;104;8;9;4;-55.0;Fischer & Whitney (2014);Experiment 1b;Orientation;1;11;-55.0;-82.0;-35.0;62.0;-8.0;75.0;104;8
2;114;127;1;1;9;13;;Fischer & Whitney (2014);Experiment 1b;Orientation;1;11;;;;;;;1;1
2;19;18;2;1;9;-1;-85.0;Fischer & Whitney (2014);Experiment 1b;Orientation;1;11;;;;;;;2;1
2;1;14;3;1;9;13;18.0;Fischer & Whitney (2014);Experiment 1b;Orientation;1;11;;;;;;;3;1
2;82;62;4;1;9;-20;-81.0;Fischer & Whitney (2014);Experiment 1b;Orientation;1;11;;;;;;;4;1
2;151;152;5;1;9;1;-69.0;Fischer & Whitney (2014);Experiment 1b;Orientation;1;11;;;;;;;5;1
2;107;112;6;1;9;5;44.0;Fischer & Whitney (2014);Experiment 1b;Orientation;1;11;;;;;;;6;1
2;119;131;7;1;9;12;-12.0;Fischer & Whitney (2014);Experiment 1b;Orientation;1;11;-12.0;32.0;-37.0;62.0;80.0;-5.0;7;1
2;51;64;8;1;9;13;68.0;Fischer & Whitney (2014);Experiment 1b;Orientation;1;11;68.0;56.0;-80.0;31.0;-50.0;-32.0;8;1
2;35;37;9;1;9;2;16.0;Fischer & Whitney (2014);Experiment 1b;Orientation;1;11;16.0;84.0;72.0;-64.0;47.0;-34.0;9;1
2;151;140;10;1;9;-11;64.0;Fischer & Whitney (2014);Experiment 1b;Orientation;1;11;64.0;80.0;-32.0;-44.0;0.0;-69.0;10;1
2;76;86;11;1;9;10;75.0;Fischer & Whitney (2014);Experiment 1b;Orientation;1;11;75.0;-41.0;-25.0;43.0;31.0;75.0;11;1
2;39;32;12;1;9;-7;37.0;Fischer & Whitney (2014);Experiment 1b;Orientation;1;11;37.0;-68.0;-4.0;12.0;80.0;68.0;12;1
2;171;173;13;1;9;2;48.0;Fischer & Whitney (2014);Experiment 1b;Orientation;1;11;48.0;85.0;-20.0;44.0;60.0;-52.0;13;1
2;123;120;14;1;9;-3;48.0;Fischer & Whitney (2014);Experiment 1b;Orientation;1;11;48.0;-84.0;-47.0;28.0;-88.0;-72.0;14;1
2;22;112;15;1;9;90;-79.0;Fischer & Whitney (2014);Experiment 1b;Orientation;1;11;-79.0;-31.0;17.0;54.0;-51.0;13.0;15;1
2;148;149;16;1;9;1;54.0;Fischer & Whitney (2014);Experiment 1b;Orientation;1;11;54.0;-25.0;23.0;71.0;-72.0;3.0;16;1
2;173;175;17;1;9;2;-25.0;Fischer & Whitney (2014);Experiment 1b;Orientation;1;11;-25.0;29.0;-50.0;-2.0;46.0;83.0;17;1
2;105;112;18;1;9;7;68.0;Fischer & Whitney (2014);Experiment 1b;Orientation;1;11;68.0;43.0;-83.0;18.0;66.0;-66.0;18;1
2;141;156;19;1;9;15;-36.0;Fischer & Whitney (2014);Experiment 1b;Orientation;1;11;-36.0;32.0;7.0;61.0;-18.0;30.0;19;1
2;42;42;20;1;9;0;-81.0;Fischer & Whitney (2014);Experiment 1b;Orientation;1;11;-81.0;63.0;-49.0;-74.0;-20.0;81.0;20;1
2;20;25;21;1;9;5;22.0;Fischer & Whitney (2014);Experiment 1b;Orientation;1;11;22.0;-59.0;85.0;-27.0;-52.0;2.0;21;1
2;156;163;22;1;9;7;44.0;Fischer & Whitney (2014);Experiment 1b;Orientation;1;11;44.0;66.0;-15.0;-51.0;17.0;-8.0;22;1
2;42;53;23;1;9;11;-66.0;Fischer & Whitney (2014);Experiment 1b;Orientation;1;11;-66.0;-22.0;0.0;-81.0;63.0;-49.0;23;1
2;66;178;24;1;9;-68;-24.0;Fischer & Whitney (2014);Experiment 1b;Orientation;1;11;-24.0;90.0;-46.0;-24.0;75.0;39.0;24;1
2;79;72;25;1;9;-7;-13.0;Fischer & Whitney (2014);Experiment 1b;Orientation;1;11;-13.0;-37.0;77.0;-59.0;-37.0;62.0;25;1
2;98;123;26;1;9;25;-19.0;Fischer & Whitney (2014);Experiment 1b;Orientation;1;11;-19.0;-32.0;-56.0;58.0;-78.0;-56.0;26;1
2;110;105;27;1;9;-5;-12.0;Fischer & Whitney (2014);Experiment 1b;Orientation;1;11;-12.0;-31.0;-44.0;-68.0;46.0;90.0;27;1
2;150;162;28;1;9;12;-40.0;Fischer & Whitney (2014);Experiment 1b;Orientation;1;11;-40.0;-52.0;-71.0;-84.0;72.0;6.0;28;1
2;151;160;29;1;9;9;-1.0;Fischer & Whitney (2014);Experiment 1b;Orientation;1;11;-1.0;-41.0;-53.0;-72.0;-85.0;71.0;29;1
2;139;138;30;1;9;-1;12.0;Fischer & Whitney (2014);Experiment 1b;Orientation;1;11;12.0;11.0;-29.0;-41.0;-60.0;-73.0;30;1
2;65;52;31;1;9;-13;74.0;Fischer & Whitney (2014);Experiment 1b;Orientation;1;11;74.0;86.0;85.0;45.0;33.0;14.0;31;1
2;110;121;32;1;9;11;-45.0;Fischer & Whitney (2014);Experiment 1b;Orientation;1;11;-45.0;29.0;41.0;40.0;0.0;-12.0;32;1
2;125;111;33;1;9;-14;-15.0;Fischer & Whitney (2014);Experiment 1b;Orientation;1;11;-15.0;-60.0;14.0;26.0;25.0;-15.0;33;1
2;152;122;34;1;9;-30;-27.0;Fischer & Whitney (2014);Experiment 1b;Orientation;1;11;-27.0;-42.0;-87.0;-13.0;-1.0;-2.0;34;1
2;23;22;35;1;9;-1;-51.0;Fischer & Whitney (2014);Experiment 1b;Orientation;1;11;-51.0;-78.0;87.0;42.0;-64.0;-52.0;35;1
2;15;18;36;1;9;3;8.0;Fischer & Whitney (2014);Experiment 1b;Orientation;1;11;8.0;-43.0;-70.0;-85.0;50.0;-56.0;36;1
2;93;91;37;1;9;-2;-78.0;Fischer & Whitney (2014);Experiment 1b;Orientation;1;11;-78.0;-70.0;59.0;32.0;17.0;-28.0;37;1
2;122;132;38;1;9;10;-29.0;Fischer & Whitney (2014);Experiment 1b;Orientation;1;11;-29.0;73.0;81.0;30.0;3.0;-12.0;38;1
2;137;142;39;1;9;5;-15.0;Fischer & Whitney (2014);Experiment 1b;Orientation;1;11;-15.0;-44.0;58.0;66.0;15.0;-12.0;39;1
2;154;173;40;1;9;19;-17.0;Fischer & Whitney (2014);Experiment 1b;Orientation;1;11;-17.0;-32.0;-61.0;41.0;49.0;-2.0;40;1
2;163;162;41;1;9;-1;-9.0;Fischer & Whitney (2014);Experiment 1b;Orientation;1;11;-9.0;-26.0;-41.0;-70.0;32.0;40.0;41;1
2;119;105;42;1;9;-14;44.0;Fischer & Whitney (2014);Experiment 1b;Orientation;1;11;44.0;35.0;18.0;3.0;-26.0;76.0;42;1
2;40;51;43;1;9;11;79.0;Fischer & Whitney (2014);Experiment 1b;Orientation;1;11;79.0;-57.0;-66.0;-83.0;82.0;53.0;43;1
2;141;130;44;1;9;-11;79.0;Fischer & Whitney (2014);Experiment 1b;Orientation;1;11;79.0;-22.0;22.0;13.0;-4.0;-19.0;44;1
2;129;115;45;1;9;-14;12.0;Fischer & Whitney (2014);Experiment 1b;Orientation;1;11;12.0;-89.0;-10.0;34.0;25.0;8.0;45;1
2;166;47;46;1;9;61;-37.0;Fischer & Whitney (2014);Experiment 1b;Orientation;1;11;-37.0;-25.0;54.0;-47.0;-3.0;-12.0;46;1
2;114;116;47;1;9;2;52.0;Fischer & Whitney (2014);Experiment 1b;Orientation;1;11;52.0;15.0;27.0;-74.0;5.0;49.0;47;1
2;30;29;48;1;9;-1;84.0;Fischer & Whitney (2014);Experiment 1b;Orientation;1;11;84.0;-44.0;-81.0;-69.0;10.0;89.0;48;1
2;127;100;49;1;9;-27;83.0;Fischer & Whitney (2014);Experiment 1b;Orientation;1;11;83.0;-13.0;39.0;2.0;14.0;-87.0;49;1
2;15;37;50;1;9;22;-68.0;Fischer & Whitney (2014);Experiment 1b;Orientation;1;11;-68.0;15.0;-81.0;-29.0;-66.0;-54.0;50;1
2;94;99;51;1;9;5;-79.0;Fischer & Whitney (2014);Experiment 1b;Orientation;1;11;-79.0;33.0;-64.0;20.0;72.0;35.0;51;1
2;143;160;52;1;9;17;-49.0;Fischer & Whitney (2014);Experiment 1b;Orientation;1;11;-49.0;52.0;-16.0;67.0;-29.0;23.0;52;1
2;64;52;53;1;9;-12;79.0;Fischer & Whitney (2014);Experiment 1b;Orientation;1;11;79.0;30.0;-49.0;63.0;-34.0;50.0;53;1
2;81;80;54;1;9;-1;-17.0;Fischer & Whitney (2014);Experiment 1b;Orientation;1;11;-17.0;62.0;13.0;-66.0;46.0;-51.0;54;1
2;72;82;55;1;9;10;9.0;Fischer & Whitney (2014);Experiment 1b;Orientation;1;11;9.0;-8.0;71.0;22.0;-57.0;55.0;55;1
2;119;118;56;1;9;-1;-47.0;Fischer & Whitney (2014);Experiment 1b;Orientation;1;11;-47.0;-38.0;-55.0;24.0;-25.0;76.0;56;1
2;96;120;57;1;9;24;23.0;Fischer & Whitney (2014);Experiment 1b;Orientation;1;11;23.0;-24.0;-15.0;-32.0;47.0;-2.0;57;1
2;95;107;58;1;9;12;1.0;Fischer & Whitney (2014);Experiment 1b;Orientation;1;11;1.0;24.0;-23.0;-14.0;-31.0;48.0;58;1
2;22;27;59;1;9;5;73.0;Fischer & Whitney (2014);Experiment 1b;Orientation;1;11;73.0;74.0;-83.0;50.0;59.0;42.0;59;1
2;169;159;60;1;9;-10;33.0;Fischer & Whitney (2014);Experiment 1b;Orientation;1;11;33.0;-74.0;-73.0;-50.0;83.0;-88.0;60;1
2;172;173;61;1;9;1;-3.0;Fischer & Whitney (2014);Experiment 1b;Orientation;1;11;-3.0;30.0;-77.0;-76.0;-53.0;80.0;61;1
2;113;123;62;1;9;10;59.0;Fischer & Whitney (2014);Experiment 1b;Orientation;1;11;59.0;56.0;89.0;-18.0;-17.0;6.0;62;1
2;109;99;63;1;9;-10;4.0;Fischer & Whitney (2014);Experiment 1b;Orientation;1;11;4.0;63.0;60.0;-87.0;-14.0;-13.0;63;1
2;168;172;64;1;9;4;-59.0;Fischer & Whitney (2014);Experiment 1b;Orientation;1;11;-59.0;-55.0;4.0;1.0;34.0;-73.0;64;1
2;50;159;65;1;9;-71;-62.0;Fischer & Whitney (2014);Experiment 1b;Orientation;1;11;-62.0;59.0;63.0;-58.0;-61.0;-28.0;65;1
2;11;17;66;1;9;6;39.0;Fischer & Whitney (2014);Experiment 1b;Orientation;1;11;39.0;-23.0;-82.0;-78.0;-19.0;-22.0;66;1
2;174;174;67;1;9;0;17.0;Fischer & Whitney (2014);Experiment 1b;Orientation;1;11;17.0;56.0;-6.0;-65.0;-61.0;-2.0;67;1
2;38;22;68;1;9;-16;-44.0;Fischer & Whitney (2014);Experiment 1b;Orientation;1;11;-44.0;-27.0;12.0;-50.0;71.0;75.0;68;1
2;51;53;69;1;9;2;-13.0;Fischer & Whitney (2014);Experiment 1b;Orientation;1;11;-13.0;-57.0;-40.0;-1.0;-63.0;58.0;69;1
2;125;125;70;1;9;0;-74.0;Fischer & Whitney (2014);Experiment 1b;Orientation;1;11;-74.0;-87.0;49.0;66.0;-75.0;43.0;70;1
2;163;146;71;1;9;-17;-38.0;Fischer & Whitney (2014);Experiment 1b;Orientation;1;11;-38.0;68.0;55.0;11.0;28.0;67.0;71;1
2;162;152;72;1;9;-10;1.0;Fischer & Whitney (2014);Experiment 1b;Orientation;1;11;1.0;-37.0;69.0;56.0;12.0;29.0;72;1
2;150;169;73;1;9;19;12.0;Fischer & Whitney (2014);Experiment 1b;Orientation;1;11;12.0;13.0;-25.0;81.0;68.0;24.0;73;1
2;162;161;74;1;9;-1;-12.0;Fischer & Whitney (2014);Experiment 1b;Orientation;1;11;-12.0;0.0;1.0;-37.0;69.0;56.0;74;1
2;136;140;75;1;9;4;26.0;Fischer & Whitney (2014);Experiment 1b;Orientation;1;11;26.0;14.0;26.0;27.0;-11.0;-85.0;75;1
2;129;121;76;1;9;-8;7.0;Fischer & Whitney (2014);Experiment 1b;Orientation;1;11;7.0;33.0;21.0;33.0;34.0;-4.0;76;1
2;23;50;77;1;9;27;-74.0;Fischer & Whitney (2014);Experiment 1b;Orientation;1;11;-74.0;-67.0;-41.0;-53.0;-41.0;-40.0;77;1
2;98;105;78;1;9;7;-75.0;Fischer & Whitney (2014);Experiment 1b;Orientation;1;11;-75.0;31.0;38.0;64.0;52.0;64.0;78;1
2;88;103;79;1;9;15;10.0;Fischer & Whitney (2014);Experiment 1b;Orientation;1;11;10.0;-65.0;41.0;48.0;74.0;62.0;79;1
2;136;130;80;1;9;-6;-48.0;Fischer & Whitney (2014);Experiment 1b;Orientation;1;11;-48.0;-38.0;67.0;-7.0;0.0;26.0;80;1
2;153;153;81;1;9;0;-17.0;Fischer & Whitney (2014);Experiment 1b;Orientation;1;11;-17.0;-65.0;-55.0;50.0;-24.0;-17.0;81;1
2;172;172;82;1;9;0;-19.0;Fischer & Whitney (2014);Experiment 1b;Orientation;1;11;-19.0;-36.0;-84.0;-74.0;31.0;-43.0;82;1
2;101;119;83;1;9;18;71.0;Fischer & Whitney (2014);Experiment 1b;Orientation;1;11;71.0;52.0;35.0;-13.0;-3.0;-78.0;83;1
2;102;107;84;1;9;5;-1.0;Fischer & Whitney (2014);Experiment 1b;Orientation;1;11;-1.0;70.0;51.0;34.0;-14.0;-4.0;84;1
2;170;176;85;1;9;6;-68.0;Fischer & Whitney (2014);Experiment 1b;Orientation;1;11;-68.0;-69.0;2.0;-17.0;-34.0;-82.0;85;1
2;14;17;86;1;9;3;-24.0;Fischer & Whitney (2014);Experiment 1b;Orientation;1;11;-24.0;88.0;87.0;-22.0;-41.0;-58.0;86;1
2;108;111;87;1;9;3;86.0;Fischer & Whitney (2014);Experiment 1b;Orientation;1;11;86.0;62.0;-6.0;-7.0;64.0;45.0;87;1
2;92;107;88;1;9;15;16.0;Fischer & Whitney (2014);Experiment 1b;Orientation;1;11;16.0;-78.0;78.0;10.0;9.0;80.0;88;1
2;39;49;89;1;9;10;53.0;Fischer & Whitney (2014);Experiment 1b;Orientation;1;11;53.0;69.0;-25.0;-49.0;63.0;62.0;89;1
2;34;31;90;1;9;-3;5.0;Fischer & Whitney (2014);Experiment 1b;Orientation;1;11;5.0;58.0;74.0;-20.0;-44.0;68.0;90;1
2;18;34;91;1;9;16;16.0;Fischer & Whitney (2014);Experiment 1b;Orientation;1;11;16.0;21.0;74.0;90.0;-4.0;-28.0;91;1
2;104;121;92;1;9;17;-86.0;Fischer & Whitney (2014);Experiment 1b;Orientation;1;11;-86.0;-70.0;-65.0;-12.0;4.0;90.0;92;1
2;154;141;93;1;9;-13;-50.0;Fischer & Whitney (2014);Experiment 1b;Orientation;1;11;-50.0;44.0;60.0;65.0;-62.0;-46.0;93;1
2;100;111;94;1;9;11;54.0;Fischer & Whitney (2014);Experiment 1b;Orientation;1;11;54.0;4.0;-82.0;-66.0;-61.0;-8.0;94;1
2;126;131;95;1;9;5;-26.0;Fischer & Whitney (2014);Experiment 1b;Orientation;1;11;-26.0;28.0;-22.0;72.0;88.0;-87.0;95;1
2;176;167;96;1;9;-9;-50.0;Fischer & Whitney (2014);Experiment 1b;Orientation;1;11;-50.0;-76.0;-22.0;-72.0;22.0;38.0;96;1
2;136;135;97;1;9;-1;40.0;Fischer & Whitney (2014);Experiment 1b;Orientation;1;11;40.0;-10.0;-36.0;18.0;-32.0;62.0;97;1
2;165;152;98;1;9;-13;-29.0;Fischer & Whitney (2014);Experiment 1b;Orientation;1;11;-29.0;11.0;-39.0;-65.0;-11.0;-61.0;98;1
2;49;20;99;1;9;-29;-64.0;Fischer & Whitney (2014);Experiment 1b;Orientation;1;11;-64.0;87.0;-53.0;77.0;51.0;-75.0;99;1
2;93;95;100;1;9;2;-44.0;Fischer & Whitney (2014);Experiment 1b;Orientation;1;11;-44.0;72.0;43.0;83.0;33.0;7.0;100;1
2;7;8;101;1;9;1;86.0;Fischer & Whitney (2014);Experiment 1b;Orientation;1;11;86.0;42.0;-22.0;-51.0;-11.0;-61.0;101;1
2;149;134;102;1;9;-15;38.0;Fischer & Whitney (2014);Experiment 1b;Orientation;1;11;38.0;-56.0;80.0;16.0;-13.0;27.0;102;1
2;0;178;103;1;9;-2;-31.0;Fischer & Whitney (2014);Experiment 1b;Orientation;1;11;-31.0;7.0;-87.0;49.0;-15.0;-44.0;103;1
2;62;67;104;1;9;5;-62.0;Fischer & Whitney (2014);Experiment 1b;Orientation;1;11;-62.0;87.0;-55.0;31.0;-13.0;-77.0;104;1
2;119;138;1;2;9;19;-57.0;Fischer & Whitney (2014);Experiment 1b;Orientation;1;11;;;;;;;1;2
2;178;174;2;2;9;-4;-59.0;Fischer & Whitney (2014);Experiment 1b;Orientation;1;11;;;;;;;2;2
2;67;53;3;2;9;-14;-69.0;Fischer & Whitney (2014);Experiment 1b;Orientation;1;11;;;;;;;3;2
2;63;56;4;2;9;-7;4.0;Fischer & Whitney (2014);Experiment 1b;Orientation;1;11;;;;;;;4;2
2;112;121;5;2;9;9;-49.0;Fischer & Whitney (2014);Experiment 1b;Orientation;1;11;;;;;;;5;2
2;121;133;6;2;9;12;-9.0;Fischer & Whitney (2014);Experiment 1b;Orientation;1;11;;;;;;;6;2
2;75;57;7;2;9;-18;46.0;Fischer & Whitney (2014);Experiment 1b;Orientation;1;11;46.0;37.0;-12.0;-8.0;-77.0;44.0;7;2
2;87;60;8;2;9;-27;-12.0;Fischer & Whitney (2014);Experiment 1b;Orientation;1;11;-12.0;34.0;25.0;-24.0;-20.0;-89.0;8;2
2;60;59;9;2;9;-1;27.0;Fischer & Whitney (2014);Experiment 1b;Orientation;1;11;27.0;15.0;61.0;52.0;3.0;7.0;9;2
2;39;31;10;2;9;-8;21.0;Fischer & Whitney (2014);Experiment 1b;Orientation;1;11;21.0;48.0;36.0;82.0;73.0;24.0;10;2
2;54;33;11;2;9;-21;-15.0;Fischer & Whitney (2014);Experiment 1b;Orientation;1;11;-15.0;6.0;33.0;21.0;67.0;58.0;11;2
2;98;87;12;2;9;-11;-44.0;Fischer & Whitney (2014);Experiment 1b;Orientation;1;11;-44.0;-59.0;-38.0;-11.0;-23.0;23.0;12;2
2;161;154;13;2;9;-7;-63.0;Fischer & Whitney (2014);Experiment 1b;Orientation;1;11;-63.0;73.0;58.0;79.0;-74.0;-86.0;13;2
2;20;178;14;2;9;-22;-39.0;Fischer & Whitney (2014);Experiment 1b;Orientation;1;11;-39.0;78.0;34.0;19.0;40.0;67.0;14;2
2;45;45;15;2;9;0;-25.0;Fischer & Whitney (2014);Experiment 1b;Orientation;1;11;-25.0;-64.0;53.0;9.0;-6.0;15.0;15;2
2;95;118;16;2;9;23;-50.0;Fischer & Whitney (2014);Experiment 1b;Orientation;1;11;-50.0;-75.0;66.0;3.0;-41.0;-56.0;16;2
2;45;44;17;2;9;-1;50.0;Fischer & Whitney (2014);Experiment 1b;Orientation;1;11;50.0;0.0;-25.0;-64.0;53.0;9.0;17;2
2;77;70;18;2;9;-7;-32.0;Fischer & Whitney (2014);Experiment 1b;Orientation;1;11;-32.0;18.0;-32.0;-57.0;84.0;21.0;18;2
2;78;75;19;2;9;-3;-1.0;Fischer & Whitney (2014);Experiment 1b;Orientation;1;11;-1.0;-33.0;17.0;-33.0;-58.0;83.0;19;2
2;130;140;20;2;9;10;-52.0;Fischer & Whitney (2014);Experiment 1b;Orientation;1;11;-52.0;-53.0;-85.0;-35.0;-85.0;70.0;20;2
2;163;173;21;2;9;10;-33.0;Fischer & Whitney (2014);Experiment 1b;Orientation;1;11;-33.0;-85.0;-86.0;62.0;-68.0;62.0;21;2
2;119;124;22;2;9;5;44.0;Fischer & Whitney (2014);Experiment 1b;Orientation;1;11;44.0;11.0;-41.0;-42.0;-74.0;-24.0;22;2
2;61;55;23;2;9;-6;58.0;Fischer & Whitney (2014);Experiment 1b;Orientation;1;11;58.0;-78.0;69.0;17.0;16.0;-16.0;23;2
2;161;153;24;2;9;-8;80.0;Fischer & Whitney (2014);Experiment 1b;Orientation;1;11;80.0;-42.0;2.0;-31.0;-83.0;-84.0;24;2
2;101;101;25;2;9;0;60.0;Fischer & Whitney (2014);Experiment 1b;Orientation;1;11;60.0;-40.0;18.0;62.0;29.0;-23.0;25;2
2;95;103;26;2;9;8;6.0;Fischer & Whitney (2014);Experiment 1b;Orientation;1;11;6.0;66.0;-34.0;24.0;68.0;35.0;26;2
2;12;17;27;2;9;5;83.0;Fischer & Whitney (2014);Experiment 1b;Orientation;1;11;83.0;89.0;-31.0;49.0;-73.0;-29.0;27;2
2;70;81;28;2;9;11;-58.0;Fischer & Whitney (2014);Experiment 1b;Orientation;1;11;-58.0;25.0;31.0;-89.0;-9.0;49.0;28;2
2;23;26;29;2;9;3;47.0;Fischer & Whitney (2014);Experiment 1b;Orientation;1;11;47.0;-11.0;72.0;78.0;-42.0;38.0;29;2
2;13;16;30;2;9;3;10.0;Fischer & Whitney (2014);Experiment 1b;Orientation;1;11;10.0;57.0;-1.0;82.0;88.0;-32.0;30;2
2;105;115;31;2;9;10;88.0;Fischer & Whitney (2014);Experiment 1b;Orientation;1;11;88.0;-82.0;-35.0;87.0;-10.0;-4.0;31;2
2;81;62;32;2;9;-19;24.0;Fischer & Whitney (2014);Experiment 1b;Orientation;1;11;24.0;-68.0;-58.0;-11.0;-69.0;14.0;32;2
2;107;133;33;2;9;26;-26.0;Fischer & Whitney (2014);Experiment 1b;Orientation;1;11;-26.0;-2.0;86.0;-84.0;-37.0;85.0;33;2
2;154;151;34;2;9;-3;-47.0;Fischer & Whitney (2014);Experiment 1b;Orientation;1;11;-47.0;-73.0;-49.0;39.0;49.0;-84.0;34;2
2;87;87;35;2;9;0;67.0;Fischer & Whitney (2014);Experiment 1b;Orientation;1;11;67.0;20.0;-6.0;18.0;-74.0;-64.0;35;2
2;103;110;36;2;9;7;-16.0;Fischer & Whitney (2014);Experiment 1b;Orientation;1;11;-16.0;51.0;4.0;-22.0;2.0;90.0;36;2
2;29;33;37;2;9;4;74.0;Fischer & Whitney (2014);Experiment 1b;Orientation;1;11;74.0;58.0;-55.0;78.0;52.0;76.0;37;2
2;90;84;38;2;9;-6;-61.0;Fischer & Whitney (2014);Experiment 1b;Orientation;1;11;-61.0;13.0;-3.0;64.0;17.0;-9.0;38;2
2;78;72;39;2;9;-6;12.0;Fischer & Whitney (2014);Experiment 1b;Orientation;1;11;12.0;-49.0;25.0;9.0;76.0;29.0;39;2
2;17;16;40;2;9;-1;61.0;Fischer & Whitney (2014);Experiment 1b;Orientation;1;11;61.0;73.0;12.0;86.0;70.0;-43.0;40;2
2;83;85;41;2;9;2;-66.0;Fischer & Whitney (2014);Experiment 1b;Orientation;1;11;-66.0;-5.0;7.0;-54.0;20.0;4.0;41;2
2;125;120;42;2;9;-5;-42.0;Fischer & Whitney (2014);Experiment 1b;Orientation;1;11;-42.0;72.0;-47.0;-35.0;84.0;-22.0;42;2
2;68;67;43;2;9;-1;57.0;Fischer & Whitney (2014);Experiment 1b;Orientation;1;11;57.0;15.0;-51.0;10.0;22.0;-39.0;43;2
2;150;143;44;2;9;-7;-82.0;Fischer & Whitney (2014);Experiment 1b;Orientation;1;11;-82.0;-25.0;-67.0;47.0;-72.0;-60.0;44;2
2;88;98;45;2;9;10;62.0;Fischer & Whitney (2014);Experiment 1b;Orientation;1;11;62.0;-20.0;37.0;-5.0;-71.0;-10.0;45;2
2;26;33;46;2;9;7;62.0;Fischer & Whitney (2014);Experiment 1b;Orientation;1;11;62.0;-56.0;42.0;-81.0;57.0;-9.0;46;2
2;173;168;47;2;9;-5;33.0;Fischer & Whitney (2014);Experiment 1b;Orientation;1;11;33.0;-85.0;-23.0;75.0;-48.0;90.0;47;2
2;178;178;48;2;9;0;-5.0;Fischer & Whitney (2014);Experiment 1b;Orientation;1;11;-5.0;28.0;90.0;-28.0;70.0;-53.0;48;2
2;152;144;49;2;9;-8;26.0;Fischer & Whitney (2014);Experiment 1b;Orientation;1;11;26.0;21.0;54.0;-64.0;-2.0;-84.0;49;2
2;10;29;50;2;9;19;-38.0;Fischer & Whitney (2014);Experiment 1b;Orientation;1;11;-38.0;-12.0;-17.0;16.0;78.0;-40.0;50;2
2;107;108;51;2;9;1;83.0;Fischer & Whitney (2014);Experiment 1b;Orientation;1;11;83.0;45.0;71.0;66.0;-81.0;-19.0;51;2
2;104;106;52;2;9;2;3.0;Fischer & Whitney (2014);Experiment 1b;Orientation;1;11;3.0;86.0;48.0;74.0;69.0;-78.0;52;2
2;99;99;53;2;9;0;5.0;Fischer & Whitney (2014);Experiment 1b;Orientation;1;11;5.0;8.0;-89.0;53.0;79.0;74.0;53;2
2;96;101;54;2;9;5;3.0;Fischer & Whitney (2014);Experiment 1b;Orientation;1;11;3.0;8.0;11.0;-86.0;56.0;82.0;54;2
2;140;130;55;2;9;-10;-44.0;Fischer & Whitney (2014);Experiment 1b;Orientation;1;11;-44.0;-41.0;-36.0;-33.0;50.0;12.0;55;2
2;92;105;56;2;9;13;48.0;Fischer & Whitney (2014);Experiment 1b;Orientation;1;11;48.0;4.0;7.0;12.0;15.0;-82.0;56;2
2;12;11;57;2;9;-1;80.0;Fischer & Whitney (2014);Experiment 1b;Orientation;1;11;80.0;-52.0;84.0;87.0;-88.0;-85.0;57;2
2;76;76;58;2;9;0;-64.0;Fischer & Whitney (2014);Experiment 1b;Orientation;1;11;-64.0;16.0;64.0;20.0;23.0;28.0;58;2
2;85;82;59;2;9;-3;-9.0;Fischer & Whitney (2014);Experiment 1b;Orientation;1;11;-9.0;-73.0;7.0;55.0;11.0;14.0;59;2
2;150;148;60;2;9;-2;-65.0;Fischer & Whitney (2014);Experiment 1b;Orientation;1;11;-65.0;-74.0;42.0;-58.0;-10.0;-54.0;60;2
2;18;30;61;2;9;12;-48.0;Fischer & Whitney (2014);Experiment 1b;Orientation;1;11;-48.0;67.0;58.0;-6.0;74.0;-58.0;61;2
2;97;97;62;2;9;0;-79.0;Fischer & Whitney (2014);Experiment 1b;Orientation;1;11;-79.0;53.0;-12.0;-21.0;-85.0;-5.0;62;2
2;129;135;63;2;9;6;-32.0;Fischer & Whitney (2014);Experiment 1b;Orientation;1;11;-32.0;69.0;21.0;-44.0;-53.0;63.0;63;2
2;142;140;64;2;9;-2;-13.0;Fischer & Whitney (2014);Experiment 1b;Orientation;1;11;-13.0;-45.0;56.0;8.0;-57.0;-66.0;64;2
2;172;167;65;2;9;-5;-30.0;Fischer & Whitney (2014);Experiment 1b;Orientation;1;11;-30.0;-43.0;-75.0;26.0;-22.0;-87.0;65;2
2;101;102;66;2;9;1;71.0;Fischer & Whitney (2014);Experiment 1b;Orientation;1;11;71.0;41.0;28.0;-4.0;-83.0;49.0;66;2
2;157;146;67;2;9;-11;-56.0;Fischer & Whitney (2014);Experiment 1b;Orientation;1;11;-56.0;15.0;-15.0;-28.0;-60.0;41.0;67;2
2;58;47;68;2;9;-11;-81.0;Fischer & Whitney (2014);Experiment 1b;Orientation;1;11;-81.0;43.0;-66.0;84.0;71.0;39.0;68;2
2;13;34;69;2;9;21;45.0;Fischer & Whitney (2014);Experiment 1b;Orientation;1;11;45.0;-36.0;88.0;-21.0;-51.0;-64.0;69;2
2;125;132;70;2;9;7;68.0;Fischer & Whitney (2014);Experiment 1b;Orientation;1;11;68.0;-67.0;32.0;-24.0;47.0;17.0;70;2
2;153;147;71;2;9;-6;-28.0;Fischer & Whitney (2014);Experiment 1b;Orientation;1;11;-28.0;40.0;85.0;4.0;-52.0;19.0;71;2
2;114;111;72;2;9;-3;39.0;Fischer & Whitney (2014);Experiment 1b;Orientation;1;11;39.0;11.0;79.0;-56.0;43.0;-13.0;72;2
2;176;176;73;2;9;0;-62.0;Fischer & Whitney (2014);Experiment 1b;Orientation;1;11;-62.0;-23.0;-51.0;17.0;62.0;-19.0;73;2
2;79;66;74;2;9;-13;-83.0;Fischer & Whitney (2014);Experiment 1b;Orientation;1;11;-83.0;35.0;74.0;46.0;-66.0;-21.0;74;2
2;52;60;75;2;9;8;27.0;Fischer & Whitney (2014);Experiment 1b;Orientation;1;11;27.0;-56.0;62.0;-79.0;73.0;-39.0;75;2
2;91;81;76;2;9;-10;-39.0;Fischer & Whitney (2014);Experiment 1b;Orientation;1;11;-39.0;-12.0;85.0;23.0;62.0;34.0;76;2
2;122;131;77;2;9;9;-31.0;Fischer & Whitney (2014);Experiment 1b;Orientation;1;11;-31.0;-70.0;-43.0;54.0;-8.0;31.0;77;2
2;1;10;78;2;9;9;-59.0;Fischer & Whitney (2014);Experiment 1b;Orientation;1;11;-59.0;90.0;51.0;78.0;-5.0;-67.0;78;2
2;6;2;79;2;9;-4;-5.0;Fischer & Whitney (2014);Experiment 1b;Orientation;1;11;-5.0;-64.0;85.0;46.0;73.0;-10.0;79;2
2;160;153;80;2;9;-7;26.0;Fischer & Whitney (2014);Experiment 1b;Orientation;1;11;26.0;21.0;-38.0;-69.0;72.0;-81.0;80;2
2;12;15;81;2;9;3;-32.0;Fischer & Whitney (2014);Experiment 1b;Orientation;1;11;-32.0;-6.0;-11.0;-70.0;79.0;40.0;81;2
2;128;127;82;2;9;-1;64.0;Fischer & Whitney (2014);Experiment 1b;Orientation;1;11;64.0;32.0;58.0;53.0;-6.0;-37.0;82;2
2;125;129;83;2;9;4;3.0;Fischer & Whitney (2014);Experiment 1b;Orientation;1;11;3.0;67.0;35.0;61.0;56.0;-3.0;83;2
2;79;68;84;2;9;-11;46.0;Fischer & Whitney (2014);Experiment 1b;Orientation;1;11;46.0;49.0;-67.0;81.0;-73.0;-78.0;84;2
2;27;51;85;2;9;24;52.0;Fischer & Whitney (2014);Experiment 1b;Orientation;1;11;52.0;-82.0;-79.0;-15.0;-47.0;-21.0;85;2
2;24;29;86;2;9;5;3.0;Fischer & Whitney (2014);Experiment 1b;Orientation;1;11;3.0;55.0;-79.0;-76.0;-12.0;-44.0;86;2
2;36;41;87;2;9;5;-12.0;Fischer & Whitney (2014);Experiment 1b;Orientation;1;11;-12.0;-9.0;43.0;89.0;-88.0;-24.0;87;2
2;25;34;88;2;9;9;11.0;Fischer & Whitney (2014);Experiment 1b;Orientation;1;11;11.0;-1.0;2.0;54.0;-80.0;-77.0;88;2
2;99;115;89;2;9;16;-74.0;Fischer & Whitney (2014);Experiment 1b;Orientation;1;11;-74.0;-63.0;-75.0;-72.0;-20.0;26.0;89;2
2;72;73;90;2;9;1;27.0;Fischer & Whitney (2014);Experiment 1b;Orientation;1;11;27.0;-47.0;-36.0;-48.0;-45.0;7.0;90;2
2;25;38;91;2;9;13;47.0;Fischer & Whitney (2014);Experiment 1b;Orientation;1;11;47.0;74.0;0.0;11.0;-1.0;2.0;91;2
2;178;177;92;2;9;-1;27.0;Fischer & Whitney (2014);Experiment 1b;Orientation;1;11;27.0;74.0;-79.0;27.0;38.0;26.0;92;2
2;73;71;93;2;9;-2;-75.0;Fischer & Whitney (2014);Experiment 1b;Orientation;1;11;-75.0;-48.0;-1.0;26.0;-48.0;-37.0;93;2
2;122;123;94;2;9;1;-49.0;Fischer & Whitney (2014);Experiment 1b;Orientation;1;11;-49.0;56.0;83.0;-50.0;-23.0;83.0;94;2
2;128;122;95;2;9;-6;-6.0;Fischer & Whitney (2014);Experiment 1b;Orientation;1;11;-6.0;-55.0;50.0;77.0;-56.0;-29.0;95;2
2;23;26;96;2;9;3;-75.0;Fischer & Whitney (2014);Experiment 1b;Orientation;1;11;-75.0;-81.0;50.0;-25.0;2.0;49.0;96;2
2;161;162;97;2;9;1;42.0;Fischer & Whitney (2014);Experiment 1b;Orientation;1;11;42.0;-33.0;-39.0;-88.0;17.0;44.0;97;2
2;145;171;98;2;9;26;16.0;Fischer & Whitney (2014);Experiment 1b;Orientation;1;11;16.0;58.0;-17.0;-23.0;-72.0;33.0;98;2
2;57;59;99;2;9;2;88.0;Fischer & Whitney (2014);Experiment 1b;Orientation;1;11;88.0;-76.0;-34.0;71.0;65.0;16.0;99;2
2;159;156;100;2;9;-3;78.0;Fischer & Whitney (2014);Experiment 1b;Orientation;1;11;78.0;-14.0;2.0;44.0;-31.0;-37.0;100;2
2;166;174;101;2;9;8;-7.0;Fischer & Whitney (2014);Experiment 1b;Orientation;1;11;-7.0;71.0;-21.0;-5.0;37.0;-38.0;101;2
2;102;106;102;2;9;4;64.0;Fischer & Whitney (2014);Experiment 1b;Orientation;1;11;64.0;57.0;-45.0;43.0;59.0;-79.0;102;2
2;135;121;103;2;9;-14;-33.0;Fischer & Whitney (2014);Experiment 1b;Orientation;1;11;-33.0;31.0;24.0;-78.0;10.0;26.0;103;2
2;109;117;104;2;9;8;26.0;Fischer & Whitney (2014);Experiment 1b;Orientation;1;11;26.0;-7.0;57.0;50.0;-52.0;36.0;104;2
2;118;119;1;3;9;1;-9.0;Fischer & Whitney (2014);Experiment 1b;Orientation;1;11;;;;;;;1;3
2;5;7;2;3;9;2;-67.0;Fischer & Whitney (2014);Experiment 1b;Orientation;1;11;;;;;;;2;3
2;127;118;3;3;9;-9;58.0;Fischer & Whitney (2014);Experiment 1b;Orientation;1;11;;;;;;;3;3
2;116;116;4;3;9;0;11.0;Fischer & Whitney (2014);Experiment 1b;Orientation;1;11;;;;;;;4;3
2;127;134;5;3;9;7;-11.0;Fischer & Whitney (2014);Experiment 1b;Orientation;1;11;;;;;;;5;3
2;2;5;6;3;9;3;-55.0;Fischer & Whitney (2014);Experiment 1b;Orientation;1;11;;;;;;;6;3
2;161;170;7;3;9;9;21.0;Fischer & Whitney (2014);Experiment 1b;Orientation;1;11;21.0;-34.0;-45.0;-34.0;24.0;-43.0;7;3
2;79;76;8;3;9;-3;82.0;Fischer & Whitney (2014);Experiment 1b;Orientation;1;11;82.0;-77.0;48.0;37.0;48.0;-74.0;8;3
2;168;175;9;3;9;7;-89.0;Fischer & Whitney (2014);Experiment 1b;Orientation;1;11;-89.0;-7.0;14.0;-41.0;-52.0;-41.0;9;3
2;163;174;10;3;9;11;5.0;Fischer & Whitney (2014);Experiment 1b;Orientation;1;11;5.0;-84.0;-2.0;19.0;-36.0;-47.0;10;3
2;146;126;11;3;9;-20;17.0;Fischer & Whitney (2014);Experiment 1b;Orientation;1;11;17.0;22.0;-67.0;15.0;36.0;-19.0;11;3
2;29;44;12;3;9;15;-63.0;Fischer & Whitney (2014);Experiment 1b;Orientation;1;11;-63.0;-46.0;-41.0;50.0;-48.0;-27.0;12;3
2;44;49;13;3;9;5;-15.0;Fischer & Whitney (2014);Experiment 1b;Orientation;1;11;-15.0;-78.0;-61.0;-56.0;35.0;-63.0;13;3
2;21;23;14;3;9;2;23.0;Fischer & Whitney (2014);Experiment 1b;Orientation;1;11;23.0;8.0;-55.0;-38.0;-33.0;58.0;14;3
2;80;85;15;3;9;5;-59.0;Fischer & Whitney (2014);Experiment 1b;Orientation;1;11;-59.0;-36.0;-51.0;66.0;83.0;88.0;15;3
2;123;114;16;3;9;-9;-43.0;Fischer & Whitney (2014);Experiment 1b;Orientation;1;11;-43.0;78.0;-79.0;86.0;23.0;40.0;16;3
2;154;161;17;3;9;7;-31.0;Fischer & Whitney (2014);Experiment 1b;Orientation;1;11;-31.0;-74.0;47.0;70.0;55.0;-8.0;17;3
2;108;113;18;3;9;5;46.0;Fischer & Whitney (2014);Experiment 1b;Orientation;1;11;46.0;15.0;-28.0;-87.0;-64.0;-79.0;18;3
2;151;157;19;3;9;6;-43.0;Fischer & Whitney (2014);Experiment 1b;Orientation;1;11;-43.0;3.0;-28.0;-71.0;50.0;73.0;19;3
2;68;67;20;3;9;-1;83.0;Fischer & Whitney (2014);Experiment 1b;Orientation;1;11;83.0;40.0;86.0;55.0;12.0;-47.0;20;3
2;150;158;21;3;9;8;-82.0;Fischer & Whitney (2014);Experiment 1b;Orientation;1;11;-82.0;1.0;-42.0;4.0;-27.0;-70.0;21;3
2;97;100;22;3;9;3;53.0;Fischer & Whitney (2014);Experiment 1b;Orientation;1;11;53.0;-29.0;54.0;11.0;57.0;26.0;22;3
2;105;105;23;3;9;0;-8.0;Fischer & Whitney (2014);Experiment 1b;Orientation;1;11;-8.0;45.0;-37.0;46.0;3.0;49.0;23;3
2;97;103;24;3;9;6;8.0;Fischer & Whitney (2014);Experiment 1b;Orientation;1;11;8.0;0.0;53.0;-29.0;54.0;11.0;24;3
2;40;54;25;3;9;14;57.0;Fischer & Whitney (2014);Experiment 1b;Orientation;1;11;57.0;65.0;57.0;-70.0;28.0;-69.0;25;3
2;28;36;26;3;9;8;12.0;Fischer & Whitney (2014);Experiment 1b;Orientation;1;11;12.0;69.0;77.0;69.0;-58.0;40.0;26;3
2;114;116;27;3;9;2;-86.0;Fischer & Whitney (2014);Experiment 1b;Orientation;1;11;-86.0;-74.0;-17.0;-9.0;-17.0;36.0;27;3
2;54;60;28;3;9;6;60.0;Fischer & Whitney (2014);Experiment 1b;Orientation;1;11;60.0;-26.0;-14.0;43.0;51.0;43.0;28;3
2;128;120;29;3;9;-8;-74.0;Fischer & Whitney (2014);Experiment 1b;Orientation;1;11;-74.0;-14.0;80.0;-88.0;-31.0;-23.0;29;3
2;40;53;30;3;9;13;88.0;Fischer & Whitney (2014);Experiment 1b;Orientation;1;11;88.0;14.0;74.0;-12.0;0.0;57.0;30;3
2;168;170;31;3;9;2;52.0;Fischer & Whitney (2014);Experiment 1b;Orientation;1;11;52.0;-40.0;66.0;-54.0;40.0;52.0;31;3
2;78;70;32;3;9;-8;90.0;Fischer & Whitney (2014);Experiment 1b;Orientation;1;11;90.0;-38.0;50.0;-24.0;36.0;-50.0;32;3
2;168;169;33;3;9;1;-90.0;Fischer & Whitney (2014);Experiment 1b;Orientation;1;11;90.0;0.0;52.0;-40.0;66.0;-54.0;33;3
2;21;18;34;3;9;-3;-33.0;Fischer & Whitney (2014);Experiment 1b;Orientation;1;11;-33.0;57.0;-33.0;19.0;-73.0;33.0;34;3
2;153;159;35;3;9;6;48.0;Fischer & Whitney (2014);Experiment 1b;Orientation;1;11;48.0;15.0;-75.0;15.0;67.0;-25.0;35;3
2;72;76;36;3;9;4;81.0;Fischer & Whitney (2014);Experiment 1b;Orientation;1;11;81.0;-51.0;-84.0;6.0;-84.0;-32.0;36;3
2;129;141;37;3;9;12;-57.0;Fischer & Whitney (2014);Experiment 1b;Orientation;1;11;-57.0;24.0;72.0;39.0;-51.0;39.0;37;3
2;165;165;38;3;9;0;-36.0;Fischer & Whitney (2014);Experiment 1b;Orientation;1;11;-36.0;87.0;-12.0;36.0;3.0;-87.0;38;3
2;3;179;39;3;9;-4;-18.0;Fischer & Whitney (2014);Experiment 1b;Orientation;1;11;-18.0;-54.0;69.0;-30.0;18.0;-15.0;39;3
2;94;90;40;3;9;-4;89.0;Fischer & Whitney (2014);Experiment 1b;Orientation;1;11;89.0;71.0;35.0;-22.0;59.0;-73.0;40;3
2;142;146;41;3;9;4;-48.0;Fischer & Whitney (2014);Experiment 1b;Orientation;1;11;-48.0;41.0;23.0;-13.0;-70.0;11.0;41;3
2;88;92;42;3;9;4;54.0;Fischer & Whitney (2014);Experiment 1b;Orientation;1;11;54.0;6.0;-85.0;77.0;41.0;-16.0;42;3
2;138;132;43;3;9;-6;-50.0;Fischer & Whitney (2014);Experiment 1b;Orientation;1;11;-50.0;4.0;-44.0;45.0;27.0;-9.0;43;3
2;115;122;44;3;9;7;23.0;Fischer & Whitney (2014);Experiment 1b;Orientation;1;11;23.0;-27.0;27.0;-21.0;68.0;50.0;44;3
2;101;108;45;3;9;7;14.0;Fischer & Whitney (2014);Experiment 1b;Orientation;1;11;14.0;37.0;-13.0;41.0;-7.0;82.0;45;3
2;1;8;46;3;9;7;-80.0;Fischer & Whitney (2014);Experiment 1b;Orientation;1;11;-80.0;-66.0;-43.0;87.0;-39.0;-87.0;46;3
2;46;43;47;3;9;-3;-45.0;Fischer & Whitney (2014);Experiment 1b;Orientation;1;11;-45.0;55.0;69.0;-88.0;42.0;-84.0;47;3
2;90;85;48;3;9;-5;-44.0;Fischer & Whitney (2014);Experiment 1b;Orientation;1;11;-44.0;-89.0;11.0;25.0;48.0;-2.0;48;3
2;63;69;49;3;9;6;27.0;Fischer & Whitney (2014);Experiment 1b;Orientation;1;11;27.0;-17.0;-62.0;38.0;52.0;75.0;49;3
2;72;69;50;3;9;-3;-9.0;Fischer & Whitney (2014);Experiment 1b;Orientation;1;11;-9.0;18.0;-26.0;-71.0;29.0;43.0;50;3
2;94;89;51;3;9;-5;-22.0;Fischer & Whitney (2014);Experiment 1b;Orientation;1;11;-22.0;-31.0;-4.0;-48.0;87.0;7.0;51;3
2;9;29;52;3;9;20;85.0;Fischer & Whitney (2014);Experiment 1b;Orientation;1;11;85.0;63.0;54.0;81.0;37.0;-8.0;52;3
2;167;167;53;3;9;0;22.0;Fischer & Whitney (2014);Experiment 1b;Orientation;1;11;22.0;-73.0;85.0;76.0;-77.0;59.0;53;3
2;7;16;54;3;9;9;-20.0;Fischer & Whitney (2014);Experiment 1b;Orientation;1;11;-20.0;2.0;87.0;65.0;56.0;83.0;54;3
2;176;179;55;3;9;3;11.0;Fischer & Whitney (2014);Experiment 1b;Orientation;1;11;11.0;-9.0;13.0;-82.0;76.0;67.0;55;3
2;17;19;56;3;9;2;-21.0;Fischer & Whitney (2014);Experiment 1b;Orientation;1;11;-21.0;-10.0;-30.0;-8.0;77.0;55.0;56;3
2;61;65;57;3;9;4;-44.0;Fischer & Whitney (2014);Experiment 1b;Orientation;1;11;-44.0;-65.0;-54.0;-74.0;-52.0;33.0;57;3
2;24;39;58;3;9;15;37.0;Fischer & Whitney (2014);Experiment 1b;Orientation;1;11;37.0;-7.0;-28.0;-17.0;-37.0;-15.0;58;3
2;153;151;59;3;9;-2;51.0;Fischer & Whitney (2014);Experiment 1b;Orientation;1;11;51.0;88.0;44.0;23.0;34.0;14.0;59;3
2;41;41;60;3;9;0;-68.0;Fischer & Whitney (2014);Experiment 1b;Orientation;1;11;-68.0;-17.0;20.0;-24.0;-45.0;-34.0;60;3
2;116;121;61;3;9;5;-75.0;Fischer & Whitney (2014);Experiment 1b;Orientation;1;11;-75.0;37.0;88.0;-55.0;81.0;60.0;61;3
2;81;80;62;3;9;-1;35.0;Fischer & Whitney (2014);Experiment 1b;Orientation;1;11;35.0;-40.0;72.0;-57.0;-20.0;-64.0;62;3
2;4;7;63;3;9;3;77.0;Fischer & Whitney (2014);Experiment 1b;Orientation;1;11;77.0;-68.0;37.0;-31.0;20.0;57.0;63;3
2;39;29;64;3;9;-10;-35.0;Fischer & Whitney (2014);Experiment 1b;Orientation;1;11;-35.0;42.0;77.0;2.0;-66.0;-15.0;64;3
2;78;72;65;3;9;-6;-39.0;Fischer & Whitney (2014);Experiment 1b;Orientation;1;11;-39.0;-74.0;3.0;38.0;-37.0;75.0;65;3
2;104;112;66;3;9;8;-26.0;Fischer & Whitney (2014);Experiment 1b;Orientation;1;11;-26.0;-65.0;80.0;-23.0;12.0;-63.0;66;3
2;11;20;67;3;9;9;-87.0;Fischer & Whitney (2014);Experiment 1b;Orientation;1;11;-87.0;67.0;28.0;-7.0;70.0;-75.0;67;3
2;136;130;68;3;9;-6;55.0;Fischer & Whitney (2014);Experiment 1b;Orientation;1;11;55.0;-32.0;-58.0;83.0;48.0;-55.0;68;3
2;115;134;69;3;9;19;21.0;Fischer & Whitney (2014);Experiment 1b;Orientation;1;11;21.0;76.0;-11.0;-37.0;-76.0;69.0;69;3
2;24;25;70;3;9;1;-89.0;Fischer & Whitney (2014);Experiment 1b;Orientation;1;11;-89.0;-68.0;-13.0;80.0;54.0;15.0;70;3
2;105;119;71;3;9;14;-81.0;Fischer & Whitney (2014);Experiment 1b;Orientation;1;11;-81.0;10.0;31.0;86.0;-1.0;-27.0;71;3
2;32;39;72;3;9;7;73.0;Fischer & Whitney (2014);Experiment 1b;Orientation;1;11;73.0;-8.0;83.0;-76.0;-21.0;72.0;72;3
2;89;79;73;3;9;-10;-57.0;Fischer & Whitney (2014);Experiment 1b;Orientation;1;11;-57.0;16.0;-65.0;26.0;47.0;-78.0;73;3
2;141;133;74;3;9;-8;-52.0;Fischer & Whitney (2014);Experiment 1b;Orientation;1;11;-52.0;71.0;-36.0;63.0;-26.0;-5.0;74;3
2;145;152;75;3;9;7;-4.0;Fischer & Whitney (2014);Experiment 1b;Orientation;1;11;-4.0;-56.0;67.0;-40.0;59.0;-30.0;75;3
2;101;104;76;3;9;3;44.0;Fischer & Whitney (2014);Experiment 1b;Orientation;1;11;44.0;40.0;-12.0;-69.0;4.0;-77.0;76;3
2;45;63;77;3;9;18;56.0;Fischer & Whitney (2014);Experiment 1b;Orientation;1;11;56.0;-80.0;-84.0;44.0;-13.0;60.0;77;3
2;27;32;78;3;9;5;18.0;Fischer & Whitney (2014);Experiment 1b;Orientation;1;11;18.0;74.0;-62.0;-66.0;62.0;5.0;78;3
2;124;122;79;3;9;-2;83.0;Fischer & Whitney (2014);Experiment 1b;Orientation;1;11;83.0;-79.0;-23.0;21.0;17.0;-35.0;79;3
2;1;3;80;3;9;2;-57.0;Fischer & Whitney (2014);Experiment 1b;Orientation;1;11;-57.0;26.0;44.0;-80.0;-36.0;-40.0;80;3
2;93;94;81;3;9;1;88.0;Fischer & Whitney (2014);Experiment 1b;Orientation;1;11;88.0;31.0;-66.0;-48.0;8.0;52.0;81;3
2;152;151;82;3;9;-1;-59.0;Fischer & Whitney (2014);Experiment 1b;Orientation;1;11;-59.0;29.0;-28.0;55.0;73.0;-51.0;82;3
2;67;68;83;3;9;1;85.0;Fischer & Whitney (2014);Experiment 1b;Orientation;1;11;85.0;26.0;-66.0;57.0;-40.0;-22.0;83;3
2;141;130;84;3;9;-11;-74.0;Fischer & Whitney (2014);Experiment 1b;Orientation;1;11;-74.0;11.0;-48.0;40.0;-17.0;66.0;84;3
2;150;150;85;3;9;0;-9.0;Fischer & Whitney (2014);Experiment 1b;Orientation;1;11;-9.0;-83.0;2.0;-57.0;31.0;-26.0;85;3
2;107;121;86;3;9;14;43.0;Fischer & Whitney (2014);Experiment 1b;Orientation;1;11;43.0;34.0;-40.0;45.0;-14.0;74.0;86;3
2;4;6;87;3;9;2;-77.0;Fischer & Whitney (2014);Experiment 1b;Orientation;1;11;-77.0;-34.0;-43.0;63.0;-32.0;89.0;87;3
2;128;126;88;3;9;-2;56.0;Fischer & Whitney (2014);Experiment 1b;Orientation;1;11;56.0;-21.0;22.0;13.0;-61.0;24.0;88;3
2;29;49;89;3;9;20;-81.0;Fischer & Whitney (2014);Experiment 1b;Orientation;1;11;-81.0;-25.0;78.0;-59.0;-68.0;38.0;89;3
2;23;31;90;3;9;8;6.0;Fischer & Whitney (2014);Experiment 1b;Orientation;1;11;6.0;-75.0;-19.0;84.0;-53.0;-62.0;90;3
2;75;73;91;3;9;-2;-52.0;Fischer & Whitney (2014);Experiment 1b;Orientation;1;11;-52.0;-46.0;53.0;-71.0;32.0;75.0;91;3
2;143;149;92;3;9;6;-68.0;Fischer & Whitney (2014);Experiment 1b;Orientation;1;11;-68.0;60.0;66.0;-15.0;41.0;-36.0;92;3
2;23;23;93;3;9;0;-60.0;Fischer & Whitney (2014);Experiment 1b;Orientation;1;11;-60.0;52.0;0.0;6.0;-75.0;-19.0;93;3
2;66;75;94;3;9;9;-43.0;Fischer & Whitney (2014);Experiment 1b;Orientation;1;11;-43.0;77.0;9.0;-43.0;-37.0;62.0;94;3
2;25;40;95;3;9;15;41.0;Fischer & Whitney (2014);Experiment 1b;Orientation;1;11;41.0;-2.0;-62.0;50.0;-2.0;4.0;95;3
2;85;84;96;3;9;-1;-60.0;Fischer & Whitney (2014);Experiment 1b;Orientation;1;11;-60.0;-19.0;-62.0;58.0;-10.0;-62.0;96;3
2;1;1;97;3;9;0;84.0;Fischer & Whitney (2014);Experiment 1b;Orientation;1;11;84.0;24.0;65.0;22.0;-38.0;74.0;97;3
2;72;75;98;3;9;3;-71.0;Fischer & Whitney (2014);Experiment 1b;Orientation;1;11;-71.0;13.0;-47.0;-6.0;-49.0;71.0;98;3
2;40;62;99;3;9;22;32.0;Fischer & Whitney (2014);Experiment 1b;Orientation;1;11;32.0;-39.0;45.0;-15.0;26.0;-17.0;99;3
2;22;31;100;3;9;9;18.0;Fischer & Whitney (2014);Experiment 1b;Orientation;1;11;18.0;50.0;-21.0;63.0;3.0;44.0;100;3
2;98;98;101;3;9;0;-76.0;Fischer & Whitney (2014);Experiment 1b;Orientation;1;11;-76.0;-58.0;-26.0;83.0;-13.0;-73.0;101;3
2;125;112;102;3;9;-13;-27.0;Fischer & Whitney (2014);Experiment 1b;Orientation;1;11;-27.0;77.0;-85.0;-53.0;56.0;-40.0;102;3
2;90;98;103;3;9;8;35.0;Fischer & Whitney (2014);Experiment 1b;Orientation;1;11;35.0;8.0;-68.0;-50.0;-18.0;-89.0;103;3
2;21;23;104;3;9;2;69.0;Fischer & Whitney (2014);Experiment 1b;Orientation;1;11;69.0;-76.0;77.0;1.0;19.0;51.0;104;3
2;160;160;1;4;9;0;41.0;Fischer & Whitney (2014);Experiment 1b;Orientation;1;11;;;;;;;1;4
2;57;59;2;4;9;2;-77.0;Fischer & Whitney (2014);Experiment 1b;Orientation;1;11;;;;;;;2;4
2;3;18;3;4;9;15;54.0;Fischer & Whitney (2014);Experiment 1b;Orientation;1;11;;;;;;;3;4
2;64;69;4;4;9;5;-61.0;Fischer & Whitney (2014);Experiment 1b;Orientation;1;11;;;;;;;4;4
2;92;96;5;4;9;4;-28.0;Fischer & Whitney (2014);Experiment 1b;Orientation;1;11;;;;;;;5;4
2;140;131;6;4;9;-9;-48.0;Fischer & Whitney (2014);Experiment 1b;Orientation;1;11;;;;;;;6;4
2;177;169;7;4;9;-8;-37.0;Fischer & Whitney (2014);Experiment 1b;Orientation;1;11;-37.0;-85.0;67.0;6.0;60.0;-17.0;7;4
2;152;156;8;4;9;4;25.0;Fischer & Whitney (2014);Experiment 1b;Orientation;1;11;25.0;-12.0;-60.0;-88.0;31.0;85.0;8;4
2;104;104;9;4;9;0;48.0;Fischer & Whitney (2014);Experiment 1b;Orientation;1;11;48.0;73.0;36.0;-12.0;-40.0;79.0;9;4
2;92;98;10;4;9;6;12.0;Fischer & Whitney (2014);Experiment 1b;Orientation;1;11;12.0;60.0;85.0;48.0;0.0;-28.0;10;4
2;48;59;11;4;9;11;44.0;Fischer & Whitney (2014);Experiment 1b;Orientation;1;11;44.0;56.0;-76.0;-51.0;-88.0;44.0;11;4
2;116;112;12;4;9;-4;-68.0;Fischer & Whitney (2014);Experiment 1b;Orientation;1;11;-68.0;-24.0;-12.0;36.0;61.0;24.0;12;4
2;153;154;13;4;9;1;-37.0;Fischer & Whitney (2014);Experiment 1b;Orientation;1;11;-37.0;75.0;-61.0;-49.0;-1.0;24.0;13;4
2;7;14;14;4;9;7;-34.0;Fischer & Whitney (2014);Experiment 1b;Orientation;1;11;-34.0;-71.0;41.0;85.0;-83.0;-35.0;14;4
2;64;75;15;4;9;11;-57.0;Fischer & Whitney (2014);Experiment 1b;Orientation;1;11;-57.0;89.0;52.0;-16.0;28.0;40.0;15;4
2;83;85;16;4;9;2;-19.0;Fischer & Whitney (2014);Experiment 1b;Orientation;1;11;-19.0;-76.0;70.0;33.0;-35.0;9.0;16;4
2;159;151;17;4;9;-8;-76.0;Fischer & Whitney (2014);Experiment 1b;Orientation;1;11;-76.0;85.0;28.0;-6.0;-43.0;69.0;17;4
2;135;136;18;4;9;1;24.0;Fischer & Whitney (2014);Experiment 1b;Orientation;1;11;24.0;-52.0;-71.0;52.0;18.0;-19.0;18;4
2;62;69;19;4;9;7;73.0;Fischer & Whitney (2014);Experiment 1b;Orientation;1;11;73.0;-83.0;21.0;2.0;-55.0;-89.0;19;4
2;124;118;20;4;9;-6;-62.0;Fischer & Whitney (2014);Experiment 1b;Orientation;1;11;-62.0;11.0;35.0;-41.0;-60.0;63.0;20;4
2;59;66;21;4;9;7;65.0;Fischer & Whitney (2014);Experiment 1b;Orientation;1;11;65.0;3.0;76.0;-80.0;24.0;5.0;21;4
2;107;113;22;4;9;6;-48.0;Fischer & Whitney (2014);Experiment 1b;Orientation;1;11;-48.0;17.0;-45.0;28.0;52.0;-24.0;22;4
2;126;126;23;4;9;0;-19.0;Fischer & Whitney (2014);Experiment 1b;Orientation;1;11;-19.0;-67.0;-2.0;-64.0;9.0;33.0;23;4
2;16;12;24;4;9;-4;-70.0;Fischer & Whitney (2014);Experiment 1b;Orientation;1;11;-70.0;-89.0;43.0;-72.0;46.0;-61.0;24;4
2;55;62;25;4;9;7;-39.0;Fischer & Whitney (2014);Experiment 1b;Orientation;1;11;-39.0;71.0;52.0;4.0;69.0;7.0;25;4
2;114;111;26;4;9;-3;-59.0;Fischer & Whitney (2014);Experiment 1b;Orientation;1;11;-59.0;82.0;12.0;-7.0;-55.0;10.0;26;4
2;150;148;27;4;9;-2;-36.0;Fischer & Whitney (2014);Experiment 1b;Orientation;1;11;-36.0;85.0;46.0;-24.0;-43.0;89.0;27;4
2;89;90;28;4;9;1;61.0;Fischer & Whitney (2014);Experiment 1b;Orientation;1;11;61.0;25.0;-34.0;-73.0;37.0;18.0;28;4
2;93;92;29;4;9;-1;-4.0;Fischer & Whitney (2014);Experiment 1b;Orientation;1;11;-4.0;57.0;21.0;-38.0;-77.0;33.0;29;4
2;55;74;30;4;9;19;38.0;Fischer & Whitney (2014);Experiment 1b;Orientation;1;11;38.0;34.0;-85.0;59.0;0.0;-39.0;30;4
2;15;23;31;4;9;8;40.0;Fischer & Whitney (2014);Experiment 1b;Orientation;1;11;40.0;78.0;74.0;-45.0;-81.0;40.0;31;4
2;148;146;32;4;9;-2;47.0;Fischer & Whitney (2014);Experiment 1b;Orientation;1;11;47.0;87.0;-55.0;-59.0;2.0;-34.0;32;4
2;15;15;33;4;9;0;-47.0;Fischer & Whitney (2014);Experiment 1b;Orientation;1;11;-47.0;0.0;40.0;78.0;74.0;-45.0;33;4
2;96;94;34;4;9;-2;-81.0;Fischer & Whitney (2014);Experiment 1b;Orientation;1;11;-81.0;52.0;-81.0;-41.0;-3.0;-7.0;34;4
2;67;74;35;4;9;7;29.0;Fischer & Whitney (2014);Experiment 1b;Orientation;1;11;29.0;-52.0;81.0;-52.0;-12.0;26.0;35;4
2;45;63;36;4;9;18;22.0;Fischer & Whitney (2014);Experiment 1b;Orientation;1;11;22.0;51.0;-30.0;-77.0;-30.0;10.0;36;4
2;97;100;37;4;9;3;-52.0;Fischer & Whitney (2014);Experiment 1b;Orientation;1;11;-52.0;-30.0;-1.0;-82.0;51.0;-82.0;37;4
2;6;8;38;4;9;2;-89.0;Fischer & Whitney (2014);Experiment 1b;Orientation;1;11;-89.0;39.0;61.0;90.0;9.0;-38.0;38;4
2;51;62;39;4;9;11;-45.0;Fischer & Whitney (2014);Experiment 1b;Orientation;1;11;-45.0;46.0;-6.0;16.0;45.0;-36.0;39;4
2;100;100;40;4;9;0;-49.0;Fischer & Whitney (2014);Experiment 1b;Orientation;1;11;-49.0;86.0;-3.0;-55.0;-33.0;-4.0;40;4
2;129;118;41;4;9;-11;-29.0;Fischer & Whitney (2014);Experiment 1b;Orientation;1;11;-29.0;-78.0;57.0;-32.0;-84.0;-62.0;41;4
2;175;165;42;4;9;-10;-46.0;Fischer & Whitney (2014);Experiment 1b;Orientation;1;11;-46.0;-75.0;56.0;11.0;-78.0;50.0;42;4
2;119;118;43;4;9;-1;56.0;Fischer & Whitney (2014);Experiment 1b;Orientation;1;11;56.0;10.0;-19.0;-68.0;67.0;-22.0;43;4
2;62;69;44;4;9;7;57.0;Fischer & Whitney (2014);Experiment 1b;Orientation;1;11;57.0;-67.0;67.0;38.0;-11.0;-56.0;44;4
2;26;21;45;4;9;-5;36.0;Fischer & Whitney (2014);Experiment 1b;Orientation;1;11;36.0;-87.0;-31.0;-77.0;74.0;25.0;45;4
2;137;140;46;4;9;3;69.0;Fischer & Whitney (2014);Experiment 1b;Orientation;1;11;69.0;-75.0;-18.0;38.0;-8.0;-37.0;46;4
2;160;162;47;4;9;2;-23.0;Fischer & Whitney (2014);Experiment 1b;Orientation;1;11;-23.0;46.0;82.0;-41.0;15.0;-31.0;47;4
2;89;89;48;4;9;0;71.0;Fischer & Whitney (2014);Experiment 1b;Orientation;1;11;71.0;48.0;-63.0;-27.0;30.0;86.0;48;4
2;21;17;49;4;9;-4;68.0;Fischer & Whitney (2014);Experiment 1b;Orientation;1;11;68.0;-41.0;-64.0;5.0;41.0;-82.0;49;4
2;43;34;50;4;9;-9;-22.0;Fischer & Whitney (2014);Experiment 1b;Orientation;1;11;-22.0;46.0;-63.0;-86.0;-17.0;19.0;50;4
2;100;99;51;4;9;-1;-57.0;Fischer & Whitney (2014);Experiment 1b;Orientation;1;11;-57.0;-79.0;-11.0;60.0;37.0;-74.0;51;4
2;67;82;52;4;9;15;33.0;Fischer & Whitney (2014);Experiment 1b;Orientation;1;11;33.0;-24.0;-46.0;22.0;-87.0;70.0;52;4
2;11;17;53;4;9;6;56.0;Fischer & Whitney (2014);Experiment 1b;Orientation;1;11;56.0;89.0;32.0;10.0;78.0;-31.0;53;4
2;62;74;54;4;9;12;-51.0;Fischer & Whitney (2014);Experiment 1b;Orientation;1;11;-51.0;5.0;38.0;-19.0;-41.0;27.0;54;4
2;35;42;55;4;9;7;27.0;Fischer & Whitney (2014);Experiment 1b;Orientation;1;11;27.0;-24.0;32.0;65.0;8.0;-14.0;55;4
2;176;175;56;4;9;-1;39.0;Fischer & Whitney (2014);Experiment 1b;Orientation;1;11;39.0;66.0;15.0;71.0;-76.0;47.0;56;4
2;108;110;57;4;9;2;68.0;Fischer & Whitney (2014);Experiment 1b;Orientation;1;11;68.0;-73.0;-46.0;83.0;-41.0;-8.0;57;4
2;103;105;58;4;9;2;5.0;Fischer & Whitney (2014);Experiment 1b;Orientation;1;11;5.0;73.0;-68.0;-41.0;88.0;-36.0;58;4
2;66;74;59;4;9;8;37.0;Fischer & Whitney (2014);Experiment 1b;Orientation;1;11;37.0;42.0;-70.0;-31.0;-4.0;-55.0;59;4
2;147;161;60;4;9;14;-81.0;Fischer & Whitney (2014);Experiment 1b;Orientation;1;11;-81.0;-44.0;-39.0;29.0;68.0;-85.0;60;4
2;154;157;61;4;9;3;-7.0;Fischer & Whitney (2014);Experiment 1b;Orientation;1;11;-7.0;-88.0;-51.0;-46.0;22.0;61.0;61;4
2;158;160;62;4;9;2;-4.0;Fischer & Whitney (2014);Experiment 1b;Orientation;1;11;-4.0;-11.0;88.0;-55.0;-50.0;18.0;62;4
2;145;156;63;4;9;11;13.0;Fischer & Whitney (2014);Experiment 1b;Orientation;1;11;13.0;9.0;2.0;-79.0;-42.0;-37.0;63;4
2;142;145;64;4;9;3;3.0;Fischer & Whitney (2014);Experiment 1b;Orientation;1;11;3.0;16.0;12.0;5.0;-76.0;-39.0;64;4
2;149;144;65;4;9;-5;-7.0;Fischer & Whitney (2014);Experiment 1b;Orientation;1;11;-7.0;-4.0;9.0;5.0;-2.0;-83.0;65;4
2;33;45;66;4;9;12;-64.0;Fischer & Whitney (2014);Experiment 1b;Orientation;1;11;-64.0;-71.0;-68.0;-55.0;-59.0;-66.0;66;4
2;161;158;67;4;9;-3;52.0;Fischer & Whitney (2014);Experiment 1b;Orientation;1;11;52.0;-12.0;-19.0;-16.0;-3.0;-7.0;67;4
2;114;111;68;4;9;-3;47.0;Fischer & Whitney (2014);Experiment 1b;Orientation;1;11;47.0;-81.0;35.0;28.0;31.0;44.0;68;4
2;151;146;69;4;9;-5;-37.0;Fischer & Whitney (2014);Experiment 1b;Orientation;1;11;-37.0;10.0;62.0;-2.0;-9.0;-6.0;69;4
2;15;14;70;4;9;-1;-44.0;Fischer & Whitney (2014);Experiment 1b;Orientation;1;11;-44.0;-81.0;-34.0;18.0;-46.0;-53.0;70;4
2;127;117;71;4;9;-10;68.0;Fischer & Whitney (2014);Experiment 1b;Orientation;1;11;68.0;24.0;-13.0;34.0;86.0;22.0;71;4
2;125;111;72;4;9;-14;2.0;Fischer & Whitney (2014);Experiment 1b;Orientation;1;11;2.0;70.0;26.0;-11.0;36.0;88.0;72;4
2;88;91;73;4;9;3;37.0;Fischer & Whitney (2014);Experiment 1b;Orientation;1;11;37.0;39.0;-73.0;63.0;26.0;73.0;73;4
2;126;120;74;4;9;-6;-38.0;Fischer & Whitney (2014);Experiment 1b;Orientation;1;11;-38.0;-1.0;1.0;69.0;25.0;-12.0;74;4
2;47;61;75;4;9;14;79.0;Fischer & Whitney (2014);Experiment 1b;Orientation;1;11;79.0;41.0;78.0;80.0;-32.0;-76.0;75;4
2;27;49;76;4;9;22;20.0;Fischer & Whitney (2014);Experiment 1b;Orientation;1;11;20.0;-81.0;61.0;-82.0;-80.0;-12.0;76;4
2;67;75;77;4;9;8;-40.0;Fischer & Whitney (2014);Experiment 1b;Orientation;1;11;-40.0;-20.0;59.0;21.0;58.0;60.0;77;4
2;112;115;78;4;9;3;-45.0;Fischer & Whitney (2014);Experiment 1b;Orientation;1;11;-45.0;-85.0;-65.0;14.0;-24.0;13.0;78;4
2;83;82;79;4;9;-1;29.0;Fischer & Whitney (2014);Experiment 1b;Orientation;1;11;29.0;-16.0;-56.0;-36.0;43.0;5.0;79;4
2;46;67;80;4;9;21;37.0;Fischer & Whitney (2014);Experiment 1b;Orientation;1;11;37.0;66.0;21.0;-19.0;1.0;80.0;80;4
2;97;92;81;4;9;-5;-51.0;Fischer & Whitney (2014);Experiment 1b;Orientation;1;11;-51.0;-14.0;15.0;-30.0;-70.0;-50.0;81;4
2;155;163;82;4;9;8;-58.0;Fischer & Whitney (2014);Experiment 1b;Orientation;1;11;-58.0;71.0;-72.0;-43.0;-88.0;52.0;82;4
2;121;113;83;4;9;-8;34.0;Fischer & Whitney (2014);Experiment 1b;Orientation;1;11;34.0;-24.0;-75.0;-38.0;-9.0;-54.0;83;4
2;126;122;84;4;9;-4;-5.0;Fischer & Whitney (2014);Experiment 1b;Orientation;1;11;-5.0;29.0;-29.0;-80.0;-43.0;-14.0;84;4
2;148;142;85;4;9;-6;-22.0;Fischer & Whitney (2014);Experiment 1b;Orientation;1;11;-22.0;-27.0;7.0;-51.0;78.0;-65.0;85;4
2;41;52;86;4;9;11;-73.0;Fischer & Whitney (2014);Experiment 1b;Orientation;1;11;-73.0;85.0;80.0;-66.0;56.0;5.0;86;4
2;143;145;87;4;9;2;78.0;Fischer & Whitney (2014);Experiment 1b;Orientation;1;11;78.0;5.0;-17.0;-22.0;12.0;-46.0;87;4
2;94;89;88;4;9;-5;49.0;Fischer & Whitney (2014);Experiment 1b;Orientation;1;11;49.0;-53.0;54.0;32.0;27.0;61.0;88;4
2;117;112;89;4;9;-5;-23.0;Fischer & Whitney (2014);Experiment 1b;Orientation;1;11;-23.0;26.0;-76.0;31.0;9.0;4.0;89;4
2;101;100;90;4;9;-1;16.0;Fischer & Whitney (2014);Experiment 1b;Orientation;1;11;16.0;-7.0;42.0;-60.0;47.0;25.0;90;4
2;52;68;91;4;9;16;49.0;Fischer & Whitney (2014);Experiment 1b;Orientation;1;11;49.0;65.0;42.0;-89.0;-11.0;-84.0;91;4
2;131;132;92;4;9;1;-79.0;Fischer & Whitney (2014);Experiment 1b;Orientation;1;11;-79.0;-30.0;-14.0;-37.0;12.0;90.0;92;4
2;101;99;93;4;9;-2;30.0;Fischer & Whitney (2014);Experiment 1b;Orientation;1;11;30.0;-49.0;0.0;16.0;-7.0;42.0;93;4
2;119;107;94;4;9;-12;-18.0;Fischer & Whitney (2014);Experiment 1b;Orientation;1;11;-18.0;12.0;-67.0;-18.0;-2.0;-25.0;94;4
2;17;16;95;4;9;-1;-78.0;Fischer & Whitney (2014);Experiment 1b;Orientation;1;11;-78.0;84.0;-66.0;35.0;84.0;-80.0;95;4
2;167;167;96;4;9;0;30.0;Fischer & Whitney (2014);Experiment 1b;Orientation;1;11;30.0;-48.0;-66.0;-36.0;65.0;-66.0;96;4
2;48;59;97;4;9;11;-61.0;Fischer & Whitney (2014);Experiment 1b;Orientation;1;11;-61.0;-31.0;71.0;53.0;83.0;4.0;97;4
2;133;141;98;4;9;8;-85.0;Fischer & Whitney (2014);Experiment 1b;Orientation;1;11;-85.0;34.0;64.0;-14.0;-32.0;-2.0;98;4
2;145;135;99;4;9;-10;-12.0;Fischer & Whitney (2014);Experiment 1b;Orientation;1;11;-12.0;83.0;22.0;52.0;-26.0;-44.0;99;4
2;99;97;100;4;9;-2;46.0;Fischer & Whitney (2014);Experiment 1b;Orientation;1;11;46.0;34.0;-51.0;68.0;-82.0;20.0;100;4
2;19;22;101;4;9;3;80.0;Fischer & Whitney (2014);Experiment 1b;Orientation;1;11;80.0;-54.0;-66.0;29.0;-32.0;-2.0;101;4
2;87;87;102;4;9;0;-68.0;Fischer & Whitney (2014);Experiment 1b;Orientation;1;11;-68.0;12.0;58.0;46.0;-39.0;80.0;102;4
2;0;178;103;4;9;-2;87.0;Fischer & Whitney (2014);Experiment 1b;Orientation;1;11;87.0;19.0;-81.0;-35.0;-47.0;48.0;103;4
2;6;179;104;4;9;-7;-6.0;Fischer & Whitney (2014);Experiment 1b;Orientation;1;11;-6.0;81.0;13.0;-87.0;-41.0;-53.0;104;4
2;91;78;1;5;9;-13;-85.0;Fischer & Whitney (2014);Experiment 1b;Orientation;1;11;;;;;;;1;5
2;83;79;2;5;9;-4;8.0;Fischer & Whitney (2014);Experiment 1b;Orientation;1;11;;;;;;;2;5
2;30;33;3;5;9;3;53.0;Fischer & Whitney (2014);Experiment 1b;Orientation;1;11;;;;;;;3;5
2;38;46;4;5;9;8;-8.0;Fischer & Whitney (2014);Experiment 1b;Orientation;1;11;;;;;;;4;5
2;75;77;5;5;9;2;-37.0;Fischer & Whitney (2014);Experiment 1b;Orientation;1;11;;;;;;;5;5
2;29;18;6;5;9;-11;46.0;Fischer & Whitney (2014);Experiment 1b;Orientation;1;11;;;;;;;6;5
2;5;7;7;5;9;2;24.0;Fischer & Whitney (2014);Experiment 1b;Orientation;1;11;24.0;70.0;33.0;25.0;78.0;86.0;7;5
2;99;93;8;5;9;-6;86.0;Fischer & Whitney (2014);Experiment 1b;Orientation;1;11;86.0;-70.0;-24.0;-61.0;-69.0;-16.0;8;5
2;163;151;9;5;9;-12;-64.0;Fischer & Whitney (2014);Experiment 1b;Orientation;1;11;-64.0;22.0;46.0;-88.0;55.0;47.0;9;5
2;147;141;10;5;9;-6;16.0;Fischer & Whitney (2014);Experiment 1b;Orientation;1;11;16.0;-48.0;38.0;62.0;-72.0;71.0;10;5
2;179;169;11;5;9;-10;-32.0;Fischer & Whitney (2014);Experiment 1b;Orientation;1;11;-32.0;-16.0;-80.0;6.0;30.0;76.0;11;5
2;159;176;12;5;9;17;20.0;Fischer & Whitney (2014);Experiment 1b;Orientation;1;11;20.0;-12.0;4.0;-60.0;26.0;50.0;12;5
2;28;24;13;5;9;-4;-49.0;Fischer & Whitney (2014);Experiment 1b;Orientation;1;11;-49.0;-29.0;-61.0;-45.0;71.0;-23.0;13;5
2;90;79;14;5;9;-11;-62.0;Fischer & Whitney (2014);Experiment 1b;Orientation;1;11;-62.0;69.0;89.0;57.0;73.0;9.0;14;5
2;56;40;15;5;9;-16;34.0;Fischer & Whitney (2014);Experiment 1b;Orientation;1;11;34.0;-28.0;-77.0;-57.0;-89.0;-73.0;15;5
2;62;40;16;5;9;-22;-6.0;Fischer & Whitney (2014);Experiment 1b;Orientation;1;11;-6.0;28.0;-34.0;-83.0;-63.0;85.0;16;5
2;162;143;17;5;9;-19;80.0;Fischer & Whitney (2014);Experiment 1b;Orientation;1;11;80.0;74.0;-72.0;46.0;-3.0;17.0;17;5
2;59;57;18;5;9;-2;-77.0;Fischer & Whitney (2014);Experiment 1b;Orientation;1;11;-77.0;3.0;-3.0;31.0;-31.0;-80.0;18;5
2;18;27;19;5;9;9;41.0;Fischer & Whitney (2014);Experiment 1b;Orientation;1;11;41.0;-36.0;44.0;38.0;72.0;10.0;19;5
2;152;147;20;5;9;-5;46.0;Fischer & Whitney (2014);Experiment 1b;Orientation;1;11;46.0;87.0;10.0;90.0;84.0;-62.0;20;5
2;103;37;21;5;9;-66;49.0;Fischer & Whitney (2014);Experiment 1b;Orientation;1;11;49.0;-85.0;-44.0;59.0;-41.0;-47.0;21;5
2;113;104;22;5;9;-9;-10.0;Fischer & Whitney (2014);Experiment 1b;Orientation;1;11;-10.0;39.0;85.0;-54.0;49.0;-51.0;22;5
2;47;61;23;5;9;14;66.0;Fischer & Whitney (2014);Experiment 1b;Orientation;1;11;66.0;56.0;-75.0;-29.0;12.0;-65.0;23;5
2;155;151;24;5;9;-4;72.0;Fischer & Whitney (2014);Experiment 1b;Orientation;1;11;72.0;-42.0;-52.0;-3.0;43.0;84.0;24;5
2;152;148;25;5;9;-4;3.0;Fischer & Whitney (2014);Experiment 1b;Orientation;1;11;3.0;75.0;-39.0;-49.0;0.0;46.0;25;5
2;157;148;26;5;9;-9;-5.0;Fischer & Whitney (2014);Experiment 1b;Orientation;1;11;-5.0;-2.0;70.0;-44.0;-54.0;-5.0;26;5
2;168;149;27;5;9;-19;-11.0;Fischer & Whitney (2014);Experiment 1b;Orientation;1;11;-11.0;-16.0;-13.0;59.0;-55.0;-65.0;27;5
2;107;110;28;5;9;3;61.0;Fischer & Whitney (2014);Experiment 1b;Orientation;1;11;61.0;50.0;45.0;48.0;-60.0;6.0;28;5
2;166;139;29;5;9;-27;-59.0;Fischer & Whitney (2014);Experiment 1b;Orientation;1;11;-59.0;2.0;-9.0;-14.0;-11.0;61.0;29;5
2;63;51;30;5;9;-12;-77.0;Fischer & Whitney (2014);Experiment 1b;Orientation;1;11;-77.0;44.0;-75.0;-86.0;89.0;-88.0;30;5
2;28;35;31;5;9;7;35.0;Fischer & Whitney (2014);Experiment 1b;Orientation;1;11;35.0;-42.0;79.0;-40.0;-51.0;-56.0;31;5
2;94;109;32;5;9;15;-66.0;Fischer & Whitney (2014);Experiment 1b;Orientation;1;11;-66.0;-31.0;72.0;13.0;74.0;63.0;32;5
2;29;40;33;5;9;11;65.0;Fischer & Whitney (2014);Experiment 1b;Orientation;1;11;65.0;-1.0;34.0;-43.0;78.0;-41.0;33;5
2;44;29;34;5;9;-15;-15.0;Fischer & Whitney (2014);Experiment 1b;Orientation;1;11;-15.0;50.0;-16.0;19.0;-58.0;63.0;34;5
2;24;26;35;5;9;2;20.0;Fischer & Whitney (2014);Experiment 1b;Orientation;1;11;20.0;5.0;70.0;4.0;39.0;-38.0;35;5
2;121;124;36;5;9;3;83.0;Fischer & Whitney (2014);Experiment 1b;Orientation;1;11;83.0;-77.0;88.0;-27.0;87.0;-58.0;36;5
2;171;177;37;5;9;6;-50.0;Fischer & Whitney (2014);Experiment 1b;Orientation;1;11;-50.0;33.0;53.0;38.0;-77.0;37.0;37;5
2;16;19;38;5;9;3;-25.0;Fischer & Whitney (2014);Experiment 1b;Orientation;1;11;-25.0;-75.0;8.0;28.0;13.0;78.0;38;5
2;166;149;39;5;9;-17;30.0;Fischer & Whitney (2014);Experiment 1b;Orientation;1;11;30.0;5.0;-45.0;38.0;58.0;43.0;39;5
2;13;27;40;5;9;14;-27.0;Fischer & Whitney (2014);Experiment 1b;Orientation;1;11;-27.0;3.0;-22.0;-72.0;11.0;31.0;40;5
2;32;22;41;5;9;-10;-19.0;Fischer & Whitney (2014);Experiment 1b;Orientation;1;11;-19.0;-46.0;-16.0;-41.0;89.0;-8.0;41;5
2;128;119;42;5;9;-9;84.0;Fischer & Whitney (2014);Experiment 1b;Orientation;1;11;84.0;65.0;38.0;68.0;43.0;-7.0;42;5
2;20;49;43;5;9;29;-72.0;Fischer & Whitney (2014);Experiment 1b;Orientation;1;11;-72.0;12.0;-7.0;-34.0;-4.0;-29.0;43;5
2;125;123;44;5;9;-2;75.0;Fischer & Whitney (2014);Experiment 1b;Orientation;1;11;75.0;3.0;87.0;68.0;41.0;71.0;44;5
2;78;94;45;5;9;16;47.0;Fischer & Whitney (2014);Experiment 1b;Orientation;1;11;47.0;-58.0;50.0;-46.0;-65.0;88.0;45;5
2;116;109;46;5;9;-7;-38.0;Fischer & Whitney (2014);Experiment 1b;Orientation;1;11;-38.0;9.0;84.0;12.0;-84.0;77.0;46;5
2;37;38;47;5;9;1;79.0;Fischer & Whitney (2014);Experiment 1b;Orientation;1;11;79.0;41.0;88.0;-17.0;-89.0;-5.0;47;5
2;178;1;48;5;9;3;39.0;Fischer & Whitney (2014);Experiment 1b;Orientation;1;11;39.0;-62.0;80.0;-53.0;22.0;-50.0;48;5
2;0;8;49;5;9;8;-2.0;Fischer & Whitney (2014);Experiment 1b;Orientation;1;11;-2.0;37.0;-64.0;78.0;-55.0;20.0;49;5
2;29;24;50;5;9;-5;-29.0;Fischer & Whitney (2014);Experiment 1b;Orientation;1;11;-29.0;-31.0;8.0;87.0;49.0;-84.0;50;5
2;103;111;51;5;9;8;-74.0;Fischer & Whitney (2014);Experiment 1b;Orientation;1;11;-74.0;77.0;75.0;-66.0;13.0;-25.0;51;5
2;6;174;52;5;9;-12;-83.0;Fischer & Whitney (2014);Experiment 1b;Orientation;1;11;-83.0;23.0;-6.0;-8.0;31.0;-70.0;52;5
2;23;28;53;5;9;5;-17.0;Fischer & Whitney (2014);Experiment 1b;Orientation;1;11;-17.0;80.0;6.0;-23.0;-25.0;14.0;53;5
2;179;166;54;5;9;-13;24.0;Fischer & Whitney (2014);Experiment 1b;Orientation;1;11;24.0;7.0;-76.0;30.0;1.0;-1.0;54;5
2;54;59;55;5;9;5;-55.0;Fischer & Whitney (2014);Experiment 1b;Orientation;1;11;-55.0;-31.0;-48.0;49.0;-25.0;-54.0;55;5
2;166;153;56;5;9;-13;68.0;Fischer & Whitney (2014);Experiment 1b;Orientation;1;11;68.0;13.0;37.0;20.0;-63.0;43.0;56;5
2;41;42;57;5;9;1;-55.0;Fischer & Whitney (2014);Experiment 1b;Orientation;1;11;-55.0;13.0;-42.0;-18.0;-35.0;62.0;57;5
2;143;129;58;5;9;-14;78.0;Fischer & Whitney (2014);Experiment 1b;Orientation;1;11;78.0;23.0;-89.0;36.0;60.0;43.0;58;5
2;23;32;59;5;9;9;-60.0;Fischer & Whitney (2014);Experiment 1b;Orientation;1;11;-60.0;18.0;-37.0;31.0;-24.0;0.0;59;5
2;20;42;60;5;9;22;3.0;Fischer & Whitney (2014);Experiment 1b;Orientation;1;11;3.0;-57.0;21.0;-34.0;34.0;-21.0;60;5
2;173;173;61;5;9;0;27.0;Fischer & Whitney (2014);Experiment 1b;Orientation;1;11;27.0;30.0;-30.0;48.0;-7.0;61.0;61;5
2;106;113;62;5;9;7;67.0;Fischer & Whitney (2014);Experiment 1b;Orientation;1;11;67.0;-86.0;-83.0;37.0;-65.0;60.0;62;5
2;36;53;63;5;9;17;70.0;Fischer & Whitney (2014);Experiment 1b;Orientation;1;11;70.0;-43.0;-16.0;-13.0;-73.0;5.0;63;5
2;13;168;64;5;9;-25;23.0;Fischer & Whitney (2014);Experiment 1b;Orientation;1;11;23.0;-87.0;-20.0;7.0;10.0;-50.0;64;5
2;4;1;65;5;9;-3;9.0;Fischer & Whitney (2014);Experiment 1b;Orientation;1;11;9.0;32.0;-78.0;-11.0;16.0;19.0;65;5
2;88;86;66;5;9;-2;-84.0;Fischer & Whitney (2014);Experiment 1b;Orientation;1;11;-84.0;-75.0;-52.0;18.0;85.0;-68.0;66;5
2;56;76;67;5;9;20;32.0;Fischer & Whitney (2014);Experiment 1b;Orientation;1;11;32.0;-52.0;-43.0;-20.0;50.0;-63.0;67;5
2;13;48;68;5;9;35;43.0;Fischer & Whitney (2014);Experiment 1b;Orientation;1;11;43.0;75.0;-9.0;0.0;23.0;-87.0;68;5
2;169;153;69;5;9;-16;24.0;Fischer & Whitney (2014);Experiment 1b;Orientation;1;11;24.0;67.0;-81.0;15.0;24.0;47.0;69;5
2;11;18;70;5;9;7;-22.0;Fischer & Whitney (2014);Experiment 1b;Orientation;1;11;-22.0;2.0;45.0;77.0;-7.0;2.0;70;5
2;138;141;71;5;9;3;53.0;Fischer & Whitney (2014);Experiment 1b;Orientation;1;11;53.0;31.0;55.0;-82.0;-50.0;46.0;71;5
2;172;163;72;5;9;-9;-34.0;Fischer & Whitney (2014);Experiment 1b;Orientation;1;11;-34.0;19.0;-3.0;21.0;64.0;-84.0;72;5
2;177;167;73;5;9;-10;-5.0;Fischer & Whitney (2014);Experiment 1b;Orientation;1;11;-5.0;-39.0;14.0;-8.0;16.0;59.0;73;5
2;28;16;74;5;9;-12;-31.0;Fischer & Whitney (2014);Experiment 1b;Orientation;1;11;-31.0;-36.0;-70.0;-17.0;-39.0;-15.0;74;5
2;177;5;75;5;9;8;31.0;Fischer & Whitney (2014);Experiment 1b;Orientation;1;11;31.0;0.0;-5.0;-39.0;14.0;-8.0;75;5
2;80;67;76;5;9;-13;-83.0;Fischer & Whitney (2014);Experiment 1b;Orientation;1;11;-83.0;-52.0;-83.0;-88.0;58.0;-69.0;76;5
2;168;175;77;5;9;7;-88.0;Fischer & Whitney (2014);Experiment 1b;Orientation;1;11;-88.0;9.0;40.0;9.0;4.0;-30.0;77;5
2;64;68;78;5;9;4;-76.0;Fischer & Whitney (2014);Experiment 1b;Orientation;1;11;-76.0;16.0;-67.0;-36.0;-67.0;-72.0;78;5
2;153;163;79;5;9;10;-89.0;Fischer & Whitney (2014);Experiment 1b;Orientation;1;11;-89.0;15.0;-73.0;24.0;55.0;24.0;79;5
2;69;75;80;5;9;6;84.0;Fischer & Whitney (2014);Experiment 1b;Orientation;1;11;84.0;-5.0;-81.0;11.0;-72.0;-41.0;80;5
2;9;174;81;5;9;-15;60.0;Fischer & Whitney (2014);Experiment 1b;Orientation;1;11;60.0;-36.0;55.0;-21.0;71.0;-12.0;81;5
2;66;58;82;5;9;-8;-57.0;Fischer & Whitney (2014);Experiment 1b;Orientation;1;11;-57.0;3.0;87.0;-2.0;-78.0;14.0;82;5
2;148;122;83;5;9;-26;-82.0;Fischer & Whitney (2014);Experiment 1b;Orientation;1;11;-82.0;41.0;-79.0;5.0;-84.0;20.0;83;5
2;29;49;84;5;9;20;-61.0;Fischer & Whitney (2014);Experiment 1b;Orientation;1;11;-61.0;37.0;-20.0;40.0;-56.0;35.0;84;5
2;148;145;85;5;9;-3;61.0;Fischer & Whitney (2014);Experiment 1b;Orientation;1;11;61.0;0.0;-82.0;41.0;-79.0;5.0;85;5
2;8;179;86;5;9;-9;-40.0;Fischer & Whitney (2014);Experiment 1b;Orientation;1;11;-40.0;21.0;-40.0;58.0;1.0;61.0;86;5
2;123;133;87;5;9;10;65.0;Fischer & Whitney (2014);Experiment 1b;Orientation;1;11;65.0;25.0;86.0;25.0;-57.0;66.0;87;5
2;168;65;88;5;9;77;-45.0;Fischer & Whitney (2014);Experiment 1b;Orientation;1;11;-45.0;20.0;-20.0;41.0;-20.0;78.0;88;5
2;161;1;89;5;9;20;7.0;Fischer & Whitney (2014);Experiment 1b;Orientation;1;11;7.0;-38.0;27.0;-13.0;48.0;-13.0;89;5
2;140;140;90;5;9;0;21.0;Fischer & Whitney (2014);Experiment 1b;Orientation;1;11;21.0;28.0;-17.0;48.0;8.0;69.0;90;5
2;41;40;91;5;9;-1;-81.0;Fischer & Whitney (2014);Experiment 1b;Orientation;1;11;-81.0;-60.0;-53.0;82.0;-33.0;-73.0;91;5
2;125;28;92;5;9;83;-84.0;Fischer & Whitney (2014);Experiment 1b;Orientation;1;11;-84.0;15.0;36.0;43.0;-2.0;63.0;92;5
2;140;131;93;5;9;-9;-15.0;Fischer & Whitney (2014);Experiment 1b;Orientation;1;11;-15.0;81.0;0.0;21.0;28.0;-17.0;93;5
2;146;131;94;5;9;-15;-6.0;Fischer & Whitney (2014);Experiment 1b;Orientation;1;11;-6.0;-21.0;75.0;-6.0;15.0;22.0;94;5
2;13;28;95;5;9;15;-47.0;Fischer & Whitney (2014);Experiment 1b;Orientation;1;11;-47.0;-53.0;-68.0;28.0;-53.0;-32.0;95;5
2;28;25;96;5;9;-3;-15.0;Fischer & Whitney (2014);Experiment 1b;Orientation;1;11;-15.0;-62.0;-68.0;-83.0;13.0;-68.0;96;5
2;71;75;97;5;9;4;-43.0;Fischer & Whitney (2014);Experiment 1b;Orientation;1;11;-43.0;-58.0;75.0;69.0;54.0;-30.0;97;5
2;164;160;98;5;9;-4;87.0;Fischer & Whitney (2014);Experiment 1b;Orientation;1;11;87.0;44.0;29.0;-18.0;-24.0;-39.0;98;5
2;107;104;99;5;9;-3;57.0;Fischer & Whitney (2014);Experiment 1b;Orientation;1;11;57.0;-36.0;-79.0;86.0;39.0;33.0;99;5
2;47;43;100;5;9;-4;60.0;Fischer & Whitney (2014);Experiment 1b;Orientation;1;11;60.0;-63.0;24.0;-19.0;-34.0;-81.0;100;5
2;159;147;101;5;9;-12;68.0;Fischer & Whitney (2014);Experiment 1b;Orientation;1;11;68.0;-52.0;5.0;-88.0;49.0;34.0;101;5
2;68;65;102;5;9;-3;-89.0;Fischer & Whitney (2014);Experiment 1b;Orientation;1;11;-89.0;-21.0;39.0;-84.0;3.0;-40.0;102;5
2;135;121;103;5;9;-14;-67.0;Fischer & Whitney (2014);Experiment 1b;Orientation;1;11;-67.0;24.0;-88.0;-28.0;29.0;-64.0;103;5
2;179;9;104;5;9;10;-44.0;Fischer & Whitney (2014);Experiment 1b;Orientation;1;11;-44.0;69.0;-20.0;48.0;-72.0;-15.0;104;5
2;142;149;1;6;9;7;37.0;Fischer & Whitney (2014);Experiment 1b;Orientation;1;11;;;;;;;1;6
2;114;149;2;6;9;35;28.0;Fischer & Whitney (2014);Experiment 1b;Orientation;1;11;;;;;;;2;6
2;38;40;3;6;9;2;76.0;Fischer & Whitney (2014);Experiment 1b;Orientation;1;11;;;;;;;3;6
2;107;118;4;6;9;11;-69.0;Fischer & Whitney (2014);Experiment 1b;Orientation;1;11;;;;;;;4;6
2;8;34;5;6;9;26;-81.0;Fischer & Whitney (2014);Experiment 1b;Orientation;1;11;;;;;;;5;6
2;19;15;6;6;9;-4;-11.0;Fischer & Whitney (2014);Experiment 1b;Orientation;1;11;;;;;;;6;6
2;10;17;7;6;9;7;9.0;Fischer & Whitney (2014);Experiment 1b;Orientation;1;11;9.0;-2.0;-83.0;28.0;-76.0;-48.0;7;6
2;40;41;8;6;9;1;-30.0;Fischer & Whitney (2014);Experiment 1b;Orientation;1;11;-30.0;-21.0;-32.0;67.0;-2.0;74.0;8;6
2;113;139;9;6;9;26;-73.0;Fischer & Whitney (2014);Experiment 1b;Orientation;1;11;-73.0;77.0;86.0;75.0;-6.0;-75.0;9;6
2;44;46;10;6;9;2;69.0;Fischer & Whitney (2014);Experiment 1b;Orientation;1;11;69.0;-4.0;-34.0;-25.0;-36.0;63.0;10;6
2;131;127;11;6;9;-4;-87.0;Fischer & Whitney (2014);Experiment 1b;Orientation;1;11;-87.0;-18.0;89.0;59.0;68.0;57.0;11;6
2;157;157;12;6;9;0;-26.0;Fischer & Whitney (2014);Experiment 1b;Orientation;1;11;-26.0;67.0;-44.0;63.0;33.0;42.0;12;6
2;124;124;13;6;9;0;33.0;Fischer & Whitney (2014);Experiment 1b;Orientation;1;11;33.0;7.0;-80.0;-11.0;-84.0;66.0;13;6
2;53;63;14;6;9;10;71.0;Fischer & Whitney (2014);Experiment 1b;Orientation;1;11;71.0;-76.0;78.0;-9.0;60.0;-13.0;14;6
2;11;19;15;6;9;8;42.0;Fischer & Whitney (2014);Experiment 1b;Orientation;1;11;42.0;-67.0;-34.0;-60.0;33.0;-78.0;15;6
2;1;155;16;6;9;-26;10.0;Fischer & Whitney (2014);Experiment 1b;Orientation;1;11;10.0;52.0;-57.0;-24.0;-50.0;43.0;16;6
2;57;54;17;6;9;-3;-56.0;Fischer & Whitney (2014);Experiment 1b;Orientation;1;11;-56.0;-46.0;-4.0;67.0;-80.0;74.0;17;6
2;123;123;18;6;9;0;-66.0;Fischer & Whitney (2014);Experiment 1b;Orientation;1;11;-66.0;58.0;68.0;-70.0;1.0;34.0;18;6
2;22;28;19;6;9;6;-79.0;Fischer & Whitney (2014);Experiment 1b;Orientation;1;11;-79.0;35.0;-21.0;-11.0;31.0;-78.0;19;6
2;19;29;20;6;9;10;3.0;Fischer & Whitney (2014);Experiment 1b;Orientation;1;11;3.0;-76.0;38.0;-18.0;-8.0;34.0;20;6
2;79;67;21;6;9;-12;-60.0;Fischer & Whitney (2014);Experiment 1b;Orientation;1;11;-60.0;-57.0;44.0;-22.0;-78.0;-68.0;21;6
2;163;160;22;6;9;-3;-84.0;Fischer & Whitney (2014);Experiment 1b;Orientation;1;11;-84.0;36.0;39.0;-40.0;74.0;18.0;22;6
2;57;65;23;6;9;8;-74.0;Fischer & Whitney (2014);Experiment 1b;Orientation;1;11;-74.0;22.0;-38.0;-35.0;66.0;0.0;23;6
2;72;65;24;6;9;-7;-15.0;Fischer & Whitney (2014);Experiment 1b;Orientation;1;11;-15.0;-89.0;7.0;-53.0;-50.0;51.0;24;6
2;28;33;25;6;9;5;44.0;Fischer & Whitney (2014);Experiment 1b;Orientation;1;11;44.0;29.0;-45.0;51.0;-9.0;-6.0;25;6
2;36;34;26;6;9;-2;-8.0;Fischer & Whitney (2014);Experiment 1b;Orientation;1;11;-8.0;36.0;21.0;-53.0;43.0;-17.0;26;6
2;134;127;27;6;9;-7;82.0;Fischer & Whitney (2014);Experiment 1b;Orientation;1;11;82.0;74.0;-62.0;-77.0;29.0;-55.0;27;6
2;114;120;28;6;9;6;20.0;Fischer & Whitney (2014);Experiment 1b;Orientation;1;11;20.0;-78.0;-86.0;-42.0;-57.0;49.0;28;6
2;9;12;29;6;9;3;-75.0;Fischer & Whitney (2014);Experiment 1b;Orientation;1;11;-75.0;-55.0;27.0;19.0;63.0;48.0;29;6
2;89;86;30;6;9;-3;-80.0;Fischer & Whitney (2014);Experiment 1b;Orientation;1;11;-80.0;25.0;45.0;-53.0;-61.0;-17.0;30;6
2;143;157;31;6;9;14;-54.0;Fischer & Whitney (2014);Experiment 1b;Orientation;1;11;-54.0;46.0;-29.0;-9.0;73.0;65.0;31;6
2;97;66;32;6;9;-31;46.0;Fischer & Whitney (2014);Experiment 1b;Orientation;1;11;46.0;-8.0;-88.0;17.0;37.0;-61.0;32;6
2;23;23;33;6;9;0;74.0;Fischer & Whitney (2014);Experiment 1b;Orientation;1;11;74.0;-60.0;66.0;-14.0;-89.0;-69.0;33;6
2;83;71;34;6;9;-12;-60.0;Fischer & Whitney (2014);Experiment 1b;Orientation;1;11;-60.0;14.0;60.0;6.0;-74.0;31.0;34;6
2;86;90;35;6;9;4;-3.0;Fischer & Whitney (2014);Experiment 1b;Orientation;1;11;-3.0;-63.0;11.0;57.0;3.0;-77.0;35;6
2;177;1;36;6;9;4;89.0;Fischer & Whitney (2014);Experiment 1b;Orientation;1;11;89.0;86.0;26.0;-80.0;-34.0;-88.0;36;6
2;131;138;37;6;9;7;46.0;Fischer & Whitney (2014);Experiment 1b;Orientation;1;11;46.0;-45.0;-48.0;72.0;-34.0;12.0;37;6
2;16;14;38;6;9;-2;-65.0;Fischer & Whitney (2014);Experiment 1b;Orientation;1;11;-65.0;-19.0;70.0;67.0;7.0;81.0;38;6
2;50;55;39;6;9;5;-34.0;Fischer & Whitney (2014);Experiment 1b;Orientation;1;11;-34.0;81.0;-53.0;36.0;33.0;-27.0;39;6
2;158;152;40;6;9;-6;72.0;Fischer & Whitney (2014);Experiment 1b;Orientation;1;11;72.0;38.0;-27.0;19.0;-72.0;-75.0;40;6
2;35;29;41;6;9;-6;-57.0;Fischer & Whitney (2014);Experiment 1b;Orientation;1;11;-57.0;15.0;-19.0;-84.0;-38.0;51.0;41;6
2;116;118;42;6;9;2;-81.0;Fischer & Whitney (2014);Experiment 1b;Orientation;1;11;-81.0;42.0;-66.0;80.0;15.0;61.0;42;6
2;88;100;43;6;9;12;28.0;Fischer & Whitney (2014);Experiment 1b;Orientation;1;11;28.0;-53.0;70.0;-38.0;-72.0;43.0;43;6
2;165;136;44;6;9;-29;-77.0;Fischer & Whitney (2014);Experiment 1b;Orientation;1;11;-77.0;-49.0;50.0;-7.0;65.0;31.0;44;6
2;139;142;45;6;9;3;26.0;Fischer & Whitney (2014);Experiment 1b;Orientation;1;11;26.0;-51.0;-23.0;76.0;19.0;-89.0;45;6
2;77;62;46;6;9;-15;62.0;Fischer & Whitney (2014);Experiment 1b;Orientation;1;11;62.0;88.0;11.0;39.0;-42.0;81.0;46;6
2;70;73;47;6;9;3;7.0;Fischer & Whitney (2014);Experiment 1b;Orientation;1;11;7.0;69.0;-85.0;18.0;46.0;-35.0;47;6
2;29;27;48;6;9;-2;41.0;Fischer & Whitney (2014);Experiment 1b;Orientation;1;11;41.0;48.0;-70.0;-44.0;59.0;87.0;48;6
2;99;117;49;6;9;18;-70.0;Fischer & Whitney (2014);Experiment 1b;Orientation;1;11;-70.0;-29.0;-22.0;40.0;66.0;-11.0;49;6
2;176;19;50;6;9;23;-77.0;Fischer & Whitney (2014);Experiment 1b;Orientation;1;11;-77.0;33.0;74.0;81.0;-37.0;-11.0;50;6
2;97;1;51;6;9;84;79.0;Fischer & Whitney (2014);Experiment 1b;Orientation;1;11;79.0;2.0;-68.0;-27.0;-20.0;42.0;51;6
2;61;69;52;6;9;8;36.0;Fischer & Whitney (2014);Experiment 1b;Orientation;1;11;36.0;-65.0;38.0;-32.0;9.0;16.0;52;6
2;140;134;53;6;9;-6;-79.0;Fischer & Whitney (2014);Experiment 1b;Orientation;1;11;-79.0;-43.0;36.0;-41.0;69.0;-70.0;53;6
2;177;4;54;6;9;7;-37.0;Fischer & Whitney (2014);Experiment 1b;Orientation;1;11;-37.0;64.0;-80.0;-1.0;-78.0;32.0;54;6
2;158;148;55;6;9;-10;19.0;Fischer & Whitney (2014);Experiment 1b;Orientation;1;11;19.0;-18.0;83.0;-61.0;18.0;-59.0;55;6
2;45;45;56;6;9;0;-67.0;Fischer & Whitney (2014);Experiment 1b;Orientation;1;11;-67.0;-48.0;-85.0;16.0;52.0;-49.0;56;6
2;67;63;57;6;9;-4;-22.0;Fischer & Whitney (2014);Experiment 1b;Orientation;1;11;-22.0;-89.0;-70.0;73.0;-6.0;30.0;57;6
2;28;30;58;6;9;2;39.0;Fischer & Whitney (2014);Experiment 1b;Orientation;1;11;39.0;17.0;-50.0;-31.0;-68.0;33.0;58;6
2;85;80;59;6;9;-5;-57.0;Fischer & Whitney (2014);Experiment 1b;Orientation;1;11;-57.0;-18.0;-40.0;73.0;-88.0;55.0;59;6
2;120;112;60;6;9;-8;-35.0;Fischer & Whitney (2014);Experiment 1b;Orientation;1;11;-35.0;88.0;-53.0;-75.0;38.0;57.0;60;6
2;17;32;61;6;9;15;-77.0;Fischer & Whitney (2014);Experiment 1b;Orientation;1;11;-77.0;68.0;11.0;50.0;28.0;-39.0;61;6
2;104;117;62;6;9;13;-87.0;Fischer & Whitney (2014);Experiment 1b;Orientation;1;11;-87.0;16.0;-19.0;-76.0;-37.0;-59.0;62;6
2;23;20;63;6;9;-3;81.0;Fischer & Whitney (2014);Experiment 1b;Orientation;1;11;81.0;-6.0;-83.0;62.0;5.0;44.0;63;6
2;116;113;64;6;9;-3;87.0;Fischer & Whitney (2014);Experiment 1b;Orientation;1;11;87.0;-12.0;81.0;4.0;-31.0;-88.0;64;6
2;37;39;65;6;9;2;79.0;Fischer & Whitney (2014);Experiment 1b;Orientation;1;11;79.0;-14.0;67.0;-20.0;83.0;48.0;65;6
2;24;28;66;6;9;4;13.0;Fischer & Whitney (2014);Experiment 1b;Orientation;1;11;13.0;-88.0;-1.0;80.0;-7.0;-84.0;66;6
2;94;90;67;6;9;-4;-70.0;Fischer & Whitney (2014);Experiment 1b;Orientation;1;11;-70.0;-57.0;22.0;-71.0;10.0;-77.0;67;6
2;84;89;68;6;9;5;10.0;Fischer & Whitney (2014);Experiment 1b;Orientation;1;11;10.0;-60.0;-47.0;32.0;-61.0;20.0;68;6
2;75;70;69;6;9;-5;9.0;Fischer & Whitney (2014);Experiment 1b;Orientation;1;11;9.0;19.0;-51.0;-38.0;41.0;-52.0;69;6
2;59;66;70;6;9;7;16.0;Fischer & Whitney (2014);Experiment 1b;Orientation;1;11;16.0;25.0;35.0;-35.0;-22.0;57.0;70;6
2;178;5;71;6;9;7;61.0;Fischer & Whitney (2014);Experiment 1b;Orientation;1;11;61.0;77.0;86.0;-84.0;26.0;39.0;71;6
2;104;119;72;6;9;15;74.0;Fischer & Whitney (2014);Experiment 1b;Orientation;1;11;74.0;-45.0;-29.0;-20.0;-10.0;-80.0;72;6
2;149;141;73;6;9;-8;-45.0;Fischer & Whitney (2014);Experiment 1b;Orientation;1;11;-45.0;29.0;90.0;-74.0;-65.0;-55.0;73;6
2;32;36;74;6;9;4;-63.0;Fischer & Whitney (2014);Experiment 1b;Orientation;1;11;-63.0;72.0;-34.0;27.0;43.0;52.0;74;6
2;10;13;75;6;9;3;22.0;Fischer & Whitney (2014);Experiment 1b;Orientation;1;11;22.0;-41.0;-86.0;-12.0;49.0;65.0;75;6
2;140;137;76;6;9;-3;50.0;Fischer & Whitney (2014);Experiment 1b;Orientation;1;11;50.0;72.0;9.0;-36.0;38.0;-81.0;76;6
2;157;141;77;6;9;-16;-17.0;Fischer & Whitney (2014);Experiment 1b;Orientation;1;11;-17.0;33.0;55.0;-8.0;-53.0;21.0;77;6
2;34;43;78;6;9;9;-57.0;Fischer & Whitney (2014);Experiment 1b;Orientation;1;11;-57.0;-74.0;-24.0;-2.0;-65.0;70.0;78;6
2;121;123;79;6;9;2;-87.0;Fischer & Whitney (2014);Experiment 1b;Orientation;1;11;-87.0;36.0;19.0;69.0;-89.0;28.0;79;6
2;46;60;80;6;9;14;75.0;Fischer & Whitney (2014);Experiment 1b;Orientation;1;11;75.0;-12.0;-69.0;-86.0;-36.0;-14.0;80;6
2;155;136;81;6;9;-19;71.0;Fischer & Whitney (2014);Experiment 1b;Orientation;1;11;71.0;-34.0;59.0;2.0;-15.0;35.0;81;6
2;54;64;82;6;9;10;-79.0;Fischer & Whitney (2014);Experiment 1b;Orientation;1;11;-79.0;-8.0;67.0;-20.0;-77.0;86.0;82;6
2;77;86;83;6;9;9;-23.0;Fischer & Whitney (2014);Experiment 1b;Orientation;1;11;-23.0;78.0;-31.0;44.0;-43.0;80.0;83;6
2;153;159;84;6;9;6;-76.0;Fischer & Whitney (2014);Experiment 1b;Orientation;1;11;-76.0;81.0;2.0;73.0;-32.0;61.0;84;6
2;49;60;85;6;9;11;-76.0;Fischer & Whitney (2014);Experiment 1b;Orientation;1;11;-76.0;28.0;5.0;-74.0;-3.0;72.0;85;6
2;30;35;86;6;9;5;19.0;Fischer & Whitney (2014);Experiment 1b;Orientation;1;11;19.0;-57.0;47.0;24.0;-55.0;16.0;86;6
2;21;29;87;6;9;8;9.0;Fischer & Whitney (2014);Experiment 1b;Orientation;1;11;9.0;28.0;-48.0;56.0;33.0;-46.0;87;6
2;129;125;88;6;9;-4;72.0;Fischer & Whitney (2014);Experiment 1b;Orientation;1;11;72.0;81.0;-80.0;24.0;-52.0;-75.0;88;6
2;158;151;89;6;9;-7;-29.0;Fischer & Whitney (2014);Experiment 1b;Orientation;1;11;-29.0;43.0;52.0;71.0;-5.0;-81.0;89;6
2;146;144;90;6;9;-2;12.0;Fischer & Whitney (2014);Experiment 1b;Orientation;1;11;12.0;-17.0;55.0;64.0;83.0;7.0;90;6
2;2;114;91;6;9;-68;-36.0;Fischer & Whitney (2014);Experiment 1b;Orientation;1;11;-36.0;-24.0;-53.0;19.0;28.0;47.0;91;6
2;156;155;92;6;9;-1;26.0;Fischer & Whitney (2014);Experiment 1b;Orientation;1;11;26.0;-10.0;2.0;-27.0;45.0;54.0;92;6
2;86;81;93;6;9;-5;70.0;Fischer & Whitney (2014);Experiment 1b;Orientation;1;11;70.0;-84.0;60.0;72.0;43.0;-65.0;93;6
2;76;67;94;6;9;-9;10.0;Fischer & Whitney (2014);Experiment 1b;Orientation;1;11;10.0;80.0;-74.0;70.0;82.0;53.0;94;6
2;61;46;95;6;9;-15;15.0;Fischer & Whitney (2014);Experiment 1b;Orientation;1;11;15.0;25.0;-85.0;-59.0;85.0;-83.0;95;6
2;171;165;96;6;9;-6;70.0;Fischer & Whitney (2014);Experiment 1b;Orientation;1;11;70.0;85.0;-85.0;-15.0;11.0;-25.0;96;6
2;47;65;97;6;9;18;-56.0;Fischer & Whitney (2014);Experiment 1b;Orientation;1;11;-56.0;14.0;29.0;39.0;-71.0;-45.0;97;6
2;146;135;98;6;9;-11;81.0;Fischer & Whitney (2014);Experiment 1b;Orientation;1;11;81.0;25.0;-85.0;-70.0;-60.0;10.0;98;6
2;178;6;99;6;9;8;-32.0;Fischer & Whitney (2014);Experiment 1b;Orientation;1;11;-32.0;49.0;-7.0;63.0;78.0;88.0;99;6
2;25;13;100;6;9;-12;-27.0;Fischer & Whitney (2014);Experiment 1b;Orientation;1;11;-27.0;-59.0;22.0;-34.0;36.0;51.0;100;6
2;14;25;101;6;9;11;11.0;Fischer & Whitney (2014);Experiment 1b;Orientation;1;11;11.0;-16.0;-48.0;33.0;-23.0;47.0;101;6
2;4;7;102;6;9;3;10.0;Fischer & Whitney (2014);Experiment 1b;Orientation;1;11;10.0;21.0;-6.0;-38.0;43.0;-13.0;102;6
2;0;10;103;6;9;10;4.0;Fischer & Whitney (2014);Experiment 1b;Orientation;1;11;4.0;14.0;25.0;-2.0;-34.0;47.0;103;6
2;173;174;104;6;9;1;7.0;Fischer & Whitney (2014);Experiment 1b;Orientation;1;11;7.0;11.0;21.0;32.0;5.0;-27.0;104;6
2;165;155;1;7;9;-10;8.0;Fischer & Whitney (2014);Experiment 1b;Orientation;1;11;;;;;;;1;7
2;43;36;2;7;9;-7;-58.0;Fischer & Whitney (2014);Experiment 1b;Orientation;1;11;;;;;;;2;7
2;129;134;3;7;9;5;-86.0;Fischer & Whitney (2014);Experiment 1b;Orientation;1;11;;;;;;;3;7
2;98;110;4;7;9;12;31.0;Fischer & Whitney (2014);Experiment 1b;Orientation;1;11;;;;;;;4;7
2;68;65;5;7;9;-3;30.0;Fischer & Whitney (2014);Experiment 1b;Orientation;1;11;;;;;;;5;7
2;36;39;6;7;9;3;32.0;Fischer & Whitney (2014);Experiment 1b;Orientation;1;11;;;;;;;6;7
2;38;36;7;7;9;-2;-2.0;Fischer & Whitney (2014);Experiment 1b;Orientation;1;11;-2.0;30.0;60.0;-89.0;5.0;-53.0;7;7
2;0;173;8;7;9;-7;38.0;Fischer & Whitney (2014);Experiment 1b;Orientation;1;11;38.0;36.0;68.0;-82.0;-51.0;43.0;8;7
2;57;64;9;7;9;7;-57.0;Fischer & Whitney (2014);Experiment 1b;Orientation;1;11;-57.0;-19.0;-21.0;11.0;41.0;72.0;9;7
2;104;106;10;7;9;2;-47.0;Fischer & Whitney (2014);Experiment 1b;Orientation;1;11;-47.0;76.0;-66.0;-68.0;-36.0;-6.0;10;7
2;117;121;11;7;9;4;-13.0;Fischer & Whitney (2014);Experiment 1b;Orientation;1;11;-13.0;-60.0;63.0;-79.0;-81.0;-49.0;11;7
2;106;118;12;7;9;12;11.0;Fischer & Whitney (2014);Experiment 1b;Orientation;1;11;11.0;-2.0;-49.0;74.0;-68.0;-70.0;12;7
2;25;25;13;7;9;0;81.0;Fischer & Whitney (2014);Experiment 1b;Orientation;1;11;81.0;-88.0;79.0;32.0;-25.0;13.0;13;7
2;85;84;14;7;9;-1;-60.0;Fischer & Whitney (2014);Experiment 1b;Orientation;1;11;-60.0;21.0;32.0;19.0;-28.0;-85.0;14;7
2;122;118;15;7;9;-4;-37.0;Fischer & Whitney (2014);Experiment 1b;Orientation;1;11;-37.0;83.0;-16.0;-5.0;-18.0;-65.0;15;7
2;58;67;16;7;9;9;64.0;Fischer & Whitney (2014);Experiment 1b;Orientation;1;11;64.0;27.0;-33.0;48.0;59.0;46.0;16;7
2;140;134;17;7;9;-6;-82.0;Fischer & Whitney (2014);Experiment 1b;Orientation;1;11;-82.0;-18.0;-55.0;65.0;-34.0;-23.0;17;7
2;138;144;18;7;9;6;2.0;Fischer & Whitney (2014);Experiment 1b;Orientation;1;11;2.0;-80.0;-16.0;-53.0;67.0;-32.0;18;7
2;72;78;19;7;9;6;66.0;Fischer & Whitney (2014);Experiment 1b;Orientation;1;11;66.0;68.0;-14.0;50.0;13.0;-47.0;19;7
2;150;142;20;7;9;-8;-78.0;Fischer & Whitney (2014);Experiment 1b;Orientation;1;11;-78.0;-12.0;-10.0;88.0;-28.0;-65.0;20;7
2;9;10;21;7;9;1;-39.0;Fischer & Whitney (2014);Experiment 1b;Orientation;1;11;-39.0;63.0;-51.0;-49.0;49.0;-67.0;21;7
2;49;52;22;7;9;3;-40.0;Fischer & Whitney (2014);Experiment 1b;Orientation;1;11;-40.0;-79.0;23.0;89.0;-89.0;9.0;22;7
2;9;23;23;7;9;14;40.0;Fischer & Whitney (2014);Experiment 1b;Orientation;1;11;40.0;0.0;-39.0;63.0;-51.0;-49.0;23;7
2;47;49;24;7;9;2;-38.0;Fischer & Whitney (2014);Experiment 1b;Orientation;1;11;-38.0;2.0;-38.0;-77.0;25.0;-89.0;24;7
2;16;22;25;7;9;6;31.0;Fischer & Whitney (2014);Experiment 1b;Orientation;1;11;31.0;-7.0;33.0;-7.0;-46.0;56.0;25;7
2;44;50;26;7;9;6;-28.0;Fischer & Whitney (2014);Experiment 1b;Orientation;1;11;-28.0;3.0;-35.0;5.0;-35.0;-74.0;26;7
2;154;148;27;7;9;-6;70.0;Fischer & Whitney (2014);Experiment 1b;Orientation;1;11;70.0;42.0;73.0;35.0;75.0;35.0;27;7
2;173;164;28;7;9;-9;-19.0;Fischer & Whitney (2014);Experiment 1b;Orientation;1;11;-19.0;51.0;23.0;54.0;16.0;56.0;28;7
2;69;76;29;7;9;7;-76.0;Fischer & Whitney (2014);Experiment 1b;Orientation;1;11;-76.0;85.0;-25.0;-53.0;-22.0;-60.0;29;7
2;137;142;30;7;9;5;-68.0;Fischer & Whitney (2014);Experiment 1b;Orientation;1;11;-68.0;36.0;17.0;87.0;59.0;90.0;30;7
2;118;123;31;7;9;5;19.0;Fischer & Whitney (2014);Experiment 1b;Orientation;1;11;19.0;-49.0;55.0;36.0;-74.0;78.0;31;7
2;116;122;32;7;9;6;2.0;Fischer & Whitney (2014);Experiment 1b;Orientation;1;11;2.0;21.0;-47.0;57.0;38.0;-72.0;32;7
2;58;64;33;7;9;6;58.0;Fischer & Whitney (2014);Experiment 1b;Orientation;1;11;58.0;60.0;79.0;11.0;-65.0;-84.0;33;7
2;144;148;34;7;9;4;-86.0;Fischer & Whitney (2014);Experiment 1b;Orientation;1;11;-86.0;-28.0;-26.0;-7.0;-75.0;29.0;34;7
2;18;21;35;7;9;3;-54.0;Fischer & Whitney (2014);Experiment 1b;Orientation;1;11;-54.0;40.0;-82.0;-80.0;-61.0;51.0;35;7
2;102;104;36;7;9;2;-84.0;Fischer & Whitney (2014);Experiment 1b;Orientation;1;11;-84.0;42.0;-44.0;14.0;16.0;35.0;36;7
2;133;126;37;7;9;-7;-31.0;Fischer & Whitney (2014);Experiment 1b;Orientation;1;11;-31.0;65.0;11.0;-75.0;-17.0;-15.0;37;7
2;48;65;38;7;9;17;85.0;Fischer & Whitney (2014);Experiment 1b;Orientation;1;11;85.0;54.0;-30.0;-84.0;10.0;68.0;38;7
2;97;99;39;7;9;2;-49.0;Fischer & Whitney (2014);Experiment 1b;Orientation;1;11;-49.0;36.0;5.0;-79.0;47.0;-39.0;39;7
2;41;25;40;7;9;-16;56.0;Fischer & Whitney (2014);Experiment 1b;Orientation;1;11;56.0;7.0;-88.0;61.0;-23.0;-77.0;40;7
2;107;105;41;7;9;-2;-66.0;Fischer & Whitney (2014);Experiment 1b;Orientation;1;11;-66.0;-10.0;-59.0;26.0;-5.0;-89.0;41;7
2;144;152;42;7;9;8;-37.0;Fischer & Whitney (2014);Experiment 1b;Orientation;1;11;-37.0;77.0;-47.0;84.0;-11.0;-42.0;42;7
2;37;50;43;7;9;13;-73.0;Fischer & Whitney (2014);Experiment 1b;Orientation;1;11;-73.0;70.0;4.0;60.0;11.0;-84.0;43;7
2;36;42;44;7;9;6;1.0;Fischer & Whitney (2014);Experiment 1b;Orientation;1;11;1.0;-72.0;71.0;5.0;61.0;12.0;44;7
2;177;167;45;7;9;-10;39.0;Fischer & Whitney (2014);Experiment 1b;Orientation;1;11;39.0;40.0;-33.0;-70.0;44.0;-80.0;45;7
2;153;162;46;7;9;9;24.0;Fischer & Whitney (2014);Experiment 1b;Orientation;1;11;24.0;63.0;64.0;-9.0;-46.0;68.0;46;7
2;93;86;47;7;9;-7;60.0;Fischer & Whitney (2014);Experiment 1b;Orientation;1;11;60.0;84.0;-57.0;-56.0;51.0;14.0;47;7
2;149;152;48;7;9;3;-56.0;Fischer & Whitney (2014);Experiment 1b;Orientation;1;11;-56.0;4.0;28.0;67.0;68.0;-5.0;48;7
2;136;142;49;7;9;6;13.0;Fischer & Whitney (2014);Experiment 1b;Orientation;1;11;13.0;-43.0;17.0;41.0;80.0;81.0;49;7
2;100;100;50;7;9;0;36.0;Fischer & Whitney (2014);Experiment 1b;Orientation;1;11;36.0;49.0;-7.0;53.0;77.0;-64.0;50;7
2;101;104;51;7;9;3;-1.0;Fischer & Whitney (2014);Experiment 1b;Orientation;1;11;-1.0;35.0;48.0;-8.0;52.0;76.0;51;7
2;113;110;52;7;9;-3;-12.0;Fischer & Whitney (2014);Experiment 1b;Orientation;1;11;-12.0;-13.0;23.0;36.0;-20.0;40.0;52;7
2;114;108;53;7;9;-6;-1.0;Fischer & Whitney (2014);Experiment 1b;Orientation;1;11;-1.0;-13.0;-14.0;22.0;35.0;-21.0;53;7
2;168;163;54;7;9;-5;-54.0;Fischer & Whitney (2014);Experiment 1b;Orientation;1;11;-54.0;-55.0;-67.0;-68.0;-32.0;-19.0;54;7
2;139;153;55;7;9;14;29.0;Fischer & Whitney (2014);Experiment 1b;Orientation;1;11;29.0;-25.0;-26.0;-38.0;-39.0;-3.0;55;7
2;74;69;56;7;9;-5;65.0;Fischer & Whitney (2014);Experiment 1b;Orientation;1;11;65.0;-86.0;40.0;39.0;27.0;26.0;56;7
2;73;73;57;7;9;0;1.0;Fischer & Whitney (2014);Experiment 1b;Orientation;1;11;1.0;66.0;-85.0;41.0;40.0;28.0;57;7
2;32;23;58;7;9;-9;41.0;Fischer & Whitney (2014);Experiment 1b;Orientation;1;11;41.0;42.0;-73.0;-44.0;82.0;81.0;58;7
2;16;22;59;7;9;6;16.0;Fischer & Whitney (2014);Experiment 1b;Orientation;1;11;16.0;57.0;58.0;-57.0;-28.0;-82.0;59;7
2;19;23;60;7;9;4;-3.0;Fischer & Whitney (2014);Experiment 1b;Orientation;1;11;-3.0;13.0;54.0;55.0;-60.0;-31.0;60;7
2;98;103;61;7;9;5;-79.0;Fischer & Whitney (2014);Experiment 1b;Orientation;1;11;-79.0;-82.0;-66.0;-25.0;-24.0;41.0;61;7
2;126;121;62;7;9;-5;-28.0;Fischer & Whitney (2014);Experiment 1b;Orientation;1;11;-28.0;73.0;70.0;86.0;-53.0;-52.0;62;7
2;41;54;63;7;9;13;85.0;Fischer & Whitney (2014);Experiment 1b;Orientation;1;11;85.0;57.0;-22.0;-25.0;-9.0;32.0;63;7
2;13;10;64;7;9;-3;28.0;Fischer & Whitney (2014);Experiment 1b;Orientation;1;11;28.0;-67.0;85.0;6.0;3.0;19.0;64;7
2;177;173;65;7;9;-4;16.0;Fischer & Whitney (2014);Experiment 1b;Orientation;1;11;16.0;44.0;-51.0;-79.0;22.0;19.0;65;7
2;125;117;66;7;9;-8;52.0;Fischer & Whitney (2014);Experiment 1b;Orientation;1;11;52.0;68.0;-84.0;1.0;-27.0;74.0;66;7
2;178;169;67;7;9;-9;-53.0;Fischer & Whitney (2014);Experiment 1b;Orientation;1;11;-53.0;-1.0;15.0;43.0;-52.0;-80.0;67;7
2;31;20;68;7;9;-11;-33.0;Fischer & Whitney (2014);Experiment 1b;Orientation;1;11;-33.0;-86.0;-34.0;-18.0;10.0;-85.0;68;7
2;35;37;69;7;9;2;-4.0;Fischer & Whitney (2014);Experiment 1b;Orientation;1;11;-4.0;-37.0;90.0;-38.0;-22.0;6.0;69;7
2;94;96;70;7;9;2;-59.0;Fischer & Whitney (2014);Experiment 1b;Orientation;1;11;-59.0;-63.0;84.0;31.0;83.0;-81.0;70;7
2;70;79;71;7;9;9;24.0;Fischer & Whitney (2014);Experiment 1b;Orientation;1;11;24.0;-35.0;-39.0;-72.0;55.0;-73.0;71;7
2;176;168;72;7;9;-8;74.0;Fischer & Whitney (2014);Experiment 1b;Orientation;1;11;74.0;-82.0;39.0;35.0;2.0;-51.0;72;7
2;28;20;73;7;9;-8;-32.0;Fischer & Whitney (2014);Experiment 1b;Orientation;1;11;-32.0;42.0;66.0;7.0;3.0;-30.0;73;7
2;104;108;74;7;9;4;-76.0;Fischer & Whitney (2014);Experiment 1b;Orientation;1;11;-76.0;72.0;-34.0;-10.0;-69.0;-73.0;74;7
2;56;69;75;7;9;13;48.0;Fischer & Whitney (2014);Experiment 1b;Orientation;1;11;48.0;-28.0;-60.0;14.0;38.0;-21.0;75;7
2;179;12;76;7;9;13;57.0;Fischer & Whitney (2014);Experiment 1b;Orientation;1;11;57.0;-75.0;29.0;-3.0;71.0;-85.0;76;7
2;89;85;77;7;9;-4;90.0;Fischer & Whitney (2014);Experiment 1b;Orientation;1;11;90.0;-33.0;15.0;-61.0;87.0;-19.0;77;7
2;41;25;78;7;9;-16;48.0;Fischer & Whitney (2014);Experiment 1b;Orientation;1;11;48.0;-42.0;15.0;63.0;-13.0;-45.0;78;7
2;119;124;79;7;9;5;-78.0;Fischer & Whitney (2014);Experiment 1b;Orientation;1;11;-78.0;-30.0;60.0;-63.0;-15.0;89.0;79;7
2;92;96;80;7;9;4;27.0;Fischer & Whitney (2014);Experiment 1b;Orientation;1;11;27.0;-51.0;-3.0;87.0;-36.0;12.0;80;7
2;38;31;81;7;9;-7;54.0;Fischer & Whitney (2014);Experiment 1b;Orientation;1;11;54.0;81.0;3.0;51.0;-39.0;18.0;81;7
2;135;138;82;7;9;3;83.0;Fischer & Whitney (2014);Experiment 1b;Orientation;1;11;83.0;-43.0;-16.0;86.0;-46.0;44.0;82;7
2;87;89;83;7;9;2;48.0;Fischer & Whitney (2014);Experiment 1b;Orientation;1;11;48.0;-49.0;5.0;32.0;-46.0;2.0;83;7
2;165;163;84;7;9;-2;-78.0;Fischer & Whitney (2014);Experiment 1b;Orientation;1;11;-78.0;-30.0;53.0;-73.0;-46.0;56.0;84;7
2;128;142;85;7;9;14;37.0;Fischer & Whitney (2014);Experiment 1b;Orientation;1;11;37.0;-41.0;7.0;90.0;-36.0;-9.0;85;7
2;133;134;86;7;9;1;-5.0;Fischer & Whitney (2014);Experiment 1b;Orientation;1;11;-5.0;32.0;-46.0;2.0;85.0;-41.0;86;7
2;39;54;87;7;9;15;-86.0;Fischer & Whitney (2014);Experiment 1b;Orientation;1;11;-86.0;89.0;-54.0;48.0;-84.0;-1.0;87;7
2;131;127;88;7;9;-4;88.0;Fischer & Whitney (2014);Experiment 1b;Orientation;1;11;88.0;2.0;-3.0;34.0;-44.0;4.0;88;7
2;107;102;89;7;9;-5;24.0;Fischer & Whitney (2014);Experiment 1b;Orientation;1;11;24.0;-68.0;26.0;21.0;58.0;-20.0;89;7
2;90;98;90;7;9;8;17.0;Fischer & Whitney (2014);Experiment 1b;Orientation;1;11;17.0;41.0;-51.0;43.0;38.0;75.0;90;7
2;110;107;91;7;9;-3;-20.0;Fischer & Whitney (2014);Experiment 1b;Orientation;1;11;-20.0;-3.0;21.0;-71.0;23.0;18.0;91;7
2;170;167;92;7;9;-3;-60.0;Fischer & Whitney (2014);Experiment 1b;Orientation;1;11;-60.0;-80.0;-63.0;-39.0;49.0;-37.0;92;7
2;150;165;93;7;9;15;20.0;Fischer & Whitney (2014);Experiment 1b;Orientation;1;11;20.0;-40.0;-60.0;-43.0;-19.0;69.0;93;7
2;85;87;94;7;9;2;65.0;Fischer & Whitney (2014);Experiment 1b;Orientation;1;11;65.0;85.0;25.0;5.0;22.0;46.0;94;7
2;96;95;95;7;9;-1;-11.0;Fischer & Whitney (2014);Experiment 1b;Orientation;1;11;-11.0;54.0;74.0;14.0;-6.0;11.0;95;7
2;76;87;96;7;9;11;20.0;Fischer & Whitney (2014);Experiment 1b;Orientation;1;11;20.0;9.0;74.0;-86.0;34.0;14.0;96;7
2;93;93;97;7;9;0;-17.0;Fischer & Whitney (2014);Experiment 1b;Orientation;1;11;-17.0;3.0;-8.0;57.0;77.0;17.0;97;7
2;40;58;98;7;9;18;53.0;Fischer & Whitney (2014);Experiment 1b;Orientation;1;11;53.0;36.0;56.0;45.0;-70.0;-50.0;98;7
2;137;136;99;7;9;-1;83.0;Fischer & Whitney (2014);Experiment 1b;Orientation;1;11;83.0;-44.0;-61.0;-41.0;-52.0;13.0;99;7
2;27;30;100;7;9;3;-70.0;Fischer & Whitney (2014);Experiment 1b;Orientation;1;11;-70.0;13.0;66.0;49.0;69.0;58.0;100;7
2;110;116;101;7;9;6;-83.0;Fischer & Whitney (2014);Experiment 1b;Orientation;1;11;-83.0;27.0;-70.0;-17.0;-34.0;-14.0;101;7
2;63;66;102;7;9;3;47.0;Fischer & Whitney (2014);Experiment 1b;Orientation;1;11;47.0;-36.0;74.0;-23.0;30.0;13.0;102;7
2;90;90;103;7;9;0;-27.0;Fischer & Whitney (2014);Experiment 1b;Orientation;1;11;-27.0;20.0;-63.0;47.0;-50.0;3.0;103;7
2;145;150;104;7;9;5;-55.0;Fischer & Whitney (2014);Experiment 1b;Orientation;1;11;-55.0;-82.0;-35.0;62.0;-8.0;75.0;104;7
2;105;113;1;8;9;8;40.0;Fischer & Whitney (2014);Experiment 1b;Orientation;1;11;;;;;;;1;8
2;40;54;2;8;9;14;65.0;Fischer & Whitney (2014);Experiment 1b;Orientation;1;11;;;;;;;2;8
2;49;49;3;8;9;0;-9.0;Fischer & Whitney (2014);Experiment 1b;Orientation;1;11;;;;;;;3;8
2;140;145;4;8;9;5;89.0;Fischer & Whitney (2014);Experiment 1b;Orientation;1;11;;;;;;;4;8
2;3;13;5;8;9;10;-43.0;Fischer & Whitney (2014);Experiment 1b;Orientation;1;11;;;;;;;5;8
2;75;84;6;8;9;9;-72.0;Fischer & Whitney (2014);Experiment 1b;Orientation;1;11;;;;;;;6;8
2;130;130;7;8;9;0;-55.0;Fischer & Whitney (2014);Experiment 1b;Orientation;1;11;-55.0;53.0;10.0;-81.0;90.0;-25.0;7;8
2;3;0;8;8;9;-3;-53.0;Fischer & Whitney (2014);Experiment 1b;Orientation;1;11;-53.0;72.0;0.0;-43.0;46.0;37.0;8;8
2;21;13;9;8;9;-8;-18.0;Fischer & Whitney (2014);Experiment 1b;Orientation;1;11;-18.0;-71.0;54.0;-18.0;-61.0;28.0;9;8
2;3;12;10;8;9;9;18.0;Fischer & Whitney (2014);Experiment 1b;Orientation;1;11;18.0;0.0;-53.0;72.0;0.0;-43.0;10;8
2;27;25;11;8;9;-2;-24.0;Fischer & Whitney (2014);Experiment 1b;Orientation;1;11;-24.0;-6.0;-24.0;-77.0;48.0;-24.0;11;8
2;129;133;12;8;9;4;78.0;Fischer & Whitney (2014);Experiment 1b;Orientation;1;11;78.0;54.0;72.0;54.0;1.0;-54.0;12;8
2;4;10;13;8;9;6;-55.0;Fischer & Whitney (2014);Experiment 1b;Orientation;1;11;-55.0;23.0;-1.0;17.0;-1.0;-54.0;13;8
2;145;144;14;8;9;-1;39.0;Fischer & Whitney (2014);Experiment 1b;Orientation;1;11;39.0;-16.0;62.0;38.0;56.0;38.0;14;8
2;50;61;15;8;9;11;-85.0;Fischer & Whitney (2014);Experiment 1b;Orientation;1;11;-85.0;-46.0;79.0;-23.0;-47.0;-29.0;15;8
2;169;163;16;8;9;-6;61.0;Fischer & Whitney (2014);Experiment 1b;Orientation;1;11;61.0;-24.0;15.0;-40.0;38.0;14.0;16;8
2;103;108;17;8;9;5;66.0;Fischer & Whitney (2014);Experiment 1b;Orientation;1;11;66.0;-53.0;42.0;81.0;26.0;-76.0;17;8
2;68;74;18;8;9;6;35.0;Fischer & Whitney (2014);Experiment 1b;Orientation;1;11;35.0;-79.0;-18.0;77.0;-64.0;61.0;18;8
2;48;48;19;8;9;0;20.0;Fischer & Whitney (2014);Experiment 1b;Orientation;1;11;20.0;55.0;-59.0;2.0;-83.0;-44.0;19;8
2;51;60;20;8;9;9;-3.0;Fischer & Whitney (2014);Experiment 1b;Orientation;1;11;-3.0;17.0;52.0;-62.0;-1.0;-86.0;20;8
2;133;125;21;8;9;-8;-82.0;Fischer & Whitney (2014);Experiment 1b;Orientation;1;11;-82.0;-85.0;-65.0;-30.0;36.0;-83.0;21;8
2;116;126;22;8;9;10;17.0;Fischer & Whitney (2014);Experiment 1b;Orientation;1;11;17.0;-65.0;-68.0;-48.0;-13.0;53.0;22;8
2;54;61;23;8;9;7;62.0;Fischer & Whitney (2014);Experiment 1b;Orientation;1;11;62.0;79.0;-3.0;-6.0;14.0;49.0;23;8
2;68;68;24;8;9;0;-14.0;Fischer & Whitney (2014);Experiment 1b;Orientation;1;11;-14.0;48.0;65.0;-17.0;-20.0;0.0;24;8
2;37;37;25;8;9;0;31.0;Fischer & Whitney (2014);Experiment 1b;Orientation;1;11;31.0;17.0;79.0;-84.0;14.0;11.0;25;8
2;126;127;26;8;9;1;-89.0;Fischer & Whitney (2014);Experiment 1b;Orientation;1;11;-89.0;-58.0;-72.0;-10.0;7.0;-75.0;26;8
2;0;3;27;8;9;3;-54.0;Fischer & Whitney (2014);Experiment 1b;Orientation;1;11;-54.0;37.0;68.0;54.0;-64.0;-47.0;27;8
2;179;0;28;8;9;1;1.0;Fischer & Whitney (2014);Experiment 1b;Orientation;1;11;1.0;-53.0;38.0;69.0;55.0;-63.0;28;8
2;95;97;29;8;9;2;84.0;Fischer & Whitney (2014);Experiment 1b;Orientation;1;11;84.0;85.0;31.0;-58.0;-27.0;-41.0;29;8
2;128;120;30;8;9;-8;-33.0;Fischer & Whitney (2014);Experiment 1b;Orientation;1;11;-33.0;51.0;52.0;-2.0;89.0;-60.0;30;8
2;157;146;31;8;9;-11;-29.0;Fischer & Whitney (2014);Experiment 1b;Orientation;1;11;-29.0;-62.0;22.0;23.0;-31.0;60.0;31;8
2;177;172;32;8;9;-5;-20.0;Fischer & Whitney (2014);Experiment 1b;Orientation;1;11;-20.0;-49.0;-82.0;2.0;3.0;-51.0;32;8
2;158;166;33;8;9;8;19.0;Fischer & Whitney (2014);Experiment 1b;Orientation;1;11;19.0;-1.0;-30.0;-63.0;21.0;22.0;33;8
2;9;11;34;8;9;2;-31.0;Fischer & Whitney (2014);Experiment 1b;Orientation;1;11;-31.0;-12.0;-32.0;-61.0;86.0;-10.0;34;8
2;56;70;35;8;9;14;-47.0;Fischer & Whitney (2014);Experiment 1b;Orientation;1;11;-47.0;-78.0;-59.0;-79.0;72.0;39.0;35;8
2;112;114;36;8;9;2;-56.0;Fischer & Whitney (2014);Experiment 1b;Orientation;1;11;-56.0;77.0;46.0;65.0;45.0;16.0;36;8
2;100;107;37;8;9;7;12.0;Fischer & Whitney (2014);Experiment 1b;Orientation;1;11;12.0;-44.0;89.0;58.0;77.0;57.0;37;8
2;143;131;38;8;9;-12;-43.0;Fischer & Whitney (2014);Experiment 1b;Orientation;1;11;-43.0;-31.0;-87.0;46.0;15.0;34.0;38;8
2;122;120;39;8;9;-2;21.0;Fischer & Whitney (2014);Experiment 1b;Orientation;1;11;21.0;-22.0;-10.0;-66.0;67.0;36.0;39;8
2;15;20;40;8;9;5;-73.0;Fischer & Whitney (2014);Experiment 1b;Orientation;1;11;-73.0;-52.0;85.0;-83.0;41.0;-6.0;40;8
2;148;147;41;8;9;-1;47.0;Fischer & Whitney (2014);Experiment 1b;Orientation;1;11;47.0;-26.0;-5.0;-48.0;-36.0;88.0;41;8
2;37;29;42;8;9;-8;-69.0;Fischer & Whitney (2014);Experiment 1b;Orientation;1;11;-69.0;-22.0;85.0;-74.0;63.0;75.0;42;8
2;134;141;43;8;9;7;83.0;Fischer & Whitney (2014);Experiment 1b;Orientation;1;11;83.0;14.0;61.0;-12.0;9.0;-34.0;43;8
2;47;57;44;8;9;10;87.0;Fischer & Whitney (2014);Experiment 1b;Orientation;1;11;87.0;-10.0;-79.0;-32.0;75.0;-84.0;44;8
2;173;171;45;8;9;-2;54.0;Fischer & Whitney (2014);Experiment 1b;Orientation;1;11;54.0;-39.0;44.0;-25.0;22.0;-51.0;45;8
2;161;167;46;8;9;6;12.0;Fischer & Whitney (2014);Experiment 1b;Orientation;1;11;12.0;66.0;-27.0;56.0;-13.0;34.0;46;8
2;15;14;47;8;9;-1;-34.0;Fischer & Whitney (2014);Experiment 1b;Orientation;1;11;-34.0;-22.0;32.0;-61.0;22.0;-47.0;47;8
2;178;4;48;8;9;6;17.0;Fischer & Whitney (2014);Experiment 1b;Orientation;1;11;17.0;-17.0;-5.0;49.0;-44.0;39.0;48;8
2;166;169;49;8;9;3;12.0;Fischer & Whitney (2014);Experiment 1b;Orientation;1;11;12.0;29.0;-5.0;7.0;61.0;-32.0;49;8
2;19;15;50;8;9;-4;-33.0;Fischer & Whitney (2014);Experiment 1b;Orientation;1;11;-33.0;-21.0;-4.0;-38.0;-26.0;28.0;50;8
2;105;107;51;8;9;2;-86.0;Fischer & Whitney (2014);Experiment 1b;Orientation;1;11;-86.0;61.0;73.0;90.0;56.0;68.0;51;8
2;145;129;52;8;9;-16;-40.0;Fischer & Whitney (2014);Experiment 1b;Orientation;1;11;-40.0;54.0;21.0;33.0;50.0;16.0;52;8
2;151;126;53;8;9;-25;-6.0;Fischer & Whitney (2014);Experiment 1b;Orientation;1;11;-6.0;-46.0;48.0;15.0;27.0;44.0;53;8
2;137;133;54;8;9;-4;14.0;Fischer & Whitney (2014);Experiment 1b;Orientation;1;11;14.0;8.0;-32.0;62.0;29.0;41.0;54;8
2;7;7;55;8;9;0;-50.0;Fischer & Whitney (2014);Experiment 1b;Orientation;1;11;-50.0;-36.0;-42.0;-82.0;12.0;-21.0;55;8
2;39;46;56;8;9;7;-32.0;Fischer & Whitney (2014);Experiment 1b;Orientation;1;11;-32.0;-82.0;-68.0;-74.0;66.0;-20.0;56;8
2;117;115;57;8;9;-2;-78.0;Fischer & Whitney (2014);Experiment 1b;Orientation;1;11;-78.0;70.0;20.0;34.0;28.0;-12.0;57;8
2;110;113;58;8;9;3;7.0;Fischer & Whitney (2014);Experiment 1b;Orientation;1;11;7.0;-71.0;77.0;27.0;41.0;35.0;58;8
2;54;68;59;8;9;14;56.0;Fischer & Whitney (2014);Experiment 1b;Orientation;1;11;56.0;63.0;-15.0;-47.0;83.0;-83.0;59;8
2;175;169;60;8;9;-6;59.0;Fischer & Whitney (2014);Experiment 1b;Orientation;1;11;59.0;-65.0;-58.0;44.0;12.0;-38.0;60;8
2;5;1;61;8;9;-4;-10.0;Fischer & Whitney (2014);Experiment 1b;Orientation;1;11;-10.0;49.0;-75.0;-68.0;34.0;2.0;61;8
2;11;10;62;8;9;-1;-6.0;Fischer & Whitney (2014);Experiment 1b;Orientation;1;11;-6.0;-16.0;43.0;-81.0;-74.0;28.0;62;8
2;83;85;63;8;9;2;-72.0;Fischer & Whitney (2014);Experiment 1b;Orientation;1;11;-72.0;-78.0;-88.0;-29.0;27.0;34.0;63;8
2;167;171;64;8;9;4;-84.0;Fischer & Whitney (2014);Experiment 1b;Orientation;1;11;-84.0;24.0;18.0;8.0;67.0;-57.0;64;8
2;88;87;65;8;9;-1;79.0;Fischer & Whitney (2014);Experiment 1b;Orientation;1;11;79.0;-5.0;-77.0;-83.0;87.0;-34.0;65;8
2;4;18;66;8;9;14;84.0;Fischer & Whitney (2014);Experiment 1b;Orientation;1;11;84.0;-17.0;79.0;7.0;1.0;-9.0;66;8
2;107;103;67;8;9;-4;77.0;Fischer & Whitney (2014);Experiment 1b;Orientation;1;11;77.0;-19.0;60.0;-24.0;84.0;78.0;67;8
2;126;116;68;8;9;-10;-19.0;Fischer & Whitney (2014);Experiment 1b;Orientation;1;11;-19.0;58.0;-38.0;41.0;-43.0;65.0;68;8
2;1;176;69;8;9;-5;-55.0;Fischer & Whitney (2014);Experiment 1b;Orientation;1;11;-55.0;-74.0;3.0;87.0;-14.0;82.0;69;8
2;68;69;70;8;9;1;-67.0;Fischer & Whitney (2014);Experiment 1b;Orientation;1;11;-67.0;58.0;39.0;-64.0;20.0;-81.0;70;8
2;146;140;71;8;9;-6;-78.0;Fischer & Whitney (2014);Experiment 1b;Orientation;1;11;-78.0;35.0;-20.0;-39.0;38.0;-58.0;71;8
2;143;135;72;8;9;-8;3.0;Fischer & Whitney (2014);Experiment 1b;Orientation;1;11;3.0;-75.0;38.0;-17.0;-36.0;41.0;72;8
2;177;173;73;8;9;-4;-34.0;Fischer & Whitney (2014);Experiment 1b;Orientation;1;11;-34.0;-31.0;71.0;4.0;-51.0;-70.0;73;8
2;144;144;74;8;9;0;33.0;Fischer & Whitney (2014);Experiment 1b;Orientation;1;11;33.0;-1.0;2.0;-76.0;37.0;-18.0;74;8
2;25;29;75;8;9;4;-61.0;Fischer & Whitney (2014);Experiment 1b;Orientation;1;11;-61.0;-28.0;-62.0;-59.0;43.0;-24.0;75;8
2;175;0;76;8;9;5;30.0;Fischer & Whitney (2014);Experiment 1b;Orientation;1;11;30.0;-31.0;2.0;-32.0;-29.0;73.0;76;8
2;55;65;77;8;9;10;-60.0;Fischer & Whitney (2014);Experiment 1b;Orientation;1;11;-60.0;-30.0;89.0;-58.0;88.0;-89.0;77;8
2;33;52;78;8;9;19;22.0;Fischer & Whitney (2014);Experiment 1b;Orientation;1;11;22.0;-38.0;-8.0;-69.0;-36.0;-70.0;78;8
2;80;86;79;8;9;6;-47.0;Fischer & Whitney (2014);Experiment 1b;Orientation;1;11;-47.0;-25.0;-85.0;-55.0;64.0;-83.0;79;8
2;24;20;80;8;9;-4;56.0;Fischer & Whitney (2014);Experiment 1b;Orientation;1;11;56.0;9.0;31.0;-29.0;1.0;-60.0;80;8
2;11;17;81;8;9;6;13.0;Fischer & Whitney (2014);Experiment 1b;Orientation;1;11;13.0;69.0;22.0;44.0;-16.0;14.0;81;8
2;7;13;82;8;9;6;4.0;Fischer & Whitney (2014);Experiment 1b;Orientation;1;11;4.0;17.0;73.0;26.0;48.0;-12.0;82;8
2;46;57;83;8;9;11;-39.0;Fischer & Whitney (2014);Experiment 1b;Orientation;1;11;-39.0;-35.0;-22.0;34.0;-13.0;9.0;83;8
2;144;134;84;8;9;-10;82.0;Fischer & Whitney (2014);Experiment 1b;Orientation;1;11;82.0;43.0;47.0;60.0;-64.0;69.0;84;8
2;87;90;85;8;9;3;57.0;Fischer & Whitney (2014);Experiment 1b;Orientation;1;11;57.0;-41.0;-80.0;-76.0;-63.0;-7.0;85;8
2;106;98;86;8;9;-8;-19.0;Fischer & Whitney (2014);Experiment 1b;Orientation;1;11;-19.0;38.0;-60.0;81.0;85.0;-82.0;86;8
2;170;160;87;8;9;-10;-64.0;Fischer & Whitney (2014);Experiment 1b;Orientation;1;11;-64.0;-83.0;-26.0;56.0;17.0;21.0;87;8
2;96;100;88;8;9;4;74.0;Fischer & Whitney (2014);Experiment 1b;Orientation;1;11;74.0;10.0;-9.0;48.0;-50.0;-89.0;88;8
2;130;113;89;8;9;-17;-34.0;Fischer & Whitney (2014);Experiment 1b;Orientation;1;11;-34.0;40.0;-24.0;-43.0;14.0;-84.0;89;8
2;106;107;90;8;9;1;24.0;Fischer & Whitney (2014);Experiment 1b;Orientation;1;11;24.0;-10.0;64.0;0.0;-19.0;38.0;90;8
2;33;30;91;8;9;-3;73.0;Fischer & Whitney (2014);Experiment 1b;Orientation;1;11;73.0;-83.0;63.0;-43.0;73.0;54.0;91;8
2;61;66;92;8;9;5;-28.0;Fischer & Whitney (2014);Experiment 1b;Orientation;1;11;-28.0;45.0;69.0;35.0;-71.0;45.0;92;8
2;106;114;93;8;9;8;-45.0;Fischer & Whitney (2014);Experiment 1b;Orientation;1;11;-45.0;-73.0;0.0;24.0;-10.0;64.0;93;8
2;44;55;94;8;9;11;62.0;Fischer & Whitney (2014);Experiment 1b;Orientation;1;11;62.0;17.0;-11.0;62.0;86.0;52.0;94;8
2;70;62;95;8;9;-8;-26.0;Fischer & Whitney (2014);Experiment 1b;Orientation;1;11;-26.0;36.0;-9.0;-37.0;36.0;60.0;95;8
2;115;114;96;8;9;-1;-45.0;Fischer & Whitney (2014);Experiment 1b;Orientation;1;11;-45.0;-71.0;-9.0;-54.0;-82.0;-9.0;96;8
2;26;23;97;8;9;-3;89.0;Fischer & Whitney (2014);Experiment 1b;Orientation;1;11;89.0;44.0;18.0;80.0;35.0;7.0;97;8
2;65;76;98;8;9;11;-39.0;Fischer & Whitney (2014);Experiment 1b;Orientation;1;11;-39.0;50.0;5.0;-21.0;41.0;-4.0;98;8
2;82;81;99;8;9;-1;-17.0;Fischer & Whitney (2014);Experiment 1b;Orientation;1;11;-17.0;-56.0;33.0;-12.0;-38.0;24.0;99;8
2;13;19;100;8;9;6;69.0;Fischer & Whitney (2014);Experiment 1b;Orientation;1;11;69.0;52.0;13.0;-78.0;57.0;31.0;100;8
2;73;75;101;8;9;2;-60.0;Fischer & Whitney (2014);Experiment 1b;Orientation;1;11;-60.0;9.0;-8.0;-47.0;42.0;-3.0;101;8
2;175;176;102;8;9;1;78.0;Fischer & Whitney (2014);Experiment 1b;Orientation;1;11;78.0;18.0;87.0;70.0;31.0;-60.0;102;8
2;45;49;103;8;9;4;-50.0;Fischer & Whitney (2014);Experiment 1b;Orientation;1;11;-50.0;28.0;-32.0;37.0;20.0;-19.0;103;8
2;54;50;104;8;9;-4;-9.0;Fischer & Whitney (2014);Experiment 1b;Orientation;1;11;-9.0;-59.0;19.0;-41.0;28.0;11.0;104;8
3;3;37;1;1;9;34;;Fischer & Whitney (2014);Experiment 1b;Orientation;1;11;;;;;;;1;1
3;166;156;2;1;9;-10;17.0;Fischer & Whitney (2014);Experiment 1b;Orientation;1;11;;;;;;;2;1
3;93;99;3;1;9;6;73.0;Fischer & Whitney (2014);Experiment 1b;Orientation;1;11;;;;;;;3;1
3;55;65;4;1;9;10;38.0;Fischer & Whitney (2014);Experiment 1b;Orientation;1;11;;;;;;;4;1
3;153;144;5;1;9;-9;82.0;Fischer & Whitney (2014);Experiment 1b;Orientation;1;11;;;;;;;5;1
3;157;144;6;1;9;-13;-4.0;Fischer & Whitney (2014);Experiment 1b;Orientation;1;11;;;;;;;6;1
3;25;44;7;1;9;19;-48.0;Fischer & Whitney (2014);Experiment 1b;Orientation;1;11;-48.0;-52.0;30.0;68.0;-39.0;-22.0;7;1
3;113;116;8;1;9;3;-88.0;Fischer & Whitney (2014);Experiment 1b;Orientation;1;11;-88.0;44.0;40.0;-58.0;-20.0;53.0;8;1
3;49;49;9;1;9;0;64.0;Fischer & Whitney (2014);Experiment 1b;Orientation;1;11;64.0;-24.0;-72.0;-76.0;6.0;44.0;9;1
3;153;140;10;1;9;-13;76.0;Fischer & Whitney (2014);Experiment 1b;Orientation;1;11;76.0;-40.0;52.0;4.0;0.0;82.0;10;1
3;34;42;11;1;9;8;-61.0;Fischer & Whitney (2014);Experiment 1b;Orientation;1;11;-61.0;15.0;79.0;-9.0;-57.0;-61.0;11;1
3;64;56;12;1;9;-8;-30.0;Fischer & Whitney (2014);Experiment 1b;Orientation;1;11;-30.0;89.0;-15.0;49.0;-39.0;-87.0;12;1
3;54;65;13;1;9;11;10.0;Fischer & Whitney (2014);Experiment 1b;Orientation;1;11;10.0;-20.0;-81.0;-5.0;59.0;-29.0;13;1
3;39;51;14;1;9;12;15.0;Fischer & Whitney (2014);Experiment 1b;Orientation;1;11;15.0;25.0;-5.0;-66.0;10.0;74.0;14;1
3;175;1;15;1;9;6;44.0;Fischer & Whitney (2014);Experiment 1b;Orientation;1;11;44.0;59.0;69.0;39.0;-22.0;54.0;15;1
3;140;143;16;1;9;3;35.0;Fischer & Whitney (2014);Experiment 1b;Orientation;1;11;35.0;79.0;-86.0;-76.0;74.0;13.0;16;1
3;62;70;17;1;9;8;78.0;Fischer & Whitney (2014);Experiment 1b;Orientation;1;11;78.0;-67.0;-23.0;-8.0;2.0;-28.0;17;1
3;150;147;18;1;9;-3;-88.0;Fischer & Whitney (2014);Experiment 1b;Orientation;1;11;-88.0;-10.0;25.0;69.0;84.0;-86.0;18;1
3;113;132;19;1;9;19;37.0;Fischer & Whitney (2014);Experiment 1b;Orientation;1;11;37.0;-51.0;27.0;62.0;-74.0;-59.0;19;1
3;75;71;20;1;9;-4;38.0;Fischer & Whitney (2014);Experiment 1b;Orientation;1;11;38.0;75.0;-13.0;65.0;-80.0;-36.0;20;1
3;168;179;21;1;9;11;87.0;Fischer & Whitney (2014);Experiment 1b;Orientation;1;11;87.0;-55.0;-18.0;74.0;-28.0;7.0;21;1
3;173;172;22;1;9;-1;-5.0;Fischer & Whitney (2014);Experiment 1b;Orientation;1;11;-5.0;82.0;-60.0;-23.0;69.0;-33.0;22;1
3;78;76;23;1;9;-2;-85.0;Fischer & Whitney (2014);Experiment 1b;Orientation;1;11;-85.0;90.0;-3.0;35.0;72.0;-16.0;23;1
3;171;169;24;1;9;-2;87.0;Fischer & Whitney (2014);Experiment 1b;Orientation;1;11;87.0;2.0;-3.0;84.0;-58.0;-21.0;24;1
3;43;43;25;1;9;0;-52.0;Fischer & Whitney (2014);Experiment 1b;Orientation;1;11;-52.0;35.0;-50.0;-55.0;32.0;70.0;25;1
3;122;124;26;1;9;2;-79.0;Fischer & Whitney (2014);Experiment 1b;Orientation;1;11;-79.0;49.0;-44.0;51.0;46.0;-47.0;26;1
3;170;171;27;1;9;1;-48.0;Fischer & Whitney (2014);Experiment 1b;Orientation;1;11;-48.0;53.0;1.0;88.0;3.0;-2.0;27;1
3;149;153;28;1;9;4;21.0;Fischer & Whitney (2014);Experiment 1b;Orientation;1;11;21.0;-27.0;74.0;22.0;-71.0;24.0;28;1
3;154;147;29;1;9;-7;-5.0;Fischer & Whitney (2014);Experiment 1b;Orientation;1;11;-5.0;16.0;-32.0;69.0;17.0;-76.0;29;1
3;103;103;30;1;9;0;51.0;Fischer & Whitney (2014);Experiment 1b;Orientation;1;11;51.0;46.0;67.0;19.0;-60.0;68.0;30;1
3;169;175;31;1;9;6;-66.0;Fischer & Whitney (2014);Experiment 1b;Orientation;1;11;-66.0;-15.0;-20.0;1.0;-47.0;54.0;31;1
3;168;169;32;1;9;1;1.0;Fischer & Whitney (2014);Experiment 1b;Orientation;1;11;1.0;-65.0;-14.0;-19.0;2.0;-46.0;32;1
3;50;37;33;1;9;-13;-62.0;Fischer & Whitney (2014);Experiment 1b;Orientation;1;11;-62.0;-61.0;53.0;-76.0;-81.0;-60.0;33;1
3;158;158;34;1;9;0;72.0;Fischer & Whitney (2014);Experiment 1b;Orientation;1;11;72.0;10.0;11.0;-55.0;-4.0;-9.0;34;1
3;0;14;35;1;9;14;-22.0;Fischer & Whitney (2014);Experiment 1b;Orientation;1;11;-22.0;50.0;-12.0;-11.0;-77.0;-26.0;35;1
3;150;144;36;1;9;-6;30.0;Fischer & Whitney (2014);Experiment 1b;Orientation;1;11;30.0;8.0;80.0;18.0;19.0;-47.0;36;1
3;99;104;37;1;9;5;51.0;Fischer & Whitney (2014);Experiment 1b;Orientation;1;11;51.0;81.0;59.0;-49.0;69.0;70.0;37;1
3;37;42;38;1;9;5;62.0;Fischer & Whitney (2014);Experiment 1b;Orientation;1;11;62.0;-67.0;-37.0;-59.0;13.0;-49.0;38;1
3;98;109;39;1;9;11;-61.0;Fischer & Whitney (2014);Experiment 1b;Orientation;1;11;-61.0;1.0;52.0;82.0;60.0;-48.0;39;1
3;163;157;40;1;9;-6;-65.0;Fischer & Whitney (2014);Experiment 1b;Orientation;1;11;-65.0;54.0;-64.0;-13.0;17.0;-5.0;40;1
3;21;29;41;1;9;8;-38.0;Fischer & Whitney (2014);Experiment 1b;Orientation;1;11;-38.0;77.0;16.0;78.0;-51.0;-21.0;41;1
3;23;34;42;1;9;11;-2.0;Fischer & Whitney (2014);Experiment 1b;Orientation;1;11;-2.0;-40.0;75.0;14.0;76.0;-53.0;42;1
3;69;73;43;1;9;4;-46.0;Fischer & Whitney (2014);Experiment 1b;Orientation;1;11;-46.0;-48.0;-86.0;29.0;-32.0;30.0;43;1
3;112;138;44;1;9;26;-43.0;Fischer & Whitney (2014);Experiment 1b;Orientation;1;11;-43.0;-89.0;89.0;51.0;-14.0;-75.0;44;1
3;64;60;45;1;9;-4;48.0;Fischer & Whitney (2014);Experiment 1b;Orientation;1;11;48.0;5.0;-41.0;-43.0;-81.0;34.0;45;1
3;33;49;46;1;9;16;31.0;Fischer & Whitney (2014);Experiment 1b;Orientation;1;11;31.0;79.0;36.0;-10.0;-12.0;-50.0;46;1
3;3;23;47;1;9;20;30.0;Fischer & Whitney (2014);Experiment 1b;Orientation;1;11;30.0;61.0;-71.0;66.0;20.0;18.0;47;1
3;28;34;48;1;9;6;-25.0;Fischer & Whitney (2014);Experiment 1b;Orientation;1;11;-25.0;5.0;36.0;84.0;41.0;-5.0;48;1
3;57;57;49;1;9;0;-29.0;Fischer & Whitney (2014);Experiment 1b;Orientation;1;11;-29.0;-54.0;-24.0;7.0;55.0;12.0;49;1
3;147;159;50;1;9;12;-90.0;Fischer & Whitney (2014);Experiment 1b;Orientation;1;11;90.0;61.0;36.0;66.0;-83.0;-35.0;50;1
3;103;109;51;1;9;6;44.0;Fischer & Whitney (2014);Experiment 1b;Orientation;1;11;44.0;-46.0;-75.0;80.0;-70.0;-39.0;51;1
3;119;110;52;1;9;-9;-16.0;Fischer & Whitney (2014);Experiment 1b;Orientation;1;11;-16.0;28.0;-62.0;89.0;64.0;-86.0;52;1
3;165;118;53;1;9;-47;-46.0;Fischer & Whitney (2014);Experiment 1b;Orientation;1;11;-46.0;-62.0;-18.0;72.0;43.0;18.0;53;1
3;52;54;54;1;9;2;-67.0;Fischer & Whitney (2014);Experiment 1b;Orientation;1;11;-67.0;67.0;51.0;-85.0;5.0;-24.0;54;1
3;16;27;55;1;9;11;36.0;Fischer & Whitney (2014);Experiment 1b;Orientation;1;11;36.0;-31.0;-77.0;87.0;-49.0;41.0;55;1
3;25;51;56;1;9;26;-9.0;Fischer & Whitney (2014);Experiment 1b;Orientation;1;11;-9.0;27.0;-40.0;-86.0;78.0;-58.0;56;1
3;114;120;57;1;9;6;-89.0;Fischer & Whitney (2014);Experiment 1b;Orientation;1;11;-89.0;82.0;-62.0;51.0;5.0;-11.0;57;1
3;108;108;58;1;9;0;6.0;Fischer & Whitney (2014);Experiment 1b;Orientation;1;11;6.0;-83.0;88.0;-56.0;57.0;11.0;58;1
3;178;167;59;1;9;-11;-70.0;Fischer & Whitney (2014);Experiment 1b;Orientation;1;11;-70.0;-64.0;27.0;18.0;54.0;-13.0;59;1
3;46;55;60;1;9;9;-48.0;Fischer & Whitney (2014);Experiment 1b;Orientation;1;11;-48.0;62.0;68.0;-21.0;-30.0;6.0;60;1
3;55;62;61;1;9;7;-9.0;Fischer & Whitney (2014);Experiment 1b;Orientation;1;11;-9.0;-57.0;53.0;59.0;-30.0;-39.0;61;1
3;0;8;62;1;9;8;55.0;Fischer & Whitney (2014);Experiment 1b;Orientation;1;11;55.0;46.0;-2.0;-72.0;-66.0;25.0;62;1
3;163;161;63;1;9;-2;17.0;Fischer & Whitney (2014);Experiment 1b;Orientation;1;11;17.0;72.0;63.0;15.0;-55.0;-49.0;63;1
3;39;58;64;1;9;19;-56.0;Fischer & Whitney (2014);Experiment 1b;Orientation;1;11;-56.0;-39.0;16.0;7.0;-41.0;69.0;64;1
3;108;110;65;1;9;2;-69.0;Fischer & Whitney (2014);Experiment 1b;Orientation;1;11;-69.0;55.0;72.0;-53.0;-62.0;70.0;65;1
3;134;127;66;1;9;-7;-26.0;Fischer & Whitney (2014);Experiment 1b;Orientation;1;11;-26.0;85.0;29.0;46.0;-79.0;-88.0;66;1
3;65;67;67;1;9;2;69.0;Fischer & Whitney (2014);Experiment 1b;Orientation;1;11;69.0;43.0;-26.0;-82.0;-65.0;-10.0;67;1
3;62;61;68;1;9;-1;3.0;Fischer & Whitney (2014);Experiment 1b;Orientation;1;11;3.0;72.0;46.0;-23.0;-79.0;-62.0;68;1
3;111;115;69;1;9;4;-49.0;Fischer & Whitney (2014);Experiment 1b;Orientation;1;11;-49.0;-46.0;23.0;-3.0;-72.0;52.0;69;1
3;50;66;70;1;9;16;61.0;Fischer & Whitney (2014);Experiment 1b;Orientation;1;11;61.0;12.0;15.0;84.0;58.0;-11.0;70;1
3;20;31;71;1;9;11;30.0;Fischer & Whitney (2014);Experiment 1b;Orientation;1;11;30.0;-89.0;42.0;45.0;-66.0;88.0;71;1
3;17;20;72;1;9;3;3.0;Fischer & Whitney (2014);Experiment 1b;Orientation;1;11;3.0;33.0;-86.0;45.0;48.0;-63.0;72;1
3;147;143;73;1;9;-4;50.0;Fischer & Whitney (2014);Experiment 1b;Orientation;1;11;50.0;53.0;83.0;-36.0;-85.0;-82.0;73;1
3;18;13;74;1;9;-5;-51.0;Fischer & Whitney (2014);Experiment 1b;Orientation;1;11;-51.0;-1.0;2.0;32.0;-87.0;44.0;74;1
3;92;99;75;1;9;7;-74.0;Fischer & Whitney (2014);Experiment 1b;Orientation;1;11;-74.0;55.0;-75.0;-72.0;-42.0;19.0;75;1
3;66;76;76;1;9;10;26.0;Fischer & Whitney (2014);Experiment 1b;Orientation;1;11;26.0;-48.0;81.0;-49.0;-46.0;-16.0;76;1
3;179;11;77;1;9;12;67.0;Fischer & Whitney (2014);Experiment 1b;Orientation;1;11;67.0;-87.0;19.0;-32.0;18.0;21.0;77;1
3;119;112;78;1;9;-7;60.0;Fischer & Whitney (2014);Experiment 1b;Orientation;1;11;60.0;-53.0;-27.0;79.0;28.0;78.0;78;1
3;81;73;79;1;9;-8;38.0;Fischer & Whitney (2014);Experiment 1b;Orientation;1;11;38.0;-82.0;-15.0;11.0;-63.0;66.0;79;1
3;92;85;80;1;9;-7;-11.0;Fischer & Whitney (2014);Experiment 1b;Orientation;1;11;-11.0;27.0;87.0;-26.0;0.0;-74.0;80;1
3;160;154;81;1;9;-6;-68.0;Fischer & Whitney (2014);Experiment 1b;Orientation;1;11;-68.0;-79.0;-41.0;19.0;86.0;-68.0;81;1
3;56;65;82;1;9;9;-76.0;Fischer & Whitney (2014);Experiment 1b;Orientation;1;11;-76.0;36.0;25.0;63.0;-57.0;10.0;82;1
3;131;133;83;1;9;2;-75.0;Fischer & Whitney (2014);Experiment 1b;Orientation;1;11;-75.0;29.0;-39.0;-50.0;-12.0;48.0;83;1
3;138;133;84;1;9;-5;-7.0;Fischer & Whitney (2014);Experiment 1b;Orientation;1;11;-7.0;-82.0;22.0;-46.0;-57.0;-19.0;84;1
3;47;57;85;1;9;10;-89.0;Fischer & Whitney (2014);Experiment 1b;Orientation;1;11;-89.0;84.0;9.0;-67.0;45.0;34.0;85;1
3;144;141;86;1;9;-3;83.0;Fischer & Whitney (2014);Experiment 1b;Orientation;1;11;83.0;-6.0;-13.0;-88.0;16.0;-52.0;86;1
3;161;151;87;1;9;-10;-17.0;Fischer & Whitney (2014);Experiment 1b;Orientation;1;11;-17.0;66.0;-23.0;-30.0;75.0;-1.0;87;1
3;96;95;88;1;9;-1;65.0;Fischer & Whitney (2014);Experiment 1b;Orientation;1;11;65.0;48.0;-49.0;42.0;35.0;-40.0;88;1
3;66;71;89;1;9;5;30.0;Fischer & Whitney (2014);Experiment 1b;Orientation;1;11;30.0;-85.0;78.0;-19.0;72.0;65.0;89;1
3;44;47;90;1;9;3;22.0;Fischer & Whitney (2014);Experiment 1b;Orientation;1;11;22.0;52.0;-63.0;-80.0;3.0;-86.0;90;1
3;159;154;91;1;9;-5;65.0;Fischer & Whitney (2014);Experiment 1b;Orientation;1;11;65.0;87.0;-63.0;2.0;-15.0;68.0;91;1
3;145;132;92;1;9;-13;14.0;Fischer & Whitney (2014);Experiment 1b;Orientation;1;11;14.0;79.0;-79.0;-49.0;16.0;-1.0;92;1
3;165;161;93;1;9;-4;-20.0;Fischer & Whitney (2014);Experiment 1b;Orientation;1;11;-20.0;-6.0;59.0;81.0;-69.0;-4.0;93;1
3;129;127;94;1;9;-2;36.0;Fischer & Whitney (2014);Experiment 1b;Orientation;1;11;36.0;16.0;30.0;-85.0;-63.0;-33.0;94;1
3;53;63;95;1;9;10;76.0;Fischer & Whitney (2014);Experiment 1b;Orientation;1;11;76.0;-68.0;-88.0;-74.0;-9.0;13.0;95;1
3;73;76;96;1;9;3;-20.0;Fischer & Whitney (2014);Experiment 1b;Orientation;1;11;-20.0;56.0;-88.0;72.0;86.0;-29.0;96;1
3;93;91;97;1;9;-2;-20.0;Fischer & Whitney (2014);Experiment 1b;Orientation;1;11;-20.0;-40.0;36.0;72.0;52.0;66.0;97;1
3;28;54;98;1;9;26;65.0;Fischer & Whitney (2014);Experiment 1b;Orientation;1;11;65.0;45.0;25.0;-79.0;-43.0;-63.0;98;1
3;103;102;99;1;9;-1;-75.0;Fischer & Whitney (2014);Experiment 1b;Orientation;1;11;-75.0;-10.0;-30.0;-50.0;26.0;62.0;99;1
3;101;112;100;1;9;11;2.0;Fischer & Whitney (2014);Experiment 1b;Orientation;1;11;2.0;-73.0;-8.0;-28.0;-48.0;28.0;100;1
3;115;121;101;1;9;6;-14.0;Fischer & Whitney (2014);Experiment 1b;Orientation;1;11;-14.0;-12.0;-87.0;-22.0;-42.0;-62.0;101;1
3;146;129;102;1;9;-17;-31.0;Fischer & Whitney (2014);Experiment 1b;Orientation;1;11;-31.0;-45.0;-43.0;62.0;-53.0;-73.0;102;1
3;90;87;103;1;9;-3;56.0;Fischer & Whitney (2014);Experiment 1b;Orientation;1;11;56.0;25.0;11.0;13.0;-62.0;3.0;103;1
3;158;151;104;1;9;-7;-68.0;Fischer & Whitney (2014);Experiment 1b;Orientation;1;11;-68.0;-12.0;-43.0;-57.0;-55.0;50.0;104;1
3;114;124;1;2;9;10;44.0;Fischer & Whitney (2014);Experiment 1b;Orientation;1;11;;;;;;;1;2
3;12;39;2;2;9;27;-78.0;Fischer & Whitney (2014);Experiment 1b;Orientation;1;11;;;;;;;2;2
3;121;126;3;2;9;5;71.0;Fischer & Whitney (2014);Experiment 1b;Orientation;1;11;;;;;;;3;2
3;29;61;4;2;9;32;-88.0;Fischer & Whitney (2014);Experiment 1b;Orientation;1;11;;;;;;;4;2
3;135;124;5;2;9;-11;74.0;Fischer & Whitney (2014);Experiment 1b;Orientation;1;11;;;;;;;5;2
3;46;60;6;2;9;14;89.0;Fischer & Whitney (2014);Experiment 1b;Orientation;1;11;;;;;;;6;2
3;33;44;7;2;9;11;13.0;Fischer & Whitney (2014);Experiment 1b;Orientation;1;11;13.0;-78.0;-4.0;88.0;-21.0;81.0;7;2
3;59;71;8;2;9;12;-26.0;Fischer & Whitney (2014);Experiment 1b;Orientation;1;11;-26.0;-13.0;76.0;-30.0;62.0;-47.0;8;2
3;107;114;9;2;9;7;-48.0;Fischer & Whitney (2014);Experiment 1b;Orientation;1;11;-48.0;-74.0;-61.0;28.0;-78.0;14.0;9;2
3;27;57;10;2;9;30;80.0;Fischer & Whitney (2014);Experiment 1b;Orientation;1;11;80.0;32.0;6.0;19.0;-72.0;2.0;10;2
3;165;151;11;2;9;-14;42.0;Fischer & Whitney (2014);Experiment 1b;Orientation;1;11;42.0;-58.0;74.0;48.0;61.0;-30.0;11;2
3;108;115;12;2;9;7;57.0;Fischer & Whitney (2014);Experiment 1b;Orientation;1;11;57.0;-81.0;-1.0;-49.0;-75.0;-62.0;12;2
3;109;111;13;2;9;2;-1.0;Fischer & Whitney (2014);Experiment 1b;Orientation;1;11;-1.0;56.0;-82.0;-2.0;-50.0;-76.0;13;2
3;122;116;14;2;9;-6;-13.0;Fischer & Whitney (2014);Experiment 1b;Orientation;1;11;-13.0;-14.0;43.0;85.0;-15.0;-63.0;14;2
3;167;161;15;2;9;-6;-45.0;Fischer & Whitney (2014);Experiment 1b;Orientation;1;11;-45.0;-58.0;-59.0;-2.0;40.0;-60.0;15;2
3;120;138;16;2;9;18;47.0;Fischer & Whitney (2014);Experiment 1b;Orientation;1;11;47.0;2.0;-11.0;-12.0;45.0;87.0;16;2
3;65;72;17;2;9;7;55.0;Fischer & Whitney (2014);Experiment 1b;Orientation;1;11;55.0;-78.0;57.0;44.0;43.0;-80.0;17;2
3;74;73;18;2;9;-1;-9.0;Fischer & Whitney (2014);Experiment 1b;Orientation;1;11;-9.0;46.0;-87.0;48.0;35.0;34.0;18;2
3;68;74;19;2;9;6;6.0;Fischer & Whitney (2014);Experiment 1b;Orientation;1;11;6.0;-3.0;52.0;-81.0;54.0;41.0;19;2
3;103;102;20;2;9;-1;-35.0;Fischer & Whitney (2014);Experiment 1b;Orientation;1;11;-35.0;-29.0;-38.0;17.0;64.0;19.0;20;2
3;33;50;21;2;9;17;70.0;Fischer & Whitney (2014);Experiment 1b;Orientation;1;11;70.0;35.0;41.0;32.0;87.0;-46.0;21;2
3;178;20;22;2;9;22;35.0;Fischer & Whitney (2014);Experiment 1b;Orientation;1;11;35.0;-75.0;70.0;76.0;67.0;-58.0;22;2
3;179;4;23;2;9;5;-1.0;Fischer & Whitney (2014);Experiment 1b;Orientation;1;11;-1.0;34.0;-76.0;69.0;75.0;66.0;23;2
3;130;131;24;2;9;1;49.0;Fischer & Whitney (2014);Experiment 1b;Orientation;1;11;49.0;48.0;83.0;-27.0;-62.0;-56.0;24;2
3;140;136;25;2;9;-4;-10.0;Fischer & Whitney (2014);Experiment 1b;Orientation;1;11;-10.0;39.0;38.0;73.0;-37.0;-72.0;25;2
3;165;161;26;2;9;-4;-25.0;Fischer & Whitney (2014);Experiment 1b;Orientation;1;11;-25.0;-35.0;14.0;13.0;48.0;-62.0;26;2
3;8;20;27;2;9;12;-23.0;Fischer & Whitney (2014);Experiment 1b;Orientation;1;11;-23.0;-48.0;-58.0;-9.0;-10.0;25.0;27;2
3;167;159;28;2;9;-8;21.0;Fischer & Whitney (2014);Experiment 1b;Orientation;1;11;21.0;-2.0;-27.0;-37.0;12.0;11.0;28;2
3;47;57;29;2;9;10;-60.0;Fischer & Whitney (2014);Experiment 1b;Orientation;1;11;-60.0;-39.0;-62.0;-87.0;83.0;-48.0;29;2
3;111;113;30;2;9;2;-64.0;Fischer & Whitney (2014);Experiment 1b;Orientation;1;11;-64.0;56.0;77.0;54.0;29.0;19.0;30;2
3;3;32;31;2;9;29;-72.0;Fischer & Whitney (2014);Experiment 1b;Orientation;1;11;-72.0;44.0;-16.0;5.0;-18.0;-43.0;31;2
3;113;116;32;2;9;3;70.0;Fischer & Whitney (2014);Experiment 1b;Orientation;1;11;70.0;-2.0;-66.0;54.0;75.0;52.0;32;2
3;64;62;33;2;9;-2;49.0;Fischer & Whitney (2014);Experiment 1b;Orientation;1;11;49.0;-61.0;47.0;-17.0;-77.0;-56.0;33;2
3;106;118;34;2;9;12;-42.0;Fischer & Whitney (2014);Experiment 1b;Orientation;1;11;-42.0;7.0;77.0;5.0;-59.0;61.0;34;2
3;137;151;35;2;9;14;-31.0;Fischer & Whitney (2014);Experiment 1b;Orientation;1;11;-31.0;-73.0;-24.0;46.0;-26.0;90.0;35;2
3;46;54;36;2;9;8;-89.0;Fischer & Whitney (2014);Experiment 1b;Orientation;1;11;-89.0;60.0;18.0;67.0;-43.0;65.0;36;2
3;173;168;37;2;9;-5;53.0;Fischer & Whitney (2014);Experiment 1b;Orientation;1;11;53.0;-36.0;-67.0;71.0;-60.0;10.0;37;2
3;48;53;38;2;9;5;-55.0;Fischer & Whitney (2014);Experiment 1b;Orientation;1;11;-55.0;-2.0;89.0;58.0;16.0;65.0;38;2
3;33;53;39;2;9;20;15.0;Fischer & Whitney (2014);Experiment 1b;Orientation;1;11;15.0;-40.0;13.0;-76.0;73.0;31.0;39;2
3;76;72;40;2;9;-4;-43.0;Fischer & Whitney (2014);Experiment 1b;Orientation;1;11;-43.0;-28.0;-83.0;-30.0;61.0;30.0;40;2
3;105;102;41;2;9;-3;-29.0;Fischer & Whitney (2014);Experiment 1b;Orientation;1;11;-29.0;-72.0;-57.0;68.0;-59.0;32.0;41;2
3;156;143;42;2;9;-13;-51.0;Fischer & Whitney (2014);Experiment 1b;Orientation;1;11;-51.0;-80.0;57.0;72.0;17.0;70.0;42;2
3;150;146;43;2;9;-4;6.0;Fischer & Whitney (2014);Experiment 1b;Orientation;1;11;6.0;-45.0;-74.0;63.0;78.0;23.0;43;2
3;175;170;44;2;9;-5;-25.0;Fischer & Whitney (2014);Experiment 1b;Orientation;1;11;-25.0;-19.0;-70.0;81.0;38.0;53.0;44;2
3;116;110;45;2;9;-6;59.0;Fischer & Whitney (2014);Experiment 1b;Orientation;1;11;59.0;34.0;40.0;-11.0;-40.0;-83.0;45;2
3;11;23;46;2;9;12;-75.0;Fischer & Whitney (2014);Experiment 1b;Orientation;1;11;-75.0;-16.0;-41.0;-35.0;-86.0;65.0;46;2
3;60;58;47;2;9;-2;-49.0;Fischer & Whitney (2014);Experiment 1b;Orientation;1;11;-49.0;56.0;-65.0;90.0;-84.0;45.0;47;2
3;118;117;48;2;9;-1;-58.0;Fischer & Whitney (2014);Experiment 1b;Orientation;1;11;-58.0;73.0;-2.0;57.0;32.0;38.0;48;2
3;36;52;49;2;9;16;82.0;Fischer & Whitney (2014);Experiment 1b;Orientation;1;11;82.0;24.0;-25.0;80.0;-41.0;-66.0;49;2
3;133;139;50;2;9;6;83.0;Fischer & Whitney (2014);Experiment 1b;Orientation;1;11;83.0;-15.0;-73.0;58.0;-17.0;42.0;50;2
3;106;113;51;2;9;7;27.0;Fischer & Whitney (2014);Experiment 1b;Orientation;1;11;27.0;-70.0;12.0;-46.0;85.0;10.0;51;2
3;58;65;52;2;9;7;48.0;Fischer & Whitney (2014);Experiment 1b;Orientation;1;11;48.0;75.0;-22.0;60.0;2.0;-47.0;52;2
3;177;8;53;2;9;11;61.0;Fischer & Whitney (2014);Experiment 1b;Orientation;1;11;61.0;-71.0;-44.0;39.0;-59.0;63.0;53;2
3;170;169;54;2;9;-1;7.0;Fischer & Whitney (2014);Experiment 1b;Orientation;1;11;7.0;68.0;-64.0;-37.0;46.0;-52.0;54;2
3;36;34;55;2;9;-2;-46.0;Fischer & Whitney (2014);Experiment 1b;Orientation;1;11;-46.0;-39.0;22.0;70.0;-83.0;0.0;55;2
3;15;15;56;2;9;0;21.0;Fischer & Whitney (2014);Experiment 1b;Orientation;1;11;21.0;-25.0;-18.0;43.0;-89.0;-62.0;56;2
3;47;46;57;2;9;-1;-32.0;Fischer & Whitney (2014);Experiment 1b;Orientation;1;11;-32.0;-11.0;-57.0;-50.0;11.0;59.0;57;2
3;148;152;58;2;9;4;79.0;Fischer & Whitney (2014);Experiment 1b;Orientation;1;11;79.0;47.0;68.0;22.0;29.0;90.0;58;2
3;135;138;59;2;9;3;13.0;Fischer & Whitney (2014);Experiment 1b;Orientation;1;11;13.0;-88.0;60.0;81.0;35.0;42.0;59;2
3;99;100;60;2;9;1;36.0;Fischer & Whitney (2014);Experiment 1b;Orientation;1;11;36.0;49.0;-52.0;-84.0;-63.0;71.0;60;2
3;74;82;61;2;9;8;25.0;Fischer & Whitney (2014);Experiment 1b;Orientation;1;11;25.0;61.0;74.0;-27.0;-59.0;-38.0;61;2
3;128;109;62;2;9;-19;-54.0;Fischer & Whitney (2014);Experiment 1b;Orientation;1;11;-54.0;-29.0;7.0;20.0;-81.0;67.0;62;2
3;54;68;63;2;9;14;74.0;Fischer & Whitney (2014);Experiment 1b;Orientation;1;11;74.0;20.0;45.0;81.0;-86.0;-7.0;63;2
3;90;88;64;2;9;-2;-36.0;Fischer & Whitney (2014);Experiment 1b;Orientation;1;11;-36.0;38.0;-16.0;9.0;45.0;58.0;64;2
3;144;143;65;2;9;-1;-54.0;Fischer & Whitney (2014);Experiment 1b;Orientation;1;11;-54.0;90.0;-16.0;-70.0;-45.0;-9.0;65;2
3;9;26;66;2;9;17;-45.0;Fischer & Whitney (2014);Experiment 1b;Orientation;1;11;-45.0;81.0;45.0;-61.0;65.0;90.0;66;2
3;140;128;67;2;9;-12;49.0;Fischer & Whitney (2014);Experiment 1b;Orientation;1;11;49.0;4.0;-50.0;-86.0;-12.0;-66.0;67;2
3;141;139;68;2;9;-2;-1.0;Fischer & Whitney (2014);Experiment 1b;Orientation;1;11;-1.0;48.0;3.0;-51.0;-87.0;-13.0;68;2
3;129;133;69;2;9;4;12.0;Fischer & Whitney (2014);Experiment 1b;Orientation;1;11;12.0;11.0;60.0;15.0;-39.0;-75.0;69;2
3;46;65;70;2;9;19;83.0;Fischer & Whitney (2014);Experiment 1b;Orientation;1;11;83.0;-85.0;-86.0;-37.0;-82.0;44.0;70;2
3;31;58;71;2;9;27;15.0;Fischer & Whitney (2014);Experiment 1b;Orientation;1;11;15.0;-82.0;-70.0;-71.0;-22.0;-67.0;71;2
3;64;67;72;2;9;3;-33.0;Fischer & Whitney (2014);Experiment 1b;Orientation;1;11;-33.0;-18.0;65.0;77.0;76.0;-55.0;72;2
3;56;64;73;2;9;8;8.0;Fischer & Whitney (2014);Experiment 1b;Orientation;1;11;8.0;-25.0;-10.0;73.0;85.0;84.0;73;2
3;100;106;74;2;9;6;-44.0;Fischer & Whitney (2014);Experiment 1b;Orientation;1;11;-44.0;-36.0;-69.0;-54.0;29.0;41.0;74;2
3;43;64;75;2;9;21;57.0;Fischer & Whitney (2014);Experiment 1b;Orientation;1;11;57.0;13.0;21.0;-12.0;3.0;86.0;75;2
3;119;125;76;2;9;6;-76.0;Fischer & Whitney (2014);Experiment 1b;Orientation;1;11;-76.0;-19.0;-63.0;-55.0;-88.0;-73.0;76;2
3;100;113;77;2;9;13;19.0;Fischer & Whitney (2014);Experiment 1b;Orientation;1;11;19.0;-57.0;0.0;-44.0;-36.0;-69.0;77;2
3;71;81;78;2;9;10;29.0;Fischer & Whitney (2014);Experiment 1b;Orientation;1;11;29.0;48.0;-28.0;29.0;-15.0;-7.0;78;2
3;151;140;79;2;9;-11;-80.0;Fischer & Whitney (2014);Experiment 1b;Orientation;1;11;-80.0;-51.0;-32.0;72.0;-51.0;85.0;79;2
3;115;126;80;2;9;11;36.0;Fischer & Whitney (2014);Experiment 1b;Orientation;1;11;36.0;-44.0;-15.0;4.0;-72.0;-15.0;80;2
3;72;78;81;2;9;6;43.0;Fischer & Whitney (2014);Experiment 1b;Orientation;1;11;43.0;79.0;-1.0;28.0;47.0;-29.0;81;2
3;148;147;82;2;9;-1;-76.0;Fischer & Whitney (2014);Experiment 1b;Orientation;1;11;-76.0;-33.0;3.0;-77.0;-48.0;-29.0;82;2
3;159;162;83;2;9;3;-11.0;Fischer & Whitney (2014);Experiment 1b;Orientation;1;11;-11.0;-87.0;-44.0;-8.0;-88.0;-59.0;83;2
3;41;47;84;2;9;6;-62.0;Fischer & Whitney (2014);Experiment 1b;Orientation;1;11;-62.0;-73.0;31.0;74.0;-70.0;30.0;84;2
3;47;47;85;2;9;0;-6.0;Fischer & Whitney (2014);Experiment 1b;Orientation;1;11;-6.0;-68.0;-79.0;25.0;68.0;-76.0;85;2
3;111;121;86;2;9;10;-64.0;Fischer & Whitney (2014);Experiment 1b;Orientation;1;11;-64.0;-70.0;48.0;37.0;-39.0;4.0;86;2
3;141;131;87;2;9;-10;-30.0;Fischer & Whitney (2014);Experiment 1b;Orientation;1;11;-30.0;86.0;80.0;18.0;7.0;-69.0;87;2
3;169;175;88;2;9;6;-28.0;Fischer & Whitney (2014);Experiment 1b;Orientation;1;11;-28.0;-58.0;58.0;52.0;-10.0;-21.0;88;2
3;110;109;89;2;9;-1;59.0;Fischer & Whitney (2014);Experiment 1b;Orientation;1;11;59.0;31.0;1.0;-63.0;-69.0;49.0;89;2
3;83;78;90;2;9;-5;27.0;Fischer & Whitney (2014);Experiment 1b;Orientation;1;11;27.0;86.0;58.0;28.0;-36.0;-42.0;90;2
3;148;122;91;2;9;-26;-65.0;Fischer & Whitney (2014);Experiment 1b;Orientation;1;11;-65.0;-38.0;21.0;-7.0;-37.0;79.0;91;2
3;139;129;92;2;9;-10;9.0;Fischer & Whitney (2014);Experiment 1b;Orientation;1;11;9.0;-56.0;-29.0;30.0;2.0;-28.0;92;2
3;24;42;93;2;9;18;-65.0;Fischer & Whitney (2014);Experiment 1b;Orientation;1;11;-65.0;-56.0;59.0;86.0;-35.0;-63.0;93;2
3;156;85;94;2;9;-71;48.0;Fischer & Whitney (2014);Experiment 1b;Orientation;1;11;48.0;-17.0;-8.0;-73.0;-46.0;13.0;94;2
3;49;71;95;2;9;22;-73.0;Fischer & Whitney (2014);Experiment 1b;Orientation;1;11;-73.0;-25.0;90.0;-81.0;34.0;61.0;95;2
3;114;108;96;2;9;-6;-65.0;Fischer & Whitney (2014);Experiment 1b;Orientation;1;11;-65.0;42.0;90.0;25.0;34.0;-31.0;96;2
3;116;111;97;2;9;-5;-2.0;Fischer & Whitney (2014);Experiment 1b;Orientation;1;11;-2.0;-67.0;40.0;88.0;23.0;32.0;97;2
3;58;61;98;2;9;3;58.0;Fischer & Whitney (2014);Experiment 1b;Orientation;1;11;58.0;56.0;-9.0;-82.0;-34.0;81.0;98;2
3;65;55;99;2;9;-10;-7.0;Fischer & Whitney (2014);Experiment 1b;Orientation;1;11;-7.0;51.0;49.0;-16.0;-89.0;-41.0;99;2
3;50;64;100;2;9;14;15.0;Fischer & Whitney (2014);Experiment 1b;Orientation;1;11;15.0;8.0;66.0;64.0;-1.0;-74.0;100;2
3;75;73;101;2;9;-2;-25.0;Fischer & Whitney (2014);Experiment 1b;Orientation;1;11;-25.0;-10.0;-17.0;41.0;39.0;-26.0;101;2
3;127;116;102;2;9;-11;-52.0;Fischer & Whitney (2014);Experiment 1b;Orientation;1;11;-52.0;-77.0;-62.0;-69.0;-11.0;-13.0;102;2
3;45;72;103;2;9;27;82.0;Fischer & Whitney (2014);Experiment 1b;Orientation;1;11;82.0;30.0;5.0;20.0;13.0;71.0;103;2
3;151;153;104;2;9;2;74.0;Fischer & Whitney (2014);Experiment 1b;Orientation;1;11;74.0;-24.0;-76.0;79.0;-86.0;87.0;104;2
3;96;98;1;3;9;2;55.0;Fischer & Whitney (2014);Experiment 1b;Orientation;1;11;;;;;;;1;3
3;69;76;2;3;9;7;27.0;Fischer & Whitney (2014);Experiment 1b;Orientation;1;11;;;;;;;2;3
3;156;154;3;3;9;-2;-87.0;Fischer & Whitney (2014);Experiment 1b;Orientation;1;11;;;;;;;3;3
3;72;71;4;3;9;-1;84.0;Fischer & Whitney (2014);Experiment 1b;Orientation;1;11;;;;;;;4;3
3;51;75;5;3;9;24;21.0;Fischer & Whitney (2014);Experiment 1b;Orientation;1;11;;;;;;;5;3
3;105;103;6;3;9;-2;-54.0;Fischer & Whitney (2014);Experiment 1b;Orientation;1;11;;;;;;;6;3
3;46;59;7;3;9;13;59.0;Fischer & Whitney (2014);Experiment 1b;Orientation;1;11;59.0;5.0;26.0;-70.0;23.0;50.0;7;3
3;127;116;8;3;9;-11;-81.0;Fischer & Whitney (2014);Experiment 1b;Orientation;1;11;-81.0;-22.0;-76.0;-55.0;29.0;-58.0;8;3
3;116;120;9;3;9;4;11.0;Fischer & Whitney (2014);Experiment 1b;Orientation;1;11;11.0;-70.0;-11.0;-65.0;-44.0;40.0;9;3
3;159;164;10;3;9;5;-43.0;Fischer & Whitney (2014);Experiment 1b;Orientation;1;11;-43.0;-32.0;67.0;-54.0;72.0;-87.0;10;3
3;69;73;11;3;9;4;90.0;Fischer & Whitney (2014);Experiment 1b;Orientation;1;11;90.0;47.0;58.0;-23.0;36.0;-18.0;11;3
3;149;128;12;3;9;-21;-80.0;Fischer & Whitney (2014);Experiment 1b;Orientation;1;11;-80.0;10.0;-33.0;-22.0;77.0;-44.0;12;3
3;80;83;13;3;9;3;69.0;Fischer & Whitney (2014);Experiment 1b;Orientation;1;11;69.0;-11.0;79.0;36.0;47.0;-34.0;13;3
3;168;149;14;3;9;-19;-88.0;Fischer & Whitney (2014);Experiment 1b;Orientation;1;11;-88.0;-19.0;81.0;-9.0;-52.0;-41.0;14;3
3;114;98;15;3;9;-16;54.0;Fischer & Whitney (2014);Experiment 1b;Orientation;1;11;54.0;-34.0;35.0;-45.0;45.0;2.0;15;3
3;38;58;16;3;9;20;76.0;Fischer & Whitney (2014);Experiment 1b;Orientation;1;11;76.0;-50.0;42.0;-69.0;31.0;-59.0;16;3
3;142;116;17;3;9;-26;76.0;Fischer & Whitney (2014);Experiment 1b;Orientation;1;11;76.0;-28.0;26.0;-62.0;7.0;-73.0;17;3
3;62;70;18;3;9;8;80.0;Fischer & Whitney (2014);Experiment 1b;Orientation;1;11;80.0;-24.0;52.0;-74.0;18.0;87.0;18;3
3;28;30;19;3;9;2;34.0;Fischer & Whitney (2014);Experiment 1b;Orientation;1;11;34.0;-66.0;10.0;86.0;-40.0;52.0;19;3
3;178;6;20;3;9;8;30.0;Fischer & Whitney (2014);Experiment 1b;Orientation;1;11;30.0;64.0;-36.0;40.0;-64.0;-10.0;20;3
3;53;57;21;3;9;4;-55.0;Fischer & Whitney (2014);Experiment 1b;Orientation;1;11;-55.0;-25.0;9.0;89.0;-15.0;61.0;21;3
3;54;41;22;3;9;-13;-1.0;Fischer & Whitney (2014);Experiment 1b;Orientation;1;11;-1.0;-56.0;-26.0;8.0;88.0;-16.0;22;3
3;109;117;23;3;9;8;-55.0;Fischer & Whitney (2014);Experiment 1b;Orientation;1;11;-55.0;-56.0;69.0;-81.0;-47.0;33.0;23;3
3;6;14;24;3;9;8;-77.0;Fischer & Whitney (2014);Experiment 1b;Orientation;1;11;-77.0;48.0;47.0;-8.0;22.0;56.0;24;3
3;113;105;25;3;9;-8;73.0;Fischer & Whitney (2014);Experiment 1b;Orientation;1;11;73.0;-4.0;-59.0;-60.0;65.0;-85.0;25;3
3;87;85;26;3;9;-2;26.0;Fischer & Whitney (2014);Experiment 1b;Orientation;1;11;26.0;-81.0;22.0;-33.0;-34.0;-89.0;26;3
3;172;169;27;3;9;-3;-85.0;Fischer & Whitney (2014);Experiment 1b;Orientation;1;11;-85.0;-59.0;14.0;-63.0;62.0;61.0;27;3
3;11;69;28;3;9;58;-19.0;Fischer & Whitney (2014);Experiment 1b;Orientation;1;11;-19.0;76.0;-78.0;-5.0;-82.0;43.0;28;3
3;142;120;29;3;9;-22;49.0;Fischer & Whitney (2014);Experiment 1b;Orientation;1;11;49.0;30.0;-55.0;-29.0;44.0;-33.0;29;3
3;144;116;30;3;9;-28;-2.0;Fischer & Whitney (2014);Experiment 1b;Orientation;1;11;-2.0;47.0;28.0;-57.0;-31.0;42.0;30;3
3;131;133;31;3;9;2;13.0;Fischer & Whitney (2014);Experiment 1b;Orientation;1;11;13.0;11.0;60.0;41.0;-44.0;-18.0;31;3
3;62;66;32;3;9;4;69.0;Fischer & Whitney (2014);Experiment 1b;Orientation;1;11;69.0;82.0;80.0;-51.0;-70.0;25.0;32;3
3;72;59;33;3;9;-13;-10.0;Fischer & Whitney (2014);Experiment 1b;Orientation;1;11;-10.0;59.0;72.0;70.0;-61.0;-80.0;33;3
3;92;80;34;3;9;-12;-20.0;Fischer & Whitney (2014);Experiment 1b;Orientation;1;11;-20.0;-30.0;39.0;52.0;50.0;-81.0;34;3
3;155;137;35;3;9;-18;-63.0;Fischer & Whitney (2014);Experiment 1b;Orientation;1;11;-63.0;-83.0;87.0;-24.0;-11.0;-13.0;35;3
3;178;28;36;3;9;30;-23.0;Fischer & Whitney (2014);Experiment 1b;Orientation;1;11;-23.0;-86.0;74.0;64.0;-47.0;-34.0;36;3
3;27;21;37;3;9;-6;-29.0;Fischer & Whitney (2014);Experiment 1b;Orientation;1;11;-29.0;-52.0;65.0;45.0;35.0;-76.0;37;3
3;58;53;38;3;9;-5;-31.0;Fischer & Whitney (2014);Experiment 1b;Orientation;1;11;-31.0;-60.0;-83.0;34.0;14.0;4.0;38;3
3;31;37;39;3;9;6;27.0;Fischer & Whitney (2014);Experiment 1b;Orientation;1;11;27.0;-4.0;-33.0;-56.0;61.0;41.0;39;3
3;134;117;40;3;9;-17;77.0;Fischer & Whitney (2014);Experiment 1b;Orientation;1;11;77.0;-76.0;73.0;44.0;21.0;-42.0;40;3
3;11;24;41;3;9;13;-57.0;Fischer & Whitney (2014);Experiment 1b;Orientation;1;11;-57.0;20.0;47.0;16.0;-13.0;-36.0;41;3
3;97;102;42;3;9;5;-86.0;Fischer & Whitney (2014);Experiment 1b;Orientation;1;11;-86.0;37.0;-66.0;-39.0;-70.0;81.0;42;3
3;118;113;43;3;9;-5;-21.0;Fischer & Whitney (2014);Experiment 1b;Orientation;1;11;-21.0;73.0;16.0;-87.0;-60.0;89.0;43;3
3;99;102;44;3;9;3;19.0;Fischer & Whitney (2014);Experiment 1b;Orientation;1;11;19.0;-2.0;-88.0;35.0;-68.0;-41.0;44;3
3;50;72;45;3;9;22;49.0;Fischer & Whitney (2014);Experiment 1b;Orientation;1;11;49.0;68.0;47.0;-39.0;84.0;-19.0;45;3
3;131;123;46;3;9;-8;-81.0;Fischer & Whitney (2014);Experiment 1b;Orientation;1;11;-81.0;-32.0;-13.0;-34.0;60.0;3.0;46;3
3;150;123;47;3;9;-27;-19.0;Fischer & Whitney (2014);Experiment 1b;Orientation;1;11;-19.0;80.0;-51.0;-32.0;-53.0;41.0;47;3
3;58;61;48;3;9;3;-88.0;Fischer & Whitney (2014);Experiment 1b;Orientation;1;11;-88.0;73.0;-8.0;41.0;60.0;39.0;48;3
3;115;113;49;3;9;-2;-57.0;Fischer & Whitney (2014);Experiment 1b;Orientation;1;11;-57.0;35.0;16.0;-65.0;-16.0;3.0;49;3
3;86;80;50;3;9;-6;29.0;Fischer & Whitney (2014);Experiment 1b;Orientation;1;11;29.0;-28.0;64.0;45.0;-36.0;13.0;50;3
3;104;98;51;3;9;-6;-18.0;Fischer & Whitney (2014);Experiment 1b;Orientation;1;11;-18.0;11.0;-46.0;46.0;27.0;-54.0;51;3
3;52;63;52;3;9;11;52.0;Fischer & Whitney (2014);Experiment 1b;Orientation;1;11;52.0;34.0;63.0;6.0;-82.0;79.0;52;3
3;126;111;53;3;9;-15;-74.0;Fischer & Whitney (2014);Experiment 1b;Orientation;1;11;-74.0;-22.0;-40.0;-11.0;-68.0;24.0;53;3
3;105;106;54;3;9;1;21.0;Fischer & Whitney (2014);Experiment 1b;Orientation;1;11;21.0;-53.0;-1.0;-19.0;10.0;-47.0;54;3
3;158;162;55;3;9;4;-53.0;Fischer & Whitney (2014);Experiment 1b;Orientation;1;11;-53.0;-32.0;74.0;-54.0;-72.0;-43.0;55;3
3;64;77;56;3;9;13;-86.0;Fischer & Whitney (2014);Experiment 1b;Orientation;1;11;-86.0;41.0;62.0;-12.0;40.0;22.0;56;3
3;6;14;57;3;9;8;58.0;Fischer & Whitney (2014);Experiment 1b;Orientation;1;11;58.0;-28.0;-81.0;-60.0;46.0;-82.0;57;3
3;72;81;58;3;9;9;-66.0;Fischer & Whitney (2014);Experiment 1b;Orientation;1;11;-66.0;-8.0;86.0;33.0;54.0;-20.0;58;3
3;153;145;59;3;9;-8;-81.0;Fischer & Whitney (2014);Experiment 1b;Orientation;1;11;-81.0;33.0;-89.0;5.0;-48.0;-27.0;59;3
3;72;80;60;3;9;8;81.0;Fischer & Whitney (2014);Experiment 1b;Orientation;1;11;81.0;0.0;-66.0;-8.0;86.0;33.0;60;3
3;117;117;61;3;9;0;-45.0;Fischer & Whitney (2014);Experiment 1b;Orientation;1;11;-45.0;36.0;-45.0;69.0;-53.0;41.0;61;3
3;74;75;62;3;9;1;43.0;Fischer & Whitney (2014);Experiment 1b;Orientation;1;11;43.0;-2.0;79.0;-2.0;-68.0;-10.0;62;3
3;111;109;63;3;9;-2;-37.0;Fischer & Whitney (2014);Experiment 1b;Orientation;1;11;-37.0;6.0;-39.0;42.0;-39.0;75.0;63;3
3;65;64;64;3;9;-1;46.0;Fischer & Whitney (2014);Experiment 1b;Orientation;1;11;46.0;9.0;52.0;7.0;88.0;7.0;64;3
3;32;40;65;3;9;8;33.0;Fischer & Whitney (2014);Experiment 1b;Orientation;1;11;33.0;79.0;42.0;85.0;40.0;-59.0;65;3
3;0;18;66;3;9;18;32.0;Fischer & Whitney (2014);Experiment 1b;Orientation;1;11;32.0;65.0;-69.0;74.0;-63.0;72.0;66;3
3;73;75;67;3;9;2;-73.0;Fischer & Whitney (2014);Experiment 1b;Orientation;1;11;-73.0;-41.0;-8.0;38.0;1.0;44.0;67;3
3;110;107;68;3;9;-3;-37.0;Fischer & Whitney (2014);Experiment 1b;Orientation;1;11;-37.0;70.0;-78.0;-45.0;1.0;-36.0;68;3
3;53;75;69;3;9;22;57.0;Fischer & Whitney (2014);Experiment 1b;Orientation;1;11;57.0;20.0;-53.0;-21.0;12.0;58.0;69;3
3;90;81;70;3;9;-9;-37.0;Fischer & Whitney (2014);Experiment 1b;Orientation;1;11;-37.0;20.0;-17.0;90.0;-58.0;-25.0;70;3
3;81;80;71;3;9;-1;9.0;Fischer & Whitney (2014);Experiment 1b;Orientation;1;11;9.0;-28.0;29.0;-8.0;-81.0;-49.0;71;3
3;42;55;72;3;9;13;39.0;Fischer & Whitney (2014);Experiment 1b;Orientation;1;11;39.0;48.0;11.0;68.0;31.0;-42.0;72;3
3;117;108;73;3;9;-9;-75.0;Fischer & Whitney (2014);Experiment 1b;Orientation;1;11;-75.0;-36.0;-27.0;-64.0;-7.0;-44.0;73;3
3;7;26;74;3;9;19;-70.0;Fischer & Whitney (2014);Experiment 1b;Orientation;1;11;-70.0;35.0;74.0;83.0;46.0;-77.0;74;3
3;6;14;75;3;9;8;1.0;Fischer & Whitney (2014);Experiment 1b;Orientation;1;11;1.0;-69.0;36.0;75.0;84.0;47.0;75;3
3;52;46;76;3;9;-6;-46.0;Fischer & Whitney (2014);Experiment 1b;Orientation;1;11;-46.0;-45.0;65.0;-10.0;29.0;38.0;76;3
3;10;25;77;3;9;15;42.0;Fischer & Whitney (2014);Experiment 1b;Orientation;1;11;42.0;-4.0;-3.0;-73.0;32.0;71.0;77;3
3;174;1;78;3;9;7;16.0;Fischer & Whitney (2014);Experiment 1b;Orientation;1;11;16.0;58.0;12.0;13.0;-57.0;48.0;78;3
3;9;27;79;3;9;18;-15.0;Fischer & Whitney (2014);Experiment 1b;Orientation;1;11;-15.0;1.0;43.0;-3.0;-2.0;-72.0;79;3
3;114;107;80;3;9;-7;75.0;Fischer & Whitney (2014);Experiment 1b;Orientation;1;11;75.0;60.0;76.0;-62.0;72.0;73.0;80;3
3;130;117;81;3;9;-13;-16.0;Fischer & Whitney (2014);Experiment 1b;Orientation;1;11;-16.0;59.0;44.0;60.0;-78.0;56.0;81;3
3;46;65;82;3;9;19;84.0;Fischer & Whitney (2014);Experiment 1b;Orientation;1;11;84.0;68.0;-37.0;-52.0;-36.0;6.0;82;3
3;114;115;83;3;9;1;-68.0;Fischer & Whitney (2014);Experiment 1b;Orientation;1;11;-68.0;16.0;0.0;75.0;60.0;76.0;83;3
3;67;68;84;3;9;1;47.0;Fischer & Whitney (2014);Experiment 1b;Orientation;1;11;47.0;-21.0;63.0;47.0;-58.0;-73.0;84;3
3;127;112;85;3;9;-15;-60.0;Fischer & Whitney (2014);Experiment 1b;Orientation;1;11;-60.0;-13.0;-81.0;3.0;-13.0;62.0;85;3
3;100;103;86;3;9;3;27.0;Fischer & Whitney (2014);Experiment 1b;Orientation;1;11;27.0;-33.0;14.0;-54.0;30.0;14.0;86;3
3;19;31;87;3;9;12;81.0;Fischer & Whitney (2014);Experiment 1b;Orientation;1;11;81.0;-72.0;48.0;-85.0;27.0;-69.0;87;3
3;24;30;88;3;9;6;-5.0;Fischer & Whitney (2014);Experiment 1b;Orientation;1;11;-5.0;76.0;-77.0;43.0;90.0;22.0;88;3
3;151;152;89;3;9;1;53.0;Fischer & Whitney (2014);Experiment 1b;Orientation;1;11;53.0;48.0;-51.0;-24.0;-84.0;-37.0;89;3
3;129;143;90;3;9;14;22.0;Fischer & Whitney (2014);Experiment 1b;Orientation;1;11;22.0;75.0;70.0;-29.0;-2.0;-62.0;90;3
3;98;99;91;3;9;1;31.0;Fischer & Whitney (2014);Experiment 1b;Orientation;1;11;31.0;53.0;-74.0;-79.0;2.0;29.0;91;3
3;164;160;92;3;9;-4;-66.0;Fischer & Whitney (2014);Experiment 1b;Orientation;1;11;-66.0;-35.0;-13.0;40.0;35.0;-64.0;92;3
3;9;10;93;3;9;1;-25.0;Fischer & Whitney (2014);Experiment 1b;Orientation;1;11;-25.0;89.0;-60.0;-38.0;15.0;10.0;93;3
3;112;109;94;3;9;-3;77.0;Fischer & Whitney (2014);Experiment 1b;Orientation;1;11;77.0;52.0;-14.0;17.0;39.0;-88.0;94;3
3;92;91;95;3;9;-1;20.0;Fischer & Whitney (2014);Experiment 1b;Orientation;1;11;20.0;-83.0;72.0;6.0;37.0;59.0;95;3
3;117;104;96;3;9;-13;-25.0;Fischer & Whitney (2014);Experiment 1b;Orientation;1;11;-25.0;-5.0;72.0;47.0;-19.0;12.0;96;3
3;116;101;97;3;9;-15;1.0;Fischer & Whitney (2014);Experiment 1b;Orientation;1;11;1.0;-24.0;-4.0;73.0;48.0;-18.0;97;3
3;71;77;98;3;9;6;45.0;Fischer & Whitney (2014);Experiment 1b;Orientation;1;11;45.0;46.0;21.0;41.0;-62.0;-87.0;98;3
3;99;99;99;3;9;0;-28.0;Fischer & Whitney (2014);Experiment 1b;Orientation;1;11;-28.0;17.0;18.0;-7.0;13.0;90.0;99;3
3;156;154;100;3;9;-2;-57.0;Fischer & Whitney (2014);Experiment 1b;Orientation;1;11;-57.0;-85.0;-40.0;-39.0;-64.0;-44.0;100;3
3;70;75;101;3;9;5;86.0;Fischer & Whitney (2014);Experiment 1b;Orientation;1;11;86.0;29.0;1.0;46.0;47.0;22.0;101;3
3;44;64;102;3;9;20;26.0;Fischer & Whitney (2014);Experiment 1b;Orientation;1;11;26.0;-68.0;55.0;27.0;72.0;73.0;102;3
3;45;53;103;3;9;8;-1.0;Fischer & Whitney (2014);Experiment 1b;Orientation;1;11;-1.0;25.0;-69.0;54.0;26.0;71.0;103;3
3;137;137;104;3;9;0;88.0;Fischer & Whitney (2014);Experiment 1b;Orientation;1;11;88.0;87.0;-67.0;19.0;-38.0;-66.0;104;3
3;146;150;1;4;9;4;-9.0;Fischer & Whitney (2014);Experiment 1b;Orientation;1;11;;;;;;;1;4
3;100;99;2;4;9;-1;46.0;Fischer & Whitney (2014);Experiment 1b;Orientation;1;11;;;;;;;2;4
3;164;150;3;4;9;-14;-64.0;Fischer & Whitney (2014);Experiment 1b;Orientation;1;11;;;;;;;3;4
3;141;125;4;4;9;-16;23.0;Fischer & Whitney (2014);Experiment 1b;Orientation;1;11;;;;;;;4;4
3;164;158;5;4;9;-6;-23.0;Fischer & Whitney (2014);Experiment 1b;Orientation;1;11;;;;;;;5;4
3;94;100;6;4;9;6;70.0;Fischer & Whitney (2014);Experiment 1b;Orientation;1;11;;;;;;;6;4
3;51;69;7;4;9;18;43.0;Fischer & Whitney (2014);Experiment 1b;Orientation;1;11;43.0;-67.0;90.0;-67.0;49.0;-85.0;7;4
3;68;72;8;4;9;4;-17.0;Fischer & Whitney (2014);Experiment 1b;Orientation;1;11;-17.0;26.0;-84.0;73.0;-84.0;32.0;8;4
3;66;71;9;4;9;5;2.0;Fischer & Whitney (2014);Experiment 1b;Orientation;1;11;2.0;-15.0;28.0;-82.0;75.0;-82.0;9;4
3;56;74;10;4;9;18;10.0;Fischer & Whitney (2014);Experiment 1b;Orientation;1;11;10.0;12.0;-5.0;38.0;-72.0;85.0;10;4
3;21;47;11;4;9;26;35.0;Fischer & Whitney (2014);Experiment 1b;Orientation;1;11;35.0;45.0;47.0;30.0;73.0;-37.0;11;4
3;147;137;12;4;9;-10;54.0;Fischer & Whitney (2014);Experiment 1b;Orientation;1;11;54.0;89.0;-81.0;-79.0;84.0;-53.0;12;4
3;177;175;13;4;9;-2;-30.0;Fischer & Whitney (2014);Experiment 1b;Orientation;1;11;-30.0;24.0;59.0;69.0;71.0;54.0;13;4
3;132;114;14;4;9;-18;45.0;Fischer & Whitney (2014);Experiment 1b;Orientation;1;11;45.0;15.0;69.0;-76.0;-66.0;-64.0;14;4
3;69;76;15;4;9;7;63.0;Fischer & Whitney (2014);Experiment 1b;Orientation;1;11;63.0;-72.0;78.0;-48.0;-13.0;-3.0;15;4
3;156;145;16;4;9;-11;-87.0;Fischer & Whitney (2014);Experiment 1b;Orientation;1;11;-87.0;-24.0;21.0;-9.0;45.0;80.0;16;4
3;37;32;17;4;9;-5;-61.0;Fischer & Whitney (2014);Experiment 1b;Orientation;1;11;-61.0;32.0;-85.0;-40.0;-70.0;-16.0;17;4
3;126;122;18;4;9;-4;-89.0;Fischer & Whitney (2014);Experiment 1b;Orientation;1;11;-89.0;30.0;-57.0;6.0;51.0;21.0;18;4
3;32;46;19;4;9;14;-86.0;Fischer & Whitney (2014);Experiment 1b;Orientation;1;11;-86.0;5.0;-56.0;37.0;-80.0;-35.0;19;4
3;45;53;20;4;9;8;-13.0;Fischer & Whitney (2014);Experiment 1b;Orientation;1;11;-13.0;81.0;-8.0;-69.0;24.0;87.0;20;4
3;29;44;21;4;9;15;16.0;Fischer & Whitney (2014);Experiment 1b;Orientation;1;11;16.0;3.0;-83.0;8.0;-53.0;40.0;21;4
3;104;102;22;4;9;-2;-75.0;Fischer & Whitney (2014);Experiment 1b;Orientation;1;11;-75.0;-59.0;-72.0;22.0;-67.0;52.0;22;4
3;119;104;23;4;9;-15;-15.0;Fischer & Whitney (2014);Experiment 1b;Orientation;1;11;-15.0;90.0;-74.0;-87.0;7.0;-82.0;23;4
3;103;99;24;4;9;-4;16.0;Fischer & Whitney (2014);Experiment 1b;Orientation;1;11;16.0;1.0;-74.0;-58.0;-71.0;23.0;24;4
3;170;151;25;4;9;-19;-67.0;Fischer & Whitney (2014);Experiment 1b;Orientation;1;11;-67.0;-51.0;-66.0;39.0;55.0;42.0;25;4
3;145;154;26;4;9;9;25.0;Fischer & Whitney (2014);Experiment 1b;Orientation;1;11;25.0;-42.0;-26.0;-41.0;64.0;80.0;26;4
3;138;150;27;4;9;12;7.0;Fischer & Whitney (2014);Experiment 1b;Orientation;1;11;7.0;32.0;-35.0;-19.0;-34.0;71.0;27;4
3;18;29;28;4;9;11;-60.0;Fischer & Whitney (2014);Experiment 1b;Orientation;1;11;-60.0;-53.0;-28.0;85.0;-79.0;86.0;28;4
3;165;163;29;4;9;-2;33.0;Fischer & Whitney (2014);Experiment 1b;Orientation;1;11;33.0;-27.0;-20.0;5.0;-62.0;-46.0;29;4
3;170;162;30;4;9;-8;-5.0;Fischer & Whitney (2014);Experiment 1b;Orientation;1;11;-5.0;28.0;-32.0;-25.0;0.0;-67.0;30;4
3;66;80;31;4;9;14;-76.0;Fischer & Whitney (2014);Experiment 1b;Orientation;1;11;-76.0;-81.0;-48.0;72.0;79.0;-76.0;31;4
3;65;83;32;4;9;18;1.0;Fischer & Whitney (2014);Experiment 1b;Orientation;1;11;1.0;-75.0;-80.0;-47.0;73.0;80.0;32;4
3;66;77;33;4;9;11;-1.0;Fischer & Whitney (2014);Experiment 1b;Orientation;1;11;-1.0;0.0;-76.0;-81.0;-48.0;72.0;33;4
3;131;150;34;4;9;19;-65.0;Fischer & Whitney (2014);Experiment 1b;Orientation;1;11;-65.0;-66.0;-65.0;39.0;34.0;67.0;34;4
3;36;43;35;4;9;7;-85.0;Fischer & Whitney (2014);Experiment 1b;Orientation;1;11;-85.0;30.0;29.0;30.0;-46.0;-51.0;35;4
3;54;69;36;4;9;15;-18.0;Fischer & Whitney (2014);Experiment 1b;Orientation;1;11;-18.0;77.0;12.0;11.0;12.0;-64.0;36;4
3;168;161;37;4;9;-7;66.0;Fischer & Whitney (2014);Experiment 1b;Orientation;1;11;66.0;48.0;-37.0;78.0;77.0;78.0;37;4
3;59;75;38;4;9;16;-71.0;Fischer & Whitney (2014);Experiment 1b;Orientation;1;11;-71.0;-5.0;-23.0;72.0;7.0;6.0;38;4
3;95;103;39;4;9;8;-36.0;Fischer & Whitney (2014);Experiment 1b;Orientation;1;11;-36.0;73.0;-41.0;-59.0;36.0;-29.0;39;4
3;98;95;40;4;9;-3;-3.0;Fischer & Whitney (2014);Experiment 1b;Orientation;1;11;-3.0;-39.0;70.0;-44.0;-62.0;33.0;40;4
3;13;21;41;4;9;8;85.0;Fischer & Whitney (2014);Experiment 1b;Orientation;1;11;85.0;82.0;46.0;-25.0;41.0;23.0;41;4
3;86;80;42;4;9;-6;-73.0;Fischer & Whitney (2014);Experiment 1b;Orientation;1;11;-73.0;12.0;9.0;-27.0;82.0;-32.0;42;4
3;6;19;43;4;9;13;80.0;Fischer & Whitney (2014);Experiment 1b;Orientation;1;11;80.0;7.0;-88.0;89.0;53.0;-18.0;43;4
3;139;140;44;4;9;1;47.0;Fischer & Whitney (2014);Experiment 1b;Orientation;1;11;47.0;-53.0;54.0;-41.0;-44.0;-80.0;44;4
3;111;111;45;4;9;0;28.0;Fischer & Whitney (2014);Experiment 1b;Orientation;1;11;28.0;75.0;-25.0;82.0;-13.0;-16.0;45;4
3;92;101;46;4;9;9;19.0;Fischer & Whitney (2014);Experiment 1b;Orientation;1;11;19.0;47.0;-86.0;-6.0;-79.0;6.0;46;4
3;2;30;47;4;9;28;90.0;Fischer & Whitney (2014);Experiment 1b;Orientation;1;11;90.0;-71.0;-43.0;4.0;84.0;11.0;47;4
3;89;85;48;4;9;-4;-87.0;Fischer & Whitney (2014);Experiment 1b;Orientation;1;11;-87.0;3.0;22.0;50.0;-83.0;-3.0;48;4
3;35;49;49;4;9;14;54.0;Fischer & Whitney (2014);Experiment 1b;Orientation;1;11;54.0;-33.0;57.0;76.0;-76.0;-29.0;49;4
3;53;55;50;4;9;2;-18.0;Fischer & Whitney (2014);Experiment 1b;Orientation;1;11;-18.0;36.0;-51.0;39.0;58.0;86.0;50;4
3;98;105;51;4;9;7;-45.0;Fischer & Whitney (2014);Experiment 1b;Orientation;1;11;-45.0;-63.0;-9.0;84.0;-6.0;13.0;51;4
3;108;100;52;4;9;-8;-10.0;Fischer & Whitney (2014);Experiment 1b;Orientation;1;11;-10.0;-55.0;-73.0;-19.0;74.0;-16.0;52;4
3;63;87;53;4;9;24;45.0;Fischer & Whitney (2014);Experiment 1b;Orientation;1;11;45.0;35.0;-10.0;-28.0;26.0;-61.0;53;4
3;104;100;54;4;9;-4;-41.0;Fischer & Whitney (2014);Experiment 1b;Orientation;1;11;-41.0;4.0;-6.0;-51.0;-69.0;-15.0;54;4
3;82;83;55;4;9;1;22.0;Fischer & Whitney (2014);Experiment 1b;Orientation;1;11;22.0;-19.0;26.0;16.0;-29.0;-47.0;55;4
3;123;117;56;4;9;-6;-41.0;Fischer & Whitney (2014);Experiment 1b;Orientation;1;11;-41.0;-19.0;-60.0;-15.0;-25.0;-70.0;56;4
3;32;46;57;4;9;14;-89.0;Fischer & Whitney (2014);Experiment 1b;Orientation;1;11;-89.0;50.0;72.0;31.0;76.0;66.0;57;4
3;137;133;58;4;9;-4;75.0;Fischer & Whitney (2014);Experiment 1b;Orientation;1;11;75.0;-14.0;-55.0;-33.0;-74.0;-29.0;58;4
3;35;46;59;4;9;11;-78.0;Fischer & Whitney (2014);Experiment 1b;Orientation;1;11;-78.0;-3.0;88.0;47.0;69.0;28.0;59;4
3;172;178;60;4;9;6;43.0;Fischer & Whitney (2014);Experiment 1b;Orientation;1;11;43.0;-35.0;40.0;-49.0;90.0;-68.0;60;4
3;141;118;61;4;9;-23;31.0;Fischer & Whitney (2014);Experiment 1b;Orientation;1;11;31.0;74.0;-4.0;71.0;-18.0;-59.0;61;4
3;72;76;62;4;9;4;69.0;Fischer & Whitney (2014);Experiment 1b;Orientation;1;11;69.0;-80.0;-37.0;65.0;-40.0;51.0;62;4
3;98;103;63;4;9;5;-26.0;Fischer & Whitney (2014);Experiment 1b;Orientation;1;11;-26.0;43.0;74.0;-63.0;39.0;-66.0;63;4
3;168;160;64;4;9;-8;-70.0;Fischer & Whitney (2014);Experiment 1b;Orientation;1;11;-70.0;84.0;-27.0;4.0;47.0;-31.0;64;4
3;65;65;65;4;9;0;-77.0;Fischer & Whitney (2014);Experiment 1b;Orientation;1;11;-77.0;33.0;7.0;76.0;-73.0;-30.0;65;4
3;117;103;66;4;9;-14;-52.0;Fischer & Whitney (2014);Experiment 1b;Orientation;1;11;-52.0;51.0;-19.0;-45.0;24.0;55.0;66;4
3;111;108;67;4;9;-3;6.0;Fischer & Whitney (2014);Experiment 1b;Orientation;1;11;6.0;-46.0;57.0;-13.0;-39.0;30.0;67;4
3;1;6;68;4;9;5;-70.0;Fischer & Whitney (2014);Experiment 1b;Orientation;1;11;-70.0;-64.0;64.0;-13.0;-83.0;71.0;68;4
3;139;131;69;4;9;-8;42.0;Fischer & Whitney (2014);Experiment 1b;Orientation;1;11;42.0;-28.0;-22.0;-74.0;29.0;-41.0;69;4
3;138;127;70;4;9;-11;1.0;Fischer & Whitney (2014);Experiment 1b;Orientation;1;11;1.0;43.0;-27.0;-21.0;-73.0;30.0;70;4
3;120;128;71;4;9;8;18.0;Fischer & Whitney (2014);Experiment 1b;Orientation;1;11;18.0;19.0;61.0;-9.0;-3.0;-55.0;71;4
3;154;150;72;4;9;-4;-34.0;Fischer & Whitney (2014);Experiment 1b;Orientation;1;11;-34.0;-16.0;-15.0;27.0;-43.0;-37.0;72;4
3;88;83;73;4;9;-5;66.0;Fischer & Whitney (2014);Experiment 1b;Orientation;1;11;66.0;32.0;50.0;51.0;-87.0;23.0;73;4
3;11;20;74;4;9;9;77.0;Fischer & Whitney (2014);Experiment 1b;Orientation;1;11;77.0;-37.0;-71.0;-53.0;-52.0;-10.0;74;4
3;19;24;75;4;9;5;-8.0;Fischer & Whitney (2014);Experiment 1b;Orientation;1;11;-8.0;69.0;-45.0;-79.0;-61.0;-60.0;75;4
3;112;105;76;4;9;-7;87.0;Fischer & Whitney (2014);Experiment 1b;Orientation;1;11;87.0;79.0;-24.0;42.0;8.0;26.0;76;4
3;179;175;77;4;9;-4;-67.0;Fischer & Whitney (2014);Experiment 1b;Orientation;1;11;-67.0;20.0;12.0;89.0;-25.0;-59.0;77;4
3;144;147;78;4;9;3;35.0;Fischer & Whitney (2014);Experiment 1b;Orientation;1;11;35.0;-32.0;55.0;47.0;-56.0;10.0;78;4
3;157;154;79;4;9;-3;-13.0;Fischer & Whitney (2014);Experiment 1b;Orientation;1;11;-13.0;22.0;-45.0;42.0;34.0;-69.0;79;4
3;91;83;80;4;9;-8;66.0;Fischer & Whitney (2014);Experiment 1b;Orientation;1;11;66.0;53.0;88.0;21.0;-72.0;-80.0;80;4
3;96;97;81;4;9;1;-5.0;Fischer & Whitney (2014);Experiment 1b;Orientation;1;11;-5.0;61.0;48.0;83.0;16.0;-77.0;81;4
3;34;58;82;4;9;24;62.0;Fischer & Whitney (2014);Experiment 1b;Orientation;1;11;62.0;57.0;-57.0;-70.0;-35.0;78.0;82;4
3;43;50;83;4;9;7;-9.0;Fischer & Whitney (2014);Experiment 1b;Orientation;1;11;-9.0;53.0;48.0;-66.0;-79.0;-44.0;83;4
3;11;39;84;4;9;28;32.0;Fischer & Whitney (2014);Experiment 1b;Orientation;1;11;32.0;23.0;85.0;80.0;-34.0;-47.0;84;4
3;29;32;85;4;9;3;-18.0;Fischer & Whitney (2014);Experiment 1b;Orientation;1;11;-18.0;14.0;5.0;67.0;62.0;-52.0;85;4
3;123;115;86;4;9;-8;86.0;Fischer & Whitney (2014);Experiment 1b;Orientation;1;11;86.0;68.0;-80.0;-89.0;-27.0;-32.0;86;4
3;97;103;87;4;9;6;26.0;Fischer & Whitney (2014);Experiment 1b;Orientation;1;11;26.0;-68.0;-86.0;-54.0;-63.0;-1.0;87;4
3;166;169;88;4;9;3;-69.0;Fischer & Whitney (2014);Experiment 1b;Orientation;1;11;-69.0;-43.0;43.0;25.0;57.0;48.0;88;4
3;148;163;89;4;9;15;18.0;Fischer & Whitney (2014);Experiment 1b;Orientation;1;11;18.0;-51.0;-25.0;61.0;43.0;75.0;89;4
3;135;149;90;4;9;14;13.0;Fischer & Whitney (2014);Experiment 1b;Orientation;1;11;13.0;31.0;-38.0;-12.0;74.0;56.0;90;4
3;60;57;91;4;9;-3;75.0;Fischer & Whitney (2014);Experiment 1b;Orientation;1;11;75.0;88.0;-74.0;37.0;63.0;-31.0;91;4
3;15;22;92;4;9;7;45.0;Fischer & Whitney (2014);Experiment 1b;Orientation;1;11;45.0;-60.0;-47.0;-29.0;82.0;-72.0;92;4
3;135;123;93;4;9;-12;60.0;Fischer & Whitney (2014);Experiment 1b;Orientation;1;11;60.0;-75.0;0.0;13.0;31.0;-38.0;93;4
3;42;37;94;4;9;-5;-87.0;Fischer & Whitney (2014);Experiment 1b;Orientation;1;11;-87.0;-27.0;18.0;-87.0;-74.0;-56.0;94;4
3;140;130;95;4;9;-10;82.0;Fischer & Whitney (2014);Experiment 1b;Orientation;1;11;82.0;-5.0;55.0;-80.0;-5.0;8.0;95;4
3;80;72;96;4;9;-8;60.0;Fischer & Whitney (2014);Experiment 1b;Orientation;1;11;60.0;-38.0;55.0;-65.0;-20.0;55.0;96;4
3;92;83;97;4;9;-9;-12.0;Fischer & Whitney (2014);Experiment 1b;Orientation;1;11;-12.0;48.0;-50.0;43.0;-77.0;-32.0;97;4
3;53;68;98;4;9;15;39.0;Fischer & Whitney (2014);Experiment 1b;Orientation;1;11;39.0;27.0;87.0;-11.0;82.0;-38.0;98;4
3;170;175;99;4;9;5;63.0;Fischer & Whitney (2014);Experiment 1b;Orientation;1;11;63.0;-78.0;90.0;-30.0;52.0;-35.0;99;4
3;133;124;100;4;9;-9;37.0;Fischer & Whitney (2014);Experiment 1b;Orientation;1;11;37.0;-80.0;-41.0;-53.0;7.0;89.0;100;4
3;105;105;101;4;9;0;28.0;Fischer & Whitney (2014);Experiment 1b;Orientation;1;11;28.0;65.0;-52.0;-13.0;-25.0;35.0;101;4
3;160;153;102;4;9;-7;-55.0;Fischer & Whitney (2014);Experiment 1b;Orientation;1;11;-55.0;-27.0;10.0;73.0;-68.0;-80.0;102;4
3;90;102;103;4;9;12;70.0;Fischer & Whitney (2014);Experiment 1b;Orientation;1;11;70.0;15.0;43.0;80.0;-37.0;2.0;103;4
3;131;122;104;4;9;-9;-41.0;Fischer & Whitney (2014);Experiment 1b;Orientation;1;11;-41.0;29.0;-26.0;2.0;39.0;-78.0;104;4
3;3;58;1;5;9;55;-52.0;Fischer & Whitney (2014);Experiment 1b;Orientation;1;11;;;;;;;1;5
3;166;167;2;5;9;1;17.0;Fischer & Whitney (2014);Experiment 1b;Orientation;1;11;;;;;;;2;5
3;93;114;3;5;9;21;73.0;Fischer & Whitney (2014);Experiment 1b;Orientation;1;11;;;;;;;3;5
3;55;59;4;5;9;4;38.0;Fischer & Whitney (2014);Experiment 1b;Orientation;1;11;;;;;;;4;5
3;153;141;5;5;9;-12;82.0;Fischer & Whitney (2014);Experiment 1b;Orientation;1;11;;;;;;;5;5
3;157;156;6;5;9;-1;-4.0;Fischer & Whitney (2014);Experiment 1b;Orientation;1;11;;;;;;;6;5
3;25;28;7;5;9;3;-48.0;Fischer & Whitney (2014);Experiment 1b;Orientation;1;11;-48.0;-52.0;30.0;68.0;-39.0;-22.0;7;5
3;113;122;8;5;9;9;-88.0;Fischer & Whitney (2014);Experiment 1b;Orientation;1;11;-88.0;44.0;40.0;-58.0;-20.0;53.0;8;5
3;49;46;9;5;9;-3;64.0;Fischer & Whitney (2014);Experiment 1b;Orientation;1;11;64.0;-24.0;-72.0;-76.0;6.0;44.0;9;5
3;153;163;10;5;9;10;76.0;Fischer & Whitney (2014);Experiment 1b;Orientation;1;11;76.0;-40.0;52.0;4.0;0.0;82.0;10;5
3;34;14;11;5;9;-20;-61.0;Fischer & Whitney (2014);Experiment 1b;Orientation;1;11;-61.0;15.0;79.0;-9.0;-57.0;-61.0;11;5
3;64;73;12;5;9;9;-30.0;Fischer & Whitney (2014);Experiment 1b;Orientation;1;11;-30.0;89.0;-15.0;49.0;-39.0;-87.0;12;5
3;54;59;13;5;9;5;10.0;Fischer & Whitney (2014);Experiment 1b;Orientation;1;11;10.0;-20.0;-81.0;-5.0;59.0;-29.0;13;5
3;39;34;14;5;9;-5;15.0;Fischer & Whitney (2014);Experiment 1b;Orientation;1;11;15.0;25.0;-5.0;-66.0;10.0;74.0;14;5
3;175;172;15;5;9;-3;44.0;Fischer & Whitney (2014);Experiment 1b;Orientation;1;11;44.0;59.0;69.0;39.0;-22.0;54.0;15;5
3;140;128;16;5;9;-12;35.0;Fischer & Whitney (2014);Experiment 1b;Orientation;1;11;35.0;79.0;-86.0;-76.0;74.0;13.0;16;5
3;62;77;17;5;9;15;78.0;Fischer & Whitney (2014);Experiment 1b;Orientation;1;11;78.0;-67.0;-23.0;-8.0;2.0;-28.0;17;5
3;150;146;18;5;9;-4;-88.0;Fischer & Whitney (2014);Experiment 1b;Orientation;1;11;-88.0;-10.0;25.0;69.0;84.0;-86.0;18;5
3;113;104;19;5;9;-9;37.0;Fischer & Whitney (2014);Experiment 1b;Orientation;1;11;37.0;-51.0;27.0;62.0;-74.0;-59.0;19;5
3;75;84;20;5;9;9;38.0;Fischer & Whitney (2014);Experiment 1b;Orientation;1;11;38.0;75.0;-13.0;65.0;-80.0;-36.0;20;5
3;168;168;21;5;9;0;87.0;Fischer & Whitney (2014);Experiment 1b;Orientation;1;11;87.0;-55.0;-18.0;74.0;-28.0;7.0;21;5
3;173;80;22;5;9;87;-5.0;Fischer & Whitney (2014);Experiment 1b;Orientation;1;11;-5.0;82.0;-60.0;-23.0;69.0;-33.0;22;5
3;78;77;23;5;9;-1;-85.0;Fischer & Whitney (2014);Experiment 1b;Orientation;1;11;-85.0;90.0;-3.0;35.0;72.0;-16.0;23;5
3;171;161;24;5;9;-10;87.0;Fischer & Whitney (2014);Experiment 1b;Orientation;1;11;87.0;2.0;-3.0;84.0;-58.0;-21.0;24;5
3;43;50;25;5;9;7;-52.0;Fischer & Whitney (2014);Experiment 1b;Orientation;1;11;-52.0;35.0;-50.0;-55.0;32.0;70.0;25;5
3;122;121;26;5;9;-1;-79.0;Fischer & Whitney (2014);Experiment 1b;Orientation;1;11;-79.0;49.0;-44.0;51.0;46.0;-47.0;26;5
3;170;141;27;5;9;-29;-48.0;Fischer & Whitney (2014);Experiment 1b;Orientation;1;11;-48.0;53.0;1.0;88.0;3.0;-2.0;27;5
3;149;70;28;5;9;-79;21.0;Fischer & Whitney (2014);Experiment 1b;Orientation;1;11;21.0;-27.0;74.0;22.0;-71.0;24.0;28;5
3;154;151;29;5;9;-3;-5.0;Fischer & Whitney (2014);Experiment 1b;Orientation;1;11;-5.0;16.0;-32.0;69.0;17.0;-76.0;29;5
3;103;117;30;5;9;14;51.0;Fischer & Whitney (2014);Experiment 1b;Orientation;1;11;51.0;46.0;67.0;19.0;-60.0;68.0;30;5
3;169;154;31;5;9;-15;-66.0;Fischer & Whitney (2014);Experiment 1b;Orientation;1;11;-66.0;-15.0;-20.0;1.0;-47.0;54.0;31;5
3;168;20;32;5;9;32;1.0;Fischer & Whitney (2014);Experiment 1b;Orientation;1;11;1.0;-65.0;-14.0;-19.0;2.0;-46.0;32;5
3;50;77;33;5;9;27;-62.0;Fischer & Whitney (2014);Experiment 1b;Orientation;1;11;-62.0;-61.0;53.0;-76.0;-81.0;-60.0;33;5
3;158;145;34;5;9;-13;72.0;Fischer & Whitney (2014);Experiment 1b;Orientation;1;11;72.0;10.0;11.0;-55.0;-4.0;-9.0;34;5
3;0;177;35;5;9;-3;-22.0;Fischer & Whitney (2014);Experiment 1b;Orientation;1;11;-22.0;50.0;-12.0;-11.0;-77.0;-26.0;35;5
3;150;124;36;5;9;-26;30.0;Fischer & Whitney (2014);Experiment 1b;Orientation;1;11;30.0;8.0;80.0;18.0;19.0;-47.0;36;5
3;99;107;37;5;9;8;51.0;Fischer & Whitney (2014);Experiment 1b;Orientation;1;11;51.0;81.0;59.0;-49.0;69.0;70.0;37;5
3;37;52;38;5;9;15;62.0;Fischer & Whitney (2014);Experiment 1b;Orientation;1;11;62.0;-67.0;-37.0;-59.0;13.0;-49.0;38;5
3;98;107;39;5;9;9;-61.0;Fischer & Whitney (2014);Experiment 1b;Orientation;1;11;-61.0;1.0;52.0;82.0;60.0;-48.0;39;5
3;163;159;40;5;9;-4;-65.0;Fischer & Whitney (2014);Experiment 1b;Orientation;1;11;-65.0;54.0;-64.0;-13.0;17.0;-5.0;40;5
3;21;17;41;5;9;-4;-38.0;Fischer & Whitney (2014);Experiment 1b;Orientation;1;11;-38.0;77.0;16.0;78.0;-51.0;-21.0;41;5
3;23;16;42;5;9;-7;-2.0;Fischer & Whitney (2014);Experiment 1b;Orientation;1;11;-2.0;-40.0;75.0;14.0;76.0;-53.0;42;5
3;69;53;43;5;9;-16;-46.0;Fischer & Whitney (2014);Experiment 1b;Orientation;1;11;-46.0;-48.0;-86.0;29.0;-32.0;30.0;43;5
3;112;125;44;5;9;13;-43.0;Fischer & Whitney (2014);Experiment 1b;Orientation;1;11;-43.0;-89.0;89.0;51.0;-14.0;-75.0;44;5
3;64;56;45;5;9;-8;48.0;Fischer & Whitney (2014);Experiment 1b;Orientation;1;11;48.0;5.0;-41.0;-43.0;-81.0;34.0;45;5
3;33;41;46;5;9;8;31.0;Fischer & Whitney (2014);Experiment 1b;Orientation;1;11;31.0;79.0;36.0;-10.0;-12.0;-50.0;46;5
3;3;171;47;5;9;-12;30.0;Fischer & Whitney (2014);Experiment 1b;Orientation;1;11;30.0;61.0;-71.0;66.0;20.0;18.0;47;5
3;28;36;48;5;9;8;-25.0;Fischer & Whitney (2014);Experiment 1b;Orientation;1;11;-25.0;5.0;36.0;84.0;41.0;-5.0;48;5
3;57;62;49;5;9;5;-29.0;Fischer & Whitney (2014);Experiment 1b;Orientation;1;11;-29.0;-54.0;-24.0;7.0;55.0;12.0;49;5
3;147;132;50;5;9;-15;-90.0;Fischer & Whitney (2014);Experiment 1b;Orientation;1;11;90.0;61.0;36.0;66.0;-83.0;-35.0;50;5
3;103;117;51;5;9;14;44.0;Fischer & Whitney (2014);Experiment 1b;Orientation;1;11;44.0;-46.0;-75.0;80.0;-70.0;-39.0;51;5
3;119;117;52;5;9;-2;-16.0;Fischer & Whitney (2014);Experiment 1b;Orientation;1;11;-16.0;28.0;-62.0;89.0;64.0;-86.0;52;5
3;165;133;53;5;9;-32;-46.0;Fischer & Whitney (2014);Experiment 1b;Orientation;1;11;-46.0;-62.0;-18.0;72.0;43.0;18.0;53;5
3;52;64;54;5;9;12;-67.0;Fischer & Whitney (2014);Experiment 1b;Orientation;1;11;-67.0;67.0;51.0;-85.0;5.0;-24.0;54;5
3;16;31;55;5;9;15;36.0;Fischer & Whitney (2014);Experiment 1b;Orientation;1;11;36.0;-31.0;-77.0;87.0;-49.0;41.0;55;5
3;25;27;56;5;9;2;-9.0;Fischer & Whitney (2014);Experiment 1b;Orientation;1;11;-9.0;27.0;-40.0;-86.0;78.0;-58.0;56;5
3;114;119;57;5;9;5;-89.0;Fischer & Whitney (2014);Experiment 1b;Orientation;1;11;-89.0;82.0;-62.0;51.0;5.0;-11.0;57;5
3;108;119;58;5;9;11;6.0;Fischer & Whitney (2014);Experiment 1b;Orientation;1;11;6.0;-83.0;88.0;-56.0;57.0;11.0;58;5
3;178;172;59;5;9;-6;-70.0;Fischer & Whitney (2014);Experiment 1b;Orientation;1;11;-70.0;-64.0;27.0;18.0;54.0;-13.0;59;5
3;46;54;60;5;9;8;-48.0;Fischer & Whitney (2014);Experiment 1b;Orientation;1;11;-48.0;62.0;68.0;-21.0;-30.0;6.0;60;5
3;55;61;61;5;9;6;-9.0;Fischer & Whitney (2014);Experiment 1b;Orientation;1;11;-9.0;-57.0;53.0;59.0;-30.0;-39.0;61;5
3;0;0;62;5;9;0;55.0;Fischer & Whitney (2014);Experiment 1b;Orientation;1;11;55.0;46.0;-2.0;-72.0;-66.0;25.0;62;5
3;163;151;63;5;9;-12;17.0;Fischer & Whitney (2014);Experiment 1b;Orientation;1;11;17.0;72.0;63.0;15.0;-55.0;-49.0;63;5
3;39;49;64;5;9;10;-56.0;Fischer & Whitney (2014);Experiment 1b;Orientation;1;11;-56.0;-39.0;16.0;7.0;-41.0;69.0;64;5
3;108;122;65;5;9;14;-69.0;Fischer & Whitney (2014);Experiment 1b;Orientation;1;11;-69.0;55.0;72.0;-53.0;-62.0;70.0;65;5
3;134;126;66;5;9;-8;-26.0;Fischer & Whitney (2014);Experiment 1b;Orientation;1;11;-26.0;85.0;29.0;46.0;-79.0;-88.0;66;5
3;65;65;67;5;9;0;69.0;Fischer & Whitney (2014);Experiment 1b;Orientation;1;11;69.0;43.0;-26.0;-82.0;-65.0;-10.0;67;5
3;62;49;68;5;9;-13;3.0;Fischer & Whitney (2014);Experiment 1b;Orientation;1;11;3.0;72.0;46.0;-23.0;-79.0;-62.0;68;5
3;111;115;69;5;9;4;-49.0;Fischer & Whitney (2014);Experiment 1b;Orientation;1;11;-49.0;-46.0;23.0;-3.0;-72.0;52.0;69;5
3;50;52;70;5;9;2;61.0;Fischer & Whitney (2014);Experiment 1b;Orientation;1;11;61.0;12.0;15.0;84.0;58.0;-11.0;70;5
3;20;24;71;5;9;4;30.0;Fischer & Whitney (2014);Experiment 1b;Orientation;1;11;30.0;-89.0;42.0;45.0;-66.0;88.0;71;5
3;17;33;72;5;9;16;3.0;Fischer & Whitney (2014);Experiment 1b;Orientation;1;11;3.0;33.0;-86.0;45.0;48.0;-63.0;72;5
3;147;148;73;5;9;1;50.0;Fischer & Whitney (2014);Experiment 1b;Orientation;1;11;50.0;53.0;83.0;-36.0;-85.0;-82.0;73;5
3;18;41;74;5;9;23;-51.0;Fischer & Whitney (2014);Experiment 1b;Orientation;1;11;-51.0;-1.0;2.0;32.0;-87.0;44.0;74;5
3;92;97;75;5;9;5;-74.0;Fischer & Whitney (2014);Experiment 1b;Orientation;1;11;-74.0;55.0;-75.0;-72.0;-42.0;19.0;75;5
3;66;80;76;5;9;14;26.0;Fischer & Whitney (2014);Experiment 1b;Orientation;1;11;26.0;-48.0;81.0;-49.0;-46.0;-16.0;76;5
3;179;175;77;5;9;-4;67.0;Fischer & Whitney (2014);Experiment 1b;Orientation;1;11;67.0;-87.0;19.0;-32.0;18.0;21.0;77;5
3;119;131;78;5;9;12;60.0;Fischer & Whitney (2014);Experiment 1b;Orientation;1;11;60.0;-53.0;-27.0;79.0;28.0;78.0;78;5
3;81;71;79;5;9;-10;38.0;Fischer & Whitney (2014);Experiment 1b;Orientation;1;11;38.0;-82.0;-15.0;11.0;-63.0;66.0;79;5
3;92;86;80;5;9;-6;-11.0;Fischer & Whitney (2014);Experiment 1b;Orientation;1;11;-11.0;27.0;87.0;-26.0;0.0;-74.0;80;5
3;160;133;81;5;9;-27;-68.0;Fischer & Whitney (2014);Experiment 1b;Orientation;1;11;-68.0;-79.0;-41.0;19.0;86.0;-68.0;81;5
3;56;70;82;5;9;14;-76.0;Fischer & Whitney (2014);Experiment 1b;Orientation;1;11;-76.0;36.0;25.0;63.0;-57.0;10.0;82;5
3;131;118;83;5;9;-13;-75.0;Fischer & Whitney (2014);Experiment 1b;Orientation;1;11;-75.0;29.0;-39.0;-50.0;-12.0;48.0;83;5
3;138;132;84;5;9;-6;-7.0;Fischer & Whitney (2014);Experiment 1b;Orientation;1;11;-7.0;-82.0;22.0;-46.0;-57.0;-19.0;84;5
3;47;51;85;5;9;4;-89.0;Fischer & Whitney (2014);Experiment 1b;Orientation;1;11;-89.0;84.0;9.0;-67.0;45.0;34.0;85;5
3;144;144;86;5;9;0;83.0;Fischer & Whitney (2014);Experiment 1b;Orientation;1;11;83.0;-6.0;-13.0;-88.0;16.0;-52.0;86;5
3;161;158;87;5;9;-3;-17.0;Fischer & Whitney (2014);Experiment 1b;Orientation;1;11;-17.0;66.0;-23.0;-30.0;75.0;-1.0;87;5
3;96;100;88;5;9;4;65.0;Fischer & Whitney (2014);Experiment 1b;Orientation;1;11;65.0;48.0;-49.0;42.0;35.0;-40.0;88;5
3;66;74;89;5;9;8;30.0;Fischer & Whitney (2014);Experiment 1b;Orientation;1;11;30.0;-85.0;78.0;-19.0;72.0;65.0;89;5
3;44;62;90;5;9;18;22.0;Fischer & Whitney (2014);Experiment 1b;Orientation;1;11;22.0;52.0;-63.0;-80.0;3.0;-86.0;90;5
3;159;167;91;5;9;8;65.0;Fischer & Whitney (2014);Experiment 1b;Orientation;1;11;65.0;87.0;-63.0;2.0;-15.0;68.0;91;5
3;145;136;92;5;9;-9;14.0;Fischer & Whitney (2014);Experiment 1b;Orientation;1;11;14.0;79.0;-79.0;-49.0;16.0;-1.0;92;5
3;165;155;93;5;9;-10;-20.0;Fischer & Whitney (2014);Experiment 1b;Orientation;1;11;-20.0;-6.0;59.0;81.0;-69.0;-4.0;93;5
3;129;129;94;5;9;0;36.0;Fischer & Whitney (2014);Experiment 1b;Orientation;1;11;36.0;16.0;30.0;-85.0;-63.0;-33.0;94;5
3;53;58;95;5;9;5;76.0;Fischer & Whitney (2014);Experiment 1b;Orientation;1;11;76.0;-68.0;-88.0;-74.0;-9.0;13.0;95;5
3;73;79;96;5;9;6;-20.0;Fischer & Whitney (2014);Experiment 1b;Orientation;1;11;-20.0;56.0;-88.0;72.0;86.0;-29.0;96;5
3;93;93;97;5;9;0;-20.0;Fischer & Whitney (2014);Experiment 1b;Orientation;1;11;-20.0;-40.0;36.0;72.0;52.0;66.0;97;5
3;28;14;98;5;9;-14;65.0;Fischer & Whitney (2014);Experiment 1b;Orientation;1;11;65.0;45.0;25.0;-79.0;-43.0;-63.0;98;5
3;103;101;99;5;9;-2;-75.0;Fischer & Whitney (2014);Experiment 1b;Orientation;1;11;-75.0;-10.0;-30.0;-50.0;26.0;62.0;99;5
3;101;103;100;5;9;2;2.0;Fischer & Whitney (2014);Experiment 1b;Orientation;1;11;2.0;-73.0;-8.0;-28.0;-48.0;28.0;100;5
3;115;123;101;5;9;8;-14.0;Fischer & Whitney (2014);Experiment 1b;Orientation;1;11;-14.0;-12.0;-87.0;-22.0;-42.0;-62.0;101;5
3;146;153;102;5;9;7;-31.0;Fischer & Whitney (2014);Experiment 1b;Orientation;1;11;-31.0;-45.0;-43.0;62.0;-53.0;-73.0;102;5
3;90;94;103;5;9;4;56.0;Fischer & Whitney (2014);Experiment 1b;Orientation;1;11;56.0;25.0;11.0;13.0;-62.0;3.0;103;5
3;158;157;104;5;9;-1;-68.0;Fischer & Whitney (2014);Experiment 1b;Orientation;1;11;-68.0;-12.0;-43.0;-57.0;-55.0;50.0;104;5
3;17;38;1;6;9;21;-39.0;Fischer & Whitney (2014);Experiment 1b;Orientation;1;11;;;;;;;1;6
3;131;131;2;6;9;0;66.0;Fischer & Whitney (2014);Experiment 1b;Orientation;1;11;;;;;;;2;6
3;172;161;3;6;9;-11;-41.0;Fischer & Whitney (2014);Experiment 1b;Orientation;1;11;;;;;;;3;6
3;30;56;4;6;9;26;-38.0;Fischer & Whitney (2014);Experiment 1b;Orientation;1;11;;;;;;;4;6
3;97;99;5;6;9;2;-67.0;Fischer & Whitney (2014);Experiment 1b;Orientation;1;11;;;;;;;5;6
3;84;85;6;6;9;1;13.0;Fischer & Whitney (2014);Experiment 1b;Orientation;1;11;;;;;;;6;6
3;57;68;7;6;9;11;27.0;Fischer & Whitney (2014);Experiment 1b;Orientation;1;11;27.0;40.0;-27.0;-65.0;74.0;-40.0;7;6
3;9;15;8;6;9;6;48.0;Fischer & Whitney (2014);Experiment 1b;Orientation;1;11;48.0;75.0;88.0;21.0;-17.0;-58.0;8;6
3;16;12;9;6;9;-4;-7.0;Fischer & Whitney (2014);Experiment 1b;Orientation;1;11;-7.0;41.0;68.0;81.0;14.0;-24.0;9;6
3;133;129;10;6;9;-4;63.0;Fischer & Whitney (2014);Experiment 1b;Orientation;1;11;63.0;56.0;-76.0;-49.0;-36.0;77.0;10;6
3;153;161;11;6;9;8;-20.0;Fischer & Whitney (2014);Experiment 1b;Orientation;1;11;-20.0;43.0;36.0;84.0;-69.0;-56.0;11;6
3;144;150;12;6;9;6;9.0;Fischer & Whitney (2014);Experiment 1b;Orientation;1;11;9.0;-11.0;52.0;45.0;-87.0;-60.0;12;6
3;93;115;13;6;9;22;51.0;Fischer & Whitney (2014);Experiment 1b;Orientation;1;11;51.0;60.0;40.0;-77.0;-84.0;-36.0;13;6
3;95;111;14;6;9;16;-2.0;Fischer & Whitney (2014);Experiment 1b;Orientation;1;11;-2.0;49.0;58.0;38.0;-79.0;-86.0;14;6
3;24;47;15;6;9;23;71.0;Fischer & Whitney (2014);Experiment 1b;Orientation;1;11;71.0;69.0;-60.0;-51.0;-71.0;-8.0;15;6
3;95;101;16;6;9;6;-71.0;Fischer & Whitney (2014);Experiment 1b;Orientation;1;11;-71.0;0.0;-2.0;49.0;58.0;38.0;16;6
3;113;105;17;6;9;-8;-18.0;Fischer & Whitney (2014);Experiment 1b;Orientation;1;11;-18.0;-89.0;-18.0;-20.0;31.0;40.0;17;6
3;11;21;18;6;9;10;-78.0;Fischer & Whitney (2014);Experiment 1b;Orientation;1;11;-78.0;84.0;13.0;84.0;82.0;-47.0;18;6
3;36;49;19;6;9;13;-25.0;Fischer & Whitney (2014);Experiment 1b;Orientation;1;11;-25.0;77.0;59.0;-12.0;59.0;57.0;19;6
3;92;97;20;6;9;5;-56.0;Fischer & Whitney (2014);Experiment 1b;Orientation;1;11;-56.0;-81.0;21.0;3.0;-68.0;3.0;20;6
3;5;177;21;6;9;-8;87.0;Fischer & Whitney (2014);Experiment 1b;Orientation;1;11;87.0;31.0;6.0;-72.0;90.0;19.0;21;6
3;154;152;22;6;9;-2;31.0;Fischer & Whitney (2014);Experiment 1b;Orientation;1;11;31.0;-62.0;62.0;37.0;-41.0;-59.0;22;6
3;129;126;23;6;9;-3;25.0;Fischer & Whitney (2014);Experiment 1b;Orientation;1;11;25.0;56.0;-37.0;87.0;62.0;-16.0;23;6
3;19;26;24;6;9;7;-70.0;Fischer & Whitney (2014);Experiment 1b;Orientation;1;11;-70.0;-45.0;-14.0;73.0;17.0;-8.0;24;6
3;46;51;25;6;9;5;-27.0;Fischer & Whitney (2014);Experiment 1b;Orientation;1;11;-27.0;83.0;-72.0;-41.0;46.0;-10.0;25;6
3;24;40;26;6;9;16;22.0;Fischer & Whitney (2014);Experiment 1b;Orientation;1;11;22.0;-5.0;-75.0;-50.0;-19.0;68.0;26;6
3;104;116;27;6;9;12;-80.0;Fischer & Whitney (2014);Experiment 1b;Orientation;1;11;-80.0;-58.0;-85.0;25.0;50.0;81.0;27;6
3;24;37;28;6;9;13;80.0;Fischer & Whitney (2014);Experiment 1b;Orientation;1;11;80.0;0.0;22.0;-5.0;-75.0;-50.0;28;6
3;7;179;29;6;9;-8;17.0;Fischer & Whitney (2014);Experiment 1b;Orientation;1;11;17.0;-83.0;17.0;39.0;12.0;-58.0;29;6
3;16;23;30;6;9;7;-9.0;Fischer & Whitney (2014);Experiment 1b;Orientation;1;11;-9.0;8.0;88.0;8.0;30.0;3.0;30;6
3;1;175;31;6;9;-6;15.0;Fischer & Whitney (2014);Experiment 1b;Orientation;1;11;15.0;6.0;23.0;-77.0;23.0;45.0;31;6
3;68;61;32;6;9;-7;-67.0;Fischer & Whitney (2014);Experiment 1b;Orientation;1;11;-67.0;-52.0;-61.0;-44.0;36.0;-44.0;32;6
3;61;59;33;6;9;-2;7.0;Fischer & Whitney (2014);Experiment 1b;Orientation;1;11;7.0;-60.0;-45.0;-54.0;-37.0;43.0;33;6
3;170;158;34;6;9;-12;71.0;Fischer & Whitney (2014);Experiment 1b;Orientation;1;11;71.0;78.0;11.0;26.0;17.0;34.0;34;6
3;97;116;35;6;9;19;73.0;Fischer & Whitney (2014);Experiment 1b;Orientation;1;11;73.0;-36.0;-29.0;84.0;-81.0;90.0;35;6
3;110;113;36;6;9;3;-13.0;Fischer & Whitney (2014);Experiment 1b;Orientation;1;11;-13.0;60.0;-49.0;-42.0;71.0;86.0;36;6
3;128;142;37;6;9;14;-18.0;Fischer & Whitney (2014);Experiment 1b;Orientation;1;11;-18.0;-31.0;42.0;-67.0;-60.0;53.0;37;6
3;59;64;38;6;9;5;69.0;Fischer & Whitney (2014);Experiment 1b;Orientation;1;11;69.0;51.0;38.0;-69.0;2.0;9.0;38;6
3;159;142;39;6;9;-17;80.0;Fischer & Whitney (2014);Experiment 1b;Orientation;1;11;80.0;-31.0;-49.0;-62.0;11.0;82.0;39;6
3;63;70;40;6;9;7;-84.0;Fischer & Whitney (2014);Experiment 1b;Orientation;1;11;-84.0;-4.0;65.0;47.0;34.0;-73.0;40;6
3;15;29;41;6;9;14;48.0;Fischer & Whitney (2014);Experiment 1b;Orientation;1;11;48.0;-36.0;44.0;-67.0;-85.0;82.0;41;6
3;74;50;42;6;9;-24;-59.0;Fischer & Whitney (2014);Experiment 1b;Orientation;1;11;-59.0;-11.0;85.0;-15.0;54.0;36.0;42;6
3;73;68;43;6;9;-5;1.0;Fischer & Whitney (2014);Experiment 1b;Orientation;1;11;1.0;-58.0;-10.0;86.0;-14.0;55.0;43;6
3;0;0;44;6;9;0;73.0;Fischer & Whitney (2014);Experiment 1b;Orientation;1;11;73.0;74.0;15.0;63.0;-21.0;59.0;44;6
3;171;179;45;6;9;8;9.0;Fischer & Whitney (2014);Experiment 1b;Orientation;1;11;9.0;82.0;83.0;24.0;72.0;-12.0;45;6
3;53;46;46;6;9;-7;-62.0;Fischer & Whitney (2014);Experiment 1b;Orientation;1;11;-62.0;-53.0;20.0;21.0;-38.0;10.0;46;6
3;35;63;47;6;9;28;18.0;Fischer & Whitney (2014);Experiment 1b;Orientation;1;11;18.0;-44.0;-35.0;38.0;39.0;-20.0;47;6
3;120;123;48;6;9;3;-85.0;Fischer & Whitney (2014);Experiment 1b;Orientation;1;11;-85.0;-67.0;51.0;60.0;-47.0;-46.0;48;6
3;134;141;49;6;9;7;-14.0;Fischer & Whitney (2014);Experiment 1b;Orientation;1;11;-14.0;81.0;-81.0;37.0;46.0;-61.0;49;6
3;19;33;50;6;9;14;-65.0;Fischer & Whitney (2014);Experiment 1b;Orientation;1;11;-65.0;-79.0;16.0;34.0;-28.0;-19.0;50;6
3;93;102;51;6;9;9;-74.0;Fischer & Whitney (2014);Experiment 1b;Orientation;1;11;-74.0;41.0;27.0;-58.0;-40.0;78.0;51;6
3;163;152;52;6;9;-11;-70.0;Fischer & Whitney (2014);Experiment 1b;Orientation;1;11;-70.0;36.0;-29.0;-43.0;52.0;70.0;52;6
3;0;169;53;6;9;-11;-17.0;Fischer & Whitney (2014);Experiment 1b;Orientation;1;11;-17.0;-87.0;19.0;-46.0;-60.0;35.0;53;6
3;102;95;54;6;9;-7;78.0;Fischer & Whitney (2014);Experiment 1b;Orientation;1;11;78.0;61.0;-9.0;-83.0;32.0;18.0;54;6
3;6;25;55;6;9;19;-84.0;Fischer & Whitney (2014);Experiment 1b;Orientation;1;11;-84.0;-6.0;-23.0;87.0;13.0;-52.0;55;6
3;3;6;56;6;9;3;3.0;Fischer & Whitney (2014);Experiment 1b;Orientation;1;11;3.0;-81.0;-3.0;-20.0;90.0;16.0;56;6
3;59;54;57;6;9;-5;-56.0;Fischer & Whitney (2014);Experiment 1b;Orientation;1;11;-56.0;-53.0;43.0;-59.0;-76.0;34.0;57;6
3;22;49;58;6;9;27;37.0;Fischer & Whitney (2014);Experiment 1b;Orientation;1;11;37.0;-19.0;-16.0;80.0;-22.0;-39.0;58;6
3;97;106;59;6;9;9;-75.0;Fischer & Whitney (2014);Experiment 1b;Orientation;1;11;-75.0;-38.0;86.0;89.0;5.0;83.0;59;6
3;92;92;60;6;9;0;5.0;Fischer & Whitney (2014);Experiment 1b;Orientation;1;11;5.0;-70.0;-33.0;-89.0;-86.0;10.0;60;6
3;165;144;61;6;9;-21;-73.0;Fischer & Whitney (2014);Experiment 1b;Orientation;1;11;-73.0;-68.0;37.0;74.0;18.0;21.0;61;6
3;70;84;62;6;9;14;-85.0;Fischer & Whitney (2014);Experiment 1b;Orientation;1;11;-85.0;22.0;27.0;-48.0;-11.0;-67.0;62;6
3;85;85;63;6;9;0;-15.0;Fischer & Whitney (2014);Experiment 1b;Orientation;1;11;-15.0;80.0;7.0;12.0;-63.0;-26.0;63;6
3;90;83;64;6;9;-7;-5.0;Fischer & Whitney (2014);Experiment 1b;Orientation;1;11;-5.0;-20.0;75.0;2.0;7.0;-68.0;64;6
3;98;108;65;6;9;10;-8.0;Fischer & Whitney (2014);Experiment 1b;Orientation;1;11;-8.0;-13.0;-28.0;67.0;-6.0;-1.0;65;6
3;53;64;66;6;9;11;45.0;Fischer & Whitney (2014);Experiment 1b;Orientation;1;11;45.0;37.0;32.0;17.0;-68.0;39.0;66;6
3;149;75;67;6;9;-74;84.0;Fischer & Whitney (2014);Experiment 1b;Orientation;1;11;84.0;-51.0;-59.0;-64.0;-79.0;16.0;67;6
3;72;66;68;6;9;-6;77.0;Fischer & Whitney (2014);Experiment 1b;Orientation;1;11;77.0;-19.0;26.0;18.0;13.0;-2.0;68;6
3;45;53;69;6;9;8;27.0;Fischer & Whitney (2014);Experiment 1b;Orientation;1;11;27.0;-76.0;8.0;53.0;45.0;40.0;69;6
3;7;28;70;6;9;21;38.0;Fischer & Whitney (2014);Experiment 1b;Orientation;1;11;38.0;65.0;-38.0;46.0;-89.0;83.0;70;6
3;159;150;71;6;9;-9;28.0;Fischer & Whitney (2014);Experiment 1b;Orientation;1;11;28.0;66.0;-87.0;-10.0;74.0;-61.0;71;6
3;87;99;72;6;9;12;72.0;Fischer & Whitney (2014);Experiment 1b;Orientation;1;11;72.0;-80.0;-42.0;-15.0;62.0;-34.0;72;6
3;60;76;73;6;9;16;27.0;Fischer & Whitney (2014);Experiment 1b;Orientation;1;11;27.0;-81.0;-53.0;-15.0;12.0;89.0;73;6
3;15;11;74;6;9;-4;45.0;Fischer & Whitney (2014);Experiment 1b;Orientation;1;11;45.0;72.0;-36.0;-8.0;30.0;57.0;74;6
3;32;29;75;6;9;-3;-17.0;Fischer & Whitney (2014);Experiment 1b;Orientation;1;11;-17.0;28.0;55.0;-53.0;-25.0;13.0;75;6
3;172;163;76;6;9;-9;40.0;Fischer & Whitney (2014);Experiment 1b;Orientation;1;11;40.0;23.0;68.0;-85.0;-13.0;15.0;76;6
3;169;157;77;6;9;-12;3.0;Fischer & Whitney (2014);Experiment 1b;Orientation;1;11;3.0;43.0;26.0;71.0;-82.0;-10.0;77;6
3;113;118;78;6;9;5;56.0;Fischer & Whitney (2014);Experiment 1b;Orientation;1;11;56.0;59.0;-81.0;82.0;-53.0;-26.0;78;6
3;125;124;79;6;9;-1;-12.0;Fischer & Whitney (2014);Experiment 1b;Orientation;1;11;-12.0;44.0;47.0;87.0;70.0;-65.0;79;6
3;68;71;80;6;9;3;57.0;Fischer & Whitney (2014);Experiment 1b;Orientation;1;11;57.0;45.0;-79.0;-76.0;-36.0;-53.0;80;6
3;62;64;81;6;9;2;6.0;Fischer & Whitney (2014);Experiment 1b;Orientation;1;11;6.0;63.0;51.0;-73.0;-70.0;-30.0;81;6
3;22;68;82;6;9;46;40.0;Fischer & Whitney (2014);Experiment 1b;Orientation;1;11;40.0;46.0;-77.0;-89.0;-33.0;-30.0;82;6
3;152;138;83;6;9;-14;50.0;Fischer & Whitney (2014);Experiment 1b;Orientation;1;11;50.0;90.0;-84.0;-27.0;-39.0;17.0;83;6
3;135;146;84;6;9;11;17.0;Fischer & Whitney (2014);Experiment 1b;Orientation;1;11;17.0;67.0;-73.0;-67.0;-10.0;-22.0;84;6
3;110;121;85;6;9;11;25.0;Fischer & Whitney (2014);Experiment 1b;Orientation;1;11;25.0;42.0;-88.0;-48.0;-42.0;15.0;85;6
3;145;123;86;6;9;-22;-35.0;Fischer & Whitney (2014);Experiment 1b;Orientation;1;11;-35.0;-10.0;7.0;57.0;-83.0;-77.0;86;6
3;175;174;87;6;9;-1;-30.0;Fischer & Whitney (2014);Experiment 1b;Orientation;1;11;-30.0;-65.0;-40.0;-23.0;27.0;67.0;87;6
3;127;133;88;6;9;6;48.0;Fischer & Whitney (2014);Experiment 1b;Orientation;1;11;48.0;18.0;-17.0;8.0;25.0;75.0;88;6
3;145;134;89;6;9;-11;-18.0;Fischer & Whitney (2014);Experiment 1b;Orientation;1;11;-18.0;30.0;0.0;-35.0;-10.0;7.0;89;6
3;141;140;90;6;9;-1;4.0;Fischer & Whitney (2014);Experiment 1b;Orientation;1;11;4.0;-14.0;34.0;4.0;-31.0;-6.0;90;6
3;22;36;91;6;9;14;-61.0;Fischer & Whitney (2014);Experiment 1b;Orientation;1;11;-61.0;-57.0;-75.0;-27.0;-57.0;88.0;91;6
3;46;68;92;6;9;22;-24.0;Fischer & Whitney (2014);Experiment 1b;Orientation;1;11;-24.0;-85.0;-81.0;81.0;-51.0;-81.0;92;6
3;81;81;93;6;9;0;-35.0;Fischer & Whitney (2014);Experiment 1b;Orientation;1;11;-35.0;-59.0;60.0;64.0;46.0;-86.0;93;6
3;151;148;94;6;9;-3;-70.0;Fischer & Whitney (2014);Experiment 1b;Orientation;1;11;-70.0;75.0;51.0;-10.0;-6.0;-24.0;94;6
3;7;1;95;6;9;-6;-36.0;Fischer & Whitney (2014);Experiment 1b;Orientation;1;11;-36.0;74.0;39.0;15.0;-46.0;-42.0;95;6
3;42;62;96;6;9;20;-35.0;Fischer & Whitney (2014);Experiment 1b;Orientation;1;11;-35.0;-71.0;39.0;4.0;-20.0;-81.0;96;6
3;68;63;97;6;9;-5;-26.0;Fischer & Whitney (2014);Experiment 1b;Orientation;1;11;-26.0;-61.0;83.0;13.0;-22.0;-46.0;97;6
3;34;63;98;6;9;29;34.0;Fischer & Whitney (2014);Experiment 1b;Orientation;1;11;34.0;8.0;-27.0;-63.0;47.0;12.0;98;6
3;61;72;99;6;9;11;-27.0;Fischer & Whitney (2014);Experiment 1b;Orientation;1;11;-27.0;7.0;-19.0;-54.0;90.0;20.0;99;6
3;110;113;100;6;9;3;-49.0;Fischer & Whitney (2014);Experiment 1b;Orientation;1;11;-49.0;-76.0;-42.0;-68.0;77.0;41.0;100;6
3;140;126;101;6;9;-14;-30.0;Fischer & Whitney (2014);Experiment 1b;Orientation;1;11;-30.0;-79.0;74.0;-72.0;82.0;47.0;101;6
3;96;110;102;6;9;14;44.0;Fischer & Whitney (2014);Experiment 1b;Orientation;1;11;44.0;14.0;-35.0;-62.0;-28.0;-54.0;102;6
3;135;129;103;6;9;-6;-39.0;Fischer & Whitney (2014);Experiment 1b;Orientation;1;11;-39.0;5.0;-25.0;-74.0;79.0;-67.0;103;6
3;125;125;104;6;9;0;10.0;Fischer & Whitney (2014);Experiment 1b;Orientation;1;11;10.0;-29.0;15.0;-15.0;-64.0;89.0;104;6
3;63;61;1;7;9;-2;62.0;Fischer & Whitney (2014);Experiment 1b;Orientation;1;11;;;;;;;1;7
3;168;54;2;7;9;66;75.0;Fischer & Whitney (2014);Experiment 1b;Orientation;1;11;;;;;;;2;7
3;173;0;3;7;9;7;-5.0;Fischer & Whitney (2014);Experiment 1b;Orientation;1;11;;;;;;;3;7
3;12;40;4;7;9;28;-19.0;Fischer & Whitney (2014);Experiment 1b;Orientation;1;11;;;;;;;4;7
3;38;58;5;7;9;20;-26.0;Fischer & Whitney (2014);Experiment 1b;Orientation;1;11;;;;;;;5;7
3;117;136;6;7;9;19;-79.0;Fischer & Whitney (2014);Experiment 1b;Orientation;1;11;;;;;;;6;7
3;114;115;7;7;9;1;3.0;Fischer & Whitney (2014);Experiment 1b;Orientation;1;11;3.0;-76.0;78.0;59.0;54.0;-51.0;7;7
3;110;109;8;7;9;-1;4.0;Fischer & Whitney (2014);Experiment 1b;Orientation;1;11;4.0;7.0;-72.0;82.0;63.0;58.0;8;7
3;85;80;9;7;9;-5;25.0;Fischer & Whitney (2014);Experiment 1b;Orientation;1;11;25.0;29.0;32.0;-47.0;-73.0;88.0;9;7
3;74;79;10;7;9;5;11.0;Fischer & Whitney (2014);Experiment 1b;Orientation;1;11;11.0;36.0;40.0;43.0;-36.0;-62.0;10;7
3;124;122;11;7;9;-2;-50.0;Fischer & Whitney (2014);Experiment 1b;Orientation;1;11;-50.0;-39.0;-14.0;-10.0;-7.0;-86.0;11;7
3;41;58;12;7;9;17;83.0;Fischer & Whitney (2014);Experiment 1b;Orientation;1;11;83.0;33.0;44.0;69.0;73.0;76.0;12;7
3;75;76;13;7;9;1;-34.0;Fischer & Whitney (2014);Experiment 1b;Orientation;1;11;-34.0;49.0;-1.0;10.0;35.0;39.0;13;7
3;159;147;14;7;9;-12;-84.0;Fischer & Whitney (2014);Experiment 1b;Orientation;1;11;-84.0;62.0;-35.0;-85.0;-74.0;-49.0;14;7
3;66;71;15;7;9;5;-87.0;Fischer & Whitney (2014);Experiment 1b;Orientation;1;11;-87.0;9.0;-25.0;58.0;8.0;19.0;15;7
3;29;43;16;7;9;14;37.0;Fischer & Whitney (2014);Experiment 1b;Orientation;1;11;37.0;-50.0;46.0;12.0;-85.0;45.0;16;7
3;98;101;17;7;9;3;-69.0;Fischer & Whitney (2014);Experiment 1b;Orientation;1;11;-69.0;-32.0;61.0;-23.0;-57.0;26.0;17;7
3;41;54;18;7;9;13;57.0;Fischer & Whitney (2014);Experiment 1b;Orientation;1;11;57.0;-12.0;25.0;-62.0;34.0;0.0;18;7
3;137;135;19;7;9;-2;84.0;Fischer & Whitney (2014);Experiment 1b;Orientation;1;11;84.0;-39.0;72.0;-71.0;22.0;-62.0;19;7
3;175;0;20;7;9;5;-38.0;Fischer & Whitney (2014);Experiment 1b;Orientation;1;11;-38.0;46.0;-77.0;34.0;71.0;-16.0;20;7
3;44;59;21;7;9;15;-49.0;Fischer & Whitney (2014);Experiment 1b;Orientation;1;11;-49.0;-87.0;-3.0;54.0;-15.0;22.0;21;7
3;106;108;22;7;9;2;-62.0;Fischer & Whitney (2014);Experiment 1b;Orientation;1;11;-62.0;69.0;31.0;-65.0;-8.0;-77.0;22;7
3;33;40;23;7;9;7;73.0;Fischer & Whitney (2014);Experiment 1b;Orientation;1;11;73.0;11.0;-38.0;-76.0;8.0;65.0;23;7
3;149;138;24;7;9;-11;64.0;Fischer & Whitney (2014);Experiment 1b;Orientation;1;11;64.0;-43.0;75.0;26.0;-12.0;72.0;24;7
3;22;13;25;7;9;-9;-53.0;Fischer & Whitney (2014);Experiment 1b;Orientation;1;11;-53.0;11.0;84.0;22.0;-27.0;-65.0;25;7
3;40;33;26;7;9;-7;-18.0;Fischer & Whitney (2014);Experiment 1b;Orientation;1;11;-18.0;-71.0;-7.0;66.0;4.0;-45.0;26;7
3;144;139;27;7;9;-5;76.0;Fischer & Whitney (2014);Experiment 1b;Orientation;1;11;76.0;58.0;5.0;69.0;-38.0;80.0;27;7
3;143;141;28;7;9;-2;1.0;Fischer & Whitney (2014);Experiment 1b;Orientation;1;11;1.0;77.0;59.0;6.0;70.0;-37.0;28;7
3;129;131;29;7;9;2;14.0;Fischer & Whitney (2014);Experiment 1b;Orientation;1;11;14.0;15.0;-89.0;73.0;20.0;84.0;29;7
3;113;110;30;7;9;-3;16.0;Fischer & Whitney (2014);Experiment 1b;Orientation;1;11;16.0;30.0;31.0;-73.0;89.0;36.0;30;7
3;130;123;31;7;9;-7;-17.0;Fischer & Whitney (2014);Experiment 1b;Orientation;1;11;-17.0;-1.0;13.0;14.0;90.0;72.0;31;7
3;107;115;32;7;9;8;23.0;Fischer & Whitney (2014);Experiment 1b;Orientation;1;11;23.0;6.0;22.0;36.0;37.0;-67.0;32;7
3;131;138;33;7;9;7;-24.0;Fischer & Whitney (2014);Experiment 1b;Orientation;1;11;-24.0;-1.0;-18.0;-2.0;12.0;13.0;33;7
3;114;122;34;7;9;8;17.0;Fischer & Whitney (2014);Experiment 1b;Orientation;1;11;17.0;-7.0;16.0;-1.0;15.0;29.0;34;7
3;142;135;35;7;9;-7;-28.0;Fischer & Whitney (2014);Experiment 1b;Orientation;1;11;-28.0;-11.0;-35.0;-12.0;-29.0;-13.0;35;7
3;140;147;36;7;9;7;2.0;Fischer & Whitney (2014);Experiment 1b;Orientation;1;11;2.0;-26.0;-9.0;-33.0;-10.0;-27.0;36;7
3;132;136;37;7;9;4;8.0;Fischer & Whitney (2014);Experiment 1b;Orientation;1;11;8.0;10.0;-18.0;-1.0;-25.0;-2.0;37;7
3;122;123;38;7;9;1;10.0;Fischer & Whitney (2014);Experiment 1b;Orientation;1;11;10.0;18.0;20.0;-8.0;9.0;-15.0;38;7
3;73;81;39;7;9;8;49.0;Fischer & Whitney (2014);Experiment 1b;Orientation;1;11;49.0;59.0;67.0;69.0;41.0;58.0;39;7
3;9;10;40;7;9;1;64.0;Fischer & Whitney (2014);Experiment 1b;Orientation;1;11;64.0;-67.0;-57.0;-49.0;-47.0;-75.0;40;7
3;161;169;41;7;9;8;28.0;Fischer & Whitney (2014);Experiment 1b;Orientation;1;11;28.0;-88.0;-39.0;-29.0;-21.0;-19.0;41;7
3;130;136;42;7;9;6;31.0;Fischer & Whitney (2014);Experiment 1b;Orientation;1;11;31.0;59.0;-57.0;-8.0;2.0;10.0;42;7
3;153;153;43;7;9;0;-23.0;Fischer & Whitney (2014);Experiment 1b;Orientation;1;11;-23.0;8.0;36.0;-80.0;-31.0;-21.0;43;7
3;101;116;44;7;9;15;52.0;Fischer & Whitney (2014);Experiment 1b;Orientation;1;11;52.0;29.0;60.0;88.0;-28.0;21.0;44;7
3;68;78;45;7;9;10;33.0;Fischer & Whitney (2014);Experiment 1b;Orientation;1;11;33.0;85.0;62.0;-87.0;-59.0;5.0;45;7
3;25;51;46;7;9;26;43.0;Fischer & Whitney (2014);Experiment 1b;Orientation;1;11;43.0;76.0;-52.0;-75.0;-44.0;-16.0;46;7
3;81;68;47;7;9;-13;-56.0;Fischer & Whitney (2014);Experiment 1b;Orientation;1;11;-56.0;-13.0;20.0;72.0;49.0;80.0;47;7
3;179;179;48;7;9;0;82.0;Fischer & Whitney (2014);Experiment 1b;Orientation;1;11;82.0;26.0;69.0;-78.0;-26.0;-49.0;48;7
3;28;25;49;7;9;-3;-29.0;Fischer & Whitney (2014);Experiment 1b;Orientation;1;11;-29.0;53.0;-3.0;40.0;73.0;-55.0;49;7
3;48;49;50;7;9;1;-20.0;Fischer & Whitney (2014);Experiment 1b;Orientation;1;11;-20.0;-49.0;33.0;-23.0;20.0;53.0;50;7
3;99;107;51;7;9;8;-51.0;Fischer & Whitney (2014);Experiment 1b;Orientation;1;11;-51.0;-71.0;80.0;-18.0;-74.0;-31.0;51;7
3;87;94;52;7;9;7;12.0;Fischer & Whitney (2014);Experiment 1b;Orientation;1;11;12.0;-39.0;-59.0;-88.0;-6.0;-62.0;52;7
3;127;115;53;7;9;-12;-40.0;Fischer & Whitney (2014);Experiment 1b;Orientation;1;11;-40.0;-28.0;-79.0;81.0;52.0;-46.0;53;7
3;83;84;54;7;9;1;44.0;Fischer & Whitney (2014);Experiment 1b;Orientation;1;11;44.0;4.0;16.0;-35.0;-55.0;-84.0;54;7
3;148;130;55;7;9;-18;-65.0;Fischer & Whitney (2014);Experiment 1b;Orientation;1;11;-65.0;-21.0;-61.0;-49.0;80.0;60.0;55;7
3;60;77;56;7;9;17;88.0;Fischer & Whitney (2014);Experiment 1b;Orientation;1;11;88.0;23.0;67.0;27.0;39.0;-12.0;56;7
3;70;72;57;7;9;2;-10.0;Fischer & Whitney (2014);Experiment 1b;Orientation;1;11;-10.0;78.0;13.0;57.0;17.0;29.0;57;7
3;30;54;58;7;9;24;40.0;Fischer & Whitney (2014);Experiment 1b;Orientation;1;11;40.0;30.0;-62.0;53.0;-83.0;57.0;58;7
3;141;120;59;7;9;-21;69.0;Fischer & Whitney (2014);Experiment 1b;Orientation;1;11;69.0;-71.0;-81.0;7.0;-58.0;-14.0;59;7
3;69;69;60;7;9;0;72.0;Fischer & Whitney (2014);Experiment 1b;Orientation;1;11;72.0;-39.0;1.0;-9.0;79.0;14.0;60;7
3;147;147;61;7;9;0;-78.0;Fischer & Whitney (2014);Experiment 1b;Orientation;1;11;-78.0;-6.0;63.0;-77.0;-87.0;1.0;61;7
3;115;106;62;7;9;-9;32.0;Fischer & Whitney (2014);Experiment 1b;Orientation;1;11;32.0;-46.0;26.0;-85.0;-45.0;-55.0;62;7
3;122;128;63;7;9;6;-7.0;Fischer & Whitney (2014);Experiment 1b;Orientation;1;11;-7.0;25.0;-53.0;19.0;88.0;-52.0;63;7
3;65;74;64;7;9;9;57.0;Fischer & Whitney (2014);Experiment 1b;Orientation;1;11;57.0;50.0;82.0;4.0;76.0;-35.0;64;7
3;17;31;65;7;9;14;48.0;Fischer & Whitney (2014);Experiment 1b;Orientation;1;11;48.0;-75.0;-82.0;-50.0;52.0;-56.0;65;7
3;75;70;66;7;9;-5;-58.0;Fischer & Whitney (2014);Experiment 1b;Orientation;1;11;-58.0;-10.0;47.0;40.0;72.0;-6.0;66;7
3;136;103;67;7;9;-33;-61.0;Fischer & Whitney (2014);Experiment 1b;Orientation;1;11;-61.0;61.0;-71.0;-14.0;-21.0;11.0;67;7
3;148;135;68;7;9;-13;-12.0;Fischer & Whitney (2014);Experiment 1b;Orientation;1;11;-12.0;-73.0;49.0;-83.0;-26.0;-33.0;68;7
3;145;139;69;7;9;-6;3.0;Fischer & Whitney (2014);Experiment 1b;Orientation;1;11;3.0;-9.0;-70.0;52.0;-80.0;-23.0;69;7
3;77;79;70;7;9;2;68.0;Fischer & Whitney (2014);Experiment 1b;Orientation;1;11;68.0;71.0;59.0;-2.0;-60.0;-12.0;70;7
3;124;115;71;7;9;-9;-47.0;Fischer & Whitney (2014);Experiment 1b;Orientation;1;11;-47.0;21.0;24.0;12.0;-49.0;73.0;71;7
3;50;71;72;7;9;21;74.0;Fischer & Whitney (2014);Experiment 1b;Orientation;1;11;74.0;27.0;-85.0;-82.0;86.0;25.0;72;7
3;178;3;73;7;9;5;52.0;Fischer & Whitney (2014);Experiment 1b;Orientation;1;11;52.0;-54.0;79.0;-33.0;-30.0;-42.0;73;7
3;158;151;74;7;9;-7;20.0;Fischer & Whitney (2014);Experiment 1b;Orientation;1;11;20.0;72.0;-34.0;-81.0;-13.0;-10.0;74;7
3;123;115;75;7;9;-8;35.0;Fischer & Whitney (2014);Experiment 1b;Orientation;1;11;35.0;55.0;-73.0;1.0;-46.0;22.0;75;7
3;69;73;76;7;9;4;54.0;Fischer & Whitney (2014);Experiment 1b;Orientation;1;11;54.0;89.0;-71.0;-19.0;55.0;8.0;76;7
3;33;54;77;7;9;21;36.0;Fischer & Whitney (2014);Experiment 1b;Orientation;1;11;36.0;90.0;-55.0;-35.0;17.0;-89.0;77;7
3;128;121;78;7;9;-7;85.0;Fischer & Whitney (2014);Experiment 1b;Orientation;1;11;85.0;-59.0;-5.0;30.0;50.0;-78.0;78;7
3;120;127;79;7;9;7;8.0;Fischer & Whitney (2014);Experiment 1b;Orientation;1;11;8.0;-87.0;-51.0;3.0;38.0;58.0;79;7
3;159;159;80;7;9;0;-39.0;Fischer & Whitney (2014);Experiment 1b;Orientation;1;11;-39.0;-31.0;54.0;90.0;-36.0;-1.0;80;7
3;7;29;81;7;9;22;-28.0;Fischer & Whitney (2014);Experiment 1b;Orientation;1;11;-28.0;-67.0;-59.0;26.0;62.0;-64.0;81;7
3;4;5;82;7;9;1;3.0;Fischer & Whitney (2014);Experiment 1b;Orientation;1;11;3.0;-25.0;-64.0;-56.0;29.0;65.0;82;7
3;172;169;83;7;9;-3;12.0;Fischer & Whitney (2014);Experiment 1b;Orientation;1;11;12.0;15.0;-13.0;-52.0;-44.0;41.0;83;7
3;159;167;84;7;9;8;13.0;Fischer & Whitney (2014);Experiment 1b;Orientation;1;11;13.0;25.0;28.0;0.0;-39.0;-31.0;84;7
3;88;87;85;7;9;-1;71.0;Fischer & Whitney (2014);Experiment 1b;Orientation;1;11;71.0;84.0;-84.0;-81.0;71.0;32.0;85;7
3;172;176;86;7;9;4;-84.0;Fischer & Whitney (2014);Experiment 1b;Orientation;1;11;-84.0;-13.0;0.0;12.0;15.0;-13.0;86;7
3;30;38;87;7;9;8;-38.0;Fischer & Whitney (2014);Experiment 1b;Orientation;1;11;-38.0;58.0;-51.0;-38.0;-26.0;-23.0;87;7
3;130;130;88;7;9;0;80.0;Fischer & Whitney (2014);Experiment 1b;Orientation;1;11;80.0;42.0;-42.0;29.0;42.0;54.0;88;7
3;42;52;89;7;9;10;88.0;Fischer & Whitney (2014);Experiment 1b;Orientation;1;11;88.0;-12.0;-50.0;46.0;-63.0;-50.0;89;7
3;28;52;90;7;9;24;14.0;Fischer & Whitney (2014);Experiment 1b;Orientation;1;11;14.0;-78.0;2.0;-36.0;60.0;-49.0;90;7
3;56;55;91;7;9;-1;-28.0;Fischer & Whitney (2014);Experiment 1b;Orientation;1;11;-28.0;-14.0;74.0;-26.0;-64.0;32.0;91;7
3;73;71;92;7;9;-2;-17.0;Fischer & Whitney (2014);Experiment 1b;Orientation;1;11;-17.0;-45.0;-31.0;57.0;-43.0;-81.0;92;7
3;28;60;93;7;9;32;45.0;Fischer & Whitney (2014);Experiment 1b;Orientation;1;11;45.0;28.0;0.0;14.0;-78.0;2.0;93;7
3;171;171;94;7;9;0;37.0;Fischer & Whitney (2014);Experiment 1b;Orientation;1;11;37.0;82.0;65.0;37.0;51.0;-41.0;94;7
3;78;77;95;7;9;-1;-87.0;Fischer & Whitney (2014);Experiment 1b;Orientation;1;11;-87.0;-50.0;-5.0;-22.0;-50.0;-36.0;95;7
3;33;63;96;7;9;30;45.0;Fischer & Whitney (2014);Experiment 1b;Orientation;1;11;45.0;-42.0;-5.0;40.0;23.0;-5.0;96;7
3;160;166;97;7;9;6;53.0;Fischer & Whitney (2014);Experiment 1b;Orientation;1;11;53.0;-82.0;11.0;48.0;-87.0;76.0;97;7
3;3;175;98;7;9;-8;-23.0;Fischer & Whitney (2014);Experiment 1b;Orientation;1;11;-23.0;30.0;75.0;-12.0;25.0;70.0;98;7
3;158;163;99;7;9;5;25.0;Fischer & Whitney (2014);Experiment 1b;Orientation;1;11;25.0;2.0;55.0;-80.0;13.0;50.0;99;7
3;116;126;100;7;9;10;42.0;Fischer & Whitney (2014);Experiment 1b;Orientation;1;11;42.0;67.0;44.0;-83.0;-38.0;55.0;100;7
3;152;156;101;7;9;4;-36.0;Fischer & Whitney (2014);Experiment 1b;Orientation;1;11;-36.0;6.0;31.0;8.0;61.0;-74.0;101;7
3;33;27;102;7;9;-6;-61.0;Fischer & Whitney (2014);Experiment 1b;Orientation;1;11;-61.0;83.0;-55.0;-30.0;-53.0;0.0;102;7
3;135;129;103;7;9;-6;78.0;Fischer & Whitney (2014);Experiment 1b;Orientation;1;11;78.0;17.0;-19.0;23.0;48.0;25.0;103;7
3;69;68;104;7;9;-1;66.0;Fischer & Whitney (2014);Experiment 1b;Orientation;1;11;66.0;-36.0;83.0;47.0;89.0;-66.0;104;7
3;119;124;1;8;9;5;-50.0;Fischer & Whitney (2014);Experiment 1b;Orientation;1;11;;;;;;;1;8
3;178;175;2;8;9;-3;-59.0;Fischer & Whitney (2014);Experiment 1b;Orientation;1;11;;;;;;;2;8
3;67;71;3;8;9;4;-69.0;Fischer & Whitney (2014);Experiment 1b;Orientation;1;11;;;;;;;3;8
3;63;77;4;8;9;14;4.0;Fischer & Whitney (2014);Experiment 1b;Orientation;1;11;;;;;;;4;8
3;112;119;5;8;9;7;-49.0;Fischer & Whitney (2014);Experiment 1b;Orientation;1;11;;;;;;;5;8
3;121;130;6;8;9;9;-9.0;Fischer & Whitney (2014);Experiment 1b;Orientation;1;11;;;;;;;6;8
3;75;79;7;8;9;4;46.0;Fischer & Whitney (2014);Experiment 1b;Orientation;1;11;46.0;37.0;-12.0;-8.0;-77.0;44.0;7;8
3;87;78;8;8;9;-9;-12.0;Fischer & Whitney (2014);Experiment 1b;Orientation;1;11;-12.0;34.0;25.0;-24.0;-20.0;-89.0;8;8
3;60;70;9;8;9;10;27.0;Fischer & Whitney (2014);Experiment 1b;Orientation;1;11;27.0;15.0;61.0;52.0;3.0;7.0;9;8
3;39;46;10;8;9;7;21.0;Fischer & Whitney (2014);Experiment 1b;Orientation;1;11;21.0;48.0;36.0;82.0;73.0;24.0;10;8
3;54;48;11;8;9;-6;-15.0;Fischer & Whitney (2014);Experiment 1b;Orientation;1;11;-15.0;6.0;33.0;21.0;67.0;58.0;11;8
3;98;111;12;8;9;13;-44.0;Fischer & Whitney (2014);Experiment 1b;Orientation;1;11;-44.0;-59.0;-38.0;-11.0;-23.0;23.0;12;8
3;161;165;13;8;9;4;-63.0;Fischer & Whitney (2014);Experiment 1b;Orientation;1;11;-63.0;73.0;58.0;79.0;-74.0;-86.0;13;8
3;20;25;14;8;9;5;-39.0;Fischer & Whitney (2014);Experiment 1b;Orientation;1;11;-39.0;78.0;34.0;19.0;40.0;67.0;14;8
3;45;31;15;8;9;-14;-25.0;Fischer & Whitney (2014);Experiment 1b;Orientation;1;11;-25.0;-64.0;53.0;9.0;-6.0;15.0;15;8
3;95;96;16;8;9;1;-50.0;Fischer & Whitney (2014);Experiment 1b;Orientation;1;11;-50.0;-75.0;66.0;3.0;-41.0;-56.0;16;8
3;45;54;17;8;9;9;50.0;Fischer & Whitney (2014);Experiment 1b;Orientation;1;11;50.0;0.0;-25.0;-64.0;53.0;9.0;17;8
3;77;76;18;8;9;-1;-32.0;Fischer & Whitney (2014);Experiment 1b;Orientation;1;11;-32.0;18.0;-32.0;-57.0;84.0;21.0;18;8
3;78;74;19;8;9;-4;-1.0;Fischer & Whitney (2014);Experiment 1b;Orientation;1;11;-1.0;-33.0;17.0;-33.0;-58.0;83.0;19;8
3;130;142;20;8;9;12;-52.0;Fischer & Whitney (2014);Experiment 1b;Orientation;1;11;-52.0;-53.0;-85.0;-35.0;-85.0;70.0;20;8
3;163;152;21;8;9;-11;-33.0;Fischer & Whitney (2014);Experiment 1b;Orientation;1;11;-33.0;-85.0;-86.0;62.0;-68.0;62.0;21;8
3;119;119;22;8;9;0;44.0;Fischer & Whitney (2014);Experiment 1b;Orientation;1;11;44.0;11.0;-41.0;-42.0;-74.0;-24.0;22;8
3;61;75;23;8;9;14;58.0;Fischer & Whitney (2014);Experiment 1b;Orientation;1;11;58.0;-78.0;69.0;17.0;16.0;-16.0;23;8
3;161;161;24;8;9;0;80.0;Fischer & Whitney (2014);Experiment 1b;Orientation;1;11;80.0;-42.0;2.0;-31.0;-83.0;-84.0;24;8
3;101;102;25;8;9;1;60.0;Fischer & Whitney (2014);Experiment 1b;Orientation;1;11;60.0;-40.0;18.0;62.0;29.0;-23.0;25;8
3;95;103;26;8;9;8;6.0;Fischer & Whitney (2014);Experiment 1b;Orientation;1;11;6.0;66.0;-34.0;24.0;68.0;35.0;26;8
3;12;21;27;8;9;9;83.0;Fischer & Whitney (2014);Experiment 1b;Orientation;1;11;83.0;89.0;-31.0;49.0;-73.0;-29.0;27;8
3;70;76;28;8;9;6;-58.0;Fischer & Whitney (2014);Experiment 1b;Orientation;1;11;-58.0;25.0;31.0;-89.0;-9.0;49.0;28;8
3;23;42;29;8;9;19;47.0;Fischer & Whitney (2014);Experiment 1b;Orientation;1;11;47.0;-11.0;72.0;78.0;-42.0;38.0;29;8
3;13;28;30;8;9;15;10.0;Fischer & Whitney (2014);Experiment 1b;Orientation;1;11;10.0;57.0;-1.0;82.0;88.0;-32.0;30;8
3;105;111;31;8;9;6;88.0;Fischer & Whitney (2014);Experiment 1b;Orientation;1;11;88.0;-82.0;-35.0;87.0;-10.0;-4.0;31;8
3;81;99;32;8;9;18;24.0;Fischer & Whitney (2014);Experiment 1b;Orientation;1;11;24.0;-68.0;-58.0;-11.0;-69.0;14.0;32;8
3;107;111;33;8;9;4;-26.0;Fischer & Whitney (2014);Experiment 1b;Orientation;1;11;-26.0;-2.0;86.0;-84.0;-37.0;85.0;33;8
3;154;150;34;8;9;-4;-47.0;Fischer & Whitney (2014);Experiment 1b;Orientation;1;11;-47.0;-73.0;-49.0;39.0;49.0;-84.0;34;8
3;87;93;35;8;9;6;67.0;Fischer & Whitney (2014);Experiment 1b;Orientation;1;11;67.0;20.0;-6.0;18.0;-74.0;-64.0;35;8
3;103;102;36;8;9;-1;-16.0;Fischer & Whitney (2014);Experiment 1b;Orientation;1;11;-16.0;51.0;4.0;-22.0;2.0;90.0;36;8
3;29;45;37;8;9;16;74.0;Fischer & Whitney (2014);Experiment 1b;Orientation;1;11;74.0;58.0;-55.0;78.0;52.0;76.0;37;8
3;90;90;38;8;9;0;-61.0;Fischer & Whitney (2014);Experiment 1b;Orientation;1;11;-61.0;13.0;-3.0;64.0;17.0;-9.0;38;8
3;78;79;39;8;9;1;12.0;Fischer & Whitney (2014);Experiment 1b;Orientation;1;11;12.0;-49.0;25.0;9.0;76.0;29.0;39;8
3;17;17;40;8;9;0;61.0;Fischer & Whitney (2014);Experiment 1b;Orientation;1;11;61.0;73.0;12.0;86.0;70.0;-43.0;40;8
3;83;82;41;8;9;-1;-66.0;Fischer & Whitney (2014);Experiment 1b;Orientation;1;11;-66.0;-5.0;7.0;-54.0;20.0;4.0;41;8
3;125;126;42;8;9;1;-42.0;Fischer & Whitney (2014);Experiment 1b;Orientation;1;11;-42.0;72.0;-47.0;-35.0;84.0;-22.0;42;8
3;68;79;43;8;9;11;57.0;Fischer & Whitney (2014);Experiment 1b;Orientation;1;11;57.0;15.0;-51.0;10.0;22.0;-39.0;43;8
3;150;145;44;8;9;-5;-82.0;Fischer & Whitney (2014);Experiment 1b;Orientation;1;11;-82.0;-25.0;-67.0;47.0;-72.0;-60.0;44;8
3;88;100;45;8;9;12;62.0;Fischer & Whitney (2014);Experiment 1b;Orientation;1;11;62.0;-20.0;37.0;-5.0;-71.0;-10.0;45;8
3;26;44;46;8;9;18;62.0;Fischer & Whitney (2014);Experiment 1b;Orientation;1;11;62.0;-56.0;42.0;-81.0;57.0;-9.0;46;8
3;173;169;47;8;9;-4;33.0;Fischer & Whitney (2014);Experiment 1b;Orientation;1;11;33.0;-85.0;-23.0;75.0;-48.0;90.0;47;8
3;178;177;48;8;9;-1;-5.0;Fischer & Whitney (2014);Experiment 1b;Orientation;1;11;-5.0;28.0;90.0;-28.0;70.0;-53.0;48;8
3;152;163;49;8;9;11;26.0;Fischer & Whitney (2014);Experiment 1b;Orientation;1;11;26.0;21.0;54.0;-64.0;-2.0;-84.0;49;8
3;10;20;50;8;9;10;-38.0;Fischer & Whitney (2014);Experiment 1b;Orientation;1;11;-38.0;-12.0;-17.0;16.0;78.0;-40.0;50;8
3;107;112;51;8;9;5;83.0;Fischer & Whitney (2014);Experiment 1b;Orientation;1;11;83.0;45.0;71.0;66.0;-81.0;-19.0;51;8
3;104;108;52;8;9;4;3.0;Fischer & Whitney (2014);Experiment 1b;Orientation;1;11;3.0;86.0;48.0;74.0;69.0;-78.0;52;8
3;99;98;53;8;9;-1;5.0;Fischer & Whitney (2014);Experiment 1b;Orientation;1;11;5.0;8.0;-89.0;53.0;79.0;74.0;53;8
3;96;97;54;8;9;1;3.0;Fischer & Whitney (2014);Experiment 1b;Orientation;1;11;3.0;8.0;11.0;-86.0;56.0;82.0;54;8
3;140;141;55;8;9;1;-44.0;Fischer & Whitney (2014);Experiment 1b;Orientation;1;11;-44.0;-41.0;-36.0;-33.0;50.0;12.0;55;8
3;92;95;56;8;9;3;48.0;Fischer & Whitney (2014);Experiment 1b;Orientation;1;11;48.0;4.0;7.0;12.0;15.0;-82.0;56;8
3;12;14;57;8;9;2;80.0;Fischer & Whitney (2014);Experiment 1b;Orientation;1;11;80.0;-52.0;84.0;87.0;-88.0;-85.0;57;8
3;76;75;58;8;9;-1;-64.0;Fischer & Whitney (2014);Experiment 1b;Orientation;1;11;-64.0;16.0;64.0;20.0;23.0;28.0;58;8
3;85;76;59;8;9;-9;-9.0;Fischer & Whitney (2014);Experiment 1b;Orientation;1;11;-9.0;-73.0;7.0;55.0;11.0;14.0;59;8
3;150;143;60;8;9;-7;-65.0;Fischer & Whitney (2014);Experiment 1b;Orientation;1;11;-65.0;-74.0;42.0;-58.0;-10.0;-54.0;60;8
3;18;23;61;8;9;5;-48.0;Fischer & Whitney (2014);Experiment 1b;Orientation;1;11;-48.0;67.0;58.0;-6.0;74.0;-58.0;61;8
3;97;101;62;8;9;4;-79.0;Fischer & Whitney (2014);Experiment 1b;Orientation;1;11;-79.0;53.0;-12.0;-21.0;-85.0;-5.0;62;8
3;129;116;63;8;9;-13;-32.0;Fischer & Whitney (2014);Experiment 1b;Orientation;1;11;-32.0;69.0;21.0;-44.0;-53.0;63.0;63;8
3;142;151;64;8;9;9;-13.0;Fischer & Whitney (2014);Experiment 1b;Orientation;1;11;-13.0;-45.0;56.0;8.0;-57.0;-66.0;64;8
3;172;160;65;8;9;-12;-30.0;Fischer & Whitney (2014);Experiment 1b;Orientation;1;11;-30.0;-43.0;-75.0;26.0;-22.0;-87.0;65;8
3;101;104;66;8;9;3;71.0;Fischer & Whitney (2014);Experiment 1b;Orientation;1;11;71.0;41.0;28.0;-4.0;-83.0;49.0;66;8
3;157;157;67;8;9;0;-56.0;Fischer & Whitney (2014);Experiment 1b;Orientation;1;11;-56.0;15.0;-15.0;-28.0;-60.0;41.0;67;8
3;58;70;68;8;9;12;-81.0;Fischer & Whitney (2014);Experiment 1b;Orientation;1;11;-81.0;43.0;-66.0;84.0;71.0;39.0;68;8
3;13;17;69;8;9;4;45.0;Fischer & Whitney (2014);Experiment 1b;Orientation;1;11;45.0;-36.0;88.0;-21.0;-51.0;-64.0;69;8
3;125;141;70;8;9;16;68.0;Fischer & Whitney (2014);Experiment 1b;Orientation;1;11;68.0;-67.0;32.0;-24.0;47.0;17.0;70;8
3;153;143;71;8;9;-10;-28.0;Fischer & Whitney (2014);Experiment 1b;Orientation;1;11;-28.0;40.0;85.0;4.0;-52.0;19.0;71;8
3;114;110;72;8;9;-4;39.0;Fischer & Whitney (2014);Experiment 1b;Orientation;1;11;39.0;11.0;79.0;-56.0;43.0;-13.0;72;8
3;176;168;73;8;9;-8;-62.0;Fischer & Whitney (2014);Experiment 1b;Orientation;1;11;-62.0;-23.0;-51.0;17.0;62.0;-19.0;73;8
3;79;79;74;8;9;0;-83.0;Fischer & Whitney (2014);Experiment 1b;Orientation;1;11;-83.0;35.0;74.0;46.0;-66.0;-21.0;74;8
3;52;63;75;8;9;11;27.0;Fischer & Whitney (2014);Experiment 1b;Orientation;1;11;27.0;-56.0;62.0;-79.0;73.0;-39.0;75;8
3;91;99;76;8;9;8;-39.0;Fischer & Whitney (2014);Experiment 1b;Orientation;1;11;-39.0;-12.0;85.0;23.0;62.0;34.0;76;8
3;122;123;77;8;9;1;-31.0;Fischer & Whitney (2014);Experiment 1b;Orientation;1;11;-31.0;-70.0;-43.0;54.0;-8.0;31.0;77;8
3;1;1;78;8;9;0;-59.0;Fischer & Whitney (2014);Experiment 1b;Orientation;1;11;-59.0;90.0;51.0;78.0;-5.0;-67.0;78;8
3;6;0;79;8;9;-6;-5.0;Fischer & Whitney (2014);Experiment 1b;Orientation;1;11;-5.0;-64.0;85.0;46.0;73.0;-10.0;79;8
3;160;164;80;8;9;4;26.0;Fischer & Whitney (2014);Experiment 1b;Orientation;1;11;26.0;21.0;-38.0;-69.0;72.0;-81.0;80;8
3;12;6;81;8;9;-6;-32.0;Fischer & Whitney (2014);Experiment 1b;Orientation;1;11;-32.0;-6.0;-11.0;-70.0;79.0;40.0;81;8
3;128;122;82;8;9;-6;64.0;Fischer & Whitney (2014);Experiment 1b;Orientation;1;11;64.0;32.0;58.0;53.0;-6.0;-37.0;82;8
3;125;116;83;8;9;-9;3.0;Fischer & Whitney (2014);Experiment 1b;Orientation;1;11;3.0;67.0;35.0;61.0;56.0;-3.0;83;8
3;79;77;84;8;9;-2;46.0;Fischer & Whitney (2014);Experiment 1b;Orientation;1;11;46.0;49.0;-67.0;81.0;-73.0;-78.0;84;8
3;27;50;85;8;9;23;52.0;Fischer & Whitney (2014);Experiment 1b;Orientation;1;11;52.0;-82.0;-79.0;-15.0;-47.0;-21.0;85;8
3;24;30;86;8;9;6;3.0;Fischer & Whitney (2014);Experiment 1b;Orientation;1;11;3.0;55.0;-79.0;-76.0;-12.0;-44.0;86;8
3;36;50;87;8;9;14;-12.0;Fischer & Whitney (2014);Experiment 1b;Orientation;1;11;-12.0;-9.0;43.0;89.0;-88.0;-24.0;87;8
3;25;34;88;8;9;9;11.0;Fischer & Whitney (2014);Experiment 1b;Orientation;1;11;11.0;-1.0;2.0;54.0;-80.0;-77.0;88;8
3;99;100;89;8;9;1;-74.0;Fischer & Whitney (2014);Experiment 1b;Orientation;1;11;-74.0;-63.0;-75.0;-72.0;-20.0;26.0;89;8
3;72;79;90;8;9;7;27.0;Fischer & Whitney (2014);Experiment 1b;Orientation;1;11;27.0;-47.0;-36.0;-48.0;-45.0;7.0;90;8
3;25;31;91;8;9;6;47.0;Fischer & Whitney (2014);Experiment 1b;Orientation;1;11;47.0;74.0;0.0;11.0;-1.0;2.0;91;8
3;178;8;92;8;9;10;27.0;Fischer & Whitney (2014);Experiment 1b;Orientation;1;11;27.0;74.0;-79.0;27.0;38.0;26.0;92;8
3;73;71;93;8;9;-2;-75.0;Fischer & Whitney (2014);Experiment 1b;Orientation;1;11;-75.0;-48.0;-1.0;26.0;-48.0;-37.0;93;8
3;122;122;94;8;9;0;-49.0;Fischer & Whitney (2014);Experiment 1b;Orientation;1;11;-49.0;56.0;83.0;-50.0;-23.0;83.0;94;8
3;128;116;95;8;9;-12;-6.0;Fischer & Whitney (2014);Experiment 1b;Orientation;1;11;-6.0;-55.0;50.0;77.0;-56.0;-29.0;95;8
3;23;33;96;8;9;10;-75.0;Fischer & Whitney (2014);Experiment 1b;Orientation;1;11;-75.0;-81.0;50.0;-25.0;2.0;49.0;96;8
3;161;160;97;8;9;-1;42.0;Fischer & Whitney (2014);Experiment 1b;Orientation;1;11;42.0;-33.0;-39.0;-88.0;17.0;44.0;97;8
3;145;137;98;8;9;-8;16.0;Fischer & Whitney (2014);Experiment 1b;Orientation;1;11;16.0;58.0;-17.0;-23.0;-72.0;33.0;98;8
3;57;66;99;8;9;9;88.0;Fischer & Whitney (2014);Experiment 1b;Orientation;1;11;88.0;-76.0;-34.0;71.0;65.0;16.0;99;8
3;159;150;100;8;9;-9;78.0;Fischer & Whitney (2014);Experiment 1b;Orientation;1;11;78.0;-14.0;2.0;44.0;-31.0;-37.0;100;8
3;166;163;101;8;9;-3;-7.0;Fischer & Whitney (2014);Experiment 1b;Orientation;1;11;-7.0;71.0;-21.0;-5.0;37.0;-38.0;101;8
3;102;110;102;8;9;8;64.0;Fischer & Whitney (2014);Experiment 1b;Orientation;1;11;64.0;57.0;-45.0;43.0;59.0;-79.0;102;8
3;135;119;103;8;9;-16;-33.0;Fischer & Whitney (2014);Experiment 1b;Orientation;1;11;-33.0;31.0;24.0;-78.0;10.0;26.0;103;8
3;109;110;104;8;9;1;26.0;Fischer & Whitney (2014);Experiment 1b;Orientation;1;11;26.0;-7.0;57.0;50.0;-52.0;36.0;104;8
4;13;110;1;1;9;-83;;Fischer & Whitney (2014);Experiment 1b;Orientation;1;11;;;;;;;1;1
4;138;116;2;1;9;-22;55.0;Fischer & Whitney (2014);Experiment 1b;Orientation;1;11;;;;;;;2;1
4;166;154;3;1;9;-12;-28.0;Fischer & Whitney (2014);Experiment 1b;Orientation;1;11;;;;;;;3;1
4;123;133;4;1;9;10;43.0;Fischer & Whitney (2014);Experiment 1b;Orientation;1;11;;;;;;;4;1
4;105;117;5;1;9;12;18.0;Fischer & Whitney (2014);Experiment 1b;Orientation;1;11;;;;;;;5;1
4;128;117;6;1;9;-11;-23.0;Fischer & Whitney (2014);Experiment 1b;Orientation;1;11;;;;;;;6;1
4;109;115;7;1;9;6;19.0;Fischer & Whitney (2014);Experiment 1b;Orientation;1;11;19.0;-4.0;14.0;57.0;29.0;84.0;7;1
4;169;128;8;1;9;-41;-60.0;Fischer & Whitney (2014);Experiment 1b;Orientation;1;11;-60.0;-41.0;-64.0;-46.0;-3.0;-31.0;8;1
4;135;122;9;1;9;-13;34.0;Fischer & Whitney (2014);Experiment 1b;Orientation;1;11;34.0;-26.0;-7.0;-30.0;-12.0;31.0;9;1
4;177;151;10;1;9;-26;-42.0;Fischer & Whitney (2014);Experiment 1b;Orientation;1;11;-42.0;-8.0;-68.0;-49.0;-72.0;-54.0;10;1
4;172;168;11;1;9;-4;5.0;Fischer & Whitney (2014);Experiment 1b;Orientation;1;11;5.0;-37.0;-3.0;-63.0;-44.0;-67.0;11;1
4;44;64;12;1;9;20;-52.0;Fischer & Whitney (2014);Experiment 1b;Orientation;1;11;-52.0;-47.0;-89.0;-55.0;65.0;84.0;12;1
4;158;159;13;1;9;1;66.0;Fischer & Whitney (2014);Experiment 1b;Orientation;1;11;66.0;14.0;19.0;-23.0;11.0;-49.0;13;1
4;16;55;14;1;9;39;-38.0;Fischer & Whitney (2014);Experiment 1b;Orientation;1;11;-38.0;28.0;-24.0;-19.0;-61.0;-27.0;14;1
4;111;115;15;1;9;4;85.0;Fischer & Whitney (2014);Experiment 1b;Orientation;1;11;85.0;47.0;-67.0;61.0;66.0;24.0;15;1
4;91;105;16;1;9;14;20.0;Fischer & Whitney (2014);Experiment 1b;Orientation;1;11;20.0;-75.0;67.0;-47.0;81.0;86.0;16;1
4;23;39;17;1;9;16;68.0;Fischer & Whitney (2014);Experiment 1b;Orientation;1;11;68.0;88.0;-7.0;-45.0;21.0;-31.0;17;1
4;156;124;18;1;9;-32;47.0;Fischer & Whitney (2014);Experiment 1b;Orientation;1;11;47.0;-65.0;-45.0;40.0;2.0;68.0;18;1
4;133;120;19;1;9;-13;23.0;Fischer & Whitney (2014);Experiment 1b;Orientation;1;11;23.0;70.0;-42.0;-22.0;63.0;25.0;19;1
4;128;136;20;1;9;8;5.0;Fischer & Whitney (2014);Experiment 1b;Orientation;1;11;5.0;28.0;75.0;-37.0;-17.0;68.0;20;1
4;68;63;21;1;9;-5;60.0;Fischer & Whitney (2014);Experiment 1b;Orientation;1;11;60.0;65.0;88.0;-45.0;23.0;43.0;21;1
4;55;55;22;1;9;0;13.0;Fischer & Whitney (2014);Experiment 1b;Orientation;1;11;13.0;73.0;78.0;-79.0;-32.0;36.0;22;1
4;23;38;23;1;9;15;32.0;Fischer & Whitney (2014);Experiment 1b;Orientation;1;11;32.0;45.0;-75.0;-70.0;-47.0;0.0;23;1
4;53;65;24;1;9;12;-30.0;Fischer & Whitney (2014);Experiment 1b;Orientation;1;11;-30.0;2.0;15.0;75.0;80.0;-77.0;24;1
4;146;134;25;1;9;-12;87.0;Fischer & Whitney (2014);Experiment 1b;Orientation;1;11;87.0;57.0;89.0;-78.0;-18.0;-13.0;25;1
4;161;173;26;1;9;12;-15.0;Fischer & Whitney (2014);Experiment 1b;Orientation;1;11;-15.0;72.0;42.0;74.0;87.0;-33.0;26;1
4;178;170;27;1;9;-8;-17.0;Fischer & Whitney (2014);Experiment 1b;Orientation;1;11;-17.0;-32.0;55.0;25.0;57.0;70.0;27;1
4;137;120;28;1;9;-17;41.0;Fischer & Whitney (2014);Experiment 1b;Orientation;1;11;41.0;24.0;9.0;-84.0;66.0;-82.0;28;1
4;107;112;29;1;9;5;30.0;Fischer & Whitney (2014);Experiment 1b;Orientation;1;11;30.0;71.0;54.0;39.0;-54.0;-84.0;29;1
4;87;93;30;1;9;6;20.0;Fischer & Whitney (2014);Experiment 1b;Orientation;1;11;20.0;50.0;-89.0;74.0;59.0;-34.0;30;1
4;15;26;31;1;9;11;72.0;Fischer & Whitney (2014);Experiment 1b;Orientation;1;11;72.0;-88.0;-58.0;-17.0;-34.0;-49.0;31;1
4;103;108;32;1;9;5;-88.0;Fischer & Whitney (2014);Experiment 1b;Orientation;1;11;-88.0;-16.0;4.0;34.0;75.0;58.0;32;1
4;136;124;33;1;9;-12;-33.0;Fischer & Whitney (2014);Experiment 1b;Orientation;1;11;-33.0;59.0;-49.0;-29.0;1.0;42.0;33;1
4;75;65;34;1;9;-10;61.0;Fischer & Whitney (2014);Experiment 1b;Orientation;1;11;61.0;28.0;-60.0;12.0;32.0;62.0;34;1
4;81;68;35;1;9;-13;-6.0;Fischer & Whitney (2014);Experiment 1b;Orientation;1;11;-6.0;55.0;22.0;-66.0;6.0;26.0;35;1
4;84;81;36;1;9;-3;-3.0;Fischer & Whitney (2014);Experiment 1b;Orientation;1;11;-3.0;-9.0;52.0;19.0;-69.0;3.0;36;1
4;172;126;37;1;9;-46;-88.0;Fischer & Whitney (2014);Experiment 1b;Orientation;1;11;-88.0;89.0;83.0;-36.0;-69.0;23.0;37;1
4;122;125;38;1;9;3;50.0;Fischer & Whitney (2014);Experiment 1b;Orientation;1;11;50.0;-38.0;-41.0;-47.0;14.0;-19.0;38;1
4;9;56;39;1;9;47;-67.0;Fischer & Whitney (2014);Experiment 1b;Orientation;1;11;-67.0;-17.0;75.0;72.0;66.0;-53.0;39;1
4;45;60;40;1;9;15;-36.0;Fischer & Whitney (2014);Experiment 1b;Orientation;1;11;-36.0;77.0;-53.0;39.0;36.0;30.0;40;1
4;159;142;41;1;9;-17;66.0;Fischer & Whitney (2014);Experiment 1b;Orientation;1;11;66.0;30.0;-37.0;13.0;-75.0;-78.0;41;1
4;142;131;42;1;9;-11;17.0;Fischer & Whitney (2014);Experiment 1b;Orientation;1;11;17.0;83.0;47.0;-20.0;30.0;-58.0;42;1
4;85;84;43;1;9;-1;57.0;Fischer & Whitney (2014);Experiment 1b;Orientation;1;11;57.0;74.0;-40.0;-76.0;37.0;87.0;43;1
4;60;51;44;1;9;-9;25.0;Fischer & Whitney (2014);Experiment 1b;Orientation;1;11;25.0;82.0;-81.0;-15.0;-51.0;62.0;44;1
4;7;6;45;1;9;-1;53.0;Fischer & Whitney (2014);Experiment 1b;Orientation;1;11;53.0;78.0;-45.0;-28.0;38.0;2.0;45;1
4;63;56;46;1;9;-7;-56.0;Fischer & Whitney (2014);Experiment 1b;Orientation;1;11;-56.0;-3.0;22.0;79.0;-84.0;-18.0;46;1
4;49;49;47;1;9;0;14.0;Fischer & Whitney (2014);Experiment 1b;Orientation;1;11;14.0;-42.0;11.0;36.0;-87.0;-70.0;47;1
4;148;128;48;1;9;-20;81.0;Fischer & Whitney (2014);Experiment 1b;Orientation;1;11;81.0;-85.0;39.0;-88.0;-63.0;-6.0;48;1
4;108;103;49;1;9;-5;40.0;Fischer & Whitney (2014);Experiment 1b;Orientation;1;11;40.0;-59.0;-45.0;79.0;-48.0;-23.0;49;1
4;81;84;50;1;9;3;27.0;Fischer & Whitney (2014);Experiment 1b;Orientation;1;11;27.0;67.0;-32.0;-18.0;-74.0;-21.0;50;1
4;104;100;51;1;9;-4;-23.0;Fischer & Whitney (2014);Experiment 1b;Orientation;1;11;-23.0;4.0;44.0;-55.0;-41.0;83.0;51;1
4;32;54;52;1;9;22;72.0;Fischer & Whitney (2014);Experiment 1b;Orientation;1;11;72.0;49.0;76.0;-64.0;17.0;31.0;52;1
4;10;49;53;1;9;39;22.0;Fischer & Whitney (2014);Experiment 1b;Orientation;1;11;22.0;-86.0;71.0;-82.0;-42.0;39.0;53;1
4;84;82;54;1;9;-2;-74.0;Fischer & Whitney (2014);Experiment 1b;Orientation;1;11;-74.0;-52.0;20.0;-3.0;24.0;64.0;54;1
4;45;52;55;1;9;7;39.0;Fischer & Whitney (2014);Experiment 1b;Orientation;1;11;39.0;-35.0;-13.0;59.0;36.0;63.0;55;1
4;0;2;56;1;9;2;45.0;Fischer & Whitney (2014);Experiment 1b;Orientation;1;11;45.0;84.0;10.0;32.0;-76.0;81.0;56;1
4;44;60;57;1;9;16;-44.0;Fischer & Whitney (2014);Experiment 1b;Orientation;1;11;-44.0;1.0;40.0;-34.0;-12.0;60.0;57;1
4;145;135;58;1;9;-10;79.0;Fischer & Whitney (2014);Experiment 1b;Orientation;1;11;79.0;35.0;80.0;-61.0;45.0;67.0;58;1
4;79;70;59;1;9;-9;66.0;Fischer & Whitney (2014);Experiment 1b;Orientation;1;11;66.0;-35.0;-79.0;-34.0;5.0;-69.0;59;1
4;149;128;60;1;9;-21;-70.0;Fischer & Whitney (2014);Experiment 1b;Orientation;1;11;-70.0;-4.0;75.0;31.0;76.0;-65.0;60;1
4;123;123;61;1;9;0;26.0;Fischer & Whitney (2014);Experiment 1b;Orientation;1;11;26.0;-44.0;22.0;-79.0;57.0;-78.0;61;1
4;117;120;62;1;9;3;6.0;Fischer & Whitney (2014);Experiment 1b;Orientation;1;11;6.0;32.0;-38.0;28.0;-73.0;63.0;62;1
4;135;117;63;1;9;-18;-18.0;Fischer & Whitney (2014);Experiment 1b;Orientation;1;11;-18.0;-12.0;14.0;-56.0;10.0;89.0;63;1
4;142;136;64;1;9;-6;-7.0;Fischer & Whitney (2014);Experiment 1b;Orientation;1;11;-7.0;-25.0;-19.0;7.0;-63.0;3.0;64;1
4;164;75;65;1;9;-89;-22.0;Fischer & Whitney (2014);Experiment 1b;Orientation;1;11;-22.0;-29.0;-47.0;-41.0;-15.0;-85.0;65;1
4;138;115;66;1;9;-23;26.0;Fischer & Whitney (2014);Experiment 1b;Orientation;1;11;26.0;4.0;-3.0;-21.0;-15.0;11.0;66;1
4;98;76;67;1;9;-22;40.0;Fischer & Whitney (2014);Experiment 1b;Orientation;1;11;40.0;66.0;44.0;37.0;19.0;25.0;67;1
4;77;81;68;1;9;4;21.0;Fischer & Whitney (2014);Experiment 1b;Orientation;1;11;21.0;61.0;87.0;65.0;58.0;40.0;68;1
4;59;62;69;1;9;3;18.0;Fischer & Whitney (2014);Experiment 1b;Orientation;1;11;18.0;39.0;79.0;-75.0;83.0;76.0;69;1
4;28;37;70;1;9;9;31.0;Fischer & Whitney (2014);Experiment 1b;Orientation;1;11;31.0;49.0;70.0;-70.0;-44.0;-66.0;70;1
4;85;73;71;1;9;-12;-57.0;Fischer & Whitney (2014);Experiment 1b;Orientation;1;11;-57.0;-26.0;-8.0;13.0;53.0;79.0;71;1
4;118;119;72;1;9;1;-33.0;Fischer & Whitney (2014);Experiment 1b;Orientation;1;11;-33.0;90.0;-59.0;-41.0;-20.0;20.0;72;1
4;27;45;73;1;9;18;-89.0;Fischer & Whitney (2014);Experiment 1b;Orientation;1;11;-89.0;58.0;1.0;32.0;50.0;71.0;73;1
4;154;131;74;1;9;-23;53.0;Fischer & Whitney (2014);Experiment 1b;Orientation;1;11;53.0;-36.0;-69.0;54.0;85.0;-77.0;74;1
4;110;108;75;1;9;-2;44.0;Fischer & Whitney (2014);Experiment 1b;Orientation;1;11;44.0;-83.0;8.0;-25.0;-82.0;-51.0;75;1
4;9;8;76;1;9;-1;-79.0;Fischer & Whitney (2014);Experiment 1b;Orientation;1;11;-79.0;-35.0;18.0;-71.0;76.0;19.0;76;1
4;44;60;77;1;9;16;-35.0;Fischer & Whitney (2014);Experiment 1b;Orientation;1;11;-35.0;66.0;-70.0;-17.0;74.0;41.0;77;1
4;158;146;78;1;9;-12;66.0;Fischer & Whitney (2014);Experiment 1b;Orientation;1;11;66.0;31.0;-48.0;-4.0;49.0;-40.0;78;1
4;152;117;79;1;9;-35;6.0;Fischer & Whitney (2014);Experiment 1b;Orientation;1;11;6.0;72.0;37.0;-42.0;2.0;55.0;79;1
4;2;26;80;1;9;24;-30.0;Fischer & Whitney (2014);Experiment 1b;Orientation;1;11;-30.0;-24.0;42.0;7.0;-72.0;-28.0;80;1
4;40;54;81;1;9;14;-38.0;Fischer & Whitney (2014);Experiment 1b;Orientation;1;11;-38.0;-68.0;-62.0;4.0;-31.0;70.0;81;1
4;17;14;82;1;9;-3;23.0;Fischer & Whitney (2014);Experiment 1b;Orientation;1;11;23.0;-15.0;-45.0;-39.0;27.0;-8.0;82;1
4;63;128;83;1;9;65;-46.0;Fischer & Whitney (2014);Experiment 1b;Orientation;1;11;-46.0;-23.0;-61.0;89.0;-85.0;-19.0;83;1
4;35;34;84;1;9;-1;28.0;Fischer & Whitney (2014);Experiment 1b;Orientation;1;11;28.0;-18.0;5.0;-33.0;-63.0;-57.0;84;1
4;7;80;85;1;9;73;28.0;Fischer & Whitney (2014);Experiment 1b;Orientation;1;11;28.0;56.0;10.0;33.0;-5.0;-35.0;85;1
4;149;128;86;1;9;-21;38.0;Fischer & Whitney (2014);Experiment 1b;Orientation;1;11;38.0;66.0;-86.0;48.0;71.0;33.0;86;1
4;132;123;87;1;9;-9;17.0;Fischer & Whitney (2014);Experiment 1b;Orientation;1;11;17.0;55.0;83.0;-69.0;65.0;88.0;87;1
4;168;166;88;1;9;-2;-36.0;Fischer & Whitney (2014);Experiment 1b;Orientation;1;11;-36.0;-19.0;19.0;47.0;75.0;29.0;88;1
4;45;127;89;1;9;82;-57.0;Fischer & Whitney (2014);Experiment 1b;Orientation;1;11;-57.0;87.0;-76.0;-38.0;-10.0;18.0;89;1
4;22;44;90;1;9;22;23.0;Fischer & Whitney (2014);Experiment 1b;Orientation;1;11;23.0;-34.0;-70.0;-53.0;-15.0;13.0;90;1
4;94;96;91;1;9;2;-72.0;Fischer & Whitney (2014);Experiment 1b;Orientation;1;11;-72.0;-49.0;74.0;38.0;55.0;-87.0;91;1
4;42;49;92;1;9;7;52.0;Fischer & Whitney (2014);Experiment 1b;Orientation;1;11;52.0;-20.0;3.0;-54.0;90.0;-73.0;92;1
4;82;93;93;1;9;11;-40.0;Fischer & Whitney (2014);Experiment 1b;Orientation;1;11;-40.0;12.0;-60.0;-37.0;86.0;50.0;93;1
4;61;68;94;1;9;7;21.0;Fischer & Whitney (2014);Experiment 1b;Orientation;1;11;21.0;-19.0;33.0;-39.0;-16.0;-73.0;94;1
4;31;48;95;1;9;17;30.0;Fischer & Whitney (2014);Experiment 1b;Orientation;1;11;30.0;51.0;11.0;63.0;-9.0;14.0;95;1
4;71;51;96;1;9;-20;-40.0;Fischer & Whitney (2014);Experiment 1b;Orientation;1;11;-40.0;-10.0;11.0;-29.0;23.0;-49.0;96;1
4;3;24;97;1;9;21;68.0;Fischer & Whitney (2014);Experiment 1b;Orientation;1;11;68.0;28.0;58.0;79.0;39.0;-89.0;97;1
4;21;22;98;1;9;1;-18.0;Fischer & Whitney (2014);Experiment 1b;Orientation;1;11;-18.0;50.0;10.0;40.0;61.0;21.0;98;1
4;86;71;99;1;9;-15;-65.0;Fischer & Whitney (2014);Experiment 1b;Orientation;1;11;-65.0;-83.0;-15.0;-55.0;-25.0;-4.0;99;1
4;139;126;100;1;9;-13;-53.0;Fischer & Whitney (2014);Experiment 1b;Orientation;1;11;-53.0;62.0;44.0;-68.0;72.0;-78.0;100;1
4;117;124;101;1;9;7;22.0;Fischer & Whitney (2014);Experiment 1b;Orientation;1;11;22.0;-31.0;84.0;66.0;-46.0;-86.0;101;1
4;97;119;102;1;9;22;20.0;Fischer & Whitney (2014);Experiment 1b;Orientation;1;11;20.0;42.0;-11.0;-76.0;86.0;-26.0;102;1
4;90;82;103;1;9;-8;7.0;Fischer & Whitney (2014);Experiment 1b;Orientation;1;11;7.0;27.0;49.0;-4.0;-69.0;-87.0;103;1
4;75;101;104;1;9;26;15.0;Fischer & Whitney (2014);Experiment 1b;Orientation;1;11;15.0;22.0;42.0;64.0;11.0;-54.0;104;1
4;12;62;1;2;9;50;63.0;Fischer & Whitney (2014);Experiment 1b;Orientation;1;11;;;;;;;1;2
4;145;127;2;2;9;-18;47.0;Fischer & Whitney (2014);Experiment 1b;Orientation;1;11;;;;;;;2;2
4;46;53;3;2;9;7;-81.0;Fischer & Whitney (2014);Experiment 1b;Orientation;1;11;;;;;;;3;2
4;176;113;4;2;9;-63;50.0;Fischer & Whitney (2014);Experiment 1b;Orientation;1;11;;;;;;;4;2
4;121;117;5;2;9;-4;55.0;Fischer & Whitney (2014);Experiment 1b;Orientation;1;11;;;;;;;5;2
4;9;178;6;2;9;-11;-68.0;Fischer & Whitney (2014);Experiment 1b;Orientation;1;11;;;;;;;6;2
4;15;28;7;2;9;13;-6.0;Fischer & Whitney (2014);Experiment 1b;Orientation;1;11;-6.0;-74.0;-19.0;31.0;-50.0;-3.0;7;2
4;161;132;8;2;9;-29;34.0;Fischer & Whitney (2014);Experiment 1b;Orientation;1;11;34.0;28.0;-40.0;15.0;65.0;-16.0;8;2
4;63;61;9;2;9;-2;-82.0;Fischer & Whitney (2014);Experiment 1b;Orientation;1;11;-82.0;-48.0;-54.0;58.0;-67.0;-17.0;9;2
4;121;115;10;2;9;-6;-58.0;Fischer & Whitney (2014);Experiment 1b;Orientation;1;11;-58.0;40.0;74.0;68.0;0.0;55.0;10;2
4;83;76;11;2;9;-7;38.0;Fischer & Whitney (2014);Experiment 1b;Orientation;1;11;38.0;-20.0;78.0;-68.0;-74.0;38.0;11;2
4;155;113;12;2;9;-42;-72.0;Fischer & Whitney (2014);Experiment 1b;Orientation;1;11;-72.0;-34.0;88.0;6.0;40.0;34.0;12;2
4;41;115;13;2;9;74;-66.0;Fischer & Whitney (2014);Experiment 1b;Orientation;1;11;-66.0;42.0;80.0;22.0;-60.0;-26.0;13;2
4;17;15;14;2;9;-2;24.0;Fischer & Whitney (2014);Experiment 1b;Orientation;1;11;24.0;-42.0;66.0;-76.0;46.0;-36.0;14;2
4;146;136;15;2;9;-10;51.0;Fischer & Whitney (2014);Experiment 1b;Orientation;1;11;51.0;75.0;9.0;-63.0;-25.0;-83.0;15;2
4;119;119;16;2;9;0;27.0;Fischer & Whitney (2014);Experiment 1b;Orientation;1;11;27.0;78.0;-78.0;36.0;-36.0;2.0;16;2
4;132;127;17;2;9;-5;-13.0;Fischer & Whitney (2014);Experiment 1b;Orientation;1;11;-13.0;14.0;65.0;89.0;23.0;-49.0;17;2
4;8;38;18;2;9;30;-56.0;Fischer & Whitney (2014);Experiment 1b;Orientation;1;11;-56.0;-69.0;-42.0;9.0;33.0;-33.0;18;2
4;26;117;19;2;9;-89;-18.0;Fischer & Whitney (2014);Experiment 1b;Orientation;1;11;-18.0;-74.0;-87.0;-60.0;-9.0;15.0;19;2
4;66;50;20;2;9;-16;-40.0;Fischer & Whitney (2014);Experiment 1b;Orientation;1;11;-40.0;-58.0;66.0;53.0;80.0;-49.0;20;2
4;55;53;21;2;9;-2;11.0;Fischer & Whitney (2014);Experiment 1b;Orientation;1;11;11.0;-29.0;-47.0;77.0;64.0;-89.0;21;2
4;33;6;22;2;9;-27;22.0;Fischer & Whitney (2014);Experiment 1b;Orientation;1;11;22.0;33.0;-7.0;-25.0;-81.0;86.0;22;2
4;66;56;23;2;9;-10;-33.0;Fischer & Whitney (2014);Experiment 1b;Orientation;1;11;-33.0;-11.0;0.0;-40.0;-58.0;66.0;23;2
4;168;165;24;2;9;-3;78.0;Fischer & Whitney (2014);Experiment 1b;Orientation;1;11;78.0;45.0;67.0;78.0;38.0;20.0;24;2
4;85;53;25;2;9;-32;83.0;Fischer & Whitney (2014);Experiment 1b;Orientation;1;11;83.0;-19.0;-52.0;-30.0;-19.0;-59.0;25;2
4;94;96;26;2;9;2;-9.0;Fischer & Whitney (2014);Experiment 1b;Orientation;1;11;-9.0;74.0;-28.0;-61.0;-39.0;-28.0;26;2
4;100;103;27;2;9;3;-6.0;Fischer & Whitney (2014);Experiment 1b;Orientation;1;11;-6.0;-15.0;68.0;-34.0;-67.0;-45.0;27;2
4;120;113;28;2;9;-7;-20.0;Fischer & Whitney (2014);Experiment 1b;Orientation;1;11;-20.0;-26.0;-35.0;48.0;-54.0;-87.0;28;2
4;31;39;29;2;9;8;89.0;Fischer & Whitney (2014);Experiment 1b;Orientation;1;11;89.0;69.0;63.0;54.0;-43.0;35.0;29;2
4;115;117;30;2;9;2;-84.0;Fischer & Whitney (2014);Experiment 1b;Orientation;1;11;-84.0;5.0;-15.0;-21.0;-30.0;53.0;30;2
4;78;58;31;2;9;-20;37.0;Fischer & Whitney (2014);Experiment 1b;Orientation;1;11;37.0;-47.0;42.0;22.0;16.0;7.0;31;2
4;100;111;32;2;9;11;-22.0;Fischer & Whitney (2014);Experiment 1b;Orientation;1;11;-22.0;15.0;-69.0;20.0;0.0;-6.0;32;2
4;18;32;33;2;9;14;82.0;Fischer & Whitney (2014);Experiment 1b;Orientation;1;11;82.0;60.0;-83.0;13.0;-78.0;82.0;33;2
4;121;120;34;2;9;-1;77.0;Fischer & Whitney (2014);Experiment 1b;Orientation;1;11;77.0;-21.0;-43.0;-6.0;90.0;-1.0;34;2
4;147;132;35;2;9;-15;-26.0;Fischer & Whitney (2014);Experiment 1b;Orientation;1;11;-26.0;51.0;-47.0;-69.0;-32.0;64.0;35;2
4;53;54;36;2;9;1;-86.0;Fischer & Whitney (2014);Experiment 1b;Orientation;1;11;-86.0;68.0;-35.0;47.0;25.0;62.0;36;2
4;92;114;37;2;9;22;-39.0;Fischer & Whitney (2014);Experiment 1b;Orientation;1;11;-39.0;55.0;29.0;-74.0;8.0;-14.0;37;2
4;16;6;38;2;9;-10;76.0;Fischer & Whitney (2014);Experiment 1b;Orientation;1;11;76.0;37.0;-49.0;-75.0;2.0;84.0;38;2
4;114;128;39;2;9;14;82.0;Fischer & Whitney (2014);Experiment 1b;Orientation;1;11;82.0;-22.0;-61.0;33.0;7.0;84.0;39;2
4;122;116;40;2;9;-6;-8.0;Fischer & Whitney (2014);Experiment 1b;Orientation;1;11;-8.0;74.0;-30.0;-69.0;25.0;-1.0;40;2
4;37;51;41;2;9;14;85.0;Fischer & Whitney (2014);Experiment 1b;Orientation;1;11;85.0;77.0;-21.0;55.0;16.0;-70.0;41;2
4;105;115;42;2;9;10;-68.0;Fischer & Whitney (2014);Experiment 1b;Orientation;1;11;-68.0;17.0;9.0;-89.0;-13.0;-52.0;42;2
4;155;130;43;2;9;-25;-50.0;Fischer & Whitney (2014);Experiment 1b;Orientation;1;11;-50.0;62.0;-33.0;-41.0;41.0;-63.0;43;2
4;26;65;44;2;9;39;-51.0;Fischer & Whitney (2014);Experiment 1b;Orientation;1;11;-51.0;79.0;11.0;-84.0;88.0;-10.0;44;2
4;20;44;45;2;9;24;6.0;Fischer & Whitney (2014);Experiment 1b;Orientation;1;11;6.0;-45.0;85.0;17.0;-78.0;-86.0;45;2
4;38;59;46;2;9;21;-18.0;Fischer & Whitney (2014);Experiment 1b;Orientation;1;11;-18.0;-12.0;-63.0;67.0;-1.0;84.0;46;2
4;102;95;47;2;9;-7;-64.0;Fischer & Whitney (2014);Experiment 1b;Orientation;1;11;-64.0;-82.0;-76.0;53.0;3.0;-65.0;47;2
4;60;61;48;2;9;1;42.0;Fischer & Whitney (2014);Experiment 1b;Orientation;1;11;42.0;-22.0;-40.0;-34.0;-85.0;45.0;48;2
4;19;49;49;2;9;30;41.0;Fischer & Whitney (2014);Experiment 1b;Orientation;1;11;41.0;83.0;19.0;1.0;7.0;-44.0;49;2
4;143;128;50;2;9;-15;56.0;Fischer & Whitney (2014);Experiment 1b;Orientation;1;11;56.0;-83.0;-41.0;75.0;57.0;63.0;50;2
4;92;107;51;2;9;15;51.0;Fischer & Whitney (2014);Experiment 1b;Orientation;1;11;51.0;-73.0;-32.0;10.0;-54.0;-72.0;51;2
4;117;120;52;2;9;3;-25.0;Fischer & Whitney (2014);Experiment 1b;Orientation;1;11;-25.0;26.0;82.0;-57.0;-15.0;-79.0;52;2
4;77;70;53;2;9;-7;40.0;Fischer & Whitney (2014);Experiment 1b;Orientation;1;11;40.0;15.0;66.0;-58.0;-17.0;25.0;53;2
4;176;174;54;2;9;-2;81.0;Fischer & Whitney (2014);Experiment 1b;Orientation;1;11;81.0;-59.0;-84.0;-33.0;23.0;64.0;54;2
4;81;77;55;2;9;-4;-85.0;Fischer & Whitney (2014);Experiment 1b;Orientation;1;11;-85.0;-4.0;36.0;11.0;62.0;-62.0;55;2
4;105;120;56;2;9;15;-24.0;Fischer & Whitney (2014);Experiment 1b;Orientation;1;11;-24.0;71.0;-28.0;12.0;-13.0;38.0;56;2
4;93;110;57;2;9;17;12.0;Fischer & Whitney (2014);Experiment 1b;Orientation;1;11;12.0;-12.0;83.0;-16.0;24.0;-1.0;57;2
4;93;114;58;2;9;21;0.0;Fischer & Whitney (2014);Experiment 1b;Orientation;1;11;0.0;12.0;-12.0;83.0;-16.0;24.0;58;2
4;146;137;59;2;9;-9;-53.0;Fischer & Whitney (2014);Experiment 1b;Orientation;1;11;-53.0;-53.0;-41.0;-65.0;30.0;-69.0;59;2
4;40;47;60;2;9;7;-74.0;Fischer & Whitney (2014);Experiment 1b;Orientation;1;11;-74.0;53.0;53.0;65.0;41.0;-44.0;60;2
4;41;50;61;2;9;9;-1.0;Fischer & Whitney (2014);Experiment 1b;Orientation;1;11;-1.0;-75.0;52.0;52.0;64.0;40.0;61;2
4;102;128;62;2;9;26;-61.0;Fischer & Whitney (2014);Experiment 1b;Orientation;1;11;-61.0;-62.0;44.0;-9.0;-9.0;3.0;62;2
4;10;96;63;2;9;86;-88.0;Fischer & Whitney (2014);Experiment 1b;Orientation;1;11;-88.0;31.0;30.0;-44.0;83.0;83.0;63;2
4;39;50;64;2;9;11;-29.0;Fischer & Whitney (2014);Experiment 1b;Orientation;1;11;-29.0;63.0;2.0;1.0;-73.0;54.0;64;2
4;70;51;65;2;9;-19;-31.0;Fischer & Whitney (2014);Experiment 1b;Orientation;1;11;-31.0;-60.0;32.0;-29.0;-30.0;76.0;65;2
4;141;127;66;2;9;-14;-71.0;Fischer & Whitney (2014);Experiment 1b;Orientation;1;11;-71.0;78.0;49.0;-39.0;80.0;79.0;66;2
4;132;135;67;2;9;3;9.0;Fischer & Whitney (2014);Experiment 1b;Orientation;1;11;9.0;-62.0;87.0;58.0;-30.0;89.0;67;2
4;154;157;68;2;9;3;-22.0;Fischer & Whitney (2014);Experiment 1b;Orientation;1;11;-22.0;-13.0;-84.0;65.0;36.0;-52.0;68;2
4;161;104;69;2;9;-57;-7.0;Fischer & Whitney (2014);Experiment 1b;Orientation;1;11;-7.0;-29.0;-20.0;89.0;58.0;29.0;69;2
4;108;109;70;2;9;1;53.0;Fischer & Whitney (2014);Experiment 1b;Orientation;1;11;53.0;46.0;24.0;33.0;-38.0;-69.0;70;2
4;37;141;71;2;9;-76;71.0;Fischer & Whitney (2014);Experiment 1b;Orientation;1;11;71.0;-56.0;-63.0;-85.0;-76.0;33.0;71;2
4;36;49;72;2;9;13;1.0;Fischer & Whitney (2014);Experiment 1b;Orientation;1;11;1.0;72.0;-55.0;-62.0;-84.0;-75.0;72;2
4;120;120;73;2;9;0;-84.0;Fischer & Whitney (2014);Experiment 1b;Orientation;1;11;-84.0;-83.0;-12.0;41.0;34.0;12.0;73;2
4;36;37;74;2;9;1;84.0;Fischer & Whitney (2014);Experiment 1b;Orientation;1;11;84.0;0.0;1.0;72.0;-55.0;-62.0;74;2
4;23;78;75;2;9;55;13.0;Fischer & Whitney (2014);Experiment 1b;Orientation;1;11;13.0;-83.0;13.0;14.0;85.0;-42.0;75;2
4;20;47;76;2;9;27;3.0;Fischer & Whitney (2014);Experiment 1b;Orientation;1;11;3.0;16.0;-80.0;16.0;17.0;88.0;76;2
4;147;133;77;2;9;-14;53.0;Fischer & Whitney (2014);Experiment 1b;Orientation;1;11;53.0;56.0;69.0;-27.0;69.0;70.0;77;2
4;4;121;78;2;9;-63;-37.0;Fischer & Whitney (2014);Experiment 1b;Orientation;1;11;-37.0;16.0;19.0;32.0;-64.0;32.0;78;2
4;89;100;79;2;9;11;-85.0;Fischer & Whitney (2014);Experiment 1b;Orientation;1;11;-85.0;58.0;-69.0;-66.0;-53.0;31.0;79;2
4;23;50;80;2;9;27;66.0;Fischer & Whitney (2014);Experiment 1b;Orientation;1;11;66.0;-19.0;-56.0;-3.0;0.0;13.0;80;2
4;122;116;81;2;9;-6;81.0;Fischer & Whitney (2014);Experiment 1b;Orientation;1;11;81.0;-33.0;62.0;25.0;78.0;81.0;81;2
4;41;53;82;2;9;12;81.0;Fischer & Whitney (2014);Experiment 1b;Orientation;1;11;81.0;-18.0;48.0;-37.0;-74.0;-21.0;82;2
4;6;179;83;2;9;-7;35.0;Fischer & Whitney (2014);Experiment 1b;Orientation;1;11;35.0;-64.0;17.0;83.0;-2.0;-39.0;83;2
4;96;93;84;2;9;-3;-90.0;Fischer & Whitney (2014);Experiment 1b;Orientation;1;11;90.0;-55.0;26.0;-73.0;-7.0;88.0;84;2
4;130;145;85;2;9;15;-34.0;Fischer & Whitney (2014);Experiment 1b;Orientation;1;11;-34.0;56.0;-89.0;-8.0;73.0;-41.0;85;2
4;52;52;86;2;9;0;78.0;Fischer & Whitney (2014);Experiment 1b;Orientation;1;11;78.0;44.0;-46.0;-11.0;70.0;-29.0;86;2
4;99;123;87;2;9;24;-47.0;Fischer & Whitney (2014);Experiment 1b;Orientation;1;11;-47.0;31.0;-3.0;87.0;-58.0;23.0;87;2
4;91;94;88;2;9;3;8.0;Fischer & Whitney (2014);Experiment 1b;Orientation;1;11;8.0;-39.0;39.0;5.0;-85.0;-50.0;88;2
4;155;154;89;2;9;-1;-64.0;Fischer & Whitney (2014);Experiment 1b;Orientation;1;11;-64.0;-56.0;77.0;-25.0;-59.0;31.0;89;2
4;152;145;90;2;9;-7;3.0;Fischer & Whitney (2014);Experiment 1b;Orientation;1;11;3.0;-61.0;-53.0;80.0;-22.0;-56.0;90;2
4;144;139;91;2;9;-5;8.0;Fischer & Whitney (2014);Experiment 1b;Orientation;1;11;8.0;11.0;-53.0;-45.0;88.0;-14.0;91;2
4;7;169;92;2;9;-18;-43.0;Fischer & Whitney (2014);Experiment 1b;Orientation;1;11;-43.0;-35.0;-32.0;84.0;-88.0;45.0;92;2
4;32;36;93;2;9;4;-25.0;Fischer & Whitney (2014);Experiment 1b;Orientation;1;11;-25.0;-68.0;-60.0;-57.0;59.0;67.0;93;2
4;5;167;94;2;9;-18;27.0;Fischer & Whitney (2014);Experiment 1b;Orientation;1;11;27.0;2.0;-41.0;-33.0;-30.0;86.0;94;2
4;108;134;95;2;9;26;77.0;Fischer & Whitney (2014);Experiment 1b;Orientation;1;11;77.0;-76.0;79.0;36.0;44.0;47.0;95;2
4;133;145;96;2;9;12;-25.0;Fischer & Whitney (2014);Experiment 1b;Orientation;1;11;-25.0;52.0;79.0;54.0;11.0;19.0;96;2
4;23;116;97;2;9;-87;-70.0;Fischer & Whitney (2014);Experiment 1b;Orientation;1;11;-70.0;85.0;-18.0;9.0;-16.0;-59.0;97;2
4;128;142;98;2;9;14;75.0;Fischer & Whitney (2014);Experiment 1b;Orientation;1;11;75.0;5.0;-20.0;57.0;84.0;59.0;98;2
4;70;63;99;2;9;-7;58.0;Fischer & Whitney (2014);Experiment 1b;Orientation;1;11;58.0;-47.0;63.0;38.0;-65.0;-38.0;99;2
4;2;174;100;2;9;-8;68.0;Fischer & Whitney (2014);Experiment 1b;Orientation;1;11;68.0;-54.0;21.0;-49.0;-74.0;3.0;100;2
4;49;45;101;2;9;-4;-47.0;Fischer & Whitney (2014);Experiment 1b;Orientation;1;11;-47.0;21.0;79.0;-26.0;84.0;59.0;101;2
4;120;127;102;2;9;7;-71.0;Fischer & Whitney (2014);Experiment 1b;Orientation;1;11;-71.0;62.0;-50.0;8.0;83.0;13.0;102;2
4;45;71;103;2;9;26;75.0;Fischer & Whitney (2014);Experiment 1b;Orientation;1;11;75.0;4.0;-43.0;25.0;83.0;-22.0;103;2
4;166;148;104;2;9;-18;59.0;Fischer & Whitney (2014);Experiment 1b;Orientation;1;11;59.0;-46.0;63.0;16.0;84.0;-38.0;104;2
4;45;60;1;3;9;15;-59.0;Fischer & Whitney (2014);Experiment 1b;Orientation;1;11;;;;;;;1;3
4;45;45;2;3;9;0;0.0;Fischer & Whitney (2014);Experiment 1b;Orientation;1;11;;;;;;;2;3
4;29;36;3;3;9;7;16.0;Fischer & Whitney (2014);Experiment 1b;Orientation;1;11;;;;;;;3;3
4;56;57;4;3;9;1;-27.0;Fischer & Whitney (2014);Experiment 1b;Orientation;1;11;;;;;;;4;3
4;134;143;5;3;9;9;-78.0;Fischer & Whitney (2014);Experiment 1b;Orientation;1;11;;;;;;;5;3
4;176;164;6;3;9;-12;-42.0;Fischer & Whitney (2014);Experiment 1b;Orientation;1;11;;;;;;;6;3
4;127;134;7;3;9;7;49.0;Fischer & Whitney (2014);Experiment 1b;Orientation;1;11;49.0;7.0;-71.0;82.0;-82.0;-82.0;7;3
4;178;160;8;3;9;-18;-51.0;Fischer & Whitney (2014);Experiment 1b;Orientation;1;11;-51.0;-2.0;-44.0;58.0;31.0;47.0;8;3
4;93;98;9;3;9;5;85.0;Fischer & Whitney (2014);Experiment 1b;Orientation;1;11;85.0;34.0;83.0;41.0;-37.0;-64.0;9;3
4;26;28;10;3;9;2;67.0;Fischer & Whitney (2014);Experiment 1b;Orientation;1;11;67.0;-28.0;-79.0;-30.0;-72.0;30.0;10;3
4;28;32;11;3;9;4;-2.0;Fischer & Whitney (2014);Experiment 1b;Orientation;1;11;-2.0;65.0;-30.0;-81.0;-32.0;-74.0;11;3
4;83;77;12;3;9;-6;-55.0;Fischer & Whitney (2014);Experiment 1b;Orientation;1;11;-55.0;-57.0;10.0;-85.0;44.0;-87.0;12;3
4;46;63;13;3;9;17;37.0;Fischer & Whitney (2014);Experiment 1b;Orientation;1;11;37.0;-18.0;-20.0;47.0;-48.0;81.0;13;3
4;25;38;14;3;9;13;21.0;Fischer & Whitney (2014);Experiment 1b;Orientation;1;11;21.0;58.0;3.0;1.0;68.0;-27.0;14;3
4;14;27;15;3;9;13;11.0;Fischer & Whitney (2014);Experiment 1b;Orientation;1;11;11.0;32.0;69.0;14.0;12.0;79.0;15;3
4;127;128;16;3;9;1;67.0;Fischer & Whitney (2014);Experiment 1b;Orientation;1;11;67.0;78.0;-81.0;-44.0;81.0;79.0;16;3
4;176;174;17;3;9;-2;-49.0;Fischer & Whitney (2014);Experiment 1b;Orientation;1;11;-49.0;18.0;29.0;50.0;87.0;32.0;17;3
4;29;37;18;3;9;8;-33.0;Fischer & Whitney (2014);Experiment 1b;Orientation;1;11;-33.0;-82.0;-15.0;-4.0;17.0;54.0;18;3
4;97;95;19;3;9;-2;-68.0;Fischer & Whitney (2014);Experiment 1b;Orientation;1;11;-68.0;79.0;30.0;-83.0;-72.0;-51.0;19;3
4;70;80;20;3;9;10;27.0;Fischer & Whitney (2014);Experiment 1b;Orientation;1;11;27.0;-41.0;-74.0;57.0;-56.0;-45.0;20;3
4;65;75;21;3;9;10;5.0;Fischer & Whitney (2014);Experiment 1b;Orientation;1;11;5.0;32.0;-36.0;-69.0;62.0;-51.0;21;3
4;161;164;22;3;9;3;84.0;Fischer & Whitney (2014);Experiment 1b;Orientation;1;11;84.0;89.0;-64.0;48.0;15.0;-34.0;22;3
4;143;152;23;3;9;9;18.0;Fischer & Whitney (2014);Experiment 1b;Orientation;1;11;18.0;-78.0;-73.0;-46.0;66.0;33.0;23;3
4;25;24;24;3;9;-1;-62.0;Fischer & Whitney (2014);Experiment 1b;Orientation;1;11;-62.0;-44.0;40.0;45.0;72.0;4.0;24;3
4;176;166;25;3;9;-10;29.0;Fischer & Whitney (2014);Experiment 1b;Orientation;1;11;29.0;-33.0;-15.0;69.0;74.0;-79.0;25;3
4;141;150;26;3;9;9;35.0;Fischer & Whitney (2014);Experiment 1b;Orientation;1;11;35.0;64.0;2.0;20.0;-76.0;-71.0;26;3
4;128;132;27;3;9;4;13.0;Fischer & Whitney (2014);Experiment 1b;Orientation;1;11;13.0;48.0;77.0;15.0;33.0;-63.0;27;3
4;168;156;28;3;9;-12;-40.0;Fischer & Whitney (2014);Experiment 1b;Orientation;1;11;-40.0;-27.0;8.0;37.0;-25.0;-7.0;28;3
4;44;61;29;3;9;17;-56.0;Fischer & Whitney (2014);Experiment 1b;Orientation;1;11;-56.0;84.0;-83.0;-48.0;-19.0;-81.0;29;3
4;146;148;30;3;9;2;78.0;Fischer & Whitney (2014);Experiment 1b;Orientation;1;11;78.0;22.0;-18.0;-5.0;30.0;59.0;30;3
4;78;71;31;3;9;-7;68.0;Fischer & Whitney (2014);Experiment 1b;Orientation;1;11;68.0;-34.0;90.0;50.0;63.0;-82.0;31;3
4;55;71;32;3;9;16;23.0;Fischer & Whitney (2014);Experiment 1b;Orientation;1;11;23.0;-89.0;-11.0;-67.0;73.0;86.0;32;3
4;139;138;33;3;9;-1;-84.0;Fischer & Whitney (2014);Experiment 1b;Orientation;1;11;-84.0;-61.0;7.0;85.0;29.0;-11.0;33;3
4;100;102;34;3;9;2;39.0;Fischer & Whitney (2014);Experiment 1b;Orientation;1;11;39.0;-45.0;-22.0;46.0;-56.0;68.0;34;3
4;160;160;35;3;9;0;-60.0;Fischer & Whitney (2014);Experiment 1b;Orientation;1;11;-60.0;-21.0;75.0;-82.0;-14.0;64.0;35;3
4;92;97;36;3;9;5;68.0;Fischer & Whitney (2014);Experiment 1b;Orientation;1;11;68.0;8.0;47.0;-37.0;-14.0;54.0;36;3
4;167;166;37;3;9;-1;-75.0;Fischer & Whitney (2014);Experiment 1b;Orientation;1;11;-75.0;-7.0;-67.0;-28.0;68.0;-89.0;37;3
4;133;137;38;3;9;4;34.0;Fischer & Whitney (2014);Experiment 1b;Orientation;1;11;34.0;-41.0;27.0;-33.0;6.0;-78.0;38;3
4;72;70;39;3;9;-2;61.0;Fischer & Whitney (2014);Experiment 1b;Orientation;1;11;61.0;-85.0;20.0;88.0;28.0;67.0;39;3
4;67;66;40;3;9;-1;5.0;Fischer & Whitney (2014);Experiment 1b;Orientation;1;11;5.0;66.0;-80.0;25.0;-87.0;33.0;40;3
4;67;69;41;3;9;2;0.0;Fischer & Whitney (2014);Experiment 1b;Orientation;1;11;0.0;5.0;66.0;-80.0;25.0;-87.0;41;3
4;72;70;42;3;9;-2;-5.0;Fischer & Whitney (2014);Experiment 1b;Orientation;1;11;-5.0;-5.0;0.0;61.0;-85.0;20.0;42;3
4;121;113;43;3;9;-8;-49.0;Fischer & Whitney (2014);Experiment 1b;Orientation;1;11;-49.0;-54.0;-54.0;-49.0;12.0;46.0;43;3
4;24;25;44;3;9;1;-83.0;Fischer & Whitney (2014);Experiment 1b;Orientation;1;11;-83.0;48.0;43.0;43.0;48.0;-71.0;44;3
4;1;165;45;3;9;-16;23.0;Fischer & Whitney (2014);Experiment 1b;Orientation;1;11;23.0;-60.0;71.0;66.0;66.0;71.0;45;3
4;144;151;46;3;9;7;37.0;Fischer & Whitney (2014);Experiment 1b;Orientation;1;11;37.0;60.0;-23.0;-72.0;-77.0;-77.0;46;3
4;171;169;47;3;9;-2;-27.0;Fischer & Whitney (2014);Experiment 1b;Orientation;1;11;-27.0;10.0;33.0;-50.0;81.0;76.0;47;3
4;120;110;48;3;9;-10;51.0;Fischer & Whitney (2014);Experiment 1b;Orientation;1;11;51.0;24.0;61.0;84.0;1.0;-48.0;48;3
4;106;108;49;3;9;2;14.0;Fischer & Whitney (2014);Experiment 1b;Orientation;1;11;14.0;65.0;38.0;75.0;-82.0;15.0;49;3
4;0;172;50;3;9;-8;-74.0;Fischer & Whitney (2014);Experiment 1b;Orientation;1;11;-74.0;-60.0;-9.0;-36.0;1.0;24.0;50;3
4;97;100;51;3;9;3;83.0;Fischer & Whitney (2014);Experiment 1b;Orientation;1;11;83.0;9.0;23.0;74.0;47.0;84.0;51;3
4;82;86;52;3;9;4;15.0;Fischer & Whitney (2014);Experiment 1b;Orientation;1;11;15.0;-82.0;24.0;38.0;89.0;62.0;52;3
4;76;80;53;3;9;4;6.0;Fischer & Whitney (2014);Experiment 1b;Orientation;1;11;6.0;21.0;-76.0;30.0;44.0;-85.0;53;3
4;18;18;54;3;9;0;58.0;Fischer & Whitney (2014);Experiment 1b;Orientation;1;11;58.0;64.0;79.0;-18.0;88.0;-78.0;54;3
4;91;82;55;3;9;-9;-73.0;Fischer & Whitney (2014);Experiment 1b;Orientation;1;11;-73.0;-15.0;-9.0;6.0;89.0;15.0;55;3
4;109;106;56;3;9;-3;-18.0;Fischer & Whitney (2014);Experiment 1b;Orientation;1;11;-18.0;89.0;-33.0;-27.0;-12.0;71.0;56;3
4;29;28;57;3;9;-1;80.0;Fischer & Whitney (2014);Experiment 1b;Orientation;1;11;80.0;62.0;-11.0;47.0;53.0;68.0;57;3
4;135;138;58;3;9;3;74.0;Fischer & Whitney (2014);Experiment 1b;Orientation;1;11;74.0;-26.0;-44.0;63.0;-59.0;-53.0;58;3
4;159;154;59;3;9;-5;-24.0;Fischer & Whitney (2014);Experiment 1b;Orientation;1;11;-24.0;50.0;-50.0;-68.0;39.0;-83.0;59;3
4;42;38;60;3;9;-4;-63.0;Fischer & Whitney (2014);Experiment 1b;Orientation;1;11;-63.0;-87.0;-13.0;67.0;49.0;-24.0;60;3
4;11;27;61;3;9;16;31.0;Fischer & Whitney (2014);Experiment 1b;Orientation;1;11;31.0;-32.0;-56.0;18.0;-82.0;80.0;61;3
4;61;64;62;3;9;3;-50.0;Fischer & Whitney (2014);Experiment 1b;Orientation;1;11;-50.0;-19.0;-82.0;74.0;-32.0;48.0;62;3
4;179;7;63;3;9;8;62.0;Fischer & Whitney (2014);Experiment 1b;Orientation;1;11;62.0;12.0;43.0;-20.0;-44.0;30.0;63;3
4;39;54;64;3;9;15;-40.0;Fischer & Whitney (2014);Experiment 1b;Orientation;1;11;-40.0;22.0;-28.0;3.0;-60.0;-84.0;64;3
4;85;86;65;3;9;1;-46.0;Fischer & Whitney (2014);Experiment 1b;Orientation;1;11;-46.0;-86.0;-24.0;-74.0;-43.0;74.0;65;3
4;66;73;66;3;9;7;19.0;Fischer & Whitney (2014);Experiment 1b;Orientation;1;11;19.0;-27.0;-67.0;-5.0;-55.0;-24.0;66;3
4;69;73;67;3;9;4;-3.0;Fischer & Whitney (2014);Experiment 1b;Orientation;1;11;-3.0;16.0;-30.0;-70.0;-8.0;-58.0;67;3
4;117;110;68;3;9;-7;-48.0;Fischer & Whitney (2014);Experiment 1b;Orientation;1;11;-48.0;-51.0;-32.0;-78.0;62.0;-56.0;68;3
4;69;73;69;3;9;4;48.0;Fischer & Whitney (2014);Experiment 1b;Orientation;1;11;48.0;0.0;-3.0;16.0;-30.0;-70.0;69;3
4;121;114;70;3;9;-7;-52.0;Fischer & Whitney (2014);Experiment 1b;Orientation;1;11;-52.0;-4.0;-52.0;-55.0;-36.0;-82.0;70;3
4;174;172;71;3;9;-2;-53.0;Fischer & Whitney (2014);Experiment 1b;Orientation;1;11;-53.0;75.0;-57.0;75.0;72.0;-89.0;71;3
4;29;19;72;3;9;-10;-35.0;Fischer & Whitney (2014);Experiment 1b;Orientation;1;11;-35.0;-88.0;40.0;88.0;40.0;37.0;72;3
4;59;57;73;3;9;-2;-30.0;Fischer & Whitney (2014);Experiment 1b;Orientation;1;11;-30.0;-65.0;62.0;10.0;58.0;10.0;73;3
4;65;64;74;3;9;-1;-6.0;Fischer & Whitney (2014);Experiment 1b;Orientation;1;11;-6.0;-36.0;-71.0;56.0;4.0;52.0;74;3
4;87;85;75;3;9;-2;-22.0;Fischer & Whitney (2014);Experiment 1b;Orientation;1;11;-22.0;-28.0;-58.0;87.0;34.0;-18.0;75;3
4;2;8;76;3;9;6;85.0;Fischer & Whitney (2014);Experiment 1b;Orientation;1;11;85.0;63.0;57.0;27.0;-8.0;-61.0;76;3
4;123;117;77;3;9;-6;59.0;Fischer & Whitney (2014);Experiment 1b;Orientation;1;11;59.0;-36.0;-58.0;-64.0;86.0;51.0;77;3
4;50;51;78;3;9;1;73.0;Fischer & Whitney (2014);Experiment 1b;Orientation;1;11;73.0;-48.0;37.0;15.0;9.0;-21.0;78;3
4;158;155;79;3;9;-3;72.0;Fischer & Whitney (2014);Experiment 1b;Orientation;1;11;72.0;-35.0;24.0;-71.0;87.0;81.0;79;3
4;159;157;80;3;9;-2;-1.0;Fischer & Whitney (2014);Experiment 1b;Orientation;1;11;-1.0;71.0;-36.0;23.0;-72.0;86.0;80;3
4;65;59;81;3;9;-6;-86.0;Fischer & Whitney (2014);Experiment 1b;Orientation;1;11;-86.0;-87.0;-15.0;58.0;-63.0;22.0;81;3
4;83;76;82;3;9;-7;-18.0;Fischer & Whitney (2014);Experiment 1b;Orientation;1;11;-18.0;76.0;75.0;-33.0;40.0;-81.0;82;3
4;128;120;83;3;9;-8;-45.0;Fischer & Whitney (2014);Experiment 1b;Orientation;1;11;-45.0;-63.0;31.0;30.0;-78.0;-5.0;83;3
4;5;19;84;3;9;14;-57.0;Fischer & Whitney (2014);Experiment 1b;Orientation;1;11;-57.0;78.0;60.0;-26.0;-27.0;45.0;84;3
4;169;172;85;3;9;3;16.0;Fischer & Whitney (2014);Experiment 1b;Orientation;1;11;16.0;-41.0;-86.0;76.0;-10.0;-11.0;85;3
4;161;164;86;3;9;3;8.0;Fischer & Whitney (2014);Experiment 1b;Orientation;1;11;8.0;24.0;-33.0;-78.0;84.0;-2.0;86;3
4;88;89;87;3;9;1;73.0;Fischer & Whitney (2014);Experiment 1b;Orientation;1;11;73.0;81.0;-83.0;40.0;-5.0;-23.0;87;3
4;165;167;88;3;9;2;-77.0;Fischer & Whitney (2014);Experiment 1b;Orientation;1;11;-77.0;-4.0;4.0;20.0;-37.0;-82.0;88;3
4;83;81;89;3;9;-2;82.0;Fischer & Whitney (2014);Experiment 1b;Orientation;1;11;82.0;5.0;78.0;86.0;-78.0;45.0;89;3
4;73;75;90;3;9;2;10.0;Fischer & Whitney (2014);Experiment 1b;Orientation;1;11;10.0;-88.0;15.0;88.0;-84.0;-68.0;90;3
4;6;14;91;3;9;8;67.0;Fischer & Whitney (2014);Experiment 1b;Orientation;1;11;67.0;77.0;-21.0;82.0;-25.0;-17.0;91;3
4;98;98;92;3;9;0;88.0;Fischer & Whitney (2014);Experiment 1b;Orientation;1;11;88.0;-25.0;-15.0;67.0;-10.0;63.0;92;3
4;13;15;93;3;9;2;85.0;Fischer & Whitney (2014);Experiment 1b;Orientation;1;11;85.0;-7.0;60.0;70.0;-28.0;75.0;93;3
4;127;128;94;3;9;1;66.0;Fischer & Whitney (2014);Experiment 1b;Orientation;1;11;66.0;-29.0;59.0;-54.0;-44.0;38.0;94;3
4;122;125;95;3;9;3;5.0;Fischer & Whitney (2014);Experiment 1b;Orientation;1;11;5.0;71.0;-24.0;64.0;-49.0;-39.0;95;3
4;37;49;96;3;9;12;85.0;Fischer & Whitney (2014);Experiment 1b;Orientation;1;11;85.0;90.0;-24.0;61.0;-31.0;36.0;96;3
4;159;161;97;3;9;2;58.0;Fischer & Whitney (2014);Experiment 1b;Orientation;1;11;58.0;-37.0;-32.0;34.0;-61.0;27.0;97;3
4;16;27;98;3;9;11;-37.0;Fischer & Whitney (2014);Experiment 1b;Orientation;1;11;-37.0;21.0;-74.0;-69.0;-3.0;82.0;98;3
4;11;19;99;3;9;8;5.0;Fischer & Whitney (2014);Experiment 1b;Orientation;1;11;5.0;-32.0;26.0;-69.0;-64.0;2.0;99;3
4;42;54;100;3;9;12;-31.0;Fischer & Whitney (2014);Experiment 1b;Orientation;1;11;-31.0;-26.0;-63.0;-5.0;80.0;85.0;100;3
4;147;133;101;3;9;-14;75.0;Fischer & Whitney (2014);Experiment 1b;Orientation;1;11;75.0;44.0;49.0;12.0;70.0;-25.0;101;3
4;130;133;102;3;9;3;17.0;Fischer & Whitney (2014);Experiment 1b;Orientation;1;11;17.0;-88.0;61.0;66.0;29.0;87.0;102;3
4;135;136;103;3;9;1;-5.0;Fischer & Whitney (2014);Experiment 1b;Orientation;1;11;-5.0;12.0;87.0;56.0;61.0;24.0;103;3
4;55;60;104;3;9;5;80.0;Fischer & Whitney (2014);Experiment 1b;Orientation;1;11;80.0;75.0;-88.0;-13.0;-44.0;-39.0;104;3
4;110;109;1;4;9;-1;-55.0;Fischer & Whitney (2014);Experiment 1b;Orientation;1;11;;;;;;;1;4
4;26;29;2;4;9;3;84.0;Fischer & Whitney (2014);Experiment 1b;Orientation;1;11;;;;;;;2;4
4;175;171;3;4;9;-4;31.0;Fischer & Whitney (2014);Experiment 1b;Orientation;1;11;;;;;;;3;4
4;175;166;4;4;9;-9;0.0;Fischer & Whitney (2014);Experiment 1b;Orientation;1;11;;;;;;;4;4
4;159;164;5;4;9;5;16.0;Fischer & Whitney (2014);Experiment 1b;Orientation;1;11;;;;;;;5;4
4;151;156;6;4;9;5;8.0;Fischer & Whitney (2014);Experiment 1b;Orientation;1;11;;;;;;;6;4
4;172;159;7;4;9;-13;-21.0;Fischer & Whitney (2014);Experiment 1b;Orientation;1;11;-21.0;-13.0;3.0;3.0;34.0;-62.0;7;4
4;31;33;8;4;9;2;-39.0;Fischer & Whitney (2014);Experiment 1b;Orientation;1;11;-39.0;-60.0;-52.0;-36.0;-36.0;-5.0;8;4
4;154;158;9;4;9;4;57.0;Fischer & Whitney (2014);Experiment 1b;Orientation;1;11;57.0;18.0;-3.0;5.0;21.0;21.0;9;4
4;15;22;10;4;9;7;-41.0;Fischer & Whitney (2014);Experiment 1b;Orientation;1;11;-41.0;16.0;-23.0;-44.0;-36.0;-20.0;10;4
4;96;94;11;4;9;-2;-81.0;Fischer & Whitney (2014);Experiment 1b;Orientation;1;11;-81.0;58.0;-65.0;76.0;55.0;63.0;11;4
4;118;105;12;4;9;-13;-22.0;Fischer & Whitney (2014);Experiment 1b;Orientation;1;11;-22.0;77.0;36.0;-87.0;54.0;33.0;12;4
4;57;74;13;4;9;17;61.0;Fischer & Whitney (2014);Experiment 1b;Orientation;1;11;61.0;39.0;-42.0;-83.0;-26.0;-65.0;13;4
4;43;44;14;4;9;1;14.0;Fischer & Whitney (2014);Experiment 1b;Orientation;1;11;14.0;75.0;53.0;-28.0;-69.0;-12.0;14;4
4;109;109;15;4;9;0;-66.0;Fischer & Whitney (2014);Experiment 1b;Orientation;1;11;-66.0;-52.0;9.0;-13.0;86.0;45.0;15;4
4;144;137;16;4;9;-7;-35.0;Fischer & Whitney (2014);Experiment 1b;Orientation;1;11;-35.0;79.0;-87.0;-26.0;-48.0;51.0;16;4
4;84;81;17;4;9;-3;60.0;Fischer & Whitney (2014);Experiment 1b;Orientation;1;11;60.0;25.0;-41.0;-27.0;34.0;12.0;17;4
4;71;77;18;4;9;6;13.0;Fischer & Whitney (2014);Experiment 1b;Orientation;1;11;13.0;73.0;38.0;-28.0;-14.0;47.0;18;4
4;58;75;19;4;9;17;13.0;Fischer & Whitney (2014);Experiment 1b;Orientation;1;11;13.0;26.0;86.0;51.0;-15.0;-1.0;19;4
4;77;80;20;4;9;3;-19.0;Fischer & Whitney (2014);Experiment 1b;Orientation;1;11;-19.0;-6.0;7.0;67.0;32.0;-34.0;20;4
4;83;80;21;4;9;-3;-6.0;Fischer & Whitney (2014);Experiment 1b;Orientation;1;11;-6.0;-25.0;-12.0;1.0;61.0;26.0;21;4
4;57;70;22;4;9;13;26.0;Fischer & Whitney (2014);Experiment 1b;Orientation;1;11;26.0;20.0;1.0;14.0;27.0;87.0;22;4
4;116;116;23;4;9;0;-59.0;Fischer & Whitney (2014);Experiment 1b;Orientation;1;11;-59.0;-33.0;-39.0;-58.0;-45.0;-32.0;23;4
4;99;111;24;4;9;12;17.0;Fischer & Whitney (2014);Experiment 1b;Orientation;1;11;17.0;-42.0;-16.0;-22.0;-41.0;-28.0;24;4
4;178;170;25;4;9;-8;-79.0;Fischer & Whitney (2014);Experiment 1b;Orientation;1;11;-79.0;-62.0;59.0;85.0;79.0;60.0;25;4
4;55;41;26;4;9;-14;-57.0;Fischer & Whitney (2014);Experiment 1b;Orientation;1;11;-57.0;44.0;61.0;2.0;28.0;22.0;26;4
4;4;9;27;4;9;5;51.0;Fischer & Whitney (2014);Experiment 1b;Orientation;1;11;51.0;-6.0;-85.0;-68.0;53.0;79.0;27;4
4;83;81;28;4;9;-2;-79.0;Fischer & Whitney (2014);Experiment 1b;Orientation;1;11;-79.0;-28.0;-85.0;16.0;33.0;-26.0;28;4
4;71;80;29;4;9;9;12.0;Fischer & Whitney (2014);Experiment 1b;Orientation;1;11;12.0;-67.0;-16.0;-73.0;28.0;45.0;29;4
4;29;42;30;4;9;13;42.0;Fischer & Whitney (2014);Experiment 1b;Orientation;1;11;42.0;54.0;-25.0;26.0;-31.0;70.0;30;4
4;80;77;31;4;9;-3;-51.0;Fischer & Whitney (2014);Experiment 1b;Orientation;1;11;-51.0;-9.0;3.0;-76.0;-25.0;-82.0;31;4
4;145;136;32;4;9;-9;-65.0;Fischer & Whitney (2014);Experiment 1b;Orientation;1;11;-65.0;64.0;-74.0;-62.0;39.0;90.0;32;4
4;21;33;33;4;9;12;-56.0;Fischer & Whitney (2014);Experiment 1b;Orientation;1;11;-56.0;59.0;8.0;50.0;62.0;-17.0;33;4
4;57;54;34;4;9;-3;-36.0;Fischer & Whitney (2014);Experiment 1b;Orientation;1;11;-36.0;88.0;23.0;-28.0;14.0;26.0;34;4
4;6;18;35;4;9;12;51.0;Fischer & Whitney (2014);Experiment 1b;Orientation;1;11;51.0;15.0;-41.0;74.0;23.0;65.0;35;4
4;169;170;36;4;9;1;17.0;Fischer & Whitney (2014);Experiment 1b;Orientation;1;11;17.0;68.0;32.0;-24.0;-89.0;40.0;36;4
4;137;143;37;4;9;6;32.0;Fischer & Whitney (2014);Experiment 1b;Orientation;1;11;32.0;49.0;-80.0;64.0;8.0;-57.0;37;4
4;5;11;38;4;9;6;-48.0;Fischer & Whitney (2014);Experiment 1b;Orientation;1;11;-48.0;-16.0;1.0;52.0;16.0;-40.0;38;4
4;167;159;39;4;9;-8;18.0;Fischer & Whitney (2014);Experiment 1b;Orientation;1;11;18.0;-30.0;2.0;19.0;70.0;34.0;39;4
4;136;138;40;4;9;2;31.0;Fischer & Whitney (2014);Experiment 1b;Orientation;1;11;31.0;49.0;1.0;33.0;50.0;-79.0;40;4
4;126;129;41;4;9;3;10.0;Fischer & Whitney (2014);Experiment 1b;Orientation;1;11;10.0;41.0;59.0;11.0;43.0;60.0;41;4
4;6;15;42;4;9;9;-60.0;Fischer & Whitney (2014);Experiment 1b;Orientation;1;11;-60.0;-50.0;-19.0;-1.0;-49.0;-17.0;42;4
4;52;54;43;4;9;2;-46.0;Fischer & Whitney (2014);Experiment 1b;Orientation;1;11;-46.0;74.0;84.0;-65.0;-47.0;85.0;43;4
4;21;30;44;4;9;9;31.0;Fischer & Whitney (2014);Experiment 1b;Orientation;1;11;31.0;-15.0;-75.0;-65.0;-34.0;-16.0;44;4
4;145;147;45;4;9;2;56.0;Fischer & Whitney (2014);Experiment 1b;Orientation;1;11;56.0;87.0;41.0;-19.0;-9.0;22.0;45;4
4;176;4;46;4;9;8;-31.0;Fischer & Whitney (2014);Experiment 1b;Orientation;1;11;-31.0;25.0;56.0;10.0;-50.0;-40.0;46;4
4;128;124;47;4;9;-4;48.0;Fischer & Whitney (2014);Experiment 1b;Orientation;1;11;48.0;17.0;73.0;-76.0;58.0;-2.0;47;4
4;58;71;48;4;9;13;70.0;Fischer & Whitney (2014);Experiment 1b;Orientation;1;11;70.0;-62.0;87.0;-37.0;-6.0;-52.0;48;4
4;101;102;49;4;9;1;-43.0;Fischer & Whitney (2014);Experiment 1b;Orientation;1;11;-43.0;27.0;75.0;44.0;-80.0;-49.0;49;4
4;76;81;50;4;9;5;25.0;Fischer & Whitney (2014);Experiment 1b;Orientation;1;11;25.0;-18.0;52.0;-80.0;69.0;-55.0;50;4
4;105;98;51;4;9;-7;-29.0;Fischer & Whitney (2014);Experiment 1b;Orientation;1;11;-29.0;-4.0;-47.0;23.0;71.0;40.0;51;4
4;11;11;52;4;9;0;-86.0;Fischer & Whitney (2014);Experiment 1b;Orientation;1;11;-86.0;65.0;90.0;47.0;-63.0;-15.0;52;4
4;74;76;53;4;9;2;-63.0;Fischer & Whitney (2014);Experiment 1b;Orientation;1;11;-63.0;31.0;2.0;27.0;-16.0;54.0;53;4
4;64;70;54;4;9;6;10.0;Fischer & Whitney (2014);Experiment 1b;Orientation;1;11;10.0;-53.0;41.0;12.0;37.0;-6.0;54;4
4;111;105;55;4;9;-6;-47.0;Fischer & Whitney (2014);Experiment 1b;Orientation;1;11;-47.0;-37.0;80.0;-6.0;-35.0;-10.0;55;4
4;117;112;56;4;9;-5;-6.0;Fischer & Whitney (2014);Experiment 1b;Orientation;1;11;-6.0;-53.0;-43.0;74.0;-12.0;-41.0;56;4
4;82;74;57;4;9;-8;35.0;Fischer & Whitney (2014);Experiment 1b;Orientation;1;11;35.0;29.0;-18.0;-8.0;-71.0;23.0;57;4
4;39;59;58;4;9;20;43.0;Fischer & Whitney (2014);Experiment 1b;Orientation;1;11;43.0;78.0;72.0;25.0;35.0;-28.0;58;4
4;4;16;59;4;9;12;35.0;Fischer & Whitney (2014);Experiment 1b;Orientation;1;11;35.0;78.0;-67.0;-73.0;60.0;70.0;59;4
4;47;43;60;4;9;-4;-43.0;Fischer & Whitney (2014);Experiment 1b;Orientation;1;11;-43.0;-8.0;35.0;70.0;64.0;17.0;60;4
4;130;134;61;4;9;4;-83.0;Fischer & Whitney (2014);Experiment 1b;Orientation;1;11;-83.0;54.0;89.0;-48.0;-13.0;-19.0;61;4
4;160;160;62;4;9;0;-30.0;Fischer & Whitney (2014);Experiment 1b;Orientation;1;11;-30.0;67.0;24.0;59.0;-78.0;-43.0;62;4
4;158;157;63;4;9;-1;2.0;Fischer & Whitney (2014);Experiment 1b;Orientation;1;11;2.0;-28.0;69.0;26.0;61.0;-76.0;63;4
4;39;37;64;4;9;-2;-61.0;Fischer & Whitney (2014);Experiment 1b;Orientation;1;11;-61.0;-59.0;-89.0;8.0;-35.0;0.0;64;4
4;116;122;65;4;9;6;-77.0;Fischer & Whitney (2014);Experiment 1b;Orientation;1;11;-77.0;42.0;44.0;14.0;-69.0;68.0;65;4
4;96;97;66;4;9;1;20.0;Fischer & Whitney (2014);Experiment 1b;Orientation;1;11;20.0;-57.0;62.0;64.0;34.0;-49.0;66;4
4;123;106;67;4;9;-17;-27.0;Fischer & Whitney (2014);Experiment 1b;Orientation;1;11;-27.0;-7.0;-84.0;35.0;37.0;7.0;67;4
4;43;43;68;4;9;0;80.0;Fischer & Whitney (2014);Experiment 1b;Orientation;1;11;80.0;53.0;73.0;-4.0;-65.0;-63.0;68;4
4;65;58;69;4;9;-7;-22.0;Fischer & Whitney (2014);Experiment 1b;Orientation;1;11;-22.0;58.0;31.0;51.0;-26.0;-87.0;69;4
4;147;139;70;4;9;-8;-82.0;Fischer & Whitney (2014);Experiment 1b;Orientation;1;11;-82.0;76.0;-24.0;-51.0;-31.0;72.0;70;4
4;88;95;71;4;9;7;59.0;Fischer & Whitney (2014);Experiment 1b;Orientation;1;11;59.0;-23.0;-45.0;35.0;8.0;28.0;71;4
4;13;18;72;4;9;5;75.0;Fischer & Whitney (2014);Experiment 1b;Orientation;1;11;75.0;-46.0;52.0;30.0;-70.0;83.0;72;4
4;117;107;73;4;9;-10;76.0;Fischer & Whitney (2014);Experiment 1b;Orientation;1;11;76.0;-29.0;30.0;-52.0;-74.0;6.0;73;4
4;122;111;74;4;9;-11;-5.0;Fischer & Whitney (2014);Experiment 1b;Orientation;1;11;-5.0;71.0;-34.0;25.0;-57.0;-79.0;74;4
4;34;32;75;4;9;-2;88.0;Fischer & Whitney (2014);Experiment 1b;Orientation;1;11;88.0;83.0;-21.0;54.0;-67.0;31.0;75;4
4;147;151;76;4;9;4;67.0;Fischer & Whitney (2014);Experiment 1b;Orientation;1;11;67.0;-25.0;-30.0;46.0;-59.0;0.0;76;4
4;77;77;77;4;9;0;70.0;Fischer & Whitney (2014);Experiment 1b;Orientation;1;11;70.0;-43.0;45.0;40.0;-64.0;11.0;77;4
4;142;145;78;4;9;3;-65.0;Fischer & Whitney (2014);Experiment 1b;Orientation;1;11;-65.0;5.0;72.0;-20.0;-25.0;51.0;78;4
4;115;139;79;4;9;24;27.0;Fischer & Whitney (2014);Experiment 1b;Orientation;1;11;27.0;-38.0;32.0;-81.0;7.0;2.0;79;4
4;69;70;80;4;9;1;46.0;Fischer & Whitney (2014);Experiment 1b;Orientation;1;11;46.0;73.0;8.0;78.0;-35.0;53.0;80;4
4;131;135;81;4;9;4;-62.0;Fischer & Whitney (2014);Experiment 1b;Orientation;1;11;-62.0;-16.0;11.0;-54.0;16.0;83.0;81;4
4;167;166;82;4;9;-1;-36.0;Fischer & Whitney (2014);Experiment 1b;Orientation;1;11;-36.0;82.0;-52.0;-25.0;90.0;-20.0;82;4
4;12;17;83;4;9;5;-25.0;Fischer & Whitney (2014);Experiment 1b;Orientation;1;11;-25.0;-61.0;57.0;-77.0;-50.0;65.0;83;4
4;2;9;84;4;9;7;10.0;Fischer & Whitney (2014);Experiment 1b;Orientation;1;11;10.0;-15.0;-51.0;67.0;-67.0;-40.0;84;4
4;67;79;85;4;9;12;-65.0;Fischer & Whitney (2014);Experiment 1b;Orientation;1;11;-65.0;-55.0;-80.0;64.0;2.0;48.0;85;4
4;18;54;86;4;9;36;49.0;Fischer & Whitney (2014);Experiment 1b;Orientation;1;11;49.0;-16.0;-6.0;-31.0;-67.0;51.0;86;4
4;65;67;87;4;9;2;-47.0;Fischer & Whitney (2014);Experiment 1b;Orientation;1;11;-47.0;2.0;-63.0;-53.0;-78.0;66.0;87;4
4;133;138;88;4;9;5;-68.0;Fischer & Whitney (2014);Experiment 1b;Orientation;1;11;-68.0;65.0;-66.0;49.0;59.0;34.0;88;4
4;120;133;89;4;9;13;13.0;Fischer & Whitney (2014);Experiment 1b;Orientation;1;11;13.0;-55.0;78.0;-53.0;62.0;72.0;89;4
4;95;93;90;4;9;-2;25.0;Fischer & Whitney (2014);Experiment 1b;Orientation;1;11;25.0;38.0;-30.0;-77.0;-28.0;87.0;90;4
4;90;92;91;4;9;2;5.0;Fischer & Whitney (2014);Experiment 1b;Orientation;1;11;5.0;30.0;43.0;-25.0;-72.0;-23.0;91;4
4;100;96;92;4;9;-4;-10.0;Fischer & Whitney (2014);Experiment 1b;Orientation;1;11;-10.0;-5.0;20.0;33.0;-35.0;-82.0;92;4
4;155;168;93;4;9;13;-55.0;Fischer & Whitney (2014);Experiment 1b;Orientation;1;11;-55.0;-65.0;-60.0;-35.0;-22.0;90.0;93;4
4;10;20;94;4;9;10;-35.0;Fischer & Whitney (2014);Experiment 1b;Orientation;1;11;-35.0;90.0;80.0;85.0;-70.0;-57.0;94;4
4;150;154;95;4;9;4;40.0;Fischer & Whitney (2014);Experiment 1b;Orientation;1;11;40.0;5.0;-50.0;-60.0;-55.0;-30.0;95;4
4;25;25;96;4;9;0;-55.0;Fischer & Whitney (2014);Experiment 1b;Orientation;1;11;-55.0;-15.0;-50.0;75.0;65.0;70.0;96;4
4;71;66;97;4;9;-5;-46.0;Fischer & Whitney (2014);Experiment 1b;Orientation;1;11;-46.0;79.0;-61.0;84.0;29.0;19.0;97;4
4;152;154;98;4;9;2;-81.0;Fischer & Whitney (2014);Experiment 1b;Orientation;1;11;-81.0;53.0;-2.0;38.0;3.0;-52.0;98;4
4;74;73;99;4;9;-1;78.0;Fischer & Whitney (2014);Experiment 1b;Orientation;1;11;78.0;-3.0;-49.0;76.0;-64.0;81.0;99;4
4;121;109;100;4;9;-12;-47.0;Fischer & Whitney (2014);Experiment 1b;Orientation;1;11;-47.0;31.0;-50.0;84.0;29.0;69.0;100;4
4;164;159;101;4;9;-5;-43.0;Fischer & Whitney (2014);Experiment 1b;Orientation;1;11;-43.0;90.0;-12.0;87.0;41.0;-14.0;101;4
4;151;156;102;4;9;5;13.0;Fischer & Whitney (2014);Experiment 1b;Orientation;1;11;13.0;-30.0;-77.0;1.0;-80.0;54.0;102;4
4;135;147;103;4;9;12;16.0;Fischer & Whitney (2014);Experiment 1b;Orientation;1;11;16.0;29.0;-14.0;-61.0;17.0;-64.0;103;4
4;13;22;104;4;9;9;-58.0;Fischer & Whitney (2014);Experiment 1b;Orientation;1;11;-58.0;-42.0;-29.0;-72.0;61.0;-41.0;104;4
4;54;69;1;5;9;15;-41.0;Fischer & Whitney (2014);Experiment 1b;Orientation;1;11;;;;;;;1;5
4;17;10;2;5;9;-7;37.0;Fischer & Whitney (2014);Experiment 1b;Orientation;1;11;;;;;;;2;5
4;101;102;3;5;9;1;-84.0;Fischer & Whitney (2014);Experiment 1b;Orientation;1;11;;;;;;;3;5
4;124;124;4;5;9;0;-23.0;Fischer & Whitney (2014);Experiment 1b;Orientation;1;11;;;;;;;4;5
4;86;75;5;5;9;-11;38.0;Fischer & Whitney (2014);Experiment 1b;Orientation;1;11;;;;;;;5;5
4;147;127;6;5;9;-20;-61.0;Fischer & Whitney (2014);Experiment 1b;Orientation;1;11;;;;;;;6;5
4;31;58;7;5;9;27;-64.0;Fischer & Whitney (2014);Experiment 1b;Orientation;1;11;-64.0;55.0;-87.0;70.0;-14.0;23.0;7;5
4;54;58;8;5;9;4;-23.0;Fischer & Whitney (2014);Experiment 1b;Orientation;1;11;-23.0;-87.0;32.0;70.0;47.0;-37.0;8;5
4;179;176;9;5;9;-3;55.0;Fischer & Whitney (2014);Experiment 1b;Orientation;1;11;55.0;32.0;-32.0;87.0;-55.0;-78.0;9;5
4;50;61;10;5;9;11;-51.0;Fischer & Whitney (2014);Experiment 1b;Orientation;1;11;-51.0;4.0;-19.0;-83.0;36.0;74.0;10;5
4;166;177;11;5;9;11;64.0;Fischer & Whitney (2014);Experiment 1b;Orientation;1;11;64.0;13.0;68.0;45.0;-19.0;-80.0;11;5
4;62;66;12;5;9;4;-76.0;Fischer & Whitney (2014);Experiment 1b;Orientation;1;11;-76.0;-12.0;-63.0;-8.0;-31.0;85.0;12;5
4;150;134;13;5;9;-16;-88.0;Fischer & Whitney (2014);Experiment 1b;Orientation;1;11;-88.0;16.0;80.0;29.0;84.0;61.0;13;5
4;2;3;14;5;9;1;-32.0;Fischer & Whitney (2014);Experiment 1b;Orientation;1;11;-32.0;60.0;-16.0;48.0;-3.0;52.0;14;5
4;130;109;15;5;9;-21;52.0;Fischer & Whitney (2014);Experiment 1b;Orientation;1;11;52.0;20.0;-68.0;36.0;-80.0;49.0;15;5
4;78;86;16;5;9;8;52.0;Fischer & Whitney (2014);Experiment 1b;Orientation;1;11;52.0;-76.0;72.0;-16.0;88.0;-28.0;16;5
4;137;108;17;5;9;-29;-59.0;Fischer & Whitney (2014);Experiment 1b;Orientation;1;11;-59.0;-7.0;45.0;13.0;-75.0;29.0;17;5
4;35;58;18;5;9;23;-78.0;Fischer & Whitney (2014);Experiment 1b;Orientation;1;11;-78.0;43.0;-85.0;-33.0;-65.0;27.0;18;5
4;117;122;19;5;9;5;-82.0;Fischer & Whitney (2014);Experiment 1b;Orientation;1;11;-82.0;20.0;-39.0;13.0;65.0;33.0;19;5
4;122;112;20;5;9;-10;-5.0;Fischer & Whitney (2014);Experiment 1b;Orientation;1;11;-5.0;-87.0;15.0;-44.0;8.0;60.0;20;5
4;144;116;21;5;9;-28;-22.0;Fischer & Whitney (2014);Experiment 1b;Orientation;1;11;-22.0;-27.0;71.0;-7.0;-66.0;-14.0;21;5
4;44;54;22;5;9;10;-80.0;Fischer & Whitney (2014);Experiment 1b;Orientation;1;11;-80.0;78.0;73.0;-9.0;-87.0;34.0;22;5
4;88;77;23;5;9;-11;-44.0;Fischer & Whitney (2014);Experiment 1b;Orientation;1;11;-44.0;56.0;34.0;29.0;-53.0;49.0;23;5
4;87;71;24;5;9;-16;1.0;Fischer & Whitney (2014);Experiment 1b;Orientation;1;11;1.0;-43.0;57.0;35.0;30.0;-52.0;24;5
4;99;95;25;5;9;-4;-12.0;Fischer & Whitney (2014);Experiment 1b;Orientation;1;11;-12.0;-11.0;-55.0;45.0;23.0;18.0;25;5
4;1;177;26;5;9;-4;-82.0;Fischer & Whitney (2014);Experiment 1b;Orientation;1;11;-82.0;86.0;87.0;43.0;-37.0;-59.0;26;5
4;136;118;27;5;9;-18;45.0;Fischer & Whitney (2014);Experiment 1b;Orientation;1;11;45.0;-37.0;-49.0;-48.0;88.0;8.0;27;5
4;156;151;28;5;9;-5;-20.0;Fischer & Whitney (2014);Experiment 1b;Orientation;1;11;-20.0;25.0;-57.0;-69.0;-68.0;68.0;28;5
4;177;177;29;5;9;0;-21.0;Fischer & Whitney (2014);Experiment 1b;Orientation;1;11;-21.0;-41.0;4.0;-78.0;90.0;-89.0;29;5
4;129;118;30;5;9;-11;48.0;Fischer & Whitney (2014);Experiment 1b;Orientation;1;11;48.0;27.0;7.0;52.0;-30.0;-42.0;30;5
4;104;118;31;5;9;14;25.0;Fischer & Whitney (2014);Experiment 1b;Orientation;1;11;25.0;73.0;52.0;32.0;77.0;-5.0;31;5
4;171;71;32;5;9;80;-67.0;Fischer & Whitney (2014);Experiment 1b;Orientation;1;11;-67.0;-42.0;6.0;-15.0;-35.0;10.0;32;5
4;45;60;33;5;9;15;-54.0;Fischer & Whitney (2014);Experiment 1b;Orientation;1;11;-54.0;59.0;84.0;-48.0;-69.0;-89.0;33;5
4;17;125;34;5;9;-72;28.0;Fischer & Whitney (2014);Experiment 1b;Orientation;1;11;28.0;-26.0;87.0;-68.0;-20.0;-41.0;34;5
4;61;60;35;5;9;-1;-44.0;Fischer & Whitney (2014);Experiment 1b;Orientation;1;11;-44.0;-16.0;-70.0;43.0;68.0;-64.0;35;5
4;26;61;36;5;9;35;35.0;Fischer & Whitney (2014);Experiment 1b;Orientation;1;11;35.0;-9.0;19.0;-35.0;78.0;-77.0;36;5
4;59;58;37;5;9;-1;-33.0;Fischer & Whitney (2014);Experiment 1b;Orientation;1;11;-33.0;2.0;-42.0;-14.0;-68.0;45.0;37;5
4;37;57;38;5;9;20;22.0;Fischer & Whitney (2014);Experiment 1b;Orientation;1;11;22.0;-11.0;24.0;-20.0;8.0;-46.0;38;5
4;163;54;39;5;9;71;54.0;Fischer & Whitney (2014);Experiment 1b;Orientation;1;11;54.0;76.0;43.0;78.0;34.0;62.0;39;5
4;128;130;40;5;9;2;35.0;Fischer & Whitney (2014);Experiment 1b;Orientation;1;11;35.0;89.0;-69.0;78.0;-67.0;69.0;40;5
4;24;49;41;5;9;25;-76.0;Fischer & Whitney (2014);Experiment 1b;Orientation;1;11;-76.0;-41.0;13.0;35.0;2.0;37.0;41;5
4;11;62;42;5;9;51;13.0;Fischer & Whitney (2014);Experiment 1b;Orientation;1;11;13.0;-63.0;-28.0;26.0;48.0;15.0;42;5
4;137;67;43;5;9;-70;54.0;Fischer & Whitney (2014);Experiment 1b;Orientation;1;11;54.0;67.0;-9.0;26.0;80.0;-78.0;43;5
4;152;131;44;5;9;-21;-15.0;Fischer & Whitney (2014);Experiment 1b;Orientation;1;11;-15.0;39.0;52.0;-24.0;11.0;65.0;44;5
4;125;120;45;5;9;-5;27.0;Fischer & Whitney (2014);Experiment 1b;Orientation;1;11;27.0;12.0;66.0;79.0;3.0;38.0;45;5
4;174;148;46;5;9;-26;-49.0;Fischer & Whitney (2014);Experiment 1b;Orientation;1;11;-49.0;-22.0;-37.0;17.0;30.0;-46.0;46;5
4;36;61;47;5;9;25;-42.0;Fischer & Whitney (2014);Experiment 1b;Orientation;1;11;-42.0;89.0;-64.0;-79.0;-25.0;-12.0;47;5
4;59;60;48;5;9;1;-23.0;Fischer & Whitney (2014);Experiment 1b;Orientation;1;11;-23.0;-65.0;66.0;-87.0;78.0;-48.0;48;5
4;157;64;49;5;9;87;82.0;Fischer & Whitney (2014);Experiment 1b;Orientation;1;11;82.0;59.0;17.0;-32.0;-5.0;-20.0;49;5
4;114;121;50;5;9;7;43.0;Fischer & Whitney (2014);Experiment 1b;Orientation;1;11;43.0;-55.0;-78.0;60.0;11.0;38.0;50;5
4;98;115;51;5;9;17;16.0;Fischer & Whitney (2014);Experiment 1b;Orientation;1;11;16.0;59.0;-39.0;-62.0;76.0;27.0;51;5
4;174;141;52;5;9;-33;-76.0;Fischer & Whitney (2014);Experiment 1b;Orientation;1;11;-76.0;-60.0;-17.0;65.0;42.0;0.0;52;5
4;102;40;53;5;9;-62;72.0;Fischer & Whitney (2014);Experiment 1b;Orientation;1;11;72.0;-4.0;12.0;55.0;-43.0;-66.0;53;5
4;51;73;54;5;9;22;51.0;Fischer & Whitney (2014);Experiment 1b;Orientation;1;11;51.0;-57.0;47.0;63.0;-74.0;8.0;54;5
4;120;108;55;5;9;-12;-69.0;Fischer & Whitney (2014);Experiment 1b;Orientation;1;11;-69.0;-18.0;54.0;-22.0;-6.0;37.0;55;5
4;84;83;56;5;9;-1;36.0;Fischer & Whitney (2014);Experiment 1b;Orientation;1;11;36.0;-33.0;18.0;90.0;14.0;30.0;56;5
4;140;122;57;5;9;-18;-56.0;Fischer & Whitney (2014);Experiment 1b;Orientation;1;11;-56.0;-20.0;-89.0;-38.0;34.0;-42.0;57;5
4;172;82;58;5;9;-90;-32.0;Fischer & Whitney (2014);Experiment 1b;Orientation;1;11;-32.0;-88.0;-52.0;59.0;-70.0;2.0;58;5
4;60;56;59;5;9;-4;-68.0;Fischer & Whitney (2014);Experiment 1b;Orientation;1;11;-68.0;80.0;24.0;60.0;-9.0;42.0;59;5
4;146;145;60;5;9;-1;-86.0;Fischer & Whitney (2014);Experiment 1b;Orientation;1;11;-86.0;26.0;-6.0;-62.0;-26.0;85.0;60;5
4;79;77;61;5;9;-2;67.0;Fischer & Whitney (2014);Experiment 1b;Orientation;1;11;67.0;-19.0;-87.0;61.0;5.0;41.0;61;5
4;178;60;62;5;9;62;81.0;Fischer & Whitney (2014);Experiment 1b;Orientation;1;11;81.0;-32.0;62.0;-6.0;-38.0;86.0;62;5
4;150;116;63;5;9;-34;28.0;Fischer & Whitney (2014);Experiment 1b;Orientation;1;11;28.0;-71.0;-4.0;90.0;22.0;-10.0;63;5
4;142;131;64;5;9;-11;8.0;Fischer & Whitney (2014);Experiment 1b;Orientation;1;11;8.0;36.0;-63.0;4.0;-82.0;30.0;64;5
4;141;127;65;5;9;-14;1.0;Fischer & Whitney (2014);Experiment 1b;Orientation;1;11;1.0;9.0;37.0;-62.0;5.0;-81.0;65;5
4;70;59;66;5;9;-11;71.0;Fischer & Whitney (2014);Experiment 1b;Orientation;1;11;71.0;72.0;80.0;-72.0;9.0;76.0;66;5
4;103;112;67;5;9;9;-33.0;Fischer & Whitney (2014);Experiment 1b;Orientation;1;11;-33.0;38.0;39.0;47.0;75.0;-24.0;67;5
4;132;109;68;5;9;-23;-29.0;Fischer & Whitney (2014);Experiment 1b;Orientation;1;11;-29.0;-62.0;9.0;10.0;18.0;46.0;68;5
4;17;28;69;5;9;11;-65.0;Fischer & Whitney (2014);Experiment 1b;Orientation;1;11;-65.0;86.0;53.0;-56.0;-55.0;-47.0;69;5
4;99;104;70;5;9;5;-82.0;Fischer & Whitney (2014);Experiment 1b;Orientation;1;11;-82.0;33.0;4.0;-29.0;42.0;43.0;70;5
4;59;53;71;5;9;-6;40.0;Fischer & Whitney (2014);Experiment 1b;Orientation;1;11;40.0;-42.0;73.0;44.0;11.0;82.0;71;5
4;129;128;72;5;9;-1;-70.0;Fischer & Whitney (2014);Experiment 1b;Orientation;1;11;-70.0;-30.0;68.0;3.0;-26.0;-59.0;72;5
4;119;120;73;5;9;1;10.0;Fischer & Whitney (2014);Experiment 1b;Orientation;1;11;10.0;-60.0;-20.0;78.0;13.0;-16.0;73;5
4;22;68;74;5;9;46;-83.0;Fischer & Whitney (2014);Experiment 1b;Orientation;1;11;-83.0;-73.0;37.0;77.0;-5.0;-70.0;74;5
4;105;100;75;5;9;-5;-83.0;Fischer & Whitney (2014);Experiment 1b;Orientation;1;11;-83.0;14.0;24.0;-46.0;-6.0;-88.0;75;5
4;126;127;76;5;9;1;-21.0;Fischer & Whitney (2014);Experiment 1b;Orientation;1;11;-21.0;76.0;-7.0;3.0;-67.0;-27.0;76;5
4;168;160;77;5;9;-8;-42.0;Fischer & Whitney (2014);Experiment 1b;Orientation;1;11;-42.0;-63.0;34.0;-49.0;-39.0;71.0;77;5
4;89;78;78;5;9;-11;79.0;Fischer & Whitney (2014);Experiment 1b;Orientation;1;11;79.0;37.0;16.0;-67.0;30.0;40.0;78;5
4;49;64;79;5;9;15;40.0;Fischer & Whitney (2014);Experiment 1b;Orientation;1;11;40.0;-61.0;77.0;56.0;-27.0;70.0;79;5
4;69;65;80;5;9;-4;-20.0;Fischer & Whitney (2014);Experiment 1b;Orientation;1;11;-20.0;20.0;-81.0;57.0;36.0;-47.0;80;5
4;126;114;81;5;9;-12;-57.0;Fischer & Whitney (2014);Experiment 1b;Orientation;1;11;-57.0;-77.0;-37.0;42.0;0.0;-21.0;81;5
4;44;70;82;5;9;26;82.0;Fischer & Whitney (2014);Experiment 1b;Orientation;1;11;82.0;25.0;5.0;45.0;-56.0;82.0;82;5
4;60;63;83;5;9;3;-16.0;Fischer & Whitney (2014);Experiment 1b;Orientation;1;11;-16.0;66.0;9.0;-11.0;29.0;-72.0;83;5
4;82;65;84;5;9;-17;-22.0;Fischer & Whitney (2014);Experiment 1b;Orientation;1;11;-22.0;-38.0;44.0;-13.0;-33.0;7.0;84;5
4;129;112;85;5;9;-17;-47.0;Fischer & Whitney (2014);Experiment 1b;Orientation;1;11;-47.0;-69.0;-85.0;-3.0;-60.0;-80.0;85;5
4;166;151;86;5;9;-15;-37.0;Fischer & Whitney (2014);Experiment 1b;Orientation;1;11;-37.0;-84.0;74.0;58.0;-40.0;83.0;86;5
4;59;62;87;5;9;3;-73.0;Fischer & Whitney (2014);Experiment 1b;Orientation;1;11;-73.0;70.0;23.0;1.0;-15.0;67.0;87;5
4;58;53;88;5;9;-5;1.0;Fischer & Whitney (2014);Experiment 1b;Orientation;1;11;1.0;-72.0;71.0;24.0;2.0;-14.0;88;5
4;63;59;89;5;9;-4;-5.0;Fischer & Whitney (2014);Experiment 1b;Orientation;1;11;-5.0;-4.0;-77.0;66.0;19.0;-3.0;89;5
4;50;61;90;5;9;11;13.0;Fischer & Whitney (2014);Experiment 1b;Orientation;1;11;13.0;8.0;9.0;-64.0;79.0;32.0;90;5
4;121;120;91;5;9;-1;-71.0;Fischer & Whitney (2014);Experiment 1b;Orientation;1;11;-71.0;-58.0;-63.0;-62.0;45.0;8.0;91;5
4;176;179;92;5;9;3;-55.0;Fischer & Whitney (2014);Experiment 1b;Orientation;1;11;-55.0;54.0;67.0;62.0;63.0;-10.0;92;5
4;111;104;93;5;9;-7;65.0;Fischer & Whitney (2014);Experiment 1b;Orientation;1;11;65.0;10.0;-61.0;-48.0;-53.0;-52.0;93;5
4;59;70;94;5;9;11;52.0;Fischer & Whitney (2014);Experiment 1b;Orientation;1;11;52.0;-63.0;62.0;-9.0;4.0;-1.0;94;5
4;100;90;95;5;9;-10;-41.0;Fischer & Whitney (2014);Experiment 1b;Orientation;1;11;-41.0;11.0;76.0;21.0;-50.0;-37.0;95;5
4;35;49;96;5;9;14;65.0;Fischer & Whitney (2014);Experiment 1b;Orientation;1;11;65.0;24.0;76.0;-39.0;86.0;15.0;96;5
4;70;62;97;5;9;-8;-35.0;Fischer & Whitney (2014);Experiment 1b;Orientation;1;11;-35.0;30.0;-11.0;41.0;-74.0;51.0;97;5
4;9;32;98;5;9;23;61.0;Fischer & Whitney (2014);Experiment 1b;Orientation;1;11;61.0;26.0;-89.0;50.0;-78.0;-13.0;98;5
4;174;179;99;5;9;5;15.0;Fischer & Whitney (2014);Experiment 1b;Orientation;1;11;15.0;76.0;41.0;-74.0;65.0;-63.0;99;5
4;79;76;100;5;9;-3;-85.0;Fischer & Whitney (2014);Experiment 1b;Orientation;1;11;-85.0;-70.0;-9.0;-44.0;21.0;-20.0;100;5
4;149;117;101;5;9;-32;-70.0;Fischer & Whitney (2014);Experiment 1b;Orientation;1;11;-70.0;25.0;40.0;-79.0;66.0;-49.0;101;5
4;82;87;102;5;9;5;67.0;Fischer & Whitney (2014);Experiment 1b;Orientation;1;11;67.0;-3.0;-88.0;-73.0;-12.0;-47.0;102;5
4;135;131;103;5;9;-4;-53.0;Fischer & Whitney (2014);Experiment 1b;Orientation;1;11;-53.0;14.0;-56.0;39.0;54.0;-65.0;103;5
4;152;85;104;5;9;-67;-17.0;Fischer & Whitney (2014);Experiment 1b;Orientation;1;11;-17.0;-70.0;-3.0;-73.0;22.0;37.0;104;5
4;123;133;1;6;9;10;29.0;Fischer & Whitney (2014);Experiment 1b;Orientation;1;11;;;;;;;1;6
4;171;168;2;6;9;-3;-48.0;Fischer & Whitney (2014);Experiment 1b;Orientation;1;11;;;;;;;2;6
4;73;70;3;6;9;-3;-82.0;Fischer & Whitney (2014);Experiment 1b;Orientation;1;11;;;;;;;3;6
4;150;151;4;6;9;1;-77.0;Fischer & Whitney (2014);Experiment 1b;Orientation;1;11;;;;;;;4;6
4;103;107;5;6;9;4;47.0;Fischer & Whitney (2014);Experiment 1b;Orientation;1;11;;;;;;;5;6
4;78;76;6;6;9;-2;25.0;Fischer & Whitney (2014);Experiment 1b;Orientation;1;11;;;;;;;6;6
4;23;31;7;6;9;8;55.0;Fischer & Whitney (2014);Experiment 1b;Orientation;1;11;55.0;80.0;-53.0;50.0;-32.0;-80.0;7;6
4;107;109;8;6;9;2;-84.0;Fischer & Whitney (2014);Experiment 1b;Orientation;1;11;-84.0;-29.0;-4.0;43.0;-34.0;64.0;8;6
4;121;123;9;6;9;2;-14.0;Fischer & Whitney (2014);Experiment 1b;Orientation;1;11;-14.0;82.0;-43.0;-18.0;29.0;-48.0;9;6
4;175;169;10;6;9;-6;-54.0;Fischer & Whitney (2014);Experiment 1b;Orientation;1;11;-54.0;-68.0;28.0;83.0;-72.0;-25.0;10;6
4;35;32;11;6;9;-3;-40.0;Fischer & Whitney (2014);Experiment 1b;Orientation;1;11;-40.0;86.0;72.0;-12.0;43.0;68.0;11;6
4;18;21;12;6;9;3;17.0;Fischer & Whitney (2014);Experiment 1b;Orientation;1;11;17.0;-23.0;-77.0;89.0;5.0;60.0;12;6
4;96;109;13;6;9;13;-78.0;Fischer & Whitney (2014);Experiment 1b;Orientation;1;11;-78.0;-61.0;79.0;25.0;11.0;-73.0;13;6
4;99;108;14;6;9;9;-3.0;Fischer & Whitney (2014);Experiment 1b;Orientation;1;11;-3.0;-81.0;-64.0;76.0;22.0;8.0;14;6
4;138;127;15;6;9;-11;-39.0;Fischer & Whitney (2014);Experiment 1b;Orientation;1;11;-39.0;-42.0;60.0;77.0;37.0;-17.0;15;6
4;99;117;16;6;9;18;39.0;Fischer & Whitney (2014);Experiment 1b;Orientation;1;11;39.0;0.0;-3.0;-81.0;-64.0;76.0;16;6
4;135;125;17;6;9;-10;-36.0;Fischer & Whitney (2014);Experiment 1b;Orientation;1;11;-36.0;3.0;-36.0;-39.0;63.0;80.0;17;6
4;111;119;18;6;9;8;24.0;Fischer & Whitney (2014);Experiment 1b;Orientation;1;11;24.0;-12.0;27.0;-12.0;-15.0;87.0;18;6
4;161;152;19;6;9;-9;-50.0;Fischer & Whitney (2014);Experiment 1b;Orientation;1;11;-50.0;-26.0;-62.0;-23.0;-62.0;-65.0;19;6
4;94;86;20;6;9;-8;67.0;Fischer & Whitney (2014);Experiment 1b;Orientation;1;11;67.0;17.0;41.0;5.0;44.0;5.0;20;6
4;100;105;21;6;9;5;-6.0;Fischer & Whitney (2014);Experiment 1b;Orientation;1;11;-6.0;61.0;11.0;35.0;-1.0;38.0;21;6
4;38;36;22;6;9;-2;62.0;Fischer & Whitney (2014);Experiment 1b;Orientation;1;11;62.0;56.0;-57.0;73.0;-83.0;61.0;22;6
4;167;172;23;6;9;5;51.0;Fischer & Whitney (2014);Experiment 1b;Orientation;1;11;51.0;-67.0;-73.0;-6.0;-56.0;-32.0;23;6
4;128;155;24;6;9;27;39.0;Fischer & Whitney (2014);Experiment 1b;Orientation;1;11;39.0;90.0;-28.0;-34.0;33.0;-17.0;24;6
4;2;12;25;6;9;10;-54.0;Fischer & Whitney (2014);Experiment 1b;Orientation;1;11;-54.0;-15.0;36.0;-82.0;-88.0;-21.0;25;6
4;138;144;26;6;9;6;44.0;Fischer & Whitney (2014);Experiment 1b;Orientation;1;11;44.0;-10.0;29.0;80.0;-38.0;-44.0;26;6
4;118;127;27;6;9;9;20.0;Fischer & Whitney (2014);Experiment 1b;Orientation;1;11;20.0;64.0;10.0;49.0;-80.0;-18.0;27;6
4;138;123;28;6;9;-15;-20.0;Fischer & Whitney (2014);Experiment 1b;Orientation;1;11;-20.0;0.0;44.0;-10.0;29.0;80.0;28;6
4;104;109;29;6;9;5;34.0;Fischer & Whitney (2014);Experiment 1b;Orientation;1;11;34.0;14.0;34.0;78.0;24.0;63.0;29;6
4;122;119;30;6;9;-3;-18.0;Fischer & Whitney (2014);Experiment 1b;Orientation;1;11;-18.0;16.0;-4.0;16.0;60.0;6.0;30;6
4;91;78;31;6;9;-13;31.0;Fischer & Whitney (2014);Experiment 1b;Orientation;1;11;31.0;13.0;47.0;27.0;47.0;-89.0;31;6
4;46;55;32;6;9;9;45.0;Fischer & Whitney (2014);Experiment 1b;Orientation;1;11;45.0;76.0;58.0;-88.0;72.0;-88.0;32;6
4;31;40;33;6;9;9;15.0;Fischer & Whitney (2014);Experiment 1b;Orientation;1;11;15.0;60.0;-89.0;73.0;-73.0;87.0;33;6
4;69;70;34;6;9;1;-38.0;Fischer & Whitney (2014);Experiment 1b;Orientation;1;11;-38.0;-23.0;22.0;53.0;35.0;69.0;34;6
4;104;111;35;6;9;7;-35.0;Fischer & Whitney (2014);Experiment 1b;Orientation;1;11;-35.0;-73.0;-58.0;-13.0;18.0;0.0;35;6
4;129;117;36;6;9;-12;-25.0;Fischer & Whitney (2014);Experiment 1b;Orientation;1;11;-25.0;-60.0;82.0;-83.0;-38.0;-7.0;36;6
4;165;160;37;6;9;-5;-36.0;Fischer & Whitney (2014);Experiment 1b;Orientation;1;11;-36.0;-61.0;84.0;46.0;61.0;-74.0;37;6
4;27;23;38;6;9;-4;-42.0;Fischer & Whitney (2014);Experiment 1b;Orientation;1;11;-42.0;-78.0;77.0;42.0;4.0;19.0;38;6
4;48;48;39;6;9;0;-21.0;Fischer & Whitney (2014);Experiment 1b;Orientation;1;11;-21.0;-63.0;81.0;56.0;21.0;-17.0;39;6
4;35;37;40;6;9;2;13.0;Fischer & Whitney (2014);Experiment 1b;Orientation;1;11;13.0;-8.0;-50.0;-86.0;69.0;34.0;40;6
4;120;115;41;6;9;-5;-85.0;Fischer & Whitney (2014);Experiment 1b;Orientation;1;11;-85.0;-72.0;87.0;45.0;9.0;-16.0;41;6
4;58;62;42;6;9;4;62.0;Fischer & Whitney (2014);Experiment 1b;Orientation;1;11;62.0;-23.0;-10.0;-31.0;-73.0;71.0;42;6
4;56;65;43;6;9;9;2.0;Fischer & Whitney (2014);Experiment 1b;Orientation;1;11;2.0;64.0;-21.0;-8.0;-29.0;-71.0;43;6
4;89;85;44;6;9;-4;-33.0;Fischer & Whitney (2014);Experiment 1b;Orientation;1;11;-33.0;-31.0;31.0;-54.0;-41.0;-62.0;44;6
4;72;76;45;6;9;4;17.0;Fischer & Whitney (2014);Experiment 1b;Orientation;1;11;17.0;-16.0;-14.0;48.0;-37.0;-24.0;45;6
4;16;24;46;6;9;8;56.0;Fischer & Whitney (2014);Experiment 1b;Orientation;1;11;56.0;73.0;40.0;42.0;-76.0;19.0;46;6
4;159;153;47;6;9;-6;37.0;Fischer & Whitney (2014);Experiment 1b;Orientation;1;11;37.0;-87.0;-70.0;77.0;79.0;-39.0;47;6
4;150;154;48;6;9;4;9.0;Fischer & Whitney (2014);Experiment 1b;Orientation;1;11;9.0;46.0;-78.0;-61.0;86.0;88.0;48;6
4;178;162;49;6;9;-16;-28.0;Fischer & Whitney (2014);Experiment 1b;Orientation;1;11;-28.0;-19.0;18.0;74.0;-89.0;58.0;49;6
4;128;122;50;6;9;-6;50.0;Fischer & Whitney (2014);Experiment 1b;Orientation;1;11;50.0;22.0;31.0;68.0;-56.0;-39.0;50;6
4;95;102;51;6;9;7;33.0;Fischer & Whitney (2014);Experiment 1b;Orientation;1;11;33.0;83.0;55.0;64.0;-79.0;-23.0;51;6
4;55;71;52;6;9;16;40.0;Fischer & Whitney (2014);Experiment 1b;Orientation;1;11;40.0;73.0;-57.0;-85.0;-76.0;-39.0;52;6
4;89;79;53;6;9;-10;-34.0;Fischer & Whitney (2014);Experiment 1b;Orientation;1;11;-34.0;6.0;39.0;89.0;61.0;70.0;53;6
4;113;108;54;6;9;-5;-24.0;Fischer & Whitney (2014);Experiment 1b;Orientation;1;11;-24.0;-58.0;-18.0;15.0;65.0;37.0;54;6
4;101;108;55;6;9;7;12.0;Fischer & Whitney (2014);Experiment 1b;Orientation;1;11;12.0;-12.0;-46.0;-6.0;27.0;77.0;55;6
4;95;106;56;6;9;11;6.0;Fischer & Whitney (2014);Experiment 1b;Orientation;1;11;6.0;18.0;-6.0;-40.0;0.0;33.0;56;6
4;27;33;57;6;9;6;68.0;Fischer & Whitney (2014);Experiment 1b;Orientation;1;11;68.0;74.0;86.0;62.0;28.0;68.0;57;6
4;133;136;58;6;9;3;74.0;Fischer & Whitney (2014);Experiment 1b;Orientation;1;11;74.0;-38.0;-32.0;-20.0;-44.0;-78.0;58;6
4;103;111;59;6;9;8;30.0;Fischer & Whitney (2014);Experiment 1b;Orientation;1;11;30.0;-76.0;-8.0;-2.0;10.0;-14.0;59;6
4;93;107;60;6;9;14;10.0;Fischer & Whitney (2014);Experiment 1b;Orientation;1;11;10.0;40.0;-66.0;2.0;8.0;20.0;60;6
4;60;73;61;6;9;13;33.0;Fischer & Whitney (2014);Experiment 1b;Orientation;1;11;33.0;43.0;73.0;-33.0;35.0;41.0;61;6
4;50;63;62;6;9;13;10.0;Fischer & Whitney (2014);Experiment 1b;Orientation;1;11;10.0;43.0;53.0;83.0;-23.0;45.0;62;6
4;80;77;63;6;9;-3;-30.0;Fischer & Whitney (2014);Experiment 1b;Orientation;1;11;-30.0;-20.0;13.0;23.0;53.0;-53.0;63;6
4;90;94;64;6;9;4;-10.0;Fischer & Whitney (2014);Experiment 1b;Orientation;1;11;-10.0;-40.0;-30.0;3.0;13.0;43.0;64;6
4;106;106;65;6;9;0;-16.0;Fischer & Whitney (2014);Experiment 1b;Orientation;1;11;-16.0;-26.0;-56.0;-46.0;-13.0;-3.0;65;6
4;16;21;66;6;9;5;90.0;Fischer & Whitney (2014);Experiment 1b;Orientation;1;11;90.0;74.0;64.0;34.0;44.0;77.0;66;6
4;27;25;67;6;9;-2;-11.0;Fischer & Whitney (2014);Experiment 1b;Orientation;1;11;-11.0;79.0;63.0;53.0;23.0;33.0;67;6
4;53;37;68;6;9;-16;-26.0;Fischer & Whitney (2014);Experiment 1b;Orientation;1;11;-26.0;-37.0;53.0;37.0;27.0;-3.0;68;6
4;179;179;69;6;9;0;54.0;Fischer & Whitney (2014);Experiment 1b;Orientation;1;11;54.0;28.0;17.0;-73.0;-89.0;81.0;69;6
4;103;107;70;6;9;4;76.0;Fischer & Whitney (2014);Experiment 1b;Orientation;1;11;76.0;-50.0;-76.0;-87.0;3.0;-13.0;70;6
4;48;66;71;6;9;18;55.0;Fischer & Whitney (2014);Experiment 1b;Orientation;1;11;55.0;-49.0;5.0;-21.0;-32.0;58.0;71;6
4;83;96;72;6;9;13;-35.0;Fischer & Whitney (2014);Experiment 1b;Orientation;1;11;-35.0;20.0;-84.0;-30.0;-56.0;-67.0;72;6
4;29;31;73;6;9;2;54.0;Fischer & Whitney (2014);Experiment 1b;Orientation;1;11;54.0;19.0;74.0;-30.0;24.0;-2.0;73;6
4;119;122;74;6;9;3;-90.0;Fischer & Whitney (2014);Experiment 1b;Orientation;1;11;90.0;-36.0;-71.0;-16.0;60.0;-66.0;74;6
4;154;153;75;6;9;-1;-35.0;Fischer & Whitney (2014);Experiment 1b;Orientation;1;11;-35.0;55.0;-71.0;74.0;-51.0;25.0;75;6
4;73;80;76;6;9;7;81.0;Fischer & Whitney (2014);Experiment 1b;Orientation;1;11;81.0;46.0;-44.0;10.0;-25.0;30.0;76;6
4;67;74;77;6;9;7;6.0;Fischer & Whitney (2014);Experiment 1b;Orientation;1;11;6.0;87.0;52.0;-38.0;16.0;-19.0;77;6
4;136;138;78;6;9;2;-69.0;Fischer & Whitney (2014);Experiment 1b;Orientation;1;11;-69.0;-63.0;18.0;-17.0;73.0;-53.0;78;6
4;159;154;79;6;9;-5;-23.0;Fischer & Whitney (2014);Experiment 1b;Orientation;1;11;-23.0;88.0;-86.0;-5.0;-40.0;50.0;79;6
4;46;46;80;6;9;0;-67.0;Fischer & Whitney (2014);Experiment 1b;Orientation;1;11;-67.0;90.0;21.0;27.0;-72.0;73.0;80;6
4;34;40;81;6;9;6;12.0;Fischer & Whitney (2014);Experiment 1b;Orientation;1;11;12.0;-55.0;-78.0;33.0;39.0;-60.0;81;6
4;133;135;82;6;9;2;81.0;Fischer & Whitney (2014);Experiment 1b;Orientation;1;11;81.0;-87.0;26.0;3.0;-66.0;-60.0;82;6
4;33;34;83;6;9;1;-80.0;Fischer & Whitney (2014);Experiment 1b;Orientation;1;11;-80.0;1.0;13.0;-54.0;-77.0;34.0;83;6
4;179;176;84;6;9;-3;34.0;Fischer & Whitney (2014);Experiment 1b;Orientation;1;11;34.0;-46.0;35.0;47.0;-20.0;-43.0;84;6
4;129;127;85;6;9;-2;50.0;Fischer & Whitney (2014);Experiment 1b;Orientation;1;11;50.0;84.0;4.0;85.0;-83.0;30.0;85;6
4;19;18;86;6;9;-1;-70.0;Fischer & Whitney (2014);Experiment 1b;Orientation;1;11;-70.0;-20.0;14.0;-66.0;15.0;27.0;86;6
4;79;79;87;6;9;0;-60.0;Fischer & Whitney (2014);Experiment 1b;Orientation;1;11;-60.0;50.0;-80.0;-46.0;54.0;-45.0;87;6
4;164;165;88;6;9;1;-85.0;Fischer & Whitney (2014);Experiment 1b;Orientation;1;11;-85.0;35.0;-35.0;15.0;49.0;-31.0;88;6
4;19;16;89;6;9;-3;-35.0;Fischer & Whitney (2014);Experiment 1b;Orientation;1;11;-35.0;60.0;0.0;-70.0;-20.0;14.0;89;6
4;11;20;90;6;9;9;8.0;Fischer & Whitney (2014);Experiment 1b;Orientation;1;11;8.0;-27.0;68.0;8.0;-62.0;-12.0;90;6
4;133;128;91;6;9;-5;58.0;Fischer & Whitney (2014);Experiment 1b;Orientation;1;11;58.0;66.0;31.0;-54.0;66.0;-4.0;91;6
4;1;174;92;6;9;-7;-48.0;Fischer & Whitney (2014);Experiment 1b;Orientation;1;11;-48.0;10.0;18.0;-17.0;78.0;18.0;92;6
4;71;75;93;6;9;4;-70.0;Fischer & Whitney (2014);Experiment 1b;Orientation;1;11;-70.0;62.0;-60.0;-52.0;-87.0;8.0;93;6
4;32;37;94;6;9;5;39.0;Fischer & Whitney (2014);Experiment 1b;Orientation;1;11;39.0;-31.0;-79.0;-21.0;-13.0;-48.0;94;6
4;104;105;95;6;9;1;-72.0;Fischer & Whitney (2014);Experiment 1b;Orientation;1;11;-72.0;-33.0;77.0;29.0;87.0;-85.0;95;6
4;174;170;96;6;9;-4;-70.0;Fischer & Whitney (2014);Experiment 1b;Orientation;1;11;-70.0;38.0;77.0;7.0;-41.0;17.0;96;6
4;46;67;97;6;9;21;-52.0;Fischer & Whitney (2014);Experiment 1b;Orientation;1;11;-52.0;58.0;-14.0;25.0;-45.0;87.0;97;6
4;158;151;98;6;9;-7;68.0;Fischer & Whitney (2014);Experiment 1b;Orientation;1;11;68.0;16.0;-54.0;54.0;-87.0;23.0;98;6
4;32;31;99;6;9;-1;-54.0;Fischer & Whitney (2014);Experiment 1b;Orientation;1;11;-54.0;14.0;-38.0;72.0;0.0;39.0;99;6
4;130;135;100;6;9;5;82.0;Fischer & Whitney (2014);Experiment 1b;Orientation;1;11;82.0;28.0;-84.0;44.0;-26.0;82.0;100;6
4;9;18;101;6;9;9;-59.0;Fischer & Whitney (2014);Experiment 1b;Orientation;1;11;-59.0;23.0;-31.0;37.0;-15.0;-85.0;101;6
4;101;90;102;6;9;-11;88.0;Fischer & Whitney (2014);Experiment 1b;Orientation;1;11;88.0;29.0;-69.0;57.0;-55.0;73.0;102;6
4;0;178;103;6;9;-2;-79.0;Fischer & Whitney (2014);Experiment 1b;Orientation;1;11;-79.0;9.0;-50.0;32.0;-22.0;46.0;103;6
4;159;165;104;6;9;6;21.0;Fischer & Whitney (2014);Experiment 1b;Orientation;1;11;21.0;-58.0;30.0;-29.0;53.0;-1.0;104;6
4;22;22;1;7;9;0;-43.0;Fischer & Whitney (2014);Experiment 1b;Orientation;1;11;;;;;;;1;7
4;109;120;2;7;9;11;-87.0;Fischer & Whitney (2014);Experiment 1b;Orientation;1;11;;;;;;;2;7
4;58;69;3;7;9;11;51.0;Fischer & Whitney (2014);Experiment 1b;Orientation;1;11;;;;;;;3;7
4;12;15;4;7;9;3;46.0;Fischer & Whitney (2014);Experiment 1b;Orientation;1;11;;;;;;;4;7
4;57;63;5;7;9;6;-45.0;Fischer & Whitney (2014);Experiment 1b;Orientation;1;11;;;;;;;5;7
4;98;101;6;7;9;3;-41.0;Fischer & Whitney (2014);Experiment 1b;Orientation;1;11;;;;;;;6;7
4;12;14;7;7;9;2;86.0;Fischer & Whitney (2014);Experiment 1b;Orientation;1;11;86.0;45.0;0.0;46.0;-83.0;10.0;7;7
4;45;49;8;7;9;4;-33.0;Fischer & Whitney (2014);Experiment 1b;Orientation;1;11;-33.0;53.0;12.0;-33.0;13.0;64.0;8;7
4;41;35;9;7;9;-6;4.0;Fischer & Whitney (2014);Experiment 1b;Orientation;1;11;4.0;-29.0;57.0;16.0;-29.0;17.0;9;7
4;21;29;10;7;9;8;20.0;Fischer & Whitney (2014);Experiment 1b;Orientation;1;11;20.0;24.0;-9.0;77.0;36.0;-9.0;10;7
4;131;139;11;7;9;8;70.0;Fischer & Whitney (2014);Experiment 1b;Orientation;1;11;70.0;90.0;-86.0;61.0;-33.0;-74.0;11;7
4;23;27;12;7;9;4;-72.0;Fischer & Whitney (2014);Experiment 1b;Orientation;1;11;-72.0;-2.0;18.0;22.0;-11.0;75.0;12;7
4;83;86;13;7;9;3;-60.0;Fischer & Whitney (2014);Experiment 1b;Orientation;1;11;-60.0;48.0;-62.0;-42.0;-38.0;-71.0;13;7
4;173;165;14;7;9;-8;-90.0;Fischer & Whitney (2014);Experiment 1b;Orientation;1;11;90.0;30.0;-42.0;28.0;48.0;52.0;14;7
4;48;60;15;7;9;12;-55.0;Fischer & Whitney (2014);Experiment 1b;Orientation;1;11;-55.0;35.0;-25.0;83.0;-27.0;-7.0;15;7
4;42;58;16;7;9;16;6.0;Fischer & Whitney (2014);Experiment 1b;Orientation;1;11;6.0;-49.0;41.0;-19.0;89.0;-21.0;16;7
4;164;162;17;7;9;-2;58.0;Fischer & Whitney (2014);Experiment 1b;Orientation;1;11;58.0;64.0;9.0;-81.0;39.0;-33.0;17;7
4;162;158;18;7;9;-4;2.0;Fischer & Whitney (2014);Experiment 1b;Orientation;1;11;2.0;60.0;66.0;11.0;-79.0;41.0;18;7
4;153;154;19;7;9;1;9.0;Fischer & Whitney (2014);Experiment 1b;Orientation;1;11;9.0;11.0;69.0;75.0;20.0;-70.0;19;7
4;0;179;20;7;9;-1;-27.0;Fischer & Whitney (2014);Experiment 1b;Orientation;1;11;-27.0;-18.0;-16.0;42.0;48.0;-7.0;20;7
4;148;143;21;7;9;-5;32.0;Fischer & Whitney (2014);Experiment 1b;Orientation;1;11;32.0;5.0;14.0;16.0;74.0;80.0;21;7
4;118;119;22;7;9;1;30.0;Fischer & Whitney (2014);Experiment 1b;Orientation;1;11;30.0;62.0;35.0;44.0;46.0;-76.0;22;7
4;148;144;23;7;9;-4;-30.0;Fischer & Whitney (2014);Experiment 1b;Orientation;1;11;-30.0;0.0;32.0;5.0;14.0;16.0;23;7
4;115;121;24;7;9;6;33.0;Fischer & Whitney (2014);Experiment 1b;Orientation;1;11;33.0;3.0;33.0;65.0;38.0;47.0;24;7
4;69;79;25;7;9;10;46.0;Fischer & Whitney (2014);Experiment 1b;Orientation;1;11;46.0;79.0;49.0;79.0;-69.0;84.0;25;7
4;20;29;26;7;9;9;49.0;Fischer & Whitney (2014);Experiment 1b;Orientation;1;11;49.0;-85.0;-52.0;-82.0;-52.0;-20.0;26;7
4;6;20;27;7;9;14;14.0;Fischer & Whitney (2014);Experiment 1b;Orientation;1;11;14.0;63.0;-71.0;-38.0;-68.0;-38.0;27;7
4;125;122;28;7;9;-3;61.0;Fischer & Whitney (2014);Experiment 1b;Orientation;1;11;61.0;75.0;-56.0;-10.0;23.0;-7.0;28;7
4;59;66;29;7;9;7;66.0;Fischer & Whitney (2014);Experiment 1b;Orientation;1;11;66.0;-53.0;-39.0;10.0;56.0;89.0;29;7
4;70;69;30;7;9;-1;-11.0;Fischer & Whitney (2014);Experiment 1b;Orientation;1;11;-11.0;55.0;-64.0;-50.0;-1.0;45.0;30;7
4;41;48;31;7;9;7;29.0;Fischer & Whitney (2014);Experiment 1b;Orientation;1;11;29.0;18.0;84.0;-35.0;-21.0;28.0;31;7
4;39;37;32;7;9;-2;2.0;Fischer & Whitney (2014);Experiment 1b;Orientation;1;11;2.0;31.0;20.0;86.0;-33.0;-19.0;32;7
4;42;41;33;7;9;-1;-3.0;Fischer & Whitney (2014);Experiment 1b;Orientation;1;11;-3.0;-1.0;28.0;17.0;83.0;-36.0;33;7
4;171;164;34;7;9;-7;51.0;Fischer & Whitney (2014);Experiment 1b;Orientation;1;11;51.0;48.0;50.0;79.0;68.0;-46.0;34;7
4;162;166;35;7;9;4;9.0;Fischer & Whitney (2014);Experiment 1b;Orientation;1;11;9.0;60.0;57.0;59.0;88.0;77.0;35;7
4;18;15;36;7;9;-3;-36.0;Fischer & Whitney (2014);Experiment 1b;Orientation;1;11;-36.0;-27.0;24.0;21.0;23.0;52.0;36;7
4;65;71;37;7;9;6;-47.0;Fischer & Whitney (2014);Experiment 1b;Orientation;1;11;-47.0;-83.0;-74.0;-23.0;-26.0;-24.0;37;7
4;27;32;38;7;9;5;38.0;Fischer & Whitney (2014);Experiment 1b;Orientation;1;11;38.0;-9.0;-45.0;-36.0;15.0;12.0;38;7
4;100;104;39;7;9;4;-73.0;Fischer & Whitney (2014);Experiment 1b;Orientation;1;11;-73.0;-35.0;-82.0;62.0;71.0;-58.0;39;7
4;106;106;40;7;9;0;-6.0;Fischer & Whitney (2014);Experiment 1b;Orientation;1;11;-6.0;-79.0;-41.0;-88.0;56.0;65.0;40;7
4;116;116;41;7;9;0;-10.0;Fischer & Whitney (2014);Experiment 1b;Orientation;1;11;-10.0;-16.0;-89.0;-51.0;82.0;46.0;41;7
4;81;81;42;7;9;0;35.0;Fischer & Whitney (2014);Experiment 1b;Orientation;1;11;35.0;25.0;19.0;-54.0;-16.0;-63.0;42;7
4;101;108;43;7;9;7;-20.0;Fischer & Whitney (2014);Experiment 1b;Orientation;1;11;-20.0;15.0;5.0;-1.0;-74.0;-36.0;43;7
4;8;18;44;7;9;10;-87.0;Fischer & Whitney (2014);Experiment 1b;Orientation;1;11;-87.0;73.0;-72.0;-82.0;-88.0;19.0;44;7
4;131;130;45;7;9;-1;57.0;Fischer & Whitney (2014);Experiment 1b;Orientation;1;11;57.0;-30.0;-50.0;-15.0;-25.0;-31.0;45;7
4;94;97;46;7;9;3;37.0;Fischer & Whitney (2014);Experiment 1b;Orientation;1;11;37.0;-86.0;7.0;-13.0;22.0;12.0;46;7
4;94;100;47;7;9;6;0.0;Fischer & Whitney (2014);Experiment 1b;Orientation;1;11;0.0;37.0;-86.0;7.0;-13.0;22.0;47;7
4;88;86;48;7;9;-2;6.0;Fischer & Whitney (2014);Experiment 1b;Orientation;1;11;6.0;6.0;43.0;-80.0;13.0;-7.0;48;7
4;159;163;49;7;9;4;-71.0;Fischer & Whitney (2014);Experiment 1b;Orientation;1;11;-71.0;-65.0;-65.0;-28.0;29.0;-58.0;49;7
4;15;12;50;7;9;-3;-36.0;Fischer & Whitney (2014);Experiment 1b;Orientation;1;11;-36.0;73.0;79.0;79.0;-64.0;-7.0;50;7
4;106;112;51;7;9;6;89.0;Fischer & Whitney (2014);Experiment 1b;Orientation;1;11;89.0;53.0;-18.0;-12.0;-12.0;25.0;51;7
4;125;119;52;7;9;-6;-19.0;Fischer & Whitney (2014);Experiment 1b;Orientation;1;11;-19.0;70.0;34.0;-37.0;-31.0;-31.0;52;7
4;35;36;53;7;9;1;90.0;Fischer & Whitney (2014);Experiment 1b;Orientation;1;11;90.0;71.0;-20.0;-56.0;53.0;59.0;53;7
4;117;118;54;7;9;1;-82.0;Fischer & Whitney (2014);Experiment 1b;Orientation;1;11;-82.0;8.0;-11.0;78.0;42.0;-29.0;54;7
4;73;72;55;7;9;-1;44.0;Fischer & Whitney (2014);Experiment 1b;Orientation;1;11;44.0;-38.0;52.0;33.0;-58.0;86.0;55;7
4;156;161;56;7;9;5;-83.0;Fischer & Whitney (2014);Experiment 1b;Orientation;1;11;-83.0;-39.0;59.0;-31.0;-50.0;39.0;56;7
4;154;150;57;7;9;-4;2.0;Fischer & Whitney (2014);Experiment 1b;Orientation;1;11;2.0;-81.0;-37.0;61.0;-29.0;-48.0;57;7
4;3;12;58;7;9;9;-29.0;Fischer & Whitney (2014);Experiment 1b;Orientation;1;11;-29.0;-27.0;70.0;-66.0;32.0;-58.0;58;7
4;159;155;59;7;9;-4;24.0;Fischer & Whitney (2014);Experiment 1b;Orientation;1;11;24.0;-5.0;-3.0;-86.0;-42.0;56.0;59;7
4;73;69;60;7;9;-4;86.0;Fischer & Whitney (2014);Experiment 1b;Orientation;1;11;86.0;-70.0;81.0;83.0;0.0;44.0;60;7
4;12;18;61;7;9;6;61.0;Fischer & Whitney (2014);Experiment 1b;Orientation;1;11;61.0;-33.0;-9.0;-38.0;-36.0;61.0;61;7
4;54;57;62;7;9;3;-42.0;Fischer & Whitney (2014);Experiment 1b;Orientation;1;11;-42.0;19.0;-75.0;-51.0;-80.0;-78.0;62;7
4;106;111;63;7;9;5;-52.0;Fischer & Whitney (2014);Experiment 1b;Orientation;1;11;-52.0;86.0;-33.0;53.0;77.0;48.0;63;7
4;65;71;64;7;9;6;41.0;Fischer & Whitney (2014);Experiment 1b;Orientation;1;11;41.0;-11.0;-53.0;8.0;-86.0;-62.0;64;7
4;40;59;65;7;9;19;25.0;Fischer & Whitney (2014);Experiment 1b;Orientation;1;11;25.0;66.0;14.0;-28.0;33.0;-61.0;65;7
4;143;149;66;7;9;6;77.0;Fischer & Whitney (2014);Experiment 1b;Orientation;1;11;77.0;-78.0;-37.0;-89.0;49.0;-70.0;66;7
4;132;141;67;7;9;9;11.0;Fischer & Whitney (2014);Experiment 1b;Orientation;1;11;11.0;88.0;-67.0;-26.0;-78.0;60.0;67;7
4;92;91;68;7;9;-1;40.0;Fischer & Whitney (2014);Experiment 1b;Orientation;1;11;40.0;51.0;-52.0;-27.0;14.0;-38.0;68;7
4;7;12;69;7;9;5;85.0;Fischer & Whitney (2014);Experiment 1b;Orientation;1;11;85.0;-55.0;-44.0;33.0;58.0;-81.0;69;7
4;6;11;70;7;9;5;1.0;Fischer & Whitney (2014);Experiment 1b;Orientation;1;11;1.0;86.0;-54.0;-43.0;34.0;59.0;70;7
4;150;151;71;7;9;1;36.0;Fischer & Whitney (2014);Experiment 1b;Orientation;1;11;36.0;37.0;-58.0;-18.0;-7.0;70.0;71;7
4;38;40;72;7;9;2;-68.0;Fischer & Whitney (2014);Experiment 1b;Orientation;1;11;-68.0;-32.0;-31.0;54.0;-86.0;-75.0;72;7
4;86;88;73;7;9;2;-48.0;Fischer & Whitney (2014);Experiment 1b;Orientation;1;11;-48.0;64.0;-80.0;-79.0;6.0;46.0;73;7
4;111;109;74;7;9;-2;-25.0;Fischer & Whitney (2014);Experiment 1b;Orientation;1;11;-25.0;-73.0;39.0;75.0;76.0;-19.0;74;7
4;128;106;75;7;9;-22;-17.0;Fischer & Whitney (2014);Experiment 1b;Orientation;1;11;-17.0;-42.0;90.0;22.0;58.0;59.0;75;7
4;133;122;76;7;9;-11;-5.0;Fischer & Whitney (2014);Experiment 1b;Orientation;1;11;-5.0;-22.0;-47.0;85.0;17.0;53.0;76;7
4;88;92;77;7;9;4;45.0;Fischer & Whitney (2014);Experiment 1b;Orientation;1;11;45.0;40.0;23.0;-2.0;-50.0;62.0;77;7
4;17;19;78;7;9;2;71.0;Fischer & Whitney (2014);Experiment 1b;Orientation;1;11;71.0;-64.0;-69.0;-86.0;69.0;21.0;78;7
4;43;36;79;7;9;-7;-26.0;Fischer & Whitney (2014);Experiment 1b;Orientation;1;11;-26.0;45.0;90.0;85.0;68.0;43.0;79;7
4;92;89;80;7;9;-3;-49.0;Fischer & Whitney (2014);Experiment 1b;Orientation;1;11;-49.0;-75.0;-4.0;41.0;36.0;19.0;80;7
4;101;104;81;7;9;3;-9.0;Fischer & Whitney (2014);Experiment 1b;Orientation;1;11;-9.0;-58.0;-84.0;-13.0;32.0;27.0;81;7
4;158;159;82;7;9;1;-57.0;Fischer & Whitney (2014);Experiment 1b;Orientation;1;11;-57.0;-66.0;65.0;39.0;-70.0;-25.0;82;7
4;175;167;83;7;9;-8;-17.0;Fischer & Whitney (2014);Experiment 1b;Orientation;1;11;-17.0;-74.0;-83.0;48.0;22.0;-87.0;83;7
4;112;113;84;7;9;1;63.0;Fischer & Whitney (2014);Experiment 1b;Orientation;1;11;63.0;46.0;-11.0;-20.0;-69.0;85.0;84;7
4;147;133;85;7;9;-14;-35.0;Fischer & Whitney (2014);Experiment 1b;Orientation;1;11;-35.0;28.0;11.0;-46.0;-55.0;76.0;85;7
4;155;145;86;7;9;-10;-8.0;Fischer & Whitney (2014);Experiment 1b;Orientation;1;11;-8.0;-43.0;20.0;3.0;-54.0;-63.0;86;7
4;103;113;87;7;9;10;52.0;Fischer & Whitney (2014);Experiment 1b;Orientation;1;11;52.0;44.0;9.0;72.0;55.0;-2.0;87;7
4;61;74;88;7;9;13;42.0;Fischer & Whitney (2014);Experiment 1b;Orientation;1;11;42.0;-86.0;86.0;51.0;-66.0;-83.0;88;7
4;25;24;89;7;9;-1;36.0;Fischer & Whitney (2014);Experiment 1b;Orientation;1;11;36.0;78.0;-50.0;-58.0;87.0;-30.0;89;7
4;179;175;90;7;9;-4;26.0;Fischer & Whitney (2014);Experiment 1b;Orientation;1;11;26.0;62.0;-76.0;-24.0;-32.0;-67.0;90;7
4;29;18;91;7;9;-11;-30.0;Fischer & Whitney (2014);Experiment 1b;Orientation;1;11;-30.0;-4.0;32.0;74.0;-54.0;-62.0;91;7
4;119;116;92;7;9;-3;-90.0;Fischer & Whitney (2014);Experiment 1b;Orientation;1;11;90.0;60.0;86.0;-58.0;-16.0;36.0;92;7
4;179;169;93;7;9;-10;-60.0;Fischer & Whitney (2014);Experiment 1b;Orientation;1;11;-60.0;30.0;0.0;26.0;62.0;-76.0;93;7
4;173;169;94;7;9;-4;6.0;Fischer & Whitney (2014);Experiment 1b;Orientation;1;11;6.0;-54.0;36.0;6.0;32.0;68.0;94;7
4;9;11;95;7;9;2;-16.0;Fischer & Whitney (2014);Experiment 1b;Orientation;1;11;-16.0;-10.0;-70.0;20.0;-10.0;16.0;95;7
4;69;79;96;7;9;10;-60.0;Fischer & Whitney (2014);Experiment 1b;Orientation;1;11;-60.0;-76.0;-70.0;50.0;-40.0;-70.0;96;7
4;94;94;97;7;9;0;-25.0;Fischer & Whitney (2014);Experiment 1b;Orientation;1;11;-25.0;-85.0;79.0;85.0;25.0;-65.0;97;7
4;15;15;98;7;9;0;79.0;Fischer & Whitney (2014);Experiment 1b;Orientation;1;11;79.0;54.0;-6.0;-22.0;-16.0;-76.0;98;7
4;70;74;99;7;9;4;-55.0;Fischer & Whitney (2014);Experiment 1b;Orientation;1;11;-55.0;24.0;-1.0;-61.0;-77.0;-71.0;99;7
4;176;170;100;7;9;-6;74.0;Fischer & Whitney (2014);Experiment 1b;Orientation;1;11;74.0;19.0;-82.0;73.0;13.0;-3.0;100;7
4;119;124;101;7;9;5;57.0;Fischer & Whitney (2014);Experiment 1b;Orientation;1;11;57.0;-49.0;76.0;-25.0;-50.0;70.0;101;7
4;49;54;102;7;9;5;70.0;Fischer & Whitney (2014);Experiment 1b;Orientation;1;11;70.0;-53.0;21.0;-34.0;45.0;20.0;102;7
4;90;86;103;7;9;-4;-41.0;Fischer & Whitney (2014);Experiment 1b;Orientation;1;11;-41.0;29.0;86.0;-20.0;-75.0;4.0;103;7
4;172;164;104;7;9;-8;-82.0;Fischer & Whitney (2014);Experiment 1b;Orientation;1;11;-82.0;57.0;-53.0;4.0;78.0;23.0;104;7
4;100;105;1;8;9;5;72.0;Fischer & Whitney (2014);Experiment 1b;Orientation;1;11;;;;;;;1;8
4;55;53;2;8;9;-2;45.0;Fischer & Whitney (2014);Experiment 1b;Orientation;1;11;;;;;;;2;8
4;103;102;3;8;9;-1;-48.0;Fischer & Whitney (2014);Experiment 1b;Orientation;1;11;;;;;;;3;8
4;106;106;4;8;9;0;-3.0;Fischer & Whitney (2014);Experiment 1b;Orientation;1;11;;;;;;;4;8
4;27;26;5;8;9;-1;79.0;Fischer & Whitney (2014);Experiment 1b;Orientation;1;11;;;;;;;5;8
4;0;171;6;8;9;-9;27.0;Fischer & Whitney (2014);Experiment 1b;Orientation;1;11;;;;;;;6;8
4;88;84;7;8;9;-4;-88.0;Fischer & Whitney (2014);Experiment 1b;Orientation;1;11;-88.0;-61.0;18.0;15.0;-33.0;12.0;7;8
4;155;154;8;8;9;-1;-67.0;Fischer & Whitney (2014);Experiment 1b;Orientation;1;11;-67.0;25.0;52.0;-49.0;-52.0;80.0;8;8
4;69;72;9;8;9;3;86.0;Fischer & Whitney (2014);Experiment 1b;Orientation;1;11;86.0;19.0;-69.0;-42.0;37.0;34.0;9;8
4;171;164;10;8;9;-7;78.0;Fischer & Whitney (2014);Experiment 1b;Orientation;1;11;78.0;-16.0;-83.0;9.0;36.0;-65.0;10;8
4;138;147;11;8;9;9;33.0;Fischer & Whitney (2014);Experiment 1b;Orientation;1;11;33.0;-69.0;17.0;-50.0;42.0;69.0;11;8
4;139;142;12;8;9;3;-1.0;Fischer & Whitney (2014);Experiment 1b;Orientation;1;11;-1.0;32.0;-70.0;16.0;-51.0;41.0;12;8
4;132;139;13;8;9;7;7.0;Fischer & Whitney (2014);Experiment 1b;Orientation;1;11;7.0;6.0;39.0;-63.0;23.0;-44.0;13;8
4;67;63;14;8;9;-4;65.0;Fischer & Whitney (2014);Experiment 1b;Orientation;1;11;65.0;72.0;71.0;-76.0;2.0;88.0;14;8
4;172;167;15;8;9;-5;75.0;Fischer & Whitney (2014);Experiment 1b;Orientation;1;11;75.0;-40.0;-33.0;-34.0;-1.0;77.0;15;8
4;13;8;16;8;9;-5;-21.0;Fischer & Whitney (2014);Experiment 1b;Orientation;1;11;-21.0;54.0;-61.0;-54.0;-55.0;-22.0;16;8
4;123;128;17;8;9;5;70.0;Fischer & Whitney (2014);Experiment 1b;Orientation;1;11;70.0;49.0;-56.0;9.0;16.0;15.0;17;8
4;65;59;18;8;9;-6;58.0;Fischer & Whitney (2014);Experiment 1b;Orientation;1;11;58.0;-52.0;-73.0;2.0;67.0;74.0;18;8
4;38;51;19;8;9;13;27.0;Fischer & Whitney (2014);Experiment 1b;Orientation;1;11;27.0;85.0;-25.0;-46.0;29.0;-86.0;19;8
4;25;32;20;8;9;7;13.0;Fischer & Whitney (2014);Experiment 1b;Orientation;1;11;13.0;40.0;-82.0;-12.0;-33.0;42.0;20;8
4;3;16;21;8;9;13;22.0;Fischer & Whitney (2014);Experiment 1b;Orientation;1;11;22.0;35.0;62.0;-60.0;10.0;-11.0;21;8
4;175;171;22;8;9;-4;8.0;Fischer & Whitney (2014);Experiment 1b;Orientation;1;11;8.0;30.0;43.0;70.0;-52.0;18.0;22;8
4;172;168;23;8;9;-4;3.0;Fischer & Whitney (2014);Experiment 1b;Orientation;1;11;3.0;11.0;33.0;46.0;73.0;-49.0;23;8
4;37;37;24;8;9;0;-45.0;Fischer & Whitney (2014);Experiment 1b;Orientation;1;11;-45.0;-42.0;-34.0;-12.0;1.0;28.0;24;8
4;75;71;25;8;9;-4;-38.0;Fischer & Whitney (2014);Experiment 1b;Orientation;1;11;-38.0;-83.0;-80.0;-72.0;-50.0;-37.0;25;8
4;16;15;26;8;9;-1;59.0;Fischer & Whitney (2014);Experiment 1b;Orientation;1;11;59.0;21.0;-24.0;-21.0;-13.0;9.0;26;8
4;176;11;27;8;9;15;20.0;Fischer & Whitney (2014);Experiment 1b;Orientation;1;11;20.0;79.0;41.0;-4.0;-1.0;7.0;27;8
4;95;98;28;8;9;3;81.0;Fischer & Whitney (2014);Experiment 1b;Orientation;1;11;81.0;-79.0;-20.0;-58.0;77.0;80.0;28;8
4;119;110;29;8;9;-9;-24.0;Fischer & Whitney (2014);Experiment 1b;Orientation;1;11;-24.0;57.0;77.0;-44.0;-82.0;53.0;29;8
4;46;58;30;8;9;12;73.0;Fischer & Whitney (2014);Experiment 1b;Orientation;1;11;73.0;49.0;-50.0;-30.0;29.0;-9.0;30;8
4;54;52;31;8;9;-2;-8.0;Fischer & Whitney (2014);Experiment 1b;Orientation;1;11;-8.0;65.0;41.0;-58.0;-38.0;21.0;31;8
4;30;29;32;8;9;-1;24.0;Fischer & Whitney (2014);Experiment 1b;Orientation;1;11;24.0;16.0;89.0;65.0;-34.0;-14.0;32;8
4;115;120;33;8;9;5;-85.0;Fischer & Whitney (2014);Experiment 1b;Orientation;1;11;-85.0;-61.0;-69.0;4.0;-20.0;61.0;33;8
4;141;138;34;8;9;-3;-26.0;Fischer & Whitney (2014);Experiment 1b;Orientation;1;11;-26.0;69.0;-87.0;85.0;-22.0;-46.0;34;8
4;105;108;35;8;9;3;36.0;Fischer & Whitney (2014);Experiment 1b;Orientation;1;11;36.0;10.0;-75.0;-51.0;-59.0;14.0;35;8
4;55;65;36;8;9;10;50.0;Fischer & Whitney (2014);Experiment 1b;Orientation;1;11;50.0;86.0;60.0;-25.0;-1.0;-9.0;36;8
4;64;67;37;8;9;3;-9.0;Fischer & Whitney (2014);Experiment 1b;Orientation;1;11;-9.0;41.0;77.0;51.0;-34.0;-10.0;37;8
4;101;107;38;8;9;6;-37.0;Fischer & Whitney (2014);Experiment 1b;Orientation;1;11;-37.0;-46.0;4.0;40.0;14.0;-71.0;38;8
4;77;75;39;8;9;-2;24.0;Fischer & Whitney (2014);Experiment 1b;Orientation;1;11;24.0;-13.0;-22.0;28.0;64.0;38.0;39;8
4;74;78;40;8;9;4;3.0;Fischer & Whitney (2014);Experiment 1b;Orientation;1;11;3.0;27.0;-10.0;-19.0;31.0;67.0;40;8
4;169;165;41;8;9;-4;85.0;Fischer & Whitney (2014);Experiment 1b;Orientation;1;11;85.0;88.0;-68.0;75.0;66.0;-64.0;41;8
4;67;71;42;8;9;4;-78.0;Fischer & Whitney (2014);Experiment 1b;Orientation;1;11;-78.0;7.0;10.0;34.0;-3.0;-12.0;42;8
4;36;40;43;8;9;4;31.0;Fischer & Whitney (2014);Experiment 1b;Orientation;1;11;31.0;-47.0;38.0;41.0;65.0;28.0;43;8
4;73;69;44;8;9;-4;-37.0;Fischer & Whitney (2014);Experiment 1b;Orientation;1;11;-37.0;-6.0;-84.0;1.0;4.0;28.0;44;8
4;21;29;45;8;9;8;52.0;Fischer & Whitney (2014);Experiment 1b;Orientation;1;11;52.0;15.0;46.0;-32.0;53.0;56.0;45;8
4;146;148;46;8;9;2;55.0;Fischer & Whitney (2014);Experiment 1b;Orientation;1;11;55.0;-73.0;70.0;-79.0;23.0;-72.0;46;8
4;82;85;47;8;9;3;64.0;Fischer & Whitney (2014);Experiment 1b;Orientation;1;11;64.0;-61.0;-9.0;-46.0;-15.0;87.0;47;8
4;118;105;48;8;9;-13;-36.0;Fischer & Whitney (2014);Experiment 1b;Orientation;1;11;-36.0;28.0;83.0;-45.0;-82.0;-51.0;48;8
4;50;67;49;8;9;17;68.0;Fischer & Whitney (2014);Experiment 1b;Orientation;1;11;68.0;32.0;-84.0;-29.0;23.0;-14.0;49;8
4;142;143;50;8;9;1;88.0;Fischer & Whitney (2014);Experiment 1b;Orientation;1;11;88.0;-24.0;-60.0;4.0;59.0;-69.0;50;8
4;104;108;51;8;9;4;38.0;Fischer & Whitney (2014);Experiment 1b;Orientation;1;11;38.0;-54.0;14.0;-22.0;42.0;-83.0;51;8
4;99;106;52;8;9;7;5.0;Fischer & Whitney (2014);Experiment 1b;Orientation;1;11;5.0;43.0;-49.0;19.0;-17.0;47.0;52;8
4;49;65;53;8;9;16;50.0;Fischer & Whitney (2014);Experiment 1b;Orientation;1;11;50.0;55.0;-87.0;1.0;69.0;33.0;53;8
4;31;33;54;8;9;2;18.0;Fischer & Whitney (2014);Experiment 1b;Orientation;1;11;18.0;68.0;73.0;-69.0;19.0;87.0;54;8
4;83;87;55;8;9;4;-52.0;Fischer & Whitney (2014);Experiment 1b;Orientation;1;11;-52.0;-34.0;16.0;21.0;59.0;-33.0;55;8
4;141;149;56;8;9;8;-58.0;Fischer & Whitney (2014);Experiment 1b;Orientation;1;11;-58.0;70.0;88.0;-42.0;-37.0;1.0;56;8
4;151;149;57;8;9;-2;-10.0;Fischer & Whitney (2014);Experiment 1b;Orientation;1;11;-10.0;-68.0;60.0;78.0;-52.0;-47.0;57;8
4;1;8;58;8;9;7;-30.0;Fischer & Whitney (2014);Experiment 1b;Orientation;1;11;-30.0;-40.0;82.0;30.0;48.0;-82.0;58;8
4;104;106;59;8;9;2;77.0;Fischer & Whitney (2014);Experiment 1b;Orientation;1;11;77.0;47.0;37.0;-21.0;-73.0;-55.0;59;8
4;123;113;60;8;9;-10;-19.0;Fischer & Whitney (2014);Experiment 1b;Orientation;1;11;-19.0;58.0;28.0;18.0;-40.0;88.0;60;8
4;61;63;61;8;9;2;62.0;Fischer & Whitney (2014);Experiment 1b;Orientation;1;11;62.0;43.0;-60.0;90.0;80.0;22.0;61;8
4;43;57;62;8;9;14;18.0;Fischer & Whitney (2014);Experiment 1b;Orientation;1;11;18.0;80.0;61.0;-42.0;-72.0;-82.0;62;8
4;7;17;63;8;9;10;36.0;Fischer & Whitney (2014);Experiment 1b;Orientation;1;11;36.0;54.0;-64.0;-83.0;-6.0;-36.0;63;8
4;116;113;64;8;9;-3;71.0;Fischer & Whitney (2014);Experiment 1b;Orientation;1;11;71.0;-73.0;-55.0;7.0;-12.0;65.0;64;8
4;60;68;65;8;9;8;56.0;Fischer & Whitney (2014);Experiment 1b;Orientation;1;11;56.0;-53.0;-17.0;1.0;63.0;44.0;65;8
4;92;95;66;8;9;3;-32.0;Fischer & Whitney (2014);Experiment 1b;Orientation;1;11;-32.0;24.0;-85.0;-49.0;-31.0;31.0;66;8
4;90;90;67;8;9;0;2.0;Fischer & Whitney (2014);Experiment 1b;Orientation;1;11;2.0;-30.0;26.0;-83.0;-47.0;-29.0;67;8
4;28;24;68;8;9;-4;62.0;Fischer & Whitney (2014);Experiment 1b;Orientation;1;11;62.0;64.0;32.0;88.0;-21.0;15.0;68;8
4;117;116;69;8;9;-1;-89.0;Fischer & Whitney (2014);Experiment 1b;Orientation;1;11;-89.0;-27.0;-25.0;-57.0;-1.0;70.0;69;8
4;169;160;70;8;9;-9;-52.0;Fischer & Whitney (2014);Experiment 1b;Orientation;1;11;-52.0;39.0;-79.0;-77.0;71.0;-53.0;70;8
4;23;23;71;8;9;0;-34.0;Fischer & Whitney (2014);Experiment 1b;Orientation;1;11;-34.0;-86.0;5.0;67.0;69.0;37.0;71;8
4;93;94;72;8;9;1;-70.0;Fischer & Whitney (2014);Experiment 1b;Orientation;1;11;-70.0;76.0;24.0;-65.0;-3.0;-1.0;72;8
4;57;73;73;8;9;16;36.0;Fischer & Whitney (2014);Experiment 1b;Orientation;1;11;36.0;-34.0;-68.0;60.0;-29.0;33.0;73;8
4;165;164;74;8;9;-1;72.0;Fischer & Whitney (2014);Experiment 1b;Orientation;1;11;72.0;-72.0;38.0;4.0;-48.0;43.0;74;8
4;15;19;75;8;9;4;-30.0;Fischer & Whitney (2014);Experiment 1b;Orientation;1;11;-30.0;42.0;78.0;8.0;-26.0;-78.0;75;8
4;24;27;76;8;9;3;-9.0;Fischer & Whitney (2014);Experiment 1b;Orientation;1;11;-9.0;-39.0;33.0;69.0;-1.0;-35.0;76;8
4;32;30;77;8;9;-2;-8.0;Fischer & Whitney (2014);Experiment 1b;Orientation;1;11;-8.0;-17.0;-47.0;25.0;61.0;-9.0;77;8
4;103;103;78;8;9;0;-71.0;Fischer & Whitney (2014);Experiment 1b;Orientation;1;11;-71.0;-79.0;-88.0;62.0;-46.0;-10.0;78;8
4;44;52;79;8;9;8;59.0;Fischer & Whitney (2014);Experiment 1b;Orientation;1;11;59.0;-12.0;-20.0;-29.0;-59.0;13.0;79;8
4;159;158;80;8;9;-1;65.0;Fischer & Whitney (2014);Experiment 1b;Orientation;1;11;65.0;-56.0;53.0;45.0;36.0;6.0;80;8
4;70;72;81;8;9;2;89.0;Fischer & Whitney (2014);Experiment 1b;Orientation;1;11;89.0;-26.0;33.0;-38.0;-46.0;-55.0;81;8
4;27;26;82;8;9;-1;43.0;Fischer & Whitney (2014);Experiment 1b;Orientation;1;11;43.0;-48.0;17.0;76.0;5.0;-3.0;82;8
4;80;83;83;8;9;3;-53.0;Fischer & Whitney (2014);Experiment 1b;Orientation;1;11;-53.0;-10.0;79.0;-36.0;23.0;-48.0;83;8
4;106;106;84;8;9;0;-26.0;Fischer & Whitney (2014);Experiment 1b;Orientation;1;11;-26.0;-79.0;-36.0;53.0;-62.0;-3.0;84;8
4;107;109;85;8;9;2;-1.0;Fischer & Whitney (2014);Experiment 1b;Orientation;1;11;-1.0;-27.0;-80.0;-37.0;52.0;-63.0;85;8
4;13;17;86;8;9;4;-86.0;Fischer & Whitney (2014);Experiment 1b;Orientation;1;11;-86.0;-87.0;67.0;14.0;57.0;-34.0;86;8
4;94;94;87;8;9;0;-81.0;Fischer & Whitney (2014);Experiment 1b;Orientation;1;11;-81.0;13.0;12.0;-14.0;-67.0;-24.0;87;8
4;60;68;88;8;9;8;34.0;Fischer & Whitney (2014);Experiment 1b;Orientation;1;11;34.0;-47.0;47.0;46.0;20.0;-33.0;88;8
4;140;142;89;8;9;2;-80.0;Fischer & Whitney (2014);Experiment 1b;Orientation;1;11;-80.0;-46.0;53.0;-33.0;-34.0;-60.0;89;8
4;117;123;90;8;9;6;23.0;Fischer & Whitney (2014);Experiment 1b;Orientation;1;11;23.0;-57.0;-23.0;76.0;-10.0;-11.0;90;8
4;155;148;91;8;9;-7;-38.0;Fischer & Whitney (2014);Experiment 1b;Orientation;1;11;-38.0;-15.0;85.0;-61.0;38.0;-48.0;91;8
4;23;19;92;8;9;-4;-48.0;Fischer & Whitney (2014);Experiment 1b;Orientation;1;11;-48.0;-86.0;-63.0;37.0;71.0;-10.0;92;8
4;58;66;93;8;9;8;-35.0;Fischer & Whitney (2014);Experiment 1b;Orientation;1;11;-35.0;-83.0;59.0;82.0;2.0;36.0;93;8
4;78;75;94;8;9;-3;-20.0;Fischer & Whitney (2014);Experiment 1b;Orientation;1;11;-20.0;-55.0;77.0;39.0;62.0;-18.0;94;8
4;171;167;95;8;9;-4;87.0;Fischer & Whitney (2014);Experiment 1b;Orientation;1;11;87.0;67.0;32.0;-16.0;-54.0;-31.0;95;8
4;26;20;96;8;9;-6;-35.0;Fischer & Whitney (2014);Experiment 1b;Orientation;1;11;-35.0;52.0;32.0;-3.0;-51.0;-89.0;96;8
4;161;165;97;8;9;4;45.0;Fischer & Whitney (2014);Experiment 1b;Orientation;1;11;45.0;10.0;-83.0;77.0;42.0;-6.0;97;8
4;158;147;98;8;9;-11;3.0;Fischer & Whitney (2014);Experiment 1b;Orientation;1;11;3.0;48.0;13.0;-80.0;80.0;45.0;98;8
4;91;95;99;8;9;4;67.0;Fischer & Whitney (2014);Experiment 1b;Orientation;1;11;67.0;70.0;-65.0;80.0;-13.0;-33.0;99;8
4;84;89;100;8;9;5;7.0;Fischer & Whitney (2014);Experiment 1b;Orientation;1;11;7.0;74.0;77.0;-58.0;87.0;-6.0;100;8
4;161;157;101;8;9;-4;-77.0;Fischer & Whitney (2014);Experiment 1b;Orientation;1;11;-77.0;-70.0;-3.0;0.0;45.0;10.0;101;8
4;19;21;102;8;9;2;-38.0;Fischer & Whitney (2014);Experiment 1b;Orientation;1;11;-38.0;65.0;72.0;-41.0;-38.0;7.0;102;8
4;135;146;103;8;9;11;64.0;Fischer & Whitney (2014);Experiment 1b;Orientation;1;11;64.0;26.0;-51.0;-44.0;23.0;26.0;103;8
4;96;97;104;8;9;1;39.0;Fischer & Whitney (2014);Experiment 1b;Orientation;1;11;39.0;-77.0;65.0;-12.0;-5.0;62.0;104;8
