obs;theta;resp;error;rt;block;delta;trial;study;experiment;stimulus;expnum;codenum;delta_1;delta_2;delta_3;delta_4;trial_in_block;block_unique
1;70;65;-5;1.92432129999997;1;;1;Houborg et al. (2023);Experiment 1;Orientation;1;18;;;;;1;1
1;157;165;8;6.01526579999972;1;-87.0;2;Houborg et al. (2023);Experiment 1;Orientation;1;18;;;;;2;1
1;50;33;-17;2.62793820000024;1;-73.0;3;Houborg et al. (2023);Experiment 1;Orientation;1;18;;;;;3;1
1;4;15;11;2.76206180000008;1;46.0;4;Houborg et al. (2023);Experiment 1;Orientation;1;18;;;;;4;1
1;114;143;29;2.95987319999949;1;70.0;5;Houborg et al. (2023);Experiment 1;Orientation;1;18;70.0;-64.0;43.0;-44.0;5;1
1;160;145;-15;2.39549819999957;1;-46.0;6;Houborg et al. (2023);Experiment 1;Orientation;1;18;-46.0;24.0;70.0;-3.0;6;1
1;37;39;2;1.96204790000047;1;-57.0;7;Houborg et al. (2023);Experiment 1;Orientation;1;18;-57.0;77.0;-33.0;13.0;7;1
1;50;48;-2;1.7630165999999;1;-13.0;8;Houborg et al. (2023);Experiment 1;Orientation;1;18;-13.0;-70.0;64.0;-46.0;8;1
1;57;61;4;1.86147810000057;1;-7.0;9;Houborg et al. (2023);Experiment 1;Orientation;1;18;-7.0;-20.0;-77.0;57.0;9;1
1;107;131;24;4.84751229999983;1;-50.0;10;Houborg et al. (2023);Experiment 1;Orientation;1;18;-50.0;-57.0;-70.0;53.0;10;1
1;122;126;4;2.1457575000004;1;-15.0;11;Houborg et al. (2023);Experiment 1;Orientation;1;18;-15.0;-65.0;-72.0;-85.0;11;1
1;102;125;23;1.69614619999993;1;20.0;12;Houborg et al. (2023);Experiment 1;Orientation;1;18;20.0;5.0;-45.0;-52.0;12;1
1;27;29;2;1.79561339999964;1;75.0;13;Houborg et al. (2023);Experiment 1;Orientation;1;18;75.0;-85.0;80.0;30.0;13;1
1;70;64;-6;1.71252840000034;1;-43.0;14;Houborg et al. (2023);Experiment 1;Orientation;1;18;-43.0;32.0;52.0;37.0;14;1
1;159;147;-12;2.46188350000011;1;-89.0;15;Houborg et al. (2023);Experiment 1;Orientation;1;18;-89.0;48.0;-57.0;-37.0;15;1
1;22;26;4;4.69766609999988;1;-43.0;16;Houborg et al. (2023);Experiment 1;Orientation;1;18;-43.0;48.0;5.0;80.0;16;1
1;78;28;-50;3.38065490000008;1;-56.0;17;Houborg et al. (2023);Experiment 1;Orientation;1;18;-56.0;81.0;-8.0;-51.0;17;1
1;102;161;59;3.26378980000027;1;-24.0;18;Houborg et al. (2023);Experiment 1;Orientation;1;18;-24.0;-80.0;57.0;-32.0;18;1
1;134;141;7;3.14588579999963;1;-32.0;19;Houborg et al. (2023);Experiment 1;Orientation;1;18;-32.0;-56.0;68.0;25.0;19;1
1;121;119;-2;2.77894380000089;1;13.0;20;Houborg et al. (2023);Experiment 1;Orientation;1;18;13.0;-19.0;-43.0;81.0;20;1
1;130;132;2;2.96302490000016;2;-9.0;21;Houborg et al. (2023);Experiment 1;Orientation;1;18;;;;;1;2
1;15;16;1;3.14692749999995;2;-65.0;22;Houborg et al. (2023);Experiment 1;Orientation;1;18;;;;;2;2
1;165;154;-11;2.3630876999996;2;30.0;23;Houborg et al. (2023);Experiment 1;Orientation;1;18;;;;;3;2
1;41;25;-16;3.84601639999983;2;-56.0;24;Houborg et al. (2023);Experiment 1;Orientation;1;18;;;;;4;2
1;90;91;1;2.49602030000005;2;-49.0;25;Houborg et al. (2023);Experiment 1;Orientation;1;18;-49.0;75.0;-75.0;40.0;5;2
1;21;33;12;3.81195230000048;2;69.0;26;Houborg et al. (2023);Experiment 1;Orientation;1;18;69.0;20.0;-36.0;-6.0;6;2
1;63;24;-39;4.6973011;2;-42.0;27;Houborg et al. (2023);Experiment 1;Orientation;1;18;-42.0;27.0;-22.0;-78.0;7;2
1;114;126;12;2.84545030000027;2;-51.0;28;Houborg et al. (2023);Experiment 1;Orientation;1;18;-51.0;87.0;-24.0;-73.0;8;2
1;106;114;8;1.91230259999975;2;8.0;29;Houborg et al. (2023);Experiment 1;Orientation;1;18;8.0;-43.0;-85.0;-16.0;9;2
1;70;82;12;3.51207189999968;2;36.0;30;Houborg et al. (2023);Experiment 1;Orientation;1;18;36.0;44.0;-7.0;-49.0;10;2
1;27;32;5;4.26438169999983;2;43.0;31;Houborg et al. (2023);Experiment 1;Orientation;1;18;43.0;79.0;87.0;36.0;11;2
1;147;148;1;4.5808063000004;2;60.0;32;Houborg et al. (2023);Experiment 1;Orientation;1;18;60.0;-77.0;-41.0;-33.0;12;2
1;130;130;0;2.8115399999997;2;17.0;33;Houborg et al. (2023);Experiment 1;Orientation;1;18;17.0;77.0;-60.0;-24.0;13;2
1;145;147;2;2.44500619999963;2;-15.0;34;Houborg et al. (2023);Experiment 1;Orientation;1;18;-15.0;2.0;62.0;-75.0;14;2
1;93;90;-3;8.50132460000077;2;52.0;35;Houborg et al. (2023);Experiment 1;Orientation;1;18;52.0;37.0;54.0;-66.0;15;2
1;26;22;-4;3.46320539999942;2;67.0;36;Houborg et al. (2023);Experiment 1;Orientation;1;18;67.0;-61.0;-76.0;-59.0;16;2
1;96;112;16;2.41006039999957;2;-70.0;37;Houborg et al. (2023);Experiment 1;Orientation;1;18;-70.0;-3.0;49.0;34.0;17;2
1;86;98;12;4.08014259999982;2;10.0;38;Houborg et al. (2023);Experiment 1;Orientation;1;18;10.0;-60.0;7.0;59.0;18;2
1;86;57;-29;10.1190803;2;0.0;39;Houborg et al. (2023);Experiment 1;Orientation;1;18;0.0;10.0;-60.0;7.0;19;2
1;71;95;24;4.24682469999971;2;15.0;40;Houborg et al. (2023);Experiment 1;Orientation;1;18;15.0;15.0;25.0;-45.0;20;2
1;40;45;5;2.71051890000035;3;31.0;41;Houborg et al. (2023);Experiment 1;Orientation;1;18;;;;;1;3
1;161;153;-8;2.61263589999999;3;59.0;42;Houborg et al. (2023);Experiment 1;Orientation;1;18;;;;;2;3
1;162;160;-2;2.21269279999979;3;-1.0;43;Houborg et al. (2023);Experiment 1;Orientation;1;18;;;;;3;3
1;2;10;8;3.5306086999999;3;-20.0;44;Houborg et al. (2023);Experiment 1;Orientation;1;18;;;;;4;3
1;58;0;-58;3.27958050000052;3;-56.0;45;Houborg et al. (2023);Experiment 1;Orientation;1;18;-56.0;-76.0;-77.0;-18.0;5;3
1;139;142;3;6.91566650000004;3;-81.0;46;Houborg et al. (2023);Experiment 1;Orientation;1;18;-81.0;43.0;23.0;22.0;6;3
1;145;137;-8;2.31178379999983;3;-6.0;47;Houborg et al. (2023);Experiment 1;Orientation;1;18;-6.0;-87.0;37.0;17.0;7;3
1;44;52;8;2.89645759999985;3;-79.0;48;Houborg et al. (2023);Experiment 1;Orientation;1;18;-79.0;-85.0;14.0;-42.0;8;3
1;155;156;1;2.83029090000036;3;69.0;49;Houborg et al. (2023);Experiment 1;Orientation;1;18;69.0;-10.0;-16.0;83.0;9;3
1;127;139;12;3.31317409999974;3;28.0;50;Houborg et al. (2023);Experiment 1;Orientation;1;18;28.0;-83.0;18.0;12.0;10;3
1;111;133;22;18.6421958999999;3;16.0;51;Houborg et al. (2023);Experiment 1;Orientation;1;18;16.0;44.0;-67.0;34.0;11;3
1;169;153;-16;2.67827540000053;3;-58.0;52;Houborg et al. (2023);Experiment 1;Orientation;1;18;-58.0;-42.0;-14.0;55.0;12;3
1;140;173;33;1.96104300000025;3;29.0;53;Houborg et al. (2023);Experiment 1;Orientation;1;18;29.0;-29.0;-13.0;15.0;13;3
1;36;48;12;2.27899950000028;3;-76.0;54;Houborg et al. (2023);Experiment 1;Orientation;1;18;-76.0;-47.0;75.0;-89.0;14;3
1;112;127;15;3.81424800000059;3;-76.0;55;Houborg et al. (2023);Experiment 1;Orientation;1;18;-76.0;28.0;57.0;-1.0;15;3
1;136;150;14;2.29590250000001;3;-24.0;56;Houborg et al. (2023);Experiment 1;Orientation;1;18;-24.0;80.0;4.0;33.0;16;3
1;17;24;7;3.46268930000042;3;-61.0;57;Houborg et al. (2023);Experiment 1;Orientation;1;18;-61.0;-85.0;19.0;-57.0;17;3
1;17;26;9;3.44454649999989;3;0.0;58;Houborg et al. (2023);Experiment 1;Orientation;1;18;0.0;-61.0;-85.0;19.0;18;3
1;166;165;-1;4.28040400000009;3;31.0;59;Houborg et al. (2023);Experiment 1;Orientation;1;18;31.0;31.0;-30.0;-54.0;19;3
1;48;47;-1;4.36459449999984;3;-62.0;60;Houborg et al. (2023);Experiment 1;Orientation;1;18;-62.0;-31.0;-31.0;88.0;20;3
1;55;46;-9;2.24541190000036;4;-7.0;61;Houborg et al. (2023);Experiment 1;Orientation;1;18;;;;;1;4
1;18;24;6;2.93005369999992;4;37.0;62;Houborg et al. (2023);Experiment 1;Orientation;1;18;;;;;2;4
1;16;20;4;2.94558069999948;4;2.0;63;Houborg et al. (2023);Experiment 1;Orientation;1;18;;;;;3;4
1;59;35;-24;2.4948846999996;4;-43.0;64;Houborg et al. (2023);Experiment 1;Orientation;1;18;;;;;4;4
1;61;50;-11;3.78028830000039;4;-2.0;65;Houborg et al. (2023);Experiment 1;Orientation;1;18;-2.0;-45.0;-43.0;-6.0;5;4
1;148;145;-3;2.56176159999995;4;-87.0;66;Houborg et al. (2023);Experiment 1;Orientation;1;18;-87.0;-89.0;48.0;50.0;6;4
1;83;121;38;3.19650970000021;4;65.0;67;Houborg et al. (2023);Experiment 1;Orientation;1;18;65.0;-22.0;-24.0;-67.0;7;4
1;38;37;-1;2.96349090000058;4;45.0;68;Houborg et al. (2023);Experiment 1;Orientation;1;18;45.0;-70.0;23.0;21.0;8;4
1;52;47;-5;3.06166310000026;4;-14.0;69;Houborg et al. (2023);Experiment 1;Orientation;1;18;-14.0;31.0;-84.0;9.0;9;4
1;48;38;-10;3.77967010000066;4;4.0;70;Houborg et al. (2023);Experiment 1;Orientation;1;18;4.0;-10.0;35.0;-80.0;10;4
1;128;126;-2;3.11312989999988;4;-80.0;71;Houborg et al. (2023);Experiment 1;Orientation;1;18;-80.0;-76.0;90.0;-45.0;11;4
1;21;31;10;28.9838921;4;-73.0;72;Houborg et al. (2023);Experiment 1;Orientation;1;18;-73.0;27.0;31.0;17.0;12;4
1;149;146;-3;2.61306539999987;4;52.0;73;Houborg et al. (2023);Experiment 1;Orientation;1;18;52.0;-21.0;79.0;83.0;13;4
1;178;1;3;2.69586319999962;4;-29.0;74;Houborg et al. (2023);Experiment 1;Orientation;1;18;-29.0;23.0;-50.0;50.0;14;4
1;27;39;12;2.89652139999998;4;-29.0;75;Houborg et al. (2023);Experiment 1;Orientation;1;18;-29.0;-58.0;-6.0;-79.0;15;4
1;1;44;43;6.48259289999987;4;26.0;76;Houborg et al. (2023);Experiment 1;Orientation;1;18;26.0;-3.0;-32.0;20.0;16;4
1;9;4;-5;3.41187690000061;4;-8.0;77;Houborg et al. (2023);Experiment 1;Orientation;1;18;-8.0;18.0;-11.0;-40.0;17;4
1;106;120;14;3.88009559999955;4;83.0;78;Houborg et al. (2023);Experiment 1;Orientation;1;18;83.0;75.0;-79.0;72.0;18;4
1;5;0;-5;2.61224279999988;4;-79.0;79;Houborg et al. (2023);Experiment 1;Orientation;1;18;-79.0;4.0;-4.0;22.0;19;4
1;81;44;-37;5.44877540000016;4;-76.0;80;Houborg et al. (2023);Experiment 1;Orientation;1;18;-76.0;25.0;-72.0;-80.0;20;4
1;152;145;-7;3.02877960000023;5;-71.0;81;Houborg et al. (2023);Experiment 1;Orientation;1;18;;;;;1;5
1;129;130;1;2.77972640000007;5;23.0;82;Houborg et al. (2023);Experiment 1;Orientation;1;18;;;;;2;5
1;136;133;-3;3.28017949999958;5;-7.0;83;Houborg et al. (2023);Experiment 1;Orientation;1;18;;;;;3;5
1;121;109;-12;4.36420729999918;5;15.0;84;Houborg et al. (2023);Experiment 1;Orientation;1;18;;;;;4;5
1;178;177;-1;6.79989260000002;5;-57.0;85;Houborg et al. (2023);Experiment 1;Orientation;1;18;-57.0;-42.0;-49.0;-26.0;5;5
1;148;145;-3;2.91273329999967;5;30.0;86;Houborg et al. (2023);Experiment 1;Orientation;1;18;30.0;-27.0;-12.0;-19.0;6;5
1;25;35;10;1.52835449999839;5;-57.0;87;Houborg et al. (2023);Experiment 1;Orientation;1;18;-57.0;-27.0;-84.0;-69.0;7;5
1;122;141;19;20.0945076999997;5;83.0;88;Houborg et al. (2023);Experiment 1;Orientation;1;18;83.0;26.0;56.0;-1.0;8;5
1;120;136;16;1.52918349999891;5;2.0;89;Houborg et al. (2023);Experiment 1;Orientation;1;18;2.0;85.0;28.0;58.0;9;5
1;174;152;-22;78.7411147000003;5;-54.0;90;Houborg et al. (2023);Experiment 1;Orientation;1;18;-54.0;-52.0;31.0;-26.0;10;5
1;89;95;6;1.07760280000002;5;85.0;91;Houborg et al. (2023);Experiment 1;Orientation;1;18;85.0;31.0;33.0;-64.0;11;5
1;138;134;-4;1.94536940000035;5;-49.0;92;Houborg et al. (2023);Experiment 1;Orientation;1;18;-49.0;36.0;-18.0;-16.0;12;5
1;62;62;0;2.5948204999986;5;76.0;93;Houborg et al. (2023);Experiment 1;Orientation;1;18;76.0;27.0;-68.0;58.0;13;5
1;63;122;59;2.59452060000149;5;-1.0;94;Houborg et al. (2023);Experiment 1;Orientation;1;18;-1.0;75.0;26.0;-69.0;14;5
1;23;19;-4;2.44603169999937;5;40.0;95;Houborg et al. (2023);Experiment 1;Orientation;1;18;40.0;39.0;-65.0;66.0;15;5
1;51;49;-2;3.21307250000064;5;-28.0;96;Houborg et al. (2023);Experiment 1;Orientation;1;18;-28.0;12.0;11.0;87.0;16;5
1;50;34;-16;22.1608367999997;5;1.0;97;Houborg et al. (2023);Experiment 1;Orientation;1;18;1.0;-27.0;13.0;12.0;17;5
1;4;177;-7;1.8283322999996;5;46.0;98;Houborg et al. (2023);Experiment 1;Orientation;1;18;46.0;47.0;19.0;59.0;18;5
1;42;42;0;5.99812620000012;5;-38.0;99;Houborg et al. (2023);Experiment 1;Orientation;1;18;-38.0;8.0;9.0;-19.0;19;5
1;4;19;15;8.50102020000122;5;38.0;100;Houborg et al. (2023);Experiment 1;Orientation;1;18;38.0;0.0;46.0;47.0;20;5
1;164;159;-5;2.5960369000004;6;20.0;101;Houborg et al. (2023);Experiment 1;Orientation;1;18;;;;;1;6
1;13;17;4;1.37777020000067;6;-29.0;102;Houborg et al. (2023);Experiment 1;Orientation;1;18;;;;;2;6
1;124;129;5;2.92881639999905;6;69.0;103;Houborg et al. (2023);Experiment 1;Orientation;1;18;;;;;3;6
1;21;41;20;2.39627690000088;6;-77.0;104;Houborg et al. (2023);Experiment 1;Orientation;1;18;;;;;4;6
1;141;139;-2;3.09516480000093;6;60.0;105;Houborg et al. (2023);Experiment 1;Orientation;1;18;60.0;-17.0;52.0;23.0;5;6
1;114;118;4;2.22825889999876;6;27.0;106;Houborg et al. (2023);Experiment 1;Orientation;1;18;27.0;87.0;10.0;79.0;6;6
1;128;123;-5;1.79431750000003;6;-14.0;107;Houborg et al. (2023);Experiment 1;Orientation;1;18;-14.0;13.0;73.0;-4.0;7;6
1;73;64;-9;2.54504019999877;6;55.0;108;Houborg et al. (2023);Experiment 1;Orientation;1;18;55.0;41.0;68.0;-52.0;8;6
1;129;134;5;4.36372959999971;6;-56.0;109;Houborg et al. (2023);Experiment 1;Orientation;1;18;-56.0;-1.0;-15.0;12.0;9;6
1;113;140;27;2.52813720000086;6;16.0;110;Houborg et al. (2023);Experiment 1;Orientation;1;18;16.0;-40.0;15.0;1.0;10;6
1;122;146;24;6.53205709999929;6;-9.0;111;Houborg et al. (2023);Experiment 1;Orientation;1;18;-9.0;7.0;-49.0;6.0;11;6
1;87;126;39;1.67764519999946;6;35.0;112;Houborg et al. (2023);Experiment 1;Orientation;1;18;35.0;26.0;42.0;-14.0;12;6
1;101;108;7;2.8128772;6;-14.0;113;Houborg et al. (2023);Experiment 1;Orientation;1;18;-14.0;21.0;12.0;28.0;13;6
1;57;41;-16;2.91284590000032;6;44.0;114;Houborg et al. (2023);Experiment 1;Orientation;1;18;44.0;30.0;65.0;56.0;14;6
1;122;134;12;4.8311563999996;6;-65.0;115;Houborg et al. (2023);Experiment 1;Orientation;1;18;-65.0;-21.0;-35.0;0.0;15;6
1;15;18;3;2.82927179999933;6;-73.0;116;Houborg et al. (2023);Experiment 1;Orientation;1;18;-73.0;42.0;86.0;72.0;16;6
1;10;30;20;2.91292229999999;6;5.0;117;Houborg et al. (2023);Experiment 1;Orientation;1;18;5.0;-68.0;47.0;-89.0;17;6
1;142;146;4;3.61323119999906;6;48.0;118;Houborg et al. (2023);Experiment 1;Orientation;1;18;48.0;53.0;-20.0;-85.0;18;6
1;110;148;38;5.0987669999995;6;32.0;119;Houborg et al. (2023);Experiment 1;Orientation;1;18;32.0;80.0;85.0;12.0;19;6
1;14;25;11;2.41230499999983;6;-84.0;120;Houborg et al. (2023);Experiment 1;Orientation;1;18;-84.0;-52.0;-4.0;1.0;20;6
1;145;150;5;2.04470060000131;7;49.0;121;Houborg et al. (2023);Experiment 1;Orientation;1;18;;;;;1;7
1;98;106;8;1.7949865999999;7;47.0;122;Houborg et al. (2023);Experiment 1;Orientation;1;18;;;;;2;7
1;56;43;-13;2.36265300000014;7;42.0;123;Houborg et al. (2023);Experiment 1;Orientation;1;18;;;;;3;7
1;126;134;8;1.87940359999993;7;-70.0;124;Houborg et al. (2023);Experiment 1;Orientation;1;18;;;;;4;7
1;83;89;6;1.91152870000042;7;43.0;125;Houborg et al. (2023);Experiment 1;Orientation;1;18;43.0;-27.0;15.0;62.0;5;7
1;46;41;-5;19.0761140999984;7;37.0;126;Houborg et al. (2023);Experiment 1;Orientation;1;18;37.0;80.0;10.0;52.0;6;7
1;90;94;4;1.56078259999958;7;-44.0;127;Houborg et al. (2023);Experiment 1;Orientation;1;18;-44.0;-7.0;36.0;-34.0;7;7
1;7;30;23;1.99480260000018;7;83.0;128;Houborg et al. (2023);Experiment 1;Orientation;1;18;83.0;39.0;76.0;-61.0;8;7
1;90;92;2;5.84766239999954;7;-83.0;129;Houborg et al. (2023);Experiment 1;Orientation;1;18;-83.0;0.0;-44.0;-7.0;9;7
1;118;141;23;2.78030990000116;7;-28.0;130;Houborg et al. (2023);Experiment 1;Orientation;1;18;-28.0;69.0;-28.0;-72.0;10;7
1;36;49;13;2.97981360000085;7;82.0;131;Houborg et al. (2023);Experiment 1;Orientation;1;18;82.0;54.0;-29.0;54.0;11;7
1;123;131;8;3.41415469999993;7;-87.0;132;Houborg et al. (2023);Experiment 1;Orientation;1;18;-87.0;-5.0;-33.0;64.0;12;7
1;162;140;-22;2.24576750000051;7;-39.0;133;Houborg et al. (2023);Experiment 1;Orientation;1;18;-39.0;54.0;-44.0;-72.0;13;7
1;100;101;1;3.61314000000129;7;62.0;134;Houborg et al. (2023);Experiment 1;Orientation;1;18;62.0;23.0;-64.0;18.0;14;7
1;104;120;16;3.96308929999941;7;-4.0;135;Houborg et al. (2023);Experiment 1;Orientation;1;18;-4.0;58.0;19.0;-68.0;15;7
1;22;143;-59;7.24872429999959;7;82.0;136;Houborg et al. (2023);Experiment 1;Orientation;1;18;82.0;78.0;-40.0;-79.0;16;7
1;57;43;-14;3.16376889999992;7;-35.0;137;Houborg et al. (2023);Experiment 1;Orientation;1;18;-35.0;47.0;43.0;-75.0;17;7
1;145;153;8;2.22806589999891;7;-88.0;138;Houborg et al. (2023);Experiment 1;Orientation;1;18;-88.0;57.0;-41.0;-45.0;18;7
1;12;3;-9;3.62970660000065;7;-47.0;139;Houborg et al. (2023);Experiment 1;Orientation;1;18;-47.0;45.0;10.0;-88.0;19;7
1;164;159;-5;2.24529509999957;7;28.0;140;Houborg et al. (2023);Experiment 1;Orientation;1;18;28.0;-19.0;73.0;38.0;20;7
1;132;137;5;2.62871919999998;8;32.0;141;Houborg et al. (2023);Experiment 1;Orientation;1;18;;;;;1;8
1;135;129;-6;2.79676319999999;8;-3.0;142;Houborg et al. (2023);Experiment 1;Orientation;1;18;;;;;2;8
1;84;85;1;1.59482309999839;8;51.0;143;Houborg et al. (2023);Experiment 1;Orientation;1;18;;;;;3;8
1;148;142;-6;2.44613219999883;8;-64.0;144;Houborg et al. (2023);Experiment 1;Orientation;1;18;;;;;4;8
1;60;28;-32;2.84598560000086;8;88.0;145;Houborg et al. (2023);Experiment 1;Orientation;1;18;88.0;24.0;75.0;72.0;5;8
1;27;29;2;2.41251220000049;8;33.0;146;Houborg et al. (2023);Experiment 1;Orientation;1;18;33.0;-59.0;57.0;-72.0;6;8
1;32;38;6;2.64521799999966;8;-5.0;147;Houborg et al. (2023);Experiment 1;Orientation;1;18;-5.0;28.0;-64.0;52.0;7;8
1;118;117;-1;5.64692880000075;8;-86.0;148;Houborg et al. (2023);Experiment 1;Orientation;1;18;-86.0;89.0;-58.0;30.0;8;8
1;67;77;10;2.2791073999997;8;51.0;149;Houborg et al. (2023);Experiment 1;Orientation;1;18;51.0;-35.0;-40.0;-7.0;9;8
1;33;65;32;2.26317949999975;8;34.0;150;Houborg et al. (2023);Experiment 1;Orientation;1;18;34.0;85.0;-1.0;-6.0;10;8
1;50;54;4;2.32776080000076;8;-17.0;151;Houborg et al. (2023);Experiment 1;Orientation;1;18;-17.0;17.0;68.0;-18.0;11;8
1;29;33;4;2.46132029999899;8;21.0;152;Houborg et al. (2023);Experiment 1;Orientation;1;18;21.0;4.0;38.0;89.0;12;8
1;165;156;-9;3.76213430000098;8;44.0;153;Houborg et al. (2023);Experiment 1;Orientation;1;18;44.0;65.0;48.0;82.0;13;8
1;93;92;-1;1.79432789999919;8;72.0;154;Houborg et al. (2023);Experiment 1;Orientation;1;18;72.0;-64.0;-43.0;-60.0;14;8
1;179;179;0;4.21335730000101;8;-86.0;155;Houborg et al. (2023);Experiment 1;Orientation;1;18;-86.0;-14.0;30.0;51.0;15;8
1;89;68;-21;2.99612589999924;8;90.0;156;Houborg et al. (2023);Experiment 1;Orientation;1;18;90.0;4.0;76.0;-60.0;16;8
1;70;42;-28;3.51336690000062;8;19.0;157;Houborg et al. (2023);Experiment 1;Orientation;1;18;19.0;-71.0;23.0;-85.0;17;8
1;7;19;12;2.71152540000003;8;63.0;158;Houborg et al. (2023);Experiment 1;Orientation;1;18;63.0;82.0;-8.0;86.0;18;8
1;128;155;27;2.71270460000051;8;59.0;159;Houborg et al. (2023);Experiment 1;Orientation;1;18;59.0;-58.0;-39.0;51.0;19;8
1;68;36;-32;2.64591370000016;8;60.0;160;Houborg et al. (2023);Experiment 1;Orientation;1;18;60.0;-61.0;2.0;21.0;20;8
1;120;37;-83;4.87963330000093;9;-52.0;161;Houborg et al. (2023);Experiment 1;Orientation;1;18;;;;;1;9
1;101;116;15;2.52910960000008;9;19.0;162;Houborg et al. (2023);Experiment 1;Orientation;1;18;;;;;2;9
1;15;26;11;1.37725169999976;9;86.0;163;Houborg et al. (2023);Experiment 1;Orientation;1;18;;;;;3;9
1;115;123;8;1.97813730000053;9;80.0;164;Houborg et al. (2023);Experiment 1;Orientation;1;18;;;;;4;9
1;149;142;-7;2.37933909999992;9;-34.0;165;Houborg et al. (2023);Experiment 1;Orientation;1;18;-34.0;46.0;-48.0;-29.0;5;9
1;138;134;-4;2.12859360000039;9;11.0;166;Houborg et al. (2023);Experiment 1;Orientation;1;18;11.0;-23.0;57.0;-37.0;6;9
1;66;65;-1;2.54598579999947;9;72.0;167;Houborg et al. (2023);Experiment 1;Orientation;1;18;72.0;83.0;49.0;-51.0;7;9
1;102;102;0;2.69432219999908;9;-36.0;168;Houborg et al. (2023);Experiment 1;Orientation;1;18;-36.0;36.0;47.0;13.0;8;9
1;163;157;-6;6.18135540000003;9;-61.0;169;Houborg et al. (2023);Experiment 1;Orientation;1;18;-61.0;83.0;-25.0;-14.0;9;9
1;6;16;10;2.36189510000077;9;-23.0;170;Houborg et al. (2023);Experiment 1;Orientation;1;18;-23.0;-84.0;60.0;-48.0;10;9
1;144;16;52;14.9216147000006;9;42.0;171;Houborg et al. (2023);Experiment 1;Orientation;1;18;42.0;19.0;-42.0;-78.0;11;9
1;180;173;-7;1.69610330000069;9;-36.0;172;Houborg et al. (2023);Experiment 1;Orientation;1;18;-36.0;6.0;-17.0;-78.0;12;9
1;45;48;3;4.01448879999953;9;-45.0;173;Houborg et al. (2023);Experiment 1;Orientation;1;18;-45.0;-81.0;-39.0;-62.0;13;9
1;96;110;14;5.83063070000026;9;-51.0;174;Houborg et al. (2023);Experiment 1;Orientation;1;18;-51.0;84.0;48.0;90.0;14;9
1;111;109;-2;3.07791320000069;9;-15.0;175;Houborg et al. (2023);Experiment 1;Orientation;1;18;-15.0;-66.0;69.0;33.0;15;9
1;159;149;-10;3.97958189999918;9;-48.0;176;Houborg et al. (2023);Experiment 1;Orientation;1;18;-48.0;-63.0;66.0;21.0;16;9
1;43;33;-10;3.54551390000051;9;-64.0;177;Houborg et al. (2023);Experiment 1;Orientation;1;18;-64.0;68.0;53.0;2.0;17;9
1;70;48;-22;4.38054179999926;9;-27.0;178;Houborg et al. (2023);Experiment 1;Orientation;1;18;-27.0;89.0;41.0;26.0;18;9
1;31;30;-1;3.08011429999897;9;39.0;179;Houborg et al. (2023);Experiment 1;Orientation;1;18;39.0;12.0;-52.0;80.0;19;9
1;67;38;-29;2.52813760000026;9;-36.0;180;Houborg et al. (2023);Experiment 1;Orientation;1;18;-36.0;3.0;-24.0;-88.0;20;9
1;12;37;25;7.38297690000036;10;55.0;181;Houborg et al. (2023);Experiment 1;Orientation;1;18;;;;;1;10
1;34;37;3;2.34370839999974;10;-22.0;182;Houborg et al. (2023);Experiment 1;Orientation;1;18;;;;;2;10
1;62;65;3;2.07920269999886;10;-28.0;183;Houborg et al. (2023);Experiment 1;Orientation;1;18;;;;;3;10
1;132;128;-4;1.96283089999997;10;-70.0;184;Houborg et al. (2023);Experiment 1;Orientation;1;18;;;;;4;10
1;148;137;-11;2.27974060000088;10;-16.0;185;Houborg et al. (2023);Experiment 1;Orientation;1;18;-16.0;-86.0;66.0;44.0;5;10
1;142;134;-8;2.83008370000061;10;6.0;186;Houborg et al. (2023);Experiment 1;Orientation;1;18;6.0;-10.0;-80.0;72.0;6;10
1;78;44;-34;4.11307970000053;10;64.0;187;Houborg et al. (2023);Experiment 1;Orientation;1;18;64.0;70.0;54.0;-16.0;7;10
1;12;148;-44;4.6809118000001;10;66.0;188;Houborg et al. (2023);Experiment 1;Orientation;1;18;66.0;-50.0;-44.0;-60.0;8;10
1;112;109;-3;2.11032290000003;10;80.0;189;Houborg et al. (2023);Experiment 1;Orientation;1;18;80.0;-34.0;30.0;36.0;9;10
1;161;157;-4;4.41335489999983;10;-49.0;190;Houborg et al. (2023);Experiment 1;Orientation;1;18;-49.0;31.0;-83.0;-19.0;10;10
1;43;43;0;2.19518770000104;10;-62.0;191;Houborg et al. (2023);Experiment 1;Orientation;1;18;-62.0;69.0;-31.0;35.0;11;10
1;49;32;-17;3.24695379999866;10;-6.0;192;Houborg et al. (2023);Experiment 1;Orientation;1;18;-6.0;-68.0;63.0;-37.0;12;10
1;43;45;2;2.21147459999884;10;6.0;193;Houborg et al. (2023);Experiment 1;Orientation;1;18;6.0;0.0;-62.0;69.0;13;10
1;16;29;13;2.19517189999897;10;27.0;194;Houborg et al. (2023);Experiment 1;Orientation;1;18;27.0;33.0;27.0;-35.0;14;10
1;164;9;25;3.72982550000052;10;32.0;195;Houborg et al. (2023);Experiment 1;Orientation;1;18;32.0;59.0;65.0;59.0;15;10
1;89;83;-6;2.6453591999998;10;75.0;196;Houborg et al. (2023);Experiment 1;Orientation;1;18;75.0;-73.0;-46.0;-40.0;16;10
1;11;17;6;4.29780380000011;10;78.0;197;Houborg et al. (2023);Experiment 1;Orientation;1;18;78.0;-27.0;5.0;32.0;17;10
1;176;4;8;2.91136050000023;10;15.0;198;Houborg et al. (2023);Experiment 1;Orientation;1;18;15.0;-87.0;-12.0;20.0;18;10
1;91;86;-5;3.14694039999995;10;85.0;199;Houborg et al. (2023);Experiment 1;Orientation;1;18;85.0;-80.0;-2.0;73.0;19;10
1;40;37;-3;2.76291449999917;10;51.0;200;Houborg et al. (2023);Experiment 1;Orientation;1;18;51.0;-44.0;-29.0;49.0;20;10
2;36;22;-14;8.33285770000657;1;;1;Houborg et al. (2023);Experiment 1;Orientation;1;18;;;;;1;1
2;72;60;-12;2.3158548999927;1;-36.0;2;Houborg et al. (2023);Experiment 1;Orientation;1;18;;;;;2;1
2;120;117;-3;2.14984960001311;1;-48.0;3;Houborg et al. (2023);Experiment 1;Orientation;1;18;;;;;3;1
2;15;34;19;2.16632419999223;1;-75.0;4;Houborg et al. (2023);Experiment 1;Orientation;1;18;;;;;4;1
2;171;163;-8;1.28317119998974;1;24.0;5;Houborg et al. (2023);Experiment 1;Orientation;1;18;24.0;-51.0;81.0;45.0;5;1
2;71;70;-1;2.8007282000035;1;-80.0;6;Houborg et al. (2023);Experiment 1;Orientation;1;18;-80.0;-56.0;49.0;1.0;6;1
2;42;41;-1;2.68344090000028;1;29.0;7;Houborg et al. (2023);Experiment 1;Orientation;1;18;29.0;-51.0;-27.0;78.0;7;1
2;74;69;-5;3.0999232000031;1;-32.0;8;Houborg et al. (2023);Experiment 1;Orientation;1;18;-32.0;-3.0;-83.0;-59.0;8;1
2;98;117;19;3.81658909999533;1;-24.0;9;Houborg et al. (2023);Experiment 1;Orientation;1;18;-24.0;-56.0;-27.0;73.0;9;1
2;13;39;26;3.76611629998661;1;85.0;10;Houborg et al. (2023);Experiment 1;Orientation;1;18;85.0;61.0;29.0;58.0;10;1
2;22;25;3;1.21793259997503;1;-9.0;11;Houborg et al. (2023);Experiment 1;Orientation;1;18;-9.0;76.0;52.0;20.0;11;1
2;75;74;-1;2.66526760000852;1;-53.0;12;Houborg et al. (2023);Experiment 1;Orientation;1;18;-53.0;-62.0;23.0;-1.0;12;1
2;37;41;4;3.08518920000643;1;38.0;13;Houborg et al. (2023);Experiment 1;Orientation;1;18;38.0;-15.0;-24.0;61.0;13;1
2;122;125;3;1.8823304999969;1;-85.0;14;Houborg et al. (2023);Experiment 1;Orientation;1;18;-85.0;-47.0;80.0;71.0;14;1
2;97;109;12;2.28341380000347;1;25.0;15;Houborg et al. (2023);Experiment 1;Orientation;1;18;25.0;-60.0;-22.0;-75.0;15;1
2;11;18;7;4.74998039999628;1;86.0;16;Houborg et al. (2023);Experiment 1;Orientation;1;18;86.0;-69.0;26.0;64.0;16;1
2;111;115;4;2.21669719999772;1;80.0;17;Houborg et al. (2023);Experiment 1;Orientation;1;18;80.0;-14.0;11.0;-74.0;17;1
2;1;4;3;4.96549760000198;1;-70.0;18;Houborg et al. (2023);Experiment 1;Orientation;1;18;-70.0;10.0;-84.0;-59.0;18;1
2;78;100;22;3.516529000015;1;-77.0;19;Houborg et al. (2023);Experiment 1;Orientation;1;18;-77.0;33.0;-67.0;19.0;19;1
2;180;171;-9;4.16741140000522;1;78.0;20;Houborg et al. (2023);Experiment 1;Orientation;1;18;78.0;1.0;-69.0;11.0;20;1
2;5;11;6;1.90033520001452;2;-5.0;21;Houborg et al. (2023);Experiment 1;Orientation;1;18;;;;;1;2
2;53;44;-9;2.81569049999234;2;-48.0;22;Houborg et al. (2023);Experiment 1;Orientation;1;18;;;;;2;2
2;123;125;2;3.5172836999991;2;-70.0;23;Houborg et al. (2023);Experiment 1;Orientation;1;18;;;;;3;2
2;66;51;-15;2.95004110000446;2;57.0;24;Houborg et al. (2023);Experiment 1;Orientation;1;18;;;;;4;2
2;100;67;-33;5.26807140000165;2;-34.0;25;Houborg et al. (2023);Experiment 1;Orientation;1;18;-34.0;23.0;-47.0;85.0;5;2
2;55;62;7;2.99994100001641;2;45.0;26;Houborg et al. (2023);Experiment 1;Orientation;1;18;45.0;11.0;68.0;-2.0;6;2
2;114;124;10;2.79979399999138;2;-59.0;27;Houborg et al. (2023);Experiment 1;Orientation;1;18;-59.0;-14.0;-48.0;9.0;7;2
2;9;10;1;3.09856189999846;2;-75.0;28;Houborg et al. (2023);Experiment 1;Orientation;1;18;-75.0;46.0;-89.0;57.0;8;2
2;157;154;-3;1.7833135999972;2;32.0;29;Houborg et al. (2023);Experiment 1;Orientation;1;18;32.0;-43.0;78.0;-57.0;9;2
2;170;163;-7;3.53467430002638;2;-13.0;30;Houborg et al. (2023);Experiment 1;Orientation;1;18;-13.0;19.0;-56.0;65.0;10;2
2;60;69;9;3.86804940001457;2;-70.0;31;Houborg et al. (2023);Experiment 1;Orientation;1;18;-70.0;-83.0;-51.0;54.0;11;2
2;27;45;18;2.43459200000507;2;33.0;32;Houborg et al. (2023);Experiment 1;Orientation;1;18;33.0;-37.0;-50.0;-18.0;12;2
2;55;34;-21;3.93413799998234;2;-28.0;33;Houborg et al. (2023);Experiment 1;Orientation;1;18;-28.0;5.0;-65.0;-78.0;13;2
2;137;130;-7;1.93445279999287;2;-82.0;34;Houborg et al. (2023);Experiment 1;Orientation;1;18;-82.0;70.0;-77.0;33.0;14;2
2;42;49;7;2.25035040001967;2;-85.0;35;Houborg et al. (2023);Experiment 1;Orientation;1;18;-85.0;13.0;-15.0;18.0;15;2
2;31;41;10;4.40079829999013;2;11.0;36;Houborg et al. (2023);Experiment 1;Orientation;1;18;11.0;-74.0;24.0;-4.0;16;2
2;4;15;11;5.4999066000164;2;27.0;37;Houborg et al. (2023);Experiment 1;Orientation;1;18;27.0;38.0;-47.0;51.0;17;2
2;152;150;-2;1.48403240001062;2;32.0;38;Houborg et al. (2023);Experiment 1;Orientation;1;18;32.0;59.0;70.0;-15.0;18;2
2;26;33;7;4.51504289999139;2;-54.0;39;Houborg et al. (2023);Experiment 1;Orientation;1;18;-54.0;-22.0;5.0;16.0;19;2
2;130;132;2;3.34877559999586;2;76.0;40;Houborg et al. (2023);Experiment 1;Orientation;1;18;76.0;22.0;54.0;81.0;20;2
2;76;62;-14;1.91770540000289;3;54.0;41;Houborg et al. (2023);Experiment 1;Orientation;1;18;;;;;1;3
2;132;124;-8;4.09863170000608;3;-56.0;42;Houborg et al. (2023);Experiment 1;Orientation;1;18;;;;;2;3
2;179;10;11;2.80016770001384;3;-47.0;43;Houborg et al. (2023);Experiment 1;Orientation;1;18;;;;;3;3
2;16;28;12;1.53382389998296;3;-17.0;44;Houborg et al. (2023);Experiment 1;Orientation;1;18;;;;;4;3
2;7;6;-1;4.78257750000921;3;9.0;45;Houborg et al. (2023);Experiment 1;Orientation;1;18;9.0;-8.0;-55.0;69.0;5;3
2;124;127;3;4.08486100001028;3;63.0;46;Houborg et al. (2023);Experiment 1;Orientation;1;18;63.0;72.0;55.0;8.0;6;3
2;162;137;-25;3.43299699999625;3;-38.0;47;Houborg et al. (2023);Experiment 1;Orientation;1;18;-38.0;25.0;34.0;17.0;7;3
2;164;172;8;4.86862130000372;3;-2.0;48;Houborg et al. (2023);Experiment 1;Orientation;1;18;-2.0;-40.0;23.0;32.0;8;3
2;80;68;-12;2.26614570000675;3;84.0;49;Houborg et al. (2023);Experiment 1;Orientation;1;18;84.0;82.0;44.0;-73.0;9;3
2;161;153;-8;1.3502694000199;3;-81.0;50;Houborg et al. (2023);Experiment 1;Orientation;1;18;-81.0;3.0;1.0;-37.0;10;3
2;172;158;-14;2.83426800000598;3;-11.0;51;Houborg et al. (2023);Experiment 1;Orientation;1;18;-11.0;88.0;-8.0;-10.0;11;3
2;57;50;-7;2.0667325000104;3;-65.0;52;Houborg et al. (2023);Experiment 1;Orientation;1;18;-65.0;-76.0;23.0;-73.0;12;3
2;66;58;-8;4.06755780000822;3;-9.0;53;Houborg et al. (2023);Experiment 1;Orientation;1;18;-9.0;-74.0;-85.0;14.0;13;3
2;54;39;-15;3.65213060000679;3;12.0;54;Houborg et al. (2023);Experiment 1;Orientation;1;18;12.0;3.0;-62.0;-73.0;14;3
2;13;21;8;2.06766420000349;3;41.0;55;Houborg et al. (2023);Experiment 1;Orientation;1;18;41.0;53.0;44.0;-21.0;15;3
2;173;3;10;4.26569800000289;3;20.0;56;Houborg et al. (2023);Experiment 1;Orientation;1;18;20.0;61.0;73.0;64.0;16;3
2;29;27;-2;3.0322222999821;3;-36.0;57;Houborg et al. (2023);Experiment 1;Orientation;1;18;-36.0;-16.0;25.0;37.0;17;3
2;177;6;9;6.98474590000114;3;32.0;58;Houborg et al. (2023);Experiment 1;Orientation;1;18;32.0;-4.0;16.0;57.0;18;3
2;136;136;0;2.21604430000298;3;41.0;59;Houborg et al. (2023);Experiment 1;Orientation;1;18;41.0;73.0;37.0;57.0;19;3
2;70;57;-13;2.8508109000104;3;66.0;60;Houborg et al. (2023);Experiment 1;Orientation;1;18;66.0;-73.0;-41.0;-77.0;20;3
2;4;11;7;4.35168590000831;4;66.0;61;Houborg et al. (2023);Experiment 1;Orientation;1;18;;;;;1;4
2;81;59;-22;2.36708850000286;4;-77.0;62;Houborg et al. (2023);Experiment 1;Orientation;1;18;;;;;2;4
2;51;49;-2;3.53341340000043;4;30.0;63;Houborg et al. (2023);Experiment 1;Orientation;1;18;;;;;3;4
2;165;139;-26;2.31643629999598;4;66.0;64;Houborg et al. (2023);Experiment 1;Orientation;1;18;;;;;4;4
2;121;121;0;2.73433580002165;4;44.0;65;Houborg et al. (2023);Experiment 1;Orientation;1;18;44.0;-70.0;-40.0;63.0;5;4
2;2;0;-2;5.45068559999345;4;-61.0;66;Houborg et al. (2023);Experiment 1;Orientation;1;18;-61.0;-17.0;49.0;79.0;6;4
2;24;43;19;2.13472410000395;4;-22.0;67;Houborg et al. (2023);Experiment 1;Orientation;1;18;-22.0;-83.0;-39.0;27.0;7;4
2;58;54;-4;2.93361020000884;4;-34.0;68;Houborg et al. (2023);Experiment 1;Orientation;1;18;-34.0;-56.0;63.0;-73.0;8;4
2;48;41;-7;2.46734800000559;4;10.0;69;Houborg et al. (2023);Experiment 1;Orientation;1;18;10.0;-24.0;-46.0;73.0;9;4
2;4;10;6;7.01652410000679;4;44.0;70;Houborg et al. (2023);Experiment 1;Orientation;1;18;44.0;54.0;20.0;-2.0;10;4
2;2;6;4;4.88497070001904;4;2.0;71;Houborg et al. (2023);Experiment 1;Orientation;1;18;2.0;46.0;56.0;22.0;11;4
2;54;64;10;2.58255419999477;4;-52.0;72;Houborg et al. (2023);Experiment 1;Orientation;1;18;-52.0;-50.0;-6.0;4.0;12;4
2;125;127;2;5.41827749999356;4;-71.0;73;Houborg et al. (2023);Experiment 1;Orientation;1;18;-71.0;57.0;59.0;-77.0;13;4
2;47;46;-1;1.45044840002083;4;78.0;74;Houborg et al. (2023);Experiment 1;Orientation;1;18;78.0;7.0;-45.0;-43.0;14;4
2;11;16;5;2.66747439999017;4;36.0;75;Houborg et al. (2023);Experiment 1;Orientation;1;18;36.0;-66.0;43.0;-9.0;15;4
2;28;30;2;1.90069410001161;4;-17.0;76;Houborg et al. (2023);Experiment 1;Orientation;1;18;-17.0;19.0;-83.0;26.0;16;4
2;40;31;-9;6.20064289998845;4;-12.0;77;Houborg et al. (2023);Experiment 1;Orientation;1;18;-12.0;-29.0;7.0;85.0;17;4
2;73;80;7;2.24985410002409;4;-33.0;78;Houborg et al. (2023);Experiment 1;Orientation;1;18;-33.0;-45.0;-62.0;-26.0;18;4
2;86;95;9;3.68460479998612;4;-13.0;79;Houborg et al. (2023);Experiment 1;Orientation;1;18;-13.0;-46.0;-58.0;-75.0;19;4
2;2;2;0;3.25161269999808;4;84.0;80;Houborg et al. (2023);Experiment 1;Orientation;1;18;84.0;71.0;38.0;26.0;20;4
2;87;77;-10;1.83231440000236;5;-85.0;81;Houborg et al. (2023);Experiment 1;Orientation;1;18;;;;;1;5
2;121;145;24;2.53437710000435;5;-34.0;82;Houborg et al. (2023);Experiment 1;Orientation;1;18;;;;;2;5
2;150;152;2;3.84864260000177;5;-29.0;83;Houborg et al. (2023);Experiment 1;Orientation;1;18;;;;;3;5
2;165;162;-3;3.83515920001082;5;-15.0;84;Houborg et al. (2023);Experiment 1;Orientation;1;18;;;;;4;5
2;74;81;7;3.93501560000004;5;-89.0;85;Houborg et al. (2023);Experiment 1;Orientation;1;18;-89.0;76.0;47.0;13.0;5;5
2;82;83;1;2.402490700013;5;-8.0;86;Houborg et al. (2023);Experiment 1;Orientation;1;18;-8.0;83.0;68.0;39.0;6;5
2;53;30;-23;2.28495999998995;5;29.0;87;Houborg et al. (2023);Experiment 1;Orientation;1;18;29.0;21.0;-68.0;-83.0;7;5
2;109;121;12;3.95026179999695;5;-56.0;88;Houborg et al. (2023);Experiment 1;Orientation;1;18;-56.0;-27.0;-35.0;56.0;8;5
2;133;129;-4;3.01683249999769;5;-24.0;89;Houborg et al. (2023);Experiment 1;Orientation;1;18;-24.0;-80.0;-51.0;-59.0;9;5
2;175;170;-5;1.88460759998998;5;-42.0;90;Houborg et al. (2023);Experiment 1;Orientation;1;18;-42.0;-66.0;58.0;87.0;10;5
2;127;132;5;1.4676279000123;5;48.0;91;Houborg et al. (2023);Experiment 1;Orientation;1;18;48.0;6.0;-18.0;-74.0;11;5
2;64;59;-5;3.31772970000748;5;63.0;92;Houborg et al. (2023);Experiment 1;Orientation;1;18;63.0;-69.0;69.0;45.0;12;5
2;180;0;0;1.13216969999485;5;64.0;93;Houborg et al. (2023);Experiment 1;Orientation;1;18;64.0;-53.0;-5.0;-47.0;13;5
2;180;8;8;2.01579720000154;5;0.0;94;Houborg et al. (2023);Experiment 1;Orientation;1;18;0.0;64.0;-53.0;-5.0;14;5
2;4;178;-6;1.83356960001402;5;-4.0;95;Houborg et al. (2023);Experiment 1;Orientation;1;18;-4.0;-4.0;60.0;-57.0;15;5
2;18;29;11;3.03431509999791;5;-14.0;96;Houborg et al. (2023);Experiment 1;Orientation;1;18;-14.0;-18.0;-18.0;46.0;16;5
2;80;68;-12;3.05067230001441;5;-62.0;97;Houborg et al. (2023);Experiment 1;Orientation;1;18;-62.0;-76.0;-80.0;-80.0;17;5
2;169;148;-21;2.30043659999501;5;-89.0;98;Houborg et al. (2023);Experiment 1;Orientation;1;18;-89.0;29.0;15.0;11.0;18;5
2;124;111;-13;3.03364509998937;5;45.0;99;Houborg et al. (2023);Experiment 1;Orientation;1;18;45.0;-44.0;74.0;60.0;19;5
2;97;112;15;1.43483489999198;5;27.0;100;Houborg et al. (2023);Experiment 1;Orientation;1;18;27.0;72.0;-17.0;-79.0;20;5
2;177;172;-5;1.8015903000196;6;-80.0;101;Houborg et al. (2023);Experiment 1;Orientation;1;18;;;;;1;6
2;115;112;-3;1.51722499998868;6;62.0;102;Houborg et al. (2023);Experiment 1;Orientation;1;18;;;;;2;6
2;172;160;-12;5.45221010001842;6;-57.0;103;Houborg et al. (2023);Experiment 1;Orientation;1;18;;;;;3;6
2;139;126;-13;1.60061950000818;6;33.0;104;Houborg et al. (2023);Experiment 1;Orientation;1;18;;;;;4;6
2;103;117;14;0.967032199987443;6;36.0;105;Houborg et al. (2023);Experiment 1;Orientation;1;18;36.0;69.0;12.0;74.0;5;6
2;95;112;17;1.7341524999938;6;8.0;106;Houborg et al. (2023);Experiment 1;Orientation;1;18;8.0;44.0;77.0;20.0;6;6
2;140;142;2;3.54845720002777;6;-45.0;107;Houborg et al. (2023);Experiment 1;Orientation;1;18;-45.0;-37.0;-1.0;32.0;7;6
2;38;47;9;2.58478370000375;6;-78.0;108;Houborg et al. (2023);Experiment 1;Orientation;1;18;-78.0;57.0;65.0;-79.0;8;6
2;125;135;10;2.13241729998845;6;-87.0;109;Houborg et al. (2023);Experiment 1;Orientation;1;18;-87.0;15.0;-30.0;-22.0;9;6
2;101;115;14;1.33233739997377;6;24.0;110;Houborg et al. (2023);Experiment 1;Orientation;1;18;24.0;-63.0;39.0;-6.0;10;6
2;43;52;9;3.61656789999688;6;58.0;111;Houborg et al. (2023);Experiment 1;Orientation;1;18;58.0;82.0;-5.0;-83.0;11;6
2;36;36;0;2.61703270001453;6;7.0;112;Houborg et al. (2023);Experiment 1;Orientation;1;18;7.0;65.0;89.0;2.0;12;6
2;152;133;-19;4.35078070001327;6;64.0;113;Houborg et al. (2023);Experiment 1;Orientation;1;18;64.0;71.0;-51.0;-27.0;13;6
2;70;82;12;3.46736260000034;6;82.0;114;Houborg et al. (2023);Experiment 1;Orientation;1;18;82.0;-34.0;-27.0;31.0;14;6
2;162;154;-8;2.18474590001279;6;88.0;115;Houborg et al. (2023);Experiment 1;Orientation;1;18;88.0;-10.0;54.0;61.0;15;6
2;116;125;9;2.65174510001088;6;46.0;116;Houborg et al. (2023);Experiment 1;Orientation;1;18;46.0;-46.0;36.0;-80.0;16;6
2;6;11;5;3.66752370001632;6;-70.0;117;Houborg et al. (2023);Experiment 1;Orientation;1;18;-70.0;-24.0;64.0;-34.0;17;6
2;70;67;-3;5.34991039999295;6;-64.0;118;Houborg et al. (2023);Experiment 1;Orientation;1;18;-64.0;46.0;-88.0;0.0;18;6
2;56;48;-8;2.46758349999436;6;14.0;119;Houborg et al. (2023);Experiment 1;Orientation;1;18;14.0;-50.0;60.0;-74.0;19;6
2;109;97;-12;2.4005072999862;6;-53.0;120;Houborg et al. (2023);Experiment 1;Orientation;1;18;-53.0;-39.0;77.0;7.0;20;6
2;119;116;-3;1.43350300000748;7;-10.0;121;Houborg et al. (2023);Experiment 1;Orientation;1;18;;;;;1;7
2;73;60;-13;1.90164619998541;7;46.0;122;Houborg et al. (2023);Experiment 1;Orientation;1;18;;;;;2;7
2;2;177;-5;1.65086920000613;7;71.0;123;Houborg et al. (2023);Experiment 1;Orientation;1;18;;;;;3;7
2;84;81;-3;2.13239470002009;7;-82.0;124;Houborg et al. (2023);Experiment 1;Orientation;1;18;;;;;4;7
2;23;31;8;4.35037199998624;7;61.0;125;Houborg et al. (2023);Experiment 1;Orientation;1;18;61.0;-21.0;50.0;-84.0;5;7
2;26;30;4;2.91756480000913;7;-3.0;126;Houborg et al. (2023);Experiment 1;Orientation;1;18;-3.0;58.0;-24.0;47.0;6;7
2;19;24;5;1.78463199999533;7;7.0;127;Houborg et al. (2023);Experiment 1;Orientation;1;18;7.0;4.0;65.0;-17.0;7;7
2;10;25;15;1.6839966000116;7;9.0;128;Houborg et al. (2023);Experiment 1;Orientation;1;18;9.0;16.0;13.0;74.0;8;7
2;139;128;-11;2.30085160001181;7;51.0;129;Houborg et al. (2023);Experiment 1;Orientation;1;18;51.0;60.0;67.0;64.0;9;7
2;28;35;7;1.96661920001497;7;-69.0;130;Houborg et al. (2023);Experiment 1;Orientation;1;18;-69.0;-18.0;-9.0;-2.0;10;7
2;45;52;7;2.86573170000338;7;-17.0;131;Houborg et al. (2023);Experiment 1;Orientation;1;18;-17.0;-86.0;-35.0;-26.0;11;7
2;121;127;6;3.94861220000894;7;-76.0;132;Houborg et al. (2023);Experiment 1;Orientation;1;18;-76.0;87.0;18.0;69.0;12;7
2;67;65;-2;1.6499675999803;7;54.0;133;Houborg et al. (2023);Experiment 1;Orientation;1;18;54.0;-22.0;-39.0;72.0;13;7
2;58;52;-6;1.86546130001079;7;9.0;134;Houborg et al. (2023);Experiment 1;Orientation;1;18;9.0;63.0;-13.0;-30.0;14;7
2;175;156;-19;1.24971080000978;7;63.0;135;Houborg et al. (2023);Experiment 1;Orientation;1;18;63.0;72.0;-54.0;50.0;15;7
2;58;39;-19;1.43424399997457;7;-63.0;136;Houborg et al. (2023);Experiment 1;Orientation;1;18;-63.0;0.0;9.0;63.0;16;7
2;67;60;-7;6.16705920000095;7;-9.0;137;Houborg et al. (2023);Experiment 1;Orientation;1;18;-9.0;-72.0;-9.0;0.0;17;7
2;33;34;1;1.91572350001661;7;34.0;138;Houborg et al. (2023);Experiment 1;Orientation;1;18;34.0;25.0;-38.0;25.0;18;7
2;21;23;2;2.11756449998938;7;12.0;139;Houborg et al. (2023);Experiment 1;Orientation;1;18;12.0;46.0;37.0;-26.0;19;7
2;10;7;-3;2.31661310000345;7;11.0;140;Houborg et al. (2023);Experiment 1;Orientation;1;18;11.0;23.0;57.0;48.0;20;7
2;114;127;13;1.41589050000766;8;76.0;141;Houborg et al. (2023);Experiment 1;Orientation;1;18;;;;;1;8
2;59;57;-2;1.5002300000051;8;55.0;142;Houborg et al. (2023);Experiment 1;Orientation;1;18;;;;;2;8
2;108;117;9;1.79940779999015;8;-49.0;143;Houborg et al. (2023);Experiment 1;Orientation;1;18;;;;;3;8
2;135;133;-2;5.30024270000285;8;-27.0;144;Houborg et al. (2023);Experiment 1;Orientation;1;18;;;;;4;8
2;1;1;0;4.28484800001024;8;-46.0;145;Houborg et al. (2023);Experiment 1;Orientation;1;18;-46.0;-73.0;58.0;-67.0;5;8
2;65;63;-2;3.43445430000429;8;-64.0;146;Houborg et al. (2023);Experiment 1;Orientation;1;18;-64.0;70.0;43.0;-6.0;6;8
2;34;33;-1;2.18388619998586;8;31.0;147;Houborg et al. (2023);Experiment 1;Orientation;1;18;31.0;-33.0;-79.0;74.0;7;8
2;44;66;22;2.03414130001329;8;-10.0;148;Houborg et al. (2023);Experiment 1;Orientation;1;18;-10.0;21.0;-43.0;-89.0;8;8
2;99;117;18;3.76766259997385;8;-55.0;149;Houborg et al. (2023);Experiment 1;Orientation;1;18;-55.0;-65.0;-34.0;82.0;9;8
2;79;77;-2;3.74861260000034;8;20.0;150;Houborg et al. (2023);Experiment 1;Orientation;1;18;20.0;-35.0;-45.0;-14.0;10;8
2;50;45;-5;2.33465919998707;8;29.0;151;Houborg et al. (2023);Experiment 1;Orientation;1;18;29.0;49.0;-6.0;-16.0;11;8
2;79;81;2;4.36653329999535;8;-29.0;152;Houborg et al. (2023);Experiment 1;Orientation;1;18;-29.0;0.0;20.0;-35.0;12;8
2;143;141;-2;2.01616379999905;8;-64.0;153;Houborg et al. (2023);Experiment 1;Orientation;1;18;-64.0;87.0;-64.0;-44.0;13;8
2;83;75;-8;3.88486679998459;8;60.0;154;Houborg et al. (2023);Experiment 1;Orientation;1;18;60.0;-4.0;-33.0;-4.0;14;8
2;130;138;8;3.46792649998679;8;-47.0;155;Houborg et al. (2023);Experiment 1;Orientation;1;18;-47.0;13.0;-51.0;-80.0;15;8
2;140;125;-15;3.31763350000256;8;-10.0;156;Houborg et al. (2023);Experiment 1;Orientation;1;18;-10.0;-57.0;3.0;-61.0;16;8
2;117;125;8;1.43485459999647;8;23.0;157;Houborg et al. (2023);Experiment 1;Orientation;1;18;23.0;13.0;-34.0;26.0;17;8
2;31;42;11;1.1322921999963;8;86.0;158;Houborg et al. (2023);Experiment 1;Orientation;1;18;86.0;-71.0;-81.0;52.0;18;8
2;107;126;19;1.19798019999871;8;-76.0;159;Houborg et al. (2023);Experiment 1;Orientation;1;18;-76.0;10.0;33.0;23.0;19;8
2;94;108;14;1.5175683000125;8;13.0;160;Houborg et al. (2023);Experiment 1;Orientation;1;18;13.0;-63.0;23.0;46.0;20;8
2;149;144;-5;1.86704690000624;9;-55.0;161;Houborg et al. (2023);Experiment 1;Orientation;1;18;;;;;1;9
2;100;106;6;1.69930539999041;9;49.0;162;Houborg et al. (2023);Experiment 1;Orientation;1;18;;;;;2;9
2;180;2;2;2.44990430001053;9;-80.0;163;Houborg et al. (2023);Experiment 1;Orientation;1;18;;;;;3;9
2;166;159;-7;1.44920450000791;9;14.0;164;Houborg et al. (2023);Experiment 1;Orientation;1;18;;;;;4;9
2;83;78;-5;2.2328422999999;9;83.0;165;Houborg et al. (2023);Experiment 1;Orientation;1;18;83.0;-83.0;17.0;66.0;5;9
2;81;78;-3;2.38475150000886;9;2.0;166;Houborg et al. (2023);Experiment 1;Orientation;1;18;2.0;85.0;-81.0;19.0;6;9
2;55;54;-1;1.85003430000506;9;26.0;167;Houborg et al. (2023);Experiment 1;Orientation;1;18;26.0;28.0;-69.0;-55.0;7;9
2;37;48;11;1.50205079998705;9;18.0;168;Houborg et al. (2023);Experiment 1;Orientation;1;18;18.0;44.0;46.0;-51.0;8;9
2;61;53;-8;1.35053699999116;9;-24.0;169;Houborg et al. (2023);Experiment 1;Orientation;1;18;-24.0;-6.0;20.0;22.0;9;9
2;101;114;13;2.01796359999571;9;-40.0;170;Houborg et al. (2023);Experiment 1;Orientation;1;18;-40.0;-64.0;-46.0;-20.0;10;9
2;122;118;-4;2.1172663999896;9;-21.0;171;Houborg et al. (2023);Experiment 1;Orientation;1;18;-21.0;-61.0;-85.0;-67.0;11;9
2;69;53;-16;2.13326790000428;9;53.0;172;Houborg et al. (2023);Experiment 1;Orientation;1;18;53.0;32.0;-8.0;-32.0;12;9
2;170;159;-11;2.26833140000235;9;79.0;173;Houborg et al. (2023);Experiment 1;Orientation;1;18;79.0;-48.0;-69.0;71.0;13;9
2;121;131;10;1.21804169999086;9;49.0;174;Houborg et al. (2023);Experiment 1;Orientation;1;18;49.0;-52.0;1.0;-20.0;14;9
2;19;35;16;1.16666760001681;9;-78.0;175;Houborg et al. (2023);Experiment 1;Orientation;1;18;-78.0;-29.0;50.0;-77.0;15;9
2;9;25;16;1.55020309999236;9;10.0;176;Houborg et al. (2023);Experiment 1;Orientation;1;18;10.0;-68.0;-19.0;60.0;16;9
2;60;66;6;1.80069499998353;9;-51.0;177;Houborg et al. (2023);Experiment 1;Orientation;1;18;-51.0;-41.0;61.0;-70.0;17;9
2;172;163;-9;1.78364790001069;9;68.0;178;Houborg et al. (2023);Experiment 1;Orientation;1;18;68.0;17.0;27.0;-51.0;18;9
2;104;115;11;2.30122799999663;9;68.0;179;Houborg et al. (2023);Experiment 1;Orientation;1;18;68.0;-44.0;85.0;-85.0;19;9
2;101;105;4;2.43237699999008;9;3.0;180;Houborg et al. (2023);Experiment 1;Orientation;1;18;3.0;71.0;-41.0;88.0;20;9
2;58;71;13;1.8676738999784;10;43.0;181;Houborg et al. (2023);Experiment 1;Orientation;1;18;;;;;1;10
2;103;104;1;2.16741419999744;10;-45.0;182;Houborg et al. (2023);Experiment 1;Orientation;1;18;;;;;2;10
2;101;110;9;2.56745560001582;10;2.0;183;Houborg et al. (2023);Experiment 1;Orientation;1;18;;;;;3;10
2;154;168;14;1.03358139999909;10;-53.0;184;Houborg et al. (2023);Experiment 1;Orientation;1;18;;;;;4;10
2;88;95;7;1.91688090001117;10;66.0;185;Houborg et al. (2023);Experiment 1;Orientation;1;18;66.0;13.0;15.0;-30.0;5;10
2;25;44;19;2.04991370000062;10;63.0;186;Houborg et al. (2023);Experiment 1;Orientation;1;18;63.0;-51.0;76.0;78.0;6;10
2;13;28;15;1.60062640000251;10;12.0;187;Houborg et al. (2023);Experiment 1;Orientation;1;18;12.0;75.0;-39.0;88.0;7;10
2;86;70;-16;1.78402400002233;10;-73.0;188;Houborg et al. (2023);Experiment 1;Orientation;1;18;-73.0;-61.0;2.0;68.0;8;10
2;115;107;-8;3.44990330000292;10;-29.0;189;Houborg et al. (2023);Experiment 1;Orientation;1;18;-29.0;78.0;90.0;-27.0;9;10
2;104;122;18;5.84985810000217;10;11.0;190;Houborg et al. (2023);Experiment 1;Orientation;1;18;11.0;-18.0;89.0;-79.0;10;10
2;71;72;1;2.30080709999311;10;33.0;191;Houborg et al. (2023);Experiment 1;Orientation;1;18;33.0;44.0;15.0;-58.0;11;10
2;169;164;-5;1.90140499998233;10;82.0;192;Houborg et al. (2023);Experiment 1;Orientation;1;18;82.0;-65.0;-54.0;-83.0;12;10
2;45;67;22;1.94933380000293;10;-56.0;193;Houborg et al. (2023);Experiment 1;Orientation;1;18;-56.0;26.0;59.0;70.0;13;10
2;111;129;18;1.16838419999112;10;-66.0;194;Houborg et al. (2023);Experiment 1;Orientation;1;18;-66.0;58.0;-40.0;-7.0;14;10
2;49;46;-3;2.71813569997903;10;62.0;195;Houborg et al. (2023);Experiment 1;Orientation;1;18;62.0;-4.0;-60.0;22.0;15;10
2;163;160;-3;2.250532200007;10;66.0;196;Houborg et al. (2023);Experiment 1;Orientation;1;18;66.0;-52.0;62.0;6.0;16;10
2;180;176;-4;1.4514468999987;10;-17.0;197;Houborg et al. (2023);Experiment 1;Orientation;1;18;-17.0;49.0;-69.0;45.0;17;10
2;104;101;-3;2.35000979999313;10;76.0;198;Houborg et al. (2023);Experiment 1;Orientation;1;18;76.0;59.0;-55.0;7.0;18;10
2;69;72;3;1.08497900000657;10;35.0;199;Houborg et al. (2023);Experiment 1;Orientation;1;18;35.0;-69.0;-86.0;-20.0;19;10
2;22;47;25;2.94975989998784;10;47.0;200;Houborg et al. (2023);Experiment 1;Orientation;1;18;47.0;82.0;-22.0;-39.0;20;10
3;12;26;14;2.28502630000003;1;;1;Houborg et al. (2023);Experiment 1;Orientation;1;18;;;;;1;1
3;22;34;12;1.78261679998832;1;-10.0;2;Houborg et al. (2023);Experiment 1;Orientation;1;18;;;;;2;1
3;179;178;-1;1.83481839997694;1;23.0;3;Houborg et al. (2023);Experiment 1;Orientation;1;18;;;;;3;1
3;32;33;1;2.51702689996455;1;-33.0;4;Houborg et al. (2023);Experiment 1;Orientation;1;18;;;;;4;1
3;50;103;53;1.85138790000929;1;-18.0;5;Houborg et al. (2023);Experiment 1;Orientation;1;18;-18.0;-51.0;-28.0;-38.0;5;1
3;128;147;19;2.2513684000005;1;-78.0;6;Houborg et al. (2023);Experiment 1;Orientation;1;18;-78.0;84.0;51.0;74.0;6;1
3;1;1;0;1.78507460001856;1;-53.0;7;Houborg et al. (2023);Experiment 1;Orientation;1;18;-53.0;49.0;31.0;-2.0;7;1
3;170;164;-6;1.80070560000604;1;11.0;8;Houborg et al. (2023);Experiment 1;Orientation;1;18;11.0;-42.0;60.0;42.0;8;1
3;54;52;-2;1.20094830001472;1;-64.0;9;Houborg et al. (2023);Experiment 1;Orientation;1;18;-64.0;-53.0;74.0;-4.0;9;1
3;69;67;-2;1.2009366999846;1;-15.0;10;Houborg et al. (2023);Experiment 1;Orientation;1;18;-15.0;-79.0;-68.0;59.0;10;1
3;4;179;-5;2.18431390001206;1;65.0;11;Houborg et al. (2023);Experiment 1;Orientation;1;18;65.0;50.0;-14.0;-3.0;11;1
3;20;30;10;1.48241530003725;1;-16.0;12;Houborg et al. (2023);Experiment 1;Orientation;1;18;-16.0;49.0;34.0;-30.0;12;1
3;110;121;11;1.91726419999031;1;-90.0;13;Houborg et al. (2023);Experiment 1;Orientation;1;18;90.0;74.0;-41.0;-56.0;13;1
3;12;30;18;2.00139749998925;1;-82.0;14;Houborg et al. (2023);Experiment 1;Orientation;1;18;-82.0;8.0;-8.0;57.0;14;1
3;58;42;-16;1.28412140003638;1;-46.0;15;Houborg et al. (2023);Experiment 1;Orientation;1;18;-46.0;52.0;-38.0;-54.0;15;1
3;103;99;-4;1.57990349997999;1;-45.0;16;Houborg et al. (2023);Experiment 1;Orientation;1;18;-45.0;89.0;7.0;-83.0;16;1
3;81;82;1;1.68453979998594;1;22.0;17;Houborg et al. (2023);Experiment 1;Orientation;1;18;22.0;-23.0;-69.0;29.0;17;1
3;151;143;-8;1.45061419997364;1;-70.0;18;Houborg et al. (2023);Experiment 1;Orientation;1;18;-70.0;-48.0;87.0;41.0;18;1
3;62;60;-2;2.11819450004259;1;89.0;19;Houborg et al. (2023);Experiment 1;Orientation;1;18;89.0;19.0;41.0;-4.0;19;1
3;111;124;13;1.8016819000477;1;-49.0;20;Houborg et al. (2023);Experiment 1;Orientation;1;18;-49.0;40.0;-30.0;-8.0;20;1
3;56;52;-4;1.48265880002873;2;55.0;21;Houborg et al. (2023);Experiment 1;Orientation;1;18;;;;;1;2
3;60;42;-18;2.30076300003566;2;-4.0;22;Houborg et al. (2023);Experiment 1;Orientation;1;18;;;;;2;2
3;72;64;-8;1.51723269996;2;-12.0;23;Houborg et al. (2023);Experiment 1;Orientation;1;18;;;;;3;2
3;83;74;-9;1.2501071000006;2;-11.0;24;Houborg et al. (2023);Experiment 1;Orientation;1;18;;;;;4;2
3;2;7;5;1.40135629998986;2;81.0;25;Houborg et al. (2023);Experiment 1;Orientation;1;18;81.0;70.0;58.0;54.0;5;2
3;59;56;-3;2.33426209999016;2;-57.0;26;Houborg et al. (2023);Experiment 1;Orientation;1;18;-57.0;24.0;13.0;1.0;6;2
3;152;143;-9;2.40028310002526;2;87.0;27;Houborg et al. (2023);Experiment 1;Orientation;1;18;87.0;30.0;-69.0;-80.0;7;2
3;159;149;-10;2.04947939998237;2;-7.0;28;Houborg et al. (2023);Experiment 1;Orientation;1;18;-7.0;80.0;23.0;-76.0;8;2
3;63;36;-27;2.00021069997456;2;-84.0;29;Houborg et al. (2023);Experiment 1;Orientation;1;18;-84.0;89.0;-4.0;-61.0;9;2
3;61;61;0;1.49988419999136;2;2.0;30;Houborg et al. (2023);Experiment 1;Orientation;1;18;2.0;-82.0;-89.0;-2.0;10;2
3;5;4;-1;1.65080329996999;2;56.0;31;Houborg et al. (2023);Experiment 1;Orientation;1;18;56.0;58.0;-26.0;-33.0;11;2
3;83;78;-5;2.00125239999034;2;-78.0;32;Houborg et al. (2023);Experiment 1;Orientation;1;18;-78.0;-22.0;-20.0;76.0;12;2
3;18;14;-4;1.23532510001678;2;65.0;33;Houborg et al. (2023);Experiment 1;Orientation;1;18;65.0;-13.0;43.0;45.0;13;2
3;11;13;2;2.00114219996613;2;7.0;34;Houborg et al. (2023);Experiment 1;Orientation;1;18;7.0;72.0;-6.0;50.0;14;2
3;142;148;6;2.23460690001957;2;49.0;35;Houborg et al. (2023);Experiment 1;Orientation;1;18;49.0;56.0;-59.0;43.0;15;2
3;150;141;-9;1.8847355999751;2;-8.0;36;Houborg et al. (2023);Experiment 1;Orientation;1;18;-8.0;41.0;48.0;-67.0;16;2
3;26;23;-3;1.48445480002556;2;-56.0;37;Houborg et al. (2023);Experiment 1;Orientation;1;18;-56.0;-64.0;-15.0;-8.0;17;2
3;58;51;-7;1.49933889997192;2;-32.0;38;Houborg et al. (2023);Experiment 1;Orientation;1;18;-32.0;-88.0;84.0;-47.0;18;2
3;162;146;-16;1.0502950999653;2;76.0;39;Houborg et al. (2023);Experiment 1;Orientation;1;18;76.0;44.0;-12.0;-20.0;19;2
3;138;141;3;1.45155560004059;2;24.0;40;Houborg et al. (2023);Experiment 1;Orientation;1;18;24.0;-80.0;68.0;12.0;20;2
3;32;33;1;3.70218060002662;3;-74.0;41;Houborg et al. (2023);Experiment 1;Orientation;1;18;;;;;1;3
3;28;29;1;1.53292669996154;3;4.0;42;Houborg et al. (2023);Experiment 1;Orientation;1;18;;;;;2;3
3;96;30;-66;7.88444029999664;3;-68.0;43;Houborg et al. (2023);Experiment 1;Orientation;1;18;;;;;3;3
3;123;151;28;1.69934880000073;3;-27.0;44;Houborg et al. (2023);Experiment 1;Orientation;1;18;;;;;4;3
3;48;32;-16;1.34986269997898;3;75.0;45;Houborg et al. (2023);Experiment 1;Orientation;1;18;75.0;48.0;-20.0;-16.0;5;3
3;87;88;1;1.78441309998743;3;-39.0;46;Houborg et al. (2023);Experiment 1;Orientation;1;18;-39.0;36.0;9.0;-59.0;6;3
3;24;30;6;1.70078390004346;3;63.0;47;Houborg et al. (2023);Experiment 1;Orientation;1;18;63.0;24.0;-81.0;72.0;7;3
3;123;117;-6;1.3017093000235;3;81.0;48;Houborg et al. (2023);Experiment 1;Orientation;1;18;81.0;-36.0;-75.0;0.0;8;3
3;78;78;0;1.75094210001407;3;45.0;49;Houborg et al. (2023);Experiment 1;Orientation;1;18;45.0;-54.0;9.0;-30.0;9;3
3;13;36;23;1.35072420001961;3;65.0;50;Houborg et al. (2023);Experiment 1;Orientation;1;18;65.0;-70.0;11.0;74.0;10;3
3;10;16;6;2.11477089999244;3;3.0;51;Houborg et al. (2023);Experiment 1;Orientation;1;18;3.0;68.0;-67.0;14.0;11;3
3;100;97;-3;1.41812709998339;3;-90.0;52;Houborg et al. (2023);Experiment 1;Orientation;1;18;90.0;-87.0;-22.0;23.0;12;3
3;12;16;4;1.24853739998071;3;88.0;53;Houborg et al. (2023);Experiment 1;Orientation;1;18;88.0;-2.0;1.0;66.0;13;3
3;47;54;7;1.53350369998952;3;-35.0;54;Houborg et al. (2023);Experiment 1;Orientation;1;18;-35.0;53.0;-37.0;-34.0;14;3
3;131;142;11;1.33489459997509;3;-84.0;55;Houborg et al. (2023);Experiment 1;Orientation;1;18;-84.0;61.0;-31.0;59.0;15;3
3;69;65;-4;2.1671798999887;3;62.0;56;Houborg et al. (2023);Experiment 1;Orientation;1;18;62.0;-22.0;-57.0;31.0;16;3
3;120;125;5;2.15086910000537;3;-51.0;57;Houborg et al. (2023);Experiment 1;Orientation;1;18;-51.0;11.0;-73.0;72.0;17;3
3;96;97;1;1.40124360000482;3;24.0;58;Houborg et al. (2023);Experiment 1;Orientation;1;18;24.0;-27.0;35.0;-49.0;18;3
3;2;179;-3;1.93467369995778;3;-86.0;59;Houborg et al. (2023);Experiment 1;Orientation;1;18;-86.0;-62.0;67.0;-51.0;19;3
3;149;148;-1;1.61684380000224;3;33.0;60;Houborg et al. (2023);Experiment 1;Orientation;1;18;33.0;-53.0;-29.0;-80.0;20;3
3;35;39;4;1.81785749999108;4;-66.0;61;Houborg et al. (2023);Experiment 1;Orientation;1;18;;;;;1;4
3;32;47;15;1.3507972000516;4;3.0;62;Houborg et al. (2023);Experiment 1;Orientation;1;18;;;;;2;4
3;115;120;5;1.01874310005223;4;-83.0;63;Houborg et al. (2023);Experiment 1;Orientation;1;18;;;;;3;4
3;77;70;-7;0.74969060003059;4;38.0;64;Houborg et al. (2023);Experiment 1;Orientation;1;18;;;;;4;4
3;179;177;-2;1.15027869999176;4;78.0;65;Houborg et al. (2023);Experiment 1;Orientation;1;18;78.0;-64.0;33.0;36.0;5;4
3;25;22;-3;1.56643880001502;4;-26.0;66;Houborg et al. (2023);Experiment 1;Orientation;1;18;-26.0;52.0;90.0;7.0;6;4
3;144;138;-6;1.36841740005184;4;61.0;67;Houborg et al. (2023);Experiment 1;Orientation;1;18;61.0;35.0;-67.0;-29.0;7;4
3;170;165;-5;1.51703609997639;4;-26.0;68;Houborg et al. (2023);Experiment 1;Orientation;1;18;-26.0;35.0;9.0;87.0;8;4
3;176;168;-8;0.81619480001973;4;-6.0;69;Houborg et al. (2023);Experiment 1;Orientation;1;18;-6.0;-32.0;29.0;3.0;9;4
3;168;163;-5;1.71659550000913;4;8.0;70;Houborg et al. (2023);Experiment 1;Orientation;1;18;8.0;2.0;-24.0;37.0;10;4
3;116;126;10;1.35150519997114;4;52.0;71;Houborg et al. (2023);Experiment 1;Orientation;1;18;52.0;60.0;54.0;28.0;11;4
3;167;167;0;1.26752150000539;4;-51.0;72;Houborg et al. (2023);Experiment 1;Orientation;1;18;-51.0;1.0;9.0;3.0;12;4
3;2;178;-4;1.40115910000168;4;-15.0;73;Houborg et al. (2023);Experiment 1;Orientation;1;18;-15.0;-66.0;-14.0;-6.0;13;4
3;19;23;4;1.384780900029;4;-17.0;74;Houborg et al. (2023);Experiment 1;Orientation;1;18;-17.0;-32.0;-83.0;-31.0;14;4
3;97;101;4;1.26750399998855;4;-78.0;75;Houborg et al. (2023);Experiment 1;Orientation;1;18;-78.0;85.0;70.0;19.0;15;4
3;79;81;2;1.75126859999727;4;18.0;76;Houborg et al. (2023);Experiment 1;Orientation;1;18;18.0;-60.0;-77.0;88.0;16;4
3;166;165;-1;1.16776579996804;4;-87.0;77;Houborg et al. (2023);Experiment 1;Orientation;1;18;-87.0;-69.0;33.0;16.0;17;4
3;32;32;0;1.56814629997825;4;-46.0;78;Houborg et al. (2023);Experiment 1;Orientation;1;18;-46.0;47.0;65.0;-13.0;18;4
3;161;156;-5;2.03190649999306;4;51.0;79;Houborg et al. (2023);Experiment 1;Orientation;1;18;51.0;5.0;-82.0;-64.0;19;4
3;170;166;-4;1.28381260001333;4;-9.0;80;Houborg et al. (2023);Experiment 1;Orientation;1;18;-9.0;42.0;-4.0;89.0;20;4
3;133;116;-17;1.31599370000185;5;37.0;81;Houborg et al. (2023);Experiment 1;Orientation;1;18;;;;;1;5
3;29;44;15;1.5676897999947;5;-76.0;82;Houborg et al. (2023);Experiment 1;Orientation;1;18;;;;;2;5
3;139;156;17;1.75148670002818;5;70.0;83;Houborg et al. (2023);Experiment 1;Orientation;1;18;;;;;3;5
3;137;147;10;1.68244130001403;5;2.0;84;Houborg et al. (2023);Experiment 1;Orientation;1;18;;;;;4;5
3;157;159;2;1.76604740001494;5;-20.0;85;Houborg et al. (2023);Experiment 1;Orientation;1;18;-20.0;-18.0;52.0;-24.0;5;5
3;30;39;9;1.48494210001081;5;-53.0;86;Houborg et al. (2023);Experiment 1;Orientation;1;18;-53.0;-73.0;-71.0;-1.0;6;5
3;132;138;6;1.13587719999487;5;78.0;87;Houborg et al. (2023);Experiment 1;Orientation;1;18;78.0;25.0;5.0;7.0;7;5
3;155;142;-13;1.78467740002088;5;-23.0;88;Houborg et al. (2023);Experiment 1;Orientation;1;18;-23.0;55.0;2.0;-18.0;8;5
3;84;79;-5;1.58321400004206;5;71.0;89;Houborg et al. (2023);Experiment 1;Orientation;1;18;71.0;48.0;-54.0;73.0;9;5
3;17;20;3;1.50110690004658;5;67.0;90;Houborg et al. (2023);Experiment 1;Orientation;1;18;67.0;-42.0;-65.0;13.0;10;5
3;161;149;-12;1.49989659996936;5;36.0;91;Houborg et al. (2023);Experiment 1;Orientation;1;18;36.0;-77.0;-6.0;-29.0;11;5
3;145;144;-1;1.50117420003517;5;16.0;92;Houborg et al. (2023);Experiment 1;Orientation;1;18;16.0;52.0;-61.0;10.0;12;5
3;91;91;0;1.3669518000097;5;54.0;93;Houborg et al. (2023);Experiment 1;Orientation;1;18;54.0;70.0;-74.0;-7.0;13;5
3;107;112;5;1.41698929999257;5;-16.0;94;Houborg et al. (2023);Experiment 1;Orientation;1;18;-16.0;38.0;54.0;90.0;14;5
3;142;128;-14;1.33492699998897;5;-35.0;95;Houborg et al. (2023);Experiment 1;Orientation;1;18;-35.0;-51.0;3.0;19.0;15;5
3;41;56;15;1.9501036000438;5;-79.0;96;Houborg et al. (2023);Experiment 1;Orientation;1;18;-79.0;66.0;50.0;-76.0;16;5
3;52;57;5;1.1514659000095;5;-11.0;97;Houborg et al. (2023);Experiment 1;Orientation;1;18;-11.0;90.0;55.0;39.0;17;5
3;87;79;-8;1.83378990000347;5;-35.0;98;Houborg et al. (2023);Experiment 1;Orientation;1;18;-35.0;-46.0;55.0;20.0;18;5
3;61;55;-6;1.20083169999998;5;26.0;99;Houborg et al. (2023);Experiment 1;Orientation;1;18;26.0;-9.0;-20.0;81.0;19;5
3;39;42;3;1.25096189999022;5;22.0;100;Houborg et al. (2023);Experiment 1;Orientation;1;18;22.0;48.0;13.0;2.0;20;5
3;114;118;4;1.384149599995;6;-75.0;101;Houborg et al. (2023);Experiment 1;Orientation;1;18;;;;;1;6
3;101;115;14;1.50035779998871;6;13.0;102;Houborg et al. (2023);Experiment 1;Orientation;1;18;;;;;2;6
3;29;30;1;1.39973280002596;6;72.0;103;Houborg et al. (2023);Experiment 1;Orientation;1;18;;;;;3;6
3;157;159;2;1.29932439996628;6;52.0;104;Houborg et al. (2023);Experiment 1;Orientation;1;18;;;;;4;6
3;110;121;11;0.985150099964812;6;47.0;105;Houborg et al. (2023);Experiment 1;Orientation;1;18;47.0;-81.0;-9.0;4.0;5;6
3;119;128;9;1.38350729999365;6;-9.0;106;Houborg et al. (2023);Experiment 1;Orientation;1;18;-9.0;38.0;90.0;-18.0;6;6
3;32;31;-1;1.58416000002762;6;87.0;107;Houborg et al. (2023);Experiment 1;Orientation;1;18;87.0;78.0;-55.0;-3.0;7;6
3;152;136;-16;1.46719689999009;6;60.0;108;Houborg et al. (2023);Experiment 1;Orientation;1;18;60.0;-33.0;-42.0;5.0;8;6
3;146;139;-7;1.18326469999738;6;6.0;109;Houborg et al. (2023);Experiment 1;Orientation;1;18;6.0;66.0;-27.0;-36.0;9;6
3;3;174;-9;1.28387670003576;6;-37.0;110;Houborg et al. (2023);Experiment 1;Orientation;1;18;-37.0;-31.0;29.0;-64.0;10;6
3;129;143;14;1.53241389995674;6;54.0;111;Houborg et al. (2023);Experiment 1;Orientation;1;18;54.0;17.0;23.0;83.0;11;6
3;166;155;-11;1.03483659995254;6;-37.0;112;Houborg et al. (2023);Experiment 1;Orientation;1;18;-37.0;17.0;-20.0;-14.0;12;6
3;173;2;9;2.2161779999733;6;-7.0;113;Houborg et al. (2023);Experiment 1;Orientation;1;18;-7.0;-44.0;10.0;-27.0;13;6
3;104;108;4;1.50067160004983;6;69.0;114;Houborg et al. (2023);Experiment 1;Orientation;1;18;69.0;62.0;25.0;79.0;14;6
3;124;127;3;1.53416570002446;6;-20.0;115;Houborg et al. (2023);Experiment 1;Orientation;1;18;-20.0;49.0;42.0;5.0;15;6
3;46;38;-8;1.43179239996243;6;78.0;116;Houborg et al. (2023);Experiment 1;Orientation;1;18;78.0;58.0;-53.0;-60.0;16;6
3;167;164;-3;1.33263950003311;6;59.0;117;Houborg et al. (2023);Experiment 1;Orientation;1;18;59.0;-43.0;-63.0;6.0;17;6
3;92;90;-2;1.89857689995551;6;75.0;118;Houborg et al. (2023);Experiment 1;Orientation;1;18;75.0;-46.0;32.0;12.0;18;6
3;34;38;4;1.43077400000766;6;58.0;119;Houborg et al. (2023);Experiment 1;Orientation;1;18;58.0;-47.0;12.0;90.0;19;6
3;115;110;-5;0.882761300017592;6;-81.0;120;Houborg et al. (2023);Experiment 1;Orientation;1;18;-81.0;-23.0;52.0;-69.0;20;6
3;108;108;0;2.50100420002127;7;7.0;121;Houborg et al. (2023);Experiment 1;Orientation;1;18;;;;;1;7
3;55;59;4;1.50163100002101;7;53.0;122;Houborg et al. (2023);Experiment 1;Orientation;1;18;;;;;2;7
3;117;123;6;1.49989009997807;7;-62.0;123;Houborg et al. (2023);Experiment 1;Orientation;1;18;;;;;3;7
3;151;156;5;1.55058219999773;7;-34.0;124;Houborg et al. (2023);Experiment 1;Orientation;1;18;;;;;4;7
3;165;150;-15;1.15112960000988;7;-14.0;125;Houborg et al. (2023);Experiment 1;Orientation;1;18;-14.0;-48.0;70.0;-57.0;5;7
3;149;143;-6;1.06776279996848;7;16.0;126;Houborg et al. (2023);Experiment 1;Orientation;1;18;16.0;2.0;-32.0;86.0;6;7
3;30;34;4;0.76607759995386;7;-61.0;127;Houborg et al. (2023);Experiment 1;Orientation;1;18;-61.0;-45.0;-59.0;87.0;7;7
3;160;160;0;1.61764360003872;7;50.0;128;Houborg et al. (2023);Experiment 1;Orientation;1;18;50.0;-11.0;5.0;-9.0;8;7
3;144;154;10;1.90139489999274;7;16.0;129;Houborg et al. (2023);Experiment 1;Orientation;1;18;16.0;66.0;5.0;21.0;9;7
3;41;45;4;2.01811260002432;7;-77.0;130;Houborg et al. (2023);Experiment 1;Orientation;1;18;-77.0;-61.0;-11.0;-72.0;10;7
3;24;20;-4;1.51781880005728;7;17.0;131;Houborg et al. (2023);Experiment 1;Orientation;1;18;17.0;-60.0;-44.0;6.0;11;7
3;180;179;-1;2.55031690001488;7;24.0;132;Houborg et al. (2023);Experiment 1;Orientation;1;18;24.0;41.0;-36.0;-20.0;12;7
3;140;141;1;1.30175539996708;7;40.0;133;Houborg et al. (2023);Experiment 1;Orientation;1;18;40.0;64.0;81.0;4.0;13;7
3;103;116;13;1.26608359999955;7;37.0;134;Houborg et al. (2023);Experiment 1;Orientation;1;18;37.0;77.0;-79.0;-62.0;14;7
3;63;64;1;1.55092480004532;7;40.0;135;Houborg et al. (2023);Experiment 1;Orientation;1;18;40.0;77.0;-63.0;-39.0;15;7
3;162;160;-2;1.08328829996753;7;81.0;136;Houborg et al. (2023);Experiment 1;Orientation;1;18;81.0;-59.0;-22.0;18.0;16;7
3;124;142;18;1.59983259998262;7;38.0;137;Houborg et al. (2023);Experiment 1;Orientation;1;18;38.0;-61.0;-21.0;16.0;17;7
3;94;94;0;1.234570599976;7;30.0;138;Houborg et al. (2023);Experiment 1;Orientation;1;18;30.0;68.0;-31.0;9.0;18;7
3;46;43;-3;1.28446880000411;7;48.0;139;Houborg et al. (2023);Experiment 1;Orientation;1;18;48.0;78.0;-64.0;17.0;19;7
3;75;71;-4;2.06814420002047;7;-29.0;140;Houborg et al. (2023);Experiment 1;Orientation;1;18;-29.0;19.0;49.0;87.0;20;7
3;89;99;10;1.44933889998356;8;-14.0;141;Houborg et al. (2023);Experiment 1;Orientation;1;18;;;;;1;8
3;146;141;-5;1.26832759997342;8;-57.0;142;Houborg et al. (2023);Experiment 1;Orientation;1;18;;;;;2;8
3;64;60;-4;1.19939379999414;8;82.0;143;Houborg et al. (2023);Experiment 1;Orientation;1;18;;;;;3;8
3;139;139;0;1.18316559999948;8;-75.0;144;Houborg et al. (2023);Experiment 1;Orientation;1;18;;;;;4;8
3;83;82;-1;1.91709920001449;8;56.0;145;Houborg et al. (2023);Experiment 1;Orientation;1;18;56.0;-19.0;63.0;6.0;5;8
3;179;178;-1;1.5507070000167;8;84.0;146;Houborg et al. (2023);Experiment 1;Orientation;1;18;84.0;-40.0;65.0;-33.0;6;8
3;85;89;4;1.59982090000995;8;-86.0;147;Houborg et al. (2023);Experiment 1;Orientation;1;18;-86.0;-2.0;54.0;-21.0;7;8
3;80;83;3;1.317923399969;8;5.0;148;Houborg et al. (2023);Experiment 1;Orientation;1;18;5.0;-81.0;3.0;59.0;8;8
3;87;94;7;1.8510910999612;8;-7.0;149;Houborg et al. (2023);Experiment 1;Orientation;1;18;-7.0;-2.0;-88.0;-4.0;9;8
3;130;133;3;1.05042310000863;8;-43.0;150;Houborg et al. (2023);Experiment 1;Orientation;1;18;-43.0;-50.0;-45.0;49.0;10;8
3;64;74;10;1.18467570003122;8;66.0;151;Houborg et al. (2023);Experiment 1;Orientation;1;18;66.0;23.0;16.0;21.0;11;8
3;17;24;7;1.24935339996591;8;47.0;152;Houborg et al. (2023);Experiment 1;Orientation;1;18;47.0;-67.0;70.0;63.0;12;8
3;117;140;23;1.3170823000255;8;80.0;153;Houborg et al. (2023);Experiment 1;Orientation;1;18;80.0;-53.0;13.0;-30.0;13;8
3;45;29;-16;0.633903299982194;8;72.0;154;Houborg et al. (2023);Experiment 1;Orientation;1;18;72.0;-28.0;19.0;85.0;14;8
3;135;146;11;1.13490030000685;8;-90.0;155;Houborg et al. (2023);Experiment 1;Orientation;1;18;90.0;-18.0;62.0;-71.0;15;8
3;174;169;-5;0.651381100004073;8;-39.0;156;Houborg et al. (2023);Experiment 1;Orientation;1;18;-39.0;51.0;-57.0;23.0;16;8
3;113;116;3;1.96757139998954;8;61.0;157;Houborg et al. (2023);Experiment 1;Orientation;1;18;61.0;22.0;-68.0;4.0;17;8
3;115;109;-6;1.51658180000959;8;-2.0;158;Houborg et al. (2023);Experiment 1;Orientation;1;18;-2.0;59.0;20.0;-70.0;18;8
3;162;155;-7;1.30169160000514;8;-47.0;159;Houborg et al. (2023);Experiment 1;Orientation;1;18;-47.0;-49.0;12.0;-27.0;19;8
3;26;49;23;1.79887920001056;8;-44.0;160;Houborg et al. (2023);Experiment 1;Orientation;1;18;-44.0;89.0;87.0;-32.0;20;8
3;25;17;-8;1.7332467000233;9;1.0;161;Houborg et al. (2023);Experiment 1;Orientation;1;18;;;;;1;9
3;40;26;-14;1.40165220003109;9;-15.0;162;Houborg et al. (2023);Experiment 1;Orientation;1;18;;;;;2;9
3;128;127;-1;0.834597300039604;9;-88.0;163;Houborg et al. (2023);Experiment 1;Orientation;1;18;;;;;3;9
3;91;96;5;1.23499189998256;9;37.0;164;Houborg et al. (2023);Experiment 1;Orientation;1;18;;;;;4;9
3;144;134;-10;1.03253749996657;9;-53.0;165;Houborg et al. (2023);Experiment 1;Orientation;1;18;-53.0;-16.0;76.0;61.0;5;9
3;153;139;-14;1.50065870000981;9;-9.0;166;Houborg et al. (2023);Experiment 1;Orientation;1;18;-9.0;-62.0;-25.0;67.0;6;9
3;54;54;0;1.34971059998497;9;-81.0;167;Houborg et al. (2023);Experiment 1;Orientation;1;18;-81.0;90.0;37.0;74.0;7;9
3;90;84;-6;1.23413090000395;9;-36.0;168;Houborg et al. (2023);Experiment 1;Orientation;1;18;-36.0;63.0;54.0;1.0;8;9
3;76;68;-8;1.59824219997972;9;14.0;169;Houborg et al. (2023);Experiment 1;Orientation;1;18;14.0;-22.0;77.0;68.0;9;9
3;58;61;3;1.71538810001221;9;18.0;170;Houborg et al. (2023);Experiment 1;Orientation;1;18;18.0;32.0;-4.0;-85.0;10;9
3;89;92;3;1.23420079995412;9;-31.0;171;Houborg et al. (2023);Experiment 1;Orientation;1;18;-31.0;-13.0;1.0;-35.0;11;9
3;11;24;13;1.58480680000503;9;78.0;172;Houborg et al. (2023);Experiment 1;Orientation;1;18;78.0;47.0;65.0;79.0;12;9
3;129;135;6;2.98432829999365;9;62.0;173;Houborg et al. (2023);Experiment 1;Orientation;1;18;62.0;-40.0;-71.0;-53.0;13;9
3;101;101;0;1.31643659999827;9;28.0;174;Houborg et al. (2023);Experiment 1;Orientation;1;18;28.0;90.0;-12.0;-43.0;14;9
3;14;11;-3;1.3350220999564;9;87.0;175;Houborg et al. (2023);Experiment 1;Orientation;1;18;87.0;-65.0;-3.0;75.0;15;9
3;9;20;11;1.99932309996802;9;5.0;176;Houborg et al. (2023);Experiment 1;Orientation;1;18;5.0;-88.0;-60.0;2.0;16;9
3;104;118;14;1.26853280002251;9;85.0;177;Houborg et al. (2023);Experiment 1;Orientation;1;18;85.0;90.0;-3.0;25.0;17;9
3;135;133;-2;1.70087180001428;9;-31.0;178;Houborg et al. (2023);Experiment 1;Orientation;1;18;-31.0;54.0;59.0;-34.0;18;9
3;28;36;8;1.03394949994981;9;-73.0;179;Houborg et al. (2023);Experiment 1;Orientation;1;18;-73.0;76.0;-19.0;-14.0;19;9
3;88;90;2;2.15149959997507;9;-60.0;180;Houborg et al. (2023);Experiment 1;Orientation;1;18;-60.0;47.0;16.0;-79.0;20;9
3;136;119;-17;1.09897039999487;10;-48.0;181;Houborg et al. (2023);Experiment 1;Orientation;1;18;;;;;1;10
3;109;113;4;0.833482600050047;10;27.0;182;Houborg et al. (2023);Experiment 1;Orientation;1;18;;;;;2;10
3;108;115;7;1.03368489997229;10;1.0;183;Houborg et al. (2023);Experiment 1;Orientation;1;18;;;;;3;10
3;40;53;13;1.00058220000938;10;68.0;184;Houborg et al. (2023);Experiment 1;Orientation;1;18;;;;;4;10
3;49;61;12;0.932107399974484;10;-9.0;185;Houborg et al. (2023);Experiment 1;Orientation;1;18;-9.0;59.0;60.0;87.0;5;10
3;150;148;-2;1.18315299996175;10;79.0;186;Houborg et al. (2023);Experiment 1;Orientation;1;18;79.0;70.0;-42.0;-41.0;6;10
3;148;139;-9;1.01682359998813;10;2.0;187;Houborg et al. (2023);Experiment 1;Orientation;1;18;2.0;81.0;72.0;-40.0;7;10
3;12;25;13;1.23454069998115;10;-44.0;188;Houborg et al. (2023);Experiment 1;Orientation;1;18;-44.0;-42.0;37.0;28.0;8;10
3;22;32;10;1.18437529995572;10;-10.0;189;Houborg et al. (2023);Experiment 1;Orientation;1;18;-10.0;-54.0;-52.0;27.0;9;10
3;128;138;10;0.95037079998292;10;74.0;190;Houborg et al. (2023);Experiment 1;Orientation;1;18;74.0;64.0;20.0;22.0;10;10
3;175;168;-7;0.783825499995146;10;-47.0;191;Houborg et al. (2023);Experiment 1;Orientation;1;18;-47.0;27.0;17.0;-27.0;11;10
3;86;77;-9;2.016081400041;10;89.0;192;Houborg et al. (2023);Experiment 1;Orientation;1;18;89.0;42.0;-64.0;-74.0;12;10
3;72;76;4;1.11847050004872;10;14.0;193;Houborg et al. (2023);Experiment 1;Orientation;1;18;14.0;-77.0;56.0;-50.0;13;10
3;7;19;12;1.03442489996087;10;65.0;194;Houborg et al. (2023);Experiment 1;Orientation;1;18;65.0;79.0;-12.0;-59.0;14;10
3;43;27;-16;1.03400250000414;10;-36.0;195;Houborg et al. (2023);Experiment 1;Orientation;1;18;-36.0;29.0;43.0;-48.0;15;10
3;126;126;0;1.70024789997842;10;-83.0;196;Houborg et al. (2023);Experiment 1;Orientation;1;18;-83.0;61.0;-54.0;-40.0;16;10
3;87;77;-10;2.33305300003849;10;39.0;197;Houborg et al. (2023);Experiment 1;Orientation;1;18;39.0;-44.0;-80.0;-15.0;17;10
3;152;152;0;1.10083220002707;10;-65.0;198;Houborg et al. (2023);Experiment 1;Orientation;1;18;-65.0;-26.0;71.0;35.0;18;10
3;147;151;4;0.834449400019366;10;5.0;199;Houborg et al. (2023);Experiment 1;Orientation;1;18;5.0;-60.0;-21.0;76.0;19;10
3;35;47;12;1.08431120001478;10;-68.0;200;Houborg et al. (2023);Experiment 1;Orientation;1;18;-68.0;-63.0;52.0;-89.0;20;10
4;169;162;-7;1.42788049999996;1;;1;Houborg et al. (2023);Experiment 1;Orientation;1;18;;;;;1;1
4;50;41;-9;1.89584660000003;1;-61.0;2;Houborg et al. (2023);Experiment 1;Orientation;1;18;;;;;2;1
4;25;30;5;2.0787765;1;25.0;3;Houborg et al. (2023);Experiment 1;Orientation;1;18;;;;;3;1
4;157;158;1;2.47957079999998;1;48.0;4;Houborg et al. (2023);Experiment 1;Orientation;1;18;;;;;4;1
4;166;147;-19;2.07774330000001;1;-9.0;5;Houborg et al. (2023);Experiment 1;Orientation;1;18;-9.0;39.0;64.0;3.0;5;1
4;167;157;-10;1.89515990000001;1;-1.0;6;Houborg et al. (2023);Experiment 1;Orientation;1;18;-1.0;-10.0;38.0;63.0;6;1
4;151;145;-6;1.0613042;1;16.0;7;Houborg et al. (2023);Experiment 1;Orientation;1;18;16.0;15.0;6.0;54.0;7;1
4;10;7;-3;1.71247959999994;1;-39.0;8;Houborg et al. (2023);Experiment 1;Orientation;1;18;-39.0;-23.0;-24.0;-33.0;8;1
4;173;170;-3;1.51157620000004;1;17.0;9;Houborg et al. (2023);Experiment 1;Orientation;1;18;17.0;-22.0;-6.0;-7.0;9;1
4;159;153;-6;1.92914489999998;1;14.0;10;Houborg et al. (2023);Experiment 1;Orientation;1;18;14.0;31.0;-8.0;8.0;10;1
4;86;80;-6;2.1293422;1;73.0;11;Houborg et al. (2023);Experiment 1;Orientation;1;18;73.0;87.0;-76.0;65.0;11;1
4;101;114;13;3.43031810000002;1;-15.0;12;Houborg et al. (2023);Experiment 1;Orientation;1;18;-15.0;58.0;72.0;89.0;12;1
4;119;121;2;2.52929270000004;1;-18.0;13;Houborg et al. (2023);Experiment 1;Orientation;1;18;-18.0;-33.0;40.0;54.0;13;1
4;130;131;1;2.27867300000003;1;-11.0;14;Houborg et al. (2023);Experiment 1;Orientation;1;18;-11.0;-29.0;-44.0;29.0;14;1
4;87;83;-4;4.43034119999993;1;43.0;15;Houborg et al. (2023);Experiment 1;Orientation;1;18;43.0;32.0;14.0;-1.0;15;1
4;112;120;8;2.0614693;1;-25.0;16;Houborg et al. (2023);Experiment 1;Orientation;1;18;-25.0;18.0;7.0;-11.0;16;1
4;80;83;3;2.9119968;1;32.0;17;Houborg et al. (2023);Experiment 1;Orientation;1;18;32.0;7.0;50.0;39.0;17;1
4;61;42;-19;3.14517649999993;1;19.0;18;Houborg et al. (2023);Experiment 1;Orientation;1;18;19.0;51.0;26.0;69.0;18;1
4;55;48;-7;2.47767240000007;1;6.0;19;Houborg et al. (2023);Experiment 1;Orientation;1;18;6.0;25.0;57.0;32.0;19;1
4;30;33;3;2.51183939999999;1;25.0;20;Houborg et al. (2023);Experiment 1;Orientation;1;18;25.0;31.0;50.0;82.0;20;1
4;132;138;6;1.71168;2;78.0;21;Houborg et al. (2023);Experiment 1;Orientation;1;18;;;;;1;2
4;162;153;-9;2.24519640000005;2;-30.0;22;Houborg et al. (2023);Experiment 1;Orientation;1;18;;;;;2;2
4;89;143;54;1.79637819999994;2;73.0;23;Houborg et al. (2023);Experiment 1;Orientation;1;18;;;;;3;2
4;124;138;14;3.41270240000006;2;-35.0;24;Houborg et al. (2023);Experiment 1;Orientation;1;18;;;;;4;2
4;86;73;-13;2.74635019999994;2;38.0;25;Houborg et al. (2023);Experiment 1;Orientation;1;18;38.0;3.0;76.0;46.0;5;2
4;53;44;-9;1.76247269999999;2;33.0;26;Houborg et al. (2023);Experiment 1;Orientation;1;18;33.0;71.0;36.0;-71.0;6;2
4;100;105;5;1.56162340000003;2;-47.0;27;Houborg et al. (2023);Experiment 1;Orientation;1;18;-47.0;-14.0;24.0;-11.0;7;2
4;61;60;-1;3.74750740000002;2;39.0;28;Houborg et al. (2023);Experiment 1;Orientation;1;18;39.0;-8.0;25.0;63.0;8;2
4;108;119;11;1.81121259999998;2;-47.0;29;Houborg et al. (2023);Experiment 1;Orientation;1;18;-47.0;-8.0;-55.0;-22.0;9;2
4;42;42;0;1.59529049999992;2;66.0;30;Houborg et al. (2023);Experiment 1;Orientation;1;18;66.0;19.0;58.0;11.0;10;2
4;69;64;-5;2.87940079999998;2;-27.0;31;Houborg et al. (2023);Experiment 1;Orientation;1;18;-27.0;39.0;-8.0;31.0;11;2
4;122;125;3;2.31236279999996;2;-53.0;32;Houborg et al. (2023);Experiment 1;Orientation;1;18;-53.0;-80.0;-14.0;-61.0;12;2
4;95;121;26;1.44535059999998;2;27.0;33;Houborg et al. (2023);Experiment 1;Orientation;1;18;27.0;-26.0;-53.0;13.0;13;2
4;171;176;5;2.16258660000005;2;-76.0;34;Houborg et al. (2023);Experiment 1;Orientation;1;18;-76.0;-49.0;78.0;51.0;14;2
4;24;18;-6;1.61198990000003;2;-33.0;35;Houborg et al. (2023);Experiment 1;Orientation;1;18;-33.0;71.0;-82.0;45.0;15;2
4;4;5;1;2.32854369999995;2;20.0;36;Houborg et al. (2023);Experiment 1;Orientation;1;18;20.0;-13.0;-89.0;-62.0;16;2
4;177;179;2;3.32940799999994;2;7.0;37;Houborg et al. (2023);Experiment 1;Orientation;1;18;7.0;27.0;-6.0;-82.0;17;2
4;115;123;8;2.47921819999999;2;62.0;38;Houborg et al. (2023);Experiment 1;Orientation;1;18;62.0;69.0;89.0;56.0;18;2
4;90;85;-5;2.44633769999996;2;25.0;39;Houborg et al. (2023);Experiment 1;Orientation;1;18;25.0;87.0;-86.0;-66.0;19;2
4;23;21;-2;1.67949659999999;2;67.0;40;Houborg et al. (2023);Experiment 1;Orientation;1;18;67.0;-88.0;-26.0;-19.0;20;2
4;177;3;6;1.54442139999992;3;26.0;41;Houborg et al. (2023);Experiment 1;Orientation;1;18;;;;;1;3
4;164;164;0;2.97965160000001;3;13.0;42;Houborg et al. (2023);Experiment 1;Orientation;1;18;;;;;2;3
4;37;43;6;3.78057949999993;3;-53.0;43;Houborg et al. (2023);Experiment 1;Orientation;1;18;;;;;3;3
4;85;90;5;2.19640770000001;3;-48.0;44;Houborg et al. (2023);Experiment 1;Orientation;1;18;;;;;4;3
4;103;112;9;1.62839210000004;3;-18.0;45;Houborg et al. (2023);Experiment 1;Orientation;1;18;-18.0;-66.0;61.0;74.0;5;3
4;171;170;-1;1.39498760000004;3;-68.0;46;Houborg et al. (2023);Experiment 1;Orientation;1;18;-68.0;-86.0;46.0;-7.0;6;3
4;14;9;-5;1.64499580000006;3;-23.0;47;Houborg et al. (2023);Experiment 1;Orientation;1;18;-23.0;89.0;71.0;23.0;7;3
4;57;61;4;2.42906600000003;3;-43.0;48;Houborg et al. (2023);Experiment 1;Orientation;1;18;-43.0;-66.0;46.0;28.0;8;3
4;180;7;7;4.26427150000006;3;57.0;49;Houborg et al. (2023);Experiment 1;Orientation;1;18;57.0;14.0;-9.0;-77.0;9;3
4;8;178;-10;2.1791326;3;-8.0;50;Houborg et al. (2023);Experiment 1;Orientation;1;18;-8.0;49.0;6.0;-17.0;10;3
4;157;152;-5;1.5444569;3;31.0;51;Houborg et al. (2023);Experiment 1;Orientation;1;18;31.0;23.0;80.0;37.0;11;3
4;103;102;-1;2.47917010000003;3;54.0;52;Houborg et al. (2023);Experiment 1;Orientation;1;18;54.0;85.0;77.0;-46.0;12;3
4;46;41;-5;3.32948170000009;3;57.0;53;Houborg et al. (2023);Experiment 1;Orientation;1;18;57.0;-69.0;-38.0;-46.0;13;3
4;3;8;5;4.01381250000009;3;43.0;54;Houborg et al. (2023);Experiment 1;Orientation;1;18;43.0;-80.0;-26.0;5.0;14;3
4;46;53;7;2.62900979999995;3;-43.0;55;Houborg et al. (2023);Experiment 1;Orientation;1;18;-43.0;0.0;57.0;-69.0;15;3
4;164;171;7;2.42960679999987;3;62.0;56;Houborg et al. (2023);Experiment 1;Orientation;1;18;62.0;19.0;62.0;-61.0;16;3
4;126;143;17;3.49747670000011;3;38.0;57;Houborg et al. (2023);Experiment 1;Orientation;1;18;38.0;-80.0;57.0;-80.0;17;3
4;126;122;-4;2.02849620000006;3;0.0;58;Houborg et al. (2023);Experiment 1;Orientation;1;18;0.0;38.0;-80.0;57.0;18;3
4;51;43;-8;2.89606170000002;3;75.0;59;Houborg et al. (2023);Experiment 1;Orientation;1;18;75.0;75.0;-67.0;-5.0;19;3
4;13;7;-6;2.11248139999998;3;38.0;60;Houborg et al. (2023);Experiment 1;Orientation;1;18;38.0;-67.0;-67.0;-29.0;20;3
4;49;55;6;2.84615829999984;4;-36.0;61;Houborg et al. (2023);Experiment 1;Orientation;1;18;;;;;1;4
4;52;62;10;1.67852859999994;4;-3.0;62;Houborg et al. (2023);Experiment 1;Orientation;1;18;;;;;2;4
4;150;148;-2;2.24575500000014;4;82.0;63;Houborg et al. (2023);Experiment 1;Orientation;1;18;;;;;3;4
4;150;153;3;3.06293099999994;4;0.0;64;Houborg et al. (2023);Experiment 1;Orientation;1;18;;;;;4;4
4;102;105;3;1.97895489999996;4;48.0;65;Houborg et al. (2023);Experiment 1;Orientation;1;18;48.0;48.0;-50.0;-53.0;5;4
4;56;65;9;2.27866229999995;4;46.0;66;Houborg et al. (2023);Experiment 1;Orientation;1;18;46.0;-86.0;-86.0;-4.0;6;4
4;154;144;-10;3.12947910000003;4;82.0;67;Houborg et al. (2023);Experiment 1;Orientation;1;18;82.0;-52.0;-4.0;-4.0;7;4
4;175;165;-10;4.89746849999983;4;-21.0;68;Houborg et al. (2023);Experiment 1;Orientation;1;18;-21.0;61.0;-73.0;-25.0;8;4
4;140;150;10;2.98044770000001;4;35.0;69;Houborg et al. (2023);Experiment 1;Orientation;1;18;35.0;14.0;-84.0;-38.0;9;4
4;123;133;10;1.99582759999998;4;17.0;70;Houborg et al. (2023);Experiment 1;Orientation;1;18;17.0;52.0;31.0;-67.0;10;4
4;102;108;6;1.91228460000002;4;21.0;71;Houborg et al. (2023);Experiment 1;Orientation;1;18;21.0;38.0;73.0;52.0;11;4
4;16;18;2;1.36151820000009;4;86.0;72;Houborg et al. (2023);Experiment 1;Orientation;1;18;86.0;-73.0;-56.0;-21.0;12;4
4;34;35;1;2.36238930000013;4;-18.0;73;Houborg et al. (2023);Experiment 1;Orientation;1;18;-18.0;68.0;89.0;-74.0;13;4
4;98;106;8;2.56327109999984;4;-64.0;74;Houborg et al. (2023);Experiment 1;Orientation;1;18;-64.0;-82.0;4.0;25.0;14;4
4;178;176;-2;2.24638800000002;4;-80.0;75;Houborg et al. (2023);Experiment 1;Orientation;1;18;-80.0;36.0;18.0;-76.0;15;4
4;158;159;1;1.94534109999995;4;20.0;76;Houborg et al. (2023);Experiment 1;Orientation;1;18;20.0;-60.0;56.0;38.0;16;4
4;64;52;-12;1.99485600000003;4;-86.0;77;Houborg et al. (2023);Experiment 1;Orientation;1;18;-86.0;-66.0;34.0;-30.0;17;4
4;172;165;-7;2.39584519999994;4;72.0;78;Houborg et al. (2023);Experiment 1;Orientation;1;18;72.0;-14.0;6.0;-74.0;18;4
4;137;146;9;1.84477459999994;4;35.0;79;Houborg et al. (2023);Experiment 1;Orientation;1;18;35.0;-73.0;21.0;41.0;19;4
4;41;42;1;1.72925910000004;4;-84.0;80;Houborg et al. (2023);Experiment 1;Orientation;1;18;-84.0;-49.0;23.0;-63.0;20;4
4;22;17;-5;1.62825970000017;5;19.0;81;Houborg et al. (2023);Experiment 1;Orientation;1;18;;;;;1;5
4;41;36;-5;1.97903420000011;5;-19.0;82;Houborg et al. (2023);Experiment 1;Orientation;1;18;;;;;2;5
4;123;126;3;1.79493019999995;5;-82.0;83;Houborg et al. (2023);Experiment 1;Orientation;1;18;;;;;3;5
4;160;161;1;1.6436948999999;5;-37.0;84;Houborg et al. (2023);Experiment 1;Orientation;1;18;;;;;4;5
4;124;129;5;1.5449322999998;5;36.0;85;Houborg et al. (2023);Experiment 1;Orientation;1;18;36.0;-1.0;-83.0;78.0;5;5
4;163;174;11;1.82909919999997;5;-39.0;86;Houborg et al. (2023);Experiment 1;Orientation;1;18;-39.0;-3.0;-40.0;58.0;6;5
4;171;174;3;1.8288371000001;5;-8.0;87;Houborg et al. (2023);Experiment 1;Orientation;1;18;-8.0;-47.0;-11.0;-48.0;7;5
4;171;170;-1;2.84565640000005;5;0.0;88;Houborg et al. (2023);Experiment 1;Orientation;1;18;0.0;-8.0;-47.0;-11.0;8;5
4;167;169;2;2.22833680000008;5;4.0;89;Houborg et al. (2023);Experiment 1;Orientation;1;18;4.0;4.0;-4.0;-43.0;9;5
4;127;129;2;1.77873260000001;5;40.0;90;Houborg et al. (2023);Experiment 1;Orientation;1;18;40.0;44.0;44.0;36.0;10;5
4;120;123;3;1.21175079999989;5;7.0;91;Houborg et al. (2023);Experiment 1;Orientation;1;18;7.0;47.0;51.0;51.0;11;5
4;56;61;5;1.89533940000001;5;64.0;92;Houborg et al. (2023);Experiment 1;Orientation;1;18;64.0;71.0;-69.0;-65.0;12;5
4;134;141;7;0.960873600000014;5;-78.0;93;Houborg et al. (2023);Experiment 1;Orientation;1;18;-78.0;-14.0;-7.0;33.0;13;5
4;81;73;-8;1.09513259999994;5;53.0;94;Houborg et al. (2023);Experiment 1;Orientation;1;18;53.0;-25.0;39.0;46.0;14;5
4;78;72;-6;2.19624899999985;5;3.0;95;Houborg et al. (2023);Experiment 1;Orientation;1;18;3.0;56.0;-22.0;42.0;15;5
4;64;66;2;1.52869149999992;5;14.0;96;Houborg et al. (2023);Experiment 1;Orientation;1;18;14.0;17.0;70.0;-8.0;16;5
4;97;105;8;1.51095269999996;5;-33.0;97;Houborg et al. (2023);Experiment 1;Orientation;1;18;-33.0;-19.0;-16.0;37.0;17;5
4;97;104;7;1.99575729999992;5;0.0;98;Houborg et al. (2023);Experiment 1;Orientation;1;18;0.0;-33.0;-19.0;-16.0;18;5
4;99;98;-1;2.46262260000003;5;-2.0;99;Houborg et al. (2023);Experiment 1;Orientation;1;18;-2.0;-2.0;-35.0;-21.0;19;5
4;107;113;6;1.57807470000012;5;-8.0;100;Houborg et al. (2023);Experiment 1;Orientation;1;18;-8.0;-10.0;-10.0;-43.0;20;5
4;137;139;2;1.64502679999987;6;-30.0;101;Houborg et al. (2023);Experiment 1;Orientation;1;18;;;;;1;6
4;41;37;-4;1.9121176000001;6;-84.0;102;Houborg et al. (2023);Experiment 1;Orientation;1;18;;;;;2;6
4;27;32;5;1.42857719999984;6;14.0;103;Houborg et al. (2023);Experiment 1;Orientation;1;18;;;;;3;6
4;10;8;-2;1.92980130000001;6;17.0;104;Houborg et al. (2023);Experiment 1;Orientation;1;18;;;;;4;6
4;33;31;-2;1.44468410000013;6;-23.0;105;Houborg et al. (2023);Experiment 1;Orientation;1;18;-23.0;-6.0;8.0;-76.0;5;6
4;119;127;8;2.09608979999985;6;-86.0;106;Houborg et al. (2023);Experiment 1;Orientation;1;18;-86.0;71.0;88.0;-78.0;6;6
4;42;38;-4;4.4479116;6;77.0;107;Houborg et al. (2023);Experiment 1;Orientation;1;18;77.0;-9.0;-32.0;-15.0;7;6
4;164;161;-3;2.82955690000017;6;58.0;108;Houborg et al. (2023);Experiment 1;Orientation;1;18;58.0;-45.0;49.0;26.0;8;6
4;172;168;-4;1.47753599999987;6;-8.0;109;Houborg et al. (2023);Experiment 1;Orientation;1;18;-8.0;50.0;-53.0;41.0;9;6
4;109;107;-2;2.62940260000005;6;63.0;110;Houborg et al. (2023);Experiment 1;Orientation;1;18;63.0;55.0;-67.0;10.0;10;6
4;127;123;-4;1.67838559999996;6;-18.0;111;Houborg et al. (2023);Experiment 1;Orientation;1;18;-18.0;45.0;37.0;-85.0;11;6
4;135;131;-4;1.94452549999983;6;-8.0;112;Houborg et al. (2023);Experiment 1;Orientation;1;18;-8.0;-26.0;37.0;29.0;12;6
4;63;74;11;2.04350109999996;6;72.0;113;Houborg et al. (2023);Experiment 1;Orientation;1;18;72.0;64.0;46.0;-71.0;13;6
4;37;32;-5;2.14552700000013;6;26.0;114;Houborg et al. (2023);Experiment 1;Orientation;1;18;26.0;-82.0;90.0;72.0;14;6
4;161;171;10;3.5129379;6;56.0;115;Houborg et al. (2023);Experiment 1;Orientation;1;18;56.0;82.0;-26.0;-34.0;15;6
4;89;93;4;3.49654869999995;6;72.0;116;Houborg et al. (2023);Experiment 1;Orientation;1;18;72.0;-52.0;-26.0;46.0;16;6
4;9;17;8;2.11253110000007;6;80.0;117;Houborg et al. (2023);Experiment 1;Orientation;1;18;80.0;-28.0;28.0;54.0;17;6
4;57;65;8;2.69567480000001;6;-48.0;118;Houborg et al. (2023);Experiment 1;Orientation;1;18;-48.0;32.0;-76.0;-20.0;18;6
4;24;47;23;1.89479340000003;6;33.0;119;Houborg et al. (2023);Experiment 1;Orientation;1;18;33.0;-15.0;65.0;-43.0;19;6
4;107;120;13;2.27861609999991;6;-83.0;120;Houborg et al. (2023);Experiment 1;Orientation;1;18;-83.0;-50.0;82.0;-18.0;20;6
4;90;83;-7;2.46226840000008;7;17.0;121;Houborg et al. (2023);Experiment 1;Orientation;1;18;;;;;1;7
4;109;117;8;1.59494240000004;7;-19.0;122;Houborg et al. (2023);Experiment 1;Orientation;1;18;;;;;2;7
4;118;122;4;1.8791005999999;7;-9.0;123;Houborg et al. (2023);Experiment 1;Orientation;1;18;;;;;3;7
4;80;85;5;2.36215730000004;7;38.0;124;Houborg et al. (2023);Experiment 1;Orientation;1;18;;;;;4;7
4;73;73;0;4.41429559999983;7;7.0;125;Houborg et al. (2023);Experiment 1;Orientation;1;18;7.0;45.0;36.0;17.0;5;7
4;95;100;5;1.66235200000006;7;-22.0;126;Houborg et al. (2023);Experiment 1;Orientation;1;18;-22.0;-15.0;23.0;14.0;6;7
4;153;129;-24;2.47871480000003;7;-58.0;127;Houborg et al. (2023);Experiment 1;Orientation;1;18;-58.0;-80.0;-73.0;-35.0;7;7
4;3;11;8;1.97890800000005;7;-30.0;128;Houborg et al. (2023);Experiment 1;Orientation;1;18;-30.0;-88.0;70.0;77.0;8;7
4;137;136;-1;2.62915480000015;7;46.0;129;Houborg et al. (2023);Experiment 1;Orientation;1;18;46.0;16.0;-42.0;-64.0;9;7
4;153;146;-7;2.11233719999996;7;-16.0;130;Houborg et al. (2023);Experiment 1;Orientation;1;18;-16.0;30.0;0.0;-58.0;10;7
4;71;65;-6;2.61272899999994;7;82.0;131;Houborg et al. (2023);Experiment 1;Orientation;1;18;82.0;66.0;-68.0;82.0;11;7
4;129;136;7;1.84489680000001;7;-58.0;132;Houborg et al. (2023);Experiment 1;Orientation;1;18;-58.0;24.0;8.0;54.0;12;7
4;14;23;9;3.37995999999998;7;-65.0;133;Houborg et al. (2023);Experiment 1;Orientation;1;18;-65.0;57.0;-41.0;-57.0;13;7
4;93;98;5;1.92933679999987;7;-79.0;134;Houborg et al. (2023);Experiment 1;Orientation;1;18;-79.0;36.0;-22.0;60.0;14;7
4;180;8;8;2.86306930000001;7;-87.0;135;Houborg et al. (2023);Experiment 1;Orientation;1;18;-87.0;14.0;-51.0;71.0;15;7
4;22;31;9;2.44557150000014;7;-22.0;136;Houborg et al. (2023);Experiment 1;Orientation;1;18;-22.0;71.0;-8.0;-73.0;16;7
4;164;167;3;1.99545669999998;7;38.0;137;Houborg et al. (2023);Experiment 1;Orientation;1;18;38.0;16.0;-71.0;30.0;17;7
4;22;39;17;1.51213540000003;7;-38.0;138;Houborg et al. (2023);Experiment 1;Orientation;1;18;-38.0;0.0;-22.0;71.0;18;7
4;20;19;-1;3.17974580000009;7;2.0;139;Houborg et al. (2023);Experiment 1;Orientation;1;18;2.0;-36.0;2.0;-20.0;19;7
4;24;20;-4;1.96215000000007;7;-4.0;140;Houborg et al. (2023);Experiment 1;Orientation;1;18;-4.0;-2.0;-40.0;-2.0;20;7
4;120;121;1;1.72843239999997;8;84.0;141;Houborg et al. (2023);Experiment 1;Orientation;1;18;;;;;1;8
4;45;41;-4;1.72809779999989;8;75.0;142;Houborg et al. (2023);Experiment 1;Orientation;1;18;;;;;2;8
4;134;137;3;1.46221719999994;8;-89.0;143;Houborg et al. (2023);Experiment 1;Orientation;1;18;;;;;3;8
4;40;42;2;2.14576000000011;8;-86.0;144;Houborg et al. (2023);Experiment 1;Orientation;1;18;;;;;4;8
4;173;172;-1;1.31116229999998;8;47.0;145;Houborg et al. (2023);Experiment 1;Orientation;1;18;47.0;-39.0;52.0;-53.0;5;8
4;86;82;-4;2.67937940000002;8;87.0;146;Houborg et al. (2023);Experiment 1;Orientation;1;18;87.0;-46.0;48.0;-41.0;6;8
4;130;136;6;1.79521839999984;8;-44.0;147;Houborg et al. (2023);Experiment 1;Orientation;1;18;-44.0;43.0;90.0;4.0;7;8
4;141;144;3;1.66238750000002;8;-11.0;148;Houborg et al. (2023);Experiment 1;Orientation;1;18;-11.0;-55.0;32.0;79.0;8;8
4;46;50;4;1.84485059999997;8;-85.0;149;Houborg et al. (2023);Experiment 1;Orientation;1;18;-85.0;84.0;40.0;-53.0;9;8
4;33;27;-6;1.44454040000005;8;13.0;150;Houborg et al. (2023);Experiment 1;Orientation;1;18;13.0;-72.0;-83.0;53.0;10;8
4;71;71;0;1.96108909999998;8;-38.0;151;Houborg et al. (2023);Experiment 1;Orientation;1;18;-38.0;-25.0;70.0;59.0;11;8
4;20;15;-5;1.94576289999986;8;51.0;152;Houborg et al. (2023);Experiment 1;Orientation;1;18;51.0;13.0;26.0;-59.0;12;8
4;86;77;-9;1.9455038000001;8;-66.0;153;Houborg et al. (2023);Experiment 1;Orientation;1;18;-66.0;-15.0;-53.0;-40.0;13;8
4;17;21;4;1.47818300000017;8;69.0;154;Houborg et al. (2023);Experiment 1;Orientation;1;18;69.0;3.0;54.0;16.0;14;8
4;96;105;9;2.21223320000036;8;-79.0;155;Houborg et al. (2023);Experiment 1;Orientation;1;18;-79.0;-10.0;-76.0;-25.0;15;8
4;38;19;-19;1.67885859999978;8;58.0;156;Houborg et al. (2023);Experiment 1;Orientation;1;18;58.0;-21.0;48.0;-18.0;16;8
4;113;124;11;1.9458995;8;-75.0;157;Houborg et al. (2023);Experiment 1;Orientation;1;18;-75.0;-17.0;84.0;-27.0;17;8
4;141;143;2;2.76241889999983;8;-28.0;158;Houborg et al. (2023);Experiment 1;Orientation;1;18;-28.0;77.0;-45.0;56.0;18;8
4;6;17;11;2.64583060000041;8;-45.0;159;Houborg et al. (2023);Experiment 1;Orientation;1;18;-45.0;-73.0;32.0;90.0;19;8
4;106;112;6;2.19541750000008;8;80.0;160;Houborg et al. (2023);Experiment 1;Orientation;1;18;80.0;35.0;7.0;-68.0;20;8
4;68;58;-10;1.57850540000027;9;38.0;161;Houborg et al. (2023);Experiment 1;Orientation;1;18;;;;;1;9
4;168;172;4;1.26098060000004;9;80.0;162;Houborg et al. (2023);Experiment 1;Orientation;1;18;;;;;2;9
4;11;15;4;1.59534739999981;9;-23.0;163;Houborg et al. (2023);Experiment 1;Orientation;1;18;;;;;3;9
4;125;125;0;2.49599940000007;9;66.0;164;Houborg et al. (2023);Experiment 1;Orientation;1;18;;;;;4;9
4;76;58;-18;2.59594440000001;9;49.0;165;Houborg et al. (2023);Experiment 1;Orientation;1;18;49.0;-65.0;-88.0;-8.0;5;9
4;90;83;-7;3.09644539999999;9;-14.0;166;Houborg et al. (2023);Experiment 1;Orientation;1;18;-14.0;35.0;-79.0;78.0;6;9
4;169;169;0;2.2291922999998;9;-79.0;167;Houborg et al. (2023);Experiment 1;Orientation;1;18;-79.0;87.0;-44.0;22.0;7;9
4;44;36;-8;1.27791969999998;9;-55.0;168;Houborg et al. (2023);Experiment 1;Orientation;1;18;-55.0;46.0;32.0;81.0;8;9
4;93;90;-3;1.96233619999975;9;-49.0;169;Houborg et al. (2023);Experiment 1;Orientation;1;18;-49.0;76.0;-3.0;-17.0;9;9
4;5;11;6;1.12824169999976;9;88.0;170;Houborg et al. (2023);Experiment 1;Orientation;1;18;88.0;39.0;-16.0;85.0;10;9
4;146;145;-1;1.37843770000018;9;39.0;171;Houborg et al. (2023);Experiment 1;Orientation;1;18;39.0;-53.0;78.0;23.0;11;9
4;130;135;5;1.36148570000023;9;16.0;172;Houborg et al. (2023);Experiment 1;Orientation;1;18;16.0;55.0;-37.0;-86.0;12;9
4;145;146;1;1.06075620000001;9;-15.0;173;Houborg et al. (2023);Experiment 1;Orientation;1;18;-15.0;1.0;40.0;-52.0;13;9
4;175;173;-2;1.69532429999981;9;-30.0;174;Houborg et al. (2023);Experiment 1;Orientation;1;18;-30.0;-45.0;-29.0;10.0;14;9
4;111;117;6;1.9788523000002;9;64.0;175;Houborg et al. (2023);Experiment 1;Orientation;1;18;64.0;34.0;19.0;35.0;15;9
4;30;23;-7;1.7616895000001;9;81.0;176;Houborg et al. (2023);Experiment 1;Orientation;1;18;81.0;-35.0;-65.0;-80.0;16;9
4;116;106;-10;2.89700620000031;9;-86.0;177;Houborg et al. (2023);Experiment 1;Orientation;1;18;-86.0;-5.0;59.0;29.0;17;9
4;155;160;5;1.3779485;9;-39.0;178;Houborg et al. (2023);Experiment 1;Orientation;1;18;-39.0;55.0;-44.0;20.0;18;9
4;168;157;-11;1.04430620000039;9;-13.0;179;Houborg et al. (2023);Experiment 1;Orientation;1;18;-13.0;-52.0;42.0;-57.0;19;9
4;105;115;10;1.57797279999977;9;63.0;180;Houborg et al. (2023);Experiment 1;Orientation;1;18;63.0;50.0;11.0;-75.0;20;9
4;11;9;-2;2.29538950000006;10;-86.0;181;Houborg et al. (2023);Experiment 1;Orientation;1;18;;;;;1;10
4;29;35;6;2.24505330000011;10;-18.0;182;Houborg et al. (2023);Experiment 1;Orientation;1;18;;;;;2;10
4;103;109;6;1.54578119999996;10;-74.0;183;Houborg et al. (2023);Experiment 1;Orientation;1;18;;;;;3;10
4;15;21;6;2.22774560000016;10;88.0;184;Houborg et al. (2023);Experiment 1;Orientation;1;18;;;;;4;10
4;115;117;2;2.06183279999959;10;80.0;185;Houborg et al. (2023);Experiment 1;Orientation;1;18;80.0;-12.0;-86.0;76.0;5;10
4;6;9;3;1.2102745000002;10;-71.0;186;Houborg et al. (2023);Experiment 1;Orientation;1;18;-71.0;9.0;-83.0;23.0;6;10
4;20;22;2;1.46180679999998;10;-14.0;187;Houborg et al. (2023);Experiment 1;Orientation;1;18;-14.0;-85.0;-5.0;83.0;7;10
4;130;120;-10;0.977897700000085;10;70.0;188;Houborg et al. (2023);Experiment 1;Orientation;1;18;70.0;56.0;-15.0;65.0;8;10
4;100;99;-1;1.44580749999977;10;30.0;189;Houborg et al. (2023);Experiment 1;Orientation;1;18;30.0;-80.0;86.0;15.0;9;10
4;70;63;-7;1.36146360000021;10;30.0;190;Houborg et al. (2023);Experiment 1;Orientation;1;18;30.0;60.0;-50.0;-64.0;10;10
4;87;79;-8;0.995317299999897;10;-17.0;191;Houborg et al. (2023);Experiment 1;Orientation;1;18;-17.0;13.0;43.0;-67.0;11;10
4;33;23;-10;1.44516799999974;10;54.0;192;Houborg et al. (2023);Experiment 1;Orientation;1;18;54.0;37.0;67.0;-83.0;12;10
4;77;72;-5;1.74500330000001;10;-44.0;193;Houborg et al. (2023);Experiment 1;Orientation;1;18;-44.0;10.0;-7.0;23.0;13;10
4;76;77;1;1.3780999999999;10;1.0;194;Houborg et al. (2023);Experiment 1;Orientation;1;18;1.0;-43.0;11.0;-6.0;14;10
4;22;29;7;1.52720980000004;10;54.0;195;Houborg et al. (2023);Experiment 1;Orientation;1;18;54.0;55.0;11.0;65.0;15;10
4;26;27;1;1.14526880000039;10;-4.0;196;Houborg et al. (2023);Experiment 1;Orientation;1;18;-4.0;50.0;51.0;7.0;16;10
4;95;110;15;1.36089749999974;10;-69.0;197;Houborg et al. (2023);Experiment 1;Orientation;1;18;-69.0;-73.0;-19.0;-18.0;17;10
4;60;58;-2;2.11245809999991;10;35.0;198;Houborg et al. (2023);Experiment 1;Orientation;1;18;35.0;-34.0;-38.0;16.0;18;10
4;11;17;6;1.3282677000002;10;49.0;199;Houborg et al. (2023);Experiment 1;Orientation;1;18;49.0;84.0;15.0;11.0;19;10
4;129;142;13;2.02904350000017;10;62.0;200;Houborg et al. (2023);Experiment 1;Orientation;1;18;62.0;-69.0;-34.0;77.0;20;10
5;33;14;-19;3.01213250029832;1;;1;Houborg et al. (2023);Experiment 1;Orientation;1;18;;;;;1;1
5;9;10;1;8.6335629997775;1;24.0;2;Houborg et al. (2023);Experiment 1;Orientation;1;18;;;;;2;1
5;131;137;6;3.47913230024278;1;58.0;3;Houborg et al. (2023);Experiment 1;Orientation;1;18;;;;;3;1
5;63;56;-7;4.91362220002338;1;68.0;4;Houborg et al. (2023);Experiment 1;Orientation;1;18;;;;;4;1
5;119;132;13;6.01482339994982;1;-56.0;5;Houborg et al. (2023);Experiment 1;Orientation;1;18;-56.0;12.0;70.0;-86.0;5;1
5;70;57;-13;3.61270940024406;1;49.0;6;Houborg et al. (2023);Experiment 1;Orientation;1;18;49.0;-7.0;61.0;-61.0;6;1
5;113;106;-7;2.06231089960784;1;-43.0;7;Houborg et al. (2023);Experiment 1;Orientation;1;18;-43.0;6.0;-50.0;18.0;7;1
5;4;12;8;2.29481879994273;1;-71.0;8;Houborg et al. (2023);Experiment 1;Orientation;1;18;-71.0;66.0;-65.0;59.0;8;1
5;164;156;-8;1.82776900008321;1;20.0;9;Houborg et al. (2023);Experiment 1;Orientation;1;18;20.0;-51.0;86.0;-45.0;9;1
5;145;156;11;3.12895120028406;1;19.0;10;Houborg et al. (2023);Experiment 1;Orientation;1;18;19.0;39.0;-32.0;-75.0;10;1
5;135;135;0;3.69612949993461;1;10.0;11;Houborg et al. (2023);Experiment 1;Orientation;1;18;10.0;29.0;49.0;-22.0;11;1
5;147;146;-1;3.76296949991956;1;-12.0;12;Houborg et al. (2023);Experiment 1;Orientation;1;18;-12.0;-2.0;17.0;37.0;12;1
5;69;65;-4;2.34491450013593;1;78.0;13;Houborg et al. (2023);Experiment 1;Orientation;1;18;78.0;66.0;76.0;-85.0;13;1
5;112;117;5;2.29489579983056;1;-43.0;14;Houborg et al. (2023);Experiment 1;Orientation;1;18;-43.0;35.0;23.0;33.0;14;1
5;104;113;9;2.42837859969586;1;8.0;15;Houborg et al. (2023);Experiment 1;Orientation;1;18;8.0;-35.0;43.0;31.0;15;1
5;96;103;7;2.89547730004415;1;8.0;16;Houborg et al. (2023);Experiment 1;Orientation;1;18;8.0;16.0;-27.0;51.0;16;1
5;50;66;16;1.99457510001957;1;46.0;17;Houborg et al. (2023);Experiment 1;Orientation;1;18;46.0;54.0;62.0;19.0;17;1
5;45;54;9;2.24472540011629;1;5.0;18;Houborg et al. (2023);Experiment 1;Orientation;1;18;5.0;51.0;59.0;67.0;18;1
5;82;77;-5;2.37835470028222;1;-37.0;19;Houborg et al. (2023);Experiment 1;Orientation;1;18;-37.0;-32.0;14.0;22.0;19;1
5;41;39;-2;1.4275068002753;1;41.0;20;Houborg et al. (2023);Experiment 1;Orientation;1;18;41.0;4.0;9.0;55.0;20;1
5;145;143;-2;1.82782229967415;2;76.0;21;Houborg et al. (2023);Experiment 1;Orientation;1;18;;;;;1;2
5;178;167;-11;4.41329799965024;2;-33.0;22;Houborg et al. (2023);Experiment 1;Orientation;1;18;;;;;2;2
5;6;19;13;12.3698062999174;2;-8.0;23;Houborg et al. (2023);Experiment 1;Orientation;1;18;;;;;3;2
5;97;105;8;2.2450939998962;2;89.0;24;Houborg et al. (2023);Experiment 1;Orientation;1;18;;;;;4;2
5;16;16;0;2.17812830023468;2;81.0;25;Houborg et al. (2023);Experiment 1;Orientation;1;18;81.0;-10.0;-18.0;-51.0;5;2
5;145;147;2;3.99626229982823;2;51.0;26;Houborg et al. (2023);Experiment 1;Orientation;1;18;51.0;-48.0;41.0;33.0;6;2
5;179;174;-5;6.93198500014842;2;-34.0;27;Houborg et al. (2023);Experiment 1;Orientation;1;18;-34.0;17.0;-82.0;7.0;7;2
5;13;16;3;2.74525619996712;2;-14.0;28;Houborg et al. (2023);Experiment 1;Orientation;1;18;-14.0;-48.0;3.0;84.0;8;2
5;170;163;-7;2.37833720026538;2;23.0;29;Houborg et al. (2023);Experiment 1;Orientation;1;18;23.0;9.0;-25.0;26.0;9;2
5;4;12;8;3.02895959978923;2;-14.0;30;Houborg et al. (2023);Experiment 1;Orientation;1;18;-14.0;9.0;-5.0;-39.0;10;2
5;124;130;6;2.71187000023201;2;60.0;31;Houborg et al. (2023);Experiment 1;Orientation;1;18;60.0;46.0;69.0;55.0;11;2
5;142;145;3;2.17821059981361;2;-18.0;32;Houborg et al. (2023);Experiment 1;Orientation;1;18;-18.0;42.0;28.0;51.0;12;2
5;97;107;10;3.56265169987455;2;45.0;33;Houborg et al. (2023);Experiment 1;Orientation;1;18;45.0;27.0;87.0;73.0;13;2
5;160;155;-5;2.41145909996703;2;-63.0;34;Houborg et al. (2023);Experiment 1;Orientation;1;18;-63.0;-18.0;-36.0;24.0;14;2
5;162;145;-17;2.16177729982883;2;-2.0;35;Houborg et al. (2023);Experiment 1;Orientation;1;18;-2.0;-65.0;-20.0;-38.0;15;2
5;113;115;2;1.94475949974731;2;49.0;36;Houborg et al. (2023);Experiment 1;Orientation;1;18;49.0;47.0;-16.0;29.0;16;2
5;25;34;9;4.14646189985797;2;88.0;37;Houborg et al. (2023);Experiment 1;Orientation;1;18;88.0;-43.0;-45.0;72.0;17;2
5;40;32;-8;1.22719720005989;2;-15.0;38;Houborg et al. (2023);Experiment 1;Orientation;1;18;-15.0;73.0;-58.0;-60.0;18;2
5;33;41;8;1.74462000001222;2;7.0;39;Houborg et al. (2023);Experiment 1;Orientation;1;18;7.0;-8.0;80.0;-51.0;19;2
5;8;23;15;2.06145359994844;2;25.0;40;Houborg et al. (2023);Experiment 1;Orientation;1;18;25.0;32.0;17.0;-75.0;20;2
5;20;21;1;2.52851229999214;3;-12.0;41;Houborg et al. (2023);Experiment 1;Orientation;1;18;;;;;1;3
5;111;117;6;1.77760779997334;3;89.0;42;Houborg et al. (2023);Experiment 1;Orientation;1;18;;;;;2;3
5;170;162;-8;2.76204389985651;3;-59.0;43;Houborg et al. (2023);Experiment 1;Orientation;1;18;;;;;3;3
5;64;64;0;1.67762289987877;3;-74.0;44;Houborg et al. (2023);Experiment 1;Orientation;1;18;;;;;4;3
5;74;73;-1;1.51082880003378;3;-10.0;45;Houborg et al. (2023);Experiment 1;Orientation;1;18;-10.0;-84.0;37.0;-54.0;5;3
5;178;167;-11;4.063145800028;3;76.0;46;Houborg et al. (2023);Experiment 1;Orientation;1;18;76.0;66.0;-8.0;-67.0;6;3
5;171;158;-13;3.02899130014703;3;7.0;47;Houborg et al. (2023);Experiment 1;Orientation;1;18;7.0;83.0;73.0;-1.0;7;3
5;122;131;9;2.67837690003216;3;49.0;48;Houborg et al. (2023);Experiment 1;Orientation;1;18;49.0;56.0;-48.0;-58.0;8;3
5;178;168;-10;2.76182699995115;3;-56.0;49;Houborg et al. (2023);Experiment 1;Orientation;1;18;-56.0;-7.0;0.0;76.0;9;3
5;139;13;54;5.79752240004018;3;39.0;50;Houborg et al. (2023);Experiment 1;Orientation;1;18;39.0;-17.0;32.0;39.0;10;3
5;61;61;0;2.64523210003972;3;78.0;51;Houborg et al. (2023);Experiment 1;Orientation;1;18;78.0;-63.0;61.0;-70.0;11;3
5;120;120;0;3.16235469980165;3;-59.0;52;Houborg et al. (2023);Experiment 1;Orientation;1;18;-59.0;19.0;58.0;2.0;12;3
5;44;59;15;1.9114474998787;3;76.0;53;Houborg et al. (2023);Experiment 1;Orientation;1;18;76.0;17.0;-85.0;-46.0;13;3
5;54;55;1;1.96135989995673;3;-10.0;54;Houborg et al. (2023);Experiment 1;Orientation;1;18;-10.0;66.0;7.0;85.0;14;3
5;123;145;22;1.54424190009013;3;-69.0;55;Houborg et al. (2023);Experiment 1;Orientation;1;18;-69.0;-79.0;-3.0;-62.0;15;3
5;96;106;10;2.91220749961212;3;27.0;56;Houborg et al. (2023);Experiment 1;Orientation;1;18;27.0;-42.0;-52.0;24.0;16;3
5;75;66;-9;5.68105609994382;3;21.0;57;Houborg et al. (2023);Experiment 1;Orientation;1;18;21.0;48.0;-21.0;-31.0;17;3
5;109;111;2;1.92735549993813;3;-34.0;58;Houborg et al. (2023);Experiment 1;Orientation;1;18;-34.0;-13.0;14.0;-55.0;18;3
5;136;128;-8;2.11140570044518;3;-27.0;59;Houborg et al. (2023);Experiment 1;Orientation;1;18;-27.0;-61.0;-40.0;-13.0;19;3
5;106;108;2;1.2273522997275;3;30.0;60;Houborg et al. (2023);Experiment 1;Orientation;1;18;30.0;3.0;-31.0;-10.0;20;3
5;100;108;8;2.36175599973649;4;6.0;61;Houborg et al. (2023);Experiment 1;Orientation;1;18;;;;;1;4
5;106;115;9;2.07803429989144;4;-6.0;62;Houborg et al. (2023);Experiment 1;Orientation;1;18;;;;;2;4
5;93;109;16;2.26208369992673;4;13.0;63;Houborg et al. (2023);Experiment 1;Orientation;1;18;;;;;3;4
5;15;20;5;1.46098269987851;4;78.0;64;Houborg et al. (2023);Experiment 1;Orientation;1;18;;;;;4;4
5;130;153;23;2.54517979966477;4;65.0;65;Houborg et al. (2023);Experiment 1;Orientation;1;18;65.0;-37.0;-24.0;-30.0;5;4
5;180;3;3;6.46498070005327;4;-50.0;66;Houborg et al. (2023);Experiment 1;Orientation;1;18;-50.0;15.0;-87.0;-74.0;6;4
5;64;67;3;2.17827769974247;4;-64.0;67;Houborg et al. (2023);Experiment 1;Orientation;1;18;-64.0;66.0;-49.0;29.0;7;4
5;175;154;-21;3.19551720004529;4;69.0;68;Houborg et al. (2023);Experiment 1;Orientation;1;18;69.0;5.0;-45.0;20.0;8;4
5;63;72;9;3.54595059994608;4;-68.0;69;Houborg et al. (2023);Experiment 1;Orientation;1;18;-68.0;1.0;-63.0;67.0;9;4
5;160;154;-6;2.77894010022283;4;83.0;70;Houborg et al. (2023);Experiment 1;Orientation;1;18;83.0;15.0;84.0;20.0;10;4
5;82;79;-3;4.42995190015063;4;78.0;71;Houborg et al. (2023);Experiment 1;Orientation;1;18;78.0;-19.0;-87.0;-18.0;11;4
5;75;67;-8;1.39411159977317;4;7.0;72;Houborg et al. (2023);Experiment 1;Orientation;1;18;7.0;85.0;-12.0;-80.0;12;4
5;40;35;-5;4.49691129988059;4;35.0;73;Houborg et al. (2023);Experiment 1;Orientation;1;18;35.0;42.0;-60.0;23.0;13;4
5;23;22;-1;1.82782710017636;4;17.0;74;Houborg et al. (2023);Experiment 1;Orientation;1;18;17.0;52.0;59.0;-43.0;14;4
5;56;32;-24;3.26229480002075;4;-33.0;75;Houborg et al. (2023);Experiment 1;Orientation;1;18;-33.0;-16.0;19.0;26.0;15;4
5;131;115;-16;3.52919649984688;4;-75.0;76;Houborg et al. (2023);Experiment 1;Orientation;1;18;-75.0;72.0;89.0;-56.0;16;4
5;141;130;-11;3.74583850009367;4;-10.0;77;Houborg et al. (2023);Experiment 1;Orientation;1;18;-10.0;-85.0;62.0;79.0;17;4
5;125;122;-3;3.79625579994172;4;16.0;78;Houborg et al. (2023);Experiment 1;Orientation;1;18;16.0;6.0;-69.0;78.0;18;4
5;2;14;12;2.89514050027356;4;-57.0;79;Houborg et al. (2023);Experiment 1;Orientation;1;18;-57.0;-41.0;-51.0;54.0;19;4
5;152;33;61;8.08287739986554;4;30.0;80;Houborg et al. (2023);Experiment 1;Orientation;1;18;30.0;-27.0;-11.0;-21.0;20;4
5;167;162;-5;1.7943311999552;5;-15.0;81;Houborg et al. (2023);Experiment 1;Orientation;1;18;;;;;1;5
5;139;148;9;1.44447440002114;5;28.0;82;Houborg et al. (2023);Experiment 1;Orientation;1;18;;;;;2;5
5;8;15;7;2.87871679989621;5;-49.0;83;Houborg et al. (2023);Experiment 1;Orientation;1;18;;;;;3;5
5;69;74;5;3.4626472000964;5;-61.0;84;Houborg et al. (2023);Experiment 1;Orientation;1;18;;;;;4;5
5;127;121;-6;1.76118589984253;5;-58.0;85;Houborg et al. (2023);Experiment 1;Orientation;1;18;-58.0;61.0;12.0;40.0;5;5
5;132;123;-9;4.59657120006159;5;-5.0;86;Houborg et al. (2023);Experiment 1;Orientation;1;18;-5.0;-63.0;56.0;7.0;6;5
5;41;49;8;1.47781449975446;5;-89.0;87;Houborg et al. (2023);Experiment 1;Orientation;1;18;-89.0;86.0;28.0;-33.0;7;5
5;49;42;-7;3.94638710003346;5;-8.0;88;Houborg et al. (2023);Experiment 1;Orientation;1;18;-8.0;83.0;78.0;20.0;8;5
5;122;115;-7;2.22823469992727;5;-73.0;89;Houborg et al. (2023);Experiment 1;Orientation;1;18;-73.0;-81.0;10.0;5.0;9;5
5;86;89;3;3.32879769988358;5;36.0;90;Houborg et al. (2023);Experiment 1;Orientation;1;18;36.0;-37.0;-45.0;46.0;10;5
5;113;107;-6;2.66207329975441;5;-27.0;91;Houborg et al. (2023);Experiment 1;Orientation;1;18;-27.0;9.0;-64.0;-72.0;11;5
5;43;33;-10;2.59508210001513;5;70.0;92;Houborg et al. (2023);Experiment 1;Orientation;1;18;70.0;43.0;79.0;6.0;12;5
5;32;37;5;1.57763519976288;5;11.0;93;Houborg et al. (2023);Experiment 1;Orientation;1;18;11.0;81.0;54.0;90.0;13;5
5;150;158;8;3.37931820005178;5;62.0;94;Houborg et al. (2023);Experiment 1;Orientation;1;18;62.0;73.0;-37.0;-64.0;14;5
5;139;148;9;5.09721620008349;5;11.0;95;Houborg et al. (2023);Experiment 1;Orientation;1;18;11.0;73.0;84.0;-26.0;15;5
5;169;155;-14;2.44513370003551;5;-30.0;96;Houborg et al. (2023);Experiment 1;Orientation;1;18;-30.0;-19.0;43.0;54.0;16;5
5;20;26;6;4.02950649987906;5;-31.0;97;Houborg et al. (2023);Experiment 1;Orientation;1;18;-31.0;-61.0;-50.0;12.0;17;5
5;33;30;-3;2.36161160003394;5;-13.0;98;Houborg et al. (2023);Experiment 1;Orientation;1;18;-13.0;-44.0;-74.0;-63.0;18;5
5;18;22;4;1.84449219983071;5;15.0;99;Houborg et al. (2023);Experiment 1;Orientation;1;18;15.0;2.0;-29.0;-59.0;19;5
5;89;79;-10;2.64515340002254;5;-71.0;100;Houborg et al. (2023);Experiment 1;Orientation;1;18;-71.0;-56.0;-69.0;80.0;20;5
5;35;30;-5;1.57763620000333;6;54.0;101;Houborg et al. (2023);Experiment 1;Orientation;1;18;;;;;1;6
5;162;162;0;2.71183389984071;6;53.0;102;Houborg et al. (2023);Experiment 1;Orientation;1;18;;;;;2;6
5;18;27;9;2.51184289995581;6;-36.0;103;Houborg et al. (2023);Experiment 1;Orientation;1;18;;;;;3;6
5;8;18;10;3.74612609995529;6;10.0;104;Houborg et al. (2023);Experiment 1;Orientation;1;18;;;;;4;6
5;101;110;9;5.01388309989125;6;87.0;105;Houborg et al. (2023);Experiment 1;Orientation;1;18;87.0;-83.0;61.0;-66.0;5;6
5;140;123;-17;5.31424910016358;6;-39.0;106;Houborg et al. (2023);Experiment 1;Orientation;1;18;-39.0;48.0;58.0;22.0;6;6
5;57;62;5;1.86103400029242;6;83.0;107;Houborg et al. (2023);Experiment 1;Orientation;1;18;83.0;44.0;-49.0;-39.0;7;6
5;33;62;29;2.29490210022777;6;24.0;108;Houborg et al. (2023);Experiment 1;Orientation;1;18;24.0;-73.0;68.0;-25.0;8;6
5;62;54;-8;1.99489279976115;6;-29.0;109;Houborg et al. (2023);Experiment 1;Orientation;1;18;-29.0;-5.0;78.0;39.0;9;6
5;38;71;33;1.74432259984314;6;24.0;110;Houborg et al. (2023);Experiment 1;Orientation;1;18;24.0;-5.0;19.0;-78.0;10;6
5;92;87;-5;6.31480660010129;6;-54.0;111;Houborg et al. (2023);Experiment 1;Orientation;1;18;-54.0;-30.0;-59.0;-35.0;11;6
5;164;154;-10;2.8286766000092;6;-72.0;112;Houborg et al. (2023);Experiment 1;Orientation;1;18;-72.0;54.0;78.0;49.0;12;6
5;114;118;4;2.29497230006382;6;50.0;113;Houborg et al. (2023);Experiment 1;Orientation;1;18;50.0;-22.0;-76.0;-52.0;13;6
5;19;14;-5;4.42999480012804;6;-85.0;114;Houborg et al. (2023);Experiment 1;Orientation;1;18;-85.0;-35.0;73.0;19.0;14;6
5;71;57;-14;1.77782960003242;6;-52.0;115;Houborg et al. (2023);Experiment 1;Orientation;1;18;-52.0;43.0;-87.0;21.0;15;6
5;10;15;5;4.02966300025582;6;61.0;116;Houborg et al. (2023);Experiment 1;Orientation;1;18;61.0;9.0;-76.0;-26.0;16;6
5;91;92;1;5.98111569974571;6;-81.0;117;Houborg et al. (2023);Experiment 1;Orientation;1;18;-81.0;-20.0;-72.0;23.0;17;6
5;78;73;-5;3.92941200034693;6;13.0;118;Houborg et al. (2023);Experiment 1;Orientation;1;18;13.0;-68.0;-7.0;-59.0;18;6
5;180;16;16;9.15072389971465;6;78.0;119;Houborg et al. (2023);Experiment 1;Orientation;1;18;78.0;-89.0;10.0;71.0;19;6
5;147;152;5;4.73030610010028;6;33.0;120;Houborg et al. (2023);Experiment 1;Orientation;1;18;33.0;-69.0;-56.0;43.0;20;6
5;88;92;4;3.42950389999896;7;59.0;121;Houborg et al. (2023);Experiment 1;Orientation;1;18;;;;;1;7
5;162;168;6;2.46155899995938;7;-74.0;122;Houborg et al. (2023);Experiment 1;Orientation;1;18;;;;;2;7
5;25;32;7;2.56208180030808;7;-43.0;123;Houborg et al. (2023);Experiment 1;Orientation;1;18;;;;;3;7
5;71;67;-4;2.49499640008435;7;-46.0;124;Houborg et al. (2023);Experiment 1;Orientation;1;18;;;;;4;7
5;167;156;-11;4.8971400000155;7;84.0;125;Houborg et al. (2023);Experiment 1;Orientation;1;18;84.0;38.0;-5.0;-79.0;5;7
5;166;151;-15;2.0780961997807;7;1.0;126;Houborg et al. (2023);Experiment 1;Orientation;1;18;1.0;85.0;39.0;-4.0;6;7
5;129;145;16;5.01380529999733;7;37.0;127;Houborg et al. (2023);Experiment 1;Orientation;1;18;37.0;38.0;-58.0;76.0;7;7
5;112;119;7;4.83023410011083;7;17.0;128;Houborg et al. (2023);Experiment 1;Orientation;1;18;17.0;54.0;55.0;-41.0;8;7
5;62;62;0;2.62856450024992;7;50.0;129;Houborg et al. (2023);Experiment 1;Orientation;1;18;50.0;67.0;-76.0;-75.0;9;7
5;169;159;-10;3.46246209973469;7;73.0;130;Houborg et al. (2023);Experiment 1;Orientation;1;18;73.0;-57.0;-40.0;-3.0;10;7
5;23;11;-12;2.01142500014976;7;-34.0;131;Houborg et al. (2023);Experiment 1;Orientation;1;18;-34.0;39.0;89.0;-74.0;11;7
5;132;161;29;6.86537480028346;7;71.0;132;Houborg et al. (2023);Experiment 1;Orientation;1;18;71.0;37.0;-70.0;-20.0;12;7
5;117;114;-3;4.39679510006681;7;15.0;133;Houborg et al. (2023);Experiment 1;Orientation;1;18;15.0;86.0;52.0;-55.0;13;7
5;150;159;9;3.92964500002563;7;-33.0;134;Houborg et al. (2023);Experiment 1;Orientation;1;18;-33.0;-18.0;53.0;19.0;14;7
5;72;49;-23;3.66274189995602;7;78.0;135;Houborg et al. (2023);Experiment 1;Orientation;1;18;78.0;45.0;60.0;-49.0;15;7
5;135;157;22;5.53080020006746;7;-63.0;136;Houborg et al. (2023);Experiment 1;Orientation;1;18;-63.0;15.0;-18.0;-3.0;16;7
5;151;148;-3;1.99478089995682;7;-16.0;137;Houborg et al. (2023);Experiment 1;Orientation;1;18;-16.0;-79.0;-1.0;-34.0;17;7
5;59;58;-1;2.66176669998094;7;-88.0;138;Houborg et al. (2023);Experiment 1;Orientation;1;18;-88.0;76.0;13.0;-89.0;18;7
5;100;101;1;1.69447629991919;7;-41.0;139;Houborg et al. (2023);Experiment 1;Orientation;1;18;-41.0;51.0;35.0;-28.0;19;7
5;177;178;1;5.08049979992211;7;-77.0;140;Houborg et al. (2023);Experiment 1;Orientation;1;18;-77.0;62.0;-26.0;-42.0;20;7
5;99;114;15;1.49421430006623;8;78.0;141;Houborg et al. (2023);Experiment 1;Orientation;1;18;;;;;1;8
5;60;41;-19;2.14469159999862;8;39.0;142;Houborg et al. (2023);Experiment 1;Orientation;1;18;;;;;2;8
5;112;108;-4;2.04468199983239;8;-52.0;143;Houborg et al. (2023);Experiment 1;Orientation;1;18;;;;;3;8
5;65;60;-5;1.76110559981316;8;47.0;144;Houborg et al. (2023);Experiment 1;Orientation;1;18;;;;;4;8
5;137;155;18;3.62924800021574;8;-72.0;145;Houborg et al. (2023);Experiment 1;Orientation;1;18;-72.0;-25.0;-77.0;-38.0;5;8
5;75;70;-5;2.62833119975403;8;62.0;146;Houborg et al. (2023);Experiment 1;Orientation;1;18;62.0;-10.0;37.0;-15.0;6;8
5;89;92;3;1.61106369970366;8;-14.0;147;Houborg et al. (2023);Experiment 1;Orientation;1;18;-14.0;48.0;-24.0;23.0;7;8
5;126;113;-13;1.81130130030215;8;-37.0;148;Houborg et al. (2023);Experiment 1;Orientation;1;18;-37.0;-51.0;11.0;-61.0;8;8
5;176;165;-11;3.19547910010442;8;-50.0;149;Houborg et al. (2023);Experiment 1;Orientation;1;18;-50.0;-87.0;79.0;-39.0;9;8
5;59;63;4;2.92852419987321;8;-63.0;150;Houborg et al. (2023);Experiment 1;Orientation;1;18;-63.0;67.0;30.0;16.0;10;8
5;151;151;0;2.84550769999623;8;88.0;151;Houborg et al. (2023);Experiment 1;Orientation;1;18;88.0;25.0;-25.0;-62.0;11;8
5;134;144;10;2.99528650008142;8;17.0;152;Houborg et al. (2023);Experiment 1;Orientation;1;18;17.0;-75.0;42.0;-8.0;12;8
5;172;165;-7;4.52999250032008;8;-38.0;153;Houborg et al. (2023);Experiment 1;Orientation;1;18;-38.0;-21.0;67.0;4.0;13;8
5;6;16;10;3.39579749992117;8;-14.0;154;Houborg et al. (2023);Experiment 1;Orientation;1;18;-14.0;-52.0;-35.0;53.0;14;8
5;65;67;2;2.24478509975597;8;-59.0;155;Houborg et al. (2023);Experiment 1;Orientation;1;18;-59.0;-73.0;69.0;86.0;15;8
5;120;117;-3;3.37891199998558;8;-55.0;156;Houborg et al. (2023);Experiment 1;Orientation;1;18;-55.0;66.0;52.0;14.0;16;8
5;51;55;4;3.61281890003011;8;69.0;157;Houborg et al. (2023);Experiment 1;Orientation;1;18;69.0;14.0;-45.0;-59.0;17;8
5;42;40;-2;2.41182259982452;8;9.0;158;Houborg et al. (2023);Experiment 1;Orientation;1;18;9.0;78.0;23.0;-36.0;18;8
5;129;131;2;3.62927749985829;8;-87.0;159;Houborg et al. (2023);Experiment 1;Orientation;1;18;-87.0;-78.0;-9.0;-64.0;19;8
5;113;119;6;4.29664919991046;8;16.0;160;Houborg et al. (2023);Experiment 1;Orientation;1;18;16.0;-71.0;-62.0;7.0;20;8
5;107;109;2;1.9946046997793;9;6.0;161;Houborg et al. (2023);Experiment 1;Orientation;1;18;;;;;1;9
5;119;114;-5;2.42839979985729;9;-12.0;162;Houborg et al. (2023);Experiment 1;Orientation;1;18;;;;;2;9
5;9;23;14;1.89454180002213;9;-70.0;163;Houborg et al. (2023);Experiment 1;Orientation;1;18;;;;;3;9
5;63;56;-7;2.17822929983959;9;-54.0;164;Houborg et al. (2023);Experiment 1;Orientation;1;18;;;;;4;9
5;82;74;-8;1.91118440032005;9;-19.0;165;Houborg et al. (2023);Experiment 1;Orientation;1;18;-19.0;-73.0;37.0;25.0;5;9
5;44;50;6;3.11238049995154;9;38.0;166;Houborg et al. (2023);Experiment 1;Orientation;1;18;38.0;19.0;-35.0;75.0;6;9
5;129;140;11;2.24484089994803;9;-85.0;167;Houborg et al. (2023);Experiment 1;Orientation;1;18;-85.0;-47.0;-66.0;60.0;7;9
5;155;156;1;3.22897619986907;9;-26.0;168;Houborg et al. (2023);Experiment 1;Orientation;1;18;-26.0;69.0;-73.0;88.0;8;9
5;51;48;-3;3.96282989997417;9;-76.0;169;Houborg et al. (2023);Experiment 1;Orientation;1;18;-76.0;78.0;-7.0;31.0;9;9
5;132;132;0;4.46362370019779;9;-81.0;170;Houborg et al. (2023);Experiment 1;Orientation;1;18;-81.0;23.0;-3.0;-88.0;10;9
5;25;23;-2;2.56171299982816;9;-73.0;171;Houborg et al. (2023);Experiment 1;Orientation;1;18;-73.0;26.0;-50.0;-76.0;11;9
5;151;159;8;4.64673569984734;9;54.0;172;Houborg et al. (2023);Experiment 1;Orientation;1;18;54.0;-19.0;80.0;4.0;12;9
5;25;23;-2;4.83038609987125;9;-54.0;173;Houborg et al. (2023);Experiment 1;Orientation;1;18;-54.0;0.0;-73.0;26.0;13;9
5;106;105;-1;2.29482820024714;9;-81.0;174;Houborg et al. (2023);Experiment 1;Orientation;1;18;-81.0;45.0;-81.0;26.0;14;9
5;66;76;10;5.41178230009973;9;40.0;175;Houborg et al. (2023);Experiment 1;Orientation;1;18;40.0;-41.0;85.0;-41.0;15;9
5;146;152;6;2.11159959994256;9;-80.0;176;Houborg et al. (2023);Experiment 1;Orientation;1;18;-80.0;-40.0;59.0;5.0;16;9
5;91;84;-7;2.86201710021123;9;55.0;177;Houborg et al. (2023);Experiment 1;Orientation;1;18;55.0;-25.0;15.0;-66.0;17;9
5;89;92;3;2.77859520027414;9;2.0;178;Houborg et al. (2023);Experiment 1;Orientation;1;18;2.0;57.0;-23.0;17.0;18;9
5;158;159;1;1.61084439978004;9;-69.0;179;Houborg et al. (2023);Experiment 1;Orientation;1;18;-69.0;-67.0;-12.0;88.0;19;9
5;64;64;0;2.86188340000808;9;-86.0;180;Houborg et al. (2023);Experiment 1;Orientation;1;18;-86.0;25.0;27.0;82.0;20;9
5;81;73;-8;1.99476990010589;10;-17.0;181;Houborg et al. (2023);Experiment 1;Orientation;1;18;;;;;1;10
5;174;178;4;1.91132570011541;10;87.0;182;Houborg et al. (2023);Experiment 1;Orientation;1;18;;;;;2;10
5;8;9;1;1.94465439999476;10;-14.0;183;Houborg et al. (2023);Experiment 1;Orientation;1;18;;;;;3;10
5;176;173;-3;1.84475790010765;10;12.0;184;Houborg et al. (2023);Experiment 1;Orientation;1;18;;;;;4;10
5;35;64;29;3.57949309982359;10;-39.0;185;Houborg et al. (2023);Experiment 1;Orientation;1;18;-39.0;-27.0;-41.0;46.0;5;10
5;121;114;-7;5.36391940014437;10;-86.0;186;Houborg et al. (2023);Experiment 1;Orientation;1;18;-86.0;55.0;67.0;53.0;6;10
5;106;112;6;1.59447640040889;10;15.0;187;Houborg et al. (2023);Experiment 1;Orientation;1;18;15.0;-71.0;70.0;82.0;7;10
5;122;128;6;2.12802379997447;10;-16.0;188;Houborg et al. (2023);Experiment 1;Orientation;1;18;-16.0;-1.0;-87.0;54.0;8;10
5;65;63;-2;1.86125050019473;10;57.0;189;Houborg et al. (2023);Experiment 1;Orientation;1;18;57.0;41.0;56.0;-30.0;9;10
5;112;112;0;2.41175680002198;10;-47.0;190;Houborg et al. (2023);Experiment 1;Orientation;1;18;-47.0;10.0;-6.0;9.0;10;10
5;147;135;-12;3.44586739968508;10;-35.0;191;Houborg et al. (2023);Experiment 1;Orientation;1;18;-35.0;-82.0;-25.0;-41.0;11;10
5;4;8;4;2.2279986999929;10;-37.0;192;Houborg et al. (2023);Experiment 1;Orientation;1;18;-37.0;-72.0;61.0;-62.0;12;10
5;16;25;9;2.11139200022444;10;-12.0;193;Houborg et al. (2023);Experiment 1;Orientation;1;18;-12.0;-49.0;-84.0;49.0;13;10
5;176;167;-9;4.59672309970483;10;20.0;194;Houborg et al. (2023);Experiment 1;Orientation;1;18;20.0;8.0;-29.0;-64.0;14;10
5;118;133;15;2.84546889970079;10;58.0;195;Houborg et al. (2023);Experiment 1;Orientation;1;18;58.0;78.0;66.0;29.0;15;10
5;42;39;-3;3.07886119978502;10;76.0;196;Houborg et al. (2023);Experiment 1;Orientation;1;18;76.0;-46.0;-26.0;-38.0;16;10
5;73;65;-8;1.97791310027242;10;-31.0;197;Houborg et al. (2023);Experiment 1;Orientation;1;18;-31.0;45.0;-77.0;-57.0;17;10
5;22;26;4;3.41241259966046;10;51.0;198;Houborg et al. (2023);Experiment 1;Orientation;1;18;51.0;20.0;-84.0;-26.0;18;10
5;49;52;3;3.11219949973747;10;-27.0;199;Houborg et al. (2023);Experiment 1;Orientation;1;18;-27.0;24.0;-7.0;69.0;19;10
5;47;47;0;2.94550229981542;10;2.0;200;Houborg et al. (2023);Experiment 1;Orientation;1;18;2.0;-25.0;26.0;-5.0;20;10
6;33;103;70;2.52867190027609;1;;1;Houborg et al. (2023);Experiment 1;Orientation;1;18;;;;;1;1
6;9;22;13;2.32824360020459;1;24.0;2;Houborg et al. (2023);Experiment 1;Orientation;1;18;;;;;2;1
6;131;135;4;2.24515260010958;1;58.0;3;Houborg et al. (2023);Experiment 1;Orientation;1;18;;;;;3;1
6;63;40;-23;3.27917960006744;1;68.0;4;Houborg et al. (2023);Experiment 1;Orientation;1;18;;;;;4;1
6;119;128;9;3.94646320026368;1;-56.0;5;Houborg et al. (2023);Experiment 1;Orientation;1;18;-56.0;12.0;70.0;-86.0;5;1
6;70;64;-6;1.42799040023237;1;49.0;6;Houborg et al. (2023);Experiment 1;Orientation;1;18;49.0;-7.0;61.0;-61.0;6;1
6;113;117;4;1.94521829998121;1;-43.0;7;Houborg et al. (2023);Experiment 1;Orientation;1;18;-43.0;6.0;-50.0;18.0;7;1
6;4;170;-14;4.51364200003445;1;-71.0;8;Houborg et al. (2023);Experiment 1;Orientation;1;18;-71.0;66.0;-65.0;59.0;8;1
6;164;146;-18;2.11169049981982;1;20.0;9;Houborg et al. (2023);Experiment 1;Orientation;1;18;20.0;-51.0;86.0;-45.0;9;1
6;145;148;3;1.44437000015751;1;19.0;10;Houborg et al. (2023);Experiment 1;Orientation;1;18;19.0;39.0;-32.0;-75.0;10;1
6;135;134;-1;1.39425730006769;1;10.0;11;Houborg et al. (2023);Experiment 1;Orientation;1;18;10.0;29.0;49.0;-22.0;11;1
6;147;141;-6;1.72782000014558;1;-12.0;12;Houborg et al. (2023);Experiment 1;Orientation;1;18;-12.0;-2.0;17.0;37.0;12;1
6;69;119;50;4.54685909999534;1;78.0;13;Houborg et al. (2023);Experiment 1;Orientation;1;18;78.0;66.0;76.0;-85.0;13;1
6;112;116;4;2.71208180021495;1;-43.0;14;Houborg et al. (2023);Experiment 1;Orientation;1;18;-43.0;35.0;23.0;33.0;14;1
6;104;92;-12;1.94493590015918;1;8.0;15;Houborg et al. (2023);Experiment 1;Orientation;1;18;8.0;-35.0;43.0;31.0;15;1
6;96;93;-3;1.76108750002459;1;8.0;16;Houborg et al. (2023);Experiment 1;Orientation;1;18;8.0;16.0;-27.0;51.0;16;1
6;50;75;25;2.62881520017982;1;46.0;17;Houborg et al. (2023);Experiment 1;Orientation;1;18;46.0;54.0;62.0;19.0;17;1
6;45;58;13;2.71213909983635;1;5.0;18;Houborg et al. (2023);Experiment 1;Orientation;1;18;5.0;51.0;59.0;67.0;18;1
6;82;86;4;2.22823539981619;1;-37.0;19;Houborg et al. (2023);Experiment 1;Orientation;1;18;-37.0;-32.0;14.0;22.0;19;1
6;41;56;15;3.04642249969766;1;41.0;20;Houborg et al. (2023);Experiment 1;Orientation;1;18;41.0;4.0;9.0;55.0;20;1
6;145;113;-32;1.77798579959199;2;76.0;21;Houborg et al. (2023);Experiment 1;Orientation;1;18;;;;;1;2
6;178;176;-2;2.89570929994807;2;-33.0;22;Houborg et al. (2023);Experiment 1;Orientation;1;18;;;;;2;2
6;6;10;4;4.88059969991446;2;-8.0;23;Houborg et al. (2023);Experiment 1;Orientation;1;18;;;;;3;2
6;97;96;-1;2.12853620015085;2;89.0;24;Houborg et al. (2023);Experiment 1;Orientation;1;18;;;;;4;2
6;16;167;-29;1.62805119995028;2;81.0;25;Houborg et al. (2023);Experiment 1;Orientation;1;18;81.0;-10.0;-18.0;-51.0;5;2
6;145;143;-2;2.76206269999966;2;51.0;26;Houborg et al. (2023);Experiment 1;Orientation;1;18;51.0;-48.0;41.0;33.0;6;2
6;179;166;-13;1.4776293002069;2;-34.0;27;Houborg et al. (2023);Experiment 1;Orientation;1;18;-34.0;17.0;-82.0;7.0;7;2
6;13;172;-21;1.64448180003092;2;-14.0;28;Houborg et al. (2023);Experiment 1;Orientation;1;18;-14.0;-48.0;3.0;84.0;8;2
6;170;172;2;1.51115310005844;2;23.0;29;Houborg et al. (2023);Experiment 1;Orientation;1;18;23.0;9.0;-25.0;26.0;9;2
6;4;3;-1;1.9114769003354;2;-14.0;30;Houborg et al. (2023);Experiment 1;Orientation;1;18;-14.0;9.0;-5.0;-39.0;10;2
6;124;129;5;1.56121389986947;2;60.0;31;Houborg et al. (2023);Experiment 1;Orientation;1;18;60.0;46.0;69.0;55.0;11;2
6;142;152;10;1.52788319997489;2;-18.0;32;Houborg et al. (2023);Experiment 1;Orientation;1;18;-18.0;42.0;28.0;51.0;12;2
6;97;123;26;1.74472730001435;2;45.0;33;Houborg et al. (2023);Experiment 1;Orientation;1;18;45.0;27.0;87.0;73.0;13;2
6;160;130;-30;2.32832580013201;2;-63.0;34;Houborg et al. (2023);Experiment 1;Orientation;1;18;-63.0;-18.0;-36.0;24.0;14;2
6;162;160;-2;1.84545180015266;2;-2.0;35;Houborg et al. (2023);Experiment 1;Orientation;1;18;-2.0;-65.0;-20.0;-38.0;15;2
6;113;118;5;1.86128320032731;2;49.0;36;Houborg et al. (2023);Experiment 1;Orientation;1;18;49.0;47.0;-16.0;29.0;16;2
6;25;37;12;1.97830249974504;2;88.0;37;Houborg et al. (2023);Experiment 1;Orientation;1;18;88.0;-43.0;-45.0;72.0;17;2
6;40;41;1;1.06077879993245;2;-15.0;38;Houborg et al. (2023);Experiment 1;Orientation;1;18;-15.0;73.0;-58.0;-60.0;18;2
6;33;40;7;1.22777719981968;2;7.0;39;Houborg et al. (2023);Experiment 1;Orientation;1;18;7.0;-8.0;80.0;-51.0;19;2
6;8;42;34;0.59379730001092;2;25.0;40;Houborg et al. (2023);Experiment 1;Orientation;1;18;25.0;32.0;17.0;-75.0;20;2
6;20;23;3;1.27756710024551;3;-12.0;41;Houborg et al. (2023);Experiment 1;Orientation;1;18;;;;;1;3
6;111;113;2;1.11079040030017;3;89.0;42;Houborg et al. (2023);Experiment 1;Orientation;1;18;;;;;2;3
6;170;142;-28;2.02839510003105;3;-59.0;43;Houborg et al. (2023);Experiment 1;Orientation;1;18;;;;;3;3
6;64;71;7;1.46126440027729;3;-74.0;44;Houborg et al. (2023);Experiment 1;Orientation;1;18;;;;;4;3
6;74;60;-14;1.0274168998003;3;-10.0;45;Houborg et al. (2023);Experiment 1;Orientation;1;18;-10.0;-84.0;37.0;-54.0;5;3
6;178;5;7;3.52939040027559;3;76.0;46;Houborg et al. (2023);Experiment 1;Orientation;1;18;76.0;66.0;-8.0;-67.0;6;3
6;171;158;-13;1.31085210014135;3;7.0;47;Houborg et al. (2023);Experiment 1;Orientation;1;18;7.0;83.0;73.0;-1.0;7;3
6;122;155;33;1.24420139985159;3;49.0;48;Houborg et al. (2023);Experiment 1;Orientation;1;18;49.0;56.0;-48.0;-58.0;8;3
6;178;1;3;1.81123350001872;3;-56.0;49;Houborg et al. (2023);Experiment 1;Orientation;1;18;-56.0;-7.0;0.0;76.0;9;3
6;139;135;-4;0.893996200058609;3;39.0;50;Houborg et al. (2023);Experiment 1;Orientation;1;18;39.0;-17.0;32.0;39.0;10;3
6;61;57;-4;3.02887900033966;3;78.0;51;Houborg et al. (2023);Experiment 1;Orientation;1;18;78.0;-63.0;61.0;-70.0;11;3
6;120;131;11;1.07755139982328;3;-59.0;52;Houborg et al. (2023);Experiment 1;Orientation;1;18;-59.0;19.0;58.0;2.0;12;3
6;44;61;17;1.06074979994446;3;76.0;53;Houborg et al. (2023);Experiment 1;Orientation;1;18;76.0;17.0;-85.0;-46.0;13;3
6;54;51;-3;0.57725050020963;3;-10.0;54;Houborg et al. (2023);Experiment 1;Orientation;1;18;-10.0;66.0;7.0;85.0;14;3
6;123;130;7;1.56126810004935;3;-69.0;55;Houborg et al. (2023);Experiment 1;Orientation;1;18;-69.0;-79.0;-3.0;-62.0;15;3
6;96;109;13;1.49437709990889;3;27.0;56;Houborg et al. (2023);Experiment 1;Orientation;1;18;27.0;-42.0;-52.0;24.0;16;3
6;75;51;-24;1.19432639982551;3;21.0;57;Houborg et al. (2023);Experiment 1;Orientation;1;18;21.0;48.0;-21.0;-31.0;17;3
6;109;109;0;1.26091200020164;3;-34.0;58;Houborg et al. (2023);Experiment 1;Orientation;1;18;-34.0;-13.0;14.0;-55.0;18;3
6;136;139;3;1.49451829958707;3;-27.0;59;Houborg et al. (2023);Experiment 1;Orientation;1;18;-27.0;-61.0;-40.0;-13.0;19;3
6;106;122;16;2.52874119998887;3;30.0;60;Houborg et al. (2023);Experiment 1;Orientation;1;18;30.0;3.0;-31.0;-10.0;20;3
6;100;131;31;1.37772070011124;4;6.0;61;Houborg et al. (2023);Experiment 1;Orientation;1;18;;;;;1;4
6;106;126;20;1.71116829989478;4;-6.0;62;Houborg et al. (2023);Experiment 1;Orientation;1;18;;;;;2;4
6;93;113;20;1.49444200005382;4;13.0;63;Houborg et al. (2023);Experiment 1;Orientation;1;18;;;;;3;4
6;15;34;19;0.76073809992522;4;78.0;64;Houborg et al. (2023);Experiment 1;Orientation;1;18;;;;;4;4
6;130;141;11;1.32829690026119;4;65.0;65;Houborg et al. (2023);Experiment 1;Orientation;1;18;65.0;-37.0;-24.0;-30.0;5;4
6;180;174;-6;1.94514730013907;4;-50.0;66;Houborg et al. (2023);Experiment 1;Orientation;1;18;-50.0;15.0;-87.0;-74.0;6;4
6;64;68;4;1.29439780022949;4;-64.0;67;Houborg et al. (2023);Experiment 1;Orientation;1;18;-64.0;66.0;-49.0;29.0;7;4
6;175;150;-25;3.76273389998823;4;69.0;68;Houborg et al. (2023);Experiment 1;Orientation;1;18;69.0;5.0;-45.0;20.0;8;4
6;63;60;-3;2.64544370025396;4;-68.0;69;Houborg et al. (2023);Experiment 1;Orientation;1;18;-68.0;1.0;-63.0;67.0;9;4
6;160;152;-8;2.97879990004003;4;83.0;70;Houborg et al. (2023);Experiment 1;Orientation;1;18;83.0;15.0;84.0;20.0;10;4
6;82;72;-10;1.34453139966354;4;78.0;71;Houborg et al. (2023);Experiment 1;Orientation;1;18;78.0;-19.0;-87.0;-18.0;11;4
6;75;78;3;1.87822550022975;4;7.0;72;Houborg et al. (2023);Experiment 1;Orientation;1;18;7.0;85.0;-12.0;-80.0;12;4
6;40;49;9;1.44446279993281;4;35.0;73;Houborg et al. (2023);Experiment 1;Orientation;1;18;35.0;42.0;-60.0;23.0;13;4
6;23;34;11;1.29431280028075;4;17.0;74;Houborg et al. (2023);Experiment 1;Orientation;1;18;17.0;52.0;59.0;-43.0;14;4
6;56;57;1;1.59434289997444;4;-33.0;75;Houborg et al. (2023);Experiment 1;Orientation;1;18;-33.0;-16.0;19.0;26.0;15;4
6;131;111;-20;0.793649800121784;4;-75.0;76;Houborg et al. (2023);Experiment 1;Orientation;1;18;-75.0;72.0;89.0;-56.0;16;4
6;141;128;-13;1.32748779980466;4;-10.0;77;Houborg et al. (2023);Experiment 1;Orientation;1;18;-10.0;-85.0;62.0;79.0;17;4
6;125;129;4;1.42776300013065;4;16.0;78;Houborg et al. (2023);Experiment 1;Orientation;1;18;16.0;6.0;-69.0;78.0;18;4
6;2;2;0;1.64437239989638;4;-57.0;79;Houborg et al. (2023);Experiment 1;Orientation;1;18;-57.0;-41.0;-51.0;54.0;19;4
6;152;150;-2;2.1616660002619;4;30.0;80;Houborg et al. (2023);Experiment 1;Orientation;1;18;30.0;-27.0;-11.0;-21.0;20;4
6;167;162;-5;1.62765690032393;5;-15.0;81;Houborg et al. (2023);Experiment 1;Orientation;1;18;;;;;1;5
6;139;141;2;1.21095369989052;5;28.0;82;Houborg et al. (2023);Experiment 1;Orientation;1;18;;;;;2;5
6;8;31;23;1.27761809993535;5;-49.0;83;Houborg et al. (2023);Experiment 1;Orientation;1;18;;;;;3;5
6;69;60;-9;1.07763169985265;5;-61.0;84;Houborg et al. (2023);Experiment 1;Orientation;1;18;;;;;4;5
6;127;132;5;0.977082400117069;5;-58.0;85;Houborg et al. (2023);Experiment 1;Orientation;1;18;-58.0;61.0;12.0;40.0;5;5
6;132;157;25;2.14550520014018;5;-5.0;86;Houborg et al. (2023);Experiment 1;Orientation;1;18;-5.0;-63.0;56.0;7.0;6;5
6;41;50;9;0.777056499850005;5;-89.0;87;Houborg et al. (2023);Experiment 1;Orientation;1;18;-89.0;86.0;28.0;-33.0;7;5
6;49;55;6;2.97898579994217;5;-8.0;88;Houborg et al. (2023);Experiment 1;Orientation;1;18;-8.0;83.0;78.0;20.0;8;5
6;122;139;17;1.34434020007029;5;-73.0;89;Houborg et al. (2023);Experiment 1;Orientation;1;18;-73.0;-81.0;10.0;5.0;9;5
6;86;89;3;1.02732069976628;5;36.0;90;Houborg et al. (2023);Experiment 1;Orientation;1;18;36.0;-37.0;-45.0;46.0;10;5
6;113;127;14;2.36190110025927;5;-27.0;91;Houborg et al. (2023);Experiment 1;Orientation;1;18;-27.0;9.0;-64.0;-72.0;11;5
6;43;54;11;1.32743169972673;5;70.0;92;Houborg et al. (2023);Experiment 1;Orientation;1;18;70.0;43.0;79.0;6.0;12;5
6;32;56;24;1.344205299858;5;11.0;93;Houborg et al. (2023);Experiment 1;Orientation;1;18;11.0;81.0;54.0;90.0;13;5
6;150;147;-3;0.944535800255835;5;62.0;94;Houborg et al. (2023);Experiment 1;Orientation;1;18;62.0;73.0;-37.0;-64.0;14;5
6;139;143;4;1.14413079991937;5;11.0;95;Houborg et al. (2023);Experiment 1;Orientation;1;18;11.0;73.0;84.0;-26.0;15;5
6;169;152;-17;1.52810889994726;5;-30.0;96;Houborg et al. (2023);Experiment 1;Orientation;1;18;-30.0;-19.0;43.0;54.0;16;5
6;20;36;16;1.57774839969352;5;-31.0;97;Houborg et al. (2023);Experiment 1;Orientation;1;18;-31.0;-61.0;-50.0;12.0;17;5
6;33;46;13;1.0274760001339;5;-13.0;98;Houborg et al. (2023);Experiment 1;Orientation;1;18;-13.0;-44.0;-74.0;-63.0;18;5
6;18;15;-3;1.49440450035036;5;15.0;99;Houborg et al. (2023);Experiment 1;Orientation;1;18;15.0;2.0;-29.0;-59.0;19;5
6;89;113;24;1.7779676001519;5;-71.0;100;Houborg et al. (2023);Experiment 1;Orientation;1;18;-71.0;-56.0;-69.0;80.0;20;5
6;35;41;6;0.87721490021795;6;54.0;101;Houborg et al. (2023);Experiment 1;Orientation;1;18;;;;;1;6
6;162;164;2;1.52780920034274;6;53.0;102;Houborg et al. (2023);Experiment 1;Orientation;1;18;;;;;2;6
6;18;31;13;1.69454469997436;6;-36.0;103;Houborg et al. (2023);Experiment 1;Orientation;1;18;;;;;3;6
6;8;18;10;1.02726019965485;6;10.0;104;Houborg et al. (2023);Experiment 1;Orientation;1;18;;;;;4;6
6;101;114;13;1.04389339964837;6;87.0;105;Houborg et al. (2023);Experiment 1;Orientation;1;18;87.0;-83.0;61.0;-66.0;5;6
6;140;123;-17;1.79508920013905;6;-39.0;106;Houborg et al. (2023);Experiment 1;Orientation;1;18;-39.0;48.0;58.0;22.0;6;6
6;57;65;8;0.927292500156909;6;83.0;107;Houborg et al. (2023);Experiment 1;Orientation;1;18;83.0;44.0;-49.0;-39.0;7;6
6;33;51;18;2.06173959979787;6;24.0;108;Houborg et al. (2023);Experiment 1;Orientation;1;18;24.0;-73.0;68.0;-25.0;8;6
6;62;71;9;1.74481760011986;6;-29.0;109;Houborg et al. (2023);Experiment 1;Orientation;1;18;-29.0;-5.0;78.0;39.0;9;6
6;38;73;35;1.26093650003895;6;24.0;110;Houborg et al. (2023);Experiment 1;Orientation;1;18;24.0;-5.0;19.0;-78.0;10;6
6;92;89;-3;1.56122339982539;6;-54.0;111;Houborg et al. (2023);Experiment 1;Orientation;1;18;-54.0;-30.0;-59.0;-35.0;11;6
6;164;152;-12;1.46066990029067;6;-72.0;112;Houborg et al. (2023);Experiment 1;Orientation;1;18;-72.0;54.0;78.0;49.0;12;6
6;114;115;1;1.29412649990991;6;50.0;113;Houborg et al. (2023);Experiment 1;Orientation;1;18;50.0;-22.0;-76.0;-52.0;13;6
6;19;5;-14;1.36067389976233;6;-85.0;114;Houborg et al. (2023);Experiment 1;Orientation;1;18;-85.0;-35.0;73.0;19.0;14;6
6;71;65;-6;0.943881699815392;6;-52.0;115;Houborg et al. (2023);Experiment 1;Orientation;1;18;-52.0;43.0;-87.0;21.0;15;6
6;10;174;-16;1.17749009979889;6;61.0;116;Houborg et al. (2023);Experiment 1;Orientation;1;18;61.0;9.0;-76.0;-26.0;16;6
6;91;91;0;1.2775317998603;6;-81.0;117;Houborg et al. (2023);Experiment 1;Orientation;1;18;-81.0;-20.0;-72.0;23.0;17;6
6;78;65;-13;1.37793220020831;6;13.0;118;Houborg et al. (2023);Experiment 1;Orientation;1;18;13.0;-68.0;-7.0;-59.0;18;6
6;180;175;-5;1.7947656000033;6;78.0;119;Houborg et al. (2023);Experiment 1;Orientation;1;18;78.0;-89.0;10.0;71.0;19;6
6;147;140;-7;1.16076879994944;6;33.0;120;Houborg et al. (2023);Experiment 1;Orientation;1;18;33.0;-69.0;-56.0;43.0;20;6
6;88;80;-8;2.61206609988585;7;59.0;121;Houborg et al. (2023);Experiment 1;Orientation;1;18;;;;;1;7
6;162;148;-14;1.74471889995039;7;-74.0;122;Houborg et al. (2023);Experiment 1;Orientation;1;18;;;;;2;7
6;25;48;23;0.927312500309199;7;-43.0;123;Houborg et al. (2023);Experiment 1;Orientation;1;18;;;;;3;7
6;71;67;-4;1.57781659998;7;-46.0;124;Houborg et al. (2023);Experiment 1;Orientation;1;18;;;;;4;7
6;167;161;-6;1.62802249984816;7;84.0;125;Houborg et al. (2023);Experiment 1;Orientation;1;18;84.0;38.0;-5.0;-79.0;5;7
6;166;156;-10;1.86124230036512;7;1.0;126;Houborg et al. (2023);Experiment 1;Orientation;1;18;1.0;85.0;39.0;-4.0;6;7
6;129;153;24;1.66123599978164;7;37.0;127;Houborg et al. (2023);Experiment 1;Orientation;1;18;37.0;38.0;-58.0;76.0;7;7
6;112;127;15;1.32764830021188;7;17.0;128;Houborg et al. (2023);Experiment 1;Orientation;1;18;17.0;54.0;55.0;-41.0;8;7
6;62;59;-3;1.59372949972749;7;50.0;129;Houborg et al. (2023);Experiment 1;Orientation;1;18;50.0;67.0;-76.0;-75.0;9;7
6;169;11;22;1.72791159991175;7;73.0;130;Houborg et al. (2023);Experiment 1;Orientation;1;18;73.0;-57.0;-40.0;-3.0;10;7
6;23;20;-3;2.06165050016716;7;-34.0;131;Houborg et al. (2023);Experiment 1;Orientation;1;18;-34.0;39.0;89.0;-74.0;11;7
6;132;139;7;1.61124969972298;7;71.0;132;Houborg et al. (2023);Experiment 1;Orientation;1;18;71.0;37.0;-70.0;-20.0;12;7
6;117;133;16;3.2958347001113;7;15.0;133;Houborg et al. (2023);Experiment 1;Orientation;1;18;15.0;86.0;52.0;-55.0;13;7
6;150;137;-13;2.34528539981693;7;-33.0;134;Houborg et al. (2023);Experiment 1;Orientation;1;18;-33.0;-18.0;53.0;19.0;14;7
6;72;68;-4;3.02914310013875;7;78.0;135;Houborg et al. (2023);Experiment 1;Orientation;1;18;78.0;45.0;60.0;-49.0;15;7
6;135;135;0;1.91161289997399;7;-63.0;136;Houborg et al. (2023);Experiment 1;Orientation;1;18;-63.0;15.0;-18.0;-3.0;16;7
6;151;124;-27;2.97892290027812;7;-16.0;137;Houborg et al. (2023);Experiment 1;Orientation;1;18;-16.0;-79.0;-1.0;-34.0;17;7
6;59;55;-4;1.41113100014627;7;-88.0;138;Houborg et al. (2023);Experiment 1;Orientation;1;18;-88.0;76.0;13.0;-89.0;18;7
6;100;97;-3;1.47774289967492;7;-41.0;139;Houborg et al. (2023);Experiment 1;Orientation;1;18;-41.0;51.0;35.0;-28.0;19;7
6;177;173;-4;1.41115589998662;7;-77.0;140;Houborg et al. (2023);Experiment 1;Orientation;1;18;-77.0;62.0;-26.0;-42.0;20;7
6;99;122;23;1.07719830004498;8;78.0;141;Houborg et al. (2023);Experiment 1;Orientation;1;18;;;;;1;8
6;60;39;-21;1.1775438003242;8;39.0;142;Houborg et al. (2023);Experiment 1;Orientation;1;18;;;;;2;8
6;112;133;21;1.17808210011572;8;-52.0;143;Houborg et al. (2023);Experiment 1;Orientation;1;18;;;;;3;8
6;65;80;15;1.07761070039123;8;47.0;144;Houborg et al. (2023);Experiment 1;Orientation;1;18;;;;;4;8
6;137;131;-6;1.11060030013323;8;-72.0;145;Houborg et al. (2023);Experiment 1;Orientation;1;18;-72.0;-25.0;-77.0;-38.0;5;8
6;75;74;-1;1.31095740012825;8;62.0;146;Houborg et al. (2023);Experiment 1;Orientation;1;18;62.0;-10.0;37.0;-15.0;6;8
6;89;75;-14;1.31081960024312;8;-14.0;147;Houborg et al. (2023);Experiment 1;Orientation;1;18;-14.0;48.0;-24.0;23.0;7;8
6;126;114;-12;2.195011400152;8;-37.0;148;Houborg et al. (2023);Experiment 1;Orientation;1;18;-37.0;-51.0;11.0;-61.0;8;8
6;176;1;5;0.827366400044411;8;-50.0;149;Houborg et al. (2023);Experiment 1;Orientation;1;18;-50.0;-87.0;79.0;-39.0;9;8
6;59;55;-4;1.36084119975567;8;-63.0;150;Houborg et al. (2023);Experiment 1;Orientation;1;18;-63.0;67.0;30.0;16.0;10;8
6;151;129;-22;1.52775259967893;8;88.0;151;Houborg et al. (2023);Experiment 1;Orientation;1;18;88.0;25.0;-25.0;-62.0;11;8
6;134;153;19;1.41095629986376;8;17.0;152;Houborg et al. (2023);Experiment 1;Orientation;1;18;17.0;-75.0;42.0;-8.0;12;8
6;172;151;-21;2.37845329986885;8;-38.0;153;Houborg et al. (2023);Experiment 1;Orientation;1;18;-38.0;-21.0;67.0;4.0;13;8
6;6;8;2;1.74458590010181;8;-14.0;154;Houborg et al. (2023);Experiment 1;Orientation;1;18;-14.0;-52.0;-35.0;53.0;14;8
6;65;57;-8;1.3441557995975;8;-59.0;155;Houborg et al. (2023);Experiment 1;Orientation;1;18;-59.0;-73.0;69.0;86.0;15;8
6;120;144;24;1.69416749989614;8;-55.0;156;Houborg et al. (2023);Experiment 1;Orientation;1;18;-55.0;66.0;52.0;14.0;16;8
6;51;46;-5;1.22746639978141;8;69.0;157;Houborg et al. (2023);Experiment 1;Orientation;1;18;69.0;14.0;-45.0;-59.0;17;8
6;42;34;-8;1.42788610002026;8;9.0;158;Houborg et al. (2023);Experiment 1;Orientation;1;18;9.0;78.0;23.0;-36.0;18;8
6;129;132;3;1.31103379977867;8;-87.0;159;Houborg et al. (2023);Experiment 1;Orientation;1;18;-87.0;-78.0;-9.0;-64.0;19;8
6;113;126;13;1.64457860030234;8;16.0;160;Houborg et al. (2023);Experiment 1;Orientation;1;18;16.0;-71.0;-62.0;7.0;20;8
6;107;119;12;1.57796060014516;9;6.0;161;Houborg et al. (2023);Experiment 1;Orientation;1;18;;;;;1;9
6;119;125;6;1.67789519997314;9;-12.0;162;Houborg et al. (2023);Experiment 1;Orientation;1;18;;;;;2;9
6;9;41;32;1.09404919994995;9;-70.0;163;Houborg et al. (2023);Experiment 1;Orientation;1;18;;;;;3;9
6;63;52;-11;0.927343599963933;9;-54.0;164;Houborg et al. (2023);Experiment 1;Orientation;1;18;;;;;4;9
6;82;66;-16;1.74473579972982;9;-19.0;165;Houborg et al. (2023);Experiment 1;Orientation;1;18;-19.0;-73.0;37.0;25.0;5;9
6;44;57;13;1.27760470006615;9;38.0;166;Houborg et al. (2023);Experiment 1;Orientation;1;18;38.0;19.0;-35.0;75.0;6;9
6;129;138;9;2.21181740006432;9;-85.0;167;Houborg et al. (2023);Experiment 1;Orientation;1;18;-85.0;-47.0;-66.0;60.0;7;9
6;155;137;-18;1.49449049960822;9;-26.0;168;Houborg et al. (2023);Experiment 1;Orientation;1;18;-26.0;69.0;-73.0;88.0;8;9
6;51;51;0;1.77796529978514;9;-76.0;169;Houborg et al. (2023);Experiment 1;Orientation;1;18;-76.0;78.0;-7.0;31.0;9;9
6;132;131;-1;1.51121719973162;9;-81.0;170;Houborg et al. (2023);Experiment 1;Orientation;1;18;-81.0;23.0;-3.0;-88.0;10;9
6;25;16;-9;1.27734849974513;9;-73.0;171;Houborg et al. (2023);Experiment 1;Orientation;1;18;-73.0;26.0;-50.0;-76.0;11;9
6;151;148;-3;1.99482499994338;9;54.0;172;Houborg et al. (2023);Experiment 1;Orientation;1;18;54.0;-19.0;80.0;4.0;12;9
6;25;25;0;1.61132310004905;9;-54.0;173;Houborg et al. (2023);Experiment 1;Orientation;1;18;-54.0;0.0;-73.0;26.0;13;9
6;106;113;7;1.21074669994414;9;-81.0;174;Houborg et al. (2023);Experiment 1;Orientation;1;18;-81.0;45.0;-81.0;26.0;14;9
6;66;60;-6;1.84488329989836;9;40.0;175;Houborg et al. (2023);Experiment 1;Orientation;1;18;40.0;-41.0;85.0;-41.0;15;9
6;146;150;4;1.14476669998839;9;-80.0;176;Houborg et al. (2023);Experiment 1;Orientation;1;18;-80.0;-40.0;59.0;5.0;16;9
6;91;108;17;2.49523299979046;9;55.0;177;Houborg et al. (2023);Experiment 1;Orientation;1;18;55.0;-25.0;15.0;-66.0;17;9
6;89;95;6;1.31102999998257;9;2.0;178;Houborg et al. (2023);Experiment 1;Orientation;1;18;2.0;57.0;-23.0;17.0;18;9
6;158;149;-9;1.47766959993169;9;-69.0;179;Houborg et al. (2023);Experiment 1;Orientation;1;18;-69.0;-67.0;-12.0;88.0;19;9
6;64;67;3;1.02751210005954;9;-86.0;180;Houborg et al. (2023);Experiment 1;Orientation;1;18;-86.0;25.0;27.0;82.0;20;9
6;81;92;11;1.4945422001183;10;-17.0;181;Houborg et al. (2023);Experiment 1;Orientation;1;18;;;;;1;10
6;174;145;-29;1.54434599960223;10;87.0;182;Houborg et al. (2023);Experiment 1;Orientation;1;18;;;;;2;10
6;8;12;4;2.0282206996344;10;-14.0;183;Houborg et al. (2023);Experiment 1;Orientation;1;18;;;;;3;10
6;176;163;-13;1.31107659963891;10;12.0;184;Houborg et al. (2023);Experiment 1;Orientation;1;18;;;;;4;10
6;35;41;6;1.0775644001551;10;-39.0;185;Houborg et al. (2023);Experiment 1;Orientation;1;18;-39.0;-27.0;-41.0;46.0;5;10
6;121;120;-1;1.17757639987394;10;-86.0;186;Houborg et al. (2023);Experiment 1;Orientation;1;18;-86.0;55.0;67.0;53.0;6;10
6;106;114;8;0.843773999717087;10;15.0;187;Houborg et al. (2023);Experiment 1;Orientation;1;18;15.0;-71.0;70.0;82.0;7;10
6;122;128;6;1.64466929994524;10;-16.0;188;Houborg et al. (2023);Experiment 1;Orientation;1;18;-16.0;-1.0;-87.0;54.0;8;10
6;65;65;0;2.31166120013222;10;57.0;189;Houborg et al. (2023);Experiment 1;Orientation;1;18;57.0;41.0;56.0;-30.0;9;10
6;112;132;20;1.32754819979891;10;-47.0;190;Houborg et al. (2023);Experiment 1;Orientation;1;18;-47.0;10.0;-6.0;9.0;10;10
6;147;139;-8;1.47773759998381;10;-35.0;191;Houborg et al. (2023);Experiment 1;Orientation;1;18;-35.0;-82.0;-25.0;-41.0;11;10
6;4;40;36;3.26263049989939;10;-37.0;192;Houborg et al. (2023);Experiment 1;Orientation;1;18;-37.0;-72.0;61.0;-62.0;12;10
6;16;39;23;1.11073289997876;10;-12.0;193;Houborg et al. (2023);Experiment 1;Orientation;1;18;-12.0;-49.0;-84.0;49.0;13;10
6;176;159;-17;1.59468090021983;10;20.0;194;Houborg et al. (2023);Experiment 1;Orientation;1;18;20.0;8.0;-29.0;-64.0;14;10
6;118;137;19;1.54476210009307;10;58.0;195;Houborg et al. (2023);Experiment 1;Orientation;1;18;58.0;78.0;66.0;29.0;15;10
6;42;54;12;1.3942527002655;10;76.0;196;Houborg et al. (2023);Experiment 1;Orientation;1;18;76.0;-46.0;-26.0;-38.0;16;10
6;73;59;-14;1.37747659999877;10;-31.0;197;Houborg et al. (2023);Experiment 1;Orientation;1;18;-31.0;45.0;-77.0;-57.0;17;10
6;22;161;-41;2.14493500022218;10;51.0;198;Houborg et al. (2023);Experiment 1;Orientation;1;18;51.0;20.0;-84.0;-26.0;18;10
6;49;47;-2;2.31181479990482;10;-27.0;199;Houborg et al. (2023);Experiment 1;Orientation;1;18;-27.0;24.0;-7.0;69.0;19;10
6;47;42;-5;1.79412219999358;10;2.0;200;Houborg et al. (2023);Experiment 1;Orientation;1;18;2.0;-25.0;26.0;-5.0;20;10
9;33;15;-18;3.61301490012556;1;;1;Houborg et al. (2023);Experiment 1;Orientation;1;18;;;;;1;1
9;9;35;26;7.93367499997839;1;24.0;2;Houborg et al. (2023);Experiment 1;Orientation;1;18;;;;;2;1
9;131;66;-65;2.51202580006793;1;58.0;3;Houborg et al. (2023);Experiment 1;Orientation;1;18;;;;;3;1
9;63;47;-16;2.7459021997638;1;68.0;4;Houborg et al. (2023);Experiment 1;Orientation;1;18;;;;;4;1
9;119;133;14;2.46210130024701;1;-56.0;5;Houborg et al. (2023);Experiment 1;Orientation;1;18;-56.0;12.0;70.0;-86.0;5;1
9;70;54;-16;1.51119290012866;1;49.0;6;Houborg et al. (2023);Experiment 1;Orientation;1;18;49.0;-7.0;61.0;-61.0;6;1
9;113;117;4;1.24444549996406;1;-43.0;7;Houborg et al. (2023);Experiment 1;Orientation;1;18;-43.0;6.0;-50.0;18.0;7;1
9;4;13;9;1.11085559986532;1;-71.0;8;Houborg et al. (2023);Experiment 1;Orientation;1;18;-71.0;66.0;-65.0;59.0;8;1
9;164;158;-6;1.79478270001709;1;20.0;9;Houborg et al. (2023);Experiment 1;Orientation;1;18;20.0;-51.0;86.0;-45.0;9;1
9;145;145;0;1.82827580021694;1;19.0;10;Houborg et al. (2023);Experiment 1;Orientation;1;18;19.0;39.0;-32.0;-75.0;10;1
9;135;112;-23;3.39625059999526;1;10.0;11;Houborg et al. (2023);Experiment 1;Orientation;1;18;10.0;29.0;49.0;-22.0;11;1
9;147;150;3;1.79499430023134;1;-12.0;12;Houborg et al. (2023);Experiment 1;Orientation;1;18;-12.0;-2.0;17.0;37.0;12;1
9;69;67;-2;1.59449600009248;1;78.0;13;Houborg et al. (2023);Experiment 1;Orientation;1;18;78.0;66.0;76.0;-85.0;13;1
9;112;115;3;1.51115520019084;1;-43.0;14;Houborg et al. (2023);Experiment 1;Orientation;1;18;-43.0;35.0;23.0;33.0;14;1
9;104;106;2;1.34441050002351;1;8.0;15;Houborg et al. (2023);Experiment 1;Orientation;1;18;8.0;-35.0;43.0;31.0;15;1
9;96;110;14;1.51106680044904;1;8.0;16;Houborg et al. (2023);Experiment 1;Orientation;1;18;8.0;16.0;-27.0;51.0;16;1
9;50;61;11;4.13025580020621;1;46.0;17;Houborg et al. (2023);Experiment 1;Orientation;1;18;46.0;54.0;62.0;19.0;17;1
9;45;52;7;1.16091079963371;1;5.0;18;Houborg et al. (2023);Experiment 1;Orientation;1;18;5.0;51.0;59.0;67.0;18;1
9;82;75;-7;1.56110939988866;1;-37.0;19;Houborg et al. (2023);Experiment 1;Orientation;1;18;-37.0;-32.0;14.0;22.0;19;1
9;41;47;6;1.84480890026316;1;41.0;20;Houborg et al. (2023);Experiment 1;Orientation;1;18;41.0;4.0;9.0;55.0;20;1
9;145;124;-21;0.910672200378031;2;76.0;21;Houborg et al. (2023);Experiment 1;Orientation;1;18;;;;;1;2
9;178;39;41;1.87828240031376;2;-33.0;22;Houborg et al. (2023);Experiment 1;Orientation;1;18;;;;;2;2
9;6;18;12;0.744003700092435;2;-8.0;23;Houborg et al. (2023);Experiment 1;Orientation;1;18;;;;;3;2
9;97;107;10;1.29433229984716;2;89.0;24;Houborg et al. (2023);Experiment 1;Orientation;1;18;;;;;4;2
9;16;25;9;1.32775479974225;2;81.0;25;Houborg et al. (2023);Experiment 1;Orientation;1;18;81.0;-10.0;-18.0;-51.0;5;2
9;145;133;-12;2.04496679967269;2;51.0;26;Houborg et al. (2023);Experiment 1;Orientation;1;18;51.0;-48.0;41.0;33.0;6;2
9;179;8;9;1.61119990004227;2;-34.0;27;Houborg et al. (2023);Experiment 1;Orientation;1;18;-34.0;17.0;-82.0;7.0;7;2
9;13;25;12;1.09440830023959;2;-14.0;28;Houborg et al. (2023);Experiment 1;Orientation;1;18;-14.0;-48.0;3.0;84.0;8;2
9;170;150;-20;1.29442940000445;2;23.0;29;Houborg et al. (2023);Experiment 1;Orientation;1;18;23.0;9.0;-25.0;26.0;9;2
9;4;27;23;3.74643420008942;2;-14.0;30;Houborg et al. (2023);Experiment 1;Orientation;1;18;-14.0;9.0;-5.0;-39.0;10;2
9;124;132;8;1.67808560002595;2;60.0;31;Houborg et al. (2023);Experiment 1;Orientation;1;18;60.0;46.0;69.0;55.0;11;2
9;142;127;-15;1.24424699973315;2;-18.0;32;Houborg et al. (2023);Experiment 1;Orientation;1;18;-18.0;42.0;28.0;51.0;12;2
9;97;112;15;1.5445967996493;2;45.0;33;Houborg et al. (2023);Experiment 1;Orientation;1;18;45.0;27.0;87.0;73.0;13;2
9;160;142;-18;0.877355499658734;2;-63.0;34;Houborg et al. (2023);Experiment 1;Orientation;1;18;-63.0;-18.0;-36.0;24.0;14;2
9;162;149;-13;1.17774579999968;2;-2.0;35;Houborg et al. (2023);Experiment 1;Orientation;1;18;-2.0;-65.0;-20.0;-38.0;15;2
9;113;117;4;0.943983000237495;2;49.0;36;Houborg et al. (2023);Experiment 1;Orientation;1;18;49.0;47.0;-16.0;29.0;16;2
9;25;38;13;0.927419200073928;2;88.0;37;Houborg et al. (2023);Experiment 1;Orientation;1;18;88.0;-43.0;-45.0;72.0;17;2
9;40;39;-1;1.02767950017005;2;-15.0;38;Houborg et al. (2023);Experiment 1;Orientation;1;18;-15.0;73.0;-58.0;-60.0;18;2
9;33;127;-86;5.34778220020235;2;7.0;39;Houborg et al. (2023);Experiment 1;Orientation;1;18;7.0;-8.0;80.0;-51.0;19;2
9;8;28;20;1.67807469982654;2;25.0;40;Houborg et al. (2023);Experiment 1;Orientation;1;18;25.0;32.0;17.0;-75.0;20;2
9;20;28;8;1.06084190029651;3;-12.0;41;Houborg et al. (2023);Experiment 1;Orientation;1;18;;;;;1;3
9;111;115;4;1.81147579988465;3;89.0;42;Houborg et al. (2023);Experiment 1;Orientation;1;18;;;;;2;3
9;170;133;-37;1.87807430000976;3;-59.0;43;Houborg et al. (2023);Experiment 1;Orientation;1;18;;;;;3;3
9;64;49;-15;1.21100299991667;3;-74.0;44;Houborg et al. (2023);Experiment 1;Orientation;1;18;;;;;4;3
9;74;53;-21;0.927216399926692;3;-10.0;45;Houborg et al. (2023);Experiment 1;Orientation;1;18;-10.0;-84.0;37.0;-54.0;5;3
9;178;79;81;1.69491620035842;3;76.0;46;Houborg et al. (2023);Experiment 1;Orientation;1;18;76.0;66.0;-8.0;-67.0;6;3
9;171;146;-25;1.36125660035759;3;7.0;47;Houborg et al. (2023);Experiment 1;Orientation;1;18;7.0;83.0;73.0;-1.0;7;3
9;122;126;4;1.31103749992326;3;49.0;48;Houborg et al. (2023);Experiment 1;Orientation;1;18;49.0;56.0;-48.0;-58.0;8;3
9;178;29;31;6.58197480021045;3;-56.0;49;Houborg et al. (2023);Experiment 1;Orientation;1;18;-56.0;-7.0;0.0;76.0;9;3
9;139;144;5;1.61143429996446;3;39.0;50;Houborg et al. (2023);Experiment 1;Orientation;1;18;39.0;-17.0;32.0;39.0;10;3
9;61;44;-17;3.36283959960565;3;78.0;51;Houborg et al. (2023);Experiment 1;Orientation;1;18;78.0;-63.0;61.0;-70.0;11;3
9;120;130;10;1.49454629980028;3;-59.0;52;Houborg et al. (2023);Experiment 1;Orientation;1;18;-59.0;19.0;58.0;2.0;12;3
9;44;41;-3;1.56139730010182;3;76.0;53;Houborg et al. (2023);Experiment 1;Orientation;1;18;76.0;17.0;-85.0;-46.0;13;3
9;54;118;64;2.39594019996002;3;-10.0;54;Houborg et al. (2023);Experiment 1;Orientation;1;18;-10.0;66.0;7.0;85.0;14;3
9;123;124;1;1.59486259985715;3;-69.0;55;Houborg et al. (2023);Experiment 1;Orientation;1;18;-69.0;-79.0;-3.0;-62.0;15;3
9;96;111;15;3.36283190036193;3;27.0;56;Houborg et al. (2023);Experiment 1;Orientation;1;18;27.0;-42.0;-52.0;24.0;16;3
9;75;106;31;4.01336340000853;3;21.0;57;Houborg et al. (2023);Experiment 1;Orientation;1;18;21.0;48.0;-21.0;-31.0;17;3
9;109;107;-2;1.36132930032909;3;-34.0;58;Houborg et al. (2023);Experiment 1;Orientation;1;18;-34.0;-13.0;14.0;-55.0;18;3
9;136;118;-18;2.41223179968074;3;-27.0;59;Houborg et al. (2023);Experiment 1;Orientation;1;18;-27.0;-61.0;-40.0;-13.0;19;3
9;106;111;5;1.41126090008765;3;30.0;60;Houborg et al. (2023);Experiment 1;Orientation;1;18;30.0;3.0;-31.0;-10.0;20;3
9;100;109;9;4.91425909986719;4;6.0;61;Houborg et al. (2023);Experiment 1;Orientation;1;18;;;;;1;4
9;106;114;8;1.22759760031477;4;-6.0;62;Houborg et al. (2023);Experiment 1;Orientation;1;18;;;;;2;4
9;93;106;13;1.36099789990112;4;13.0;63;Houborg et al. (2023);Experiment 1;Orientation;1;18;;;;;3;4
9;15;34;19;1.01091499999166;4;78.0;64;Houborg et al. (2023);Experiment 1;Orientation;1;18;;;;;4;4
9;130;35;85;5.54779019998387;4;65.0;65;Houborg et al. (2023);Experiment 1;Orientation;1;18;65.0;-37.0;-24.0;-30.0;5;4
9;180;21;21;1.29450070019811;4;-50.0;66;Houborg et al. (2023);Experiment 1;Orientation;1;18;-50.0;15.0;-87.0;-74.0;6;4
9;64;55;-9;1.36111349985003;4;-64.0;67;Houborg et al. (2023);Experiment 1;Orientation;1;18;-64.0;66.0;-49.0;29.0;7;4
9;175;135;-40;1.19422229984775;4;69.0;68;Houborg et al. (2023);Experiment 1;Orientation;1;18;69.0;5.0;-45.0;20.0;8;4
9;63;55;-8;1.64429000020027;4;-68.0;69;Houborg et al. (2023);Experiment 1;Orientation;1;18;-68.0;1.0;-63.0;67.0;9;4
9;160;144;-16;1.46124140033498;4;83.0;70;Houborg et al. (2023);Experiment 1;Orientation;1;18;83.0;15.0;84.0;20.0;10;4
9;82;81;-1;0.961081999819726;4;78.0;71;Houborg et al. (2023);Experiment 1;Orientation;1;18;78.0;-19.0;-87.0;-18.0;11;4
9;75;71;-4;1.21092039998621;4;7.0;72;Houborg et al. (2023);Experiment 1;Orientation;1;18;7.0;85.0;-12.0;-80.0;12;4
9;40;43;3;1.71141779981554;4;35.0;73;Houborg et al. (2023);Experiment 1;Orientation;1;18;35.0;42.0;-60.0;23.0;13;4
9;23;28;5;2.26196689996868;4;17.0;74;Houborg et al. (2023);Experiment 1;Orientation;1;18;17.0;52.0;59.0;-43.0;14;4
9;56;132;76;4.76381490007043;4;-33.0;75;Houborg et al. (2023);Experiment 1;Orientation;1;18;-33.0;-16.0;19.0;26.0;15;4
9;131;131;0;0.994186300318688;4;-75.0;76;Houborg et al. (2023);Experiment 1;Orientation;1;18;-75.0;72.0;89.0;-56.0;16;4
9;141;129;-12;1.71138390013948;4;-10.0;77;Houborg et al. (2023);Experiment 1;Orientation;1;18;-10.0;-85.0;62.0;79.0;17;4
9;125;130;5;1.62825120007619;4;16.0;78;Houborg et al. (2023);Experiment 1;Orientation;1;18;16.0;6.0;-69.0;78.0;18;4
9;2;19;17;1.0942748002708;4;-57.0;79;Houborg et al. (2023);Experiment 1;Orientation;1;18;-57.0;-41.0;-51.0;54.0;19;4
9;152;140;-12;1.56119140004739;4;30.0;80;Houborg et al. (2023);Experiment 1;Orientation;1;18;30.0;-27.0;-11.0;-21.0;20;4
9;167;167;0;1.77794970013201;5;-15.0;81;Houborg et al. (2023);Experiment 1;Orientation;1;18;;;;;1;5
9;139;133;-6;1.14445929974318;5;28.0;82;Houborg et al. (2023);Experiment 1;Orientation;1;18;;;;;2;5
9;8;17;9;1.4279109002091;5;-49.0;83;Houborg et al. (2023);Experiment 1;Orientation;1;18;;;;;3;5
9;69;63;-6;1.09392850007862;5;-61.0;84;Houborg et al. (2023);Experiment 1;Orientation;1;18;;;;;4;5
9;127;137;10;1.29454569984227;5;-58.0;85;Houborg et al. (2023);Experiment 1;Orientation;1;18;-58.0;61.0;12.0;40.0;5;5
9;132;133;1;1.27779079973698;5;-5.0;86;Houborg et al. (2023);Experiment 1;Orientation;1;18;-5.0;-63.0;56.0;7.0;6;5
9;41;39;-2;1.11091519985348;5;-89.0;87;Houborg et al. (2023);Experiment 1;Orientation;1;18;-89.0;86.0;28.0;-33.0;7;5
9;49;42;-7;1.09426279971376;5;-8.0;88;Houborg et al. (2023);Experiment 1;Orientation;1;18;-8.0;83.0;78.0;20.0;8;5
9;122;126;4;2.16193199995905;5;-73.0;89;Houborg et al. (2023);Experiment 1;Orientation;1;18;-73.0;-81.0;10.0;5.0;9;5
9;86;49;-37;1.36107769981027;5;36.0;90;Houborg et al. (2023);Experiment 1;Orientation;1;18;36.0;-37.0;-45.0;46.0;10;5
9;113;120;7;1.91151110036299;5;-27.0;91;Houborg et al. (2023);Experiment 1;Orientation;1;18;-27.0;9.0;-64.0;-72.0;11;5
9;43;49;6;1.07762729981914;5;70.0;92;Houborg et al. (2023);Experiment 1;Orientation;1;18;70.0;43.0;79.0;6.0;12;5
9;32;39;7;0.994247299619019;5;11.0;93;Houborg et al. (2023);Experiment 1;Orientation;1;18;11.0;81.0;54.0;90.0;13;5
9;150;145;-5;1.32788400026038;5;62.0;94;Houborg et al. (2023);Experiment 1;Orientation;1;18;62.0;73.0;-37.0;-64.0;14;5
9;139;139;0;1.19429819984362;5;11.0;95;Houborg et al. (2023);Experiment 1;Orientation;1;18;11.0;73.0;84.0;-26.0;15;5
9;169;150;-19;1.91151610016823;5;-30.0;96;Houborg et al. (2023);Experiment 1;Orientation;1;18;-30.0;-19.0;43.0;54.0;16;5
9;20;33;13;0.91040899977088;5;-31.0;97;Houborg et al. (2023);Experiment 1;Orientation;1;18;-31.0;-61.0;-50.0;12.0;17;5
9;33;31;-2;1.19435470039025;5;-13.0;98;Houborg et al. (2023);Experiment 1;Orientation;1;18;-13.0;-44.0;-74.0;-63.0;18;5
9;18;21;3;1.5444690999575;5;15.0;99;Houborg et al. (2023);Experiment 1;Orientation;1;18;15.0;2.0;-29.0;-59.0;19;5
9;89;110;21;4.29701999993995;5;-71.0;100;Houborg et al. (2023);Experiment 1;Orientation;1;18;-71.0;-56.0;-69.0;80.0;20;5
9;35;27;-8;1.81148520018905;6;54.0;101;Houborg et al. (2023);Experiment 1;Orientation;1;18;;;;;1;6
9;162;149;-13;1.1442661001347;6;53.0;102;Houborg et al. (2023);Experiment 1;Orientation;1;18;;;;;2;6
9;18;35;17;2.77881340030581;6;-36.0;103;Houborg et al. (2023);Experiment 1;Orientation;1;18;;;;;3;6
9;8;19;11;1.06089570000768;6;10.0;104;Houborg et al. (2023);Experiment 1;Orientation;1;18;;;;;4;6
9;101;102;1;2.24536229996011;6;87.0;105;Houborg et al. (2023);Experiment 1;Orientation;1;18;87.0;-83.0;61.0;-66.0;5;6
9;140;116;-24;2.1285579004325;6;-39.0;106;Houborg et al. (2023);Experiment 1;Orientation;1;18;-39.0;48.0;58.0;22.0;6;6
9;57;60;3;1.39450690010563;6;83.0;107;Houborg et al. (2023);Experiment 1;Orientation;1;18;83.0;44.0;-49.0;-39.0;7;6
9;33;32;-1;1.27768970001489;6;24.0;108;Houborg et al. (2023);Experiment 1;Orientation;1;18;24.0;-73.0;68.0;-25.0;8;6
9;62;51;-11;1.14437239989638;6;-29.0;109;Houborg et al. (2023);Experiment 1;Orientation;1;18;-29.0;-5.0;78.0;39.0;9;6
9;38;32;-6;1.67819210002199;6;24.0;110;Houborg et al. (2023);Experiment 1;Orientation;1;18;24.0;-5.0;19.0;-78.0;10;6
9;92;102;10;2.04492999985814;6;-54.0;111;Houborg et al. (2023);Experiment 1;Orientation;1;18;-54.0;-30.0;-59.0;-35.0;11;6
9;164;107;-57;8.26691500004381;6;-72.0;112;Houborg et al. (2023);Experiment 1;Orientation;1;18;-72.0;54.0;78.0;49.0;12;6
9;114;116;2;1.36112659983337;6;50.0;113;Houborg et al. (2023);Experiment 1;Orientation;1;18;50.0;-22.0;-76.0;-52.0;13;6
9;19;32;13;3.91297630034387;6;-85.0;114;Houborg et al. (2023);Experiment 1;Orientation;1;18;-85.0;-35.0;73.0;19.0;14;6
9;71;64;-7;2.31180789973587;6;-52.0;115;Houborg et al. (2023);Experiment 1;Orientation;1;18;-52.0;43.0;-87.0;21.0;15;6
9;10;20;10;2.72893340000883;6;61.0;116;Houborg et al. (2023);Experiment 1;Orientation;1;18;61.0;9.0;-76.0;-26.0;16;6
9;91;89;-2;2.4786125998944;6;-81.0;117;Houborg et al. (2023);Experiment 1;Orientation;1;18;-81.0;-20.0;-72.0;23.0;17;6
9;78;72;-6;1.410983200185;6;13.0;118;Houborg et al. (2023);Experiment 1;Orientation;1;18;13.0;-68.0;-7.0;-59.0;18;6
9;180;16;16;2.42867089994252;6;78.0;119;Houborg et al. (2023);Experiment 1;Orientation;1;18;78.0;-89.0;10.0;71.0;19;6
9;147;130;-17;1.67796090012416;6;33.0;120;Houborg et al. (2023);Experiment 1;Orientation;1;18;33.0;-69.0;-56.0;43.0;20;6
9;88;78;-10;2.42874999996275;7;59.0;121;Houborg et al. (2023);Experiment 1;Orientation;1;18;;;;;1;7
9;162;154;-8;0.92755030002445;7;-74.0;122;Houborg et al. (2023);Experiment 1;Orientation;1;18;;;;;2;7
9;25;39;14;1.0275294999592;7;-43.0;123;Houborg et al. (2023);Experiment 1;Orientation;1;18;;;;;3;7
9;71;55;-16;0.593652900308371;7;-46.0;124;Houborg et al. (2023);Experiment 1;Orientation;1;18;;;;;4;7
9;167;144;-23;3.4960452998057;7;84.0;125;Houborg et al. (2023);Experiment 1;Orientation;1;18;84.0;38.0;-5.0;-79.0;5;7
9;166;151;-15;1.41101460019127;7;1.0;126;Houborg et al. (2023);Experiment 1;Orientation;1;18;1.0;85.0;39.0;-4.0;6;7
9;129;148;19;1.69482719991356;7;37.0;127;Houborg et al. (2023);Experiment 1;Orientation;1;18;37.0;38.0;-58.0;76.0;7;7
9;112;118;6;1.47782990010455;7;17.0;128;Houborg et al. (2023);Experiment 1;Orientation;1;18;17.0;54.0;55.0;-41.0;8;7
9;62;55;-7;1.99494230002165;7;50.0;129;Houborg et al. (2023);Experiment 1;Orientation;1;18;50.0;67.0;-76.0;-75.0;9;7
9;169;151;-18;1.27771489974111;7;73.0;130;Houborg et al. (2023);Experiment 1;Orientation;1;18;73.0;-57.0;-40.0;-3.0;10;7
9;23;24;1;2.04514080006629;7;-34.0;131;Houborg et al. (2023);Experiment 1;Orientation;1;18;-34.0;39.0;89.0;-74.0;11;7
9;132;120;-12;2.31192599982023;7;71.0;132;Houborg et al. (2023);Experiment 1;Orientation;1;18;71.0;37.0;-70.0;-20.0;12;7
9;117;114;-3;3.14603490009904;7;15.0;133;Houborg et al. (2023);Experiment 1;Orientation;1;18;15.0;86.0;52.0;-55.0;13;7
9;150;135;-15;1.61147730005905;7;-33.0;134;Houborg et al. (2023);Experiment 1;Orientation;1;18;-33.0;-18.0;53.0;19.0;14;7
9;72;54;-18;1.36096510011703;7;78.0;135;Houborg et al. (2023);Experiment 1;Orientation;1;18;78.0;45.0;60.0;-49.0;15;7
9;135;137;2;1.07771200034767;7;-63.0;136;Houborg et al. (2023);Experiment 1;Orientation;1;18;-63.0;15.0;-18.0;-3.0;16;7
9;151;136;-15;1.86148460023105;7;-16.0;137;Houborg et al. (2023);Experiment 1;Orientation;1;18;-16.0;-79.0;-1.0;-34.0;17;7
9;59;47;-12;1.79466419992968;7;-88.0;138;Houborg et al. (2023);Experiment 1;Orientation;1;18;-88.0;76.0;13.0;-89.0;18;7
9;100;109;9;2.94579190015793;7;-41.0;139;Houborg et al. (2023);Experiment 1;Orientation;1;18;-41.0;51.0;35.0;-28.0;19;7
9;177;20;23;1.64471139991656;7;-77.0;140;Houborg et al. (2023);Experiment 1;Orientation;1;18;-77.0;62.0;-26.0;-42.0;20;7
9;99;101;2;1.32784599997103;8;78.0;141;Houborg et al. (2023);Experiment 1;Orientation;1;18;;;;;1;8
9;60;48;-12;1.92816720018163;8;39.0;142;Houborg et al. (2023);Experiment 1;Orientation;1;18;;;;;2;8
9;112;122;10;1.52772450027987;8;-52.0;143;Houborg et al. (2023);Experiment 1;Orientation;1;18;;;;;3;8
9;65;55;-10;1.5447026998736;8;47.0;144;Houborg et al. (2023);Experiment 1;Orientation;1;18;;;;;4;8
9;137;127;-10;1.22765110014006;8;-72.0;145;Houborg et al. (2023);Experiment 1;Orientation;1;18;-72.0;-25.0;-77.0;-38.0;5;8
9;75;55;-20;2.12834329996258;8;62.0;146;Houborg et al. (2023);Experiment 1;Orientation;1;18;62.0;-10.0;37.0;-15.0;6;8
9;89;70;-19;2.56201240001246;8;-14.0;147;Houborg et al. (2023);Experiment 1;Orientation;1;18;-14.0;48.0;-24.0;23.0;7;8
9;126;126;0;1.02758070034906;8;-37.0;148;Houborg et al. (2023);Experiment 1;Orientation;1;18;-37.0;-51.0;11.0;-61.0;8;8
9;176;166;-10;2.07845669984818;8;-50.0;149;Houborg et al. (2023);Experiment 1;Orientation;1;18;-50.0;-87.0;79.0;-39.0;9;8
9;59;64;5;1.52780889999121;8;-63.0;150;Houborg et al. (2023);Experiment 1;Orientation;1;18;-63.0;67.0;30.0;16.0;10;8
9;151;146;-5;1.56124609988183;8;88.0;151;Houborg et al. (2023);Experiment 1;Orientation;1;18;88.0;25.0;-25.0;-62.0;11;8
9;134;129;-5;2.34518239973113;8;17.0;152;Houborg et al. (2023);Experiment 1;Orientation;1;18;17.0;-75.0;42.0;-8.0;12;8
9;172;162;-10;1.49446010030806;8;-38.0;153;Houborg et al. (2023);Experiment 1;Orientation;1;18;-38.0;-21.0;67.0;4.0;13;8
9;6;34;28;2.97902460023761;8;-14.0;154;Houborg et al. (2023);Experiment 1;Orientation;1;18;-14.0;-52.0;-35.0;53.0;14;8
9;65;46;-19;2.21173299988732;8;-59.0;155;Houborg et al. (2023);Experiment 1;Orientation;1;18;-59.0;-73.0;69.0;86.0;15;8
9;120;135;15;1.24425039999187;8;-55.0;156;Houborg et al. (2023);Experiment 1;Orientation;1;18;-55.0;66.0;52.0;14.0;16;8
9;51;55;4;1.36107520014048;8;69.0;157;Houborg et al. (2023);Experiment 1;Orientation;1;18;69.0;14.0;-45.0;-59.0;17;8
9;42;36;-6;3.31262869993225;8;9.0;158;Houborg et al. (2023);Experiment 1;Orientation;1;18;9.0;78.0;23.0;-36.0;18;8
9;129;128;-1;1.32775820000097;8;-87.0;159;Houborg et al. (2023);Experiment 1;Orientation;1;18;-87.0;-78.0;-9.0;-64.0;19;8
9;113;130;17;2.04474540008232;8;16.0;160;Houborg et al. (2023);Experiment 1;Orientation;1;18;16.0;-71.0;-62.0;7.0;20;8
9;107;112;5;1.51115830009803;9;6.0;161;Houborg et al. (2023);Experiment 1;Orientation;1;18;;;;;1;9
9;119;124;5;1.92813810007647;9;-12.0;162;Houborg et al. (2023);Experiment 1;Orientation;1;18;;;;;2;9
9;9;29;20;1.01065029995516;9;-70.0;163;Houborg et al. (2023);Experiment 1;Orientation;1;18;;;;;3;9
9;63;52;-11;1.14429190009832;9;-54.0;164;Houborg et al. (2023);Experiment 1;Orientation;1;18;;;;;4;9
9;82;101;19;2.79553860006854;9;-19.0;165;Houborg et al. (2023);Experiment 1;Orientation;1;18;-19.0;-73.0;37.0;25.0;5;9
9;44;42;-2;1.26113889971748;9;38.0;166;Houborg et al. (2023);Experiment 1;Orientation;1;18;38.0;19.0;-35.0;75.0;6;9
9;129;134;5;1.16106279985979;9;-85.0;167;Houborg et al. (2023);Experiment 1;Orientation;1;18;-85.0;-47.0;-66.0;60.0;7;9
9;155;134;-21;2.06181340012699;9;-26.0;168;Houborg et al. (2023);Experiment 1;Orientation;1;18;-26.0;69.0;-73.0;88.0;8;9
9;51;43;-8;1.14413100015372;9;-76.0;169;Houborg et al. (2023);Experiment 1;Orientation;1;18;-76.0;78.0;-7.0;31.0;9;9
9;132;120;-12;0.894125199876726;9;-81.0;170;Houborg et al. (2023);Experiment 1;Orientation;1;18;-81.0;23.0;-3.0;-88.0;10;9
9;25;25;0;1.61129260016605;9;-73.0;171;Houborg et al. (2023);Experiment 1;Orientation;1;18;-73.0;26.0;-50.0;-76.0;11;9
9;151;143;-8;2.54515919974074;9;54.0;172;Houborg et al. (2023);Experiment 1;Orientation;1;18;54.0;-19.0;80.0;4.0;12;9
9;25;27;2;1.56123569980264;9;-54.0;173;Houborg et al. (2023);Experiment 1;Orientation;1;18;-54.0;0.0;-73.0;26.0;13;9
9;106;121;15;1.49453709973022;9;-81.0;174;Houborg et al. (2023);Experiment 1;Orientation;1;18;-81.0;45.0;-81.0;26.0;14;9
9;66;58;-8;1.76164510007948;9;40.0;175;Houborg et al. (2023);Experiment 1;Orientation;1;18;40.0;-41.0;85.0;-41.0;15;9
9;146;138;-8;1.7781604998745;9;-80.0;176;Houborg et al. (2023);Experiment 1;Orientation;1;18;-80.0;-40.0;59.0;5.0;16;9
9;91;113;22;1.94496579980478;9;55.0;177;Houborg et al. (2023);Experiment 1;Orientation;1;18;55.0;-25.0;15.0;-66.0;17;9
9;89;85;-4;2.09508640039712;9;2.0;178;Houborg et al. (2023);Experiment 1;Orientation;1;18;2.0;57.0;-23.0;17.0;18;9
9;158;141;-17;1.64464479964226;9;-69.0;179;Houborg et al. (2023);Experiment 1;Orientation;1;18;-69.0;-67.0;-12.0;88.0;19;9
9;64;60;-4;0.96078580012545;9;-86.0;180;Houborg et al. (2023);Experiment 1;Orientation;1;18;-86.0;25.0;27.0;82.0;20;9
9;81;68;-13;1.64486620016396;10;-17.0;181;Houborg et al. (2023);Experiment 1;Orientation;1;18;;;;;1;10
9;174;151;-23;1.86156230000779;10;87.0;182;Houborg et al. (2023);Experiment 1;Orientation;1;18;;;;;2;10
9;8;26;18;0.877493599895388;10;-14.0;183;Houborg et al. (2023);Experiment 1;Orientation;1;18;;;;;3;10
9;176;169;-7;1.69482719991356;10;12.0;184;Houborg et al. (2023);Experiment 1;Orientation;1;18;;;;;4;10
9;35;30;-5;1.12762629985809;10;-39.0;185;Houborg et al. (2023);Experiment 1;Orientation;1;18;-39.0;-27.0;-41.0;46.0;5;10
9;121;118;-3;1.07759250001982;10;-86.0;186;Houborg et al. (2023);Experiment 1;Orientation;1;18;-86.0;55.0;67.0;53.0;6;10
9;106;109;3;1.57807580009103;10;15.0;187;Houborg et al. (2023);Experiment 1;Orientation;1;18;15.0;-71.0;70.0;82.0;7;10
9;122;117;-5;0.977540099993348;10;-16.0;188;Houborg et al. (2023);Experiment 1;Orientation;1;18;-16.0;-1.0;-87.0;54.0;8;10
9;65;55;-10;2.09518309962004;10;57.0;189;Houborg et al. (2023);Experiment 1;Orientation;1;18;57.0;41.0;56.0;-30.0;9;10
9;112;123;11;1.52804799983278;10;-47.0;190;Houborg et al. (2023);Experiment 1;Orientation;1;18;-47.0;10.0;-6.0;9.0;10;10
9;147;142;-5;1.42791010020301;10;-35.0;191;Houborg et al. (2023);Experiment 1;Orientation;1;18;-35.0;-82.0;-25.0;-41.0;11;10
9;4;8;4;1.29461940005422;10;-37.0;192;Houborg et al. (2023);Experiment 1;Orientation;1;18;-37.0;-72.0;61.0;-62.0;12;10
9;16;21;5;1.99504180019721;10;-12.0;193;Houborg et al. (2023);Experiment 1;Orientation;1;18;-12.0;-49.0;-84.0;49.0;13;10
9;176;163;-13;1.71150229964405;10;20.0;194;Houborg et al. (2023);Experiment 1;Orientation;1;18;20.0;8.0;-29.0;-64.0;14;10
9;118;119;1;2.04523919988424;10;58.0;195;Houborg et al. (2023);Experiment 1;Orientation;1;18;58.0;78.0;66.0;29.0;15;10
9;42;48;6;2.29514170018956;10;76.0;196;Houborg et al. (2023);Experiment 1;Orientation;1;18;76.0;-46.0;-26.0;-38.0;16;10
9;73;68;-5;1.66152880014852;10;-31.0;197;Houborg et al. (2023);Experiment 1;Orientation;1;18;-31.0;45.0;-77.0;-57.0;17;10
9;22;31;9;0.944066499825567;10;51.0;198;Houborg et al. (2023);Experiment 1;Orientation;1;18;51.0;20.0;-84.0;-26.0;18;10
9;49;34;-15;1.24445330025628;10;-27.0;199;Houborg et al. (2023);Experiment 1;Orientation;1;18;-27.0;24.0;-7.0;69.0;19;10
9;47;39;-8;1.4278524001129;10;2.0;200;Houborg et al. (2023);Experiment 1;Orientation;1;18;2.0;-25.0;26.0;-5.0;20;10
10;33;29;-4;1.51107909996063;1;;1;Houborg et al. (2023);Experiment 1;Orientation;1;18;;;;;1;1
10;9;8;-1;2.51187979988754;1;24.0;2;Houborg et al. (2023);Experiment 1;Orientation;1;18;;;;;2;1
10;131;140;9;1.62812140025198;1;58.0;3;Houborg et al. (2023);Experiment 1;Orientation;1;18;;;;;3;1
10;63;30;-33;4.0801583006978;1;68.0;4;Houborg et al. (2023);Experiment 1;Orientation;1;18;;;;;4;1
10;119;126;7;2.11170809995383;1;-56.0;5;Houborg et al. (2023);Experiment 1;Orientation;1;18;-56.0;12.0;70.0;-86.0;5;1
10;70;65;-5;2.17844740021974;1;49.0;6;Houborg et al. (2023);Experiment 1;Orientation;1;18;49.0;-7.0;61.0;-61.0;6;1
10;113;127;14;1.47802540007979;1;-43.0;7;Houborg et al. (2023);Experiment 1;Orientation;1;18;-43.0;6.0;-50.0;18.0;7;1
10;4;176;-8;1.6446967003867;1;-71.0;8;Houborg et al. (2023);Experiment 1;Orientation;1;18;-71.0;66.0;-65.0;59.0;8;1
10;164;168;4;1.42779880017042;1;20.0;9;Houborg et al. (2023);Experiment 1;Orientation;1;18;20.0;-51.0;86.0;-45.0;9;1
10;145;154;9;3.41295260004699;1;19.0;10;Houborg et al. (2023);Experiment 1;Orientation;1;18;19.0;39.0;-32.0;-75.0;10;1
10;135;156;21;3.84566569980234;1;10.0;11;Houborg et al. (2023);Experiment 1;Orientation;1;18;10.0;29.0;49.0;-22.0;11;1
10;147;157;10;1.92820930015296;1;-12.0;12;Houborg et al. (2023);Experiment 1;Orientation;1;18;-12.0;-2.0;17.0;37.0;12;1
10;69;63;-6;1.52784569934011;1;78.0;13;Houborg et al. (2023);Experiment 1;Orientation;1;18;78.0;66.0;76.0;-85.0;13;1
10;112;115;3;1.2109525995329;1;-43.0;14;Houborg et al. (2023);Experiment 1;Orientation;1;18;-43.0;35.0;23.0;33.0;14;1
10;104;108;4;1.2278942996636;1;8.0;15;Houborg et al. (2023);Experiment 1;Orientation;1;18;8.0;-35.0;43.0;31.0;15;1
10;96;108;12;1.31101750023663;1;8.0;16;Houborg et al. (2023);Experiment 1;Orientation;1;18;8.0;16.0;-27.0;51.0;16;1
10;50;43;-7;1.61142480000854;1;46.0;17;Houborg et al. (2023);Experiment 1;Orientation;1;18;46.0;54.0;62.0;19.0;17;1
10;45;35;-10;1.06079080048949;1;5.0;18;Houborg et al. (2023);Experiment 1;Orientation;1;18;5.0;51.0;59.0;67.0;18;1
10;82;65;-17;1.21101710014045;1;-37.0;19;Houborg et al. (2023);Experiment 1;Orientation;1;18;-37.0;-32.0;14.0;22.0;19;1
10;41;46;5;1.3944840002805;1;41.0;20;Houborg et al. (2023);Experiment 1;Orientation;1;18;41.0;4.0;9.0;55.0;20;1
10;145;134;-11;1.01089129969478;2;76.0;21;Houborg et al. (2023);Experiment 1;Orientation;1;18;;;;;1;2
10;178;179;1;2.4787755003199;2;-33.0;22;Houborg et al. (2023);Experiment 1;Orientation;1;18;;;;;2;2
10;6;175;-11;1.37773699965328;2;-8.0;23;Houborg et al. (2023);Experiment 1;Orientation;1;18;;;;;3;2
10;97;112;15;2.34545300062746;2;89.0;24;Houborg et al. (2023);Experiment 1;Orientation;1;18;;;;;4;2
10;16;25;9;1.17764890007675;2;81.0;25;Houborg et al. (2023);Experiment 1;Orientation;1;18;81.0;-10.0;-18.0;-51.0;5;2
10;145;46;81;1.47791239991784;2;51.0;26;Houborg et al. (2023);Experiment 1;Orientation;1;18;51.0;-48.0;41.0;33.0;6;2
10;179;1;2;2.11176009941846;2;-34.0;27;Houborg et al. (2023);Experiment 1;Orientation;1;18;-34.0;17.0;-82.0;7.0;7;2
10;13;17;4;1.49463860038668;2;-14.0;28;Houborg et al. (2023);Experiment 1;Orientation;1;18;-14.0;-48.0;3.0;84.0;8;2
10;170;162;-8;1.19425060041249;2;23.0;29;Houborg et al. (2023);Experiment 1;Orientation;1;18;23.0;9.0;-25.0;26.0;9;2
10;4;2;-2;1.66136999987066;2;-14.0;30;Houborg et al. (2023);Experiment 1;Orientation;1;18;-14.0;9.0;-5.0;-39.0;10;2
10;124;139;15;1.99501719977707;2;60.0;31;Houborg et al. (2023);Experiment 1;Orientation;1;18;60.0;46.0;69.0;55.0;11;2
10;142;140;-2;1.47788699995726;2;-18.0;32;Houborg et al. (2023);Experiment 1;Orientation;1;18;-18.0;42.0;28.0;51.0;12;2
10;97;103;6;1.4779857005924;2;45.0;33;Houborg et al. (2023);Experiment 1;Orientation;1;18;45.0;27.0;87.0;73.0;13;2
10;160;164;4;1.04413590021431;2;-63.0;34;Houborg et al. (2023);Experiment 1;Orientation;1;18;-63.0;-18.0;-36.0;24.0;14;2
10;162;147;-15;1.2946251006797;2;-2.0;35;Houborg et al. (2023);Experiment 1;Orientation;1;18;-2.0;-65.0;-20.0;-38.0;15;2
10;113;125;12;1.36110099963844;2;49.0;36;Houborg et al. (2023);Experiment 1;Orientation;1;18;49.0;47.0;-16.0;29.0;16;2
10;25;17;-8;1.86156329978257;2;88.0;37;Houborg et al. (2023);Experiment 1;Orientation;1;18;88.0;-43.0;-45.0;72.0;17;2
10;40;49;9;1.42767779994756;2;-15.0;38;Houborg et al. (2023);Experiment 1;Orientation;1;18;-15.0;73.0;-58.0;-60.0;18;2
10;33;32;-1;1.41132519952953;2;7.0;39;Houborg et al. (2023);Experiment 1;Orientation;1;18;7.0;-8.0;80.0;-51.0;19;2
10;8;5;-3;1.24425609968603;2;25.0;40;Houborg et al. (2023);Experiment 1;Orientation;1;18;25.0;32.0;17.0;-75.0;20;2
10;20;22;2;1.21103950031102;3;-12.0;41;Houborg et al. (2023);Experiment 1;Orientation;1;18;;;;;1;3
10;111;104;-7;1.14390280004591;3;89.0;42;Houborg et al. (2023);Experiment 1;Orientation;1;18;;;;;2;3
10;170;167;-3;1.26118719950318;3;-59.0;43;Houborg et al. (2023);Experiment 1;Orientation;1;18;;;;;3;3
10;64;64;0;1.04404760058969;3;-74.0;44;Houborg et al. (2023);Experiment 1;Orientation;1;18;;;;;4;3
10;74;67;-7;0.944153900258243;3;-10.0;45;Houborg et al. (2023);Experiment 1;Orientation;1;18;-10.0;-84.0;37.0;-54.0;5;3
10;178;110;-68;2.04500659927726;3;76.0;46;Houborg et al. (2023);Experiment 1;Orientation;1;18;76.0;66.0;-8.0;-67.0;6;3
10;171;161;-10;3.77965130005032;3;7.0;47;Houborg et al. (2023);Experiment 1;Orientation;1;18;7.0;83.0;73.0;-1.0;7;3
10;122;146;24;3.1791396997869;3;49.0;48;Houborg et al. (2023);Experiment 1;Orientation;1;18;49.0;56.0;-48.0;-58.0;8;3
10;178;4;6;2.02829269971699;3;-56.0;49;Houborg et al. (2023);Experiment 1;Orientation;1;18;-56.0;-7.0;0.0;76.0;9;3
10;139;135;-4;1.2609828999266;3;39.0;50;Houborg et al. (2023);Experiment 1;Orientation;1;18;39.0;-17.0;32.0;39.0;10;3
10;61;139;78;4.48048559948802;3;78.0;51;Houborg et al. (2023);Experiment 1;Orientation;1;18;78.0;-63.0;61.0;-70.0;11;3
10;120;120;0;1.49452979955822;3;-59.0;52;Houborg et al. (2023);Experiment 1;Orientation;1;18;-59.0;19.0;58.0;2.0;12;3
10;44;44;0;1.37766210082918;3;76.0;53;Houborg et al. (2023);Experiment 1;Orientation;1;18;76.0;17.0;-85.0;-46.0;13;3
10;54;51;-3;0.627080200240016;3;-10.0;54;Houborg et al. (2023);Experiment 1;Orientation;1;18;-10.0;66.0;7.0;85.0;14;3
10;123;142;19;1.1610693000257;3;-69.0;55;Houborg et al. (2023);Experiment 1;Orientation;1;18;-69.0;-79.0;-3.0;-62.0;15;3
10;96;111;15;1.1778421998024;3;27.0;56;Houborg et al. (2023);Experiment 1;Orientation;1;18;27.0;-42.0;-52.0;24.0;16;3
10;75;64;-11;1.09442210011184;3;21.0;57;Houborg et al. (2023);Experiment 1;Orientation;1;18;21.0;48.0;-21.0;-31.0;17;3
10;109;84;-25;1.12760290037841;3;-34.0;58;Houborg et al. (2023);Experiment 1;Orientation;1;18;-34.0;-13.0;14.0;-55.0;18;3
10;136;124;-12;1.27756080031395;3;-27.0;59;Houborg et al. (2023);Experiment 1;Orientation;1;18;-27.0;-61.0;-40.0;-13.0;19;3
10;106;107;1;0.977409299463034;3;30.0;60;Houborg et al. (2023);Experiment 1;Orientation;1;18;30.0;3.0;-31.0;-10.0;20;3
10;100;116;16;1.34442030079663;4;6.0;61;Houborg et al. (2023);Experiment 1;Orientation;1;18;;;;;1;4
10;106;111;5;1.5113276001066;4;-6.0;62;Houborg et al. (2023);Experiment 1;Orientation;1;18;;;;;2;4
10;93;90;-3;1.22767750080675;4;13.0;63;Houborg et al. (2023);Experiment 1;Orientation;1;18;;;;;3;4
10;15;22;7;1.06078709941357;4;78.0;64;Houborg et al. (2023);Experiment 1;Orientation;1;18;;;;;4;4
10;130;158;28;1.44426549971104;4;65.0;65;Houborg et al. (2023);Experiment 1;Orientation;1;18;65.0;-37.0;-24.0;-30.0;5;4
10;180;0;0;1.64466180000454;4;-50.0;66;Houborg et al. (2023);Experiment 1;Orientation;1;18;-50.0;15.0;-87.0;-74.0;6;4
10;64;39;-25;4.33033789973706;4;-64.0;67;Houborg et al. (2023);Experiment 1;Orientation;1;18;-64.0;66.0;-49.0;29.0;7;4
10;175;170;-5;1.72807039972395;4;69.0;68;Houborg et al. (2023);Experiment 1;Orientation;1;18;69.0;5.0;-45.0;20.0;8;4
10;63;46;-17;0.977526299655437;4;-68.0;69;Houborg et al. (2023);Experiment 1;Orientation;1;18;-68.0;1.0;-63.0;67.0;9;4
10;160;145;-15;2.87899679969996;4;83.0;70;Houborg et al. (2023);Experiment 1;Orientation;1;18;83.0;15.0;84.0;20.0;10;4
10;82;75;-7;1.61170300003141;4;78.0;71;Houborg et al. (2023);Experiment 1;Orientation;1;18;78.0;-19.0;-87.0;-18.0;11;4
10;75;62;-13;1.56124710012227;4;7.0;72;Houborg et al. (2023);Experiment 1;Orientation;1;18;7.0;85.0;-12.0;-80.0;12;4
10;40;45;5;1.16088019963354;4;35.0;73;Houborg et al. (2023);Experiment 1;Orientation;1;18;35.0;42.0;-60.0;23.0;13;4
10;23;19;-4;1.99490629974753;4;17.0;74;Houborg et al. (2023);Experiment 1;Orientation;1;18;17.0;52.0;59.0;-43.0;14;4
10;56;55;-1;1.57802339922637;4;-33.0;75;Houborg et al. (2023);Experiment 1;Orientation;1;18;-33.0;-16.0;19.0;26.0;15;4
10;131;140;9;1.01063479948789;4;-75.0;76;Houborg et al. (2023);Experiment 1;Orientation;1;18;-75.0;72.0;89.0;-56.0;16;4
10;141;111;-30;2.16166360024363;4;-10.0;77;Houborg et al. (2023);Experiment 1;Orientation;1;18;-10.0;-85.0;62.0;79.0;17;4
10;125;136;11;2.86225169990212;4;16.0;78;Houborg et al. (2023);Experiment 1;Orientation;1;18;16.0;6.0;-69.0;78.0;18;4
10;2;177;-5;1.97825879976153;4;-57.0;79;Houborg et al. (2023);Experiment 1;Orientation;1;18;-57.0;-41.0;-51.0;54.0;19;4
10;152;160;8;2.26172109972686;4;30.0;80;Houborg et al. (2023);Experiment 1;Orientation;1;18;30.0;-27.0;-11.0;-21.0;20;4
10;167;159;-8;1.12751290015876;5;-15.0;81;Houborg et al. (2023);Experiment 1;Orientation;1;18;;;;;1;5
10;139;142;3;1.4780994001776;5;28.0;82;Houborg et al. (2023);Experiment 1;Orientation;1;18;;;;;2;5
10;8;18;10;1.72826420050114;5;-49.0;83;Houborg et al. (2023);Experiment 1;Orientation;1;18;;;;;3;5
10;69;62;-7;1.79479169938713;5;-61.0;84;Houborg et al. (2023);Experiment 1;Orientation;1;18;;;;;4;5
10;127;131;4;1.04437540005893;5;-58.0;85;Houborg et al. (2023);Experiment 1;Orientation;1;18;-58.0;61.0;12.0;40.0;5;5
10;132;129;-3;1.46125879976898;5;-5.0;86;Houborg et al. (2023);Experiment 1;Orientation;1;18;-5.0;-63.0;56.0;7.0;6;5
10;41;35;-6;1.22741409949958;5;-89.0;87;Houborg et al. (2023);Experiment 1;Orientation;1;18;-89.0;86.0;28.0;-33.0;7;5
10;49;48;-1;1.060969799757;5;-8.0;88;Houborg et al. (2023);Experiment 1;Orientation;1;18;-8.0;83.0;78.0;20.0;8;5
10;122;120;-2;1.52810150012374;5;-73.0;89;Houborg et al. (2023);Experiment 1;Orientation;1;18;-73.0;-81.0;10.0;5.0;9;5
10;86;78;-8;0.960783899761736;5;36.0;90;Houborg et al. (2023);Experiment 1;Orientation;1;18;36.0;-37.0;-45.0;46.0;10;5
10;113;110;-3;1.04417749959975;5;-27.0;91;Houborg et al. (2023);Experiment 1;Orientation;1;18;-27.0;9.0;-64.0;-72.0;11;5
10;43;53;10;1.17719480022788;5;70.0;92;Houborg et al. (2023);Experiment 1;Orientation;1;18;70.0;43.0;79.0;6.0;12;5
10;32;48;16;1.39436599984765;5;11.0;93;Houborg et al. (2023);Experiment 1;Orientation;1;18;11.0;81.0;54.0;90.0;13;5
10;150;140;-10;1.27787089999765;5;62.0;94;Houborg et al. (2023);Experiment 1;Orientation;1;18;62.0;73.0;-37.0;-64.0;14;5
10;139;150;11;1.17750220000744;5;11.0;95;Houborg et al. (2023);Experiment 1;Orientation;1;18;11.0;73.0;84.0;-26.0;15;5
10;169;155;-14;1.54447910003364;5;-30.0;96;Houborg et al. (2023);Experiment 1;Orientation;1;18;-30.0;-19.0;43.0;54.0;16;5
10;20;34;14;1.47782940044999;5;-31.0;97;Houborg et al. (2023);Experiment 1;Orientation;1;18;-31.0;-61.0;-50.0;12.0;17;5
10;33;38;5;1.1108116004616;5;-13.0;98;Houborg et al. (2023);Experiment 1;Orientation;1;18;-13.0;-44.0;-74.0;-63.0;18;5
10;18;29;11;0.860712400637567;5;15.0;99;Houborg et al. (2023);Experiment 1;Orientation;1;18;15.0;2.0;-29.0;-59.0;19;5
10;89;89;0;1.37798079941422;5;-71.0;100;Houborg et al. (2023);Experiment 1;Orientation;1;18;-71.0;-56.0;-69.0;80.0;20;5
10;35;34;-1;1.36111200042069;6;54.0;101;Houborg et al. (2023);Experiment 1;Orientation;1;18;;;;;1;6
10;162;152;-10;1.24433870054781;6;53.0;102;Houborg et al. (2023);Experiment 1;Orientation;1;18;;;;;2;6
10;18;25;7;1.82793490029871;6;-36.0;103;Houborg et al. (2023);Experiment 1;Orientation;1;18;;;;;3;6
10;8;18;10;0.794116799719632;6;10.0;104;Houborg et al. (2023);Experiment 1;Orientation;1;18;;;;;4;6
10;101;118;17;1.59448949992657;6;87.0;105;Houborg et al. (2023);Experiment 1;Orientation;1;18;87.0;-83.0;61.0;-66.0;5;6
10;140;135;-5;0.993891100399196;6;-39.0;106;Houborg et al. (2023);Experiment 1;Orientation;1;18;-39.0;48.0;58.0;22.0;6;6
10;57;53;-4;1.31119769997895;6;83.0;107;Houborg et al. (2023);Experiment 1;Orientation;1;18;83.0;44.0;-49.0;-39.0;7;6
10;33;54;21;1.24423690047115;6;24.0;108;Houborg et al. (2023);Experiment 1;Orientation;1;18;24.0;-73.0;68.0;-25.0;8;6
10;62;47;-15;1.17765520047396;6;-29.0;109;Houborg et al. (2023);Experiment 1;Orientation;1;18;-29.0;-5.0;78.0;39.0;9;6
10;38;41;3;1.37799729965627;6;24.0;110;Houborg et al. (2023);Experiment 1;Orientation;1;18;24.0;-5.0;19.0;-78.0;10;6
10;92;89;-3;1.24419789947569;6;-54.0;111;Houborg et al. (2023);Experiment 1;Orientation;1;18;-54.0;-30.0;-59.0;-35.0;11;6
10;164;154;-10;0.910565899685025;6;-72.0;112;Houborg et al. (2023);Experiment 1;Orientation;1;18;-72.0;54.0;78.0;49.0;12;6
10;114;124;10;1.04415600001812;6;50.0;113;Houborg et al. (2023);Experiment 1;Orientation;1;18;50.0;-22.0;-76.0;-52.0;13;6
10;19;32;13;1.17744730040431;6;-85.0;114;Houborg et al. (2023);Experiment 1;Orientation;1;18;-85.0;-35.0;73.0;19.0;14;6
10;71;80;9;6.56549269985408;6;-52.0;115;Houborg et al. (2023);Experiment 1;Orientation;1;18;-52.0;43.0;-87.0;21.0;15;6
10;10;27;17;2.27857809979469;6;61.0;116;Houborg et al. (2023);Experiment 1;Orientation;1;18;61.0;9.0;-76.0;-26.0;16;6
10;91;89;-2;3.04576759971678;6;-81.0;117;Houborg et al. (2023);Experiment 1;Orientation;1;18;-81.0;-20.0;-72.0;23.0;17;6
10;78;74;-4;2.49534219969064;6;13.0;118;Houborg et al. (2023);Experiment 1;Orientation;1;18;13.0;-68.0;-7.0;-59.0;18;6
10;180;177;-3;2.46210490074009;6;78.0;119;Houborg et al. (2023);Experiment 1;Orientation;1;18;78.0;-89.0;10.0;71.0;19;6
10;147;160;13;4.23000259976834;6;33.0;120;Houborg et al. (2023);Experiment 1;Orientation;1;18;33.0;-69.0;-56.0;43.0;20;6
10;88;91;3;2.4121607998386;7;59.0;121;Houborg et al. (2023);Experiment 1;Orientation;1;18;;;;;1;7
10;162;155;-7;1.8448347998783;7;-74.0;122;Houborg et al. (2023);Experiment 1;Orientation;1;18;;;;;2;7
10;25;45;20;2.16191530041397;7;-43.0;123;Houborg et al. (2023);Experiment 1;Orientation;1;18;;;;;3;7
10;71;55;-16;1.71142279915512;7;-46.0;124;Houborg et al. (2023);Experiment 1;Orientation;1;18;;;;;4;7
10;167;171;4;2.02838619984686;7;84.0;125;Houborg et al. (2023);Experiment 1;Orientation;1;18;84.0;38.0;-5.0;-79.0;5;7
10;166;171;5;1.64479310065508;7;1.0;126;Houborg et al. (2023);Experiment 1;Orientation;1;18;1.0;85.0;39.0;-4.0;6;7
10;129;149;20;1.97817859984934;7;37.0;127;Houborg et al. (2023);Experiment 1;Orientation;1;18;37.0;38.0;-58.0;76.0;7;7
10;112;114;2;2.01154089998454;7;17.0;128;Houborg et al. (2023);Experiment 1;Orientation;1;18;17.0;54.0;55.0;-41.0;8;7
10;62;68;6;2.36196940019727;7;50.0;129;Houborg et al. (2023);Experiment 1;Orientation;1;18;50.0;67.0;-76.0;-75.0;9;7
10;169;147;-22;2.17848740052432;7;73.0;130;Houborg et al. (2023);Experiment 1;Orientation;1;18;73.0;-57.0;-40.0;-3.0;10;7
10;23;40;17;1.92842230014503;7;-34.0;131;Houborg et al. (2023);Experiment 1;Orientation;1;18;-34.0;39.0;89.0;-74.0;11;7
10;132;130;-2;2.42865139991045;7;71.0;132;Houborg et al. (2023);Experiment 1;Orientation;1;18;71.0;37.0;-70.0;-20.0;12;7
10;117;129;12;1.91153489984572;7;15.0;133;Houborg et al. (2023);Experiment 1;Orientation;1;18;15.0;86.0;52.0;-55.0;13;7
10;150;137;-13;1.41109820082784;7;-33.0;134;Houborg et al. (2023);Experiment 1;Orientation;1;18;-33.0;-18.0;53.0;19.0;14;7
10;72;69;-3;2.2118033003062;7;78.0;135;Houborg et al. (2023);Experiment 1;Orientation;1;18;78.0;45.0;60.0;-49.0;15;7
10;135;136;1;2.34516269993037;7;-63.0;136;Houborg et al. (2023);Experiment 1;Orientation;1;18;-63.0;15.0;-18.0;-3.0;16;7
10;151;146;-5;2.09479970019311;7;-16.0;137;Houborg et al. (2023);Experiment 1;Orientation;1;18;-16.0;-79.0;-1.0;-34.0;17;7
10;59;67;8;2.17858290020376;7;-88.0;138;Houborg et al. (2023);Experiment 1;Orientation;1;18;-88.0;76.0;13.0;-89.0;18;7
10;100;110;10;1.96133519988507;7;-41.0;139;Houborg et al. (2023);Experiment 1;Orientation;1;18;-41.0;51.0;35.0;-28.0;19;7
10;177;5;8;2.6954926000908;7;-77.0;140;Houborg et al. (2023);Experiment 1;Orientation;1;18;-77.0;62.0;-26.0;-42.0;20;7
10;99;112;13;1.7781694997102;8;78.0;141;Houborg et al. (2023);Experiment 1;Orientation;1;18;;;;;1;8
10;60;48;-12;2.19506680034101;8;39.0;142;Houborg et al. (2023);Experiment 1;Orientation;1;18;;;;;2;8
10;112;123;11;2.0448337001726;8;-52.0;143;Houborg et al. (2023);Experiment 1;Orientation;1;18;;;;;3;8
10;65;69;4;2.19522879924625;8;47.0;144;Houborg et al. (2023);Experiment 1;Orientation;1;18;;;;;4;8
10;137;134;-3;1.67789239995182;8;-72.0;145;Houborg et al. (2023);Experiment 1;Orientation;1;18;-72.0;-25.0;-77.0;-38.0;5;8
10;75;70;-5;2.42851690016687;8;62.0;146;Houborg et al. (2023);Experiment 1;Orientation;1;18;62.0;-10.0;37.0;-15.0;6;8
10;89;93;4;3.04585759993643;8;-14.0;147;Houborg et al. (2023);Experiment 1;Orientation;1;18;-14.0;48.0;-24.0;23.0;7;8
10;126;117;-9;2.57873910013586;8;-37.0;148;Houborg et al. (2023);Experiment 1;Orientation;1;18;-37.0;-51.0;11.0;-61.0;8;8
10;176;171;-5;2.52892199996859;8;-50.0;149;Houborg et al. (2023);Experiment 1;Orientation;1;18;-50.0;-87.0;79.0;-39.0;9;8
10;59;69;10;1.92823440022767;8;-63.0;150;Houborg et al. (2023);Experiment 1;Orientation;1;18;-63.0;67.0;30.0;16.0;10;8
10;151;141;-10;1.66108079999685;8;88.0;151;Houborg et al. (2023);Experiment 1;Orientation;1;18;88.0;25.0;-25.0;-62.0;11;8
10;134;70;-64;1.91148579958826;8;17.0;152;Houborg et al. (2023);Experiment 1;Orientation;1;18;17.0;-75.0;42.0;-8.0;12;8
10;172;170;-2;2.0282964007929;8;-38.0;153;Houborg et al. (2023);Experiment 1;Orientation;1;18;-38.0;-21.0;67.0;4.0;13;8
10;6;22;16;1.91145469993353;8;-14.0;154;Houborg et al. (2023);Experiment 1;Orientation;1;18;-14.0;-52.0;-35.0;53.0;14;8
10;65;71;6;2.1784430006519;8;-59.0;155;Houborg et al. (2023);Experiment 1;Orientation;1;18;-59.0;-73.0;69.0;86.0;15;8
10;120;132;12;1.92822560016066;8;-55.0;156;Houborg et al. (2023);Experiment 1;Orientation;1;18;-55.0;66.0;52.0;14.0;16;8
10;51;50;-1;1.87819149997085;8;69.0;157;Houborg et al. (2023);Experiment 1;Orientation;1;18;69.0;14.0;-45.0;-59.0;17;8
10;42;57;15;2.19522330071777;8;9.0;158;Houborg et al. (2023);Experiment 1;Orientation;1;18;9.0;78.0;23.0;-36.0;18;8
10;129;127;-2;2.22861860040575;8;-87.0;159;Houborg et al. (2023);Experiment 1;Orientation;1;18;-87.0;-78.0;-9.0;-64.0;19;8
10;113;122;9;1.92840309999883;8;16.0;160;Houborg et al. (2023);Experiment 1;Orientation;1;18;16.0;-71.0;-62.0;7.0;20;8
10;107;116;9;1.59452839940786;9;6.0;161;Houborg et al. (2023);Experiment 1;Orientation;1;18;;;;;1;9
10;119;116;-3;1.66133389994502;9;-12.0;162;Houborg et al. (2023);Experiment 1;Orientation;1;18;;;;;2;9
10;9;29;20;1.79170809965581;9;-70.0;163;Houborg et al. (2023);Experiment 1;Orientation;1;18;;;;;3;9
10;63;73;10;1.67800249997526;9;-54.0;164;Houborg et al. (2023);Experiment 1;Orientation;1;18;;;;;4;9
10;82;70;-12;2.09492899943143;9;-19.0;165;Houborg et al. (2023);Experiment 1;Orientation;1;18;-19.0;-73.0;37.0;25.0;5;9
10;44;46;2;2.77893610019237;9;38.0;166;Houborg et al. (2023);Experiment 1;Orientation;1;18;38.0;19.0;-35.0;75.0;6;9
10;129;143;14;2.12853560037911;9;-85.0;167;Houborg et al. (2023);Experiment 1;Orientation;1;18;-85.0;-47.0;-66.0;60.0;7;9
10;155;135;-20;3.54661019984633;9;-26.0;168;Houborg et al. (2023);Experiment 1;Orientation;1;18;-26.0;69.0;-73.0;88.0;8;9
10;51;52;1;1.82814030069858;9;-76.0;169;Houborg et al. (2023);Experiment 1;Orientation;1;18;-76.0;78.0;-7.0;31.0;9;9
10;132;132;0;1.67810640018433;9;-81.0;170;Houborg et al. (2023);Experiment 1;Orientation;1;18;-81.0;23.0;-3.0;-88.0;10;9
10;25;17;-8;1.92810809984803;9;-73.0;171;Houborg et al. (2023);Experiment 1;Orientation;1;18;-73.0;26.0;-50.0;-76.0;11;9
10;151;146;-5;2.41218829993159;9;54.0;172;Houborg et al. (2023);Experiment 1;Orientation;1;18;54.0;-19.0;80.0;4.0;12;9
10;25;40;15;2.12848789989948;9;-54.0;173;Houborg et al. (2023);Experiment 1;Orientation;1;18;-54.0;0.0;-73.0;26.0;13;9
10;106;110;4;2.36190159991384;9;-81.0;174;Houborg et al. (2023);Experiment 1;Orientation;1;18;-81.0;45.0;-81.0;26.0;14;9
10;66;70;4;3.11268249992281;9;40.0;175;Houborg et al. (2023);Experiment 1;Orientation;1;18;40.0;-41.0;85.0;-41.0;15;9
10;146;155;9;3.81317089963704;9;-80.0;176;Houborg et al. (2023);Experiment 1;Orientation;1;18;-80.0;-40.0;59.0;5.0;16;9
10;91;92;1;3.31279599945992;9;55.0;177;Houborg et al. (2023);Experiment 1;Orientation;1;18;55.0;-25.0;15.0;-66.0;17;9
10;89;91;2;2.07835510000587;9;2.0;178;Houborg et al. (2023);Experiment 1;Orientation;1;18;2.0;57.0;-23.0;17.0;18;9
10;158;148;-10;2.04508689977229;9;-69.0;179;Houborg et al. (2023);Experiment 1;Orientation;1;18;-69.0;-67.0;-12.0;88.0;19;9
10;64;55;-9;1.46113449987024;9;-86.0;180;Houborg et al. (2023);Experiment 1;Orientation;1;18;-86.0;25.0;27.0;82.0;20;9
10;81;52;-29;1.74459249991924;10;-17.0;181;Houborg et al. (2023);Experiment 1;Orientation;1;18;;;;;1;10
10;174;155;-19;1.74470810033381;10;87.0;182;Houborg et al. (2023);Experiment 1;Orientation;1;18;;;;;2;10
10;8;16;8;1.59435779973865;10;-14.0;183;Houborg et al. (2023);Experiment 1;Orientation;1;18;;;;;3;10
10;176;170;-6;2.37851980049163;10;12.0;184;Houborg et al. (2023);Experiment 1;Orientation;1;18;;;;;4;10
10;35;39;4;2.36214889958501;10;-39.0;185;Houborg et al. (2023);Experiment 1;Orientation;1;18;-39.0;-27.0;-41.0;46.0;5;10
10;121;117;-4;2.12841559946537;10;-86.0;186;Houborg et al. (2023);Experiment 1;Orientation;1;18;-86.0;55.0;67.0;53.0;6;10
10;106;113;7;2.49519940000027;10;15.0;187;Houborg et al. (2023);Experiment 1;Orientation;1;18;15.0;-71.0;70.0;82.0;7;10
10;122;126;4;1.8446300001815;10;-16.0;188;Houborg et al. (2023);Experiment 1;Orientation;1;18;-16.0;-1.0;-87.0;54.0;8;10
10;65;64;-1;1.74492170009762;10;57.0;189;Houborg et al. (2023);Experiment 1;Orientation;1;18;57.0;41.0;56.0;-30.0;9;10
10;112;129;17;2.14492519944906;10;-47.0;190;Houborg et al. (2023);Experiment 1;Orientation;1;18;-47.0;10.0;-6.0;9.0;10;10
10;147;136;-11;2.12838179990649;10;-35.0;191;Houborg et al. (2023);Experiment 1;Orientation;1;18;-35.0;-82.0;-25.0;-41.0;11;10
10;4;4;0;1.49460100010037;10;-37.0;192;Houborg et al. (2023);Experiment 1;Orientation;1;18;-37.0;-72.0;61.0;-62.0;12;10
10;16;33;17;2.29512280039489;10;-12.0;193;Houborg et al. (2023);Experiment 1;Orientation;1;18;-12.0;-49.0;-84.0;49.0;13;10
10;176;162;-14;1.66147550009191;10;20.0;194;Houborg et al. (2023);Experiment 1;Orientation;1;18;20.0;8.0;-29.0;-64.0;14;10
10;118;128;10;2.49559050053358;10;58.0;195;Houborg et al. (2023);Experiment 1;Orientation;1;18;58.0;78.0;66.0;29.0;15;10
10;42;57;15;2.72898510005325;10;76.0;196;Houborg et al. (2023);Experiment 1;Orientation;1;18;76.0;-46.0;-26.0;-38.0;16;10
10;73;57;-16;1.82811499945819;10;-31.0;197;Houborg et al. (2023);Experiment 1;Orientation;1;18;-31.0;45.0;-77.0;-57.0;17;10
10;22;31;9;1.26113170012832;10;51.0;198;Houborg et al. (2023);Experiment 1;Orientation;1;18;51.0;20.0;-84.0;-26.0;18;10
10;49;45;-4;3.47998759988695;10;-27.0;199;Houborg et al. (2023);Experiment 1;Orientation;1;18;-27.0;24.0;-7.0;69.0;19;10
10;47;42;-5;2.3118999004364;10;2.0;200;Houborg et al. (2023);Experiment 1;Orientation;1;18;2.0;-25.0;26.0;-5.0;20;10
11;33;28;-5;3.14562400057912;1;;1;Houborg et al. (2023);Experiment 1;Orientation;1;18;;;;;1;1
11;9;17;8;2.99552199989557;1;24.0;2;Houborg et al. (2023);Experiment 1;Orientation;1;18;;;;;2;1
11;131;151;20;5.18051410000771;1;58.0;3;Houborg et al. (2023);Experiment 1;Orientation;1;18;;;;;3;1
11;63;49;-14;2.27834550011903;1;68.0;4;Houborg et al. (2023);Experiment 1;Orientation;1;18;;;;;4;1
11;119;117;-2;3.49604130070657;1;-56.0;5;Houborg et al. (2023);Experiment 1;Orientation;1;18;-56.0;12.0;70.0;-86.0;5;1
11;70;57;-13;3.69613119959831;1;49.0;6;Houborg et al. (2023);Experiment 1;Orientation;1;18;49.0;-7.0;61.0;-61.0;6;1
11;113;111;-2;2.61211340036243;1;-43.0;7;Houborg et al. (2023);Experiment 1;Orientation;1;18;-43.0;6.0;-50.0;18.0;7;1
11;4;14;10;1.76145000010729;1;-71.0;8;Houborg et al. (2023);Experiment 1;Orientation;1;18;-71.0;66.0;-65.0;59.0;8;1
11;164;153;-11;3.62946949992329;1;20.0;9;Houborg et al. (2023);Experiment 1;Orientation;1;18;20.0;-51.0;86.0;-45.0;9;1
11;145;145;0;2.59515210054815;1;19.0;10;Houborg et al. (2023);Experiment 1;Orientation;1;18;19.0;39.0;-32.0;-75.0;10;1
11;135;138;3;8.06699570082128;1;10.0;11;Houborg et al. (2023);Experiment 1;Orientation;1;18;10.0;29.0;49.0;-22.0;11;1
11;147;160;13;3.59606509935111;1;-12.0;12;Houborg et al. (2023);Experiment 1;Orientation;1;18;-12.0;-2.0;17.0;37.0;12;1
11;69;65;-4;3.11236189957708;1;78.0;13;Houborg et al. (2023);Experiment 1;Orientation;1;18;78.0;66.0;76.0;-85.0;13;1
11;112;107;-5;4.99739879928529;1;-43.0;14;Houborg et al. (2023);Experiment 1;Orientation;1;18;-43.0;35.0;23.0;33.0;14;1
11;104;115;11;2.4285784997046;1;8.0;15;Houborg et al. (2023);Experiment 1;Orientation;1;18;8.0;-35.0;43.0;31.0;15;1
11;96;107;11;1.87789999973029;1;8.0;16;Houborg et al. (2023);Experiment 1;Orientation;1;18;8.0;16.0;-27.0;51.0;16;1
11;50;65;15;2.7957597002387;1;46.0;17;Houborg et al. (2023);Experiment 1;Orientation;1;18;46.0;54.0;62.0;19.0;17;1
11;45;50;5;2.01120229996741;1;5.0;18;Houborg et al. (2023);Experiment 1;Orientation;1;18;5.0;51.0;59.0;67.0;18;1
11;82;70;-12;2.47842980083078;1;-37.0;19;Houborg et al. (2023);Experiment 1;Orientation;1;18;-37.0;-32.0;14.0;22.0;19;1
11;41;49;8;3.94642420019954;1;41.0;20;Houborg et al. (2023);Experiment 1;Orientation;1;18;41.0;4.0;9.0;55.0;20;1
11;145;132;-13;1.61135370004922;2;76.0;21;Houborg et al. (2023);Experiment 1;Orientation;1;18;;;;;1;2
11;178;2;4;2.52859780006111;2;-33.0;22;Houborg et al. (2023);Experiment 1;Orientation;1;18;;;;;2;2
11;6;17;11;6.81546830013394;2;-8.0;23;Houborg et al. (2023);Experiment 1;Orientation;1;18;;;;;3;2
11;97;109;12;3.57949730008841;2;89.0;24;Houborg et al. (2023);Experiment 1;Orientation;1;18;;;;;4;2
11;16;28;12;3.2624324997887;2;81.0;25;Houborg et al. (2023);Experiment 1;Orientation;1;18;81.0;-10.0;-18.0;-51.0;5;2
11;145;130;-15;2.96231540013105;2;51.0;26;Houborg et al. (2023);Experiment 1;Orientation;1;18;51.0;-48.0;41.0;33.0;6;2
11;179;179;0;3.44589209929109;2;-34.0;27;Houborg et al. (2023);Experiment 1;Orientation;1;18;-34.0;17.0;-82.0;7.0;7;2
11;13;21;8;1.7784711997956;2;-14.0;28;Houborg et al. (2023);Experiment 1;Orientation;1;18;-14.0;-48.0;3.0;84.0;8;2
11;170;164;-6;3.0621911007911;2;23.0;29;Houborg et al. (2023);Experiment 1;Orientation;1;18;23.0;9.0;-25.0;26.0;9;2
11;4;12;8;3.9631521999836;2;-14.0;30;Houborg et al. (2023);Experiment 1;Orientation;1;18;-14.0;9.0;-5.0;-39.0;10;2
11;124;141;17;3.51297430042177;2;60.0;31;Houborg et al. (2023);Experiment 1;Orientation;1;18;60.0;46.0;69.0;55.0;11;2
11;142;142;0;2.66208789963275;2;-18.0;32;Houborg et al. (2023);Experiment 1;Orientation;1;18;-18.0;42.0;28.0;51.0;12;2
11;97;111;14;3.57933510001749;2;45.0;33;Houborg et al. (2023);Experiment 1;Orientation;1;18;45.0;27.0;87.0;73.0;13;2
11;160;147;-13;2.21157420054078;2;-63.0;34;Houborg et al. (2023);Experiment 1;Orientation;1;18;-63.0;-18.0;-36.0;24.0;14;2
11;162;154;-8;1.96162169985473;2;-2.0;35;Houborg et al. (2023);Experiment 1;Orientation;1;18;-2.0;-65.0;-20.0;-38.0;15;2
11;113;140;27;4.81436089985073;2;49.0;36;Houborg et al. (2023);Experiment 1;Orientation;1;18;49.0;47.0;-16.0;29.0;16;2
11;25;41;16;2.92897310014814;2;88.0;37;Houborg et al. (2023);Experiment 1;Orientation;1;18;88.0;-43.0;-45.0;72.0;17;2
11;40;48;8;2.49533999990672;2;-15.0;38;Houborg et al. (2023);Experiment 1;Orientation;1;18;-15.0;73.0;-58.0;-60.0;18;2
11;33;40;7;1.92810040060431;2;7.0;39;Houborg et al. (2023);Experiment 1;Orientation;1;18;7.0;-8.0;80.0;-51.0;19;2
11;8;14;6;3.26237539947033;2;25.0;40;Houborg et al. (2023);Experiment 1;Orientation;1;18;25.0;32.0;17.0;-75.0;20;2
11;20;23;3;2.61198770068586;3;-12.0;41;Houborg et al. (2023);Experiment 1;Orientation;1;18;;;;;1;3
11;111;110;-1;3.16223879996687;3;89.0;42;Houborg et al. (2023);Experiment 1;Orientation;1;18;;;;;2;3
11;170;150;-20;2.29497099947184;3;-59.0;43;Houborg et al. (2023);Experiment 1;Orientation;1;18;;;;;3;3
11;64;69;5;2.47834619972855;3;-74.0;44;Houborg et al. (2023);Experiment 1;Orientation;1;18;;;;;4;3
11;74;64;-10;2.11162710003555;3;-10.0;45;Houborg et al. (2023);Experiment 1;Orientation;1;18;-10.0;-84.0;37.0;-54.0;5;3
11;178;6;8;2.86216480005533;3;76.0;46;Houborg et al. (2023);Experiment 1;Orientation;1;18;76.0;66.0;-8.0;-67.0;6;3
11;171;169;-2;2.22833430022001;3;7.0;47;Houborg et al. (2023);Experiment 1;Orientation;1;18;7.0;83.0;73.0;-1.0;7;3
11;122;140;18;3.24572219979018;3;49.0;48;Houborg et al. (2023);Experiment 1;Orientation;1;18;49.0;56.0;-48.0;-58.0;8;3
11;178;167;-11;5.76457879971713;3;-56.0;49;Houborg et al. (2023);Experiment 1;Orientation;1;18;-56.0;-7.0;0.0;76.0;9;3
11;139;139;0;2.42847050074488;3;39.0;50;Houborg et al. (2023);Experiment 1;Orientation;1;18;39.0;-17.0;32.0;39.0;10;3
11;61;57;-4;2.39518360048532;3;78.0;51;Houborg et al. (2023);Experiment 1;Orientation;1;18;78.0;-63.0;61.0;-70.0;11;3
11;120;113;-7;2.54523290041834;3;-59.0;52;Houborg et al. (2023);Experiment 1;Orientation;1;18;-59.0;19.0;58.0;2.0;12;3
11;44;54;10;1.66124610044062;3;76.0;53;Houborg et al. (2023);Experiment 1;Orientation;1;18;76.0;17.0;-85.0;-46.0;13;3
11;54;51;-3;2.37865640036762;3;-10.0;54;Houborg et al. (2023);Experiment 1;Orientation;1;18;-10.0;66.0;7.0;85.0;14;3
11;123;121;-2;2.24508010037243;3;-69.0;55;Houborg et al. (2023);Experiment 1;Orientation;1;18;-69.0;-79.0;-3.0;-62.0;15;3
11;96;103;7;3.11234449967742;3;27.0;56;Houborg et al. (2023);Experiment 1;Orientation;1;18;27.0;-42.0;-52.0;24.0;16;3
11;75;66;-9;2.09492649976164;3;21.0;57;Houborg et al. (2023);Experiment 1;Orientation;1;18;21.0;48.0;-21.0;-31.0;17;3
11;109;108;-1;2.94549489952624;3;-34.0;58;Houborg et al. (2023);Experiment 1;Orientation;1;18;-34.0;-13.0;14.0;-55.0;18;3
11;136;131;-5;2.24492370057851;3;-27.0;59;Houborg et al. (2023);Experiment 1;Orientation;1;18;-27.0;-61.0;-40.0;-13.0;19;3
11;106;108;2;2.24497629981488;3;30.0;60;Houborg et al. (2023);Experiment 1;Orientation;1;18;30.0;3.0;-31.0;-10.0;20;3
11;100;109;9;2.19514039997011;4;6.0;61;Houborg et al. (2023);Experiment 1;Orientation;1;18;;;;;1;4
11;106;113;7;2.02825279999524;4;-6.0;62;Houborg et al. (2023);Experiment 1;Orientation;1;18;;;;;2;4
11;93;100;7;3.42944079916924;4;13.0;63;Houborg et al. (2023);Experiment 1;Orientation;1;18;;;;;3;4
11;15;24;9;2.12841240037233;4;78.0;64;Houborg et al. (2023);Experiment 1;Orientation;1;18;;;;;4;4
11;130;123;-7;2.79554400034249;4;65.0;65;Houborg et al. (2023);Experiment 1;Orientation;1;18;65.0;-37.0;-24.0;-30.0;5;4
11;180;15;15;4.54697259981185;4;-50.0;66;Houborg et al. (2023);Experiment 1;Orientation;1;18;-50.0;15.0;-87.0;-74.0;6;4
11;64;59;-5;1.96157839987427;4;-64.0;67;Houborg et al. (2023);Experiment 1;Orientation;1;18;-64.0;66.0;-49.0;29.0;7;4
11;175;160;-15;2.51177860051394;4;69.0;68;Houborg et al. (2023);Experiment 1;Orientation;1;18;69.0;5.0;-45.0;20.0;8;4
11;63;59;-4;3.14582439977676;4;-68.0;69;Houborg et al. (2023);Experiment 1;Orientation;1;18;-68.0;1.0;-63.0;67.0;9;4
11;160;149;-11;2.1115529993549;4;83.0;70;Houborg et al. (2023);Experiment 1;Orientation;1;18;83.0;15.0;84.0;20.0;10;4
11;82;52;-30;2.22834330052137;4;78.0;71;Houborg et al. (2023);Experiment 1;Orientation;1;18;78.0;-19.0;-87.0;-18.0;11;4
11;75;60;-15;1.54428459983319;4;7.0;72;Houborg et al. (2023);Experiment 1;Orientation;1;18;7.0;85.0;-12.0;-80.0;12;4
11;40;35;-5;1.29415730014443;4;35.0;73;Houborg et al. (2023);Experiment 1;Orientation;1;18;35.0;42.0;-60.0;23.0;13;4
11;23;30;7;3.09570020064712;4;17.0;74;Houborg et al. (2023);Experiment 1;Orientation;1;18;17.0;52.0;59.0;-43.0;14;4
11;56;47;-9;3.14566180016845;4;-33.0;75;Houborg et al. (2023);Experiment 1;Orientation;1;18;-33.0;-16.0;19.0;26.0;15;4
11;131;117;-14;2.82887169998139;4;-75.0;76;Houborg et al. (2023);Experiment 1;Orientation;1;18;-75.0;72.0;89.0;-56.0;16;4
11;141;132;-9;1.76119150035083;4;-10.0;77;Houborg et al. (2023);Experiment 1;Orientation;1;18;-10.0;-85.0;62.0;79.0;17;4
11;125;130;5;3.17902280017734;4;16.0;78;Houborg et al. (2023);Experiment 1;Orientation;1;18;16.0;6.0;-69.0;78.0;18;4
11;2;12;10;4.81372459977865;4;-57.0;79;Houborg et al. (2023);Experiment 1;Orientation;1;18;-57.0;-41.0;-51.0;54.0;19;4
11;152;152;0;2.2282005995512;4;30.0;80;Houborg et al. (2023);Experiment 1;Orientation;1;18;30.0;-27.0;-11.0;-21.0;20;4
11;167;154;-13;2.19494089949876;5;-15.0;81;Houborg et al. (2023);Experiment 1;Orientation;1;18;;;;;1;5
11;139;136;-3;2.12828900013119;5;28.0;82;Houborg et al. (2023);Experiment 1;Orientation;1;18;;;;;2;5
11;8;12;4;2.37870969995856;5;-49.0;83;Houborg et al. (2023);Experiment 1;Orientation;1;18;;;;;3;5
11;69;59;-10;7.56613019946963;5;-61.0;84;Houborg et al. (2023);Experiment 1;Orientation;1;18;;;;;4;5
11;127;117;-10;2.57855949923396;5;-58.0;85;Houborg et al. (2023);Experiment 1;Orientation;1;18;-58.0;61.0;12.0;40.0;5;5
11;132;121;-11;2.5284536993131;5;-5.0;86;Houborg et al. (2023);Experiment 1;Orientation;1;18;-5.0;-63.0;56.0;7.0;6;5
11;41;46;5;1.69452639948577;5;-89.0;87;Houborg et al. (2023);Experiment 1;Orientation;1;18;-89.0;86.0;28.0;-33.0;7;5
11;49;50;1;2.54521859996021;5;-8.0;88;Houborg et al. (2023);Experiment 1;Orientation;1;18;-8.0;83.0;78.0;20.0;8;5
11;122;117;-5;2.04489810019732;5;-73.0;89;Houborg et al. (2023);Experiment 1;Orientation;1;18;-73.0;-81.0;10.0;5.0;9;5
11;86;77;-9;7.68269190005958;5;36.0;90;Houborg et al. (2023);Experiment 1;Orientation;1;18;36.0;-37.0;-45.0;46.0;10;5
11;113;112;-1;3.91316420026124;5;-27.0;91;Houborg et al. (2023);Experiment 1;Orientation;1;18;-27.0;9.0;-64.0;-72.0;11;5
11;43;55;12;1.66124039981514;5;70.0;92;Houborg et al. (2023);Experiment 1;Orientation;1;18;70.0;43.0;79.0;6.0;12;5
11;32;41;9;2.26162560004741;5;11.0;93;Houborg et al. (2023);Experiment 1;Orientation;1;18;11.0;81.0;54.0;90.0;13;5
11;150;143;-7;2.97907670028508;5;62.0;94;Houborg et al. (2023);Experiment 1;Orientation;1;18;62.0;73.0;-37.0;-64.0;14;5
11;139;137;-2;3.24583890009671;5;11.0;95;Houborg et al. (2023);Experiment 1;Orientation;1;18;11.0;73.0;84.0;-26.0;15;5
11;169;149;-20;1.92804669961333;5;-30.0;96;Houborg et al. (2023);Experiment 1;Orientation;1;18;-30.0;-19.0;43.0;54.0;16;5
11;20;34;14;1.84455570019782;5;-31.0;97;Houborg et al. (2023);Experiment 1;Orientation;1;18;-31.0;-61.0;-50.0;12.0;17;5
11;33;30;-3;3.47924859914929;5;-13.0;98;Houborg et al. (2023);Experiment 1;Orientation;1;18;-13.0;-44.0;-74.0;-63.0;18;5
11;18;29;11;1.71124649979174;5;15.0;99;Houborg et al. (2023);Experiment 1;Orientation;1;18;15.0;2.0;-29.0;-59.0;19;5
11;89;83;-6;2.72898010071367;5;-71.0;100;Houborg et al. (2023);Experiment 1;Orientation;1;18;-71.0;-56.0;-69.0;80.0;20;5
11;35;53;18;1.76129049994051;6;54.0;101;Houborg et al. (2023);Experiment 1;Orientation;1;18;;;;;1;6
11;162;148;-14;1.44436820037663;6;53.0;102;Houborg et al. (2023);Experiment 1;Orientation;1;18;;;;;2;6
11;18;35;17;2.01154209952801;6;-36.0;103;Houborg et al. (2023);Experiment 1;Orientation;1;18;;;;;3;6
11;8;28;20;1.84470050036907;6;10.0;104;Houborg et al. (2023);Experiment 1;Orientation;1;18;;;;;4;6
11;101;114;13;2.82891560066491;6;87.0;105;Houborg et al. (2023);Experiment 1;Orientation;1;18;87.0;-83.0;61.0;-66.0;5;6
11;140;125;-15;1.69438230060041;6;-39.0;106;Houborg et al. (2023);Experiment 1;Orientation;1;18;-39.0;48.0;58.0;22.0;6;6
11;57;63;6;2.37851959932595;6;83.0;107;Houborg et al. (2023);Experiment 1;Orientation;1;18;83.0;44.0;-49.0;-39.0;7;6
11;33;33;0;2.19487060047686;6;24.0;108;Houborg et al. (2023);Experiment 1;Orientation;1;18;24.0;-73.0;68.0;-25.0;8;6
11;62;53;-9;2.0616792999208;6;-29.0;109;Houborg et al. (2023);Experiment 1;Orientation;1;18;-29.0;-5.0;78.0;39.0;9;6
11;38;45;7;1.81133669987321;6;24.0;110;Houborg et al. (2023);Experiment 1;Orientation;1;18;24.0;-5.0;19.0;-78.0;10;6
11;92;90;-2;1.82804359961301;6;-54.0;111;Houborg et al. (2023);Experiment 1;Orientation;1;18;-54.0;-30.0;-59.0;-35.0;11;6
11;164;158;-6;2.21173710003495;6;-72.0;112;Houborg et al. (2023);Experiment 1;Orientation;1;18;-72.0;54.0;78.0;49.0;12;6
11;114;121;7;2.01158389914781;6;50.0;113;Houborg et al. (2023);Experiment 1;Orientation;1;18;50.0;-22.0;-76.0;-52.0;13;6
11;19;21;2;3.41231309995055;6;-85.0;114;Houborg et al. (2023);Experiment 1;Orientation;1;18;-85.0;-35.0;73.0;19.0;14;6
11;71;56;-15;2.0616450002417;6;-52.0;115;Houborg et al. (2023);Experiment 1;Orientation;1;18;-52.0;43.0;-87.0;21.0;15;6
11;10;24;14;3.64618089981377;6;61.0;116;Houborg et al. (2023);Experiment 1;Orientation;1;18;61.0;9.0;-76.0;-26.0;16;6
11;91;84;-7;2.94545399956405;6;-81.0;117;Houborg et al. (2023);Experiment 1;Orientation;1;18;-81.0;-20.0;-72.0;23.0;17;6
11;78;79;1;3.44615990016609;6;13.0;118;Houborg et al. (2023);Experiment 1;Orientation;1;18;13.0;-68.0;-7.0;-59.0;18;6
11;180;1;1;2.02820559963584;6;78.0;119;Houborg et al. (2023);Experiment 1;Orientation;1;18;78.0;-89.0;10.0;71.0;19;6
11;147;147;0;2.26169090066105;6;33.0;120;Houborg et al. (2023);Experiment 1;Orientation;1;18;33.0;-69.0;-56.0;43.0;20;6
11;88;101;13;2.02836320083588;7;59.0;121;Houborg et al. (2023);Experiment 1;Orientation;1;18;;;;;1;7
11;162;158;-4;1.82793600019068;7;-74.0;122;Houborg et al. (2023);Experiment 1;Orientation;1;18;;;;;2;7
11;25;38;13;2.3282511997968;7;-43.0;123;Houborg et al. (2023);Experiment 1;Orientation;1;18;;;;;3;7
11;71;73;2;2.11179700028151;7;-46.0;124;Houborg et al. (2023);Experiment 1;Orientation;1;18;;;;;4;7
11;167;163;-4;2.34494039975107;7;84.0;125;Houborg et al. (2023);Experiment 1;Orientation;1;18;84.0;38.0;-5.0;-79.0;5;7
11;166;151;-15;1.89492719992995;7;1.0;126;Houborg et al. (2023);Experiment 1;Orientation;1;18;1.0;85.0;39.0;-4.0;6;7
11;129;119;-10;3.37940459977835;7;37.0;127;Houborg et al. (2023);Experiment 1;Orientation;1;18;37.0;38.0;-58.0;76.0;7;7
11;112;113;1;1.84467149991542;7;17.0;128;Houborg et al. (2023);Experiment 1;Orientation;1;18;17.0;54.0;55.0;-41.0;8;7
11;62;68;6;2.77874469943345;7;50.0;129;Houborg et al. (2023);Experiment 1;Orientation;1;18;50.0;67.0;-76.0;-75.0;9;7
11;169;163;-6;2.76215850003064;7;73.0;130;Houborg et al. (2023);Experiment 1;Orientation;1;18;73.0;-57.0;-40.0;-3.0;10;7
11;23;28;5;2.24468400049955;7;-34.0;131;Houborg et al. (2023);Experiment 1;Orientation;1;18;-34.0;39.0;89.0;-74.0;11;7
11;132;139;7;2.31153799965978;7;71.0;132;Houborg et al. (2023);Experiment 1;Orientation;1;18;71.0;37.0;-70.0;-20.0;12;7
11;117;128;11;2.17845980077982;7;15.0;133;Houborg et al. (2023);Experiment 1;Orientation;1;18;15.0;86.0;52.0;-55.0;13;7
11;150;144;-6;2.71215669997036;7;-33.0;134;Houborg et al. (2023);Experiment 1;Orientation;1;18;-33.0;-18.0;53.0;19.0;14;7
11;72;66;-6;2.42859940044582;7;78.0;135;Houborg et al. (2023);Experiment 1;Orientation;1;18;78.0;45.0;60.0;-49.0;15;7
11;135;139;4;2.21177120041102;7;-63.0;136;Houborg et al. (2023);Experiment 1;Orientation;1;18;-63.0;15.0;-18.0;-3.0;16;7
11;151;137;-14;1.62790210079402;7;-16.0;137;Houborg et al. (2023);Experiment 1;Orientation;1;18;-16.0;-79.0;-1.0;-34.0;17;7
11;59;56;-3;1.71128250006586;7;-88.0;138;Houborg et al. (2023);Experiment 1;Orientation;1;18;-88.0;76.0;13.0;-89.0;18;7
11;100;101;1;3.51269100047648;7;-41.0;139;Houborg et al. (2023);Experiment 1;Orientation;1;18;-41.0;51.0;35.0;-28.0;19;7
11;177;172;-5;2.49519640021026;7;-77.0;140;Houborg et al. (2023);Experiment 1;Orientation;1;18;-77.0;62.0;-26.0;-42.0;20;7
11;99;110;11;1.64425669983029;8;78.0;141;Houborg et al. (2023);Experiment 1;Orientation;1;18;;;;;1;8
11;60;64;4;1.64449169952422;8;39.0;142;Houborg et al. (2023);Experiment 1;Orientation;1;18;;;;;2;8
11;112;116;4;2.42831810005009;8;-52.0;143;Houborg et al. (2023);Experiment 1;Orientation;1;18;;;;;3;8
11;65;71;6;1.44423650018871;8;47.0;144;Houborg et al. (2023);Experiment 1;Orientation;1;18;;;;;4;8
11;137;122;-15;1.59449720010161;8;-72.0;145;Houborg et al. (2023);Experiment 1;Orientation;1;18;-72.0;-25.0;-77.0;-38.0;5;8
11;75;73;-2;2.76226210035384;8;62.0;146;Houborg et al. (2023);Experiment 1;Orientation;1;18;62.0;-10.0;37.0;-15.0;6;8
11;89;92;3;3.26274870056659;8;-14.0;147;Houborg et al. (2023);Experiment 1;Orientation;1;18;-14.0;48.0;-24.0;23.0;7;8
11;126;111;-15;2.3117202995345;8;-37.0;148;Houborg et al. (2023);Experiment 1;Orientation;1;18;-37.0;-51.0;11.0;-61.0;8;8
11;176;177;1;1.69473570026457;8;-50.0;149;Houborg et al. (2023);Experiment 1;Orientation;1;18;-50.0;-87.0;79.0;-39.0;9;8
11;59;55;-4;3.59663600008935;8;-63.0;150;Houborg et al. (2023);Experiment 1;Orientation;1;18;-63.0;67.0;30.0;16.0;10;8
11;151;150;-1;3.86307800002396;8;88.0;151;Houborg et al. (2023);Experiment 1;Orientation;1;18;88.0;25.0;-25.0;-62.0;11;8
11;134;132;-2;2.22830849979073;8;17.0;152;Houborg et al. (2023);Experiment 1;Orientation;1;18;17.0;-75.0;42.0;-8.0;12;8
11;172;161;-11;3.27902370039374;8;-38.0;153;Houborg et al. (2023);Experiment 1;Orientation;1;18;-38.0;-21.0;67.0;4.0;13;8
11;6;26;20;2.47854050062597;8;-14.0;154;Houborg et al. (2023);Experiment 1;Orientation;1;18;-14.0;-52.0;-35.0;53.0;14;8
11;65;66;1;3.61296449974179;8;-59.0;155;Houborg et al. (2023);Experiment 1;Orientation;1;18;-59.0;-73.0;69.0;86.0;15;8
11;120;117;-3;2.01160040032119;8;-55.0;156;Houborg et al. (2023);Experiment 1;Orientation;1;18;-55.0;66.0;52.0;14.0;16;8
11;51;54;3;1.89469849970192;8;69.0;157;Houborg et al. (2023);Experiment 1;Orientation;1;18;69.0;14.0;-45.0;-59.0;17;8
11;42;45;3;2.47864289954305;8;9.0;158;Houborg et al. (2023);Experiment 1;Orientation;1;18;9.0;78.0;23.0;-36.0;18;8
11;129;129;0;1.81131000071764;8;-87.0;159;Houborg et al. (2023);Experiment 1;Orientation;1;18;-87.0;-78.0;-9.0;-64.0;19;8
11;113;113;0;1.81140280049294;8;16.0;160;Houborg et al. (2023);Experiment 1;Orientation;1;18;16.0;-71.0;-62.0;7.0;20;8
11;107;110;3;2.16162010002881;9;6.0;161;Houborg et al. (2023);Experiment 1;Orientation;1;18;;;;;1;9
11;119;112;-7;2.71229200065136;9;-12.0;162;Houborg et al. (2023);Experiment 1;Orientation;1;18;;;;;2;9
11;9;25;16;3.66277770046145;9;-70.0;163;Houborg et al. (2023);Experiment 1;Orientation;1;18;;;;;3;9
11;63;52;-11;1.37758009973913;9;-54.0;164;Houborg et al. (2023);Experiment 1;Orientation;1;18;;;;;4;9
11;82;65;-17;2.61191430035979;9;-19.0;165;Houborg et al. (2023);Experiment 1;Orientation;1;18;-19.0;-73.0;37.0;25.0;5;9
11;44;54;10;2.26178599987179;9;38.0;166;Houborg et al. (2023);Experiment 1;Orientation;1;18;38.0;19.0;-35.0;75.0;6;9
11;129;120;-9;1.91159270051867;9;-85.0;167;Houborg et al. (2023);Experiment 1;Orientation;1;18;-85.0;-47.0;-66.0;60.0;7;9
11;155;137;-18;3.51285259984434;9;-26.0;168;Houborg et al. (2023);Experiment 1;Orientation;1;18;-26.0;69.0;-73.0;88.0;8;9
11;51;53;2;1.97796289995313;9;-76.0;169;Houborg et al. (2023);Experiment 1;Orientation;1;18;-76.0;78.0;-7.0;31.0;9;9
11;132;143;11;3.37940459977835;9;-81.0;170;Houborg et al. (2023);Experiment 1;Orientation;1;18;-81.0;23.0;-3.0;-88.0;10;9
11;25;37;12;1.41102149989456;9;-73.0;171;Houborg et al. (2023);Experiment 1;Orientation;1;18;-73.0;26.0;-50.0;-76.0;11;9
11;151;141;-10;3.11253890022635;9;54.0;172;Houborg et al. (2023);Experiment 1;Orientation;1;18;54.0;-19.0;80.0;4.0;12;9
11;25;37;12;2.97901879996061;9;-54.0;173;Houborg et al. (2023);Experiment 1;Orientation;1;18;-54.0;0.0;-73.0;26.0;13;9
11;106;112;6;1.46093130018562;9;-81.0;174;Houborg et al. (2023);Experiment 1;Orientation;1;18;-81.0;45.0;-81.0;26.0;14;9
11;66;69;3;2.29495410062373;9;40.0;175;Houborg et al. (2023);Experiment 1;Orientation;1;18;40.0;-41.0;85.0;-41.0;15;9
11;146;144;-2;1.81127189937979;9;-80.0;176;Houborg et al. (2023);Experiment 1;Orientation;1;18;-80.0;-40.0;59.0;5.0;16;9
11;91;95;4;4.38006930053234;9;55.0;177;Houborg et al. (2023);Experiment 1;Orientation;1;18;55.0;-25.0;15.0;-66.0;17;9
11;89;90;1;1.79453830048442;9;2.0;178;Houborg et al. (2023);Experiment 1;Orientation;1;18;2.0;57.0;-23.0;17.0;18;9
11;158;150;-8;2.31185299996287;9;-69.0;179;Houborg et al. (2023);Experiment 1;Orientation;1;18;-69.0;-67.0;-12.0;88.0;19;9
11;64;72;8;1.54445669986308;9;-86.0;180;Houborg et al. (2023);Experiment 1;Orientation;1;18;-86.0;25.0;27.0;82.0;20;9
11;81;65;-16;1.4445102000609;10;-17.0;181;Houborg et al. (2023);Experiment 1;Orientation;1;18;;;;;1;10
11;174;157;-17;1.66102899983525;10;87.0;182;Houborg et al. (2023);Experiment 1;Orientation;1;18;;;;;2;10
11;8;169;-19;2.59519460052252;10;-14.0;183;Houborg et al. (2023);Experiment 1;Orientation;1;18;;;;;3;10
11;176;169;-7;3.11201869975775;10;12.0;184;Houborg et al. (2023);Experiment 1;Orientation;1;18;;;;;4;10
11;35;38;3;3.07891849987209;10;-39.0;185;Houborg et al. (2023);Experiment 1;Orientation;1;18;-39.0;-27.0;-41.0;46.0;5;10
11;121;128;7;1.92814179975539;10;-86.0;186;Houborg et al. (2023);Experiment 1;Orientation;1;18;-86.0;55.0;67.0;53.0;6;10
11;106;112;6;2.37859679944813;10;15.0;187;Houborg et al. (2023);Experiment 1;Orientation;1;18;15.0;-71.0;70.0;82.0;7;10
11;122;119;-3;2.21162020042539;10;-16.0;188;Houborg et al. (2023);Experiment 1;Orientation;1;18;-16.0;-1.0;-87.0;54.0;8;10
11;65;54;-11;4.58003100007772;10;57.0;189;Houborg et al. (2023);Experiment 1;Orientation;1;18;57.0;41.0;56.0;-30.0;9;10
11;112;117;5;2.74516279995441;10;-47.0;190;Houborg et al. (2023);Experiment 1;Orientation;1;18;-47.0;10.0;-6.0;9.0;10;10
11;147;135;-12;3.77956310007721;10;-35.0;191;Houborg et al. (2023);Experiment 1;Orientation;1;18;-35.0;-82.0;-25.0;-41.0;11;10
11;4;8;4;2.82894490007311;10;-37.0;192;Houborg et al. (2023);Experiment 1;Orientation;1;18;-37.0;-72.0;61.0;-62.0;12;10
11;16;26;10;2.92890759930015;10;-12.0;193;Houborg et al. (2023);Experiment 1;Orientation;1;18;-12.0;-49.0;-84.0;49.0;13;10
11;176;173;-3;4.43023819942027;10;20.0;194;Houborg et al. (2023);Experiment 1;Orientation;1;18;20.0;8.0;-29.0;-64.0;14;10
11;118;126;8;2.89554789941758;10;58.0;195;Houborg et al. (2023);Experiment 1;Orientation;1;18;58.0;78.0;66.0;29.0;15;10
11;42;47;5;1.41127999965101;10;76.0;196;Houborg et al. (2023);Experiment 1;Orientation;1;18;76.0;-46.0;-26.0;-38.0;16;10
11;73;57;-16;2.02819040045142;10;-31.0;197;Houborg et al. (2023);Experiment 1;Orientation;1;18;-31.0;45.0;-77.0;-57.0;17;10
11;22;31;9;1.47781980037689;10;51.0;198;Houborg et al. (2023);Experiment 1;Orientation;1;18;51.0;20.0;-84.0;-26.0;18;10
11;49;47;-2;2.02810790017247;10;-27.0;199;Houborg et al. (2023);Experiment 1;Orientation;1;18;-27.0;24.0;-7.0;69.0;19;10
11;47;44;-3;1.66130889952183;10;2.0;200;Houborg et al. (2023);Experiment 1;Orientation;1;18;2.0;-25.0;26.0;-5.0;20;10
12;33;47;14;1.66127219982445;1;;1;Houborg et al. (2023);Experiment 1;Orientation;1;18;;;;;1;1
12;9;24;15;1.54451789986342;1;24.0;2;Houborg et al. (2023);Experiment 1;Orientation;1;18;;;;;2;1
12;131;46;-85;2.26180199999362;1;58.0;3;Houborg et al. (2023);Experiment 1;Orientation;1;18;;;;;3;1
12;63;58;-5;1.59463980048895;1;68.0;4;Houborg et al. (2023);Experiment 1;Orientation;1;18;;;;;4;1
12;119;136;17;2.54517680034041;1;-56.0;5;Houborg et al. (2023);Experiment 1;Orientation;1;18;-56.0;12.0;70.0;-86.0;5;1
12;70;133;63;1.74461629986763;1;49.0;6;Houborg et al. (2023);Experiment 1;Orientation;1;18;49.0;-7.0;61.0;-61.0;6;1
12;113;67;-46;1.62785150017589;1;-43.0;7;Houborg et al. (2023);Experiment 1;Orientation;1;18;-43.0;6.0;-50.0;18.0;7;1
12;4;55;51;2.8456792999059;1;-71.0;8;Houborg et al. (2023);Experiment 1;Orientation;1;18;-71.0;66.0;-65.0;59.0;8;1
12;164;141;-23;1.86147050000727;1;20.0;9;Houborg et al. (2023);Experiment 1;Orientation;1;18;20.0;-51.0;86.0;-45.0;9;1
12;145;130;-15;2.51199520006776;1;19.0;10;Houborg et al. (2023);Experiment 1;Orientation;1;18;19.0;39.0;-32.0;-75.0;10;1
12;135;130;-5;1.52782020065933;1;10.0;11;Houborg et al. (2023);Experiment 1;Orientation;1;18;10.0;29.0;49.0;-22.0;11;1
12;147;54;87;1.36090740002692;1;-12.0;12;Houborg et al. (2023);Experiment 1;Orientation;1;18;-12.0;-2.0;17.0;37.0;12;1
12;69;70;1;1.94468919932842;1;78.0;13;Houborg et al. (2023);Experiment 1;Orientation;1;18;78.0;66.0;76.0;-85.0;13;1
12;112;116;4;1.94471099972725;1;-43.0;14;Houborg et al. (2023);Experiment 1;Orientation;1;18;-43.0;35.0;23.0;33.0;14;1
12;104;76;-28;1.74467690009624;1;8.0;15;Houborg et al. (2023);Experiment 1;Orientation;1;18;8.0;-35.0;43.0;31.0;15;1
12;96;122;26;1.52795249968767;1;8.0;16;Houborg et al. (2023);Experiment 1;Orientation;1;18;8.0;16.0;-27.0;51.0;16;1
12;50;65;15;2.87907759938389;1;46.0;17;Houborg et al. (2023);Experiment 1;Orientation;1;18;46.0;54.0;62.0;19.0;17;1
12;45;56;11;2.42842079978436;1;5.0;18;Houborg et al. (2023);Experiment 1;Orientation;1;18;5.0;51.0;59.0;67.0;18;1
12;82;68;-14;2.11152550019324;1;-37.0;19;Houborg et al. (2023);Experiment 1;Orientation;1;18;-37.0;-32.0;14.0;22.0;19;1
12;41;139;-82;1.84463990014046;1;41.0;20;Houborg et al. (2023);Experiment 1;Orientation;1;18;41.0;4.0;9.0;55.0;20;1
12;145;134;-11;1.8615282997489;2;76.0;21;Houborg et al. (2023);Experiment 1;Orientation;1;18;;;;;1;2
12;178;67;69;2.64551229961216;2;-33.0;22;Houborg et al. (2023);Experiment 1;Orientation;1;18;;;;;2;2
12;6;20;14;2.34517360012978;2;-8.0;23;Houborg et al. (2023);Experiment 1;Orientation;1;18;;;;;3;2
12;97;73;-24;3.02861779928207;2;89.0;24;Houborg et al. (2023);Experiment 1;Orientation;1;18;;;;;4;2
12;16;51;35;2.36179460026324;2;81.0;25;Houborg et al. (2023);Experiment 1;Orientation;1;18;81.0;-10.0;-18.0;-51.0;5;2
12;145;153;8;3.06258310005069;2;51.0;26;Houborg et al. (2023);Experiment 1;Orientation;1;18;51.0;-48.0;41.0;33.0;6;2
12;179;174;-5;2.39525359962136;2;-34.0;27;Houborg et al. (2023);Experiment 1;Orientation;1;18;-34.0;17.0;-82.0;7.0;7;2
12;13;34;21;1.71140149980783;2;-14.0;28;Houborg et al. (2023);Experiment 1;Orientation;1;18;-14.0;-48.0;3.0;84.0;8;2
12;170;165;-5;1.91135609988123;2;23.0;29;Houborg et al. (2023);Experiment 1;Orientation;1;18;23.0;9.0;-25.0;26.0;9;2
12;4;21;17;2.27817759942263;2;-14.0;30;Houborg et al. (2023);Experiment 1;Orientation;1;18;-14.0;9.0;-5.0;-39.0;10;2
12;124;127;3;2.32860920019448;2;60.0;31;Houborg et al. (2023);Experiment 1;Orientation;1;18;60.0;46.0;69.0;55.0;11;2
12;142;141;-1;3.02929429989308;2;-18.0;32;Houborg et al. (2023);Experiment 1;Orientation;1;18;-18.0;42.0;28.0;51.0;12;2
12;97;123;26;1.37768179923296;2;45.0;33;Houborg et al. (2023);Experiment 1;Orientation;1;18;45.0;27.0;87.0;73.0;13;2
12;160;156;-4;1.82803650014102;2;-63.0;34;Houborg et al. (2023);Experiment 1;Orientation;1;18;-63.0;-18.0;-36.0;24.0;14;2
12;162;169;7;2.09503019973636;2;-2.0;35;Houborg et al. (2023);Experiment 1;Orientation;1;18;-2.0;-65.0;-20.0;-38.0;15;2
12;113;122;9;2.02804290037602;2;49.0;36;Houborg et al. (2023);Experiment 1;Orientation;1;18;49.0;47.0;-16.0;29.0;16;2
12;25;37;12;2.2616916000843;2;88.0;37;Houborg et al. (2023);Experiment 1;Orientation;1;18;88.0;-43.0;-45.0;72.0;17;2
12;40;53;13;1.61129250004888;2;-15.0;38;Houborg et al. (2023);Experiment 1;Orientation;1;18;-15.0;73.0;-58.0;-60.0;18;2
12;33;140;-73;2.42849369999021;2;7.0;39;Houborg et al. (2023);Experiment 1;Orientation;1;18;7.0;-8.0;80.0;-51.0;19;2
12;8;29;21;1.94479409977794;2;25.0;40;Houborg et al. (2023);Experiment 1;Orientation;1;18;25.0;32.0;17.0;-75.0;20;2
12;20;40;20;2.02810960076749;3;-12.0;41;Houborg et al. (2023);Experiment 1;Orientation;1;18;;;;;1;3
12;111;117;6;1.82785809971392;3;89.0;42;Houborg et al. (2023);Experiment 1;Orientation;1;18;;;;;2;3
12;170;155;-15;1.74447380006313;3;-59.0;43;Houborg et al. (2023);Experiment 1;Orientation;1;18;;;;;3;3
12;64;45;-19;2.66205639950931;3;-74.0;44;Houborg et al. (2023);Experiment 1;Orientation;1;18;;;;;4;3
12;74;77;3;1.842897599563;3;-10.0;45;Houborg et al. (2023);Experiment 1;Orientation;1;18;-10.0;-84.0;37.0;-54.0;5;3
12;178;82;84;2.37838049978018;3;76.0;46;Houborg et al. (2023);Experiment 1;Orientation;1;18;76.0;66.0;-8.0;-67.0;6;3
12;171;48;57;1.71130389999598;3;7.0;47;Houborg et al. (2023);Experiment 1;Orientation;1;18;7.0;83.0;73.0;-1.0;7;3
12;122;131;9;1.87806699983776;3;49.0;48;Houborg et al. (2023);Experiment 1;Orientation;1;18;49.0;56.0;-48.0;-58.0;8;3
12;178;138;-40;1.32759920042008;3;-56.0;49;Houborg et al. (2023);Experiment 1;Orientation;1;18;-56.0;-7.0;0.0;76.0;9;3
12;139;126;-13;3.81296070013195;3;39.0;50;Houborg et al. (2023);Experiment 1;Orientation;1;18;39.0;-17.0;32.0;39.0;10;3
12;61;70;9;2.82881779968739;3;78.0;51;Houborg et al. (2023);Experiment 1;Orientation;1;18;78.0;-63.0;61.0;-70.0;11;3
12;120;123;3;1.62778900004923;3;-59.0;52;Houborg et al. (2023);Experiment 1;Orientation;1;18;-59.0;19.0;58.0;2.0;12;3
12;44;58;14;2.07820510026067;3;76.0;53;Houborg et al. (2023);Experiment 1;Orientation;1;18;76.0;17.0;-85.0;-46.0;13;3
12;54;120;66;1.34422290045768;3;-10.0;54;Houborg et al. (2023);Experiment 1;Orientation;1;18;-10.0;66.0;7.0;85.0;14;3
12;123;121;-2;2.97907519992441;3;-69.0;55;Houborg et al. (2023);Experiment 1;Orientation;1;18;-69.0;-79.0;-3.0;-62.0;15;3
12;96;118;22;1.29432510025799;3;27.0;56;Houborg et al. (2023);Experiment 1;Orientation;1;18;27.0;-42.0;-52.0;24.0;16;3
12;75;73;-2;2.16169760003686;3;21.0;57;Houborg et al. (2023);Experiment 1;Orientation;1;18;21.0;48.0;-21.0;-31.0;17;3
12;109;124;15;1.85948949959129;3;-34.0;58;Houborg et al. (2023);Experiment 1;Orientation;1;18;-34.0;-13.0;14.0;-55.0;18;3
12;136;50;-86;2.22847869992256;3;-27.0;59;Houborg et al. (2023);Experiment 1;Orientation;1;18;-27.0;-61.0;-40.0;-13.0;19;3
12;106;65;-41;1.62794820033014;3;30.0;60;Houborg et al. (2023);Experiment 1;Orientation;1;18;30.0;3.0;-31.0;-10.0;20;3
12;100;118;18;1.67791950050741;4;6.0;61;Houborg et al. (2023);Experiment 1;Orientation;1;18;;;;;1;4
12;106;120;14;1.56128870043904;4;-6.0;62;Houborg et al. (2023);Experiment 1;Orientation;1;18;;;;;2;4
12;93;105;12;1.49457679968327;4;13.0;63;Houborg et al. (2023);Experiment 1;Orientation;1;18;;;;;3;4
12;15;123;-72;1.72805819939822;4;78.0;64;Houborg et al. (2023);Experiment 1;Orientation;1;18;;;;;4;4
12;130;54;-76;2.3286356003955;4;65.0;65;Houborg et al. (2023);Experiment 1;Orientation;1;18;65.0;-37.0;-24.0;-30.0;5;4
12;180;17;17;2.24518560059369;4;-50.0;66;Houborg et al. (2023);Experiment 1;Orientation;1;18;-50.0;15.0;-87.0;-74.0;6;4
12;64;60;-4;2.19522710051388;4;-64.0;67;Houborg et al. (2023);Experiment 1;Orientation;1;18;-64.0;66.0;-49.0;29.0;7;4
12;175;161;-14;1.71121700014919;4;69.0;68;Houborg et al. (2023);Experiment 1;Orientation;1;18;69.0;5.0;-45.0;20.0;8;4
12;63;53;-10;2.47870979923755;4;-68.0;69;Houborg et al. (2023);Experiment 1;Orientation;1;18;-68.0;1.0;-63.0;67.0;9;4
12;160;146;-14;3.31255150027573;4;83.0;70;Houborg et al. (2023);Experiment 1;Orientation;1;18;83.0;15.0;84.0;20.0;10;4
12;82;71;-11;2.86224640067667;4;78.0;71;Houborg et al. (2023);Experiment 1;Orientation;1;18;78.0;-19.0;-87.0;-18.0;11;4
12;75;70;-5;1.9449172001332;4;7.0;72;Houborg et al. (2023);Experiment 1;Orientation;1;18;7.0;85.0;-12.0;-80.0;12;4
12;40;43;3;1.52790290024132;4;35.0;73;Houborg et al. (2023);Experiment 1;Orientation;1;18;35.0;42.0;-60.0;23.0;13;4
12;23;42;19;1.67798649985343;4;17.0;74;Houborg et al. (2023);Experiment 1;Orientation;1;18;17.0;52.0;59.0;-43.0;14;4
12;56;44;-12;1.7778222002089;4;-33.0;75;Houborg et al. (2023);Experiment 1;Orientation;1;18;-33.0;-16.0;19.0;26.0;15;4
12;131;146;15;1.8112914999947;4;-75.0;76;Houborg et al. (2023);Experiment 1;Orientation;1;18;-75.0;72.0;89.0;-56.0;16;4
12;141;130;-11;2.0114542003721;4;-10.0;77;Houborg et al. (2023);Experiment 1;Orientation;1;18;-10.0;-85.0;62.0;79.0;17;4
12;125;128;3;2.8122551003471;4;16.0;78;Houborg et al. (2023);Experiment 1;Orientation;1;18;16.0;6.0;-69.0;78.0;18;4
12;2;28;26;1.42751900013536;4;-57.0;79;Houborg et al. (2023);Experiment 1;Orientation;1;18;-57.0;-41.0;-51.0;54.0;19;4
12;152;144;-8;1.57782969996333;4;30.0;80;Houborg et al. (2023);Experiment 1;Orientation;1;18;30.0;-27.0;-11.0;-21.0;20;4
12;167;139;-28;2.82891899999231;5;-15.0;81;Houborg et al. (2023);Experiment 1;Orientation;1;18;;;;;1;5
12;139;39;80;1.47759469971061;5;28.0;82;Houborg et al. (2023);Experiment 1;Orientation;1;18;;;;;2;5
12;8;17;9;3.64627019967884;5;-49.0;83;Houborg et al. (2023);Experiment 1;Orientation;1;18;;;;;3;5
12;69;121;52;2.66187479998916;5;-61.0;84;Houborg et al. (2023);Experiment 1;Orientation;1;18;;;;;4;5
12;127;58;-69;1.99497670028359;5;-58.0;85;Houborg et al. (2023);Experiment 1;Orientation;1;18;-58.0;61.0;12.0;40.0;5;5
12;132;123;-9;2.2284433003515;5;-5.0;86;Houborg et al. (2023);Experiment 1;Orientation;1;18;-5.0;-63.0;56.0;7.0;6;5
12;41;67;26;2.5621673995629;5;-89.0;87;Houborg et al. (2023);Experiment 1;Orientation;1;18;-89.0;86.0;28.0;-33.0;7;5
12;49;62;13;1.59459580015391;5;-8.0;88;Houborg et al. (2023);Experiment 1;Orientation;1;18;-8.0;83.0;78.0;20.0;8;5
12;122;124;2;1.66136649996042;5;-73.0;89;Houborg et al. (2023);Experiment 1;Orientation;1;18;-73.0;-81.0;10.0;5.0;9;5
12;86;71;-15;1.79473319929093;5;36.0;90;Houborg et al. (2023);Experiment 1;Orientation;1;18;36.0;-37.0;-45.0;46.0;10;5
12;113;112;-1;1.59460299927741;5;-27.0;91;Houborg et al. (2023);Experiment 1;Orientation;1;18;-27.0;9.0;-64.0;-72.0;11;5
12;43;59;16;2.17820429988205;5;70.0;92;Houborg et al. (2023);Experiment 1;Orientation;1;18;70.0;43.0;79.0;6.0;12;5
12;32;62;30;6.61521709989756;5;11.0;93;Houborg et al. (2023);Experiment 1;Orientation;1;18;11.0;81.0;54.0;90.0;13;5
12;150;133;-17;1.3610439999029;5;62.0;94;Houborg et al. (2023);Experiment 1;Orientation;1;18;62.0;73.0;-37.0;-64.0;14;5
12;139;61;-78;3.74639139976352;5;11.0;95;Houborg et al. (2023);Experiment 1;Orientation;1;18;11.0;73.0;84.0;-26.0;15;5
12;169;157;-12;1.72807459998876;5;-30.0;96;Houborg et al. (2023);Experiment 1;Orientation;1;18;-30.0;-19.0;43.0;54.0;16;5
12;20;30;10;2.47858460061252;5;-31.0;97;Houborg et al. (2023);Experiment 1;Orientation;1;18;-31.0;-61.0;-50.0;12.0;17;5
12;33;38;5;1.97812970075756;5;-13.0;98;Houborg et al. (2023);Experiment 1;Orientation;1;18;-13.0;-44.0;-74.0;-63.0;18;5
12;18;162;-36;2.311832299456;5;15.0;99;Houborg et al. (2023);Experiment 1;Orientation;1;18;15.0;2.0;-29.0;-59.0;19;5
12;89;99;10;1.79479950014502;5;-71.0;100;Houborg et al. (2023);Experiment 1;Orientation;1;18;-71.0;-56.0;-69.0;80.0;20;5
12;35;36;1;1.55971479974687;6;54.0;101;Houborg et al. (2023);Experiment 1;Orientation;1;18;;;;;1;6
12;162;157;-5;2.69540430046618;6;53.0;102;Houborg et al. (2023);Experiment 1;Orientation;1;18;;;;;2;6
12;18;31;13;1.82810060027987;6;-36.0;103;Houborg et al. (2023);Experiment 1;Orientation;1;18;;;;;3;6
12;8;13;5;2.16170970071107;6;10.0;104;Houborg et al. (2023);Experiment 1;Orientation;1;18;;;;;4;6
12;101;125;24;1.66133030038327;6;87.0;105;Houborg et al. (2023);Experiment 1;Orientation;1;18;87.0;-83.0;61.0;-66.0;5;6
12;140;139;-1;1.04415419977158;6;-39.0;106;Houborg et al. (2023);Experiment 1;Orientation;1;18;-39.0;48.0;58.0;22.0;6;6
12;57;68;11;2.27826240006834;6;83.0;107;Houborg et al. (2023);Experiment 1;Orientation;1;18;83.0;44.0;-49.0;-39.0;7;6
12;33;48;15;2.02803550008684;6;24.0;108;Houborg et al. (2023);Experiment 1;Orientation;1;18;24.0;-73.0;68.0;-25.0;8;6
12;62;66;4;2.06139380019158;6;-29.0;109;Houborg et al. (2023);Experiment 1;Orientation;1;18;-29.0;-5.0;78.0;39.0;9;6
12;38;50;12;1.2442513005808;6;24.0;110;Houborg et al. (2023);Experiment 1;Orientation;1;18;24.0;-5.0;19.0;-78.0;10;6
12;92;113;21;1.89453900046647;6;-54.0;111;Houborg et al. (2023);Experiment 1;Orientation;1;18;-54.0;-30.0;-59.0;-35.0;11;6
12;164;157;-7;1.5280879996717;6;-72.0;112;Houborg et al. (2023);Experiment 1;Orientation;1;18;-72.0;54.0;78.0;49.0;12;6
12;114;108;-6;1.39442399982363;6;50.0;113;Houborg et al. (2023);Experiment 1;Orientation;1;18;50.0;-22.0;-76.0;-52.0;13;6
12;19;35;16;1.72785199992359;6;-85.0;114;Houborg et al. (2023);Experiment 1;Orientation;1;18;-85.0;-35.0;73.0;19.0;14;6
12;71;49;-22;0.943965799175203;6;-52.0;115;Houborg et al. (2023);Experiment 1;Orientation;1;18;-52.0;43.0;-87.0;21.0;15;6
12;10;39;29;1.4277665996924;6;61.0;116;Houborg et al. (2023);Experiment 1;Orientation;1;18;61.0;9.0;-76.0;-26.0;16;6
12;91;90;-1;1.44421349931508;6;-81.0;117;Houborg et al. (2023);Experiment 1;Orientation;1;18;-81.0;-20.0;-72.0;23.0;17;6
12;78;63;-15;1.57773399911821;6;13.0;118;Houborg et al. (2023);Experiment 1;Orientation;1;18;13.0;-68.0;-7.0;-59.0;18;6
12;180;8;8;5.26432489976287;6;78.0;119;Houborg et al. (2023);Experiment 1;Orientation;1;18;78.0;-89.0;10.0;71.0;19;6
12;147;155;8;3.34589179977775;6;33.0;120;Houborg et al. (2023);Experiment 1;Orientation;1;18;33.0;-69.0;-56.0;43.0;20;6
12;88;102;14;1.67793380003422;7;59.0;121;Houborg et al. (2023);Experiment 1;Orientation;1;18;;;;;1;7
12;162;172;10;1.72800260037184;7;-74.0;122;Houborg et al. (2023);Experiment 1;Orientation;1;18;;;;;2;7
12;25;52;27;1.2944413991645;7;-43.0;123;Houborg et al. (2023);Experiment 1;Orientation;1;18;;;;;3;7
12;71;66;-5;1.52785139996558;7;-46.0;124;Houborg et al. (2023);Experiment 1;Orientation;1;18;;;;;4;7
12;167;161;-6;4.01311659999192;7;84.0;125;Houborg et al. (2023);Experiment 1;Orientation;1;18;84.0;38.0;-5.0;-79.0;5;7
12;166;162;-4;1.01058749947697;7;1.0;126;Houborg et al. (2023);Experiment 1;Orientation;1;18;1.0;85.0;39.0;-4.0;6;7
12;129;126;-3;1.79471020027995;7;37.0;127;Houborg et al. (2023);Experiment 1;Orientation;1;18;37.0;38.0;-58.0;76.0;7;7
12;112;117;5;1.39425870031118;7;17.0;128;Houborg et al. (2023);Experiment 1;Orientation;1;18;17.0;54.0;55.0;-41.0;8;7
12;62;69;7;1.3608684996143;7;50.0;129;Houborg et al. (2023);Experiment 1;Orientation;1;18;50.0;67.0;-76.0;-75.0;9;7
12;169;163;-6;2.52880949992687;7;73.0;130;Houborg et al. (2023);Experiment 1;Orientation;1;18;73.0;-57.0;-40.0;-3.0;10;7
12;23;37;14;3.16240199934691;7;-34.0;131;Houborg et al. (2023);Experiment 1;Orientation;1;18;-34.0;39.0;89.0;-74.0;11;7
12;132;143;11;1.72795649990439;7;71.0;132;Houborg et al. (2023);Experiment 1;Orientation;1;18;71.0;37.0;-70.0;-20.0;12;7
12;117;132;15;1.71119480021298;7;15.0;133;Houborg et al. (2023);Experiment 1;Orientation;1;18;15.0;86.0;52.0;-55.0;13;7
12;150;148;-2;1.47777920030057;7;-33.0;134;Houborg et al. (2023);Experiment 1;Orientation;1;18;-33.0;-18.0;53.0;19.0;14;7
12;72;66;-6;1.64517709985375;7;78.0;135;Houborg et al. (2023);Experiment 1;Orientation;1;18;78.0;45.0;60.0;-49.0;15;7
12;135;139;4;1.11088849976659;7;-63.0;136;Houborg et al. (2023);Experiment 1;Orientation;1;18;-63.0;15.0;-18.0;-3.0;16;7
12;151;154;3;1.89469050057232;7;-16.0;137;Houborg et al. (2023);Experiment 1;Orientation;1;18;-16.0;-79.0;-1.0;-34.0;17;7
12;59;56;-3;1.14432000089437;7;-88.0;138;Houborg et al. (2023);Experiment 1;Orientation;1;18;-88.0;76.0;13.0;-89.0;18;7
12;100;56;-44;1.31114789936692;7;-41.0;139;Houborg et al. (2023);Experiment 1;Orientation;1;18;-41.0;51.0;35.0;-28.0;19;7
12;177;109;-68;1.99479999952018;7;-77.0;140;Houborg et al. (2023);Experiment 1;Orientation;1;18;-77.0;62.0;-26.0;-42.0;20;7
12;99;99;0;1.07752959989011;8;78.0;141;Houborg et al. (2023);Experiment 1;Orientation;1;18;;;;;1;8
12;60;62;2;1.94467919971794;8;39.0;142;Houborg et al. (2023);Experiment 1;Orientation;1;18;;;;;2;8
12;112;68;-44;1.52770300023258;8;-52.0;143;Houborg et al. (2023);Experiment 1;Orientation;1;18;;;;;3;8
12;65;68;3;1.62793709989637;8;47.0;144;Houborg et al. (2023);Experiment 1;Orientation;1;18;;;;;4;8
12;137;126;-11;2.11135239992291;8;-72.0;145;Houborg et al. (2023);Experiment 1;Orientation;1;18;-72.0;-25.0;-77.0;-38.0;5;8
12;75;61;-14;1.52756099961698;8;62.0;146;Houborg et al. (2023);Experiment 1;Orientation;1;18;62.0;-10.0;37.0;-15.0;6;8
12;89;80;-9;1.22755130007863;8;-14.0;147;Houborg et al. (2023);Experiment 1;Orientation;1;18;-14.0;48.0;-24.0;23.0;7;8
12;126;129;3;1.92806650046259;8;-37.0;148;Houborg et al. (2023);Experiment 1;Orientation;1;18;-37.0;-51.0;11.0;-61.0;8;8
12;176;168;-8;1.92786469962448;8;-50.0;149;Houborg et al. (2023);Experiment 1;Orientation;1;18;-50.0;-87.0;79.0;-39.0;9;8
12;59;50;-9;1.92812009993941;8;-63.0;150;Houborg et al. (2023);Experiment 1;Orientation;1;18;-63.0;67.0;30.0;16.0;10;8
12;151;152;1;2.41179899964482;8;88.0;151;Houborg et al. (2023);Experiment 1;Orientation;1;18;88.0;25.0;-25.0;-62.0;11;8
12;134;129;-5;2.82892320025712;8;17.0;152;Houborg et al. (2023);Experiment 1;Orientation;1;18;17.0;-75.0;42.0;-8.0;12;8
12;172;164;-8;1.27748060040176;8;-38.0;153;Houborg et al. (2023);Experiment 1;Orientation;1;18;-38.0;-21.0;67.0;4.0;13;8
12;6;15;9;1.76128649991006;8;-14.0;154;Houborg et al. (2023);Experiment 1;Orientation;1;18;-14.0;-52.0;-35.0;53.0;14;8
12;65;66;1;1.77800089959055;8;-59.0;155;Houborg et al. (2023);Experiment 1;Orientation;1;18;-59.0;-73.0;69.0;86.0;15;8
12;120;129;9;2.26169059984386;8;-55.0;156;Houborg et al. (2023);Experiment 1;Orientation;1;18;-55.0;66.0;52.0;14.0;16;8
12;51;38;-13;1.62768799997866;8;69.0;157;Houborg et al. (2023);Experiment 1;Orientation;1;18;69.0;14.0;-45.0;-59.0;17;8
12;42;52;10;1.66134789958596;8;9.0;158;Houborg et al. (2023);Experiment 1;Orientation;1;18;9.0;78.0;23.0;-36.0;18;8
12;129;48;-81;1.39437479991466;8;-87.0;159;Houborg et al. (2023);Experiment 1;Orientation;1;18;-87.0;-78.0;-9.0;-64.0;19;8
12;113;121;8;1.29437880031765;8;16.0;160;Houborg et al. (2023);Experiment 1;Orientation;1;18;16.0;-71.0;-62.0;7.0;20;8
12;107;119;12;1.14396969974041;9;6.0;161;Houborg et al. (2023);Experiment 1;Orientation;1;18;;;;;1;9
12;119;128;9;1.42787109967321;9;-12.0;162;Houborg et al. (2023);Experiment 1;Orientation;1;18;;;;;2;9
12;9;35;26;1.32755690068007;9;-70.0;163;Houborg et al. (2023);Experiment 1;Orientation;1;18;;;;;3;9
12;63;54;-9;1.66092200018466;9;-54.0;164;Houborg et al. (2023);Experiment 1;Orientation;1;18;;;;;4;9
12;82;74;-8;1.34431099984795;9;-19.0;165;Houborg et al. (2023);Experiment 1;Orientation;1;18;-19.0;-73.0;37.0;25.0;5;9
12;44;52;8;2.26189929991961;9;38.0;166;Houborg et al. (2023);Experiment 1;Orientation;1;18;38.0;19.0;-35.0;75.0;6;9
12;129;124;-5;1.99492940027267;9;-85.0;167;Houborg et al. (2023);Experiment 1;Orientation;1;18;-85.0;-47.0;-66.0;60.0;7;9
12;155;144;-11;2.34522290062159;9;-26.0;168;Houborg et al. (2023);Experiment 1;Orientation;1;18;-26.0;69.0;-73.0;88.0;8;9
12;51;42;-9;1.62795699946582;9;-76.0;169;Houborg et al. (2023);Experiment 1;Orientation;1;18;-76.0;78.0;-7.0;31.0;9;9
12;132;132;0;1.36109139956534;9;-81.0;170;Houborg et al. (2023);Experiment 1;Orientation;1;18;-81.0;23.0;-3.0;-88.0;10;9
12;25;33;8;1.9614293994382;9;-73.0;171;Houborg et al. (2023);Experiment 1;Orientation;1;18;-73.0;26.0;-50.0;-76.0;11;9
12;151;131;-20;1.81141870003194;9;54.0;172;Houborg et al. (2023);Experiment 1;Orientation;1;18;54.0;-19.0;80.0;4.0;12;9
12;25;38;13;1.99474160000682;9;-54.0;173;Houborg et al. (2023);Experiment 1;Orientation;1;18;-54.0;0.0;-73.0;26.0;13;9
12;106;131;25;1.17754370067269;9;-81.0;174;Houborg et al. (2023);Experiment 1;Orientation;1;18;-81.0;45.0;-81.0;26.0;14;9
12;66;65;-1;1.56134680006653;9;40.0;175;Houborg et al. (2023);Experiment 1;Orientation;1;18;40.0;-41.0;85.0;-41.0;15;9
12;146;151;5;1.94497950002551;9;-80.0;176;Houborg et al. (2023);Experiment 1;Orientation;1;18;-80.0;-40.0;59.0;5.0;16;9
12;91;105;14;1.26078489981592;9;55.0;177;Houborg et al. (2023);Experiment 1;Orientation;1;18;55.0;-25.0;15.0;-66.0;17;9
12;89;78;-11;0.960759499110281;9;2.0;178;Houborg et al. (2023);Experiment 1;Orientation;1;18;2.0;57.0;-23.0;17.0;18;9
12;158;157;-1;1.11080719996244;9;-69.0;179;Houborg et al. (2023);Experiment 1;Orientation;1;18;-69.0;-67.0;-12.0;88.0;19;9
12;64;57;-7;0.910581500269473;9;-86.0;180;Houborg et al. (2023);Experiment 1;Orientation;1;18;-86.0;25.0;27.0;82.0;20;9
12;81;61;-20;1.64448700007051;10;-17.0;181;Houborg et al. (2023);Experiment 1;Orientation;1;18;;;;;1;10
12;174;149;-25;1.69300699979067;10;87.0;182;Houborg et al. (2023);Experiment 1;Orientation;1;18;;;;;2;10
12;8;7;-1;1.19420869927853;10;-14.0;183;Houborg et al. (2023);Experiment 1;Orientation;1;18;;;;;3;10
12;176;171;-5;1.49440139997751;10;12.0;184;Houborg et al. (2023);Experiment 1;Orientation;1;18;;;;;4;10
12;35;25;-10;1.11087060067803;10;-39.0;185;Houborg et al. (2023);Experiment 1;Orientation;1;18;-39.0;-27.0;-41.0;46.0;5;10
12;121;127;6;0.977239300496876;10;-86.0;186;Houborg et al. (2023);Experiment 1;Orientation;1;18;-86.0;55.0;67.0;53.0;6;10
12;106;110;4;1.02764850016683;10;15.0;187;Houborg et al. (2023);Experiment 1;Orientation;1;18;15.0;-71.0;70.0;82.0;7;10
12;122;125;3;1.67787200026214;10;-16.0;188;Houborg et al. (2023);Experiment 1;Orientation;1;18;-16.0;-1.0;-87.0;54.0;8;10
12;65;62;-3;1.72791559994221;10;57.0;189;Houborg et al. (2023);Experiment 1;Orientation;1;18;57.0;41.0;56.0;-30.0;9;10
12;112;131;19;0.777264199219644;10;-47.0;190;Houborg et al. (2023);Experiment 1;Orientation;1;18;-47.0;10.0;-6.0;9.0;10;10
12;147;132;-15;1.77786379959434;10;-35.0;191;Houborg et al. (2023);Experiment 1;Orientation;1;18;-35.0;-82.0;-25.0;-41.0;11;10
12;4;13;9;1.04413210041821;10;-37.0;192;Houborg et al. (2023);Experiment 1;Orientation;1;18;-37.0;-72.0;61.0;-62.0;12;10
12;16;28;12;1.16077929921448;10;-12.0;193;Houborg et al. (2023);Experiment 1;Orientation;1;18;-12.0;-49.0;-84.0;49.0;13;10
12;176;166;-10;2.34519020002335;10;20.0;194;Houborg et al. (2023);Experiment 1;Orientation;1;18;20.0;8.0;-29.0;-64.0;14;10
12;118;136;18;1.17754749953747;10;58.0;195;Houborg et al. (2023);Experiment 1;Orientation;1;18;58.0;78.0;66.0;29.0;15;10
12;42;52;10;1.37760359980166;10;76.0;196;Houborg et al. (2023);Experiment 1;Orientation;1;18;76.0;-46.0;-26.0;-38.0;16;10
12;73;60;-13;1.4944306993857;10;-31.0;197;Houborg et al. (2023);Experiment 1;Orientation;1;18;-31.0;45.0;-77.0;-57.0;17;10
12;22;33;11;1.3276156000793;10;51.0;198;Houborg et al. (2023);Experiment 1;Orientation;1;18;51.0;20.0;-84.0;-26.0;18;10
12;49;51;2;1.67781689949334;10;-27.0;199;Houborg et al. (2023);Experiment 1;Orientation;1;18;-27.0;24.0;-7.0;69.0;19;10
12;47;42;-5;1.57800070010126;10;2.0;200;Houborg et al. (2023);Experiment 1;Orientation;1;18;2.0;-25.0;26.0;-5.0;20;10
14;33;155;-58;3.61283310037106;1;;1;Houborg et al. (2023);Experiment 1;Orientation;1;18;;;;;1;1
14;9;24;15;1.27739849966019;1;24.0;2;Houborg et al. (2023);Experiment 1;Orientation;1;18;;;;;2;1
14;131;127;-4;0.793787399306893;1;58.0;3;Houborg et al. (2023);Experiment 1;Orientation;1;18;;;;;3;1
14;63;74;11;1.39436880033463;1;68.0;4;Houborg et al. (2023);Experiment 1;Orientation;1;18;;;;;4;1
14;119;111;-8;1.26048360019922;1;-56.0;5;Houborg et al. (2023);Experiment 1;Orientation;1;18;-56.0;12.0;70.0;-86.0;5;1
14;70;84;14;1.29410370066762;1;49.0;6;Houborg et al. (2023);Experiment 1;Orientation;1;18;49.0;-7.0;61.0;-61.0;6;1
14;113;116;3;1.2274417001754;1;-43.0;7;Houborg et al. (2023);Experiment 1;Orientation;1;18;-43.0;6.0;-50.0;18.0;7;1
14;4;168;-16;0.960738500580192;1;-71.0;8;Houborg et al. (2023);Experiment 1;Orientation;1;18;-71.0;66.0;-65.0;59.0;8;1
14;164;165;1;1.74435220006853;1;20.0;9;Houborg et al. (2023);Experiment 1;Orientation;1;18;20.0;-51.0;86.0;-45.0;9;1
14;145;145;0;1.32735699974;1;19.0;10;Houborg et al. (2023);Experiment 1;Orientation;1;18;19.0;39.0;-32.0;-75.0;10;1
14;135;108;-27;1.76112260017544;1;10.0;11;Houborg et al. (2023);Experiment 1;Orientation;1;18;10.0;29.0;49.0;-22.0;11;1
14;147;145;-2;0.710447199642658;1;-12.0;12;Houborg et al. (2023);Experiment 1;Orientation;1;18;-12.0;-2.0;17.0;37.0;12;1
14;69;74;5;1.31092840060592;1;78.0;13;Houborg et al. (2023);Experiment 1;Orientation;1;18;78.0;66.0;76.0;-85.0;13;1
14;112;115;3;1.1274223998189;1;-43.0;14;Houborg et al. (2023);Experiment 1;Orientation;1;18;-43.0;35.0;23.0;33.0;14;1
14;104;84;-20;1.76137570012361;1;8.0;15;Houborg et al. (2023);Experiment 1;Orientation;1;18;8.0;-35.0;43.0;31.0;15;1
14;96;95;-1;0.826747200451791;1;8.0;16;Houborg et al. (2023);Experiment 1;Orientation;1;18;8.0;16.0;-27.0;51.0;16;1
14;50;63;13;1.26091030053794;1;46.0;17;Houborg et al. (2023);Experiment 1;Orientation;1;18;46.0;54.0;62.0;19.0;17;1
14;45;75;30;1.31083909980953;1;5.0;18;Houborg et al. (2023);Experiment 1;Orientation;1;18;5.0;51.0;59.0;67.0;18;1
14;82;86;4;0.826995300129056;1;-37.0;19;Houborg et al. (2023);Experiment 1;Orientation;1;18;-37.0;-32.0;14.0;22.0;19;1
14;41;38;-3;0.910420500673354;1;41.0;20;Houborg et al. (2023);Experiment 1;Orientation;1;18;41.0;4.0;9.0;55.0;20;1
14;145;141;-4;1.52758009918034;2;76.0;21;Houborg et al. (2023);Experiment 1;Orientation;1;18;;;;;1;2
14;178;6;8;1.07739019952714;2;-33.0;22;Houborg et al. (2023);Experiment 1;Orientation;1;18;;;;;2;2
14;6;2;-4;2.54513550084084;2;-8.0;23;Houborg et al. (2023);Experiment 1;Orientation;1;18;;;;;3;2
14;97;93;-4;1.57787619996816;2;89.0;24;Houborg et al. (2023);Experiment 1;Orientation;1;18;;;;;4;2
14;16;32;16;1.4277874995023;2;81.0;25;Houborg et al. (2023);Experiment 1;Orientation;1;18;81.0;-10.0;-18.0;-51.0;5;2
14;145;145;0;1.61120729986578;2;51.0;26;Houborg et al. (2023);Experiment 1;Orientation;1;18;51.0;-48.0;41.0;33.0;6;2
14;179;177;-2;1.66084370017052;2;-34.0;27;Houborg et al. (2023);Experiment 1;Orientation;1;18;-34.0;17.0;-82.0;7.0;7;2
14;13;109;-84;1.87823089957237;2;-14.0;28;Houborg et al. (2023);Experiment 1;Orientation;1;18;-14.0;-48.0;3.0;84.0;8;2
14;170;170;0;0.91033579967916;2;23.0;29;Houborg et al. (2023);Experiment 1;Orientation;1;18;23.0;9.0;-25.0;26.0;9;2
14;4;7;3;1.41094530001283;2;-14.0;30;Houborg et al. (2023);Experiment 1;Orientation;1;18;-14.0;9.0;-5.0;-39.0;10;2
14;124;108;-16;1.39418539963663;2;60.0;31;Houborg et al. (2023);Experiment 1;Orientation;1;18;60.0;46.0;69.0;55.0;11;2
14;142;148;6;1.27748600021005;2;-18.0;32;Houborg et al. (2023);Experiment 1;Orientation;1;18;-18.0;42.0;28.0;51.0;12;2
14;97;94;-3;1.64447719976306;2;45.0;33;Houborg et al. (2023);Experiment 1;Orientation;1;18;45.0;27.0;87.0;73.0;13;2
14;160;161;1;0.943822999484837;2;-63.0;34;Houborg et al. (2023);Experiment 1;Orientation;1;18;-63.0;-18.0;-36.0;24.0;14;2
14;162;168;6;1.19418760016561;2;-2.0;35;Houborg et al. (2023);Experiment 1;Orientation;1;18;-2.0;-65.0;-20.0;-38.0;15;2
14;113;103;-10;1.52764400001615;2;49.0;36;Houborg et al. (2023);Experiment 1;Orientation;1;18;49.0;47.0;-16.0;29.0;16;2
14;25;24;-1;1.9280189005658;2;88.0;37;Houborg et al. (2023);Experiment 1;Orientation;1;18;88.0;-43.0;-45.0;72.0;17;2
14;40;68;28;1.76107800006866;2;-15.0;38;Houborg et al. (2023);Experiment 1;Orientation;1;18;-15.0;73.0;-58.0;-60.0;18;2
14;33;35;2;0.943906500004232;2;7.0;39;Houborg et al. (2023);Experiment 1;Orientation;1;18;7.0;-8.0;80.0;-51.0;19;2
14;8;16;8;0.810593799687922;2;25.0;40;Houborg et al. (2023);Experiment 1;Orientation;1;18;25.0;32.0;17.0;-75.0;20;2
14;20;3;-17;0.743769399821758;3;-12.0;41;Houborg et al. (2023);Experiment 1;Orientation;1;18;;;;;1;3
14;111;114;3;1.19410139974207;3;89.0;42;Houborg et al. (2023);Experiment 1;Orientation;1;18;;;;;2;3
14;170;158;-12;1.0272614993155;3;-59.0;43;Houborg et al. (2023);Experiment 1;Orientation;1;18;;;;;3;3
14;64;61;-3;1.01059320010245;3;-74.0;44;Houborg et al. (2023);Experiment 1;Orientation;1;18;;;;;4;3
14;74;70;-4;1.22728389967233;3;-10.0;45;Houborg et al. (2023);Experiment 1;Orientation;1;18;-10.0;-84.0;37.0;-54.0;5;3
14;178;170;-8;1.44423929974437;3;76.0;46;Houborg et al. (2023);Experiment 1;Orientation;1;18;76.0;66.0;-8.0;-67.0;6;3
14;171;146;-25;1.01060160063207;3;7.0;47;Houborg et al. (2023);Experiment 1;Orientation;1;18;7.0;83.0;73.0;-1.0;7;3
14;122;113;-9;1.04392630048096;3;49.0;48;Houborg et al. (2023);Experiment 1;Orientation;1;18;49.0;56.0;-48.0;-58.0;8;3
14;178;19;21;1.72778599988669;3;-56.0;49;Houborg et al. (2023);Experiment 1;Orientation;1;18;-56.0;-7.0;0.0;76.0;9;3
14;139;139;0;1.02724560070783;3;39.0;50;Houborg et al. (2023);Experiment 1;Orientation;1;18;39.0;-17.0;32.0;39.0;10;3
14;61;59;-2;1.39450270030648;3;78.0;51;Houborg et al. (2023);Experiment 1;Orientation;1;18;78.0;-63.0;61.0;-70.0;11;3
14;120;71;-49;1.81143870018423;3;-59.0;52;Houborg et al. (2023);Experiment 1;Orientation;1;18;-59.0;19.0;58.0;2.0;12;3
14;44;34;-10;1.21064000017941;3;76.0;53;Houborg et al. (2023);Experiment 1;Orientation;1;18;76.0;17.0;-85.0;-46.0;13;3
14;54;51;-3;0.993833800777793;3;-10.0;54;Houborg et al. (2023);Experiment 1;Orientation;1;18;-10.0;66.0;7.0;85.0;14;3
14;123;118;-5;1.27733709942549;3;-69.0;55;Houborg et al. (2023);Experiment 1;Orientation;1;18;-69.0;-79.0;-3.0;-62.0;15;3
14;96;97;1;1.67789469938725;3;27.0;56;Houborg et al. (2023);Experiment 1;Orientation;1;18;27.0;-42.0;-52.0;24.0;16;3
14;75;76;1;1.64454760029912;3;21.0;57;Houborg et al. (2023);Experiment 1;Orientation;1;18;21.0;48.0;-21.0;-31.0;17;3
14;109;91;-18;1.47744270041585;3;-34.0;58;Houborg et al. (2023);Experiment 1;Orientation;1;18;-34.0;-13.0;14.0;-55.0;18;3
14;136;172;36;1.07727809995413;3;-27.0;59;Houborg et al. (2023);Experiment 1;Orientation;1;18;-27.0;-61.0;-40.0;-13.0;19;3
14;106;85;-21;1.0438914000988;3;30.0;60;Houborg et al. (2023);Experiment 1;Orientation;1;18;30.0;3.0;-31.0;-10.0;20;3
14;100;103;3;1.39430449996144;4;6.0;61;Houborg et al. (2023);Experiment 1;Orientation;1;18;;;;;1;4
14;106;106;0;1.17723060026765;4;-6.0;62;Houborg et al. (2023);Experiment 1;Orientation;1;18;;;;;2;4
14;93;92;-1;1.59443359915167;4;13.0;63;Houborg et al. (2023);Experiment 1;Orientation;1;18;;;;;3;4
14;15;178;-17;0.877320299856365;4;78.0;64;Houborg et al. (2023);Experiment 1;Orientation;1;18;;;;;4;4
14;130;128;-2;0.81037890072912;4;65.0;65;Houborg et al. (2023);Experiment 1;Orientation;1;18;65.0;-37.0;-24.0;-30.0;5;4
14;180;7;7;1.12748869974166;4;-50.0;66;Houborg et al. (2023);Experiment 1;Orientation;1;18;-50.0;15.0;-87.0;-74.0;6;4
14;64;74;10;0.860679599456489;4;-64.0;67;Houborg et al. (2023);Experiment 1;Orientation;1;18;-64.0;66.0;-49.0;29.0;7;4
14;175;167;-8;0.977037100121379;4;69.0;68;Houborg et al. (2023);Experiment 1;Orientation;1;18;69.0;5.0;-45.0;20.0;8;4
14;63;67;4;0.960522599518299;4;-68.0;69;Houborg et al. (2023);Experiment 1;Orientation;1;18;-68.0;1.0;-63.0;67.0;9;4
14;160;168;8;1.0439319992438;4;83.0;70;Houborg et al. (2023);Experiment 1;Orientation;1;18;83.0;15.0;84.0;20.0;10;4
14;82;78;-4;0.727134699933231;4;78.0;71;Houborg et al. (2023);Experiment 1;Orientation;1;18;78.0;-19.0;-87.0;-18.0;11;4
14;75;79;4;0.576843400485814;4;7.0;72;Houborg et al. (2023);Experiment 1;Orientation;1;18;7.0;85.0;-12.0;-80.0;12;4
14;40;31;-9;1.0773807996884;4;35.0;73;Houborg et al. (2023);Experiment 1;Orientation;1;18;35.0;42.0;-60.0;23.0;13;4
14;23;26;3;1.47767660021782;4;17.0;74;Houborg et al. (2023);Experiment 1;Orientation;1;18;17.0;52.0;59.0;-43.0;14;4
14;56;76;20;1.09402189962566;4;-33.0;75;Houborg et al. (2023);Experiment 1;Orientation;1;18;-33.0;-16.0;19.0;26.0;15;4
14;131;137;6;1.14403320010751;4;-75.0;76;Houborg et al. (2023);Experiment 1;Orientation;1;18;-75.0;72.0;89.0;-56.0;16;4
14;141;155;14;1.26071709953249;4;-10.0;77;Houborg et al. (2023);Experiment 1;Orientation;1;18;-10.0;-85.0;62.0;79.0;17;4
14;125;141;16;1.07731799967587;4;16.0;78;Houborg et al. (2023);Experiment 1;Orientation;1;18;16.0;6.0;-69.0;78.0;18;4
14;2;173;-9;1.2108046002686;4;-57.0;79;Houborg et al. (2023);Experiment 1;Orientation;1;18;-57.0;-41.0;-51.0;54.0;19;4
14;152;6;34;1.37753159925342;4;30.0;80;Houborg et al. (2023);Experiment 1;Orientation;1;18;30.0;-27.0;-11.0;-21.0;20;4
14;167;174;7;1.07726190052927;5;-15.0;81;Houborg et al. (2023);Experiment 1;Orientation;1;18;;;;;1;5
14;139;126;-13;0.910668100230396;5;28.0;82;Houborg et al. (2023);Experiment 1;Orientation;1;18;;;;;2;5
14;8;8;0;1.61118999961764;5;-49.0;83;Houborg et al. (2023);Experiment 1;Orientation;1;18;;;;;3;5
14;69;75;6;1.44431270007044;5;-61.0;84;Houborg et al. (2023);Experiment 1;Orientation;1;18;;;;;4;5
14;127;118;-9;1.2776162000373;5;-58.0;85;Houborg et al. (2023);Experiment 1;Orientation;1;18;-58.0;61.0;12.0;40.0;5;5
14;132;124;-8;1.22729790024459;5;-5.0;86;Houborg et al. (2023);Experiment 1;Orientation;1;18;-5.0;-63.0;56.0;7.0;6;5
14;41;62;21;0.927009399980307;5;-89.0;87;Houborg et al. (2023);Experiment 1;Orientation;1;18;-89.0;86.0;28.0;-33.0;7;5
14;49;59;10;1.24412170052528;5;-8.0;88;Houborg et al. (2023);Experiment 1;Orientation;1;18;-8.0;83.0;78.0;20.0;8;5
14;122;138;16;1.04394249990582;5;-73.0;89;Houborg et al. (2023);Experiment 1;Orientation;1;18;-73.0;-81.0;10.0;5.0;9;5
14;86;69;-17;1.76123830024153;5;36.0;90;Houborg et al. (2023);Experiment 1;Orientation;1;18;36.0;-37.0;-45.0;46.0;10;5
14;113;112;-1;1.07727430015802;5;-27.0;91;Houborg et al. (2023);Experiment 1;Orientation;1;18;-27.0;9.0;-64.0;-72.0;11;5
14;43;48;5;0.77708170004189;5;70.0;92;Houborg et al. (2023);Experiment 1;Orientation;1;18;70.0;43.0;79.0;6.0;12;5
14;32;33;1;1.1940526003018;5;11.0;93;Houborg et al. (2023);Experiment 1;Orientation;1;18;11.0;81.0;54.0;90.0;13;5
14;150;156;6;1.06074929982424;5;62.0;94;Houborg et al. (2023);Experiment 1;Orientation;1;18;62.0;73.0;-37.0;-64.0;14;5
14;139;132;-7;0.593597499653697;5;11.0;95;Houborg et al. (2023);Experiment 1;Orientation;1;18;11.0;73.0;84.0;-26.0;15;5
14;169;165;-4;1.07741350028664;5;-30.0;96;Houborg et al. (2023);Experiment 1;Orientation;1;18;-30.0;-19.0;43.0;54.0;16;5
14;20;23;3;1.37741220090538;5;-31.0;97;Houborg et al. (2023);Experiment 1;Orientation;1;18;-31.0;-61.0;-50.0;12.0;17;5
14;33;27;-6;1.32721329946071;5;-13.0;98;Houborg et al. (2023);Experiment 1;Orientation;1;18;-13.0;-44.0;-74.0;-63.0;18;5
14;18;13;-5;0.610332899726927;5;15.0;99;Houborg et al. (2023);Experiment 1;Orientation;1;18;15.0;2.0;-29.0;-59.0;19;5
14;89;87;-2;1.19423090014607;5;-71.0;100;Houborg et al. (2023);Experiment 1;Orientation;1;18;-71.0;-56.0;-69.0;80.0;20;5
14;35;9;-26;0.927096300758421;6;54.0;101;Houborg et al. (2023);Experiment 1;Orientation;1;18;;;;;1;6
14;162;161;-1;1.01038080081344;6;53.0;102;Houborg et al. (2023);Experiment 1;Orientation;1;18;;;;;2;6
14;18;25;7;1.3440943993628;6;-36.0;103;Houborg et al. (2023);Experiment 1;Orientation;1;18;;;;;3;6
14;8;14;6;0.893774299882352;6;10.0;104;Houborg et al. (2023);Experiment 1;Orientation;1;18;;;;;4;6
14;101;97;-4;0.977247100323439;6;87.0;105;Houborg et al. (2023);Experiment 1;Orientation;1;18;87.0;-83.0;61.0;-66.0;5;6
14;140;136;-4;1.24410810042173;6;-39.0;106;Houborg et al. (2023);Experiment 1;Orientation;1;18;-39.0;48.0;58.0;22.0;6;6
14;57;59;2;0.626808499917388;6;83.0;107;Houborg et al. (2023);Experiment 1;Orientation;1;18;83.0;44.0;-49.0;-39.0;7;6
14;33;43;10;0.793600500561297;6;24.0;108;Houborg et al. (2023);Experiment 1;Orientation;1;18;24.0;-73.0;68.0;-25.0;8;6
14;62;74;12;1.42753139976412;6;-29.0;109;Houborg et al. (2023);Experiment 1;Orientation;1;18;-29.0;-5.0;78.0;39.0;9;6
14;38;31;-7;0.560367399826646;6;24.0;110;Houborg et al. (2023);Experiment 1;Orientation;1;18;24.0;-5.0;19.0;-78.0;10;6
14;92;92;0;1.16065679956228;6;-54.0;111;Houborg et al. (2023);Experiment 1;Orientation;1;18;-54.0;-30.0;-59.0;-35.0;11;6
14;164;146;-18;1.14416370075196;6;-72.0;112;Houborg et al. (2023);Experiment 1;Orientation;1;18;-72.0;54.0;78.0;49.0;12;6
14;114;127;13;1.04385269992054;6;50.0;113;Houborg et al. (2023);Experiment 1;Orientation;1;18;50.0;-22.0;-76.0;-52.0;13;6
14;19;63;44;1.57758620008826;6;-85.0;114;Houborg et al. (2023);Experiment 1;Orientation;1;18;-85.0;-35.0;73.0;19.0;14;6
14;71;57;-14;1.06070550065488;6;-52.0;115;Houborg et al. (2023);Experiment 1;Orientation;1;18;-52.0;43.0;-87.0;21.0;15;6
14;10;16;6;1.31097829993814;6;61.0;116;Houborg et al. (2023);Experiment 1;Orientation;1;18;61.0;9.0;-76.0;-26.0;16;6
14;91;93;2;0.960470700636506;6;-81.0;117;Houborg et al. (2023);Experiment 1;Orientation;1;18;-81.0;-20.0;-72.0;23.0;17;6
14;78;77;-1;0.977131200022995;6;13.0;118;Houborg et al. (2023);Experiment 1;Orientation;1;18;13.0;-68.0;-7.0;-59.0;18;6
14;180;45;45;1.14409989956766;6;78.0;119;Houborg et al. (2023);Experiment 1;Orientation;1;18;78.0;-89.0;10.0;71.0;19;6
14;147;155;8;1.47763280011714;6;33.0;120;Houborg et al. (2023);Experiment 1;Orientation;1;18;33.0;-69.0;-56.0;43.0;20;6
14;88;59;-29;1.59444759972394;7;59.0;121;Houborg et al. (2023);Experiment 1;Orientation;1;18;;;;;1;7
14;162;166;4;1.11047419998795;7;-74.0;122;Houborg et al. (2023);Experiment 1;Orientation;1;18;;;;;2;7
14;25;33;8;1.260861299932;7;-43.0;123;Houborg et al. (2023);Experiment 1;Orientation;1;18;;;;;3;7
14;71;57;-14;0.743737600743771;7;-46.0;124;Houborg et al. (2023);Experiment 1;Orientation;1;18;;;;;4;7
14;167;162;-5;1.11079329997301;7;84.0;125;Houborg et al. (2023);Experiment 1;Orientation;1;18;84.0;38.0;-5.0;-79.0;5;7
14;166;171;5;0.860410700552166;7;1.0;126;Houborg et al. (2023);Experiment 1;Orientation;1;18;1.0;85.0;39.0;-4.0;6;7
14;129;154;25;0.960689400322735;7;37.0;127;Houborg et al. (2023);Experiment 1;Orientation;1;18;37.0;38.0;-58.0;76.0;7;7
14;112;109;-3;1.36109589971602;7;17.0;128;Houborg et al. (2023);Experiment 1;Orientation;1;18;17.0;54.0;55.0;-41.0;8;7
14;62;46;-16;2.24496479984373;7;50.0;129;Houborg et al. (2023);Experiment 1;Orientation;1;18;50.0;67.0;-76.0;-75.0;9;7
14;169;169;0;2.21143900044262;7;73.0;130;Houborg et al. (2023);Experiment 1;Orientation;1;18;73.0;-57.0;-40.0;-3.0;10;7
14;23;24;1;1.07725180033594;7;-34.0;131;Houborg et al. (2023);Experiment 1;Orientation;1;18;-34.0;39.0;89.0;-74.0;11;7
14;132;99;-33;1.46105899941176;7;71.0;132;Houborg et al. (2023);Experiment 1;Orientation;1;18;71.0;37.0;-70.0;-20.0;12;7
14;117;110;-7;1.37762179970741;7;15.0;133;Houborg et al. (2023);Experiment 1;Orientation;1;18;15.0;86.0;52.0;-55.0;13;7
14;150;148;-2;1.41101680044085;7;-33.0;134;Houborg et al. (2023);Experiment 1;Orientation;1;18;-33.0;-18.0;53.0;19.0;14;7
14;72;70;-2;1.51073850039393;7;78.0;135;Houborg et al. (2023);Experiment 1;Orientation;1;18;78.0;45.0;60.0;-49.0;15;7
14;135;139;4;0.743625500239432;7;-63.0;136;Houborg et al. (2023);Experiment 1;Orientation;1;18;-63.0;15.0;-18.0;-3.0;16;7
14;151;164;13;0.977256800048053;7;-16.0;137;Houborg et al. (2023);Experiment 1;Orientation;1;18;-16.0;-79.0;-1.0;-34.0;17;7
14;59;81;22;0.97746720071882;7;-88.0;138;Houborg et al. (2023);Experiment 1;Orientation;1;18;-88.0;76.0;13.0;-89.0;18;7
14;100;81;-19;0.943809700198472;7;-41.0;139;Houborg et al. (2023);Experiment 1;Orientation;1;18;-41.0;51.0;35.0;-28.0;19;7
14;177;87;-90;1.49434549920261;7;-77.0;140;Houborg et al. (2023);Experiment 1;Orientation;1;18;-77.0;62.0;-26.0;-42.0;20;7
14;99;92;-7;2.094666399993;8;78.0;141;Houborg et al. (2023);Experiment 1;Orientation;1;18;;;;;1;8
14;60;43;-17;1.21072570048273;8;39.0;142;Houborg et al. (2023);Experiment 1;Orientation;1;18;;;;;2;8
14;112;84;-28;1.22732959967107;8;-52.0;143;Houborg et al. (2023);Experiment 1;Orientation;1;18;;;;;3;8
14;65;72;7;0.827256300486624;8;47.0;144;Houborg et al. (2023);Experiment 1;Orientation;1;18;;;;;4;8
14;137;148;11;0.693216499872506;8;-72.0;145;Houborg et al. (2023);Experiment 1;Orientation;1;18;-72.0;-25.0;-77.0;-38.0;5;8
14;75;83;8;1.59461939986795;8;62.0;146;Houborg et al. (2023);Experiment 1;Orientation;1;18;62.0;-10.0;37.0;-15.0;6;8
14;89;87;-2;0.760221600532532;8;-14.0;147;Houborg et al. (2023);Experiment 1;Orientation;1;18;-14.0;48.0;-24.0;23.0;7;8
14;126;106;-20;1.66186050046235;8;-37.0;148;Houborg et al. (2023);Experiment 1;Orientation;1;18;-37.0;-51.0;11.0;-61.0;8;8
14;176;159;-17;1.02748699951917;8;-50.0;149;Houborg et al. (2023);Experiment 1;Orientation;1;18;-50.0;-87.0;79.0;-39.0;9;8
14;59;58;-1;1.62754769995809;8;-63.0;150;Houborg et al. (2023);Experiment 1;Orientation;1;18;-63.0;67.0;30.0;16.0;10;8
14;151;133;-18;1.67767270002514;8;88.0;151;Houborg et al. (2023);Experiment 1;Orientation;1;18;88.0;25.0;-25.0;-62.0;11;8
14;134;127;-7;1.42745409999043;8;17.0;152;Houborg et al. (2023);Experiment 1;Orientation;1;18;17.0;-75.0;42.0;-8.0;12;8
14;172;157;-15;1.1606246996671;8;-38.0;153;Houborg et al. (2023);Experiment 1;Orientation;1;18;-38.0;-21.0;67.0;4.0;13;8
14;6;163;-23;3.34545989986509;8;-14.0;154;Houborg et al. (2023);Experiment 1;Orientation;1;18;-14.0;-52.0;-35.0;53.0;14;8
14;65;63;-2;1.42762940004468;8;-59.0;155;Houborg et al. (2023);Experiment 1;Orientation;1;18;-59.0;-73.0;69.0;86.0;15;8
14;120;80;-40;1.46112069953233;8;-55.0;156;Houborg et al. (2023);Experiment 1;Orientation;1;18;-55.0;66.0;52.0;14.0;16;8
14;51;47;-4;1.02719020005316;8;69.0;157;Houborg et al. (2023);Experiment 1;Orientation;1;18;69.0;14.0;-45.0;-59.0;17;8
14;42;48;6;1.52770929969847;8;9.0;158;Houborg et al. (2023);Experiment 1;Orientation;1;18;9.0;78.0;23.0;-36.0;18;8
14;129;160;31;1.21081509999931;8;-87.0;159;Houborg et al. (2023);Experiment 1;Orientation;1;18;-87.0;-78.0;-9.0;-64.0;19;8
14;113;100;-13;1.06085850019008;8;16.0;160;Houborg et al. (2023);Experiment 1;Orientation;1;18;16.0;-71.0;-62.0;7.0;20;8
14;107;105;-2;1.37755289953202;9;6.0;161;Houborg et al. (2023);Experiment 1;Orientation;1;18;;;;;1;9
14;119;115;-4;1.11074299924076;9;-12.0;162;Houborg et al. (2023);Experiment 1;Orientation;1;18;;;;;2;9
14;9;171;-18;2.14481429941952;9;-70.0;163;Houborg et al. (2023);Experiment 1;Orientation;1;18;;;;;3;9
14;63;61;-2;1.79446410015225;9;-54.0;164;Houborg et al. (2023);Experiment 1;Orientation;1;18;;;;;4;9
14;82;83;1;1.44423549994826;9;-19.0;165;Houborg et al. (2023);Experiment 1;Orientation;1;18;-19.0;-73.0;37.0;25.0;5;9
14;44;35;-9;0.960221000015736;9;38.0;166;Houborg et al. (2023);Experiment 1;Orientation;1;18;38.0;19.0;-35.0;75.0;6;9
14;129;137;8;0.97728979960084;9;-85.0;167;Houborg et al. (2023);Experiment 1;Orientation;1;18;-85.0;-47.0;-66.0;60.0;7;9
14;155;147;-8;1.17744660004973;9;-26.0;168;Houborg et al. (2023);Experiment 1;Orientation;1;18;-26.0;69.0;-73.0;88.0;8;9
14;51;47;-4;1.24407059978694;9;-76.0;169;Houborg et al. (2023);Experiment 1;Orientation;1;18;-76.0;78.0;-7.0;31.0;9;9
14;132;147;15;0.943869300186634;9;-81.0;170;Houborg et al. (2023);Experiment 1;Orientation;1;18;-81.0;23.0;-3.0;-88.0;10;9
14;25;27;2;0.760201800614595;9;-73.0;171;Houborg et al. (2023);Experiment 1;Orientation;1;18;-73.0;26.0;-50.0;-76.0;11;9
14;151;160;9;1.14399499911815;9;54.0;172;Houborg et al. (2023);Experiment 1;Orientation;1;18;54.0;-19.0;80.0;4.0;12;9
14;25;23;-2;0.91056349966675;9;-54.0;173;Houborg et al. (2023);Experiment 1;Orientation;1;18;-54.0;0.0;-73.0;26.0;13;9
14;106;113;7;1.1273116003722;9;-81.0;174;Houborg et al. (2023);Experiment 1;Orientation;1;18;-81.0;45.0;-81.0;26.0;14;9
14;66;68;2;1.57771380059421;9;40.0;175;Houborg et al. (2023);Experiment 1;Orientation;1;18;40.0;-41.0;85.0;-41.0;15;9
14;146;112;-34;1.32736800052226;9;-80.0;176;Houborg et al. (2023);Experiment 1;Orientation;1;18;-80.0;-40.0;59.0;5.0;16;9
14;91;78;-13;2.04463669937104;9;55.0;177;Houborg et al. (2023);Experiment 1;Orientation;1;18;55.0;-25.0;15.0;-66.0;17;9
14;89;92;3;1.47774820029736;9;2.0;178;Houborg et al. (2023);Experiment 1;Orientation;1;18;2.0;57.0;-23.0;17.0;18;9
14;158;2;24;1.34425940085202;9;-69.0;179;Houborg et al. (2023);Experiment 1;Orientation;1;18;-69.0;-67.0;-12.0;88.0;19;9
14;64;57;-7;0.509897599928081;9;-86.0;180;Houborg et al. (2023);Experiment 1;Orientation;1;18;-86.0;25.0;27.0;82.0;20;9
14;81;70;-11;1.0105996998027;10;-17.0;181;Houborg et al. (2023);Experiment 1;Orientation;1;18;;;;;1;10
14;174;150;-24;1.26059180032462;10;87.0;182;Houborg et al. (2023);Experiment 1;Orientation;1;18;;;;;2;10
14;8;20;12;0.843867599964142;10;-14.0;183;Houborg et al. (2023);Experiment 1;Orientation;1;18;;;;;3;10
14;176;174;-2;1.7779743000865;10;12.0;184;Houborg et al. (2023);Experiment 1;Orientation;1;18;;;;;4;10
14;35;38;3;0.960615599527955;10;-39.0;185;Houborg et al. (2023);Experiment 1;Orientation;1;18;-39.0;-27.0;-41.0;46.0;5;10
14;121;126;5;1.36093469988555;10;-86.0;186;Houborg et al. (2023);Experiment 1;Orientation;1;18;-86.0;55.0;67.0;53.0;6;10
14;106;124;18;0.978813700377941;10;15.0;187;Houborg et al. (2023);Experiment 1;Orientation;1;18;15.0;-71.0;70.0;82.0;7;10
14;122;134;12;0.977360100485384;10;-16.0;188;Houborg et al. (2023);Experiment 1;Orientation;1;18;-16.0;-1.0;-87.0;54.0;8;10
14;65;71;6;0.860463500022888;10;57.0;189;Houborg et al. (2023);Experiment 1;Orientation;1;18;57.0;41.0;56.0;-30.0;9;10
14;112;107;-5;1.37758269999176;10;-47.0;190;Houborg et al. (2023);Experiment 1;Orientation;1;18;-47.0;10.0;-6.0;9.0;10;10
14;147;156;9;0.99376770015806;10;-35.0;191;Houborg et al. (2023);Experiment 1;Orientation;1;18;-35.0;-82.0;-25.0;-41.0;11;10
14;4;8;4;1.79468259960413;10;-37.0;192;Houborg et al. (2023);Experiment 1;Orientation;1;18;-37.0;-72.0;61.0;-62.0;12;10
14;16;5;-11;0.559976099990308;10;-12.0;193;Houborg et al. (2023);Experiment 1;Orientation;1;18;-12.0;-49.0;-84.0;49.0;13;10
14;176;97;-79;1.46085010003299;10;20.0;194;Houborg et al. (2023);Experiment 1;Orientation;1;18;20.0;8.0;-29.0;-64.0;14;10
14;118;144;26;1.49365770071745;10;58.0;195;Houborg et al. (2023);Experiment 1;Orientation;1;18;58.0;78.0;66.0;29.0;15;10
14;42;37;-5;0.843656999990344;10;76.0;196;Houborg et al. (2023);Experiment 1;Orientation;1;18;76.0;-46.0;-26.0;-38.0;16;10
14;73;69;-4;0.960476000793278;10;-31.0;197;Houborg et al. (2023);Experiment 1;Orientation;1;18;-31.0;45.0;-77.0;-57.0;17;10
14;22;31;9;0.860409699380398;10;51.0;198;Houborg et al. (2023);Experiment 1;Orientation;1;18;51.0;20.0;-84.0;-26.0;18;10
14;49;39;-10;1.32745250035077;10;-27.0;199;Houborg et al. (2023);Experiment 1;Orientation;1;18;-27.0;24.0;-7.0;69.0;19;10
14;47;34;-13;0.993922600522637;10;2.0;200;Houborg et al. (2023);Experiment 1;Orientation;1;18;2.0;-25.0;26.0;-5.0;20;10
15;33;88;55;2.42865059990436;1;;1;Houborg et al. (2023);Experiment 1;Orientation;1;18;;;;;1;1
15;9;19;10;3.72966010030359;1;24.0;2;Houborg et al. (2023);Experiment 1;Orientation;1;18;;;;;2;1
15;131;99;-32;2.36194520071149;1;58.0;3;Houborg et al. (2023);Experiment 1;Orientation;1;18;;;;;3;1
15;63;51;-12;2.62850600015372;1;68.0;4;Houborg et al. (2023);Experiment 1;Orientation;1;18;;;;;4;1
15;119;120;1;2.37843669950962;1;-56.0;5;Houborg et al. (2023);Experiment 1;Orientation;1;18;-56.0;12.0;70.0;-86.0;5;1
15;70;72;2;2.29504370037466;1;49.0;6;Houborg et al. (2023);Experiment 1;Orientation;1;18;49.0;-7.0;61.0;-61.0;6;1
15;113;107;-6;2.8791143996641;1;-43.0;7;Houborg et al. (2023);Experiment 1;Orientation;1;18;-43.0;6.0;-50.0;18.0;7;1
15;4;9;5;3.46266319975257;1;-71.0;8;Houborg et al. (2023);Experiment 1;Orientation;1;18;-71.0;66.0;-65.0;59.0;8;1
15;164;112;-52;4.19656869955361;1;20.0;9;Houborg et al. (2023);Experiment 1;Orientation;1;18;20.0;-51.0;86.0;-45.0;9;1
15;145;153;8;4.66383519954979;1;19.0;10;Houborg et al. (2023);Experiment 1;Orientation;1;18;19.0;39.0;-32.0;-75.0;10;1
15;135;110;-25;3.5461537996307;1;10.0;11;Houborg et al. (2023);Experiment 1;Orientation;1;18;10.0;29.0;49.0;-22.0;11;1
15;147;178;31;5.3810135005042;1;-12.0;12;Houborg et al. (2023);Experiment 1;Orientation;1;18;-12.0;-2.0;17.0;37.0;12;1
15;69;91;22;4.02979290019721;1;78.0;13;Houborg et al. (2023);Experiment 1;Orientation;1;18;78.0;66.0;76.0;-85.0;13;1
15;112;83;-29;2.511832899414;1;-43.0;14;Houborg et al. (2023);Experiment 1;Orientation;1;18;-43.0;35.0;23.0;33.0;14;1
15;104;71;-33;3.14584830030799;1;8.0;15;Houborg et al. (2023);Experiment 1;Orientation;1;18;8.0;-35.0;43.0;31.0;15;1
15;96;88;-8;3.66288380045444;1;8.0;16;Houborg et al. (2023);Experiment 1;Orientation;1;18;8.0;16.0;-27.0;51.0;16;1
15;50;61;11;2.64566559996456;1;46.0;17;Houborg et al. (2023);Experiment 1;Orientation;1;18;46.0;54.0;62.0;19.0;17;1
15;45;91;46;2.71198210027069;1;5.0;18;Houborg et al. (2023);Experiment 1;Orientation;1;18;5.0;51.0;59.0;67.0;18;1
15;82;83;1;2.8788368999958;1;-37.0;19;Houborg et al. (2023);Experiment 1;Orientation;1;18;-37.0;-32.0;14.0;22.0;19;1
15;41;56;15;2.56198369991034;1;41.0;20;Houborg et al. (2023);Experiment 1;Orientation;1;18;41.0;4.0;9.0;55.0;20;1
15;145;60;-85;2.89591309987009;2;76.0;21;Houborg et al. (2023);Experiment 1;Orientation;1;18;;;;;1;2
15;178;79;81;2.71207300014794;2;-33.0;22;Houborg et al. (2023);Experiment 1;Orientation;1;18;;;;;2;2
15;6;54;48;2.29500799998641;2;-8.0;23;Houborg et al. (2023);Experiment 1;Orientation;1;18;;;;;3;2
15;97;102;5;2.84559420030564;2;89.0;24;Houborg et al. (2023);Experiment 1;Orientation;1;18;;;;;4;2
15;16;27;11;3.14575360063463;2;81.0;25;Houborg et al. (2023);Experiment 1;Orientation;1;18;81.0;-10.0;-18.0;-51.0;5;2
15;145;150;5;3.14566959999502;2;51.0;26;Houborg et al. (2023);Experiment 1;Orientation;1;18;51.0;-48.0;41.0;33.0;6;2
15;179;2;3;2.54511810000986;2;-34.0;27;Houborg et al. (2023);Experiment 1;Orientation;1;18;-34.0;17.0;-82.0;7.0;7;2
15;13;23;10;2.49548800010234;2;-14.0;28;Houborg et al. (2023);Experiment 1;Orientation;1;18;-14.0;-48.0;3.0;84.0;8;2
15;170;160;-10;3.61295230034739;2;23.0;29;Houborg et al. (2023);Experiment 1;Orientation;1;18;23.0;9.0;-25.0;26.0;9;2
15;4;179;-5;6.21499590016901;2;-14.0;30;Houborg et al. (2023);Experiment 1;Orientation;1;18;-14.0;9.0;-5.0;-39.0;10;2
15;124;111;-13;4.02976559940726;2;60.0;31;Houborg et al. (2023);Experiment 1;Orientation;1;18;60.0;46.0;69.0;55.0;11;2
15;142;143;1;4.03004520013928;2;-18.0;32;Houborg et al. (2023);Experiment 1;Orientation;1;18;-18.0;42.0;28.0;51.0;12;2
15;97;86;-11;4.18002390023321;2;45.0;33;Houborg et al. (2023);Experiment 1;Orientation;1;18;45.0;27.0;87.0;73.0;13;2
15;160;140;-20;2.5953053003177;2;-63.0;34;Houborg et al. (2023);Experiment 1;Orientation;1;18;-63.0;-18.0;-36.0;24.0;14;2
15;162;133;-29;3.47952239960432;2;-2.0;35;Houborg et al. (2023);Experiment 1;Orientation;1;18;-2.0;-65.0;-20.0;-38.0;15;2
15;113;117;4;1.86109529994428;2;49.0;36;Houborg et al. (2023);Experiment 1;Orientation;1;18;49.0;47.0;-16.0;29.0;16;2
15;25;32;7;2.46198670007288;2;88.0;37;Houborg et al. (2023);Experiment 1;Orientation;1;18;88.0;-43.0;-45.0;72.0;17;2
15;40;43;3;1.99470179993659;2;-15.0;38;Houborg et al. (2023);Experiment 1;Orientation;1;18;-15.0;73.0;-58.0;-60.0;18;2
15;33;33;0;2.09511199966073;2;7.0;39;Houborg et al. (2023);Experiment 1;Orientation;1;18;7.0;-8.0;80.0;-51.0;19;2
15;8;25;17;1.86119159962982;2;25.0;40;Houborg et al. (2023);Experiment 1;Orientation;1;18;25.0;32.0;17.0;-75.0;20;2
15;20;179;-21;3.24639469943941;3;-12.0;41;Houborg et al. (2023);Experiment 1;Orientation;1;18;;;;;1;3
15;111;124;13;2.34507639985532;3;89.0;42;Houborg et al. (2023);Experiment 1;Orientation;1;18;;;;;2;3
15;170;158;-12;2.77890620008111;3;-59.0;43;Houborg et al. (2023);Experiment 1;Orientation;1;18;;;;;3;3
15;64;52;-12;3.06220099981874;3;-74.0;44;Houborg et al. (2023);Experiment 1;Orientation;1;18;;;;;4;3
15;74;65;-9;2.11137690022588;3;-10.0;45;Houborg et al. (2023);Experiment 1;Orientation;1;18;-10.0;-84.0;37.0;-54.0;5;3
15;178;179;1;2.86214559990913;3;76.0;46;Houborg et al. (2023);Experiment 1;Orientation;1;18;76.0;66.0;-8.0;-67.0;6;3
15;171;171;0;3.06224900018424;3;7.0;47;Houborg et al. (2023);Experiment 1;Orientation;1;18;7.0;83.0;73.0;-1.0;7;3
15;122;128;6;3.32923779916018;3;49.0;48;Houborg et al. (2023);Experiment 1;Orientation;1;18;49.0;56.0;-48.0;-58.0;8;3
15;178;179;1;4.01315819937736;3;-56.0;49;Houborg et al. (2023);Experiment 1;Orientation;1;18;-56.0;-7.0;0.0;76.0;9;3
15;139;137;-2;2.4452561000362;3;39.0;50;Houborg et al. (2023);Experiment 1;Orientation;1;18;39.0;-17.0;32.0;39.0;10;3
15;61;60;-1;2.62872869987041;3;78.0;51;Houborg et al. (2023);Experiment 1;Orientation;1;18;78.0;-63.0;61.0;-70.0;11;3
15;120;118;-2;2.12828090041876;3;-59.0;52;Houborg et al. (2023);Experiment 1;Orientation;1;18;-59.0;19.0;58.0;2.0;12;3
15;44;40;-4;3.29590590018779;3;76.0;53;Houborg et al. (2023);Experiment 1;Orientation;1;18;76.0;17.0;-85.0;-46.0;13;3
15;54;70;16;2.31172130070627;3;-10.0;54;Houborg et al. (2023);Experiment 1;Orientation;1;18;-10.0;66.0;7.0;85.0;14;3
15;123;118;-5;1.79459769930691;3;-69.0;55;Houborg et al. (2023);Experiment 1;Orientation;1;18;-69.0;-79.0;-3.0;-62.0;15;3
15;96;105;9;2.52852610033005;3;27.0;56;Houborg et al. (2023);Experiment 1;Orientation;1;18;27.0;-42.0;-52.0;24.0;16;3
15;75;63;-12;2.29495280049741;3;21.0;57;Houborg et al. (2023);Experiment 1;Orientation;1;18;21.0;48.0;-21.0;-31.0;17;3
15;109;110;1;1.92796819936484;3;-34.0;58;Houborg et al. (2023);Experiment 1;Orientation;1;18;-34.0;-13.0;14.0;-55.0;18;3
15;136;123;-13;2.49540019966662;3;-27.0;59;Houborg et al. (2023);Experiment 1;Orientation;1;18;-27.0;-61.0;-40.0;-13.0;19;3
15;106;104;-2;2.74534679949284;3;30.0;60;Houborg et al. (2023);Experiment 1;Orientation;1;18;30.0;3.0;-31.0;-10.0;20;3
15;100;100;0;2.34512570034713;4;6.0;61;Houborg et al. (2023);Experiment 1;Orientation;1;18;;;;;1;4
15;106;111;5;1.67797739990056;4;-6.0;62;Houborg et al. (2023);Experiment 1;Orientation;1;18;;;;;2;4
15;93;97;4;2.91239889990538;4;13.0;63;Houborg et al. (2023);Experiment 1;Orientation;1;18;;;;;3;4
15;15;21;6;2.24508000072092;4;78.0;64;Houborg et al. (2023);Experiment 1;Orientation;1;18;;;;;4;4
15;130;88;-42;3.69621990062296;4;65.0;65;Houborg et al. (2023);Experiment 1;Orientation;1;18;65.0;-37.0;-24.0;-30.0;5;4
15;180;178;-2;5.6645781006664;4;-50.0;66;Houborg et al. (2023);Experiment 1;Orientation;1;18;-50.0;15.0;-87.0;-74.0;6;4
15;64;79;15;2.52877370081842;4;-64.0;67;Houborg et al. (2023);Experiment 1;Orientation;1;18;-64.0;66.0;-49.0;29.0;7;4
15;175;173;-2;3.0624184999615;4;69.0;68;Houborg et al. (2023);Experiment 1;Orientation;1;18;69.0;5.0;-45.0;20.0;8;4
15;63;68;5;1.94487900007516;4;-68.0;69;Houborg et al. (2023);Experiment 1;Orientation;1;18;-68.0;1.0;-63.0;67.0;9;4
15;160;152;-8;4.07990089990199;4;83.0;70;Houborg et al. (2023);Experiment 1;Orientation;1;18;83.0;15.0;84.0;20.0;10;4
15;82;71;-11;4.96413159929216;4;78.0;71;Houborg et al. (2023);Experiment 1;Orientation;1;18;78.0;-19.0;-87.0;-18.0;11;4
15;75;74;-1;2.87911299988627;4;7.0;72;Houborg et al. (2023);Experiment 1;Orientation;1;18;7.0;85.0;-12.0;-80.0;12;4
15;40;46;6;2.82882829941809;4;35.0;73;Houborg et al. (2023);Experiment 1;Orientation;1;18;35.0;42.0;-60.0;23.0;13;4
15;23;26;3;2.4119367999956;4;17.0;74;Houborg et al. (2023);Experiment 1;Orientation;1;18;17.0;52.0;59.0;-43.0;14;4
15;56;53;-3;2.67887420020998;4;-33.0;75;Houborg et al. (2023);Experiment 1;Orientation;1;18;-33.0;-16.0;19.0;26.0;15;4
15;131;56;-75;2.81226579938084;4;-75.0;76;Houborg et al. (2023);Experiment 1;Orientation;1;18;-75.0;72.0;89.0;-56.0;16;4
15;141;133;-8;3.86298689991236;4;-10.0;77;Houborg et al. (2023);Experiment 1;Orientation;1;18;-10.0;-85.0;62.0;79.0;17;4
15;125;120;-5;1.96184189990163;4;16.0;78;Houborg et al. (2023);Experiment 1;Orientation;1;18;16.0;6.0;-69.0;78.0;18;4
15;2;87;85;4.1634331997484;4;-57.0;79;Houborg et al. (2023);Experiment 1;Orientation;1;18;-57.0;-41.0;-51.0;54.0;19;4
15;152;148;-4;3.1958051007241;4;30.0;80;Houborg et al. (2023);Experiment 1;Orientation;1;18;30.0;-27.0;-11.0;-21.0;20;4
15;167;162;-5;2.74537829961628;5;-15.0;81;Houborg et al. (2023);Experiment 1;Orientation;1;18;;;;;1;5
15;139;132;-7;2.97901210002601;5;28.0;82;Houborg et al. (2023);Experiment 1;Orientation;1;18;;;;;2;5
15;8;23;15;2.3619148992002;5;-49.0;83;Houborg et al. (2023);Experiment 1;Orientation;1;18;;;;;3;5
15;69;117;48;2.32846940029413;5;-61.0;84;Houborg et al. (2023);Experiment 1;Orientation;1;18;;;;;4;5
15;127;122;-5;2.96220380067825;5;-58.0;85;Houborg et al. (2023);Experiment 1;Orientation;1;18;-58.0;61.0;12.0;40.0;5;5
15;132;66;-66;3.095697700046;5;-5.0;86;Houborg et al. (2023);Experiment 1;Orientation;1;18;-5.0;-63.0;56.0;7.0;6;5
15;41;62;21;2.04489149991423;5;-89.0;87;Houborg et al. (2023);Experiment 1;Orientation;1;18;-89.0;86.0;28.0;-33.0;7;5
15;49;60;11;2.24486920051277;5;-8.0;88;Houborg et al. (2023);Experiment 1;Orientation;1;18;-8.0;83.0;78.0;20.0;8;5
15;122;100;-22;2.54524949938059;5;-73.0;89;Houborg et al. (2023);Experiment 1;Orientation;1;18;-73.0;-81.0;10.0;5.0;9;5
15;86;77;-9;2.81229500006884;5;36.0;90;Houborg et al. (2023);Experiment 1;Orientation;1;18;36.0;-37.0;-45.0;46.0;10;5
15;113;107;-6;2.39534220006317;5;-27.0;91;Houborg et al. (2023);Experiment 1;Orientation;1;18;-27.0;9.0;-64.0;-72.0;11;5
15;43;71;28;2.46172120049596;5;70.0;92;Houborg et al. (2023);Experiment 1;Orientation;1;18;70.0;43.0;79.0;6.0;12;5
15;32;46;14;2.34512929990888;5;11.0;93;Houborg et al. (2023);Experiment 1;Orientation;1;18;11.0;81.0;54.0;90.0;13;5
15;150;127;-23;3.34744959976524;5;62.0;94;Houborg et al. (2023);Experiment 1;Orientation;1;18;62.0;73.0;-37.0;-64.0;14;5
15;139;153;14;2.59523729979992;5;11.0;95;Houborg et al. (2023);Experiment 1;Orientation;1;18;11.0;73.0;84.0;-26.0;15;5
15;169;165;-4;4.98078450001776;5;-30.0;96;Houborg et al. (2023);Experiment 1;Orientation;1;18;-30.0;-19.0;43.0;54.0;16;5
15;20;20;0;3.11225050035864;5;-31.0;97;Houborg et al. (2023);Experiment 1;Orientation;1;18;-31.0;-61.0;-50.0;12.0;17;5
15;33;41;8;2.41172869969159;5;-13.0;98;Houborg et al. (2023);Experiment 1;Orientation;1;18;-13.0;-44.0;-74.0;-63.0;18;5
15;18;37;19;2.59544699918479;5;15.0;99;Houborg et al. (2023);Experiment 1;Orientation;1;18;15.0;2.0;-29.0;-59.0;19;5
15;89;90;1;3.7797435997054;5;-71.0;100;Houborg et al. (2023);Experiment 1;Orientation;1;18;-71.0;-56.0;-69.0;80.0;20;5
15;35;41;6;1.87794599961489;6;54.0;101;Houborg et al. (2023);Experiment 1;Orientation;1;18;;;;;1;6
15;162;178;16;2.9457767996937;6;53.0;102;Houborg et al. (2023);Experiment 1;Orientation;1;18;;;;;2;6
15;18;16;-2;2.92895860038698;6;-36.0;103;Houborg et al. (2023);Experiment 1;Orientation;1;18;;;;;3;6
15;8;15;7;2.77880780026317;6;10.0;104;Houborg et al. (2023);Experiment 1;Orientation;1;18;;;;;4;6
15;101;98;-3;3.66304470039904;6;87.0;105;Houborg et al. (2023);Experiment 1;Orientation;1;18;87.0;-83.0;61.0;-66.0;5;6
15;140;125;-15;2.01162320002913;6;-39.0;106;Houborg et al. (2023);Experiment 1;Orientation;1;18;-39.0;48.0;58.0;22.0;6;6
15;57;58;1;3.77962840069085;6;83.0;107;Houborg et al. (2023);Experiment 1;Orientation;1;18;83.0;44.0;-49.0;-39.0;7;6
15;33;79;46;2.32815830036998;6;24.0;108;Houborg et al. (2023);Experiment 1;Orientation;1;18;24.0;-73.0;68.0;-25.0;8;6
15;62;75;13;2.42868669983;6;-29.0;109;Houborg et al. (2023);Experiment 1;Orientation;1;18;-29.0;-5.0;78.0;39.0;9;6
15;38;62;24;2.51195499952883;6;24.0;110;Houborg et al. (2023);Experiment 1;Orientation;1;18;24.0;-5.0;19.0;-78.0;10;6
15;92;91;-1;1.41101509984583;6;-54.0;111;Houborg et al. (2023);Experiment 1;Orientation;1;18;-54.0;-30.0;-59.0;-35.0;11;6
15;164;1;17;3.24586079921573;6;-72.0;112;Houborg et al. (2023);Experiment 1;Orientation;1;18;-72.0;54.0;78.0;49.0;12;6
15;114;107;-7;1.9282316993922;6;50.0;113;Houborg et al. (2023);Experiment 1;Orientation;1;18;50.0;-22.0;-76.0;-52.0;13;6
15;19;49;30;2.46191509999335;6;-85.0;114;Houborg et al. (2023);Experiment 1;Orientation;1;18;-85.0;-35.0;73.0;19.0;14;6
15;71;73;2;2.71204349957407;6;-52.0;115;Houborg et al. (2023);Experiment 1;Orientation;1;18;-52.0;43.0;-87.0;21.0;15;6
15;10;22;12;2.91226970031857;6;61.0;116;Houborg et al. (2023);Experiment 1;Orientation;1;18;61.0;9.0;-76.0;-26.0;16;6
15;91;89;-2;4.06289600022137;6;-81.0;117;Houborg et al. (2023);Experiment 1;Orientation;1;18;-81.0;-20.0;-72.0;23.0;17;6
15;78;79;1;2.64532909914851;6;13.0;118;Houborg et al. (2023);Experiment 1;Orientation;1;18;13.0;-68.0;-7.0;-59.0;18;6
15;180;173;-7;2.77900459989905;6;78.0;119;Houborg et al. (2023);Experiment 1;Orientation;1;18;78.0;-89.0;10.0;71.0;19;6
15;147;130;-17;2.14480159990489;6;33.0;120;Houborg et al. (2023);Experiment 1;Orientation;1;18;33.0;-69.0;-56.0;43.0;20;6
15;88;77;-11;2.77884840033948;7;59.0;121;Houborg et al. (2023);Experiment 1;Orientation;1;18;;;;;1;7
15;162;154;-8;1.72789520025253;7;-74.0;122;Houborg et al. (2023);Experiment 1;Orientation;1;18;;;;;2;7
15;25;23;-2;2.01166429929435;7;-43.0;123;Houborg et al. (2023);Experiment 1;Orientation;1;18;;;;;3;7
15;71;75;4;1.2439776994288;7;-46.0;124;Houborg et al. (2023);Experiment 1;Orientation;1;18;;;;;4;7
15;167;173;6;1.47791840042919;7;84.0;125;Houborg et al. (2023);Experiment 1;Orientation;1;18;84.0;38.0;-5.0;-79.0;5;7
15;166;165;-1;2.37839139997959;7;1.0;126;Houborg et al. (2023);Experiment 1;Orientation;1;18;1.0;85.0;39.0;-4.0;6;7
15;129;103;-26;4.33008199930191;7;37.0;127;Houborg et al. (2023);Experiment 1;Orientation;1;18;37.0;38.0;-58.0;76.0;7;7
15;112;104;-8;1.47785890009254;7;17.0;128;Houborg et al. (2023);Experiment 1;Orientation;1;18;17.0;54.0;55.0;-41.0;8;7
15;62;107;45;1.46109419967979;7;50.0;129;Houborg et al. (2023);Experiment 1;Orientation;1;18;50.0;67.0;-76.0;-75.0;9;7
15;169;150;-19;1.71137079969049;7;73.0;130;Houborg et al. (2023);Experiment 1;Orientation;1;18;73.0;-57.0;-40.0;-3.0;10;7
15;23;38;15;1.62798750028014;7;-34.0;131;Houborg et al. (2023);Experiment 1;Orientation;1;18;-34.0;39.0;89.0;-74.0;11;7
15;132;133;1;1.77798609994352;7;71.0;132;Houborg et al. (2023);Experiment 1;Orientation;1;18;71.0;37.0;-70.0;-20.0;12;7
15;117;120;3;3.97986970003694;7;15.0;133;Houborg et al. (2023);Experiment 1;Orientation;1;18;15.0;86.0;52.0;-55.0;13;7
15;150;138;-12;1.29414089955389;7;-33.0;134;Houborg et al. (2023);Experiment 1;Orientation;1;18;-33.0;-18.0;53.0;19.0;14;7
15;72;60;-12;1.62765190005302;7;78.0;135;Houborg et al. (2023);Experiment 1;Orientation;1;18;78.0;45.0;60.0;-49.0;15;7
15;135;138;3;1.12746060080826;7;-63.0;136;Houborg et al. (2023);Experiment 1;Orientation;1;18;-63.0;15.0;-18.0;-3.0;16;7
15;151;119;-32;4.16315250005573;7;-16.0;137;Houborg et al. (2023);Experiment 1;Orientation;1;18;-16.0;-79.0;-1.0;-34.0;17;7
15;59;60;1;1.24426949955523;7;-88.0;138;Houborg et al. (2023);Experiment 1;Orientation;1;18;-88.0;76.0;13.0;-89.0;18;7
15;100;92;-8;1.91122219990939;7;-41.0;139;Houborg et al. (2023);Experiment 1;Orientation;1;18;-41.0;51.0;35.0;-28.0;19;7
15;177;1;4;1.66111129987985;7;-77.0;140;Houborg et al. (2023);Experiment 1;Orientation;1;18;-77.0;62.0;-26.0;-42.0;20;7
15;99;101;2;1.31090599950403;8;78.0;141;Houborg et al. (2023);Experiment 1;Orientation;1;18;;;;;1;8
15;60;57;-3;1.72761400043964;8;39.0;142;Houborg et al. (2023);Experiment 1;Orientation;1;18;;;;;2;8
15;112;96;-16;1.89473739918321;8;-52.0;143;Houborg et al. (2023);Experiment 1;Orientation;1;18;;;;;3;8
15;65;65;0;1.31111569982022;8;47.0;144;Houborg et al. (2023);Experiment 1;Orientation;1;18;;;;;4;8
15;137;115;-22;1.1772437999025;8;-72.0;145;Houborg et al. (2023);Experiment 1;Orientation;1;18;-72.0;-25.0;-77.0;-38.0;5;8
15;75;72;-3;1.39440529979765;8;62.0;146;Houborg et al. (2023);Experiment 1;Orientation;1;18;62.0;-10.0;37.0;-15.0;6;8
15;89;91;2;1.79486270062625;8;-14.0;147;Houborg et al. (2023);Experiment 1;Orientation;1;18;-14.0;48.0;-24.0;23.0;7;8
15;126;112;-14;1.2943506995216;8;-37.0;148;Houborg et al. (2023);Experiment 1;Orientation;1;18;-37.0;-51.0;11.0;-61.0;8;8
15;176;171;-5;2.16170569974929;8;-50.0;149;Houborg et al. (2023);Experiment 1;Orientation;1;18;-50.0;-87.0;79.0;-39.0;9;8
15;59;77;18;1.82790330052376;8;-63.0;150;Houborg et al. (2023);Experiment 1;Orientation;1;18;-63.0;67.0;30.0;16.0;10;8
15;151;136;-15;1.52779210079461;8;88.0;151;Houborg et al. (2023);Experiment 1;Orientation;1;18;88.0;25.0;-25.0;-62.0;11;8
15;134;108;-26;2.11155459936708;8;17.0;152;Houborg et al. (2023);Experiment 1;Orientation;1;18;17.0;-75.0;42.0;-8.0;12;8
15;172;165;-7;1.41103109996766;8;-38.0;153;Houborg et al. (2023);Experiment 1;Orientation;1;18;-38.0;-21.0;67.0;4.0;13;8
15;6;18;12;3.0457480000332;8;-14.0;154;Houborg et al. (2023);Experiment 1;Orientation;1;18;-14.0;-52.0;-35.0;53.0;14;8
15;65;77;12;2.24515500012785;8;-59.0;155;Houborg et al. (2023);Experiment 1;Orientation;1;18;-59.0;-73.0;69.0;86.0;15;8
15;120;112;-8;1.47771449945867;8;-55.0;156;Houborg et al. (2023);Experiment 1;Orientation;1;18;-55.0;66.0;52.0;14.0;16;8
15;51;56;5;1.06050369981676;8;69.0;157;Houborg et al. (2023);Experiment 1;Orientation;1;18;69.0;14.0;-45.0;-59.0;17;8
15;42;71;29;2.01150510087609;8;9.0;158;Houborg et al. (2023);Experiment 1;Orientation;1;18;9.0;78.0;23.0;-36.0;18;8
15;129;101;-28;1.67796889971942;8;-87.0;159;Houborg et al. (2023);Experiment 1;Orientation;1;18;-87.0;-78.0;-9.0;-64.0;19;8
15;113;111;-2;1.76139680016786;8;16.0;160;Houborg et al. (2023);Experiment 1;Orientation;1;18;16.0;-71.0;-62.0;7.0;20;8
15;107;109;2;1.52785700000823;9;6.0;161;Houborg et al. (2023);Experiment 1;Orientation;1;18;;;;;1;9
15;119;107;-12;1.34418779984117;9;-12.0;162;Houborg et al. (2023);Experiment 1;Orientation;1;18;;;;;2;9
15;9;32;23;3.1790293995291;9;-70.0;163;Houborg et al. (2023);Experiment 1;Orientation;1;18;;;;;3;9
15;63;61;-2;1.81154280062765;9;-54.0;164;Houborg et al. (2023);Experiment 1;Orientation;1;18;;;;;4;9
15;82;83;1;1.36081780027598;9;-19.0;165;Houborg et al. (2023);Experiment 1;Orientation;1;18;-19.0;-73.0;37.0;25.0;5;9
15;44;64;20;1.46087079960853;9;38.0;166;Houborg et al. (2023);Experiment 1;Orientation;1;18;38.0;19.0;-35.0;75.0;6;9
15;129;119;-10;1.49448299966753;9;-85.0;167;Houborg et al. (2023);Experiment 1;Orientation;1;18;-85.0;-47.0;-66.0;60.0;7;9
15;155;136;-19;1.31096619926393;9;-26.0;168;Houborg et al. (2023);Experiment 1;Orientation;1;18;-26.0;69.0;-73.0;88.0;8;9
15;51;48;-3;1.22760749980807;9;-76.0;169;Houborg et al. (2023);Experiment 1;Orientation;1;18;-76.0;78.0;-7.0;31.0;9;9
15;132;58;-74;2.86224399972707;9;-81.0;170;Houborg et al. (2023);Experiment 1;Orientation;1;18;-81.0;23.0;-3.0;-88.0;10;9
15;25;35;10;1.37753980048001;9;-73.0;171;Houborg et al. (2023);Experiment 1;Orientation;1;18;-73.0;26.0;-50.0;-76.0;11;9
15;151;160;9;2.66150599997491;9;54.0;172;Houborg et al. (2023);Experiment 1;Orientation;1;18;54.0;-19.0;80.0;4.0;12;9
15;25;30;5;1.12763080000877;9;-54.0;173;Houborg et al. (2023);Experiment 1;Orientation;1;18;-54.0;0.0;-73.0;26.0;13;9
15;106;110;4;0.843766099773347;9;-81.0;174;Houborg et al. (2023);Experiment 1;Orientation;1;18;-81.0;45.0;-81.0;26.0;14;9
15;66;109;43;1.61137350089848;9;40.0;175;Houborg et al. (2023);Experiment 1;Orientation;1;18;40.0;-41.0;85.0;-41.0;15;9
15;146;147;1;1.14414960052818;9;-80.0;176;Houborg et al. (2023);Experiment 1;Orientation;1;18;-80.0;-40.0;59.0;5.0;16;9
15;91;89;-2;2.71209409926087;9;55.0;177;Houborg et al. (2023);Experiment 1;Orientation;1;18;55.0;-25.0;15.0;-66.0;17;9
15;89;80;-9;3.36265530064702;9;2.0;178;Houborg et al. (2023);Experiment 1;Orientation;1;18;2.0;57.0;-23.0;17.0;18;9
15;158;80;-78;1.67795679997653;9;-69.0;179;Houborg et al. (2023);Experiment 1;Orientation;1;18;-69.0;-67.0;-12.0;88.0;19;9
15;64;64;0;1.32820480037481;9;-86.0;180;Houborg et al. (2023);Experiment 1;Orientation;1;18;-86.0;25.0;27.0;82.0;20;9
15;81;74;-7;1.19428420066833;10;-17.0;181;Houborg et al. (2023);Experiment 1;Orientation;1;18;;;;;1;10
15;174;162;-12;1.47760619968176;10;87.0;182;Houborg et al. (2023);Experiment 1;Orientation;1;18;;;;;2;10
15;8;169;-19;2.12809630017728;10;-14.0;183;Houborg et al. (2023);Experiment 1;Orientation;1;18;;;;;3;10
15;176;172;-4;1.26095429994166;10;12.0;184;Houborg et al. (2023);Experiment 1;Orientation;1;18;;;;;4;10
15;35;36;1;2.34502629935741;10;-39.0;185;Houborg et al. (2023);Experiment 1;Orientation;1;18;-39.0;-27.0;-41.0;46.0;5;10
15;121;102;-19;1.72817520052195;10;-86.0;186;Houborg et al. (2023);Experiment 1;Orientation;1;18;-86.0;55.0;67.0;53.0;6;10
15;106;104;-2;1.96162819955498;10;15.0;187;Houborg et al. (2023);Experiment 1;Orientation;1;18;15.0;-71.0;70.0;82.0;7;10
15;122;116;-6;1.51121870055795;10;-16.0;188;Houborg et al. (2023);Experiment 1;Orientation;1;18;-16.0;-1.0;-87.0;54.0;8;10
15;65;66;1;1.57806409988552;10;57.0;189;Houborg et al. (2023);Experiment 1;Orientation;1;18;57.0;41.0;56.0;-30.0;9;10
15;112;117;5;1.41099980007857;10;-47.0;190;Houborg et al. (2023);Experiment 1;Orientation;1;18;-47.0;10.0;-6.0;9.0;10;10
15;147;107;-40;1.26094760000706;10;-35.0;191;Houborg et al. (2023);Experiment 1;Orientation;1;18;-35.0;-82.0;-25.0;-41.0;11;10
15;4;12;8;3.29589900001884;10;-37.0;192;Houborg et al. (2023);Experiment 1;Orientation;1;18;-37.0;-72.0;61.0;-62.0;12;10
15;16;7;-9;1.91131810005754;10;-12.0;193;Houborg et al. (2023);Experiment 1;Orientation;1;18;-12.0;-49.0;-84.0;49.0;13;10
15;176;178;2;2.04488779976964;10;20.0;194;Houborg et al. (2023);Experiment 1;Orientation;1;18;20.0;8.0;-29.0;-64.0;14;10
15;118;112;-6;1.3444779003039;10;58.0;195;Houborg et al. (2023);Experiment 1;Orientation;1;18;58.0;78.0;66.0;29.0;15;10
15;42;35;-7;0.977143900468946;10;76.0;196;Houborg et al. (2023);Experiment 1;Orientation;1;18;76.0;-46.0;-26.0;-38.0;16;10
15;73;68;-5;1.62783509958535;10;-31.0;197;Houborg et al. (2023);Experiment 1;Orientation;1;18;-31.0;45.0;-77.0;-57.0;17;10
15;22;28;6;1.17747929971665;10;51.0;198;Houborg et al. (2023);Experiment 1;Orientation;1;18;51.0;20.0;-84.0;-26.0;18;10
15;49;58;9;1.74467089958489;10;-27.0;199;Houborg et al. (2023);Experiment 1;Orientation;1;18;-27.0;24.0;-7.0;69.0;19;10
15;47;65;18;2.27861590031534;10;2.0;200;Houborg et al. (2023);Experiment 1;Orientation;1;18;2.0;-25.0;26.0;-5.0;20;10
16;160;170;10;2.13751610000008;1;;1;Houborg et al. (2023);Experiment 1;Orientation;1;18;;;;;1;1
16;115;118;3;2.8377174000002;1;45.0;2;Houborg et al. (2023);Experiment 1;Orientation;1;18;;;;;2;1
16;97;100;3;2.37101900000016;1;18.0;3;Houborg et al. (2023);Experiment 1;Orientation;1;18;;;;;3;1
16;134;136;2;5.1536216999998;1;-37.0;4;Houborg et al. (2023);Experiment 1;Orientation;1;18;;;;;4;1
16;136;136;0;1.95425900000009;1;-2.0;5;Houborg et al. (2023);Experiment 1;Orientation;1;18;-2.0;-39.0;-21.0;24.0;5;1
16;42;58;16;1.27100130000008;1;-86.0;6;Houborg et al. (2023);Experiment 1;Orientation;1;18;-86.0;-88.0;55.0;73.0;6;1
16;175;8;13;1.75459890000002;1;47.0;7;Houborg et al. (2023);Experiment 1;Orientation;1;18;47.0;-39.0;-41.0;-78.0;7;1
16;150;156;6;2.47099740000021;1;25.0;8;Houborg et al. (2023);Experiment 1;Orientation;1;18;25.0;72.0;-14.0;-16.0;8;1
16;160;157;-3;1.83793969999988;1;-10.0;9;Houborg et al. (2023);Experiment 1;Orientation;1;18;-10.0;15.0;62.0;-24.0;9;1
16;70;71;1;3.32113429999981;1;90.0;10;Houborg et al. (2023);Experiment 1;Orientation;1;18;90.0;80.0;-75.0;-28.0;10;1
16;42;28;-14;2.75409339999987;1;28.0;11;Houborg et al. (2023);Experiment 1;Orientation;1;18;28.0;-62.0;-72.0;-47.0;11;1
16;31;26;-5;2.42104309999968;1;11.0;12;Houborg et al. (2023);Experiment 1;Orientation;1;18;11.0;39.0;-51.0;-61.0;12;1
16;160;165;5;1.52085840000018;1;51.0;13;Houborg et al. (2023);Experiment 1;Orientation;1;18;51.0;62.0;90.0;0.0;13;1
16;111;101;-10;2.17094039999984;1;49.0;14;Houborg et al. (2023);Experiment 1;Orientation;1;18;49.0;-80.0;-69.0;-41.0;14;1
16;115;113;-2;1.73749049999969;1;-4.0;15;Houborg et al. (2023);Experiment 1;Orientation;1;18;-4.0;45.0;-84.0;-73.0;15;1
16;14;29;15;2.78745679999975;1;-79.0;16;Houborg et al. (2023);Experiment 1;Orientation;1;18;-79.0;-83.0;-34.0;17.0;16;1
16;168;159;-9;3.58747630000016;1;26.0;17;Houborg et al. (2023);Experiment 1;Orientation;1;18;26.0;-53.0;-57.0;-8.0;17;1
16;49;39;-10;1.15423519999968;1;-61.0;18;Houborg et al. (2023);Experiment 1;Orientation;1;18;-61.0;-35.0;66.0;62.0;18;1
16;76;68;-8;2.18798520000018;1;-27.0;19;Houborg et al. (2023);Experiment 1;Orientation;1;18;-27.0;-88.0;-62.0;39.0;19;1
16;72;49;-23;1.38785819999976;1;4.0;20;Houborg et al. (2023);Experiment 1;Orientation;1;18;4.0;-23.0;-84.0;-58.0;20;1
16;45;39;-6;2.02099699999962;2;27.0;21;Houborg et al. (2023);Experiment 1;Orientation;1;18;;;;;1;2
16;118;112;-6;2.08754539999973;2;-73.0;22;Houborg et al. (2023);Experiment 1;Orientation;1;18;;;;;2;2
16;136;145;9;1.90420270000004;2;-18.0;23;Houborg et al. (2023);Experiment 1;Orientation;1;18;;;;;3;2
16;59;59;0;1.27099999999973;2;77.0;24;Houborg et al. (2023);Experiment 1;Orientation;1;18;;;;;4;2
16;11;11;0;2.10434529999975;2;48.0;25;Houborg et al. (2023);Experiment 1;Orientation;1;18;48.0;-55.0;-73.0;34.0;5;2
16;169;10;21;1.87079629999971;2;22.0;26;Houborg et al. (2023);Experiment 1;Orientation;1;18;22.0;70.0;-33.0;-51.0;6;2
16;170;165;-5;2.22087749999992;2;-1.0;27;Houborg et al. (2023);Experiment 1;Orientation;1;18;-1.0;21.0;69.0;-34.0;7;2
16;117;129;12;1.33786529999998;2;53.0;28;Houborg et al. (2023);Experiment 1;Orientation;1;18;53.0;52.0;74.0;-58.0;8;2
16;163;162;-1;1.73741419999988;2;-46.0;29;Houborg et al. (2023);Experiment 1;Orientation;1;18;-46.0;7.0;6.0;28.0;9;2
16;40;30;-10;1.1042508999999;2;-57.0;30;Houborg et al. (2023);Experiment 1;Orientation;1;18;-57.0;77.0;-50.0;-51.0;10;2
16;73;41;-32;1.43777779999982;2;-33.0;31;Houborg et al. (2023);Experiment 1;Orientation;1;18;-33.0;90.0;44.0;-83.0;11;2
16;103;110;7;2.00419679999959;2;-30.0;32;Houborg et al. (2023);Experiment 1;Orientation;1;18;-30.0;-63.0;60.0;14.0;12;2
16;103;101;-2;1.57097309999972;2;0.0;33;Houborg et al. (2023);Experiment 1;Orientation;1;18;0.0;-30.0;-63.0;60.0;13;2
16;39;45;6;2.40423839999949;2;64.0;34;Houborg et al. (2023);Experiment 1;Orientation;1;18;64.0;64.0;34.0;1.0;14;2
16;103;119;16;2.00425850000011;2;-64.0;35;Houborg et al. (2023);Experiment 1;Orientation;1;18;-64.0;0.0;0.0;-30.0;15;2
16;160;163;3;1.38769140000022;2;-57.0;36;Houborg et al. (2023);Experiment 1;Orientation;1;18;-57.0;59.0;-57.0;-57.0;16;2
16;174;11;17;2.0043826000001;2;-14.0;37;Houborg et al. (2023);Experiment 1;Orientation;1;18;-14.0;-71.0;45.0;-71.0;17;2
16;142;154;12;2.40418150000005;2;32.0;38;Houborg et al. (2023);Experiment 1;Orientation;1;18;32.0;18.0;-39.0;77.0;18;2
16;7;18;11;1.4212323999991;2;-45.0;39;Houborg et al. (2023);Experiment 1;Orientation;1;18;-45.0;-13.0;-27.0;-84.0;19;2
16;54;58;4;2.27090420000059;2;-47.0;40;Houborg et al. (2023);Experiment 1;Orientation;1;18;-47.0;88.0;-60.0;-74.0;20;2
16;33;30;-3;2.13716240000031;3;21.0;41;Houborg et al. (2023);Experiment 1;Orientation;1;18;;;;;1;3
16;54;48;-6;1.40435909999997;3;-21.0;42;Houborg et al. (2023);Experiment 1;Orientation;1;18;;;;;2;3
16;104;105;1;1.20430420000048;3;-50.0;43;Houborg et al. (2023);Experiment 1;Orientation;1;18;;;;;3;3
16;144;155;11;1.22125049999977;3;-40.0;44;Houborg et al. (2023);Experiment 1;Orientation;1;18;;;;;4;3
16;122;134;12;2.00417560000005;3;22.0;45;Houborg et al. (2023);Experiment 1;Orientation;1;18;22.0;-18.0;-68.0;-89.0;5;3
16;59;61;2;1.2709646000003;3;63.0;46;Houborg et al. (2023);Experiment 1;Orientation;1;18;63.0;85.0;45.0;-5.0;6;3
16;9;19;10;2.03779860000031;3;50.0;47;Houborg et al. (2023);Experiment 1;Orientation;1;18;50.0;-67.0;-45.0;-85.0;7;3
16;42;30;-12;1.48775089999981;3;-33.0;48;Houborg et al. (2023);Experiment 1;Orientation;1;18;-33.0;17.0;80.0;-78.0;8;3
16;123;134;11;1.93761790000008;3;-81.0;49;Houborg et al. (2023);Experiment 1;Orientation;1;18;-81.0;66.0;-64.0;-1.0;9;3
16;69;58;-11;1.57088550000026;3;54.0;50;Houborg et al. (2023);Experiment 1;Orientation;1;18;54.0;-27.0;-60.0;-10.0;10;3
16;33;43;10;1.83760129999973;3;36.0;51;Houborg et al. (2023);Experiment 1;Orientation;1;18;36.0;90.0;9.0;-24.0;11;3
16;108;116;8;2.4541907999992;3;-75.0;52;Houborg et al. (2023);Experiment 1;Orientation;1;18;-75.0;-39.0;15.0;-66.0;12;3
16;156;151;-5;2.07113459999982;3;-48.0;53;Houborg et al. (2023);Experiment 1;Orientation;1;18;-48.0;57.0;-87.0;-33.0;13;3
16;140;150;10;1.10438200000044;3;16.0;54;Houborg et al. (2023);Experiment 1;Orientation;1;18;16.0;-32.0;73.0;-71.0;14;3
16;93;112;19;1.32105560000036;3;47.0;55;Houborg et al. (2023);Experiment 1;Orientation;1;18;47.0;63.0;15.0;-60.0;15;3
16;172;13;21;1.43775740000001;3;-79.0;56;Houborg et al. (2023);Experiment 1;Orientation;1;18;-79.0;-32.0;-16.0;-64.0;16;3
16;48;44;-4;2.0043725000005;3;-56.0;57;Houborg et al. (2023);Experiment 1;Orientation;1;18;-56.0;45.0;-88.0;-72.0;17;3
16;172;14;22;1.3208452000008;3;56.0;58;Houborg et al. (2023);Experiment 1;Orientation;1;18;56.0;0.0;-79.0;-32.0;18;3
16;95;104;9;1.43765669999993;3;77.0;59;Houborg et al. (2023);Experiment 1;Orientation;1;18;77.0;-47.0;77.0;-2.0;19;3
16;8;31;23;1.35446719999982;3;87.0;60;Houborg et al. (2023);Experiment 1;Orientation;1;18;87.0;-16.0;40.0;-16.0;20;3
16;145;141;-4;1.25415530000009;4;43.0;61;Houborg et al. (2023);Experiment 1;Orientation;1;18;;;;;1;4
16;50;73;23;1.78768729999956;4;-85.0;62;Houborg et al. (2023);Experiment 1;Orientation;1;18;;;;;2;4
16;159;128;-31;1.62115690000064;4;71.0;63;Houborg et al. (2023);Experiment 1;Orientation;1;18;;;;;3;4
16;109;108;-1;1.85409630000049;4;50.0;64;Houborg et al. (2023);Experiment 1;Orientation;1;18;;;;;4;4
16;166;163;-3;2.5542760999997;4;-57.0;65;Houborg et al. (2023);Experiment 1;Orientation;1;18;-57.0;-7.0;64.0;-21.0;5;4
16;29;46;17;1.25445619999937;4;-43.0;66;Houborg et al. (2023);Experiment 1;Orientation;1;18;-43.0;80.0;-50.0;21.0;6;4
16;148;157;9;1.63765669999975;4;61.0;67;Houborg et al. (2023);Experiment 1;Orientation;1;18;61.0;18.0;-39.0;11.0;7;4
16;17;22;5;1.42093300000033;4;-49.0;68;Houborg et al. (2023);Experiment 1;Orientation;1;18;-49.0;12.0;-31.0;-88.0;8;4
16;4;8;4;2.20425859999978;4;13.0;69;Houborg et al. (2023);Experiment 1;Orientation;1;18;13.0;-36.0;25.0;-18.0;9;4
16;126;140;14;2.3875934000007;4;58.0;70;Houborg et al. (2023);Experiment 1;Orientation;1;18;58.0;71.0;22.0;83.0;10;4
16;28;20;-8;1.12105920000067;4;-82.0;71;Houborg et al. (2023);Experiment 1;Orientation;1;18;-82.0;-24.0;-11.0;-60.0;11;4
16;5;10;5;0.954201399999874;4;23.0;72;Houborg et al. (2023);Experiment 1;Orientation;1;18;23.0;-59.0;-1.0;12.0;12;4
16;159;165;6;1.00461459999951;4;26.0;73;Houborg et al. (2023);Experiment 1;Orientation;1;18;26.0;49.0;-33.0;25.0;13;4
16;114;116;2;1.22100600000067;4;45.0;74;Houborg et al. (2023);Experiment 1;Orientation;1;18;45.0;71.0;-86.0;12.0;14;4
16;47;52;5;1.9210094;4;67.0;75;Houborg et al. (2023);Experiment 1;Orientation;1;18;67.0;-68.0;-42.0;-19.0;15;4
16;87;67;-20;1.45442150000054;4;-40.0;76;Houborg et al. (2023);Experiment 1;Orientation;1;18;-40.0;27.0;72.0;-82.0;16;4
16;7;23;16;2.88742349999939;4;80.0;77;Houborg et al. (2023);Experiment 1;Orientation;1;18;80.0;40.0;-73.0;-28.0;17;4
16;136;143;7;1.78768779999973;4;51.0;78;Houborg et al. (2023);Experiment 1;Orientation;1;18;51.0;-49.0;-89.0;-22.0;18;4
16;129;131;2;1.5042839000007;4;7.0;79;Houborg et al. (2023);Experiment 1;Orientation;1;18;7.0;58.0;-42.0;-82.0;19;4
16;168;156;-12;1.13763629999994;4;-39.0;80;Houborg et al. (2023);Experiment 1;Orientation;1;18;-39.0;-32.0;19.0;-81.0;20;4
16;71;72;1;2.28751589999956;5;-83.0;81;Houborg et al. (2023);Experiment 1;Orientation;1;18;;;;;1;5
16;53;61;8;2.43754679999984;5;18.0;82;Houborg et al. (2023);Experiment 1;Orientation;1;18;;;;;2;5
16;86;72;-14;1.4379485999998;5;-33.0;83;Houborg et al. (2023);Experiment 1;Orientation;1;18;;;;;3;5
16;30;37;7;1.65443340000002;5;56.0;84;Houborg et al. (2023);Experiment 1;Orientation;1;18;;;;;4;5
16;130;133;3;1.27093390000027;5;80.0;85;Houborg et al. (2023);Experiment 1;Orientation;1;18;80.0;-44.0;-77.0;-59.0;5;5
16;39;46;7;1.37112200000047;5;-89.0;86;Houborg et al. (2023);Experiment 1;Orientation;1;18;-89.0;-9.0;47.0;14.0;6;5
16;9;28;19;1.12110669999947;5;30.0;87;Houborg et al. (2023);Experiment 1;Orientation;1;18;30.0;-59.0;21.0;77.0;7;5
16;80;67;-13;1.52097820000017;5;-71.0;88;Houborg et al. (2023);Experiment 1;Orientation;1;18;-71.0;-41.0;50.0;-50.0;8;5
16;74;59;-15;1.18763250000029;5;6.0;89;Houborg et al. (2023);Experiment 1;Orientation;1;18;6.0;-65.0;-35.0;56.0;9;5
16;30;34;4;1.10444439999992;5;44.0;90;Houborg et al. (2023);Experiment 1;Orientation;1;18;44.0;50.0;-21.0;9.0;10;5
16;30;39;9;1.33756629999971;5;0.0;91;Houborg et al. (2023);Experiment 1;Orientation;1;18;0.0;44.0;50.0;-21.0;11;5
16;174;1;7;0.98767990000033;5;36.0;92;Houborg et al. (2023);Experiment 1;Orientation;1;18;36.0;36.0;80.0;86.0;12;5
16;112;122;10;1.48791810000057;5;62.0;93;Houborg et al. (2023);Experiment 1;Orientation;1;18;62.0;-82.0;-82.0;-38.0;13;5
16;176;6;10;1.45443129999967;5;-64.0;94;Houborg et al. (2023);Experiment 1;Orientation;1;18;-64.0;-2.0;34.0;34.0;14;5
16;144;149;5;1.55421819999992;5;32.0;95;Houborg et al. (2023);Experiment 1;Orientation;1;18;32.0;-32.0;30.0;66.0;15;5
16;95;101;6;1.35439559999941;5;49.0;96;Houborg et al. (2023);Experiment 1;Orientation;1;18;49.0;81.0;17.0;79.0;16;5
16;41;46;5;1.20437849999962;5;54.0;97;Houborg et al. (2023);Experiment 1;Orientation;1;18;54.0;-77.0;-45.0;71.0;17;5
16;36;42;6;1.33776570000009;5;5.0;98;Houborg et al. (2023);Experiment 1;Orientation;1;18;5.0;59.0;-72.0;-40.0;18;5
16;110;116;6;1.4541336000002;5;-74.0;99;Houborg et al. (2023);Experiment 1;Orientation;1;18;-74.0;-69.0;-15.0;34.0;19;5
16;159;151;-8;1.17114010000023;5;-49.0;100;Houborg et al. (2023);Experiment 1;Orientation;1;18;-49.0;57.0;62.0;-64.0;20;5
16;75;62;-13;1.63777709999977;6;84.0;101;Houborg et al. (2023);Experiment 1;Orientation;1;18;;;;;1;6
16;161;157;-4;1.30424500000026;6;-86.0;102;Houborg et al. (2023);Experiment 1;Orientation;1;18;;;;;2;6
16;94;97;3;1.3541667999998;6;67.0;103;Houborg et al. (2023);Experiment 1;Orientation;1;18;;;;;3;6
16;30;43;13;0.871029200000521;6;64.0;104;Houborg et al. (2023);Experiment 1;Orientation;1;18;;;;;4;6
16;36;35;-1;1.00438570000006;6;-6.0;105;Houborg et al. (2023);Experiment 1;Orientation;1;18;-6.0;58.0;-55.0;39.0;5;6
16;120;120;0;0.704389800000172;6;-84.0;106;Houborg et al. (2023);Experiment 1;Orientation;1;18;-84.0;90.0;-26.0;41.0;6;6
16;80;63;-17;1.30416749999949;6;40.0;107;Houborg et al. (2023);Experiment 1;Orientation;1;18;40.0;-44.0;-50.0;14.0;7;6
16;143;37;74;2.13764919999994;6;-63.0;108;Houborg et al. (2023);Experiment 1;Orientation;1;18;-63.0;-23.0;73.0;67.0;8;6
16;126;122;-4;1.07120750000013;6;17.0;109;Houborg et al. (2023);Experiment 1;Orientation;1;18;17.0;-46.0;-6.0;90.0;9;6
16;121;118;-3;0.854633099999774;6;5.0;110;Houborg et al. (2023);Experiment 1;Orientation;1;18;5.0;22.0;-41.0;-1.0;10;6
16;86;81;-5;1.20419260000017;6;35.0;111;Houborg et al. (2023);Experiment 1;Orientation;1;18;35.0;40.0;57.0;-6.0;11;6
16;116;111;-5;1.47105349999947;6;-30.0;112;Houborg et al. (2023);Experiment 1;Orientation;1;18;-30.0;5.0;10.0;27.0;12;6
16;171;6;15;1.23787420000008;6;-55.0;113;Houborg et al. (2023);Experiment 1;Orientation;1;18;-55.0;-85.0;-50.0;-45.0;13;6
16;38;42;4;2.25416000000041;6;-47.0;114;Houborg et al. (2023);Experiment 1;Orientation;1;18;-47.0;78.0;48.0;83.0;14;6
16;130;123;-7;1.42113759999938;6;88.0;115;Houborg et al. (2023);Experiment 1;Orientation;1;18;88.0;41.0;-14.0;-44.0;15;6
16;28;17;-11;1.93787639999937;6;-78.0;116;Houborg et al. (2023);Experiment 1;Orientation;1;18;-78.0;10.0;-37.0;88.0;16;6
16;1;15;14;1.32098479999968;6;27.0;117;Houborg et al. (2023);Experiment 1;Orientation;1;18;27.0;-51.0;37.0;-10.0;17;6
16;47;67;20;1.28776980000021;6;-46.0;118;Houborg et al. (2023);Experiment 1;Orientation;1;18;-46.0;-19.0;83.0;-9.0;18;6
16;161;166;5;2.10416389999955;6;66.0;119;Houborg et al. (2023);Experiment 1;Orientation;1;18;66.0;20.0;47.0;-31.0;19;6
16;118;118;0;1.42105119999997;6;43.0;120;Houborg et al. (2023);Experiment 1;Orientation;1;18;43.0;-71.0;63.0;90.0;20;6
16;102;117;15;2.48768589999963;7;16.0;121;Houborg et al. (2023);Experiment 1;Orientation;1;18;;;;;1;7
16;171;162;-9;0.887826299999688;7;-69.0;122;Houborg et al. (2023);Experiment 1;Orientation;1;18;;;;;2;7
16;20;21;1;1.18778530000054;7;-29.0;123;Houborg et al. (2023);Experiment 1;Orientation;1;18;;;;;3;7
16;124;121;-3;1.17102979999981;7;76.0;124;Houborg et al. (2023);Experiment 1;Orientation;1;18;;;;;4;7
16;97;105;8;1.20445870000003;7;27.0;125;Houborg et al. (2023);Experiment 1;Orientation;1;18;27.0;-77.0;74.0;5.0;5;7
16;99;104;5;1.17101389999971;7;-2.0;126;Houborg et al. (2023);Experiment 1;Orientation;1;18;-2.0;25.0;-79.0;72.0;6;7
16;4;10;6;1.17122250000011;7;-85.0;127;Houborg et al. (2023);Experiment 1;Orientation;1;18;-85.0;-87.0;-60.0;16.0;7;7
16;85;74;-11;1.28754919999938;7;-81.0;128;Houborg et al. (2023);Experiment 1;Orientation;1;18;-81.0;14.0;12.0;39.0;8;7
16;8;24;16;1.3712102999998;7;77.0;129;Houborg et al. (2023);Experiment 1;Orientation;1;18;77.0;-4.0;-89.0;89.0;9;7
16;90;101;11;1.5541706999993;7;-82.0;130;Houborg et al. (2023);Experiment 1;Orientation;1;18;-82.0;-5.0;-86.0;9.0;10;7
16;73;75;2;1.40436250000039;7;17.0;131;Houborg et al. (2023);Experiment 1;Orientation;1;18;17.0;-65.0;12.0;-69.0;11;7
16;39;41;2;1.98774589999994;7;34.0;132;Houborg et al. (2023);Experiment 1;Orientation;1;18;34.0;51.0;-31.0;46.0;12;7
16;154;158;4;0.921077999999397;7;65.0;133;Houborg et al. (2023);Experiment 1;Orientation;1;18;65.0;-81.0;-64.0;34.0;13;7
16;81;53;-28;1.27118979999977;7;73.0;134;Houborg et al. (2023);Experiment 1;Orientation;1;18;73.0;-42.0;-8.0;9.0;14;7
16;6;20;14;1.23770749999949;7;75.0;135;Houborg et al. (2023);Experiment 1;Orientation;1;18;75.0;-32.0;33.0;67.0;15;7
16;138;135;-3;1.20443619999969;7;48.0;136;Houborg et al. (2023);Experiment 1;Orientation;1;18;48.0;-57.0;16.0;81.0;16;7
16;14;34;20;2.42060689999926;7;-56.0;137;Houborg et al. (2023);Experiment 1;Orientation;1;18;-56.0;-8.0;67.0;-40.0;17;7
16;149;151;2;1.66966529999991;7;45.0;138;Houborg et al. (2023);Experiment 1;Orientation;1;18;45.0;-11.0;37.0;-68.0;18;7
16;73;61;-12;1.65434259999984;7;76.0;139;Houborg et al. (2023);Experiment 1;Orientation;1;18;76.0;-59.0;65.0;-67.0;19;7
16;175;172;-3;1.65421940000033;7;78.0;140;Houborg et al. (2023);Experiment 1;Orientation;1;18;78.0;-26.0;19.0;-37.0;20;7
16;69;70;1;1.93768739999996;8;-74.0;141;Houborg et al. (2023);Experiment 1;Orientation;1;18;;;;;1;8
16;61;66;5;1.20427130000007;8;8.0;142;Houborg et al. (2023);Experiment 1;Orientation;1;18;;;;;2;8
16;150;148;-2;1.67105149999952;8;-89.0;143;Houborg et al. (2023);Experiment 1;Orientation;1;18;;;;;3;8
16;30;31;1;0.987607099999877;8;-60.0;144;Houborg et al. (2023);Experiment 1;Orientation;1;18;;;;;4;8
16;123;119;-4;1.22127660000024;8;87.0;145;Houborg et al. (2023);Experiment 1;Orientation;1;18;87.0;27.0;-62.0;-54.0;5;8
16;39;38;-1;1.22105539999939;8;84.0;146;Houborg et al. (2023);Experiment 1;Orientation;1;18;84.0;-9.0;-69.0;22.0;6;8
16;47;46;-1;1.38791570000012;8;-8.0;147;Houborg et al. (2023);Experiment 1;Orientation;1;18;-8.0;76.0;-17.0;-77.0;7;8
16;18;35;17;1.23767550000048;8;29.0;148;Houborg et al. (2023);Experiment 1;Orientation;1;18;29.0;21.0;-75.0;12.0;8;8
16;117;116;-1;1.62092080000002;8;81.0;149;Houborg et al. (2023);Experiment 1;Orientation;1;18;81.0;-70.0;-78.0;6.0;9;8
16;139;136;-3;1.37105479999991;8;-22.0;150;Houborg et al. (2023);Experiment 1;Orientation;1;18;-22.0;59.0;88.0;80.0;10;8
16;128;139;11;1.05439300000035;8;11.0;151;Houborg et al. (2023);Experiment 1;Orientation;1;18;11.0;-11.0;70.0;-81.0;11;8
16;151;150;-1;0.987820100000135;8;-23.0;152;Houborg et al. (2023);Experiment 1;Orientation;1;18;-23.0;-12.0;-34.0;47.0;12;8
16;168;163;-5;1.08772840000074;8;-17.0;153;Houborg et al. (2023);Experiment 1;Orientation;1;18;-17.0;-40.0;-29.0;-51.0;13;8
16;125;128;3;1.22120140000061;8;43.0;154;Houborg et al. (2023);Experiment 1;Orientation;1;18;43.0;26.0;3.0;14.0;14;8
16;85;67;-18;1.45443739999973;8;40.0;155;Houborg et al. (2023);Experiment 1;Orientation;1;18;40.0;83.0;66.0;43.0;15;8
16;112;115;3;1.1209689999996;8;-27.0;156;Houborg et al. (2023);Experiment 1;Orientation;1;18;-27.0;13.0;56.0;39.0;16;8
16;38;51;13;1.92078570000012;8;74.0;157;Houborg et al. (2023);Experiment 1;Orientation;1;18;74.0;47.0;87.0;-50.0;17;8
16;139;136;-3;1.50437869999951;8;79.0;158;Houborg et al. (2023);Experiment 1;Orientation;1;18;79.0;-27.0;-54.0;-14.0;18;8
16;126;111;-15;1.22115209999993;8;13.0;159;Houborg et al. (2023);Experiment 1;Orientation;1;18;13.0;-88.0;-14.0;-41.0;19;8
16;3;8;5;1.5876860999997;8;-57.0;160;Houborg et al. (2023);Experiment 1;Orientation;1;18;-57.0;-44.0;35.0;-71.0;20;8
16;16;23;7;1.97093320000022;9;-13.0;161;Houborg et al. (2023);Experiment 1;Orientation;1;18;;;;;1;9
16;138;144;6;1.22118060000048;9;58.0;162;Houborg et al. (2023);Experiment 1;Orientation;1;18;;;;;2;9
16;33;48;15;1.22088559999975;9;-75.0;163;Houborg et al. (2023);Experiment 1;Orientation;1;18;;;;;3;9
16;88;72;-16;1.17094380000071;9;-55.0;164;Houborg et al. (2023);Experiment 1;Orientation;1;18;;;;;4;9
16;133;131;-2;1.20448990000023;9;-45.0;165;Houborg et al. (2023);Experiment 1;Orientation;1;18;-45.0;80.0;5.0;63.0;5;9
16;164;160;-4;1.15423509999982;9;-31.0;166;Houborg et al. (2023);Experiment 1;Orientation;1;18;-31.0;-76.0;49.0;-26.0;6;9
16;81;69;-12;1.637745;9;83.0;167;Houborg et al. (2023);Experiment 1;Orientation;1;18;83.0;52.0;7.0;-48.0;7;9
16;72;69;-3;1.05448830000023;9;9.0;168;Houborg et al. (2023);Experiment 1;Orientation;1;18;9.0;-88.0;61.0;16.0;8;9
16;153;155;2;1.12097379999977;9;-81.0;169;Houborg et al. (2023);Experiment 1;Orientation;1;18;-81.0;-72.0;11.0;-20.0;9;9
16;110;116;6;1.38790590000008;9;43.0;170;Houborg et al. (2023);Experiment 1;Orientation;1;18;43.0;-38.0;-29.0;54.0;10;9
16;101;108;7;1.33778150000035;9;9.0;171;Houborg et al. (2023);Experiment 1;Orientation;1;18;9.0;52.0;-29.0;-20.0;11;9
16;110;112;2;1.13756589999957;9;-9.0;172;Houborg et al. (2023);Experiment 1;Orientation;1;18;-9.0;0.0;43.0;-38.0;12;9
16;131;129;-2;1.23774390000017;9;-21.0;173;Houborg et al. (2023);Experiment 1;Orientation;1;18;-21.0;-30.0;-21.0;22.0;13;9
16;151;161;10;1.15452779999941;9;-20.0;174;Houborg et al. (2023);Experiment 1;Orientation;1;18;-20.0;-41.0;-50.0;-41.0;14;9
16;1;17;16;2.33777960000043;9;-30.0;175;Houborg et al. (2023);Experiment 1;Orientation;1;18;-30.0;-50.0;-71.0;-80.0;15;9
16;35;25;-10;1.20431839999947;9;-34.0;176;Houborg et al. (2023);Experiment 1;Orientation;1;18;-34.0;-64.0;-84.0;75.0;16;9
16;49;44;-5;1.25442120000025;9;-14.0;177;Houborg et al. (2023);Experiment 1;Orientation;1;18;-14.0;-48.0;-78.0;82.0;17;9
16;99;111;12;1.05446250000023;9;-50.0;178;Houborg et al. (2023);Experiment 1;Orientation;1;18;-50.0;-64.0;82.0;52.0;18;9
16;19;26;7;1.33776560000024;9;80.0;179;Houborg et al. (2023);Experiment 1;Orientation;1;18;80.0;30.0;16.0;-18.0;19;9
16;123;126;3;1.53801139999996;9;76.0;180;Houborg et al. (2023);Experiment 1;Orientation;1;18;76.0;-24.0;-74.0;-88.0;20;9
16;130;125;-5;0.837777999999162;10;-7.0;181;Houborg et al. (2023);Experiment 1;Orientation;1;18;;;;;1;10
16;23;35;12;1.52091340000061;10;-73.0;182;Houborg et al. (2023);Experiment 1;Orientation;1;18;;;;;2;10
16;131;121;-10;0.954384599999685;10;72.0;183;Houborg et al. (2023);Experiment 1;Orientation;1;18;;;;;3;10
16;15;23;8;1.03771460000007;10;-64.0;184;Houborg et al. (2023);Experiment 1;Orientation;1;18;;;;;4;10
16;137;130;-7;1.07114519999959;10;58.0;185;Houborg et al. (2023);Experiment 1;Orientation;1;18;58.0;-6.0;66.0;-7.0;5;10
16;6;20;14;0.854575599999407;10;-49.0;186;Houborg et al. (2023);Experiment 1;Orientation;1;18;-49.0;9.0;-55.0;17.0;6;10
16;156;154;-2;1.38767869999992;10;30.0;187;Houborg et al. (2023);Experiment 1;Orientation;1;18;30.0;-19.0;39.0;-25.0;7;10
16;52;52;0;1.37102800000048;10;-76.0;188;Houborg et al. (2023);Experiment 1;Orientation;1;18;-76.0;-46.0;85.0;-37.0;8;10
16;91;73;-18;1.20466429999942;10;-39.0;189;Houborg et al. (2023);Experiment 1;Orientation;1;18;-39.0;65.0;-85.0;46.0;9;10
16;172;168;-4;1.10447300000033;10;-81.0;190;Houborg et al. (2023);Experiment 1;Orientation;1;18;-81.0;60.0;-16.0;14.0;10;10
16;100;95;-5;1.48782990000018;10;72.0;191;Houborg et al. (2023);Experiment 1;Orientation;1;18;72.0;-9.0;-48.0;56.0;11;10
16;98;103;5;1.60429540000041;10;2.0;192;Houborg et al. (2023);Experiment 1;Orientation;1;18;2.0;74.0;-7.0;-46.0;12;10
16;66;66;0;1.18767659999958;10;32.0;193;Houborg et al. (2023);Experiment 1;Orientation;1;18;32.0;34.0;-74.0;25.0;13;10
16;33;48;15;1.90393909999966;10;33.0;194;Houborg et al. (2023);Experiment 1;Orientation;1;18;33.0;65.0;67.0;-41.0;14;10
16;67;71;4;1.05436069999996;10;-34.0;195;Houborg et al. (2023);Experiment 1;Orientation;1;18;-34.0;-1.0;31.0;33.0;15;10
16;61;70;9;1.1543542999998;10;6.0;196;Houborg et al. (2023);Experiment 1;Orientation;1;18;6.0;-28.0;5.0;37.0;16;10
16;21;32;11;1.07099540000036;10;40.0;197;Houborg et al. (2023);Experiment 1;Orientation;1;18;40.0;46.0;12.0;45.0;17;10
16;42;42;0;1.15445470000031;10;-21.0;198;Houborg et al. (2023);Experiment 1;Orientation;1;18;-21.0;19.0;25.0;-9.0;18;10
16;51;51;0;1.2377604000003;10;-9.0;199;Houborg et al. (2023);Experiment 1;Orientation;1;18;-9.0;-30.0;10.0;16.0;19;10
16;51;49;-2;1.53774939999948;10;0.0;200;Houborg et al. (2023);Experiment 1;Orientation;1;18;0.0;-9.0;-30.0;10.0;20;10
17;33;74;41;3.85402200004319;1;;1;Houborg et al. (2023);Experiment 1;Orientation;1;18;;;;;1;1
17;9;23;14;1.90433710004436;1;24.0;2;Houborg et al. (2023);Experiment 1;Orientation;1;18;;;;;2;1
17;131;49;-82;3.7875861999928;1;58.0;3;Houborg et al. (2023);Experiment 1;Orientation;1;18;;;;;3;1
17;63;53;-10;1.67113759997301;1;68.0;4;Houborg et al. (2023);Experiment 1;Orientation;1;18;;;;;4;1
17;119;122;3;1.32108949997928;1;-56.0;5;Houborg et al. (2023);Experiment 1;Orientation;1;18;-56.0;12.0;70.0;-86.0;5;1
17;70;74;4;2.68756739998935;1;49.0;6;Houborg et al. (2023);Experiment 1;Orientation;1;18;49.0;-7.0;61.0;-61.0;6;1
17;113;114;1;2.32116880000103;1;-43.0;7;Houborg et al. (2023);Experiment 1;Orientation;1;18;-43.0;6.0;-50.0;18.0;7;1
17;4;15;11;1.35463820002042;1;-71.0;8;Houborg et al. (2023);Experiment 1;Orientation;1;18;-71.0;66.0;-65.0;59.0;8;1
17;164;133;-31;1.30419140000595;1;20.0;9;Houborg et al. (2023);Experiment 1;Orientation;1;18;20.0;-51.0;86.0;-45.0;9;1
17;145;136;-9;2.75437599996803;1;19.0;10;Houborg et al. (2023);Experiment 1;Orientation;1;18;19.0;39.0;-32.0;-75.0;10;1
17;135;125;-10;3.18754409998655;1;10.0;11;Houborg et al. (2023);Experiment 1;Orientation;1;18;10.0;29.0;49.0;-22.0;11;1
17;147;128;-19;1.40439219999826;1;-12.0;12;Houborg et al. (2023);Experiment 1;Orientation;1;18;-12.0;-2.0;17.0;37.0;12;1
17;69;75;6;1.37176150002051;1;78.0;13;Houborg et al. (2023);Experiment 1;Orientation;1;18;78.0;66.0;76.0;-85.0;13;1
17;112;108;-4;1.35432679997757;1;-43.0;14;Houborg et al. (2023);Experiment 1;Orientation;1;18;-43.0;35.0;23.0;33.0;14;1
17;104;117;13;2.25439959997311;1;8.0;15;Houborg et al. (2023);Experiment 1;Orientation;1;18;8.0;-35.0;43.0;31.0;15;1
17;96;114;18;2.98744949995307;1;8.0;16;Houborg et al. (2023);Experiment 1;Orientation;1;18;8.0;16.0;-27.0;51.0;16;1
17;50;57;7;1.21986439998727;1;46.0;17;Houborg et al. (2023);Experiment 1;Orientation;1;18;46.0;54.0;62.0;19.0;17;1
17;45;52;7;1.00443899998209;1;5.0;18;Houborg et al. (2023);Experiment 1;Orientation;1;18;5.0;51.0;59.0;67.0;18;1
17;82;72;-10;1.37107190000825;1;-37.0;19;Houborg et al. (2023);Experiment 1;Orientation;1;18;-37.0;-32.0;14.0;22.0;19;1
17;41;43;2;1.03787220001686;1;41.0;20;Houborg et al. (2023);Experiment 1;Orientation;1;18;41.0;4.0;9.0;55.0;20;1
17;145;131;-14;2.53758950001793;2;76.0;21;Houborg et al. (2023);Experiment 1;Orientation;1;18;;;;;1;2
17;178;7;9;4.10388629999943;2;-33.0;22;Houborg et al. (2023);Experiment 1;Orientation;1;18;;;;;2;2
17;6;18;12;2.32106950000161;2;-8.0;23;Houborg et al. (2023);Experiment 1;Orientation;1;18;;;;;3;2
17;97;104;7;4.17078059999039;2;89.0;24;Houborg et al. (2023);Experiment 1;Orientation;1;18;;;;;4;2
17;16;43;27;1.12116089998744;2;81.0;25;Houborg et al. (2023);Experiment 1;Orientation;1;18;81.0;-10.0;-18.0;-51.0;5;2
17;145;136;-9;1.02123589999974;2;51.0;26;Houborg et al. (2023);Experiment 1;Orientation;1;18;51.0;-48.0;41.0;33.0;6;2
17;179;162;-17;1.68780219997279;2;-34.0;27;Houborg et al. (2023);Experiment 1;Orientation;1;18;-34.0;17.0;-82.0;7.0;7;2
17;13;25;12;2.33762030000798;2;-14.0;28;Houborg et al. (2023);Experiment 1;Orientation;1;18;-14.0;-48.0;3.0;84.0;8;2
17;170;30;40;4.57054589997279;2;23.0;29;Houborg et al. (2023);Experiment 1;Orientation;1;18;23.0;9.0;-25.0;26.0;9;2
17;4;6;2;1.47108270000899;2;-14.0;30;Houborg et al. (2023);Experiment 1;Orientation;1;18;-14.0;9.0;-5.0;-39.0;10;2
17;124;120;-4;1.58785010001156;2;60.0;31;Houborg et al. (2023);Experiment 1;Orientation;1;18;60.0;46.0;69.0;55.0;11;2
17;142;145;3;1.73779719998129;2;-18.0;32;Houborg et al. (2023);Experiment 1;Orientation;1;18;-18.0;42.0;28.0;51.0;12;2
17;97;104;7;1.35439140000381;2;45.0;33;Houborg et al. (2023);Experiment 1;Orientation;1;18;45.0;27.0;87.0;73.0;13;2
17;160;142;-18;3.40454219997628;2;-63.0;34;Houborg et al. (2023);Experiment 1;Orientation;1;18;-63.0;-18.0;-36.0;24.0;14;2
17;162;47;65;6.05394939996768;2;-2.0;35;Houborg et al. (2023);Experiment 1;Orientation;1;18;-2.0;-65.0;-20.0;-38.0;15;2
17;113;119;6;1.0877429000102;2;49.0;36;Houborg et al. (2023);Experiment 1;Orientation;1;18;49.0;47.0;-16.0;29.0;16;2
17;25;41;16;5.670383699995;2;88.0;37;Houborg et al. (2023);Experiment 1;Orientation;1;18;88.0;-43.0;-45.0;72.0;17;2
17;40;41;1;1.07096729998011;2;-15.0;38;Houborg et al. (2023);Experiment 1;Orientation;1;18;-15.0;73.0;-58.0;-60.0;18;2
17;33;46;13;2.10430379997706;2;7.0;39;Houborg et al. (2023);Experiment 1;Orientation;1;18;7.0;-8.0;80.0;-51.0;19;2
17;8;0;-8;1.38767660001758;2;25.0;40;Houborg et al. (2023);Experiment 1;Orientation;1;18;25.0;32.0;17.0;-75.0;20;2
17;20;17;-3;1.2710487000295;3;-12.0;41;Houborg et al. (2023);Experiment 1;Orientation;1;18;;;;;1;3
17;111;117;6;1.70439879997866;3;89.0;42;Houborg et al. (2023);Experiment 1;Orientation;1;18;;;;;2;3
17;170;158;-12;1.27089639997575;3;-59.0;43;Houborg et al. (2023);Experiment 1;Orientation;1;18;;;;;3;3
17;64;61;-3;1.30449619999854;3;-74.0;44;Houborg et al. (2023);Experiment 1;Orientation;1;18;;;;;4;3
17;74;89;15;1.25446740002371;3;-10.0;45;Houborg et al. (2023);Experiment 1;Orientation;1;18;-10.0;-84.0;37.0;-54.0;5;3
17;178;81;83;4.28723389998777;3;76.0;46;Houborg et al. (2023);Experiment 1;Orientation;1;18;76.0;66.0;-8.0;-67.0;6;3
17;171;156;-15;3.75409130001208;3;7.0;47;Houborg et al. (2023);Experiment 1;Orientation;1;18;7.0;83.0;73.0;-1.0;7;3
17;122;137;15;2.12080839998089;3;49.0;48;Houborg et al. (2023);Experiment 1;Orientation;1;18;49.0;56.0;-48.0;-58.0;8;3
17;178;0;2;2.38760470005218;3;-56.0;49;Houborg et al. (2023);Experiment 1;Orientation;1;18;-56.0;-7.0;0.0;76.0;9;3
17;139;143;4;4.25391070003388;3;39.0;50;Houborg et al. (2023);Experiment 1;Orientation;1;18;39.0;-17.0;32.0;39.0;10;3
17;61;64;3;2.3541865000152;3;78.0;51;Houborg et al. (2023);Experiment 1;Orientation;1;18;78.0;-63.0;61.0;-70.0;11;3
17;120;147;27;4.27079370000865;3;-59.0;52;Houborg et al. (2023);Experiment 1;Orientation;1;18;-59.0;19.0;58.0;2.0;12;3
17;44;49;5;1.30456179997418;3;76.0;53;Houborg et al. (2023);Experiment 1;Orientation;1;18;76.0;17.0;-85.0;-46.0;13;3
17;54;51;-3;1.98768449999625;3;-10.0;54;Houborg et al. (2023);Experiment 1;Orientation;1;18;-10.0;66.0;7.0;85.0;14;3
17;123;131;8;1.8041985000018;3;-69.0;55;Houborg et al. (2023);Experiment 1;Orientation;1;18;-69.0;-79.0;-3.0;-62.0;15;3
17;96;124;28;2.30444010003703;3;27.0;56;Houborg et al. (2023);Experiment 1;Orientation;1;18;27.0;-42.0;-52.0;24.0;16;3
17;75;53;-22;1.1543714000145;3;21.0;57;Houborg et al. (2023);Experiment 1;Orientation;1;18;21.0;48.0;-21.0;-31.0;17;3
17;109;105;-4;1.92097729997477;3;-34.0;58;Houborg et al. (2023);Experiment 1;Orientation;1;18;-34.0;-13.0;14.0;-55.0;18;3
17;136;132;-4;1.25449870002922;3;-27.0;59;Houborg et al. (2023);Experiment 1;Orientation;1;18;-27.0;-61.0;-40.0;-13.0;19;3
17;106;127;21;1.70516979997046;3;30.0;60;Houborg et al. (2023);Experiment 1;Orientation;1;18;30.0;3.0;-31.0;-10.0;20;3
17;100;113;13;1.25447039998835;4;6.0;61;Houborg et al. (2023);Experiment 1;Orientation;1;18;;;;;1;4
17;106;115;9;1.6711335;4;-6.0;62;Houborg et al. (2023);Experiment 1;Orientation;1;18;;;;;2;4
17;93;110;17;1.22105520003242;4;13.0;63;Houborg et al. (2023);Experiment 1;Orientation;1;18;;;;;3;4
17;15;28;13;1.78773400001228;4;78.0;64;Houborg et al. (2023);Experiment 1;Orientation;1;18;;;;;4;4
17;130;110;-20;1.70459060004214;4;65.0;65;Houborg et al. (2023);Experiment 1;Orientation;1;18;65.0;-37.0;-24.0;-30.0;5;4
17;180;10;10;1.12128459999803;4;-50.0;66;Houborg et al. (2023);Experiment 1;Orientation;1;18;-50.0;15.0;-87.0;-74.0;6;4
17;64;60;-4;1.67104850005126;4;-64.0;67;Houborg et al. (2023);Experiment 1;Orientation;1;18;-64.0;66.0;-49.0;29.0;7;4
17;175;177;2;1.45433100004448;4;69.0;68;Houborg et al. (2023);Experiment 1;Orientation;1;18;69.0;5.0;-45.0;20.0;8;4
17;63;62;-1;1.72116750001442;4;-68.0;69;Houborg et al. (2023);Experiment 1;Orientation;1;18;-68.0;1.0;-63.0;67.0;9;4
17;160;147;-13;4.18735959997866;4;83.0;70;Houborg et al. (2023);Experiment 1;Orientation;1;18;83.0;15.0;84.0;20.0;10;4
17;82;78;-4;1.87127279996639;4;78.0;71;Houborg et al. (2023);Experiment 1;Orientation;1;18;78.0;-19.0;-87.0;-18.0;11;4
17;75;71;-4;1.78760660003172;4;7.0;72;Houborg et al. (2023);Experiment 1;Orientation;1;18;7.0;85.0;-12.0;-80.0;12;4
17;40;44;4;2.08777350001037;4;35.0;73;Houborg et al. (2023);Experiment 1;Orientation;1;18;35.0;42.0;-60.0;23.0;13;4
17;23;44;21;2.470997299999;4;17.0;74;Houborg et al. (2023);Experiment 1;Orientation;1;18;17.0;52.0;59.0;-43.0;14;4
17;56;48;-8;1.23771640000632;4;-33.0;75;Houborg et al. (2023);Experiment 1;Orientation;1;18;-33.0;-16.0;19.0;26.0;15;4
17;131;133;2;3.10426559997723;4;-75.0;76;Houborg et al. (2023);Experiment 1;Orientation;1;18;-75.0;72.0;89.0;-56.0;16;4
17;141;127;-14;1.12117309996393;4;-10.0;77;Houborg et al. (2023);Experiment 1;Orientation;1;18;-10.0;-85.0;62.0;79.0;17;4
17;125;123;-2;1.55454129999271;4;16.0;78;Houborg et al. (2023);Experiment 1;Orientation;1;18;16.0;6.0;-69.0;78.0;18;4
17;2;179;-3;1.07105919998139;4;-57.0;79;Houborg et al. (2023);Experiment 1;Orientation;1;18;-57.0;-41.0;-51.0;54.0;19;4
17;152;179;27;2.5361018999829;4;30.0;80;Houborg et al. (2023);Experiment 1;Orientation;1;18;30.0;-27.0;-11.0;-21.0;20;4
17;167;173;6;2.20421789999818;5;-15.0;81;Houborg et al. (2023);Experiment 1;Orientation;1;18;;;;;1;5
17;139;117;-22;1.63800249999622;5;28.0;82;Houborg et al. (2023);Experiment 1;Orientation;1;18;;;;;2;5
17;8;26;18;1.25460510002449;5;-49.0;83;Houborg et al. (2023);Experiment 1;Orientation;1;18;;;;;3;5
17;69;71;2;1.11983229999896;5;-61.0;84;Houborg et al. (2023);Experiment 1;Orientation;1;18;;;;;4;5
17;127;130;3;1.60446309996769;5;-58.0;85;Houborg et al. (2023);Experiment 1;Orientation;1;18;-58.0;61.0;12.0;40.0;5;5
17;132;131;-1;1.85437210003147;5;-5.0;86;Houborg et al. (2023);Experiment 1;Orientation;1;18;-5.0;-63.0;56.0;7.0;6;5
17;41;45;4;1.35446599998977;5;-89.0;87;Houborg et al. (2023);Experiment 1;Orientation;1;18;-89.0;86.0;28.0;-33.0;7;5
17;49;51;2;1.32119390001753;5;-8.0;88;Houborg et al. (2023);Experiment 1;Orientation;1;18;-8.0;83.0;78.0;20.0;8;5
17;122;111;-11;1.32118950004224;5;-73.0;89;Houborg et al. (2023);Experiment 1;Orientation;1;18;-73.0;-81.0;10.0;5.0;9;5
17;86;71;-15;1.98757009999827;5;36.0;90;Houborg et al. (2023);Experiment 1;Orientation;1;18;36.0;-37.0;-45.0;46.0;10;5
17;113;123;10;2.02107190003153;5;-27.0;91;Houborg et al. (2023);Experiment 1;Orientation;1;18;-27.0;9.0;-64.0;-72.0;11;5
17;43;47;4;1.6209296999732;5;70.0;92;Houborg et al. (2023);Experiment 1;Orientation;1;18;70.0;43.0;79.0;6.0;12;5
17;32;36;4;1.12117479997687;5;11.0;93;Houborg et al. (2023);Experiment 1;Orientation;1;18;11.0;81.0;54.0;90.0;13;5
17;150;114;-36;1.3711591999745;5;62.0;94;Houborg et al. (2023);Experiment 1;Orientation;1;18;62.0;73.0;-37.0;-64.0;14;5
17;139;132;-7;1.73788809997495;5;11.0;95;Houborg et al. (2023);Experiment 1;Orientation;1;18;11.0;73.0;84.0;-26.0;15;5
17;169;161;-8;4.42035390000092;5;-30.0;96;Houborg et al. (2023);Experiment 1;Orientation;1;18;-30.0;-19.0;43.0;54.0;16;5
17;20;29;9;1.42107709997799;5;-31.0;97;Houborg et al. (2023);Experiment 1;Orientation;1;18;-31.0;-61.0;-50.0;12.0;17;5
17;33;56;23;1.12155599996913;5;-13.0;98;Houborg et al. (2023);Experiment 1;Orientation;1;18;-13.0;-44.0;-74.0;-63.0;18;5
17;18;33;15;2.37097510002786;5;15.0;99;Houborg et al. (2023);Experiment 1;Orientation;1;18;15.0;2.0;-29.0;-59.0;19;5
17;89;82;-7;1.58768740005326;5;-71.0;100;Houborg et al. (2023);Experiment 1;Orientation;1;18;-71.0;-56.0;-69.0;80.0;20;5
17;35;35;0;1.57112059998326;6;54.0;101;Houborg et al. (2023);Experiment 1;Orientation;1;18;;;;;1;6
17;162;151;-11;2.28763560001971;6;53.0;102;Houborg et al. (2023);Experiment 1;Orientation;1;18;;;;;2;6
17;18;43;25;1.70447150000837;6;-36.0;103;Houborg et al. (2023);Experiment 1;Orientation;1;18;;;;;3;6
17;8;33;25;3.58735990000423;6;10.0;104;Houborg et al. (2023);Experiment 1;Orientation;1;18;;;;;4;6
17;101;114;13;1.62128770002164;6;87.0;105;Houborg et al. (2023);Experiment 1;Orientation;1;18;87.0;-83.0;61.0;-66.0;5;6
17;140;137;-3;1.15440350002609;6;-39.0;106;Houborg et al. (2023);Experiment 1;Orientation;1;18;-39.0;48.0;58.0;22.0;6;6
17;57;71;14;1.1711762000341;6;83.0;107;Houborg et al. (2023);Experiment 1;Orientation;1;18;83.0;44.0;-49.0;-39.0;7;6
17;33;165;-48;2.02108979999321;6;24.0;108;Houborg et al. (2023);Experiment 1;Orientation;1;18;24.0;-73.0;68.0;-25.0;8;6
17;62;84;22;1.27119860000676;6;-29.0;109;Houborg et al. (2023);Experiment 1;Orientation;1;18;-29.0;-5.0;78.0;39.0;9;6
17;38;56;18;1.07132300001103;6;24.0;110;Houborg et al. (2023);Experiment 1;Orientation;1;18;24.0;-5.0;19.0;-78.0;10;6
17;92;178;86;5.43694450001931;6;-54.0;111;Houborg et al. (2023);Experiment 1;Orientation;1;18;-54.0;-30.0;-59.0;-35.0;11;6
17;164;136;-28;3.95406909997109;6;-72.0;112;Houborg et al. (2023);Experiment 1;Orientation;1;18;-72.0;54.0;78.0;49.0;12;6
17;114;110;-4;1.12122410000302;6;50.0;113;Houborg et al. (2023);Experiment 1;Orientation;1;18;50.0;-22.0;-76.0;-52.0;13;6
17;19;41;22;4.82050969998818;6;-85.0;114;Houborg et al. (2023);Experiment 1;Orientation;1;18;-85.0;-35.0;73.0;19.0;14;6
17;71;55;-16;1.6875726999715;6;-52.0;115;Houborg et al. (2023);Experiment 1;Orientation;1;18;-52.0;43.0;-87.0;21.0;15;6
17;10;45;35;2.33776700001908;6;61.0;116;Houborg et al. (2023);Experiment 1;Orientation;1;18;61.0;9.0;-76.0;-26.0;16;6
17;91;90;-1;1.88768350001192;6;-81.0;117;Houborg et al. (2023);Experiment 1;Orientation;1;18;-81.0;-20.0;-72.0;23.0;17;6
17;78;74;-4;1.73772330000065;6;13.0;118;Houborg et al. (2023);Experiment 1;Orientation;1;18;13.0;-68.0;-7.0;-59.0;18;6
17;180;0;0;1.83788459998323;6;78.0;119;Houborg et al. (2023);Experiment 1;Orientation;1;18;78.0;-89.0;10.0;71.0;19;6
17;147;15;48;1.3544503999874;6;33.0;120;Houborg et al. (2023);Experiment 1;Orientation;1;18;33.0;-69.0;-56.0;43.0;20;6
17;88;89;1;3.83715830004076;7;59.0;121;Houborg et al. (2023);Experiment 1;Orientation;1;18;;;;;1;7
17;162;149;-13;3.12086239998462;7;-74.0;122;Houborg et al. (2023);Experiment 1;Orientation;1;18;;;;;2;7
17;25;26;1;2.80437190004159;7;-43.0;123;Houborg et al. (2023);Experiment 1;Orientation;1;18;;;;;3;7
17;71;55;-16;2.05434360000072;7;-46.0;124;Houborg et al. (2023);Experiment 1;Orientation;1;18;;;;;4;7
17;167;157;-10;4.15407210000558;7;84.0;125;Houborg et al. (2023);Experiment 1;Orientation;1;18;84.0;38.0;-5.0;-79.0;5;7
17;166;148;-18;3.22081440000329;7;1.0;126;Houborg et al. (2023);Experiment 1;Orientation;1;18;1.0;85.0;39.0;-4.0;6;7
17;129;125;-4;2.4876858999487;7;37.0;127;Houborg et al. (2023);Experiment 1;Orientation;1;18;37.0;38.0;-58.0;76.0;7;7
17;112;123;11;1.07110619999003;7;17.0;128;Houborg et al. (2023);Experiment 1;Orientation;1;18;17.0;54.0;55.0;-41.0;8;7
17;62;71;9;1.28787860000739;7;50.0;129;Houborg et al. (2023);Experiment 1;Orientation;1;18;50.0;67.0;-76.0;-75.0;9;7
17;169;130;-39;7.10351779998746;7;73.0;130;Houborg et al. (2023);Experiment 1;Orientation;1;18;73.0;-57.0;-40.0;-3.0;10;7
17;23;42;19;1.38769980001962;7;-34.0;131;Houborg et al. (2023);Experiment 1;Orientation;1;18;-34.0;39.0;89.0;-74.0;11;7
17;132;110;-22;1.47080190002453;7;71.0;132;Houborg et al. (2023);Experiment 1;Orientation;1;18;71.0;37.0;-70.0;-20.0;12;7
17;117;116;-1;1.50431320001371;7;15.0;133;Houborg et al. (2023);Experiment 1;Orientation;1;18;15.0;86.0;52.0;-55.0;13;7
17;150;138;-12;2.03774080000585;7;-33.0;134;Houborg et al. (2023);Experiment 1;Orientation;1;18;-33.0;-18.0;53.0;19.0;14;7
17;72;65;-7;1.38778839999577;7;78.0;135;Houborg et al. (2023);Experiment 1;Orientation;1;18;78.0;45.0;60.0;-49.0;15;7
17;135;118;-17;0.687941999989562;7;-63.0;136;Houborg et al. (2023);Experiment 1;Orientation;1;18;-63.0;15.0;-18.0;-3.0;16;7
17;151;135;-16;2.40428710001288;7;-16.0;137;Houborg et al. (2023);Experiment 1;Orientation;1;18;-16.0;-79.0;-1.0;-34.0;17;7
17;59;61;2;1.57119099999545;7;-88.0;138;Houborg et al. (2023);Experiment 1;Orientation;1;18;-88.0;76.0;13.0;-89.0;18;7
17;100;95;-5;1.55444580002222;7;-41.0;139;Houborg et al. (2023);Experiment 1;Orientation;1;18;-41.0;51.0;35.0;-28.0;19;7
17;177;177;0;2.32092069997452;7;-77.0;140;Houborg et al. (2023);Experiment 1;Orientation;1;18;-77.0;62.0;-26.0;-42.0;20;7
17;99;97;-2;1.88791839999612;8;78.0;141;Houborg et al. (2023);Experiment 1;Orientation;1;18;;;;;1;8
17;60;57;-3;1.28774589998648;8;39.0;142;Houborg et al. (2023);Experiment 1;Orientation;1;18;;;;;2;8
17;112;64;-48;1.77172010001959;8;-52.0;143;Houborg et al. (2023);Experiment 1;Orientation;1;18;;;;;3;8
17;65;62;-3;1.80432719999226;8;47.0;144;Houborg et al. (2023);Experiment 1;Orientation;1;18;;;;;4;8
17;137;130;-7;2.10418500000378;8;-72.0;145;Houborg et al. (2023);Experiment 1;Orientation;1;18;-72.0;-25.0;-77.0;-38.0;5;8
17;75;79;4;2.45425950002391;8;62.0;146;Houborg et al. (2023);Experiment 1;Orientation;1;18;62.0;-10.0;37.0;-15.0;6;8
17;89;87;-2;1.43783449998591;8;-14.0;147;Houborg et al. (2023);Experiment 1;Orientation;1;18;-14.0;48.0;-24.0;23.0;7;8
17;126;126;0;2.62069890002022;8;-37.0;148;Houborg et al. (2023);Experiment 1;Orientation;1;18;-37.0;-51.0;11.0;-61.0;8;8
17;176;177;1;1.33778419997543;8;-50.0;149;Houborg et al. (2023);Experiment 1;Orientation;1;18;-50.0;-87.0;79.0;-39.0;9;8
17;59;55;-4;1.05455669999355;8;-63.0;150;Houborg et al. (2023);Experiment 1;Orientation;1;18;-63.0;67.0;30.0;16.0;10;8
17;151;161;10;1.70432040002197;8;88.0;151;Houborg et al. (2023);Experiment 1;Orientation;1;18;88.0;25.0;-25.0;-62.0;11;8
17;134;135;1;1.42077650001738;8;17.0;152;Houborg et al. (2023);Experiment 1;Orientation;1;18;17.0;-75.0;42.0;-8.0;12;8
17;172;56;64;6.33698899997398;8;-38.0;153;Houborg et al. (2023);Experiment 1;Orientation;1;18;-38.0;-21.0;67.0;4.0;13;8
17;6;104;-82;2.37084599997615;8;-14.0;154;Houborg et al. (2023);Experiment 1;Orientation;1;18;-14.0;-52.0;-35.0;53.0;14;8
17;65;143;78;2.33768649998819;8;-59.0;155;Houborg et al. (2023);Experiment 1;Orientation;1;18;-59.0;-73.0;69.0;86.0;15;8
17;120;37;-83;1.85443250002572;8;-55.0;156;Houborg et al. (2023);Experiment 1;Orientation;1;18;-55.0;66.0;52.0;14.0;16;8
17;51;40;-11;3.15413239999907;8;69.0;157;Houborg et al. (2023);Experiment 1;Orientation;1;18;69.0;14.0;-45.0;-59.0;17;8
17;42;74;32;1.35425540001597;8;9.0;158;Houborg et al. (2023);Experiment 1;Orientation;1;18;9.0;78.0;23.0;-36.0;18;8
17;129;124;-5;1.05457690003095;8;-87.0;159;Houborg et al. (2023);Experiment 1;Orientation;1;18;-87.0;-78.0;-9.0;-64.0;19;8
17;113;112;-1;1.40454009996029;8;16.0;160;Houborg et al. (2023);Experiment 1;Orientation;1;18;16.0;-71.0;-62.0;7.0;20;8
17;107;116;9;0.921239699993748;9;6.0;161;Houborg et al. (2023);Experiment 1;Orientation;1;18;;;;;1;9
17;119;118;-1;1.77115129999584;9;-12.0;162;Houborg et al. (2023);Experiment 1;Orientation;1;18;;;;;2;9
17;9;15;6;3.60389169998234;9;-70.0;163;Houborg et al. (2023);Experiment 1;Orientation;1;18;;;;;3;9
17;63;59;-4;1.15448209998431;9;-54.0;164;Houborg et al. (2023);Experiment 1;Orientation;1;18;;;;;4;9
17;82;61;-21;1.07115530001465;9;-19.0;165;Houborg et al. (2023);Experiment 1;Orientation;1;18;-19.0;-73.0;37.0;25.0;5;9
17;44;55;11;1.27113040001132;9;38.0;166;Houborg et al. (2023);Experiment 1;Orientation;1;18;38.0;19.0;-35.0;75.0;6;9
17;129;122;-7;1.68771669996204;9;-85.0;167;Houborg et al. (2023);Experiment 1;Orientation;1;18;-85.0;-47.0;-66.0;60.0;7;9
17;155;147;-8;1.52096120000351;9;-26.0;168;Houborg et al. (2023);Experiment 1;Orientation;1;18;-26.0;69.0;-73.0;88.0;8;9
17;51;61;10;1.05437360005453;9;-76.0;169;Houborg et al. (2023);Experiment 1;Orientation;1;18;-76.0;78.0;-7.0;31.0;9;9
17;132;132;0;0.721145999967121;9;-81.0;170;Houborg et al. (2023);Experiment 1;Orientation;1;18;-81.0;23.0;-3.0;-88.0;10;9
17;25;40;15;2.23760679998668;9;-73.0;171;Houborg et al. (2023);Experiment 1;Orientation;1;18;-73.0;26.0;-50.0;-76.0;11;9
17;151;173;22;2.10432320000837;9;54.0;172;Houborg et al. (2023);Experiment 1;Orientation;1;18;54.0;-19.0;80.0;4.0;12;9
17;25;28;3;1.75445540004876;9;-54.0;173;Houborg et al. (2023);Experiment 1;Orientation;1;18;-54.0;0.0;-73.0;26.0;13;9
17;106;130;24;1.83764440001687;9;-81.0;174;Houborg et al. (2023);Experiment 1;Orientation;1;18;-81.0;45.0;-81.0;26.0;14;9
17;66;46;-20;1.15477740002098;9;40.0;175;Houborg et al. (2023);Experiment 1;Orientation;1;18;40.0;-41.0;85.0;-41.0;15;9
17;146;156;10;1.55448170000454;9;-80.0;176;Houborg et al. (2023);Experiment 1;Orientation;1;18;-80.0;-40.0;59.0;5.0;16;9
17;91;94;3;1.88764290005201;9;55.0;177;Houborg et al. (2023);Experiment 1;Orientation;1;18;55.0;-25.0;15.0;-66.0;17;9
17;89;87;-2;1.23791080003139;9;2.0;178;Houborg et al. (2023);Experiment 1;Orientation;1;18;2.0;57.0;-23.0;17.0;18;9
17;158;131;-27;2.88757239998085;9;-69.0;179;Houborg et al. (2023);Experiment 1;Orientation;1;18;-69.0;-67.0;-12.0;88.0;19;9
17;64;135;71;1.95445140002994;9;-86.0;180;Houborg et al. (2023);Experiment 1;Orientation;1;18;-86.0;25.0;27.0;82.0;20;9
17;81;82;1;1.22101909999037;10;-17.0;181;Houborg et al. (2023);Experiment 1;Orientation;1;18;;;;;1;10
17;174;168;-6;1.37116959999548;10;87.0;182;Houborg et al. (2023);Experiment 1;Orientation;1;18;;;;;2;10
17;8;170;-18;1.48769829998491;10;-14.0;183;Houborg et al. (2023);Experiment 1;Orientation;1;18;;;;;3;10
17;176;175;-1;1.5045703999931;10;12.0;184;Houborg et al. (2023);Experiment 1;Orientation;1;18;;;;;4;10
17;35;47;12;1.20457410003291;10;-39.0;185;Houborg et al. (2023);Experiment 1;Orientation;1;18;-39.0;-27.0;-41.0;46.0;5;10
17;121;115;-6;1.23772159998771;10;-86.0;186;Houborg et al. (2023);Experiment 1;Orientation;1;18;-86.0;55.0;67.0;53.0;6;10
17;106;111;5;1.42116540001007;10;15.0;187;Houborg et al. (2023);Experiment 1;Orientation;1;18;15.0;-71.0;70.0;82.0;7;10
17;122;113;-9;1.03763139998773;10;-16.0;188;Houborg et al. (2023);Experiment 1;Orientation;1;18;-16.0;-1.0;-87.0;54.0;8;10
17;65;65;0;0.937756000028457;10;57.0;189;Houborg et al. (2023);Experiment 1;Orientation;1;18;57.0;41.0;56.0;-30.0;9;10
17;112;116;4;1.50422329996945;10;-47.0;190;Houborg et al. (2023);Experiment 1;Orientation;1;18;-47.0;10.0;-6.0;9.0;10;10
17;147;154;7;1.55450710002333;10;-35.0;191;Houborg et al. (2023);Experiment 1;Orientation;1;18;-35.0;-82.0;-25.0;-41.0;11;10
17;4;15;11;2.57101790001616;10;-37.0;192;Houborg et al. (2023);Experiment 1;Orientation;1;18;-37.0;-72.0;61.0;-62.0;12;10
17;16;36;20;2.93747549998807;10;-12.0;193;Houborg et al. (2023);Experiment 1;Orientation;1;18;-12.0;-49.0;-84.0;49.0;13;10
17;176;171;-5;1.97065139998449;10;20.0;194;Houborg et al. (2023);Experiment 1;Orientation;1;18;20.0;8.0;-29.0;-64.0;14;10
17;118;113;-5;1.77093800000148;10;58.0;195;Houborg et al. (2023);Experiment 1;Orientation;1;18;58.0;78.0;66.0;29.0;15;10
17;42;60;18;1.17112629994517;10;76.0;196;Houborg et al. (2023);Experiment 1;Orientation;1;18;76.0;-46.0;-26.0;-38.0;16;10
17;73;75;2;1.00453869998455;10;-31.0;197;Houborg et al. (2023);Experiment 1;Orientation;1;18;-31.0;45.0;-77.0;-57.0;17;10
17;22;66;44;1.00444320001407;10;51.0;198;Houborg et al. (2023);Experiment 1;Orientation;1;18;51.0;20.0;-84.0;-26.0;18;10
17;49;40;-9;3.43746409995947;10;-27.0;199;Houborg et al. (2023);Experiment 1;Orientation;1;18;-27.0;24.0;-7.0;69.0;19;10
17;47;50;3;1.48788329999661;10;2.0;200;Houborg et al. (2023);Experiment 1;Orientation;1;18;2.0;-25.0;26.0;-5.0;20;10
18;33;24;-9;4.67064949998166;1;;1;Houborg et al. (2023);Experiment 1;Orientation;1;18;;;;;1;1
18;9;17;8;2.88743729999987;1;24.0;2;Houborg et al. (2023);Experiment 1;Orientation;1;18;;;;;2;1
18;131;129;-2;4.33728129998781;1;58.0;3;Houborg et al. (2023);Experiment 1;Orientation;1;18;;;;;3;1
18;63;53;-10;2.60409620002611;1;68.0;4;Houborg et al. (2023);Experiment 1;Orientation;1;18;;;;;4;1
18;119;118;-1;4.28723699995317;1;-56.0;5;Houborg et al. (2023);Experiment 1;Orientation;1;18;-56.0;12.0;70.0;-86.0;5;1
18;70;117;47;2.58768359996611;1;49.0;6;Houborg et al. (2023);Experiment 1;Orientation;1;18;49.0;-7.0;61.0;-61.0;6;1
18;113;119;6;1.65440439997474;1;-43.0;7;Houborg et al. (2023);Experiment 1;Orientation;1;18;-43.0;6.0;-50.0;18.0;7;1
18;4;10;6;4.22057330003008;1;-71.0;8;Houborg et al. (2023);Experiment 1;Orientation;1;18;-71.0;66.0;-65.0;59.0;8;1
18;164;167;3;3.43731720000505;1;20.0;9;Houborg et al. (2023);Experiment 1;Orientation;1;18;20.0;-51.0;86.0;-45.0;9;1
18;145;138;-7;2.4209454000229;1;19.0;10;Houborg et al. (2023);Experiment 1;Orientation;1;18;19.0;39.0;-32.0;-75.0;10;1
18;135;130;-5;3.4708030000329;1;10.0;11;Houborg et al. (2023);Experiment 1;Orientation;1;18;10.0;29.0;49.0;-22.0;11;1
18;147;49;82;4.87045200000284;1;-12.0;12;Houborg et al. (2023);Experiment 1;Orientation;1;18;-12.0;-2.0;17.0;37.0;12;1
18;69;67;-2;2.38740200002212;1;78.0;13;Houborg et al. (2023);Experiment 1;Orientation;1;18;78.0;66.0;76.0;-85.0;13;1
18;112;118;6;3.38744590000715;1;-43.0;14;Houborg et al. (2023);Experiment 1;Orientation;1;18;-43.0;35.0;23.0;33.0;14;1
18;104;106;2;3.92073459998937;1;8.0;15;Houborg et al. (2023);Experiment 1;Orientation;1;18;8.0;-35.0;43.0;31.0;15;1
18;96;101;5;2.68748879997293;1;8.0;16;Houborg et al. (2023);Experiment 1;Orientation;1;18;8.0;16.0;-27.0;51.0;16;1
18;50;63;13;3.52067630004603;1;46.0;17;Houborg et al. (2023);Experiment 1;Orientation;1;18;46.0;54.0;62.0;19.0;17;1
18;45;48;3;1.5543636000366;1;5.0;18;Houborg et al. (2023);Experiment 1;Orientation;1;18;5.0;51.0;59.0;67.0;18;1
18;82;84;2;3.63737509999191;1;-37.0;19;Houborg et al. (2023);Experiment 1;Orientation;1;18;-37.0;-32.0;14.0;22.0;19;1
18;41;43;2;1.28771120001329;1;41.0;20;Houborg et al. (2023);Experiment 1;Orientation;1;18;41.0;4.0;9.0;55.0;20;1
18;145;125;-20;3.58708090003347;2;76.0;21;Houborg et al. (2023);Experiment 1;Orientation;1;18;;;;;1;2
18;178;179;1;1.77096289995825;2;-33.0;22;Houborg et al. (2023);Experiment 1;Orientation;1;18;;;;;2;2
18;6;6;0;2.6043036999763;2;-8.0;23;Houborg et al. (2023);Experiment 1;Orientation;1;18;;;;;3;2
18;97;92;-5;3.70401950000087;2;89.0;24;Houborg et al. (2023);Experiment 1;Orientation;1;18;;;;;4;2
18;16;25;9;3.10409610002534;2;81.0;25;Houborg et al. (2023);Experiment 1;Orientation;1;18;81.0;-10.0;-18.0;-51.0;5;2
18;145;144;-1;2.18763589998707;2;51.0;26;Houborg et al. (2023);Experiment 1;Orientation;1;18;51.0;-48.0;41.0;33.0;6;2
18;179;5;6;2.82080340001266;2;-34.0;27;Houborg et al. (2023);Experiment 1;Orientation;1;18;-34.0;17.0;-82.0;7.0;7;2
18;13;18;5;2.654423400003;2;-14.0;28;Houborg et al. (2023);Experiment 1;Orientation;1;18;-14.0;-48.0;3.0;84.0;8;2
18;170;165;-5;2.8543036999763;2;23.0;29;Houborg et al. (2023);Experiment 1;Orientation;1;18;23.0;9.0;-25.0;26.0;9;2
18;4;18;14;2.3709930999903;2;-14.0;30;Houborg et al. (2023);Experiment 1;Orientation;1;18;-14.0;9.0;-5.0;-39.0;10;2
18;124;133;9;2.30436680000275;2;60.0;31;Houborg et al. (2023);Experiment 1;Orientation;1;18;60.0;46.0;69.0;55.0;11;2
18;142;136;-6;1.47113859996898;2;-18.0;32;Houborg et al. (2023);Experiment 1;Orientation;1;18;-18.0;42.0;28.0;51.0;12;2
18;97;106;9;3.38741170003777;2;45.0;33;Houborg et al. (2023);Experiment 1;Orientation;1;18;45.0;27.0;87.0;73.0;13;2
18;160;153;-7;1.98745219997363;2;-63.0;34;Houborg et al. (2023);Experiment 1;Orientation;1;18;-63.0;-18.0;-36.0;24.0;14;2
18;162;167;5;1.97112010000274;2;-2.0;35;Houborg et al. (2023);Experiment 1;Orientation;1;18;-2.0;-65.0;-20.0;-38.0;15;2
18;113;120;7;3.30382920004195;2;49.0;36;Houborg et al. (2023);Experiment 1;Orientation;1;18;49.0;47.0;-16.0;29.0;16;2
18;25;35;10;2.77099359995918;2;88.0;37;Houborg et al. (2023);Experiment 1;Orientation;1;18;88.0;-43.0;-45.0;72.0;17;2
18;40;50;10;2.05433050001739;2;-15.0;38;Houborg et al. (2023);Experiment 1;Orientation;1;18;-15.0;73.0;-58.0;-60.0;18;2
18;33;34;1;1.67106180003611;2;7.0;39;Houborg et al. (2023);Experiment 1;Orientation;1;18;7.0;-8.0;80.0;-51.0;19;2
18;8;16;8;2.10419469996123;2;25.0;40;Houborg et al. (2023);Experiment 1;Orientation;1;18;25.0;32.0;17.0;-75.0;20;2
18;20;44;24;2.2377030000207;3;-12.0;41;Houborg et al. (2023);Experiment 1;Orientation;1;18;;;;;1;3
18;111;110;-1;1.28774200001499;3;89.0;42;Houborg et al. (2023);Experiment 1;Orientation;1;18;;;;;2;3
18;170;160;-10;2.98734280001372;3;-59.0;43;Houborg et al. (2023);Experiment 1;Orientation;1;18;;;;;3;3
18;64;55;-9;2.35425670002587;3;-74.0;44;Houborg et al. (2023);Experiment 1;Orientation;1;18;;;;;4;3
18;74;76;2;2.08765360002872;3;-10.0;45;Houborg et al. (2023);Experiment 1;Orientation;1;18;-10.0;-84.0;37.0;-54.0;5;3
18;178;39;41;4.23725210002158;3;76.0;46;Houborg et al. (2023);Experiment 1;Orientation;1;18;76.0;66.0;-8.0;-67.0;6;3
18;171;0;9;3.40402939997148;3;7.0;47;Houborg et al. (2023);Experiment 1;Orientation;1;18;7.0;83.0;73.0;-1.0;7;3
18;122;128;6;3.93704470002558;3;49.0;48;Houborg et al. (2023);Experiment 1;Orientation;1;18;49.0;56.0;-48.0;-58.0;8;3
18;178;11;13;3.68736090004677;3;-56.0;49;Houborg et al. (2023);Experiment 1;Orientation;1;18;-56.0;-7.0;0.0;76.0;9;3
18;139;136;-3;2.43746569997165;3;39.0;50;Houborg et al. (2023);Experiment 1;Orientation;1;18;39.0;-17.0;32.0;39.0;10;3
18;61;62;1;3.23776970000472;3;78.0;51;Houborg et al. (2023);Experiment 1;Orientation;1;18;78.0;-63.0;61.0;-70.0;11;3
18;120;119;-1;2.40413129999069;3;-59.0;52;Houborg et al. (2023);Experiment 1;Orientation;1;18;-59.0;19.0;58.0;2.0;12;3
18;44;45;1;2.47085420001531;3;76.0;53;Houborg et al. (2023);Experiment 1;Orientation;1;18;76.0;17.0;-85.0;-46.0;13;3
18;54;51;-3;2.30442920001224;3;-10.0;54;Houborg et al. (2023);Experiment 1;Orientation;1;18;-10.0;66.0;7.0;85.0;14;3
18;123;126;3;3.8539688999881;3;-69.0;55;Houborg et al. (2023);Experiment 1;Orientation;1;18;-69.0;-79.0;-3.0;-62.0;15;3
18;96;106;10;2.53760340000736;3;27.0;56;Houborg et al. (2023);Experiment 1;Orientation;1;18;27.0;-42.0;-52.0;24.0;16;3
18;75;74;-1;2.17095429997426;3;21.0;57;Houborg et al. (2023);Experiment 1;Orientation;1;18;21.0;48.0;-21.0;-31.0;17;3
18;109;104;-5;3.0542698999634;3;-34.0;58;Houborg et al. (2023);Experiment 1;Orientation;1;18;-34.0;-13.0;14.0;-55.0;18;3
18;136;127;-9;1.85414890001994;3;-27.0;59;Houborg et al. (2023);Experiment 1;Orientation;1;18;-27.0;-61.0;-40.0;-13.0;19;3
18;106;115;9;2.02105029998347;3;30.0;60;Houborg et al. (2023);Experiment 1;Orientation;1;18;30.0;3.0;-31.0;-10.0;20;3
18;100;119;19;2.15415610000491;4;6.0;61;Houborg et al. (2023);Experiment 1;Orientation;1;18;;;;;1;4
18;106;109;3;2.50439899996854;4;-6.0;62;Houborg et al. (2023);Experiment 1;Orientation;1;18;;;;;2;4
18;93;102;9;2.12088199995924;4;13.0;63;Houborg et al. (2023);Experiment 1;Orientation;1;18;;;;;3;4
18;15;24;9;3.63745139999082;4;78.0;64;Houborg et al. (2023);Experiment 1;Orientation;1;18;;;;;4;4
18;130;132;2;1.67124110000441;4;65.0;65;Houborg et al. (2023);Experiment 1;Orientation;1;18;65.0;-37.0;-24.0;-30.0;5;4
18;180;179;-1;2.55421550001483;4;-50.0;66;Houborg et al. (2023);Experiment 1;Orientation;1;18;-50.0;15.0;-87.0;-74.0;6;4
18;64;60;-4;2.05453570000827;4;-64.0;67;Houborg et al. (2023);Experiment 1;Orientation;1;18;-64.0;66.0;-49.0;29.0;7;4
18;175;145;-30;3.13762620004127;4;69.0;68;Houborg et al. (2023);Experiment 1;Orientation;1;18;69.0;5.0;-45.0;20.0;8;4
18;63;66;3;2.13762319996022;4;-68.0;69;Houborg et al. (2023);Experiment 1;Orientation;1;18;-68.0;1.0;-63.0;67.0;9;4
18;160;124;-36;3.57050380000146;4;83.0;70;Houborg et al. (2023);Experiment 1;Orientation;1;18;83.0;15.0;84.0;20.0;10;4
18;82;72;-10;2.33761170000071;4;78.0;71;Houborg et al. (2023);Experiment 1;Orientation;1;18;78.0;-19.0;-87.0;-18.0;11;4
18;75;63;-12;2.07106970000314;4;7.0;72;Houborg et al. (2023);Experiment 1;Orientation;1;18;7.0;85.0;-12.0;-80.0;12;4
18;40;37;-3;1.88771089998772;4;35.0;73;Houborg et al. (2023);Experiment 1;Orientation;1;18;35.0;42.0;-60.0;23.0;13;4
18;23;40;17;2.75418950000312;4;17.0;74;Houborg et al. (2023);Experiment 1;Orientation;1;18;17.0;52.0;59.0;-43.0;14;4
18;56;59;3;2.55421790003311;4;-33.0;75;Houborg et al. (2023);Experiment 1;Orientation;1;18;-33.0;-16.0;19.0;26.0;15;4
18;131;129;-2;2.43749400001252;4;-75.0;76;Houborg et al. (2023);Experiment 1;Orientation;1;18;-75.0;72.0;89.0;-56.0;16;4
18;141;130;-11;3.48731789999874;4;-10.0;77;Houborg et al. (2023);Experiment 1;Orientation;1;18;-10.0;-85.0;62.0;79.0;17;4
18;125;122;-3;2.77081980003277;4;16.0;78;Houborg et al. (2023);Experiment 1;Orientation;1;18;16.0;6.0;-69.0;78.0;18;4
18;2;5;3;2.28744859999279;4;-57.0;79;Houborg et al. (2023);Experiment 1;Orientation;1;18;-57.0;-41.0;-51.0;54.0;19;4
18;152;131;-21;3.87066700001014;4;30.0;80;Houborg et al. (2023);Experiment 1;Orientation;1;18;30.0;-27.0;-11.0;-21.0;20;4
18;167;173;6;2.50420450000092;5;-15.0;81;Houborg et al. (2023);Experiment 1;Orientation;1;18;;;;;1;5
18;139;126;-13;1.52109149994794;5;28.0;82;Houborg et al. (2023);Experiment 1;Orientation;1;18;;;;;2;5
18;8;26;18;2.92098230001284;5;-49.0;83;Houborg et al. (2023);Experiment 1;Orientation;1;18;;;;;3;5
18;69;70;1;1.95458269998198;5;-61.0;84;Houborg et al. (2023);Experiment 1;Orientation;1;18;;;;;4;5
18;127;121;-6;3.30419280001661;5;-58.0;85;Houborg et al. (2023);Experiment 1;Orientation;1;18;-58.0;61.0;12.0;40.0;5;5
18;132;121;-11;3.43730789999245;5;-5.0;86;Houborg et al. (2023);Experiment 1;Orientation;1;18;-5.0;-63.0;56.0;7.0;6;5
18;41;50;9;1.63764900004026;5;-89.0;87;Houborg et al. (2023);Experiment 1;Orientation;1;18;-89.0;86.0;28.0;-33.0;7;5
18;49;51;2;2.15414869994856;5;-8.0;88;Houborg et al. (2023);Experiment 1;Orientation;1;18;-8.0;83.0;78.0;20.0;8;5
18;122;119;-3;3.6875471000094;5;-73.0;89;Houborg et al. (2023);Experiment 1;Orientation;1;18;-73.0;-81.0;10.0;5.0;9;5
18;86;70;-16;2.95416779996594;5;36.0;90;Houborg et al. (2023);Experiment 1;Orientation;1;18;36.0;-37.0;-45.0;46.0;10;5
18;113;102;-11;2.55415149999317;5;-27.0;91;Houborg et al. (2023);Experiment 1;Orientation;1;18;-27.0;9.0;-64.0;-72.0;11;5
18;43;48;5;1.80429200001527;5;70.0;92;Houborg et al. (2023);Experiment 1;Orientation;1;18;70.0;43.0;79.0;6.0;12;5
18;32;48;16;1.83760900003836;5;11.0;93;Houborg et al. (2023);Experiment 1;Orientation;1;18;11.0;81.0;54.0;90.0;13;5
18;150;94;-56;6.65408919996116;5;62.0;94;Houborg et al. (2023);Experiment 1;Orientation;1;18;62.0;73.0;-37.0;-64.0;14;5
18;139;136;-3;3.08748919999925;5;11.0;95;Houborg et al. (2023);Experiment 1;Orientation;1;18;11.0;73.0;84.0;-26.0;15;5
18;169;165;-4;2.00431180000305;5;-30.0;96;Houborg et al. (2023);Experiment 1;Orientation;1;18;-30.0;-19.0;43.0;54.0;16;5
18;20;13;-7;3.32073769997805;5;-31.0;97;Houborg et al. (2023);Experiment 1;Orientation;1;18;-31.0;-61.0;-50.0;12.0;17;5
18;33;37;4;2.40421979996609;5;-13.0;98;Houborg et al. (2023);Experiment 1;Orientation;1;18;-13.0;-44.0;-74.0;-63.0;18;5
18;18;7;-11;2.6041464000009;5;15.0;99;Houborg et al. (2023);Experiment 1;Orientation;1;18;15.0;2.0;-29.0;-59.0;19;5
18;89;91;2;2.15442219999386;5;-71.0;100;Houborg et al. (2023);Experiment 1;Orientation;1;18;-71.0;-56.0;-69.0;80.0;20;5
18;35;41;6;2.15434300003108;6;54.0;101;Houborg et al. (2023);Experiment 1;Orientation;1;18;;;;;1;6
18;162;151;-11;2.22090459999163;6;53.0;102;Houborg et al. (2023);Experiment 1;Orientation;1;18;;;;;2;6
18;18;29;11;2.35422249999829;6;-36.0;103;Houborg et al. (2023);Experiment 1;Orientation;1;18;;;;;3;6
18;8;6;-2;2.88761059998069;6;10.0;104;Houborg et al. (2023);Experiment 1;Orientation;1;18;;;;;4;6
18;101;97;-4;2.35416659998009;6;87.0;105;Houborg et al. (2023);Experiment 1;Orientation;1;18;87.0;-83.0;61.0;-66.0;5;6
18;140;125;-15;1.98751860001357;6;-39.0;106;Houborg et al. (2023);Experiment 1;Orientation;1;18;-39.0;48.0;58.0;22.0;6;6
18;57;63;6;2.30423930002144;6;83.0;107;Houborg et al. (2023);Experiment 1;Orientation;1;18;83.0;44.0;-49.0;-39.0;7;6
18;33;37;4;3.05411249998724;6;24.0;108;Houborg et al. (2023);Experiment 1;Orientation;1;18;24.0;-73.0;68.0;-25.0;8;6
18;62;75;13;2.68758839997463;6;-29.0;109;Houborg et al. (2023);Experiment 1;Orientation;1;18;-29.0;-5.0;78.0;39.0;9;6
18;38;51;13;1.52119419997325;6;24.0;110;Houborg et al. (2023);Experiment 1;Orientation;1;18;24.0;-5.0;19.0;-78.0;10;6
18;92;86;-6;2.20416779996594;6;-54.0;111;Houborg et al. (2023);Experiment 1;Orientation;1;18;-54.0;-30.0;-59.0;-35.0;11;6
18;164;135;-29;1.98775660002138;6;-72.0;112;Houborg et al. (2023);Experiment 1;Orientation;1;18;-72.0;54.0;78.0;49.0;12;6
18;114;111;-3;2.05404650000855;6;50.0;113;Houborg et al. (2023);Experiment 1;Orientation;1;18;50.0;-22.0;-76.0;-52.0;13;6
18;19;35;16;2.12091170001077;6;-85.0;114;Houborg et al. (2023);Experiment 1;Orientation;1;18;-85.0;-35.0;73.0;19.0;14;6
18;71;64;-7;1.75422719999915;6;-52.0;115;Houborg et al. (2023);Experiment 1;Orientation;1;18;-52.0;43.0;-87.0;21.0;15;6
18;10;23;13;1.83766230003675;6;61.0;116;Houborg et al. (2023);Experiment 1;Orientation;1;18;61.0;9.0;-76.0;-26.0;16;6
18;91;90;-1;1.98774519999279;6;-81.0;117;Houborg et al. (2023);Experiment 1;Orientation;1;18;-81.0;-20.0;-72.0;23.0;17;6
18;78;84;6;2.88754210004117;6;13.0;118;Houborg et al. (2023);Experiment 1;Orientation;1;18;13.0;-68.0;-7.0;-59.0;18;6
18;180;6;6;2.20424110000022;6;78.0;119;Houborg et al. (2023);Experiment 1;Orientation;1;18;78.0;-89.0;10.0;71.0;19;6
18;147;129;-18;3.80379769997671;6;33.0;120;Houborg et al. (2023);Experiment 1;Orientation;1;18;33.0;-69.0;-56.0;43.0;20;6
18;88;96;8;2.62082269997336;7;59.0;121;Houborg et al. (2023);Experiment 1;Orientation;1;18;;;;;1;7
18;162;164;2;3.07078369997907;7;-74.0;122;Houborg et al. (2023);Experiment 1;Orientation;1;18;;;;;2;7
18;25;36;11;1.93748779996531;7;-43.0;123;Houborg et al. (2023);Experiment 1;Orientation;1;18;;;;;3;7
18;71;73;2;1.6876744000474;7;-46.0;124;Houborg et al. (2023);Experiment 1;Orientation;1;18;;;;;4;7
18;167;167;0;1.17103919998044;7;84.0;125;Houborg et al. (2023);Experiment 1;Orientation;1;18;84.0;38.0;-5.0;-79.0;5;7
18;166;152;-14;1.48768630000995;7;1.0;126;Houborg et al. (2023);Experiment 1;Orientation;1;18;1.0;85.0;39.0;-4.0;6;7
18;129;130;1;3.78730470000301;7;37.0;127;Houborg et al. (2023);Experiment 1;Orientation;1;18;37.0;38.0;-58.0;76.0;7;7
18;112;121;9;1.8710878000129;7;17.0;128;Houborg et al. (2023);Experiment 1;Orientation;1;18;17.0;54.0;55.0;-41.0;8;7
18;62;69;7;2.48765040002763;7;50.0;129;Houborg et al. (2023);Experiment 1;Orientation;1;18;50.0;67.0;-76.0;-75.0;9;7
18;169;161;-8;2.82086530001834;7;73.0;130;Houborg et al. (2023);Experiment 1;Orientation;1;18;73.0;-57.0;-40.0;-3.0;10;7
18;23;25;2;2.32082749996334;7;-34.0;131;Houborg et al. (2023);Experiment 1;Orientation;1;18;-34.0;39.0;89.0;-74.0;11;7
18;132;57;-75;4.20410660002381;7;71.0;132;Houborg et al. (2023);Experiment 1;Orientation;1;18;71.0;37.0;-70.0;-20.0;12;7
18;117;111;-6;1.98771470005158;7;15.0;133;Houborg et al. (2023);Experiment 1;Orientation;1;18;15.0;86.0;52.0;-55.0;13;7
18;150;128;-22;1.97105930000544;7;-33.0;134;Houborg et al. (2023);Experiment 1;Orientation;1;18;-33.0;-18.0;53.0;19.0;14;7
18;72;61;-11;2.87082710000686;7;78.0;135;Houborg et al. (2023);Experiment 1;Orientation;1;18;78.0;45.0;60.0;-49.0;15;7
18;135;157;22;3.00402410002425;7;-63.0;136;Houborg et al. (2023);Experiment 1;Orientation;1;18;-63.0;15.0;-18.0;-3.0;16;7
18;151;144;-7;2.03775989997666;7;-16.0;137;Houborg et al. (2023);Experiment 1;Orientation;1;18;-16.0;-79.0;-1.0;-34.0;17;7
18;59;57;-2;2.13774249999551;7;-88.0;138;Houborg et al. (2023);Experiment 1;Orientation;1;18;-88.0;76.0;13.0;-89.0;18;7
18;100;97;-3;2.82087260001572;7;-41.0;139;Houborg et al. (2023);Experiment 1;Orientation;1;18;-41.0;51.0;35.0;-28.0;19;7
18;177;166;-11;1.73757270001806;7;-77.0;140;Houborg et al. (2023);Experiment 1;Orientation;1;18;-77.0;62.0;-26.0;-42.0;20;7
18;99;94;-5;2.85426940000616;8;78.0;141;Houborg et al. (2023);Experiment 1;Orientation;1;18;;;;;1;8
18;60;42;-18;3.67061219998868;8;39.0;142;Houborg et al. (2023);Experiment 1;Orientation;1;18;;;;;2;8
18;112;122;10;2.20410550001543;8;-52.0;143;Houborg et al. (2023);Experiment 1;Orientation;1;18;;;;;3;8
18;65;58;-7;1.68783100001747;8;47.0;144;Houborg et al. (2023);Experiment 1;Orientation;1;18;;;;;4;8
18;137;137;0;2.27098319999641;8;-72.0;145;Houborg et al. (2023);Experiment 1;Orientation;1;18;-72.0;-25.0;-77.0;-38.0;5;8
18;75;78;3;3.08744989999104;8;62.0;146;Houborg et al. (2023);Experiment 1;Orientation;1;18;62.0;-10.0;37.0;-15.0;6;8
18;89;88;-1;1.55437679996248;8;-14.0;147;Houborg et al. (2023);Experiment 1;Orientation;1;18;-14.0;48.0;-24.0;23.0;7;8
18;126;122;-4;1.95424730004743;8;-37.0;148;Houborg et al. (2023);Experiment 1;Orientation;1;18;-37.0;-51.0;11.0;-61.0;8;8
18;176;5;9;2.05435059999581;8;-50.0;149;Houborg et al. (2023);Experiment 1;Orientation;1;18;-50.0;-87.0;79.0;-39.0;9;8
18;59;62;3;1.83757410000544;8;-63.0;150;Houborg et al. (2023);Experiment 1;Orientation;1;18;-63.0;67.0;30.0;16.0;10;8
18;151;125;-26;2.57087439997122;8;88.0;151;Houborg et al. (2023);Experiment 1;Orientation;1;18;88.0;25.0;-25.0;-62.0;11;8
18;134;127;-7;1.52103950001765;8;17.0;152;Houborg et al. (2023);Experiment 1;Orientation;1;18;17.0;-75.0;42.0;-8.0;12;8
18;172;9;17;3.60399840003811;8;-38.0;153;Houborg et al. (2023);Experiment 1;Orientation;1;18;-38.0;-21.0;67.0;4.0;13;8
18;6;24;18;3.68729430000531;8;-14.0;154;Houborg et al. (2023);Experiment 1;Orientation;1;18;-14.0;-52.0;-35.0;53.0;14;8
18;65;57;-8;2.78754889999982;8;-59.0;155;Houborg et al. (2023);Experiment 1;Orientation;1;18;-59.0;-73.0;69.0;86.0;15;8
18;120;123;3;1.88763929996639;8;-55.0;156;Houborg et al. (2023);Experiment 1;Orientation;1;18;-55.0;66.0;52.0;14.0;16;8
18;51;51;0;1.57101269997656;8;69.0;157;Houborg et al. (2023);Experiment 1;Orientation;1;18;69.0;14.0;-45.0;-59.0;17;8
18;42;44;2;3.53744099999312;8;9.0;158;Houborg et al. (2023);Experiment 1;Orientation;1;18;9.0;78.0;23.0;-36.0;18;8
18;129;139;10;2.55420869996306;8;-87.0;159;Houborg et al. (2023);Experiment 1;Orientation;1;18;-87.0;-78.0;-9.0;-64.0;19;8
18;113;111;-2;2.70405230001779;8;16.0;160;Houborg et al. (2023);Experiment 1;Orientation;1;18;16.0;-71.0;-62.0;7.0;20;8
18;107;107;0;1.50422729999991;9;6.0;161;Houborg et al. (2023);Experiment 1;Orientation;1;18;;;;;1;9
18;119;113;-6;1.60452250001254;9;-12.0;162;Houborg et al. (2023);Experiment 1;Orientation;1;18;;;;;2;9
18;9;33;24;2.1874705000082;9;-70.0;163;Houborg et al. (2023);Experiment 1;Orientation;1;18;;;;;3;9
18;63;56;-7;1.53776689997176;9;-54.0;164;Houborg et al. (2023);Experiment 1;Orientation;1;18;;;;;4;9
18;82;80;-2;3.57061500003329;9;-19.0;165;Houborg et al. (2023);Experiment 1;Orientation;1;18;-19.0;-73.0;37.0;25.0;5;9
18;44;52;8;2.40423580002971;9;38.0;166;Houborg et al. (2023);Experiment 1;Orientation;1;18;38.0;19.0;-35.0;75.0;6;9
18;129;128;-1;1.52084970002761;9;-85.0;167;Houborg et al. (2023);Experiment 1;Orientation;1;18;-85.0;-47.0;-66.0;60.0;7;9
18;155;161;6;3.32094889995642;9;-26.0;168;Houborg et al. (2023);Experiment 1;Orientation;1;18;-26.0;69.0;-73.0;88.0;8;9
18;51;44;-7;2.4542352000135;9;-76.0;169;Houborg et al. (2023);Experiment 1;Orientation;1;18;-76.0;78.0;-7.0;31.0;9;9
18;132;124;-8;1.53776520001702;9;-81.0;170;Houborg et al. (2023);Experiment 1;Orientation;1;18;-81.0;23.0;-3.0;-88.0;10;9
18;25;29;4;2.33752149995416;9;-73.0;171;Houborg et al. (2023);Experiment 1;Orientation;1;18;-73.0;26.0;-50.0;-76.0;11;9
18;151;146;-5;3.12092720001237;9;54.0;172;Houborg et al. (2023);Experiment 1;Orientation;1;18;54.0;-19.0;80.0;4.0;12;9
18;25;32;7;2.65421890001744;9;-54.0;173;Houborg et al. (2023);Experiment 1;Orientation;1;18;-54.0;0.0;-73.0;26.0;13;9
18;106;119;13;1.7876619999879;9;-81.0;174;Houborg et al. (2023);Experiment 1;Orientation;1;18;-81.0;45.0;-81.0;26.0;14;9
18;66;71;5;3.12049530004151;9;40.0;175;Houborg et al. (2023);Experiment 1;Orientation;1;18;40.0;-41.0;85.0;-41.0;15;9
18;146;141;-5;2.15428910002811;9;-80.0;176;Houborg et al. (2023);Experiment 1;Orientation;1;18;-80.0;-40.0;59.0;5.0;16;9
18;91;85;-6;2.53765410004416;9;55.0;177;Houborg et al. (2023);Experiment 1;Orientation;1;18;55.0;-25.0;15.0;-66.0;17;9
18;89;98;9;2.3209482000093;9;2.0;178;Houborg et al. (2023);Experiment 1;Orientation;1;18;2.0;57.0;-23.0;17.0;18;9
18;158;42;64;3.72066529997392;9;-69.0;179;Houborg et al. (2023);Experiment 1;Orientation;1;18;-69.0;-67.0;-12.0;88.0;19;9
18;64;66;2;1.32086249999702;9;-86.0;180;Houborg et al. (2023);Experiment 1;Orientation;1;18;-86.0;25.0;27.0;82.0;20;9
18;81;96;15;2.22104650002439;10;-17.0;181;Houborg et al. (2023);Experiment 1;Orientation;1;18;;;;;1;10
18;174;171;-3;1.85432099999161;10;87.0;182;Houborg et al. (2023);Experiment 1;Orientation;1;18;;;;;2;10
18;8;0;-8;1.42104960000142;10;-14.0;183;Houborg et al. (2023);Experiment 1;Orientation;1;18;;;;;3;10
18;176;176;0;2.43775450001704;10;12.0;184;Houborg et al. (2023);Experiment 1;Orientation;1;18;;;;;4;10
18;35;44;9;1.52122990001226;10;-39.0;185;Houborg et al. (2023);Experiment 1;Orientation;1;18;-39.0;-27.0;-41.0;46.0;5;10
18;121;117;-4;1.73767679999582;10;-86.0;186;Houborg et al. (2023);Experiment 1;Orientation;1;18;-86.0;55.0;67.0;53.0;6;10
18;106;105;-1;1.73782029998256;10;15.0;187;Houborg et al. (2023);Experiment 1;Orientation;1;18;15.0;-71.0;70.0;82.0;7;10
18;122;111;-11;1.3710591000272;10;-16.0;188;Houborg et al. (2023);Experiment 1;Orientation;1;18;-16.0;-1.0;-87.0;54.0;8;10
18;65;74;9;1.50453639996704;10;57.0;189;Houborg et al. (2023);Experiment 1;Orientation;1;18;57.0;41.0;56.0;-30.0;9;10
18;112;115;3;2.02087419998134;10;-47.0;190;Houborg et al. (2023);Experiment 1;Orientation;1;18;-47.0;10.0;-6.0;9.0;10;10
18;147;133;-14;1.55421759997262;10;-35.0;191;Houborg et al. (2023);Experiment 1;Orientation;1;18;-35.0;-82.0;-25.0;-41.0;11;10
18;4;13;9;1.65436590003083;10;-37.0;192;Houborg et al. (2023);Experiment 1;Orientation;1;18;-37.0;-72.0;61.0;-62.0;12;10
18;16;29;13;1.62101180001628;10;-12.0;193;Houborg et al. (2023);Experiment 1;Orientation;1;18;-12.0;-49.0;-84.0;49.0;13;10
18;176;172;-4;1.55450039997231;10;20.0;194;Houborg et al. (2023);Experiment 1;Orientation;1;18;20.0;8.0;-29.0;-64.0;14;10
18;118;115;-3;1.97113639995223;10;58.0;195;Houborg et al. (2023);Experiment 1;Orientation;1;18;58.0;78.0;66.0;29.0;15;10
18;42;47;5;1.85424309998052;10;76.0;196;Houborg et al. (2023);Experiment 1;Orientation;1;18;76.0;-46.0;-26.0;-38.0;16;10
18;73;66;-7;2.05425440002;10;-31.0;197;Houborg et al. (2023);Experiment 1;Orientation;1;18;-31.0;45.0;-77.0;-57.0;17;10
18;22;20;-2;1.20443809998687;10;51.0;198;Houborg et al. (2023);Experiment 1;Orientation;1;18;51.0;20.0;-84.0;-26.0;18;10
18;49;61;12;1.57096350000938;10;-27.0;199;Houborg et al. (2023);Experiment 1;Orientation;1;18;-27.0;24.0;-7.0;69.0;19;10
18;47;23;-24;2.38762860000134;10;2.0;200;Houborg et al. (2023);Experiment 1;Orientation;1;18;2.0;-25.0;26.0;-5.0;20;10
1;152;163;11;3.30428829998709;1;;1;Houborg et al. (2023);Experiment 2;Orientation;2;19;;;;;1;1
1;58;63;5;2.36623559996951;1;-86.0;2;Houborg et al. (2023);Experiment 2;Orientation;2;19;;;;;2;1
1;124;120;-4;3.13873240002431;1;-66.0;3;Houborg et al. (2023);Experiment 2;Orientation;2;19;;;;;3;1
1;158;152;-6;1.82335950003471;1;-34.0;4;Houborg et al. (2023);Experiment 2;Orientation;2;19;;;;;4;1
1;71;16;-55;2.55534299998544;1;87.0;5;Houborg et al. (2023);Experiment 2;Orientation;2;19;87.0;53.0;-13.0;81.0;5;1
1;41;25;-16;2.8226572999265;1;30.0;6;Houborg et al. (2023);Experiment 2;Orientation;2;19;30.0;-63.0;83.0;17.0;6;1
1;87;69;-18;1.4530258999439;1;-46.0;7;Houborg et al. (2023);Experiment 2;Orientation;2;19;-46.0;-16.0;71.0;37.0;7;1
1;172;169;-3;2.25791489996482;1;-85.0;8;Houborg et al. (2023);Experiment 2;Orientation;2;19;-85.0;49.0;79.0;-14.0;8;1
1;55;74;19;2.12368179997429;1;-63.0;9;Houborg et al. (2023);Experiment 2;Orientation;2;19;-63.0;32.0;-14.0;16.0;9;1
1;2;0;-2;1.83738280006219;1;53.0;10;Houborg et al. (2023);Experiment 2;Orientation;2;19;53.0;-10.0;85.0;39.0;10;1
1;106;117;11;2.42357230000198;1;76.0;11;Houborg et al. (2023);Experiment 2;Orientation;2;19;76.0;-51.0;66.0;-19.0;11;1
1;44;25;-19;1.58928710001055;1;62.0;12;Houborg et al. (2023);Experiment 2;Orientation;2;19;62.0;-42.0;11.0;-52.0;12;1
1;102;105;3;1.62378440005705;1;-58.0;13;Houborg et al. (2023);Experiment 2;Orientation;2;19;-58.0;4.0;80.0;-47.0;13;1
1;175;169;-6;12.0051944999723;1;-73.0;14;Houborg et al. (2023);Experiment 2;Orientation;2;19;-73.0;49.0;-69.0;7.0;14;1
1;114;117;3;1.42197650007438;1;61.0;15;Houborg et al. (2023);Experiment 2;Orientation;2;19;61.0;-12.0;-70.0;-8.0;15;1
1;54;65;11;1.50607080000918;1;60.0;16;Houborg et al. (2023);Experiment 2;Orientation;2;19;60.0;-59.0;48.0;-10.0;16;1
1;45;37;-8;2.17252170003485;1;9.0;17;Houborg et al. (2023);Experiment 2;Orientation;2;19;9.0;69.0;-50.0;57.0;17;1
1;140;141;1;1.85618410003372;1;85.0;18;Houborg et al. (2023);Experiment 2;Orientation;2;19;85.0;-86.0;-26.0;35.0;18;1
1;162;152;-10;1.65596440003719;1;-22.0;19;Houborg et al. (2023);Experiment 2;Orientation;2;19;-22.0;63.0;72.0;-48.0;19;1
1;47;72;25;1.88982490007766;1;-65.0;20;Houborg et al. (2023);Experiment 2;Orientation;2;19;-65.0;-87.0;-2.0;7.0;20;1
1;12;17;5;2.43929180002306;2;35.0;21;Houborg et al. (2023);Experiment 2;Orientation;2;19;;;;;1;2
1;75;67;-8;2.29101470008027;2;-63.0;22;Houborg et al. (2023);Experiment 2;Orientation;2;19;;;;;2;2
1;153;150;-3;2.03819180000573;2;-78.0;23;Houborg et al. (2023);Experiment 2;Orientation;2;19;;;;;3;2
1;23;17;-6;1.63939529994968;2;-50.0;24;Houborg et al. (2023);Experiment 2;Orientation;2;19;;;;;4;2
1;171;171;0;3.19020930002443;2;32.0;25;Houborg et al. (2023);Experiment 2;Orientation;2;19;32.0;-18.0;84.0;21.0;5;2
1;90;25;-65;2.94035499996971;2;81.0;26;Houborg et al. (2023);Experiment 2;Orientation;2;19;81.0;-67.0;63.0;-15.0;6;2
1;176;178;2;2.99013599997852;2;-86.0;27;Houborg et al. (2023);Experiment 2;Orientation;2;19;-86.0;-5.0;27.0;-23.0;7;2
1;158;155;-3;2.54053369991016;2;18.0;28;Houborg et al. (2023);Experiment 2;Orientation;2;19;18.0;-68.0;13.0;45.0;8;2
1;110;110;0;1.57255839998834;2;48.0;29;Houborg et al. (2023);Experiment 2;Orientation;2;19;48.0;66.0;-20.0;61.0;9;2
1;129;125;-4;1.58898659993429;2;-19.0;30;Houborg et al. (2023);Experiment 2;Orientation;2;19;-19.0;29.0;47.0;-39.0;10;2
1;16;8;-8;2.28956699999981;2;-67.0;31;Houborg et al. (2023);Experiment 2;Orientation;2;19;-67.0;-86.0;-38.0;-20.0;11;2
1;148;158;10;2.02247719990555;2;48.0;32;Houborg et al. (2023);Experiment 2;Orientation;2;19;48.0;-19.0;-38.0;10.0;12;2
1;75;70;-5;1.67298979999032;2;73.0;33;Houborg et al. (2023);Experiment 2;Orientation;2;19;73.0;-59.0;54.0;35.0;13;2
1;149;151;2;1.88990439998452;2;-74.0;34;Houborg et al. (2023);Experiment 2;Orientation;2;19;-74.0;-1.0;47.0;-20.0;14;2
1;149;158;9;1.94022560003214;2;0.0;35;Houborg et al. (2023);Experiment 2;Orientation;2;19;0.0;-74.0;-1.0;47.0;15;2
1;129;148;19;1.55712969996966;2;20.0;36;Houborg et al. (2023);Experiment 2;Orientation;2;19;20.0;20.0;-54.0;19.0;16;2
1;109;109;0;1.84012129995972;2;20.0;37;Houborg et al. (2023);Experiment 2;Orientation;2;19;20.0;40.0;40.0;-34.0;17;2
1;173;163;-10;1.55640470003709;2;-64.0;38;Houborg et al. (2023);Experiment 2;Orientation;2;19;-64.0;-44.0;-24.0;-24.0;18;2
1;112;123;11;1.74041450000368;2;61.0;39;Houborg et al. (2023);Experiment 2;Orientation;2;19;61.0;-3.0;17.0;37.0;19;2
1;154;155;1;2.18939860002138;2;-42.0;40;Houborg et al. (2023);Experiment 2;Orientation;2;19;-42.0;19.0;-45.0;-25.0;20;2
1;176;152;-24;1.4575834000716;3;-22.0;41;Houborg et al. (2023);Experiment 2;Orientation;2;19;;;;;1;3
1;106;111;5;2.98979330004659;3;70.0;42;Houborg et al. (2023);Experiment 2;Orientation;2;19;;;;;2;3
1;26;19;-7;1.34027029993013;3;80.0;43;Houborg et al. (2023);Experiment 2;Orientation;2;19;;;;;3;3
1;72;67;-5;2.03907670010813;3;-46.0;44;Houborg et al. (2023);Experiment 2;Orientation;2;19;;;;;4;3
1;171;15;24;1.57401219999883;3;81.0;45;Houborg et al. (2023);Experiment 2;Orientation;2;19;81.0;35.0;-65.0;5.0;5;3
1;23;7;-16;1.13738890003879;3;-32.0;46;Houborg et al. (2023);Experiment 2;Orientation;2;19;-32.0;49.0;3.0;83.0;6;3
1;43;23;-20;1.75741239998024;3;-20.0;47;Houborg et al. (2023);Experiment 2;Orientation;2;19;-20.0;-52.0;29.0;-17.0;7;3
1;10;12;2;2.42418070009444;3;33.0;48;Houborg et al. (2023);Experiment 2;Orientation;2;19;33.0;13.0;-19.0;62.0;8;3
1;136;152;16;1.93835259997286;3;54.0;49;Houborg et al. (2023);Experiment 2;Orientation;2;19;54.0;87.0;67.0;35.0;9;3
1;116;116;0;1.68925809999928;3;20.0;50;Houborg et al. (2023);Experiment 2;Orientation;2;19;20.0;74.0;-73.0;87.0;10;3
1;18;26;8;1.63886189996265;3;-82.0;51;Houborg et al. (2023);Experiment 2;Orientation;2;19;-82.0;-62.0;-8.0;25.0;11;3
1;77;76;-1;1.555645299959;3;-59.0;52;Houborg et al. (2023);Experiment 2;Orientation;2;19;-59.0;39.0;59.0;-67.0;12;3
1;127;111;-16;2.65679549996275;3;-50.0;53;Houborg et al. (2023);Experiment 2;Orientation;2;19;-50.0;71.0;-11.0;9.0;13;3
1;137;132;-5;1.8724363000365;3;-10.0;54;Houborg et al. (2023);Experiment 2;Orientation;2;19;-10.0;-60.0;61.0;-21.0;14;3
1;34;36;2;1.08748170000035;3;-77.0;55;Houborg et al. (2023);Experiment 2;Orientation;2;19;-77.0;-87.0;43.0;-16.0;15;3
1;42;33;-9;1.35572790005244;3;-8.0;56;Houborg et al. (2023);Experiment 2;Orientation;2;19;-8.0;-85.0;85.0;35.0;16;3
1;34;29;-5;1.47332349990029;3;8.0;57;Houborg et al. (2023);Experiment 2;Orientation;2;19;8.0;0.0;-77.0;-87.0;17;3
1;66;75;9;3.39007680001669;3;-32.0;58;Houborg et al. (2023);Experiment 2;Orientation;2;19;-32.0;-24.0;-32.0;71.0;18;3
1;121;117;-4;1.15453279996291;3;-55.0;59;Houborg et al. (2023);Experiment 2;Orientation;2;19;-55.0;-87.0;-79.0;-87.0;19;3
1;161;167;6;1.08993529994041;3;-40.0;60;Houborg et al. (2023);Experiment 2;Orientation;2;19;-40.0;85.0;53.0;61.0;20;3
1;56;27;-29;1.69011249998584;4;-75.0;61;Houborg et al. (2023);Experiment 2;Orientation;2;19;;;;;1;4
1;31;12;-19;1.65254130004905;4;25.0;62;Houborg et al. (2023);Experiment 2;Orientation;2;19;;;;;2;4
1;48;50;2;1.67284759995528;4;-17.0;63;Houborg et al. (2023);Experiment 2;Orientation;2;19;;;;;3;4
1;103;109;6;2.00698259996716;4;-55.0;64;Houborg et al. (2023);Experiment 2;Orientation;2;19;;;;;4;4
1;55;69;14;1.83946559997275;4;48.0;65;Houborg et al. (2023);Experiment 2;Orientation;2;19;48.0;-7.0;-24.0;1.0;5;4
1;25;14;-11;1.78997689997777;4;30.0;66;Houborg et al. (2023);Experiment 2;Orientation;2;19;30.0;78.0;23.0;6.0;6;4
1;164;171;7;1.94142889999785;4;41.0;67;Houborg et al. (2023);Experiment 2;Orientation;2;19;41.0;71.0;-61.0;64.0;7;4
1;105;108;3;2.55736029997934;4;59.0;68;Houborg et al. (2023);Experiment 2;Orientation;2;19;59.0;-80.0;-50.0;-2.0;8;4
1;9;13;4;2.2217220000457;4;-84.0;69;Houborg et al. (2023);Experiment 2;Orientation;2;19;-84.0;-25.0;16.0;46.0;9;4
1;151;164;13;1.22213330003433;4;38.0;70;Houborg et al. (2023);Experiment 2;Orientation;2;19;38.0;-46.0;13.0;54.0;10;4
1;165;160;-5;2.62289650004823;4;-14.0;71;Houborg et al. (2023);Experiment 2;Orientation;2;19;-14.0;24.0;-60.0;-1.0;11;4
1;131;124;-7;1.93977309996262;4;34.0;72;Houborg et al. (2023);Experiment 2;Orientation;2;19;34.0;20.0;58.0;-26.0;12;4
1;129;141;12;1.33983710000757;4;2.0;73;Houborg et al. (2023);Experiment 2;Orientation;2;19;2.0;36.0;22.0;60.0;13;4
1;172;174;2;4.17487160000019;4;-43.0;74;Houborg et al. (2023);Experiment 2;Orientation;2;19;-43.0;-41.0;-7.0;-21.0;14;4
1;154;150;-4;1.48779270006344;4;18.0;75;Houborg et al. (2023);Experiment 2;Orientation;2;19;18.0;-25.0;-23.0;11.0;15;4
1;163;163;0;1.52290269988589;4;-9.0;76;Houborg et al. (2023);Experiment 2;Orientation;2;19;-9.0;9.0;-34.0;-32.0;16;4
1;13;18;5;1.53895820002072;4;-30.0;77;Houborg et al. (2023);Experiment 2;Orientation;2;19;-30.0;-39.0;-21.0;-64.0;17;4
1;3;18;15;1.55533749994356;4;10.0;78;Houborg et al. (2023);Experiment 2;Orientation;2;19;10.0;-20.0;-29.0;-11.0;18;4
1;55;25;-30;1.38979100005236;4;-52.0;79;Houborg et al. (2023);Experiment 2;Orientation;2;19;-52.0;-42.0;-72.0;-81.0;19;4
1;46;52;6;3.92316760006361;4;9.0;80;Houborg et al. (2023);Experiment 2;Orientation;2;19;9.0;-43.0;-33.0;-63.0;20;4
1;12;15;3;1.59069129999261;5;34.0;81;Houborg et al. (2023);Experiment 2;Orientation;2;19;;;;;1;5
1;144;159;15;1.09086120000575;5;48.0;82;Houborg et al. (2023);Experiment 2;Orientation;2;19;;;;;2;5
1;135;140;5;1.32316849997733;5;9.0;83;Houborg et al. (2023);Experiment 2;Orientation;2;19;;;;;3;5
1;48;24;-24;1.58975249994546;5;87.0;84;Houborg et al. (2023);Experiment 2;Orientation;2;19;;;;;4;5
1;128;147;19;1.25734050001483;5;-80.0;85;Houborg et al. (2023);Experiment 2;Orientation;2;19;-80.0;7.0;16.0;64.0;5;5
1;160;165;5;1.85597549995873;5;-32.0;86;Houborg et al. (2023);Experiment 2;Orientation;2;19;-32.0;68.0;-25.0;-16.0;6;5
1;146;148;2;1.80765720002819;5;14.0;87;Houborg et al. (2023);Experiment 2;Orientation;2;19;14.0;-18.0;82.0;-11.0;7;5
1;148;176;28;1.63805780000985;5;-2.0;88;Houborg et al. (2023);Experiment 2;Orientation;2;19;-2.0;12.0;-20.0;80.0;8;5
1;123;128;5;1.18826040008571;5;25.0;89;Houborg et al. (2023);Experiment 2;Orientation;2;19;25.0;23.0;37.0;5.0;9;5
1;18;163;-35;1.7905965000391;5;-75.0;90;Houborg et al. (2023);Experiment 2;Orientation;2;19;-75.0;-50.0;-52.0;-38.0;10;5
1;141;158;17;1.189955299953;5;57.0;91;Houborg et al. (2023);Experiment 2;Orientation;2;19;57.0;-18.0;7.0;5.0;11;5
1;25;17;-8;1.53181010007393;5;-64.0;92;Houborg et al. (2023);Experiment 2;Orientation;2;19;-64.0;-7.0;-82.0;-57.0;12;5
1;121;124;3;2.2214999999851;5;84.0;93;Houborg et al. (2023);Experiment 2;Orientation;2;19;84.0;20.0;77.0;2.0;13;5
1;174;170;-4;2.55530499992892;5;-53.0;94;Houborg et al. (2023);Experiment 2;Orientation;2;19;-53.0;31.0;-33.0;24.0;14;5
1;24;20;-4;2.02127679996192;5;-30.0;95;Houborg et al. (2023);Experiment 2;Orientation;2;19;-30.0;-83.0;1.0;-63.0;15;5
1;114;118;4;3.60502340004314;5;-90.0;96;Houborg et al. (2023);Experiment 2;Orientation;2;19;90.0;60.0;7.0;-89.0;16;5
1;130;119;-11;1.65609749988653;5;-16.0;97;Houborg et al. (2023);Experiment 2;Orientation;2;19;-16.0;74.0;44.0;-9.0;17;5
1;65;62;-3;1.77009490004275;5;65.0;98;Houborg et al. (2023);Experiment 2;Orientation;2;19;65.0;49.0;-41.0;-71.0;18;5
1;75;72;-3;2.02160620002542;5;-10.0;99;Houborg et al. (2023);Experiment 2;Orientation;2;19;-10.0;55.0;39.0;-51.0;19;5
1;172;173;1;1.80715220002457;5;83.0;100;Houborg et al. (2023);Experiment 2;Orientation;2;19;83.0;73.0;-42.0;-58.0;20;5
1;62;17;-45;3.69013130001258;6;-70.0;101;Houborg et al. (2023);Experiment 2;Orientation;2;19;;;;;1;6
1;123;118;-5;1.82411829999182;6;-61.0;102;Houborg et al. (2023);Experiment 2;Orientation;2;19;;;;;2;6
1;19;11;-8;1.47309490002226;6;-76.0;103;Houborg et al. (2023);Experiment 2;Orientation;2;19;;;;;3;6
1;143;170;27;3.05698239989579;6;56.0;104;Houborg et al. (2023);Experiment 2;Orientation;2;19;;;;;4;6
1;48;20;-28;1.59059989999514;6;-85.0;105;Houborg et al. (2023);Experiment 2;Orientation;2;19;-85.0;-29.0;75.0;14.0;5;6
1;95;104;9;2.48950989998411;6;-47.0;106;Houborg et al. (2023);Experiment 2;Orientation;2;19;-47.0;48.0;-76.0;28.0;6;6
1;28;16;-12;3.03891710005701;6;67.0;107;Houborg et al. (2023);Experiment 2;Orientation;2;19;67.0;20.0;-65.0;-9.0;7;6
1;113;112;-1;2.00649059994612;6;-85.0;108;Houborg et al. (2023);Experiment 2;Orientation;2;19;-85.0;-18.0;-65.0;30.0;8;6
1;17;11;-6;2.35426120006014;6;-84.0;109;Houborg et al. (2023);Experiment 2;Orientation;2;19;-84.0;11.0;78.0;31.0;9;6
1;17;16;-1;2.17373679997399;6;0.0;110;Houborg et al. (2023);Experiment 2;Orientation;2;19;0.0;-84.0;11.0;78.0;10;6
1;153;151;-2;1.63952379999682;6;44.0;111;Houborg et al. (2023);Experiment 2;Orientation;2;19;44.0;44.0;-40.0;55.0;11;6
1;49;110;61;3.50483480002731;6;-76.0;112;Houborg et al. (2023);Experiment 2;Orientation;2;19;-76.0;-32.0;-32.0;64.0;12;6
1;151;156;5;1.68878299999051;6;78.0;113;Houborg et al. (2023);Experiment 2;Orientation;2;19;78.0;2.0;46.0;46.0;13;6
1;27;19;-8;1.88873949996196;6;-56.0;114;Houborg et al. (2023);Experiment 2;Orientation;2;19;-56.0;22.0;-54.0;-10.0;14;6
1;69;72;3;1.57159669999965;6;-42.0;115;Houborg et al. (2023);Experiment 2;Orientation;2;19;-42.0;82.0;-20.0;84.0;15;6
1;1;2;1;1.62068100005854;6;68.0;116;Houborg et al. (2023);Experiment 2;Orientation;2;19;68.0;26.0;-30.0;48.0;16;6
1;83;159;76;2.95624229998793;6;-82.0;117;Houborg et al. (2023);Experiment 2;Orientation;2;19;-82.0;-14.0;-56.0;68.0;17;6
1;6;6;0;2.59085809998214;6;77.0;118;Houborg et al. (2023);Experiment 2;Orientation;2;19;77.0;-5.0;63.0;21.0;18;6
1;24;12;-12;2.20298289996572;6;-18.0;119;Houborg et al. (2023);Experiment 2;Orientation;2;19;-18.0;59.0;-23.0;45.0;19;6
1;152;166;14;1.59136890002992;6;52.0;120;Houborg et al. (2023);Experiment 2;Orientation;2;19;52.0;34.0;-69.0;29.0;20;6
1;25;23;-2;2.22219890006818;7;-53.0;121;Houborg et al. (2023);Experiment 2;Orientation;2;19;;;;;1;7
1;98;103;5;4.03669729991816;7;-73.0;122;Houborg et al. (2023);Experiment 2;Orientation;2;19;;;;;2;7
1;84;79;-5;1.76875489996746;7;14.0;123;Houborg et al. (2023);Experiment 2;Orientation;2;19;;;;;3;7
1;169;168;-1;1.93865660007577;7;-85.0;124;Houborg et al. (2023);Experiment 2;Orientation;2;19;;;;;4;7
1;120;60;-60;1.3402995999204;7;49.0;125;Houborg et al. (2023);Experiment 2;Orientation;2;19;49.0;-36.0;-22.0;85.0;5;7
1;168;169;1;3.28923130000476;7;-48.0;126;Houborg et al. (2023);Experiment 2;Orientation;2;19;-48.0;1.0;-84.0;-70.0;6;7
1;69;61;-8;2.92236780002713;7;-81.0;127;Houborg et al. (2023);Experiment 2;Orientation;2;19;-81.0;51.0;-80.0;15.0;7;7
1;133;137;4;1.84212139993906;7;-64.0;128;Houborg et al. (2023);Experiment 2;Orientation;2;19;-64.0;35.0;-13.0;36.0;8;7
1;98;121;23;1.73855419992469;7;35.0;129;Houborg et al. (2023);Experiment 2;Orientation;2;19;35.0;-29.0;70.0;22.0;9;7
1;126;130;4;1.35682350001298;7;-28.0;130;Houborg et al. (2023);Experiment 2;Orientation;2;19;-28.0;7.0;-57.0;42.0;10;7
1;142;143;1;1.63813089998439;7;-16.0;131;Houborg et al. (2023);Experiment 2;Orientation;2;19;-16.0;-44.0;-9.0;-73.0;11;7
1;158;165;7;1.75529020000249;7;-16.0;132;Houborg et al. (2023);Experiment 2;Orientation;2;19;-16.0;-32.0;-60.0;-25.0;12;7
1;101;107;6;1.32126130000688;7;57.0;133;Houborg et al. (2023);Experiment 2;Orientation;2;19;57.0;41.0;25.0;-3.0;13;7
1;26;16;-10;1.2729559999425;7;75.0;134;Houborg et al. (2023);Experiment 2;Orientation;2;19;75.0;-48.0;-64.0;-80.0;14;7
1;13;16;3;1.35905969992746;7;13.0;135;Houborg et al. (2023);Experiment 2;Orientation;2;19;13.0;88.0;-35.0;-51.0;15;7
1;23;8;-15;1.17533500003628;7;-10.0;136;Houborg et al. (2023);Experiment 2;Orientation;2;19;-10.0;3.0;78.0;-45.0;16;7
1;108;113;5;1.50541740003973;7;-85.0;137;Houborg et al. (2023);Experiment 2;Orientation;2;19;-85.0;85.0;-82.0;-7.0;17;7
1;34;63;29;1.43760539998766;7;74.0;138;Houborg et al. (2023);Experiment 2;Orientation;2;19;74.0;-11.0;-21.0;-8.0;18;7
1;122;119;-3;2.15678239997942;7;-88.0;139;Houborg et al. (2023);Experiment 2;Orientation;2;19;-88.0;-14.0;81.0;71.0;19;7
1;101;105;4;1.53809169994202;7;21.0;140;Houborg et al. (2023);Experiment 2;Orientation;2;19;21.0;-67.0;7.0;-78.0;20;7
1;151;161;10;1.95567209995352;8;-50.0;141;Houborg et al. (2023);Experiment 2;Orientation;2;19;;;;;1;8
1;81;74;-7;1.7049520999426;8;70.0;142;Houborg et al. (2023);Experiment 2;Orientation;2;19;;;;;2;8
1;163;163;0;1.38972759991884;8;-82.0;143;Houborg et al. (2023);Experiment 2;Orientation;2;19;;;;;3;8
1;177;171;-6;1.53937469993252;8;-14.0;144;Houborg et al. (2023);Experiment 2;Orientation;2;19;;;;;4;8
1;158;167;9;2.18749809998553;8;19.0;145;Houborg et al. (2023);Experiment 2;Orientation;2;19;19.0;5.0;-77.0;-7.0;5;8
1;127;132;5;1.52062630001456;8;31.0;146;Houborg et al. (2023);Experiment 2;Orientation;2;19;31.0;50.0;36.0;-46.0;6;8
1;149;162;13;1.48795209999662;8;-22.0;147;Houborg et al. (2023);Experiment 2;Orientation;2;19;-22.0;9.0;28.0;14.0;7;8
1;131;136;5;1.43921500002034;8;18.0;148;Houborg et al. (2023);Experiment 2;Orientation;2;19;18.0;-4.0;27.0;46.0;8;8
1;176;172;-4;2.27132800000254;8;-45.0;149;Houborg et al. (2023);Experiment 2;Orientation;2;19;-45.0;-27.0;-49.0;-18.0;9;8
1;61;47;-14;2.20680919999722;8;-65.0;150;Houborg et al. (2023);Experiment 2;Orientation;2;19;-65.0;70.0;88.0;66.0;10;8
1;149;161;12;1.73675120004918;8;-88.0;151;Houborg et al. (2023);Experiment 2;Orientation;2;19;-88.0;27.0;-18.0;0.0;11;8
1;7;9;2;5.39025179995224;8;-38.0;152;Houborg et al. (2023);Experiment 2;Orientation;2;19;-38.0;54.0;-11.0;-56.0;12;8
1;18;20;2;1.52498169988394;8;-11.0;153;Houborg et al. (2023);Experiment 2;Orientation;2;19;-11.0;-49.0;43.0;-22.0;13;8
1;29;26;-3;2.33748680003919;8;-11.0;154;Houborg et al. (2023);Experiment 2;Orientation;2;19;-11.0;-22.0;-60.0;32.0;14;8
1;59;65;6;2.95587700000033;8;-30.0;155;Houborg et al. (2023);Experiment 2;Orientation;2;19;-30.0;-41.0;-52.0;90.0;15;8
1;62;154;-88;1.83876219997182;8;-3.0;156;Houborg et al. (2023);Experiment 2;Orientation;2;19;-3.0;-33.0;-44.0;-55.0;16;8
1;14;13;-1;1.90588830003981;8;48.0;157;Houborg et al. (2023);Experiment 2;Orientation;2;19;48.0;45.0;15.0;4.0;17;8
1;91;110;19;2.15519149997272;8;-77.0;158;Houborg et al. (2023);Experiment 2;Orientation;2;19;-77.0;-29.0;-32.0;-62.0;18;8
1;119;126;7;1.23881990008522;8;-28.0;159;Houborg et al. (2023);Experiment 2;Orientation;2;19;-28.0;75.0;-57.0;-60.0;19;8
1;76;114;38;3.77415089996066;8;43.0;160;Houborg et al. (2023);Experiment 2;Orientation;2;19;43.0;15.0;-62.0;-14.0;20;8
1;165;171;6;2.32172550004907;9;-89.0;161;Houborg et al. (2023);Experiment 2;Orientation;2;19;;;;;1;9
1;106;103;-3;2.27370320004411;9;59.0;162;Houborg et al. (2023);Experiment 2;Orientation;2;19;;;;;2;9
1;38;46;8;2.40655640000477;9;68.0;163;Houborg et al. (2023);Experiment 2;Orientation;2;19;;;;;3;9
1;130;156;26;1.60649110004306;9;88.0;164;Houborg et al. (2023);Experiment 2;Orientation;2;19;;;;;4;9
1;88;87;-1;2.83892020001076;9;42.0;165;Houborg et al. (2023);Experiment 2;Orientation;2;19;42.0;-50.0;18.0;77.0;5;9
1;120;132;12;1.50420819991268;9;-32.0;166;Houborg et al. (2023);Experiment 2;Orientation;2;19;-32.0;10.0;-82.0;-14.0;6;9
1;173;179;6;1.77556310000364;9;-53.0;167;Houborg et al. (2023);Experiment 2;Orientation;2;19;-53.0;-85.0;-43.0;45.0;7;9
1;33;22;-11;2.25642019999214;9;-40.0;168;Houborg et al. (2023);Experiment 2;Orientation;2;19;-40.0;87.0;55.0;-83.0;8;9
1;112;131;19;1.17248379997909;9;-79.0;169;Houborg et al. (2023);Experiment 2;Orientation;2;19;-79.0;61.0;8.0;-24.0;9;9
1;12;9;-3;1.17141290009022;9;-80.0;170;Houborg et al. (2023);Experiment 2;Orientation;2;19;-80.0;21.0;-19.0;-72.0;10;9
1;89;1;-88;1.00491699995473;9;-77.0;171;Houborg et al. (2023);Experiment 2;Orientation;2;19;-77.0;23.0;-56.0;84.0;11;9
1;109;121;12;1.12223070010077;9;-20.0;172;Houborg et al. (2023);Experiment 2;Orientation;2;19;-20.0;83.0;3.0;-76.0;12;9
1;126;137;11;1.3563289999729;9;-17.0;173;Houborg et al. (2023);Experiment 2;Orientation;2;19;-17.0;-37.0;66.0;-14.0;13;9
1;106;131;25;1.45583510003053;9;20.0;174;Houborg et al. (2023);Experiment 2;Orientation;2;19;20.0;3.0;-17.0;86.0;14;9
1;38;26;-12;2.32174290006515;9;68.0;175;Houborg et al. (2023);Experiment 2;Orientation;2;19;68.0;88.0;71.0;51.0;15;9
1;40;36;-4;1.57329319999553;9;-2.0;176;Houborg et al. (2023);Experiment 2;Orientation;2;19;-2.0;66.0;86.0;69.0;16;9
1;155;163;8;1.87245499994606;9;65.0;177;Houborg et al. (2023);Experiment 2;Orientation;2;19;65.0;63.0;-49.0;-29.0;17;9
1;143;151;8;1.90128859994002;9;12.0;178;Houborg et al. (2023);Experiment 2;Orientation;2;19;12.0;77.0;75.0;-37.0;18;9
1;4;179;-5;1.3716253999155;9;-41.0;179;Houborg et al. (2023);Experiment 2;Orientation;2;19;-41.0;-29.0;36.0;34.0;19;9
1;52;49;-3;3.00681940000504;9;-48.0;180;Houborg et al. (2023);Experiment 2;Orientation;2;19;-48.0;-89.0;-77.0;-12.0;20;9
1;23;24;1;1.9893850000808;10;29.0;181;Houborg et al. (2023);Experiment 2;Orientation;2;19;;;;;1;10
1;150;154;4;1.14003719994798;10;53.0;182;Houborg et al. (2023);Experiment 2;Orientation;2;19;;;;;2;10
1;78;60;-18;1.15843870001845;10;72.0;183;Houborg et al. (2023);Experiment 2;Orientation;2;19;;;;;3;10
1;169;166;-3;1.85703069996089;10;89.0;184;Houborg et al. (2023);Experiment 2;Orientation;2;19;;;;;4;10
1;63;61;-2;1.77283509995323;10;-74.0;185;Houborg et al. (2023);Experiment 2;Orientation;2;19;-74.0;15.0;87.0;-40.0;5;10
1;123;132;9;2.556314400048;10;-60.0;186;Houborg et al. (2023);Experiment 2;Orientation;2;19;-60.0;46.0;-45.0;27.0;6;10
1;43;40;-3;1.78946020000149;10;80.0;187;Houborg et al. (2023);Experiment 2;Orientation;2;19;80.0;20.0;-54.0;35.0;7;10
1;54;36;-18;0.973859300022013;10;-11.0;188;Houborg et al. (2023);Experiment 2;Orientation;2;19;-11.0;69.0;9.0;-65.0;8;10
1;5;10;5;1.60534580005333;10;49.0;189;Houborg et al. (2023);Experiment 2;Orientation;2;19;49.0;38.0;-62.0;58.0;9;10
1;125;123;-2;1.38908150000498;10;60.0;190;Houborg et al. (2023);Experiment 2;Orientation;2;19;60.0;-71.0;-82.0;-2.0;10;10
1;39;122;83;1.32181349990424;10;86.0;191;Houborg et al. (2023);Experiment 2;Orientation;2;19;86.0;-34.0;15.0;4.0;11;10
1;121;130;9;2.43890720000491;10;-82.0;192;Houborg et al. (2023);Experiment 2;Orientation;2;19;-82.0;4.0;64.0;-67.0;12;10
1;146;148;2;1.33916420000605;10;-25.0;193;Houborg et al. (2023);Experiment 2;Orientation;2;19;-25.0;73.0;-21.0;39.0;13;10
1;17;14;-3;1.42253500001971;10;-51.0;194;Houborg et al. (2023);Experiment 2;Orientation;2;19;-51.0;-76.0;22.0;-72.0;14;10
1;82;63;-19;1.33765290002339;10;-65.0;195;Houborg et al. (2023);Experiment 2;Orientation;2;19;-65.0;64.0;39.0;-43.0;15;10
1;67;63;-4;1.40792799997143;10;15.0;196;Houborg et al. (2023);Experiment 2;Orientation;2;19;15.0;-50.0;79.0;54.0;16;10
1;41;42;1;1.65473209996708;10;26.0;197;Houborg et al. (2023);Experiment 2;Orientation;2;19;26.0;41.0;-24.0;-75.0;17;10
1;132;135;3;2.04353449994233;10;89.0;198;Houborg et al. (2023);Experiment 2;Orientation;2;19;89.0;-65.0;-50.0;65.0;18;10
1;27;10;-17;1.85769319999963;10;-75.0;199;Houborg et al. (2023);Experiment 2;Orientation;2;19;-75.0;14.0;40.0;55.0;19;10
1;62;64;2;1.43793979997281;10;-35.0;200;Houborg et al. (2023);Experiment 2;Orientation;2;19;-35.0;70.0;-21.0;5.0;20;10
3;132;135;3;1.54452279999896;1;;1;Houborg et al. (2023);Experiment 2;Orientation;2;19;;;;;1;1
3;113;126;13;1.22837190000064;1;19.0;2;Houborg et al. (2023);Experiment 2;Orientation;2;19;;;;;2;1
3;39;39;0;1.86210029999893;1;74.0;3;Houborg et al. (2023);Experiment 2;Orientation;2;19;;;;;3;1
3;57;55;-2;1.76208869999937;1;-18.0;4;Houborg et al. (2023);Experiment 2;Orientation;2;19;;;;;4;1
3;153;137;-16;1.29471190000004;1;84.0;5;Houborg et al. (2023);Experiment 2;Orientation;2;19;84.0;66.0;-40.0;-21.0;5;1
3;40;34;-6;1.71220529999846;1;-67.0;6;Houborg et al. (2023);Experiment 2;Orientation;2;19;-67.0;17.0;-1.0;73.0;6;1
3;49;45;-4;1.86225279999962;1;-9.0;7;Houborg et al. (2023);Experiment 2;Orientation;2;19;-9.0;-76.0;8.0;-10.0;7;1
3;95;105;10;1.5118180999998;1;-46.0;8;Houborg et al. (2023);Experiment 2;Orientation;2;19;-46.0;-55.0;58.0;-38.0;8;1
3;166;37;51;5.13163329999952;1;-71.0;9;Houborg et al. (2023);Experiment 2;Orientation;2;19;-71.0;63.0;54.0;-13.0;9;1
3;169;160;-9;1.39518449999923;1;-3.0;10;Houborg et al. (2023);Experiment 2;Orientation;2;19;-3.0;-74.0;60.0;51.0;10;1
3;106;117;11;2.42932960000144;1;63.0;11;Houborg et al. (2023);Experiment 2;Orientation;2;19;63.0;60.0;-11.0;-57.0;11;1
3;169;151;-18;1.72845000000052;1;-63.0;12;Houborg et al. (2023);Experiment 2;Orientation;2;19;-63.0;0.0;-3.0;-74.0;12;1
3;118;129;11;1.71191659999931;1;51.0;13;Houborg et al. (2023);Experiment 2;Orientation;2;19;51.0;-12.0;51.0;48.0;13;1
3;92;99;7;4.39769630000046;1;26.0;14;Houborg et al. (2023);Experiment 2;Orientation;2;19;26.0;77.0;14.0;77.0;14;1
3;100;108;8;2.87973889999921;1;-8.0;15;Houborg et al. (2023);Experiment 2;Orientation;2;19;-8.0;18.0;69.0;6.0;15;1
3;164;161;-3;2.7296484999988;1;-64.0;16;Houborg et al. (2023);Experiment 2;Orientation;2;19;-64.0;-72.0;-46.0;5.0;16;1
3;146;151;5;1.47862010000063;1;18.0;17;Houborg et al. (2023);Experiment 2;Orientation;2;19;18.0;-46.0;-54.0;-28.0;17;1
3;72;55;-17;1.57854700000098;1;74.0;18;Houborg et al. (2023);Experiment 2;Orientation;2;19;74.0;-88.0;28.0;20.0;18;1
3;69;64;-5;1.94567520000055;1;3.0;19;Houborg et al. (2023);Experiment 2;Orientation;2;19;3.0;77.0;-85.0;31.0;19;1
3;106;107;1;2.07907999999952;1;-37.0;20;Houborg et al. (2023);Experiment 2;Orientation;2;19;-37.0;-34.0;40.0;58.0;20;1
3;4;26;22;2.99667919999956;2;-78.0;21;Houborg et al. (2023);Experiment 2;Orientation;2;19;;;;;1;2
3;24;26;2;4.13065660000029;2;-20.0;22;Houborg et al. (2023);Experiment 2;Orientation;2;19;;;;;2;2
3;174;162;-12;2.09559679999984;2;30.0;23;Houborg et al. (2023);Experiment 2;Orientation;2;19;;;;;3;2
3;107;125;18;1.52859759999956;2;67.0;24;Houborg et al. (2023);Experiment 2;Orientation;2;19;;;;;4;2
3;160;158;-2;3.29656179999984;2;-53.0;25;Houborg et al. (2023);Experiment 2;Orientation;2;19;-53.0;14.0;44.0;24.0;5;2
3;84;68;-16;1.29511260000072;2;76.0;26;Houborg et al. (2023);Experiment 2;Orientation;2;19;76.0;23.0;90.0;-60.0;6;2
3;149;151;2;2.31269780000002;2;-65.0;27;Houborg et al. (2023);Experiment 2;Orientation;2;19;-65.0;11.0;-42.0;25.0;7;2
3;65;56;-9;1.1615055000002;2;84.0;28;Houborg et al. (2023);Experiment 2;Orientation;2;19;84.0;19.0;-85.0;42.0;8;2
3;105;155;50;8.26753049999934;2;-40.0;29;Houborg et al. (2023);Experiment 2;Orientation;2;19;-40.0;44.0;-21.0;55.0;9;2
3;129;132;3;0.978084899999885;2;-24.0;30;Houborg et al. (2023);Experiment 2;Orientation;2;19;-24.0;-64.0;20.0;-45.0;10;2
3;60;71;11;2.7963366999993;2;69.0;31;Houborg et al. (2023);Experiment 2;Orientation;2;19;69.0;45.0;5.0;89.0;11;2
3;152;145;-7;1.16145030000007;2;88.0;32;Houborg et al. (2023);Experiment 2;Orientation;2;19;88.0;-23.0;-47.0;-87.0;12;2
3;173;168;-5;2.67952530000002;2;-21.0;33;Houborg et al. (2023);Experiment 2;Orientation;2;19;-21.0;67.0;-44.0;-68.0;13;2
3;63;53;-10;2.49573569999848;2;-70.0;34;Houborg et al. (2023);Experiment 2;Orientation;2;19;-70.0;89.0;-3.0;66.0;14;2
3;69;67;-2;1.34505680000075;2;-6.0;35;Houborg et al. (2023);Experiment 2;Orientation;2;19;-6.0;-76.0;83.0;-9.0;15;2
3;124;133;9;1.67862289999903;2;-55.0;36;Houborg et al. (2023);Experiment 2;Orientation;2;19;-55.0;-61.0;49.0;28.0;16;2
3;41;41;0;2.37925089999953;2;83.0;37;Houborg et al. (2023);Experiment 2;Orientation;2;19;83.0;28.0;22.0;-48.0;17;2
3;31;45;14;1.37852349999957;2;10.0;38;Houborg et al. (2023);Experiment 2;Orientation;2;19;10.0;-87.0;38.0;32.0;18;2
3;170;157;-13;1.66204090000065;2;41.0;39;Houborg et al. (2023);Experiment 2;Orientation;2;19;41.0;51.0;-46.0;79.0;19;2
3;86;72;-14;1.14494560000094;2;84.0;40;Houborg et al. (2023);Experiment 2;Orientation;2;19;84.0;-55.0;-45.0;38.0;20;2
3;172;163;-9;1.92885129999922;3;-86.0;41;Houborg et al. (2023);Experiment 2;Orientation;2;19;;;;;1;3
3;59;58;-1;1.39502390000052;3;-67.0;42;Houborg et al. (2023);Experiment 2;Orientation;2;19;;;;;2;3
3;156;150;-6;1.29512160000013;3;83.0;43;Houborg et al. (2023);Experiment 2;Orientation;2;19;;;;;3;3
3;24;25;1;1.77878149999924;3;-48.0;44;Houborg et al. (2023);Experiment 2;Orientation;2;19;;;;;4;3
3;173;155;-18;3.74717989999954;3;31.0;45;Houborg et al. (2023);Experiment 2;Orientation;2;19;31.0;-17.0;66.0;-1.0;5;3
3;122;129;7;1.66218359999948;3;51.0;46;Houborg et al. (2023);Experiment 2;Orientation;2;19;51.0;82.0;34.0;-63.0;6;3
3;39;42;3;1.22830570000042;3;83.0;47;Houborg et al. (2023);Experiment 2;Orientation;2;19;83.0;-46.0;-15.0;-63.0;7;3
3;63;59;-4;2.37918929999978;3;-24.0;48;Houborg et al. (2023);Experiment 2;Orientation;2;19;-24.0;59.0;-70.0;-39.0;8;3
3;80;49;-31;1.21168439999929;3;-17.0;49;Houborg et al. (2023);Experiment 2;Orientation;2;19;-17.0;-41.0;42.0;-87.0;9;3
3;51;49;-2;1.47853489999943;3;29.0;50;Houborg et al. (2023);Experiment 2;Orientation;2;19;29.0;12.0;-12.0;71.0;10;3
3;54;53;-1;2.72973660000025;3;-3.0;51;Houborg et al. (2023);Experiment 2;Orientation;2;19;-3.0;26.0;9.0;-15.0;11;3
3;154;142;-12;4.83139269999992;3;80.0;52;Houborg et al. (2023);Experiment 2;Orientation;2;19;80.0;77.0;-74.0;89.0;12;3
3;87;74;-13;2.46276399999988;3;67.0;53;Houborg et al. (2023);Experiment 2;Orientation;2;19;67.0;-33.0;-36.0;-7.0;13;3
3;119;139;20;2.54609410000012;3;-32.0;54;Houborg et al. (2023);Experiment 2;Orientation;2;19;-32.0;35.0;-65.0;-68.0;14;3
3;123;117;-6;2.56273909999982;3;-4.0;55;Houborg et al. (2023);Experiment 2;Orientation;2;19;-4.0;-36.0;31.0;-69.0;15;3
3;73;56;-17;1.06142940000063;3;50.0;56;Houborg et al. (2023);Experiment 2;Orientation;2;19;50.0;46.0;14.0;81.0;16;3
3;35;48;13;1.36179390000143;3;38.0;57;Houborg et al. (2023);Experiment 2;Orientation;2;19;38.0;88.0;84.0;52.0;17;3
3;146;129;-17;1.17823669999962;3;69.0;58;Houborg et al. (2023);Experiment 2;Orientation;2;19;69.0;-73.0;-23.0;-27.0;18;3
3;145;147;2;1.01167799999894;3;1.0;59;Houborg et al. (2023);Experiment 2;Orientation;2;19;1.0;70.0;-72.0;-22.0;19;3
3;141;137;-4;1.6118860000006;3;4.0;60;Houborg et al. (2023);Experiment 2;Orientation;2;19;4.0;5.0;74.0;-68.0;20;3
3;67;74;7;1.76202159999957;4;74.0;61;Houborg et al. (2023);Experiment 2;Orientation;2;19;;;;;1;4
3;108;119;11;1.86226220000026;4;-41.0;62;Houborg et al. (2023);Experiment 2;Orientation;2;19;;;;;2;4
3;114;112;-2;8.83461279999938;4;-6.0;63;Houborg et al. (2023);Experiment 2;Orientation;2;19;;;;;3;4
3;100;115;15;1.56192699999883;4;14.0;64;Houborg et al. (2023);Experiment 2;Orientation;2;19;;;;;4;4
3;49;60;11;3.5635972;4;51.0;65;Houborg et al. (2023);Experiment 2;Orientation;2;19;51.0;65.0;59.0;18.0;5;4
3;2;16;14;1.49511710000115;4;47.0;66;Houborg et al. (2023);Experiment 2;Orientation;2;19;47.0;-82.0;-68.0;-74.0;6;4
3;11;23;12;2.12903800000095;4;-9.0;67;Houborg et al. (2023);Experiment 2;Orientation;2;19;-9.0;38.0;89.0;-77.0;7;4
3;125;128;3;1.31168669999897;4;66.0;68;Houborg et al. (2023);Experiment 2;Orientation;2;19;66.0;57.0;-76.0;-25.0;8;4
3;55;58;3;1.62875469999926;4;70.0;69;Houborg et al. (2023);Experiment 2;Orientation;2;19;70.0;-44.0;-53.0;-6.0;9;4
3;128;121;-7;2.07910810000067;4;-73.0;70;Houborg et al. (2023);Experiment 2;Orientation;2;19;-73.0;-3.0;63.0;54.0;10;4
3;55;52;-3;1.59537640000053;4;73.0;71;Houborg et al. (2023);Experiment 2;Orientation;2;19;73.0;0.0;70.0;-44.0;11;4
3;133;124;-9;2.91303139999945;4;-78.0;72;Houborg et al. (2023);Experiment 2;Orientation;2;19;-78.0;-5.0;-78.0;-8.0;12;4
3;103;110;7;1.22834580000017;4;30.0;73;Houborg et al. (2023);Experiment 2;Orientation;2;19;30.0;-48.0;25.0;-48.0;13;4
3;84;64;-20;2.09583969999949;4;19.0;74;Houborg et al. (2023);Experiment 2;Orientation;2;19;19.0;49.0;-29.0;44.0;14;4
3;105;117;12;1.82878669999991;4;-21.0;75;Houborg et al. (2023);Experiment 2;Orientation;2;19;-21.0;-2.0;28.0;-50.0;15;4
3;20;30;10;2.21247570000014;4;85.0;76;Houborg et al. (2023);Experiment 2;Orientation;2;19;85.0;64.0;83.0;-67.0;16;4
3;57;36;-21;1.59534709999934;4;-37.0;77;Houborg et al. (2023);Experiment 2;Orientation;2;19;-37.0;48.0;27.0;46.0;17;4
3;42;36;-6;1.2450170000011;4;15.0;78;Houborg et al. (2023);Experiment 2;Orientation;2;19;15.0;-22.0;63.0;42.0;18;4
3;122;137;15;2.19582129999981;4;-80.0;79;Houborg et al. (2023);Experiment 2;Orientation;2;19;-80.0;-65.0;78.0;-17.0;19;4
3;167;159;-8;2.24583700000039;4;-45.0;80;Houborg et al. (2023);Experiment 2;Orientation;2;19;-45.0;55.0;70.0;33.0;20;4
3;1;10;9;4.74782369999957;5;-14.0;81;Houborg et al. (2023);Experiment 2;Orientation;2;19;;;;;1;5
3;124;137;13;5.73103130000163;5;57.0;82;Houborg et al. (2023);Experiment 2;Orientation;2;19;;;;;2;5
3;61;58;-3;2.01222589999998;5;63.0;83;Houborg et al. (2023);Experiment 2;Orientation;2;19;;;;;3;5
3;143;140;-3;1.19499610000094;5;-82.0;84;Houborg et al. (2023);Experiment 2;Orientation;2;19;;;;;4;5
3;113;117;4;1.84565090000069;5;30.0;85;Houborg et al. (2023);Experiment 2;Orientation;2;19;30.0;-52.0;11.0;68.0;5;5
3;85;72;-13;1.26176359999954;5;28.0;86;Houborg et al. (2023);Experiment 2;Orientation;2;19;28.0;58.0;-24.0;39.0;6;5
3;98;121;23;1.46175089999997;5;-13.0;87;Houborg et al. (2023);Experiment 2;Orientation;2;19;-13.0;15.0;45.0;-37.0;7;5
3;178;166;-12;1.52861109999867;5;-80.0;88;Houborg et al. (2023);Experiment 2;Orientation;2;19;-80.0;87.0;-65.0;-35.0;8;5
3;87;70;-17;1.5789109999987;5;-89.0;89;Houborg et al. (2023);Experiment 2;Orientation;2;19;-89.0;11.0;-2.0;26.0;9;5
3;65;66;1;1.84560549999878;5;22.0;90;Houborg et al. (2023);Experiment 2;Orientation;2;19;22.0;-67.0;33.0;20.0;10;5
3;20;28;8;2.06231240000125;5;45.0;91;Houborg et al. (2023);Experiment 2;Orientation;2;19;45.0;67.0;-22.0;78.0;11;5
3;78;46;-32;6.08226040000045;5;-58.0;92;Houborg et al. (2023);Experiment 2;Orientation;2;19;-58.0;-13.0;9.0;-80.0;12;5
3;83;61;-22;2.01238059999923;5;-5.0;93;Houborg et al. (2023);Experiment 2;Orientation;2;19;-5.0;-63.0;-18.0;4.0;13;5
3;173;26;33;1.37830360000044;5;-90.0;94;Houborg et al. (2023);Experiment 2;Orientation;2;19;90.0;85.0;27.0;72.0;14;5
3;3;13;10;1.64544860000024;5;-10.0;95;Houborg et al. (2023);Experiment 2;Orientation;2;19;-10.0;80.0;75.0;17.0;15;5
3;47;29;-18;1.66209720000006;5;-44.0;96;Houborg et al. (2023);Experiment 2;Orientation;2;19;-44.0;-54.0;36.0;31.0;16;5
3;180;6;6;2.46263109999927;5;47.0;97;Houborg et al. (2023);Experiment 2;Orientation;2;19;47.0;3.0;-7.0;83.0;17;5
3;114;126;12;1.29514999999992;5;66.0;98;Houborg et al. (2023);Experiment 2;Orientation;2;19;66.0;-67.0;69.0;59.0;18;5
3;43;50;7;2.44594520000101;5;71.0;99;Houborg et al. (2023);Experiment 2;Orientation;2;19;71.0;-43.0;4.0;-40.0;19;5
3;65;61;-4;1.26152990000082;5;-22.0;100;Houborg et al. (2023);Experiment 2;Orientation;2;19;-22.0;49.0;-65.0;-18.0;20;5
3;112;122;10;1.59528000000137;6;-47.0;101;Houborg et al. (2023);Experiment 2;Orientation;2;19;;;;;1;6
3;2;169;-13;4.31407919999947;6;-70.0;102;Houborg et al. (2023);Experiment 2;Orientation;2;19;;;;;2;6
3;86;69;-17;1.12835019999875;6;-84.0;103;Houborg et al. (2023);Experiment 2;Orientation;2;19;;;;;3;6
3;175;156;-19;1.22836580000148;6;-89.0;104;Houborg et al. (2023);Experiment 2;Orientation;2;19;;;;;4;6
3;35;32;-3;2.37941870000031;6;-40.0;105;Houborg et al. (2023);Experiment 2;Orientation;2;19;-40.0;51.0;-33.0;77.0;5;6
3;81;71;-10;1.46192770000016;6;-46.0;106;Houborg et al. (2023);Experiment 2;Orientation;2;19;-46.0;-86.0;5.0;-79.0;6;6
3;169;159;-10;1.81217610000022;6;-88.0;107;Houborg et al. (2023);Experiment 2;Orientation;2;19;-88.0;46.0;6.0;-83.0;7;6
3;21;58;37;4.29744140000003;6;-32.0;108;Houborg et al. (2023);Experiment 2;Orientation;2;19;-32.0;60.0;14.0;-26.0;8;6
3;139;145;6;1.91223300000092;6;62.0;109;Houborg et al. (2023);Experiment 2;Orientation;2;19;62.0;30.0;-58.0;76.0;9;6
3;35;68;33;7.78383869999925;6;-76.0;110;Houborg et al. (2023);Experiment 2;Orientation;2;19;-76.0;-14.0;-46.0;46.0;10;6
3;125;125;0;1.06165549999969;6;-90.0;111;Houborg et al. (2023);Experiment 2;Orientation;2;19;90.0;14.0;76.0;44.0;11;6
3;41;36;-5;1.51203630000055;6;84.0;112;Houborg et al. (2023);Experiment 2;Orientation;2;19;84.0;-6.0;-82.0;-20.0;12;6
3;158;155;-3;1.21189380000033;6;63.0;113;Houborg et al. (2023);Experiment 2;Orientation;2;19;63.0;-33.0;57.0;-19.0;13;6
3;66;59;-7;2.1457104000001;6;-88.0;114;Houborg et al. (2023);Experiment 2;Orientation;2;19;-88.0;-25.0;59.0;-31.0;14;6
3;144;137;-7;1.8619548000006;6;-78.0;115;Houborg et al. (2023);Experiment 2;Orientation;2;19;-78.0;14.0;77.0;-19.0;15;6
3;83;61;-22;1.42832260000068;6;61.0;116;Houborg et al. (2023);Experiment 2;Orientation;2;19;61.0;-17.0;75.0;-42.0;16;6
3;169;165;-4;2.0457181999991;6;-86.0;117;Houborg et al. (2023);Experiment 2;Orientation;2;19;-86.0;-25.0;77.0;-11.0;17;6
3;143;153;10;5.98238780000065;6;26.0;118;Houborg et al. (2023);Experiment 2;Orientation;2;19;26.0;-60.0;1.0;-77.0;18;6
3;133;147;14;1.64531780000107;6;10.0;119;Houborg et al. (2023);Experiment 2;Orientation;2;19;10.0;36.0;-50.0;11.0;19;6
3;80;83;3;2.21248719999858;6;53.0;120;Houborg et al. (2023);Experiment 2;Orientation;2;19;53.0;63.0;89.0;3.0;20;6
3;84;112;28;2.71297760000016;7;-4.0;121;Houborg et al. (2023);Experiment 2;Orientation;2;19;;;;;1;7
3;99;103;4;1.49522389999947;7;-15.0;122;Houborg et al. (2023);Experiment 2;Orientation;2;19;;;;;2;7
3;18;42;24;1.17838170000141;7;81.0;123;Houborg et al. (2023);Experiment 2;Orientation;2;19;;;;;3;7
3;27;37;10;3.21312080000098;7;-9.0;124;Houborg et al. (2023);Experiment 2;Orientation;2;19;;;;;4;7
3;111;130;19;0.861252000000604;7;-84.0;125;Houborg et al. (2023);Experiment 2;Orientation;2;19;-84.0;87.0;-12.0;-27.0;5;7
3;145;146;1;1.29498700000113;7;-34.0;126;Houborg et al. (2023);Experiment 2;Orientation;2;19;-34.0;62.0;53.0;-46.0;6;7
3;122;141;19;1.06162260000019;7;23.0;127;Houborg et al. (2023);Experiment 2;Orientation;2;19;23.0;-11.0;85.0;76.0;7;7
3;172;158;-14;1.59523329999865;7;-50.0;128;Houborg et al. (2023);Experiment 2;Orientation;2;19;-50.0;-27.0;-61.0;35.0;8;7
3;105;119;14;1.59514959999979;7;67.0;129;Houborg et al. (2023);Experiment 2;Orientation;2;19;67.0;17.0;40.0;6.0;9;7
3;146;137;-9;1.27821159999985;7;-41.0;130;Houborg et al. (2023);Experiment 2;Orientation;2;19;-41.0;26.0;-24.0;-1.0;10;7
3;22;26;4;1.56189040000027;7;-56.0;131;Houborg et al. (2023);Experiment 2;Orientation;2;19;-56.0;83.0;-30.0;-80.0;11;7
3;153;124;-29;5.24836739999955;7;49.0;132;Houborg et al. (2023);Experiment 2;Orientation;2;19;49.0;-7.0;-48.0;19.0;12;7
3;16;19;3;1.34520340000017;7;-43.0;133;Houborg et al. (2023);Experiment 2;Orientation;2;19;-43.0;6.0;-50.0;89.0;13;7
3;108;120;12;2.31263249999938;7;88.0;134;Houborg et al. (2023);Experiment 2;Orientation;2;19;88.0;45.0;-86.0;38.0;14;7
3;147;137;-10;5.6154477;7;-39.0;135;Houborg et al. (2023);Experiment 2;Orientation;2;19;-39.0;49.0;6.0;55.0;15;7
3;31;41;10;2.89642350000031;7;-64.0;136;Houborg et al. (2023);Experiment 2;Orientation;2;19;-64.0;77.0;-15.0;-58.0;16;7
3;144;141;-3;3.54688329999954;7;67.0;137;Houborg et al. (2023);Experiment 2;Orientation;2;19;67.0;3.0;-36.0;52.0;17;7
3;76;63;-13;1.36170669999956;7;68.0;138;Houborg et al. (2023);Experiment 2;Orientation;2;19;68.0;-45.0;71.0;32.0;18;7
3;179;178;-1;5.18160439999883;7;77.0;139;Houborg et al. (2023);Experiment 2;Orientation;2;19;77.0;-35.0;32.0;-32.0;19;7
3;173;179;6;2.84636350000073;7;6.0;140;Houborg et al. (2023);Experiment 2;Orientation;2;19;6.0;83.0;-29.0;38.0;20;7
3;111;135;24;1.5452920000007;8;62.0;141;Houborg et al. (2023);Experiment 2;Orientation;2;19;;;;;1;8
3;141;126;-15;1.54527119999875;8;-30.0;142;Houborg et al. (2023);Experiment 2;Orientation;2;19;;;;;2;8
3;109;116;7;2.29592260000027;8;32.0;143;Houborg et al. (2023);Experiment 2;Orientation;2;19;;;;;3;8
3;13;25;12;1.49521959999947;8;-84.0;144;Houborg et al. (2023);Experiment 2;Orientation;2;19;;;;;4;8
3;167;151;-16;1.06139099999928;8;26.0;145;Houborg et al. (2023);Experiment 2;Orientation;2;19;26.0;-58.0;-26.0;-56.0;5;8
3;153;150;-3;2.96302329999889;8;14.0;146;Houborg et al. (2023);Experiment 2;Orientation;2;19;14.0;40.0;-44.0;-12.0;6;8
3;73;61;-12;1.54526839999926;8;80.0;147;Houborg et al. (2023);Experiment 2;Orientation;2;19;80.0;-86.0;-60.0;36.0;7;8
3;145;143;-2;1.67863789999865;8;-72.0;148;Houborg et al. (2023);Experiment 2;Orientation;2;19;-72.0;8.0;22.0;48.0;8;8
3;129;133;4;1.21159380000063;8;16.0;149;Houborg et al. (2023);Experiment 2;Orientation;2;19;16.0;-56.0;24.0;38.0;9;8
3;143;139;-4;3.44662959999914;8;-14.0;150;Houborg et al. (2023);Experiment 2;Orientation;2;19;-14.0;2.0;-70.0;10.0;10;8
3;60;56;-4;1.46207010000035;8;83.0;151;Houborg et al. (2023);Experiment 2;Orientation;2;19;83.0;69.0;85.0;13.0;11;8
3;37;37;0;2.71296400000028;8;23.0;152;Houborg et al. (2023);Experiment 2;Orientation;2;19;23.0;-74.0;-88.0;-72.0;12;8
3;35;36;1;2.82966020000094;8;2.0;153;Houborg et al. (2023);Experiment 2;Orientation;2;19;2.0;25.0;-72.0;-86.0;13;8
3;155;156;1;2.36263760000111;8;60.0;154;Houborg et al. (2023);Experiment 2;Orientation;2;19;60.0;62.0;85.0;-12.0;14;8
3;120;128;8;1.84533009999905;8;35.0;155;Houborg et al. (2023);Experiment 2;Orientation;2;19;35.0;-85.0;-83.0;-60.0;15;8
3;17;27;10;1.9790322000008;8;-77.0;156;Houborg et al. (2023);Experiment 2;Orientation;2;19;-77.0;-42.0;18.0;20.0;16;8
3;10;12;2;2.44598060000135;8;7.0;157;Houborg et al. (2023);Experiment 2;Orientation;2;19;7.0;-70.0;-35.0;25.0;17;8
3;31;30;-1;2.17897719999928;8;-21.0;158;Houborg et al. (2023);Experiment 2;Orientation;2;19;-21.0;-14.0;89.0;-56.0;18;8
3;72;47;-25;3.43023950000133;8;-41.0;159;Houborg et al. (2023);Experiment 2;Orientation;2;19;-41.0;-62.0;-55.0;48.0;19;8
3;132;127;-5;2.52935470000011;8;-60.0;160;Houborg et al. (2023);Experiment 2;Orientation;2;19;-60.0;79.0;58.0;65.0;20;8
3;92;96;4;2.42941270000119;9;40.0;161;Houborg et al. (2023);Experiment 2;Orientation;2;19;;;;;1;9
3;64;59;-5;4.76463039999908;9;28.0;162;Houborg et al. (2023);Experiment 2;Orientation;2;19;;;;;2;9
3;64;54;-10;1.61202159999993;9;0.0;163;Houborg et al. (2023);Experiment 2;Orientation;2;19;;;;;3;9
3;55;40;-15;1.97890589999952;9;9.0;164;Houborg et al. (2023);Experiment 2;Orientation;2;19;;;;;4;9
3;114;130;16;1.31177919999936;9;-59.0;165;Houborg et al. (2023);Experiment 2;Orientation;2;19;-59.0;-50.0;-50.0;-22.0;5;9
3;52;56;4;1.64518469999894;9;62.0;166;Houborg et al. (2023);Experiment 2;Orientation;2;19;62.0;3.0;12.0;12.0;6;9
3;59;51;-8;1.89560469999924;9;-7.0;167;Houborg et al. (2023);Experiment 2;Orientation;2;19;-7.0;55.0;-4.0;5.0;7;9
3;13;19;6;3.68043709999984;9;46.0;168;Houborg et al. (2023);Experiment 2;Orientation;2;19;46.0;39.0;-79.0;42.0;8;9
3;57;55;-2;1.34509330000037;9;-44.0;169;Houborg et al. (2023);Experiment 2;Orientation;2;19;-44.0;2.0;-5.0;57.0;9;9
3;118;125;7;15.0062734000003;9;-61.0;170;Houborg et al. (2023);Experiment 2;Orientation;2;19;-61.0;75.0;-59.0;-66.0;10;9
3;21;29;8;2.0789732000012;9;-83.0;171;Houborg et al. (2023);Experiment 2;Orientation;2;19;-83.0;36.0;-8.0;38.0;11;9
3;22;21;-1;1.82888329999878;9;-1.0;172;Houborg et al. (2023);Experiment 2;Orientation;2;19;-1.0;-84.0;35.0;-9.0;12;9
3;28;32;4;1.52870379999877;9;-6.0;173;Houborg et al. (2023);Experiment 2;Orientation;2;19;-6.0;-7.0;90.0;29.0;13;9
3;176;169;-7;2.44599579999885;9;32.0;174;Houborg et al. (2023);Experiment 2;Orientation;2;19;32.0;26.0;25.0;-58.0;14;9
3;140;147;7;2.06229110000095;9;36.0;175;Houborg et al. (2023);Experiment 2;Orientation;2;19;36.0;68.0;62.0;61.0;15;9
3;170;163;-7;1.32846950000021;9;-30.0;176;Houborg et al. (2023);Experiment 2;Orientation;2;19;-30.0;6.0;38.0;32.0;16;9
3;155;149;-6;2.84620339999856;9;15.0;177;Houborg et al. (2023);Experiment 2;Orientation;2;19;15.0;-15.0;21.0;53.0;17;9
3;28;49;21;1.42840389999947;9;-53.0;178;Houborg et al. (2023);Experiment 2;Orientation;2;19;-53.0;-38.0;-68.0;-32.0;18;9
3;62;63;1;3.41357179999977;9;-34.0;179;Houborg et al. (2023);Experiment 2;Orientation;2;19;-34.0;-87.0;-72.0;78.0;19;9
3;53;55;2;3.53018460000021;9;9.0;180;Houborg et al. (2023);Experiment 2;Orientation;2;19;9.0;-25.0;-78.0;-63.0;20;9
3;167;160;-7;1.51195239999834;10;66.0;181;Houborg et al. (2023);Experiment 2;Orientation;2;19;;;;;1;10
3;43;48;5;2.34601180000027;10;-56.0;182;Houborg et al. (2023);Experiment 2;Orientation;2;19;;;;;2;10
3;131;137;6;1.56206919999931;10;-88.0;183;Houborg et al. (2023);Experiment 2;Orientation;2;19;;;;;3;10
3;89;64;-25;1.94563910000034;10;42.0;184;Houborg et al. (2023);Experiment 2;Orientation;2;19;;;;;4;10
3;123;125;2;2.02896829999918;10;-34.0;185;Houborg et al. (2023);Experiment 2;Orientation;2;19;-34.0;8.0;-80.0;44.0;5;10
3;116;108;-8;4.33078899999964;10;7.0;186;Houborg et al. (2023);Experiment 2;Orientation;2;19;7.0;-27.0;15.0;-73.0;6;10
3;150;141;-9;1.39511809999931;10;-34.0;187;Houborg et al. (2023);Experiment 2;Orientation;2;19;-34.0;-27.0;-61.0;-19.0;7;10
3;9;34;25;2.81287180000072;10;-39.0;188;Houborg et al. (2023);Experiment 2;Orientation;2;19;-39.0;-73.0;-66.0;80.0;8;10
3;88;148;60;4.8485927999991;10;-79.0;189;Houborg et al. (2023);Experiment 2;Orientation;2;19;-79.0;62.0;28.0;35.0;9;10
3;162;156;-6;0.861294800000906;10;-74.0;190;Houborg et al. (2023);Experiment 2;Orientation;2;19;-74.0;27.0;-12.0;-46.0;10;10
3;82;58;-24;2.16261370000029;10;80.0;191;Houborg et al. (2023);Experiment 2;Orientation;2;19;80.0;6.0;-73.0;68.0;11;10
3;58;51;-7;1.91219660000024;10;24.0;192;Houborg et al. (2023);Experiment 2;Orientation;2;19;24.0;-76.0;30.0;-49.0;12;10
3;62;59;-3;1.67877480000061;10;-4.0;193;Houborg et al. (2023);Experiment 2;Orientation;2;19;-4.0;20.0;-80.0;26.0;13;10
3;152;143;-9;1.27826730000015;10;-90.0;194;Houborg et al. (2023);Experiment 2;Orientation;2;19;90.0;86.0;-70.0;10.0;14;10
3;126;122;-4;2.61281500000041;10;26.0;195;Houborg et al. (2023);Experiment 2;Orientation;2;19;26.0;-64.0;-68.0;-44.0;15;10
3;155;144;-11;1.51196359999994;10;-29.0;196;Houborg et al. (2023);Experiment 2;Orientation;2;19;-29.0;-3.0;87.0;83.0;16;10
3;147;20;53;8.90120189999834;10;8.0;197;Houborg et al. (2023);Experiment 2;Orientation;2;19;8.0;-21.0;5.0;-85.0;17;10
3;81;63;-18;1.5287515;10;66.0;198;Houborg et al. (2023);Experiment 2;Orientation;2;19;66.0;74.0;45.0;71.0;18;10
3;3;18;15;1.47840460000043;10;78.0;199;Houborg et al. (2023);Experiment 2;Orientation;2;19;78.0;-36.0;-28.0;-57.0;19;10
3;133;143;10;2.09576400000151;10;50.0;200;Houborg et al. (2023);Experiment 2;Orientation;2;19;50.0;-52.0;14.0;22.0;20;10
5;56;42;-14;1.26105449999886;1;;1;Houborg et al. (2023);Experiment 2;Orientation;2;19;;;;;1;1
5;117;133;16;0.661197700001139;1;-61.0;2;Houborg et al. (2023);Experiment 2;Orientation;2;19;;;;;2;1
5;174;179;5;1.495171999999;1;-57.0;3;Houborg et al. (2023);Experiment 2;Orientation;2;19;;;;;3;1
5;169;175;6;4.59784500000023;1;5.0;4;Houborg et al. (2023);Experiment 2;Orientation;2;19;;;;;4;1
5;81;69;-12;1.34473020000041;1;88.0;5;Houborg et al. (2023);Experiment 2;Orientation;2;19;88.0;-87.0;36.0;-25.0;5;1
5;97;103;6;1.54532130000007;1;-16.0;6;Houborg et al. (2023);Experiment 2;Orientation;2;19;-16.0;72.0;77.0;20.0;6;1
5;116;104;-12;1.31182540000009;1;-19.0;7;Houborg et al. (2023);Experiment 2;Orientation;2;19;-19.0;-35.0;53.0;58.0;7;1
5;7;168;-19;2.12975829999959;1;-71.0;8;Houborg et al. (2023);Experiment 2;Orientation;2;19;-71.0;90.0;74.0;-18.0;8;1
5;22;106;84;1.27849310000056;1;-15.0;9;Houborg et al. (2023);Experiment 2;Orientation;2;19;-15.0;-86.0;75.0;59.0;9;1
5;13;11;-2;1.67857089999961;1;9.0;10;Houborg et al. (2023);Experiment 2;Orientation;2;19;9.0;-6.0;-77.0;84.0;10;1
5;2;1;-1;1.72871909999958;1;11.0;11;Houborg et al. (2023);Experiment 2;Orientation;2;19;11.0;20.0;5.0;-66.0;11;1
5;11;11;0;1.26175929999954;1;-9.0;12;Houborg et al. (2023);Experiment 2;Orientation;2;19;-9.0;2.0;11.0;-4.0;12;1
5;107;102;-5;1.74536170000101;1;84.0;13;Houborg et al. (2023);Experiment 2;Orientation;2;19;84.0;75.0;86.0;-85.0;13;1
5;83;86;3;1.56208999999944;1;24.0;14;Houborg et al. (2023);Experiment 2;Orientation;2;19;24.0;-72.0;-81.0;-70.0;14;1
5;51;65;14;1.22838890000094;1;32.0;15;Houborg et al. (2023);Experiment 2;Orientation;2;19;32.0;56.0;-40.0;-49.0;15;1
5;150;145;-5;0.944809199998417;1;81.0;16;Houborg et al. (2023);Experiment 2;Orientation;2;19;81.0;-67.0;-43.0;41.0;16;1
5;67;73;6;1.61205729999892;1;83.0;17;Houborg et al. (2023);Experiment 2;Orientation;2;19;83.0;-16.0;16.0;40.0;17;1
5;172;178;6;1.67852820000007;1;75.0;18;Houborg et al. (2023);Experiment 2;Orientation;2;19;75.0;-22.0;59.0;-89.0;18;1
5;141;142;1;2.01212789999954;1;31.0;19;Houborg et al. (2023);Experiment 2;Orientation;2;19;31.0;-74.0;9.0;90.0;19;1
5;171;11;20;4.04734300000018;1;-30.0;20;Houborg et al. (2023);Experiment 2;Orientation;2;19;-30.0;1.0;76.0;-21.0;20;1
5;34;96;62;1.67868550000094;2;-43.0;21;Houborg et al. (2023);Experiment 2;Orientation;2;19;;;;;1;2
5;5;179;-6;0.911429600000702;2;29.0;22;Houborg et al. (2023);Experiment 2;Orientation;2;19;;;;;2;2
5;82;83;1;2.26245670000026;2;-77.0;23;Houborg et al. (2023);Experiment 2;Orientation;2;19;;;;;3;2
5;52;81;29;1.46185429999969;2;30.0;24;Houborg et al. (2023);Experiment 2;Orientation;2;19;;;;;4;2
5;170;178;8;6.69955970000046;2;62.0;25;Houborg et al. (2023);Experiment 2;Orientation;2;19;62.0;-88.0;15.0;44.0;5;2
5;130;147;17;1.62864760000048;2;40.0;26;Houborg et al. (2023);Experiment 2;Orientation;2;19;40.0;-78.0;-48.0;55.0;6;2
5;5;0;-5;1.42856349999965;2;-55.0;27;Houborg et al. (2023);Experiment 2;Orientation;2;19;-55.0;-15.0;47.0;77.0;7;2
5;123;116;-7;1.42848810000032;2;62.0;28;Houborg et al. (2023);Experiment 2;Orientation;2;19;62.0;7.0;47.0;-71.0;8;2
5;156;166;10;1.59541129999889;2;-33.0;29;Houborg et al. (2023);Experiment 2;Orientation;2;19;-33.0;29.0;-26.0;14.0;9;2
5;85;81;-4;1.8120629999994;2;71.0;30;Houborg et al. (2023);Experiment 2;Orientation;2;19;71.0;38.0;-80.0;45.0;10;2
5;173;170;-3;0.894823099999485;2;-88.0;31;Houborg et al. (2023);Experiment 2;Orientation;2;19;-88.0;-17.0;-50.0;12.0;11;2
5;27;34;7;1.06135450000147;2;-34.0;32;Houborg et al. (2023);Experiment 2;Orientation;2;19;-34.0;58.0;-51.0;-84.0;12;2
5;28;174;-34;1.64540429999943;2;-1.0;33;Houborg et al. (2023);Experiment 2;Orientation;2;19;-1.0;-35.0;57.0;-52.0;13;2
5;70;77;7;1.82881520000046;2;-42.0;34;Houborg et al. (2023);Experiment 2;Orientation;2;19;-42.0;-43.0;-77.0;15.0;14;2
5;54;43;-11;1.96233319999919;2;16.0;35;Houborg et al. (2023);Experiment 2;Orientation;2;19;16.0;-26.0;-27.0;-61.0;15;2
5;85;88;3;1.76233219999995;2;-31.0;36;Houborg et al. (2023);Experiment 2;Orientation;2;19;-31.0;-15.0;-57.0;-58.0;16;2
5;86;91;5;1.6786706999992;2;-1.0;37;Houborg et al. (2023);Experiment 2;Orientation;2;19;-1.0;-32.0;-16.0;-58.0;17;2
5;100;99;-1;1.36199329999909;2;-14.0;38;Houborg et al. (2023);Experiment 2;Orientation;2;19;-14.0;-15.0;-46.0;-30.0;18;2
5;83;79;-4;1.44521480000003;2;17.0;39;Houborg et al. (2023);Experiment 2;Orientation;2;19;17.0;3.0;2.0;-29.0;19;2
5;35;52;17;1.34576190000007;2;48.0;40;Houborg et al. (2023);Experiment 2;Orientation;2;19;48.0;65.0;51.0;50.0;20;2
5;55;43;-12;3.06331300000056;3;-20.0;41;Houborg et al. (2023);Experiment 2;Orientation;2;19;;;;;1;3
5;76;74;-2;1.6121146000005;3;-21.0;42;Houborg et al. (2023);Experiment 2;Orientation;2;19;;;;;2;3
5;160;161;1;0.694415500000105;3;-84.0;43;Houborg et al. (2023);Experiment 2;Orientation;2;19;;;;;3;3
5;118;131;13;0.727656000000934;3;42.0;44;Houborg et al. (2023);Experiment 2;Orientation;2;19;;;;;4;3
5;146;162;16;1.44515659999888;3;-28.0;45;Houborg et al. (2023);Experiment 2;Orientation;2;19;-28.0;14.0;-70.0;89.0;5;3
5;23;15;-8;1.11174120000032;3;-57.0;46;Houborg et al. (2023);Experiment 2;Orientation;2;19;-57.0;-85.0;-43.0;53.0;6;3
5;138;137;-1;1.11158410000098;3;65.0;47;Houborg et al. (2023);Experiment 2;Orientation;2;19;65.0;8.0;-20.0;22.0;7;3
5;127;127;0;1.74575969999933;3;11.0;48;Houborg et al. (2023);Experiment 2;Orientation;2;19;11.0;76.0;19.0;-9.0;8;3
5;167;81;-86;1.36182499999995;3;-40.0;49;Houborg et al. (2023);Experiment 2;Orientation;2;19;-40.0;-29.0;36.0;-21.0;9;3
5;75;87;12;1.26173240000026;3;-88.0;50;Houborg et al. (2023);Experiment 2;Orientation;2;19;-88.0;52.0;63.0;-52.0;10;3
5;155;161;6;1.42860680000013;3;-80.0;51;Houborg et al. (2023);Experiment 2;Orientation;2;19;-80.0;12.0;-28.0;-17.0;11;3
5;23;6;-17;1.8125799999998;3;-48.0;52;Houborg et al. (2023);Experiment 2;Orientation;2;19;-48.0;52.0;-36.0;-76.0;12;3
5;123;131;8;1.21159049999915;3;80.0;53;Houborg et al. (2023);Experiment 2;Orientation;2;19;80.0;32.0;-48.0;44.0;13;3
5;167;1;14;2.71300960000008;3;-44.0;54;Houborg et al. (2023);Experiment 2;Orientation;2;19;-44.0;36.0;-12.0;88.0;14;3
5;175;163;-12;1.24546779999946;3;-8.0;55;Houborg et al. (2023);Experiment 2;Orientation;2;19;-8.0;-52.0;28.0;-20.0;15;3
5;134;121;-13;1.39506000000074;3;41.0;56;Houborg et al. (2023);Experiment 2;Orientation;2;19;41.0;33.0;-11.0;69.0;16;3
5;136;133;-3;1.97917649999908;3;-2.0;57;Houborg et al. (2023);Experiment 2;Orientation;2;19;-2.0;39.0;31.0;-13.0;17;3
5;49;60;11;1.49525119999998;3;87.0;58;Houborg et al. (2023);Experiment 2;Orientation;2;19;87.0;85.0;-54.0;-62.0;18;3
5;47;51;4;1.21176980000018;3;2.0;59;Houborg et al. (2023);Experiment 2;Orientation;2;19;2.0;89.0;87.0;-52.0;19;3
5;104;101;-3;2.12891120000131;3;-57.0;60;Houborg et al. (2023);Experiment 2;Orientation;2;19;-57.0;-55.0;32.0;30.0;20;3
5;146;137;-9;1.06134229999952;4;-42.0;61;Houborg et al. (2023);Experiment 2;Orientation;2;19;;;;;1;4
5;44;56;12;1.71209180000005;4;-78.0;62;Houborg et al. (2023);Experiment 2;Orientation;2;19;;;;;2;4
5;62;95;33;1.97904999999992;4;-18.0;63;Houborg et al. (2023);Experiment 2;Orientation;2;19;;;;;3;4
5;158;164;6;2.17888900000071;4;84.0;64;Houborg et al. (2023);Experiment 2;Orientation;2;19;;;;;4;4
5;75;99;24;1.12841870000011;4;83.0;65;Houborg et al. (2023);Experiment 2;Orientation;2;19;83.0;-13.0;-31.0;71.0;5;4
5;108;99;-9;2.27927630000158;4;-33.0;66;Houborg et al. (2023);Experiment 2;Orientation;2;19;-33.0;50.0;-46.0;-64.0;6;4
5;110;110;0;1.3617376000002;4;-2.0;67;Houborg et al. (2023);Experiment 2;Orientation;2;19;-2.0;-35.0;48.0;-48.0;7;4
5;141;115;-26;0.944757100000061;4;-31.0;68;Houborg et al. (2023);Experiment 2;Orientation;2;19;-31.0;-33.0;-66.0;17.0;8;4
5;67;77;10;0.878193000000465;4;74.0;69;Houborg et al. (2023);Experiment 2;Orientation;2;19;74.0;43.0;41.0;8.0;9;4
5;104;104;0;1.02879399999983;4;-37.0;70;Houborg et al. (2023);Experiment 2;Orientation;2;19;-37.0;37.0;6.0;4.0;10;4
5;139;120;-19;1.21151680000003;4;-35.0;71;Houborg et al. (2023);Experiment 2;Orientation;2;19;-35.0;-72.0;2.0;-29.0;11;4
5;53;75;22;1.79555690000052;4;86.0;72;Houborg et al. (2023);Experiment 2;Orientation;2;19;86.0;51.0;14.0;88.0;12;4
5;41;30;-11;1.66196420000051;4;12.0;73;Houborg et al. (2023);Experiment 2;Orientation;2;19;12.0;-82.0;63.0;26.0;13;4
5;107;138;31;0.911826100000326;4;-66.0;74;Houborg et al. (2023);Experiment 2;Orientation;2;19;-66.0;-54.0;32.0;-3.0;14;4
5;56;66;10;1.21141510000052;4;51.0;75;Houborg et al. (2023);Experiment 2;Orientation;2;19;51.0;-15.0;-3.0;83.0;15;4
5;53;58;5;1.24500470000021;4;3.0;76;Houborg et al. (2023);Experiment 2;Orientation;2;19;3.0;54.0;-12.0;0.0;16;4
5;34;28;-6;0.961462600000232;4;19.0;77;Houborg et al. (2023);Experiment 2;Orientation;2;19;19.0;22.0;73.0;7.0;17;4
5;38;33;-5;1.0614800000003;4;-4.0;78;Houborg et al. (2023);Experiment 2;Orientation;2;19;-4.0;15.0;18.0;69.0;18;4
5;85;108;23;1.26160359999994;4;-47.0;79;Houborg et al. (2023);Experiment 2;Orientation;2;19;-47.0;-51.0;-32.0;-29.0;19;4
5;113;117;4;0.727890300000581;4;-28.0;80;Houborg et al. (2023);Experiment 2;Orientation;2;19;-28.0;-75.0;-79.0;-60.0;20;4
5;108;100;-8;0.877775299999485;5;5.0;81;Houborg et al. (2023);Experiment 2;Orientation;2;19;;;;;1;5
5;39;42;3;1.34508019999885;5;69.0;82;Houborg et al. (2023);Experiment 2;Orientation;2;19;;;;;2;5
5;40;72;32;0.944889100001092;5;-1.0;83;Houborg et al. (2023);Experiment 2;Orientation;2;19;;;;;3;5
5;110;100;-10;0.828030000000581;5;-70.0;84;Houborg et al. (2023);Experiment 2;Orientation;2;19;;;;;4;5
5;29;90;61;1.21168430000034;5;81.0;85;Houborg et al. (2023);Experiment 2;Orientation;2;19;81.0;11.0;10.0;79.0;5;5
5;5;106;-79;1.07832039999994;5;24.0;86;Houborg et al. (2023);Experiment 2;Orientation;2;19;24.0;-75.0;35.0;34.0;6;5
5;72;79;7;0.91156140000021;5;-67.0;87;Houborg et al. (2023);Experiment 2;Orientation;2;19;-67.0;-43.0;38.0;-32.0;7;5
5;45;80;35;1.34520469999916;5;27.0;88;Houborg et al. (2023);Experiment 2;Orientation;2;19;27.0;-40.0;-16.0;65.0;8;5
5;51;71;20;1.76212680000026;5;-6.0;89;Houborg et al. (2023);Experiment 2;Orientation;2;19;-6.0;21.0;-46.0;-22.0;9;5
5;144;139;-5;1.59536949999892;5;87.0;90;Houborg et al. (2023);Experiment 2;Orientation;2;19;87.0;81.0;-72.0;41.0;10;5
5;34;45;11;1.17832330000056;5;-70.0;91;Houborg et al. (2023);Experiment 2;Orientation;2;19;-70.0;17.0;11.0;38.0;11;5
5;84;94;10;0.994769599999927;5;-50.0;92;Houborg et al. (2023);Experiment 2;Orientation;2;19;-50.0;60.0;-33.0;-39.0;12;5
5;94;107;13;0.561156499999925;5;-10.0;93;Houborg et al. (2023);Experiment 2;Orientation;2;19;-10.0;-60.0;50.0;-43.0;13;5
5;103;112;9;1.54530259999956;5;-9.0;94;Houborg et al. (2023);Experiment 2;Orientation;2;19;-9.0;-19.0;-69.0;41.0;14;5
5;33;41;8;0.844713800001045;5;70.0;95;Houborg et al. (2023);Experiment 2;Orientation;2;19;70.0;61.0;51.0;1.0;15;5
5;24;30;6;0.978111500000523;5;9.0;96;Houborg et al. (2023);Experiment 2;Orientation;2;19;9.0;79.0;70.0;60.0;16;5
5;75;86;11;1.36192239999946;5;-51.0;97;Houborg et al. (2023);Experiment 2;Orientation;2;19;-51.0;-42.0;28.0;19.0;17;5
5;146;77;-69;1.11158219999925;5;-71.0;98;Houborg et al. (2023);Experiment 2;Orientation;2;19;-71.0;58.0;67.0;-43.0;18;5
5;53;71;18;1.29498760000024;5;-87.0;99;Houborg et al. (2023);Experiment 2;Orientation;2;19;-87.0;22.0;-29.0;-20.0;19;5
5;58;61;3;1.17832730000009;5;-5.0;100;Houborg et al. (2023);Experiment 2;Orientation;2;19;-5.0;88.0;17.0;-34.0;20;5
5;133;120;-13;1.12839489999897;6;-75.0;101;Houborg et al. (2023);Experiment 2;Orientation;2;19;;;;;1;6
5;103;114;11;1.19507499999963;6;30.0;102;Houborg et al. (2023);Experiment 2;Orientation;2;19;;;;;2;6
5;50;60;10;1.17817039999863;6;53.0;103;Houborg et al. (2023);Experiment 2;Orientation;2;19;;;;;3;6
5;136;135;-1;0.944742499999847;6;-86.0;104;Houborg et al. (2023);Experiment 2;Orientation;2;19;;;;;4;6
5;87;82;-5;1.21178879999934;6;49.0;105;Houborg et al. (2023);Experiment 2;Orientation;2;19;49.0;-37.0;16.0;46.0;5;6
5;106;118;12;0.944750399999975;6;-19.0;106;Houborg et al. (2023);Experiment 2;Orientation;2;19;-19.0;30.0;-56.0;-3.0;6;6
5;119;115;-4;1.09494089999862;6;-13.0;107;Houborg et al. (2023);Experiment 2;Orientation;2;19;-13.0;-32.0;17.0;-69.0;7;6
5;143;159;16;1.14495920000081;6;-24.0;108;Houborg et al. (2023);Experiment 2;Orientation;2;19;-24.0;-37.0;-56.0;-7.0;8;6
5;110;110;0;1.24515740000061;6;33.0;109;Houborg et al. (2023);Experiment 2;Orientation;2;19;33.0;9.0;-4.0;-23.0;9;6
5;56;59;3;1.06150490000073;6;54.0;110;Houborg et al. (2023);Experiment 2;Orientation;2;19;54.0;87.0;63.0;50.0;10;6
5;125;136;11;1.24509340000077;6;-69.0;111;Houborg et al. (2023);Experiment 2;Orientation;2;19;-69.0;-15.0;18.0;-6.0;11;6
5;49;77;28;0.828034699999989;6;76.0;112;Houborg et al. (2023);Experiment 2;Orientation;2;19;76.0;7.0;61.0;-86.0;12;6
5;20;21;1;1.27829410000049;6;29.0;113;Houborg et al. (2023);Experiment 2;Orientation;2;19;29.0;-75.0;36.0;90.0;13;6
5;146;129;-17;1.06152830000065;6;54.0;114;Houborg et al. (2023);Experiment 2;Orientation;2;19;54.0;83.0;-21.0;90.0;14;6
5;162;168;6;3.37995969999974;6;-16.0;115;Houborg et al. (2023);Experiment 2;Orientation;2;19;-16.0;38.0;67.0;-37.0;15;6
5;103;101;-2;0.928001799999038;6;59.0;116;Houborg et al. (2023);Experiment 2;Orientation;2;19;59.0;43.0;-83.0;-54.0;16;6
5;144;138;-6;1.34517810000034;6;-41.0;117;Houborg et al. (2023);Experiment 2;Orientation;2;19;-41.0;18.0;2.0;56.0;17;6
5;39;108;69;0.878208099999028;6;-75.0;118;Houborg et al. (2023);Experiment 2;Orientation;2;19;-75.0;64.0;-57.0;-73.0;18;6
5;84;81;-3;1.24493489999986;6;-45.0;119;Houborg et al. (2023);Experiment 2;Orientation;2;19;-45.0;60.0;19.0;78.0;19;6
5;113;109;-4;0.611190199999328;6;-29.0;120;Houborg et al. (2023);Experiment 2;Orientation;2;19;-29.0;-74.0;31.0;-10.0;20;6
5;119;118;-1;0.878147100000206;7;-6.0;121;Houborg et al. (2023);Experiment 2;Orientation;2;19;;;;;1;7
5;18;17;-1;1.17840140000044;7;-79.0;122;Houborg et al. (2023);Experiment 2;Orientation;2;19;;;;;2;7
5;45;38;-7;0.87793690000035;7;-27.0;123;Houborg et al. (2023);Experiment 2;Orientation;2;19;;;;;3;7
5;178;10;12;0.611229500000263;7;47.0;124;Houborg et al. (2023);Experiment 2;Orientation;2;19;;;;;4;7
5;22;37;15;0.911362700000609;7;-24.0;125;Houborg et al. (2023);Experiment 2;Orientation;2;19;-24.0;23.0;-4.0;-83.0;5;7
5;106;84;-22;2.54618630000004;7;-84.0;126;Houborg et al. (2023);Experiment 2;Orientation;2;19;-84.0;72.0;-61.0;-88.0;6;7
5;125;115;-10;5.29840280000099;7;-19.0;127;Houborg et al. (2023);Experiment 2;Orientation;2;19;-19.0;77.0;53.0;-80.0;7;7
5;53;51;-2;2.36271259999921;7;72.0;128;Houborg et al. (2023);Experiment 2;Orientation;2;19;72.0;53.0;-31.0;-55.0;8;7
5;54;49;-5;1.06152740000107;7;-1.0;129;Houborg et al. (2023);Experiment 2;Orientation;2;19;-1.0;71.0;52.0;-32.0;9;7
5;166;176;10;0.577831200000219;7;68.0;130;Houborg et al. (2023);Experiment 2;Orientation;2;19;68.0;67.0;-41.0;-60.0;10;7
5;49;78;29;0.961632900000041;7;-63.0;131;Houborg et al. (2023);Experiment 2;Orientation;2;19;-63.0;5.0;4.0;76.0;11;7
5;27;41;14;1.39516949999961;7;22.0;132;Houborg et al. (2023);Experiment 2;Orientation;2;19;22.0;-41.0;27.0;26.0;12;7
5;156;172;16;1.04461869999977;7;51.0;133;Houborg et al. (2023);Experiment 2;Orientation;2;19;51.0;73.0;10.0;78.0;13;7
5;61;70;9;0.527789000001576;7;-85.0;134;Houborg et al. (2023);Experiment 2;Orientation;2;19;-85.0;-34.0;-12.0;-75.0;14;7
5;102;101;-1;0.627900199999203;7;-41.0;135;Houborg et al. (2023);Experiment 2;Orientation;2;19;-41.0;54.0;-75.0;-53.0;15;7
5;127;117;-10;1.4786036000005;7;-25.0;136;Houborg et al. (2023);Experiment 2;Orientation;2;19;-25.0;-66.0;29.0;80.0;16;7
5;73;68;-5;1.04486079999879;7;54.0;137;Houborg et al. (2023);Experiment 2;Orientation;2;19;54.0;29.0;-12.0;83.0;17;7
5;39;56;17;0.828028300000369;7;34.0;138;Houborg et al. (2023);Experiment 2;Orientation;2;19;34.0;88.0;63.0;22.0;18;7
5;163;164;1;1.44516570000087;7;56.0;139;Houborg et al. (2023);Experiment 2;Orientation;2;19;56.0;90.0;-36.0;-61.0;19;7
5;25;36;11;0.894737900000109;7;-42.0;140;Houborg et al. (2023);Experiment 2;Orientation;2;19;-42.0;14.0;48.0;-78.0;20;7
5;65;77;12;0.827941199999259;8;-40.0;141;Houborg et al. (2023);Experiment 2;Orientation;2;19;;;;;1;8
5;51;68;17;1.46190369999931;8;14.0;142;Houborg et al. (2023);Experiment 2;Orientation;2;19;;;;;2;8
5;147;160;13;0.79474669999945;8;84.0;143;Houborg et al. (2023);Experiment 2;Orientation;2;19;;;;;3;8
5;43;55;12;0.994881799999348;8;-76.0;144;Houborg et al. (2023);Experiment 2;Orientation;2;19;;;;;4;8
5;98;92;-6;1.14501279999968;8;-55.0;145;Houborg et al. (2023);Experiment 2;Orientation;2;19;-55.0;49.0;-47.0;-33.0;5;8
5;127;120;-7;0.827865299999758;8;-29.0;146;Houborg et al. (2023);Experiment 2;Orientation;2;19;-29.0;-84.0;20.0;-76.0;6;8
5;148;142;-6;1.17839140000069;8;-21.0;147;Houborg et al. (2023);Experiment 2;Orientation;2;19;-21.0;-50.0;75.0;-1.0;7;8
5;81;103;22;1.01174030000038;8;67.0;148;Houborg et al. (2023);Experiment 2;Orientation;2;19;67.0;46.0;17.0;-38.0;8;8
5;143;165;22;1.2784214000003;8;-62.0;149;Houborg et al. (2023);Experiment 2;Orientation;2;19;-62.0;5.0;-16.0;-45.0;9;8
5;150;170;20;1.66192279999996;8;-7.0;150;Houborg et al. (2023);Experiment 2;Orientation;2;19;-7.0;-69.0;-2.0;-23.0;10;8
5;171;25;34;0.878183100001479;8;-21.0;151;Houborg et al. (2023);Experiment 2;Orientation;2;19;-21.0;-28.0;90.0;-23.0;11;8
5;43;43;0;1.04501509999864;8;-52.0;152;Houborg et al. (2023);Experiment 2;Orientation;2;19;-52.0;-73.0;-80.0;38.0;12;8
5;80;81;1;1.11151190000055;8;-37.0;153;Houborg et al. (2023);Experiment 2;Orientation;2;19;-37.0;-89.0;70.0;63.0;13;8
5;49;51;2;1.0114248000009;8;31.0;154;Houborg et al. (2023);Experiment 2;Orientation;2;19;31.0;-6.0;-58.0;-79.0;14;8
5;97;105;8;1.16110219999973;8;-48.0;155;Houborg et al. (2023);Experiment 2;Orientation;2;19;-48.0;-17.0;-54.0;74.0;15;8
5;67;71;4;1.02812489999997;8;30.0;156;Houborg et al. (2023);Experiment 2;Orientation;2;19;30.0;-18.0;13.0;-24.0;16;8
5;39;42;3;0.861227600000348;8;28.0;157;Houborg et al. (2023);Experiment 2;Orientation;2;19;28.0;58.0;10.0;41.0;17;8
5;145;163;18;0.761552600000869;8;74.0;158;Houborg et al. (2023);Experiment 2;Orientation;2;19;74.0;-78.0;-48.0;84.0;18;8
5;143;160;17;0.711273700000675;8;2.0;159;Houborg et al. (2023);Experiment 2;Orientation;2;19;2.0;76.0;-76.0;-46.0;19;8
5;22;27;5;1.1615055000002;8;-59.0;160;Houborg et al. (2023);Experiment 2;Orientation;2;19;-59.0;-57.0;17.0;45.0;20;8
5;142;169;27;2.09591019999971;9;60.0;161;Houborg et al. (2023);Experiment 2;Orientation;2;19;;;;;1;9
5;10;21;11;0.828064399998766;9;-48.0;162;Houborg et al. (2023);Experiment 2;Orientation;2;19;;;;;2;9
5;116;121;5;0.878003800000442;9;74.0;163;Houborg et al. (2023);Experiment 2;Orientation;2;19;;;;;3;9
5;147;129;-18;0.96160559999953;9;-31.0;164;Houborg et al. (2023);Experiment 2;Orientation;2;19;;;;;4;9
5;154;157;3;1.49529930000062;9;-7.0;165;Houborg et al. (2023);Experiment 2;Orientation;2;19;-7.0;-38.0;36.0;-12.0;5;9
5;1;177;-4;0.761282999999821;9;-27.0;166;Houborg et al. (2023);Experiment 2;Orientation;2;19;-27.0;-34.0;-65.0;9.0;6;9
5;177;170;-7;1.07827499999985;9;4.0;167;Houborg et al. (2023);Experiment 2;Orientation;2;19;4.0;-23.0;-30.0;-61.0;7;9
5;66;136;70;0.577820299999075;9;-69.0;168;Houborg et al. (2023);Experiment 2;Orientation;2;19;-69.0;-65.0;88.0;81.0;8;9
5;50;61;11;1.06172239999978;9;16.0;169;Houborg et al. (2023);Experiment 2;Orientation;2;19;16.0;-53.0;-49.0;-76.0;9;9
5;98;113;15;0.978168300000107;9;-48.0;170;Houborg et al. (2023);Experiment 2;Orientation;2;19;-48.0;-32.0;79.0;83.0;10;9
5;148;107;-41;1.41198579999946;9;-50.0;171;Houborg et al. (2023);Experiment 2;Orientation;2;19;-50.0;82.0;-82.0;29.0;11;9
5;108;111;3;0.661135000000286;9;40.0;172;Houborg et al. (2023);Experiment 2;Orientation;2;19;40.0;-10.0;-58.0;-42.0;12;9
5;44;58;14;0.944703600000139;9;64.0;173;Houborg et al. (2023);Experiment 2;Orientation;2;19;64.0;-76.0;54.0;6.0;13;9
5;174;21;27;0.978179800000362;9;50.0;174;Houborg et al. (2023);Experiment 2;Orientation;2;19;50.0;-66.0;-26.0;-76.0;14;9
5;143;156;13;0.694739700000355;9;31.0;175;Houborg et al. (2023);Experiment 2;Orientation;2;19;31.0;81.0;-35.0;5.0;15;9
5;106;110;4;0.92795759999899;9;37.0;176;Houborg et al. (2023);Experiment 2;Orientation;2;19;37.0;68.0;-62.0;2.0;16;9
5;14;33;19;1.17833000000064;9;-88.0;177;Houborg et al. (2023);Experiment 2;Orientation;2;19;-88.0;-51.0;-20.0;30.0;17;9
5;115;91;-24;1.07832029999918;9;79.0;178;Houborg et al. (2023);Experiment 2;Orientation;2;19;79.0;-9.0;28.0;59.0;18;9
5;131;138;7;1.42849339999884;9;-16.0;179;Houborg et al. (2023);Experiment 2;Orientation;2;19;-16.0;63.0;-25.0;12.0;19;9
5;10;5;-5;1.06183860000056;9;-59.0;180;Houborg et al. (2023);Experiment 2;Orientation;2;19;-59.0;-75.0;4.0;-84.0;20;9
5;109;116;7;1.39511090000087;10;81.0;181;Houborg et al. (2023);Experiment 2;Orientation;2;19;;;;;1;10
5;74;76;2;0.878108999999313;10;35.0;182;Houborg et al. (2023);Experiment 2;Orientation;2;19;;;;;2;10
5;30;27;-3;1.24498979999953;10;44.0;183;Houborg et al. (2023);Experiment 2;Orientation;2;19;;;;;3;10
5;36;32;-4;0.811341500000708;10;-6.0;184;Houborg et al. (2023);Experiment 2;Orientation;2;19;;;;;4;10
5;34;27;-7;0.961457399998835;10;2.0;185;Houborg et al. (2023);Experiment 2;Orientation;2;19;2.0;-4.0;40.0;75.0;5;10
5;174;20;26;0.827957800000149;10;40.0;186;Houborg et al. (2023);Experiment 2;Orientation;2;19;40.0;42.0;36.0;80.0;6;10
5;117;110;-7;1.31171780000113;10;57.0;187;Houborg et al. (2023);Experiment 2;Orientation;2;19;57.0;-83.0;-81.0;-87.0;7;10
5;38;52;14;1.04484890000094;10;79.0;188;Houborg et al. (2023);Experiment 2;Orientation;2;19;79.0;-44.0;-4.0;-2.0;8;10
5;2;2;0;1.54520520000005;10;36.0;189;Houborg et al. (2023);Experiment 2;Orientation;2;19;36.0;-65.0;-8.0;32.0;9;10
5;12;179;-13;1.17815739999969;10;-10.0;190;Houborg et al. (2023);Experiment 2;Orientation;2;19;-10.0;26.0;-75.0;-18.0;10;10
5;99;105;6;0.99484929999926;10;-87.0;191;Houborg et al. (2023);Experiment 2;Orientation;2;19;-87.0;83.0;-61.0;18.0;11;10
5;86;66;-20;1.16170070000044;10;13.0;192;Houborg et al. (2023);Experiment 2;Orientation;2;19;13.0;-74.0;-84.0;-48.0;12;10
5;59;96;37;0.994882200000575;10;27.0;193;Houborg et al. (2023);Experiment 2;Orientation;2;19;27.0;40.0;-47.0;-57.0;13;10
5;76;76;0;0.878040900000997;10;-17.0;194;Houborg et al. (2023);Experiment 2;Orientation;2;19;-17.0;10.0;23.0;-64.0;14;10
5;13;19;6;1.17829089999941;10;63.0;195;Houborg et al. (2023);Experiment 2;Orientation;2;19;63.0;46.0;73.0;86.0;15;10
5;145;165;20;0.844606300001033;10;48.0;196;Houborg et al. (2023);Experiment 2;Orientation;2;19;48.0;-69.0;-86.0;-59.0;16;10
5;32;67;35;1.0614157;10;-67.0;197;Houborg et al. (2023);Experiment 2;Orientation;2;19;-67.0;-19.0;44.0;27.0;17;10
5;54;78;24;1.47847770000044;10;-22.0;198;Houborg et al. (2023);Experiment 2;Orientation;2;19;-22.0;-89.0;-41.0;22.0;18;10
5;32;56;24;0.894893599999705;10;22.0;199;Houborg et al. (2023);Experiment 2;Orientation;2;19;22.0;0.0;-67.0;-19.0;19;10
5;28;28;0;0.994975399999021;10;4.0;200;Houborg et al. (2023);Experiment 2;Orientation;2;19;4.0;26.0;4.0;-63.0;20;10
6;90;93;3;1.82881950000592;1;;1;Houborg et al. (2023);Experiment 2;Orientation;2;19;;;;;1;1
6;18;32;14;1.02819359999557;1;72.0;2;Houborg et al. (2023);Experiment 2;Orientation;2;19;;;;;2;1
6;116;136;20;2.8298974000063;1;82.0;3;Houborg et al. (2023);Experiment 2;Orientation;2;19;;;;;3;1
6;130;146;16;1.49520140000095;1;-14.0;4;Houborg et al. (2023);Experiment 2;Orientation;2;19;;;;;4;1
6;91;95;4;1.32829610000772;1;39.0;5;Houborg et al. (2023);Experiment 2;Orientation;2;19;39.0;25.0;-73.0;-1.0;5;1
6;100;103;3;0.894873799989;1;-9.0;6;Houborg et al. (2023);Experiment 2;Orientation;2;19;-9.0;30.0;16.0;-82.0;6;1
6;178;0;2;1.66211610000755;1;-78.0;7;Houborg et al. (2023);Experiment 2;Orientation;2;19;-78.0;-87.0;-48.0;-62.0;7;1
6;41;174;-47;1.49514539999655;1;-43.0;8;Houborg et al. (2023);Experiment 2;Orientation;2;19;-43.0;59.0;50.0;89.0;8;1
6;11;6;-5;0.994877399993129;1;30.0;9;Houborg et al. (2023);Experiment 2;Orientation;2;19;30.0;-13.0;89.0;80.0;9;1
6;76;8;-68;1.37840439999127;1;-65.0;10;Houborg et al. (2023);Experiment 2;Orientation;2;19;-65.0;-35.0;-78.0;24.0;10;1
6;57;47;-10;1.04486009999528;1;19.0;11;Houborg et al. (2023);Experiment 2;Orientation;2;19;19.0;-46.0;-16.0;-59.0;11;1
6;120;105;-15;1.44514690000506;1;-63.0;12;Houborg et al. (2023);Experiment 2;Orientation;2;19;-63.0;-44.0;71.0;-79.0;12;1
6;90;90;0;1.42838359999587;1;30.0;13;Houborg et al. (2023);Experiment 2;Orientation;2;19;30.0;-33.0;-14.0;-79.0;13;1
6;80;97;17;1.49519560000044;1;10.0;14;Houborg et al. (2023);Experiment 2;Orientation;2;19;10.0;40.0;-23.0;-4.0;14;1
6;175;8;13;1.59530880000966;1;85.0;15;Houborg et al. (2023);Experiment 2;Orientation;2;19;85.0;-85.0;-55.0;62.0;15;1
6;90;168;78;1.72862159999204;1;85.0;16;Houborg et al. (2023);Experiment 2;Orientation;2;19;85.0;-10.0;0.0;30.0;16;1
6;95;109;14;1.5286277999985;1;-5.0;17;Houborg et al. (2023);Experiment 2;Orientation;2;19;-5.0;80.0;-15.0;-5.0;17;1
6;39;48;9;1.21167829999467;1;56.0;18;Houborg et al. (2023);Experiment 2;Orientation;2;19;56.0;51.0;-44.0;41.0;18;1
6;77;61;-16;1.1614397999947;1;-38.0;19;Houborg et al. (2023);Experiment 2;Orientation;2;19;-38.0;18.0;13.0;-82.0;19;1
6;138;30;72;2.06222799999523;1;-61.0;20;Houborg et al. (2023);Experiment 2;Orientation;2;19;-61.0;81.0;-43.0;-48.0;20;1
6;129;121;-8;1.27840490000381;2;9.0;21;Houborg et al. (2023);Experiment 2;Orientation;2;19;;;;;1;2
6;127;127;0;1.04492650000611;2;2.0;22;Houborg et al. (2023);Experiment 2;Orientation;2;19;;;;;2;2
6;73;53;-20;0.794720600009896;2;54.0;23;Houborg et al. (2023);Experiment 2;Orientation;2;19;;;;;3;2
6;131;134;3;1.01149249999435;2;-58.0;24;Houborg et al. (2023);Experiment 2;Orientation;2;19;;;;;4;2
6;30;25;-5;1.31177859999298;2;-79.0;25;Houborg et al. (2023);Experiment 2;Orientation;2;19;-79.0;43.0;-83.0;-81.0;5;2
6;143;145;2;1.16169880000234;2;67.0;26;Houborg et al. (2023);Experiment 2;Orientation;2;19;67.0;-12.0;-70.0;-16.0;6;2
6;56;117;61;1.39494630000263;2;87.0;27;Houborg et al. (2023);Experiment 2;Orientation;2;19;87.0;-26.0;75.0;17.0;7;2
6;52;48;-4;1.11163690000831;2;4.0;28;Houborg et al. (2023);Experiment 2;Orientation;2;19;4.0;-89.0;-22.0;79.0;8;2
6;144;136;-8;1.36194079999404;2;88.0;29;Houborg et al. (2023);Experiment 2;Orientation;2;19;88.0;-88.0;-1.0;66.0;9;2
6;31;7;-24;1.66207739998936;2;-67.0;30;Houborg et al. (2023);Experiment 2;Orientation;2;19;-67.0;21.0;25.0;-68.0;10;2
6;179;178;-1;1.07825580000645;2;32.0;31;Houborg et al. (2023);Experiment 2;Orientation;2;19;32.0;-35.0;53.0;57.0;11;2
6;58;29;-29;0.861446899987641;2;-59.0;32;Houborg et al. (2023);Experiment 2;Orientation;2;19;-59.0;-27.0;86.0;-6.0;12;2
6;72;46;-26;1.6453496000031;2;-14.0;33;Houborg et al. (2023);Experiment 2;Orientation;2;19;-14.0;-73.0;-41.0;72.0;13;2
6;126;109;-17;1.52852540000458;2;-54.0;34;Houborg et al. (2023);Experiment 2;Orientation;2;19;-54.0;-68.0;53.0;85.0;14;2
6;33;155;-58;2.82965470000636;2;-87.0;35;Houborg et al. (2023);Experiment 2;Orientation;2;19;-87.0;39.0;25.0;-34.0;15;2
6;113;96;-17;2.09580260000075;2;-80.0;36;Houborg et al. (2023);Experiment 2;Orientation;2;19;-80.0;13.0;-41.0;-55.0;16;2
6;96;101;5;0.928109899992705;2;17.0;37;Houborg et al. (2023);Experiment 2;Orientation;2;19;17.0;-63.0;30.0;-24.0;17;2
6;34;28;-6;1.16159020000487;2;62.0;38;Houborg et al. (2023);Experiment 2;Orientation;2;19;62.0;79.0;-1.0;-88.0;18;2
6;48;59;11;2.67960439999297;2;-14.0;39;Houborg et al. (2023);Experiment 2;Orientation;2;19;-14.0;48.0;65.0;-15.0;19;2
6;82;90;8;1.16163750000123;2;-34.0;40;Houborg et al. (2023);Experiment 2;Orientation;2;19;-34.0;-48.0;14.0;31.0;20;2
6;13;145;-48;1.01151959999697;3;69.0;41;Houborg et al. (2023);Experiment 2;Orientation;2;19;;;;;1;3
6;77;62;-15;1.46186070000113;3;-64.0;42;Houborg et al. (2023);Experiment 2;Orientation;2;19;;;;;2;3
6;82;90;8;1.21163839999645;3;-5.0;43;Houborg et al. (2023);Experiment 2;Orientation;2;19;;;;;3;3
6;95;87;-8;2.47939290000068;3;-13.0;44;Houborg et al. (2023);Experiment 2;Orientation;2;19;;;;;4;3
6;57;38;-19;1.02823090000311;3;38.0;45;Houborg et al. (2023);Experiment 2;Orientation;2;19;38.0;25.0;20.0;-44.0;5;3
6;93;64;-29;1.74549739999929;3;-36.0;46;Houborg et al. (2023);Experiment 2;Orientation;2;19;-36.0;2.0;-11.0;-16.0;6;3
6;108;126;18;0.994729800004279;3;-15.0;47;Houborg et al. (2023);Experiment 2;Orientation;2;19;-15.0;-51.0;-13.0;-26.0;7;3
6;17;1;-16;1.32843859998684;3;-89.0;48;Houborg et al. (2023);Experiment 2;Orientation;2;19;-89.0;76.0;40.0;78.0;8;3
6;134;143;9;1.51190099999076;3;63.0;49;Houborg et al. (2023);Experiment 2;Orientation;2;19;63.0;-26.0;-41.0;-77.0;9;3
6;11;17;6;1.37866740000027;3;-57.0;50;Houborg et al. (2023);Experiment 2;Orientation;2;19;-57.0;6.0;-83.0;82.0;10;3
6;103;102;-1;1.21161830000347;3;88.0;51;Houborg et al. (2023);Experiment 2;Orientation;2;19;88.0;31.0;-86.0;5.0;11;3
6;159;149;-10;1.47867559999577;3;-56.0;52;Houborg et al. (2023);Experiment 2;Orientation;2;19;-56.0;32.0;-25.0;38.0;12;3
6;128;110;-18;1.39514860000054;3;31.0;53;Houborg et al. (2023);Experiment 2;Orientation;2;19;31.0;-25.0;63.0;6.0;13;3
6;118;108;-10;2.29589179999311;3;10.0;54;Houborg et al. (2023);Experiment 2;Orientation;2;19;10.0;41.0;-15.0;73.0;14;3
6;133;146;13;1.0783572000073;3;-15.0;55;Houborg et al. (2023);Experiment 2;Orientation;2;19;-15.0;-5.0;26.0;-30.0;15;3
6;99;108;9;1.06158379999397;3;34.0;56;Houborg et al. (2023);Experiment 2;Orientation;2;19;34.0;19.0;29.0;60.0;16;3
6;173;1;8;1.09484370000428;3;-74.0;57;Houborg et al. (2023);Experiment 2;Orientation;2;19;-74.0;-40.0;-55.0;-45.0;17;3
6;90;94;4;1.2450722999929;3;83.0;58;Houborg et al. (2023);Experiment 2;Orientation;2;19;83.0;9.0;43.0;28.0;18;3
6;158;155;-3;2.09577899999567;3;-68.0;59;Houborg et al. (2023);Experiment 2;Orientation;2;19;-68.0;15.0;-59.0;-25.0;19;3
6;135;162;27;1.16169100000116;3;23.0;60;Houborg et al. (2023);Experiment 2;Orientation;2;19;23.0;-45.0;38.0;-36.0;20;3
6;117;122;5;1.14485889999196;4;18.0;61;Houborg et al. (2023);Experiment 2;Orientation;2;19;;;;;1;4
6;169;163;-6;1.31185880000703;4;-52.0;62;Houborg et al. (2023);Experiment 2;Orientation;2;19;;;;;2;4
6;97;108;11;1.02817689999938;4;72.0;63;Houborg et al. (2023);Experiment 2;Orientation;2;19;;;;;3;4
6;79;107;28;0.978028999990784;4;18.0;64;Houborg et al. (2023);Experiment 2;Orientation;2;19;;;;;4;4
6;98;114;16;1.06145700000343;4;-19.0;65;Houborg et al. (2023);Experiment 2;Orientation;2;19;-19.0;-1.0;71.0;19.0;5;4
6;114;104;-10;1.81216790000326;4;-16.0;66;Houborg et al. (2023);Experiment 2;Orientation;2;19;-16.0;-35.0;-17.0;55.0;6;4
6;156;108;-48;1.1616597000102;4;-42.0;67;Houborg et al. (2023);Experiment 2;Orientation;2;19;-42.0;-58.0;-77.0;-59.0;7;4
6;59;0;-59;1.01157030000468;4;-83.0;68;Houborg et al. (2023);Experiment 2;Orientation;2;19;-83.0;55.0;39.0;20.0;8;4
6;115;126;11;0.994866399996681;4;-56.0;69;Houborg et al. (2023);Experiment 2;Orientation;2;19;-56.0;41.0;-1.0;-17.0;9;4
6;163;62;79;4.34760459999961;4;-48.0;70;Houborg et al. (2023);Experiment 2;Orientation;2;19;-48.0;76.0;-7.0;-49.0;10;4
6;174;132;-42;1.5451841000031;4;-11.0;71;Houborg et al. (2023);Experiment 2;Orientation;2;19;-11.0;-59.0;65.0;-18.0;11;4
6;45;55;10;1.61206839999068;4;-51.0;72;Houborg et al. (2023);Experiment 2;Orientation;2;19;-51.0;-62.0;70.0;14.0;12;4
6;124;122;-2;1.4618838000024;4;-79.0;73;Houborg et al. (2023);Experiment 2;Orientation;2;19;-79.0;50.0;39.0;-9.0;13;4
6;97;92;-5;1.21167180000339;4;27.0;74;Houborg et al. (2023);Experiment 2;Orientation;2;19;27.0;-52.0;77.0;66.0;14;4
6;18;31;13;1.29507390000799;4;79.0;75;Houborg et al. (2023);Experiment 2;Orientation;2;19;79.0;-74.0;27.0;-24.0;15;4
6;98;100;2;1.19506329999422;4;-80.0;76;Houborg et al. (2023);Experiment 2;Orientation;2;19;-80.0;-1.0;26.0;-53.0;16;4
6;15;42;27;1.44538130000001;4;83.0;77;Houborg et al. (2023);Experiment 2;Orientation;2;19;83.0;3.0;82.0;-71.0;17;4
6;83;64;-19;1.42850700000417;4;-68.0;78;Houborg et al. (2023);Experiment 2;Orientation;2;19;-68.0;15.0;-65.0;14.0;18;4
6;139;125;-14;1.16172370000277;4;-56.0;79;Houborg et al. (2023);Experiment 2;Orientation;2;19;-56.0;56.0;-41.0;59.0;19;4
6;121;116;-5;1.66215950000333;4;18.0;80;Houborg et al. (2023);Experiment 2;Orientation;2;19;18.0;-38.0;74.0;-23.0;20;4
6;104;113;9;1.19489980000071;5;17.0;81;Houborg et al. (2023);Experiment 2;Orientation;2;19;;;;;1;5
6;78;62;-16;1.04472559998976;5;26.0;82;Houborg et al. (2023);Experiment 2;Orientation;2;19;;;;;2;5
6;17;51;34;1.24511260000872;5;61.0;83;Houborg et al. (2023);Experiment 2;Orientation;2;19;;;;;3;5
6;111;119;8;1.1948005999875;5;86.0;84;Houborg et al. (2023);Experiment 2;Orientation;2;19;;;;;4;5
6;158;152;-6;1.39504339999985;5;-47.0;85;Houborg et al. (2023);Experiment 2;Orientation;2;19;-47.0;39.0;-80.0;-54.0;5;5
6;141;119;-22;1.4290910000127;5;17.0;86;Houborg et al. (2023);Experiment 2;Orientation;2;19;17.0;-30.0;56.0;-63.0;6;5
6;40;38;-2;1.2450763000088;5;-79.0;87;Houborg et al. (2023);Experiment 2;Orientation;2;19;-79.0;-62.0;71.0;-23.0;7;5
6;110;47;-63;1.39512859999377;5;-70.0;88;Houborg et al. (2023);Experiment 2;Orientation;2;19;-70.0;31.0;48.0;1.0;8;5
6;33;25;-8;1.29509479999251;5;77.0;89;Houborg et al. (2023);Experiment 2;Orientation;2;19;77.0;7.0;-72.0;-55.0;9;5
6;103;100;-3;1.07820469999569;5;-70.0;90;Houborg et al. (2023);Experiment 2;Orientation;2;19;-70.0;7.0;-63.0;38.0;10;5
6;12;21;9;1.32847020000918;5;-89.0;91;Houborg et al. (2023);Experiment 2;Orientation;2;19;-89.0;21.0;-82.0;28.0;11;5
6;138;135;-3;0.911283800000092;5;54.0;92;Houborg et al. (2023);Experiment 2;Orientation;2;19;54.0;-35.0;75.0;-28.0;12;5
6;51;30;-21;1.02821489999769;5;87.0;93;Houborg et al. (2023);Experiment 2;Orientation;2;19;87.0;-39.0;52.0;-18.0;13;5
6;168;164;-4;1.31181879999349;5;63.0;94;Houborg et al. (2023);Experiment 2;Orientation;2;19;63.0;-30.0;24.0;-65.0;14;5
6;147;156;9;0.811176200004411;5;21.0;95;Houborg et al. (2023);Experiment 2;Orientation;2;19;21.0;84.0;-9.0;45.0;15;5
6;180;173;-7;0.844769499992253;5;-33.0;96;Houborg et al. (2023);Experiment 2;Orientation;2;19;-33.0;-12.0;51.0;-42.0;16;5
6;136;6;50;1.24499409999407;5;44.0;97;Houborg et al. (2023);Experiment 2;Orientation;2;19;44.0;11.0;32.0;-85.0;17;5
6;134;121;-13;1.77882219999447;5;2.0;98;Houborg et al. (2023);Experiment 2;Orientation;2;19;2.0;46.0;13.0;34.0;18;5
6;21;36;15;2.22758559999056;5;-67.0;99;Houborg et al. (2023);Experiment 2;Orientation;2;19;-67.0;-65.0;-21.0;-54.0;19;5
6;140;144;4;1.34518249999383;5;61.0;100;Houborg et al. (2023);Experiment 2;Orientation;2;19;61.0;-6.0;-4.0;40.0;20;5
6;163;159;-4;1.22832470000139;6;-23.0;101;Houborg et al. (2023);Experiment 2;Orientation;2;19;;;;;1;6
6;99;93;-6;1.06147719999717;6;64.0;102;Houborg et al. (2023);Experiment 2;Orientation;2;19;;;;;2;6
6;73;65;-8;1.54515530000208;6;26.0;103;Houborg et al. (2023);Experiment 2;Orientation;2;19;;;;;3;6
6;169;40;51;1.61208370000531;6;84.0;104;Houborg et al. (2023);Experiment 2;Orientation;2;19;;;;;4;6
6;151;126;-25;0.928139399999054;6;18.0;105;Houborg et al. (2023);Experiment 2;Orientation;2;19;18.0;-78.0;-52.0;12.0;5;6
6;152;130;-22;1.3283694999991;6;-1.0;106;Houborg et al. (2023);Experiment 2;Orientation;2;19;-1.0;17.0;-79.0;-53.0;6;6
6;24;54;30;1.29495159999351;6;-52.0;107;Houborg et al. (2023);Experiment 2;Orientation;2;19;-52.0;-53.0;-35.0;49.0;7;6
6;102;96;-6;1.17835100000957;6;-78.0;108;Houborg et al. (2023);Experiment 2;Orientation;2;19;-78.0;50.0;49.0;67.0;8;6
6;39;16;-23;1.01150710000366;6;63.0;109;Houborg et al. (2023);Experiment 2;Orientation;2;19;63.0;-15.0;-67.0;-68.0;9;6
6;32;30;-2;0.927928499993868;6;7.0;110;Houborg et al. (2023);Experiment 2;Orientation;2;19;7.0;70.0;-8.0;-60.0;10;6
6;8;156;-32;2.44602459999442;6;24.0;111;Houborg et al. (2023);Experiment 2;Orientation;2;19;24.0;31.0;-86.0;16.0;11;6
6;59;111;52;1.7289618000068;6;-51.0;112;Houborg et al. (2023);Experiment 2;Orientation;2;19;-51.0;-27.0;-20.0;43.0;12;6
6;117;103;-14;1.04484400000365;6;-58.0;113;Houborg et al. (2023);Experiment 2;Orientation;2;19;-58.0;71.0;-85.0;-78.0;13;6
6;136;131;-5;0.928039199992782;6;-19.0;114;Houborg et al. (2023);Experiment 2;Orientation;2;19;-19.0;-77.0;52.0;76.0;14;6
6;130;115;-15;1.72887320000154;6;6.0;115;Houborg et al. (2023);Experiment 2;Orientation;2;19;6.0;-13.0;-71.0;58.0;15;6
6;173;38;45;1.57875070000591;6;-43.0;116;Houborg et al. (2023);Experiment 2;Orientation;2;19;-43.0;-37.0;-56.0;66.0;16;6
6;124;116;-8;1.22843800000555;6;49.0;117;Houborg et al. (2023);Experiment 2;Orientation;2;19;49.0;6.0;12.0;-7.0;17;6
6;83;92;9;1.17832209999324;6;41.0;118;Houborg et al. (2023);Experiment 2;Orientation;2;19;41.0;90.0;47.0;53.0;18;6
6;126;130;4;1.09484050000901;6;-43.0;119;Houborg et al. (2023);Experiment 2;Orientation;2;19;-43.0;-2.0;47.0;4.0;19;6
6;93;85;-8;1.06143400000292;6;33.0;120;Houborg et al. (2023);Experiment 2;Orientation;2;19;33.0;-10.0;31.0;80.0;20;6
6;77;75;-2;1.0782779000001;7;16.0;121;Houborg et al. (2023);Experiment 2;Orientation;2;19;;;;;1;7
6;28;13;-15;1.07816360000288;7;49.0;122;Houborg et al. (2023);Experiment 2;Orientation;2;19;;;;;2;7
6;80;76;-4;1.14500259999477;7;-52.0;123;Houborg et al. (2023);Experiment 2;Orientation;2;19;;;;;3;7
6;119;128;9;1.27841959999932;7;-39.0;124;Houborg et al. (2023);Experiment 2;Orientation;2;19;;;;;4;7
6;127;123;-4;1.6120513999922;7;-8.0;125;Houborg et al. (2023);Experiment 2;Orientation;2;19;-8.0;-47.0;81.0;-50.0;5;7
6;118;134;16;1.29489869999816;7;9.0;126;Houborg et al. (2023);Experiment 2;Orientation;2;19;9.0;1.0;-38.0;90.0;6;7
6;81;89;8;1.2112846999953;7;37.0;127;Houborg et al. (2023);Experiment 2;Orientation;2;19;37.0;46.0;38.0;-1.0;7;7
6;12;175;-17;1.59527410000737;7;69.0;128;Houborg et al. (2023);Experiment 2;Orientation;2;19;69.0;-74.0;-65.0;-73.0;8;7
6;45;30;-15;1.21173529999214;7;-33.0;129;Houborg et al. (2023);Experiment 2;Orientation;2;19;-33.0;36.0;73.0;82.0;9;7
6;11;130;-61;1.19510909999372;7;34.0;130;Houborg et al. (2023);Experiment 2;Orientation;2;19;34.0;1.0;70.0;-73.0;10;7
6;176;171;-5;1.62849030000507;7;15.0;131;Houborg et al. (2023);Experiment 2;Orientation;2;19;15.0;49.0;16.0;85.0;11;7
6;92;89;-3;1.11165080001228;7;84.0;132;Houborg et al. (2023);Experiment 2;Orientation;2;19;84.0;-81.0;-47.0;-80.0;12;7
6;140;82;-58;1.36249439998937;7;-48.0;133;Houborg et al. (2023);Experiment 2;Orientation;2;19;-48.0;36.0;51.0;85.0;13;7
6;143;118;-25;1.21168929999112;7;-3.0;134;Houborg et al. (2023);Experiment 2;Orientation;2;19;-3.0;-51.0;33.0;48.0;14;7
6;95;116;21;1.1283015999943;7;48.0;135;Houborg et al. (2023);Experiment 2;Orientation;2;19;48.0;45.0;-3.0;81.0;15;7
6;106;107;1;1.31184330000542;7;-11.0;136;Houborg et al. (2023);Experiment 2;Orientation;2;19;-11.0;37.0;34.0;-14.0;16;7
6;20;26;6;0.978164600004675;7;86.0;137;Houborg et al. (2023);Experiment 2;Orientation;2;19;86.0;75.0;-57.0;-60.0;17;7
6;27;21;-6;1.14497889998893;7;-7.0;138;Houborg et al. (2023);Experiment 2;Orientation;2;19;-7.0;79.0;68.0;-64.0;18;7
6;90;92;2;1.06141320000461;7;-63.0;139;Houborg et al. (2023);Experiment 2;Orientation;2;19;-63.0;-70.0;16.0;5.0;19;7
6;51;51;0;0.944631199992727;7;39.0;140;Houborg et al. (2023);Experiment 2;Orientation;2;19;39.0;-24.0;-31.0;55.0;20;7
6;159;136;-23;0.827955100001418;8;72.0;141;Houborg et al. (2023);Experiment 2;Orientation;2;19;;;;;1;8
6;42;40;-2;0.844703700000537;8;-63.0;142;Houborg et al. (2023);Experiment 2;Orientation;2;19;;;;;2;8
6;176;175;-1;1.57933619999676;8;46.0;143;Houborg et al. (2023);Experiment 2;Orientation;2;19;;;;;3;8
6;165;129;-36;1.06166389999271;8;11.0;144;Houborg et al. (2023);Experiment 2;Orientation;2;19;;;;;4;8
6;76;69;-7;1.09487800000352;8;89.0;145;Houborg et al. (2023);Experiment 2;Orientation;2;19;89.0;-80.0;-34.0;83.0;5;8
6;6;3;-3;1.1617222000059;8;70.0;146;Houborg et al. (2023);Experiment 2;Orientation;2;19;70.0;-21.0;-10.0;36.0;6;8
6;15;22;7;1.24503669999831;8;-9.0;147;Houborg et al. (2023);Experiment 2;Orientation;2;19;-9.0;61.0;-30.0;-19.0;7;8
6;89;88;-1;1.4117544000037;8;-74.0;148;Houborg et al. (2023);Experiment 2;Orientation;2;19;-74.0;-83.0;-13.0;76.0;8;8
6;128;124;-4;0.744736499997089;8;-39.0;149;Houborg et al. (2023);Experiment 2;Orientation;2;19;-39.0;67.0;58.0;-52.0;9;8
6;15;76;61;1.39521420000528;8;-67.0;150;Houborg et al. (2023);Experiment 2;Orientation;2;19;-67.0;74.0;0.0;-9.0;10;8
6;70;89;19;1.04471560000093;8;-55.0;151;Houborg et al. (2023);Experiment 2;Orientation;2;19;-55.0;58.0;19.0;-55.0;11;8
6;46;9;-37;1.11156740000297;8;24.0;152;Houborg et al. (2023);Experiment 2;Orientation;2;19;24.0;-31.0;82.0;43.0;12;8
6;133;145;12;1.11158189999696;8;-87.0;153;Houborg et al. (2023);Experiment 2;Orientation;2;19;-87.0;-63.0;62.0;-5.0;13;8
6;17;1;-16;1.46180929998809;8;-64.0;154;Houborg et al. (2023);Experiment 2;Orientation;2;19;-64.0;29.0;53.0;-2.0;14;8
6;105;121;16;1.26172140000563;8;-88.0;155;Houborg et al. (2023);Experiment 2;Orientation;2;19;-88.0;28.0;-59.0;-35.0;15;8
6;29;22;-7;1.44507980000344;8;76.0;156;Houborg et al. (2023);Experiment 2;Orientation;2;19;76.0;-12.0;-76.0;17.0;16;8
6;2;12;10;1.89560390000406;8;27.0;157;Houborg et al. (2023);Experiment 2;Orientation;2;19;27.0;-77.0;15.0;-49.0;17;8
6;53;17;-36;1.29498249999597;8;-51.0;158;Houborg et al. (2023);Experiment 2;Orientation;2;19;-51.0;-24.0;52.0;-36.0;18;8
6;69;71;2;0.961387800009106;8;-16.0;159;Houborg et al. (2023);Experiment 2;Orientation;2;19;-16.0;-67.0;-40.0;36.0;19;8
6;62;52;-10;1.22835009999108;8;7.0;160;Houborg et al. (2023);Experiment 2;Orientation;2;19;7.0;-9.0;-60.0;-33.0;20;8
6;15;21;6;1.81226810000953;9;47.0;161;Houborg et al. (2023);Experiment 2;Orientation;2;19;;;;;1;9
6;17;23;6;1.061618000007;9;-2.0;162;Houborg et al. (2023);Experiment 2;Orientation;2;19;;;;;2;9
6;61;153;-88;1.29496849999123;9;-44.0;163;Houborg et al. (2023);Experiment 2;Orientation;2;19;;;;;3;9
6;119;74;-45;1.24488499999279;9;-58.0;164;Houborg et al. (2023);Experiment 2;Orientation;2;19;;;;;4;9
6;155;129;-26;1.22839390000445;9;-36.0;165;Houborg et al. (2023);Experiment 2;Orientation;2;19;-36.0;86.0;42.0;40.0;5;9
6;28;10;-18;0.961361300011049;9;-53.0;166;Houborg et al. (2023);Experiment 2;Orientation;2;19;-53.0;-89.0;33.0;-11.0;6;9
6;157;146;-11;0.978086200004327;9;51.0;167;Houborg et al. (2023);Experiment 2;Orientation;2;19;51.0;-2.0;-38.0;84.0;7;9
6;171;153;-18;1.71209519999684;9;-14.0;168;Houborg et al. (2023);Experiment 2;Orientation;2;19;-14.0;37.0;-16.0;-52.0;8;9
6;90;87;-3;1.21170729999722;9;81.0;169;Houborg et al. (2023);Experiment 2;Orientation;2;19;81.0;67.0;-62.0;65.0;9;9
6;9;171;-18;0.92819769999187;9;81.0;170;Houborg et al. (2023);Experiment 2;Orientation;2;19;81.0;-18.0;-32.0;19.0;10;9
6;159;149;-10;1.92878369998652;9;30.0;171;Houborg et al. (2023);Experiment 2;Orientation;2;19;30.0;-69.0;12.0;-2.0;11;9
6;155;137;-18;1.66207900000154;9;4.0;172;Houborg et al. (2023);Experiment 2;Orientation;2;19;4.0;34.0;-65.0;16.0;12;9
6;52;80;28;1.47856279999542;9;-77.0;173;Houborg et al. (2023);Experiment 2;Orientation;2;19;-77.0;-73.0;-43.0;38.0;13;9
6;176;175;-1;1.21168310000212;9;56.0;174;Houborg et al. (2023);Experiment 2;Orientation;2;19;56.0;-21.0;-17.0;13.0;14;9
6;131;136;5;1.14498250000179;9;45.0;175;Houborg et al. (2023);Experiment 2;Orientation;2;19;45.0;-79.0;24.0;28.0;15;9
6;169;155;-14;0.861543999999412;9;-38.0;176;Houborg et al. (2023);Experiment 2;Orientation;2;19;-38.0;7.0;63.0;-14.0;16;9
6;153;163;10;1.1282624000014;9;16.0;177;Houborg et al. (2023);Experiment 2;Orientation;2;19;16.0;-22.0;23.0;79.0;17;9
6;140;139;-1;1.47864050000499;9;13.0;178;Houborg et al. (2023);Experiment 2;Orientation;2;19;13.0;29.0;-9.0;36.0;18;9
6;151;149;-2;0.711116400008905;9;-11.0;179;Houborg et al. (2023);Experiment 2;Orientation;2;19;-11.0;2.0;18.0;-20.0;19;9
6;162;177;15;1.01161770000181;9;-11.0;180;Houborg et al. (2023);Experiment 2;Orientation;2;19;-11.0;-22.0;-9.0;7.0;20;9
6;173;172;-1;1.57880050000676;10;-11.0;181;Houborg et al. (2023);Experiment 2;Orientation;2;19;;;;;1;10
6;39;40;1;1.6787231000053;10;-46.0;182;Houborg et al. (2023);Experiment 2;Orientation;2;19;;;;;2;10
6;151;149;-2;0.844866899991757;10;68.0;183;Houborg et al. (2023);Experiment 2;Orientation;2;19;;;;;3;10
6;18;1;-17;0.928025800007163;10;-47.0;184;Houborg et al. (2023);Experiment 2;Orientation;2;19;;;;;4;10
6;58;23;-35;1.01153619999241;10;-40.0;185;Houborg et al. (2023);Experiment 2;Orientation;2;19;-40.0;-87.0;-19.0;-65.0;5;10
6;156;146;-10;0.92828219999501;10;82.0;186;Houborg et al. (2023);Experiment 2;Orientation;2;19;82.0;42.0;-5.0;63.0;6;10
6;68;54;-14;1.16183519999322;10;88.0;187;Houborg et al. (2023);Experiment 2;Orientation;2;19;88.0;-10.0;-50.0;83.0;7;10
6;82;75;-7;1.52858850000484;10;-14.0;188;Houborg et al. (2023);Experiment 2;Orientation;2;19;-14.0;74.0;-24.0;-64.0;8;10
6;130;115;-15;0.778182599999127;10;-48.0;189;Houborg et al. (2023);Experiment 2;Orientation;2;19;-48.0;-62.0;26.0;-72.0;9;10
6;150;117;-33;1.47844819999591;10;-20.0;190;Houborg et al. (2023);Experiment 2;Orientation;2;19;-20.0;-68.0;-82.0;6.0;10;10
6;52;127;75;1.57874940001057;10;-82.0;191;Houborg et al. (2023);Experiment 2;Orientation;2;19;-82.0;78.0;30.0;16.0;11;10
6;178;166;-12;1.19487520000257;10;54.0;192;Houborg et al. (2023);Experiment 2;Orientation;2;19;54.0;-28.0;-48.0;84.0;12;10
6;142;138;-4;0.727801600005478;10;36.0;193;Houborg et al. (2023);Experiment 2;Orientation;2;19;36.0;90.0;8.0;-12.0;13;10
6;176;175;-1;1.01152719999664;10;-34.0;194;Houborg et al. (2023);Experiment 2;Orientation;2;19;-34.0;2.0;56.0;-26.0;14;10
6;116;130;14;0.878176400001394;10;60.0;195;Houborg et al. (2023);Experiment 2;Orientation;2;19;60.0;26.0;62.0;-64.0;15;10
6;8;177;-11;0.811354300007224;10;-72.0;196;Houborg et al. (2023);Experiment 2;Orientation;2;19;-72.0;-12.0;-46.0;-10.0;16;10
6;26;40;14;1.46184309999808;10;-18.0;197;Houborg et al. (2023);Experiment 2;Orientation;2;19;-18.0;90.0;-30.0;-64.0;17;10
6;62;78;16;0.827942899995833;10;-36.0;198;Houborg et al. (2023);Experiment 2;Orientation;2;19;-36.0;-54.0;54.0;-66.0;18;10
6;135;131;-4;0.911340299993753;10;-73.0;199;Houborg et al. (2023);Experiment 2;Orientation;2;19;-73.0;71.0;53.0;-19.0;19;10
6;168;151;-17;1.12823319999734;10;-33.0;200;Houborg et al. (2023);Experiment 2;Orientation;2;19;-33.0;74.0;38.0;20.0;20;10
7;87;86;-1;2.21164209999552;1;;1;Houborg et al. (2023);Experiment 2;Orientation;2;19;;;;;1;1
7;119;135;16;1.54519810000784;1;-32.0;2;Houborg et al. (2023);Experiment 2;Orientation;2;19;;;;;2;1
7;13;20;7;2.01224399999774;1;-74.0;3;Houborg et al. (2023);Experiment 2;Orientation;2;19;;;;;3;1
7;124;134;10;1.47851879999507;1;69.0;4;Houborg et al. (2023);Experiment 2;Orientation;2;19;;;;;4;1
7;19;26;7;1.41139689998818;1;-75.0;5;Houborg et al. (2023);Experiment 2;Orientation;2;19;-75.0;-6.0;-80.0;68.0;5;1
7;132;153;21;1.76217550000001;1;67.0;6;Houborg et al. (2023);Experiment 2;Orientation;2;19;67.0;-8.0;61.0;-13.0;6;1
7;157;16;39;1.67872050000005;1;-25.0;7;Houborg et al. (2023);Experiment 2;Orientation;2;19;-25.0;42.0;-33.0;36.0;7;1
7;70;53;-17;0.944736200006446;1;87.0;8;Houborg et al. (2023);Experiment 2;Orientation;2;19;87.0;62.0;-51.0;54.0;8;1
7;28;28;0;3.2465419999935;1;42.0;9;Houborg et al. (2023);Experiment 2;Orientation;2;19;42.0;-51.0;-76.0;-9.0;9;1
7;126;168;42;4.380971400009;1;82.0;10;Houborg et al. (2023);Experiment 2;Orientation;2;19;82.0;-56.0;31.0;6.0;10;1
7;150;164;14;1.8122022000025;1;-24.0;11;Houborg et al. (2023);Experiment 2;Orientation;2;19;-24.0;58.0;-80.0;7.0;11;1
7;1;5;4;1.47849979999592;1;-31.0;12;Houborg et al. (2023);Experiment 2;Orientation;2;19;-31.0;-55.0;27.0;69.0;12;1
7;50;18;-32;1.49529669999902;1;-49.0;13;Houborg et al. (2023);Experiment 2;Orientation;2;19;-49.0;-80.0;76.0;-22.0;13;1
7;19;16;-3;2.02896310000506;1;31.0;14;Houborg et al. (2023);Experiment 2;Orientation;2;19;31.0;-18.0;-49.0;-73.0;14;1
7;107;120;13;1.17848229999072;1;-88.0;15;Houborg et al. (2023);Experiment 2;Orientation;2;19;-88.0;-57.0;74.0;43.0;15;1
7;153;165;12;1.19484979999834;1;-46.0;16;Houborg et al. (2023);Experiment 2;Orientation;2;19;-46.0;46.0;77.0;28.0;16;1
7;95;155;60;2.14576650000527;1;58.0;17;Houborg et al. (2023);Experiment 2;Orientation;2;19;58.0;12.0;-76.0;-45.0;17;1
7;148;160;12;1.96227400000498;1;-53.0;18;Houborg et al. (2023);Experiment 2;Orientation;2;19;-53.0;5.0;-41.0;51.0;18;1
7;56;63;7;2.46253879999858;1;-88.0;19;Houborg et al. (2023);Experiment 2;Orientation;2;19;-88.0;39.0;-83.0;51.0;19;1
7;6;20;14;1.34514020000643;1;50.0;20;Houborg et al. (2023);Experiment 2;Orientation;2;19;50.0;-38.0;89.0;-33.0;20;1
7;120;120;0;1.77887989999726;2;66.0;21;Houborg et al. (2023);Experiment 2;Orientation;2;19;;;;;1;2
7;90;92;2;1.12808719999157;2;30.0;22;Houborg et al. (2023);Experiment 2;Orientation;2;19;;;;;2;2
7;160;153;-7;1.52860900000087;2;-70.0;23;Houborg et al. (2023);Experiment 2;Orientation;2;19;;;;;3;2
7;142;157;15;1.37855069999932;2;18.0;24;Houborg et al. (2023);Experiment 2;Orientation;2;19;;;;;4;2
7;13;17;4;1.07813059999899;2;-51.0;25;Houborg et al. (2023);Experiment 2;Orientation;2;19;-51.0;-33.0;77.0;-73.0;5;2
7;61;12;-49;1.92900660001033;2;-48.0;26;Houborg et al. (2023);Experiment 2;Orientation;2;19;-48.0;81.0;-81.0;29.0;6;2
7;99;103;4;1.46174109999265;2;-38.0;27;Houborg et al. (2023);Experiment 2;Orientation;2;19;-38.0;-86.0;43.0;61.0;7;2
7;79;72;-7;1.32834559999174;2;20.0;28;Houborg et al. (2023);Experiment 2;Orientation;2;19;20.0;-18.0;-66.0;63.0;8;2
7;139;137;-2;1.27838239999255;2;-60.0;29;Houborg et al. (2023);Experiment 2;Orientation;2;19;-60.0;-40.0;-78.0;54.0;9;2
7;86;119;33;1.36197549999633;2;53.0;30;Houborg et al. (2023);Experiment 2;Orientation;2;19;53.0;-7.0;13.0;-25.0;10;2
7;106;107;1;1.51182539999718;2;-20.0;31;Houborg et al. (2023);Experiment 2;Orientation;2;19;-20.0;33.0;-27.0;-7.0;11;2
7;133;142;9;3.36358110001311;2;-27.0;32;Houborg et al. (2023);Experiment 2;Orientation;2;19;-27.0;-47.0;6.0;-54.0;12;2
7;119;133;14;1.56196049999562;2;14.0;33;Houborg et al. (2023);Experiment 2;Orientation;2;19;14.0;-13.0;-33.0;20.0;13;2
7;112;144;32;2.34589399999822;2;7.0;34;Houborg et al. (2023);Experiment 2;Orientation;2;19;7.0;21.0;-6.0;-26.0;14;2
7;96;46;-50;1.77877000000444;2;16.0;35;Houborg et al. (2023);Experiment 2;Orientation;2;19;16.0;23.0;37.0;10.0;15;2
7;134;148;14;1.07808060001116;2;-38.0;36;Houborg et al. (2023);Experiment 2;Orientation;2;19;-38.0;-22.0;-15.0;-1.0;16;2
7;138;136;-2;1.12827670000843;2;-4.0;37;Houborg et al. (2023);Experiment 2;Orientation;2;19;-4.0;-42.0;-26.0;-19.0;17;2
7;160;166;6;1.41183919999457;2;-22.0;38;Houborg et al. (2023);Experiment 2;Orientation;2;19;-22.0;-26.0;-64.0;-48.0;18;2
7;63;60;-3;3.51355670001067;2;-83.0;39;Houborg et al. (2023);Experiment 2;Orientation;2;19;-83.0;75.0;71.0;33.0;19;2
7;94;133;39;1.3617804999958;2;-31.0;40;Houborg et al. (2023);Experiment 2;Orientation;2;19;-31.0;66.0;44.0;40.0;20;2
7;105;134;29;4.4310289999994;3;-11.0;41;Houborg et al. (2023);Experiment 2;Orientation;2;19;;;;;1;3
7;134;136;2;1.19481410000299;3;-29.0;42;Houborg et al. (2023);Experiment 2;Orientation;2;19;;;;;2;3
7;49;43;-6;2.54613239999162;3;85.0;43;Houborg et al. (2023);Experiment 2;Orientation;2;19;;;;;3;3
7;92;152;60;1.34515300000203;3;-43.0;44;Houborg et al. (2023);Experiment 2;Orientation;2;19;;;;;4;3
7;138;124;-14;3.31337400000484;3;-46.0;45;Houborg et al. (2023);Experiment 2;Orientation;2;19;-46.0;-89.0;-4.0;-33.0;5;3
7;81;113;32;1.66203049999604;3;57.0;46;Houborg et al. (2023);Experiment 2;Orientation;2;19;57.0;11.0;-32.0;53.0;6;3
7;107;134;27;1.97910700000648;3;-26.0;47;Houborg et al. (2023);Experiment 2;Orientation;2;19;-26.0;31.0;-15.0;-58.0;7;3
7;129;135;6;1.39505960000679;3;-22.0;48;Houborg et al. (2023);Experiment 2;Orientation;2;19;-22.0;-48.0;9.0;-37.0;8;3
7;62;38;-24;1.11162250000052;3;67.0;49;Houborg et al. (2023);Experiment 2;Orientation;2;19;67.0;45.0;19.0;76.0;9;3
7;78;74;-4;1.17842460000247;3;-16.0;50;Houborg et al. (2023);Experiment 2;Orientation;2;19;-16.0;51.0;29.0;3.0;10;3
7;66;55;-11;1.31168050000269;3;12.0;51;Houborg et al. (2023);Experiment 2;Orientation;2;19;12.0;-4.0;63.0;41.0;11;3
7;138;130;-8;1.29516590001003;3;-72.0;52;Houborg et al. (2023);Experiment 2;Orientation;2;19;-72.0;-60.0;-76.0;-9.0;12;3
7;14;17;3;1.17677999999432;3;-56.0;53;Houborg et al. (2023);Experiment 2;Orientation;2;19;-56.0;52.0;64.0;48.0;13;3
7;86;81;-5;1.56205589999445;3;-72.0;54;Houborg et al. (2023);Experiment 2;Orientation;2;19;-72.0;52.0;-20.0;-8.0;14;3
7;2;4;2;2.27922850000323;3;84.0;55;Houborg et al. (2023);Experiment 2;Orientation;2;19;84.0;12.0;-44.0;64.0;15;3
7;97;98;1;1.36182589999225;3;85.0;56;Houborg et al. (2023);Experiment 2;Orientation;2;19;85.0;-11.0;-83.0;41.0;16;3
7;103;111;8;1.67889619999914;3;-6.0;57;Houborg et al. (2023);Experiment 2;Orientation;2;19;-6.0;79.0;-17.0;-89.0;17;3
7;115;125;10;1.67870079999557;3;-12.0;58;Houborg et al. (2023);Experiment 2;Orientation;2;19;-12.0;-18.0;67.0;-29.0;18;3
7;175;14;19;1.64524629998778;3;-60.0;59;Houborg et al. (2023);Experiment 2;Orientation;2;19;-60.0;-72.0;-78.0;7.0;19;3
7;6;9;3;1.79519620000792;3;-11.0;60;Houborg et al. (2023);Experiment 2;Orientation;2;19;-11.0;-71.0;-83.0;-89.0;20;3
7;98;114;16;1.44500140000309;4;88.0;61;Houborg et al. (2023);Experiment 2;Orientation;2;19;;;;;1;4
7;118;120;2;1.47864190000109;4;-20.0;62;Houborg et al. (2023);Experiment 2;Orientation;2;19;;;;;2;4
7;175;174;-1;1.64539959999092;4;-57.0;63;Houborg et al. (2023);Experiment 2;Orientation;2;19;;;;;3;4
7;178;2;4;1.64539330000116;4;-3.0;64;Houborg et al. (2023);Experiment 2;Orientation;2;19;;;;;4;4
7;151;178;27;1.32857759999752;4;27.0;65;Houborg et al. (2023);Experiment 2;Orientation;2;19;27.0;24.0;-33.0;-53.0;5;4
7;45;32;-13;1.29501139999775;4;-74.0;66;Houborg et al. (2023);Experiment 2;Orientation;2;19;-74.0;-47.0;-50.0;73.0;6;4
7;109;112;3;2.24550900000031;4;-64.0;67;Houborg et al. (2023);Experiment 2;Orientation;2;19;-64.0;42.0;69.0;66.0;7;4
7;45;31;-14;2.91309859999456;4;64.0;68;Houborg et al. (2023);Experiment 2;Orientation;2;19;64.0;0.0;-74.0;-47.0;8;4
7;177;10;13;1.77875949999725;4;48.0;69;Houborg et al. (2023);Experiment 2;Orientation;2;19;48.0;-68.0;48.0;-26.0;9;4
7;10;17;7;0.994985099998303;4;-13.0;70;Houborg et al. (2023);Experiment 2;Orientation;2;19;-13.0;35.0;-81.0;35.0;10;4
7;77;108;31;1.36179819999961;4;-67.0;71;Houborg et al. (2023);Experiment 2;Orientation;2;19;-67.0;-80.0;-32.0;32.0;11;4
7;157;141;-16;2.07911600000807;4;-80.0;72;Houborg et al. (2023);Experiment 2;Orientation;2;19;-80.0;33.0;20.0;68.0;12;4
7;178;9;11;1.24489709999762;4;-21.0;73;Houborg et al. (2023);Experiment 2;Orientation;2;19;-21.0;79.0;12.0;-1.0;13;4
7;10;9;-1;1.67872660000285;4;-12.0;74;Houborg et al. (2023);Experiment 2;Orientation;2;19;-12.0;-33.0;67.0;0.0;14;4
7;117;158;41;1.52854559999832;4;73.0;75;Houborg et al. (2023);Experiment 2;Orientation;2;19;73.0;61.0;40.0;-40.0;15;4
7;145;155;10;0.894819200009806;4;-28.0;76;Houborg et al. (2023);Experiment 2;Orientation;2;19;-28.0;45.0;33.0;12.0;16;4
7;55;56;1;2.17920429998776;4;90.0;77;Houborg et al. (2023);Experiment 2;Orientation;2;19;90.0;62.0;-45.0;-57.0;17;4
7;168;172;4;1.92898149999382;4;67.0;78;Houborg et al. (2023);Experiment 2;Orientation;2;19;67.0;-23.0;-51.0;22.0;18;4
7;92;113;21;1.97896920000494;4;76.0;79;Houborg et al. (2023);Experiment 2;Orientation;2;19;76.0;-37.0;53.0;25.0;19;4
7;50;47;-3;2.32925660000183;4;42.0;80;Houborg et al. (2023);Experiment 2;Orientation;2;19;42.0;-62.0;5.0;-85.0;20;4
7;86;74;-12;2.09586719999788;5;-36.0;81;Houborg et al. (2023);Experiment 2;Orientation;2;19;;;;;1;5
7;83;82;-1;1.04486729999189;5;3.0;82;Houborg et al. (2023);Experiment 2;Orientation;2;19;;;;;2;5
7;95;111;16;2.31265659999917;5;-12.0;83;Houborg et al. (2023);Experiment 2;Orientation;2;19;;;;;3;5
7;153;155;2;1.59520970001176;5;-58.0;84;Houborg et al. (2023);Experiment 2;Orientation;2;19;;;;;4;5
7;98;49;-49;1.61183140000503;5;55.0;85;Houborg et al. (2023);Experiment 2;Orientation;2;19;55.0;-3.0;-15.0;-12.0;5;5
7;160;160;0;1.31181270000525;5;-62.0;86;Houborg et al. (2023);Experiment 2;Orientation;2;19;-62.0;-7.0;-65.0;-77.0;6;5
7;129;131;2;0.828151199995773;5;31.0;87;Houborg et al. (2023);Experiment 2;Orientation;2;19;31.0;-31.0;24.0;-34.0;7;5
7;20;18;-2;2.84635849999904;5;-71.0;88;Houborg et al. (2023);Experiment 2;Orientation;2;19;-71.0;-40.0;78.0;-47.0;8;5
7;25;13;-12;1.59535340000002;5;-5.0;89;Houborg et al. (2023);Experiment 2;Orientation;2;19;-5.0;-76.0;-45.0;73.0;9;5
7;89;93;4;1.77884689999337;5;-64.0;90;Houborg et al. (2023);Experiment 2;Orientation;2;19;-64.0;-69.0;40.0;71.0;10;5
7;22;22;0;1.77875110000605;5;67.0;91;Houborg et al. (2023);Experiment 2;Orientation;2;19;67.0;3.0;-2.0;-73.0;11;5
7;61;36;-25;1.31182589998934;5;-39.0;92;Houborg et al. (2023);Experiment 2;Orientation;2;19;-39.0;28.0;-36.0;-41.0;12;5
7;126;145;19;1.76191570000083;5;-65.0;93;Houborg et al. (2023);Experiment 2;Orientation;2;19;-65.0;76.0;-37.0;79.0;13;5
7;83;66;-17;1.62881049999851;5;43.0;94;Houborg et al. (2023);Experiment 2;Orientation;2;19;43.0;-22.0;-61.0;6.0;14;5
7;139;158;19;1.42856069999107;5;-56.0;95;Houborg et al. (2023);Experiment 2;Orientation;2;19;-56.0;-13.0;-78.0;63.0;15;5
7;51;50;-1;1.69524380000075;5;88.0;96;Houborg et al. (2023);Experiment 2;Orientation;2;19;88.0;32.0;75.0;10.0;16;5
7;12;16;4;1.32845349999843;5;39.0;97;Houborg et al. (2023);Experiment 2;Orientation;2;19;39.0;-53.0;71.0;-66.0;17;5
7;114;40;-74;2.81296379999549;5;78.0;98;Houborg et al. (2023);Experiment 2;Orientation;2;19;78.0;-63.0;25.0;-31.0;18;5
7;97;110;13;1.24504290000186;5;17.0;99;Houborg et al. (2023);Experiment 2;Orientation;2;19;17.0;-85.0;-46.0;42.0;19;5
7;80;68;-12;0.97817839999334;5;17.0;100;Houborg et al. (2023);Experiment 2;Orientation;2;19;17.0;34.0;-68.0;-29.0;20;5
7;31;29;-2;0.927962000001571;6;49.0;101;Houborg et al. (2023);Experiment 2;Orientation;2;19;;;;;1;6
7;144;151;7;0.727882699997281;6;67.0;102;Houborg et al. (2023);Experiment 2;Orientation;2;19;;;;;2;6
7;68;63;-5;1.31172610000067;6;76.0;103;Houborg et al. (2023);Experiment 2;Orientation;2;19;;;;;3;6
7;28;33;5;0.861368800004129;6;40.0;104;Houborg et al. (2023);Experiment 2;Orientation;2;19;;;;;4;6
7;67;60;-7;1.51186709999456;6;-39.0;105;Houborg et al. (2023);Experiment 2;Orientation;2;19;-39.0;1.0;77.0;-36.0;5;6
7;150;142;-8;0.928152899999986;6;-83.0;106;Houborg et al. (2023);Experiment 2;Orientation;2;19;-83.0;58.0;-82.0;-6.0;6;6
7;157;171;14;1.72867300000507;6;-7.0;107;Houborg et al. (2023);Experiment 2;Orientation;2;19;-7.0;90.0;51.0;-89.0;7;6
7;17;33;16;1.62878260000434;6;-40.0;108;Houborg et al. (2023);Experiment 2;Orientation;2;19;-40.0;-47.0;50.0;11.0;8;6
7;137;153;16;1.7286574000027;6;60.0;109;Houborg et al. (2023);Experiment 2;Orientation;2;19;60.0;20.0;13.0;-70.0;9;6
7;103;123;20;1.31183079999755;6;34.0;110;Houborg et al. (2023);Experiment 2;Orientation;2;19;34.0;-86.0;54.0;47.0;10;6
7;1;3;2;1.39527860000089;6;-78.0;111;Houborg et al. (2023);Experiment 2;Orientation;2;19;-78.0;-44.0;16.0;-24.0;11;6
7;177;3;6;1.47860049999144;6;4.0;112;Houborg et al. (2023);Experiment 2;Orientation;2;19;4.0;-74.0;-40.0;20.0;12;6
7;28;22;-6;1.54524079999828;6;-31.0;113;Houborg et al. (2023);Experiment 2;Orientation;2;19;-31.0;-27.0;75.0;-71.0;13;6
7;82;59;-23;1.09488740000234;6;-54.0;114;Houborg et al. (2023);Experiment 2;Orientation;2;19;-54.0;-85.0;-81.0;21.0;14;6
7;9;178;-11;2.04561000000103;6;73.0;115;Houborg et al. (2023);Experiment 2;Orientation;2;19;73.0;19.0;-12.0;-8.0;15;6
7;39;27;-12;1.42849429999478;6;-30.0;116;Houborg et al. (2023);Experiment 2;Orientation;2;19;-30.0;43.0;-11.0;-42.0;16;6
7;65;32;-33;1.69554970000172;6;-26.0;117;Houborg et al. (2023);Experiment 2;Orientation;2;19;-26.0;-56.0;17.0;-37.0;17;6
7;70;61;-9;1.04478199999721;6;-5.0;118;Houborg et al. (2023);Experiment 2;Orientation;2;19;-5.0;-31.0;-61.0;12.0;18;6
7;134;145;11;1.0450364999997;6;-64.0;119;Houborg et al. (2023);Experiment 2;Orientation;2;19;-64.0;-69.0;85.0;55.0;19;6
7;112;118;6;1.26175669999793;6;22.0;120;Houborg et al. (2023);Experiment 2;Orientation;2;19;22.0;-42.0;-47.0;-73.0;20;6
7;118;126;8;1.86229779999121;7;-6.0;121;Houborg et al. (2023);Experiment 2;Orientation;2;19;;;;;1;7
7;153;152;-1;0.694558399991365;7;-35.0;122;Houborg et al. (2023);Experiment 2;Orientation;2;19;;;;;2;7
7;113;120;7;1.11167179999757;7;40.0;123;Houborg et al. (2023);Experiment 2;Orientation;2;19;;;;;3;7
7;132;136;4;0.928080300000147;7;-19.0;124;Houborg et al. (2023);Experiment 2;Orientation;2;19;;;;;4;7
7;157;164;7;1.4953164000035;7;-25.0;125;Houborg et al. (2023);Experiment 2;Orientation;2;19;-25.0;-44.0;-4.0;-39.0;5;7
7;126;126;0;1.34517570000025;7;31.0;126;Houborg et al. (2023);Experiment 2;Orientation;2;19;31.0;6.0;-13.0;27.0;6;7
7;66;37;-29;3.41346709999198;7;60.0;127;Houborg et al. (2023);Experiment 2;Orientation;2;19;60.0;-89.0;66.0;47.0;7;7
7;134;144;10;1.54500460000418;7;-68.0;128;Houborg et al. (2023);Experiment 2;Orientation;2;19;-68.0;-8.0;23.0;-2.0;8;7
7;27;25;-2;1.3451175000082;7;-73.0;129;Houborg et al. (2023);Experiment 2;Orientation;2;19;-73.0;39.0;-81.0;-50.0;9;7
7;33;27;-6;2.81301990000065;7;-6.0;130;Houborg et al. (2023);Experiment 2;Orientation;2;19;-6.0;-79.0;33.0;-87.0;10;7
7;7;17;10;1.67879230000835;7;26.0;131;Houborg et al. (2023);Experiment 2;Orientation;2;19;26.0;20.0;-53.0;59.0;11;7
7;40;42;2;1.74546259999624;7;-33.0;132;Houborg et al. (2023);Experiment 2;Orientation;2;19;-33.0;-7.0;-13.0;-86.0;12;7
7;19;18;-1;1.76207399999839;7;21.0;133;Houborg et al. (2023);Experiment 2;Orientation;2;19;21.0;-12.0;14.0;8.0;13;7
7;164;165;1;1.62873880000552;7;35.0;134;Houborg et al. (2023);Experiment 2;Orientation;2;19;35.0;56.0;23.0;49.0;14;7
7;8;17;9;1.91227230000368;7;-24.0;135;Houborg et al. (2023);Experiment 2;Orientation;2;19;-24.0;11.0;32.0;-1.0;15;7
7;64;69;5;1.71205580000242;7;-56.0;136;Houborg et al. (2023);Experiment 2;Orientation;2;19;-56.0;-80.0;-45.0;-24.0;16;7
7;33;14;-19;1.47871650000161;7;31.0;137;Houborg et al. (2023);Experiment 2;Orientation;2;19;31.0;-25.0;-49.0;-14.0;17;7
7;65;58;-7;2.47945539999637;7;-32.0;138;Houborg et al. (2023);Experiment 2;Orientation;2;19;-32.0;-1.0;-57.0;-81.0;18;7
7;82;69;-13;1.42855369999597;7;-17.0;139;Houborg et al. (2023);Experiment 2;Orientation;2;19;-17.0;-49.0;-18.0;-74.0;19;7
7;55;41;-14;1.19521859999804;7;27.0;140;Houborg et al. (2023);Experiment 2;Orientation;2;19;27.0;10.0;-22.0;9.0;20;7
7;57;47;-10;1.37853489999543;8;-2.0;141;Houborg et al. (2023);Experiment 2;Orientation;2;19;;;;;1;8
7;149;149;0;1.1114699000027;8;88.0;142;Houborg et al. (2023);Experiment 2;Orientation;2;19;;;;;2;8
7;160;170;10;1.52851819999341;8;-11.0;143;Houborg et al. (2023);Experiment 2;Orientation;2;19;;;;;3;8
7;4;15;11;1.37841379999008;8;-24.0;144;Houborg et al. (2023);Experiment 2;Orientation;2;19;;;;;4;8
7;151;161;10;1.62866469999426;8;33.0;145;Houborg et al. (2023);Experiment 2;Orientation;2;19;33.0;9.0;-2.0;86.0;5;8
7;8;168;-20;3.11329160000605;8;-37.0;146;Houborg et al. (2023);Experiment 2;Orientation;2;19;-37.0;-4.0;-28.0;-39.0;6;8
7;158;164;6;1.6622628000041;8;30.0;147;Houborg et al. (2023);Experiment 2;Orientation;2;19;30.0;-7.0;26.0;2.0;7;8
7;163;160;-3;1.82885720000195;8;-5.0;148;Houborg et al. (2023);Experiment 2;Orientation;2;19;-5.0;25.0;-12.0;21.0;8;8
7;6;13;7;1.4284570000018;8;-23.0;149;Houborg et al. (2023);Experiment 2;Orientation;2;19;-23.0;-28.0;2.0;-35.0;9;8
7;169;160;-9;1.32844490000571;8;17.0;150;Houborg et al. (2023);Experiment 2;Orientation;2;19;17.0;-6.0;-11.0;19.0;10;8
7;128;139;11;1.87872910000442;8;41.0;151;Houborg et al. (2023);Experiment 2;Orientation;2;19;41.0;58.0;35.0;30.0;11;8
7;170;157;-13;1.74552729999414;8;-42.0;152;Houborg et al. (2023);Experiment 2;Orientation;2;19;-42.0;-1.0;16.0;-7.0;12;8
7;168;165;-3;1.67837259999942;8;2.0;153;Houborg et al. (2023);Experiment 2;Orientation;2;19;2.0;-40.0;1.0;18.0;13;8
7;87;81;-6;1.6621703000128;8;81.0;154;Houborg et al. (2023);Experiment 2;Orientation;2;19;81.0;83.0;41.0;82.0;14;8
7;92;101;9;1.99555840001267;8;-5.0;155;Houborg et al. (2023);Experiment 2;Orientation;2;19;-5.0;76.0;78.0;36.0;15;8
7;63;67;4;3.54701169999316;8;29.0;156;Houborg et al. (2023);Experiment 2;Orientation;2;19;29.0;24.0;-75.0;-73.0;16;8
7;104;110;6;1.5451871999976;8;-41.0;157;Houborg et al. (2023);Experiment 2;Orientation;2;19;-41.0;-12.0;-17.0;64.0;17;8
7;175;160;-15;1.57884449999256;8;-71.0;158;Houborg et al. (2023);Experiment 2;Orientation;2;19;-71.0;68.0;-83.0;-88.0;18;8
7;30;36;6;1.61196039999777;8;-35.0;159;Houborg et al. (2023);Experiment 2;Orientation;2;19;-35.0;74.0;33.0;62.0;19;8
7;10;22;12;1.79549819999374;8;20.0;160;Houborg et al. (2023);Experiment 2;Orientation;2;19;20.0;-15.0;-86.0;53.0;20;8
7;151;147;-4;1.16166330000851;9;39.0;161;Houborg et al. (2023);Experiment 2;Orientation;2;19;;;;;1;9
7;149;147;-2;1.54534840000269;9;2.0;162;Houborg et al. (2023);Experiment 2;Orientation;2;19;;;;;2;9
7;122;122;0;1.41189200000372;9;27.0;163;Houborg et al. (2023);Experiment 2;Orientation;2;19;;;;;3;9
7;131;126;-5;1.49667029999546;9;-9.0;164;Houborg et al. (2023);Experiment 2;Orientation;2;19;;;;;4;9
7;18;25;7;1.19509709998965;9;-67.0;165;Houborg et al. (2023);Experiment 2;Orientation;2;19;-67.0;-76.0;-49.0;-47.0;5;9
7;130;125;-5;1.21177779999562;9;68.0;166;Houborg et al. (2023);Experiment 2;Orientation;2;19;68.0;1.0;-8.0;19.0;6;9
7;41;39;-2;1.17831620000652;9;89.0;167;Houborg et al. (2023);Experiment 2;Orientation;2;19;89.0;-23.0;90.0;81.0;7;9
7;146;145;-1;2.31268350000028;9;75.0;168;Houborg et al. (2023);Experiment 2;Orientation;2;19;75.0;-16.0;52.0;-15.0;8;9
7;175;0;5;2.56228739999642;9;-29.0;169;Houborg et al. (2023);Experiment 2;Orientation;2;19;-29.0;46.0;-45.0;23.0;9;9
7;52;50;-2;0.794648900002358;9;-57.0;170;Houborg et al. (2023);Experiment 2;Orientation;2;19;-57.0;-86.0;-11.0;78.0;10;9
7;13;25;12;2.59623369999463;9;39.0;171;Houborg et al. (2023);Experiment 2;Orientation;2;19;39.0;-18.0;-47.0;28.0;11;9
7;16;23;7;1.49531300000672;9;-3.0;172;Houborg et al. (2023);Experiment 2;Orientation;2;19;-3.0;36.0;-21.0;-50.0;12;9
7;85;89;4;1.3283761000057;9;-69.0;173;Houborg et al. (2023);Experiment 2;Orientation;2;19;-69.0;-72.0;-33.0;90.0;13;9
7;23;18;-5;1.14507400000002;9;62.0;174;Houborg et al. (2023);Experiment 2;Orientation;2;19;62.0;-7.0;-10.0;29.0;14;9
7;147;146;-1;1.24517420001212;9;56.0;175;Houborg et al. (2023);Experiment 2;Orientation;2;19;56.0;-62.0;49.0;46.0;15;9
7;170;172;2;0.894738899994991;9;-23.0;176;Houborg et al. (2023);Experiment 2;Orientation;2;19;-23.0;33.0;-85.0;26.0;16;9
7;177;170;-7;1.24495259999821;9;-7.0;177;Houborg et al. (2023);Experiment 2;Orientation;2;19;-7.0;-30.0;26.0;88.0;17;9
7;114;132;18;0.961558199996944;9;63.0;178;Houborg et al. (2023);Experiment 2;Orientation;2;19;63.0;56.0;33.0;89.0;18;9
7;64;63;-1;1.24507869999798;9;50.0;179;Houborg et al. (2023);Experiment 2;Orientation;2;19;50.0;-67.0;-74.0;83.0;19;9
7;28;57;29;1.24512219999451;9;36.0;180;Houborg et al. (2023);Experiment 2;Orientation;2;19;36.0;86.0;-31.0;-38.0;20;9
7;129;113;-16;0.944685399997979;10;79.0;181;Houborg et al. (2023);Experiment 2;Orientation;2;19;;;;;1;10
7;32;23;-9;0.978369000004022;10;-83.0;182;Houborg et al. (2023);Experiment 2;Orientation;2;19;;;;;2;10
7;3;16;13;0.74462099999073;10;29.0;183;Houborg et al. (2023);Experiment 2;Orientation;2;19;;;;;3;10
7;76;68;-8;0.97823390000849;10;-73.0;184;Houborg et al. (2023);Experiment 2;Orientation;2;19;;;;;4;10
7;89;87;-2;1.57870159999584;10;-13.0;185;Houborg et al. (2023);Experiment 2;Orientation;2;19;-13.0;-86.0;-57.0;40.0;5;10
7;101;107;6;0.994836300000316;10;-12.0;186;Houborg et al. (2023);Experiment 2;Orientation;2;19;-12.0;-25.0;82.0;-69.0;6;10
7;76;65;-11;1.5620854000008;10;25.0;187;Houborg et al. (2023);Experiment 2;Orientation;2;19;25.0;13.0;0.0;-73.0;7;10
7;11;24;13;0.994754700004705;10;65.0;188;Houborg et al. (2023);Experiment 2;Orientation;2;19;65.0;90.0;78.0;65.0;8;10
7;86;84;-2;1.21169110000483;10;-75.0;189;Houborg et al. (2023);Experiment 2;Orientation;2;19;-75.0;-10.0;15.0;3.0;9;10
7;153;15;42;1.76214469999832;10;-67.0;190;Houborg et al. (2023);Experiment 2;Orientation;2;19;-67.0;38.0;-77.0;-52.0;10;10
7;34;24;-10;1.24484329999541;10;-61.0;191;Houborg et al. (2023);Experiment 2;Orientation;2;19;-61.0;52.0;-23.0;42.0;11;10
7;25;29;4;1.24496300000465;10;9.0;192;Houborg et al. (2023);Experiment 2;Orientation;2;19;9.0;-52.0;61.0;-14.0;12;10
7;132;135;3;1.12829300000158;10;73.0;193;Houborg et al. (2023);Experiment 2;Orientation;2;19;73.0;82.0;21.0;-46.0;13;10
7;44;45;1;0.894734600005904;10;88.0;194;Houborg et al. (2023);Experiment 2;Orientation;2;19;88.0;-19.0;-10.0;-71.0;14;10
7;27;32;5;1.36185540001316;10;17.0;195;Houborg et al. (2023);Experiment 2;Orientation;2;19;17.0;-75.0;-2.0;7.0;15;10
7;148;163;15;1.22844949999126;10;59.0;196;Houborg et al. (2023);Experiment 2;Orientation;2;19;59.0;76.0;-16.0;57.0;16;10
7;150;155;5;1.34505220000574;10;-2.0;197;Houborg et al. (2023);Experiment 2;Orientation;2;19;-2.0;57.0;74.0;-18.0;17;10
7;55;51;-4;1.81234459999541;10;-85.0;198;Houborg et al. (2023);Experiment 2;Orientation;2;19;-85.0;-87.0;-28.0;-11.0;18;10
7;60;45;-15;1.27835300000152;10;-5.0;199;Houborg et al. (2023);Experiment 2;Orientation;2;19;-5.0;90.0;88.0;-33.0;19;10
7;70;64;-6;1.54536360000202;10;-10.0;200;Houborg et al. (2023);Experiment 2;Orientation;2;19;-10.0;-15.0;80.0;78.0;20;10
8;69;44;-25;2.82554656593129;1;;1;Houborg et al. (2023);Experiment 2;Orientation;2;19;;;;;1;1
8;117;126;9;2.66155882924795;1;-48.0;2;Houborg et al. (2023);Experiment 2;Orientation;2;19;;;;;2;1
8;4;9;5;2.83082486409694;1;-67.0;3;Houborg et al. (2023);Experiment 2;Orientation;2;19;;;;;3;1
8;12;47;35;2.80743982782587;1;-8.0;4;Houborg et al. (2023);Experiment 2;Orientation;2;19;;;;;4;1
8;179;1;2;2.20606231293641;1;13.0;5;Houborg et al. (2023);Experiment 2;Orientation;2;19;13.0;5.0;-62.0;70.0;5;1
8;172;166;-6;3.07958567584865;1;7.0;6;Houborg et al. (2023);Experiment 2;Orientation;2;19;7.0;20.0;12.0;-55.0;6;1
8;130;139;9;3.09829593100585;1;42.0;7;Houborg et al. (2023);Experiment 2;Orientation;2;19;42.0;49.0;62.0;54.0;7;1
8;156;166;10;2.52287396392785;1;-26.0;8;Houborg et al. (2023);Experiment 2;Orientation;2;19;-26.0;16.0;23.0;36.0;8;1
8;73;69;-4;1.82231533993036;1;83.0;9;Houborg et al. (2023);Experiment 2;Orientation;2;19;83.0;57.0;-81.0;-74.0;9;1
8;168;170;2;2.37338237743825;1;85.0;10;Houborg et al. (2023);Experiment 2;Orientation;2;19;85.0;-12.0;-38.0;4.0;10;1
8;155;144;-11;2.17614958807826;1;13.0;11;Houborg et al. (2023);Experiment 2;Orientation;2;19;13.0;-82.0;1.0;-25.0;11;1
8;164;144;-20;2.17231515445746;1;-9.0;12;Houborg et al. (2023);Experiment 2;Orientation;2;19;-9.0;4.0;89.0;-8.0;12;1
8;174;156;-18;2.16183801763691;1;-10.0;13;Houborg et al. (2023);Experiment 2;Orientation;2;19;-10.0;-19.0;-6.0;79.0;13;1
8;159;156;-3;2.99228290095925;1;15.0;14;Houborg et al. (2023);Experiment 2;Orientation;2;19;15.0;5.0;-4.0;9.0;14;1
8;66;45;-21;2.02229208964854;1;-87.0;15;Houborg et al. (2023);Experiment 2;Orientation;2;19;-87.0;-72.0;-82.0;89.0;15;1
8;118;135;17;4.34741044347174;1;-52.0;16;Houborg et al. (2023);Experiment 2;Orientation;2;19;-52.0;41.0;56.0;46.0;16;1
8;160;150;-10;2.66752906912006;1;-42.0;17;Houborg et al. (2023);Experiment 2;Orientation;2;19;-42.0;86.0;-1.0;14.0;17;1
8;93;116;23;2.32304314640351;1;67.0;18;Houborg et al. (2023);Experiment 2;Orientation;2;19;67.0;25.0;-27.0;66.0;18;1
8;56;53;-3;2.12332765269093;1;37.0;19;Houborg et al. (2023);Experiment 2;Orientation;2;19;37.0;-76.0;62.0;10.0;19;1
8;45;41;-4;2.65972323575988;1;11.0;20;Houborg et al. (2023);Experiment 2;Orientation;2;19;11.0;48.0;-65.0;73.0;20;1
8;168;165;-3;2.74110894952901;2;57.0;21;Houborg et al. (2023);Experiment 2;Orientation;2;19;;;;;1;2
8;40;22;-18;4.73090481758118;2;-52.0;22;Houborg et al. (2023);Experiment 2;Orientation;2;19;;;;;2;2
8;177;163;-14;1.87747373827733;2;43.0;23;Houborg et al. (2023);Experiment 2;Orientation;2;19;;;;;3;2
8;91;101;10;2.52524536428973;2;86.0;24;Houborg et al. (2023);Experiment 2;Orientation;2;19;;;;;4;2
8;4;22;18;1.95518331811763;2;87.0;25;Houborg et al. (2023);Experiment 2;Orientation;2;19;87.0;-7.0;36.0;-16.0;5;2
8;47;51;4;1.88923829514533;2;-43.0;26;Houborg et al. (2023);Experiment 2;Orientation;2;19;-43.0;44.0;-50.0;-7.0;6;2
8;124;134;10;2.77806816529483;2;-77.0;27;Houborg et al. (2023);Experiment 2;Orientation;2;19;-77.0;60.0;-33.0;53.0;7;2
8;132;123;-9;3.27660605940036;2;-8.0;28;Houborg et al. (2023);Experiment 2;Orientation;2;19;-8.0;-85.0;52.0;-41.0;8;2
8;103;111;8;2.07241520471871;2;29.0;29;Houborg et al. (2023);Experiment 2;Orientation;2;19;29.0;21.0;-56.0;81.0;9;2
8;179;170;-9;2.14504807093181;2;-76.0;30;Houborg et al. (2023);Experiment 2;Orientation;2;19;-76.0;-47.0;-55.0;48.0;10;2
8;130;140;10;2.69678973616101;2;49.0;31;Houborg et al. (2023);Experiment 2;Orientation;2;19;49.0;-27.0;2.0;-6.0;11;2
8;78;72;-6;2.40762669523247;2;52.0;32;Houborg et al. (2023);Experiment 2;Orientation;2;19;52.0;-79.0;25.0;54.0;12;2
8;115;122;7;2.0110027405899;2;-37.0;33;Houborg et al. (2023);Experiment 2;Orientation;2;19;-37.0;15.0;64.0;-12.0;13;2
8;32;34;2;2.75169027969241;2;83.0;34;Houborg et al. (2023);Experiment 2;Orientation;2;19;83.0;46.0;-82.0;-33.0;14;2
8;1;178;-3;3.31545713916421;2;31.0;35;Houborg et al. (2023);Experiment 2;Orientation;2;19;31.0;-66.0;77.0;-51.0;15;2
8;40;44;4;2.3573486818932;2;-39.0;36;Houborg et al. (2023);Experiment 2;Orientation;2;19;-39.0;-8.0;75.0;38.0;16;2
8;23;29;6;3.4277103219647;2;17.0;37;Houborg et al. (2023);Experiment 2;Orientation;2;19;17.0;-22.0;9.0;-88.0;17;2
8;79;34;-45;4.88074330263771;2;-56.0;38;Houborg et al. (2023);Experiment 2;Orientation;2;19;-56.0;-39.0;-78.0;-47.0;18;2
8;124;135;11;1.60745998611674;2;-45.0;39;Houborg et al. (2023);Experiment 2;Orientation;2;19;-45.0;79.0;-84.0;57.0;19;2
8;65;51;-14;2.57974242931232;2;59.0;40;Houborg et al. (2023);Experiment 2;Orientation;2;19;59.0;14.0;-42.0;-25.0;20;2
8;137;153;16;1.88871052721515;3;-72.0;41;Houborg et al. (2023);Experiment 2;Orientation;2;19;;;;;1;3
8;13;139;-54;4.66484230663627;3;-56.0;42;Houborg et al. (2023);Experiment 2;Orientation;2;19;;;;;2;3
8;71;70;-1;2.40824041492306;3;-58.0;43;Houborg et al. (2023);Experiment 2;Orientation;2;19;;;;;3;3
8;162;157;-5;2.65865409583785;3;89.0;44;Houborg et al. (2023);Experiment 2;Orientation;2;19;;;;;4;3
8;126;140;14;2.09484333288856;3;36.0;45;Houborg et al. (2023);Experiment 2;Orientation;2;19;36.0;-55.0;67.0;11.0;5;3
8;88;102;14;2.52383241779171;3;38.0;46;Houborg et al. (2023);Experiment 2;Orientation;2;19;38.0;74.0;-17.0;-75.0;6;3
8;159;8;29;4.04553614044562;3;-71.0;47;Houborg et al. (2023);Experiment 2;Orientation;2;19;-71.0;-33.0;3.0;-88.0;7;3
8;167;24;37;4.76852320204489;3;-8.0;48;Houborg et al. (2023);Experiment 2;Orientation;2;19;-8.0;-79.0;-41.0;-5.0;8;3
8;102;110;8;2.56684937048703;3;65.0;49;Houborg et al. (2023);Experiment 2;Orientation;2;19;65.0;57.0;-14.0;24.0;9;3
8;144;138;-6;2.60738949337974;3;-42.0;50;Houborg et al. (2023);Experiment 2;Orientation;2;19;-42.0;23.0;15.0;-56.0;10;3
8;171;171;0;2.74073608033359;3;-27.0;51;Houborg et al. (2023);Experiment 2;Orientation;2;19;-27.0;-69.0;-4.0;-12.0;11;3
8;175;173;-2;4.2810987343546;3;-4.0;52;Houborg et al. (2023);Experiment 2;Orientation;2;19;-4.0;-31.0;-73.0;-8.0;12;3
8;154;160;6;2.64178314455785;3;21.0;53;Houborg et al. (2023);Experiment 2;Orientation;2;19;21.0;17.0;-10.0;-52.0;13;3
8;132;137;5;2.78442735178396;3;22.0;54;Houborg et al. (2023);Experiment 2;Orientation;2;19;22.0;43.0;39.0;12.0;14;3
8;133;131;-2;2.69683734979481;3;-1.0;55;Houborg et al. (2023);Experiment 2;Orientation;2;19;-1.0;21.0;42.0;38.0;15;3
8;171;16;25;3.059140000958;3;-38.0;56;Houborg et al. (2023);Experiment 2;Orientation;2;19;-38.0;-39.0;-17.0;4.0;16;3
8;23;38;15;2.88072166009806;3;-32.0;57;Houborg et al. (2023);Experiment 2;Orientation;2;19;-32.0;-70.0;-71.0;-49.0;17;3
8;82;81;-1;2.59085059980862;3;-59.0;58;Houborg et al. (2023);Experiment 2;Orientation;2;19;-59.0;89.0;51.0;50.0;18;3
8;64;72;8;2.061444000341;3;18.0;59;Houborg et al. (2023);Experiment 2;Orientation;2;19;18.0;-41.0;-73.0;69.0;19;3
8;93;80;-13;3.56063457066193;3;-29.0;60;Houborg et al. (2023);Experiment 2;Orientation;2;19;-29.0;-11.0;-70.0;78.0;20;3
8;21;26;5;2.55791565356776;4;72.0;61;Houborg et al. (2023);Experiment 2;Orientation;2;19;;;;;1;4
8;49;43;-6;3.0597694888711;4;-28.0;62;Houborg et al. (2023);Experiment 2;Orientation;2;19;;;;;2;4
8;49;46;-3;2.09294559434056;4;0.0;63;Houborg et al. (2023);Experiment 2;Orientation;2;19;;;;;3;4
8;54;52;-2;2.99564614635892;4;-5.0;64;Houborg et al. (2023);Experiment 2;Orientation;2;19;;;;;4;4
8;141;139;-2;3.72908561024815;4;-87.0;65;Houborg et al. (2023);Experiment 2;Orientation;2;19;-87.0;88.0;88.0;60.0;5;4
8;120;129;9;2.15587488911115;4;21.0;66;Houborg et al. (2023);Experiment 2;Orientation;2;19;21.0;-66.0;-71.0;-71.0;6;4
8;137;133;-4;2.16548323375173;4;-17.0;67;Houborg et al. (2023);Experiment 2;Orientation;2;19;-17.0;4.0;-83.0;-88.0;7;4
8;86;77;-9;2.07587182195857;4;51.0;68;Houborg et al. (2023);Experiment 2;Orientation;2;19;51.0;34.0;55.0;-32.0;8;4
8;145;142;-3;2.8414915271569;4;-59.0;69;Houborg et al. (2023);Experiment 2;Orientation;2;19;-59.0;-8.0;-25.0;-4.0;9;4
8;53;36;-17;1.82242015143856;4;-88.0;70;Houborg et al. (2023);Experiment 2;Orientation;2;19;-88.0;33.0;84.0;67.0;10;4
8;64;56;-8;2.55807333462872;4;-11.0;71;Houborg et al. (2023);Experiment 2;Orientation;2;19;-11.0;81.0;22.0;73.0;11;4
8;67;67;0;3.22973303031176;4;-3.0;72;Houborg et al. (2023);Experiment 2;Orientation;2;19;-3.0;-14.0;78.0;19.0;12;4
8;123;135;12;2.1951816980727;4;-56.0;73;Houborg et al. (2023);Experiment 2;Orientation;2;19;-56.0;-59.0;-70.0;22.0;13;4
8;173;156;-17;3.73356715496629;4;-50.0;74;Houborg et al. (2023);Experiment 2;Orientation;2;19;-50.0;74.0;71.0;60.0;14;4
8;53;41;-12;3.05238846689463;4;-60.0;75;Houborg et al. (2023);Experiment 2;Orientation;2;19;-60.0;70.0;14.0;11.0;15;4
8;12;21;9;3.27745599159971;4;41.0;76;Houborg et al. (2023);Experiment 2;Orientation;2;19;41.0;-19.0;-69.0;55.0;16;4
8;42;63;21;2.39589923992753;4;-30.0;77;Houborg et al. (2023);Experiment 2;Orientation;2;19;-30.0;11.0;-49.0;81.0;17;4
8;43;39;-4;3.34678713907488;4;-1.0;78;Houborg et al. (2023);Experiment 2;Orientation;2;19;-1.0;-31.0;10.0;-50.0;18;4
8;149;150;1;2.8752850627061;4;74.0;79;Houborg et al. (2023);Experiment 2;Orientation;2;19;74.0;73.0;43.0;84.0;19;4
8;36;36;0;2.82409126218408;4;-67.0;80;Houborg et al. (2023);Experiment 2;Orientation;2;19;-67.0;7.0;6.0;-24.0;20;4
8;13;20;7;2.29548234329559;5;23.0;81;Houborg et al. (2023);Experiment 2;Orientation;2;19;;;;;1;5
8;42;43;1;2.73133735847659;5;-29.0;82;Houborg et al. (2023);Experiment 2;Orientation;2;19;;;;;2;5
8;127;137;10;4.09539583511651;5;-85.0;83;Houborg et al. (2023);Experiment 2;Orientation;2;19;;;;;3;5
8;11;6;-5;4.13253128249198;5;-64.0;84;Houborg et al. (2023);Experiment 2;Orientation;2;19;;;;;4;5
8;16;15;-1;2.7803180583287;5;-5.0;85;Houborg et al. (2023);Experiment 2;Orientation;2;19;-5.0;-69.0;26.0;-3.0;5;5
8;80;74;-6;2.5236759732943;5;-64.0;86;Houborg et al. (2023);Experiment 2;Orientation;2;19;-64.0;-69.0;47.0;-38.0;6;5
8;35;38;3;3.27992478292435;5;45.0;87;Houborg et al. (2023);Experiment 2;Orientation;2;19;45.0;-19.0;-24.0;-88.0;7;5
8;108;123;15;2.55825544102117;5;-73.0;88;Houborg et al. (2023);Experiment 2;Orientation;2;19;-73.0;-28.0;88.0;83.0;8;5
8;100;107;7;2.29539360920899;5;8.0;89;Houborg et al. (2023);Experiment 2;Orientation;2;19;8.0;-65.0;-20.0;-84.0;9;5
8;36;32;-4;1.85530532011762;5;64.0;90;Houborg et al. (2023);Experiment 2;Orientation;2;19;64.0;72.0;-1.0;44.0;10;5
8;82;54;-28;2.41576087614521;5;-46.0;91;Houborg et al. (2023);Experiment 2;Orientation;2;19;-46.0;18.0;26.0;-47.0;11;5
8;138;142;4;2.245350262383;5;-56.0;92;Houborg et al. (2023);Experiment 2;Orientation;2;19;-56.0;78.0;-38.0;-30.0;12;5
8;63;53;-10;3.3155050619971;5;75.0;93;Houborg et al. (2023);Experiment 2;Orientation;2;19;75.0;19.0;-27.0;37.0;13;5
8;40;45;5;2.73431814974174;5;23.0;94;Houborg et al. (2023);Experiment 2;Orientation;2;19;23.0;-82.0;42.0;-4.0;14;5
8;146;139;-7;2.44388964050449;5;74.0;95;Houborg et al. (2023);Experiment 2;Orientation;2;19;74.0;-83.0;-8.0;-64.0;15;5
8;169;160;-9;4.13487702095881;5;-23.0;96;Houborg et al. (2023);Experiment 2;Orientation;2;19;-23.0;51.0;74.0;-31.0;16;5
8;92;87;-5;3.71676607779227;5;77.0;97;Houborg et al. (2023);Experiment 2;Orientation;2;19;77.0;54.0;-52.0;-29.0;17;5
8;45;51;6;2.95993570308201;5;47.0;98;Houborg et al. (2023);Experiment 2;Orientation;2;19;47.0;-56.0;-79.0;-5.0;18;5
8;177;173;-4;4.43594745942391;5;48.0;99;Houborg et al. (2023);Experiment 2;Orientation;2;19;48.0;-85.0;-8.0;-31.0;19;5
8;34;49;15;2.52322209905833;5;-37.0;100;Houborg et al. (2023);Experiment 2;Orientation;2;19;-37.0;11.0;58.0;-45.0;20;5
8;17;32;15;3.67908678529784;6;17.0;101;Houborg et al. (2023);Experiment 2;Orientation;2;19;;;;;1;6
8;24;59;35;2.77549301623367;6;-7.0;102;Houborg et al. (2023);Experiment 2;Orientation;2;19;;;;;2;6
8;157;151;-6;3.17924941331148;6;47.0;103;Houborg et al. (2023);Experiment 2;Orientation;2;19;;;;;3;6
8;158;152;-6;2.36646945192479;6;-1.0;104;Houborg et al. (2023);Experiment 2;Orientation;2;19;;;;;4;6
8;100;104;4;3.51138859544881;6;58.0;105;Houborg et al. (2023);Experiment 2;Orientation;2;19;58.0;57.0;-76.0;-83.0;5;6
8;151;127;-24;2.98552827513777;6;-51.0;106;Houborg et al. (2023);Experiment 2;Orientation;2;19;-51.0;7.0;6.0;53.0;6;6
8;107;110;3;3.96282590506598;6;44.0;107;Houborg et al. (2023);Experiment 2;Orientation;2;19;44.0;-7.0;51.0;50.0;7;6
8;2;177;-5;2.75897607440129;6;-75.0;108;Houborg et al. (2023);Experiment 2;Orientation;2;19;-75.0;-31.0;-82.0;-24.0;8;6
8;80;62;-18;2.49462863942608;6;-78.0;109;Houborg et al. (2023);Experiment 2;Orientation;2;19;-78.0;27.0;71.0;20.0;9;6
8;108;117;9;3.9322029966861;6;-28.0;110;Houborg et al. (2023);Experiment 2;Orientation;2;19;-28.0;74.0;-1.0;43.0;10;6
8;175;33;38;3.22781550441869;6;-67.0;111;Houborg et al. (2023);Experiment 2;Orientation;2;19;-67.0;85.0;7.0;-68.0;11;6
8;22;27;5;2.74481940246187;6;-27.0;112;Houborg et al. (2023);Experiment 2;Orientation;2;19;-27.0;86.0;58.0;-20.0;12;6
8;168;170;2;2.64032536721788;6;34.0;113;Houborg et al. (2023);Experiment 2;Orientation;2;19;34.0;7.0;-60.0;-88.0;13;6
8;124;131;7;2.94203147687949;6;44.0;114;Houborg et al. (2023);Experiment 2;Orientation;2;19;44.0;78.0;51.0;-16.0;14;6
8;93;79;-14;2.47974137822166;6;31.0;115;Houborg et al. (2023);Experiment 2;Orientation;2;19;31.0;75.0;-71.0;82.0;15;6
8;47;62;15;4.88264351454563;6;46.0;116;Houborg et al. (2023);Experiment 2;Orientation;2;19;46.0;77.0;-59.0;-25.0;16;6
8;47;61;14;5.27028057328425;6;0.0;117;Houborg et al. (2023);Experiment 2;Orientation;2;19;0.0;46.0;77.0;-59.0;17;6
8;176;171;-5;3.01243671099655;6;51.0;118;Houborg et al. (2023);Experiment 2;Orientation;2;19;51.0;51.0;-83.0;-52.0;18;6
8;12;18;6;4.03283848264255;6;-16.0;119;Houborg et al. (2023);Experiment 2;Orientation;2;19;-16.0;35.0;35.0;81.0;19;6
8;24;45;21;2.54079241259024;6;-12.0;120;Houborg et al. (2023);Experiment 2;Orientation;2;19;-12.0;-28.0;23.0;23.0;20;6
8;114;114;0;3.19851989997551;7;-90.0;121;Houborg et al. (2023);Experiment 2;Orientation;2;19;;;;;1;7
8;118;108;-10;2.80940125696361;7;-4.0;122;Houborg et al. (2023);Experiment 2;Orientation;2;19;;;;;2;7
8;108;98;-10;2.75745738903061;7;10.0;123;Houborg et al. (2023);Experiment 2;Orientation;2;19;;;;;3;7
8;8;22;14;4.59656762215309;7;-80.0;124;Houborg et al. (2023);Experiment 2;Orientation;2;19;;;;;4;7
8;9;11;2;2.97482018149458;7;-1.0;125;Houborg et al. (2023);Experiment 2;Orientation;2;19;-1.0;-81.0;-71.0;-75.0;5;7
8;116;127;11;2.30766336387023;7;73.0;126;Houborg et al. (2023);Experiment 2;Orientation;2;19;73.0;72.0;-8.0;2.0;6;7
8;45;46;1;2.25769174657762;7;71.0;127;Houborg et al. (2023);Experiment 2;Orientation;2;19;71.0;-36.0;-37.0;63.0;7;7
8;121;120;-1;3.10897557996213;7;-76.0;128;Houborg et al. (2023);Experiment 2;Orientation;2;19;-76.0;-5.0;68.0;67.0;8;7
8;134;133;-1;2.38982387934811;7;-13.0;129;Houborg et al. (2023);Experiment 2;Orientation;2;19;-13.0;-89.0;-18.0;55.0;9;7
8;61;52;-9;1.90860741003416;7;73.0;130;Houborg et al. (2023);Experiment 2;Orientation;2;19;73.0;60.0;-16.0;55.0;10;7
8;179;173;-6;3.44317543786019;7;62.0;131;Houborg et al. (2023);Experiment 2;Orientation;2;19;62.0;-45.0;-58.0;46.0;11;7
8;86;86;0;3.69576048059389;7;-87.0;132;Houborg et al. (2023);Experiment 2;Orientation;2;19;-87.0;-25.0;48.0;35.0;12;7
8;122;112;-10;2.27216594479978;7;-36.0;133;Houborg et al. (2023);Experiment 2;Orientation;2;19;-36.0;57.0;-61.0;12.0;13;7
8;116;96;-20;2.14286959823221;7;6.0;134;Houborg et al. (2023);Experiment 2;Orientation;2;19;6.0;-30.0;63.0;-55.0;14;7
8;40;38;-2;2.70721956877969;7;76.0;135;Houborg et al. (2023);Experiment 2;Orientation;2;19;76.0;82.0;46.0;-41.0;15;7
8;75;68;-7;3.19850660534576;7;-35.0;136;Houborg et al. (2023);Experiment 2;Orientation;2;19;-35.0;41.0;47.0;11.0;16;7
8;132;120;-12;2.44432836514898;7;-57.0;137;Houborg et al. (2023);Experiment 2;Orientation;2;19;-57.0;88.0;-16.0;-10.0;17;7
8;13;22;9;2.97539494466037;7;-61.0;138;Houborg et al. (2023);Experiment 2;Orientation;2;19;-61.0;62.0;27.0;-77.0;18;7
8;170;155;-15;2.45773558807559;7;23.0;139;Houborg et al. (2023);Experiment 2;Orientation;2;19;23.0;-38.0;85.0;50.0;19;7
8;141;155;14;3.12941259774379;7;29.0;140;Houborg et al. (2023);Experiment 2;Orientation;2;19;29.0;52.0;-9.0;-66.0;20;7
8;160;160;0;1.63120150519535;8;-19.0;141;Houborg et al. (2023);Experiment 2;Orientation;2;19;;;;;1;8
8;34;31;-3;1.93988206679933;8;-54.0;142;Houborg et al. (2023);Experiment 2;Orientation;2;19;;;;;2;8
8;134;140;6;3.52825398137793;8;80.0;143;Houborg et al. (2023);Experiment 2;Orientation;2;19;;;;;3;8
8;28;31;3;2.82407827675343;8;-74.0;144;Houborg et al. (2023);Experiment 2;Orientation;2;19;;;;;4;8
8;166;151;-15;2.95222726115026;8;42.0;145;Houborg et al. (2023);Experiment 2;Orientation;2;19;42.0;-32.0;48.0;-6.0;5;8
8;139;145;6;3.14193155034445;8;27.0;146;Houborg et al. (2023);Experiment 2;Orientation;2;19;27.0;69.0;-5.0;75.0;6;8
8;75;61;-14;2.99268823419698;8;64.0;147;Houborg et al. (2023);Experiment 2;Orientation;2;19;64.0;-89.0;-47.0;59.0;7;8
8;5;20;15;3.03136029932648;8;70.0;148;Houborg et al. (2023);Experiment 2;Orientation;2;19;70.0;-46.0;-19.0;23.0;8;8
8;20;22;2;2.3890750487335;8;-15.0;149;Houborg et al. (2023);Experiment 2;Orientation;2;19;-15.0;55.0;-61.0;-34.0;9;8
8;130;131;1;3.89579288242385;8;70.0;150;Houborg et al. (2023);Experiment 2;Orientation;2;19;70.0;55.0;-55.0;9.0;10;8
8;128;140;12;4.46766671538353;8;2.0;151;Houborg et al. (2023);Experiment 2;Orientation;2;19;2.0;72.0;57.0;-53.0;11;8
8;36;39;3;2.84513210598379;8;-88.0;152;Houborg et al. (2023);Experiment 2;Orientation;2;19;-88.0;-86.0;-16.0;-31.0;12;8
8;97;104;7;3.22700112801977;8;-61.0;153;Houborg et al. (2023);Experiment 2;Orientation;2;19;-61.0;31.0;33.0;-77.0;13;8
8;104;100;-4;2.30763739277609;8;-7.0;154;Houborg et al. (2023);Experiment 2;Orientation;2;19;-7.0;-68.0;24.0;26.0;14;8
8;3;18;15;5.50151342945173;8;-79.0;155;Houborg et al. (2023);Experiment 2;Orientation;2;19;-79.0;-86.0;33.0;-55.0;15;8
8;93;95;2;2.75069348770194;8;-90.0;156;Houborg et al. (2023);Experiment 2;Orientation;2;19;90.0;11.0;4.0;-57.0;16;8
8;115;108;-7;3.47674141777679;8;-22.0;157;Houborg et al. (2023);Experiment 2;Orientation;2;19;-22.0;68.0;-11.0;-18.0;17;8
8;9;24;15;2.42937586712651;8;-74.0;158;Houborg et al. (2023);Experiment 2;Orientation;2;19;-74.0;84.0;-6.0;-85.0;18;8
8;121;111;-10;3.23493681615219;8;68.0;159;Houborg et al. (2023);Experiment 2;Orientation;2;19;68.0;-6.0;-28.0;62.0;19;8
8;135;131;-4;2.9978258558549;8;-14.0;160;Houborg et al. (2023);Experiment 2;Orientation;2;19;-14.0;54.0;-20.0;-42.0;20;8
8;3;11;8;2.22878137859516;9;-48.0;161;Houborg et al. (2023);Experiment 2;Orientation;2;19;;;;;1;9
8;109;113;4;3.35334172635339;9;74.0;162;Houborg et al. (2023);Experiment 2;Orientation;2;19;;;;;2;9
8;1;5;4;4.37941939965822;9;-72.0;163;Houborg et al. (2023);Experiment 2;Orientation;2;19;;;;;3;9
8;72;73;1;2.87510141078383;9;-71.0;164;Houborg et al. (2023);Experiment 2;Orientation;2;19;;;;;4;9
8;65;57;-8;2.93103522900492;9;7.0;165;Houborg et al. (2023);Experiment 2;Orientation;2;19;7.0;-64.0;44.0;-62.0;5;9
8;93;96;3;2.79732041037641;9;-28.0;166;Houborg et al. (2023);Experiment 2;Orientation;2;19;-28.0;-21.0;88.0;16.0;6;9
8;91;90;-1;3.24276831140742;9;2.0;167;Houborg et al. (2023);Experiment 2;Orientation;2;19;2.0;-26.0;-19.0;90.0;7;9
8;144;138;-6;3.69381636520848;9;-53.0;168;Houborg et al. (2023);Experiment 2;Orientation;2;19;-53.0;-51.0;-79.0;-72.0;8;9
8;111;108;-3;2.37737387348898;9;33.0;169;Houborg et al. (2023);Experiment 2;Orientation;2;19;33.0;-20.0;-18.0;-46.0;9;9
8;154;145;-9;3.37814960279502;9;-43.0;170;Houborg et al. (2023);Experiment 2;Orientation;2;19;-43.0;-10.0;-63.0;-61.0;10;9
8;35;30;-5;2.91423353366554;9;-61.0;171;Houborg et al. (2023);Experiment 2;Orientation;2;19;-61.0;76.0;-71.0;56.0;11;9
8;62;50;-12;4.09694512933493;9;-27.0;172;Houborg et al. (2023);Experiment 2;Orientation;2;19;-27.0;-88.0;49.0;82.0;12;9
8;8;13;5;3.24865538207814;9;54.0;173;Houborg et al. (2023);Experiment 2;Orientation;2;19;54.0;27.0;-34.0;-77.0;13;9
8;111;126;15;2.83430930715986;9;77.0;174;Houborg et al. (2023);Experiment 2;Orientation;2;19;77.0;-49.0;-76.0;43.0;14;9
8;165;158;-7;2.60880491300486;9;-54.0;175;Houborg et al. (2023);Experiment 2;Orientation;2;19;-54.0;23.0;77.0;50.0;15;9
8;130;125;-5;2.12851659813896;9;35.0;176;Houborg et al. (2023);Experiment 2;Orientation;2;19;35.0;-19.0;58.0;-68.0;16;9
8;69;53;-16;2.391515705036;9;61.0;177;Houborg et al. (2023);Experiment 2;Orientation;2;19;61.0;-84.0;42.0;-61.0;17;9
8;102;113;11;2.77817421359941;9;-33.0;178;Houborg et al. (2023);Experiment 2;Orientation;2;19;-33.0;28.0;63.0;9.0;18;9
8;50;56;6;2.50693425862119;9;52.0;179;Houborg et al. (2023);Experiment 2;Orientation;2;19;52.0;19.0;80.0;-65.0;19;9
8;62;69;7;2.61339467042126;9;-12.0;180;Houborg et al. (2023);Experiment 2;Orientation;2;19;-12.0;40.0;7.0;68.0;20;9
8;2;13;11;2.59090192359872;10;60.0;181;Houborg et al. (2023);Experiment 2;Orientation;2;19;;;;;1;10
8;161;156;-5;3.07972109620459;10;21.0;182;Houborg et al. (2023);Experiment 2;Orientation;2;19;;;;;2;10
8;81;69;-12;2.87515242490917;10;80.0;183;Houborg et al. (2023);Experiment 2;Orientation;2;19;;;;;3;10
8;5;8;3;3.09820379572921;10;76.0;184;Houborg et al. (2023);Experiment 2;Orientation;2;19;;;;;4;10
8;133;128;-5;3.61621066951193;10;52.0;185;Houborg et al. (2023);Experiment 2;Orientation;2;19;52.0;-52.0;28.0;49.0;5;10
8;143;144;1;3.30316543276422;10;-10.0;186;Houborg et al. (2023);Experiment 2;Orientation;2;19;-10.0;42.0;-62.0;18.0;6;10
8;59;49;-10;3.26025854749605;10;84.0;187;Houborg et al. (2023);Experiment 2;Orientation;2;19;84.0;74.0;-54.0;22.0;7;10
8;2;9;7;2.56114935316145;10;57.0;188;Houborg et al. (2023);Experiment 2;Orientation;2;19;57.0;-39.0;-49.0;3.0;8;10
8;148;150;2;2.75871760118753;10;34.0;189;Houborg et al. (2023);Experiment 2;Orientation;2;19;34.0;-89.0;-5.0;-15.0;9;10
8;44;27;-17;2.99275749013759;10;-76.0;190;Houborg et al. (2023);Experiment 2;Orientation;2;19;-76.0;-42.0;15.0;-81.0;10;10
8;175;174;-1;3.8957795877941;10;49.0;191;Houborg et al. (2023);Experiment 2;Orientation;2;19;49.0;-27.0;7.0;64.0;11;10
8;123;121;-2;2.17371913488023;10;52.0;192;Houborg et al. (2023);Experiment 2;Orientation;2;19;52.0;-79.0;25.0;59.0;12;10
8;7;15;8;3.57812728034332;10;-64.0;193;Houborg et al. (2023);Experiment 2;Orientation;2;19;-64.0;-12.0;37.0;-39.0;13;10
8;92;100;8;3.07458718470298;10;-85.0;194;Houborg et al. (2023);Experiment 2;Orientation;2;19;-85.0;31.0;83.0;-48.0;14;10
8;61;57;-4;2.80885122832842;10;31.0;195;Houborg et al. (2023);Experiment 2;Orientation;2;19;31.0;-54.0;62.0;-66.0;15;10
8;102;115;13;3.39413723070174;10;-41.0;196;Houborg et al. (2023);Experiment 2;Orientation;2;19;-41.0;-10.0;85.0;21.0;16;10
8;36;36;0;3.84479757468216;10;66.0;197;Houborg et al. (2023);Experiment 2;Orientation;2;19;66.0;25.0;56.0;-29.0;17;10
8;97;102;5;3.21018768381327;10;-61.0;198;Houborg et al. (2023);Experiment 2;Orientation;2;19;-61.0;5.0;-36.0;-5.0;18;10
8;87;75;-12;2.94276639446616;10;10.0;199;Houborg et al. (2023);Experiment 2;Orientation;2;19;10.0;-51.0;15.0;-26.0;19;10
8;163;164;1;3.10668209241703;10;-76.0;200;Houborg et al. (2023);Experiment 2;Orientation;2;19;-76.0;-66.0;53.0;-61.0;20;10
9;38;41;3;5.56497360000503;1;;1;Houborg et al. (2023);Experiment 2;Orientation;2;19;;;;;1;1
9;117;129;12;2.27908029998071;1;-79.0;2;Houborg et al. (2023);Experiment 2;Orientation;2;19;;;;;2;1
9;34;43;9;3.94728690001648;1;83.0;3;Houborg et al. (2023);Experiment 2;Orientation;2;19;;;;;3;1
9;25;22;-3;1.77881580000394;1;9.0;4;Houborg et al. (2023);Experiment 2;Orientation;2;19;;;;;4;1
9;87;89;2;2.7295049999957;1;-62.0;5;Houborg et al. (2023);Experiment 2;Orientation;2;19;-62.0;-53.0;30.0;-49.0;5;1
9;178;171;-7;2.87974849998136;1;89.0;6;Houborg et al. (2023);Experiment 2;Orientation;2;19;89.0;27.0;36.0;-61.0;6;1
9;155;169;14;1.71200160001172;1;23.0;7;Houborg et al. (2023);Experiment 2;Orientation;2;19;23.0;-68.0;50.0;59.0;7;1
9;123;125;2;2.06239899998764;1;32.0;8;Houborg et al. (2023);Experiment 2;Orientation;2;19;32.0;55.0;-36.0;82.0;8;1
9;9;8;-1;2.62944950000383;1;-66.0;9;Houborg et al. (2023);Experiment 2;Orientation;2;19;-66.0;-34.0;-11.0;78.0;9;1
9;53;25;-28;2.36267240002053;1;-44.0;10;Houborg et al. (2023);Experiment 2;Orientation;2;19;-44.0;70.0;-78.0;-55.0;10;1
9;142;148;6;1.96223359997384;1;-89.0;11;Houborg et al. (2023);Experiment 2;Orientation;2;19;-89.0;47.0;-19.0;13.0;11;1
9;129;143;14;1.82887980001396;1;13.0;12;Houborg et al. (2023);Experiment 2;Orientation;2;19;13.0;-76.0;60.0;-6.0;12;1
9;52;51;-1;1.49525820001145;1;77.0;13;Houborg et al. (2023);Experiment 2;Orientation;2;19;77.0;90.0;1.0;-43.0;13;1
9;83;65;-18;2.76288789999671;1;-31.0;14;Houborg et al. (2023);Experiment 2;Orientation;2;19;-31.0;46.0;59.0;-30.0;14;1
9;162;152;-10;1.99570379999932;1;-79.0;15;Houborg et al. (2023);Experiment 2;Orientation;2;19;-79.0;70.0;-33.0;-20.0;15;1
9;28;35;7;3.31345369998598;1;-46.0;16;Houborg et al. (2023);Experiment 2;Orientation;2;19;-46.0;55.0;24.0;-79.0;16;1
9;150;146;-4;1.39506889999029;1;58.0;17;Houborg et al. (2023);Experiment 2;Orientation;2;19;58.0;12.0;-67.0;82.0;17;1
9;16;39;23;3.99734859997989;1;-46.0;18;Houborg et al. (2023);Experiment 2;Orientation;2;19;-46.0;12.0;-34.0;67.0;18;1
9;60;53;-7;4.03074119999656;1;-44.0;19;Houborg et al. (2023);Experiment 2;Orientation;2;19;-44.0;90.0;-32.0;-78.0;19;1
9;54;53;-1;2.39604210000834;1;6.0;20;Houborg et al. (2023);Experiment 2;Orientation;2;19;6.0;-38.0;-84.0;-26.0;20;1
9;106;117;11;6.0656813000096;2;-52.0;21;Houborg et al. (2023);Experiment 2;Orientation;2;19;;;;;1;2
9;47;38;-9;1.27849679999053;2;59.0;22;Houborg et al. (2023);Experiment 2;Orientation;2;19;;;;;2;2
9;89;87;-2;2.39610069998889;2;-42.0;23;Houborg et al. (2023);Experiment 2;Orientation;2;19;;;;;3;2
9;146;135;-11;1.69534569999087;2;-57.0;24;Houborg et al. (2023);Experiment 2;Orientation;2;19;;;;;4;2
9;115;117;2;1.71210730000166;2;31.0;25;Houborg et al. (2023);Experiment 2;Orientation;2;19;31.0;-26.0;-68.0;-9.0;5;2
9;44;36;-8;1.64522459998261;2;71.0;26;Houborg et al. (2023);Experiment 2;Orientation;2;19;71.0;-78.0;45.0;3.0;6;2
9;160;154;-6;1.26180820001173;2;64.0;27;Houborg et al. (2023);Experiment 2;Orientation;2;19;64.0;-45.0;-14.0;-71.0;7;2
9;122;141;19;2.01217480000923;2;38.0;28;Houborg et al. (2023);Experiment 2;Orientation;2;19;38.0;-78.0;-7.0;24.0;8;2
9;177;157;-20;1.71208009999827;2;-55.0;29;Houborg et al. (2023);Experiment 2;Orientation;2;19;-55.0;-17.0;47.0;-62.0;9;2
9;142;151;9;1.31181129999459;2;35.0;30;Houborg et al. (2023);Experiment 2;Orientation;2;19;35.0;-20.0;18.0;82.0;10;2
9;125;137;12;0.994902300008107;2;17.0;31;Houborg et al. (2023);Experiment 2;Orientation;2;19;17.0;52.0;-3.0;35.0;11;2
9;85;100;15;3.31342369999038;2;40.0;32;Houborg et al. (2023);Experiment 2;Orientation;2;19;40.0;57.0;-88.0;37.0;12;2
9;38;39;1;2.94634550000774;2;47.0;33;Houborg et al. (2023);Experiment 2;Orientation;2;19;47.0;87.0;-76.0;-41.0;13;2
9;36;32;-4;1.72868030000245;2;2.0;34;Houborg et al. (2023);Experiment 2;Orientation;2;19;2.0;49.0;89.0;-74.0;14;2
9;51;49;-2;1.62857139998232;2;-15.0;35;Houborg et al. (2023);Experiment 2;Orientation;2;19;-15.0;-13.0;34.0;74.0;15;2
9;143;124;-19;1.57835019999766;2;88.0;36;Houborg et al. (2023);Experiment 2;Orientation;2;19;88.0;73.0;75.0;-58.0;16;2
9;116;120;4;1.36185169999953;2;27.0;37;Houborg et al. (2023);Experiment 2;Orientation;2;19;27.0;-65.0;-80.0;-78.0;17;2
9;128;122;-6;1.22838819999015;2;-12.0;38;Houborg et al. (2023);Experiment 2;Orientation;2;19;-12.0;15.0;-77.0;88.0;18;2
9;66;51;-15;3.11320469999919;2;62.0;39;Houborg et al. (2023);Experiment 2;Orientation;2;19;62.0;50.0;77.0;-15.0;19;2
9;115;116;1;1.36178639999707;2;-49.0;40;Houborg et al. (2023);Experiment 2;Orientation;2;19;-49.0;13.0;1.0;28.0;20;2
9;137;130;-7;1.97900160000427;3;-22.0;41;Houborg et al. (2023);Experiment 2;Orientation;2;19;;;;;1;3
9;104;123;19;1.47819730002084;3;33.0;42;Houborg et al. (2023);Experiment 2;Orientation;2;19;;;;;2;3
9;28;19;-9;2.01232830001391;3;76.0;43;Houborg et al. (2023);Experiment 2;Orientation;2;19;;;;;3;3
9;111;132;21;1.26164669997524;3;-83.0;44;Houborg et al. (2023);Experiment 2;Orientation;2;19;;;;;4;3
9;114;128;14;1.61201509999228;3;-3.0;45;Houborg et al. (2023);Experiment 2;Orientation;2;19;-3.0;-86.0;-10.0;23.0;5;3
9;41;38;-3;1.22835039999336;3;73.0;46;Houborg et al. (2023);Experiment 2;Orientation;2;19;73.0;70.0;-13.0;63.0;6;3
9;58;54;-4;2.27919270002167;3;-17.0;47;Houborg et al. (2023);Experiment 2;Orientation;2;19;-17.0;56.0;53.0;-30.0;7;3
9;75;58;-17;1.57864890000201;3;-17.0;48;Houborg et al. (2023);Experiment 2;Orientation;2;19;-17.0;-34.0;39.0;36.0;8;3
9;177;141;-36;3.36345190001884;3;78.0;49;Houborg et al. (2023);Experiment 2;Orientation;2;19;78.0;61.0;44.0;-63.0;9;3
9;175;160;-15;2.07913629998802;3;2.0;50;Houborg et al. (2023);Experiment 2;Orientation;2;19;2.0;80.0;63.0;46.0;10;3
9;160;150;-10;1.92886620000354;3;15.0;51;Houborg et al. (2023);Experiment 2;Orientation;2;19;15.0;17.0;-85.0;78.0;11;3
9;151;143;-8;3.07993179999175;3;9.0;52;Houborg et al. (2023);Experiment 2;Orientation;2;19;9.0;24.0;26.0;-76.0;12;3
9;81;70;-11;1.76202779999585;3;70.0;53;Houborg et al. (2023);Experiment 2;Orientation;2;19;70.0;79.0;-86.0;-84.0;13;3
9;134;134;0;2.04573240000173;3;-53.0;54;Houborg et al. (2023);Experiment 2;Orientation;2;19;-53.0;17.0;26.0;41.0;14;3
9;53;35;-18;6.53278529999079;3;81.0;55;Houborg et al. (2023);Experiment 2;Orientation;2;19;81.0;28.0;-82.0;-73.0;15;3
9;5;2;-3;1.74542620001012;3;48.0;56;Houborg et al. (2023);Experiment 2;Orientation;2;19;48.0;-51.0;76.0;-34.0;16;3
9;91;89;-2;1.6120540999982;3;-86.0;57;Houborg et al. (2023);Experiment 2;Orientation;2;19;-86.0;-38.0;43.0;-10.0;17;3
9;40;37;-3;1.4953555999964;3;51.0;58;Houborg et al. (2023);Experiment 2;Orientation;2;19;51.0;-35.0;13.0;-86.0;18;3
9;39;41;2;1.51197870000033;3;1.0;59;Houborg et al. (2023);Experiment 2;Orientation;2;19;1.0;52.0;-34.0;14.0;19;3
9;26;30;4;1.3785787000088;3;13.0;60;Houborg et al. (2023);Experiment 2;Orientation;2;19;13.0;14.0;65.0;-21.0;20;3
9;170;139;-31;1.36191370000597;4;36.0;61;Houborg et al. (2023);Experiment 2;Orientation;2;19;;;;;1;4
9;91;89;-2;1.27841470000567;4;79.0;62;Houborg et al. (2023);Experiment 2;Orientation;2;19;;;;;2;4
9;133;133;0;1.54544049999095;4;-42.0;63;Houborg et al. (2023);Experiment 2;Orientation;2;19;;;;;3;4
9;83;71;-12;1.56191930000205;4;50.0;64;Houborg et al. (2023);Experiment 2;Orientation;2;19;;;;;4;4
9;79;79;0;1.89558499999112;4;4.0;65;Houborg et al. (2023);Experiment 2;Orientation;2;19;4.0;54.0;12.0;-89.0;5;4
9;86;86;0;1.42843739999807;4;-7.0;66;Houborg et al. (2023);Experiment 2;Orientation;2;19;-7.0;-3.0;47.0;5.0;6;4
9;117;108;-9;1.74534999998286;4;-31.0;67;Houborg et al. (2023);Experiment 2;Orientation;2;19;-31.0;-38.0;-34.0;16.0;7;4
9;29;32;3;1.71213510000962;4;88.0;68;Houborg et al. (2023);Experiment 2;Orientation;2;19;88.0;57.0;50.0;54.0;8;4
9;28;13;-15;7.13340329998755;4;1.0;69;Houborg et al. (2023);Experiment 2;Orientation;2;19;1.0;89.0;58.0;51.0;9;4
9;166;154;-12;0.861299500014866;4;42.0;70;Houborg et al. (2023);Experiment 2;Orientation;2;19;42.0;43.0;-49.0;-80.0;10;4
9;66;29;-37;3.81396500000847;4;-80.0;71;Houborg et al. (2023);Experiment 2;Orientation;2;19;-80.0;-38.0;-37.0;51.0;11;4
9;125;130;5;2.14573190000374;4;-59.0;72;Houborg et al. (2023);Experiment 2;Orientation;2;19;-59.0;41.0;83.0;84.0;12;4
9;156;146;-10;1.09490940000978;4;-31.0;73;Houborg et al. (2023);Experiment 2;Orientation;2;19;-31.0;90.0;10.0;52.0;13;4
9;155;133;-22;3.99734679999528;4;1.0;74;Houborg et al. (2023);Experiment 2;Orientation;2;19;1.0;-30.0;-89.0;11.0;14;4
9;75;70;-5;1.64539349998813;4;80.0;75;Houborg et al. (2023);Experiment 2;Orientation;2;19;80.0;81.0;50.0;-9.0;15;4
9;92;99;7;2.11236719999579;4;-17.0;76;Houborg et al. (2023);Experiment 2;Orientation;2;19;-17.0;63.0;64.0;33.0;16;4
9;82;68;-14;1.47862830001395;4;10.0;77;Houborg et al. (2023);Experiment 2;Orientation;2;19;10.0;-7.0;73.0;74.0;17;4
9;57;59;2;1.34504420001758;4;25.0;78;Houborg et al. (2023);Experiment 2;Orientation;2;19;25.0;35.0;18.0;-82.0;18;4
9;69;54;-15;1.49532510002609;4;-12.0;79;Houborg et al. (2023);Experiment 2;Orientation;2;19;-12.0;13.0;23.0;6.0;19;4
9;36;34;-2;1.7954708999896;4;33.0;80;Houborg et al. (2023);Experiment 2;Orientation;2;19;33.0;21.0;46.0;56.0;20;4
9;50;43;-7;1.09503649998805;5;-14.0;81;Houborg et al. (2023);Experiment 2;Orientation;2;19;;;;;1;5
9;54;42;-12;1.69546899999841;5;-4.0;82;Houborg et al. (2023);Experiment 2;Orientation;2;19;;;;;2;5
9;59;54;-5;1.2616819999821;5;-5.0;83;Houborg et al. (2023);Experiment 2;Orientation;2;19;;;;;3;5
9;173;150;-23;0.961352100013755;5;66.0;84;Houborg et al. (2023);Experiment 2;Orientation;2;19;;;;;4;5
9;42;29;-13;2.36253040001611;5;-49.0;85;Houborg et al. (2023);Experiment 2;Orientation;2;19;-49.0;17.0;12.0;8.0;5;5
9;168;160;-8;1.07829459998175;5;54.0;86;Houborg et al. (2023);Experiment 2;Orientation;2;19;54.0;5.0;71.0;66.0;6;5
9;95;109;14;1.9121116999886;5;73.0;87;Houborg et al. (2023);Experiment 2;Orientation;2;19;73.0;-53.0;78.0;-36.0;7;5
9;54;40;-14;1.37861640000483;5;41.0;88;Houborg et al. (2023);Experiment 2;Orientation;2;19;41.0;-66.0;-12.0;-61.0;8;5
9;78;64;-14;1.3116474999988;5;-24.0;89;Houborg et al. (2023);Experiment 2;Orientation;2;19;-24.0;17.0;90.0;-36.0;9;5
9;159;139;-20;1.36186780000571;5;-81.0;90;Houborg et al. (2023);Experiment 2;Orientation;2;19;-81.0;75.0;-64.0;9.0;10;5
9;100;116;16;1.56198539998149;5;59.0;91;Houborg et al. (2023);Experiment 2;Orientation;2;19;59.0;-22.0;-46.0;-5.0;11;5
9;131;128;-3;1.16137560000061;5;-31.0;92;Houborg et al. (2023);Experiment 2;Orientation;2;19;-31.0;28.0;-53.0;-77.0;12;5
9;19;28;9;3.34657720001996;5;-68.0;93;Houborg et al. (2023);Experiment 2;Orientation;2;19;-68.0;81.0;-40.0;59.0;13;5
9;28;35;7;2.42941949999658;5;-9.0;94;Houborg et al. (2023);Experiment 2;Orientation;2;19;-9.0;-77.0;72.0;-49.0;14;5
9;163;154;-9;1.39503519999562;5;45.0;95;Houborg et al. (2023);Experiment 2;Orientation;2;19;45.0;36.0;-32.0;-63.0;15;5
9;49;41;-8;1.99566620000405;5;-66.0;96;Houborg et al. (2023);Experiment 2;Orientation;2;19;-66.0;-21.0;-30.0;82.0;16;5
9;71;59;-12;1.87901239999337;5;-22.0;97;Houborg et al. (2023);Experiment 2;Orientation;2;19;-22.0;-88.0;-43.0;-52.0;17;5
9;26;31;5;1.46182829997269;5;45.0;98;Houborg et al. (2023);Experiment 2;Orientation;2;19;45.0;23.0;-43.0;2.0;18;5
9;107;116;9;1.54522120000911;5;-81.0;99;Houborg et al. (2023);Experiment 2;Orientation;2;19;-81.0;-36.0;-58.0;56.0;19;5
9;3;139;-44;2.86306990002049;5;-76.0;100;Houborg et al. (2023);Experiment 2;Orientation;2;19;-76.0;23.0;68.0;46.0;20;5
9;72;65;-7;1.22838519999641;6;-69.0;101;Houborg et al. (2023);Experiment 2;Orientation;2;19;;;;;1;6
9;86;100;14;1.51190330000827;6;-14.0;102;Houborg et al. (2023);Experiment 2;Orientation;2;19;;;;;2;6
9;107;127;20;1.74544979998609;6;-21.0;103;Houborg et al. (2023);Experiment 2;Orientation;2;19;;;;;3;6
9;51;47;-4;2.3959513999871;6;56.0;104;Houborg et al. (2023);Experiment 2;Orientation;2;19;;;;;4;6
9;35;40;5;1.3285135999904;6;16.0;105;Houborg et al. (2023);Experiment 2;Orientation;2;19;16.0;72.0;51.0;37.0;5;6
9;63;56;-7;0.944850500003668;6;-28.0;106;Houborg et al. (2023);Experiment 2;Orientation;2;19;-28.0;-12.0;44.0;23.0;6;6
9;45;28;-17;0.744492300000275;6;18.0;107;Houborg et al. (2023);Experiment 2;Orientation;2;19;18.0;-10.0;6.0;62.0;7;6
9;176;161;-15;1.64546040000278;6;49.0;108;Houborg et al. (2023);Experiment 2;Orientation;2;19;49.0;67.0;39.0;55.0;8;6
9;70;76;6;1.06159459997434;6;-74.0;109;Houborg et al. (2023);Experiment 2;Orientation;2;19;-74.0;-25.0;-7.0;-35.0;9;6
9;110;57;-53;1.1951495000103;6;-40.0;110;Houborg et al. (2023);Experiment 2;Orientation;2;19;-40.0;66.0;-65.0;-47.0;10;6
9;175;155;-20;1.06177589998697;6;-65.0;111;Houborg et al. (2023);Experiment 2;Orientation;2;19;-65.0;75.0;1.0;50.0;11;6
9;20;32;12;0.844571399997221;6;-25.0;112;Houborg et al. (2023);Experiment 2;Orientation;2;19;-25.0;90.0;50.0;-24.0;12;6
9;157;148;-9;1.46181450001313;6;43.0;113;Houborg et al. (2023);Experiment 2;Orientation;2;19;43.0;18.0;-47.0;-87.0;13;6
9;174;155;-19;1.42850179999368;6;-17.0;114;Houborg et al. (2023);Experiment 2;Orientation;2;19;-17.0;26.0;1.0;-64.0;14;6
9;47;56;9;1.0614831999992;6;-53.0;115;Houborg et al. (2023);Experiment 2;Orientation;2;19;-53.0;-70.0;-27.0;-52.0;15;6
9;79;76;-3;0.944731299998239;6;-32.0;116;Houborg et al. (2023);Experiment 2;Orientation;2;19;-32.0;-85.0;78.0;-59.0;16;6
9;89;80;-9;1.67862580000656;6;-10.0;117;Houborg et al. (2023);Experiment 2;Orientation;2;19;-10.0;-42.0;85.0;68.0;17;6
9;46;56;10;1.74553720001131;6;43.0;118;Houborg et al. (2023);Experiment 2;Orientation;2;19;43.0;33.0;1.0;-52.0;18;6
9;38;56;18;1.62868580000941;6;8.0;119;Houborg et al. (2023);Experiment 2;Orientation;2;19;8.0;51.0;41.0;9.0;19;6
9;47;56;9;1.21181040001102;6;-9.0;120;Houborg et al. (2023);Experiment 2;Orientation;2;19;-9.0;-1.0;42.0;32.0;20;6
9;55;55;0;1.22830610000528;7;-8.0;121;Houborg et al. (2023);Experiment 2;Orientation;2;19;;;;;1;7
9;140;128;-12;0.694512299989583;7;-85.0;122;Houborg et al. (2023);Experiment 2;Orientation;2;19;;;;;2;7
9;106;122;16;1.56208830000833;7;34.0;123;Houborg et al. (2023);Experiment 2;Orientation;2;19;;;;;3;7
9;101;124;23;1.29498639999656;7;5.0;124;Houborg et al. (2023);Experiment 2;Orientation;2;19;;;;;4;7
9;124;117;-7;0.87797010000213;7;-23.0;125;Houborg et al. (2023);Experiment 2;Orientation;2;19;-23.0;-18.0;16.0;-69.0;5;7
9;62;50;-12;1.51194939998095;7;62.0;126;Houborg et al. (2023);Experiment 2;Orientation;2;19;62.0;39.0;44.0;78.0;6;7
9;51;49;-2;1.29505050001899;7;11.0;127;Houborg et al. (2023);Experiment 2;Orientation;2;19;11.0;73.0;50.0;55.0;7;7
9;123;119;-4;1.3617249999952;7;-72.0;128;Houborg et al. (2023);Experiment 2;Orientation;2;19;-72.0;-61.0;1.0;-22.0;8;7
9;84;78;-6;1.39519710000604;7;39.0;129;Houborg et al. (2023);Experiment 2;Orientation;2;19;39.0;-33.0;-22.0;40.0;9;7
9;93;95;2;0.661262700014049;7;-9.0;130;Houborg et al. (2023);Experiment 2;Orientation;2;19;-9.0;30.0;-42.0;-31.0;10;7
9;165;162;-3;0.828039799991529;7;-72.0;131;Houborg et al. (2023);Experiment 2;Orientation;2;19;-72.0;-81.0;-42.0;66.0;11;7
9;36;22;-14;1.27839549997589;7;-51.0;132;Houborg et al. (2023);Experiment 2;Orientation;2;19;-51.0;57.0;48.0;87.0;12;7
9;87;62;-25;1.04497770001763;7;-51.0;133;Houborg et al. (2023);Experiment 2;Orientation;2;19;-51.0;78.0;6.0;-3.0;13;7
9;119;129;10;1.42839690000983;7;-32.0;134;Houborg et al. (2023);Experiment 2;Orientation;2;19;-32.0;-83.0;46.0;-26.0;14;7
9;160;156;-4;1.01152510000975;7;-41.0;135;Houborg et al. (2023);Experiment 2;Orientation;2;19;-41.0;-73.0;56.0;5.0;15;7
9;173;157;-16;1.32841360001476;7;-13.0;136;Houborg et al. (2023);Experiment 2;Orientation;2;19;-13.0;-54.0;-86.0;43.0;16;7
9;16;140;-56;2.51283379999222;7;-23.0;137;Houborg et al. (2023);Experiment 2;Orientation;2;19;-23.0;-36.0;-77.0;71.0;17;7
9;141;137;-4;1.07826540002134;7;55.0;138;Houborg et al. (2023);Experiment 2;Orientation;2;19;55.0;32.0;19.0;-22.0;18;7
9;104;113;9;1.27831110000261;7;37.0;139;Houborg et al. (2023);Experiment 2;Orientation;2;19;37.0;-88.0;69.0;56.0;19;7
9;160;160;0;0.828032600024017;7;-56.0;140;Houborg et al. (2023);Experiment 2;Orientation;2;19;-56.0;-19.0;36.0;13.0;20;7
9;26;4;-22;1.16167969998787;8;-46.0;141;Houborg et al. (2023);Experiment 2;Orientation;2;19;;;;;1;8
9;144;138;-6;1.52866830001585;8;62.0;142;Houborg et al. (2023);Experiment 2;Orientation;2;19;;;;;2;8
9;9;15;6;1.21163370000431;8;-45.0;143;Houborg et al. (2023);Experiment 2;Orientation;2;19;;;;;3;8
9;138;127;-11;1.56194310000865;8;51.0;144;Houborg et al. (2023);Experiment 2;Orientation;2;19;;;;;4;8
9;9;10;1;1.51188730000285;8;-51.0;145;Houborg et al. (2023);Experiment 2;Orientation;2;19;-51.0;0.0;-45.0;17.0;5;8
9;78;70;-8;1.31175569997868;8;-69.0;146;Houborg et al. (2023);Experiment 2;Orientation;2;19;-69.0;60.0;-69.0;66.0;6;8
9;10;20;10;1.67840010000509;8;68.0;147;Houborg et al. (2023);Experiment 2;Orientation;2;19;68.0;-1.0;-52.0;-1.0;7;8
9;54;48;-6;3.54683760000626;8;-44.0;148;Houborg et al. (2023);Experiment 2;Orientation;2;19;-44.0;24.0;-45.0;84.0;8;8
9;100;124;24;1.46198390002246;8;-46.0;149;Houborg et al. (2023);Experiment 2;Orientation;2;19;-46.0;90.0;-22.0;89.0;9;8
9;48;42;-6;3.2800547000079;8;52.0;150;Houborg et al. (2023);Experiment 2;Orientation;2;19;52.0;6.0;-38.0;30.0;10;8
9;80;70;-10;2.22915589998593;8;-32.0;151;Houborg et al. (2023);Experiment 2;Orientation;2;19;-32.0;20.0;-26.0;-70.0;11;8
9;14;13;-1;1.36177899999893;8;66.0;152;Houborg et al. (2023);Experiment 2;Orientation;2;19;66.0;34.0;86.0;40.0;12;8
9;74;169;-85;2.57920940002077;8;-60.0;153;Houborg et al. (2023);Experiment 2;Orientation;2;19;-60.0;6.0;-26.0;26.0;13;8
9;31;32;1;1.12832389998948;8;43.0;154;Houborg et al. (2023);Experiment 2;Orientation;2;19;43.0;-17.0;49.0;17.0;14;8
9;87;102;15;0.994723400013754;8;-56.0;155;Houborg et al. (2023);Experiment 2;Orientation;2;19;-56.0;-13.0;-73.0;-7.0;15;8
9;148;128;-20;1.24498849999509;8;-61.0;156;Houborg et al. (2023);Experiment 2;Orientation;2;19;-61.0;63.0;-74.0;46.0;16;8
9;124;123;-1;1.144908199989;8;24.0;157;Houborg et al. (2023);Experiment 2;Orientation;2;19;24.0;-37.0;87.0;-50.0;17;8
9;47;42;-5;1.29503280000063;8;77.0;158;Houborg et al. (2023);Experiment 2;Orientation;2;19;77.0;-79.0;40.0;-16.0;18;8
9;180;167;-13;1.32861309999134;8;47.0;159;Houborg et al. (2023);Experiment 2;Orientation;2;19;47.0;-56.0;-32.0;87.0;19;8
9;102;116;14;1.19500220002374;8;78.0;160;Houborg et al. (2023);Experiment 2;Orientation;2;19;78.0;-55.0;22.0;46.0;20;8
9;5;175;-10;2.74602920000325;9;-83.0;161;Houborg et al. (2023);Experiment 2;Orientation;2;19;;;;;1;9
9;160;149;-11;1.42859060000046;9;25.0;162;Houborg et al. (2023);Experiment 2;Orientation;2;19;;;;;2;9
9;37;30;-7;1.47869079999509;9;-57.0;163;Houborg et al. (2023);Experiment 2;Orientation;2;19;;;;;3;9
9;112;128;16;1.011327300017;9;-75.0;164;Houborg et al. (2023);Experiment 2;Orientation;2;19;;;;;4;9
9;79;67;-12;1.72871520000626;9;33.0;165;Houborg et al. (2023);Experiment 2;Orientation;2;19;33.0;-42.0;81.0;-74.0;5;9
9;61;48;-13;0.928058699995745;9;18.0;166;Houborg et al. (2023);Experiment 2;Orientation;2;19;18.0;51.0;-24.0;-81.0;6;9
9;49;52;3;1.52867560001323;9;12.0;167;Houborg et al. (2023);Experiment 2;Orientation;2;19;12.0;30.0;63.0;-12.0;7;9
9;156;147;-9;1.0783783000079;9;73.0;168;Houborg et al. (2023);Experiment 2;Orientation;2;19;73.0;85.0;-77.0;-44.0;8;9
9;60;35;-25;3.36337279999861;9;-84.0;169;Houborg et al. (2023);Experiment 2;Orientation;2;19;-84.0;-11.0;1.0;19.0;9;9
9;59;46;-13;1.51203290000558;9;1.0;170;Houborg et al. (2023);Experiment 2;Orientation;2;19;1.0;-83.0;-10.0;2.0;10;9
9;69;55;-14;1.02818729999126;9;-10.0;171;Houborg et al. (2023);Experiment 2;Orientation;2;19;-10.0;-9.0;87.0;-20.0;11;9
9;108;116;8;1.22844269999769;9;-39.0;172;Houborg et al. (2023);Experiment 2;Orientation;2;19;-39.0;-49.0;-48.0;48.0;12;9
9;17;165;-32;2.01228140000603;9;-89.0;173;Houborg et al. (2023);Experiment 2;Orientation;2;19;-89.0;52.0;42.0;43.0;13;9
9;104;136;32;1.27831570000853;9;-87.0;174;Houborg et al. (2023);Experiment 2;Orientation;2;19;-87.0;4.0;-35.0;-45.0;14;9
9;144;138;-6;0.928023900021799;9;-40.0;175;Houborg et al. (2023);Experiment 2;Orientation;2;19;-40.0;53.0;-36.0;-75.0;15;9
9;106;126;20;0.84450750000542;9;38.0;176;Houborg et al. (2023);Experiment 2;Orientation;2;19;38.0;-2.0;-89.0;2.0;16;9
9;110;120;10;1.16180530001293;9;-4.0;177;Houborg et al. (2023);Experiment 2;Orientation;2;19;-4.0;34.0;-6.0;87.0;17;9
9;16;17;1;0.978264200006379;9;-86.0;178;Houborg et al. (2023);Experiment 2;Orientation;2;19;-86.0;90.0;-52.0;88.0;18;9
9;38;40;2;1.62867969999206;9;-22.0;179;Houborg et al. (2023);Experiment 2;Orientation;2;19;-22.0;72.0;68.0;-74.0;19;9
9;154;121;-33;1.31185050000204;9;64.0;180;Houborg et al. (2023);Experiment 2;Orientation;2;19;64.0;42.0;-44.0;-48.0;20;9
9;80;69;-11;1.29515279998304;10;74.0;181;Houborg et al. (2023);Experiment 2;Orientation;2;19;;;;;1;10
9;151;139;-12;1.74543660000199;10;-71.0;182;Houborg et al. (2023);Experiment 2;Orientation;2;19;;;;;2;10
9;66;52;-14;1.41187509999145;10;85.0;183;Houborg et al. (2023);Experiment 2;Orientation;2;19;;;;;3;10
9;123;134;11;1.27838840000913;10;-57.0;184;Houborg et al. (2023);Experiment 2;Orientation;2;19;;;;;4;10
9;117;123;6;0.878052300016861;10;6.0;185;Houborg et al. (2023);Experiment 2;Orientation;2;19;6.0;-51.0;34.0;-37.0;5;10
9;121;129;8;1.57849469999201;10;-4.0;186;Houborg et al. (2023);Experiment 2;Orientation;2;19;-4.0;2.0;-55.0;30.0;6;10
9;163;146;-17;1.31163089998881;10;-42.0;187;Houborg et al. (2023);Experiment 2;Orientation;2;19;-42.0;-46.0;-40.0;83.0;7;10
9;169;163;-6;1.96223619999364;10;-6.0;188;Houborg et al. (2023);Experiment 2;Orientation;2;19;-6.0;-48.0;-52.0;-46.0;8;10
9;101;109;8;1.57857009998406;10;68.0;189;Houborg et al. (2023);Experiment 2;Orientation;2;19;68.0;62.0;20.0;16.0;9;10
9;9;21;12;2.17913460001;10;-88.0;190;Houborg et al. (2023);Experiment 2;Orientation;2;19;-88.0;-20.0;-26.0;-68.0;10;10
9;71;41;-30;2.9798296999943;10;-62.0;191;Houborg et al. (2023);Experiment 2;Orientation;2;19;-62.0;30.0;-82.0;-88.0;11;10
9;79;65;-14;1.44514269998763;10;-8.0;192;Houborg et al. (2023);Experiment 2;Orientation;2;19;-8.0;-70.0;22.0;90.0;12;10
9;69;48;-21;1.31184549999307;10;10.0;193;Houborg et al. (2023);Experiment 2;Orientation;2;19;10.0;2.0;-60.0;32.0;13;10
9;78;51;-27;6.23235099998419;10;-9.0;194;Houborg et al. (2023);Experiment 2;Orientation;2;19;-9.0;1.0;-7.0;-69.0;14;10
9;6;11;5;3.58040609999443;10;72.0;195;Houborg et al. (2023);Experiment 2;Orientation;2;19;72.0;63.0;73.0;65.0;15;10
9;103;110;7;1.04481029999442;10;83.0;196;Houborg et al. (2023);Experiment 2;Orientation;2;19;83.0;-25.0;-34.0;-24.0;16;10
9;125;135;10;1.56190770000103;10;-22.0;197;Houborg et al. (2023);Experiment 2;Orientation;2;19;-22.0;61.0;-47.0;-56.0;17;10
9;169;14;25;1.82890459999908;10;-44.0;198;Houborg et al. (2023);Experiment 2;Orientation;2;19;-44.0;-66.0;17.0;89.0;18;10
9;132;130;-2;0.978157100005774;10;37.0;199;Houborg et al. (2023);Experiment 2;Orientation;2;19;37.0;-7.0;-29.0;54.0;19;10
9;176;176;0;1.31175669998629;10;-44.0;200;Houborg et al. (2023);Experiment 2;Orientation;2;19;-44.0;-7.0;-51.0;-73.0;20;10
11;66;49;-17;5.63508788077161;1;;1;Houborg et al. (2023);Experiment 2;Orientation;2;19;;;;;1;1
11;93;102;9;1.52140505611897;1;-27.0;2;Houborg et al. (2023);Experiment 2;Orientation;2;19;;;;;2;1
11;138;49;-89;4.07221702113748;1;-45.0;3;Houborg et al. (2023);Experiment 2;Orientation;2;19;;;;;3;1
11;45;21;-24;1.42172895185649;1;-87.0;4;Houborg et al. (2023);Experiment 2;Orientation;2;19;;;;;4;1
11;30;27;-3;1.92801702721044;1;15.0;5;Houborg et al. (2023);Experiment 2;Orientation;2;19;15.0;-72.0;63.0;36.0;5;1
11;62;148;86;4.01814414886758;1;-32.0;6;Houborg et al. (2023);Experiment 2;Orientation;2;19;-32.0;-17.0;76.0;31.0;6;1
11;2;8;6;2.34574706223793;1;60.0;7;Houborg et al. (2023);Experiment 2;Orientation;2;19;60.0;28.0;43.0;-44.0;7;1
11;66;49;-17;1.09166312147863;1;-64.0;8;Houborg et al. (2023);Experiment 2;Orientation;2;19;-64.0;-4.0;-36.0;-21.0;8;1
11;133;120;-13;1.23793955938891;1;-67.0;9;Houborg et al. (2023);Experiment 2;Orientation;2;19;-67.0;49.0;-71.0;77.0;9;1
11;13;44;31;3.8947178684175;1;-60.0;10;Houborg et al. (2023);Experiment 2;Orientation;2;19;-60.0;53.0;-11.0;49.0;10;1
11;122;129;7;0.995704581029713;1;71.0;11;Houborg et al. (2023);Experiment 2;Orientation;2;19;71.0;11.0;-56.0;60.0;11;1
11;58;45;-13;0.903532860567793;1;64.0;12;Houborg et al. (2023);Experiment 2;Orientation;2;19;64.0;-45.0;75.0;8.0;12;1
11;49;54;5;7.70880720112473;1;9.0;13;Houborg et al. (2023);Experiment 2;Orientation;2;19;9.0;73.0;-36.0;84.0;13;1
11;105;120;15;1.73944402253255;1;-56.0;14;Houborg et al. (2023);Experiment 2;Orientation;2;19;-56.0;-47.0;17.0;88.0;14;1
11;144;146;2;1.42136473930441;1;-39.0;15;Houborg et al. (2023);Experiment 2;Orientation;2;19;-39.0;85.0;-86.0;-22.0;15;1
11;59;138;79;2.93113540299237;1;85.0;16;Houborg et al. (2023);Experiment 2;Orientation;2;19;85.0;46.0;-10.0;-1.0;16;1
11;71;114;43;1.63676764839329;1;-12.0;17;Houborg et al. (2023);Experiment 2;Orientation;2;19;-12.0;73.0;34.0;-22.0;17;1
11;176;6;10;1.45471027493477;1;75.0;18;Houborg et al. (2023);Experiment 2;Orientation;2;19;75.0;63.0;-32.0;-71.0;18;1
11;21;26;5;1.40719941048883;1;-25.0;19;Houborg et al. (2023);Experiment 2;Orientation;2;19;-25.0;50.0;38.0;-57.0;19;1
11;100;63;-37;3.46391730592586;1;-79.0;20;Houborg et al. (2023);Experiment 2;Orientation;2;19;-79.0;76.0;-29.0;-41.0;20;1
11;57;55;-2;1.8706000787206;2;43.0;21;Houborg et al. (2023);Experiment 2;Orientation;2;19;;;;;1;2
11;107;127;20;2.67802351992577;2;-50.0;22;Houborg et al. (2023);Experiment 2;Orientation;2;19;;;;;2;2
11;40;50;10;2.52508428203873;2;67.0;23;Houborg et al. (2023);Experiment 2;Orientation;2;19;;;;;3;2
11;24;51;27;2.52491237875074;2;16.0;24;Houborg et al. (2023);Experiment 2;Orientation;2;19;;;;;4;2
11;121;129;8;1.87775230850093;2;83.0;25;Houborg et al. (2023);Experiment 2;Orientation;2;19;83.0;-81.0;-14.0;-64.0;5;2
11;2;17;15;5.39290731796063;2;-61.0;26;Houborg et al. (2023);Experiment 2;Orientation;2;19;-61.0;22.0;38.0;-75.0;6;2
11;149;130;-19;2.35840638191439;2;33.0;27;Houborg et al. (2023);Experiment 2;Orientation;2;19;33.0;-28.0;55.0;71.0;7;2
11;158;153;-5;1.89458708558232;2;-9.0;28;Houborg et al. (2023);Experiment 2;Orientation;2;19;-9.0;24.0;-37.0;46.0;8;2
11;93;102;9;1.94485180452466;2;65.0;29;Houborg et al. (2023);Experiment 2;Orientation;2;19;65.0;56.0;89.0;28.0;9;2
11;87;106;19;1.53871936979704;2;6.0;30;Houborg et al. (2023);Experiment 2;Orientation;2;19;6.0;71.0;62.0;-85.0;10;2
11;28;28;0;4.83282555872574;2;59.0;31;Houborg et al. (2023);Experiment 2;Orientation;2;19;59.0;65.0;-50.0;-59.0;11;2
11;123;120;-3;1.18622262845747;2;85.0;32;Houborg et al. (2023);Experiment 2;Orientation;2;19;85.0;-36.0;-30.0;35.0;12;2
11;67;60;-7;2.29581594699994;2;56.0;33;Houborg et al. (2023);Experiment 2;Orientation;2;19;56.0;-39.0;20.0;26.0;13;2
11;154;156;2;1.19251070381142;2;-87.0;34;Houborg et al. (2023);Experiment 2;Orientation;2;19;-87.0;-31.0;54.0;-67.0;14;2
11;174;167;-7;6.17512620682828;2;-20.0;35;Houborg et al. (2023);Experiment 2;Orientation;2;19;-20.0;73.0;-51.0;34.0;15;2
11;177;17;20;4.64853096869774;2;-3.0;36;Houborg et al. (2023);Experiment 2;Orientation;2;19;-3.0;-23.0;70.0;-54.0;16;2
11;78;11;-67;2.07238397747278;2;-81.0;37;Houborg et al. (2023);Experiment 2;Orientation;2;19;-81.0;-84.0;76.0;-11.0;17;2
11;149;149;0;1.20221798564307;2;-71.0;38;Houborg et al. (2023);Experiment 2;Orientation;2;19;-71.0;28.0;25.0;5.0;18;2
11;128;137;9;1.80597895849496;2;21.0;39;Houborg et al. (2023);Experiment 2;Orientation;2;19;21.0;-50.0;49.0;46.0;19;2
11;78;111;33;1.45993168372661;2;50.0;40;Houborg et al. (2023);Experiment 2;Orientation;2;19;50.0;71.0;0.0;-81.0;20;2
11;84;72;-12;1.52160509466194;3;-6.0;41;Houborg et al. (2023);Experiment 2;Orientation;2;19;;;;;1;3
11;62;54;-8;1.10422845091671;3;22.0;42;Houborg et al. (2023);Experiment 2;Orientation;2;19;;;;;2;3
11;40;51;11;1.06290301424451;3;22.0;43;Houborg et al. (2023);Experiment 2;Orientation;2;19;;;;;3;3
11;115;132;17;1.40437011653557;3;-75.0;44;Houborg et al. (2023);Experiment 2;Orientation;2;19;;;;;4;3
11;132;123;-9;0.836204263148829;3;-17.0;45;Houborg et al. (2023);Experiment 2;Orientation;2;19;-17.0;88.0;-70.0;-48.0;5;3
11;69;73;4;1.30939723760821;3;63.0;46;Houborg et al. (2023);Experiment 2;Orientation;2;19;63.0;46.0;-29.0;-7.0;6;3
11;87;75;-12;1.62221739208326;3;-18.0;47;Houborg et al. (2023);Experiment 2;Orientation;2;19;-18.0;45.0;28.0;-47.0;7;3
11;68;69;1;1.16323488694616;3;19.0;48;Houborg et al. (2023);Experiment 2;Orientation;2;19;19.0;1.0;64.0;47.0;8;3
11;146;135;-11;1.10856437217444;3;-78.0;49;Houborg et al. (2023);Experiment 2;Orientation;2;19;-78.0;-59.0;-77.0;-14.0;9;3
11;68;58;-10;0.86074748262763;3;78.0;50;Houborg et al. (2023);Experiment 2;Orientation;2;19;78.0;0.0;19.0;1.0;10;3
11;82;58;-24;1.30951070622541;3;-14.0;51;Houborg et al. (2023);Experiment 2;Orientation;2;19;-14.0;64.0;-14.0;5.0;11;3
11;3;10;7;1.87203528592363;3;79.0;52;Houborg et al. (2023);Experiment 2;Orientation;2;19;79.0;65.0;-37.0;65.0;12;3
11;135;151;16;1.50504270382226;3;48.0;53;Houborg et al. (2023);Experiment 2;Orientation;2;19;48.0;-53.0;-67.0;11.0;13;3
11;171;18;27;3.33270807098597;3;-36.0;54;Houborg et al. (2023);Experiment 2;Orientation;2;19;-36.0;12.0;-89.0;77.0;14;3
11;87;77;-10;1.3593676185701;3;84.0;55;Houborg et al. (2023);Experiment 2;Orientation;2;19;84.0;48.0;-84.0;-5.0;15;3
11;2;8;6;1.65811025071889;3;85.0;56;Houborg et al. (2023);Experiment 2;Orientation;2;19;85.0;-11.0;-47.0;1.0;16;3
11;13;29;16;1.12975114840083;3;-11.0;57;Houborg et al. (2023);Experiment 2;Orientation;2;19;-11.0;74.0;-22.0;-58.0;17;3
11;26;43;17;2.09011630062014;3;-13.0;58;Houborg et al. (2023);Experiment 2;Orientation;2;19;-13.0;-24.0;61.0;-35.0;18;3
11;21;32;11;1.79014282813296;3;5.0;59;Houborg et al. (2023);Experiment 2;Orientation;2;19;5.0;-8.0;-19.0;66.0;19;3
11;21;35;14;1.90613521728665;3;0.0;60;Houborg et al. (2023);Experiment 2;Orientation;2;19;0.0;5.0;-8.0;-19.0;20;3
11;66;50;-16;0.958016321994364;4;-45.0;61;Houborg et al. (2023);Experiment 2;Orientation;2;19;;;;;1;4
11;168;64;76;1.72108437609859;4;78.0;62;Houborg et al. (2023);Experiment 2;Orientation;2;19;;;;;2;4
11;134;125;-9;1.2016135416925;4;34.0;63;Houborg et al. (2023);Experiment 2;Orientation;2;19;;;;;3;4
11;100;111;11;1.09576561278664;4;34.0;64;Houborg et al. (2023);Experiment 2;Orientation;2;19;;;;;4;4
11;141;147;6;1.54345876909792;4;-41.0;65;Houborg et al. (2023);Experiment 2;Orientation;2;19;-41.0;-7.0;27.0;-75.0;5;4
11;86;108;22;2.49123602220789;4;55.0;66;Houborg et al. (2023);Experiment 2;Orientation;2;19;55.0;14.0;48.0;82.0;6;4
11;104;129;25;1.67129393736832;4;-18.0;67;Houborg et al. (2023);Experiment 2;Orientation;2;19;-18.0;37.0;-4.0;30.0;7;4
11;170;155;-15;0.667288528056815;4;-66.0;68;Houborg et al. (2023);Experiment 2;Orientation;2;19;-66.0;-84.0;-29.0;-70.0;8;4
11;166;164;-2;0.820025871973485;4;4.0;69;Houborg et al. (2023);Experiment 2;Orientation;2;19;4.0;-62.0;-80.0;-25.0;9;4
11;178;175;-3;4.4817621698603;4;-12.0;70;Houborg et al. (2023);Experiment 2;Orientation;2;19;-12.0;-8.0;-74.0;88.0;10;4
11;139;146;7;2.27948327595368;4;39.0;71;Houborg et al. (2023);Experiment 2;Orientation;2;19;39.0;27.0;31.0;-35.0;11;4
11;155;154;-1;1.33654095884413;4;-16.0;72;Houborg et al. (2023);Experiment 2;Orientation;2;19;-16.0;23.0;11.0;15.0;12;4
11;90;171;81;4.46358153782785;4;65.0;73;Houborg et al. (2023);Experiment 2;Orientation;2;19;65.0;49.0;88.0;76.0;13;4
11;128;127;-1;1.42458576243371;4;-38.0;74;Houborg et al. (2023);Experiment 2;Orientation;2;19;-38.0;27.0;11.0;50.0;14;4
11;71;73;2;1.44310927344486;4;57.0;75;Houborg et al. (2023);Experiment 2;Orientation;2;19;57.0;19.0;84.0;68.0;15;4
11;142;57;-85;4.88171814288944;4;-71.0;76;Houborg et al. (2023);Experiment 2;Orientation;2;19;-71.0;-14.0;-52.0;13.0;16;4
11;42;54;12;0.700700536835939;4;-80.0;77;Houborg et al. (2023);Experiment 2;Orientation;2;19;-80.0;29.0;86.0;48.0;17;4
11;94;111;17;1.82302274066024;4;-52.0;78;Houborg et al. (2023);Experiment 2;Orientation;2;19;-52.0;48.0;-23.0;34.0;18;4
11;83;75;-8;1.99497368279845;4;11.0;79;Houborg et al. (2023);Experiment 2;Orientation;2;19;11.0;-41.0;59.0;-12.0;19;4
11;59;43;-16;1.5217086696066;4;24.0;80;Houborg et al. (2023);Experiment 2;Orientation;2;19;24.0;35.0;-17.0;83.0;20;4
11;133;142;9;1.57237810315564;5;-74.0;81;Houborg et al. (2023);Experiment 2;Orientation;2;19;;;;;1;5
11;171;161;-10;1.84422590327449;5;-38.0;82;Houborg et al. (2023);Experiment 2;Orientation;2;19;;;;;2;5
11;178;2;4;1.12934890692122;5;-7.0;83;Houborg et al. (2023);Experiment 2;Orientation;2;19;;;;;3;5
11;19;36;17;1.20301504828967;5;-21.0;84;Houborg et al. (2023);Experiment 2;Orientation;2;19;;;;;4;5
11;154;160;6;1.88858438236639;5;45.0;85;Houborg et al. (2023);Experiment 2;Orientation;2;19;45.0;24.0;17.0;-21.0;5;5
11;125;130;5;1.18620160431601;5;29.0;86;Houborg et al. (2023);Experiment 2;Orientation;2;19;29.0;74.0;53.0;46.0;6;5
11;37;66;29;1.53091322723776;5;88.0;87;Houborg et al. (2023);Experiment 2;Orientation;2;19;88.0;-63.0;-18.0;-39.0;7;5
11;117;118;1;0.856037764344364;5;-80.0;88;Houborg et al. (2023);Experiment 2;Orientation;2;19;-80.0;8.0;37.0;82.0;8;5
11;32;39;7;0.719529825961217;5;85.0;89;Houborg et al. (2023);Experiment 2;Orientation;2;19;85.0;5.0;-87.0;-58.0;9;5
11;91;87;-4;1.90610955562443;5;-59.0;90;Houborg et al. (2023);Experiment 2;Orientation;2;19;-59.0;26.0;-54.0;34.0;10;5
11;27;42;15;1.05153482453898;5;64.0;91;Houborg et al. (2023);Experiment 2;Orientation;2;19;64.0;5.0;90.0;10.0;11;5
11;155;136;-19;1.40445204870775;5;52.0;92;Houborg et al. (2023);Experiment 2;Orientation;2;19;52.0;-64.0;57.0;-38.0;12;5
11;26;29;3;1.30307113332674;5;-51.0;93;Houborg et al. (2023);Experiment 2;Orientation;2;19;-51.0;1.0;65.0;6.0;13;5
11;156;150;-6;1.34271772974171;5;50.0;94;Houborg et al. (2023);Experiment 2;Orientation;2;19;50.0;-1.0;51.0;-65.0;14;5
11;92;93;1;3.55366351967677;5;64.0;95;Houborg et al. (2023);Experiment 2;Orientation;2;19;64.0;-66.0;63.0;-65.0;15;5
11;69;41;-28;1.90474298596382;5;23.0;96;Houborg et al. (2023);Experiment 2;Orientation;2;19;23.0;87.0;-43.0;86.0;16;5
11;135;145;10;2.1572077581659;5;-66.0;97;Houborg et al. (2023);Experiment 2;Orientation;2;19;-66.0;-43.0;21.0;71.0;17;5
11;167;161;-6;2.07665775413625;5;-32.0;98;Houborg et al. (2023);Experiment 2;Orientation;2;19;-32.0;82.0;-75.0;-11.0;18;5
11;133;157;24;1.30943093798123;5;34.0;99;Houborg et al. (2023);Experiment 2;Orientation;2;19;34.0;2.0;-64.0;-41.0;19;5
11;42;30;-12;1.12045661988668;5;-89.0;100;Houborg et al. (2023);Experiment 2;Orientation;2;19;-89.0;-55.0;-87.0;27.0;20;5
11;131;133;2;2.14309282554314;6;-89.0;101;Houborg et al. (2023);Experiment 2;Orientation;2;19;;;;;1;6
11;172;157;-15;1.4536964779254;6;-41.0;102;Houborg et al. (2023);Experiment 2;Orientation;2;19;;;;;2;6
11;20;21;1;0.918386730598286;6;-28.0;103;Houborg et al. (2023);Experiment 2;Orientation;2;19;;;;;3;6
11;86;73;-13;0.902952841715887;6;-66.0;104;Houborg et al. (2023);Experiment 2;Orientation;2;19;;;;;4;6
11;128;138;10;1.56010216497816;6;-42.0;105;Houborg et al. (2023);Experiment 2;Orientation;2;19;-42.0;72.0;44.0;3.0;5;6
11;167;153;-14;1.57473899121396;6;-39.0;106;Houborg et al. (2023);Experiment 2;Orientation;2;19;-39.0;-81.0;33.0;5.0;6;6
11;22;32;10;1.15872798953205;6;-35.0;107;Houborg et al. (2023);Experiment 2;Orientation;2;19;-35.0;-74.0;64.0;-2.0;7;6
11;136;143;7;1.25236243405379;6;66.0;108;Houborg et al. (2023);Experiment 2;Orientation;2;19;66.0;31.0;-8.0;-50.0;8;6
11;6;16;10;1.00214353553019;6;-50.0;109;Houborg et al. (2023);Experiment 2;Orientation;2;19;-50.0;16.0;-19.0;-58.0;9;6
11;143;129;-14;1.3534091275651;6;43.0;110;Houborg et al. (2023);Experiment 2;Orientation;2;19;43.0;-7.0;59.0;24.0;10;6
11;176;168;-8;3.14257773384452;6;-33.0;111;Houborg et al. (2023);Experiment 2;Orientation;2;19;-33.0;10.0;-40.0;26.0;11;6
11;72;61;-11;1.05827584676445;6;-76.0;112;Houborg et al. (2023);Experiment 2;Orientation;2;19;-76.0;71.0;-66.0;64.0;12;6
11;124;127;3;1.54713273909874;6;-52.0;113;Houborg et al. (2023);Experiment 2;Orientation;2;19;-52.0;52.0;19.0;62.0;13;6
11;112;122;10;1.31964001711458;6;12.0;114;Houborg et al. (2023);Experiment 2;Orientation;2;19;12.0;-40.0;64.0;31.0;14;6
11;73;68;-5;2.02213317179121;6;39.0;115;Houborg et al. (2023);Experiment 2;Orientation;2;19;39.0;51.0;-1.0;-77.0;15;6
11;117;147;30;1.30418881424703;6;-44.0;116;Houborg et al. (2023);Experiment 2;Orientation;2;19;-44.0;-5.0;7.0;-45.0;16;6
11;164;156;-8;1.64115149271674;6;-47.0;117;Houborg et al. (2023);Experiment 2;Orientation;2;19;-47.0;89.0;-52.0;-40.0;17;6
11;115;137;22;1.72095854044892;6;49.0;118;Houborg et al. (2023);Experiment 2;Orientation;2;19;49.0;2.0;-42.0;-3.0;18;6
11;111;114;3;3.0527573172003;6;4.0;119;Houborg et al. (2023);Experiment 2;Orientation;2;19;4.0;53.0;6.0;-38.0;19;6
11;66;63;-3;1.28643855894916;6;45.0;120;Houborg et al. (2023);Experiment 2;Orientation;2;19;45.0;49.0;-82.0;51.0;20;6
11;148;137;-11;1.9900234232191;7;-82.0;121;Houborg et al. (2023);Experiment 2;Orientation;2;19;;;;;1;7
11;173;160;-13;1.21966586424969;7;-25.0;122;Houborg et al. (2023);Experiment 2;Orientation;2;19;;;;;2;7
11;89;85;-4;1.14639794500545;7;84.0;123;Houborg et al. (2023);Experiment 2;Orientation;2;19;;;;;3;7
11;105;122;17;1.47640348551795;7;-16.0;124;Houborg et al. (2023);Experiment 2;Orientation;2;19;;;;;4;7
11;28;43;15;1.29243384185247;7;77.0;125;Houborg et al. (2023);Experiment 2;Orientation;2;19;77.0;61.0;-35.0;-60.0;5;7
11;91;96;5;1.71057199290954;7;-63.0;126;Houborg et al. (2023);Experiment 2;Orientation;2;19;-63.0;14.0;-2.0;82.0;6;7
11;6;8;2;1.69212794071063;7;85.0;127;Houborg et al. (2023);Experiment 2;Orientation;2;19;85.0;22.0;-81.0;83.0;7;7
11;44;36;-8;1.17326958896592;7;-38.0;128;Houborg et al. (2023);Experiment 2;Orientation;2;19;-38.0;47.0;-16.0;61.0;8;7
11;15;29;14;3.55968168214895;7;29.0;129;Houborg et al. (2023);Experiment 2;Orientation;2;19;29.0;-9.0;76.0;13.0;9;7
11;88;79;-9;1.17554050614126;7;-73.0;130;Houborg et al. (2023);Experiment 2;Orientation;2;19;-73.0;-44.0;-82.0;3.0;10;7
11;14;14;0;2.09066045493819;7;74.0;131;Houborg et al. (2023);Experiment 2;Orientation;2;19;74.0;1.0;30.0;-8.0;11;7
11;97;109;12;1.62262519868091;7;-83.0;132;Houborg et al. (2023);Experiment 2;Orientation;2;19;-83.0;-9.0;-82.0;-53.0;12;7
11;98;103;5;1.36363582964987;7;-1.0;133;Houborg et al. (2023);Experiment 2;Orientation;2;19;-1.0;-84.0;-10.0;-83.0;13;7
11;22;159;-43;1.65450182650238;7;76.0;134;Houborg et al. (2023);Experiment 2;Orientation;2;19;76.0;75.0;-8.0;66.0;14;7
11;41;43;2;1.15403032908216;7;-19.0;135;Houborg et al. (2023);Experiment 2;Orientation;2;19;-19.0;57.0;56.0;-27.0;15;7
11;162;155;-7;0.788471099222079;7;59.0;136;Houborg et al. (2023);Experiment 2;Orientation;2;19;59.0;40.0;-64.0;-65.0;16;7
11;42;56;14;3.4435381044168;7;-60.0;137;Houborg et al. (2023);Experiment 2;Orientation;2;19;-60.0;-1.0;-20.0;56.0;17;7
11;70;58;-12;1.80466062086634;7;-28.0;138;Houborg et al. (2023);Experiment 2;Orientation;2;19;-28.0;-88.0;-29.0;-48.0;18;7
11;69;50;-19;0.889007647754624;7;1.0;139;Houborg et al. (2023);Experiment 2;Orientation;2;19;1.0;-27.0;-87.0;-28.0;19;7
11;13;30;17;1.40468980721198;7;56.0;140;Houborg et al. (2023);Experiment 2;Orientation;2;19;56.0;57.0;29.0;-31.0;20;7
11;11;14;3;1.20909597398713;8;2.0;141;Houborg et al. (2023);Experiment 2;Orientation;2;19;;;;;1;8
11;113;138;25;1.34699490712956;8;78.0;142;Houborg et al. (2023);Experiment 2;Orientation;2;19;;;;;2;8
11;88;101;13;1.60287239332683;8;25.0;143;Houborg et al. (2023);Experiment 2;Orientation;2;19;;;;;3;8
11;37;53;16;1.37104467744939;8;51.0;144;Houborg et al. (2023);Experiment 2;Orientation;2;19;;;;;4;8
11;103;119;16;1.33667916175909;8;-66.0;145;Houborg et al. (2023);Experiment 2;Orientation;2;19;-66.0;-15.0;10.0;88.0;5;8
11;27;13;-14;1.23009631526656;8;76.0;146;Houborg et al. (2023);Experiment 2;Orientation;2;19;76.0;10.0;61.0;86.0;6;8
11;34;35;1;1.24238462070934;8;-7.0;147;Houborg et al. (2023);Experiment 2;Orientation;2;19;-7.0;69.0;3.0;54.0;7;8
11;138;130;-8;1.32159711793065;8;76.0;148;Houborg et al. (2023);Experiment 2;Orientation;2;19;76.0;69.0;-35.0;79.0;8;8
11;23;28;5;1.21977964206599;8;-65.0;149;Houborg et al. (2023);Experiment 2;Orientation;2;19;-65.0;11.0;4.0;80.0;9;8
11;139;133;-6;1.40372578823008;8;64.0;150;Houborg et al. (2023);Experiment 2;Orientation;2;19;64.0;-1.0;75.0;68.0;10;8
11;146;158;12;0.772563548525795;8;-7.0;151;Houborg et al. (2023);Experiment 2;Orientation;2;19;-7.0;57.0;-8.0;68.0;11;8
11;91;62;-29;0.941494433674961;8;55.0;152;Houborg et al. (2023);Experiment 2;Orientation;2;19;55.0;48.0;-68.0;47.0;12;8
11;89;97;8;1.69816248957068;8;2.0;153;Houborg et al. (2023);Experiment 2;Orientation;2;19;2.0;57.0;50.0;-66.0;13;8
11;51;38;-13;2.0117831074167;8;38.0;154;Houborg et al. (2023);Experiment 2;Orientation;2;19;38.0;40.0;-85.0;88.0;14;8
11;41;42;1;1.33869438804686;8;10.0;155;Houborg et al. (2023);Experiment 2;Orientation;2;19;10.0;48.0;50.0;-75.0;15;8
11;143;138;-5;1.57201605499722;8;78.0;156;Houborg et al. (2023);Experiment 2;Orientation;2;19;78.0;88.0;-54.0;-52.0;16;8
11;64;68;4;1.70613404270262;8;79.0;157;Houborg et al. (2023);Experiment 2;Orientation;2;19;79.0;-23.0;-13.0;25.0;17;8
11;39;49;10;1.53848377545364;8;25.0;158;Houborg et al. (2023);Experiment 2;Orientation;2;19;25.0;-76.0;2.0;12.0;18;8
11;130;129;-1;1.08572843717411;8;89.0;159;Houborg et al. (2023);Experiment 2;Orientation;2;19;89.0;-66.0;13.0;-89.0;19;8
11;133;118;-15;1.08725052373484;8;-3.0;160;Houborg et al. (2023);Experiment 2;Orientation;2;19;-3.0;86.0;-69.0;10.0;20;8
11;33;34;1;1.12051010760479;9;-80.0;161;Houborg et al. (2023);Experiment 2;Orientation;2;19;;;;;1;9
11;146;149;3;4.92500068014488;9;67.0;162;Houborg et al. (2023);Experiment 2;Orientation;2;19;;;;;2;9
11;12;31;19;1.86096174339764;9;-46.0;163;Houborg et al. (2023);Experiment 2;Orientation;2;19;;;;;3;9
11;90;97;7;1.88735477882437;9;-78.0;164;Houborg et al. (2023);Experiment 2;Orientation;2;19;;;;;4;9
11;157;120;-37;1.36918280366808;9;-67.0;165;Houborg et al. (2023);Experiment 2;Orientation;2;19;-67.0;35.0;-11.0;56.0;5;9
11;154;149;-5;1.7417183406651;9;3.0;166;Houborg et al. (2023);Experiment 2;Orientation;2;19;3.0;-64.0;38.0;-8.0;6;9
11;71;58;-13;6.06969628762454;9;83.0;167;Houborg et al. (2023);Experiment 2;Orientation;2;19;83.0;86.0;19.0;-59.0;7;9
11;71;69;-2;1.43803348764777;9;0.0;168;Houborg et al. (2023);Experiment 2;Orientation;2;19;0.0;83.0;86.0;19.0;8;9
11;12;41;29;2.46117396350019;9;59.0;169;Houborg et al. (2023);Experiment 2;Orientation;2;19;59.0;59.0;-38.0;-35.0;9;9
11;129;132;3;1.17365884478204;9;63.0;170;Houborg et al. (2023);Experiment 2;Orientation;2;19;63.0;-58.0;-58.0;25.0;10;9
11;11;39;28;1.59116967231967;9;-62.0;171;Houborg et al. (2023);Experiment 2;Orientation;2;19;-62.0;1.0;60.0;60.0;11;9
11;98;104;6;2.1602179214824;9;-87.0;172;Houborg et al. (2023);Experiment 2;Orientation;2;19;-87.0;31.0;-86.0;-27.0;12;9
11;108;107;-1;0.952174391597509;9;-10.0;173;Houborg et al. (2023);Experiment 2;Orientation;2;19;-10.0;83.0;21.0;84.0;13;9
11;112;110;-2;1.18610235792585;9;-4.0;174;Houborg et al. (2023);Experiment 2;Orientation;2;19;-4.0;-14.0;79.0;17.0;14;9
11;151;157;6;0.822661929298192;9;-39.0;175;Houborg et al. (2023);Experiment 2;Orientation;2;19;-39.0;-43.0;-53.0;40.0;15;9
11;176;159;-17;1.4391261250712;9;-25.0;176;Houborg et al. (2023);Experiment 2;Orientation;2;19;-25.0;-64.0;-68.0;-78.0;16;9
11;145;127;-18;1.07031928258948;9;31.0;177;Houborg et al. (2023);Experiment 2;Orientation;2;19;31.0;6.0;-33.0;-37.0;17;9
11;5;20;15;1.55286089191213;9;-40.0;178;Houborg et al. (2023);Experiment 2;Orientation;2;19;-40.0;-9.0;-34.0;-73.0;18;9
11;73;72;-1;1.90635009668767;9;-68.0;179;Houborg et al. (2023);Experiment 2;Orientation;2;19;-68.0;72.0;-77.0;78.0;19;9
11;80;72;-8;2.17898537474684;9;-7.0;180;Houborg et al. (2023);Experiment 2;Orientation;2;19;-7.0;-75.0;65.0;-84.0;20;9
11;68;71;3;1.68956577731296;10;12.0;181;Houborg et al. (2023);Experiment 2;Orientation;2;19;;;;;1;10
11;115;126;11;0.952149657299742;10;-47.0;182;Houborg et al. (2023);Experiment 2;Orientation;2;19;;;;;2;10
11;60;125;65;1.68098916159943;10;55.0;183;Houborg et al. (2023);Experiment 2;Orientation;2;19;;;;;3;10
11;105;121;16;1.5391389252618;10;-45.0;184;Houborg et al. (2023);Experiment 2;Orientation;2;19;;;;;4;10
11;72;66;-6;1.25183002837002;10;33.0;185;Houborg et al. (2023);Experiment 2;Orientation;2;19;33.0;-12.0;43.0;-4.0;5;10
11;68;67;-1;1.09575077239424;10;4.0;186;Houborg et al. (2023);Experiment 2;Orientation;2;19;4.0;37.0;-8.0;47.0;6;10
11;148;129;-19;1.68905037641525;10;-80.0;187;Houborg et al. (2023);Experiment 2;Orientation;2;19;-80.0;-76.0;-43.0;-88.0;7;10
11;6;15;9;2.1223960975185;10;-38.0;188;Houborg et al. (2023);Experiment 2;Orientation;2;19;-38.0;62.0;66.0;-81.0;8;10
11;94;107;13;1.61441650567576;10;-88.0;189;Houborg et al. (2023);Experiment 2;Orientation;2;19;-88.0;54.0;-26.0;-22.0;9;10
11;76;70;-6;1.98872518213466;10;18.0;190;Houborg et al. (2023);Experiment 2;Orientation;2;19;18.0;-70.0;72.0;-8.0;10;10
11;73;73;0;1.7105658093933;10;3.0;191;Houborg et al. (2023);Experiment 2;Orientation;2;19;3.0;21.0;-67.0;75.0;11;10
11;148;154;6;1.20447529898956;10;-75.0;192;Houborg et al. (2023);Experiment 2;Orientation;2;19;-75.0;-72.0;-54.0;38.0;12;10
11;38;25;-13;1.43724693730474;10;-70.0;193;Houborg et al. (2023);Experiment 2;Orientation;2;19;-70.0;35.0;38.0;56.0;13;10
11;155;150;-5;1.14684347156435;10;63.0;194;Houborg et al. (2023);Experiment 2;Orientation;2;19;63.0;-7.0;-82.0;-79.0;14;10
11;116;121;5;0.870058706961572;10;39.0;195;Houborg et al. (2023);Experiment 2;Orientation;2;19;39.0;-78.0;32.0;-43.0;15;10
11;155;127;-28;1.37627567094751;10;-39.0;196;Houborg et al. (2023);Experiment 2;Orientation;2;19;-39.0;0.0;63.0;-7.0;16;10
11;174;156;-18;1.72302725468762;10;-19.0;197;Houborg et al. (2023);Experiment 2;Orientation;2;19;-19.0;-58.0;-19.0;44.0;17;10
11;179;17;18;3.40949753532186;10;-5.0;198;Houborg et al. (2023);Experiment 2;Orientation;2;19;-5.0;-24.0;-63.0;-24.0;18;10
11;117;111;-6;8.79565857537091;10;62.0;199;Houborg et al. (2023);Experiment 2;Orientation;2;19;62.0;57.0;38.0;-1.0;19;10
11;126;133;7;0.786472568288445;10;-9.0;200;Houborg et al. (2023);Experiment 2;Orientation;2;19;-9.0;53.0;48.0;29.0;20;10
13;104;127;23;1.84528989996761;1;;1;Houborg et al. (2023);Experiment 2;Orientation;2;19;;;;;1;1
13;41;48;7;2.0789189003408;1;63.0;2;Houborg et al. (2023);Experiment 2;Orientation;2;19;;;;;2;1
13;62;56;-6;2.22910519968718;1;-21.0;3;Houborg et al. (2023);Experiment 2;Orientation;2;19;;;;;3;1
13;43;47;4;1.17830430017784;1;19.0;4;Houborg et al. (2023);Experiment 2;Orientation;2;19;;;;;4;1
13;19;21;2;1.71217950014398;1;24.0;5;Houborg et al. (2023);Experiment 2;Orientation;2;19;24.0;43.0;22.0;85.0;5;1
13;81;82;1;1.76217600004748;1;-62.0;6;Houborg et al. (2023);Experiment 2;Orientation;2;19;-62.0;-38.0;-19.0;-40.0;6;1
13;6;24;18;2.06245050020516;1;75.0;7;Houborg et al. (2023);Experiment 2;Orientation;2;19;75.0;13.0;37.0;56.0;7;1
13;39;46;7;2.19556750031188;1;-33.0;8;Houborg et al. (2023);Experiment 2;Orientation;2;19;-33.0;42.0;-20.0;4.0;8;1
13;10;18;8;1.14497039979324;1;29.0;9;Houborg et al. (2023);Experiment 2;Orientation;2;19;29.0;-4.0;71.0;9.0;9;1
13;38;42;4;1.41178569989279;1;-28.0;10;Houborg et al. (2023);Experiment 2;Orientation;2;19;-28.0;1.0;-32.0;43.0;10;1
13;156;153;-3;1.81220610020682;1;62.0;11;Houborg et al. (2023);Experiment 2;Orientation;2;19;62.0;34.0;63.0;30.0;11;1
13;177;169;-8;2.14575540041551;1;-21.0;12;Houborg et al. (2023);Experiment 2;Orientation;2;19;-21.0;41.0;13.0;42.0;12;1
13;78;74;-4;2.37918950011954;1;-81.0;13;Houborg et al. (2023);Experiment 2;Orientation;2;19;-81.0;78.0;-40.0;-68.0;13;1
13;164;150;-14;1.49536819988862;1;-86.0;14;Houborg et al. (2023);Experiment 2;Orientation;2;19;-86.0;13.0;-8.0;54.0;14;1
13;130;143;13;1.96231030020863;1;34.0;15;Houborg et al. (2023);Experiment 2;Orientation;2;19;34.0;-52.0;47.0;26.0;15;1
13;112;121;9;3.12994220014662;1;18.0;16;Houborg et al. (2023);Experiment 2;Orientation;2;19;18.0;52.0;-34.0;65.0;16;1
13;166;150;-16;2.04563690023497;1;-54.0;17;Houborg et al. (2023);Experiment 2;Orientation;2;19;-54.0;-36.0;-2.0;-88.0;17;1
13;23;153;-50;1.46193180000409;1;-37.0;18;Houborg et al. (2023);Experiment 2;Orientation;2;19;-37.0;89.0;-73.0;-39.0;18;1
13;83;68;-15;2.06237149983644;1;-60.0;19;Houborg et al. (2023);Experiment 2;Orientation;2;19;-60.0;83.0;29.0;47.0;19;1
13;176;133;-43;1.77862940030172;1;87.0;20;Houborg et al. (2023);Experiment 2;Orientation;2;19;87.0;27.0;-10.0;-64.0;20;1
13;5;174;-11;2.61292929993942;2;-9.0;21;Houborg et al. (2023);Experiment 2;Orientation;2;19;;;;;1;2
13;86;81;-5;1.41191600030288;2;-81.0;22;Houborg et al. (2023);Experiment 2;Orientation;2;19;;;;;2;2
13;7;168;-19;5.33168700011447;2;79.0;23;Houborg et al. (2023);Experiment 2;Orientation;2;19;;;;;3;2
13;139;133;-6;1.31183389993384;2;48.0;24;Houborg et al. (2023);Experiment 2;Orientation;2;19;;;;;4;2
13;22;34;12;3.96391100017354;2;-63.0;25;Houborg et al. (2023);Experiment 2;Orientation;2;19;-63.0;-15.0;64.0;-17.0;5;2
13;24;34;10;1.71206040028483;2;-2.0;26;Houborg et al. (2023);Experiment 2;Orientation;2;19;-2.0;-65.0;-17.0;62.0;6;2
13;10;20;10;1.04484390001744;2;14.0;27;Houborg et al. (2023);Experiment 2;Orientation;2;19;14.0;12.0;-51.0;-3.0;7;2
13;99;78;-21;2.29597280034795;2;-89.0;28;Houborg et al. (2023);Experiment 2;Orientation;2;19;-89.0;-75.0;-77.0;40.0;8;2
13;83;75;-8;2.77966560004279;2;16.0;29;Houborg et al. (2023);Experiment 2;Orientation;2;19;16.0;-73.0;-59.0;-61.0;9;2
13;14;19;5;1.77885700017214;2;69.0;30;Houborg et al. (2023);Experiment 2;Orientation;2;19;69.0;85.0;-4.0;10.0;10;2
13;178;4;6;1.61184130003676;2;16.0;31;Houborg et al. (2023);Experiment 2;Orientation;2;19;16.0;85.0;-79.0;12.0;11;2
13;98;74;-24;1.61198450019583;2;80.0;32;Houborg et al. (2023);Experiment 2;Orientation;2;19;80.0;-84.0;-15.0;1.0;12;2
13;33;32;-1;1.91215689992532;2;65.0;33;Houborg et al. (2023);Experiment 2;Orientation;2;19;65.0;-35.0;-19.0;50.0;13;2
13;172;166;-6;2.16245780000463;2;41.0;34;Houborg et al. (2023);Experiment 2;Orientation;2;19;41.0;-74.0;6.0;22.0;14;2
13;64;63;-1;1.61186529975384;2;-72.0;35;Houborg et al. (2023);Experiment 2;Orientation;2;19;-72.0;-31.0;34.0;-66.0;15;2
13;47;31;-16;2.01241829991341;2;17.0;36;Houborg et al. (2023);Experiment 2;Orientation;2;19;17.0;-55.0;-14.0;51.0;16;2
13;155;155;0;1.84546360000968;2;72.0;37;Houborg et al. (2023);Experiment 2;Orientation;2;19;72.0;89.0;17.0;58.0;17;2
13;137;138;1;1.22837090026587;2;18.0;38;Houborg et al. (2023);Experiment 2;Orientation;2;19;18.0;90.0;-73.0;35.0;18;2
13;126;121;-5;1.59570250008255;2;11.0;39;Houborg et al. (2023);Experiment 2;Orientation;2;19;11.0;29.0;-79.0;-62.0;19;2
13;72;54;-18;1.62865869980305;2;54.0;40;Houborg et al. (2023);Experiment 2;Orientation;2;19;54.0;65.0;83.0;-25.0;20;2
13;136;135;-1;1.41167829977348;3;-64.0;41;Houborg et al. (2023);Experiment 2;Orientation;2;19;;;;;1;3
13;179;0;1;1.14491670019925;3;-43.0;42;Houborg et al. (2023);Experiment 2;Orientation;2;19;;;;;2;3
13;31;27;-4;1.62859270023182;3;-32.0;43;Houborg et al. (2023);Experiment 2;Orientation;2;19;;;;;3;3
13;37;44;7;2.14551219996065;3;-6.0;44;Houborg et al. (2023);Experiment 2;Orientation;2;19;;;;;4;3
13;145;134;-11;1.74547100020573;3;72.0;45;Houborg et al. (2023);Experiment 2;Orientation;2;19;72.0;66.0;34.0;-9.0;5;3
13;31;30;-1;1.67867360031232;3;-66.0;46;Houborg et al. (2023);Experiment 2;Orientation;2;19;-66.0;6.0;0.0;-32.0;6;3
13;168;153;-15;1.94546019984409;3;43.0;47;Houborg et al. (2023);Experiment 2;Orientation;2;19;43.0;-23.0;49.0;43.0;7;3
13;168;151;-17;1.72894459962845;3;0.0;48;Houborg et al. (2023);Experiment 2;Orientation;2;19;0.0;43.0;-23.0;49.0;8;3
13;38;44;6;1.31181190023199;3;-50.0;49;Houborg et al. (2023);Experiment 2;Orientation;2;19;-50.0;-50.0;-7.0;-73.0;9;3
13;88;80;-8;1.31171880010515;3;-50.0;50;Houborg et al. (2023);Experiment 2;Orientation;2;19;-50.0;80.0;80.0;-57.0;10;3
13;29;29;0;1.79545119963586;3;59.0;51;Houborg et al. (2023);Experiment 2;Orientation;2;19;59.0;9.0;-41.0;-41.0;11;3
13;62;48;-14;1.87872580019757;3;-33.0;52;Houborg et al. (2023);Experiment 2;Orientation;2;19;-33.0;26.0;-24.0;-74.0;12;3
13;138;133;-5;1.44509690022096;3;-76.0;53;Houborg et al. (2023);Experiment 2;Orientation;2;19;-76.0;71.0;-50.0;80.0;13;3
13;30;53;23;2.67964959982783;3;-72.0;54;Houborg et al. (2023);Experiment 2;Orientation;2;19;-72.0;32.0;-1.0;58.0;14;3
13;6;2;-4;3.02987959980965;3;24.0;55;Houborg et al. (2023);Experiment 2;Orientation;2;19;24.0;-48.0;56.0;23.0;15;3
13;123;128;5;1.71187409991398;3;63.0;56;Houborg et al. (2023);Experiment 2;Orientation;2;19;63.0;87.0;15.0;-61.0;16;3
13;98;100;2;1.21170599991456;3;25.0;57;Houborg et al. (2023);Experiment 2;Orientation;2;19;25.0;88.0;-68.0;40.0;17;3
13;120;123;3;1.84541499987245;3;-22.0;58;Houborg et al. (2023);Experiment 2;Orientation;2;19;-22.0;3.0;66.0;90.0;18;3
13;141;129;-12;2.37920890003443;3;-21.0;59;Houborg et al. (2023);Experiment 2;Orientation;2;19;-21.0;-43.0;-18.0;45.0;19;3
13;129;126;-3;2.16243120003492;3;12.0;60;Houborg et al. (2023);Experiment 2;Orientation;2;19;12.0;-9.0;-31.0;-6.0;20;3
13;167;144;-23;2.06227910006419;4;-38.0;61;Houborg et al. (2023);Experiment 2;Orientation;2;19;;;;;1;4
13;123;132;9;1.4784471001476;4;44.0;62;Houborg et al. (2023);Experiment 2;Orientation;2;19;;;;;2;4
13;123;134;11;1.24492490012199;4;0.0;63;Houborg et al. (2023);Experiment 2;Orientation;2;19;;;;;3;4
13;109;126;17;1.51187420031056;4;14.0;64;Houborg et al. (2023);Experiment 2;Orientation;2;19;;;;;4;4
13;175;156;-19;2.49603469995782;4;-66.0;65;Houborg et al. (2023);Experiment 2;Orientation;2;19;-66.0;-52.0;-52.0;-8.0;5;4
13;56;58;2;2.22922610025853;4;-61.0;66;Houborg et al. (2023);Experiment 2;Orientation;2;19;-61.0;53.0;67.0;67.0;6;4
13;171;164;-7;1.2616894999519;4;65.0;67;Houborg et al. (2023);Experiment 2;Orientation;2;19;65.0;4.0;-62.0;-48.0;7;4
13;38;39;1;1.69548760028556;4;-47.0;68;Houborg et al. (2023);Experiment 2;Orientation;2;19;-47.0;18.0;-43.0;71.0;8;4
13;82;84;2;1.27852830011398;4;-44.0;69;Houborg et al. (2023);Experiment 2;Orientation;2;19;-44.0;89.0;-26.0;-87.0;9;4
13;7;9;2;1.89545980002731;4;75.0;70;Houborg et al. (2023);Experiment 2;Orientation;2;19;75.0;31.0;-16.0;49.0;10;4
13;90;92;2;1.66209879983217;4;-83.0;71;Houborg et al. (2023);Experiment 2;Orientation;2;19;-83.0;-8.0;-52.0;81.0;11;4
13;174;178;4;1.57850409997627;4;-84.0;72;Houborg et al. (2023);Experiment 2;Orientation;2;19;-84.0;13.0;88.0;44.0;12;4
13;152;145;-7;2.87963420012966;4;22.0;73;Houborg et al. (2023);Experiment 2;Orientation;2;19;22.0;-62.0;35.0;-70.0;13;4
13;75;58;-17;2.36267740000039;4;77.0;74;Houborg et al. (2023);Experiment 2;Orientation;2;19;77.0;-81.0;15.0;-68.0;14;4
13;9;176;-13;1.19498829962686;4;66.0;75;Houborg et al. (2023);Experiment 2;Orientation;2;19;66.0;-37.0;-15.0;81.0;15;4
13;150;136;-14;1.47855739993975;4;39.0;76;Houborg et al. (2023);Experiment 2;Orientation;2;19;39.0;-75.0;2.0;24.0;16;4
13;5;177;-8;1.44526370009407;4;-35.0;77;Houborg et al. (2023);Experiment 2;Orientation;2;19;-35.0;4.0;70.0;-33.0;17;4
13;104;113;9;2.54607680020854;4;81.0;78;Houborg et al. (2023);Experiment 2;Orientation;2;19;81.0;46.0;85.0;-29.0;18;4
13;176;169;-7;1.46186729986221;4;-72.0;79;Houborg et al. (2023);Experiment 2;Orientation;2;19;-72.0;9.0;-26.0;13.0;19;4
13;159;143;-16;1.42856689961627;4;17.0;80;Houborg et al. (2023);Experiment 2;Orientation;2;19;17.0;-55.0;26.0;-9.0;20;4
13;96;68;-28;1.52846900001168;5;63.0;81;Houborg et al. (2023);Experiment 2;Orientation;2;19;;;;;1;5
13;27;39;12;1.82867609988898;5;69.0;82;Houborg et al. (2023);Experiment 2;Orientation;2;19;;;;;2;5
13;15;23;8;1.32843579957262;5;12.0;83;Houborg et al. (2023);Experiment 2;Orientation;2;19;;;;;3;5
13;112;118;6;2.4960243999958;5;83.0;84;Houborg et al. (2023);Experiment 2;Orientation;2;19;;;;;4;5
13;119;122;3;1.11159390024841;5;-7.0;85;Houborg et al. (2023);Experiment 2;Orientation;2;19;-7.0;76.0;88.0;-23.0;5;5
13;162;149;-13;1.4952437998727;5;-43.0;86;Houborg et al. (2023);Experiment 2;Orientation;2;19;-43.0;-50.0;33.0;45.0;6;5
13;59;60;1;1.27845899993554;5;-77.0;87;Houborg et al. (2023);Experiment 2;Orientation;2;19;-77.0;60.0;53.0;-44.0;7;5
13;106;121;15;1.4451532997191;5;-47.0;88;Houborg et al. (2023);Experiment 2;Orientation;2;19;-47.0;56.0;13.0;6.0;8;5
13;137;136;-1;1.46181479981169;5;-31.0;89;Houborg et al. (2023);Experiment 2;Orientation;2;19;-31.0;-78.0;25.0;-18.0;9;5
13;60;76;16;16.1073376000859;5;77.0;90;Houborg et al. (2023);Experiment 2;Orientation;2;19;77.0;46.0;-1.0;-78.0;10;5
13;151;147;-4;1.1282740002498;5;89.0;91;Houborg et al. (2023);Experiment 2;Orientation;2;19;89.0;-14.0;-45.0;88.0;11;5
13;93;94;1;1.61199080012739;5;58.0;92;Houborg et al. (2023);Experiment 2;Orientation;2;19;58.0;-33.0;44.0;13.0;12;5
13;122;130;8;1.89543470041826;5;-29.0;93;Houborg et al. (2023);Experiment 2;Orientation;2;19;-29.0;29.0;-62.0;15.0;13;5
13;138;136;-2;1.81211729999632;5;-16.0;94;Houborg et al. (2023);Experiment 2;Orientation;2;19;-16.0;-45.0;13.0;-78.0;14;5
13;84;92;8;2.17922680033371;5;54.0;95;Houborg et al. (2023);Experiment 2;Orientation;2;19;54.0;38.0;9.0;67.0;15;5
13;52;63;11;1.77878230018541;5;32.0;96;Houborg et al. (2023);Experiment 2;Orientation;2;19;32.0;86.0;70.0;41.0;16;5
13;101;112;11;1.59527879999951;5;-49.0;97;Houborg et al. (2023);Experiment 2;Orientation;2;19;-49.0;-17.0;37.0;21.0;17;5
13;128;129;1;2.27911960007623;5;-27.0;98;Houborg et al. (2023);Experiment 2;Orientation;2;19;-27.0;-76.0;-44.0;10.0;18;5
13;139;145;6;2.52930189995095;5;-11.0;99;Houborg et al. (2023);Experiment 2;Orientation;2;19;-11.0;-38.0;-87.0;-55.0;19;5
13;156;158;2;1.74538420001045;5;-17.0;100;Houborg et al. (2023);Experiment 2;Orientation;2;19;-17.0;-28.0;-55.0;76.0;20;5
13;32;39;7;1.77893210016191;6;-56.0;101;Houborg et al. (2023);Experiment 2;Orientation;2;19;;;;;1;6
13;135;127;-8;1.07815509987995;6;77.0;102;Houborg et al. (2023);Experiment 2;Orientation;2;19;;;;;2;6
13;32;30;-2;1.91209930041805;6;-77.0;103;Houborg et al. (2023);Experiment 2;Orientation;2;19;;;;;3;6
13;78;65;-13;1.36182389967144;6;-46.0;104;Houborg et al. (2023);Experiment 2;Orientation;2;19;;;;;4;6
13;44;45;1;1.11018409999087;6;34.0;105;Houborg et al. (2023);Experiment 2;Orientation;2;19;34.0;-12.0;-89.0;-12.0;5;6
13;55;49;-6;1.36182079976425;6;-11.0;106;Houborg et al. (2023);Experiment 2;Orientation;2;19;-11.0;23.0;-23.0;80.0;6;6
13;38;43;5;1.02811639988795;6;17.0;107;Houborg et al. (2023);Experiment 2;Orientation;2;19;17.0;6.0;40.0;-6.0;7;6
13;30;34;4;1.46175220003352;6;8.0;108;Houborg et al. (2023);Experiment 2;Orientation;2;19;8.0;25.0;14.0;48.0;8;6
13;24;36;12;1.17826789990067;6;6.0;109;Houborg et al. (2023);Experiment 2;Orientation;2;19;6.0;14.0;31.0;20.0;9;6
13;90;90;0;1.51188630005345;6;-66.0;110;Houborg et al. (2023);Experiment 2;Orientation;2;19;-66.0;-60.0;-52.0;-35.0;10;6
13;32;42;10;1.87885210011154;6;58.0;111;Houborg et al. (2023);Experiment 2;Orientation;2;19;58.0;-8.0;-2.0;6.0;11;6
13;106;105;-1;1.3952692002058;6;-74.0;112;Houborg et al. (2023);Experiment 2;Orientation;2;19;-74.0;-16.0;-82.0;-76.0;12;6
13;105;108;3;1.97902359999716;6;1.0;113;Houborg et al. (2023);Experiment 2;Orientation;2;19;1.0;-73.0;-15.0;-81.0;13;6
13;148;134;-14;2.04575489973649;6;-43.0;114;Houborg et al. (2023);Experiment 2;Orientation;2;19;-43.0;-42.0;64.0;-58.0;14;6
13;147;137;-10;1.61204960010946;6;1.0;115;Houborg et al. (2023);Experiment 2;Orientation;2;19;1.0;-42.0;-41.0;65.0;15;6
13;111;131;20;2.59612930007279;6;36.0;116;Houborg et al. (2023);Experiment 2;Orientation;2;19;36.0;37.0;-6.0;-5.0;16;6
13;139;140;1;1.36177389975637;6;-28.0;117;Houborg et al. (2023);Experiment 2;Orientation;2;19;-28.0;8.0;9.0;-34.0;17;6
13;66;55;-11;1.64535429980606;6;73.0;118;Houborg et al. (2023);Experiment 2;Orientation;2;19;73.0;45.0;81.0;82.0;18;6
13;166;148;-18;1.51198599999771;6;80.0;119;Houborg et al. (2023);Experiment 2;Orientation;2;19;80.0;-27.0;-55.0;-19.0;19;6
13;179;11;12;1.56200659973547;6;-13.0;120;Houborg et al. (2023);Experiment 2;Orientation;2;19;-13.0;67.0;-40.0;-68.0;20;6
13;69;54;-15;1.59523670002818;7;-70.0;121;Houborg et al. (2023);Experiment 2;Orientation;2;19;;;;;1;7
13;132;132;0;1.31186079978943;7;-63.0;122;Houborg et al. (2023);Experiment 2;Orientation;2;19;;;;;2;7
13;73;65;-8;1.8621981004253;7;59.0;123;Houborg et al. (2023);Experiment 2;Orientation;2;19;;;;;3;7
13;27;41;14;2.39600099995732;7;46.0;124;Houborg et al. (2023);Experiment 2;Orientation;2;19;;;;;4;7
13;7;15;8;2.17921090032905;7;20.0;125;Houborg et al. (2023);Experiment 2;Orientation;2;19;20.0;66.0;-55.0;62.0;5;7
13;155;148;-7;1.4449781998992;7;32.0;126;Houborg et al. (2023);Experiment 2;Orientation;2;19;32.0;52.0;-82.0;-23.0;6;7
13;16;157;-39;5.59863570006564;7;-41.0;127;Houborg et al. (2023);Experiment 2;Orientation;2;19;-41.0;-9.0;11.0;57.0;7;7
13;81;101;20;1.42860740004107;7;-65.0;128;Houborg et al. (2023);Experiment 2;Orientation;2;19;-65.0;74.0;-74.0;-54.0;8;7
13;1;176;-5;1.5286497999914;7;80.0;129;Houborg et al. (2023);Experiment 2;Orientation;2;19;80.0;15.0;-26.0;6.0;9;7
13;22;34;12;2.46271830005571;7;-21.0;130;Houborg et al. (2023);Experiment 2;Orientation;2;19;-21.0;59.0;-6.0;-47.0;10;7
13;143;134;-9;1.44518929999322;7;59.0;131;Houborg et al. (2023);Experiment 2;Orientation;2;19;59.0;38.0;-62.0;53.0;11;7
13;115;124;9;2.37915269983932;7;28.0;132;Houborg et al. (2023);Experiment 2;Orientation;2;19;28.0;87.0;66.0;-34.0;12;7
13;163;136;-27;2.2623507999815;7;-48.0;133;Houborg et al. (2023);Experiment 2;Orientation;2;19;-48.0;-20.0;39.0;18.0;13;7
13;163;150;-13;1.74537899997085;7;0.0;134;Houborg et al. (2023);Experiment 2;Orientation;2;19;0.0;-48.0;-20.0;39.0;14;7
13;157;160;3;1.47861379990354;7;6.0;135;Houborg et al. (2023);Experiment 2;Orientation;2;19;6.0;6.0;-42.0;-14.0;15;7
13;119;127;8;1.29506770009175;7;38.0;136;Houborg et al. (2023);Experiment 2;Orientation;2;19;38.0;44.0;44.0;-4.0;16;7
13;36;45;9;2.17910999991;7;83.0;137;Houborg et al. (2023);Experiment 2;Orientation;2;19;83.0;-59.0;-53.0;-53.0;17;7
13;31;45;14;2.91300679976121;7;5.0;138;Houborg et al. (2023);Experiment 2;Orientation;2;19;5.0;88.0;-54.0;-48.0;18;7
13;49;50;1;1.79542650002986;7;-18.0;139;Houborg et al. (2023);Experiment 2;Orientation;2;19;-18.0;-13.0;70.0;-72.0;19;7
13;111;122;11;2.39575610030442;7;-62.0;140;Houborg et al. (2023);Experiment 2;Orientation;2;19;-62.0;-80.0;-75.0;8.0;20;7
13;79;78;-1;2.47954759979621;8;32.0;141;Houborg et al. (2023);Experiment 2;Orientation;2;19;;;;;1;8
13;8;2;-6;2.2959044999443;8;71.0;142;Houborg et al. (2023);Experiment 2;Orientation;2;19;;;;;2;8
13;96;80;-16;5.13154610013589;8;-88.0;143;Houborg et al. (2023);Experiment 2;Orientation;2;19;;;;;3;8
13;43;42;-1;2.61281829979271;8;53.0;144;Houborg et al. (2023);Experiment 2;Orientation;2;19;;;;;4;8
13;39;41;2;1.19491640012711;8;4.0;145;Houborg et al. (2023);Experiment 2;Orientation;2;19;4.0;57.0;-31.0;40.0;5;8
13;73;64;-9;1.8288901001215;8;-34.0;146;Houborg et al. (2023);Experiment 2;Orientation;2;19;-34.0;-30.0;23.0;-65.0;6;8
13;110;120;10;2.5127415000461;8;-37.0;147;Houborg et al. (2023);Experiment 2;Orientation;2;19;-37.0;-71.0;-67.0;-14.0;7;8
13;70;59;-11;2.59613690013066;8;40.0;148;Houborg et al. (2023);Experiment 2;Orientation;2;19;40.0;3.0;-31.0;-27.0;8;8
13;5;1;-4;1.29497920023277;8;65.0;149;Houborg et al. (2023);Experiment 2;Orientation;2;19;65.0;-75.0;68.0;34.0;9;8
13;10;17;7;1.94542110012844;8;-5.0;150;Houborg et al. (2023);Experiment 2;Orientation;2;19;-5.0;60.0;-80.0;63.0;10;8
13;60;46;-14;1.11158340005204;8;-50.0;151;Houborg et al. (2023);Experiment 2;Orientation;2;19;-50.0;-55.0;10.0;50.0;11;8
13;104;118;14;1.57857799995691;8;-44.0;152;Houborg et al. (2023);Experiment 2;Orientation;2;19;-44.0;86.0;81.0;-34.0;12;8
13;142;130;-12;1.76211120001972;8;-38.0;153;Houborg et al. (2023);Experiment 2;Orientation;2;19;-38.0;-82.0;48.0;43.0;13;8
13;41;41;0;1.29509129980579;8;-79.0;154;Houborg et al. (2023);Experiment 2;Orientation;2;19;-79.0;63.0;19.0;-31.0;14;8
13;145;146;1;2.1124037001282;8;76.0;155;Houborg et al. (2023);Experiment 2;Orientation;2;19;76.0;-3.0;-41.0;-85.0;15;8
13;36;49;13;2.49610190000385;8;-71.0;156;Houborg et al. (2023);Experiment 2;Orientation;2;19;-71.0;5.0;-74.0;68.0;16;8
13;104;108;4;1.46178430039436;8;-68.0;157;Houborg et al. (2023);Experiment 2;Orientation;2;19;-68.0;41.0;-63.0;38.0;17;8
13;161;158;-3;2.04559310013428;8;-57.0;158;Houborg et al. (2023);Experiment 2;Orientation;2;19;-57.0;55.0;-16.0;60.0;18;8
13;19;58;39;2.09566379990429;8;-38.0;159;Houborg et al. (2023);Experiment 2;Orientation;2;19;-38.0;85.0;17.0;-54.0;19;8
13;37;44;7;1.21167160011828;8;-18.0;160;Houborg et al. (2023);Experiment 2;Orientation;2;19;-18.0;-56.0;67.0;-1.0;20;8
13;27;30;3;1.54534510010853;9;10.0;161;Houborg et al. (2023);Experiment 2;Orientation;2;19;;;;;1;9
13;33;43;10;1.62868810025975;9;-6.0;162;Houborg et al. (2023);Experiment 2;Orientation;2;19;;;;;2;9
13;162;145;-17;1.71209780033678;9;51.0;163;Houborg et al. (2023);Experiment 2;Orientation;2;19;;;;;3;9
13;119;123;4;1.77881409972906;9;43.0;164;Houborg et al. (2023);Experiment 2;Orientation;2;19;;;;;4;9
13;41;34;-7;1.86220490001142;9;78.0;165;Houborg et al. (2023);Experiment 2;Orientation;2;19;78.0;-59.0;-8.0;-14.0;5;9
13;123;124;1;1.91216610046104;9;-82.0;166;Houborg et al. (2023);Experiment 2;Orientation;2;19;-82.0;-4.0;39.0;90.0;6;9
13;168;169;1;1.32846749993041;9;-45.0;167;Houborg et al. (2023);Experiment 2;Orientation;2;19;-45.0;53.0;-49.0;-6.0;7;9
13;19;22;3;1.96250140015036;9;-31.0;168;Houborg et al. (2023);Experiment 2;Orientation;2;19;-31.0;-76.0;22.0;-80.0;8;9
13;15;21;6;1.64542429987341;9;4.0;169;Houborg et al. (2023);Experiment 2;Orientation;2;19;4.0;-27.0;-72.0;26.0;9;9
13;144;144;0;1.71202909993008;9;51.0;170;Houborg et al. (2023);Experiment 2;Orientation;2;19;51.0;55.0;24.0;-21.0;10;9
13;119;129;10;1.51189109962434;9;25.0;171;Houborg et al. (2023);Experiment 2;Orientation;2;19;25.0;76.0;80.0;49.0;11;9
13;37;38;1;1.74542859988287;9;82.0;172;Houborg et al. (2023);Experiment 2;Orientation;2;19;82.0;-73.0;-22.0;-18.0;12;9
13;68;67;-1;2.04576240014285;9;-31.0;173;Houborg et al. (2023);Experiment 2;Orientation;2;19;-31.0;51.0;76.0;-53.0;13;9
13;78;52;-26;0.978079699911177;9;-10.0;174;Houborg et al. (2023);Experiment 2;Orientation;2;19;-10.0;-41.0;41.0;66.0;14;9
13;65;55;-10;0.961512600071728;9;13.0;175;Houborg et al. (2023);Experiment 2;Orientation;2;19;13.0;3.0;-28.0;54.0;15;9
13;51;48;-3;1.12824130011722;9;14.0;176;Houborg et al. (2023);Experiment 2;Orientation;2;19;14.0;27.0;17.0;-14.0;16;9
13;154;149;-5;1.62864520028234;9;77.0;177;Houborg et al. (2023);Experiment 2;Orientation;2;19;77.0;-89.0;-76.0;-86.0;17;9
13;160;148;-12;1.51181160006672;9;-6.0;178;Houborg et al. (2023);Experiment 2;Orientation;2;19;-6.0;71.0;85.0;-82.0;18;9
13;106;119;13;1.4952527997084;9;54.0;179;Houborg et al. (2023);Experiment 2;Orientation;2;19;54.0;48.0;-55.0;-41.0;19;9
13;27;51;24;1.44503400009125;9;79.0;180;Houborg et al. (2023);Experiment 2;Orientation;2;19;79.0;-47.0;-53.0;24.0;20;9
13;168;152;-16;1.47852420015261;10;39.0;181;Houborg et al. (2023);Experiment 2;Orientation;2;19;;;;;1;10
13;162;156;-6;1.51189150009304;10;6.0;182;Houborg et al. (2023);Experiment 2;Orientation;2;19;;;;;2;10
13;130;129;-1;1.24508670018986;10;32.0;183;Houborg et al. (2023);Experiment 2;Orientation;2;19;;;;;3;10
13;111;116;5;2.22915499983355;10;19.0;184;Houborg et al. (2023);Experiment 2;Orientation;2;19;;;;;4;10
13;137;127;-10;1.71216390002519;10;-26.0;185;Houborg et al. (2023);Experiment 2;Orientation;2;19;-26.0;-7.0;25.0;31.0;5;10
13;49;45;-4;1.8122871001251;10;88.0;186;Houborg et al. (2023);Experiment 2;Orientation;2;19;88.0;62.0;81.0;-67.0;6;10
13;153;147;-6;2.32917180005461;10;76.0;187;Houborg et al. (2023);Experiment 2;Orientation;2;19;76.0;-16.0;-42.0;-23.0;7;10
13;161;161;0;2.16233839979395;10;-8.0;188;Houborg et al. (2023);Experiment 2;Orientation;2;19;-8.0;68.0;-24.0;-50.0;8;10
13;9;25;16;1.96224849997088;10;-28.0;189;Houborg et al. (2023);Experiment 2;Orientation;2;19;-28.0;-36.0;40.0;-52.0;9;10
13;32;43;11;1.71204310003668;10;-23.0;190;Houborg et al. (2023);Experiment 2;Orientation;2;19;-23.0;-51.0;-59.0;17.0;10;10
13;3;179;-4;3.39680519979447;10;29.0;191;Houborg et al. (2023);Experiment 2;Orientation;2;19;29.0;6.0;-22.0;-30.0;11;10
13;21;25;4;1.36180260032415;10;-18.0;192;Houborg et al. (2023);Experiment 2;Orientation;2;19;-18.0;11.0;-12.0;-40.0;12;10
13;136;133;-3;2.46260750014335;10;65.0;193;Houborg et al. (2023);Experiment 2;Orientation;2;19;65.0;47.0;76.0;53.0;13;10
13;91;77;-14;9.11825220007449;10;45.0;194;Houborg et al. (2023);Experiment 2;Orientation;2;19;45.0;-70.0;-88.0;-59.0;14;10
13;180;2;2;1.24512489978224;10;-89.0;195;Houborg et al. (2023);Experiment 2;Orientation;2;19;-89.0;-44.0;21.0;3.0;15;10
13;89;79;-10;1.16168279992417;10;-89.0;196;Houborg et al. (2023);Experiment 2;Orientation;2;19;-89.0;2.0;47.0;-68.0;16;10
13;136;136;0;1.01112190028653;10;-47.0;197;Houborg et al. (2023);Experiment 2;Orientation;2;19;-47.0;44.0;-45.0;0.0;17;10
13;164;156;-8;1.96234269998968;10;-28.0;198;Houborg et al. (2023);Experiment 2;Orientation;2;19;-28.0;-75.0;16.0;-73.0;18;10
13;40;44;4;1.56198230013251;10;-56.0;199;Houborg et al. (2023);Experiment 2;Orientation;2;19;-56.0;-84.0;49.0;-40.0;19;10
13;19;34;15;1.62864270014688;10;21.0;200;Houborg et al. (2023);Experiment 2;Orientation;2;19;21.0;-35.0;-63.0;70.0;20;10
15;10;21;11;3.58040279999841;1;;1;Houborg et al. (2023);Experiment 2;Orientation;2;19;;;;;1;1
15;163;156;-7;4.63119550002739;1;27.0;2;Houborg et al. (2023);Experiment 2;Orientation;2;19;;;;;2;1
15;43;49;6;2.92984929995146;1;-60.0;3;Houborg et al. (2023);Experiment 2;Orientation;2;19;;;;;3;1
15;62;71;9;3.58030999999028;1;-19.0;4;Houborg et al. (2023);Experiment 2;Orientation;2;19;;;;;4;1
15;138;115;-23;4.44760259997565;1;-76.0;5;Houborg et al. (2023);Experiment 2;Orientation;2;19;-76.0;85.0;25.0;52.0;5;1
15;123;116;-7;5.09827560000122;1;15.0;6;Houborg et al. (2023);Experiment 2;Orientation;2;19;15.0;-61.0;-80.0;40.0;6;1
15;33;47;14;2.99655479995999;1;90.0;7;Houborg et al. (2023);Experiment 2;Orientation;2;19;90.0;-75.0;29.0;10.0;7;1
15;77;71;-6;4.68118340004003;1;-44.0;8;Houborg et al. (2023);Experiment 2;Orientation;2;19;-44.0;46.0;61.0;-15.0;8;1
15;178;74;76;5.19829170004232;1;79.0;9;Houborg et al. (2023);Experiment 2;Orientation;2;19;79.0;35.0;-55.0;-40.0;9;1
15;81;85;4;2.79652039997745;1;-83.0;10;Houborg et al. (2023);Experiment 2;Orientation;2;19;-83.0;-4.0;-48.0;42.0;10;1
15;33;109;76;2.17922200000612;1;48.0;11;Houborg et al. (2023);Experiment 2;Orientation;2;19;48.0;-35.0;44.0;0.0;11;1
15;172;110;-62;4.3978920999798;1;41.0;12;Houborg et al. (2023);Experiment 2;Orientation;2;19;41.0;89.0;6.0;85.0;12;1
15;87;81;-6;2.47959549998632;1;85.0;13;Houborg et al. (2023);Experiment 2;Orientation;2;19;85.0;-54.0;-6.0;-89.0;13;1
15;89;109;20;1.84558969998034;1;-2.0;14;Houborg et al. (2023);Experiment 2;Orientation;2;19;-2.0;83.0;-56.0;-8.0;14;1
15;4;10;6;3.98085120000178;1;85.0;15;Houborg et al. (2023);Experiment 2;Orientation;2;19;85.0;83.0;-12.0;29.0;15;1
15;7;14;7;3.01295000000391;1;-3.0;16;Houborg et al. (2023);Experiment 2;Orientation;2;19;-3.0;82.0;80.0;-15.0;16;1
15;175;157;-18;10.5527022999595;1;12.0;17;Houborg et al. (2023);Experiment 2;Orientation;2;19;12.0;9.0;-86.0;-88.0;17;1
15;43;39;-4;1.59525399998529;1;-48.0;18;Houborg et al. (2023);Experiment 2;Orientation;2;19;-48.0;-36.0;-39.0;46.0;18;1
15;177;161;-16;3.5636996999965;1;46.0;19;Houborg et al. (2023);Experiment 2;Orientation;2;19;46.0;-2.0;10.0;7.0;19;1
15;175;25;30;3.41349240002455;1;2.0;20;Houborg et al. (2023);Experiment 2;Orientation;2;19;2.0;48.0;0.0;12.0;20;1
15;46;24;-22;2.64628349995473;2;-51.0;21;Houborg et al. (2023);Experiment 2;Orientation;2;19;;;;;1;2
15;32;16;-16;2.31258860003436;2;14.0;22;Houborg et al. (2023);Experiment 2;Orientation;2;19;;;;;2;2
15;78;59;-19;2.61287489999086;2;-46.0;23;Houborg et al. (2023);Experiment 2;Orientation;2;19;;;;;3;2
15;97;102;5;2.59598809998715;2;-19.0;24;Houborg et al. (2023);Experiment 2;Orientation;2;19;;;;;4;2
15;30;61;31;2.36271919996943;2;67.0;25;Houborg et al. (2023);Experiment 2;Orientation;2;19;67.0;48.0;2.0;16.0;5;2
15;145;144;-1;1.94582020002417;2;65.0;26;Houborg et al. (2023);Experiment 2;Orientation;2;19;65.0;-48.0;-67.0;67.0;6;2
15;45;63;18;1.19571830000496;2;-80.0;27;Houborg et al. (2023);Experiment 2;Orientation;2;19;-80.0;-15.0;52.0;33.0;7;2
15;91;61;-30;1.69547000003513;2;-46.0;28;Houborg et al. (2023);Experiment 2;Orientation;2;19;-46.0;54.0;-61.0;6.0;8;2
15;8;156;-32;5.4319378999644;2;83.0;29;Houborg et al. (2023);Experiment 2;Orientation;2;19;83.0;37.0;-43.0;22.0;9;2
15;11;34;23;1.4121852000244;2;-3.0;30;Houborg et al. (2023);Experiment 2;Orientation;2;19;-3.0;80.0;34.0;-46.0;10;2
15;175;20;25;1.77886839996791;2;16.0;31;Houborg et al. (2023);Experiment 2;Orientation;2;19;16.0;13.0;-84.0;50.0;11;2
15;18;31;13;2.17910960002337;2;-23.0;32;Houborg et al. (2023);Experiment 2;Orientation;2;19;-23.0;-7.0;-10.0;73.0;12;2
15;112;122;10;2.07908110000426;2;86.0;33;Houborg et al. (2023);Experiment 2;Orientation;2;19;86.0;63.0;79.0;76.0;13;2
15;28;18;-10;4.74820140004158;2;84.0;34;Houborg et al. (2023);Experiment 2;Orientation;2;19;84.0;-10.0;-33.0;-17.0;14;2
15;9;15;6;3.07988070003921;2;19.0;35;Houborg et al. (2023);Experiment 2;Orientation;2;19;19.0;-77.0;9.0;-14.0;15;2
15;158;155;-3;2.54610130004585;2;31.0;36;Houborg et al. (2023);Experiment 2;Orientation;2;19;31.0;50.0;-46.0;40.0;16;2
15;75;71;-4;1.74546150001697;2;83.0;37;Houborg et al. (2023);Experiment 2;Orientation;2;19;83.0;-66.0;-47.0;37.0;17;2
15;89;86;-3;1.79570119996788;2;-14.0;38;Houborg et al. (2023);Experiment 2;Orientation;2;19;-14.0;69.0;-80.0;-61.0;18;2
15;67;70;3;3.12996559997555;2;22.0;39;Houborg et al. (2023);Experiment 2;Orientation;2;19;22.0;8.0;-89.0;-58.0;19;2
15;97;77;-20;2.64625749998959;2;-30.0;40;Houborg et al. (2023);Experiment 2;Orientation;2;19;-30.0;-8.0;-22.0;61.0;20;2
15;64;64;0;2.77968690003036;3;33.0;41;Houborg et al. (2023);Experiment 2;Orientation;2;19;;;;;1;3
15;88;76;-12;1.79565789998742;3;-24.0;42;Houborg et al. (2023);Experiment 2;Orientation;2;19;;;;;2;3
15;20;29;9;2.09570669999812;3;68.0;43;Houborg et al. (2023);Experiment 2;Orientation;2;19;;;;;3;3
15;85;75;-10;2.64610369998263;3;-65.0;44;Houborg et al. (2023);Experiment 2;Orientation;2;19;;;;;4;3
15;88;70;-18;1.77896460000193;3;-3.0;45;Houborg et al. (2023);Experiment 2;Orientation;2;19;-3.0;-68.0;0.0;-24.0;5;3
15;148;135;-13;1.12823000003118;3;-60.0;46;Houborg et al. (2023);Experiment 2;Orientation;2;19;-60.0;-63.0;52.0;-60.0;6;3
15;143;137;-6;1.02825119998306;3;5.0;47;Houborg et al. (2023);Experiment 2;Orientation;2;19;5.0;-55.0;-58.0;57.0;7;3
15;128;122;-6;1.17822539998451;3;15.0;48;Houborg et al. (2023);Experiment 2;Orientation;2;19;15.0;20.0;-40.0;-43.0;8;3
15;31;42;11;1.56211130000884;3;-83.0;49;Houborg et al. (2023);Experiment 2;Orientation;2;19;-83.0;-68.0;-63.0;57.0;9;3
15;165;161;-4;2.02910290000727;3;46.0;50;Houborg et al. (2023);Experiment 2;Orientation;2;19;46.0;-37.0;-22.0;-17.0;10;3
15;68;59;-9;2.22929160000058;3;-83.0;51;Houborg et al. (2023);Experiment 2;Orientation;2;19;-83.0;-37.0;60.0;75.0;11;3
15;17;110;-87;5.48171750002075;3;51.0;52;Houborg et al. (2023);Experiment 2;Orientation;2;19;51.0;-32.0;14.0;-69.0;12;3
15;156;124;-32;5.79864749999251;3;41.0;53;Houborg et al. (2023);Experiment 2;Orientation;2;19;41.0;-88.0;9.0;55.0;13;3
15;117;113;-4;2.86329100001603;3;39.0;54;Houborg et al. (2023);Experiment 2;Orientation;2;19;39.0;80.0;-49.0;48.0;14;3
15;80;73;-7;3.2131746999803;3;37.0;55;Houborg et al. (2023);Experiment 2;Orientation;2;19;37.0;76.0;-63.0;-12.0;15;3
15;42;54;12;1.66212100000121;3;38.0;56;Houborg et al. (2023);Experiment 2;Orientation;2;19;38.0;75.0;-66.0;-25.0;16;3
15;56;59;3;3.31342279998353;3;-14.0;57;Houborg et al. (2023);Experiment 2;Orientation;2;19;-14.0;24.0;61.0;-80.0;17;3
15;51;53;2;2.79606790002435;3;5.0;58;Houborg et al. (2023);Experiment 2;Orientation;2;19;5.0;-9.0;29.0;66.0;18;3
15;3;62;59;1.57872620003764;3;48.0;59;Houborg et al. (2023);Experiment 2;Orientation;2;19;48.0;53.0;39.0;77.0;19;3
15;153;148;-5;2.44592700002249;3;30.0;60;Houborg et al. (2023);Experiment 2;Orientation;2;19;30.0;78.0;83.0;69.0;20;3
15;59;56;-3;4.41452809999464;4;-86.0;61;Houborg et al. (2023);Experiment 2;Orientation;2;19;;;;;1;4
15;143;131;-12;3.6136273999582;4;-84.0;62;Houborg et al. (2023);Experiment 2;Orientation;2;19;;;;;2;4
15;121;126;5;2.89647590002278;4;22.0;63;Houborg et al. (2023);Experiment 2;Orientation;2;19;;;;;3;4
15;163;145;-18;1.62843660003273;4;-42.0;64;Houborg et al. (2023);Experiment 2;Orientation;2;19;;;;;4;4
15;141;130;-11;1.82874269998865;4;22.0;65;Houborg et al. (2023);Experiment 2;Orientation;2;19;22.0;-20.0;2.0;-82.0;5;4
15;111;116;5;1.4953035999788;4;30.0;66;Houborg et al. (2023);Experiment 2;Orientation;2;19;30.0;52.0;10.0;32.0;6;4
15;27;51;24;2.22921270004008;4;84.0;67;Houborg et al. (2023);Experiment 2;Orientation;2;19;84.0;-66.0;-44.0;-86.0;7;4
15;161;166;5;3.86381950002396;4;46.0;68;Houborg et al. (2023);Experiment 2;Orientation;2;19;46.0;-50.0;-20.0;2.0;8;4
15;19;20;1;3.56366600003093;4;-38.0;69;Houborg et al. (2023);Experiment 2;Orientation;2;19;-38.0;8.0;-88.0;-58.0;9;4
15;178;158;-20;1.21162980003282;4;21.0;70;Houborg et al. (2023);Experiment 2;Orientation;2;19;21.0;-17.0;29.0;-67.0;10;4
15;78;77;-1;4.69790949998423;4;-80.0;71;Houborg et al. (2023);Experiment 2;Orientation;2;19;-80.0;-59.0;83.0;-51.0;11;4
15;166;159;-7;2.94661739998264;4;-88.0;72;Houborg et al. (2023);Experiment 2;Orientation;2;19;-88.0;12.0;33.0;-5.0;12;4
15;151;153;2;4.13086340000154;4;15.0;73;Houborg et al. (2023);Experiment 2;Orientation;2;19;15.0;-73.0;27.0;48.0;13;4
15;13;25;12;2.02906590001658;4;-42.0;74;Houborg et al. (2023);Experiment 2;Orientation;2;19;-42.0;-27.0;65.0;-15.0;14;4
15;80;77;-3;2.09569990000455;4;-67.0;75;Houborg et al. (2023);Experiment 2;Orientation;2;19;-67.0;71.0;86.0;-2.0;15;4
15;171;164;-7;2.26304669998353;4;89.0;76;Houborg et al. (2023);Experiment 2;Orientation;2;19;89.0;22.0;-20.0;-5.0;16;4
15;53;50;-3;1.39507550001144;4;-62.0;77;Houborg et al. (2023);Experiment 2;Orientation;2;19;-62.0;27.0;-40.0;-82.0;17;4
15;61;67;6;3.98045350000029;4;-8.0;78;Houborg et al. (2023);Experiment 2;Orientation;2;19;-8.0;-70.0;19.0;-48.0;18;4
15;44;58;14;1.51197779999347;4;17.0;79;Houborg et al. (2023);Experiment 2;Orientation;2;19;17.0;9.0;-53.0;36.0;19;4
15;153;147;-6;2.82962959998986;4;71.0;80;Houborg et al. (2023);Experiment 2;Orientation;2;19;71.0;88.0;80.0;18.0;20;4
15;111;116;5;4.01411680004094;5;42.0;81;Houborg et al. (2023);Experiment 2;Orientation;2;19;;;;;1;5
15;35;34;-1;1.17845230002422;5;76.0;82;Houborg et al. (2023);Experiment 2;Orientation;2;19;;;;;2;5
15;87;97;10;2.7463843000005;5;-52.0;83;Houborg et al. (2023);Experiment 2;Orientation;2;19;;;;;3;5
15;22;21;-1;1.86220069997944;5;65.0;84;Houborg et al. (2023);Experiment 2;Orientation;2;19;;;;;4;5
15;26;75;49;5.08170129999053;5;-4.0;85;Houborg et al. (2023);Experiment 2;Orientation;2;19;-4.0;61.0;9.0;85.0;5;5
15;50;52;2;2.16247849998763;5;-24.0;86;Houborg et al. (2023);Experiment 2;Orientation;2;19;-24.0;-28.0;37.0;-15.0;6;5
15;60;69;9;1.47863199998392;5;-10.0;87;Houborg et al. (2023);Experiment 2;Orientation;2;19;-10.0;-34.0;-38.0;27.0;7;5
15;87;79;-8;2.44609839998884;5;-27.0;88;Houborg et al. (2023);Experiment 2;Orientation;2;19;-27.0;-37.0;-61.0;-65.0;8;5
15;180;16;16;5.04808869998669;5;87.0;89;Houborg et al. (2023);Experiment 2;Orientation;2;19;87.0;60.0;50.0;26.0;9;5
15;62;66;4;2.34598729998106;5;-62.0;90;Houborg et al. (2023);Experiment 2;Orientation;2;19;-62.0;25.0;-2.0;-12.0;10;5
15;122;116;-6;2.46266610000748;5;-60.0;91;Houborg et al. (2023);Experiment 2;Orientation;2;19;-60.0;58.0;-35.0;-62.0;11;5
15;109;106;-3;1.06163529999321;5;13.0;92;Houborg et al. (2023);Experiment 2;Orientation;2;19;13.0;-47.0;71.0;-22.0;12;5
15;65;72;7;1.56205579999369;5;44.0;93;Houborg et al. (2023);Experiment 2;Orientation;2;19;44.0;57.0;-3.0;-65.0;13;5
15;4;10;6;2.61295899999095;5;61.0;94;Houborg et al. (2023);Experiment 2;Orientation;2;19;61.0;-75.0;-62.0;58.0;14;5
15;94;87;-7;7.81703129998641;5;-90.0;95;Houborg et al. (2023);Experiment 2;Orientation;2;19;90.0;-29.0;15.0;28.0;15;5
15;98;98;0;3.07992680004099;5;-4.0;96;Houborg et al. (2023);Experiment 2;Orientation;2;19;-4.0;86.0;-33.0;11.0;16;5
15;78;73;-5;4.08070970000699;5;20.0;97;Houborg et al. (2023);Experiment 2;Orientation;2;19;20.0;16.0;-74.0;-13.0;17;5
15;160;134;-26;12.1373769000056;5;-82.0;98;Houborg et al. (2023);Experiment 2;Orientation;2;19;-82.0;-62.0;-66.0;24.0;18;5
15;59;58;-1;1.64528220001375;5;-79.0;99;Houborg et al. (2023);Experiment 2;Orientation;2;19;-79.0;19.0;39.0;35.0;19;5
15;96;81;-15;1.66199870000128;5;-37.0;100;Houborg et al. (2023);Experiment 2;Orientation;2;19;-37.0;64.0;-18.0;2.0;20;5
15;139;141;2;2.34610820002854;6;-43.0;101;Houborg et al. (2023);Experiment 2;Orientation;2;19;;;;;1;6
15;141;140;-1;2.34598709997954;6;-2.0;102;Houborg et al. (2023);Experiment 2;Orientation;2;19;;;;;2;6
15;83;73;-10;3.22990050003864;6;58.0;103;Houborg et al. (2023);Experiment 2;Orientation;2;19;;;;;3;6
15;102;106;4;2.2291820999817;6;-19.0;104;Houborg et al. (2023);Experiment 2;Orientation;2;19;;;;;4;6
15;88;96;8;2.69629189994885;6;14.0;105;Houborg et al. (2023);Experiment 2;Orientation;2;19;14.0;-5.0;53.0;51.0;5;6
15;61;62;1;1.3118819000083;6;27.0;106;Houborg et al. (2023);Experiment 2;Orientation;2;19;27.0;41.0;22.0;80.0;6;6
15;17;26;9;4.03044940001564;6;44.0;107;Houborg et al. (2023);Experiment 2;Orientation;2;19;44.0;71.0;85.0;66.0;7;6
15;107;115;8;4.8147767999908;6;-90.0;108;Houborg et al. (2023);Experiment 2;Orientation;2;19;90.0;-46.0;-19.0;-5.0;8;6
15;151;132;-19;3.28002599999309;6;-44.0;109;Houborg et al. (2023);Experiment 2;Orientation;2;19;-44.0;46.0;90.0;-63.0;9;6
15;136;125;-11;1.64532930002315;6;15.0;110;Houborg et al. (2023);Experiment 2;Orientation;2;19;15.0;-29.0;61.0;-75.0;10;6
15;150;144;-6;2.32937110000057;6;-14.0;111;Houborg et al. (2023);Experiment 2;Orientation;2;19;-14.0;1.0;-43.0;47.0;11;6
15;147;147;0;3.98087229998782;6;3.0;112;Houborg et al. (2023);Experiment 2;Orientation;2;19;3.0;-11.0;4.0;-40.0;12;6
15;163;63;80;2.16253339999821;6;-16.0;113;Houborg et al. (2023);Experiment 2;Orientation;2;19;-16.0;-13.0;-27.0;-12.0;13;6
15;14;19;5;1.42848990001949;6;-31.0;114;Houborg et al. (2023);Experiment 2;Orientation;2;19;-31.0;-47.0;-44.0;-58.0;14;6
15;98;110;12;2.81301909999456;6;-84.0;115;Houborg et al. (2023);Experiment 2;Orientation;2;19;-84.0;65.0;49.0;52.0;15;6
15;134;68;-66;1.97907619999023;6;-36.0;116;Houborg et al. (2023);Experiment 2;Orientation;2;19;-36.0;60.0;29.0;13.0;16;6
15;40;33;-7;1.02813719998812;6;-86.0;117;Houborg et al. (2023);Experiment 2;Orientation;2;19;-86.0;58.0;-26.0;-57.0;17;6
15;55;60;5;2.32932360004634;6;-15.0;118;Houborg et al. (2023);Experiment 2;Orientation;2;19;-15.0;79.0;43.0;-41.0;18;6
15;151;153;2;3.04664489999413;6;84.0;119;Houborg et al. (2023);Experiment 2;Orientation;2;19;84.0;69.0;-17.0;-53.0;19;6
15;15;14;-1;2.44629759999225;6;-44.0;120;Houborg et al. (2023);Experiment 2;Orientation;2;19;-44.0;40.0;25.0;-61.0;20;6
15;173;156;-17;1.64517640002305;7;22.0;121;Houborg et al. (2023);Experiment 2;Orientation;2;19;;;;;1;7
15;98;100;2;2.06246290000854;7;75.0;122;Houborg et al. (2023);Experiment 2;Orientation;2;19;;;;;2;7
15;146;103;-43;1.72889229998691;7;-48.0;123;Houborg et al. (2023);Experiment 2;Orientation;2;19;;;;;3;7
15;112;105;-7;2.09571510000387;7;34.0;124;Houborg et al. (2023);Experiment 2;Orientation;2;19;;;;;4;7
15;59;61;2;1.36192819999997;7;53.0;125;Houborg et al. (2023);Experiment 2;Orientation;2;19;53.0;87.0;39.0;-66.0;5;7
15;179;87;88;2.46283550001681;7;60.0;126;Houborg et al. (2023);Experiment 2;Orientation;2;19;60.0;-67.0;-33.0;-81.0;6;7
15;68;72;4;1.61181739997119;7;-69.0;127;Houborg et al. (2023);Experiment 2;Orientation;2;19;-69.0;-9.0;44.0;78.0;7;7
15;133;119;-14;1.42852940002922;7;-65.0;128;Houborg et al. (2023);Experiment 2;Orientation;2;19;-65.0;46.0;-74.0;-21.0;8;7
15;53;60;7;1.07848060003016;7;80.0;129;Houborg et al. (2023);Experiment 2;Orientation;2;19;80.0;15.0;-54.0;6.0;9;7
15;76;76;0;1.99576139997225;7;-23.0;130;Houborg et al. (2023);Experiment 2;Orientation;2;19;-23.0;57.0;-8.0;-77.0;10;7
15;24;28;4;2.89656590000959;7;52.0;131;Houborg et al. (2023);Experiment 2;Orientation;2;19;52.0;29.0;-71.0;44.0;11;7
15;146;124;-22;1.92880759999389;7;58.0;132;Houborg et al. (2023);Experiment 2;Orientation;2;19;58.0;-70.0;87.0;-13.0;12;7
15;47;66;19;1.57875960000092;7;-81.0;133;Houborg et al. (2023);Experiment 2;Orientation;2;19;-81.0;-23.0;29.0;6.0;13;7
15;120;134;14;2.1959680999862;7;-73.0;134;Houborg et al. (2023);Experiment 2;Orientation;2;19;-73.0;26.0;84.0;-44.0;14;7
15;92;91;-1;1.07843110000249;7;28.0;135;Houborg et al. (2023);Experiment 2;Orientation;2;19;28.0;-45.0;54.0;-68.0;15;7
15;108;118;10;2.04547519999323;7;-16.0;136;Houborg et al. (2023);Experiment 2;Orientation;2;19;-16.0;12.0;-61.0;38.0;16;7
15;54;59;5;1.31186509999679;7;54.0;137;Houborg et al. (2023);Experiment 2;Orientation;2;19;54.0;38.0;66.0;-7.0;17;7
15;73;60;-13;2.39605760003906;7;-19.0;138;Houborg et al. (2023);Experiment 2;Orientation;2;19;-19.0;35.0;19.0;47.0;18;7
15;32;26;-6;4.99817449995317;7;41.0;139;Houborg et al. (2023);Experiment 2;Orientation;2;19;41.0;22.0;76.0;60.0;19;7
15;50;37;-13;1.02825299999677;7;-18.0;140;Houborg et al. (2023);Experiment 2;Orientation;2;19;-18.0;23.0;4.0;58.0;20;7
15;103;103;0;2.29590299999109;8;-53.0;141;Houborg et al. (2023);Experiment 2;Orientation;2;19;;;;;1;8
15;72;72;0;1.31174690002808;8;31.0;142;Houborg et al. (2023);Experiment 2;Orientation;2;19;;;;;2;8
15;95;114;19;1.32848119997652;8;-23.0;143;Houborg et al. (2023);Experiment 2;Orientation;2;19;;;;;3;8
15;72;61;-11;2.76291160000255;8;23.0;144;Houborg et al. (2023);Experiment 2;Orientation;2;19;;;;;4;8
15;2;36;34;2.29595379997045;8;70.0;145;Houborg et al. (2023);Experiment 2;Orientation;2;19;70.0;-87.0;70.0;-79.0;5;8
15;122;129;7;3.86390880000545;8;60.0;146;Houborg et al. (2023);Experiment 2;Orientation;2;19;60.0;-50.0;-27.0;-50.0;6;8
15;22;51;29;3.69698479998624;8;-80.0;147;Houborg et al. (2023);Experiment 2;Orientation;2;19;-80.0;-20.0;50.0;73.0;7;8
15;101;112;11;1.97899309999775;8;-79.0;148;Houborg et al. (2023);Experiment 2;Orientation;2;19;-79.0;21.0;81.0;-29.0;8;8
15;92;70;-22;3.21344379999209;8;9.0;149;Houborg et al. (2023);Experiment 2;Orientation;2;19;9.0;-70.0;30.0;90.0;9;8
15;124;132;8;2.31258339999476;8;-32.0;150;Houborg et al. (2023);Experiment 2;Orientation;2;19;-32.0;-23.0;78.0;-2.0;10;8
15;68;58;-10;2.19593450002139;8;56.0;151;Houborg et al. (2023);Experiment 2;Orientation;2;19;56.0;24.0;33.0;-46.0;11;8
15;118;122;4;1.74544709996553;8;-50.0;152;Houborg et al. (2023);Experiment 2;Orientation;2;19;-50.0;6.0;-26.0;-17.0;12;8
15;149;129;-20;2.579376699985;8;-31.0;153;Houborg et al. (2023);Experiment 2;Orientation;2;19;-31.0;-81.0;-25.0;-57.0;13;8
15;7;73;66;2.01235809997888;8;-38.0;154;Houborg et al. (2023);Experiment 2;Orientation;2;19;-38.0;-69.0;61.0;-63.0;14;8
15;144;140;-4;1.82889389997581;8;43.0;155;Houborg et al. (2023);Experiment 2;Orientation;2;19;43.0;5.0;-26.0;-76.0;15;8
15;148;151;3;2.07904789998429;8;-4.0;156;Houborg et al. (2023);Experiment 2;Orientation;2;19;-4.0;39.0;1.0;-30.0;16;8
15;170;162;-8;2.37927870004205;8;-22.0;157;Houborg et al. (2023);Experiment 2;Orientation;2;19;-22.0;-26.0;17.0;-21.0;17;8
15;137;134;-3;1.42836299998453;8;33.0;158;Houborg et al. (2023);Experiment 2;Orientation;2;19;33.0;11.0;7.0;50.0;18;8
15;79;66;-13;2.32917729998007;8;58.0;159;Houborg et al. (2023);Experiment 2;Orientation;2;19;58.0;-89.0;69.0;65.0;19;8
15;142;76;-66;2.97977550001815;8;-63.0;160;Houborg et al. (2023);Experiment 2;Orientation;2;19;-63.0;-5.0;28.0;6.0;20;8
15;21;37;16;1.56200620002346;9;-59.0;161;Houborg et al. (2023);Experiment 2;Orientation;2;19;;;;;1;9
15;84;72;-12;3.94745820004027;9;-63.0;162;Houborg et al. (2023);Experiment 2;Orientation;2;19;;;;;2;9
15;89;102;13;3.07999419997213;9;-5.0;163;Houborg et al. (2023);Experiment 2;Orientation;2;19;;;;;3;9
15;91;97;6;5.19848260004073;9;-2.0;164;Houborg et al. (2023);Experiment 2;Orientation;2;19;;;;;4;9
15;54;54;0;1.59548359998735;9;37.0;165;Houborg et al. (2023);Experiment 2;Orientation;2;19;37.0;35.0;30.0;-33.0;5;9
15;67;51;-16;2.29590490000555;9;-13.0;166;Houborg et al. (2023);Experiment 2;Orientation;2;19;-13.0;24.0;22.0;17.0;6;9
15;60;60;0;2.04584139998769;9;7.0;167;Houborg et al. (2023);Experiment 2;Orientation;2;19;7.0;-6.0;31.0;29.0;7;9
15;25;43;18;2.59616549999919;9;35.0;168;Houborg et al. (2023);Experiment 2;Orientation;2;19;35.0;42.0;29.0;66.0;8;9
15;125;56;-69;7.66695970000001;9;80.0;169;Houborg et al. (2023);Experiment 2;Orientation;2;19;80.0;-65.0;-58.0;-71.0;9;9
15;24;22;-2;2.89651170000434;9;-79.0;170;Houborg et al. (2023);Experiment 2;Orientation;2;19;-79.0;1.0;36.0;43.0;10;9
15;167;150;-17;2.37939670000924;9;37.0;171;Houborg et al. (2023);Experiment 2;Orientation;2;19;37.0;-42.0;38.0;73.0;11;9
15;147;144;-3;3.49699850002071;9;20.0;172;Houborg et al. (2023);Experiment 2;Orientation;2;19;20.0;57.0;-22.0;58.0;12;9
15;33;31;-2;2.52946490002796;9;-66.0;173;Houborg et al. (2023);Experiment 2;Orientation;2;19;-66.0;-46.0;-9.0;-88.0;13;9
15;75;67;-8;2.77966579998611;9;-42.0;174;Houborg et al. (2023);Experiment 2;Orientation;2;19;-42.0;72.0;-88.0;-51.0;14;9
15;107;110;3;2.16249170002993;9;-32.0;175;Houborg et al. (2023);Experiment 2;Orientation;2;19;-32.0;-74.0;40.0;60.0;15;9
15;130;132;2;3.16337309998926;9;-23.0;176;Houborg et al. (2023);Experiment 2;Orientation;2;19;-23.0;-55.0;83.0;17.0;16;9
15;5;55;50;4.28088420000859;9;-55.0;177;Houborg et al. (2023);Experiment 2;Orientation;2;19;-55.0;-78.0;70.0;28.0;17;9
15;102;64;-38;6.69970559998183;9;83.0;178;Houborg et al. (2023);Experiment 2;Orientation;2;19;83.0;28.0;5.0;-27.0;18;9
15;52;54;2;2.2293437999906;9;50.0;179;Houborg et al. (2023);Experiment 2;Orientation;2;19;50.0;-47.0;78.0;55.0;19;9
15;172;160;-12;3.01323029998457;9;60.0;180;Houborg et al. (2023);Experiment 2;Orientation;2;19;60.0;-70.0;13.0;-42.0;20;9
15;24;37;13;1.59544759994606;10;-32.0;181;Houborg et al. (2023);Experiment 2;Orientation;2;19;;;;;1;10
15;144;152;8;1.6952811999945;10;60.0;182;Houborg et al. (2023);Experiment 2;Orientation;2;19;;;;;2;10
15;162;150;-12;3.36357530002715;10;-18.0;183;Houborg et al. (2023);Experiment 2;Orientation;2;19;;;;;3;10
15;173;147;-26;1.9795503000496;10;-11.0;184;Houborg et al. (2023);Experiment 2;Orientation;2;19;;;;;4;10
15;103;106;3;1.29502319998574;10;70.0;185;Houborg et al. (2023);Experiment 2;Orientation;2;19;70.0;59.0;41.0;-79.0;5;10
15;66;57;-9;1.49525269999867;10;37.0;186;Houborg et al. (2023);Experiment 2;Orientation;2;19;37.0;-73.0;-84.0;78.0;6;10
15;166;152;-14;1.54500990000088;10;80.0;187;Houborg et al. (2023);Experiment 2;Orientation;2;19;80.0;-63.0;7.0;-4.0;7;10
15;157;61;84;2.31272940000053;10;9.0;188;Houborg et al. (2023);Experiment 2;Orientation;2;19;9.0;89.0;-54.0;16.0;8;10
15;27;31;4;1.34511620004196;10;-50.0;189;Houborg et al. (2023);Experiment 2;Orientation;2;19;-50.0;-41.0;39.0;76.0;9;10
15;127;122;-5;2.84648840001319;10;80.0;190;Houborg et al. (2023);Experiment 2;Orientation;2;19;80.0;30.0;39.0;-61.0;10;10
15;28;32;4;3.01314789999742;10;-81.0;191;Houborg et al. (2023);Experiment 2;Orientation;2;19;-81.0;-1.0;-51.0;-42.0;11;10
15;116;124;8;5.48187119996874;10;-88.0;192;Houborg et al. (2023);Experiment 2;Orientation;2;19;-88.0;11.0;-89.0;41.0;12;10
15;62;57;-5;3.76377939997474;10;54.0;193;Houborg et al. (2023);Experiment 2;Orientation;2;19;54.0;-34.0;65.0;-35.0;13;10
15;172;156;-16;2.66292739997152;10;70.0;194;Houborg et al. (2023);Experiment 2;Orientation;2;19;70.0;-56.0;36.0;-45.0;14;10
15;124;115;-9;2.76287430000957;10;48.0;195;Houborg et al. (2023);Experiment 2;Orientation;2;19;48.0;-62.0;-8.0;84.0;15;10
15;160;154;-6;1.44534789997851;10;-36.0;196;Houborg et al. (2023);Experiment 2;Orientation;2;19;-36.0;12.0;82.0;-44.0;16;10
15;96;110;14;5.26511989999563;10;64.0;197;Houborg et al. (2023);Experiment 2;Orientation;2;19;64.0;28.0;76.0;-34.0;17;10
15;56;56;0;1.6454839000362;10;40.0;198;Houborg et al. (2023);Experiment 2;Orientation;2;19;40.0;-76.0;68.0;-64.0;18;10
15;59;58;-1;2.0458207000047;10;-3.0;199;Houborg et al. (2023);Experiment 2;Orientation;2;19;-3.0;37.0;-79.0;65.0;19;10
15;145;44;79;1.66203870001482;10;-86.0;200;Houborg et al. (2023);Experiment 2;Orientation;2;19;-86.0;-89.0;-49.0;15.0;20;10
16;125;68;-57;2.51272639993113;1;;1;Houborg et al. (2023);Experiment 2;Orientation;2;19;;;;;1;1
16;24;43;19;2.66307180002332;1;-79.0;2;Houborg et al. (2023);Experiment 2;Orientation;2;19;;;;;2;1
16;1;1;0;2.87988569994923;1;23.0;3;Houborg et al. (2023);Experiment 2;Orientation;2;19;;;;;3;1
16;64;56;-8;2.17916549998336;1;-63.0;4;Houborg et al. (2023);Experiment 2;Orientation;2;19;;;;;4;1
16;44;5;-39;2.39661440008786;1;20.0;5;Houborg et al. (2023);Experiment 2;Orientation;2;19;20.0;-43.0;-20.0;81.0;5;1
16;39;44;5;2.37937249999959;1;5.0;6;Houborg et al. (2023);Experiment 2;Orientation;2;19;5.0;25.0;-38.0;-15.0;6;1
16;70;63;-7;1.5785033000866;1;-31.0;7;Houborg et al. (2023);Experiment 2;Orientation;2;19;-31.0;-26.0;-6.0;-69.0;7;1
16;40;28;-12;2.92987639992498;1;30.0;8;Houborg et al. (2023);Experiment 2;Orientation;2;19;30.0;-1.0;4.0;24.0;8;1
16;146;147;1;4.31429680006113;1;74.0;9;Houborg et al. (2023);Experiment 2;Orientation;2;19;74.0;-76.0;73.0;78.0;9;1
16;86;100;14;3.22991500003263;1;60.0;10;Houborg et al. (2023);Experiment 2;Orientation;2;19;60.0;-46.0;-16.0;-47.0;10;1
16;23;13;-10;2.36258749989793;1;63.0;11;Houborg et al. (2023);Experiment 2;Orientation;2;19;63.0;-57.0;17.0;47.0;11;1
16;134;132;-2;1.92894470004831;1;69.0;12;Houborg et al. (2023);Experiment 2;Orientation;2;19;69.0;-48.0;12.0;86.0;12;1
16;34;49;15;2.82947900006548;1;-80.0;13;Houborg et al. (2023);Experiment 2;Orientation;2;19;-80.0;-11.0;52.0;-68.0;13;1
16;45;50;5;2.77966470003594;1;-11.0;14;Houborg et al. (2023);Experiment 2;Orientation;2;19;-11.0;89.0;-22.0;41.0;14;1
16;51;96;45;2.92966080002952;1;-6.0;15;Houborg et al. (2023);Experiment 2;Orientation;2;19;-6.0;-17.0;83.0;-28.0;15;1
16;116;129;13;2.67949389992282;1;-65.0;16;Houborg et al. (2023);Experiment 2;Orientation;2;19;-65.0;-71.0;-82.0;18.0;16;1
16;34;53;19;1.91234889999032;1;82.0;17;Houborg et al. (2023);Experiment 2;Orientation;2;19;82.0;17.0;11.0;0.0;17;1
16;84;92;8;2.46265300002415;1;-50.0;18;Houborg et al. (2023);Experiment 2;Orientation;2;19;-50.0;32.0;-33.0;-39.0;18;1
16;34;19;-15;2.61278130009305;1;50.0;19;Houborg et al. (2023);Experiment 2;Orientation;2;19;50.0;0.0;82.0;17.0;19;1
16;129;164;35;1.82903579995036;1;85.0;20;Houborg et al. (2023);Experiment 2;Orientation;2;19;85.0;-45.0;85.0;-13.0;20;1
16;128;168;40;2.37933249992784;2;1.0;21;Houborg et al. (2023);Experiment 2;Orientation;2;19;;;;;1;2
16;35;32;-3;3.1465470000403;2;-87.0;22;Houborg et al. (2023);Experiment 2;Orientation;2;19;;;;;2;2
16;125;139;14;3.61382730002515;2;-90.0;23;Houborg et al. (2023);Experiment 2;Orientation;2;19;;;;;3;2
16;160;143;-17;3.96408440009691;2;-35.0;24;Houborg et al. (2023);Experiment 2;Orientation;2;19;;;;;4;2
16;12;31;19;2.61282470007427;2;-32.0;25;Houborg et al. (2023);Experiment 2;Orientation;2;19;-32.0;-67.0;23.0;-64.0;5;2
16;69;50;-19;2.29583349998575;2;-57.0;26;Houborg et al. (2023);Experiment 2;Orientation;2;19;-57.0;-89.0;56.0;-34.0;6;2
16;8;174;-14;1.81222950003576;2;61.0;27;Houborg et al. (2023);Experiment 2;Orientation;2;19;61.0;4.0;-28.0;-63.0;7;2
16;160;147;-13;2.22912409994751;2;28.0;28;Houborg et al. (2023);Experiment 2;Orientation;2;19;28.0;89.0;32.0;0.0;8;2
16;142;107;-35;2.76308219996281;2;18.0;29;Houborg et al. (2023);Experiment 2;Orientation;2;19;18.0;46.0;-73.0;50.0;9;2
16;73;119;46;3.21335410000756;2;69.0;30;Houborg et al. (2023);Experiment 2;Orientation;2;19;69.0;87.0;-65.0;-4.0;10;2
16;79;93;14;2.56283510010689;2;-6.0;31;Houborg et al. (2023);Experiment 2;Orientation;2;19;-6.0;63.0;81.0;-71.0;11;2
16;31;33;2;2.24591369996779;2;48.0;32;Houborg et al. (2023);Experiment 2;Orientation;2;19;48.0;42.0;-69.0;-51.0;12;2
16;71;148;77;3.09659089997876;2;-40.0;33;Houborg et al. (2023);Experiment 2;Orientation;2;19;-40.0;8.0;2.0;71.0;13;2
16;108;121;13;2.46252749999985;2;-37.0;34;Houborg et al. (2023);Experiment 2;Orientation;2;19;-37.0;-77.0;-29.0;-35.0;14;2
16;100;117;17;2.27919000003021;2;8.0;35;Houborg et al. (2023);Experiment 2;Orientation;2;19;8.0;-29.0;-69.0;-21.0;15;2
16;44;52;8;2.56282419990748;2;56.0;36;Houborg et al. (2023);Experiment 2;Orientation;2;19;56.0;64.0;27.0;-13.0;16;2
16;75;82;7;1.91227979992982;2;-31.0;37;Houborg et al. (2023);Experiment 2;Orientation;2;19;-31.0;25.0;33.0;-4.0;17;2
16;27;46;19;3.38013060006779;2;48.0;38;Houborg et al. (2023);Experiment 2;Orientation;2;19;48.0;17.0;73.0;81.0;18;2
16;68;55;-13;2.52927040006034;2;-41.0;39;Houborg et al. (2023);Experiment 2;Orientation;2;19;-41.0;7.0;-24.0;32.0;19;2
16;102;118;16;3.48023289989214;2;-34.0;40;Houborg et al. (2023);Experiment 2;Orientation;2;19;-34.0;-75.0;-27.0;-58.0;20;2
16;179;179;0;1.14491789997555;3;-77.0;41;Houborg et al. (2023);Experiment 2;Orientation;2;19;;;;;1;3
16;7;16;9;0.511067499988712;3;-8.0;42;Houborg et al. (2023);Experiment 2;Orientation;2;19;;;;;2;3
16;63;47;-16;1.42843520001043;3;-56.0;43;Houborg et al. (2023);Experiment 2;Orientation;2;19;;;;;3;3
16;117;116;-1;1.81210910005029;3;-54.0;44;Houborg et al. (2023);Experiment 2;Orientation;2;19;;;;;4;3
16;167;164;-3;0.844651099992916;3;-50.0;45;Houborg et al. (2023);Experiment 2;Orientation;2;19;-50.0;76.0;20.0;12.0;5;3
16;167;155;-12;1.14499840000644;3;0.0;46;Houborg et al. (2023);Experiment 2;Orientation;2;19;0.0;-50.0;76.0;20.0;6;3
16;16;20;4;0.627931700088084;3;-29.0;47;Houborg et al. (2023);Experiment 2;Orientation;2;19;-29.0;-29.0;-79.0;47.0;7;3
16;20;21;1;1.31175059999805;3;-4.0;48;Houborg et al. (2023);Experiment 2;Orientation;2;19;-4.0;-33.0;-33.0;-83.0;8;3
16;23;38;15;1.32841389998794;3;-3.0;49;Houborg et al. (2023);Experiment 2;Orientation;2;19;-3.0;-7.0;-36.0;-36.0;9;3
16;164;133;-31;0.94488960003946;3;39.0;50;Houborg et al. (2023);Experiment 2;Orientation;2;19;39.0;36.0;32.0;3.0;10;3
16;79;92;13;1.2117119000759;3;85.0;51;Houborg et al. (2023);Experiment 2;Orientation;2;19;85.0;-56.0;-59.0;-63.0;11;3
16;123;129;6;1.47860890009906;3;-44.0;52;Houborg et al. (2023);Experiment 2;Orientation;2;19;-44.0;41.0;80.0;77.0;12;3
16;64;86;22;0.861513999989256;3;59.0;53;Houborg et al. (2023);Experiment 2;Orientation;2;19;59.0;15.0;-80.0;-41.0;13;3
16;13;35;22;0.911422800039873;3;51.0;54;Houborg et al. (2023);Experiment 2;Orientation;2;19;51.0;-70.0;66.0;-29.0;14;3
16;157;55;78;1.11153139988892;3;36.0;55;Houborg et al. (2023);Experiment 2;Orientation;2;19;36.0;87.0;-34.0;-78.0;15;3
16;76;51;-25;2.62941809999757;3;81.0;56;Houborg et al. (2023);Experiment 2;Orientation;2;19;81.0;-63.0;-12.0;47.0;16;3
16;83;127;44;2.42925569997169;3;-7.0;57;Houborg et al. (2023);Experiment 2;Orientation;2;19;-7.0;74.0;-70.0;-19.0;17;3
16;39;52;13;0.61116079997737;3;44.0;58;Houborg et al. (2023);Experiment 2;Orientation;2;19;44.0;37.0;-62.0;-26.0;18;3
16;45;55;10;1.04508079995867;3;-6.0;59;Houborg et al. (2023);Experiment 2;Orientation;2;19;-6.0;38.0;31.0;-68.0;19;3
16;157;162;5;1.22834909998346;3;68.0;60;Houborg et al. (2023);Experiment 2;Orientation;2;19;68.0;62.0;-74.0;-81.0;20;3
16;32;43;11;1.69543719990179;4;-55.0;61;Houborg et al. (2023);Experiment 2;Orientation;2;19;;;;;1;4
16;117;121;4;1.31206619995646;4;-85.0;62;Houborg et al. (2023);Experiment 2;Orientation;2;19;;;;;2;4
16;139;138;-1;0.96134310006164;4;-22.0;63;Houborg et al. (2023);Experiment 2;Orientation;2;19;;;;;3;4
16;151;152;1;2.7128984000301;4;-12.0;64;Houborg et al. (2023);Experiment 2;Orientation;2;19;;;;;4;4
16;120;137;17;1.44525190000422;4;31.0;65;Houborg et al. (2023);Experiment 2;Orientation;2;19;31.0;19.0;-3.0;-88.0;5;4
16;70;51;-19;1.84561559988651;4;50.0;66;Houborg et al. (2023);Experiment 2;Orientation;2;19;50.0;81.0;69.0;47.0;6;4
16;38;26;-12;2.51247940002941;4;32.0;67;Houborg et al. (2023);Experiment 2;Orientation;2;19;32.0;82.0;-67.0;-79.0;7;4
16;167;30;43;1.76207850000355;4;51.0;68;Houborg et al. (2023);Experiment 2;Orientation;2;19;51.0;83.0;-47.0;-16.0;8;4
16;76;110;34;1.99553249997552;4;-89.0;69;Houborg et al. (2023);Experiment 2;Orientation;2;19;-89.0;-38.0;-6.0;44.0;9;4
16;124;118;-6;1.09493739996105;4;-48.0;70;Houborg et al. (2023);Experiment 2;Orientation;2;19;-48.0;43.0;-86.0;-54.0;10;4
16;65;56;-9;1.1616085000569;4;59.0;71;Houborg et al. (2023);Experiment 2;Orientation;2;19;59.0;11.0;-78.0;-27.0;11;4
16;64;58;-6;1.72893690003548;4;1.0;72;Houborg et al. (2023);Experiment 2;Orientation;2;19;1.0;60.0;12.0;-77.0;12;4
16;58;49;-9;2.0624744000379;4;6.0;73;Houborg et al. (2023);Experiment 2;Orientation;2;19;6.0;7.0;66.0;18.0;13;4
16;36;39;3;1.17810330004431;4;22.0;74;Houborg et al. (2023);Experiment 2;Orientation;2;19;22.0;28.0;29.0;88.0;14;4
16;59;46;-13;2.19617230002768;4;-23.0;75;Houborg et al. (2023);Experiment 2;Orientation;2;19;-23.0;-1.0;5.0;6.0;15;4
16;72;65;-7;1.11169869999867;4;-13.0;76;Houborg et al. (2023);Experiment 2;Orientation;2;19;-13.0;-36.0;-14.0;-8.0;16;4
16;21;51;30;1.01152120006736;4;51.0;77;Houborg et al. (2023);Experiment 2;Orientation;2;19;51.0;38.0;15.0;37.0;17;4
16;167;163;-4;2.61289629992098;4;34.0;78;Houborg et al. (2023);Experiment 2;Orientation;2;19;34.0;85.0;72.0;49.0;18;4
16;148;139;-9;1.36167430004571;4;19.0;79;Houborg et al. (2023);Experiment 2;Orientation;2;19;19.0;53.0;-76.0;-89.0;19;4
16;88;92;4;1.49518000008538;4;60.0;80;Houborg et al. (2023);Experiment 2;Orientation;2;19;60.0;79.0;-67.0;-16.0;20;4
16;92;108;16;1.42869209998753;5;-4.0;81;Houborg et al. (2023);Experiment 2;Orientation;2;19;;;;;1;5
16;100;121;21;1.29512769996654;5;-8.0;82;Houborg et al. (2023);Experiment 2;Orientation;2;19;;;;;2;5
16;150;145;-5;1.62854130007327;5;-50.0;83;Houborg et al. (2023);Experiment 2;Orientation;2;19;;;;;3;5
16;89;126;37;1.54536089999601;5;61.0;84;Houborg et al. (2023);Experiment 2;Orientation;2;19;;;;;4;5
16;126;130;4;2.17924129997846;5;-37.0;85;Houborg et al. (2023);Experiment 2;Orientation;2;19;-37.0;24.0;-26.0;-34.0;5;5
16;64;56;-8;1.49510840000585;5;62.0;86;Houborg et al. (2023);Experiment 2;Orientation;2;19;62.0;25.0;86.0;36.0;6;5
16;162;150;-12;0.627893600030802;5;82.0;87;Houborg et al. (2023);Experiment 2;Orientation;2;19;82.0;-36.0;-73.0;-12.0;7;5
16;2;19;17;2.49594940000679;5;-20.0;88;Houborg et al. (2023);Experiment 2;Orientation;2;19;-20.0;62.0;-56.0;87.0;8;5
16;110;133;23;1.49508269992657;5;72.0;89;Houborg et al. (2023);Experiment 2;Orientation;2;19;72.0;52.0;-46.0;16.0;9;5
16;78;111;33;1.92901840002742;5;32.0;90;Houborg et al. (2023);Experiment 2;Orientation;2;19;32.0;-76.0;84.0;-14.0;10;5
16;3;171;-12;1.92885570006911;5;75.0;91;Houborg et al. (2023);Experiment 2;Orientation;2;19;75.0;-73.0;-1.0;-21.0;11;5
16;80;122;42;1.49512049998157;5;-77.0;92;Houborg et al. (2023);Experiment 2;Orientation;2;19;-77.0;-2.0;30.0;-78.0;12;5
16;100;122;22;1.26177450001705;5;-20.0;93;Houborg et al. (2023);Experiment 2;Orientation;2;19;-20.0;83.0;-22.0;10.0;13;5
16;78;52;-26;3.04665020003449;5;22.0;94;Houborg et al. (2023);Experiment 2;Orientation;2;19;22.0;2.0;-75.0;0.0;14;5
16;68;56;-12;1.21181110001635;5;10.0;95;Houborg et al. (2023);Experiment 2;Orientation;2;19;10.0;32.0;12.0;-65.0;15;5
16;49;53;4;1.09491699992213;5;19.0;96;Houborg et al. (2023);Experiment 2;Orientation;2;19;19.0;29.0;51.0;31.0;16;5
16;87;82;-5;1.79546549997758;5;-38.0;97;Houborg et al. (2023);Experiment 2;Orientation;2;19;-38.0;-19.0;-9.0;13.0;17;5
16;35;53;18;2.36266540002543;5;52.0;98;Houborg et al. (2023);Experiment 2;Orientation;2;19;52.0;14.0;33.0;43.0;18;5
16;9;37;28;1.57877779996488;5;26.0;99;Houborg et al. (2023);Experiment 2;Orientation;2;19;26.0;78.0;40.0;59.0;19;5
16;108;112;4;6.48290050006472;5;81.0;100;Houborg et al. (2023);Experiment 2;Orientation;2;19;81.0;-73.0;-21.0;-59.0;20;5
16;43;46;3;1.02819720003754;6;65.0;101;Houborg et al. (2023);Experiment 2;Orientation;2;19;;;;;1;6
16;51;61;10;1.61198739998508;6;-8.0;102;Houborg et al. (2023);Experiment 2;Orientation;2;19;;;;;2;6
16;162;169;7;1.6286196000874;6;69.0;103;Houborg et al. (2023);Experiment 2;Orientation;2;19;;;;;3;6
16;65;58;-7;1.67864190007094;6;-83.0;104;Houborg et al. (2023);Experiment 2;Orientation;2;19;;;;;4;6
16;19;48;29;1.1615473999409;6;46.0;105;Houborg et al. (2023);Experiment 2;Orientation;2;19;46.0;-37.0;32.0;24.0;5;6
16;19;36;17;0.694815499940887;6;0.0;106;Houborg et al. (2023);Experiment 2;Orientation;2;19;0.0;46.0;-37.0;32.0;6;6
16;3;179;-4;1.21176440001;6;16.0;107;Houborg et al. (2023);Experiment 2;Orientation;2;19;16.0;16.0;62.0;-21.0;7;6
16;50;38;-12;1.91231619997416;6;-47.0;108;Houborg et al. (2023);Experiment 2;Orientation;2;19;-47.0;-31.0;-31.0;15.0;8;6
16;46;43;-3;1.66203349991702;6;4.0;109;Houborg et al. (2023);Experiment 2;Orientation;2;19;4.0;-43.0;-27.0;-27.0;9;6
16;75;49;-26;1.46197150007356;6;-29.0;110;Houborg et al. (2023);Experiment 2;Orientation;2;19;-29.0;-25.0;-72.0;-56.0;10;6
16;52;51;-1;3.69699690002017;6;23.0;111;Houborg et al. (2023);Experiment 2;Orientation;2;19;23.0;-6.0;-2.0;-49.0;11;6
16;4;4;0;1.41168010002002;6;48.0;112;Houborg et al. (2023);Experiment 2;Orientation;2;19;48.0;71.0;42.0;46.0;12;6
16;96;90;-6;1.94565829995554;6;88.0;113;Houborg et al. (2023);Experiment 2;Orientation;2;19;88.0;-44.0;-21.0;-50.0;13;6
16;9;19;10;1.36181999999098;6;87.0;114;Houborg et al. (2023);Experiment 2;Orientation;2;19;87.0;-5.0;43.0;66.0;14;6
16;20;30;10;0.511052999994718;6;-11.0;115;Houborg et al. (2023);Experiment 2;Orientation;2;19;-11.0;76.0;-16.0;32.0;15;6
16;147;150;3;2.19579810008872;6;53.0;116;Houborg et al. (2023);Experiment 2;Orientation;2;19;53.0;42.0;-51.0;37.0;16;6
16;23;29;6;0.994753700098954;6;-56.0;117;Houborg et al. (2023);Experiment 2;Orientation;2;19;-56.0;-3.0;-14.0;73.0;17;6
16;122;131;9;3.31338760000654;6;81.0;118;Houborg et al. (2023);Experiment 2;Orientation;2;19;81.0;25.0;78.0;67.0;18;6
16;168;163;-5;1.31172500003595;6;-46.0;119;Houborg et al. (2023);Experiment 2;Orientation;2;19;-46.0;35.0;-21.0;32.0;19;6
16;124;135;11;1.36179220001213;6;44.0;120;Houborg et al. (2023);Experiment 2;Orientation;2;19;44.0;-2.0;79.0;23.0;20;6
16;85;91;6;0.878054899978451;7;39.0;121;Houborg et al. (2023);Experiment 2;Orientation;2;19;;;;;1;7
16;44;38;-6;1.12815340002999;7;41.0;122;Houborg et al. (2023);Experiment 2;Orientation;2;19;;;;;2;7
16;19;21;2;2.87977250001859;7;25.0;123;Houborg et al. (2023);Experiment 2;Orientation;2;19;;;;;3;7
16;149;151;2;1.46181300003082;7;50.0;124;Houborg et al. (2023);Experiment 2;Orientation;2;19;;;;;4;7
16;73;58;-15;1.24517170002218;7;76.0;125;Houborg et al. (2023);Experiment 2;Orientation;2;19;76.0;-54.0;-29.0;12.0;5;7
16;105;141;36;1.16220170003362;7;-32.0;126;Houborg et al. (2023);Experiment 2;Orientation;2;19;-32.0;44.0;-86.0;-61.0;6;7
16;168;171;3;1.31154230004176;7;-63.0;127;Houborg et al. (2023);Experiment 2;Orientation;2;19;-63.0;85.0;-19.0;31.0;7;7
16;150;152;2;0.511011400027201;7;18.0;128;Houborg et al. (2023);Experiment 2;Orientation;2;19;18.0;-45.0;-77.0;-1.0;8;7
16;152;161;9;1.42858860001434;7;-2.0;129;Houborg et al. (2023);Experiment 2;Orientation;2;19;-2.0;16.0;-47.0;-79.0;9;7
16;138;145;7;2.2291812999174;7;14.0;130;Houborg et al. (2023);Experiment 2;Orientation;2;19;14.0;12.0;30.0;-33.0;10;7
16;129;147;18;1.72888880001847;7;9.0;131;Houborg et al. (2023);Experiment 2;Orientation;2;19;9.0;23.0;21.0;39.0;11;7
16;65;30;-35;5.3483798999805;7;64.0;132;Houborg et al. (2023);Experiment 2;Orientation;2;19;64.0;73.0;87.0;85.0;12;7
16;169;3;14;2.51280189992394;7;76.0;133;Houborg et al. (2023);Experiment 2;Orientation;2;19;76.0;-40.0;-31.0;-17.0;13;7
16;64;52;-12;4.24746519990731;7;-75.0;134;Houborg et al. (2023);Experiment 2;Orientation;2;19;-75.0;1.0;65.0;74.0;14;7
16;175;165;-10;0.894818100030534;7;69.0;135;Houborg et al. (2023);Experiment 2;Orientation;2;19;69.0;-6.0;70.0;-46.0;15;7
16;23;28;5;2.52952460001688;7;-28.0;136;Houborg et al. (2023);Experiment 2;Orientation;2;19;-28.0;41.0;-34.0;42.0;16;7
16;82;89;7;1.51184659998398;7;-59.0;137;Houborg et al. (2023);Experiment 2;Orientation;2;19;-59.0;-87.0;-18.0;87.0;17;7
16;54;61;7;1.19498570007272;7;28.0;138;Houborg et al. (2023);Experiment 2;Orientation;2;19;28.0;-31.0;-59.0;10.0;18;7
16;134;134;0;1.294977499987;7;-80.0;139;Houborg et al. (2023);Experiment 2;Orientation;2;19;-80.0;-52.0;69.0;41.0;19;7
16;129;137;8;1.61194179998711;7;5.0;140;Houborg et al. (2023);Experiment 2;Orientation;2;19;5.0;-75.0;-47.0;74.0;20;7
16;1;2;1;1.66208409995306;8;-52.0;141;Houborg et al. (2023);Experiment 2;Orientation;2;19;;;;;1;8
16;120;123;3;1.77879620005842;8;61.0;142;Houborg et al. (2023);Experiment 2;Orientation;2;19;;;;;2;8
16;178;5;7;1.74416379991453;8;-58.0;143;Houborg et al. (2023);Experiment 2;Orientation;2;19;;;;;3;8
16;165;160;-5;1.21150309999939;8;13.0;144;Houborg et al. (2023);Experiment 2;Orientation;2;19;;;;;4;8
16;71;53;-18;1.32843380002305;8;-86.0;145;Houborg et al. (2023);Experiment 2;Orientation;2;19;-86.0;-73.0;49.0;-70.0;5;8
16;66;56;-10;1.54534820001572;8;5.0;146;Houborg et al. (2023);Experiment 2;Orientation;2;19;5.0;-81.0;-68.0;54.0;6;8
16;67;51;-16;1.82890590000898;8;-1.0;147;Houborg et al. (2023);Experiment 2;Orientation;2;19;-1.0;4.0;-82.0;-69.0;7;8
16;92;103;11;1.26214339991566;8;-25.0;148;Houborg et al. (2023);Experiment 2;Orientation;2;19;-25.0;-26.0;-21.0;73.0;8;8
16;89;84;-5;2.31259310001042;8;3.0;149;Houborg et al. (2023);Experiment 2;Orientation;2;19;3.0;-22.0;-23.0;-18.0;9;8
16;66;49;-17;1.46195440005977;8;23.0;150;Houborg et al. (2023);Experiment 2;Orientation;2;19;23.0;26.0;1.0;0.0;10;8
16;103;127;24;1.46181220002472;8;-37.0;151;Houborg et al. (2023);Experiment 2;Orientation;2;19;-37.0;-14.0;-11.0;-36.0;11;8
16;8;31;23;2.36257849994581;8;-85.0;152;Houborg et al. (2023);Experiment 2;Orientation;2;19;-85.0;58.0;81.0;84.0;12;8
16;158;154;-4;2.59607779991347;8;30.0;153;Houborg et al. (2023);Experiment 2;Orientation;2;19;30.0;-55.0;88.0;-69.0;13;8
16;28;28;0;1.42867519997526;8;-50.0;154;Houborg et al. (2023);Experiment 2;Orientation;2;19;-50.0;-20.0;75.0;38.0;14;8
16;54;55;1;1.3117867000401;8;-26.0;155;Houborg et al. (2023);Experiment 2;Orientation;2;19;-26.0;-76.0;-46.0;49.0;15;8
16;6;7;1;1.44527750008274;8;48.0;156;Houborg et al. (2023);Experiment 2;Orientation;2;19;48.0;22.0;-28.0;2.0;16;8
16;97;120;23;1.22832500003278;8;89.0;157;Houborg et al. (2023);Experiment 2;Orientation;2;19;89.0;-43.0;-69.0;61.0;17;8
16;28;41;13;0.978299300069921;8;69.0;158;Houborg et al. (2023);Experiment 2;Orientation;2;19;69.0;-22.0;26.0;0.0;18;8
16;30;138;-72;1.77880349999759;8;-2.0;159;Houborg et al. (2023);Experiment 2;Orientation;2;19;-2.0;67.0;-24.0;24.0;19;8
16;161;161;0;1.49550419999287;8;49.0;160;Houborg et al. (2023);Experiment 2;Orientation;2;19;49.0;47.0;-64.0;25.0;20;8
16;101;117;16;1.29517269995995;9;60.0;161;Houborg et al. (2023);Experiment 2;Orientation;2;19;;;;;1;9
16;170;158;-12;2.47952980000991;9;-69.0;162;Houborg et al. (2023);Experiment 2;Orientation;2;19;;;;;2;9
16;60;50;-10;2.02900589990895;9;-70.0;163;Houborg et al. (2023);Experiment 2;Orientation;2;19;;;;;3;9
16;7;22;15;3.68041069991887;9;53.0;164;Houborg et al. (2023);Experiment 2;Orientation;2;19;;;;;4;9
16;132;149;17;2.34591829997953;9;55.0;165;Houborg et al. (2023);Experiment 2;Orientation;2;19;55.0;-72.0;38.0;-31.0;5;9
16;56;39;-17;2.01225220004562;9;76.0;166;Houborg et al. (2023);Experiment 2;Orientation;2;19;76.0;-49.0;4.0;-66.0;6;9
16;170;168;-2;2.34603590006009;9;66.0;167;Houborg et al. (2023);Experiment 2;Orientation;2;19;66.0;-38.0;17.0;70.0;7;9
16;3;171;-12;2.12896749994252;9;-13.0;168;Houborg et al. (2023);Experiment 2;Orientation;2;19;-13.0;53.0;-51.0;4.0;8;9
16;20;28;8;1.36187230003998;9;-17.0;169;Houborg et al. (2023);Experiment 2;Orientation;2;19;-17.0;-30.0;36.0;-68.0;9;9
16;152;164;12;2.7129363999702;9;48.0;170;Houborg et al. (2023);Experiment 2;Orientation;2;19;48.0;31.0;18.0;84.0;10;9
16;177;166;-11;2.96307419997174;9;-25.0;171;Houborg et al. (2023);Experiment 2;Orientation;2;19;-25.0;23.0;6.0;-7.0;11;9
16;12;43;31;2.6128104000818;9;-15.0;172;Houborg et al. (2023);Experiment 2;Orientation;2;19;-15.0;-40.0;8.0;-9.0;12;9
16;32;28;-4;2.34601380000822;9;-20.0;173;Houborg et al. (2023);Experiment 2;Orientation;2;19;-20.0;-35.0;-60.0;-12.0;13;9
16;165;163;-2;2.47945949994028;9;47.0;174;Houborg et al. (2023);Experiment 2;Orientation;2;19;47.0;27.0;12.0;-13.0;14;9
16;43;28;-15;2.07919229997788;9;-58.0;175;Houborg et al. (2023);Experiment 2;Orientation;2;19;-58.0;-11.0;-31.0;-46.0;15;9
16;60;57;-3;0.944811100023799;9;-17.0;176;Houborg et al. (2023);Experiment 2;Orientation;2;19;-17.0;-75.0;-28.0;-48.0;16;9
16;58;52;-6;1.5453233999433;9;2.0;177;Houborg et al. (2023);Experiment 2;Orientation;2;19;2.0;-15.0;-73.0;-26.0;17;9
16;179;175;-4;1.09482300002128;9;59.0;178;Houborg et al. (2023);Experiment 2;Orientation;2;19;59.0;61.0;44.0;-14.0;18;9
16;163;156;-7;2.27924820000771;9;16.0;179;Houborg et al. (2023);Experiment 2;Orientation;2;19;16.0;75.0;77.0;60.0;19;9
16;12;39;27;0.894771700026467;9;-29.0;180;Houborg et al. (2023);Experiment 2;Orientation;2;19;-29.0;-13.0;46.0;48.0;20;9
16;15;21;6;3.4634984000586;10;-3.0;181;Houborg et al. (2023);Experiment 2;Orientation;2;19;;;;;1;10
16;78;70;-8;2.01238400000148;10;-63.0;182;Houborg et al. (2023);Experiment 2;Orientation;2;19;;;;;2;10
16;114;122;8;2.19579849997535;10;-36.0;183;Houborg et al. (2023);Experiment 2;Orientation;2;19;;;;;3;10
16;25;44;19;2.31259460002184;10;89.0;184;Houborg et al. (2023);Experiment 2;Orientation;2;19;;;;;4;10
16;45;24;-21;2.94627750001382;10;-20.0;185;Houborg et al. (2023);Experiment 2;Orientation;2;19;-20.0;69.0;33.0;-30.0;5;10
16;171;178;7;1.62849650008138;10;54.0;186;Houborg et al. (2023);Experiment 2;Orientation;2;19;54.0;34.0;-57.0;87.0;6;10
16;178;163;-15;2.74609559995588;10;-7.0;187;Houborg et al. (2023);Experiment 2;Orientation;2;19;-7.0;47.0;27.0;-64.0;7;10
16;17;40;23;1.8956170999445;10;-19.0;188;Houborg et al. (2023);Experiment 2;Orientation;2;19;-19.0;-26.0;28.0;8.0;8;10
16;82;138;56;2.17921910004225;10;-65.0;189;Houborg et al. (2023);Experiment 2;Orientation;2;19;-65.0;-84.0;89.0;-37.0;9;10
16;34;52;18;4.9813792000059;10;48.0;190;Houborg et al. (2023);Experiment 2;Orientation;2;19;48.0;-17.0;-36.0;-43.0;10;10
16;26;29;3;2.07896579999942;10;8.0;191;Houborg et al. (2023);Experiment 2;Orientation;2;19;8.0;56.0;-9.0;-28.0;11;10
16;36;34;-2;2.12911820004229;10;-10.0;192;Houborg et al. (2023);Experiment 2;Orientation;2;19;-10.0;-2.0;46.0;-19.0;12;10
16;158;119;-39;2.81294039997738;10;58.0;193;Houborg et al. (2023);Experiment 2;Orientation;2;19;58.0;48.0;56.0;-76.0;13;10
16;114;133;19;3.07995129993651;10;44.0;194;Houborg et al. (2023);Experiment 2;Orientation;2;19;44.0;-78.0;-88.0;-80.0;14;10
16;87;78;-9;1.8622782001039;10;27.0;195;Houborg et al. (2023);Experiment 2;Orientation;2;19;27.0;71.0;-51.0;-61.0;15;10
16;136;138;2;2.01232430001255;10;-49.0;196;Houborg et al. (2023);Experiment 2;Orientation;2;19;-49.0;-22.0;22.0;80.0;16;10
16;102;122;20;1.26170689996798;10;34.0;197;Houborg et al. (2023);Experiment 2;Orientation;2;19;34.0;-15.0;12.0;56.0;17;10
16;48;49;1;1.01141080004163;10;54.0;198;Houborg et al. (2023);Experiment 2;Orientation;2;19;54.0;88.0;39.0;66.0;18;10
16;167;150;-17;7.93385979998857;10;61.0;199;Houborg et al. (2023);Experiment 2;Orientation;2;19;61.0;-65.0;-31.0;-80.0;19;10
16;168;161;-7;1.32847440009937;10;-1.0;200;Houborg et al. (2023);Experiment 2;Orientation;2;19;-1.0;60.0;-66.0;-32.0;20;10
17;134;130;-4;1.2950753000332;1;;1;Houborg et al. (2023);Experiment 2;Orientation;2;19;;;;;1;1
17;83;85;2;2.5461978999665;1;51.0;2;Houborg et al. (2023);Experiment 2;Orientation;2;19;;;;;2;1
17;124;134;10;1.92909769993275;1;-41.0;3;Houborg et al. (2023);Experiment 2;Orientation;2;19;;;;;3;1
17;114;116;2;1.11181390006095;1;10.0;4;Houborg et al. (2023);Experiment 2;Orientation;2;19;;;;;4;1
17;126;115;-11;1.7621278000297;1;-12.0;5;Houborg et al. (2023);Experiment 2;Orientation;2;19;-12.0;-2.0;-43.0;8.0;5;1
17;130;130;0;1.47860699996818;1;-4.0;6;Houborg et al. (2023);Experiment 2;Orientation;2;19;-4.0;-16.0;-6.0;-47.0;6;1
17;67;53;-14;0.944890899932943;1;63.0;7;Houborg et al. (2023);Experiment 2;Orientation;2;19;63.0;59.0;47.0;57.0;7;1
17;4;29;25;2.6127739000367;1;63.0;8;Houborg et al. (2023);Experiment 2;Orientation;2;19;63.0;-54.0;-58.0;-70.0;8;1
17;171;167;-4;1.51197570003569;1;13.0;9;Houborg et al. (2023);Experiment 2;Orientation;2;19;13.0;76.0;-41.0;-45.0;9;1
17;30;40;10;5.49853009998333;1;-39.0;10;Houborg et al. (2023);Experiment 2;Orientation;2;19;-39.0;-26.0;37.0;-80.0;10;1
17;137;10;53;2.39619260001928;1;73.0;11;Houborg et al. (2023);Experiment 2;Orientation;2;19;73.0;34.0;47.0;-70.0;11;1
17;99;108;9;1.84553309995681;1;38.0;12;Houborg et al. (2023);Experiment 2;Orientation;2;19;38.0;-69.0;72.0;85.0;12;1
17;33;40;7;1.678656199947;1;66.0;13;Houborg et al. (2023);Experiment 2;Orientation;2;19;66.0;-76.0;-3.0;-42.0;13;1
17;77;32;-45;1.86229049996473;1;-44.0;14;Houborg et al. (2023);Experiment 2;Orientation;2;19;-44.0;22.0;60.0;-47.0;14;1
17;129;126;-3;2.11324229999445;1;-52.0;15;Houborg et al. (2023);Experiment 2;Orientation;2;19;-52.0;84.0;-30.0;8.0;15;1
17;159;157;-2;1.29522919992451;1;-30.0;16;Houborg et al. (2023);Experiment 2;Orientation;2;19;-30.0;-82.0;54.0;-60.0;16;1
17;127;157;30;1.52858109993394;1;32.0;17;Houborg et al. (2023);Experiment 2;Orientation;2;19;32.0;2.0;-50.0;86.0;17;1
17;177;154;-23;1.64543949998915;1;-50.0;18;Houborg et al. (2023);Experiment 2;Orientation;2;19;-50.0;-18.0;-48.0;80.0;18;1
17;80;29;-51;2.19573919998948;1;-83.0;19;Houborg et al. (2023);Experiment 2;Orientation;2;19;-83.0;47.0;79.0;49.0;19;1
17;76;53;-23;1.14497660007328;1;4.0;20;Houborg et al. (2023);Experiment 2;Orientation;2;19;4.0;-79.0;51.0;83.0;20;1
17;21;27;6;3.54696890001651;2;55.0;21;Houborg et al. (2023);Experiment 2;Orientation;2;19;;;;;1;2
17;85;94;9;4.8646436999552;2;-64.0;22;Houborg et al. (2023);Experiment 2;Orientation;2;19;;;;;2;2
17;162;156;-6;1.09492790000513;2;-77.0;23;Houborg et al. (2023);Experiment 2;Orientation;2;19;;;;;3;2
17;110;88;-22;1.36194060009439;2;52.0;24;Houborg et al. (2023);Experiment 2;Orientation;2;19;;;;;4;2
17;92;89;-3;4.71482069999911;2;18.0;25;Houborg et al. (2023);Experiment 2;Orientation;2;19;18.0;70.0;-7.0;-71.0;5;2
17;38;43;5;2.22929110005498;2;54.0;26;Houborg et al. (2023);Experiment 2;Orientation;2;19;54.0;72.0;-56.0;47.0;6;2
17;56;22;-34;1.92909810005222;2;-18.0;27;Houborg et al. (2023);Experiment 2;Orientation;2;19;-18.0;36.0;54.0;-74.0;7;2
17;95;93;-2;2.36274839995895;2;-39.0;28;Houborg et al. (2023);Experiment 2;Orientation;2;19;-39.0;-57.0;-3.0;15.0;8;2
17;43;40;-3;1.19507130002603;2;52.0;29;Houborg et al. (2023);Experiment 2;Orientation;2;19;52.0;13.0;-5.0;49.0;9;2
17;113;140;27;1.36193749995437;2;-70.0;30;Houborg et al. (2023);Experiment 2;Orientation;2;19;-70.0;-18.0;-57.0;-75.0;10;2
17;10;45;35;3.56359100004192;2;-77.0;31;Houborg et al. (2023);Experiment 2;Orientation;2;19;-77.0;33.0;85.0;46.0;11;2
17;165;27;42;1.44527310004923;2;25.0;32;Houborg et al. (2023);Experiment 2;Orientation;2;19;25.0;-52.0;58.0;-70.0;12;2
17;113;136;23;1.36194869992323;2;52.0;33;Houborg et al. (2023);Experiment 2;Orientation;2;19;52.0;77.0;0.0;-70.0;13;2
17;105;103;-2;1.82883630006108;2;8.0;34;Houborg et al. (2023);Experiment 2;Orientation;2;19;8.0;60.0;85.0;8.0;14;2
17;97;95;-2;1.26177069998812;2;8.0;35;Houborg et al. (2023);Experiment 2;Orientation;2;19;8.0;16.0;68.0;-87.0;15;2
17;177;170;-7;3.64686849992722;2;-80.0;36;Houborg et al. (2023);Experiment 2;Orientation;2;19;-80.0;-72.0;-64.0;-12.0;16;2
17;74;62;-12;3.14651720004622;2;-77.0;37;Houborg et al. (2023);Experiment 2;Orientation;2;19;-77.0;23.0;31.0;39.0;17;2
17;26;50;24;4.41442609997466;2;48.0;38;Houborg et al. (2023);Experiment 2;Orientation;2;19;48.0;-29.0;71.0;79.0;18;2
17;46;56;10;2.34600719995797;2;-20.0;39;Houborg et al. (2023);Experiment 2;Orientation;2;19;-20.0;28.0;-49.0;51.0;19;2
17;168;146;-22;2.11240920005366;2;58.0;40;Houborg et al. (2023);Experiment 2;Orientation;2;19;58.0;38.0;86.0;9.0;20;2
17;100;136;36;1.74546620005276;3;68.0;41;Houborg et al. (2023);Experiment 2;Orientation;2;19;;;;;1;3
17;25;21;-4;4.86468110000715;3;75.0;42;Houborg et al. (2023);Experiment 2;Orientation;2;19;;;;;2;3
17;20;141;-59;3.8304714000551;3;5.0;43;Houborg et al. (2023);Experiment 2;Orientation;2;19;;;;;3;3
17;121;147;26;1.36190619994886;3;79.0;44;Houborg et al. (2023);Experiment 2;Orientation;2;19;;;;;4;3
17;16;28;12;2.16239610000048;3;-75.0;45;Houborg et al. (2023);Experiment 2;Orientation;2;19;-75.0;4.0;9.0;84.0;5;3
17;28;37;9;1.71220459998585;3;-12.0;46;Houborg et al. (2023);Experiment 2;Orientation;2;19;-12.0;-87.0;-8.0;-3.0;6;3
17;64;39;-25;1.99583260004874;3;-36.0;47;Houborg et al. (2023);Experiment 2;Orientation;2;19;-36.0;-48.0;57.0;-44.0;7;3
17;35;21;-14;1.04495459992904;3;29.0;48;Houborg et al. (2023);Experiment 2;Orientation;2;19;29.0;-7.0;-19.0;86.0;8;3
17;175;178;3;3.06301159993745;3;40.0;49;Houborg et al. (2023);Experiment 2;Orientation;2;19;40.0;69.0;33.0;21.0;9;3
17;1;6;5;1.76228769996669;3;-6.0;50;Houborg et al. (2023);Experiment 2;Orientation;2;19;-6.0;34.0;63.0;27.0;10;3
17;12;32;20;2.57939490000717;3;-11.0;51;Houborg et al. (2023);Experiment 2;Orientation;2;19;-11.0;-17.0;23.0;52.0;11;3
17;160;161;1;2.36273720010649;3;32.0;52;Houborg et al. (2023);Experiment 2;Orientation;2;19;32.0;21.0;15.0;55.0;12;3
17;15;12;-3;2.57942389999516;3;-35.0;53;Houborg et al. (2023);Experiment 2;Orientation;2;19;-35.0;-3.0;-14.0;-20.0;13;3
17;164;160;-4;2.26252939994447;3;31.0;54;Houborg et al. (2023);Experiment 2;Orientation;2;19;31.0;-4.0;28.0;17.0;14;3
17;38;17;-21;1.39531930000521;3;-54.0;55;Houborg et al. (2023);Experiment 2;Orientation;2;19;-54.0;-23.0;-58.0;-26.0;15;3
17;9;89;80;3.04666100000031;3;29.0;56;Houborg et al. (2023);Experiment 2;Orientation;2;19;29.0;-25.0;6.0;-29.0;16;3
17;38;28;-10;1.39523849997204;3;-29.0;57;Houborg et al. (2023);Experiment 2;Orientation;2;19;-29.0;0.0;-54.0;-23.0;17;3
17;39;27;-12;1.04491010005586;3;-1.0;58;Houborg et al. (2023);Experiment 2;Orientation;2;19;-1.0;-30.0;-1.0;-55.0;18;3
17;138;123;-15;1.54532609996386;3;81.0;59;Houborg et al. (2023);Experiment 2;Orientation;2;19;81.0;80.0;51.0;80.0;19;3
17;78;86;8;1.86224319995381;3;60.0;60;Houborg et al. (2023);Experiment 2;Orientation;2;19;60.0;-39.0;-40.0;-69.0;20;3
17;178;8;10;1.87894229998346;4;80.0;61;Houborg et al. (2023);Experiment 2;Orientation;2;19;;;;;1;4
17;116;135;19;1.46194120007567;4;62.0;62;Houborg et al. (2023);Experiment 2;Orientation;2;19;;;;;2;4
17;68;88;20;2.29599050001707;4;48.0;63;Houborg et al. (2023);Experiment 2;Orientation;2;19;;;;;3;4
17;149;133;-16;1.47863309993409;4;-81.0;64;Houborg et al. (2023);Experiment 2;Orientation;2;19;;;;;4;4
17;153;146;-7;1.52887480007485;4;-4.0;65;Houborg et al. (2023);Experiment 2;Orientation;2;19;-4.0;-85.0;-37.0;25.0;5;4
17;66;61;-5;1.96233960008249;4;87.0;66;Houborg et al. (2023);Experiment 2;Orientation;2;19;87.0;83.0;2.0;50.0;6;4
17;92;89;-3;3.13005669997074;4;-26.0;67;Houborg et al. (2023);Experiment 2;Orientation;2;19;-26.0;61.0;57.0;-24.0;7;4
17;46;47;1;1.7955519000534;4;46.0;68;Houborg et al. (2023);Experiment 2;Orientation;2;19;46.0;20.0;-73.0;-77.0;8;4
17;139;155;16;2.19589909992646;4;87.0;69;Houborg et al. (2023);Experiment 2;Orientation;2;19;87.0;-47.0;-73.0;14.0;9;4
17;34;12;-22;1.51172489998862;4;-75.0;70;Houborg et al. (2023);Experiment 2;Orientation;2;19;-75.0;12.0;58.0;32.0;10;4
17;180;173;-7;0.894679100019857;4;34.0;71;Houborg et al. (2023);Experiment 2;Orientation;2;19;34.0;-41.0;46.0;-88.0;11;4
17;94;128;34;1.4118433999829;4;86.0;72;Houborg et al. (2023);Experiment 2;Orientation;2;19;86.0;-60.0;45.0;-48.0;12;4
17;74;73;-1;2.54608809994534;4;20.0;73;Houborg et al. (2023);Experiment 2;Orientation;2;19;20.0;-74.0;-40.0;65.0;13;4
17;37;59;22;0.89489729993511;4;37.0;74;Houborg et al. (2023);Experiment 2;Orientation;2;19;37.0;57.0;-37.0;-3.0;14;4
17;22;9;-13;1.37840159994084;4;15.0;75;Houborg et al. (2023);Experiment 2;Orientation;2;19;15.0;52.0;72.0;-22.0;15;4
17;108;127;19;1.21172609995119;4;-86.0;76;Houborg et al. (2023);Experiment 2;Orientation;2;19;-86.0;-71.0;-34.0;-14.0;16;4
17;136;123;-13;1.54531880002469;4;-28.0;77;Houborg et al. (2023);Experiment 2;Orientation;2;19;-28.0;66.0;81.0;-62.0;17;4
17;73;62;-11;1.09495429997332;4;63.0;78;Houborg et al. (2023);Experiment 2;Orientation;2;19;63.0;35.0;-51.0;-36.0;18;4
17;110;114;4;1.59552430000622;4;-37.0;79;Houborg et al. (2023);Experiment 2;Orientation;2;19;-37.0;26.0;-2.0;-88.0;19;4
17;110;121;11;1.51183089998085;4;0.0;80;Houborg et al. (2023);Experiment 2;Orientation;2;19;0.0;-37.0;26.0;-2.0;20;4
17;12;0;-12;1.27850020001642;5;-82.0;81;Houborg et al. (2023);Experiment 2;Orientation;2;19;;;;;1;5
17;3;1;-2;2.36266059998889;5;9.0;82;Houborg et al. (2023);Experiment 2;Orientation;2;19;;;;;2;5
17;29;41;12;1.7786436000606;5;-26.0;83;Houborg et al. (2023);Experiment 2;Orientation;2;19;;;;;3;5
17;131;136;5;1.39508509996813;5;78.0;84;Houborg et al. (2023);Experiment 2;Orientation;2;19;;;;;4;5
17;3;167;-16;1.64520160004031;5;-52.0;85;Houborg et al. (2023);Experiment 2;Orientation;2;19;-52.0;26.0;0.0;9.0;5;5
17;31;16;-15;3.53024210000876;5;-28.0;86;Houborg et al. (2023);Experiment 2;Orientation;2;19;-28.0;-80.0;-2.0;-28.0;6;5
17;72;48;-24;1.42862579994835;5;-41.0;87;Houborg et al. (2023);Experiment 2;Orientation;2;19;-41.0;-69.0;59.0;-43.0;7;5
17;147;141;-6;1.49525000003632;5;-75.0;88;Houborg et al. (2023);Experiment 2;Orientation;2;19;-75.0;64.0;36.0;-16.0;8;5
17;137;136;-1;2.729507299955;5;10.0;89;Houborg et al. (2023);Experiment 2;Orientation;2;19;10.0;-65.0;74.0;46.0;9;5
17;125;133;8;1.16155660001095;5;12.0;90;Houborg et al. (2023);Experiment 2;Orientation;2;19;12.0;22.0;-53.0;86.0;10;5
17;43;41;-2;1.47852539992891;5;82.0;91;Houborg et al. (2023);Experiment 2;Orientation;2;19;82.0;-86.0;-76.0;29.0;11;5
17;49;28;-21;3.16337590001058;5;-6.0;92;Houborg et al. (2023);Experiment 2;Orientation;2;19;-6.0;76.0;88.0;-82.0;12;5
17;8;17;9;3.93059939995874;5;41.0;93;Houborg et al. (2023);Experiment 2;Orientation;2;19;41.0;35.0;-63.0;-51.0;13;5
17;139;114;-25;2.0123370999936;5;49.0;94;Houborg et al. (2023);Experiment 2;Orientation;2;19;49.0;90.0;84.0;-14.0;14;5
17;157;146;-11;2.44596410007216;5;-18.0;95;Houborg et al. (2023);Experiment 2;Orientation;2;19;-18.0;31.0;72.0;66.0;15;5
17;173;152;-21;3.46345679997467;5;-16.0;96;Houborg et al. (2023);Experiment 2;Orientation;2;19;-16.0;-34.0;15.0;56.0;16;5
17;39;38;-1;2.92975510004908;5;-46.0;97;Houborg et al. (2023);Experiment 2;Orientation;2;19;-46.0;-62.0;-80.0;-31.0;17;5
17;70;36;-34;1.26180590002332;5;-31.0;98;Houborg et al. (2023);Experiment 2;Orientation;2;19;-31.0;-77.0;87.0;69.0;18;5
17;133;41;88;3.39696409995668;5;-63.0;99;Houborg et al. (2023);Experiment 2;Orientation;2;19;-63.0;86.0;40.0;24.0;19;5
17;144;138;-6;4.08078130008653;5;-11.0;100;Houborg et al. (2023);Experiment 2;Orientation;2;19;-11.0;-74.0;75.0;29.0;20;5
17;99;114;15;2.89664070005529;6;45.0;101;Houborg et al. (2023);Experiment 2;Orientation;2;19;;;;;1;6
17;12;19;7;1.14477769995574;6;87.0;102;Houborg et al. (2023);Experiment 2;Orientation;2;19;;;;;2;6
17;146;132;-14;2.0123115000315;6;46.0;103;Houborg et al. (2023);Experiment 2;Orientation;2;19;;;;;3;6
17;136;129;-7;1.91228060005233;6;10.0;104;Houborg et al. (2023);Experiment 2;Orientation;2;19;;;;;4;6
17;16;19;3;0.961582100018859;6;-60.0;105;Houborg et al. (2023);Experiment 2;Orientation;2;19;-60.0;-50.0;-4.0;83.0;5;6
17;105;122;17;1.59536859998479;6;-89.0;106;Houborg et al. (2023);Experiment 2;Orientation;2;19;-89.0;31.0;41.0;87.0;6;6
17;73;73;0;1.82899960002396;6;32.0;107;Houborg et al. (2023);Experiment 2;Orientation;2;19;32.0;-57.0;63.0;73.0;7;6
17;58;62;4;1.86227190005593;6;15.0;108;Houborg et al. (2023);Experiment 2;Orientation;2;19;15.0;47.0;-42.0;78.0;8;6
17;83;57;-26;2.47918270004448;6;-25.0;109;Houborg et al. (2023);Experiment 2;Orientation;2;19;-25.0;-10.0;22.0;-67.0;9;6
17;72;90;18;1.79552689997945;6;11.0;110;Houborg et al. (2023);Experiment 2;Orientation;2;19;11.0;-14.0;1.0;33.0;10;6
17;152;104;-48;1.39516429998912;6;-80.0;111;Houborg et al. (2023);Experiment 2;Orientation;2;19;-80.0;-69.0;86.0;-79.0;11;6
17;69;38;-31;1.61230629996862;6;83.0;112;Houborg et al. (2023);Experiment 2;Orientation;2;19;83.0;3.0;14.0;-11.0;12;6
17;106;109;3;1.29502909991425;6;-37.0;113;Houborg et al. (2023);Experiment 2;Orientation;2;19;-37.0;46.0;-34.0;-23.0;13;6
17;172;112;-60;1.94550819997676;6;-66.0;114;Houborg et al. (2023);Experiment 2;Orientation;2;19;-66.0;77.0;-20.0;80.0;14;6
17;173;154;-19;2.66285459999926;6;-1.0;115;Houborg et al. (2023);Experiment 2;Orientation;2;19;-1.0;-67.0;76.0;-21.0;15;6
17;160;138;-22;1.645363299991;6;13.0;116;Houborg et al. (2023);Experiment 2;Orientation;2;19;13.0;12.0;-54.0;89.0;16;6
17;23;14;-9;0.995083100046031;6;-43.0;117;Houborg et al. (2023);Experiment 2;Orientation;2;19;-43.0;-30.0;-31.0;83.0;17;6
17;29;31;2;1.04504980007187;6;-6.0;118;Houborg et al. (2023);Experiment 2;Orientation;2;19;-6.0;-49.0;-36.0;-37.0;18;6
17;118;129;11;1.66208559996448;6;-89.0;119;Houborg et al. (2023);Experiment 2;Orientation;2;19;-89.0;85.0;42.0;55.0;19;6
17;64;49;-15;2.34596269996837;6;54.0;120;Houborg et al. (2023);Experiment 2;Orientation;2;19;54.0;-35.0;-41.0;-84.0;20;6
17;108;135;27;1.62864239991177;7;-44.0;121;Houborg et al. (2023);Experiment 2;Orientation;2;19;;;;;1;7
17;32;41;9;0.811369600007311;7;76.0;122;Houborg et al. (2023);Experiment 2;Orientation;2;19;;;;;2;7
17;59;42;-17;1.39509290002752;7;-27.0;123;Houborg et al. (2023);Experiment 2;Orientation;2;19;;;;;3;7
17;52;42;-10;1.27847660006955;7;7.0;124;Houborg et al. (2023);Experiment 2;Orientation;2;19;;;;;4;7
17;156;152;-4;2.47934930003248;7;76.0;125;Houborg et al. (2023);Experiment 2;Orientation;2;19;76.0;83.0;56.0;-48.0;5;7
17;50;44;-6;1.16131549992133;7;-74.0;126;Houborg et al. (2023);Experiment 2;Orientation;2;19;-74.0;2.0;9.0;-18.0;6;7
17;65;76;11;1.49532039999031;7;-15.0;127;Houborg et al. (2023);Experiment 2;Orientation;2;19;-15.0;-89.0;-13.0;-6.0;7;7
17;166;139;-27;1.16174540005159;7;79.0;128;Houborg et al. (2023);Experiment 2;Orientation;2;19;79.0;64.0;-10.0;66.0;8;7
17;158;137;-21;1.89568789990153;7;8.0;129;Houborg et al. (2023);Experiment 2;Orientation;2;19;8.0;87.0;72.0;-2.0;9;7
17;168;8;20;3.09663130005356;7;-10.0;130;Houborg et al. (2023);Experiment 2;Orientation;2;19;-10.0;-2.0;77.0;62.0;10;7
17;70;39;-31;0.878073700005189;7;-82.0;131;Houborg et al. (2023);Experiment 2;Orientation;2;19;-82.0;88.0;-84.0;-5.0;11;7
17;179;5;6;1.3450065999059;7;71.0;132;Houborg et al. (2023);Experiment 2;Orientation;2;19;71.0;-11.0;-21.0;-13.0;12;7
17;171;178;7;2.86279310006648;7;8.0;133;Houborg et al. (2023);Experiment 2;Orientation;2;19;8.0;79.0;-3.0;-13.0;13;7
17;57;28;-29;4.33109230000991;7;-66.0;134;Houborg et al. (2023);Experiment 2;Orientation;2;19;-66.0;-58.0;13.0;-69.0;14;7
17;8;2;-6;4.09750380006153;7;49.0;135;Houborg et al. (2023);Experiment 2;Orientation;2;19;49.0;-17.0;-9.0;62.0;15;7
17;147;132;-15;1.52871389989741;7;41.0;136;Houborg et al. (2023);Experiment 2;Orientation;2;19;41.0;90.0;24.0;32.0;16;7
17;127;136;9;2.77961899992079;7;20.0;137;Houborg et al. (2023);Experiment 2;Orientation;2;19;20.0;61.0;-70.0;44.0;17;7
17;162;138;-24;1.32848929997999;7;-35.0;138;Houborg et al. (2023);Experiment 2;Orientation;2;19;-35.0;-15.0;26.0;75.0;18;7
17;157;146;-11;1.16165779996663;7;5.0;139;Houborg et al. (2023);Experiment 2;Orientation;2;19;5.0;-30.0;-10.0;31.0;19;7
17;15;47;32;1.22826030000579;7;-38.0;140;Houborg et al. (2023);Experiment 2;Orientation;2;19;-38.0;-33.0;-68.0;-48.0;20;7
17;7;13;6;1.39522079995368;8;8.0;141;Houborg et al. (2023);Experiment 2;Orientation;2;19;;;;;1;8
17;132;166;34;1.32820620003622;8;55.0;142;Houborg et al. (2023);Experiment 2;Orientation;2;19;;;;;2;8
17;144;156;12;2.24588449997827;8;-12.0;143;Houborg et al. (2023);Experiment 2;Orientation;2;19;;;;;3;8
17;151;156;5;1.57854240003508;8;-7.0;144;Houborg et al. (2023);Experiment 2;Orientation;2;19;;;;;4;8
17;94;90;-4;2.74627490004059;8;57.0;145;Houborg et al. (2023);Experiment 2;Orientation;2;19;57.0;50.0;38.0;-87.0;5;8
17;22;15;-7;1.52859939995687;8;72.0;146;Houborg et al. (2023);Experiment 2;Orientation;2;19;72.0;-51.0;-58.0;-70.0;6;8
17;18;18;0;2.44608510006219;8;4.0;147;Houborg et al. (2023);Experiment 2;Orientation;2;19;4.0;76.0;-47.0;-54.0;7;8
17;92;89;-3;1.29517439997289;8;-74.0;148;Houborg et al. (2023);Experiment 2;Orientation;2;19;-74.0;-70.0;2.0;59.0;8;8
17;95;114;19;1.97884200001135;8;-3.0;149;Houborg et al. (2023);Experiment 2;Orientation;2;19;-3.0;-77.0;-73.0;-1.0;9;8
17;131;131;0;4.69780979992356;8;-36.0;150;Houborg et al. (2023);Experiment 2;Orientation;2;19;-36.0;-39.0;67.0;71.0;10;8
17;34;35;1;1.96243379998486;8;-83.0;151;Houborg et al. (2023);Experiment 2;Orientation;2;19;-83.0;61.0;58.0;-16.0;11;8
17;17;31;14;3.43005460000131;8;17.0;152;Houborg et al. (2023);Experiment 2;Orientation;2;19;17.0;-66.0;78.0;75.0;12;8
17;9;19;10;1.34522160002962;8;8.0;153;Houborg et al. (2023);Experiment 2;Orientation;2;19;8.0;25.0;-58.0;86.0;13;8
17;7;30;23;2.69620810006745;8;2.0;154;Houborg et al. (2023);Experiment 2;Orientation;2;19;2.0;10.0;27.0;-56.0;14;8
17;45;41;-4;1.3950949999271;8;-38.0;155;Houborg et al. (2023);Experiment 2;Orientation;2;19;-38.0;-36.0;-28.0;-11.0;15;8
17;170;160;-10;2.17902160005178;8;55.0;156;Houborg et al. (2023);Experiment 2;Orientation;2;19;55.0;17.0;19.0;27.0;16;8
17;9;23;14;0.844692500075325;8;-19.0;157;Houborg et al. (2023);Experiment 2;Orientation;2;19;-19.0;36.0;-2.0;0.0;17;8
17;21;40;19;1.36176609992981;8;-12.0;158;Houborg et al. (2023);Experiment 2;Orientation;2;19;-12.0;-31.0;24.0;-14.0;18;8
17;135;91;-44;1.29512590006925;8;66.0;159;Houborg et al. (2023);Experiment 2;Orientation;2;19;66.0;54.0;35.0;90.0;19;8
17;46;34;-12;1.42858149996027;8;89.0;160;Houborg et al. (2023);Experiment 2;Orientation;2;19;89.0;-25.0;-37.0;-56.0;20;8
17;6;37;31;2.64630390005186;9;40.0;161;Houborg et al. (2023);Experiment 2;Orientation;2;19;;;;;1;9
17;148;137;-11;2.02916090004146;9;38.0;162;Houborg et al. (2023);Experiment 2;Orientation;2;19;;;;;2;9
17;98;137;39;2.2625031999778;9;50.0;163;Houborg et al. (2023);Experiment 2;Orientation;2;19;;;;;3;9
17;31;44;13;1.41187790001277;9;67.0;164;Houborg et al. (2023);Experiment 2;Orientation;2;19;;;;;4;9
17;99;89;-10;2.14559900003951;9;-68.0;165;Houborg et al. (2023);Experiment 2;Orientation;2;19;-68.0;-1.0;49.0;87.0;5;9
17;123;122;-1;1.44526399997994;9;-24.0;166;Houborg et al. (2023);Experiment 2;Orientation;2;19;-24.0;88.0;-25.0;25.0;6;9
17;99;93;-6;2.91309559997171;9;24.0;167;Houborg et al. (2023);Experiment 2;Orientation;2;19;24.0;0.0;-68.0;-1.0;7;9
17;159;118;-41;3.51343499997165;9;-60.0;168;Houborg et al. (2023);Experiment 2;Orientation;2;19;-60.0;-36.0;-60.0;52.0;8;9
17;164;118;-46;4.13087329990231;9;-5.0;169;Houborg et al. (2023);Experiment 2;Orientation;2;19;-5.0;-65.0;-41.0;-65.0;9;9
17;124;117;-7;2.96314140001778;9;40.0;170;Houborg et al. (2023);Experiment 2;Orientation;2;19;40.0;35.0;-25.0;-1.0;10;9
17;13;3;-10;0.64454350003507;9;-69.0;171;Houborg et al. (2023);Experiment 2;Orientation;2;19;-69.0;-29.0;-34.0;86.0;11;9
17;53;30;-23;2.46274460002314;9;-40.0;172;Houborg et al. (2023);Experiment 2;Orientation;2;19;-40.0;71.0;-69.0;-74.0;12;9
17;12;14;2;1.67874669993762;9;41.0;173;Houborg et al. (2023);Experiment 2;Orientation;2;19;41.0;1.0;-68.0;-28.0;13;9
17;22;31;9;1.61204459995497;9;-10.0;174;Houborg et al. (2023);Experiment 2;Orientation;2;19;-10.0;31.0;-9.0;-78.0;14;9
17;78;58;-20;1.36189629998989;9;-56.0;175;Houborg et al. (2023);Experiment 2;Orientation;2;19;-56.0;-66.0;-25.0;-65.0;15;9
17;21;35;14;0.677885200013407;9;57.0;176;Houborg et al. (2023);Experiment 2;Orientation;2;19;57.0;1.0;-9.0;32.0;16;9
17;111;131;20;1.54529020003974;9;-90.0;177;Houborg et al. (2023);Experiment 2;Orientation;2;19;90.0;-33.0;-89.0;81.0;17;9
17;145;135;-10;1.47848749998957;9;-34.0;178;Houborg et al. (2023);Experiment 2;Orientation;2;19;-34.0;56.0;-67.0;57.0;18;9
17;77;54;-23;1.41197060002014;9;68.0;179;Houborg et al. (2023);Experiment 2;Orientation;2;19;68.0;34.0;-56.0;1.0;19;9
17;75;60;-15;1.24509499990381;9;2.0;180;Houborg et al. (2023);Experiment 2;Orientation;2;19;2.0;70.0;36.0;-54.0;20;9
17;64;38;-26;1.32830329996068;10;11.0;181;Houborg et al. (2023);Experiment 2;Orientation;2;19;;;;;1;10
17;94;92;-2;2.71314020000864;10;-30.0;182;Houborg et al. (2023);Experiment 2;Orientation;2;19;;;;;2;10
17;149;147;-2;1.64520480006468;10;-55.0;183;Houborg et al. (2023);Experiment 2;Orientation;2;19;;;;;3;10
17;136;94;-42;2.0456696000183;10;13.0;184;Houborg et al. (2023);Experiment 2;Orientation;2;19;;;;;4;10
17;86;86;0;1.76238049997482;10;50.0;185;Houborg et al. (2023);Experiment 2;Orientation;2;19;50.0;63.0;8.0;-22.0;5;10
17;12;27;15;1.27849179995246;10;74.0;186;Houborg et al. (2023);Experiment 2;Orientation;2;19;74.0;-56.0;-43.0;82.0;6;10
17;112;135;23;1.59518019994721;10;80.0;187;Houborg et al. (2023);Experiment 2;Orientation;2;19;80.0;-26.0;24.0;37.0;7;10
17;113;122;9;0.961562399985269;10;-1.0;188;Houborg et al. (2023);Experiment 2;Orientation;2;19;-1.0;79.0;-27.0;23.0;8;10
17;177;170;-7;2.52941330010071;10;-64.0;189;Houborg et al. (2023);Experiment 2;Orientation;2;19;-64.0;-65.0;15.0;89.0;9;10
17;126;133;7;1.74523489992134;10;51.0;190;Houborg et al. (2023);Experiment 2;Orientation;2;19;51.0;-13.0;-14.0;66.0;10;10
17;101;120;19;1.82899900001939;10;25.0;191;Houborg et al. (2023);Experiment 2;Orientation;2;19;25.0;76.0;12.0;11.0;11;10
17;179;153;-26;2.04560450010467;10;-78.0;192;Houborg et al. (2023);Experiment 2;Orientation;2;19;-78.0;-53.0;-2.0;-66.0;12;10
17;119;130;11;0.944776899996214;10;60.0;193;Houborg et al. (2023);Experiment 2;Orientation;2;19;60.0;-18.0;7.0;58.0;13;10
17;122;119;-3;1.91238839994185;10;-3.0;194;Houborg et al. (2023);Experiment 2;Orientation;2;19;-3.0;57.0;-21.0;4.0;14;10
17;146;121;-25;1.52862480003387;10;-24.0;195;Houborg et al. (2023);Experiment 2;Orientation;2;19;-24.0;-27.0;33.0;-45.0;15;10
17;113;123;10;1.66209599992726;10;33.0;196;Houborg et al. (2023);Experiment 2;Orientation;2;19;33.0;9.0;6.0;66.0;16;10
17;11;19;8;0.728045600000769;10;-78.0;197;Houborg et al. (2023);Experiment 2;Orientation;2;19;-78.0;-45.0;-69.0;-72.0;17;10
17;152;129;-23;1.54527040000539;10;39.0;198;Houborg et al. (2023);Experiment 2;Orientation;2;19;39.0;-39.0;-6.0;-30.0;18;10
17;111;130;19;1.59528070001397;10;41.0;199;Houborg et al. (2023);Experiment 2;Orientation;2;19;41.0;80.0;2.0;35.0;19;10
17;102;35;-67;2.12920670001768;10;9.0;200;Houborg et al. (2023);Experiment 2;Orientation;2;19;9.0;50.0;89.0;11.0;20;10
18;24;62;38;3.29662020000251;1;;1;Houborg et al. (2023);Experiment 2;Orientation;2;19;;;;;1;1
18;73;47;-26;3.09642180000083;1;-49.0;2;Houborg et al. (2023);Experiment 2;Orientation;2;19;;;;;2;1
18;86;8;-78;1.32843239999784;1;-13.0;3;Houborg et al. (2023);Experiment 2;Orientation;2;19;;;;;3;1
18;126;125;-1;2.54604560000007;1;-40.0;4;Houborg et al. (2023);Experiment 2;Orientation;2;19;;;;;4;1
18;30;67;37;4.3976907000033;1;-84.0;5;Houborg et al. (2023);Experiment 2;Orientation;2;19;-84.0;56.0;43.0;-6.0;5;1
18;51;56;5;2.76298510000197;1;-21.0;6;Houborg et al. (2023);Experiment 2;Orientation;2;19;-21.0;75.0;35.0;22.0;6;1
18;171;157;-14;3.29668229999515;1;60.0;7;Houborg et al. (2023);Experiment 2;Orientation;2;19;60.0;39.0;-45.0;-85.0;7;1
18;178;173;-5;3.24671169999783;1;-7.0;8;Houborg et al. (2023);Experiment 2;Orientation;2;19;-7.0;53.0;32.0;-52.0;8;1
18;52;47;-5;2.21248109999578;1;-54.0;9;Houborg et al. (2023);Experiment 2;Orientation;2;19;-54.0;-61.0;-1.0;-22.0;9;1
18;82;62;-20;2.01216119999299;1;-30.0;10;Houborg et al. (2023);Experiment 2;Orientation;2;19;-30.0;-84.0;89.0;-31.0;10;1
18;122;127;5;3.21309330000076;1;-40.0;11;Houborg et al. (2023);Experiment 2;Orientation;2;19;-40.0;-70.0;56.0;49.0;11;1
18;114;115;1;2.51261649999651;1;8.0;12;Houborg et al. (2023);Experiment 2;Orientation;2;19;8.0;-32.0;-62.0;64.0;12;1
18;119;134;15;2.29582929999742;1;-5.0;13;Houborg et al. (2023);Experiment 2;Orientation;2;19;-5.0;3.0;-37.0;-67.0;13;1
18;22;24;2;3.2135907999982;1;-83.0;14;Houborg et al. (2023);Experiment 2;Orientation;2;19;-83.0;-88.0;-80.0;60.0;14;1
18;128;128;0;2.07889629999408;1;74.0;15;Houborg et al. (2023);Experiment 2;Orientation;2;19;74.0;-9.0;-14.0;-6.0;15;1
18;162;15;33;2.19575169999734;1;-34.0;16;Houborg et al. (2023);Experiment 2;Orientation;2;19;-34.0;40.0;-43.0;-48.0;16;1
18;21;37;16;1.42816250000033;1;-39.0;17;Houborg et al. (2023);Experiment 2;Orientation;2;19;-39.0;-73.0;1.0;-82.0;17;1
18;144;19;55;1.72881889999553;1;57.0;18;Houborg et al. (2023);Experiment 2;Orientation;2;19;57.0;18.0;-16.0;58.0;18;1
18;45;41;-4;1.39505149999604;1;-81.0;19;Houborg et al. (2023);Experiment 2;Orientation;2;19;-81.0;-24.0;-63.0;83.0;19;1
18;132;137;5;3.4634803999943;1;-87.0;20;Houborg et al. (2023);Experiment 2;Orientation;2;19;-87.0;12.0;69.0;30.0;20;1
18;32;21;-11;2.69623040000442;2;-80.0;21;Houborg et al. (2023);Experiment 2;Orientation;2;19;;;;;1;2
18;167;137;-30;2.49599579999631;2;45.0;22;Houborg et al. (2023);Experiment 2;Orientation;2;19;;;;;2;2
18;76;33;-43;1.91226350000215;2;-89.0;23;Houborg et al. (2023);Experiment 2;Orientation;2;19;;;;;3;2
18;141;158;17;2.46280219999608;2;-65.0;24;Houborg et al. (2023);Experiment 2;Orientation;2;19;;;;;4;2
18;23;39;16;2.69619890000467;2;-62.0;25;Houborg et al. (2023);Experiment 2;Orientation;2;19;-62.0;53.0;-36.0;9.0;5;2
18;165;154;-11;1.595012400001;2;38.0;26;Houborg et al. (2023);Experiment 2;Orientation;2;19;38.0;-24.0;-89.0;2.0;6;2
18;108;121;13;1.94532050000271;2;57.0;27;Houborg et al. (2023);Experiment 2;Orientation;2;19;57.0;-85.0;33.0;-32.0;7;2
18;169;140;-29;2.16249679999601;2;-61.0;28;Houborg et al. (2023);Experiment 2;Orientation;2;19;-61.0;-4.0;34.0;-28.0;8;2
18;170;162;-8;1.9456829999981;2;-1.0;29;Houborg et al. (2023);Experiment 2;Orientation;2;19;-1.0;-62.0;-5.0;33.0;9;2
18;89;114;25;2.64610679999896;2;81.0;30;Houborg et al. (2023);Experiment 2;Orientation;2;19;81.0;80.0;19.0;76.0;10;2
18;134;119;-15;2.0289460999993;2;-45.0;31;Houborg et al. (2023);Experiment 2;Orientation;2;19;-45.0;36.0;35.0;-26.0;11;2
18;112;125;13;2.16239510000014;2;22.0;32;Houborg et al. (2023);Experiment 2;Orientation;2;19;22.0;-23.0;58.0;57.0;12;2
18;104;110;6;1.5617551999967;2;8.0;33;Houborg et al. (2023);Experiment 2;Orientation;2;19;8.0;30.0;-15.0;66.0;13;2
18;165;163;-2;3.69691720000264;2;-61.0;34;Houborg et al. (2023);Experiment 2;Orientation;2;19;-61.0;-53.0;-31.0;-76.0;14;2
18;138;136;-2;2.56274240000494;2;27.0;35;Houborg et al. (2023);Experiment 2;Orientation;2;19;27.0;-34.0;-26.0;-4.0;15;2
18;50;59;9;2.71267359999911;2;88.0;36;Houborg et al. (2023);Experiment 2;Orientation;2;19;88.0;-65.0;54.0;62.0;16;2
18;106;108;2;2.11244949999673;2;-56.0;37;Houborg et al. (2023);Experiment 2;Orientation;2;19;-56.0;32.0;59.0;-2.0;17;2
18;143;117;-26;1.97865160000219;2;-37.0;38;Houborg et al. (2023);Experiment 2;Orientation;2;19;-37.0;87.0;-5.0;22.0;18;2
18;84;121;37;2.17895929999941;2;59.0;39;Houborg et al. (2023);Experiment 2;Orientation;2;19;59.0;22.0;-34.0;54.0;19;2
18;76;58;-18;1.5119096999988;2;8.0;40;Houborg et al. (2023);Experiment 2;Orientation;2;19;8.0;67.0;30.0;-26.0;20;2
18;118;136;18;2.21231609999813;3;-42.0;41;Houborg et al. (2023);Experiment 2;Orientation;2;19;;;;;1;3
18;94;67;-27;2.44580910000514;3;24.0;42;Houborg et al. (2023);Experiment 2;Orientation;2;19;;;;;2;3
18;11;24;13;3.19655209999473;3;83.0;43;Houborg et al. (2023);Experiment 2;Orientation;2;19;;;;;3;3
18;107;68;-39;1.51147309999942;3;84.0;44;Houborg et al. (2023);Experiment 2;Orientation;2;19;;;;;4;3
18;136;133;-3;2.54608810000354;3;-29.0;45;Houborg et al. (2023);Experiment 2;Orientation;2;19;-29.0;55.0;-42.0;-18.0;5;3
18;115;121;6;3.59692219999852;3;21.0;46;Houborg et al. (2023);Experiment 2;Orientation;2;19;21.0;-8.0;76.0;-21.0;6;3
18;155;154;-1;2.01223729999765;3;-40.0;47;Houborg et al. (2023);Experiment 2;Orientation;2;19;-40.0;-19.0;-48.0;36.0;7;3
18;158;144;-14;1.61207339999964;3;-3.0;48;Houborg et al. (2023);Experiment 2;Orientation;2;19;-3.0;-43.0;-22.0;-51.0;8;3
18;127;120;-7;1.89556399999856;3;31.0;49;Houborg et al. (2023);Experiment 2;Orientation;2;19;31.0;28.0;-12.0;9.0;9;3
18;130;140;10;1.86244340000121;3;-3.0;50;Houborg et al. (2023);Experiment 2;Orientation;2;19;-3.0;28.0;25.0;-15.0;10;3
18;100;108;8;3.1966259999972;3;30.0;51;Houborg et al. (2023);Experiment 2;Orientation;2;19;30.0;27.0;58.0;55.0;11;3
18;87;129;42;2.19598770000448;3;13.0;52;Houborg et al. (2023);Experiment 2;Orientation;2;19;13.0;43.0;40.0;71.0;12;3
18;119;123;4;3.09635310000158;3;-32.0;53;Houborg et al. (2023);Experiment 2;Orientation;2;19;-32.0;-19.0;11.0;8.0;13;3
18;40;36;-4;2.29585790000419;3;79.0;54;Houborg et al. (2023);Experiment 2;Orientation;2;19;79.0;47.0;60.0;90.0;14;3
18;113;115;2;2.02896709999914;3;-73.0;55;Houborg et al. (2023);Experiment 2;Orientation;2;19;-73.0;6.0;-26.0;-13.0;15;3
18;174;8;14;2.0290817999994;3;-61.0;56;Houborg et al. (2023);Experiment 2;Orientation;2;19;-61.0;46.0;-55.0;-87.0;16;3
18;173;14;21;1.72836420000385;3;1.0;57;Houborg et al. (2023);Experiment 2;Orientation;2;19;1.0;-60.0;47.0;-54.0;17;3
18;8;14;6;1.97876139999426;3;-15.0;58;Houborg et al. (2023);Experiment 2;Orientation;2;19;-15.0;-14.0;-75.0;32.0;18;3
18;129;65;-64;1.86202249999769;3;59.0;59;Houborg et al. (2023);Experiment 2;Orientation;2;19;59.0;44.0;45.0;-16.0;19;3
18;128;109;-19;3.11299860000145;3;1.0;60;Houborg et al. (2023);Experiment 2;Orientation;2;19;1.0;60.0;45.0;46.0;20;3
18;31;43;12;2.16244359999837;4;-83.0;61;Houborg et al. (2023);Experiment 2;Orientation;2;19;;;;;1;4
18;162;152;-10;1.79531439999846;4;49.0;62;Houborg et al. (2023);Experiment 2;Orientation;2;19;;;;;2;4
18;167;155;-12;1.4451823000054;4;-5.0;63;Houborg et al. (2023);Experiment 2;Orientation;2;19;;;;;3;4
18;149;137;-12;1.17838089999714;4;18.0;64;Houborg et al. (2023);Experiment 2;Orientation;2;19;;;;;4;4
18;129;124;-5;2.01236890000291;4;20.0;65;Houborg et al. (2023);Experiment 2;Orientation;2;19;20.0;38.0;33.0;82.0;5;4
18;10;28;18;1.12806629999977;4;-61.0;66;Houborg et al. (2023);Experiment 2;Orientation;2;19;-61.0;-41.0;-23.0;-28.0;6;4
18;29;37;8;0.911343500003568;4;-19.0;67;Houborg et al. (2023);Experiment 2;Orientation;2;19;-19.0;-80.0;-60.0;-42.0;7;4
18;2;13;11;3.78048330000456;4;27.0;68;Houborg et al. (2023);Experiment 2;Orientation;2;19;27.0;8.0;-53.0;-33.0;8;4
18;71;48;-23;1.09475559999555;4;-69.0;69;Houborg et al. (2023);Experiment 2;Orientation;2;19;-69.0;-42.0;-61.0;58.0;9;4
18;133;110;-23;1.96229820000008;4;-62.0;70;Houborg et al. (2023);Experiment 2;Orientation;2;19;-62.0;49.0;76.0;57.0;10;4
18;88;60;-28;3.18014090000361;4;45.0;71;Houborg et al. (2023);Experiment 2;Orientation;2;19;45.0;-17.0;-86.0;-59.0;11;4
18;100;113;13;0.894835500002955;4;-12.0;72;Houborg et al. (2023);Experiment 2;Orientation;2;19;-12.0;33.0;-29.0;82.0;12;4
18;34;64;30;1.5452237999998;4;66.0;73;Houborg et al. (2023);Experiment 2;Orientation;2;19;66.0;54.0;-81.0;37.0;13;4
18;7;28;21;1.16146819999994;4;27.0;74;Houborg et al. (2023);Experiment 2;Orientation;2;19;27.0;-87.0;81.0;-54.0;14;4
18;46;17;-29;1.16168959999777;4;-39.0;75;Houborg et al. (2023);Experiment 2;Orientation;2;19;-39.0;-12.0;54.0;42.0;15;4
18;130;128;-2;1.32842950000486;4;-84.0;76;Houborg et al. (2023);Experiment 2;Orientation;2;19;-84.0;57.0;84.0;-30.0;16;4
18;57;52;-5;1.97887900000205;4;73.0;77;Houborg et al. (2023);Experiment 2;Orientation;2;19;73.0;-11.0;-50.0;-23.0;17;4
18;152;5;33;2.16255469999305;4;85.0;78;Houborg et al. (2023);Experiment 2;Orientation;2;19;85.0;-22.0;74.0;35.0;18;4
18;111;115;4;1.44501499999751;4;41.0;79;Houborg et al. (2023);Experiment 2;Orientation;2;19;41.0;-54.0;19.0;-65.0;19;4
18;55;49;-6;1.67863880000368;4;56.0;80;Houborg et al. (2023);Experiment 2;Orientation;2;19;56.0;-83.0;2.0;75.0;20;4
18;110;134;24;0.944890099999611;5;-55.0;81;Houborg et al. (2023);Experiment 2;Orientation;2;19;;;;;1;5
18;73;72;-1;1.27833890000329;5;37.0;82;Houborg et al. (2023);Experiment 2;Orientation;2;19;;;;;2;5
18;73;58;-15;1.07816599999933;5;0.0;83;Houborg et al. (2023);Experiment 2;Orientation;2;19;;;;;3;5
18;17;33;16;1.31182760000229;5;56.0;84;Houborg et al. (2023);Experiment 2;Orientation;2;19;;;;;4;5
18;172;139;-33;1.56184670000221;5;25.0;85;Houborg et al. (2023);Experiment 2;Orientation;2;19;25.0;81.0;81.0;-62.0;5;5
18;41;20;-21;0.744560300001467;5;-49.0;86;Houborg et al. (2023);Experiment 2;Orientation;2;19;-49.0;-24.0;32.0;32.0;6;5
18;137;134;-3;2.36259479999717;5;84.0;87;Houborg et al. (2023);Experiment 2;Orientation;2;19;84.0;35.0;60.0;-64.0;7;5
18;82;151;69;1.56197629999951;5;55.0;88;Houborg et al. (2023);Experiment 2;Orientation;2;19;55.0;-41.0;90.0;-65.0;8;5
18;121;84;-37;1.56189409999934;5;-39.0;89;Houborg et al. (2023);Experiment 2;Orientation;2;19;-39.0;16.0;-80.0;51.0;9;5
18;72;50;-22;1.41181510000024;5;49.0;90;Houborg et al. (2023);Experiment 2;Orientation;2;19;49.0;10.0;65.0;-31.0;10;5
18;66;73;7;1.61194760000217;5;6.0;91;Houborg et al. (2023);Experiment 2;Orientation;2;19;6.0;55.0;16.0;71.0;11;5
18;124;79;-45;0.944683800000348;5;-58.0;92;Houborg et al. (2023);Experiment 2;Orientation;2;19;-58.0;-52.0;-3.0;-42.0;12;5
18;133;103;-30;2.36241739999969;5;-9.0;93;Houborg et al. (2023);Experiment 2;Orientation;2;19;-9.0;-67.0;-61.0;-12.0;13;5
18;176;148;-28;2.1791108000034;5;-43.0;94;Houborg et al. (2023);Experiment 2;Orientation;2;19;-43.0;-52.0;70.0;76.0;14;5
18;53;36;-17;1.59519939999882;5;-57.0;95;Houborg et al. (2023);Experiment 2;Orientation;2;19;-57.0;80.0;71.0;13.0;15;5
18;93;17;-76;1.47852609999973;5;-40.0;96;Houborg et al. (2023);Experiment 2;Orientation;2;19;-40.0;83.0;40.0;31.0;16;5
18;174;46;52;1.31168880000041;5;-81.0;97;Houborg et al. (2023);Experiment 2;Orientation;2;19;-81.0;59.0;2.0;-41.0;17;5
18;143;129;-14;1.84549930000503;5;31.0;98;Houborg et al. (2023);Experiment 2;Orientation;2;19;31.0;-50.0;90.0;33.0;18;5
18;39;40;1;1.46186029999808;5;-76.0;99;Houborg et al. (2023);Experiment 2;Orientation;2;19;-76.0;-45.0;54.0;14.0;19;5
18;123;127;4;1.01148269999976;5;-84.0;100;Houborg et al. (2023);Experiment 2;Orientation;2;19;-84.0;20.0;51.0;-30.0;20;5
18;140;144;4;0.494118200003868;6;-17.0;101;Houborg et al. (2023);Experiment 2;Orientation;2;19;;;;;1;6
18;38;48;10;2.62964190000639;6;-78.0;102;Houborg et al. (2023);Experiment 2;Orientation;2;19;;;;;2;6
18;123;151;28;1.84554220000427;6;-85.0;103;Houborg et al. (2023);Experiment 2;Orientation;2;19;;;;;3;6
18;115;120;5;1.9456285999986;6;8.0;104;Houborg et al. (2023);Experiment 2;Orientation;2;19;;;;;4;6
18;68;69;1;0.86142220000329;6;47.0;105;Houborg et al. (2023);Experiment 2;Orientation;2;19;47.0;55.0;-30.0;72.0;5;6
18;143;126;-17;1.02819759999693;6;-75.0;106;Houborg et al. (2023);Experiment 2;Orientation;2;19;-75.0;-28.0;-20.0;75.0;6;6
18;65;61;-4;1.62868980000349;6;78.0;107;Houborg et al. (2023);Experiment 2;Orientation;2;19;78.0;3.0;50.0;58.0;7;6
18;21;32;11;1.09485439999844;6;44.0;108;Houborg et al. (2023);Experiment 2;Orientation;2;19;44.0;-58.0;47.0;-86.0;8;6
18;141;136;-5;1.41162939999776;6;60.0;109;Houborg et al. (2023);Experiment 2;Orientation;2;19;60.0;-76.0;2.0;-73.0;9;6
18;71;58;-13;2.24577549999958;6;70.0;110;Houborg et al. (2023);Experiment 2;Orientation;2;19;70.0;-50.0;-6.0;72.0;10;6
18;162;152;-10;1.77894450000167;6;89.0;111;Houborg et al. (2023);Experiment 2;Orientation;2;19;89.0;-21.0;39.0;83.0;11;6
18;80;59;-21;1.27846860000136;6;82.0;112;Houborg et al. (2023);Experiment 2;Orientation;2;19;82.0;-9.0;61.0;-59.0;12;6
18;116;107;-9;17.6585298999998;6;-36.0;113;Houborg et al. (2023);Experiment 2;Orientation;2;19;-36.0;46.0;-45.0;25.0;13;6
18;126;130;4;1.12809809999453;6;-10.0;114;Houborg et al. (2023);Experiment 2;Orientation;2;19;-10.0;-46.0;36.0;-55.0;14;6
18;117;113;-4;0.878135099999781;6;9.0;115;Houborg et al. (2023);Experiment 2;Orientation;2;19;9.0;-1.0;-37.0;45.0;15;6
18;49;37;-12;0.844705100003921;6;68.0;116;Houborg et al. (2023);Experiment 2;Orientation;2;19;68.0;77.0;67.0;31.0;16;6
18;25;35;10;0.811330200005614;6;24.0;117;Houborg et al. (2023);Experiment 2;Orientation;2;19;24.0;-88.0;-79.0;-89.0;17;6
18;180;1;1;1.19474690000061;6;25.0;118;Houborg et al. (2023);Experiment 2;Orientation;2;19;25.0;49.0;-63.0;-54.0;18;6
18;23;44;21;1.12844220000261;6;-23.0;119;Houborg et al. (2023);Experiment 2;Orientation;2;19;-23.0;2.0;26.0;-86.0;19;6
18;88;91;3;1.12829319999582;6;-65.0;120;Houborg et al. (2023);Experiment 2;Orientation;2;19;-65.0;-88.0;-63.0;-39.0;20;6
18;2;30;28;2.61274899999989;7;86.0;121;Houborg et al. (2023);Experiment 2;Orientation;2;19;;;;;1;7
18;144;154;10;1.51192330000049;7;38.0;122;Houborg et al. (2023);Experiment 2;Orientation;2;19;;;;;2;7
18;53;34;-19;1.59530589999486;7;-89.0;123;Houborg et al. (2023);Experiment 2;Orientation;2;19;;;;;3;7
18;6;32;26;1.72871080000186;7;47.0;124;Houborg et al. (2023);Experiment 2;Orientation;2;19;;;;;4;7
18;24;43;19;0.978298199996061;7;-18.0;125;Houborg et al. (2023);Experiment 2;Orientation;2;19;-18.0;29.0;-60.0;-22.0;5;7
18;58;48;-10;1.6120435000048;7;-34.0;126;Houborg et al. (2023);Experiment 2;Orientation;2;19;-34.0;-52.0;-5.0;86.0;6;7
18;141;134;-7;1.21146730000328;7;-83.0;127;Houborg et al. (2023);Experiment 2;Orientation;2;19;-83.0;63.0;45.0;-88.0;7;7
18;29;52;23;1.24518189999799;7;-68.0;128;Houborg et al. (2023);Experiment 2;Orientation;2;19;-68.0;29.0;-5.0;-23.0;8;7
18;52;48;-4;1.26167540000461;7;-23.0;129;Houborg et al. (2023);Experiment 2;Orientation;2;19;-23.0;89.0;6.0;-28.0;9;7
18;12;34;22;2.14579799999774;7;40.0;130;Houborg et al. (2023);Experiment 2;Orientation;2;19;40.0;17.0;-51.0;46.0;10;7
18;87;98;11;5.38186000000132;7;-75.0;131;Houborg et al. (2023);Experiment 2;Orientation;2;19;-75.0;-35.0;-58.0;54.0;11;7
18;124;38;-86;1.57848240000021;7;-37.0;132;Houborg et al. (2023);Experiment 2;Orientation;2;19;-37.0;68.0;-72.0;85.0;12;7
18;122;110;-12;3.3135007000019;7;2.0;133;Houborg et al. (2023);Experiment 2;Orientation;2;19;2.0;-35.0;70.0;-70.0;13;7
18;164;143;-21;2.46273260000453;7;-42.0;134;Houborg et al. (2023);Experiment 2;Orientation;2;19;-42.0;-40.0;-77.0;28.0;14;7
18;37;27;-10;1.26160169999639;7;-53.0;135;Houborg et al. (2023);Experiment 2;Orientation;2;19;-53.0;85.0;87.0;50.0;15;7
18;149;130;-19;3.63029850000021;7;68.0;136;Houborg et al. (2023);Experiment 2;Orientation;2;19;68.0;15.0;-27.0;-25.0;16;7
18;76;80;4;3.51357479999569;7;73.0;137;Houborg et al. (2023);Experiment 2;Orientation;2;19;73.0;-39.0;88.0;46.0;17;7
18;111;82;-29;1.16162160000385;7;-35.0;138;Houborg et al. (2023);Experiment 2;Orientation;2;19;-35.0;38.0;-74.0;53.0;18;7
18;77;85;8;2.89636129999417;7;34.0;139;Houborg et al. (2023);Experiment 2;Orientation;2;19;34.0;-1.0;72.0;-40.0;19;7
18;144;150;6;4.08080590000463;7;-67.0;140;Houborg et al. (2023);Experiment 2;Orientation;2;19;-67.0;-33.0;-68.0;5.0;20;7
18;26;46;20;1.86195220000081;8;-62.0;141;Houborg et al. (2023);Experiment 2;Orientation;2;19;;;;;1;8
18;143;134;-9;2.44606080000085;8;63.0;142;Houborg et al. (2023);Experiment 2;Orientation;2;19;;;;;2;8
18;107;113;6;1.34482430000207;8;36.0;143;Houborg et al. (2023);Experiment 2;Orientation;2;19;;;;;3;8
18;90;102;12;1.69521919999534;8;17.0;144;Houborg et al. (2023);Experiment 2;Orientation;2;19;;;;;4;8
18;31;38;7;2.47929799999838;8;59.0;145;Houborg et al. (2023);Experiment 2;Orientation;2;19;59.0;76.0;-68.0;-5.0;5;8
18;171;28;37;3.16365609999775;8;40.0;146;Houborg et al. (2023);Experiment 2;Orientation;2;19;40.0;-81.0;-64.0;-28.0;6;8
18;65;42;-23;2.34583130000101;8;-74.0;147;Houborg et al. (2023);Experiment 2;Orientation;2;19;-74.0;-34.0;25.0;42.0;7;8
18;31;23;-8;1.99570279999898;8;34.0;148;Houborg et al. (2023);Experiment 2;Orientation;2;19;34.0;-40.0;0.0;59.0;8;8
18;97;97;0;2.71286250000412;8;-66.0;149;Houborg et al. (2023);Experiment 2;Orientation;2;19;-66.0;-32.0;74.0;-66.0;9;8
18;177;111;-66;1.72880019999866;8;-80.0;150;Houborg et al. (2023);Experiment 2;Orientation;2;19;-80.0;34.0;68.0;-6.0;10;8
18;52;64;12;0.928147700004047;8;-55.0;151;Houborg et al. (2023);Experiment 2;Orientation;2;19;-55.0;45.0;-21.0;13.0;11;8
18;42;36;-6;0.777925900001719;8;10.0;152;Houborg et al. (2023);Experiment 2;Orientation;2;19;10.0;-45.0;55.0;-11.0;12;8
18;66;114;48;3.53029320000496;8;-24.0;153;Houborg et al. (2023);Experiment 2;Orientation;2;19;-24.0;-14.0;-69.0;31.0;13;8
18;4;36;32;1.12823910000589;8;62.0;154;Houborg et al. (2023);Experiment 2;Orientation;2;19;62.0;38.0;48.0;-7.0;14;8
18;129;144;15;2.26252329999988;8;55.0;155;Houborg et al. (2023);Experiment 2;Orientation;2;19;55.0;-63.0;-87.0;-77.0;15;8
18;146;146;0;1.66210309999587;8;-17.0;156;Houborg et al. (2023);Experiment 2;Orientation;2;19;-17.0;38.0;-80.0;76.0;16;8
18;58;66;8;2.0789900000018;8;88.0;157;Houborg et al. (2023);Experiment 2;Orientation;2;19;88.0;71.0;-54.0;8.0;17;8
18;4;28;24;2.41260789999797;8;54.0;158;Houborg et al. (2023);Experiment 2;Orientation;2;19;54.0;-38.0;-55.0;0.0;18;8
18;15;30;15;2.3965704000002;8;-11.0;159;Houborg et al. (2023);Experiment 2;Orientation;2;19;-11.0;43.0;-49.0;-66.0;19;8
18;56;15;-41;2.04564029999892;8;-41.0;160;Houborg et al. (2023);Experiment 2;Orientation;2;19;-41.0;-52.0;2.0;90.0;20;8
18;2;37;35;2.1459584999975;9;54.0;161;Houborg et al. (2023);Experiment 2;Orientation;2;19;;;;;1;9
18;127;130;3;1.44522600000346;9;55.0;162;Houborg et al. (2023);Experiment 2;Orientation;2;19;;;;;2;9
18;1;171;-10;0.96138559999963;9;-54.0;163;Houborg et al. (2023);Experiment 2;Orientation;2;19;;;;;3;9
18;179;166;-13;1.37831390000065;9;2.0;164;Houborg et al. (2023);Experiment 2;Orientation;2;19;;;;;4;9
18;168;148;-20;2.41259120000177;9;11.0;165;Houborg et al. (2023);Experiment 2;Orientation;2;19;11.0;13.0;-41.0;14.0;5;9
18;90;66;-24;23.446572300003;9;78.0;166;Houborg et al. (2023);Experiment 2;Orientation;2;19;78.0;89.0;-89.0;37.0;6;9
18;50;33;-17;2.72957770000357;9;40.0;167;Houborg et al. (2023);Experiment 2;Orientation;2;19;40.0;-62.0;-51.0;-49.0;7;9
18;54;50;-4;0.677923300005205;9;-4.0;168;Houborg et al. (2023);Experiment 2;Orientation;2;19;-4.0;36.0;-66.0;-55.0;8;9
18;75;50;-25;1.24492910000117;9;-21.0;169;Houborg et al. (2023);Experiment 2;Orientation;2;19;-21.0;-25.0;15.0;-87.0;9;9
18;130;139;9;1.11155380000127;9;-55.0;170;Houborg et al. (2023);Experiment 2;Orientation;2;19;-55.0;-76.0;-80.0;-40.0;10;9
18;75;67;-8;0.91139149999799;9;55.0;171;Houborg et al. (2023);Experiment 2;Orientation;2;19;55.0;0.0;-21.0;-25.0;11;9
18;132;147;15;1.12835110000015;9;-57.0;172;Houborg et al. (2023);Experiment 2;Orientation;2;19;-57.0;-2.0;-57.0;-78.0;12;9
18;153;164;11;2.71280440000555;9;-21.0;173;Houborg et al. (2023);Experiment 2;Orientation;2;19;-21.0;-78.0;-23.0;-78.0;13;9
18;171;24;33;1.76201460000448;9;-18.0;174;Houborg et al. (2023);Experiment 2;Orientation;2;19;-18.0;-39.0;84.0;-41.0;14;9
18;22;27;5;1.49518979999993;9;-31.0;175;Houborg et al. (2023);Experiment 2;Orientation;2;19;-31.0;-49.0;-70.0;53.0;15;9
18;33;41;8;0.861570500004746;9;-11.0;176;Houborg et al. (2023);Experiment 2;Orientation;2;19;-11.0;-42.0;-60.0;-81.0;16;9
18;117;139;22;0.91132959999959;9;-84.0;177;Houborg et al. (2023);Experiment 2;Orientation;2;19;-84.0;85.0;54.0;36.0;17;9
18;27;44;17;1.82889710000018;9;90.0;178;Houborg et al. (2023);Experiment 2;Orientation;2;19;90.0;6.0;-5.0;-36.0;18;9
18;38;132;-86;0.911333899995952;9;-11.0;179;Houborg et al. (2023);Experiment 2;Orientation;2;19;-11.0;79.0;-5.0;-16.0;19;9
18;147;137;-10;1.21167969999806;9;71.0;180;Houborg et al. (2023);Experiment 2;Orientation;2;19;71.0;60.0;-30.0;66.0;20;9
18;8;35;27;1.82892940000602;10;-41.0;181;Houborg et al. (2023);Experiment 2;Orientation;2;19;;;;;1;10
18;108;123;15;2.32927660000132;10;80.0;182;Houborg et al. (2023);Experiment 2;Orientation;2;19;;;;;2;10
18;3;20;17;1.54541000000609;10;-75.0;183;Houborg et al. (2023);Experiment 2;Orientation;2;19;;;;;3;10
18;135;163;28;1.79552870000043;10;48.0;184;Houborg et al. (2023);Experiment 2;Orientation;2;19;;;;;4;10
18;45;38;-7;1.12817240000004;10;90.0;185;Houborg et al. (2023);Experiment 2;Orientation;2;19;90.0;-42.0;63.0;-37.0;5;10
18;164;142;-22;1.31179509999492;10;61.0;186;Houborg et al. (2023);Experiment 2;Orientation;2;19;61.0;-29.0;19.0;-56.0;6;10
18;141;131;-10;1.14481260000321;10;23.0;187;Houborg et al. (2023);Experiment 2;Orientation;2;19;23.0;84.0;-6.0;42.0;7;10
18;67;38;-29;0.711267800004862;10;74.0;188;Houborg et al. (2023);Experiment 2;Orientation;2;19;74.0;-83.0;-22.0;68.0;8;10
18;156;132;-24;1.11150970000017;10;-89.0;189;Houborg et al. (2023);Experiment 2;Orientation;2;19;-89.0;-15.0;8.0;69.0;9;10
18;75;54;-21;1.14492099999916;10;81.0;190;Houborg et al. (2023);Experiment 2;Orientation;2;19;81.0;-8.0;66.0;89.0;10;10
18;62;58;-4;1.04466520000278;10;13.0;191;Houborg et al. (2023);Experiment 2;Orientation;2;19;13.0;-86.0;5.0;79.0;11;10
18;141;124;-17;1.41189699999813;10;-79.0;192;Houborg et al. (2023);Experiment 2;Orientation;2;19;-79.0;-66.0;15.0;-74.0;12;10
18;89;148;59;1.54527600000438;10;52.0;193;Houborg et al. (2023);Experiment 2;Orientation;2;19;52.0;-27.0;-14.0;67.0;13;10
18;177;10;13;0.777969199996733;10;-88.0;194;Houborg et al. (2023);Experiment 2;Orientation;2;19;-88.0;-36.0;65.0;78.0;14;10
18;101;134;33;1.19491780000681;10;76.0;195;Houborg et al. (2023);Experiment 2;Orientation;2;19;76.0;-12.0;40.0;-39.0;15;10
18;159;170;11;1.12826550000318;10;-58.0;196;Houborg et al. (2023);Experiment 2;Orientation;2;19;-58.0;18.0;-70.0;-18.0;16;10
18;34;31;-3;0.727822699998796;10;-55.0;197;Houborg et al. (2023);Experiment 2;Orientation;2;19;-55.0;67.0;-37.0;55.0;17;10
18;18;31;13;1.17824669999391;10;16.0;198;Houborg et al. (2023);Experiment 2;Orientation;2;19;16.0;-39.0;83.0;-21.0;18;10
18;123;148;25;1.16163999999844;10;75.0;199;Houborg et al. (2023);Experiment 2;Orientation;2;19;75.0;-89.0;36.0;-22.0;19;10
18;128;130;2;0.94458759999543;10;-5.0;200;Houborg et al. (2023);Experiment 2;Orientation;2;19;-5.0;70.0;86.0;31.0;20;10
19;132;124;-8;2.44618359999731;1;;1;Houborg et al. (2023);Experiment 2;Orientation;2;19;;;;;1;1
19;155;141;-14;2.32927329999802;1;-23.0;2;Houborg et al. (2023);Experiment 2;Orientation;2;19;;;;;2;1
19;112;115;3;2.3962351000082;1;43.0;3;Houborg et al. (2023);Experiment 2;Orientation;2;19;;;;;3;1
19;173;162;-11;1.19505490000302;1;-61.0;4;Houborg et al. (2023);Experiment 2;Orientation;2;19;;;;;4;1
19;54;53;-1;1.96233169999323;1;-61.0;5;Houborg et al. (2023);Experiment 2;Orientation;2;19;-61.0;58.0;-79.0;78.0;5;1
19;131;135;4;1.82874060000177;1;-77.0;6;Houborg et al. (2023);Experiment 2;Orientation;2;19;-77.0;42.0;-19.0;24.0;6;1
19;55;52;-3;2.62934620000306;1;76.0;7;Houborg et al. (2023);Experiment 2;Orientation;2;19;76.0;-1.0;-62.0;57.0;7;1
19;118;63;-55;3.46375680000347;1;-63.0;8;Houborg et al. (2023);Experiment 2;Orientation;2;19;-63.0;13.0;-64.0;55.0;8;1
19;169;164;-5;1.56196760000603;1;-51.0;9;Houborg et al. (2023);Experiment 2;Orientation;2;19;-51.0;66.0;-38.0;65.0;9;1
19;47;51;4;3.38015139999334;1;-58.0;10;Houborg et al. (2023);Experiment 2;Orientation;2;19;-58.0;71.0;8.0;84.0;10;1
19;114;118;4;1.59543069999199;1;-67.0;11;Houborg et al. (2023);Experiment 2;Orientation;2;19;-67.0;55.0;4.0;-59.0;11;1
19;108;104;-4;1.27838429999247;1;6.0;12;Houborg et al. (2023);Experiment 2;Orientation;2;19;6.0;-61.0;61.0;10.0;12;1
19;132;115;-17;1.52866039999935;1;-24.0;13;Houborg et al. (2023);Experiment 2;Orientation;2;19;-24.0;-18.0;-85.0;37.0;13;1
19;48;53;5;2.34618130000308;1;84.0;14;Houborg et al. (2023);Experiment 2;Orientation;2;19;84.0;60.0;66.0;-1.0;14;1
19;175;170;-5;1.84547590000147;1;53.0;15;Houborg et al. (2023);Experiment 2;Orientation;2;19;53.0;-43.0;-67.0;-61.0;15;1
19;11;12;1;1.46185910000349;1;-16.0;16;Houborg et al. (2023);Experiment 2;Orientation;2;19;-16.0;37.0;-59.0;-83.0;16;1
19;42;43;1;2.41255989999627;1;-31.0;17;Houborg et al. (2023);Experiment 2;Orientation;2;19;-31.0;-47.0;6.0;90.0;17;1
19;8;17;9;1.57859140000073;1;34.0;18;Houborg et al. (2023);Experiment 2;Orientation;2;19;34.0;3.0;-13.0;40.0;18;1
19;123;65;-58;2.87982960000227;1;65.0;19;Houborg et al. (2023);Experiment 2;Orientation;2;19;65.0;-81.0;68.0;52.0;19;1
19;37;40;3;1.52876580000157;1;86.0;20;Houborg et al. (2023);Experiment 2;Orientation;2;19;86.0;-29.0;5.0;-26.0;20;1
19;139;122;-17;3.09661499998765;2;78.0;21;Houborg et al. (2023);Experiment 2;Orientation;2;19;;;;;1;2
19;158;143;-15;3.04659280000487;2;-19.0;22;Houborg et al. (2023);Experiment 2;Orientation;2;19;;;;;2;2
19;86;71;-15;2.77954930000124;2;72.0;23;Houborg et al. (2023);Experiment 2;Orientation;2;19;;;;;3;2
19;41;45;4;3.09659720001218;2;45.0;24;Houborg et al. (2023);Experiment 2;Orientation;2;19;;;;;4;2
19;105;110;5;2.87957930000266;2;-64.0;25;Houborg et al. (2023);Experiment 2;Orientation;2;19;-64.0;-19.0;53.0;34.0;5;2
19;61;67;6;1.81229129999701;2;44.0;26;Houborg et al. (2023);Experiment 2;Orientation;2;19;44.0;-20.0;25.0;-83.0;6;2
19;169;148;-21;1.71206159998837;2;72.0;27;Houborg et al. (2023);Experiment 2;Orientation;2;19;72.0;-64.0;52.0;-83.0;7;2
19;90;70;-20;1.96254050001153;2;79.0;28;Houborg et al. (2023);Experiment 2;Orientation;2;19;79.0;-29.0;15.0;-49.0;8;2
19;45;40;-5;3.93065300000308;2;45.0;29;Houborg et al. (2023);Experiment 2;Orientation;2;19;45.0;-56.0;16.0;60.0;9;2
19;130;119;-11;2.44610980000289;2;-85.0;30;Houborg et al. (2023);Experiment 2;Orientation;2;19;-85.0;-40.0;39.0;-69.0;10;2
19;38;42;4;3.53031370000099;2;-88.0;31;Houborg et al. (2023);Experiment 2;Orientation;2;19;-88.0;7.0;52.0;-49.0;11;2
19;121;124;3;2.39611879999575;2;-83.0;32;Houborg et al. (2023);Experiment 2;Orientation;2;19;-83.0;9.0;-76.0;-31.0;12;2
19;19;34;15;2.89652730000671;2;-78.0;33;Houborg et al. (2023);Experiment 2;Orientation;2;19;-78.0;19.0;-69.0;26.0;13;2
19;118;123;5;4.14758170000277;2;81.0;34;Houborg et al. (2023);Experiment 2;Orientation;2;19;81.0;3.0;-80.0;12.0;14;2
19;132;129;-3;2.74627449999389;2;-14.0;35;Houborg et al. (2023);Experiment 2;Orientation;2;19;-14.0;67.0;-11.0;86.0;15;2
19;41;38;-3;3.48021580000932;2;-89.0;36;Houborg et al. (2023);Experiment 2;Orientation;2;19;-89.0;77.0;-22.0;80.0;16;2
19;82;69;-13;2.74651139999332;2;-41.0;37;Houborg et al. (2023);Experiment 2;Orientation;2;19;-41.0;50.0;36.0;-63.0;17;2
19;41;57;16;2.54613629999221;2;41.0;38;Houborg et al. (2023);Experiment 2;Orientation;2;19;41.0;0.0;-89.0;77.0;18;2
19;96;87;-9;4.18084400000225;2;-55.0;39;Houborg et al. (2023);Experiment 2;Orientation;2;19;-55.0;-14.0;-55.0;36.0;19;2
19;88;88;0;2.96320540001034;2;8.0;40;Houborg et al. (2023);Experiment 2;Orientation;2;19;8.0;-47.0;-6.0;-47.0;20;2
19;136;132;-4;3.56384359998628;3;-48.0;41;Houborg et al. (2023);Experiment 2;Orientation;2;19;;;;;1;3
19;98;108;10;2.42946909999591;3;38.0;42;Houborg et al. (2023);Experiment 2;Orientation;2;19;;;;;2;3
19;162;151;-11;1.71214319999854;3;-64.0;43;Houborg et al. (2023);Experiment 2;Orientation;2;19;;;;;3;3
19;1;165;-16;3.6638157999987;3;-19.0;44;Houborg et al. (2023);Experiment 2;Orientation;2;19;;;;;4;3
19;78;74;-4;2.09564050000336;3;-77.0;45;Houborg et al. (2023);Experiment 2;Orientation;2;19;-77.0;84.0;20.0;58.0;5;3
19;10;6;-4;3.14652149999165;3;68.0;46;Houborg et al. (2023);Experiment 2;Orientation;2;19;68.0;-9.0;-28.0;88.0;6;3
19;142;150;8;5.04827439998917;3;48.0;47;Houborg et al. (2023);Experiment 2;Orientation;2;19;48.0;-64.0;39.0;20.0;7;3
19;162;161;-1;2.6795368000021;3;-20.0;48;Houborg et al. (2023);Experiment 2;Orientation;2;19;-20.0;28.0;-84.0;19.0;8;3
19;69;58;-11;1.7288300999935;3;-87.0;49;Houborg et al. (2023);Experiment 2;Orientation;2;19;-87.0;73.0;-59.0;9.0;9;3
19;173;156;-17;3.13008590000391;3;76.0;50;Houborg et al. (2023);Experiment 2;Orientation;2;19;76.0;-11.0;-31.0;17.0;10;3
19;96;99;3;3.0633375000034;3;77.0;51;Houborg et al. (2023);Experiment 2;Orientation;2;19;77.0;-27.0;66.0;46.0;11;3
19;35;40;5;2.34603070000594;3;61.0;52;Houborg et al. (2023);Experiment 2;Orientation;2;19;61.0;-42.0;34.0;-53.0;12;3
19;46;43;-3;1.76224020001246;3;-11.0;53;Houborg et al. (2023);Experiment 2;Orientation;2;19;-11.0;50.0;-53.0;23.0;13;3
19;151;145;-6;2.56283890000486;3;75.0;54;Houborg et al. (2023);Experiment 2;Orientation;2;19;75.0;64.0;-55.0;22.0;14;3
19;84;79;-5;2.89635370000906;3;67.0;55;Houborg et al. (2023);Experiment 2;Orientation;2;19;67.0;-38.0;-49.0;12.0;15;3
19;122;122;0;2.64628430000448;3;-38.0;56;Houborg et al. (2023);Experiment 2;Orientation;2;19;-38.0;29.0;-76.0;-87.0;16;3
19;171;165;-6;2.74629870000354;3;-49.0;57;Houborg et al. (2023);Experiment 2;Orientation;2;19;-49.0;-87.0;-20.0;55.0;17;3
19;21;31;10;2.47937850000744;3;-30.0;58;Houborg et al. (2023);Experiment 2;Orientation;2;19;-30.0;-79.0;63.0;-50.0;18;3
19;39;39;0;1.57872919998772;3;-18.0;59;Houborg et al. (2023);Experiment 2;Orientation;2;19;-18.0;-48.0;83.0;45.0;19;3
19;92;89;-3;2.59622259999742;3;-53.0;60;Houborg et al. (2023);Experiment 2;Orientation;2;19;-53.0;-71.0;79.0;30.0;20;3
19;108;113;5;2.31257660000119;4;-16.0;61;Houborg et al. (2023);Experiment 2;Orientation;2;19;;;;;1;4
19;81;74;-7;2.21255630000087;4;27.0;62;Houborg et al. (2023);Experiment 2;Orientation;2;19;;;;;2;4
19;64;65;1;2.64630320000288;4;17.0;63;Houborg et al. (2023);Experiment 2;Orientation;2;19;;;;;3;4
19;158;162;4;1.39516829999047;4;86.0;64;Houborg et al. (2023);Experiment 2;Orientation;2;19;;;;;4;4
19;125;133;8;3.43031850000261;4;33.0;65;Houborg et al. (2023);Experiment 2;Orientation;2;19;33.0;-61.0;-44.0;-17.0;5;4
19;84;131;47;2.22917159998906;4;41.0;66;Houborg et al. (2023);Experiment 2;Orientation;2;19;41.0;74.0;-20.0;-3.0;6;4
19;9;30;21;9.91892710000684;4;75.0;67;Houborg et al. (2023);Experiment 2;Orientation;2;19;75.0;-64.0;-31.0;55.0;7;4
19;123;124;1;2.3292286000069;4;66.0;68;Houborg et al. (2023);Experiment 2;Orientation;2;19;66.0;-39.0;2.0;35.0;8;4
19;86;101;15;2.26280340000812;4;37.0;69;Houborg et al. (2023);Experiment 2;Orientation;2;19;37.0;-77.0;-2.0;39.0;9;4
19;51;122;71;3.34677079999528;4;35.0;70;Houborg et al. (2023);Experiment 2;Orientation;2;19;35.0;72.0;-42.0;33.0;10;4
19;151;136;-15;1.72874389999197;4;80.0;71;Houborg et al. (2023);Experiment 2;Orientation;2;19;80.0;-65.0;-28.0;38.0;11;4
19;49;117;68;2.64694780000718;4;-78.0;72;Houborg et al. (2023);Experiment 2;Orientation;2;19;-78.0;2.0;37.0;74.0;12;4
19;88;82;-6;1.97905069999979;4;-39.0;73;Houborg et al. (2023);Experiment 2;Orientation;2;19;-39.0;63.0;-37.0;-2.0;13;4
19;91;84;-7;3.3135581999959;4;-3.0;74;Houborg et al. (2023);Experiment 2;Orientation;2;19;-3.0;-42.0;60.0;-40.0;14;4
19;147;116;-31;2.09594459999062;4;-56.0;75;Houborg et al. (2023);Experiment 2;Orientation;2;19;-56.0;-59.0;82.0;4.0;15;4
19;175;126;-49;2.32922829999006;4;-28.0;76;Houborg et al. (2023);Experiment 2;Orientation;2;19;-28.0;-84.0;-87.0;54.0;16;4
19;70;67;-3;2.49587109999266;4;-75.0;77;Houborg et al. (2023);Experiment 2;Orientation;2;19;-75.0;77.0;21.0;18.0;17;4
19;57;50;-7;1.695372400005;4;13.0;78;Houborg et al. (2023);Experiment 2;Orientation;2;19;13.0;-62.0;90.0;34.0;18;4
19;9;21;12;1.8957056000072;4;48.0;79;Houborg et al. (2023);Experiment 2;Orientation;2;19;48.0;61.0;-14.0;-42.0;19;4
19;138;138;0;4.64789680000104;4;51.0;80;Houborg et al. (2023);Experiment 2;Orientation;2;19;51.0;-81.0;-68.0;37.0;20;4
19;50;45;-5;1.82872289999796;5;88.0;81;Houborg et al. (2023);Experiment 2;Orientation;2;19;;;;;1;5
19;125;133;8;1.9291108000034;5;-75.0;82;Houborg et al. (2023);Experiment 2;Orientation;2;19;;;;;2;5
19;105;105;0;1.32863400000497;5;20.0;83;Houborg et al. (2023);Experiment 2;Orientation;2;19;;;;;3;5
19;85;79;-6;4.0305948999885;5;20.0;84;Houborg et al. (2023);Experiment 2;Orientation;2;19;;;;;4;5
19;19;29;10;2.6964910000097;5;66.0;85;Houborg et al. (2023);Experiment 2;Orientation;2;19;66.0;86.0;-74.0;31.0;5;5
19;107;110;3;1.61214019999898;5;-88.0;86;Houborg et al. (2023);Experiment 2;Orientation;2;19;-88.0;-22.0;-2.0;18.0;6;5
19;147;137;-10;3.34676050000417;5;-40.0;87;Houborg et al. (2023);Experiment 2;Orientation;2;19;-40.0;52.0;-62.0;-42.0;7;5
19;109;115;6;3.14672670001164;5;38.0;88;Houborg et al. (2023);Experiment 2;Orientation;2;19;38.0;-2.0;90.0;-24.0;8;5
19;26;42;16;2.81307930000185;5;83.0;89;Houborg et al. (2023);Experiment 2;Orientation;2;19;83.0;-59.0;81.0;-7.0;9;5
19;84;71;-13;2.64637210000365;5;-58.0;90;Houborg et al. (2023);Experiment 2;Orientation;2;19;-58.0;25.0;63.0;23.0;10;5
19;96;95;-1;2.779534900008;5;-12.0;91;Houborg et al. (2023);Experiment 2;Orientation;2;19;-12.0;-70.0;13.0;51.0;11;5
19;34;40;6;5.56529549999686;5;62.0;92;Houborg et al. (2023);Experiment 2;Orientation;2;19;62.0;50.0;-8.0;75.0;12;5
19;109;122;13;4.51435329999367;5;-75.0;93;Houborg et al. (2023);Experiment 2;Orientation;2;19;-75.0;-13.0;-25.0;-83.0;13;5
19;58;66;8;3.89720059999672;5;51.0;94;Houborg et al. (2023);Experiment 2;Orientation;2;19;51.0;-24.0;38.0;26.0;14;5
19;174;160;-14;2.67954610000015;5;64.0;95;Houborg et al. (2023);Experiment 2;Orientation;2;19;64.0;-65.0;40.0;-78.0;15;5
19;127;134;7;3.89701320001041;5;47.0;96;Houborg et al. (2023);Experiment 2;Orientation;2;19;47.0;-69.0;-18.0;87.0;16;5
19;47;49;2;1.44526760000736;5;80.0;97;Houborg et al. (2023);Experiment 2;Orientation;2;19;80.0;-53.0;11.0;62.0;17;5
19;99;105;6;2.37936730000365;5;-52.0;98;Houborg et al. (2023);Experiment 2;Orientation;2;19;-52.0;28.0;75.0;-41.0;18;5
19;20;19;-1;7.85060370000429;5;79.0;99;Houborg et al. (2023);Experiment 2;Orientation;2;19;79.0;27.0;-73.0;-26.0;19;5
19;180;4;4;2.54616330000863;5;20.0;100;Houborg et al. (2023);Experiment 2;Orientation;2;19;20.0;-81.0;47.0;-53.0;20;5
19;1;171;-10;2.04568270000163;6;-1.0;101;Houborg et al. (2023);Experiment 2;Orientation;2;19;;;;;1;6
19;149;149;0;2.16237110001384;6;32.0;102;Houborg et al. (2023);Experiment 2;Orientation;2;19;;;;;2;6
19;106;120;14;4.39763359999051;6;43.0;103;Houborg et al. (2023);Experiment 2;Orientation;2;19;;;;;3;6
19;165;154;-11;3.49665450000612;6;-59.0;104;Houborg et al. (2023);Experiment 2;Orientation;2;19;;;;;4;6
19;17;22;5;1.62871330000053;6;-32.0;105;Houborg et al. (2023);Experiment 2;Orientation;2;19;-32.0;89.0;-48.0;-16.0;5;6
19;14;22;8;2.9797763999959;6;3.0;106;Houborg et al. (2023);Experiment 2;Orientation;2;19;3.0;-29.0;-88.0;-45.0;6;6
19;134;142;8;2.72967159999826;6;60.0;107;Houborg et al. (2023);Experiment 2;Orientation;2;19;60.0;63.0;31.0;-28.0;7;6
19;123;129;6;1.92896479999763;6;11.0;108;Houborg et al. (2023);Experiment 2;Orientation;2;19;11.0;71.0;74.0;42.0;8;6
19;175;9;14;5.51528110000072;6;-52.0;109;Houborg et al. (2023);Experiment 2;Orientation;2;19;-52.0;-41.0;19.0;22.0;9;6
19;86;86;0;2.17918599999393;6;89.0;110;Houborg et al. (2023);Experiment 2;Orientation;2;19;89.0;37.0;48.0;-72.0;10;6
19;38;48;10;2.16260179999517;6;48.0;111;Houborg et al. (2023);Experiment 2;Orientation;2;19;48.0;-43.0;85.0;-84.0;11;6
19;9;26;17;2.31262179999612;6;29.0;112;Houborg et al. (2023);Experiment 2;Orientation;2;19;29.0;77.0;-14.0;-66.0;12;6
19;72;71;-1;2.21263730000646;6;-63.0;113;Houborg et al. (2023);Experiment 2;Orientation;2;19;-63.0;-34.0;14.0;-77.0;13;6
19;93;95;2;2.44607930000348;6;-21.0;114;Houborg et al. (2023);Experiment 2;Orientation;2;19;-21.0;-84.0;-55.0;-7.0;14;6
19;12;29;17;1.81223670000327;6;81.0;115;Houborg et al. (2023);Experiment 2;Orientation;2;19;81.0;60.0;-3.0;26.0;15;6
19;74;64;-10;2.42957720000413;6;-62.0;116;Houborg et al. (2023);Experiment 2;Orientation;2;19;-62.0;19.0;-2.0;-65.0;16;6
19;83;77;-6;1.8122885000048;6;-9.0;117;Houborg et al. (2023);Experiment 2;Orientation;2;19;-9.0;-71.0;10.0;-11.0;17;6
19;14;33;19;1.42856520001078;6;69.0;118;Houborg et al. (2023);Experiment 2;Orientation;2;19;69.0;60.0;-2.0;79.0;18;6
19;167;156;-11;2.49612280000292;6;27.0;119;Houborg et al. (2023);Experiment 2;Orientation;2;19;27.0;-84.0;87.0;25.0;19;6
19;145;142;-3;1.49531399999978;6;22.0;120;Houborg et al. (2023);Experiment 2;Orientation;2;19;22.0;49.0;-62.0;-71.0;20;6
19;86;91;5;2.51277799998934;7;59.0;121;Houborg et al. (2023);Experiment 2;Orientation;2;19;;;;;1;7
19;154;138;-16;3.43030120000185;7;-68.0;122;Houborg et al. (2023);Experiment 2;Orientation;2;19;;;;;2;7
19;6;14;8;2.27922579999722;7;-32.0;123;Houborg et al. (2023);Experiment 2;Orientation;2;19;;;;;3;7
19;52;40;-12;1.86224049999146;7;-46.0;124;Houborg et al. (2023);Experiment 2;Orientation;2;19;;;;;4;7
19;4;15;11;2.51281839999137;7;48.0;125;Houborg et al. (2023);Experiment 2;Orientation;2;19;48.0;2.0;-30.0;82.0;5;7
19;135;139;4;1.94556069999817;7;49.0;126;Houborg et al. (2023);Experiment 2;Orientation;2;19;49.0;-83.0;51.0;19.0;6;7
19;113;114;1;2.14588080000249;7;22.0;127;Houborg et al. (2023);Experiment 2;Orientation;2;19;22.0;71.0;-61.0;73.0;7;7
19;84;77;-7;1.54532839999592;7;29.0;128;Houborg et al. (2023);Experiment 2;Orientation;2;19;29.0;51.0;-80.0;-32.0;8;7
19;105;104;-1;2.61290769999323;7;-21.0;129;Houborg et al. (2023);Experiment 2;Orientation;2;19;-21.0;8.0;30.0;79.0;9;7
19;104;110;6;2.51279619999696;7;1.0;130;Houborg et al. (2023);Experiment 2;Orientation;2;19;1.0;-20.0;9.0;31.0;10;7
19;168;149;-19;2.6961381000001;7;-64.0;131;Houborg et al. (2023);Experiment 2;Orientation;2;19;-64.0;-63.0;-84.0;-55.0;11;7
19;126;129;3;2.49612409999827;7;42.0;132;Houborg et al. (2023);Experiment 2;Orientation;2;19;42.0;-22.0;-21.0;-42.0;12;7
19;43;42;-1;8.03429730000789;7;83.0;133;Houborg et al. (2023);Experiment 2;Orientation;2;19;83.0;-55.0;61.0;62.0;13;7
19;32;44;12;2.1124359999958;7;11.0;134;Houborg et al. (2023);Experiment 2;Orientation;2;19;11.0;-86.0;-44.0;72.0;14;7
19;86;66;-20;3.18001490000461;7;-54.0;135;Houborg et al. (2023);Experiment 2;Orientation;2;19;-54.0;-43.0;40.0;82.0;15;7
19;12;21;9;1.99569180000981;7;74.0;136;Houborg et al. (2023);Experiment 2;Orientation;2;19;74.0;20.0;31.0;-66.0;16;7
19;123;118;-5;2.44616130000213;7;69.0;137;Houborg et al. (2023);Experiment 2;Orientation;2;19;69.0;-37.0;89.0;-80.0;17;7
19;5;13;8;3.07984289999877;7;-62.0;138;Houborg et al. (2023);Experiment 2;Orientation;2;19;-62.0;7.0;81.0;27.0;18;7
19;45;32;-13;2.31243409999297;7;-40.0;139;Houborg et al. (2023);Experiment 2;Orientation;2;19;-40.0;78.0;-33.0;41.0;19;7
19;106;114;8;2.22928010000032;7;-61.0;140;Houborg et al. (2023);Experiment 2;Orientation;2;19;-61.0;79.0;17.0;86.0;20;7
19;94;91;-3;1.97908079999615;8;12.0;141;Houborg et al. (2023);Experiment 2;Orientation;2;19;;;;;1;8
19;8;18;10;1.67880920000607;8;86.0;142;Houborg et al. (2023);Experiment 2;Orientation;2;19;;;;;2;8
19;122;127;5;5.24840229999973;8;66.0;143;Houborg et al. (2023);Experiment 2;Orientation;2;19;;;;;3;8
19;26;31;5;3.78047800000058;8;-84.0;144;Houborg et al. (2023);Experiment 2;Orientation;2;19;;;;;4;8
19;48;52;4;1.21181459999934;8;-22.0;145;Houborg et al. (2023);Experiment 2;Orientation;2;19;-22.0;74.0;-40.0;46.0;5;8
19;57;58;1;1.97902590000012;8;-9.0;146;Houborg et al. (2023);Experiment 2;Orientation;2;19;-9.0;-31.0;65.0;-49.0;6;8
19;145;148;3;7.31672030000482;8;-88.0;147;Houborg et al. (2023);Experiment 2;Orientation;2;19;-88.0;83.0;61.0;-23.0;7;8
19;149;133;-16;2.29546950000804;8;-4.0;148;Houborg et al. (2023);Experiment 2;Orientation;2;19;-4.0;88.0;79.0;57.0;8;8
19;38;35;-3;3.11334390001139;8;-69.0;149;Houborg et al. (2023);Experiment 2;Orientation;2;19;-69.0;-73.0;19.0;10.0;9;8
19;1;1;0;3.71369560000312;8;37.0;150;Houborg et al. (2023);Experiment 2;Orientation;2;19;37.0;-32.0;-36.0;56.0;10;8
19;47;39;-8;1.86226130000432;8;-46.0;151;Houborg et al. (2023);Experiment 2;Orientation;2;19;-46.0;-9.0;-78.0;-82.0;11;8
19;23;41;18;2.26261230000819;8;24.0;152;Houborg et al. (2023);Experiment 2;Orientation;2;19;24.0;-22.0;15.0;-54.0;12;8
19;42;43;1;1.64556039999297;8;-19.0;153;Houborg et al. (2023);Experiment 2;Orientation;2;19;-19.0;5.0;-41.0;-4.0;13;8
19;115;120;5;2.44595909999043;8;-73.0;154;Houborg et al. (2023);Experiment 2;Orientation;2;19;-73.0;88.0;-68.0;66.0;14;8
19;177;160;-17;4.99830880000081;8;-62.0;155;Houborg et al. (2023);Experiment 2;Orientation;2;19;-62.0;45.0;26.0;50.0;15;8
19;1;5;4;2.07912949999445;8;-4.0;156;Houborg et al. (2023);Experiment 2;Orientation;2;19;-4.0;-66.0;41.0;22.0;16;8
19;86;84;-2;2.1627060000028;8;-85.0;157;Houborg et al. (2023);Experiment 2;Orientation;2;19;-85.0;-89.0;29.0;-44.0;17;8
19;3;15;12;4.83130209999217;8;83.0;158;Houborg et al. (2023);Experiment 2;Orientation;2;19;83.0;-2.0;-6.0;-68.0;18;8
19;11;15;4;2.72974280000199;8;-8.0;159;Houborg et al. (2023);Experiment 2;Orientation;2;19;-8.0;75.0;-10.0;-14.0;19;8
19;93;74;-19;2.3291806000052;8;-82.0;160;Houborg et al. (2023);Experiment 2;Orientation;2;19;-82.0;90.0;-7.0;88.0;20;8
19;83;59;-24;1.67877549999685;9;10.0;161;Houborg et al. (2023);Experiment 2;Orientation;2;19;;;;;1;9
19;38;42;4;1.51182099999278;9;45.0;162;Houborg et al. (2023);Experiment 2;Orientation;2;19;;;;;2;9
19;63;54;-9;3.09660949998943;9;-25.0;163;Houborg et al. (2023);Experiment 2;Orientation;2;19;;;;;3;9
19;68;57;-11;1.99572150000313;9;-5.0;164;Houborg et al. (2023);Experiment 2;Orientation;2;19;;;;;4;9
19;155;148;-7;3.42999430000782;9;-87.0;165;Houborg et al. (2023);Experiment 2;Orientation;2;19;-87.0;88.0;63.0;-72.0;5;9
19;1;179;-2;2.5629243000003;9;-26.0;166;Houborg et al. (2023);Experiment 2;Orientation;2;19;-26.0;67.0;62.0;37.0;6;9
19;125;19;74;3.51359740000044;9;56.0;167;Houborg et al. (2023);Experiment 2;Orientation;2;19;56.0;30.0;-57.0;-62.0;7;9
19;17;19;2;2.79625379999925;9;-72.0;168;Houborg et al. (2023);Experiment 2;Orientation;2;19;-72.0;-16.0;-42.0;51.0;8;9
19;17;21;4;1.71201790000487;9;0.0;169;Houborg et al. (2023);Experiment 2;Orientation;2;19;0.0;-72.0;-16.0;-42.0;9;9
19;19;28;9;1.49526329999208;9;-2.0;170;Houborg et al. (2023);Experiment 2;Orientation;2;19;-2.0;-2.0;-74.0;-18.0;10;9
19;123;125;2;1.39522590000706;9;76.0;171;Houborg et al. (2023);Experiment 2;Orientation;2;19;76.0;74.0;74.0;2.0;11;9
19;117;118;1;3.36353859999508;9;6.0;172;Houborg et al. (2023);Experiment 2;Orientation;2;19;6.0;82.0;80.0;80.0;12;9
19;86;77;-9;2.02910059998976;9;31.0;173;Houborg et al. (2023);Experiment 2;Orientation;2;19;31.0;37.0;-67.0;-69.0;13;9
19;87;113;26;3.230343800009;9;-1.0;174;Houborg et al. (2023);Experiment 2;Orientation;2;19;-1.0;30.0;36.0;-68.0;14;9
19;61;62;1;1.89568550001422;9;26.0;175;Houborg et al. (2023);Experiment 2;Orientation;2;19;26.0;25.0;56.0;62.0;15;9
19;123;124;1;1.72881480000797;9;-62.0;176;Houborg et al. (2023);Experiment 2;Orientation;2;19;-62.0;-36.0;-37.0;-6.0;16;9
19;164;137;-27;2.1290558000037;9;-41.0;177;Houborg et al. (2023);Experiment 2;Orientation;2;19;-41.0;77.0;-77.0;-78.0;17;9
19;44;48;4;2.9633266999881;9;-60.0;178;Houborg et al. (2023);Experiment 2;Orientation;2;19;-60.0;79.0;17.0;43.0;18;9
19;132;140;8;1.57857999998669;9;-88.0;179;Houborg et al. (2023);Experiment 2;Orientation;2;19;-88.0;32.0;-9.0;-71.0;19;9
19;169;156;-13;1.69544339999266;9;-37.0;180;Houborg et al. (2023);Experiment 2;Orientation;2;19;-37.0;55.0;-5.0;-46.0;20;9
19;151;153;2;1.0784765999997;10;18.0;181;Houborg et al. (2023);Experiment 2;Orientation;2;19;;;;;1;10
19;169;162;-7;1.96224180000718;10;-18.0;182;Houborg et al. (2023);Experiment 2;Orientation;2;19;;;;;2;10
19;13;12;-1;1.42851039998641;10;-24.0;183;Houborg et al. (2023);Experiment 2;Orientation;2;19;;;;;3;10
19;61;63;2;2.4962072000053;10;-48.0;184;Houborg et al. (2023);Experiment 2;Orientation;2;19;;;;;4;10
19;154;154;0;2.26250919999438;10;87.0;185;Houborg et al. (2023);Experiment 2;Orientation;2;19;87.0;39.0;15.0;-3.0;5;10
19;8;16;8;2.42924510000739;10;-34.0;186;Houborg et al. (2023);Experiment 2;Orientation;2;19;-34.0;53.0;5.0;-19.0;6;10
19;121;128;7;2.84628739999607;10;67.0;187;Houborg et al. (2023);Experiment 2;Orientation;2;19;67.0;33.0;-60.0;72.0;7;10
19;148;142;-6;1.87911920000624;10;-27.0;188;Houborg et al. (2023);Experiment 2;Orientation;2;19;-27.0;40.0;6.0;-87.0;8;10
19;46;39;-7;1.46200049998879;10;-78.0;189;Houborg et al. (2023);Experiment 2;Orientation;2;19;-78.0;75.0;-38.0;-72.0;9;10
19;107;105;-2;1.61203800000658;10;-61.0;190;Houborg et al. (2023);Experiment 2;Orientation;2;19;-61.0;41.0;14.0;81.0;10;10
19;146;124;-22;2.0456744999974;10;-39.0;191;Houborg et al. (2023);Experiment 2;Orientation;2;19;-39.0;80.0;2.0;-25.0;11;10
19;91;94;3;1.82900509999308;10;55.0;192;Houborg et al. (2023);Experiment 2;Orientation;2;19;55.0;16.0;-45.0;57.0;12;10
19;68;73;5;3.37926929999958;10;23.0;193;Houborg et al. (2023);Experiment 2;Orientation;2;19;23.0;78.0;39.0;-22.0;13;10
19;66;65;-1;2.99640160000126;10;2.0;194;Houborg et al. (2023);Experiment 2;Orientation;2;19;2.0;25.0;80.0;41.0;14;10
19;112;115;3;2.44619010000315;10;-46.0;195;Houborg et al. (2023);Experiment 2;Orientation;2;19;-46.0;-44.0;-21.0;34.0;15;10
19;86;78;-8;2.81315020000329;10;26.0;196;Houborg et al. (2023);Experiment 2;Orientation;2;19;26.0;-20.0;-18.0;5.0;16;10
19;101;112;11;2.46286810000311;10;-15.0;197;Houborg et al. (2023);Experiment 2;Orientation;2;19;-15.0;11.0;-35.0;-33.0;17;10
19;65;66;1;1.86210889999347;10;36.0;198;Houborg et al. (2023);Experiment 2;Orientation;2;19;36.0;21.0;47.0;1.0;18;10
19;88;82;-6;3.54701149999164;10;-23.0;199;Houborg et al. (2023);Experiment 2;Orientation;2;19;-23.0;13.0;-2.0;24.0;19;10
19;170;162;-8;1.86219809998875;10;-82.0;200;Houborg et al. (2023);Experiment 2;Orientation;2;19;-82.0;75.0;-69.0;-84.0;20;10
20;118;131;13;2.82971189997625;1;;1;Houborg et al. (2023);Experiment 2;Orientation;2;19;;;;;1;1
20;71;67;-4;6.69953340000939;1;47.0;2;Houborg et al. (2023);Experiment 2;Orientation;2;19;;;;;2;1
20;47;51;4;2.91292190004606;1;24.0;3;Houborg et al. (2023);Experiment 2;Orientation;2;19;;;;;3;1
20;137;145;8;3.24683790002018;1;-90.0;4;Houborg et al. (2023);Experiment 2;Orientation;2;19;;;;;4;1
20;140;136;-4;2.24581740004942;1;-3.0;5;Houborg et al. (2023);Experiment 2;Orientation;2;19;-3.0;87.0;-69.0;-22.0;5;1
20;107;125;18;2.46275710000191;1;33.0;6;Houborg et al. (2023);Experiment 2;Orientation;2;19;33.0;30.0;-60.0;-36.0;6;1
20;22;25;3;2.56286730000284;1;85.0;7;Houborg et al. (2023);Experiment 2;Orientation;2;19;85.0;-62.0;-65.0;25.0;7;1
20;18;23;5;2.21247000002768;1;4.0;8;Houborg et al. (2023);Experiment 2;Orientation;2;19;4.0;89.0;-58.0;-61.0;8;1
20;5;14;9;2.51269609993324;1;13.0;9;Houborg et al. (2023);Experiment 2;Orientation;2;19;13.0;17.0;-78.0;-45.0;9;1
20;10;22;12;2.34593500010669;1;-5.0;10;Houborg et al. (2023);Experiment 2;Orientation;2;19;-5.0;8.0;12.0;-83.0;10;1
20;84;70;-14;1.97864460002165;1;-74.0;11;Houborg et al. (2023);Experiment 2;Orientation;2;19;-74.0;-79.0;-66.0;-62.0;11;1
20;148;117;-31;2.7962898000842;1;-64.0;12;Houborg et al. (2023);Experiment 2;Orientation;2;19;-64.0;42.0;37.0;50.0;12;1
20;45;60;15;3.31332620000467;1;-77.0;13;Houborg et al. (2023);Experiment 2;Orientation;2;19;-77.0;39.0;-35.0;-40.0;13;1
20;21;30;9;2.82968490000349;1;24.0;14;Houborg et al. (2023);Experiment 2;Orientation;2;19;24.0;-53.0;63.0;-11.0;14;1
20;123;123;0;2.59619880001992;1;78.0;15;Houborg et al. (2023);Experiment 2;Orientation;2;19;78.0;-78.0;25.0;-39.0;15;1
20;33;35;2;2.07900000002701;1;90.0;16;Houborg et al. (2023);Experiment 2;Orientation;2;19;90.0;-12.0;12.0;-65.0;16;1
20;170;162;-8;2.54616199992597;1;43.0;17;Houborg et al. (2023);Experiment 2;Orientation;2;19;43.0;-47.0;31.0;55.0;17;1
20;100;107;7;2.46252880000975;1;70.0;18;Houborg et al. (2023);Experiment 2;Orientation;2;19;70.0;-67.0;23.0;-79.0;18;1
20;80;59;-21;1.97893779992592;1;20.0;19;Houborg et al. (2023);Experiment 2;Orientation;2;19;20.0;90.0;-47.0;43.0;19;1
20;86;101;15;3.58029640000314;1;-6.0;20;Houborg et al. (2023);Experiment 2;Orientation;2;19;-6.0;14.0;84.0;-53.0;20;1
20;92;103;11;2.77964530000463;2;-6.0;21;Houborg et al. (2023);Experiment 2;Orientation;2;19;;;;;1;2
20;9;22;13;2.1456698999973;2;83.0;22;Houborg et al. (2023);Experiment 2;Orientation;2;19;;;;;2;2
20;15;31;16;2.29583980003372;2;-6.0;23;Houborg et al. (2023);Experiment 2;Orientation;2;19;;;;;3;2
20;23;35;12;1.72876119997818;2;-8.0;24;Houborg et al. (2023);Experiment 2;Orientation;2;19;;;;;4;2
20;88;79;-9;3.28006259992253;2;-65.0;25;Houborg et al. (2023);Experiment 2;Orientation;2;19;-65.0;-73.0;-79.0;4.0;5;2
20;166;165;-1;2.74619790003635;2;-78.0;26;Houborg et al. (2023);Experiment 2;Orientation;2;19;-78.0;37.0;29.0;23.0;6;2
20;109;136;27;2.14578940009233;2;57.0;27;Houborg et al. (2023);Experiment 2;Orientation;2;19;57.0;-21.0;-86.0;86.0;7;2
20;66;42;-24;4.99813530000392;2;43.0;28;Houborg et al. (2023);Experiment 2;Orientation;2;19;43.0;-80.0;22.0;-43.0;8;2
20;129;128;-1;3.36328340007458;2;-63.0;29;Houborg et al. (2023);Experiment 2;Orientation;2;19;-63.0;-20.0;37.0;-41.0;9;2
20;153;156;3;2.82961869996507;2;-24.0;30;Houborg et al. (2023);Experiment 2;Orientation;2;19;-24.0;-87.0;-44.0;13.0;10;2
20;94;117;23;4.24746700003743;2;59.0;31;Houborg et al. (2023);Experiment 2;Orientation;2;19;59.0;35.0;-28.0;15.0;11;2
20;29;20;-9;2.82954290008638;2;65.0;32;Houborg et al. (2023);Experiment 2;Orientation;2;19;65.0;-56.0;-80.0;37.0;12;2
20;62;57;-5;1.36177009996027;2;-33.0;33;Houborg et al. (2023);Experiment 2;Orientation;2;19;-33.0;32.0;-89.0;67.0;13;2
20;38;42;4;3.07990100001916;2;24.0;34;Houborg et al. (2023);Experiment 2;Orientation;2;19;24.0;-9.0;56.0;-65.0;14;2
20;72;42;-30;2.9797367999563;2;-34.0;35;Houborg et al. (2023);Experiment 2;Orientation;2;19;-34.0;-10.0;-43.0;22.0;15;2
20;148;139;-9;2.21250570006669;2;-76.0;36;Houborg et al. (2023);Experiment 2;Orientation;2;19;-76.0;70.0;-86.0;61.0;16;2
20;178;10;12;2.128899000003;2;-30.0;37;Houborg et al. (2023);Experiment 2;Orientation;2;19;-30.0;74.0;40.0;64.0;17;2
20;88;65;-23;2.91306260006968;2;90.0;38;Houborg et al. (2023);Experiment 2;Orientation;2;19;90.0;60.0;-16.0;-50.0;18;2
20;174;168;-6;2.27912389999256;2;-86.0;39;Houborg et al. (2023);Experiment 2;Orientation;2;19;-86.0;4.0;-26.0;78.0;19;2
20;140;146;6;2.34584059996996;2;34.0;40;Houborg et al. (2023);Experiment 2;Orientation;2;19;34.0;-52.0;38.0;8.0;20;2
20;179;28;29;1.96215959999245;3;-39.0;41;Houborg et al. (2023);Experiment 2;Orientation;2;19;;;;;1;3
20;119;134;15;2.2794507999206;3;60.0;42;Houborg et al. (2023);Experiment 2;Orientation;2;19;;;;;2;3
20;157;153;-4;2.76282390009146;3;-38.0;43;Houborg et al. (2023);Experiment 2;Orientation;2;19;;;;;3;3
20;72;69;-3;3.53015880007297;3;85.0;44;Houborg et al. (2023);Experiment 2;Orientation;2;19;;;;;4;3
20;141;133;-8;2.82968259998597;3;-69.0;45;Houborg et al. (2023);Experiment 2;Orientation;2;19;-69.0;16.0;-22.0;38.0;5;3
20;34;50;16;3.06304150004871;3;-73.0;46;Houborg et al. (2023);Experiment 2;Orientation;2;19;-73.0;38.0;-57.0;85.0;6;3
20;144;143;-1;2.86302070005331;3;70.0;47;Houborg et al. (2023);Experiment 2;Orientation;2;19;70.0;-3.0;-72.0;13.0;7;3
20;125;143;18;3.86377469997387;3;19.0;48;Houborg et al. (2023);Experiment 2;Orientation;2;19;19.0;89.0;16.0;-53.0;8;3
20;170;150;-20;3.46348809998017;3;-45.0;49;Houborg et al. (2023);Experiment 2;Orientation;2;19;-45.0;-26.0;44.0;-29.0;9;3
20;49;51;2;3.27972160000354;3;-59.0;50;Houborg et al. (2023);Experiment 2;Orientation;2;19;-59.0;76.0;-85.0;-15.0;10;3
20;86;72;-14;2.62940620002337;3;-37.0;51;Houborg et al. (2023);Experiment 2;Orientation;2;19;-37.0;84.0;39.0;58.0;11;3
20;142;146;4;3.12994909996632;3;-56.0;52;Houborg et al. (2023);Experiment 2;Orientation;2;19;-56.0;87.0;28.0;-17.0;12;3
20;58;59;1;2.86310060007963;3;84.0;53;Houborg et al. (2023);Experiment 2;Orientation;2;19;84.0;28.0;-9.0;-68.0;13;3
20;41;83;42;2.29591459990479;3;17.0;54;Houborg et al. (2023);Experiment 2;Orientation;2;19;17.0;-79.0;45.0;8.0;14;3
20;67;61;-6;2.52916030003689;3;-26.0;55;Houborg et al. (2023);Experiment 2;Orientation;2;19;-26.0;-9.0;75.0;19.0;15;3
20;102;104;2;2.07908000005409;3;-35.0;56;Houborg et al. (2023);Experiment 2;Orientation;2;19;-35.0;-61.0;-44.0;40.0;16;3
20;35;64;29;2.99648359999992;3;67.0;57;Houborg et al. (2023);Experiment 2;Orientation;2;19;67.0;32.0;6.0;23.0;17;3
20;24;27;3;2.76274339994416;3;11.0;58;Houborg et al. (2023);Experiment 2;Orientation;2;19;11.0;78.0;43.0;17.0;18;3
20;14;38;24;4.94809660001192;3;10.0;59;Houborg et al. (2023);Experiment 2;Orientation;2;19;10.0;21.0;88.0;53.0;19;3
20;52;53;1;3.13013569999021;3;-38.0;60;Houborg et al. (2023);Experiment 2;Orientation;2;19;-38.0;-28.0;-17.0;50.0;20;3
20;79;72;-7;3.08000820002053;4;-27.0;61;Houborg et al. (2023);Experiment 2;Orientation;2;19;;;;;1;4
20;174;18;24;3.4468421000056;4;85.0;62;Houborg et al. (2023);Experiment 2;Orientation;2;19;;;;;2;4
20;56;42;-14;2.47923940001056;4;-62.0;63;Houborg et al. (2023);Experiment 2;Orientation;2;19;;;;;3;4
20;85;58;-27;4.11370590003207;4;-29.0;64;Houborg et al. (2023);Experiment 2;Orientation;2;19;;;;;4;4
20;161;149;-12;2.1289412000915;4;-76.0;65;Houborg et al. (2023);Experiment 2;Orientation;2;19;-76.0;75.0;13.0;-82.0;5;4
20;160;153;-7;1.86215529998299;4;1.0;66;Houborg et al. (2023);Experiment 2;Orientation;2;19;1.0;-75.0;76.0;14.0;6;4
20;144;148;4;2.76286490005441;4;16.0;67;Houborg et al. (2023);Experiment 2;Orientation;2;19;16.0;17.0;-59.0;-88.0;7;4
20;30;24;-6;2.69615399988834;4;-66.0;68;Houborg et al. (2023);Experiment 2;Orientation;2;19;-66.0;-50.0;-49.0;55.0;8;4
20;25;27;2;2.57921700004954;4;5.0;69;Houborg et al. (2023);Experiment 2;Orientation;2;19;5.0;-61.0;-45.0;-44.0;9;4
20;110;153;43;3.12976360006724;4;-85.0;70;Houborg et al. (2023);Experiment 2;Orientation;2;19;-85.0;-80.0;34.0;50.0;10;4
20;109;126;17;3.79720450006425;4;1.0;71;Houborg et al. (2023);Experiment 2;Orientation;2;19;1.0;-84.0;-79.0;35.0;11;4
20;68;68;0;3.5467252000235;4;41.0;72;Houborg et al. (2023);Experiment 2;Orientation;2;19;41.0;42.0;-43.0;-38.0;12;4
20;165;159;-6;2.07904910005163;4;83.0;73;Houborg et al. (2023);Experiment 2;Orientation;2;19;83.0;-56.0;-55.0;40.0;13;4
20;4;25;21;2.81301729998086;4;-19.0;74;Houborg et al. (2023);Experiment 2;Orientation;2;19;-19.0;64.0;-75.0;-74.0;14;4
20;71;55;-16;2.27907150005922;4;-67.0;75;Houborg et al. (2023);Experiment 2;Orientation;2;19;-67.0;-86.0;-3.0;38.0;15;4
20;72;63;-9;2.41299410001375;4;-1.0;76;Houborg et al. (2023);Experiment 2;Orientation;2;19;-1.0;-68.0;-87.0;-4.0;16;4
20;15;29;14;3.09657870000228;4;57.0;77;Houborg et al. (2023);Experiment 2;Orientation;2;19;57.0;56.0;-11.0;-30.0;17;4
20;64;55;-9;2.11243460001424;4;-49.0;78;Houborg et al. (2023);Experiment 2;Orientation;2;19;-49.0;8.0;7.0;-60.0;18;4
20;4;26;22;3.81375179998577;4;60.0;79;Houborg et al. (2023);Experiment 2;Orientation;2;19;60.0;11.0;68.0;67.0;19;4
20;88;92;4;2.56269110005815;4;-84.0;80;Houborg et al. (2023);Experiment 2;Orientation;2;19;-84.0;-24.0;-73.0;-16.0;20;4
20;97;107;10;2.5294427999761;5;-9.0;81;Houborg et al. (2023);Experiment 2;Orientation;2;19;;;;;1;5
20;159;151;-8;2.64623389998451;5;-62.0;82;Houborg et al. (2023);Experiment 2;Orientation;2;19;;;;;2;5
20;87;70;-17;1.92887479998171;5;72.0;83;Houborg et al. (2023);Experiment 2;Orientation;2;19;;;;;3;5
20;54;41;-13;2.47934720001649;5;33.0;84;Houborg et al. (2023);Experiment 2;Orientation;2;19;;;;;4;5
20;161;150;-11;3.44692539994139;5;73.0;85;Houborg et al. (2023);Experiment 2;Orientation;2;19;73.0;-74.0;-2.0;-64.0;5;5
20;156;165;9;2.31245860003401;5;5.0;86;Houborg et al. (2023);Experiment 2;Orientation;2;19;5.0;78.0;-69.0;3.0;6;5
20;86;102;16;2.62938670010772;5;70.0;87;Houborg et al. (2023);Experiment 2;Orientation;2;19;70.0;75.0;-32.0;1.0;7;5
20;59;43;-16;1.34502540004905;5;27.0;88;Houborg et al. (2023);Experiment 2;Orientation;2;19;27.0;-83.0;-78.0;-5.0;8;5
20;51;39;-12;2.2458322000457;5;8.0;89;Houborg et al. (2023);Experiment 2;Orientation;2;19;8.0;35.0;-75.0;-70.0;9;5
20;124;142;18;3.3633850000333;5;-73.0;90;Houborg et al. (2023);Experiment 2;Orientation;2;19;-73.0;-65.0;-38.0;32.0;10;5
20;159;25;46;3.69688910001423;5;-35.0;91;Houborg et al. (2023);Experiment 2;Orientation;2;19;-35.0;72.0;80.0;-73.0;11;5
20;8;31;23;2.51277730008587;5;-29.0;92;Houborg et al. (2023);Experiment 2;Orientation;2;19;-29.0;-64.0;43.0;51.0;12;5
20;11;21;10;3.64711419993546;5;-3.0;93;Houborg et al. (2023);Experiment 2;Orientation;2;19;-3.0;-32.0;-67.0;40.0;13;5
20;130;119;-11;4.09732159995474;5;61.0;94;Houborg et al. (2023);Experiment 2;Orientation;2;19;61.0;58.0;29.0;-6.0;14;5
20;131;138;7;2.69607129995711;5;-1.0;95;Houborg et al. (2023);Experiment 2;Orientation;2;19;-1.0;60.0;57.0;28.0;15;5
20;97;83;-14;2.67931100004353;5;34.0;96;Houborg et al. (2023);Experiment 2;Orientation;2;19;34.0;33.0;-86.0;-89.0;16;5
20;169;162;-7;2.7795688000042;5;-72.0;97;Houborg et al. (2023);Experiment 2;Orientation;2;19;-72.0;-38.0;-39.0;22.0;17;5
20;145;147;2;1.41176679998171;5;24.0;98;Houborg et al. (2023);Experiment 2;Orientation;2;19;24.0;-48.0;-14.0;-15.0;18;5
20;40;30;-10;2.74626980000176;5;-75.0;99;Houborg et al. (2023);Experiment 2;Orientation;2;19;-75.0;-51.0;57.0;-89.0;19;5
20;85;72;-13;3.29671889997553;5;-45.0;100;Houborg et al. (2023);Experiment 2;Orientation;2;19;-45.0;60.0;84.0;12.0;20;5
20;41;53;12;4.71443719998933;6;44.0;101;Houborg et al. (2023);Experiment 2;Orientation;2;19;;;;;1;6
20;74;64;-10;2.87968619994354;6;-33.0;102;Houborg et al. (2023);Experiment 2;Orientation;2;19;;;;;2;6
20;156;146;-10;3.44687220000196;6;-82.0;103;Houborg et al. (2023);Experiment 2;Orientation;2;19;;;;;3;6
20;84;98;14;3.0965194000164;6;72.0;104;Houborg et al. (2023);Experiment 2;Orientation;2;19;;;;;4;6
20;108;122;14;2.62944200006314;6;-24.0;105;Houborg et al. (2023);Experiment 2;Orientation;2;19;-24.0;48.0;-34.0;-67.0;5;6
20;56;45;-11;3.06320740003139;6;52.0;106;Houborg et al. (2023);Experiment 2;Orientation;2;19;52.0;28.0;-80.0;18.0;6;6
20;20;30;10;3.06307600007858;6;36.0;107;Houborg et al. (2023);Experiment 2;Orientation;2;19;36.0;88.0;64.0;-44.0;7;6
20;176;164;-12;2.79640479991212;6;24.0;108;Houborg et al. (2023);Experiment 2;Orientation;2;19;24.0;60.0;-68.0;88.0;8;6
20;109;113;4;3.27982599998359;6;67.0;109;Houborg et al. (2023);Experiment 2;Orientation;2;19;67.0;-89.0;-53.0;-1.0;9;6
20;96;134;38;2.06225600000471;6;13.0;110;Houborg et al. (2023);Experiment 2;Orientation;2;19;13.0;80.0;-76.0;-40.0;10;6
20;65;56;-9;2.32914779998828;6;31.0;111;Houborg et al. (2023);Experiment 2;Orientation;2;19;31.0;44.0;-69.0;-45.0;11;6
20;102;115;13;2.21258679998573;6;-37.0;112;Houborg et al. (2023);Experiment 2;Orientation;2;19;-37.0;-6.0;7.0;74.0;12;6
20;66;53;-13;2.27916689997073;6;36.0;113;Houborg et al. (2023);Experiment 2;Orientation;2;19;36.0;-1.0;30.0;43.0;13;6
20;73;71;-2;2.62943159998395;6;-7.0;114;Houborg et al. (2023);Experiment 2;Orientation;2;19;-7.0;29.0;-8.0;23.0;14;6
20;109;120;11;3.12992259999737;6;-36.0;115;Houborg et al. (2023);Experiment 2;Orientation;2;19;-36.0;-43.0;-7.0;-44.0;15;6
20;147;153;6;3.27999429998454;6;-38.0;116;Houborg et al. (2023);Experiment 2;Orientation;2;19;-38.0;-74.0;-81.0;-45.0;16;6
20;149;134;-15;2.49607420002576;6;-2.0;117;Houborg et al. (2023);Experiment 2;Orientation;2;19;-2.0;-40.0;-76.0;-83.0;17;6
20;21;29;8;2.94630670000333;6;-52.0;118;Houborg et al. (2023);Experiment 2;Orientation;2;19;-52.0;-54.0;88.0;52.0;18;6
20;127;122;-5;3.09657920000609;6;74.0;119;Houborg et al. (2023);Experiment 2;Orientation;2;19;74.0;22.0;20.0;-18.0;19;6
20;79;109;30;3.39686800003983;6;48.0;120;Houborg et al. (2023);Experiment 2;Orientation;2;19;48.0;-58.0;70.0;68.0;20;6
20;145;127;-18;2.6628395000007;7;-66.0;121;Houborg et al. (2023);Experiment 2;Orientation;2;19;;;;;1;7
20;38;53;15;1.7120375999948;7;-73.0;122;Houborg et al. (2023);Experiment 2;Orientation;2;19;;;;;2;7
20;106;117;11;2.32913819991518;7;-68.0;123;Houborg et al. (2023);Experiment 2;Orientation;2;19;;;;;3;7
20;73;69;-4;3.5635229999898;7;33.0;124;Houborg et al. (2023);Experiment 2;Orientation;2;19;;;;;4;7
20;127;125;-2;2.62951009999961;7;-54.0;125;Houborg et al. (2023);Experiment 2;Orientation;2;19;-54.0;-21.0;-89.0;18.0;5;7
20;21;35;14;2.97985359991435;7;-74.0;126;Houborg et al. (2023);Experiment 2;Orientation;2;19;-74.0;52.0;85.0;17.0;6;7
20;162;161;-1;2.66276480001397;7;39.0;127;Houborg et al. (2023);Experiment 2;Orientation;2;19;39.0;-35.0;-89.0;-56.0;7;7
20;58;52;-6;2.32879680010956;7;-76.0;128;Houborg et al. (2023);Experiment 2;Orientation;2;19;-76.0;-37.0;69.0;15.0;8;7
20;52;64;12;2.46260939992499;7;6.0;129;Houborg et al. (2023);Experiment 2;Orientation;2;19;6.0;-70.0;-31.0;75.0;9;7
20;142;148;6;2.16243290004786;7;-90.0;130;Houborg et al. (2023);Experiment 2;Orientation;2;19;90.0;-84.0;20.0;59.0;10;7
20;132;134;2;2.74608390009962;7;10.0;131;Houborg et al. (2023);Experiment 2;Orientation;2;19;10.0;-80.0;-74.0;30.0;11;7
20;147;35;68;2.86297340004239;7;-15.0;132;Houborg et al. (2023);Experiment 2;Orientation;2;19;-15.0;-5.0;85.0;-89.0;12;7
20;157;161;4;2.7294543000171;7;-10.0;133;Houborg et al. (2023);Experiment 2;Orientation;2;19;-10.0;-25.0;-15.0;75.0;13;7
20;52;55;3;3.19660120003391;7;-75.0;134;Houborg et al. (2023);Experiment 2;Orientation;2;19;-75.0;-85.0;80.0;90.0;14;7
20;145;165;20;2.54613849997986;7;87.0;135;Houborg et al. (2023);Experiment 2;Orientation;2;19;87.0;12.0;2.0;-13.0;15;7
20;95;94;-1;2.81291390000843;7;50.0;136;Houborg et al. (2023);Experiment 2;Orientation;2;19;50.0;-43.0;62.0;52.0;16;7
20;122;132;10;2.36247530009132;7;-27.0;137;Houborg et al. (2023);Experiment 2;Orientation;2;19;-27.0;23.0;-70.0;35.0;17;7
20;58;73;15;2.27920379990246;7;64.0;138;Houborg et al. (2023);Experiment 2;Orientation;2;19;64.0;37.0;87.0;-6.0;18;7
20;98;98;0;2.8127902999986;7;-40.0;139;Houborg et al. (2023);Experiment 2;Orientation;2;19;-40.0;24.0;-3.0;47.0;19;7
20;39;43;4;3.53012909996323;7;59.0;140;Houborg et al. (2023);Experiment 2;Orientation;2;19;59.0;19.0;83.0;56.0;20;7
20;104;58;-46;2.86304070008919;8;-65.0;141;Houborg et al. (2023);Experiment 2;Orientation;2;19;;;;;1;8
20;122;126;4;2.97971660003532;8;-18.0;142;Houborg et al. (2023);Experiment 2;Orientation;2;19;;;;;2;8
20;51;63;12;2.27925370004959;8;71.0;143;Houborg et al. (2023);Experiment 2;Orientation;2;19;;;;;3;8
20;13;29;16;2.24582019995432;8;38.0;144;Houborg et al. (2023);Experiment 2;Orientation;2;19;;;;;4;8
20;69;75;6;2.61278900003526;8;-56.0;145;Houborg et al. (2023);Experiment 2;Orientation;2;19;-56.0;-18.0;53.0;35.0;5;8
20;172;149;-23;2.44600340002216;8;77.0;146;Houborg et al. (2023);Experiment 2;Orientation;2;19;77.0;21.0;59.0;-50.0;6;8
20;173;14;21;2.42936549999285;8;-1.0;147;Houborg et al. (2023);Experiment 2;Orientation;2;19;-1.0;76.0;20.0;58.0;7;8
20;23;31;8;2.3458259999752;8;-30.0;148;Houborg et al. (2023);Experiment 2;Orientation;2;19;-30.0;-31.0;46.0;-10.0;8;8
20;14;21;7;2.42941750003956;8;9.0;149;Houborg et al. (2023);Experiment 2;Orientation;2;19;9.0;-21.0;-22.0;55.0;9;8
20;42;58;16;3.17997019994073;8;-28.0;150;Houborg et al. (2023);Experiment 2;Orientation;2;19;-28.0;-19.0;-49.0;-50.0;10;8
20;160;146;-14;2.46264629997313;8;62.0;151;Houborg et al. (2023);Experiment 2;Orientation;2;19;62.0;34.0;43.0;13.0;11;8
20;24;146;-58;5.23161090002395;8;-44.0;152;Houborg et al. (2023);Experiment 2;Orientation;2;19;-44.0;18.0;-10.0;-1.0;12;8
20;176;169;-7;2.07887209998444;8;28.0;153;Houborg et al. (2023);Experiment 2;Orientation;2;19;28.0;-16.0;46.0;18.0;13;8
20;142;155;13;1.97902230010368;8;34.0;154;Houborg et al. (2023);Experiment 2;Orientation;2;19;34.0;62.0;18.0;80.0;14;8
20;27;40;13;2.36249840003438;8;-65.0;155;Houborg et al. (2023);Experiment 2;Orientation;2;19;-65.0;-31.0;-3.0;-47.0;15;8
20;125;123;-2;2.16238160000648;8;82.0;156;Houborg et al. (2023);Experiment 2;Orientation;2;19;82.0;17.0;51.0;79.0;16;8
20;114;101;-13;2.41235599992797;8;11.0;157;Houborg et al. (2023);Experiment 2;Orientation;2;19;11.0;-87.0;28.0;62.0;17;8
20;21;24;3;1.84550890000537;8;-87.0;158;Houborg et al. (2023);Experiment 2;Orientation;2;19;-87.0;-76.0;6.0;-59.0;18;8
20;8;25;17;1.57866749993991;8;13.0;159;Houborg et al. (2023);Experiment 2;Orientation;2;19;13.0;-74.0;-63.0;19.0;19;8
20;34;40;6;1.84539360005874;8;-26.0;160;Houborg et al. (2023);Experiment 2;Orientation;2;19;-26.0;-13.0;80.0;-89.0;20;8
20;38;44;6;2.0456370000029;9;-4.0;161;Houborg et al. (2023);Experiment 2;Orientation;2;19;;;;;1;9
20;3;175;-8;3.21328680007719;9;35.0;162;Houborg et al. (2023);Experiment 2;Orientation;2;19;;;;;2;9
20;141;132;-9;2.21252509998158;9;42.0;163;Houborg et al. (2023);Experiment 2;Orientation;2;19;;;;;3;9
20;71;43;-28;2.3626334000146;9;70.0;164;Houborg et al. (2023);Experiment 2;Orientation;2;19;;;;;4;9
20;38;119;81;4.03100169997197;9;33.0;165;Houborg et al. (2023);Experiment 2;Orientation;2;19;33.0;-77.0;-35.0;0.0;5;9
20;132;137;5;2.36243750003632;9;86.0;166;Houborg et al. (2023);Experiment 2;Orientation;2;19;86.0;-61.0;9.0;51.0;6;9
20;79;72;-7;1.39516840002034;9;53.0;167;Houborg et al. (2023);Experiment 2;Orientation;2;19;53.0;-41.0;-8.0;62.0;7;9
20;145;127;-18;2.31248199997935;9;-66.0;168;Houborg et al. (2023);Experiment 2;Orientation;2;19;-66.0;-13.0;73.0;-74.0;8;9
20;116;109;-7;2.41274379997049;9;29.0;169;Houborg et al. (2023);Experiment 2;Orientation;2;19;29.0;-37.0;16.0;-78.0;9;9
20;28;34;6;2.09557220002171;9;88.0;170;Houborg et al. (2023);Experiment 2;Orientation;2;19;88.0;-63.0;51.0;-76.0;10;9
20;27;26;-1;2.54610380006488;9;1.0;171;Houborg et al. (2023);Experiment 2;Orientation;2;19;1.0;89.0;-62.0;52.0;11;9
20;163;150;-13;2.41267280001193;9;44.0;172;Houborg et al. (2023);Experiment 2;Orientation;2;19;44.0;45.0;-47.0;-18.0;12;9
20;123;130;7;2.31264150002971;9;40.0;173;Houborg et al. (2023);Experiment 2;Orientation;2;19;40.0;84.0;85.0;-7.0;13;9
20;48;59;11;2.36249189998489;9;75.0;174;Houborg et al. (2023);Experiment 2;Orientation;2;19;75.0;-65.0;-21.0;-20.0;14;9
20;139;153;14;1.66201109997928;9;89.0;175;Houborg et al. (2023);Experiment 2;Orientation;2;19;89.0;-16.0;24.0;68.0;15;9
20;67;55;-12;2.9464007000206;9;72.0;176;Houborg et al. (2023);Experiment 2;Orientation;2;19;72.0;-19.0;56.0;-84.0;16;9
20;89;86;-3;2.74606569996104;9;-22.0;177;Houborg et al. (2023);Experiment 2;Orientation;2;19;-22.0;50.0;-41.0;34.0;17;9
20;138;130;-8;2.37918749998789;9;-49.0;178;Houborg et al. (2023);Experiment 2;Orientation;2;19;-49.0;-71.0;1.0;90.0;18;9
20;62;76;14;2.92970979993697;9;76.0;179;Houborg et al. (2023);Experiment 2;Orientation;2;19;76.0;27.0;5.0;77.0;19;9
20;66;65;-1;2.64622029999737;9;-4.0;180;Houborg et al. (2023);Experiment 2;Orientation;2;19;-4.0;72.0;23.0;1.0;20;9
20;103;112;9;2.26258040009998;10;-37.0;181;Houborg et al. (2023);Experiment 2;Orientation;2;19;;;;;1;10
20;162;130;-32;2.41255920007825;10;-59.0;182;Houborg et al. (2023);Experiment 2;Orientation;2;19;;;;;2;10
20;137;128;-9;2.14550290000625;10;25.0;183;Houborg et al. (2023);Experiment 2;Orientation;2;19;;;;;3;10
20;152;158;6;2.69609049998689;10;-15.0;184;Houborg et al. (2023);Experiment 2;Orientation;2;19;;;;;4;10
20;148;155;7;2.41266909998376;10;4.0;185;Houborg et al. (2023);Experiment 2;Orientation;2;19;4.0;-11.0;14.0;-45.0;5;10
20;117;129;12;2.12885290000122;10;31.0;186;Houborg et al. (2023);Experiment 2;Orientation;2;19;31.0;35.0;20.0;45.0;6;10
20;28;56;28;2.71278000005987;10;89.0;187;Houborg et al. (2023);Experiment 2;Orientation;2;19;89.0;-60.0;-56.0;-71.0;7;10
20;119;123;4;2.89621979999356;10;89.0;188;Houborg et al. (2023);Experiment 2;Orientation;2;19;89.0;-2.0;29.0;33.0;8;10
20;156;152;-4;2.57949569995981;10;-37.0;189;Houborg et al. (2023);Experiment 2;Orientation;2;19;-37.0;52.0;-39.0;-8.0;9;10
20;151;154;3;2.72956560004968;10;5.0;190;Houborg et al. (2023);Experiment 2;Orientation;2;19;5.0;-32.0;57.0;-34.0;10;10
20;97;111;14;2.07904610002879;10;54.0;191;Houborg et al. (2023);Experiment 2;Orientation;2;19;54.0;59.0;22.0;-69.0;11;10
20;175;16;21;2.09567469998728;10;-78.0;192;Houborg et al. (2023);Experiment 2;Orientation;2;19;-78.0;-24.0;-19.0;-56.0;12;10
20;90;81;-9;3.53016379999463;10;85.0;193;Houborg et al. (2023);Experiment 2;Orientation;2;19;85.0;7.0;61.0;66.0;13;10
20;52;51;-1;2.06218090001494;10;38.0;194;Houborg et al. (2023);Experiment 2;Orientation;2;19;38.0;-57.0;45.0;-81.0;14;10
20;163;26;43;2.59613540000282;10;69.0;195;Houborg et al. (2023);Experiment 2;Orientation;2;19;69.0;-73.0;12.0;-66.0;15;10
20;73;66;-7;2.27914349990897;10;90.0;196;Houborg et al. (2023);Experiment 2;Orientation;2;19;90.0;-21.0;17.0;-78.0;16;10
20;49;48;-1;2.59615920006763;10;24.0;197;Houborg et al. (2023);Experiment 2;Orientation;2;19;24.0;-66.0;3.0;41.0;17;10
20;136;132;-4;2.57946949999314;10;-87.0;198;Houborg et al. (2023);Experiment 2;Orientation;2;19;-87.0;-63.0;27.0;-84.0;18;10
20;103;96;-7;2.24579600000288;10;33.0;199;Houborg et al. (2023);Experiment 2;Orientation;2;19;33.0;-54.0;-30.0;60.0;19;10
20;22;35;13;2.62953010003548;10;81.0;200;Houborg et al. (2023);Experiment 2;Orientation;2;19;81.0;-66.0;27.0;51.0;20;10
22;174;166;-8;1.65317140001571;1;;1;Houborg et al. (2023);Experiment 2;Orientation;2;19;;;;;1;1
22;99;103;4;1.6370106000104;1;75.0;2;Houborg et al. (2023);Experiment 2;Orientation;2;19;;;;;2;1
22;172;175;3;2.35208530002274;1;-73.0;3;Houborg et al. (2023);Experiment 2;Orientation;2;19;;;;;3;1
22;89;86;-3;1.90260289999424;1;83.0;4;Houborg et al. (2023);Experiment 2;Orientation;2;19;;;;;4;1
22;50;60;10;4.37084220000543;1;39.0;5;Houborg et al. (2023);Experiment 2;Orientation;2;19;39.0;-58.0;49.0;-56.0;5;1
22;139;149;10;2.71955679997336;1;-89.0;6;Houborg et al. (2023);Experiment 2;Orientation;2;19;-89.0;-50.0;33.0;-40.0;6;1
22;15;22;7;1.57055459998082;1;-56.0;7;Houborg et al. (2023);Experiment 2;Orientation;2;19;-56.0;35.0;74.0;-23.0;7;1
22;126;146;20;2.13617109996267;1;69.0;8;Houborg et al. (2023);Experiment 2;Orientation;2;19;69.0;13.0;-76.0;-37.0;8;1
22;129;148;19;1.80366229999345;1;-3.0;9;Houborg et al. (2023);Experiment 2;Orientation;2;19;-3.0;66.0;10.0;-79.0;9;1
22;41;29;-12;3.23681919998489;1;88.0;10;Houborg et al. (2023);Experiment 2;Orientation;2;19;88.0;85.0;-26.0;-82.0;10;1
22;30;21;-9;2.9863941000076;1;11.0;11;Houborg et al. (2023);Experiment 2;Orientation;2;19;11.0;-81.0;-84.0;-15.0;11;1
22;60;53;-7;1.70348620001459;1;-30.0;12;Houborg et al. (2023);Experiment 2;Orientation;2;19;-30.0;-19.0;69.0;66.0;12;1
22;11;78;67;3.23653370002285;1;49.0;13;Houborg et al. (2023);Experiment 2;Orientation;2;19;49.0;19.0;30.0;-62.0;13;1
22;165;163;-2;1.7858913000091;1;26.0;14;Houborg et al. (2023);Experiment 2;Orientation;2;19;26.0;75.0;45.0;56.0;14;1
22;108;108;0;1.73629959998652;1;57.0;15;Houborg et al. (2023);Experiment 2;Orientation;2;19;57.0;83.0;-48.0;-78.0;15;1
22;49;47;-2;1.76973290002206;1;59.0;16;Houborg et al. (2023);Experiment 2;Orientation;2;19;59.0;-64.0;-38.0;11.0;16;1
22;158;152;-6;1.38633020000998;1;71.0;17;Houborg et al. (2023);Experiment 2;Orientation;2;19;71.0;-50.0;7.0;33.0;17;1
22;61;175;-66;1.38588309998158;1;-83.0;18;Houborg et al. (2023);Experiment 2;Orientation;2;19;-83.0;-12.0;47.0;-76.0;18;1
22;76;50;-26;1.61971839994658;1;-15.0;19;Houborg et al. (2023);Experiment 2;Orientation;2;19;-15.0;82.0;-27.0;32.0;19;1
22;148;138;-10;1.30303290003212;1;-72.0;20;Houborg et al. (2023);Experiment 2;Orientation;2;19;-72.0;-87.0;10.0;81.0;20;1
22;26;22;-4;1.93599220004398;2;-58.0;21;Houborg et al. (2023);Experiment 2;Orientation;2;19;;;;;1;2
22;32;27;-5;2.03662879997864;2;-6.0;22;Houborg et al. (2023);Experiment 2;Orientation;2;19;;;;;2;2
22;30;33;3;1.26967339997645;2;2.0;23;Houborg et al. (2023);Experiment 2;Orientation;2;19;;;;;3;2
22;13;20;7;1.80323830002453;2;17.0;24;Houborg et al. (2023);Experiment 2;Orientation;2;19;;;;;4;2
22;82;80;-2;1.45373760000803;2;-69.0;25;Houborg et al. (2023);Experiment 2;Orientation;2;19;-69.0;-52.0;-50.0;-56.0;5;2
22;139;151;12;1.50247989996569;2;-57.0;26;Houborg et al. (2023);Experiment 2;Orientation;2;19;-57.0;54.0;71.0;73.0;6;2
22;57;50;-7;1.03586290002568;2;82.0;27;Houborg et al. (2023);Experiment 2;Orientation;2;19;82.0;25.0;-44.0;-27.0;7;2
22;117;89;-28;1.62037580000469;2;-60.0;28;Houborg et al. (2023);Experiment 2;Orientation;2;19;-60.0;22.0;-35.0;76.0;8;2
22;70;48;-22;1.36986969999271;2;47.0;29;Houborg et al. (2023);Experiment 2;Orientation;2;19;47.0;-13.0;69.0;12.0;9;2
22;2;168;-14;2.31963209999958;2;68.0;30;Houborg et al. (2023);Experiment 2;Orientation;2;19;68.0;-65.0;55.0;-43.0;10;2
22;157;153;-4;2.00348100002157;2;25.0;31;Houborg et al. (2023);Experiment 2;Orientation;2;19;25.0;-87.0;-40.0;80.0;11;2
22;107;145;38;2.88863890001085;2;50.0;32;Houborg et al. (2023);Experiment 2;Orientation;2;19;50.0;75.0;-37.0;10.0;12;2
22;51;39;-12;1.62023959995713;2;56.0;33;Houborg et al. (2023);Experiment 2;Orientation;2;19;56.0;-74.0;-49.0;19.0;13;2
22;19;17;-2;2.93577380001079;2;32.0;34;Houborg et al. (2023);Experiment 2;Orientation;2;19;32.0;88.0;-42.0;-17.0;14;2
22;15;178;-17;1.43642220000038;2;4.0;35;Houborg et al. (2023);Experiment 2;Orientation;2;19;4.0;36.0;-88.0;-38.0;15;2
22;13;13;0;1.26986329996726;2;2.0;36;Houborg et al. (2023);Experiment 2;Orientation;2;19;2.0;6.0;38.0;-86.0;16;2
22;112;60;-52;2.78668049996486;2;81.0;37;Houborg et al. (2023);Experiment 2;Orientation;2;19;81.0;83.0;87.0;-61.0;17;2
22;110;109;-1;1.83613059995696;2;2.0;38;Houborg et al. (2023);Experiment 2;Orientation;2;19;2.0;83.0;85.0;89.0;18;2
22;172;4;12;1.5017296000151;2;-62.0;39;Houborg et al. (2023);Experiment 2;Orientation;2;19;-62.0;-60.0;21.0;23.0;19;2
22;128;155;27;1.00327849999303;2;44.0;40;Houborg et al. (2023);Experiment 2;Orientation;2;19;44.0;-18.0;-16.0;65.0;20;2
22;54;37;-17;1.40303640003549;3;74.0;41;Houborg et al. (2023);Experiment 2;Orientation;2;19;;;;;1;3
22;15;22;7;8.18620629998622;3;39.0;42;Houborg et al. (2023);Experiment 2;Orientation;2;19;;;;;2;3
22;116;138;22;1.85268859995995;3;79.0;43;Houborg et al. (2023);Experiment 2;Orientation;2;19;;;;;3;3
22;106;105;-1;2.06862090004142;3;10.0;44;Houborg et al. (2023);Experiment 2;Orientation;2;19;;;;;4;3
22;40;31;-9;1.76875669998117;3;66.0;45;Houborg et al. (2023);Experiment 2;Orientation;2;19;66.0;76.0;-25.0;14.0;5;3
22;120;174;54;4.68578299996443;3;-80.0;46;Houborg et al. (2023);Experiment 2;Orientation;2;19;-80.0;-14.0;-4.0;75.0;6;3
22;174;173;-1;1.23717410000972;3;-54.0;47;Houborg et al. (2023);Experiment 2;Orientation;2;19;-54.0;46.0;-68.0;-58.0;7;3
22;46;17;-29;1.80257609998807;3;-52.0;48;Houborg et al. (2023);Experiment 2;Orientation;2;19;-52.0;74.0;-6.0;60.0;8;3
22;82;85;3;2.48647469998104;3;-36.0;49;Houborg et al. (2023);Experiment 2;Orientation;2;19;-36.0;-88.0;38.0;-42.0;9;3
22;150;157;7;1.80255369999213;3;-68.0;50;Houborg et al. (2023);Experiment 2;Orientation;2;19;-68.0;76.0;24.0;-30.0;10;3
22;130;130;0;1.30281480000122;3;20.0;51;Houborg et al. (2023);Experiment 2;Orientation;2;19;20.0;-48.0;-84.0;44.0;11;3
22;33;20;-13;1.48627160000615;3;-83.0;52;Houborg et al. (2023);Experiment 2;Orientation;2;19;-83.0;-63.0;49.0;13.0;12;3
22;92;91;-1;1.63679719995707;3;-59.0;53;Houborg et al. (2023);Experiment 2;Orientation;2;19;-59.0;38.0;58.0;-10.0;13;3
22;70;61;-9;1.33552590000909;3;22.0;54;Houborg et al. (2023);Experiment 2;Orientation;2;19;22.0;-37.0;60.0;80.0;14;3
22;20;171;-29;1.90321820002282;3;50.0;55;Houborg et al. (2023);Experiment 2;Orientation;2;19;50.0;72.0;13.0;-70.0;15;3
22;23;11;-12;1.65290590003133;3;-3.0;56;Houborg et al. (2023);Experiment 2;Orientation;2;19;-3.0;47.0;69.0;10.0;16;3
22;171;4;13;1.08616330003133;3;32.0;57;Houborg et al. (2023);Experiment 2;Orientation;2;19;32.0;29.0;79.0;-79.0;17;3
22;116;159;43;1.28858680004487;3;55.0;58;Houborg et al. (2023);Experiment 2;Orientation;2;19;55.0;87.0;84.0;-46.0;18;3
22;167;158;-9;2.80268400005298;3;-51.0;59;Houborg et al. (2023);Experiment 2;Orientation;2;19;-51.0;4.0;36.0;33.0;19;3
22;61;54;-7;3.45305889996234;3;-74.0;60;Houborg et al. (2023);Experiment 2;Orientation;2;19;-74.0;55.0;-70.0;-38.0;20;3
22;25;14;-11;1.67039509996539;4;36.0;61;Houborg et al. (2023);Experiment 2;Orientation;2;19;;;;;1;4
22;11;2;-9;1.45288509997772;4;14.0;62;Houborg et al. (2023);Experiment 2;Orientation;2;19;;;;;2;4
22;113;136;23;1.45324490003986;4;78.0;63;Houborg et al. (2023);Experiment 2;Orientation;2;19;;;;;3;4
22;144;142;-2;0.752937400015071;4;-31.0;64;Houborg et al. (2023);Experiment 2;Orientation;2;19;;;;;4;4
22;154;167;13;1.58722600003239;4;-10.0;65;Houborg et al. (2023);Experiment 2;Orientation;2;19;-10.0;-41.0;37.0;51.0;5;4
22;133;152;19;1.26960699999472;4;21.0;66;Houborg et al. (2023);Experiment 2;Orientation;2;19;21.0;11.0;-20.0;58.0;6;4
22;16;14;-2;1.78632780001499;4;-63.0;67;Houborg et al. (2023);Experiment 2;Orientation;2;19;-63.0;-42.0;-52.0;-83.0;7;4
22;109;124;15;2.05247799999779;4;87.0;68;Houborg et al. (2023);Experiment 2;Orientation;2;19;87.0;24.0;45.0;35.0;8;4
22;90;73;-17;0.870372500037774;4;19.0;69;Houborg et al. (2023);Experiment 2;Orientation;2;19;19.0;-74.0;43.0;64.0;9;4
22;74;64;-10;0.886681400006637;4;16.0;70;Houborg et al. (2023);Experiment 2;Orientation;2;19;16.0;35.0;-58.0;59.0;10;4
22;162;10;28;4.76996859995415;4;-88.0;71;Houborg et al. (2023);Experiment 2;Orientation;2;19;-88.0;-72.0;-53.0;34.0;11;4
22;15;11;-4;1.52019040001323;4;-33.0;72;Houborg et al. (2023);Experiment 2;Orientation;2;19;-33.0;59.0;75.0;-86.0;12;4
22;45;19;-26;1.48576919996412;4;-30.0;73;Houborg et al. (2023);Experiment 2;Orientation;2;19;-30.0;-63.0;29.0;45.0;13;4
22;7;24;17;0.653457799984608;4;38.0;74;Houborg et al. (2023);Experiment 2;Orientation;2;19;38.0;8.0;-25.0;67.0;14;4
22;63;57;-6;2.13617030001478;4;-56.0;75;Houborg et al. (2023);Experiment 2;Orientation;2;19;-56.0;-18.0;-48.0;-81.0;15;4
22;40;42;2;1.38708730001235;4;23.0;76;Houborg et al. (2023);Experiment 2;Orientation;2;19;23.0;-33.0;5.0;-25.0;16;4
22;83;66;-17;1.55304699996486;4;-43.0;77;Houborg et al. (2023);Experiment 2;Orientation;2;19;-43.0;-20.0;-76.0;-38.0;17;4
22;10;17;7;1.70392220001668;4;73.0;78;Houborg et al. (2023);Experiment 2;Orientation;2;19;73.0;30.0;53.0;-3.0;18;4
22;157;128;-29;1.88656040001661;4;33.0;79;Houborg et al. (2023);Experiment 2;Orientation;2;19;33.0;-74.0;63.0;86.0;19;4
22;153;167;14;0.819694999954663;4;4.0;80;Houborg et al. (2023);Experiment 2;Orientation;2;19;4.0;37.0;-70.0;67.0;20;4
22;153;159;6;2.55069010000443;5;0.0;81;Houborg et al. (2023);Experiment 2;Orientation;2;19;;;;;1;5
22;157;155;-2;1.68548190000001;5;-4.0;82;Houborg et al. (2023);Experiment 2;Orientation;2;19;;;;;2;5
22;164;168;4;1.4536153000081;5;-7.0;83;Houborg et al. (2023);Experiment 2;Orientation;2;19;;;;;3;5
22;180;177;-3;0.719549799978267;5;-16.0;84;Houborg et al. (2023);Experiment 2;Orientation;2;19;;;;;4;5
22;29;21;-8;1.56987710000249;5;-29.0;85;Houborg et al. (2023);Experiment 2;Orientation;2;19;-29.0;-45.0;-52.0;-56.0;5;5
22;27;25;-2;1.4034784999676;5;2.0;86;Houborg et al. (2023);Experiment 2;Orientation;2;19;2.0;-27.0;-43.0;-50.0;6;5
22;26;43;17;1.21882409998216;5;1.0;87;Houborg et al. (2023);Experiment 2;Orientation;2;19;1.0;3.0;-26.0;-42.0;7;5
22;157;144;-13;1.61995049996767;5;49.0;88;Houborg et al. (2023);Experiment 2;Orientation;2;19;49.0;50.0;52.0;23.0;8;5
22;107;140;33;1.72015460004332;5;50.0;89;Houborg et al. (2023);Experiment 2;Orientation;2;19;50.0;-81.0;-80.0;-78.0;9;5
22;173;169;-4;0.819321000017226;5;-66.0;90;Houborg et al. (2023);Experiment 2;Orientation;2;19;-66.0;-16.0;33.0;34.0;10;5
22;38;18;-20;2.05385109997587;5;-45.0;91;Houborg et al. (2023);Experiment 2;Orientation;2;19;-45.0;69.0;-61.0;-12.0;11;5
22;176;4;8;1.25276170001598;5;42.0;92;Houborg et al. (2023);Experiment 2;Orientation;2;19;42.0;-3.0;-69.0;-19.0;12;5
22;82;73;-9;1.16964980005287;5;-86.0;93;Houborg et al. (2023);Experiment 2;Orientation;2;19;-86.0;-44.0;-89.0;25.0;13;5
22;70;61;-9;1.28661960002501;5;12.0;94;Houborg et al. (2023);Experiment 2;Orientation;2;19;12.0;-74.0;-32.0;-77.0;14;5
22;119;134;15;1.38657169998623;5;-49.0;95;Houborg et al. (2023);Experiment 2;Orientation;2;19;-49.0;-37.0;57.0;-81.0;15;5
22;34;28;-6;0.935880600009114;5;85.0;96;Houborg et al. (2023);Experiment 2;Orientation;2;19;85.0;36.0;48.0;-38.0;16;5
22;146;151;5;1.31983299995773;5;68.0;97;Houborg et al. (2023);Experiment 2;Orientation;2;19;68.0;-27.0;-76.0;-64.0;17;5
22;45;36;-9;1.03596720000496;5;-79.0;98;Houborg et al. (2023);Experiment 2;Orientation;2;19;-79.0;-11.0;74.0;25.0;18;5
22;39;49;10;1.0525736999698;5;6.0;99;Houborg et al. (2023);Experiment 2;Orientation;2;19;6.0;-73.0;-5.0;80.0;19;5
22;56;20;-36;0.986744800000452;5;-17.0;100;Houborg et al. (2023);Experiment 2;Orientation;2;19;-17.0;-11.0;90.0;-22.0;20;5
22;65;80;15;1.48638780001784;6;-9.0;101;Houborg et al. (2023);Experiment 2;Orientation;2;19;;;;;1;6
22;25;39;14;0.939055000024382;6;40.0;102;Houborg et al. (2023);Experiment 2;Orientation;2;19;;;;;2;6
22;76;48;-28;0.920113599975593;6;-51.0;103;Houborg et al. (2023);Experiment 2;Orientation;2;19;;;;;3;6
22;167;169;2;2.13666200003354;6;89.0;104;Houborg et al. (2023);Experiment 2;Orientation;2;19;;;;;4;6
22;171;163;-8;1.46984079998219;6;-4.0;105;Houborg et al. (2023);Experiment 2;Orientation;2;19;-4.0;85.0;34.0;74.0;5;6
22;128;145;17;1.91986199998064;6;43.0;106;Houborg et al. (2023);Experiment 2;Orientation;2;19;43.0;39.0;-52.0;77.0;6;6
22;54;34;-20;1.70271320000757;6;74.0;107;Houborg et al. (2023);Experiment 2;Orientation;2;19;74.0;-63.0;-67.0;22.0;7;6
22;129;144;15;0.771313700010069;6;-75.0;108;Houborg et al. (2023);Experiment 2;Orientation;2;19;-75.0;-1.0;42.0;38.0;8;6
22;138;142;4;1.20341590000317;6;-9.0;109;Houborg et al. (2023);Experiment 2;Orientation;2;19;-9.0;-84.0;-10.0;33.0;9;6
22;43;154;-69;1.30312050000066;6;-85.0;110;Houborg et al. (2023);Experiment 2;Orientation;2;19;-85.0;86.0;11.0;85.0;10;6
22;126;165;39;1.20319180004299;6;-83.0;111;Houborg et al. (2023);Experiment 2;Orientation;2;19;-83.0;12.0;3.0;-72.0;11;6
22;34;21;-13;0.853362699970603;6;-88.0;112;Houborg et al. (2023);Experiment 2;Orientation;2;19;-88.0;9.0;-76.0;-85.0;12;6
22;15;18;3;1.18651279999176;6;19.0;113;Houborg et al. (2023);Experiment 2;Orientation;2;19;19.0;-69.0;28.0;-57.0;13;6
22;108;127;19;2.02012869995087;6;87.0;114;Houborg et al. (2023);Experiment 2;Orientation;2;19;87.0;-74.0;18.0;-65.0;14;6
22;97;100;3;1.72009989997605;6;11.0;115;Houborg et al. (2023);Experiment 2;Orientation;2;19;11.0;-82.0;-63.0;29.0;15;6
22;171;113;-58;1.68695439997828;6;-74.0;116;Houborg et al. (2023);Experiment 2;Orientation;2;19;-74.0;-63.0;24.0;43.0;16;6
22;70;65;-5;1.1868400000385;6;-79.0;117;Houborg et al. (2023);Experiment 2;Orientation;2;19;-79.0;27.0;38.0;-55.0;17;6
22;4;151;-33;1.27011089998996;6;66.0;118;Houborg et al. (2023);Experiment 2;Orientation;2;19;66.0;-13.0;-87.0;-76.0;18;6
22;76;58;-18;1.10238180001033;6;-72.0;119;Houborg et al. (2023);Experiment 2;Orientation;2;19;-72.0;-6.0;-85.0;21.0;19;6
22;30;148;-62;5.63579720002599;6;46.0;120;Houborg et al. (2023);Experiment 2;Orientation;2;19;46.0;-26.0;40.0;-39.0;20;6
22;80;59;-21;1.20435790001648;7;-50.0;121;Houborg et al. (2023);Experiment 2;Orientation;2;19;;;;;1;7
22;31;6;-25;1.51957520004362;7;49.0;122;Houborg et al. (2023);Experiment 2;Orientation;2;19;;;;;2;7
22;117;131;14;1.01941110001644;7;-86.0;123;Houborg et al. (2023);Experiment 2;Orientation;2;19;;;;;3;7
22;110;133;23;1.08673839998664;7;7.0;124;Houborg et al. (2023);Experiment 2;Orientation;2;19;;;;;4;7
22;96;105;9;0.902844700030982;7;14.0;125;Houborg et al. (2023);Experiment 2;Orientation;2;19;14.0;21.0;-65.0;-16.0;5;7
22;128;134;6;1.11963259999175;7;-32.0;126;Houborg et al. (2023);Experiment 2;Orientation;2;19;-32.0;-18.0;-11.0;83.0;6;7
22;90;106;16;1.47047540004132;7;38.0;127;Houborg et al. (2023);Experiment 2;Orientation;2;19;38.0;6.0;20.0;27.0;7;7
22;164;164;0;1.52038489998085;7;-74.0;128;Houborg et al. (2023);Experiment 2;Orientation;2;19;-74.0;-36.0;-68.0;-54.0;8;7
22;18;10;-8;1.08653089997824;7;-34.0;129;Houborg et al. (2023);Experiment 2;Orientation;2;19;-34.0;72.0;-70.0;78.0;9;7
22;1;170;-11;1.05247920000693;7;17.0;130;Houborg et al. (2023);Experiment 2;Orientation;2;19;17.0;-17.0;89.0;-53.0;10;7
22;28;30;2;1.33660559996497;7;-27.0;131;Houborg et al. (2023);Experiment 2;Orientation;2;19;-27.0;-10.0;-44.0;62.0;11;7
22;78;78;0;1.51874510000926;7;-50.0;132;Houborg et al. (2023);Experiment 2;Orientation;2;19;-50.0;-77.0;-60.0;86.0;12;7
22;151;162;11;1.15233300003456;7;-73.0;133;Houborg et al. (2023);Experiment 2;Orientation;2;19;-73.0;57.0;30.0;47.0;13;7
22;156;156;0;1.02043040003628;7;-5.0;134;Houborg et al. (2023);Experiment 2;Orientation;2;19;-5.0;-78.0;52.0;25.0;14;7
22;71;61;-10;2.08619870000985;7;85.0;135;Houborg et al. (2023);Experiment 2;Orientation;2;19;85.0;80.0;7.0;-43.0;15;7
22;107;128;21;1.22026610001922;7;-36.0;136;Houborg et al. (2023);Experiment 2;Orientation;2;19;-36.0;49.0;44.0;-29.0;16;7
22;53;70;17;1.4698219000129;7;54.0;137;Houborg et al. (2023);Experiment 2;Orientation;2;19;54.0;18.0;-77.0;-82.0;17;7
22;123;147;24;1.40332370001124;7;-70.0;138;Houborg et al. (2023);Experiment 2;Orientation;2;19;-70.0;-16.0;-52.0;33.0;18;7
22;102;136;34;3.13616509997519;7;21.0;139;Houborg et al. (2023);Experiment 2;Orientation;2;19;21.0;-49.0;5.0;-31.0;19;7
22;109;126;17;1.58682339999359;7;-7.0;140;Houborg et al. (2023);Experiment 2;Orientation;2;19;-7.0;14.0;-56.0;-2.0;20;7
22;148;155;7;2.01910030003637;8;-39.0;141;Houborg et al. (2023);Experiment 2;Orientation;2;19;;;;;1;8
22;42;36;-6;0.836516099981964;8;-74.0;142;Houborg et al. (2023);Experiment 2;Orientation;2;19;;;;;2;8
22;141;148;7;1.41951169999084;8;81.0;143;Houborg et al. (2023);Experiment 2;Orientation;2;19;;;;;3;8
22;150;157;7;1.65344369999366;8;-9.0;144;Houborg et al. (2023);Experiment 2;Orientation;2;19;;;;;4;8
22;31;7;-24;1.38675659999717;8;-61.0;145;Houborg et al. (2023);Experiment 2;Orientation;2;19;-61.0;-70.0;11.0;-63.0;5;8
22;122;134;12;1.61997569998493;8;89.0;146;Houborg et al. (2023);Experiment 2;Orientation;2;19;89.0;28.0;19.0;-80.0;6;8
22;129;150;21;1.38683669996681;8;-7.0;147;Houborg et al. (2023);Experiment 2;Orientation;2;19;-7.0;82.0;21.0;12.0;7;8
22;114;149;35;2.0527454999974;8;15.0;148;Houborg et al. (2023);Experiment 2;Orientation;2;19;15.0;8.0;-83.0;36.0;8;8
22;110;137;27;1.41941289999522;8;4.0;149;Houborg et al. (2023);Experiment 2;Orientation;2;19;4.0;19.0;12.0;-79.0;9;8
22;107;135;28;1.55325930000981;8;3.0;150;Houborg et al. (2023);Experiment 2;Orientation;2;19;3.0;7.0;22.0;15.0;10;8
22;149;148;-1;1.33650439995108;8;-42.0;151;Houborg et al. (2023);Experiment 2;Orientation;2;19;-42.0;-39.0;-35.0;-20.0;11;8
22;47;25;-22;0.986383599985857;8;-78.0;152;Houborg et al. (2023);Experiment 2;Orientation;2;19;-78.0;60.0;63.0;67.0;12;8
22;153;150;-3;1.23662690003403;8;74.0;153;Houborg et al. (2023);Experiment 2;Orientation;2;19;74.0;-4.0;-46.0;-43.0;13;8
22;164;159;-5;1.05343109997921;8;-11.0;154;Houborg et al. (2023);Experiment 2;Orientation;2;19;-11.0;63.0;-15.0;-57.0;14;8
22;23;173;-30;1.50247690000106;8;-39.0;155;Houborg et al. (2023);Experiment 2;Orientation;2;19;-39.0;-50.0;24.0;-54.0;15;8
22;149;152;3;1.47138060000725;8;54.0;156;Houborg et al. (2023);Experiment 2;Orientation;2;19;54.0;15.0;4.0;78.0;16;8
22;121;140;19;1.37006009998731;8;28.0;157;Houborg et al. (2023);Experiment 2;Orientation;2;19;28.0;82.0;43.0;32.0;17;8
22;26;33;7;0.669521900010295;8;-85.0;158;Houborg et al. (2023);Experiment 2;Orientation;2;19;-85.0;-57.0;-3.0;-42.0;18;8
22;8;9;1;1.16980169998715;8;18.0;159;Houborg et al. (2023);Experiment 2;Orientation;2;19;18.0;-67.0;-39.0;15.0;19;8
22;105;79;-26;1.37088729999959;8;83.0;160;Houborg et al. (2023);Experiment 2;Orientation;2;19;83.0;-79.0;16.0;44.0;20;8
22;150;154;4;4.68610609997995;9;-45.0;161;Houborg et al. (2023);Experiment 2;Orientation;2;19;;;;;1;9
22;113;129;16;1.00330260000192;9;37.0;162;Houborg et al. (2023);Experiment 2;Orientation;2;19;;;;;2;9
22;5;8;3;0.936328699986916;9;-72.0;163;Houborg et al. (2023);Experiment 2;Orientation;2;19;;;;;3;9
22;148;142;-6;1.23686470004031;9;37.0;164;Houborg et al. (2023);Experiment 2;Orientation;2;19;;;;;4;9
22;136;124;-12;0.970243499963544;9;12.0;165;Houborg et al. (2023);Experiment 2;Orientation;2;19;12.0;49.0;-23.0;14.0;5;9
22;118;114;-4;1.20329879998462;9;18.0;166;Houborg et al. (2023);Experiment 2;Orientation;2;19;18.0;30.0;67.0;-5.0;6;9
22;95;81;-14;1.18604709999636;9;23.0;167;Houborg et al. (2023);Experiment 2;Orientation;2;19;23.0;41.0;53.0;90.0;7;9
22;121;152;31;1.16986199998064;9;-26.0;168;Houborg et al. (2023);Experiment 2;Orientation;2;19;-26.0;-3.0;15.0;27.0;8;9
22;30;12;-18;1.12075109995203;9;-89.0;169;Houborg et al. (2023);Experiment 2;Orientation;2;19;-89.0;65.0;88.0;-74.0;9;9
22;173;0;7;1.70274550002068;9;37.0;170;Houborg et al. (2023);Experiment 2;Orientation;2;19;37.0;-52.0;-78.0;-55.0;10;9
22;108;137;29;1.4532240999979;9;65.0;171;Houborg et al. (2023);Experiment 2;Orientation;2;19;65.0;-78.0;13.0;-13.0;11;9
22;127;142;15;1.38677859999007;9;-19.0;172;Houborg et al. (2023);Experiment 2;Orientation;2;19;-19.0;46.0;83.0;-6.0;12;9
22;160;178;18;0.970205000019632;9;-33.0;173;Houborg et al. (2023);Experiment 2;Orientation;2;19;-33.0;-52.0;13.0;50.0;13;9
22;107;120;13;0.952888200001325;9;53.0;174;Houborg et al. (2023);Experiment 2;Orientation;2;19;53.0;20.0;1.0;66.0;14;9
22;173;179;6;1.45305469998857;9;-66.0;175;Houborg et al. (2023);Experiment 2;Orientation;2;19;-66.0;-13.0;-46.0;-65.0;15;9
22;119;124;5;0.919779499992728;9;54.0;176;Houborg et al. (2023);Experiment 2;Orientation;2;19;54.0;-12.0;41.0;8.0;16;9
22;6;22;16;1.25336969998898;9;-67.0;177;Houborg et al. (2023);Experiment 2;Orientation;2;19;-67.0;-13.0;-79.0;-26.0;17;9
22;40;42;2;2.68696939997608;9;-34.0;178;Houborg et al. (2023);Experiment 2;Orientation;2;19;-34.0;79.0;-47.0;67.0;18;9
22;166;6;20;1.45271139999386;9;54.0;179;Houborg et al. (2023);Experiment 2;Orientation;2;19;54.0;20.0;-47.0;7.0;19;9
22;170;4;14;1.25312999996822;9;-4.0;180;Houborg et al. (2023);Experiment 2;Orientation;2;19;-4.0;50.0;16.0;-51.0;20;9
22;71;59;-12;1.33586059999652;10;-81.0;181;Houborg et al. (2023);Experiment 2;Orientation;2;19;;;;;1;10
22;177;1;4;1.00277859997004;10;74.0;182;Houborg et al. (2023);Experiment 2;Orientation;2;19;;;;;2;10
22;28;30;2;1.0023825999815;10;-31.0;183;Houborg et al. (2023);Experiment 2;Orientation;2;19;;;;;3;10
22;70;61;-9;2.1529082999914;10;-42.0;184;Houborg et al. (2023);Experiment 2;Orientation;2;19;;;;;4;10
22;162;152;-10;1.35356030002004;10;88.0;185;Houborg et al. (2023);Experiment 2;Orientation;2;19;88.0;46.0;15.0;89.0;5;10
22;133;145;12;0.803166300000157;10;29.0;186;Houborg et al. (2023);Experiment 2;Orientation;2;19;29.0;-63.0;75.0;44.0;6;10
22;177;173;-4;1.03598000004422;10;-44.0;187;Houborg et al. (2023);Experiment 2;Orientation;2;19;-44.0;-15.0;73.0;31.0;7;10
22;11;167;-24;1.00400850002188;10;-14.0;188;Houborg et al. (2023);Experiment 2;Orientation;2;19;-14.0;-58.0;-29.0;59.0;8;10
22;13;6;-7;1.10328440001467;10;-2.0;189;Houborg et al. (2023);Experiment 2;Orientation;2;19;-2.0;-16.0;-60.0;-31.0;9;10
22;110;106;-4;1.03676839999389;10;83.0;190;Houborg et al. (2023);Experiment 2;Orientation;2;19;83.0;81.0;67.0;23.0;10;10
22;103;106;3;0.986248400004115;10;7.0;191;Houborg et al. (2023);Experiment 2;Orientation;2;19;7.0;90.0;88.0;74.0;11;10
22;136;114;-22;0.903900600038469;10;-33.0;192;Houborg et al. (2023);Experiment 2;Orientation;2;19;-33.0;-26.0;57.0;55.0;12;10
22;158;145;-13;0.870314200001303;10;-22.0;193;Houborg et al. (2023);Experiment 2;Orientation;2;19;-22.0;-55.0;-48.0;35.0;13;10
22;148;161;13;0.919773800007533;10;10.0;194;Houborg et al. (2023);Experiment 2;Orientation;2;19;10.0;-12.0;-45.0;-38.0;14;10
22;116;150;34;0.786188700003549;10;32.0;195;Houborg et al. (2023);Experiment 2;Orientation;2;19;32.0;42.0;20.0;-13.0;15;10
22;132;116;-16;1.10322290001204;10;-16.0;196;Houborg et al. (2023);Experiment 2;Orientation;2;19;-16.0;16.0;26.0;4.0;16;10
22;76;61;-15;1.68557849997887;10;56.0;197;Houborg et al. (2023);Experiment 2;Orientation;2;19;56.0;40.0;72.0;82.0;17;10
22;70;39;-31;1.0368077000021;10;6.0;198;Houborg et al. (2023);Experiment 2;Orientation;2;19;6.0;62.0;46.0;78.0;18;10
22;45;34;-11;3.98640429996885;10;25.0;199;Houborg et al. (2023);Experiment 2;Orientation;2;19;25.0;31.0;87.0;71.0;19;10
22;15;22;7;1.25362169998698;10;30.0;200;Houborg et al. (2023);Experiment 2;Orientation;2;19;30.0;55.0;61.0;-63.0;20;10
