obs;theta;resp;error;rt;block;delta;trial;cond;study;experiment;stimulus;expnum;codenum;delta_1;delta_2;delta_3;delta_4;delta_5;delta_6;trial_in_block;block_unique
1;23;107.2109375;84.2109375;9;1;;1;1;Samaha et al. (2019);Experiment 1;Orientation;1;40;;;;;;;1;1
1;151;129.640625;-21.359375;9;1;52.0;2;0;Samaha et al. (2019);Experiment 1;Orientation;1;39;;;;;;;1;1
1;4;173.015625;-10.984375;9;1;-33.0;3;0;Samaha et al. (2019);Experiment 1;Orientation;1;39;;;;;;;2;1
1;153;142.5859375;-10.4140625;9;1;31.0;4;0;Samaha et al. (2019);Experiment 1;Orientation;1;39;;;;;;;3;1
1;115;119.609375;4.609375;9;1;38.0;5;0;Samaha et al. (2019);Experiment 1;Orientation;1;39;;;;;;;4;1
1;86;63.8359375;-22.1640625;9;1;29.0;6;0;Samaha et al. (2019);Experiment 1;Orientation;1;39;;;;;;;5;1
1;107;120.0;13.0;9;1;-21.0;7;0;Samaha et al. (2019);Experiment 1;Orientation;1;39;;;;;;;6;1
1;90;92.46875;2.46875;9;1;17.0;8;0;Samaha et al. (2019);Experiment 1;Orientation;1;39;;;;;;;7;1
1;118;121.9375;3.9375;9;1;-28.0;9;1;Samaha et al. (2019);Experiment 1;Orientation;1;40;;;;;;;2;1
1;90;78.9140625;-11.0859375;9;1;28.0;10;1;Samaha et al. (2019);Experiment 1;Orientation;1;40;;;;;;;3;1
1;167;133.921875;-33.078125;9;1;-77.0;11;1;Samaha et al. (2019);Experiment 1;Orientation;1;40;;;;;;;4;1
1;39;122.6796875;83.6796875;9;1;-52.0;12;0;Samaha et al. (2019);Experiment 1;Orientation;1;39;;;;;;;8;1
1;12;148.546875;-43.453125;9;1;27.0;13;0;Samaha et al. (2019);Experiment 1;Orientation;1;39;;;;;;;9;1
1;56;57.2265625;1.2265625;9;1;-44.0;14;1;Samaha et al. (2019);Experiment 1;Orientation;1;40;;;;;;;5;1
1;92;106.5859375;14.5859375;9;1;-36.0;15;1;Samaha et al. (2019);Experiment 1;Orientation;1;40;;;;;;;6;1
1;32;82.6015625;50.6015625;9;1;60.0;16;1;Samaha et al. (2019);Experiment 1;Orientation;1;40;;;;;;;7;1
1;109;119.5078125;10.5078125;9;1;-77.0;17;1;Samaha et al. (2019);Experiment 1;Orientation;1;40;;;;;;;8;1
1;26;45.3125;19.3125;9;1;83.0;18;1;Samaha et al. (2019);Experiment 1;Orientation;1;40;;;;;;;9;1
1;99;97.390625;-1.609375;9;1;-73.0;19;1;Samaha et al. (2019);Experiment 1;Orientation;1;40;;;;;;;10;1
1;97;101.0625;4.0625;9;1;2.0;20;1;Samaha et al. (2019);Experiment 1;Orientation;1;40;;;;;;;11;1
1;81;86.1875;5.1875;9;1;16.0;21;0;Samaha et al. (2019);Experiment 1;Orientation;1;39;;;;;;;10;1
1;35;45.90625;10.90625;9;1;46.0;22;1;Samaha et al. (2019);Experiment 1;Orientation;1;40;;;;;;;12;1
1;163;92.15625;-70.84375;9;1;52.0;23;1;Samaha et al. (2019);Experiment 1;Orientation;1;40;;;;;;;13;1
1;59;59.5390625;0.5390625;9;1;-76.0;24;1;Samaha et al. (2019);Experiment 1;Orientation;1;40;;;;;;;14;1
1;24;25.40625;1.40625;9;1;35.0;25;0;Samaha et al. (2019);Experiment 1;Orientation;1;39;;;;;;;11;1
1;176;5.296875;9.296875;9;1;28.0;26;0;Samaha et al. (2019);Experiment 1;Orientation;1;39;;;;;;;12;1
1;1;42.0234375;41.0234375;9;1;-5.0;27;1;Samaha et al. (2019);Experiment 1;Orientation;1;40;;;;;;;15;1
1;179;167.2265625;-11.7734375;9;1;2.0;28;0;Samaha et al. (2019);Experiment 1;Orientation;1;39;;;;;;;13;1
1;146;150.6328125;4.6328125;9;1;33.0;29;1;Samaha et al. (2019);Experiment 1;Orientation;1;40;;;;;;;16;1
1;166;138.0;-28.0;9;1;-20.0;30;1;Samaha et al. (2019);Experiment 1;Orientation;1;40;;;;;;;17;1
1;67;52.9296875;-14.0703125;9;1;-81.0;31;0;Samaha et al. (2019);Experiment 1;Orientation;1;39;;;;;;;14;1
1;88;73.59375;-14.40625;9;1;-21.0;32;0;Samaha et al. (2019);Experiment 1;Orientation;1;39;;;;;;;15;1
1;106;117.5703125;11.5703125;9;1;-18.0;33;1;Samaha et al. (2019);Experiment 1;Orientation;1;40;;;;;;;18;1
1;65;66.25;1.25;9;1;41.0;34;0;Samaha et al. (2019);Experiment 1;Orientation;1;39;;;;;;;16;1
1;126;134.0390625;8.0390625;9;1;-61.0;35;0;Samaha et al. (2019);Experiment 1;Orientation;1;39;;;;;;;17;1
1;128;123.125;-4.875;9;1;-2.0;36;1;Samaha et al. (2019);Experiment 1;Orientation;1;40;;;;;;;19;1
1;78;67.625;-10.375;9;1;50.0;37;1;Samaha et al. (2019);Experiment 1;Orientation;1;40;;;;;;;20;1
1;73;70.0;-3.0;9;1;5.0;38;0;Samaha et al. (2019);Experiment 1;Orientation;1;39;;;;;;;18;1
1;65;47.671875;-17.328125;9;1;8.0;39;0;Samaha et al. (2019);Experiment 1;Orientation;1;39;;;;;;;19;1
1;39;50.3984375;11.3984375;9;1;26.0;40;0;Samaha et al. (2019);Experiment 1;Orientation;1;39;;;;;;;20;1
1;142;139.296875;-2.703125;9;1;77.0;41;1;Samaha et al. (2019);Experiment 1;Orientation;1;40;;;;;;;21;1
1;107;119.7265625;12.7265625;9;1;35.0;42;0;Samaha et al. (2019);Experiment 1;Orientation;1;39;;;;;;;21;1
1;138;125.078125;-12.921875;9;1;-31.0;43;1;Samaha et al. (2019);Experiment 1;Orientation;1;40;;;;;;;22;1
1;45;93.390625;48.390625;9;1;-87.0;44;1;Samaha et al. (2019);Experiment 1;Orientation;1;40;;;;;;;23;1
1;47;51.1953125;4.1953125;9;1;-2.0;45;1;Samaha et al. (2019);Experiment 1;Orientation;1;40;;;;;;;24;1
1;58;53.5234375;-4.4765625;9;1;-11.0;46;1;Samaha et al. (2019);Experiment 1;Orientation;1;40;;;;;;;25;1
1;167;142.6328125;-24.3671875;9;1;71.0;47;0;Samaha et al. (2019);Experiment 1;Orientation;1;39;;;;;;;22;1
1;26;39.140625;13.140625;9;1;-39.0;48;1;Samaha et al. (2019);Experiment 1;Orientation;1;40;;;;;;;26;1
1;25;34.53125;9.53125;9;1;1.0;49;0;Samaha et al. (2019);Experiment 1;Orientation;1;39;;;;;;;23;1
1;82;81.703125;-0.296875;9;1;-57.0;50;1;Samaha et al. (2019);Experiment 1;Orientation;1;40;;;;;;;27;1
1;14;32.3515625;18.3515625;9;1;68.0;51;1;Samaha et al. (2019);Experiment 1;Orientation;1;40;;;;;;;28;1
1;151;140.734375;-10.265625;9;1;43.0;52;0;Samaha et al. (2019);Experiment 1;Orientation;1;39;;;;;;;24;1
1;13;20.9609375;7.9609375;9;1;-42.0;53;1;Samaha et al. (2019);Experiment 1;Orientation;1;40;;;;;;;29;1
1;154;142.21875;-11.78125;9;1;39.0;54;0;Samaha et al. (2019);Experiment 1;Orientation;1;39;;;;;;;25;1
1;93;93.1640625;0.1640625;9;1;61.0;55;1;Samaha et al. (2019);Experiment 1;Orientation;1;40;;;;;;;30;1
1;45;40.0;-5.0;9;1;48.0;56;1;Samaha et al. (2019);Experiment 1;Orientation;1;40;;;;;;;31;1
1;128;131.140625;3.140625;9;1;-83.0;57;0;Samaha et al. (2019);Experiment 1;Orientation;1;39;;;;;;;26;1
1;111;93.5546875;-17.4453125;9;1;17.0;58;0;Samaha et al. (2019);Experiment 1;Orientation;1;39;;;;;;;27;1
1;111;135.5546875;24.5546875;9;1;0.0;59;1;Samaha et al. (2019);Experiment 1;Orientation;1;40;;;;;;;32;1
1;6;91.8046875;85.8046875;9;1;-75.0;60;0;Samaha et al. (2019);Experiment 1;Orientation;1;39;;;;;;;28;1
1;6;91.8046875;85.8046875;9;1;0.0;61;1;Samaha et al. (2019);Experiment 1;Orientation;1;40;;;;;;;33;1
1;65;94.796875;29.796875;9;2;-59.0;251;0;Samaha et al. (2019);Experiment 1;Orientation;1;39;;;;;;;1;2
1;84;90.6171875;6.6171875;9;2;-19.0;252;1;Samaha et al. (2019);Experiment 1;Orientation;1;40;;;;;;;1;2
1;103;125.40625;22.40625;9;2;-19.0;253;1;Samaha et al. (2019);Experiment 1;Orientation;1;40;;;;;;;2;2
1;43;42.9609375;-0.0390625;9;2;60.0;254;0;Samaha et al. (2019);Experiment 1;Orientation;1;39;;;;;;;2;2
1;69;58.6328125;-10.3671875;9;2;-26.0;255;0;Samaha et al. (2019);Experiment 1;Orientation;1;39;;;;;;;3;2
1;22;48.1171875;26.1171875;9;2;47.0;256;0;Samaha et al. (2019);Experiment 1;Orientation;1;39;;;;;;;4;2
1;93;80.8828125;-12.1171875;9;2;-71.0;257;1;Samaha et al. (2019);Experiment 1;Orientation;1;40;;;;;;;3;2
1;7;47.2578125;40.2578125;9;2;86.0;258;1;Samaha et al. (2019);Experiment 1;Orientation;1;40;;;;;;;4;2
1;108;103.1640625;-4.8359375;9;2;79.0;259;1;Samaha et al. (2019);Experiment 1;Orientation;1;40;;;;;;;5;2
1;5;172.5;-12.5;9;2;-77.0;260;1;Samaha et al. (2019);Experiment 1;Orientation;1;40;;;;;;;6;2
1;43;50.234375;7.234375;9;2;-38.0;261;0;Samaha et al. (2019);Experiment 1;Orientation;1;39;;;;;;;5;2
1;13;123.03125;-69.96875;9;2;30.0;262;0;Samaha et al. (2019);Experiment 1;Orientation;1;39;;;;;;;6;2
1;163;167.7578125;4.7578125;9;2;30.0;263;0;Samaha et al. (2019);Experiment 1;Orientation;1;39;;;;;;;7;2
1;125;130.796875;5.796875;9;2;38.0;264;0;Samaha et al. (2019);Experiment 1;Orientation;1;39;;;;;;;8;2
1;20;36.84375;16.84375;9;2;-75.0;265;0;Samaha et al. (2019);Experiment 1;Orientation;1;39;;;;;;;9;2
1;115;127.7421875;12.7421875;9;2;85.0;266;1;Samaha et al. (2019);Experiment 1;Orientation;1;40;;;;;;;7;2
1;170;155.1640625;-14.8359375;9;2;-55.0;267;0;Samaha et al. (2019);Experiment 1;Orientation;1;39;;;;;;;10;2
1;105;117.65625;12.65625;9;2;65.0;268;0;Samaha et al. (2019);Experiment 1;Orientation;1;39;;;;;;;11;2
1;120;129.7734375;9.7734375;9;2;-15.0;269;0;Samaha et al. (2019);Experiment 1;Orientation;1;39;;;;;;;12;2
1;24;171.015625;-32.984375;9;2;-84.0;270;0;Samaha et al. (2019);Experiment 1;Orientation;1;39;;;;;;;13;2
1;0;34.0234375;34.0234375;9;2;24.0;271;1;Samaha et al. (2019);Experiment 1;Orientation;1;40;;;;;;;8;2
1;75;71.296875;-3.703125;9;2;-75.0;272;0;Samaha et al. (2019);Experiment 1;Orientation;1;39;;;;;;;14;2
1;3;169.875;-13.125;9;2;72.0;273;1;Samaha et al. (2019);Experiment 1;Orientation;1;40;;;;;;;9;2
1;133;128.9921875;-4.0078125;9;2;50.0;274;0;Samaha et al. (2019);Experiment 1;Orientation;1;39;;;;;;;15;2
1;1;28.5;27.5;9;2;-48.0;275;0;Samaha et al. (2019);Experiment 1;Orientation;1;39;;;;;;;16;2
1;3;13.140625;10.140625;9;2;-2.0;276;0;Samaha et al. (2019);Experiment 1;Orientation;1;39;;;;;;;17;2
1;89;68.0859375;-20.9140625;9;2;-86.0;277;1;Samaha et al. (2019);Experiment 1;Orientation;1;40;;;;;;;10;2
1;90;83.703125;-6.296875;9;2;-1.0;278;1;Samaha et al. (2019);Experiment 1;Orientation;1;40;;;;;;;11;2
1;76;67.1640625;-8.8359375;9;2;14.0;279;1;Samaha et al. (2019);Experiment 1;Orientation;1;40;;;;;;;12;2
1;147;134.453125;-12.546875;9;2;-71.0;280;1;Samaha et al. (2019);Experiment 1;Orientation;1;40;;;;;;;13;2
1;129;121.140625;-7.859375;9;2;18.0;281;1;Samaha et al. (2019);Experiment 1;Orientation;1;40;;;;;;;14;2
1;37;46.5859375;9.5859375;9;2;-88.0;282;0;Samaha et al. (2019);Experiment 1;Orientation;1;39;;;;;;;18;2
1;103;131.2109375;28.2109375;9;2;-66.0;283;0;Samaha et al. (2019);Experiment 1;Orientation;1;39;;;;;;;19;2
1;78;65.2734375;-12.7265625;9;2;25.0;284;0;Samaha et al. (2019);Experiment 1;Orientation;1;39;;;;;;;20;2
1;129;136.5625;7.5625;9;2;-51.0;285;0;Samaha et al. (2019);Experiment 1;Orientation;1;39;;;;;;;21;2
1;125;123.2109375;-1.7890625;9;2;4.0;286;1;Samaha et al. (2019);Experiment 1;Orientation;1;40;;;;;;;15;2
1;3;80.8828125;77.8828125;9;2;-58.0;287;0;Samaha et al. (2019);Experiment 1;Orientation;1;39;;;;;;;22;2
1;149;138.28125;-10.71875;9;2;34.0;288;1;Samaha et al. (2019);Experiment 1;Orientation;1;40;;;;;;;16;2
1;72;50.8125;-21.1875;9;2;77.0;289;1;Samaha et al. (2019);Experiment 1;Orientation;1;40;;;;;;;17;2
1;100;100.6796875;0.6796875;9;2;-28.0;290;1;Samaha et al. (2019);Experiment 1;Orientation;1;40;;;;;;;18;2
1;164;148.0;-16.0;9;2;-64.0;291;1;Samaha et al. (2019);Experiment 1;Orientation;1;40;;;;;;;19;2
1;170;127.421875;-42.578125;9;2;-6.0;292;1;Samaha et al. (2019);Experiment 1;Orientation;1;40;;;;;;;20;2
1;130;130.171875;0.171875;9;2;40.0;293;1;Samaha et al. (2019);Experiment 1;Orientation;1;40;;;;;;;21;2
1;175;128.9609375;-46.0390625;9;2;-45.0;294;1;Samaha et al. (2019);Experiment 1;Orientation;1;40;;;;;;;22;2
1;172;52.6015625;60.6015625;9;2;3.0;295;0;Samaha et al. (2019);Experiment 1;Orientation;1;39;;;;;;;23;2
1;170;145.96875;-24.03125;9;2;2.0;296;1;Samaha et al. (2019);Experiment 1;Orientation;1;40;;;;;;;23;2
1;56;41.7578125;-14.2421875;9;2;-66.0;297;1;Samaha et al. (2019);Experiment 1;Orientation;1;40;;;;;;;24;2
1;162;149.4609375;-12.5390625;9;2;74.0;298;0;Samaha et al. (2019);Experiment 1;Orientation;1;39;;;;;;;24;2
1;42;40.796875;-1.203125;9;2;-60.0;299;0;Samaha et al. (2019);Experiment 1;Orientation;1;39;;;;;;;25;2
1;2;138.6171875;-43.3828125;9;2;40.0;300;1;Samaha et al. (2019);Experiment 1;Orientation;1;40;;;;;;;25;2
1;86;96.25;10.25;9;2;-84.0;301;1;Samaha et al. (2019);Experiment 1;Orientation;1;40;;;;;;;26;2
1;40;52.8671875;12.8671875;9;2;46.0;302;1;Samaha et al. (2019);Experiment 1;Orientation;1;40;;;;;;;27;2
1;114;120.3203125;6.3203125;9;2;-74.0;303;0;Samaha et al. (2019);Experiment 1;Orientation;1;39;;;;;;;26;2
1;177;51.625;54.625;9;2;-63.0;304;1;Samaha et al. (2019);Experiment 1;Orientation;1;40;;;;;;;28;2
1;26;56.0859375;30.0859375;9;2;-29.0;305;0;Samaha et al. (2019);Experiment 1;Orientation;1;39;;;;;;;27;2
1;147;160.796875;13.796875;9;2;59.0;306;0;Samaha et al. (2019);Experiment 1;Orientation;1;39;;;;;;;28;2
1;166;131.421875;-34.578125;9;2;-19.0;307;1;Samaha et al. (2019);Experiment 1;Orientation;1;40;;;;;;;29;2
1;52;46.6953125;-5.3046875;9;2;-66.0;308;1;Samaha et al. (2019);Experiment 1;Orientation;1;40;;;;;;;30;2
1;175;172.28125;-2.71875;9;2;57.0;309;1;Samaha et al. (2019);Experiment 1;Orientation;1;40;;;;;;;31;2
1;144;132.7109375;-11.2890625;9;2;31.0;310;1;Samaha et al. (2019);Experiment 1;Orientation;1;40;;;;;;;32;2
1;144;132.7109375;-11.2890625;9;2;0.0;311;0;Samaha et al. (2019);Experiment 1;Orientation;1;39;;;;;;;29;2
1;49;53.59375;4.59375;9;3;-85.0;501;1;Samaha et al. (2019);Experiment 1;Orientation;1;40;;;;;;;1;3
1;138;132.6484375;-5.3515625;9;3;-89.0;502;1;Samaha et al. (2019);Experiment 1;Orientation;1;40;;;;;;;2;3
1;49;51.921875;2.921875;9;3;89.0;503;0;Samaha et al. (2019);Experiment 1;Orientation;1;39;;;;;;;1;3
1;77;65.7890625;-11.2109375;9;3;-28.0;504;1;Samaha et al. (2019);Experiment 1;Orientation;1;40;;;;;;;3;3
1;97;82.3515625;-14.6484375;9;3;-20.0;505;0;Samaha et al. (2019);Experiment 1;Orientation;1;39;;;;;;;2;3
1;112;127.2421875;15.2421875;9;3;-15.0;506;0;Samaha et al. (2019);Experiment 1;Orientation;1;39;;;;;;;3;3
1;27;170.0234375;-36.9765625;9;3;85.0;507;0;Samaha et al. (2019);Experiment 1;Orientation;1;39;;;;;;;4;3
1;151;134.25;-16.75;9;3;56.0;508;1;Samaha et al. (2019);Experiment 1;Orientation;1;40;;;;;;;4;3
1;58;59.09375;1.09375;9;3;-87.0;509;0;Samaha et al. (2019);Experiment 1;Orientation;1;39;;;;;;;5;3
1;109;107.2578125;-1.7421875;9;3;-51.0;510;0;Samaha et al. (2019);Experiment 1;Orientation;1;39;;;;;;;6;3
1;144;138.265625;-5.734375;9;3;-35.0;511;1;Samaha et al. (2019);Experiment 1;Orientation;1;40;;;;;;;5;3
1;90;114.0546875;24.0546875;9;3;54.0;512;0;Samaha et al. (2019);Experiment 1;Orientation;1;39;;;;;;;7;3
1;95;102.0;7.0;9;3;-5.0;513;1;Samaha et al. (2019);Experiment 1;Orientation;1;40;;;;;;;6;3
1;62;63.390625;1.390625;9;3;33.0;514;0;Samaha et al. (2019);Experiment 1;Orientation;1;39;;;;;;;8;3
1;33;8.3671875;-24.6328125;9;3;29.0;515;0;Samaha et al. (2019);Experiment 1;Orientation;1;39;;;;;;;9;3
1;101;102.0390625;1.0390625;9;3;-68.0;516;0;Samaha et al. (2019);Experiment 1;Orientation;1;39;;;;;;;10;3
1;20;127.921875;-72.078125;9;3;81.0;517;1;Samaha et al. (2019);Experiment 1;Orientation;1;40;;;;;;;7;3
1;131;131.90625;0.90625;9;3;69.0;518;0;Samaha et al. (2019);Experiment 1;Orientation;1;39;;;;;;;11;3
1;141;140.0;-1.0;9;3;-10.0;519;1;Samaha et al. (2019);Experiment 1;Orientation;1;40;;;;;;;8;3
1;33;49.2578125;16.2578125;9;3;-72.0;520;0;Samaha et al. (2019);Experiment 1;Orientation;1;39;;;;;;;12;3
1;138;130.0;-8.0;9;3;75.0;521;0;Samaha et al. (2019);Experiment 1;Orientation;1;39;;;;;;;13;3
1;74;92.0;18.0;9;3;64.0;522;1;Samaha et al. (2019);Experiment 1;Orientation;1;40;;;;;;;9;3
1;69;54.9609375;-14.0390625;9;3;5.0;523;0;Samaha et al. (2019);Experiment 1;Orientation;1;39;;;;;;;14;3
1;126;164.9765625;38.9765625;9;3;-57.0;524;0;Samaha et al. (2019);Experiment 1;Orientation;1;39;;;;;;;15;3
1;64;66.0;2.0;9;3;62.0;525;0;Samaha et al. (2019);Experiment 1;Orientation;1;39;;;;;;;16;3
1;8;134.3671875;-53.6328125;9;3;56.0;526;1;Samaha et al. (2019);Experiment 1;Orientation;1;40;;;;;;;10;3
1;102;84.3046875;-17.6953125;9;3;86.0;527;0;Samaha et al. (2019);Experiment 1;Orientation;1;39;;;;;;;17;3
1;45;49.4609375;4.4609375;9;3;57.0;528;0;Samaha et al. (2019);Experiment 1;Orientation;1;39;;;;;;;18;3
1;131;130.0390625;-0.9609375;9;3;-86.0;529;1;Samaha et al. (2019);Experiment 1;Orientation;1;40;;;;;;;11;3
1;128;137.1953125;9.1953125;9;3;3.0;530;1;Samaha et al. (2019);Experiment 1;Orientation;1;40;;;;;;;12;3
1;76;68.0703125;-7.9296875;9;3;52.0;531;1;Samaha et al. (2019);Experiment 1;Orientation;1;40;;;;;;;13;3
1;157;148.9765625;-8.0234375;9;3;-81.0;532;0;Samaha et al. (2019);Experiment 1;Orientation;1;39;;;;;;;19;3
1;107;104.765625;-2.234375;9;3;50.0;533;1;Samaha et al. (2019);Experiment 1;Orientation;1;40;;;;;;;14;3
1;0;47.4921875;47.4921875;9;3;-73.0;534;0;Samaha et al. (2019);Experiment 1;Orientation;1;39;;;;;;;20;3
1;120;129.609375;9.609375;9;3;60.0;535;0;Samaha et al. (2019);Experiment 1;Orientation;1;39;;;;;;;21;3
1;19;72.0;53.0;9;3;-79.0;536;0;Samaha et al. (2019);Experiment 1;Orientation;1;39;;;;;;;22;3
1;142;132.46875;-9.53125;9;3;57.0;537;0;Samaha et al. (2019);Experiment 1;Orientation;1;39;;;;;;;23;3
1;17;34.546875;17.546875;9;3;-55.0;538;0;Samaha et al. (2019);Experiment 1;Orientation;1;39;;;;;;;24;3
1;89;75.1953125;-13.8046875;9;3;-72.0;539;1;Samaha et al. (2019);Experiment 1;Orientation;1;40;;;;;;;15;3
1;72;74.3828125;2.3828125;9;3;17.0;540;1;Samaha et al. (2019);Experiment 1;Orientation;1;40;;;;;;;16;3
1;165;161.2265625;-3.7734375;9;3;87.0;541;0;Samaha et al. (2019);Experiment 1;Orientation;1;39;;;;;;;25;3
1;95;78.75;-16.25;9;3;70.0;542;1;Samaha et al. (2019);Experiment 1;Orientation;1;40;;;;;;;17;3
1;144;139.65625;-4.34375;9;3;-49.0;543;1;Samaha et al. (2019);Experiment 1;Orientation;1;40;;;;;;;18;3
1;54;53.4609375;-0.5390625;9;3;90.0;544;1;Samaha et al. (2019);Experiment 1;Orientation;1;40;;;;;;;19;3
1;117;115.3125;-1.6875;9;3;-63.0;545;1;Samaha et al. (2019);Experiment 1;Orientation;1;40;;;;;;;20;3
1;121;137.875;16.875;9;3;-4.0;546;1;Samaha et al. (2019);Experiment 1;Orientation;1;40;;;;;;;21;3
1;169;168.0234375;-0.9765625;9;3;-48.0;547;0;Samaha et al. (2019);Experiment 1;Orientation;1;39;;;;;;;26;3
1;59;57.4921875;-1.5078125;9;3;-70.0;548;1;Samaha et al. (2019);Experiment 1;Orientation;1;40;;;;;;;22;3
1;35;48.8671875;13.8671875;9;3;24.0;549;0;Samaha et al. (2019);Experiment 1;Orientation;1;39;;;;;;;27;3
1;167;157.3125;-9.6875;9;3;48.0;550;1;Samaha et al. (2019);Experiment 1;Orientation;1;40;;;;;;;23;3
1;98;93.8203125;-4.1796875;9;3;69.0;551;0;Samaha et al. (2019);Experiment 1;Orientation;1;39;;;;;;;28;3
1;91;82.3203125;-8.6796875;9;3;7.0;552;1;Samaha et al. (2019);Experiment 1;Orientation;1;40;;;;;;;24;3
1;165;132.484375;-32.515625;9;3;-74.0;553;1;Samaha et al. (2019);Experiment 1;Orientation;1;40;;;;;;;25;3
1;99;99.4609375;0.4609375;9;3;66.0;554;1;Samaha et al. (2019);Experiment 1;Orientation;1;40;;;;;;;26;3
1;34;42.8984375;8.8984375;9;3;65.0;555;0;Samaha et al. (2019);Experiment 1;Orientation;1;39;;;;;;;29;3
1;41;39.40625;-1.59375;9;3;-7.0;556;1;Samaha et al. (2019);Experiment 1;Orientation;1;40;;;;;;;27;3
1;149;136.3203125;-12.6796875;9;3;72.0;557;0;Samaha et al. (2019);Experiment 1;Orientation;1;39;;;;;;;30;3
1;51;50.1328125;-0.8671875;9;3;-82.0;558;0;Samaha et al. (2019);Experiment 1;Orientation;1;39;;;;;;;31;3
1;135;103.8515625;-31.1484375;9;3;-84.0;559;1;Samaha et al. (2019);Experiment 1;Orientation;1;40;;;;;;;28;3
1;15;48.5625;33.5625;9;3;-60.0;560;1;Samaha et al. (2019);Experiment 1;Orientation;1;40;;;;;;;29;3
1;15;48.5625;33.5625;9;3;0.0;561;1;Samaha et al. (2019);Experiment 1;Orientation;1;40;;;;;;;30;3
1;35;131.890625;-83.109375;9;4;-20.0;751;1;Samaha et al. (2019);Experiment 1;Orientation;1;40;;;;;;;1;4
1;24;51.8046875;27.8046875;9;4;11.0;752;1;Samaha et al. (2019);Experiment 1;Orientation;1;40;;;;;;;2;4
1;176;119.4453125;-56.5546875;9;4;28.0;753;1;Samaha et al. (2019);Experiment 1;Orientation;1;40;;;;;;;3;4
1;108;122.9609375;14.9609375;9;4;68.0;754;1;Samaha et al. (2019);Experiment 1;Orientation;1;40;;;;;;;4;4
1;86;48.28125;-37.71875;9;4;22.0;755;0;Samaha et al. (2019);Experiment 1;Orientation;1;39;;;;;;;1;4
1;66;64.0;-2.0;9;4;20.0;756;0;Samaha et al. (2019);Experiment 1;Orientation;1;39;;;;;;;2;4
1;88;88.6953125;0.6953125;9;4;-22.0;757;0;Samaha et al. (2019);Experiment 1;Orientation;1;39;;;;;;;3;4
1;136;134.0546875;-1.9453125;9;4;-48.0;758;1;Samaha et al. (2019);Experiment 1;Orientation;1;40;;;;;;;5;4
1;122;129.8203125;7.8203125;9;4;14.0;759;1;Samaha et al. (2019);Experiment 1;Orientation;1;40;;;;;;;6;4
1;94;71.5703125;-22.4296875;9;4;28.0;760;1;Samaha et al. (2019);Experiment 1;Orientation;1;40;;;;;;;7;4
1;11;22.78125;11.78125;9;4;83.0;761;0;Samaha et al. (2019);Experiment 1;Orientation;1;39;;;;;;;4;4
1;155;138.546875;-16.453125;9;4;36.0;762;0;Samaha et al. (2019);Experiment 1;Orientation;1;39;;;;;;;5;4
1;100;97.5390625;-2.4609375;9;4;55.0;763;0;Samaha et al. (2019);Experiment 1;Orientation;1;39;;;;;;;6;4
1;136;134.1875;-1.8125;9;4;-36.0;764;1;Samaha et al. (2019);Experiment 1;Orientation;1;40;;;;;;;8;4
1;71;59.921875;-11.078125;9;4;65.0;765;1;Samaha et al. (2019);Experiment 1;Orientation;1;40;;;;;;;9;4
1;40;46.9765625;6.9765625;9;4;31.0;766;0;Samaha et al. (2019);Experiment 1;Orientation;1;39;;;;;;;7;4
1;163;157.359375;-5.640625;9;4;57.0;767;1;Samaha et al. (2019);Experiment 1;Orientation;1;40;;;;;;;10;4
1;84;58.453125;-25.546875;9;4;79.0;768;1;Samaha et al. (2019);Experiment 1;Orientation;1;40;;;;;;;11;4
1;119;123.5234375;4.5234375;9;4;-35.0;769;0;Samaha et al. (2019);Experiment 1;Orientation;1;39;;;;;;;8;4
1;47;59.1640625;12.1640625;9;4;72.0;770;1;Samaha et al. (2019);Experiment 1;Orientation;1;40;;;;;;;12;4
1;151;135.421875;-15.578125;9;4;76.0;771;1;Samaha et al. (2019);Experiment 1;Orientation;1;40;;;;;;;13;4
1;134;130.1015625;-3.8984375;9;4;17.0;772;1;Samaha et al. (2019);Experiment 1;Orientation;1;40;;;;;;;14;4
1;105;98.15625;-6.84375;9;4;29.0;773;1;Samaha et al. (2019);Experiment 1;Orientation;1;40;;;;;;;15;4
1;118;116.6953125;-1.3046875;9;4;-13.0;774;0;Samaha et al. (2019);Experiment 1;Orientation;1;39;;;;;;;9;4
1;34;120.25;86.25;9;4;84.0;775;0;Samaha et al. (2019);Experiment 1;Orientation;1;39;;;;;;;10;4
1;131;136.203125;5.203125;9;4;83.0;776;1;Samaha et al. (2019);Experiment 1;Orientation;1;40;;;;;;;16;4
1;20;30.4140625;10.4140625;9;4;-69.0;777;0;Samaha et al. (2019);Experiment 1;Orientation;1;39;;;;;;;11;4
1;41;60.75;19.75;9;4;-21.0;778;0;Samaha et al. (2019);Experiment 1;Orientation;1;39;;;;;;;12;4
1;153;161.4765625;8.4765625;9;4;68.0;779;0;Samaha et al. (2019);Experiment 1;Orientation;1;39;;;;;;;13;4
1;63;68.0078125;5.0078125;9;4;90.0;780;0;Samaha et al. (2019);Experiment 1;Orientation;1;39;;;;;;;14;4
1;169;168.46875;-0.53125;9;4;74.0;781;0;Samaha et al. (2019);Experiment 1;Orientation;1;39;;;;;;;15;4
1;32;47.015625;15.015625;9;4;-43.0;782;1;Samaha et al. (2019);Experiment 1;Orientation;1;40;;;;;;;17;4
1;16;42.9609375;26.9609375;9;4;16.0;783;1;Samaha et al. (2019);Experiment 1;Orientation;1;40;;;;;;;18;4
1;146;134.453125;-11.546875;9;4;50.0;784;1;Samaha et al. (2019);Experiment 1;Orientation;1;40;;;;;;;19;4
1;99;93.671875;-5.328125;9;4;47.0;785;0;Samaha et al. (2019);Experiment 1;Orientation;1;39;;;;;;;16;4
1;44;41.1953125;-2.8046875;9;4;55.0;786;0;Samaha et al. (2019);Experiment 1;Orientation;1;39;;;;;;;17;4
1;177;46.3359375;49.3359375;9;4;47.0;787;0;Samaha et al. (2019);Experiment 1;Orientation;1;39;;;;;;;18;4
1;102;112.4140625;10.4140625;9;4;75.0;788;1;Samaha et al. (2019);Experiment 1;Orientation;1;40;;;;;;;20;4
1;161;155.390625;-5.609375;9;4;-59.0;789;1;Samaha et al. (2019);Experiment 1;Orientation;1;40;;;;;;;21;4
1;71;64.53125;-6.46875;9;4;90.0;790;0;Samaha et al. (2019);Experiment 1;Orientation;1;39;;;;;;;19;4
1;66;86.8671875;20.8671875;9;4;5.0;791;0;Samaha et al. (2019);Experiment 1;Orientation;1;39;;;;;;;20;4
1;156;136.7109375;-19.2890625;9;4;-90.0;792;1;Samaha et al. (2019);Experiment 1;Orientation;1;40;;;;;;;22;4
1;3;80.21875;77.21875;9;4;-27.0;793;0;Samaha et al. (2019);Experiment 1;Orientation;1;39;;;;;;;21;4
1;105;120.5859375;15.5859375;9;4;78.0;794;0;Samaha et al. (2019);Experiment 1;Orientation;1;39;;;;;;;22;4
1;149;151.40625;2.40625;9;4;-44.0;795;1;Samaha et al. (2019);Experiment 1;Orientation;1;40;;;;;;;23;4
1;36;50.9765625;14.9765625;9;4;-67.0;796;1;Samaha et al. (2019);Experiment 1;Orientation;1;40;;;;;;;24;4
1;147;136.3203125;-10.6796875;9;4;69.0;797;1;Samaha et al. (2019);Experiment 1;Orientation;1;40;;;;;;;25;4
1;133;118.484375;-14.515625;9;4;14.0;798;0;Samaha et al. (2019);Experiment 1;Orientation;1;39;;;;;;;23;4
1;102;107.2578125;5.2578125;9;4;31.0;799;0;Samaha et al. (2019);Experiment 1;Orientation;1;39;;;;;;;24;4
1;49;39.8046875;-9.1953125;9;4;53.0;800;1;Samaha et al. (2019);Experiment 1;Orientation;1;40;;;;;;;26;4
1;67;59.109375;-7.890625;9;4;-18.0;801;1;Samaha et al. (2019);Experiment 1;Orientation;1;40;;;;;;;27;4
1;167;159.875;-7.125;9;4;80.0;802;1;Samaha et al. (2019);Experiment 1;Orientation;1;40;;;;;;;28;4
1;93;99.59375;6.59375;9;4;74.0;803;1;Samaha et al. (2019);Experiment 1;Orientation;1;40;;;;;;;29;4
1;62;57.890625;-4.109375;9;4;31.0;804;0;Samaha et al. (2019);Experiment 1;Orientation;1;39;;;;;;;25;4
1;86;77.078125;-8.921875;9;4;-24.0;805;0;Samaha et al. (2019);Experiment 1;Orientation;1;39;;;;;;;26;4
1;106;124.5625;18.5625;9;4;-20.0;806;0;Samaha et al. (2019);Experiment 1;Orientation;1;39;;;;;;;27;4
1;77;73.671875;-3.328125;9;4;29.0;807;1;Samaha et al. (2019);Experiment 1;Orientation;1;40;;;;;;;30;4
1;3;76.7109375;73.7109375;9;4;74.0;808;1;Samaha et al. (2019);Experiment 1;Orientation;1;40;;;;;;;31;4
1;71;53.2734375;-17.7265625;9;4;-68.0;809;1;Samaha et al. (2019);Experiment 1;Orientation;1;40;;;;;;;32;4
1;126;130.8125;4.8125;9;4;-55.0;810;1;Samaha et al. (2019);Experiment 1;Orientation;1;40;;;;;;;33;4
1;126;130.8125;4.8125;9;4;0.0;811;0;Samaha et al. (2019);Experiment 1;Orientation;1;39;;;;;;;28;4
1;95;98.546875;3.546875;9;5;31.0;1001;1;Samaha et al. (2019);Experiment 1;Orientation;1;40;;;;;;;1;5
1;17;59.7734375;42.7734375;9;5;78.0;1002;0;Samaha et al. (2019);Experiment 1;Orientation;1;39;;;;;;;1;5
1;63;57.34375;-5.65625;9;5;-46.0;1003;0;Samaha et al. (2019);Experiment 1;Orientation;1;39;;;;;;;2;5
1;119;124.3203125;5.3203125;9;5;-56.0;1004;1;Samaha et al. (2019);Experiment 1;Orientation;1;40;;;;;;;2;5
1;161;151.1953125;-9.8046875;9;5;-42.0;1005;0;Samaha et al. (2019);Experiment 1;Orientation;1;39;;;;;;;3;5
1;88;83.5390625;-4.4609375;9;5;73.0;1006;1;Samaha et al. (2019);Experiment 1;Orientation;1;40;;;;;;;3;5
1;143;139.390625;-3.609375;9;5;-55.0;1007;1;Samaha et al. (2019);Experiment 1;Orientation;1;40;;;;;;;4;5
1;60;61.921875;1.921875;9;5;83.0;1008;0;Samaha et al. (2019);Experiment 1;Orientation;1;39;;;;;;;4;5
1;165;151.5078125;-13.4921875;9;5;75.0;1009;1;Samaha et al. (2019);Experiment 1;Orientation;1;40;;;;;;;5;5
1;83;73.640625;-9.359375;9;5;82.0;1010;1;Samaha et al. (2019);Experiment 1;Orientation;1;40;;;;;;;6;5
1;18;13.140625;-4.859375;9;5;65.0;1011;1;Samaha et al. (2019);Experiment 1;Orientation;1;40;;;;;;;7;5
1;30;20.0;-10.0;9;5;-12.0;1012;1;Samaha et al. (2019);Experiment 1;Orientation;1;40;;;;;;;8;5
1;117;133.390625;16.390625;9;5;-87.0;1013;1;Samaha et al. (2019);Experiment 1;Orientation;1;40;;;;;;;9;5
1;74;92.3671875;18.3671875;9;5;43.0;1014;1;Samaha et al. (2019);Experiment 1;Orientation;1;40;;;;;;;10;5
1;43;51.953125;8.953125;9;5;31.0;1015;0;Samaha et al. (2019);Experiment 1;Orientation;1;39;;;;;;;5;5
1;172;139.96875;-32.03125;9;5;51.0;1016;1;Samaha et al. (2019);Experiment 1;Orientation;1;40;;;;;;;11;5
1;121;134.0859375;13.0859375;9;5;51.0;1017;0;Samaha et al. (2019);Experiment 1;Orientation;1;39;;;;;;;6;5
1;110;110.203125;0.203125;9;5;11.0;1018;1;Samaha et al. (2019);Experiment 1;Orientation;1;40;;;;;;;12;5
1;99;111.984375;12.984375;9;5;11.0;1019;0;Samaha et al. (2019);Experiment 1;Orientation;1;39;;;;;;;7;5
1;39;117.296875;78.296875;9;5;60.0;1020;0;Samaha et al. (2019);Experiment 1;Orientation;1;39;;;;;;;8;5
1;42;50.3359375;8.3359375;9;5;-3.0;1021;0;Samaha et al. (2019);Experiment 1;Orientation;1;39;;;;;;;9;5
1;103;120.0;17.0;9;5;-61.0;1022;1;Samaha et al. (2019);Experiment 1;Orientation;1;40;;;;;;;13;5
1;11;12.25;1.25;9;5;-88.0;1023;0;Samaha et al. (2019);Experiment 1;Orientation;1;39;;;;;;;10;5
1;77;61.8515625;-15.1484375;9;5;-66.0;1024;1;Samaha et al. (2019);Experiment 1;Orientation;1;40;;;;;;;14;5
1;148;137.1796875;-10.8203125;9;5;-71.0;1025;0;Samaha et al. (2019);Experiment 1;Orientation;1;39;;;;;;;11;5
1;15;49.421875;34.421875;9;5;-47.0;1026;0;Samaha et al. (2019);Experiment 1;Orientation;1;39;;;;;;;12;5
1;5;21.953125;16.953125;9;5;10.0;1027;0;Samaha et al. (2019);Experiment 1;Orientation;1;39;;;;;;;13;5
1;20;20.3828125;0.3828125;9;5;-15.0;1028;1;Samaha et al. (2019);Experiment 1;Orientation;1;40;;;;;;;15;5
1;98;102.6171875;4.6171875;9;5;-78.0;1029;0;Samaha et al. (2019);Experiment 1;Orientation;1;39;;;;;;;14;5
1;14;24.3984375;10.3984375;9;5;84.0;1030;1;Samaha et al. (2019);Experiment 1;Orientation;1;40;;;;;;;16;5
1;106;106.9765625;0.9765625;9;5;88.0;1031;0;Samaha et al. (2019);Experiment 1;Orientation;1;39;;;;;;;15;5
1;6;16.6953125;10.6953125;9;5;-80.0;1032;0;Samaha et al. (2019);Experiment 1;Orientation;1;39;;;;;;;16;5
1;64;143.328125;79.328125;9;5;-58.0;1033;0;Samaha et al. (2019);Experiment 1;Orientation;1;39;;;;;;;17;5
1;147;137.046875;-9.953125;9;5;-83.0;1034;0;Samaha et al. (2019);Experiment 1;Orientation;1;39;;;;;;;18;5
1;34;40.6796875;6.6796875;9;5;-67.0;1035;1;Samaha et al. (2019);Experiment 1;Orientation;1;40;;;;;;;17;5
1;97;104.0;7.0;9;5;-63.0;1036;1;Samaha et al. (2019);Experiment 1;Orientation;1;40;;;;;;;18;5
1;126;133.4765625;7.4765625;9;5;-29.0;1037;0;Samaha et al. (2019);Experiment 1;Orientation;1;39;;;;;;;19;5
1;107;110.453125;3.453125;9;5;19.0;1038;0;Samaha et al. (2019);Experiment 1;Orientation;1;39;;;;;;;20;5
1;38;7.09375;-30.90625;9;5;69.0;1039;0;Samaha et al. (2019);Experiment 1;Orientation;1;39;;;;;;;21;5
1;67;72.484375;5.484375;9;5;-29.0;1040;0;Samaha et al. (2019);Experiment 1;Orientation;1;39;;;;;;;22;5
1;88;78.7109375;-9.2890625;9;5;-21.0;1041;1;Samaha et al. (2019);Experiment 1;Orientation;1;40;;;;;;;19;5
1;122;166.3984375;44.3984375;9;5;-34.0;1042;1;Samaha et al. (2019);Experiment 1;Orientation;1;40;;;;;;;20;5
1;116;111.7890625;-4.2109375;9;5;6.0;1043;1;Samaha et al. (2019);Experiment 1;Orientation;1;40;;;;;;;21;5
1;90;14.5625;-75.4375;9;5;26.0;1044;1;Samaha et al. (2019);Experiment 1;Orientation;1;40;;;;;;;22;5
1;131;132.6171875;1.6171875;9;5;-41.0;1045;1;Samaha et al. (2019);Experiment 1;Orientation;1;40;;;;;;;23;5
1;68;43.984375;-24.015625;9;5;63.0;1046;0;Samaha et al. (2019);Experiment 1;Orientation;1;39;;;;;;;23;5
1;37;43.125;6.125;9;5;31.0;1047;0;Samaha et al. (2019);Experiment 1;Orientation;1;39;;;;;;;24;5
1;86;63.671875;-22.328125;9;5;-49.0;1048;0;Samaha et al. (2019);Experiment 1;Orientation;1;39;;;;;;;25;5
1;125;139.9375;14.9375;9;5;-39.0;1049;0;Samaha et al. (2019);Experiment 1;Orientation;1;39;;;;;;;26;5
1;7;122.6484375;-64.3515625;9;5;-62.0;1050;0;Samaha et al. (2019);Experiment 1;Orientation;1;39;;;;;;;27;5
1;8;56.0703125;48.0703125;9;5;-1.0;1051;1;Samaha et al. (2019);Experiment 1;Orientation;1;40;;;;;;;24;5
1;76;67.703125;-8.296875;9;5;-68.0;1052;0;Samaha et al. (2019);Experiment 1;Orientation;1;39;;;;;;;28;5
1;97;82.8671875;-14.1328125;9;5;-21.0;1053;0;Samaha et al. (2019);Experiment 1;Orientation;1;39;;;;;;;29;5
1;68;48.453125;-19.546875;9;5;29.0;1054;0;Samaha et al. (2019);Experiment 1;Orientation;1;39;;;;;;;30;5
1;31;149.1640625;-61.8359375;9;5;37.0;1055;1;Samaha et al. (2019);Experiment 1;Orientation;1;40;;;;;;;25;5
1;177;62.171875;65.171875;9;5;34.0;1056;1;Samaha et al. (2019);Experiment 1;Orientation;1;40;;;;;;;26;5
1;102;113.359375;11.359375;9;5;75.0;1057;1;Samaha et al. (2019);Experiment 1;Orientation;1;40;;;;;;;27;5
1;44;51.8203125;7.8203125;9;5;58.0;1058;0;Samaha et al. (2019);Experiment 1;Orientation;1;39;;;;;;;31;5
1;155;40.0;65.0;9;5;69.0;1059;0;Samaha et al. (2019);Experiment 1;Orientation;1;39;;;;;;;32;5
1;120;119.4765625;-0.5234375;9;5;35.0;1060;1;Samaha et al. (2019);Experiment 1;Orientation;1;40;;;;;;;28;5
1;120;119.4765625;-0.5234375;9;5;0.0;1061;1;Samaha et al. (2019);Experiment 1;Orientation;1;40;;;;;;;29;5
2;168;39.8359375;51.8359375;9;1;-48.0;1;0;Samaha et al. (2019);Experiment 1;Orientation;1;39;;;;;;;1;1
2;129;137.7578125;8.7578125;9;1;39.0;2;0;Samaha et al. (2019);Experiment 1;Orientation;1;39;;;;;;;2;1
2;73;58.3515625;-14.6484375;9;1;56.0;3;0;Samaha et al. (2019);Experiment 1;Orientation;1;39;;;;;;;3;1
2;63;65.5703125;2.5703125;9;1;10.0;4;0;Samaha et al. (2019);Experiment 1;Orientation;1;39;;;;;;;4;1
2;16;120.0;-76.0;9;1;47.0;5;1;Samaha et al. (2019);Experiment 1;Orientation;1;40;;;;;;;1;1
2;149;136.8984375;-12.1015625;9;1;47.0;6;0;Samaha et al. (2019);Experiment 1;Orientation;1;39;;;;;;;5;1
2;87;45.984375;-41.015625;9;1;62.0;7;0;Samaha et al. (2019);Experiment 1;Orientation;1;39;;;;;;;6;1
2;51;60.0;9.0;9;1;36.0;8;0;Samaha et al. (2019);Experiment 1;Orientation;1;39;;;;;;;7;1
2;26;39.8046875;13.8046875;9;1;25.0;9;0;Samaha et al. (2019);Experiment 1;Orientation;1;39;;;;;;;8;1
2;144;145.8046875;1.8046875;9;1;62.0;10;1;Samaha et al. (2019);Experiment 1;Orientation;1;40;;;;;;;2;1
2;104;101.640625;-2.359375;9;1;40.0;11;1;Samaha et al. (2019);Experiment 1;Orientation;1;40;;;;;;;3;1
2;18;61.2578125;43.2578125;9;1;86.0;12;1;Samaha et al. (2019);Experiment 1;Orientation;1;40;;;;;;;4;1
2;62;55.875;-6.125;9;1;-44.0;13;0;Samaha et al. (2019);Experiment 1;Orientation;1;39;;;;;;;9;1
2;36;154.5;-61.5;9;1;26.0;14;0;Samaha et al. (2019);Experiment 1;Orientation;1;39;;;;;;;10;1
2;33;32.0234375;-0.9765625;9;1;3.0;15;0;Samaha et al. (2019);Experiment 1;Orientation;1;39;;;;;;;11;1
2;130;141.2890625;11.2890625;9;1;83.0;16;1;Samaha et al. (2019);Experiment 1;Orientation;1;40;;;;;;;5;1
2;101;80.0859375;-20.9140625;9;1;29.0;17;1;Samaha et al. (2019);Experiment 1;Orientation;1;40;;;;;;;6;1
2;24;41.328125;17.328125;9;1;77.0;18;1;Samaha et al. (2019);Experiment 1;Orientation;1;40;;;;;;;7;1
2;19;19.03125;0.03125;9;1;5.0;19;1;Samaha et al. (2019);Experiment 1;Orientation;1;40;;;;;;;8;1
2;170;159.40625;-10.59375;9;1;29.0;20;1;Samaha et al. (2019);Experiment 1;Orientation;1;40;;;;;;;9;1
2;169;31.890625;42.890625;9;1;1.0;21;0;Samaha et al. (2019);Experiment 1;Orientation;1;39;;;;;;;12;1
2;123;131.1640625;8.1640625;9;1;46.0;22;0;Samaha et al. (2019);Experiment 1;Orientation;1;39;;;;;;;13;1
2;176;104.0546875;-71.9453125;9;1;-53.0;23;0;Samaha et al. (2019);Experiment 1;Orientation;1;39;;;;;;;14;1
2;152;108.8828125;-43.1171875;9;1;24.0;24;0;Samaha et al. (2019);Experiment 1;Orientation;1;39;;;;;;;15;1
2;176;7.8046875;11.8046875;9;1;-24.0;25;0;Samaha et al. (2019);Experiment 1;Orientation;1;39;;;;;;;16;1
2;29;119.125;-89.875;9;1;-33.0;26;1;Samaha et al. (2019);Experiment 1;Orientation;1;40;;;;;;;10;1
2;119;127.8359375;8.8359375;9;1;-90.0;27;1;Samaha et al. (2019);Experiment 1;Orientation;1;40;;;;;;;11;1
2;162;128.265625;-33.734375;9;1;-43.0;28;1;Samaha et al. (2019);Experiment 1;Orientation;1;40;;;;;;;12;1
2;104;104.6171875;0.6171875;9;1;58.0;29;0;Samaha et al. (2019);Experiment 1;Orientation;1;39;;;;;;;17;1
2;145;147.390625;2.390625;9;1;-41.0;30;0;Samaha et al. (2019);Experiment 1;Orientation;1;39;;;;;;;18;1
2;87;103.2265625;16.2265625;9;1;58.0;31;1;Samaha et al. (2019);Experiment 1;Orientation;1;40;;;;;;;13;1
2;44;36.0546875;-7.9453125;9;1;43.0;32;1;Samaha et al. (2019);Experiment 1;Orientation;1;40;;;;;;;14;1
2;130;146.0;16.0;9;1;-86.0;33;0;Samaha et al. (2019);Experiment 1;Orientation;1;39;;;;;;;19;1
2;30;20.0;-10.0;9;1;-80.0;34;1;Samaha et al. (2019);Experiment 1;Orientation;1;40;;;;;;;15;1
2;120;137.953125;17.953125;9;1;-90.0;35;1;Samaha et al. (2019);Experiment 1;Orientation;1;40;;;;;;;16;1
2;143;148.7109375;5.7109375;9;1;-23.0;36;0;Samaha et al. (2019);Experiment 1;Orientation;1;39;;;;;;;20;1
2;84;110.0;26.0;9;1;59.0;37;0;Samaha et al. (2019);Experiment 1;Orientation;1;39;;;;;;;21;1
2;100;75.5546875;-24.4453125;9;1;-16.0;38;0;Samaha et al. (2019);Experiment 1;Orientation;1;39;;;;;;;22;1
2;123;115.5546875;-7.4453125;9;1;-23.0;39;0;Samaha et al. (2019);Experiment 1;Orientation;1;39;;;;;;;23;1
2;151;134.0859375;-16.9140625;9;1;-28.0;40;0;Samaha et al. (2019);Experiment 1;Orientation;1;39;;;;;;;24;1
2;2;10.9921875;8.9921875;9;1;-31.0;41;0;Samaha et al. (2019);Experiment 1;Orientation;1;39;;;;;;;25;1
2;94;24.78125;-69.21875;9;1;88.0;42;1;Samaha et al. (2019);Experiment 1;Orientation;1;40;;;;;;;17;1
2;71;76.9765625;5.9765625;9;1;23.0;43;1;Samaha et al. (2019);Experiment 1;Orientation;1;40;;;;;;;18;1
2;165;148.9140625;-16.0859375;9;1;86.0;44;1;Samaha et al. (2019);Experiment 1;Orientation;1;40;;;;;;;19;1
2;175;160.6953125;-14.3046875;9;1;-10.0;45;0;Samaha et al. (2019);Experiment 1;Orientation;1;39;;;;;;;26;1
2;74;67.34375;-6.65625;9;1;-79.0;46;1;Samaha et al. (2019);Experiment 1;Orientation;1;40;;;;;;;20;1
2;65;151.4609375;86.4609375;9;1;9.0;47;1;Samaha et al. (2019);Experiment 1;Orientation;1;40;;;;;;;21;1
2;159;24.3359375;45.3359375;9;1;86.0;48;1;Samaha et al. (2019);Experiment 1;Orientation;1;40;;;;;;;22;1
2;89;65.7265625;-23.2734375;9;1;70.0;49;1;Samaha et al. (2019);Experiment 1;Orientation;1;40;;;;;;;23;1
2;69;65.96875;-3.03125;9;1;20.0;50;1;Samaha et al. (2019);Experiment 1;Orientation;1;40;;;;;;;24;1
2;135;145.65625;10.65625;9;1;-66.0;51;0;Samaha et al. (2019);Experiment 1;Orientation;1;39;;;;;;;27;1
2;33;35.2265625;2.2265625;9;1;-78.0;52;0;Samaha et al. (2019);Experiment 1;Orientation;1;39;;;;;;;28;1
2;51;43.09375;-7.90625;9;1;-18.0;53;1;Samaha et al. (2019);Experiment 1;Orientation;1;40;;;;;;;25;1
2;122;41.2578125;-80.7421875;9;1;-71.0;54;0;Samaha et al. (2019);Experiment 1;Orientation;1;39;;;;;;;29;1
2;117;125.7890625;8.7890625;9;1;5.0;55;1;Samaha et al. (2019);Experiment 1;Orientation;1;40;;;;;;;26;1
2;11;31.4453125;20.4453125;9;1;-74.0;56;0;Samaha et al. (2019);Experiment 1;Orientation;1;39;;;;;;;30;1
2;98;111.4765625;13.4765625;9;1;-87.0;57;1;Samaha et al. (2019);Experiment 1;Orientation;1;40;;;;;;;27;1
2;101;45.9375;-55.0625;9;1;-3.0;58;1;Samaha et al. (2019);Experiment 1;Orientation;1;40;;;;;;;28;1
2;132;36.1015625;84.1015625;9;1;-31.0;59;1;Samaha et al. (2019);Experiment 1;Orientation;1;40;;;;;;;29;1
2;29;37.2421875;8.2421875;9;1;-77.0;60;0;Samaha et al. (2019);Experiment 1;Orientation;1;39;;;;;;;31;1
2;29;37.2421875;8.2421875;9;1;0.0;61;1;Samaha et al. (2019);Experiment 1;Orientation;1;40;;;;;;;30;1
2;70;64.0;-6.0;9;2;-41.0;251;0;Samaha et al. (2019);Experiment 1;Orientation;1;39;;;;;;;1;2
2;92;54.53125;-37.46875;9;2;-22.0;252;0;Samaha et al. (2019);Experiment 1;Orientation;1;39;;;;;;;2;2
2;179;58.9453125;59.9453125;9;2;-87.0;253;1;Samaha et al. (2019);Experiment 1;Orientation;1;40;;;;;;;1;2
2;151;146.828125;-4.171875;9;2;28.0;254;1;Samaha et al. (2019);Experiment 1;Orientation;1;40;;;;;;;2;2
2;99;57.625;-41.375;9;2;52.0;255;0;Samaha et al. (2019);Experiment 1;Orientation;1;39;;;;;;;3;2
2;57;46.3671875;-10.6328125;9;2;42.0;256;0;Samaha et al. (2019);Experiment 1;Orientation;1;39;;;;;;;4;2
2;142;144.78125;2.78125;9;2;-85.0;257;0;Samaha et al. (2019);Experiment 1;Orientation;1;39;;;;;;;5;2
2;84;66.0;-18.0;9;2;58.0;258;1;Samaha et al. (2019);Experiment 1;Orientation;1;40;;;;;;;3;2
2;132;139.390625;7.390625;9;2;-48.0;259;1;Samaha et al. (2019);Experiment 1;Orientation;1;40;;;;;;;4;2
2;100;26.9140625;-73.0859375;9;2;32.0;260;1;Samaha et al. (2019);Experiment 1;Orientation;1;40;;;;;;;5;2
2;94;112.6953125;18.6953125;9;2;6.0;261;0;Samaha et al. (2019);Experiment 1;Orientation;1;39;;;;;;;6;2
2;28;58.6953125;30.6953125;9;2;66.0;262;0;Samaha et al. (2019);Experiment 1;Orientation;1;39;;;;;;;7;2
2;44;67.5078125;23.5078125;9;2;-16.0;263;1;Samaha et al. (2019);Experiment 1;Orientation;1;40;;;;;;;6;2
2;87;139.34375;52.34375;9;2;-43.0;264;0;Samaha et al. (2019);Experiment 1;Orientation;1;39;;;;;;;8;2
2;88;126.0;38.0;9;2;-1.0;265;0;Samaha et al. (2019);Experiment 1;Orientation;1;39;;;;;;;9;2
2;171;44.75;53.75;9;2;-83.0;266;0;Samaha et al. (2019);Experiment 1;Orientation;1;39;;;;;;;10;2
2;35;119.984375;84.984375;9;2;-44.0;267;1;Samaha et al. (2019);Experiment 1;Orientation;1;40;;;;;;;7;2
2;142;137.1953125;-4.8046875;9;2;73.0;268;0;Samaha et al. (2019);Experiment 1;Orientation;1;39;;;;;;;11;2
2;66;124.0;58.0;9;2;76.0;269;0;Samaha et al. (2019);Experiment 1;Orientation;1;39;;;;;;;12;2
2;153;130.515625;-22.484375;9;2;-87.0;270;1;Samaha et al. (2019);Experiment 1;Orientation;1;40;;;;;;;8;2
2;23;28.453125;5.453125;9;2;-50.0;271;1;Samaha et al. (2019);Experiment 1;Orientation;1;40;;;;;;;9;2
2;74;42.5625;-31.4375;9;2;-51.0;272;1;Samaha et al. (2019);Experiment 1;Orientation;1;40;;;;;;;10;2
2;32;27.03125;-4.96875;9;2;42.0;273;1;Samaha et al. (2019);Experiment 1;Orientation;1;40;;;;;;;11;2
2;23;37.8359375;14.8359375;9;2;9.0;274;0;Samaha et al. (2019);Experiment 1;Orientation;1;39;;;;;;;13;2
2;162;40.15625;58.15625;9;2;41.0;275;1;Samaha et al. (2019);Experiment 1;Orientation;1;40;;;;;;;12;2
2;159;42.0;63.0;9;2;3.0;276;1;Samaha et al. (2019);Experiment 1;Orientation;1;40;;;;;;;13;2
2;28;27.5546875;-0.4453125;9;2;-49.0;277;0;Samaha et al. (2019);Experiment 1;Orientation;1;39;;;;;;;14;2
2;6;44.6640625;38.6640625;9;2;22.0;278;1;Samaha et al. (2019);Experiment 1;Orientation;1;40;;;;;;;14;2
2;2;135.2421875;-46.7578125;9;2;4.0;279;0;Samaha et al. (2019);Experiment 1;Orientation;1;39;;;;;;;15;2
2;139;159.296875;20.296875;9;2;43.0;280;1;Samaha et al. (2019);Experiment 1;Orientation;1;40;;;;;;;15;2
2;176;16.171875;20.171875;9;2;-37.0;281;0;Samaha et al. (2019);Experiment 1;Orientation;1;39;;;;;;;16;2
2;144;135.6875;-8.3125;9;2;32.0;282;1;Samaha et al. (2019);Experiment 1;Orientation;1;40;;;;;;;16;2
2;91;72.1015625;-18.8984375;9;2;53.0;283;1;Samaha et al. (2019);Experiment 1;Orientation;1;40;;;;;;;17;2
2;46;43.96875;-2.03125;9;2;45.0;284;0;Samaha et al. (2019);Experiment 1;Orientation;1;39;;;;;;;17;2
2;59;59.34375;0.34375;9;2;-13.0;285;1;Samaha et al. (2019);Experiment 1;Orientation;1;40;;;;;;;18;2
2;172;163.1796875;-8.8203125;9;2;67.0;286;1;Samaha et al. (2019);Experiment 1;Orientation;1;40;;;;;;;19;2
2;165;161.8046875;-3.1953125;9;2;7.0;287;0;Samaha et al. (2019);Experiment 1;Orientation;1;39;;;;;;;18;2
2;125;153.5390625;28.5390625;9;2;40.0;288;1;Samaha et al. (2019);Experiment 1;Orientation;1;40;;;;;;;20;2
2;147;138.3203125;-8.6796875;9;2;-22.0;289;1;Samaha et al. (2019);Experiment 1;Orientation;1;40;;;;;;;21;2
2;68;46.75;-21.25;9;2;79.0;290;1;Samaha et al. (2019);Experiment 1;Orientation;1;40;;;;;;;22;2
2;21;77.59375;56.59375;9;2;47.0;291;0;Samaha et al. (2019);Experiment 1;Orientation;1;39;;;;;;;19;2
2;118;123.90625;5.90625;9;2;83.0;292;0;Samaha et al. (2019);Experiment 1;Orientation;1;39;;;;;;;20;2
2;28;29.390625;1.390625;9;2;90.0;293;1;Samaha et al. (2019);Experiment 1;Orientation;1;40;;;;;;;23;2
2;177;100.0;-77.0;9;2;31.0;294;0;Samaha et al. (2019);Experiment 1;Orientation;1;39;;;;;;;21;2
2;131;147.984375;16.984375;9;2;46.0;295;1;Samaha et al. (2019);Experiment 1;Orientation;1;40;;;;;;;24;2
2;107;110.6171875;3.6171875;9;2;24.0;296;0;Samaha et al. (2019);Experiment 1;Orientation;1;39;;;;;;;22;2
2;84;68.9609375;-15.0390625;9;2;23.0;297;0;Samaha et al. (2019);Experiment 1;Orientation;1;39;;;;;;;23;2
2;84;74.0;-10.0;9;2;0.0;298;1;Samaha et al. (2019);Experiment 1;Orientation;1;40;;;;;;;25;2
2;28;23.7734375;-4.2265625;9;2;56.0;299;0;Samaha et al. (2019);Experiment 1;Orientation;1;39;;;;;;;24;2
2;141;143.2734375;2.2734375;9;2;67.0;300;1;Samaha et al. (2019);Experiment 1;Orientation;1;40;;;;;;;26;2
2;167;35.015625;48.015625;9;2;-26.0;301;0;Samaha et al. (2019);Experiment 1;Orientation;1;39;;;;;;;25;2
2;44;33.5234375;-10.4765625;9;2;-57.0;302;1;Samaha et al. (2019);Experiment 1;Orientation;1;40;;;;;;;27;2
2;13;28.8828125;15.8828125;9;2;31.0;303;0;Samaha et al. (2019);Experiment 1;Orientation;1;39;;;;;;;26;2
2;44;39.625;-4.375;9;2;-31.0;304;0;Samaha et al. (2019);Experiment 1;Orientation;1;39;;;;;;;27;2
2;151;139.4609375;-11.5390625;9;2;73.0;305;1;Samaha et al. (2019);Experiment 1;Orientation;1;40;;;;;;;28;2
2;35;35.7578125;0.7578125;9;2;-64.0;306;1;Samaha et al. (2019);Experiment 1;Orientation;1;40;;;;;;;29;2
2;91;130.9921875;39.9921875;9;2;-56.0;307;1;Samaha et al. (2019);Experiment 1;Orientation;1;40;;;;;;;30;2
2;105;130.6640625;25.6640625;9;2;-14.0;308;0;Samaha et al. (2019);Experiment 1;Orientation;1;39;;;;;;;28;2
2;67;41.8359375;-25.1640625;9;2;38.0;309;1;Samaha et al. (2019);Experiment 1;Orientation;1;40;;;;;;;31;2
2;5;42.9609375;37.9609375;9;2;62.0;310;0;Samaha et al. (2019);Experiment 1;Orientation;1;39;;;;;;;29;2
2;5;42.9609375;37.9609375;9;2;0.0;311;0;Samaha et al. (2019);Experiment 1;Orientation;1;39;;;;;;;30;2
2;113;128.6796875;15.6796875;9;3;72.0;501;1;Samaha et al. (2019);Experiment 1;Orientation;1;40;;;;;;;1;3
2;146;141.7890625;-4.2109375;9;3;-33.0;502;0;Samaha et al. (2019);Experiment 1;Orientation;1;39;;;;;;;1;3
2;27;145.953125;-61.046875;9;3;-61.0;503;1;Samaha et al. (2019);Experiment 1;Orientation;1;40;;;;;;;2;3
2;91;124.3046875;33.3046875;9;3;-64.0;504;0;Samaha et al. (2019);Experiment 1;Orientation;1;39;;;;;;;2;3
2;84;78.6328125;-5.3671875;9;3;7.0;505;1;Samaha et al. (2019);Experiment 1;Orientation;1;40;;;;;;;3;3
2;118;128.453125;10.453125;9;3;-34.0;506;0;Samaha et al. (2019);Experiment 1;Orientation;1;39;;;;;;;3;3
2;57;55.7578125;-1.2421875;9;3;61.0;507;1;Samaha et al. (2019);Experiment 1;Orientation;1;40;;;;;;;4;3
2;153;82.9296875;-70.0703125;9;3;84.0;508;0;Samaha et al. (2019);Experiment 1;Orientation;1;39;;;;;;;4;3
2;139;143.8359375;4.8359375;9;3;14.0;509;1;Samaha et al. (2019);Experiment 1;Orientation;1;40;;;;;;;5;3
2;65;103.359375;38.359375;9;3;74.0;510;0;Samaha et al. (2019);Experiment 1;Orientation;1;39;;;;;;;5;3
2;165;139.7265625;-25.2734375;9;3;80.0;511;0;Samaha et al. (2019);Experiment 1;Orientation;1;39;;;;;;;6;3
2;165;143.96875;-21.03125;9;3;0.0;512;0;Samaha et al. (2019);Experiment 1;Orientation;1;39;;;;;;;7;3
2;158;134.453125;-23.546875;9;3;7.0;513;1;Samaha et al. (2019);Experiment 1;Orientation;1;40;;;;;;;6;3
2;33;36.4375;3.4375;9;3;-55.0;514;0;Samaha et al. (2019);Experiment 1;Orientation;1;39;;;;;;;8;3
2;4;19.59375;15.59375;9;3;29.0;515;0;Samaha et al. (2019);Experiment 1;Orientation;1;39;;;;;;;9;3
2;101;111.5234375;10.5234375;9;3;83.0;516;0;Samaha et al. (2019);Experiment 1;Orientation;1;39;;;;;;;10;3
2;146;122.78125;-23.21875;9;3;-45.0;517;1;Samaha et al. (2019);Experiment 1;Orientation;1;40;;;;;;;7;3
2;172;104.234375;-67.765625;9;3;-26.0;518;0;Samaha et al. (2019);Experiment 1;Orientation;1;39;;;;;;;11;3
2;69;33.125;-35.875;9;3;-77.0;519;0;Samaha et al. (2019);Experiment 1;Orientation;1;39;;;;;;;12;3
2;35;4.0;-31.0;9;3;34.0;520;0;Samaha et al. (2019);Experiment 1;Orientation;1;39;;;;;;;13;3
2;127;137.7734375;10.7734375;9;3;88.0;521;1;Samaha et al. (2019);Experiment 1;Orientation;1;40;;;;;;;8;3
2;96;111.328125;15.328125;9;3;31.0;522;1;Samaha et al. (2019);Experiment 1;Orientation;1;40;;;;;;;9;3
2;75;107.4921875;32.4921875;9;3;21.0;523;0;Samaha et al. (2019);Experiment 1;Orientation;1;39;;;;;;;14;3
2;72;80.0;8.0;9;3;3.0;524;1;Samaha et al. (2019);Experiment 1;Orientation;1;40;;;;;;;10;3
2;149;143.421875;-5.578125;9;3;-77.0;525;1;Samaha et al. (2019);Experiment 1;Orientation;1;40;;;;;;;11;3
2;11;20.0078125;9.0078125;9;3;-42.0;526;0;Samaha et al. (2019);Experiment 1;Orientation;1;39;;;;;;;15;3
2;160;147.90625;-12.09375;9;3;31.0;527;1;Samaha et al. (2019);Experiment 1;Orientation;1;40;;;;;;;12;3
2;154;24.6328125;50.6328125;9;3;6.0;528;0;Samaha et al. (2019);Experiment 1;Orientation;1;39;;;;;;;16;3
2;156;149.1953125;-6.8046875;9;3;-2.0;529;0;Samaha et al. (2019);Experiment 1;Orientation;1;39;;;;;;;17;3
2;66;59.4765625;-6.5234375;9;3;90.0;530;1;Samaha et al. (2019);Experiment 1;Orientation;1;40;;;;;;;13;3
2;20;30.765625;10.765625;9;3;46.0;531;0;Samaha et al. (2019);Experiment 1;Orientation;1;39;;;;;;;18;3
2;162;111.390625;-50.609375;9;3;38.0;532;0;Samaha et al. (2019);Experiment 1;Orientation;1;39;;;;;;;19;3
2;22;28.75;6.75;9;3;-40.0;533;1;Samaha et al. (2019);Experiment 1;Orientation;1;40;;;;;;;14;3
2;113;116.546875;3.546875;9;3;89.0;534;0;Samaha et al. (2019);Experiment 1;Orientation;1;39;;;;;;;20;3
2;8;26.828125;18.828125;9;3;-75.0;535;1;Samaha et al. (2019);Experiment 1;Orientation;1;40;;;;;;;15;3
2;8;37.1796875;29.1796875;9;3;0.0;536;0;Samaha et al. (2019);Experiment 1;Orientation;1;39;;;;;;;21;3
2;13;41.046875;28.046875;9;3;-5.0;537;1;Samaha et al. (2019);Experiment 1;Orientation;1;40;;;;;;;16;3
2;108;25.90625;-82.09375;9;3;85.0;538;0;Samaha et al. (2019);Experiment 1;Orientation;1;39;;;;;;;22;3
2;121;163.09375;42.09375;9;3;-13.0;539;1;Samaha et al. (2019);Experiment 1;Orientation;1;40;;;;;;;17;3
2;22;24.28125;2.28125;9;3;-81.0;540;1;Samaha et al. (2019);Experiment 1;Orientation;1;40;;;;;;;18;3
2;116;103.5234375;-12.4765625;9;3;86.0;541;0;Samaha et al. (2019);Experiment 1;Orientation;1;39;;;;;;;23;3
2;114;37.953125;-76.046875;9;3;2.0;542;1;Samaha et al. (2019);Experiment 1;Orientation;1;40;;;;;;;19;3
2;19;38.0;19.0;9;3;-85.0;543;1;Samaha et al. (2019);Experiment 1;Orientation;1;40;;;;;;;20;3
2;27;17.4765625;-9.5234375;9;3;-8.0;544;1;Samaha et al. (2019);Experiment 1;Orientation;1;40;;;;;;;21;3
2;97;49.953125;-47.046875;9;3;-70.0;545;1;Samaha et al. (2019);Experiment 1;Orientation;1;40;;;;;;;22;3
2;15;29.59375;14.59375;9;3;82.0;546;1;Samaha et al. (2019);Experiment 1;Orientation;1;40;;;;;;;23;3
2;101;122.8828125;21.8828125;9;3;-86.0;547;1;Samaha et al. (2019);Experiment 1;Orientation;1;40;;;;;;;24;3
2;42;19.640625;-22.359375;9;3;59.0;548;1;Samaha et al. (2019);Experiment 1;Orientation;1;40;;;;;;;25;3
2;52;39.4453125;-12.5546875;9;3;-10.0;549;0;Samaha et al. (2019);Experiment 1;Orientation;1;39;;;;;;;24;3
2;28;33.5703125;5.5703125;9;3;24.0;550;1;Samaha et al. (2019);Experiment 1;Orientation;1;40;;;;;;;26;3
2;74;68.5859375;-5.4140625;9;3;-46.0;551;1;Samaha et al. (2019);Experiment 1;Orientation;1;40;;;;;;;27;3
2;156;143.65625;-12.34375;9;3;-82.0;552;0;Samaha et al. (2019);Experiment 1;Orientation;1;39;;;;;;;25;3
2;132;97.2265625;-34.7734375;9;3;24.0;553;0;Samaha et al. (2019);Experiment 1;Orientation;1;39;;;;;;;26;3
2;77;71.6875;-5.3125;9;3;55.0;554;0;Samaha et al. (2019);Experiment 1;Orientation;1;39;;;;;;;27;3
2;59;129.7734375;70.7734375;9;3;18.0;555;1;Samaha et al. (2019);Experiment 1;Orientation;1;40;;;;;;;28;3
2;5;145.390625;-39.609375;9;3;54.0;556;0;Samaha et al. (2019);Experiment 1;Orientation;1;39;;;;;;;28;3
2;37;30.4296875;-6.5703125;9;3;-32.0;557;0;Samaha et al. (2019);Experiment 1;Orientation;1;39;;;;;;;29;3
2;0;12.1171875;12.1171875;9;3;37.0;558;1;Samaha et al. (2019);Experiment 1;Orientation;1;40;;;;;;;29;3
2;169;127.125;-41.875;9;3;11.0;559;0;Samaha et al. (2019);Experiment 1;Orientation;1;39;;;;;;;30;3
2;89;110.515625;21.515625;9;3;80.0;560;1;Samaha et al. (2019);Experiment 1;Orientation;1;40;;;;;;;30;3
2;89;110.515625;21.515625;9;3;0.0;561;0;Samaha et al. (2019);Experiment 1;Orientation;1;39;;;;;;;31;3
2;57;50.4140625;-6.5859375;9;4;32.0;751;1;Samaha et al. (2019);Experiment 1;Orientation;1;40;;;;;;;1;4
2;137;146.6640625;9.6640625;9;4;-80.0;752;0;Samaha et al. (2019);Experiment 1;Orientation;1;39;;;;;;;1;4
2;114;144.4375;30.4375;9;4;23.0;753;1;Samaha et al. (2019);Experiment 1;Orientation;1;40;;;;;;;2;4
2;84;64.0;-20.0;9;4;30.0;754;0;Samaha et al. (2019);Experiment 1;Orientation;1;39;;;;;;;2;4
2;106;123.890625;17.890625;9;4;-22.0;755;0;Samaha et al. (2019);Experiment 1;Orientation;1;39;;;;;;;3;4
2;52;73.1796875;21.1796875;9;4;54.0;756;0;Samaha et al. (2019);Experiment 1;Orientation;1;39;;;;;;;4;4
2;141;140.6328125;-0.3671875;9;4;-89.0;757;1;Samaha et al. (2019);Experiment 1;Orientation;1;40;;;;;;;3;4
2;78;146.0234375;68.0234375;9;4;63.0;758;0;Samaha et al. (2019);Experiment 1;Orientation;1;39;;;;;;;5;4
2;97;120.9921875;23.9921875;9;4;-19.0;759;1;Samaha et al. (2019);Experiment 1;Orientation;1;40;;;;;;;4;4
2;176;115.59375;-60.40625;9;4;-79.0;760;1;Samaha et al. (2019);Experiment 1;Orientation;1;40;;;;;;;5;4
2;122;115.015625;-6.984375;9;4;54.0;761;0;Samaha et al. (2019);Experiment 1;Orientation;1;39;;;;;;;6;4
2;150;52.5859375;82.5859375;9;4;-28.0;762;1;Samaha et al. (2019);Experiment 1;Orientation;1;40;;;;;;;6;4
2;101;107.6875;6.6875;9;4;49.0;763;0;Samaha et al. (2019);Experiment 1;Orientation;1;39;;;;;;;7;4
2;44;29.1953125;-14.8046875;9;4;57.0;764;1;Samaha et al. (2019);Experiment 1;Orientation;1;40;;;;;;;7;4
2;142;132.5625;-9.4375;9;4;82.0;765;0;Samaha et al. (2019);Experiment 1;Orientation;1;39;;;;;;;8;4
2;84;117.078125;33.078125;9;4;58.0;766;0;Samaha et al. (2019);Experiment 1;Orientation;1;39;;;;;;;9;4
2;176;147.046875;-28.953125;9;4;88.0;767;0;Samaha et al. (2019);Experiment 1;Orientation;1;39;;;;;;;10;4
2;123;144.0390625;21.0390625;9;4;53.0;768;0;Samaha et al. (2019);Experiment 1;Orientation;1;39;;;;;;;11;4
2;4;144.1171875;-39.8828125;9;4;-61.0;769;0;Samaha et al. (2019);Experiment 1;Orientation;1;39;;;;;;;12;4
2;176;176.0390625;0.0390625;9;4;8.0;770;0;Samaha et al. (2019);Experiment 1;Orientation;1;39;;;;;;;13;4
2;3;17.296875;14.296875;9;4;-7.0;771;1;Samaha et al. (2019);Experiment 1;Orientation;1;40;;;;;;;8;4
2;17;27.40625;10.40625;9;4;-14.0;772;1;Samaha et al. (2019);Experiment 1;Orientation;1;40;;;;;;;9;4
2;58;65.2265625;7.2265625;9;4;-41.0;773;1;Samaha et al. (2019);Experiment 1;Orientation;1;40;;;;;;;10;4
2;9;24.0;15.0;9;4;49.0;774;0;Samaha et al. (2019);Experiment 1;Orientation;1;39;;;;;;;14;4
2;35;57.9375;22.9375;9;4;-26.0;775;0;Samaha et al. (2019);Experiment 1;Orientation;1;39;;;;;;;15;4
2;121;70.0;-51.0;9;4;-86.0;776;0;Samaha et al. (2019);Experiment 1;Orientation;1;39;;;;;;;16;4
2;170;141.5234375;-28.4765625;9;4;-49.0;777;0;Samaha et al. (2019);Experiment 1;Orientation;1;39;;;;;;;17;4
2;36;40.796875;4.796875;9;4;-46.0;778;0;Samaha et al. (2019);Experiment 1;Orientation;1;39;;;;;;;18;4
2;57;60.0;3.0;9;4;-21.0;779;0;Samaha et al. (2019);Experiment 1;Orientation;1;39;;;;;;;19;4
2;17;35.890625;18.890625;9;4;40.0;780;0;Samaha et al. (2019);Experiment 1;Orientation;1;39;;;;;;;20;4
2;104;44.0;-60.0;9;4;-87.0;781;1;Samaha et al. (2019);Experiment 1;Orientation;1;40;;;;;;;11;4
2;76;59.2265625;-16.7734375;9;4;28.0;782;1;Samaha et al. (2019);Experiment 1;Orientation;1;40;;;;;;;12;4
2;18;31.96875;13.96875;9;4;58.0;783;1;Samaha et al. (2019);Experiment 1;Orientation;1;40;;;;;;;13;4
2;7;25.703125;18.703125;9;4;11.0;784;1;Samaha et al. (2019);Experiment 1;Orientation;1;40;;;;;;;14;4
2;19;26.0;7.0;9;4;-12.0;785;0;Samaha et al. (2019);Experiment 1;Orientation;1;39;;;;;;;21;4
2;146;138.15625;-7.84375;9;4;53.0;786;1;Samaha et al. (2019);Experiment 1;Orientation;1;40;;;;;;;15;4
2;110;132.1171875;22.1171875;9;4;36.0;787;1;Samaha et al. (2019);Experiment 1;Orientation;1;40;;;;;;;16;4
2;177;22.3515625;25.3515625;9;4;-67.0;788;1;Samaha et al. (2019);Experiment 1;Orientation;1;40;;;;;;;17;4
2;143;148.6484375;5.6484375;9;4;34.0;789;0;Samaha et al. (2019);Experiment 1;Orientation;1;39;;;;;;;22;4
2;161;150.6328125;-10.3671875;9;4;-18.0;790;1;Samaha et al. (2019);Experiment 1;Orientation;1;40;;;;;;;18;4
2;157;134.6171875;-22.3828125;9;4;4.0;791;1;Samaha et al. (2019);Experiment 1;Orientation;1;40;;;;;;;19;4
2;157;124.28125;-32.71875;9;4;0.0;792;1;Samaha et al. (2019);Experiment 1;Orientation;1;40;;;;;;;20;4
2;100;110.734375;10.734375;9;4;57.0;793;1;Samaha et al. (2019);Experiment 1;Orientation;1;40;;;;;;;21;4
2;42;165.90625;-56.09375;9;4;58.0;794;1;Samaha et al. (2019);Experiment 1;Orientation;1;40;;;;;;;22;4
2;75;36.0859375;-38.9140625;9;4;-33.0;795;1;Samaha et al. (2019);Experiment 1;Orientation;1;40;;;;;;;23;4
2;34;29.5546875;-4.4453125;9;4;41.0;796;0;Samaha et al. (2019);Experiment 1;Orientation;1;39;;;;;;;23;4
2;36;50.171875;14.171875;9;4;-2.0;797;0;Samaha et al. (2019);Experiment 1;Orientation;1;39;;;;;;;24;4
2;162;142.453125;-19.546875;9;4;54.0;798;1;Samaha et al. (2019);Experiment 1;Orientation;1;40;;;;;;;24;4
2;43;42.3828125;-0.6171875;9;4;-61.0;799;1;Samaha et al. (2019);Experiment 1;Orientation;1;40;;;;;;;25;4
2;25;48.3515625;23.3515625;9;4;18.0;800;1;Samaha et al. (2019);Experiment 1;Orientation;1;40;;;;;;;26;4
2;101;78.5625;-22.4375;9;4;-76.0;801;1;Samaha et al. (2019);Experiment 1;Orientation;1;40;;;;;;;27;4
2;83;118.21875;35.21875;9;4;18.0;802;0;Samaha et al. (2019);Experiment 1;Orientation;1;39;;;;;;;25;4
2;97;97.5078125;0.5078125;9;4;-14.0;803;0;Samaha et al. (2019);Experiment 1;Orientation;1;39;;;;;;;26;4
2;23;53.1796875;30.1796875;9;4;74.0;804;1;Samaha et al. (2019);Experiment 1;Orientation;1;40;;;;;;;28;4
2;99;99.4765625;0.4765625;9;4;-76.0;805;1;Samaha et al. (2019);Experiment 1;Orientation;1;40;;;;;;;29;4
2;140;135.2734375;-4.7265625;9;4;-41.0;806;1;Samaha et al. (2019);Experiment 1;Orientation;1;40;;;;;;;30;4
2;125;71.046875;-53.953125;9;4;15.0;807;1;Samaha et al. (2019);Experiment 1;Orientation;1;40;;;;;;;31;4
2;5;172.5;-12.5;9;4;-60.0;808;0;Samaha et al. (2019);Experiment 1;Orientation;1;39;;;;;;;27;4
2;158;160.0703125;2.0703125;9;4;27.0;809;0;Samaha et al. (2019);Experiment 1;Orientation;1;39;;;;;;;28;4
2;130;102.484375;-27.515625;9;4;28.0;810;0;Samaha et al. (2019);Experiment 1;Orientation;1;39;;;;;;;29;4
2;130;102.484375;-27.515625;9;4;0.0;811;0;Samaha et al. (2019);Experiment 1;Orientation;1;39;;;;;;;30;4
2;21;38.6171875;17.6171875;9;5;-71.0;1001;0;Samaha et al. (2019);Experiment 1;Orientation;1;39;;;;;;;1;5
2;137;135.015625;-1.984375;9;5;64.0;1002;1;Samaha et al. (2019);Experiment 1;Orientation;1;40;;;;;;;1;5
2;113;111.8203125;-1.1796875;9;5;24.0;1003;1;Samaha et al. (2019);Experiment 1;Orientation;1;40;;;;;;;2;5
2;14;64.25;50.25;9;5;-81.0;1004;1;Samaha et al. (2019);Experiment 1;Orientation;1;40;;;;;;;3;5
2;178;166.0859375;-11.9140625;9;5;16.0;1005;1;Samaha et al. (2019);Experiment 1;Orientation;1;40;;;;;;;4;5
2;121;134.0;13.0;9;5;57.0;1006;1;Samaha et al. (2019);Experiment 1;Orientation;1;40;;;;;;;5;5
2;37;46.171875;9.171875;9;5;84.0;1007;1;Samaha et al. (2019);Experiment 1;Orientation;1;40;;;;;;;6;5
2;48;47.59375;-0.40625;9;5;-11.0;1008;1;Samaha et al. (2019);Experiment 1;Orientation;1;40;;;;;;;7;5
2;178;42.0;44.0;9;5;50.0;1009;0;Samaha et al. (2019);Experiment 1;Orientation;1;39;;;;;;;2;5
2;135;138.546875;3.546875;9;5;43.0;1010;1;Samaha et al. (2019);Experiment 1;Orientation;1;40;;;;;;;8;5
2;17;74.0;57.0;9;5;-62.0;1011;1;Samaha et al. (2019);Experiment 1;Orientation;1;40;;;;;;;9;5
2;17;124.0;-73.0;9;5;0.0;1012;1;Samaha et al. (2019);Experiment 1;Orientation;1;40;;;;;;;10;5
2;100;80.9609375;-19.0390625;9;5;-83.0;1013;1;Samaha et al. (2019);Experiment 1;Orientation;1;40;;;;;;;11;5
2;141;130.203125;-10.796875;9;5;-41.0;1014;0;Samaha et al. (2019);Experiment 1;Orientation;1;39;;;;;;;3;5
2;117;139.359375;22.359375;9;5;24.0;1015;0;Samaha et al. (2019);Experiment 1;Orientation;1;39;;;;;;;4;5
2;161;132.5;-28.5;9;5;-44.0;1016;0;Samaha et al. (2019);Experiment 1;Orientation;1;39;;;;;;;5;5
2;131;105.921875;-25.078125;9;5;30.0;1017;0;Samaha et al. (2019);Experiment 1;Orientation;1;39;;;;;;;6;5
2;175;141.328125;-33.671875;9;5;-44.0;1018;1;Samaha et al. (2019);Experiment 1;Orientation;1;40;;;;;;;12;5
2;179;169.046875;-9.953125;9;5;-4.0;1019;0;Samaha et al. (2019);Experiment 1;Orientation;1;39;;;;;;;7;5
2;61;104.78125;43.78125;9;5;-62.0;1020;0;Samaha et al. (2019);Experiment 1;Orientation;1;39;;;;;;;8;5
2;173;39.40625;46.40625;9;5;68.0;1021;1;Samaha et al. (2019);Experiment 1;Orientation;1;40;;;;;;;13;5
2;129;120.9609375;-8.0390625;9;5;44.0;1022;1;Samaha et al. (2019);Experiment 1;Orientation;1;40;;;;;;;14;5
2;115;100.0;-15.0;9;5;14.0;1023;1;Samaha et al. (2019);Experiment 1;Orientation;1;40;;;;;;;15;5
2;131;131.890625;0.890625;9;5;-16.0;1024;1;Samaha et al. (2019);Experiment 1;Orientation;1;40;;;;;;;16;5
2;77;108.9921875;31.9921875;9;5;54.0;1025;0;Samaha et al. (2019);Experiment 1;Orientation;1;39;;;;;;;9;5
2;59;55.2265625;-3.7734375;9;5;18.0;1026;0;Samaha et al. (2019);Experiment 1;Orientation;1;39;;;;;;;10;5
2;40;44.4140625;4.4140625;9;5;19.0;1027;1;Samaha et al. (2019);Experiment 1;Orientation;1;40;;;;;;;17;5
2;167;55.0625;68.0625;9;5;53.0;1028;1;Samaha et al. (2019);Experiment 1;Orientation;1;40;;;;;;;18;5
2;16;17.5234375;1.5234375;9;5;-29.0;1029;1;Samaha et al. (2019);Experiment 1;Orientation;1;40;;;;;;;19;5
2;102;104.796875;2.796875;9;5;-86.0;1030;1;Samaha et al. (2019);Experiment 1;Orientation;1;40;;;;;;;20;5
2;143;102.3046875;-40.6953125;9;5;-41.0;1031;0;Samaha et al. (2019);Experiment 1;Orientation;1;39;;;;;;;11;5
2;35;17.8359375;-17.1640625;9;5;-72.0;1032;0;Samaha et al. (2019);Experiment 1;Orientation;1;39;;;;;;;12;5
2;102;32.5625;-69.4375;9;5;-67.0;1033;0;Samaha et al. (2019);Experiment 1;Orientation;1;39;;;;;;;13;5
2;149;135.90625;-13.09375;9;5;-47.0;1034;1;Samaha et al. (2019);Experiment 1;Orientation;1;40;;;;;;;21;5
2;126;130.0;4.0;9;5;23.0;1035;1;Samaha et al. (2019);Experiment 1;Orientation;1;40;;;;;;;22;5
2;168;31.375;43.375;9;5;-42.0;1036;1;Samaha et al. (2019);Experiment 1;Orientation;1;40;;;;;;;23;5
2;96;100.0;4.0;9;5;72.0;1037;0;Samaha et al. (2019);Experiment 1;Orientation;1;39;;;;;;;14;5
2;164;14.46875;30.46875;9;5;-68.0;1038;1;Samaha et al. (2019);Experiment 1;Orientation;1;40;;;;;;;24;5
2;51;84.6640625;33.6640625;9;5;-67.0;1039;0;Samaha et al. (2019);Experiment 1;Orientation;1;39;;;;;;;15;5
2;91;114.7109375;23.7109375;9;5;-40.0;1040;0;Samaha et al. (2019);Experiment 1;Orientation;1;39;;;;;;;16;5
2;96;109.421875;13.421875;9;5;-5.0;1041;1;Samaha et al. (2019);Experiment 1;Orientation;1;40;;;;;;;25;5
2;45;35.8359375;-9.1640625;9;5;51.0;1042;1;Samaha et al. (2019);Experiment 1;Orientation;1;40;;;;;;;26;5
2;3;37.7734375;34.7734375;9;5;42.0;1043;0;Samaha et al. (2019);Experiment 1;Orientation;1;39;;;;;;;17;5
2;162;51.4453125;69.4453125;9;5;21.0;1044;0;Samaha et al. (2019);Experiment 1;Orientation;1;39;;;;;;;18;5
2;110;129.8046875;19.8046875;9;5;52.0;1045;0;Samaha et al. (2019);Experiment 1;Orientation;1;39;;;;;;;19;5
2;10;58.46875;48.46875;9;5;-80.0;1046;0;Samaha et al. (2019);Experiment 1;Orientation;1;39;;;;;;;20;5
2;65;60.5859375;-4.4140625;9;5;-55.0;1047;1;Samaha et al. (2019);Experiment 1;Orientation;1;40;;;;;;;27;5
2;92;68.171875;-23.828125;9;5;-27.0;1048;0;Samaha et al. (2019);Experiment 1;Orientation;1;39;;;;;;;21;5
2;87;139.65625;52.65625;9;5;5.0;1049;0;Samaha et al. (2019);Experiment 1;Orientation;1;39;;;;;;;22;5
2;15;22.0;7.0;9;5;72.0;1050;1;Samaha et al. (2019);Experiment 1;Orientation;1;40;;;;;;;28;5
2;32;28.84375;-3.15625;9;5;-17.0;1051;1;Samaha et al. (2019);Experiment 1;Orientation;1;40;;;;;;;29;5
2;166;141.7578125;-24.2421875;9;5;46.0;1052;1;Samaha et al. (2019);Experiment 1;Orientation;1;40;;;;;;;30;5
2;2;18.9140625;16.9140625;9;5;-16.0;1053;0;Samaha et al. (2019);Experiment 1;Orientation;1;39;;;;;;;23;5
2;9;17.7421875;8.7421875;9;5;-7.0;1054;1;Samaha et al. (2019);Experiment 1;Orientation;1;40;;;;;;;31;5
2;53;40.1328125;-12.8671875;9;5;-44.0;1055;0;Samaha et al. (2019);Experiment 1;Orientation;1;39;;;;;;;24;5
2;12;20.0;8.0;9;5;41.0;1056;0;Samaha et al. (2019);Experiment 1;Orientation;1;39;;;;;;;25;5
2;175;38.3359375;43.3359375;9;5;17.0;1057;0;Samaha et al. (2019);Experiment 1;Orientation;1;39;;;;;;;26;5
2;101;40.5;-60.5;9;5;74.0;1058;1;Samaha et al. (2019);Experiment 1;Orientation;1;40;;;;;;;32;5
2;11;136.9921875;-54.0078125;9;5;90.0;1059;1;Samaha et al. (2019);Experiment 1;Orientation;1;40;;;;;;;33;5
2;142;53.0625;-88.9375;9;5;49.0;1060;0;Samaha et al. (2019);Experiment 1;Orientation;1;39;;;;;;;27;5
2;142;53.0625;-88.9375;9;5;0.0;1061;1;Samaha et al. (2019);Experiment 1;Orientation;1;40;;;;;;;34;5
3;45;50.3984375;5.3984375;9;1;-83.0;1;1;Samaha et al. (2019);Experiment 1;Orientation;1;40;;;;;;;1;1
3;23;45.125;22.125;9;1;22.0;2;1;Samaha et al. (2019);Experiment 1;Orientation;1;40;;;;;;;2;1
3;23;31.640625;8.640625;9;1;0.0;3;0;Samaha et al. (2019);Experiment 1;Orientation;1;39;;;;;;;1;1
3;124;131.6875;7.6875;9;1;79.0;4;0;Samaha et al. (2019);Experiment 1;Orientation;1;39;;;;;;;2;1
3;23;28.9296875;5.9296875;9;1;-79.0;5;1;Samaha et al. (2019);Experiment 1;Orientation;1;40;;;;;;;3;1
3;104;108.484375;4.484375;9;1;-81.0;6;0;Samaha et al. (2019);Experiment 1;Orientation;1;39;;;;;;;3;1
3;64;60.171875;-3.828125;9;1;40.0;7;1;Samaha et al. (2019);Experiment 1;Orientation;1;40;;;;;;;4;1
3;109;117.7265625;8.7265625;9;1;-45.0;8;1;Samaha et al. (2019);Experiment 1;Orientation;1;40;;;;;;;5;1
3;131;120.8828125;-10.1171875;9;1;-22.0;9;1;Samaha et al. (2019);Experiment 1;Orientation;1;40;;;;;;;6;1
3;95;111.03125;16.03125;9;1;36.0;10;1;Samaha et al. (2019);Experiment 1;Orientation;1;40;;;;;;;7;1
3;23;22.3828125;-0.6171875;9;1;72.0;11;0;Samaha et al. (2019);Experiment 1;Orientation;1;39;;;;;;;4;1
3;177;154.28125;-22.71875;9;1;26.0;12;1;Samaha et al. (2019);Experiment 1;Orientation;1;40;;;;;;;8;1
3;10;140.6484375;-49.3515625;9;1;-13.0;13;0;Samaha et al. (2019);Experiment 1;Orientation;1;39;;;;;;;5;1
3;62;19.640625;-42.359375;9;1;-52.0;14;1;Samaha et al. (2019);Experiment 1;Orientation;1;40;;;;;;;9;1
3;77;67.40625;-9.59375;9;1;-15.0;15;1;Samaha et al. (2019);Experiment 1;Orientation;1;40;;;;;;;10;1
3;137;127.59375;-9.40625;9;1;-60.0;16;0;Samaha et al. (2019);Experiment 1;Orientation;1;39;;;;;;;6;1
3;41;172.8125;-48.1875;9;1;-84.0;17;0;Samaha et al. (2019);Experiment 1;Orientation;1;39;;;;;;;7;1
3;77;41.7734375;-35.2265625;9;1;-36.0;18;0;Samaha et al. (2019);Experiment 1;Orientation;1;39;;;;;;;8;1
3;35;165.03125;-49.96875;9;1;42.0;19;1;Samaha et al. (2019);Experiment 1;Orientation;1;40;;;;;;;11;1
3;106;166.0;60.0;9;1;-71.0;20;0;Samaha et al. (2019);Experiment 1;Orientation;1;39;;;;;;;9;1
3;60;117.7265625;57.7265625;9;1;46.0;21;0;Samaha et al. (2019);Experiment 1;Orientation;1;39;;;;;;;10;1
3;136;132.171875;-3.828125;9;1;-76.0;22;1;Samaha et al. (2019);Experiment 1;Orientation;1;40;;;;;;;12;1
3;173;142.265625;-30.734375;9;1;-37.0;23;1;Samaha et al. (2019);Experiment 1;Orientation;1;40;;;;;;;13;1
3;21;61.7265625;40.7265625;9;1;-28.0;24;1;Samaha et al. (2019);Experiment 1;Orientation;1;40;;;;;;;14;1
3;88;62.78125;-25.21875;9;1;-67.0;25;1;Samaha et al. (2019);Experiment 1;Orientation;1;40;;;;;;;15;1
3;14;13.1640625;-0.8359375;9;1;74.0;26;0;Samaha et al. (2019);Experiment 1;Orientation;1;39;;;;;;;11;1
3;33;29.6875;-3.3125;9;1;-19.0;27;0;Samaha et al. (2019);Experiment 1;Orientation;1;39;;;;;;;12;1
3;25;32.1875;7.1875;9;1;8.0;28;1;Samaha et al. (2019);Experiment 1;Orientation;1;40;;;;;;;16;1
3;43;33.4453125;-9.5546875;9;1;-18.0;29;1;Samaha et al. (2019);Experiment 1;Orientation;1;40;;;;;;;17;1
3;44;146.0;-78.0;9;1;-1.0;30;0;Samaha et al. (2019);Experiment 1;Orientation;1;39;;;;;;;13;1
3;21;22.25;1.25;9;1;23.0;31;1;Samaha et al. (2019);Experiment 1;Orientation;1;40;;;;;;;18;1
3;38;26.9921875;-11.0078125;9;1;-17.0;32;1;Samaha et al. (2019);Experiment 1;Orientation;1;40;;;;;;;19;1
3;172;92.0;-80.0;9;1;46.0;33;1;Samaha et al. (2019);Experiment 1;Orientation;1;40;;;;;;;20;1
3;135;126.6484375;-8.3515625;9;1;37.0;34;0;Samaha et al. (2019);Experiment 1;Orientation;1;39;;;;;;;14;1
3;55;38.9140625;-16.0859375;9;1;80.0;35;0;Samaha et al. (2019);Experiment 1;Orientation;1;39;;;;;;;15;1
3;141;8.0;47.0;9;1;-86.0;36;1;Samaha et al. (2019);Experiment 1;Orientation;1;40;;;;;;;21;1
3;76;66.4140625;-9.5859375;9;1;65.0;37;1;Samaha et al. (2019);Experiment 1;Orientation;1;40;;;;;;;22;1
3;136;127.5078125;-8.4921875;9;1;-60.0;38;0;Samaha et al. (2019);Experiment 1;Orientation;1;39;;;;;;;16;1
3;33;60.3046875;27.3046875;9;1;-77.0;39;0;Samaha et al. (2019);Experiment 1;Orientation;1;39;;;;;;;17;1
3;65;114.25;49.25;9;1;-32.0;40;1;Samaha et al. (2019);Experiment 1;Orientation;1;40;;;;;;;23;1
3;127;115.96875;-11.03125;9;1;-62.0;41;0;Samaha et al. (2019);Experiment 1;Orientation;1;39;;;;;;;18;1
3;21;45.140625;24.140625;9;1;-74.0;42;0;Samaha et al. (2019);Experiment 1;Orientation;1;39;;;;;;;19;1
3;25;132.265625;-72.734375;9;1;-4.0;43;0;Samaha et al. (2019);Experiment 1;Orientation;1;39;;;;;;;20;1
3;155;127.375;-27.625;9;1;50.0;44;1;Samaha et al. (2019);Experiment 1;Orientation;1;40;;;;;;;24;1
3;169;133.2109375;-35.7890625;9;1;-14.0;45;1;Samaha et al. (2019);Experiment 1;Orientation;1;40;;;;;;;25;1
3;139;152.21875;13.21875;9;1;30.0;46;1;Samaha et al. (2019);Experiment 1;Orientation;1;40;;;;;;;26;1
3;66;43.015625;-22.984375;9;1;73.0;47;1;Samaha et al. (2019);Experiment 1;Orientation;1;40;;;;;;;27;1
3;0;141.7265625;-38.2734375;9;1;66.0;48;1;Samaha et al. (2019);Experiment 1;Orientation;1;40;;;;;;;28;1
3;157;31.2265625;54.2265625;9;1;23.0;49;0;Samaha et al. (2019);Experiment 1;Orientation;1;39;;;;;;;21;1
3;84;149.8046875;65.8046875;9;1;73.0;50;0;Samaha et al. (2019);Experiment 1;Orientation;1;39;;;;;;;22;1
3;104;135.890625;31.890625;9;1;-20.0;51;1;Samaha et al. (2019);Experiment 1;Orientation;1;40;;;;;;;29;1
3;23;32.53125;9.53125;9;1;81.0;52;1;Samaha et al. (2019);Experiment 1;Orientation;1;40;;;;;;;30;1
3;94;128.1015625;34.1015625;9;1;-71.0;53;0;Samaha et al. (2019);Experiment 1;Orientation;1;39;;;;;;;23;1
3;86;136.0;50.0;9;1;8.0;54;0;Samaha et al. (2019);Experiment 1;Orientation;1;39;;;;;;;24;1
3;35;126.9296875;-88.0703125;9;1;51.0;55;0;Samaha et al. (2019);Experiment 1;Orientation;1;39;;;;;;;25;1
3;118;127.609375;9.609375;9;1;-83.0;56;0;Samaha et al. (2019);Experiment 1;Orientation;1;39;;;;;;;26;1
3;141;124.4375;-16.5625;9;1;-23.0;57;1;Samaha et al. (2019);Experiment 1;Orientation;1;40;;;;;;;31;1
3;74;158.265625;84.265625;9;1;67.0;58;0;Samaha et al. (2019);Experiment 1;Orientation;1;39;;;;;;;27;1
3;64;106.0;42.0;9;1;10.0;59;0;Samaha et al. (2019);Experiment 1;Orientation;1;39;;;;;;;28;1
3;28;43.296875;15.296875;9;1;36.0;60;1;Samaha et al. (2019);Experiment 1;Orientation;1;40;;;;;;;32;1
3;28;43.296875;15.296875;9;1;0.0;61;1;Samaha et al. (2019);Experiment 1;Orientation;1;40;;;;;;;33;1
3;95;85.609375;-9.390625;9;2;-67.0;251;0;Samaha et al. (2019);Experiment 1;Orientation;1;39;;;;;;;1;2
3;8;166.0;-22.0;9;2;87.0;252;0;Samaha et al. (2019);Experiment 1;Orientation;1;39;;;;;;;2;2
3;152;158.6796875;6.6796875;9;2;36.0;253;1;Samaha et al. (2019);Experiment 1;Orientation;1;40;;;;;;;1;2
3;114;118.0234375;4.0234375;9;2;38.0;254;0;Samaha et al. (2019);Experiment 1;Orientation;1;39;;;;;;;3;2
3;19;38.9453125;19.9453125;9;2;-85.0;255;1;Samaha et al. (2019);Experiment 1;Orientation;1;40;;;;;;;2;2
3;46;58.3984375;12.3984375;9;2;-27.0;256;1;Samaha et al. (2019);Experiment 1;Orientation;1;40;;;;;;;3;2
3;77;57.125;-19.875;9;2;-31.0;257;0;Samaha et al. (2019);Experiment 1;Orientation;1;39;;;;;;;4;2
3;92;114.46875;22.46875;9;2;-15.0;258;0;Samaha et al. (2019);Experiment 1;Orientation;1;39;;;;;;;5;2
3;129;102.0703125;-26.9296875;9;2;-37.0;259;0;Samaha et al. (2019);Experiment 1;Orientation;1;39;;;;;;;6;2
3;101;105.8203125;4.8203125;9;2;28.0;260;0;Samaha et al. (2019);Experiment 1;Orientation;1;39;;;;;;;7;2
3;42;42.3671875;0.3671875;9;2;59.0;261;1;Samaha et al. (2019);Experiment 1;Orientation;1;40;;;;;;;4;2
3;55;40.1015625;-14.8984375;9;2;-13.0;262;1;Samaha et al. (2019);Experiment 1;Orientation;1;40;;;;;;;5;2
3;114;125.40625;11.40625;9;2;-59.0;263;1;Samaha et al. (2019);Experiment 1;Orientation;1;40;;;;;;;6;2
3;15;38.1328125;23.1328125;9;2;-81.0;264;0;Samaha et al. (2019);Experiment 1;Orientation;1;39;;;;;;;8;2
3;46;33.2109375;-12.7890625;9;2;-31.0;265;1;Samaha et al. (2019);Experiment 1;Orientation;1;40;;;;;;;7;2
3;82;103.953125;21.953125;9;2;-36.0;266;0;Samaha et al. (2019);Experiment 1;Orientation;1;39;;;;;;;9;2
3;125;135.328125;10.328125;9;2;-43.0;267;1;Samaha et al. (2019);Experiment 1;Orientation;1;40;;;;;;;8;2
3;102;102.9296875;0.9296875;9;2;23.0;268;0;Samaha et al. (2019);Experiment 1;Orientation;1;39;;;;;;;10;2
3;4;127.2109375;-56.7890625;9;2;-82.0;269;0;Samaha et al. (2019);Experiment 1;Orientation;1;39;;;;;;;11;2
3;9;35.6875;26.6875;9;2;-5.0;270;1;Samaha et al. (2019);Experiment 1;Orientation;1;40;;;;;;;9;2
3;48;34.3203125;-13.6796875;9;2;-39.0;271;1;Samaha et al. (2019);Experiment 1;Orientation;1;40;;;;;;;10;2
3;173;58.3515625;65.3515625;9;2;55.0;272;1;Samaha et al. (2019);Experiment 1;Orientation;1;40;;;;;;;11;2
3;144;82.0;-62.0;9;2;29.0;273;0;Samaha et al. (2019);Experiment 1;Orientation;1;39;;;;;;;12;2
3;108;118.5;10.5;9;2;36.0;274;1;Samaha et al. (2019);Experiment 1;Orientation;1;40;;;;;;;12;2
3;59;55.2421875;-3.7578125;9;2;49.0;275;1;Samaha et al. (2019);Experiment 1;Orientation;1;40;;;;;;;13;2
3;139;141.96875;2.96875;9;2;-80.0;276;1;Samaha et al. (2019);Experiment 1;Orientation;1;40;;;;;;;14;2
3;102;102.5;0.5;9;2;37.0;277;0;Samaha et al. (2019);Experiment 1;Orientation;1;39;;;;;;;13;2
3;112;108.5625;-3.4375;9;2;-10.0;278;0;Samaha et al. (2019);Experiment 1;Orientation;1;39;;;;;;;14;2
3;91;53.328125;-37.671875;9;2;21.0;279;1;Samaha et al. (2019);Experiment 1;Orientation;1;40;;;;;;;15;2
3;4;94.0;90.0;9;2;87.0;280;0;Samaha et al. (2019);Experiment 1;Orientation;1;39;;;;;;;15;2
3;54;50.9140625;-3.0859375;9;2;-50.0;281;0;Samaha et al. (2019);Experiment 1;Orientation;1;39;;;;;;;16;2
3;21;47.1953125;26.1953125;9;2;33.0;282;1;Samaha et al. (2019);Experiment 1;Orientation;1;40;;;;;;;16;2
3;63;37.2109375;-25.7890625;9;2;-42.0;283;0;Samaha et al. (2019);Experiment 1;Orientation;1;39;;;;;;;17;2
3;173;135.984375;-37.015625;9;2;70.0;284;1;Samaha et al. (2019);Experiment 1;Orientation;1;40;;;;;;;17;2
3;125;136.9765625;11.9765625;9;2;48.0;285;0;Samaha et al. (2019);Experiment 1;Orientation;1;39;;;;;;;18;2
3;78;56.0546875;-21.9453125;9;2;47.0;286;0;Samaha et al. (2019);Experiment 1;Orientation;1;39;;;;;;;19;2
3;165;120.9453125;-44.0546875;9;2;-87.0;287;1;Samaha et al. (2019);Experiment 1;Orientation;1;40;;;;;;;18;2
3;15;88.0;73.0;9;2;-30.0;288;1;Samaha et al. (2019);Experiment 1;Orientation;1;40;;;;;;;19;2
3;119;154.0;35.0;9;2;76.0;289;0;Samaha et al. (2019);Experiment 1;Orientation;1;39;;;;;;;20;2
3;135;128.8671875;-6.1328125;9;2;-16.0;290;0;Samaha et al. (2019);Experiment 1;Orientation;1;39;;;;;;;21;2
3;106;88.84375;-17.15625;9;2;29.0;291;1;Samaha et al. (2019);Experiment 1;Orientation;1;40;;;;;;;20;2
3;121;109.015625;-11.984375;9;2;-15.0;292;0;Samaha et al. (2019);Experiment 1;Orientation;1;39;;;;;;;22;2
3;157;132.484375;-24.515625;9;2;-36.0;293;0;Samaha et al. (2019);Experiment 1;Orientation;1;39;;;;;;;23;2
3;126;123.390625;-2.609375;9;2;31.0;294;1;Samaha et al. (2019);Experiment 1;Orientation;1;40;;;;;;;21;2
3;72;125.140625;53.140625;9;2;54.0;295;1;Samaha et al. (2019);Experiment 1;Orientation;1;40;;;;;;;22;2
3;98;171.921875;73.921875;9;2;-26.0;296;1;Samaha et al. (2019);Experiment 1;Orientation;1;40;;;;;;;23;2
3;57;46.0;-11.0;9;2;41.0;297;0;Samaha et al. (2019);Experiment 1;Orientation;1;39;;;;;;;24;2
3;90;8.0;-82.0;9;2;-33.0;298;0;Samaha et al. (2019);Experiment 1;Orientation;1;39;;;;;;;25;2
3;143;147.40625;4.40625;9;2;-53.0;299;1;Samaha et al. (2019);Experiment 1;Orientation;1;40;;;;;;;24;2
3;33;51.328125;18.328125;9;2;-70.0;300;0;Samaha et al. (2019);Experiment 1;Orientation;1;39;;;;;;;26;2
3;132;129.2421875;-2.7578125;9;2;81.0;301;1;Samaha et al. (2019);Experiment 1;Orientation;1;40;;;;;;;25;2
3;106;116.9921875;10.9921875;9;2;26.0;302;0;Samaha et al. (2019);Experiment 1;Orientation;1;39;;;;;;;27;2
3;111;125.2265625;14.2265625;9;2;-5.0;303;0;Samaha et al. (2019);Experiment 1;Orientation;1;39;;;;;;;28;2
3;75;129.359375;54.359375;9;2;36.0;304;1;Samaha et al. (2019);Experiment 1;Orientation;1;40;;;;;;;26;2
3;101;113.140625;12.140625;9;2;-26.0;305;1;Samaha et al. (2019);Experiment 1;Orientation;1;40;;;;;;;27;2
3;62;59.7578125;-2.2421875;9;2;39.0;306;0;Samaha et al. (2019);Experiment 1;Orientation;1;39;;;;;;;29;2
3;135;128.7109375;-6.2890625;9;2;-73.0;307;0;Samaha et al. (2019);Experiment 1;Orientation;1;39;;;;;;;30;2
3;150;114.0;-36.0;9;2;-15.0;308;1;Samaha et al. (2019);Experiment 1;Orientation;1;40;;;;;;;28;2
3;178;12.3203125;14.3203125;9;2;-28.0;309;0;Samaha et al. (2019);Experiment 1;Orientation;1;39;;;;;;;31;2
3;176;26.84375;30.84375;9;2;2.0;310;1;Samaha et al. (2019);Experiment 1;Orientation;1;40;;;;;;;29;2
3;176;26.84375;30.84375;9;2;0.0;311;0;Samaha et al. (2019);Experiment 1;Orientation;1;39;;;;;;;32;2
3;33;37.3125;4.3125;9;3;-37.0;501;0;Samaha et al. (2019);Experiment 1;Orientation;1;39;;;;;;;1;3
3;92;57.421875;-34.578125;9;3;-59.0;502;1;Samaha et al. (2019);Experiment 1;Orientation;1;40;;;;;;;1;3
3;95;104.1171875;9.1171875;9;3;-3.0;503;1;Samaha et al. (2019);Experiment 1;Orientation;1;40;;;;;;;2;3
3;163;137.984375;-25.015625;9;3;-68.0;504;0;Samaha et al. (2019);Experiment 1;Orientation;1;39;;;;;;;2;3
3;139;122.828125;-16.171875;9;3;24.0;505;0;Samaha et al. (2019);Experiment 1;Orientation;1;39;;;;;;;3;3
3;40;134.265625;-85.734375;9;3;-81.0;506;0;Samaha et al. (2019);Experiment 1;Orientation;1;39;;;;;;;4;3
3;43;47.8515625;4.8515625;9;3;-3.0;507;0;Samaha et al. (2019);Experiment 1;Orientation;1;39;;;;;;;5;3
3;177;141.078125;-35.921875;9;3;46.0;508;0;Samaha et al. (2019);Experiment 1;Orientation;1;39;;;;;;;6;3
3;121;118.3046875;-2.6953125;9;3;56.0;509;1;Samaha et al. (2019);Experiment 1;Orientation;1;40;;;;;;;3;3
3;99;117.953125;18.953125;9;3;22.0;510;1;Samaha et al. (2019);Experiment 1;Orientation;1;40;;;;;;;4;3
3;162;152.0;-10.0;9;3;-63.0;511;0;Samaha et al. (2019);Experiment 1;Orientation;1;39;;;;;;;7;3
3;39;49.109375;10.109375;9;3;-57.0;512;0;Samaha et al. (2019);Experiment 1;Orientation;1;39;;;;;;;8;3
3;51;51.40625;0.40625;9;3;-12.0;513;1;Samaha et al. (2019);Experiment 1;Orientation;1;40;;;;;;;5;3
3;82;59.7890625;-22.2109375;9;3;-31.0;514;0;Samaha et al. (2019);Experiment 1;Orientation;1;39;;;;;;;9;3
3;155;119.125;-35.875;9;3;-73.0;515;0;Samaha et al. (2019);Experiment 1;Orientation;1;39;;;;;;;10;3
3;34;117.7578125;83.7578125;9;3;-59.0;516;0;Samaha et al. (2019);Experiment 1;Orientation;1;39;;;;;;;11;3
3;89;12.0;-77.0;9;3;-55.0;517;0;Samaha et al. (2019);Experiment 1;Orientation;1;39;;;;;;;12;3
3;80;54.1875;-25.8125;9;3;9.0;518;0;Samaha et al. (2019);Experiment 1;Orientation;1;39;;;;;;;13;3
3;85;102.203125;17.203125;9;3;-5.0;519;1;Samaha et al. (2019);Experiment 1;Orientation;1;40;;;;;;;6;3
3;98;69.875;-28.125;9;3;-13.0;520;0;Samaha et al. (2019);Experiment 1;Orientation;1;39;;;;;;;14;3
3;47;42.8125;-4.1875;9;3;51.0;521;1;Samaha et al. (2019);Experiment 1;Orientation;1;40;;;;;;;7;3
3;125;125.96875;0.96875;9;3;-78.0;522;1;Samaha et al. (2019);Experiment 1;Orientation;1;40;;;;;;;8;3
3;167;15.2265625;28.2265625;9;3;-42.0;523;1;Samaha et al. (2019);Experiment 1;Orientation;1;40;;;;;;;9;3
3;17;12.1171875;-4.8828125;9;3;-30.0;524;0;Samaha et al. (2019);Experiment 1;Orientation;1;39;;;;;;;15;3
3;131;121.03125;-9.96875;9;3;66.0;525;0;Samaha et al. (2019);Experiment 1;Orientation;1;39;;;;;;;16;3
3;9;138.3984375;-50.6015625;9;3;-58.0;526;1;Samaha et al. (2019);Experiment 1;Orientation;1;40;;;;;;;10;3
3;94;102.15625;8.15625;9;3;-85.0;527;0;Samaha et al. (2019);Experiment 1;Orientation;1;39;;;;;;;17;3
3;169;18.9140625;29.9140625;9;3;-75.0;528;1;Samaha et al. (2019);Experiment 1;Orientation;1;40;;;;;;;11;3
3;177;177.96875;0.96875;9;3;-8.0;529;1;Samaha et al. (2019);Experiment 1;Orientation;1;40;;;;;;;12;3
3;124;152.6171875;28.6171875;9;3;53.0;530;0;Samaha et al. (2019);Experiment 1;Orientation;1;39;;;;;;;18;3
3;160;146.1015625;-13.8984375;9;3;-36.0;531;0;Samaha et al. (2019);Experiment 1;Orientation;1;39;;;;;;;19;3
3;56;63.4609375;7.4609375;9;3;-76.0;532;1;Samaha et al. (2019);Experiment 1;Orientation;1;40;;;;;;;13;3
3;81;66.453125;-14.546875;9;3;-25.0;533;1;Samaha et al. (2019);Experiment 1;Orientation;1;40;;;;;;;14;3
3;63;50.4140625;-12.5859375;9;3;18.0;534;0;Samaha et al. (2019);Experiment 1;Orientation;1;39;;;;;;;20;3
3;169;30.0;41.0;9;3;74.0;535;1;Samaha et al. (2019);Experiment 1;Orientation;1;40;;;;;;;15;3
3;9;100.0;-89.0;9;3;-20.0;536;0;Samaha et al. (2019);Experiment 1;Orientation;1;39;;;;;;;21;3
3;27;86.0;59.0;9;3;-18.0;537;0;Samaha et al. (2019);Experiment 1;Orientation;1;39;;;;;;;22;3
3;107;107.0625;0.0625;9;3;-80.0;538;0;Samaha et al. (2019);Experiment 1;Orientation;1;39;;;;;;;23;3
3;152;134.0;-18.0;9;3;-45.0;539;0;Samaha et al. (2019);Experiment 1;Orientation;1;39;;;;;;;24;3
3;15;19.40625;4.40625;9;3;-43.0;540;1;Samaha et al. (2019);Experiment 1;Orientation;1;40;;;;;;;16;3
3;37;6.0;-31.0;9;3;-22.0;541;0;Samaha et al. (2019);Experiment 1;Orientation;1;39;;;;;;;25;3
3;16;80.0;64.0;9;3;21.0;542;0;Samaha et al. (2019);Experiment 1;Orientation;1;39;;;;;;;26;3
3;2;2.0;0.0;9;3;14.0;543;1;Samaha et al. (2019);Experiment 1;Orientation;1;40;;;;;;;17;3
3;138;135.7734375;-2.2265625;9;3;44.0;544;0;Samaha et al. (2019);Experiment 1;Orientation;1;39;;;;;;;27;3
3;155;134.0;-21.0;9;3;-17.0;545;0;Samaha et al. (2019);Experiment 1;Orientation;1;39;;;;;;;28;3
3;24;28.734375;4.734375;9;3;-49.0;546;1;Samaha et al. (2019);Experiment 1;Orientation;1;40;;;;;;;18;3
3;138;114.0;-24.0;9;3;66.0;547;0;Samaha et al. (2019);Experiment 1;Orientation;1;39;;;;;;;29;3
3;60;53.890625;-6.109375;9;3;78.0;548;0;Samaha et al. (2019);Experiment 1;Orientation;1;39;;;;;;;30;3
3;142;130.9140625;-11.0859375;9;3;-82.0;549;0;Samaha et al. (2019);Experiment 1;Orientation;1;39;;;;;;;31;3
3;150;46.0;76.0;9;3;-8.0;550;0;Samaha et al. (2019);Experiment 1;Orientation;1;39;;;;;;;32;3
3;80;46.0234375;-33.9765625;9;3;70.0;551;1;Samaha et al. (2019);Experiment 1;Orientation;1;40;;;;;;;19;3
3;123;122.78125;-0.21875;9;3;-43.0;552;1;Samaha et al. (2019);Experiment 1;Orientation;1;40;;;;;;;20;3
3;117;117.40625;0.40625;9;3;6.0;553;1;Samaha et al. (2019);Experiment 1;Orientation;1;40;;;;;;;21;3
3;54;128.1171875;74.1171875;9;3;63.0;554;1;Samaha et al. (2019);Experiment 1;Orientation;1;40;;;;;;;22;3
3;144;123.2265625;-20.7734375;9;3;-90.0;555;0;Samaha et al. (2019);Experiment 1;Orientation;1;39;;;;;;;33;3
3;143;119.65625;-23.34375;9;3;1.0;556;0;Samaha et al. (2019);Experiment 1;Orientation;1;39;;;;;;;34;3
3;0;67.0625;67.0625;9;3;-37.0;557;1;Samaha et al. (2019);Experiment 1;Orientation;1;40;;;;;;;23;3
3;38;23.703125;-14.296875;9;3;-38.0;558;0;Samaha et al. (2019);Experiment 1;Orientation;1;39;;;;;;;35;3
3;125;24.6640625;79.6640625;9;3;-87.0;559;1;Samaha et al. (2019);Experiment 1;Orientation;1;40;;;;;;;24;3
3;116;117.078125;1.078125;9;3;9.0;560;1;Samaha et al. (2019);Experiment 1;Orientation;1;40;;;;;;;25;3
3;116;117.078125;1.078125;9;3;0.0;561;0;Samaha et al. (2019);Experiment 1;Orientation;1;39;;;;;;;36;3
3;84;106.0;22.0;9;4;32.0;751;0;Samaha et al. (2019);Experiment 1;Orientation;1;39;;;;;;;1;4
3;102;117.4765625;15.4765625;9;4;-18.0;752;0;Samaha et al. (2019);Experiment 1;Orientation;1;39;;;;;;;2;4
3;81;82.9453125;1.9453125;9;4;21.0;753;0;Samaha et al. (2019);Experiment 1;Orientation;1;39;;;;;;;3;4
3;171;147.921875;-23.078125;9;4;-90.0;754;1;Samaha et al. (2019);Experiment 1;Orientation;1;40;;;;;;;1;4
3;42;50.3203125;8.3203125;9;4;-51.0;755;1;Samaha et al. (2019);Experiment 1;Orientation;1;40;;;;;;;2;4
3;95;82.53125;-12.46875;9;4;-53.0;756;0;Samaha et al. (2019);Experiment 1;Orientation;1;39;;;;;;;4;4
3;152;35.109375;63.109375;9;4;-57.0;757;0;Samaha et al. (2019);Experiment 1;Orientation;1;39;;;;;;;5;4
3;19;115.7890625;-83.2109375;9;4;-47.0;758;0;Samaha et al. (2019);Experiment 1;Orientation;1;39;;;;;;;6;4
3;165;52.1328125;67.1328125;9;4;34.0;759;0;Samaha et al. (2019);Experiment 1;Orientation;1;39;;;;;;;7;4
3;3;164.7109375;-18.2890625;9;4;-18.0;760;1;Samaha et al. (2019);Experiment 1;Orientation;1;40;;;;;;;3;4
3;170;155.4765625;-14.5234375;9;4;13.0;761;0;Samaha et al. (2019);Experiment 1;Orientation;1;39;;;;;;;8;4
3;74;25.1796875;-48.8203125;9;4;-84.0;762;0;Samaha et al. (2019);Experiment 1;Orientation;1;39;;;;;;;9;4
3;20;16.9921875;-3.0078125;9;4;54.0;763;0;Samaha et al. (2019);Experiment 1;Orientation;1;39;;;;;;;10;4
3;165;170.234375;5.234375;9;4;35.0;764;1;Samaha et al. (2019);Experiment 1;Orientation;1;40;;;;;;;4;4
3;67;61.953125;-5.046875;9;4;-82.0;765;0;Samaha et al. (2019);Experiment 1;Orientation;1;39;;;;;;;11;4
3;172;45.96875;53.96875;9;4;75.0;766;0;Samaha et al. (2019);Experiment 1;Orientation;1;39;;;;;;;12;4
3;118;148.25;30.25;9;4;54.0;767;0;Samaha et al. (2019);Experiment 1;Orientation;1;39;;;;;;;13;4
3;27;39.625;12.625;9;4;-89.0;768;1;Samaha et al. (2019);Experiment 1;Orientation;1;40;;;;;;;5;4
3;26;55.609375;29.609375;9;4;1.0;769;0;Samaha et al. (2019);Experiment 1;Orientation;1;39;;;;;;;14;4
3;156;136.0703125;-19.9296875;9;4;50.0;770;0;Samaha et al. (2019);Experiment 1;Orientation;1;39;;;;;;;15;4
3;92;57.34375;-34.65625;9;4;64.0;771;0;Samaha et al. (2019);Experiment 1;Orientation;1;39;;;;;;;16;4
3;106;127.4765625;21.4765625;9;4;-14.0;772;1;Samaha et al. (2019);Experiment 1;Orientation;1;40;;;;;;;6;4
3;115;149.671875;34.671875;9;4;-9.0;773;1;Samaha et al. (2019);Experiment 1;Orientation;1;40;;;;;;;7;4
3;135;140.21875;5.21875;9;4;-20.0;774;0;Samaha et al. (2019);Experiment 1;Orientation;1;39;;;;;;;17;4
3;33;48.0;15.0;9;4;-78.0;775;0;Samaha et al. (2019);Experiment 1;Orientation;1;39;;;;;;;18;4
3;67;84.3515625;17.3515625;9;4;-34.0;776;1;Samaha et al. (2019);Experiment 1;Orientation;1;40;;;;;;;8;4
3;57;152.515625;-84.484375;9;4;10.0;777;1;Samaha et al. (2019);Experiment 1;Orientation;1;40;;;;;;;9;4
3;119;145.4921875;26.4921875;9;4;-62.0;778;1;Samaha et al. (2019);Experiment 1;Orientation;1;40;;;;;;;10;4
3;98;104.78125;6.78125;9;4;21.0;779;0;Samaha et al. (2019);Experiment 1;Orientation;1;39;;;;;;;19;4
3;31;44.234375;13.234375;9;4;67.0;780;1;Samaha et al. (2019);Experiment 1;Orientation;1;40;;;;;;;11;4
3;143;135.375;-7.625;9;4;68.0;781;0;Samaha et al. (2019);Experiment 1;Orientation;1;39;;;;;;;20;4
3;16;69.4921875;53.4921875;9;4;-53.0;782;1;Samaha et al. (2019);Experiment 1;Orientation;1;40;;;;;;;12;4
3;16;42.828125;26.828125;9;4;0.0;783;1;Samaha et al. (2019);Experiment 1;Orientation;1;40;;;;;;;13;4
3;11;149.015625;-41.984375;9;4;5.0;784;1;Samaha et al. (2019);Experiment 1;Orientation;1;40;;;;;;;14;4
3;73;49.4921875;-23.5078125;9;4;-62.0;785;1;Samaha et al. (2019);Experiment 1;Orientation;1;40;;;;;;;15;4
3;48;120.171875;72.171875;9;4;25.0;786;1;Samaha et al. (2019);Experiment 1;Orientation;1;40;;;;;;;16;4
3;130;159.5390625;29.5390625;9;4;-82.0;787;0;Samaha et al. (2019);Experiment 1;Orientation;1;39;;;;;;;21;4
3;97;169.59375;72.59375;9;4;33.0;788;1;Samaha et al. (2019);Experiment 1;Orientation;1;40;;;;;;;17;4
3;79;71.4609375;-7.5390625;9;4;18.0;789;0;Samaha et al. (2019);Experiment 1;Orientation;1;39;;;;;;;22;4
3;142;119.09375;-22.90625;9;4;-63.0;790;0;Samaha et al. (2019);Experiment 1;Orientation;1;39;;;;;;;23;4
3;80;77.6875;-2.3125;9;4;62.0;791;1;Samaha et al. (2019);Experiment 1;Orientation;1;40;;;;;;;18;4
3;129;106.453125;-22.546875;9;4;-49.0;792;0;Samaha et al. (2019);Experiment 1;Orientation;1;39;;;;;;;24;4
3;86;89.2265625;3.2265625;9;4;43.0;793;1;Samaha et al. (2019);Experiment 1;Orientation;1;40;;;;;;;19;4
3;115;48.0;-67.0;9;4;-29.0;794;1;Samaha et al. (2019);Experiment 1;Orientation;1;40;;;;;;;20;4
3;177;125.7421875;-51.2578125;9;4;-62.0;795;1;Samaha et al. (2019);Experiment 1;Orientation;1;40;;;;;;;21;4
3;124;136.78125;12.78125;9;4;53.0;796;1;Samaha et al. (2019);Experiment 1;Orientation;1;40;;;;;;;22;4
3;113;108.546875;-4.453125;9;4;11.0;797;1;Samaha et al. (2019);Experiment 1;Orientation;1;40;;;;;;;23;4
3;8;155.390625;-32.609375;9;4;-75.0;798;1;Samaha et al. (2019);Experiment 1;Orientation;1;40;;;;;;;24;4
3;102;112.6171875;10.6171875;9;4;86.0;799;0;Samaha et al. (2019);Experiment 1;Orientation;1;39;;;;;;;25;4
3;33;52.0;19.0;9;4;69.0;800;1;Samaha et al. (2019);Experiment 1;Orientation;1;40;;;;;;;25;4
3;156;139.390625;-16.609375;9;4;57.0;801;0;Samaha et al. (2019);Experiment 1;Orientation;1;39;;;;;;;26;4
3;52;47.8515625;-4.1484375;9;4;-76.0;802;1;Samaha et al. (2019);Experiment 1;Orientation;1;40;;;;;;;26;4
3;118;125.125;7.125;9;4;-66.0;803;1;Samaha et al. (2019);Experiment 1;Orientation;1;40;;;;;;;27;4
3;58;60.0;2.0;9;4;60.0;804;1;Samaha et al. (2019);Experiment 1;Orientation;1;40;;;;;;;28;4
3;159;130.171875;-28.828125;9;4;79.0;805;0;Samaha et al. (2019);Experiment 1;Orientation;1;39;;;;;;;27;4
3;133;157.1796875;24.1796875;9;4;26.0;806;1;Samaha et al. (2019);Experiment 1;Orientation;1;40;;;;;;;29;4
3;0;107.609375;-72.390625;9;4;-47.0;807;0;Samaha et al. (2019);Experiment 1;Orientation;1;39;;;;;;;28;4
3;150;50.0;80.0;9;4;30.0;808;1;Samaha et al. (2019);Experiment 1;Orientation;1;40;;;;;;;30;4
3;157;131.8515625;-25.1484375;9;4;-7.0;809;1;Samaha et al. (2019);Experiment 1;Orientation;1;40;;;;;;;31;4
3;4;11.65625;7.65625;9;4;-27.0;810;1;Samaha et al. (2019);Experiment 1;Orientation;1;40;;;;;;;32;4
3;4;11.65625;7.65625;9;4;0.0;811;0;Samaha et al. (2019);Experiment 1;Orientation;1;39;;;;;;;29;4
3;138;122.9140625;-15.0859375;9;5;46.0;1001;1;Samaha et al. (2019);Experiment 1;Orientation;1;40;;;;;;;1;5
3;88;52.9921875;-35.0078125;9;5;50.0;1002;0;Samaha et al. (2019);Experiment 1;Orientation;1;39;;;;;;;1;5
3;158;136.484375;-21.515625;9;5;-70.0;1003;0;Samaha et al. (2019);Experiment 1;Orientation;1;39;;;;;;;2;5
3;52;59.640625;7.640625;9;5;-74.0;1004;1;Samaha et al. (2019);Experiment 1;Orientation;1;40;;;;;;;2;5
3;51;36.0;-15.0;9;5;1.0;1005;1;Samaha et al. (2019);Experiment 1;Orientation;1;40;;;;;;;3;5
3;33;122.0;89.0;9;5;18.0;1006;0;Samaha et al. (2019);Experiment 1;Orientation;1;39;;;;;;;3;5
3;25;23.4765625;-1.5234375;9;5;8.0;1007;0;Samaha et al. (2019);Experiment 1;Orientation;1;39;;;;;;;4;5
3;165;151.2421875;-13.7578125;9;5;40.0;1008;0;Samaha et al. (2019);Experiment 1;Orientation;1;39;;;;;;;5;5
3;135;142.0;7.0;9;5;30.0;1009;0;Samaha et al. (2019);Experiment 1;Orientation;1;39;;;;;;;6;5
3;148;131.125;-16.875;9;5;-13.0;1010;1;Samaha et al. (2019);Experiment 1;Orientation;1;40;;;;;;;4;5
3;127;134.5859375;7.5859375;9;5;21.0;1011;0;Samaha et al. (2019);Experiment 1;Orientation;1;39;;;;;;;7;5
3;107;125.890625;18.890625;9;5;20.0;1012;1;Samaha et al. (2019);Experiment 1;Orientation;1;40;;;;;;;5;5
3;147;134.0703125;-12.9296875;9;5;-40.0;1013;1;Samaha et al. (2019);Experiment 1;Orientation;1;40;;;;;;;6;5
3;80;132.1015625;52.1015625;9;5;67.0;1014;0;Samaha et al. (2019);Experiment 1;Orientation;1;39;;;;;;;8;5
3;43;53.046875;10.046875;9;5;37.0;1015;0;Samaha et al. (2019);Experiment 1;Orientation;1;39;;;;;;;9;5
3;11;39.1796875;28.1796875;9;5;32.0;1016;0;Samaha et al. (2019);Experiment 1;Orientation;1;39;;;;;;;10;5
3;103;118.0703125;15.0703125;9;5;88.0;1017;1;Samaha et al. (2019);Experiment 1;Orientation;1;40;;;;;;;7;5
3;65;57.703125;-7.296875;9;5;38.0;1018;1;Samaha et al. (2019);Experiment 1;Orientation;1;40;;;;;;;8;5
3;57;52.6796875;-4.3203125;9;5;8.0;1019;0;Samaha et al. (2019);Experiment 1;Orientation;1;39;;;;;;;11;5
3;142;128.5;-13.5;9;5;-85.0;1020;0;Samaha et al. (2019);Experiment 1;Orientation;1;39;;;;;;;12;5
3;139;115.328125;-23.671875;9;5;3.0;1021;1;Samaha et al. (2019);Experiment 1;Orientation;1;40;;;;;;;9;5
3;106;124.5;18.5;9;5;33.0;1022;0;Samaha et al. (2019);Experiment 1;Orientation;1;39;;;;;;;13;5
3;92;97.890625;5.890625;9;5;14.0;1023;0;Samaha et al. (2019);Experiment 1;Orientation;1;39;;;;;;;14;5
3;166;176.0;10.0;9;5;-74.0;1024;0;Samaha et al. (2019);Experiment 1;Orientation;1;39;;;;;;;15;5
3;13;15.59375;2.59375;9;5;-27.0;1025;0;Samaha et al. (2019);Experiment 1;Orientation;1;39;;;;;;;16;5
3;46;34.1875;-11.8125;9;5;-33.0;1026;0;Samaha et al. (2019);Experiment 1;Orientation;1;39;;;;;;;17;5
3;97;31.359375;-65.640625;9;5;-51.0;1027;1;Samaha et al. (2019);Experiment 1;Orientation;1;40;;;;;;;10;5
3;44;36.0;-8.0;9;5;53.0;1028;0;Samaha et al. (2019);Experiment 1;Orientation;1;39;;;;;;;18;5
3;66;41.6875;-24.3125;9;5;-22.0;1029;0;Samaha et al. (2019);Experiment 1;Orientation;1;39;;;;;;;19;5
3;139;70.6328125;-68.3671875;9;5;-73.0;1030;0;Samaha et al. (2019);Experiment 1;Orientation;1;39;;;;;;;20;5
3;144;144.1875;0.1875;9;5;-5.0;1031;1;Samaha et al. (2019);Experiment 1;Orientation;1;40;;;;;;;11;5
3;28;53.078125;25.078125;9;5;-64.0;1032;1;Samaha et al. (2019);Experiment 1;Orientation;1;40;;;;;;;12;5
3;85;78.4140625;-6.5859375;9;5;-57.0;1033;0;Samaha et al. (2019);Experiment 1;Orientation;1;39;;;;;;;21;5
3;5;128.0;-57.0;9;5;80.0;1034;0;Samaha et al. (2019);Experiment 1;Orientation;1;39;;;;;;;22;5
3;85;61.078125;-23.921875;9;5;-80.0;1035;1;Samaha et al. (2019);Experiment 1;Orientation;1;40;;;;;;;13;5
3;90;64.3046875;-25.6953125;9;5;-5.0;1036;0;Samaha et al. (2019);Experiment 1;Orientation;1;39;;;;;;;23;5
3;64;52.46875;-11.53125;9;5;26.0;1037;1;Samaha et al. (2019);Experiment 1;Orientation;1;40;;;;;;;14;5
3;83;55.328125;-27.671875;9;5;-19.0;1038;0;Samaha et al. (2019);Experiment 1;Orientation;1;39;;;;;;;24;5
3;108;100.796875;-7.203125;9;5;-25.0;1039;0;Samaha et al. (2019);Experiment 1;Orientation;1;39;;;;;;;25;5
3;108;100.5;-7.5;9;5;0.0;1040;0;Samaha et al. (2019);Experiment 1;Orientation;1;39;;;;;;;26;5
3;145;130.828125;-14.171875;9;5;-37.0;1041;0;Samaha et al. (2019);Experiment 1;Orientation;1;39;;;;;;;27;5
3;44;36.3828125;-7.6171875;9;5;-79.0;1042;1;Samaha et al. (2019);Experiment 1;Orientation;1;40;;;;;;;15;5
3;168;107.2734375;-60.7265625;9;5;56.0;1043;0;Samaha et al. (2019);Experiment 1;Orientation;1;39;;;;;;;28;5
3;20;54.25;34.25;9;5;-32.0;1044;1;Samaha et al. (2019);Experiment 1;Orientation;1;40;;;;;;;16;5
3;136;139.375;3.375;9;5;64.0;1045;1;Samaha et al. (2019);Experiment 1;Orientation;1;40;;;;;;;17;5
3;112;107.2109375;-4.7890625;9;5;24.0;1046;1;Samaha et al. (2019);Experiment 1;Orientation;1;40;;;;;;;18;5
3;1;45.5078125;44.5078125;9;5;-69.0;1047;0;Samaha et al. (2019);Experiment 1;Orientation;1;39;;;;;;;29;5
3;11;43.421875;32.421875;9;5;-10.0;1048;0;Samaha et al. (2019);Experiment 1;Orientation;1;39;;;;;;;30;5
3;13;45.8203125;32.8203125;9;5;-2.0;1049;0;Samaha et al. (2019);Experiment 1;Orientation;1;39;;;;;;;31;5
3;144;140.0390625;-3.9609375;9;5;49.0;1050;1;Samaha et al. (2019);Experiment 1;Orientation;1;40;;;;;;;19;5
3;29;34.0546875;5.0546875;9;5;-65.0;1051;1;Samaha et al. (2019);Experiment 1;Orientation;1;40;;;;;;;20;5
3;33;22.5625;-10.4375;9;5;-4.0;1052;1;Samaha et al. (2019);Experiment 1;Orientation;1;40;;;;;;;21;5
3;148;52.0;84.0;9;5;65.0;1053;0;Samaha et al. (2019);Experiment 1;Orientation;1;39;;;;;;;32;5
3;46;57.5546875;11.5546875;9;5;-78.0;1054;0;Samaha et al. (2019);Experiment 1;Orientation;1;39;;;;;;;33;5
3;78;67.03125;-10.96875;9;5;-32.0;1055;1;Samaha et al. (2019);Experiment 1;Orientation;1;40;;;;;;;22;5
3;67;20.0;-47.0;9;5;11.0;1056;0;Samaha et al. (2019);Experiment 1;Orientation;1;39;;;;;;;34;5
3;79;76.1328125;-2.8671875;9;5;-12.0;1057;1;Samaha et al. (2019);Experiment 1;Orientation;1;40;;;;;;;23;5
3;62;114.5;52.5;9;5;17.0;1058;1;Samaha et al. (2019);Experiment 1;Orientation;1;40;;;;;;;24;5
3;157;125.0625;-31.9375;9;5;85.0;1059;0;Samaha et al. (2019);Experiment 1;Orientation;1;39;;;;;;;35;5
3;26;14.15625;-11.84375;9;5;-49.0;1060;0;Samaha et al. (2019);Experiment 1;Orientation;1;39;;;;;;;36;5
3;26;14.15625;-11.84375;9;5;0.0;1061;0;Samaha et al. (2019);Experiment 1;Orientation;1;39;;;;;;;37;5
4;102;71.953125;-30.046875;9;1;-76.0;1;0;Samaha et al. (2019);Experiment 1;Orientation;1;39;;;;;;;1;1
4;114;131.8359375;17.8359375;9;1;-12.0;2;1;Samaha et al. (2019);Experiment 1;Orientation;1;40;;;;;;;1;1
4;90;59.125;-30.875;9;1;24.0;3;1;Samaha et al. (2019);Experiment 1;Orientation;1;40;;;;;;;2;1
4;58;46.53125;-11.46875;9;1;32.0;4;1;Samaha et al. (2019);Experiment 1;Orientation;1;40;;;;;;;3;1
4;122;128.3515625;6.3515625;9;1;-64.0;5;0;Samaha et al. (2019);Experiment 1;Orientation;1;39;;;;;;;2;1
4;118;140.0390625;22.0390625;9;1;4.0;6;1;Samaha et al. (2019);Experiment 1;Orientation;1;40;;;;;;;4;1
4;74;53.140625;-20.859375;9;1;44.0;7;1;Samaha et al. (2019);Experiment 1;Orientation;1;40;;;;;;;5;1
4;139;132.3203125;-6.6796875;9;1;-65.0;8;0;Samaha et al. (2019);Experiment 1;Orientation;1;39;;;;;;;3;1
4;71;47.703125;-23.296875;9;1;68.0;9;1;Samaha et al. (2019);Experiment 1;Orientation;1;40;;;;;;;6;1
4;35;30.3828125;-4.6171875;9;1;36.0;10;1;Samaha et al. (2019);Experiment 1;Orientation;1;40;;;;;;;7;1
4;65;47.2734375;-17.7265625;9;1;-30.0;11;1;Samaha et al. (2019);Experiment 1;Orientation;1;40;;;;;;;8;1
4;138;140.53125;2.53125;9;1;-73.0;12;0;Samaha et al. (2019);Experiment 1;Orientation;1;39;;;;;;;4;1
4;76;53.34375;-22.65625;9;1;62.0;13;0;Samaha et al. (2019);Experiment 1;Orientation;1;39;;;;;;;5;1
4;80;59.875;-20.125;9;1;-4.0;14;0;Samaha et al. (2019);Experiment 1;Orientation;1;39;;;;;;;6;1
4;70;61.96875;-8.03125;9;1;10.0;15;1;Samaha et al. (2019);Experiment 1;Orientation;1;40;;;;;;;9;1
4;5;2.0;-3.0;9;1;65.0;16;1;Samaha et al. (2019);Experiment 1;Orientation;1;40;;;;;;;10;1
4;33;32.5;-0.5;9;1;-28.0;17;0;Samaha et al. (2019);Experiment 1;Orientation;1;39;;;;;;;7;1
4;2;9.96875;7.96875;9;1;31.0;18;1;Samaha et al. (2019);Experiment 1;Orientation;1;40;;;;;;;11;1
4;51;42.9140625;-8.0859375;9;1;-49.0;19;0;Samaha et al. (2019);Experiment 1;Orientation;1;39;;;;;;;8;1
4;84;53.1953125;-30.8046875;9;1;-33.0;20;0;Samaha et al. (2019);Experiment 1;Orientation;1;39;;;;;;;9;1
4;128;123.421875;-4.578125;9;1;-44.0;21;1;Samaha et al. (2019);Experiment 1;Orientation;1;40;;;;;;;12;1
4;163;129.421875;-33.578125;9;1;-35.0;22;0;Samaha et al. (2019);Experiment 1;Orientation;1;39;;;;;;;10;1
4;35;34.0703125;-0.9296875;9;1;-52.0;23;0;Samaha et al. (2019);Experiment 1;Orientation;1;39;;;;;;;11;1
4;8;8.9140625;0.9140625;9;1;27.0;24;0;Samaha et al. (2019);Experiment 1;Orientation;1;39;;;;;;;12;1
4;171;174.15625;3.15625;9;1;17.0;25;1;Samaha et al. (2019);Experiment 1;Orientation;1;40;;;;;;;13;1
4;127;145.59375;18.59375;9;1;44.0;26;1;Samaha et al. (2019);Experiment 1;Orientation;1;40;;;;;;;14;1
4;103;131.5078125;28.5078125;9;1;24.0;27;0;Samaha et al. (2019);Experiment 1;Orientation;1;39;;;;;;;13;1
4;71;41.609375;-29.390625;9;1;32.0;28;1;Samaha et al. (2019);Experiment 1;Orientation;1;40;;;;;;;15;1
4;65;53.078125;-11.921875;9;1;6.0;29;0;Samaha et al. (2019);Experiment 1;Orientation;1;39;;;;;;;14;1
4;35;52.0546875;17.0546875;9;1;30.0;30;1;Samaha et al. (2019);Experiment 1;Orientation;1;40;;;;;;;16;1
4;84;88.1328125;4.1328125;9;1;-49.0;31;0;Samaha et al. (2019);Experiment 1;Orientation;1;39;;;;;;;15;1
4;59;27.109375;-31.890625;9;1;25.0;32;0;Samaha et al. (2019);Experiment 1;Orientation;1;39;;;;;;;16;1
4;74;63.7578125;-10.2421875;9;1;-15.0;33;0;Samaha et al. (2019);Experiment 1;Orientation;1;39;;;;;;;17;1
4;113;163.296875;50.296875;9;1;-39.0;34;1;Samaha et al. (2019);Experiment 1;Orientation;1;40;;;;;;;17;1
4;56;46.0;-10.0;9;1;57.0;35;0;Samaha et al. (2019);Experiment 1;Orientation;1;39;;;;;;;18;1
4;61;25.8359375;-35.1640625;9;1;-5.0;36;0;Samaha et al. (2019);Experiment 1;Orientation;1;39;;;;;;;19;1
4;61;62.796875;1.796875;9;1;0.0;37;0;Samaha et al. (2019);Experiment 1;Orientation;1;39;;;;;;;20;1
4;93;108.8671875;15.8671875;9;1;-32.0;38;0;Samaha et al. (2019);Experiment 1;Orientation;1;39;;;;;;;21;1
4;124;119.0625;-4.9375;9;1;-31.0;39;1;Samaha et al. (2019);Experiment 1;Orientation;1;40;;;;;;;18;1
4;113;130.75;17.75;9;1;11.0;40;1;Samaha et al. (2019);Experiment 1;Orientation;1;40;;;;;;;19;1
4;143;129.5234375;-13.4765625;9;1;-30.0;41;1;Samaha et al. (2019);Experiment 1;Orientation;1;40;;;;;;;20;1
4;169;172.0703125;3.0703125;9;1;-26.0;42;0;Samaha et al. (2019);Experiment 1;Orientation;1;39;;;;;;;22;1
4;156;165.40625;9.40625;9;1;13.0;43;0;Samaha et al. (2019);Experiment 1;Orientation;1;39;;;;;;;23;1
4;1;167.421875;-13.578125;9;1;-25.0;44;1;Samaha et al. (2019);Experiment 1;Orientation;1;40;;;;;;;21;1
4;100;125.421875;25.421875;9;1;81.0;45;1;Samaha et al. (2019);Experiment 1;Orientation;1;40;;;;;;;22;1
4;77;56.6171875;-20.3828125;9;1;23.0;46;1;Samaha et al. (2019);Experiment 1;Orientation;1;40;;;;;;;23;1
4;9;122.3203125;-66.6796875;9;1;68.0;47;1;Samaha et al. (2019);Experiment 1;Orientation;1;40;;;;;;;24;1
4;109;117.2109375;8.2109375;9;1;80.0;48;1;Samaha et al. (2019);Experiment 1;Orientation;1;40;;;;;;;25;1
4;8;24.234375;16.234375;9;1;-79.0;49;1;Samaha et al. (2019);Experiment 1;Orientation;1;40;;;;;;;26;1
4;76;32.828125;-43.171875;9;1;-68.0;50;1;Samaha et al. (2019);Experiment 1;Orientation;1;40;;;;;;;27;1
4;128;143.375;15.375;9;1;-52.0;51;0;Samaha et al. (2019);Experiment 1;Orientation;1;39;;;;;;;24;1
4;4;160.78125;-23.21875;9;1;-56.0;52;1;Samaha et al. (2019);Experiment 1;Orientation;1;40;;;;;;;28;1
4;105;111.390625;6.390625;9;1;79.0;53;0;Samaha et al. (2019);Experiment 1;Orientation;1;39;;;;;;;25;1
4;120;116.0;-4.0;9;1;-15.0;54;0;Samaha et al. (2019);Experiment 1;Orientation;1;39;;;;;;;26;1
4;19;29.671875;10.671875;9;1;-79.0;55;0;Samaha et al. (2019);Experiment 1;Orientation;1;39;;;;;;;27;1
4;74;37.9375;-36.0625;9;1;-55.0;56;0;Samaha et al. (2019);Experiment 1;Orientation;1;39;;;;;;;28;1
4;130;163.7890625;33.7890625;9;1;-56.0;57;1;Samaha et al. (2019);Experiment 1;Orientation;1;40;;;;;;;29;1
4;29;30.53125;1.53125;9;1;-79.0;58;0;Samaha et al. (2019);Experiment 1;Orientation;1;39;;;;;;;29;1
4;87;76.5625;-10.4375;9;1;-58.0;59;0;Samaha et al. (2019);Experiment 1;Orientation;1;39;;;;;;;30;1
4;124;124.4296875;0.4296875;9;1;-37.0;60;1;Samaha et al. (2019);Experiment 1;Orientation;1;40;;;;;;;30;1
4;124;124.4296875;0.4296875;9;1;0.0;61;1;Samaha et al. (2019);Experiment 1;Orientation;1;40;;;;;;;31;1
4;123;155.4765625;32.4765625;9;2;1.0;251;1;Samaha et al. (2019);Experiment 1;Orientation;1;40;;;;;;;1;2
4;10;37.7578125;27.7578125;9;2;-67.0;252;0;Samaha et al. (2019);Experiment 1;Orientation;1;39;;;;;;;1;2
4;11;158.0;-33.0;9;2;-1.0;253;0;Samaha et al. (2019);Experiment 1;Orientation;1;39;;;;;;;2;2
4;84;47.5390625;-36.4609375;9;2;-73.0;254;0;Samaha et al. (2019);Experiment 1;Orientation;1;39;;;;;;;3;2
4;112;120.0;8.0;9;2;-28.0;255;0;Samaha et al. (2019);Experiment 1;Orientation;1;39;;;;;;;4;2
4;90;56.3671875;-33.6328125;9;2;22.0;256;0;Samaha et al. (2019);Experiment 1;Orientation;1;39;;;;;;;5;2
4;15;156.0;-39.0;9;2;75.0;257;1;Samaha et al. (2019);Experiment 1;Orientation;1;40;;;;;;;2;2
4;42;44.6796875;2.6796875;9;2;-27.0;258;0;Samaha et al. (2019);Experiment 1;Orientation;1;39;;;;;;;6;2
4;85;54.21875;-30.78125;9;2;-43.0;259;1;Samaha et al. (2019);Experiment 1;Orientation;1;40;;;;;;;3;2
4;29;22.765625;-6.234375;9;2;56.0;260;0;Samaha et al. (2019);Experiment 1;Orientation;1;39;;;;;;;7;2
4;42;27.4453125;-14.5546875;9;2;-13.0;261;0;Samaha et al. (2019);Experiment 1;Orientation;1;39;;;;;;;8;2
4;81;97.875;16.875;9;2;-39.0;262;0;Samaha et al. (2019);Experiment 1;Orientation;1;39;;;;;;;9;2
4;167;168.46875;1.46875;9;2;-86.0;263;0;Samaha et al. (2019);Experiment 1;Orientation;1;39;;;;;;;10;2
4;10;15.078125;5.078125;9;2;-23.0;264;1;Samaha et al. (2019);Experiment 1;Orientation;1;40;;;;;;;4;2
4;47;32.515625;-14.484375;9;2;-37.0;265;0;Samaha et al. (2019);Experiment 1;Orientation;1;39;;;;;;;11;2
4;116;127.921875;11.921875;9;2;-69.0;266;1;Samaha et al. (2019);Experiment 1;Orientation;1;40;;;;;;;5;2
4;2;133.078125;-48.921875;9;2;-66.0;267;1;Samaha et al. (2019);Experiment 1;Orientation;1;40;;;;;;;6;2
4;3;19.390625;16.390625;9;2;-1.0;268;1;Samaha et al. (2019);Experiment 1;Orientation;1;40;;;;;;;7;2
4;120;133.1640625;13.1640625;9;2;63.0;269;1;Samaha et al. (2019);Experiment 1;Orientation;1;40;;;;;;;8;2
4;87;75.640625;-11.359375;9;2;33.0;270;0;Samaha et al. (2019);Experiment 1;Orientation;1;39;;;;;;;12;2
4;24;17.03125;-6.96875;9;2;63.0;271;0;Samaha et al. (2019);Experiment 1;Orientation;1;39;;;;;;;13;2
4;12;8.0859375;-3.9140625;9;2;12.0;272;1;Samaha et al. (2019);Experiment 1;Orientation;1;40;;;;;;;9;2
4;0;12.9921875;12.9921875;9;2;12.0;273;0;Samaha et al. (2019);Experiment 1;Orientation;1;39;;;;;;;14;2
4;153;143.390625;-9.609375;9;2;27.0;274;1;Samaha et al. (2019);Experiment 1;Orientation;1;40;;;;;;;10;2
4;32;34.4140625;2.4140625;9;2;-59.0;275;0;Samaha et al. (2019);Experiment 1;Orientation;1;39;;;;;;;15;2
4;149;162.1015625;13.1015625;9;2;63.0;276;0;Samaha et al. (2019);Experiment 1;Orientation;1;39;;;;;;;16;2
4;60;36.3671875;-23.6328125;9;2;89.0;277;0;Samaha et al. (2019);Experiment 1;Orientation;1;39;;;;;;;17;2
4;98;92.265625;-5.734375;9;2;-38.0;278;0;Samaha et al. (2019);Experiment 1;Orientation;1;39;;;;;;;18;2
4;12;12.6171875;0.6171875;9;2;86.0;279;0;Samaha et al. (2019);Experiment 1;Orientation;1;39;;;;;;;19;2
4;3;15.03125;12.03125;9;2;9.0;280;1;Samaha et al. (2019);Experiment 1;Orientation;1;40;;;;;;;11;2
4;56;24.7109375;-31.2890625;9;2;-53.0;281;1;Samaha et al. (2019);Experiment 1;Orientation;1;40;;;;;;;12;2
4;13;19.703125;6.703125;9;2;43.0;282;1;Samaha et al. (2019);Experiment 1;Orientation;1;40;;;;;;;13;2
4;64;30.0;-34.0;9;2;-51.0;283;0;Samaha et al. (2019);Experiment 1;Orientation;1;39;;;;;;;20;2
4;8;12.203125;4.203125;9;2;56.0;284;1;Samaha et al. (2019);Experiment 1;Orientation;1;40;;;;;;;14;2
4;26;13.5390625;-12.4609375;9;2;-18.0;285;0;Samaha et al. (2019);Experiment 1;Orientation;1;39;;;;;;;21;2
4;22;37.90625;15.90625;9;2;4.0;286;1;Samaha et al. (2019);Experiment 1;Orientation;1;40;;;;;;;15;2
4;55;37.09375;-17.90625;9;2;-33.0;287;1;Samaha et al. (2019);Experiment 1;Orientation;1;40;;;;;;;16;2
4;109;153.609375;44.609375;9;2;-54.0;288;0;Samaha et al. (2019);Experiment 1;Orientation;1;39;;;;;;;22;2
4;177;31.078125;34.078125;9;2;-68.0;289;1;Samaha et al. (2019);Experiment 1;Orientation;1;40;;;;;;;17;2
4;152;165.1640625;13.1640625;9;2;25.0;290;1;Samaha et al. (2019);Experiment 1;Orientation;1;40;;;;;;;18;2
4;94;99.59375;5.59375;9;2;58.0;291;1;Samaha et al. (2019);Experiment 1;Orientation;1;40;;;;;;;19;2
4;172;169.1640625;-2.8359375;9;2;-78.0;292;1;Samaha et al. (2019);Experiment 1;Orientation;1;40;;;;;;;20;2
4;129;119.4921875;-9.5078125;9;2;43.0;293;0;Samaha et al. (2019);Experiment 1;Orientation;1;39;;;;;;;23;2
4;47;119.4453125;72.4453125;9;2;82.0;294;1;Samaha et al. (2019);Experiment 1;Orientation;1;40;;;;;;;21;2
4;168;167.890625;-0.109375;9;2;59.0;295;0;Samaha et al. (2019);Experiment 1;Orientation;1;39;;;;;;;24;2
4;141;146.0546875;5.0546875;9;2;27.0;296;0;Samaha et al. (2019);Experiment 1;Orientation;1;39;;;;;;;25;2
4;170;170.0;0.0;9;2;-29.0;297;1;Samaha et al. (2019);Experiment 1;Orientation;1;40;;;;;;;22;2
4;42;49.5703125;7.5703125;9;2;-52.0;298;1;Samaha et al. (2019);Experiment 1;Orientation;1;40;;;;;;;23;2
4;162;119.1953125;-42.8046875;9;2;60.0;299;0;Samaha et al. (2019);Experiment 1;Orientation;1;39;;;;;;;26;2
4;149;162.0;13.0;9;2;13.0;300;1;Samaha et al. (2019);Experiment 1;Orientation;1;40;;;;;;;24;2
4;19;37.375;18.375;9;2;-50.0;301;1;Samaha et al. (2019);Experiment 1;Orientation;1;40;;;;;;;25;2
4;6;15.4765625;9.4765625;9;2;13.0;302;1;Samaha et al. (2019);Experiment 1;Orientation;1;40;;;;;;;26;2
4;93;52.453125;-40.546875;9;2;-87.0;303;1;Samaha et al. (2019);Experiment 1;Orientation;1;40;;;;;;;27;2
4;102;107.09375;5.09375;9;2;-9.0;304;1;Samaha et al. (2019);Experiment 1;Orientation;1;40;;;;;;;28;2
4;74;71.5234375;-2.4765625;9;2;28.0;305;0;Samaha et al. (2019);Experiment 1;Orientation;1;39;;;;;;;27;2
4;69;77.046875;8.046875;9;2;5.0;306;0;Samaha et al. (2019);Experiment 1;Orientation;1;39;;;;;;;28;2
4;32;38.0703125;6.0703125;9;2;37.0;307;0;Samaha et al. (2019);Experiment 1;Orientation;1;39;;;;;;;29;2
4;161;154.203125;-6.796875;9;2;51.0;308;1;Samaha et al. (2019);Experiment 1;Orientation;1;40;;;;;;;29;2
4;69;35.8515625;-33.1484375;9;2;-88.0;309;1;Samaha et al. (2019);Experiment 1;Orientation;1;40;;;;;;;30;2
4;163;149.890625;-13.109375;9;2;86.0;310;1;Samaha et al. (2019);Experiment 1;Orientation;1;40;;;;;;;31;2
4;163;149.890625;-13.109375;9;2;0.0;311;0;Samaha et al. (2019);Experiment 1;Orientation;1;39;;;;;;;30;2
4;16;39.390625;23.390625;9;3;-33.0;501;1;Samaha et al. (2019);Experiment 1;Orientation;1;40;;;;;;;1;3
4;110;132.3671875;22.3671875;9;3;86.0;502;1;Samaha et al. (2019);Experiment 1;Orientation;1;40;;;;;;;2;3
4;0;42.765625;42.765625;9;3;-70.0;503;0;Samaha et al. (2019);Experiment 1;Orientation;1;39;;;;;;;1;3
4;154;167.2421875;13.2421875;9;3;26.0;504;1;Samaha et al. (2019);Experiment 1;Orientation;1;40;;;;;;;3;3
4;102;66.6328125;-35.3671875;9;3;52.0;505;1;Samaha et al. (2019);Experiment 1;Orientation;1;40;;;;;;;4;3
4;124;119.7265625;-4.2734375;9;3;-22.0;506;1;Samaha et al. (2019);Experiment 1;Orientation;1;40;;;;;;;5;3
4;79;65.5546875;-13.4453125;9;3;45.0;507;0;Samaha et al. (2019);Experiment 1;Orientation;1;39;;;;;;;2;3
4;106;113.625;7.625;9;3;-27.0;508;0;Samaha et al. (2019);Experiment 1;Orientation;1;39;;;;;;;3;3
4;18;20.6171875;2.6171875;9;3;88.0;509;0;Samaha et al. (2019);Experiment 1;Orientation;1;39;;;;;;;4;3
4;85;124.6953125;39.6953125;9;3;-67.0;510;0;Samaha et al. (2019);Experiment 1;Orientation;1;39;;;;;;;5;3
4;153;130.9140625;-22.0859375;9;3;-68.0;511;0;Samaha et al. (2019);Experiment 1;Orientation;1;39;;;;;;;6;3
4;33;21.375;-11.625;9;3;-60.0;512;1;Samaha et al. (2019);Experiment 1;Orientation;1;40;;;;;;;6;3
4;96;126.3046875;30.3046875;9;3;-63.0;513;0;Samaha et al. (2019);Experiment 1;Orientation;1;39;;;;;;;7;3
4;27;41.421875;14.421875;9;3;69.0;514;1;Samaha et al. (2019);Experiment 1;Orientation;1;40;;;;;;;7;3
4;69;57.390625;-11.609375;9;3;-42.0;515;0;Samaha et al. (2019);Experiment 1;Orientation;1;39;;;;;;;8;3
4;11;49.7734375;38.7734375;9;3;58.0;516;1;Samaha et al. (2019);Experiment 1;Orientation;1;40;;;;;;;8;3
4;136;129.703125;-6.296875;9;3;55.0;517;0;Samaha et al. (2019);Experiment 1;Orientation;1;39;;;;;;;9;3
4;46;41.2109375;-4.7890625;9;3;90.0;518;0;Samaha et al. (2019);Experiment 1;Orientation;1;39;;;;;;;10;3
4;140;125.8515625;-14.1484375;9;3;86.0;519;0;Samaha et al. (2019);Experiment 1;Orientation;1;39;;;;;;;11;3
4;96;80.453125;-15.546875;9;3;44.0;520;1;Samaha et al. (2019);Experiment 1;Orientation;1;40;;;;;;;9;3
4;65;66.453125;1.453125;9;3;31.0;521;1;Samaha et al. (2019);Experiment 1;Orientation;1;40;;;;;;;10;3
4;157;130.8671875;-26.1328125;9;3;88.0;522;1;Samaha et al. (2019);Experiment 1;Orientation;1;40;;;;;;;11;3
4;5;140.8671875;-44.1328125;9;3;-28.0;523;1;Samaha et al. (2019);Experiment 1;Orientation;1;40;;;;;;;12;3
4;20;30.78125;10.78125;9;3;-15.0;524;0;Samaha et al. (2019);Experiment 1;Orientation;1;39;;;;;;;12;3
4;122;157.921875;35.921875;9;3;78.0;525;1;Samaha et al. (2019);Experiment 1;Orientation;1;40;;;;;;;13;3
4;86;52.4375;-33.5625;9;3;36.0;526;1;Samaha et al. (2019);Experiment 1;Orientation;1;40;;;;;;;14;3
4;73;47.40625;-25.59375;9;3;13.0;527;1;Samaha et al. (2019);Experiment 1;Orientation;1;40;;;;;;;15;3
4;115;127.4765625;12.4765625;9;3;-42.0;528;1;Samaha et al. (2019);Experiment 1;Orientation;1;40;;;;;;;16;3
4;172;179.65625;7.65625;9;3;-57.0;529;1;Samaha et al. (2019);Experiment 1;Orientation;1;40;;;;;;;17;3
4;120;144.3671875;24.3671875;9;3;52.0;530;1;Samaha et al. (2019);Experiment 1;Orientation;1;40;;;;;;;18;3
4;163;134.1015625;-28.8984375;9;3;-43.0;531;1;Samaha et al. (2019);Experiment 1;Orientation;1;40;;;;;;;19;3
4;137;146.0;9.0;9;3;26.0;532;0;Samaha et al. (2019);Experiment 1;Orientation;1;39;;;;;;;13;3
4;161;168.3046875;7.3046875;9;3;-24.0;533;0;Samaha et al. (2019);Experiment 1;Orientation;1;39;;;;;;;14;3
4;104;120.0;16.0;9;3;57.0;534;0;Samaha et al. (2019);Experiment 1;Orientation;1;39;;;;;;;15;3
4;151;154.78125;3.78125;9;3;-47.0;535;0;Samaha et al. (2019);Experiment 1;Orientation;1;39;;;;;;;16;3
4;1;172.0;-9.0;9;3;-30.0;536;1;Samaha et al. (2019);Experiment 1;Orientation;1;40;;;;;;;20;3
4;79;54.8671875;-24.1328125;9;3;-78.0;537;0;Samaha et al. (2019);Experiment 1;Orientation;1;39;;;;;;;17;3
4;84;56.0;-28.0;9;3;-5.0;538;1;Samaha et al. (2019);Experiment 1;Orientation;1;40;;;;;;;21;3
4;98;121.65625;23.65625;9;3;-14.0;539;1;Samaha et al. (2019);Experiment 1;Orientation;1;40;;;;;;;22;3
4;164;147.046875;-16.953125;9;3;-66.0;540;0;Samaha et al. (2019);Experiment 1;Orientation;1;39;;;;;;;18;3
4;98;131.09375;33.09375;9;3;66.0;541;1;Samaha et al. (2019);Experiment 1;Orientation;1;40;;;;;;;23;3
4;96;122.0;26.0;9;3;2.0;542;1;Samaha et al. (2019);Experiment 1;Orientation;1;40;;;;;;;24;3
4;31;44.6171875;13.6171875;9;3;65.0;543;0;Samaha et al. (2019);Experiment 1;Orientation;1;39;;;;;;;19;3
4;36;22.0;-14.0;9;3;-5.0;544;0;Samaha et al. (2019);Experiment 1;Orientation;1;39;;;;;;;20;3
4;118;131.8515625;13.8515625;9;3;-82.0;545;1;Samaha et al. (2019);Experiment 1;Orientation;1;40;;;;;;;25;3
4;122;136.734375;14.734375;9;3;-4.0;546;1;Samaha et al. (2019);Experiment 1;Orientation;1;40;;;;;;;26;3
4;103;67.59375;-35.40625;9;3;19.0;547;1;Samaha et al. (2019);Experiment 1;Orientation;1;40;;;;;;;27;3
4;173;157.359375;-15.640625;9;3;-70.0;548;1;Samaha et al. (2019);Experiment 1;Orientation;1;40;;;;;;;28;3
4;43;38.828125;-4.171875;9;3;-50.0;549;0;Samaha et al. (2019);Experiment 1;Orientation;1;39;;;;;;;21;3
4;31;39.578125;8.578125;9;3;12.0;550;1;Samaha et al. (2019);Experiment 1;Orientation;1;40;;;;;;;29;3
4;31;25.609375;-5.390625;9;3;0.0;551;0;Samaha et al. (2019);Experiment 1;Orientation;1;39;;;;;;;22;3
4;164;148.15625;-15.84375;9;3;47.0;552;0;Samaha et al. (2019);Experiment 1;Orientation;1;39;;;;;;;23;3
4;71;60.0234375;-10.9765625;9;3;-87.0;553;0;Samaha et al. (2019);Experiment 1;Orientation;1;39;;;;;;;24;3
4;151;161.7421875;10.7421875;9;3;-80.0;554;0;Samaha et al. (2019);Experiment 1;Orientation;1;39;;;;;;;25;3
4;40;38.9921875;-1.0078125;9;3;-69.0;555;1;Samaha et al. (2019);Experiment 1;Orientation;1;40;;;;;;;30;3
4;147;142.828125;-4.171875;9;3;73.0;556;0;Samaha et al. (2019);Experiment 1;Orientation;1;39;;;;;;;26;3
4;114;152.515625;38.515625;9;3;33.0;557;1;Samaha et al. (2019);Experiment 1;Orientation;1;40;;;;;;;31;3
4;121;126.0;5.0;9;3;-7.0;558;1;Samaha et al. (2019);Experiment 1;Orientation;1;40;;;;;;;32;3
4;102;137.875;35.875;9;3;19.0;559;1;Samaha et al. (2019);Experiment 1;Orientation;1;40;;;;;;;33;3
4;30;41.8046875;11.8046875;9;3;72.0;560;1;Samaha et al. (2019);Experiment 1;Orientation;1;40;;;;;;;34;3
4;30;41.8046875;11.8046875;9;3;0.0;561;0;Samaha et al. (2019);Experiment 1;Orientation;1;39;;;;;;;27;3
4;175;167.7578125;-7.2421875;9;4;35.0;751;0;Samaha et al. (2019);Experiment 1;Orientation;1;39;;;;;;;1;4
4;134;138.0;4.0;9;4;41.0;752;0;Samaha et al. (2019);Experiment 1;Orientation;1;39;;;;;;;2;4
4;23;40.84375;17.84375;9;4;-69.0;753;1;Samaha et al. (2019);Experiment 1;Orientation;1;40;;;;;;;1;4
4;32;39.5078125;7.5078125;9;4;-9.0;754;0;Samaha et al. (2019);Experiment 1;Orientation;1;39;;;;;;;3;4
4;34;34.9296875;0.9296875;9;4;-2.0;755;0;Samaha et al. (2019);Experiment 1;Orientation;1;39;;;;;;;4;4
4;6;30.9296875;24.9296875;9;4;28.0;756;0;Samaha et al. (2019);Experiment 1;Orientation;1;39;;;;;;;5;4
4;85;63.390625;-21.609375;9;4;-79.0;757;1;Samaha et al. (2019);Experiment 1;Orientation;1;40;;;;;;;2;4
4;172;73.7265625;81.7265625;9;4;-87.0;758;0;Samaha et al. (2019);Experiment 1;Orientation;1;39;;;;;;;6;4
4;93;100.203125;7.203125;9;4;79.0;759;0;Samaha et al. (2019);Experiment 1;Orientation;1;39;;;;;;;7;4
4;20;21.2421875;1.2421875;9;4;73.0;760;0;Samaha et al. (2019);Experiment 1;Orientation;1;39;;;;;;;8;4
4;127;140.3828125;13.3828125;9;4;73.0;761;0;Samaha et al. (2019);Experiment 1;Orientation;1;39;;;;;;;9;4
4;179;13.140625;14.140625;9;4;-52.0;762;1;Samaha et al. (2019);Experiment 1;Orientation;1;40;;;;;;;3;4
4;98;110.203125;12.203125;9;4;81.0;763;1;Samaha et al. (2019);Experiment 1;Orientation;1;40;;;;;;;4;4
4;34;33.6875;-0.3125;9;4;64.0;764;0;Samaha et al. (2019);Experiment 1;Orientation;1;39;;;;;;;10;4
4;12;36.6796875;24.6796875;9;4;22.0;765;0;Samaha et al. (2019);Experiment 1;Orientation;1;39;;;;;;;11;4
4;7;152.234375;-34.765625;9;4;5.0;766;1;Samaha et al. (2019);Experiment 1;Orientation;1;40;;;;;;;5;4
4;175;154.0703125;-20.9296875;9;4;12.0;767;0;Samaha et al. (2019);Experiment 1;Orientation;1;39;;;;;;;12;4
4;161;158.203125;-2.796875;9;4;14.0;768;1;Samaha et al. (2019);Experiment 1;Orientation;1;40;;;;;;;6;4
4;165;158.9765625;-6.0234375;9;4;-4.0;769;1;Samaha et al. (2019);Experiment 1;Orientation;1;40;;;;;;;7;4
4;18;34.0;16.0;9;4;-33.0;770;0;Samaha et al. (2019);Experiment 1;Orientation;1;39;;;;;;;13;4
4;108;129.328125;21.328125;9;4;-90.0;771;0;Samaha et al. (2019);Experiment 1;Orientation;1;39;;;;;;;14;4
4;29;28.6015625;-0.3984375;9;4;79.0;772;1;Samaha et al. (2019);Experiment 1;Orientation;1;40;;;;;;;8;4
4;81;63.5390625;-17.4609375;9;4;-52.0;773;0;Samaha et al. (2019);Experiment 1;Orientation;1;39;;;;;;;15;4
4;179;46.0;47.0;9;4;82.0;774;0;Samaha et al. (2019);Experiment 1;Orientation;1;39;;;;;;;16;4
4;105;142.0390625;37.0390625;9;4;74.0;775;1;Samaha et al. (2019);Experiment 1;Orientation;1;40;;;;;;;9;4
4;164;139.5234375;-24.4765625;9;4;-59.0;776;0;Samaha et al. (2019);Experiment 1;Orientation;1;39;;;;;;;17;4
4;147;150.0;3.0;9;4;17.0;777;1;Samaha et al. (2019);Experiment 1;Orientation;1;40;;;;;;;10;4
4;145;146.75;1.75;9;4;2.0;778;1;Samaha et al. (2019);Experiment 1;Orientation;1;40;;;;;;;11;4
4;53;55.3125;2.3125;9;4;-88.0;779;1;Samaha et al. (2019);Experiment 1;Orientation;1;40;;;;;;;12;4
4;130;130.5;0.5;9;4;-77.0;780;0;Samaha et al. (2019);Experiment 1;Orientation;1;39;;;;;;;18;4
4;148;140.6171875;-7.3828125;9;4;-18.0;781;1;Samaha et al. (2019);Experiment 1;Orientation;1;40;;;;;;;13;4
4;125;131.359375;6.359375;9;4;23.0;782;1;Samaha et al. (2019);Experiment 1;Orientation;1;40;;;;;;;14;4
4;118;116.484375;-1.515625;9;4;7.0;783;0;Samaha et al. (2019);Experiment 1;Orientation;1;39;;;;;;;19;4
4;125;121.5703125;-3.4296875;9;4;-7.0;784;1;Samaha et al. (2019);Experiment 1;Orientation;1;40;;;;;;;15;4
4;12;38.53125;26.53125;9;4;-67.0;785;0;Samaha et al. (2019);Experiment 1;Orientation;1;39;;;;;;;20;4
4;169;150.5;-18.5;9;4;23.0;786;1;Samaha et al. (2019);Experiment 1;Orientation;1;40;;;;;;;16;4
4;76;56.8125;-19.1875;9;4;-87.0;787;1;Samaha et al. (2019);Experiment 1;Orientation;1;40;;;;;;;17;4
4;179;14.84375;15.84375;9;4;77.0;788;1;Samaha et al. (2019);Experiment 1;Orientation;1;40;;;;;;;18;4
4;50;30.0;-20.0;9;4;-51.0;789;1;Samaha et al. (2019);Experiment 1;Orientation;1;40;;;;;;;19;4
4;7;11.984375;4.984375;9;4;43.0;790;0;Samaha et al. (2019);Experiment 1;Orientation;1;39;;;;;;;21;4
4;59;41.7421875;-17.2578125;9;4;-52.0;791;1;Samaha et al. (2019);Experiment 1;Orientation;1;40;;;;;;;20;4
4;1;161.2265625;-19.7734375;9;4;58.0;792;0;Samaha et al. (2019);Experiment 1;Orientation;1;39;;;;;;;22;4
4;135;150.3203125;15.3203125;9;4;46.0;793;1;Samaha et al. (2019);Experiment 1;Orientation;1;40;;;;;;;21;4
4;48;39.1953125;-8.8046875;9;4;87.0;794;1;Samaha et al. (2019);Experiment 1;Orientation;1;40;;;;;;;22;4
4;56;58.0234375;2.0234375;9;4;-8.0;795;0;Samaha et al. (2019);Experiment 1;Orientation;1;39;;;;;;;23;4
4;12;38.8828125;26.8828125;9;4;44.0;796;1;Samaha et al. (2019);Experiment 1;Orientation;1;40;;;;;;;23;4
4;156;142.6484375;-13.3515625;9;4;36.0;797;0;Samaha et al. (2019);Experiment 1;Orientation;1;39;;;;;;;24;4
4;87;51.046875;-35.953125;9;4;69.0;798;1;Samaha et al. (2019);Experiment 1;Orientation;1;40;;;;;;;24;4
4;68;54.796875;-13.203125;9;4;19.0;799;1;Samaha et al. (2019);Experiment 1;Orientation;1;40;;;;;;;25;4
4;2;6.0;4.0;9;4;66.0;800;0;Samaha et al. (2019);Experiment 1;Orientation;1;39;;;;;;;25;4
4;94;57.125;-36.875;9;4;88.0;801;0;Samaha et al. (2019);Experiment 1;Orientation;1;39;;;;;;;26;4
4;30;9.4609375;-20.5390625;9;4;64.0;802;1;Samaha et al. (2019);Experiment 1;Orientation;1;40;;;;;;;26;4
4;28;24.6171875;-3.3828125;9;4;2.0;803;1;Samaha et al. (2019);Experiment 1;Orientation;1;40;;;;;;;27;4
4;141;146.4140625;5.4140625;9;4;67.0;804;1;Samaha et al. (2019);Experiment 1;Orientation;1;40;;;;;;;28;4
4;56;16.765625;-39.234375;9;4;85.0;805;1;Samaha et al. (2019);Experiment 1;Orientation;1;40;;;;;;;29;4
4;51;39.34375;-11.65625;9;4;5.0;806;0;Samaha et al. (2019);Experiment 1;Orientation;1;39;;;;;;;27;4
4;4;175.8046875;-8.1953125;9;4;47.0;807;0;Samaha et al. (2019);Experiment 1;Orientation;1;39;;;;;;;28;4
4;81;86.9765625;5.9765625;9;4;-77.0;808;1;Samaha et al. (2019);Experiment 1;Orientation;1;40;;;;;;;30;4
4;108;140.203125;32.203125;9;4;-27.0;809;1;Samaha et al. (2019);Experiment 1;Orientation;1;40;;;;;;;31;4
4;7;22.9140625;15.9140625;9;4;-79.0;810;1;Samaha et al. (2019);Experiment 1;Orientation;1;40;;;;;;;32;4
4;7;22.9140625;15.9140625;9;4;0.0;811;0;Samaha et al. (2019);Experiment 1;Orientation;1;39;;;;;;;29;4
4;88;89.8203125;1.8203125;9;5;-81.0;1001;1;Samaha et al. (2019);Experiment 1;Orientation;1;40;;;;;;;1;5
4;31;35.984375;4.984375;9;5;57.0;1002;1;Samaha et al. (2019);Experiment 1;Orientation;1;40;;;;;;;2;5
4;150;155.359375;5.359375;9;5;61.0;1003;0;Samaha et al. (2019);Experiment 1;Orientation;1;39;;;;;;;1;5
4;60;34.484375;-25.515625;9;5;90.0;1004;1;Samaha et al. (2019);Experiment 1;Orientation;1;40;;;;;;;3;5
4;91;69.8203125;-21.1796875;9;5;-31.0;1005;1;Samaha et al. (2019);Experiment 1;Orientation;1;40;;;;;;;4;5
4;166;172.78125;6.78125;9;5;-75.0;1006;0;Samaha et al. (2019);Experiment 1;Orientation;1;39;;;;;;;2;5
4;81;70.0;-11.0;9;5;85.0;1007;0;Samaha et al. (2019);Experiment 1;Orientation;1;39;;;;;;;3;5
4;132;145.8515625;13.8515625;9;5;-51.0;1008;1;Samaha et al. (2019);Experiment 1;Orientation;1;40;;;;;;;5;5
4;99;101.140625;2.140625;9;5;33.0;1009;0;Samaha et al. (2019);Experiment 1;Orientation;1;39;;;;;;;4;5
4;95;77.640625;-17.359375;9;5;4.0;1010;0;Samaha et al. (2019);Experiment 1;Orientation;1;39;;;;;;;5;5
4;116;148.265625;32.265625;9;5;-21.0;1011;0;Samaha et al. (2019);Experiment 1;Orientation;1;39;;;;;;;6;5
4;36;36.46875;0.46875;9;5;80.0;1012;0;Samaha et al. (2019);Experiment 1;Orientation;1;39;;;;;;;7;5
4;126;164.0234375;38.0234375;9;5;-90.0;1013;0;Samaha et al. (2019);Experiment 1;Orientation;1;39;;;;;;;8;5
4;126;136.203125;10.203125;9;5;0.0;1014;0;Samaha et al. (2019);Experiment 1;Orientation;1;39;;;;;;;9;5
4;106;129.96875;23.96875;9;5;20.0;1015;1;Samaha et al. (2019);Experiment 1;Orientation;1;40;;;;;;;6;5
4;80;56.9765625;-23.0234375;9;5;26.0;1016;1;Samaha et al. (2019);Experiment 1;Orientation;1;40;;;;;;;7;5
4;157;151.953125;-5.046875;9;5;-77.0;1017;1;Samaha et al. (2019);Experiment 1;Orientation;1;40;;;;;;;8;5
4;118;138.0;20.0;9;5;39.0;1018;0;Samaha et al. (2019);Experiment 1;Orientation;1;39;;;;;;;10;5
4;68;50.515625;-17.484375;9;5;50.0;1019;0;Samaha et al. (2019);Experiment 1;Orientation;1;39;;;;;;;11;5
4;67;53.125;-13.875;9;5;1.0;1020;1;Samaha et al. (2019);Experiment 1;Orientation;1;40;;;;;;;9;5
4;152;116.0859375;-35.9140625;9;5;-85.0;1021;0;Samaha et al. (2019);Experiment 1;Orientation;1;39;;;;;;;12;5
4;176;174.4140625;-1.5859375;9;5;-24.0;1022;1;Samaha et al. (2019);Experiment 1;Orientation;1;40;;;;;;;10;5
4;20;23.296875;3.296875;9;5;-24.0;1023;1;Samaha et al. (2019);Experiment 1;Orientation;1;40;;;;;;;11;5
4;2;20.265625;18.265625;9;5;18.0;1024;1;Samaha et al. (2019);Experiment 1;Orientation;1;40;;;;;;;12;5
4;157;25.1796875;48.1796875;9;5;25.0;1025;1;Samaha et al. (2019);Experiment 1;Orientation;1;40;;;;;;;13;5
4;11;20.3984375;9.3984375;9;5;-34.0;1026;0;Samaha et al. (2019);Experiment 1;Orientation;1;39;;;;;;;13;5
4;74;63.9375;-10.0625;9;5;-63.0;1027;1;Samaha et al. (2019);Experiment 1;Orientation;1;40;;;;;;;14;5
4;59;67.5703125;8.5703125;9;5;15.0;1028;1;Samaha et al. (2019);Experiment 1;Orientation;1;40;;;;;;;15;5
4;76;64.3046875;-11.6953125;9;5;-17.0;1029;1;Samaha et al. (2019);Experiment 1;Orientation;1;40;;;;;;;16;5
4;49;50.6796875;1.6796875;9;5;27.0;1030;1;Samaha et al. (2019);Experiment 1;Orientation;1;40;;;;;;;17;5
4;113;122.0;9.0;9;5;-64.0;1031;0;Samaha et al. (2019);Experiment 1;Orientation;1;39;;;;;;;14;5
4;39;45.03125;6.03125;9;5;74.0;1032;0;Samaha et al. (2019);Experiment 1;Orientation;1;39;;;;;;;15;5
4;139;146.3671875;7.3671875;9;5;80.0;1033;0;Samaha et al. (2019);Experiment 1;Orientation;1;39;;;;;;;16;5
4;115;121.8515625;6.8515625;9;5;24.0;1034;0;Samaha et al. (2019);Experiment 1;Orientation;1;39;;;;;;;17;5
4;122;127.59375;5.59375;9;5;-7.0;1035;1;Samaha et al. (2019);Experiment 1;Orientation;1;40;;;;;;;18;5
4;100;148.7109375;48.7109375;9;5;22.0;1036;0;Samaha et al. (2019);Experiment 1;Orientation;1;39;;;;;;;18;5
4;81;53.625;-27.375;9;5;19.0;1037;1;Samaha et al. (2019);Experiment 1;Orientation;1;40;;;;;;;19;5
4;84;37.671875;-46.328125;9;5;-3.0;1038;1;Samaha et al. (2019);Experiment 1;Orientation;1;40;;;;;;;20;5
4;68;49.390625;-18.609375;9;5;16.0;1039;0;Samaha et al. (2019);Experiment 1;Orientation;1;39;;;;;;;19;5
4;172;157.9375;-14.0625;9;5;76.0;1040;0;Samaha et al. (2019);Experiment 1;Orientation;1;39;;;;;;;20;5
4;73;56.25;-16.75;9;5;-81.0;1041;1;Samaha et al. (2019);Experiment 1;Orientation;1;40;;;;;;;21;5
4;40;29.4921875;-10.5078125;9;5;33.0;1042;1;Samaha et al. (2019);Experiment 1;Orientation;1;40;;;;;;;22;5
4;1;23.609375;22.609375;9;5;39.0;1043;1;Samaha et al. (2019);Experiment 1;Orientation;1;40;;;;;;;23;5
4;30;27.953125;-2.046875;9;5;-29.0;1044;1;Samaha et al. (2019);Experiment 1;Orientation;1;40;;;;;;;24;5
4;45;24.265625;-20.734375;9;5;-15.0;1045;1;Samaha et al. (2019);Experiment 1;Orientation;1;40;;;;;;;25;5
4;48;14.9296875;-33.0703125;9;5;-3.0;1046;0;Samaha et al. (2019);Experiment 1;Orientation;1;39;;;;;;;21;5
4;57;31.2265625;-25.7734375;9;5;-9.0;1047;1;Samaha et al. (2019);Experiment 1;Orientation;1;40;;;;;;;26;5
4;34;28.1171875;-5.8828125;9;5;23.0;1048;1;Samaha et al. (2019);Experiment 1;Orientation;1;40;;;;;;;27;5
4;25;29.5078125;4.5078125;9;5;9.0;1049;1;Samaha et al. (2019);Experiment 1;Orientation;1;40;;;;;;;28;5
4;18;11.2421875;-6.7578125;9;5;7.0;1050;0;Samaha et al. (2019);Experiment 1;Orientation;1;39;;;;;;;22;5
4;0;163.953125;-16.046875;9;5;18.0;1051;1;Samaha et al. (2019);Experiment 1;Orientation;1;40;;;;;;;29;5
4;177;171.7265625;-5.2734375;9;5;3.0;1052;0;Samaha et al. (2019);Experiment 1;Orientation;1;39;;;;;;;23;5
4;3;170.28125;-12.71875;9;5;-6.0;1053;0;Samaha et al. (2019);Experiment 1;Orientation;1;39;;;;;;;24;5
4;9;168.0546875;-20.9453125;9;5;-6.0;1054;1;Samaha et al. (2019);Experiment 1;Orientation;1;40;;;;;;;30;5
4;39;22.796875;-16.203125;9;5;-30.0;1055;1;Samaha et al. (2019);Experiment 1;Orientation;1;40;;;;;;;31;5
4;14;30.8828125;16.8828125;9;5;25.0;1056;0;Samaha et al. (2019);Experiment 1;Orientation;1;39;;;;;;;25;5
4;2;14.453125;12.453125;9;5;12.0;1057;0;Samaha et al. (2019);Experiment 1;Orientation;1;39;;;;;;;26;5
4;51;22.6484375;-28.3515625;9;5;-49.0;1058;0;Samaha et al. (2019);Experiment 1;Orientation;1;39;;;;;;;27;5
4;173;170.796875;-2.203125;9;5;58.0;1059;0;Samaha et al. (2019);Experiment 1;Orientation;1;39;;;;;;;28;5
4;169;165.7265625;-3.2734375;9;5;4.0;1060;0;Samaha et al. (2019);Experiment 1;Orientation;1;39;;;;;;;29;5
4;169;165.7265625;-3.2734375;9;5;0.0;1061;0;Samaha et al. (2019);Experiment 1;Orientation;1;39;;;;;;;30;5
5;142;152.46875;10.46875;9;1;27.0;1;0;Samaha et al. (2019);Experiment 1;Orientation;1;39;;;;;;;1;1
5;119;140.21875;21.21875;9;1;23.0;2;1;Samaha et al. (2019);Experiment 1;Orientation;1;40;;;;;;;1;1
5;53;50.6171875;-2.3828125;9;1;66.0;3;0;Samaha et al. (2019);Experiment 1;Orientation;1;39;;;;;;;2;1
5;125;155.328125;30.328125;9;1;-72.0;4;1;Samaha et al. (2019);Experiment 1;Orientation;1;40;;;;;;;2;1
5;160;135.59375;-24.40625;9;1;-35.0;5;0;Samaha et al. (2019);Experiment 1;Orientation;1;39;;;;;;;3;1
5;112;132.28125;20.28125;9;1;48.0;6;1;Samaha et al. (2019);Experiment 1;Orientation;1;40;;;;;;;3;1
5;64;56.0;-8.0;9;1;48.0;7;0;Samaha et al. (2019);Experiment 1;Orientation;1;39;;;;;;;4;1
5;95;103.8203125;8.8203125;9;1;-31.0;8;0;Samaha et al. (2019);Experiment 1;Orientation;1;39;;;;;;;5;1
5;176;33.921875;37.921875;9;1;-81.0;9;0;Samaha et al. (2019);Experiment 1;Orientation;1;39;;;;;;;6;1
5;19;32.765625;13.765625;9;1;-23.0;10;1;Samaha et al. (2019);Experiment 1;Orientation;1;40;;;;;;;4;1
5;160;132.9453125;-27.0546875;9;1;39.0;11;1;Samaha et al. (2019);Experiment 1;Orientation;1;40;;;;;;;5;1
5;1;50.8671875;49.8671875;9;1;-21.0;12;1;Samaha et al. (2019);Experiment 1;Orientation;1;40;;;;;;;6;1
5;60;54.171875;-5.828125;9;1;-59.0;13;0;Samaha et al. (2019);Experiment 1;Orientation;1;39;;;;;;;7;1
5;54;51.1953125;-2.8046875;9;1;6.0;14;1;Samaha et al. (2019);Experiment 1;Orientation;1;40;;;;;;;7;1
5;126;131.640625;5.640625;9;1;-72.0;15;0;Samaha et al. (2019);Experiment 1;Orientation;1;39;;;;;;;8;1
5;128;134.78125;6.78125;9;1;-2.0;16;0;Samaha et al. (2019);Experiment 1;Orientation;1;39;;;;;;;9;1
5;132;148.828125;16.828125;9;1;-4.0;17;0;Samaha et al. (2019);Experiment 1;Orientation;1;39;;;;;;;10;1
5;79;116.828125;37.828125;9;1;53.0;18;0;Samaha et al. (2019);Experiment 1;Orientation;1;39;;;;;;;11;1
5;157;56.21875;79.21875;9;1;-78.0;19;0;Samaha et al. (2019);Experiment 1;Orientation;1;39;;;;;;;12;1
5;53;53.359375;0.359375;9;1;-76.0;20;0;Samaha et al. (2019);Experiment 1;Orientation;1;39;;;;;;;13;1
5;139;41.40625;82.40625;9;1;-86.0;21;0;Samaha et al. (2019);Experiment 1;Orientation;1;39;;;;;;;14;1
5;56;47.03125;-8.96875;9;1;83.0;22;1;Samaha et al. (2019);Experiment 1;Orientation;1;40;;;;;;;8;1
5;103;91.2265625;-11.7734375;9;1;-47.0;23;1;Samaha et al. (2019);Experiment 1;Orientation;1;40;;;;;;;9;1
5;68;43.625;-24.375;9;1;35.0;24;1;Samaha et al. (2019);Experiment 1;Orientation;1;40;;;;;;;10;1
5;168;64.9765625;76.9765625;9;1;80.0;25;1;Samaha et al. (2019);Experiment 1;Orientation;1;40;;;;;;;11;1
5;30;41.140625;11.140625;9;1;-42.0;26;0;Samaha et al. (2019);Experiment 1;Orientation;1;39;;;;;;;15;1
5;127;137.34375;10.34375;9;1;83.0;27;1;Samaha et al. (2019);Experiment 1;Orientation;1;40;;;;;;;12;1
5;155;134.0859375;-20.9140625;9;1;-28.0;28;1;Samaha et al. (2019);Experiment 1;Orientation;1;40;;;;;;;13;1
5;93;59.40625;-33.59375;9;1;62.0;29;0;Samaha et al. (2019);Experiment 1;Orientation;1;39;;;;;;;16;1
5;58;54.53125;-3.46875;9;1;35.0;30;0;Samaha et al. (2019);Experiment 1;Orientation;1;39;;;;;;;17;1
5;27;66.0;39.0;9;1;31.0;31;1;Samaha et al. (2019);Experiment 1;Orientation;1;40;;;;;;;14;1
5;26;40.3359375;14.3359375;9;1;1.0;32;0;Samaha et al. (2019);Experiment 1;Orientation;1;39;;;;;;;18;1
5;33;138.0703125;-74.9296875;9;1;-7.0;33;1;Samaha et al. (2019);Experiment 1;Orientation;1;40;;;;;;;15;1
5;150;76.0;-74.0;9;1;63.0;34;0;Samaha et al. (2019);Experiment 1;Orientation;1;39;;;;;;;19;1
5;89;59.1796875;-29.8203125;9;1;61.0;35;0;Samaha et al. (2019);Experiment 1;Orientation;1;39;;;;;;;20;1
5;92;81.046875;-10.953125;9;1;-3.0;36;0;Samaha et al. (2019);Experiment 1;Orientation;1;39;;;;;;;21;1
5;79;76.0703125;-2.9296875;9;1;13.0;37;0;Samaha et al. (2019);Experiment 1;Orientation;1;39;;;;;;;22;1
5;94;85.015625;-8.984375;9;1;-15.0;38;0;Samaha et al. (2019);Experiment 1;Orientation;1;39;;;;;;;23;1
5;37;16.3203125;-20.6796875;9;1;57.0;39;1;Samaha et al. (2019);Experiment 1;Orientation;1;40;;;;;;;16;1
5;54;34.28125;-19.71875;9;1;-17.0;40;1;Samaha et al. (2019);Experiment 1;Orientation;1;40;;;;;;;17;1
5;123;136.0;13.0;9;1;-69.0;41;0;Samaha et al. (2019);Experiment 1;Orientation;1;39;;;;;;;24;1
5;149;155.1796875;6.1796875;9;1;-26.0;42;1;Samaha et al. (2019);Experiment 1;Orientation;1;40;;;;;;;18;1
5;165;165.8515625;0.8515625;9;1;-16.0;43;1;Samaha et al. (2019);Experiment 1;Orientation;1;40;;;;;;;19;1
5;106;118.8125;12.8125;9;1;59.0;44;1;Samaha et al. (2019);Experiment 1;Orientation;1;40;;;;;;;20;1
5;91;90.8671875;-0.1328125;9;1;15.0;45;0;Samaha et al. (2019);Experiment 1;Orientation;1;39;;;;;;;25;1
5;165;156.0;-9.0;9;1;-74.0;46;0;Samaha et al. (2019);Experiment 1;Orientation;1;39;;;;;;;26;1
5;137;122.0;-15.0;9;1;28.0;47;1;Samaha et al. (2019);Experiment 1;Orientation;1;40;;;;;;;21;1
5;90;85.6875;-4.3125;9;1;47.0;48;1;Samaha et al. (2019);Experiment 1;Orientation;1;40;;;;;;;22;1
5;27;44.0;17.0;9;1;63.0;49;1;Samaha et al. (2019);Experiment 1;Orientation;1;40;;;;;;;23;1
5;71;59.875;-11.125;9;1;-44.0;50;1;Samaha et al. (2019);Experiment 1;Orientation;1;40;;;;;;;24;1
5;72;16.9765625;-55.0234375;9;1;-1.0;51;0;Samaha et al. (2019);Experiment 1;Orientation;1;39;;;;;;;27;1
5;75;57.4453125;-17.5546875;9;1;-3.0;52;1;Samaha et al. (2019);Experiment 1;Orientation;1;40;;;;;;;25;1
5;171;154.0;-17.0;9;1;84.0;53;1;Samaha et al. (2019);Experiment 1;Orientation;1;40;;;;;;;26;1
5;101;60.9140625;-40.0859375;9;1;70.0;54;0;Samaha et al. (2019);Experiment 1;Orientation;1;39;;;;;;;28;1
5;129;120.6171875;-8.3828125;9;1;-28.0;55;0;Samaha et al. (2019);Experiment 1;Orientation;1;39;;;;;;;29;1
5;165;41.3125;56.3125;9;1;-36.0;56;1;Samaha et al. (2019);Experiment 1;Orientation;1;40;;;;;;;27;1
5;101;90.1171875;-10.8828125;9;1;64.0;57;0;Samaha et al. (2019);Experiment 1;Orientation;1;39;;;;;;;30;1
5;88;56.1328125;-31.8671875;9;1;13.0;58;1;Samaha et al. (2019);Experiment 1;Orientation;1;40;;;;;;;28;1
5;11;35.7578125;24.7578125;9;1;77.0;59;1;Samaha et al. (2019);Experiment 1;Orientation;1;40;;;;;;;29;1
5;55;63.390625;8.390625;9;1;-44.0;60;1;Samaha et al. (2019);Experiment 1;Orientation;1;40;;;;;;;30;1
5;55;63.390625;8.390625;9;1;0.0;61;0;Samaha et al. (2019);Experiment 1;Orientation;1;39;;;;;;;31;1
5;39;39.1953125;0.1953125;9;2;16.0;251;0;Samaha et al. (2019);Experiment 1;Orientation;1;39;;;;;;;1;2
5;73;57.875;-15.125;9;2;-34.0;252;0;Samaha et al. (2019);Experiment 1;Orientation;1;39;;;;;;;2;2
5;137;130.484375;-6.515625;9;2;-64.0;253;0;Samaha et al. (2019);Experiment 1;Orientation;1;39;;;;;;;3;2
5;88;139.90625;51.90625;9;2;49.0;254;0;Samaha et al. (2019);Experiment 1;Orientation;1;39;;;;;;;4;2
5;30;15.65625;-14.34375;9;2;58.0;255;0;Samaha et al. (2019);Experiment 1;Orientation;1;39;;;;;;;5;2
5;102;152.25;50.25;9;2;-72.0;256;1;Samaha et al. (2019);Experiment 1;Orientation;1;40;;;;;;;1;2
5;101;132.3671875;31.3671875;9;2;1.0;257;0;Samaha et al. (2019);Experiment 1;Orientation;1;39;;;;;;;6;2
5;25;31.2578125;6.2578125;9;2;76.0;258;0;Samaha et al. (2019);Experiment 1;Orientation;1;39;;;;;;;7;2
5;124;120.53125;-3.46875;9;2;81.0;259;0;Samaha et al. (2019);Experiment 1;Orientation;1;39;;;;;;;8;2
5;134;115.390625;-18.609375;9;2;-10.0;260;1;Samaha et al. (2019);Experiment 1;Orientation;1;40;;;;;;;2;2
5;38;42.484375;4.484375;9;2;-84.0;261;0;Samaha et al. (2019);Experiment 1;Orientation;1;39;;;;;;;9;2
5;154;130.234375;-23.765625;9;2;64.0;262;1;Samaha et al. (2019);Experiment 1;Orientation;1;40;;;;;;;3;2
5;154;137.09375;-16.90625;9;2;0.0;263;0;Samaha et al. (2019);Experiment 1;Orientation;1;39;;;;;;;10;2
5;141;126.25;-14.75;9;2;13.0;264;1;Samaha et al. (2019);Experiment 1;Orientation;1;40;;;;;;;4;2
5;53;55.59375;2.59375;9;2;88.0;265;1;Samaha et al. (2019);Experiment 1;Orientation;1;40;;;;;;;5;2
5;179;142.6171875;-36.3828125;9;2;54.0;266;0;Samaha et al. (2019);Experiment 1;Orientation;1;39;;;;;;;11;2
5;171;116.9140625;-54.0859375;9;2;8.0;267;1;Samaha et al. (2019);Experiment 1;Orientation;1;40;;;;;;;6;2
5;122;118.171875;-3.828125;9;2;49.0;268;0;Samaha et al. (2019);Experiment 1;Orientation;1;39;;;;;;;12;2
5;17;44.6484375;27.6484375;9;2;-75.0;269;1;Samaha et al. (2019);Experiment 1;Orientation;1;40;;;;;;;7;2
5;84;89.2421875;5.2421875;9;2;-67.0;270;1;Samaha et al. (2019);Experiment 1;Orientation;1;40;;;;;;;8;2
5;175;98.796875;-76.203125;9;2;89.0;271;1;Samaha et al. (2019);Experiment 1;Orientation;1;40;;;;;;;9;2
5;34;42.1015625;8.1015625;9;2;-39.0;272;1;Samaha et al. (2019);Experiment 1;Orientation;1;40;;;;;;;10;2
5;17;15.125;-1.875;9;2;17.0;273;0;Samaha et al. (2019);Experiment 1;Orientation;1;39;;;;;;;13;2
5;30;29.1953125;-0.8046875;9;2;-13.0;274;0;Samaha et al. (2019);Experiment 1;Orientation;1;39;;;;;;;14;2
5;41;26.46875;-14.53125;9;2;-11.0;275;1;Samaha et al. (2019);Experiment 1;Orientation;1;40;;;;;;;11;2
5;3;21.8046875;18.8046875;9;2;38.0;276;0;Samaha et al. (2019);Experiment 1;Orientation;1;39;;;;;;;15;2
5;95;178.0;83.0;9;2;88.0;277;1;Samaha et al. (2019);Experiment 1;Orientation;1;40;;;;;;;12;2
5;169;164.3203125;-4.6796875;9;2;-74.0;278;0;Samaha et al. (2019);Experiment 1;Orientation;1;39;;;;;;;16;2
5;51;61.8046875;10.8046875;9;2;-62.0;279;1;Samaha et al. (2019);Experiment 1;Orientation;1;40;;;;;;;13;2
5;161;147.390625;-13.609375;9;2;70.0;280;1;Samaha et al. (2019);Experiment 1;Orientation;1;40;;;;;;;14;2
5;58;132.765625;74.765625;9;2;-77.0;281;0;Samaha et al. (2019);Experiment 1;Orientation;1;39;;;;;;;17;2
5;79;116.3828125;37.3828125;9;2;-21.0;282;1;Samaha et al. (2019);Experiment 1;Orientation;1;40;;;;;;;15;2
5;93;79.5234375;-13.4765625;9;2;-14.0;283;1;Samaha et al. (2019);Experiment 1;Orientation;1;40;;;;;;;16;2
5;70;80.3671875;10.3671875;9;2;23.0;284;1;Samaha et al. (2019);Experiment 1;Orientation;1;40;;;;;;;17;2
5;167;165.921875;-1.078125;9;2;83.0;285;0;Samaha et al. (2019);Experiment 1;Orientation;1;39;;;;;;;18;2
5;129;107.2421875;-21.7578125;9;2;38.0;286;1;Samaha et al. (2019);Experiment 1;Orientation;1;40;;;;;;;18;2
5;0;131.90625;-48.09375;9;2;-51.0;287;0;Samaha et al. (2019);Experiment 1;Orientation;1;39;;;;;;;19;2
5;99;107.4609375;8.4609375;9;2;81.0;288;0;Samaha et al. (2019);Experiment 1;Orientation;1;39;;;;;;;20;2
5;14;24.0;10.0;9;2;85.0;289;1;Samaha et al. (2019);Experiment 1;Orientation;1;40;;;;;;;19;2
5;26;40.0;14.0;9;2;-12.0;290;0;Samaha et al. (2019);Experiment 1;Orientation;1;39;;;;;;;21;2
5;66;43.390625;-22.609375;9;2;-40.0;291;0;Samaha et al. (2019);Experiment 1;Orientation;1;39;;;;;;;22;2
5;167;131.8359375;-35.1640625;9;2;79.0;292;1;Samaha et al. (2019);Experiment 1;Orientation;1;40;;;;;;;20;2
5;0;80.234375;80.234375;9;2;-13.0;293;1;Samaha et al. (2019);Experiment 1;Orientation;1;40;;;;;;;21;2
5;40;42.453125;2.453125;9;2;-40.0;294;0;Samaha et al. (2019);Experiment 1;Orientation;1;39;;;;;;;23;2
5;110;122.9921875;12.9921875;9;2;-70.0;295;0;Samaha et al. (2019);Experiment 1;Orientation;1;39;;;;;;;24;2
5;49;51.7578125;2.7578125;9;2;61.0;296;1;Samaha et al. (2019);Experiment 1;Orientation;1;40;;;;;;;22;2
5;50;47.4921875;-2.5078125;9;2;-1.0;297;1;Samaha et al. (2019);Experiment 1;Orientation;1;40;;;;;;;23;2
5;54;40.9453125;-13.0546875;9;2;-4.0;298;0;Samaha et al. (2019);Experiment 1;Orientation;1;39;;;;;;;25;2
5;6;158.0;-28.0;9;2;48.0;299;0;Samaha et al. (2019);Experiment 1;Orientation;1;39;;;;;;;26;2
5;51;53.875;2.875;9;2;-45.0;300;1;Samaha et al. (2019);Experiment 1;Orientation;1;40;;;;;;;24;2
5;101;42.3671875;-58.6328125;9;2;-50.0;301;0;Samaha et al. (2019);Experiment 1;Orientation;1;39;;;;;;;27;2
5;69;118.0;49.0;9;2;32.0;302;0;Samaha et al. (2019);Experiment 1;Orientation;1;39;;;;;;;28;2
5;87;118.0;31.0;9;2;-18.0;303;1;Samaha et al. (2019);Experiment 1;Orientation;1;40;;;;;;;25;2
5;99;116.6328125;17.6328125;9;2;-12.0;304;1;Samaha et al. (2019);Experiment 1;Orientation;1;40;;;;;;;26;2
5;99;117.109375;18.109375;9;2;0.0;305;0;Samaha et al. (2019);Experiment 1;Orientation;1;39;;;;;;;29;2
5;138;128.28125;-9.71875;9;2;-39.0;306;0;Samaha et al. (2019);Experiment 1;Orientation;1;39;;;;;;;30;2
5;10;12.0234375;2.0234375;9;2;-52.0;307;0;Samaha et al. (2019);Experiment 1;Orientation;1;39;;;;;;;31;2
5;36;32.9765625;-3.0234375;9;2;-26.0;308;0;Samaha et al. (2019);Experiment 1;Orientation;1;39;;;;;;;32;2
5;170;9.984375;19.984375;9;2;46.0;309;1;Samaha et al. (2019);Experiment 1;Orientation;1;40;;;;;;;27;2
5;37;54.3671875;17.3671875;9;2;-47.0;310;1;Samaha et al. (2019);Experiment 1;Orientation;1;40;;;;;;;28;2
5;37;54.3671875;17.3671875;9;2;0.0;311;1;Samaha et al. (2019);Experiment 1;Orientation;1;40;;;;;;;29;2
5;30;49.125;19.125;9;3;7.0;501;1;Samaha et al. (2019);Experiment 1;Orientation;1;40;;;;;;;1;3
5;28;38.484375;10.484375;9;3;2.0;502;1;Samaha et al. (2019);Experiment 1;Orientation;1;40;;;;;;;2;3
5;137;30.6640625;73.6640625;9;3;71.0;503;0;Samaha et al. (2019);Experiment 1;Orientation;1;39;;;;;;;1;3
5;134;130.0;-4.0;9;3;3.0;504;1;Samaha et al. (2019);Experiment 1;Orientation;1;40;;;;;;;3;3
5;48;42.3359375;-5.6640625;9;3;86.0;505;0;Samaha et al. (2019);Experiment 1;Orientation;1;39;;;;;;;2;3
5;172;135.8046875;-36.1953125;9;3;56.0;506;0;Samaha et al. (2019);Experiment 1;Orientation;1;39;;;;;;;3;3
5;59;39.2578125;-19.7421875;9;3;-67.0;507;0;Samaha et al. (2019);Experiment 1;Orientation;1;39;;;;;;;4;3
5;106;117.7578125;11.7578125;9;3;-47.0;508;0;Samaha et al. (2019);Experiment 1;Orientation;1;39;;;;;;;5;3
5;67;128.265625;61.265625;9;3;39.0;509;0;Samaha et al. (2019);Experiment 1;Orientation;1;39;;;;;;;6;3
5;95;112.0234375;17.0234375;9;3;-28.0;510;0;Samaha et al. (2019);Experiment 1;Orientation;1;39;;;;;;;7;3
5;48;50.734375;2.734375;9;3;47.0;511;1;Samaha et al. (2019);Experiment 1;Orientation;1;40;;;;;;;4;3
5;72;62.25;-9.75;9;3;-24.0;512;0;Samaha et al. (2019);Experiment 1;Orientation;1;39;;;;;;;8;3
5;36;37.4765625;1.4765625;9;3;36.0;513;0;Samaha et al. (2019);Experiment 1;Orientation;1;39;;;;;;;9;3
5;53;50.8125;-2.1875;9;3;-17.0;514;1;Samaha et al. (2019);Experiment 1;Orientation;1;40;;;;;;;5;3
5;52;46.78125;-5.21875;9;3;1.0;515;1;Samaha et al. (2019);Experiment 1;Orientation;1;40;;;;;;;6;3
5;50;47.5703125;-2.4296875;9;3;2.0;516;1;Samaha et al. (2019);Experiment 1;Orientation;1;40;;;;;;;7;3
5;1;178.3828125;-2.6171875;9;3;49.0;517;1;Samaha et al. (2019);Experiment 1;Orientation;1;40;;;;;;;8;3
5;167;178.6796875;11.6796875;9;3;14.0;518;1;Samaha et al. (2019);Experiment 1;Orientation;1;40;;;;;;;9;3
5;101;129.5078125;28.5078125;9;3;66.0;519;1;Samaha et al. (2019);Experiment 1;Orientation;1;40;;;;;;;10;3
5;167;132.9296875;-34.0703125;9;3;-66.0;520;0;Samaha et al. (2019);Experiment 1;Orientation;1;39;;;;;;;10;3
5;25;36.4296875;11.4296875;9;3;-38.0;521;1;Samaha et al. (2019);Experiment 1;Orientation;1;40;;;;;;;11;3
5;98;89.625;-8.375;9;3;-73.0;522;1;Samaha et al. (2019);Experiment 1;Orientation;1;40;;;;;;;12;3
5;18;44.6171875;26.6171875;9;3;80.0;523;1;Samaha et al. (2019);Experiment 1;Orientation;1;40;;;;;;;13;3
5;163;138.28125;-24.71875;9;3;35.0;524;0;Samaha et al. (2019);Experiment 1;Orientation;1;39;;;;;;;11;3
5;66;120.3984375;54.3984375;9;3;-83.0;525;1;Samaha et al. (2019);Experiment 1;Orientation;1;40;;;;;;;14;3
5;123;128.0;5.0;9;3;-57.0;526;0;Samaha et al. (2019);Experiment 1;Orientation;1;39;;;;;;;12;3
5;29;45.9375;16.9375;9;3;-86.0;527;1;Samaha et al. (2019);Experiment 1;Orientation;1;40;;;;;;;15;3
5;169;127.921875;-41.078125;9;3;40.0;528;0;Samaha et al. (2019);Experiment 1;Orientation;1;39;;;;;;;13;3
5;54;54.9609375;0.9609375;9;3;-65.0;529;1;Samaha et al. (2019);Experiment 1;Orientation;1;40;;;;;;;16;3
5;169;45.5234375;56.5234375;9;3;65.0;530;1;Samaha et al. (2019);Experiment 1;Orientation;1;40;;;;;;;17;3
5;123;92.5859375;-30.4140625;9;3;46.0;531;0;Samaha et al. (2019);Experiment 1;Orientation;1;39;;;;;;;14;3
5;14;18.796875;4.796875;9;3;-71.0;532;0;Samaha et al. (2019);Experiment 1;Orientation;1;39;;;;;;;15;3
5;60;47.421875;-12.578125;9;3;-46.0;533;1;Samaha et al. (2019);Experiment 1;Orientation;1;40;;;;;;;18;3
5;32;48.46875;16.46875;9;3;28.0;534;1;Samaha et al. (2019);Experiment 1;Orientation;1;40;;;;;;;19;3
5;125;35.703125;-89.296875;9;3;87.0;535;1;Samaha et al. (2019);Experiment 1;Orientation;1;40;;;;;;;20;3
5;93;66.8984375;-26.1015625;9;3;32.0;536;0;Samaha et al. (2019);Experiment 1;Orientation;1;39;;;;;;;16;3
5;93;62.0859375;-30.9140625;9;3;0.0;537;1;Samaha et al. (2019);Experiment 1;Orientation;1;40;;;;;;;21;3
5;84;66.5859375;-17.4140625;9;3;9.0;538;1;Samaha et al. (2019);Experiment 1;Orientation;1;40;;;;;;;22;3
5;129;133.2734375;4.2734375;9;3;-45.0;539;1;Samaha et al. (2019);Experiment 1;Orientation;1;40;;;;;;;23;3
5;174;122.0;-52.0;9;3;-45.0;540;0;Samaha et al. (2019);Experiment 1;Orientation;1;39;;;;;;;17;3
5;136;127.09375;-8.90625;9;3;38.0;541;1;Samaha et al. (2019);Experiment 1;Orientation;1;40;;;;;;;24;3
5;66;44.6953125;-21.3046875;9;3;70.0;542;1;Samaha et al. (2019);Experiment 1;Orientation;1;40;;;;;;;25;3
5;176;133.921875;-42.078125;9;3;70.0;543;0;Samaha et al. (2019);Experiment 1;Orientation;1;39;;;;;;;18;3
5;149;132.0234375;-16.9765625;9;3;27.0;544;1;Samaha et al. (2019);Experiment 1;Orientation;1;40;;;;;;;26;3
5;23;42.828125;19.828125;9;3;-54.0;545;1;Samaha et al. (2019);Experiment 1;Orientation;1;40;;;;;;;27;3
5;84;65.296875;-18.703125;9;3;-61.0;546;1;Samaha et al. (2019);Experiment 1;Orientation;1;40;;;;;;;28;3
5;80;52.8828125;-27.1171875;9;3;4.0;547;1;Samaha et al. (2019);Experiment 1;Orientation;1;40;;;;;;;29;3
5;60;54.5859375;-5.4140625;9;3;20.0;548;1;Samaha et al. (2019);Experiment 1;Orientation;1;40;;;;;;;30;3
5;35;55.4453125;20.4453125;9;3;25.0;549;1;Samaha et al. (2019);Experiment 1;Orientation;1;40;;;;;;;31;3
5;68;59.984375;-8.015625;9;3;-33.0;550;0;Samaha et al. (2019);Experiment 1;Orientation;1;39;;;;;;;19;3
5;88;86.84375;-1.15625;9;3;-20.0;551;0;Samaha et al. (2019);Experiment 1;Orientation;1;39;;;;;;;20;3
5;50;48.9921875;-1.0078125;9;3;38.0;552;0;Samaha et al. (2019);Experiment 1;Orientation;1;39;;;;;;;21;3
5;36;40.4296875;4.4296875;9;3;14.0;553;1;Samaha et al. (2019);Experiment 1;Orientation;1;40;;;;;;;32;3
5;78;136.3828125;58.3828125;9;3;-42.0;554;0;Samaha et al. (2019);Experiment 1;Orientation;1;39;;;;;;;22;3
5;152;136.3359375;-15.6640625;9;3;-74.0;555;1;Samaha et al. (2019);Experiment 1;Orientation;1;40;;;;;;;33;3
5;5;18.9296875;13.9296875;9;3;-33.0;556;1;Samaha et al. (2019);Experiment 1;Orientation;1;40;;;;;;;34;3
5;81;111.6875;30.6875;9;3;-76.0;557;0;Samaha et al. (2019);Experiment 1;Orientation;1;39;;;;;;;23;3
5;118;111.8515625;-6.1484375;9;3;-37.0;558;0;Samaha et al. (2019);Experiment 1;Orientation;1;39;;;;;;;24;3
5;62;60.9453125;-1.0546875;9;3;56.0;559;1;Samaha et al. (2019);Experiment 1;Orientation;1;40;;;;;;;35;3
5;99;111.7421875;12.7421875;9;3;-37.0;560;0;Samaha et al. (2019);Experiment 1;Orientation;1;39;;;;;;;25;3
5;99;111.7421875;12.7421875;9;3;0.0;561;0;Samaha et al. (2019);Experiment 1;Orientation;1;39;;;;;;;26;3
5;166;131.015625;-34.984375;9;4;-67.0;751;1;Samaha et al. (2019);Experiment 1;Orientation;1;40;;;;;;;1;4
5;9;32.4375;23.4375;9;4;-23.0;752;1;Samaha et al. (2019);Experiment 1;Orientation;1;40;;;;;;;2;4
5;98;91.875;-6.125;9;4;-89.0;753;0;Samaha et al. (2019);Experiment 1;Orientation;1;39;;;;;;;1;4
5;73;73.4921875;0.4921875;9;4;25.0;754;1;Samaha et al. (2019);Experiment 1;Orientation;1;40;;;;;;;3;4
5;163;110.8828125;-52.1171875;9;4;-90.0;755;0;Samaha et al. (2019);Experiment 1;Orientation;1;39;;;;;;;2;4
5;62;62.3359375;0.3359375;9;4;-79.0;756;1;Samaha et al. (2019);Experiment 1;Orientation;1;40;;;;;;;4;4
5;158;131.671875;-26.328125;9;4;84.0;757;1;Samaha et al. (2019);Experiment 1;Orientation;1;40;;;;;;;5;4
5;159;125.015625;-33.984375;9;4;-1.0;758;1;Samaha et al. (2019);Experiment 1;Orientation;1;40;;;;;;;6;4
5;32;58.21875;26.21875;9;4;-53.0;759;1;Samaha et al. (2019);Experiment 1;Orientation;1;40;;;;;;;7;4
5;100;116.828125;16.828125;9;4;-68.0;760;0;Samaha et al. (2019);Experiment 1;Orientation;1;39;;;;;;;3;4
5;10;63.7890625;53.7890625;9;4;90.0;761;1;Samaha et al. (2019);Experiment 1;Orientation;1;40;;;;;;;8;4
5;91;87.421875;-3.578125;9;4;-81.0;762;0;Samaha et al. (2019);Experiment 1;Orientation;1;39;;;;;;;4;4
5;140;110.1015625;-29.8984375;9;4;-49.0;763;0;Samaha et al. (2019);Experiment 1;Orientation;1;39;;;;;;;5;4
5;140;126.171875;-13.828125;9;4;0.0;764;1;Samaha et al. (2019);Experiment 1;Orientation;1;40;;;;;;;9;4
5;25;35.96875;10.96875;9;4;-65.0;765;1;Samaha et al. (2019);Experiment 1;Orientation;1;40;;;;;;;10;4
5;118;124.6171875;6.6171875;9;4;87.0;766;0;Samaha et al. (2019);Experiment 1;Orientation;1;39;;;;;;;6;4
5;174;117.890625;-56.109375;9;4;-56.0;767;1;Samaha et al. (2019);Experiment 1;Orientation;1;40;;;;;;;11;4
5;147;147.375;0.375;9;4;27.0;768;1;Samaha et al. (2019);Experiment 1;Orientation;1;40;;;;;;;12;4
5;31;27.921875;-3.078125;9;4;-64.0;769;0;Samaha et al. (2019);Experiment 1;Orientation;1;39;;;;;;;7;4
5;13;34.1328125;21.1328125;9;4;18.0;770;0;Samaha et al. (2019);Experiment 1;Orientation;1;39;;;;;;;8;4
5;105;126.4375;21.4375;9;4;88.0;771;1;Samaha et al. (2019);Experiment 1;Orientation;1;40;;;;;;;13;4
5;80;124.1171875;44.1171875;9;4;25.0;772;0;Samaha et al. (2019);Experiment 1;Orientation;1;39;;;;;;;9;4
5;86;92.0;6.0;9;4;-6.0;773;0;Samaha et al. (2019);Experiment 1;Orientation;1;39;;;;;;;10;4
5;127;139.8203125;12.8203125;9;4;-41.0;774;1;Samaha et al. (2019);Experiment 1;Orientation;1;40;;;;;;;14;4
5;162;113.4765625;-48.5234375;9;4;-35.0;775;1;Samaha et al. (2019);Experiment 1;Orientation;1;40;;;;;;;15;4
5;11;8.8125;-2.1875;9;4;-29.0;776;1;Samaha et al. (2019);Experiment 1;Orientation;1;40;;;;;;;16;4
5;24;22.1875;-1.8125;9;4;-13.0;777;1;Samaha et al. (2019);Experiment 1;Orientation;1;40;;;;;;;17;4
5;17;158.6171875;-38.3828125;9;4;7.0;778;1;Samaha et al. (2019);Experiment 1;Orientation;1;40;;;;;;;18;4
5;71;106.75;35.75;9;4;-54.0;779;0;Samaha et al. (2019);Experiment 1;Orientation;1;39;;;;;;;11;4
5;4;21.5546875;17.5546875;9;4;67.0;780;1;Samaha et al. (2019);Experiment 1;Orientation;1;40;;;;;;;19;4
5;88;89.5078125;1.5078125;9;4;-84.0;781;1;Samaha et al. (2019);Experiment 1;Orientation;1;40;;;;;;;20;4
5;39;7.4921875;-31.5078125;9;4;49.0;782;0;Samaha et al. (2019);Experiment 1;Orientation;1;39;;;;;;;12;4
5;21;102.203125;81.203125;9;4;18.0;783;1;Samaha et al. (2019);Experiment 1;Orientation;1;40;;;;;;;21;4
5;11;42.9453125;31.9453125;9;4;10.0;784;0;Samaha et al. (2019);Experiment 1;Orientation;1;39;;;;;;;13;4
5;78;70.765625;-7.234375;9;4;-67.0;785;1;Samaha et al. (2019);Experiment 1;Orientation;1;40;;;;;;;22;4
5;81;88.859375;7.859375;9;4;-3.0;786;0;Samaha et al. (2019);Experiment 1;Orientation;1;39;;;;;;;14;4
5;175;168.0390625;-6.9609375;9;4;86.0;787;0;Samaha et al. (2019);Experiment 1;Orientation;1;39;;;;;;;15;4
5;41;25.640625;-15.359375;9;4;-46.0;788;1;Samaha et al. (2019);Experiment 1;Orientation;1;40;;;;;;;23;4
5;175;160.796875;-14.203125;9;4;46.0;789;1;Samaha et al. (2019);Experiment 1;Orientation;1;40;;;;;;;24;4
5;153;135.390625;-17.609375;9;4;22.0;790;1;Samaha et al. (2019);Experiment 1;Orientation;1;40;;;;;;;25;4
5;80;40.0;-40.0;9;4;73.0;791;0;Samaha et al. (2019);Experiment 1;Orientation;1;39;;;;;;;16;4
5;101;119.5546875;18.5546875;9;4;-21.0;792;1;Samaha et al. (2019);Experiment 1;Orientation;1;40;;;;;;;26;4
5;112;114.84375;2.84375;9;4;-11.0;793;0;Samaha et al. (2019);Experiment 1;Orientation;1;39;;;;;;;17;4
5;130;109.5078125;-20.4921875;9;4;-18.0;794;1;Samaha et al. (2019);Experiment 1;Orientation;1;40;;;;;;;27;4
5;143;47.4609375;84.4609375;9;4;-13.0;795;1;Samaha et al. (2019);Experiment 1;Orientation;1;40;;;;;;;28;4
5;81;140.0;59.0;9;4;62.0;796;0;Samaha et al. (2019);Experiment 1;Orientation;1;39;;;;;;;18;4
5;69;98.25;29.25;9;4;12.0;797;1;Samaha et al. (2019);Experiment 1;Orientation;1;40;;;;;;;29;4
5;21;18.7109375;-2.2890625;9;4;48.0;798;1;Samaha et al. (2019);Experiment 1;Orientation;1;40;;;;;;;30;4
5;171;23.7890625;32.7890625;9;4;30.0;799;0;Samaha et al. (2019);Experiment 1;Orientation;1;39;;;;;;;19;4
5;68;20.1328125;-47.8671875;9;4;-77.0;800;1;Samaha et al. (2019);Experiment 1;Orientation;1;40;;;;;;;31;4
5;1;169.078125;-11.921875;9;4;67.0;801;1;Samaha et al. (2019);Experiment 1;Orientation;1;40;;;;;;;32;4
5;155;152.6953125;-2.3046875;9;4;26.0;802;0;Samaha et al. (2019);Experiment 1;Orientation;1;39;;;;;;;20;4
5;54;53.390625;-0.609375;9;4;-79.0;803;1;Samaha et al. (2019);Experiment 1;Orientation;1;40;;;;;;;33;4
5;96;55.875;-40.125;9;4;-42.0;804;1;Samaha et al. (2019);Experiment 1;Orientation;1;40;;;;;;;34;4
5;134;140.8125;6.8125;9;4;-38.0;805;0;Samaha et al. (2019);Experiment 1;Orientation;1;39;;;;;;;21;4
5;82;62.6640625;-19.3359375;9;4;52.0;806;1;Samaha et al. (2019);Experiment 1;Orientation;1;40;;;;;;;35;4
5;100;104.84375;4.84375;9;4;-18.0;807;0;Samaha et al. (2019);Experiment 1;Orientation;1;39;;;;;;;22;4
5;66;68.234375;2.234375;9;4;34.0;808;1;Samaha et al. (2019);Experiment 1;Orientation;1;40;;;;;;;36;4
5;145;124.734375;-20.265625;9;4;-79.0;809;0;Samaha et al. (2019);Experiment 1;Orientation;1;39;;;;;;;23;4
5;76;57.5703125;-18.4296875;9;4;69.0;810;1;Samaha et al. (2019);Experiment 1;Orientation;1;40;;;;;;;37;4
5;76;57.5703125;-18.4296875;9;4;0.0;811;0;Samaha et al. (2019);Experiment 1;Orientation;1;39;;;;;;;24;4
5;130;126.1875;-3.8125;9;5;-54.0;1001;0;Samaha et al. (2019);Experiment 1;Orientation;1;39;;;;;;;1;5
5;85;88.0390625;3.0390625;9;5;45.0;1002;0;Samaha et al. (2019);Experiment 1;Orientation;1;39;;;;;;;2;5
5;17;174.0703125;-22.9296875;9;5;68.0;1003;1;Samaha et al. (2019);Experiment 1;Orientation;1;40;;;;;;;1;5
5;134;25.96875;71.96875;9;5;63.0;1004;0;Samaha et al. (2019);Experiment 1;Orientation;1;39;;;;;;;3;5
5;2;121.7890625;-60.2109375;9;5;-48.0;1005;1;Samaha et al. (2019);Experiment 1;Orientation;1;40;;;;;;;2;5
5;162;126.1875;-35.8125;9;5;20.0;1006;1;Samaha et al. (2019);Experiment 1;Orientation;1;40;;;;;;;3;5
5;76;39.375;-36.625;9;5;86.0;1007;1;Samaha et al. (2019);Experiment 1;Orientation;1;40;;;;;;;4;5
5;74;65.609375;-8.390625;9;5;2.0;1008;1;Samaha et al. (2019);Experiment 1;Orientation;1;40;;;;;;;5;5
5;101;84.0;-17.0;9;5;-27.0;1009;0;Samaha et al. (2019);Experiment 1;Orientation;1;39;;;;;;;4;5
5;107;62.6328125;-44.3671875;9;5;-6.0;1010;1;Samaha et al. (2019);Experiment 1;Orientation;1;40;;;;;;;6;5
5;167;131.4921875;-35.5078125;9;5;-60.0;1011;1;Samaha et al. (2019);Experiment 1;Orientation;1;40;;;;;;;7;5
5;95;94.5;-0.5;9;5;72.0;1012;1;Samaha et al. (2019);Experiment 1;Orientation;1;40;;;;;;;8;5
5;49;59.96875;10.96875;9;5;46.0;1013;1;Samaha et al. (2019);Experiment 1;Orientation;1;40;;;;;;;9;5
5;41;58.3359375;17.3359375;9;5;8.0;1014;1;Samaha et al. (2019);Experiment 1;Orientation;1;40;;;;;;;10;5
5;86;91.4453125;5.4453125;9;5;-45.0;1015;1;Samaha et al. (2019);Experiment 1;Orientation;1;40;;;;;;;11;5
5;34;51.890625;17.890625;9;5;52.0;1016;0;Samaha et al. (2019);Experiment 1;Orientation;1;39;;;;;;;5;5
5;43;53.6875;10.6875;9;5;-9.0;1017;1;Samaha et al. (2019);Experiment 1;Orientation;1;40;;;;;;;12;5
5;114;120.9921875;6.9921875;9;5;-71.0;1018;0;Samaha et al. (2019);Experiment 1;Orientation;1;39;;;;;;;6;5
5;38;37.921875;-0.078125;9;5;76.0;1019;0;Samaha et al. (2019);Experiment 1;Orientation;1;39;;;;;;;7;5
5;29;32.234375;3.234375;9;5;9.0;1020;0;Samaha et al. (2019);Experiment 1;Orientation;1;39;;;;;;;8;5
5;80;76.28125;-3.71875;9;5;-51.0;1021;0;Samaha et al. (2019);Experiment 1;Orientation;1;39;;;;;;;9;5
5;55;54.8671875;-0.1328125;9;5;25.0;1022;1;Samaha et al. (2019);Experiment 1;Orientation;1;40;;;;;;;13;5
5;101;67.5390625;-33.4609375;9;5;-46.0;1023;0;Samaha et al. (2019);Experiment 1;Orientation;1;39;;;;;;;10;5
5;170;57.1640625;67.1640625;9;5;-69.0;1024;1;Samaha et al. (2019);Experiment 1;Orientation;1;40;;;;;;;14;5
5;82;69.65625;-12.34375;9;5;88.0;1025;0;Samaha et al. (2019);Experiment 1;Orientation;1;39;;;;;;;11;5
5;141;143.8203125;2.8203125;9;5;-59.0;1026;1;Samaha et al. (2019);Experiment 1;Orientation;1;40;;;;;;;15;5
5;102;110.6328125;8.6328125;9;5;39.0;1027;0;Samaha et al. (2019);Experiment 1;Orientation;1;39;;;;;;;12;5
5;170;137.9375;-32.0625;9;5;-68.0;1028;0;Samaha et al. (2019);Experiment 1;Orientation;1;39;;;;;;;13;5
5;36;135.671875;-80.328125;9;5;-46.0;1029;0;Samaha et al. (2019);Experiment 1;Orientation;1;39;;;;;;;14;5
5;117;117.125;0.125;9;5;-81.0;1030;0;Samaha et al. (2019);Experiment 1;Orientation;1;39;;;;;;;15;5
5;171;11.34375;20.34375;9;5;-54.0;1031;0;Samaha et al. (2019);Experiment 1;Orientation;1;39;;;;;;;16;5
5;64;50.171875;-13.828125;9;5;-73.0;1032;0;Samaha et al. (2019);Experiment 1;Orientation;1;39;;;;;;;17;5
5;118;117.0625;-0.9375;9;5;-54.0;1033;0;Samaha et al. (2019);Experiment 1;Orientation;1;39;;;;;;;18;5
5;164;149.4765625;-14.5234375;9;5;-46.0;1034;0;Samaha et al. (2019);Experiment 1;Orientation;1;39;;;;;;;19;5
5;179;175.2734375;-3.7265625;9;5;-15.0;1035;0;Samaha et al. (2019);Experiment 1;Orientation;1;39;;;;;;;20;5
5;35;169.5546875;-45.4453125;9;5;-36.0;1036;0;Samaha et al. (2019);Experiment 1;Orientation;1;39;;;;;;;21;5
5;1;171.03125;-9.96875;9;5;34.0;1037;1;Samaha et al. (2019);Experiment 1;Orientation;1;40;;;;;;;16;5
5;179;170.0;-9.0;9;5;2.0;1038;0;Samaha et al. (2019);Experiment 1;Orientation;1;39;;;;;;;22;5
5;67;79.359375;12.359375;9;5;-68.0;1039;1;Samaha et al. (2019);Experiment 1;Orientation;1;40;;;;;;;17;5
5;121;132.28125;11.28125;9;5;-54.0;1040;0;Samaha et al. (2019);Experiment 1;Orientation;1;39;;;;;;;23;5
5;120;95.921875;-24.078125;9;5;1.0;1041;0;Samaha et al. (2019);Experiment 1;Orientation;1;39;;;;;;;24;5
5;2;13.015625;11.015625;9;5;-62.0;1042;0;Samaha et al. (2019);Experiment 1;Orientation;1;39;;;;;;;25;5
5;72;79.421875;7.421875;9;5;-70.0;1043;0;Samaha et al. (2019);Experiment 1;Orientation;1;39;;;;;;;26;5
5;112;104.203125;-7.796875;9;5;-40.0;1044;1;Samaha et al. (2019);Experiment 1;Orientation;1;40;;;;;;;18;5
5;31;29.875;-1.125;9;5;81.0;1045;1;Samaha et al. (2019);Experiment 1;Orientation;1;40;;;;;;;19;5
5;167;24.0;37.0;9;5;44.0;1046;1;Samaha et al. (2019);Experiment 1;Orientation;1;40;;;;;;;20;5
5;176;97.65625;-78.34375;9;5;-9.0;1047;0;Samaha et al. (2019);Experiment 1;Orientation;1;39;;;;;;;27;5
5;15;80.5;65.5;9;5;-19.0;1048;0;Samaha et al. (2019);Experiment 1;Orientation;1;39;;;;;;;28;5
5;77;66.0;-11.0;9;5;-62.0;1049;0;Samaha et al. (2019);Experiment 1;Orientation;1;39;;;;;;;29;5
5;45;55.953125;10.953125;9;5;32.0;1050;1;Samaha et al. (2019);Experiment 1;Orientation;1;40;;;;;;;21;5
5;59;44.1875;-14.8125;9;5;-14.0;1051;0;Samaha et al. (2019);Experiment 1;Orientation;1;39;;;;;;;30;5
5;57;8.0;-49.0;9;5;2.0;1052;0;Samaha et al. (2019);Experiment 1;Orientation;1;39;;;;;;;31;5
5;177;30.6171875;33.6171875;9;5;60.0;1053;0;Samaha et al. (2019);Experiment 1;Orientation;1;39;;;;;;;32;5
5;103;126.0;23.0;9;5;74.0;1054;0;Samaha et al. (2019);Experiment 1;Orientation;1;39;;;;;;;33;5
5;147;19.328125;52.328125;9;5;-44.0;1055;0;Samaha et al. (2019);Experiment 1;Orientation;1;39;;;;;;;34;5
5;112;116.0;4.0;9;5;35.0;1056;1;Samaha et al. (2019);Experiment 1;Orientation;1;40;;;;;;;22;5
5;123;132.6953125;9.6953125;9;5;-11.0;1057;0;Samaha et al. (2019);Experiment 1;Orientation;1;39;;;;;;;35;5
5;117;132.734375;15.734375;9;5;6.0;1058;0;Samaha et al. (2019);Experiment 1;Orientation;1;39;;;;;;;36;5
5;95;102.796875;7.796875;9;5;22.0;1059;1;Samaha et al. (2019);Experiment 1;Orientation;1;40;;;;;;;23;5
5;111;103.703125;-7.296875;9;5;-16.0;1060;1;Samaha et al. (2019);Experiment 1;Orientation;1;40;;;;;;;24;5
5;111;103.703125;-7.296875;9;5;0.0;1061;1;Samaha et al. (2019);Experiment 1;Orientation;1;40;;;;;;;25;5
6;3;0.171875;-2.828125;9;1;-72.0;1;0;Samaha et al. (2019);Experiment 1;Orientation;1;39;;;;;;;1;1
6;138;130.6015625;-7.3984375;9;1;45.0;2;1;Samaha et al. (2019);Experiment 1;Orientation;1;40;;;;;;;1;1
6;55;72.484375;17.484375;9;1;83.0;3;0;Samaha et al. (2019);Experiment 1;Orientation;1;39;;;;;;;2;1
6;133;135.40625;2.40625;9;1;-78.0;4;1;Samaha et al. (2019);Experiment 1;Orientation;1;40;;;;;;;2;1
6;2;135.40625;-46.59375;9;1;-49.0;5;1;Samaha et al. (2019);Experiment 1;Orientation;1;40;;;;;;;3;1
6;51;32.46875;-18.53125;9;1;-49.0;6;0;Samaha et al. (2019);Experiment 1;Orientation;1;39;;;;;;;3;1
6;31;47.7578125;16.7578125;9;1;20.0;7;1;Samaha et al. (2019);Experiment 1;Orientation;1;40;;;;;;;4;1
6;150;121.7578125;-28.2421875;9;1;61.0;8;1;Samaha et al. (2019);Experiment 1;Orientation;1;40;;;;;;;5;1
6;54;21.90625;-32.09375;9;1;-84.0;9;1;Samaha et al. (2019);Experiment 1;Orientation;1;40;;;;;;;6;1
6;70;88.84375;18.84375;9;1;-16.0;10;1;Samaha et al. (2019);Experiment 1;Orientation;1;40;;;;;;;7;1
6;53;108.3359375;55.3359375;9;1;17.0;11;1;Samaha et al. (2019);Experiment 1;Orientation;1;40;;;;;;;8;1
6;178;122.8125;-55.1875;9;1;55.0;12;0;Samaha et al. (2019);Experiment 1;Orientation;1;39;;;;;;;4;1
6;154;146.828125;-7.171875;9;1;24.0;13;1;Samaha et al. (2019);Experiment 1;Orientation;1;40;;;;;;;9;1
6;156;135.8203125;-20.1796875;9;1;-2.0;14;0;Samaha et al. (2019);Experiment 1;Orientation;1;39;;;;;;;5;1
6;6;172.3046875;-13.6953125;9;1;-30.0;15;0;Samaha et al. (2019);Experiment 1;Orientation;1;39;;;;;;;6;1
6;55;51.2421875;-3.7578125;9;1;-49.0;16;0;Samaha et al. (2019);Experiment 1;Orientation;1;39;;;;;;;7;1
6;79;102.0;23.0;9;1;-24.0;17;1;Samaha et al. (2019);Experiment 1;Orientation;1;40;;;;;;;10;1
6;38;35.2265625;-2.7734375;9;1;41.0;18;1;Samaha et al. (2019);Experiment 1;Orientation;1;40;;;;;;;11;1
6;140;140.0;0.0;9;1;78.0;19;1;Samaha et al. (2019);Experiment 1;Orientation;1;40;;;;;;;12;1
6;102;166.6328125;64.6328125;9;1;38.0;20;0;Samaha et al. (2019);Experiment 1;Orientation;1;39;;;;;;;8;1
6;40;44.546875;4.546875;9;1;62.0;21;1;Samaha et al. (2019);Experiment 1;Orientation;1;40;;;;;;;13;1
6;154;127.4921875;-26.5078125;9;1;66.0;22;0;Samaha et al. (2019);Experiment 1;Orientation;1;39;;;;;;;9;1
6;132;139.109375;7.109375;9;1;22.0;23;0;Samaha et al. (2019);Experiment 1;Orientation;1;39;;;;;;;10;1
6;0;174.6640625;-5.3359375;9;1;-48.0;24;1;Samaha et al. (2019);Experiment 1;Orientation;1;40;;;;;;;14;1
6;147;170.0;23.0;9;1;33.0;25;0;Samaha et al. (2019);Experiment 1;Orientation;1;39;;;;;;;11;1
6;73;61.09375;-11.90625;9;1;74.0;26;1;Samaha et al. (2019);Experiment 1;Orientation;1;40;;;;;;;15;1
6;4;157.4765625;-26.5234375;9;1;69.0;27;0;Samaha et al. (2019);Experiment 1;Orientation;1;39;;;;;;;12;1
6;73;70.8125;-2.1875;9;1;-69.0;28;1;Samaha et al. (2019);Experiment 1;Orientation;1;40;;;;;;;16;1
6;59;78.1015625;19.1015625;9;1;14.0;29;1;Samaha et al. (2019);Experiment 1;Orientation;1;40;;;;;;;17;1
6;90;26.21875;-63.78125;9;1;-31.0;30;1;Samaha et al. (2019);Experiment 1;Orientation;1;40;;;;;;;18;1
6;15;48.3671875;33.3671875;9;1;75.0;31;0;Samaha et al. (2019);Experiment 1;Orientation;1;39;;;;;;;13;1
6;173;135.7421875;-37.2578125;9;1;22.0;32;1;Samaha et al. (2019);Experiment 1;Orientation;1;40;;;;;;;19;1
6;118;127.015625;9.015625;9;1;55.0;33;1;Samaha et al. (2019);Experiment 1;Orientation;1;40;;;;;;;20;1
6;114;103.59375;-10.40625;9;1;4.0;34;0;Samaha et al. (2019);Experiment 1;Orientation;1;39;;;;;;;14;1
6;134;157.390625;23.390625;9;1;-20.0;35;1;Samaha et al. (2019);Experiment 1;Orientation;1;40;;;;;;;21;1
6;117;121.09375;4.09375;9;1;17.0;36;1;Samaha et al. (2019);Experiment 1;Orientation;1;40;;;;;;;22;1
6;68;79.703125;11.703125;9;1;49.0;37;1;Samaha et al. (2019);Experiment 1;Orientation;1;40;;;;;;;23;1
6;7;154.6640625;-32.3359375;9;1;61.0;38;0;Samaha et al. (2019);Experiment 1;Orientation;1;39;;;;;;;15;1
6;160;153.703125;-6.296875;9;1;27.0;39;1;Samaha et al. (2019);Experiment 1;Orientation;1;40;;;;;;;24;1
6;45;46.546875;1.546875;9;1;-65.0;40;0;Samaha et al. (2019);Experiment 1;Orientation;1;39;;;;;;;16;1
6;80;77.984375;-2.015625;9;1;-35.0;41;1;Samaha et al. (2019);Experiment 1;Orientation;1;40;;;;;;;25;1
6;174;161.2578125;-12.7421875;9;1;86.0;42;0;Samaha et al. (2019);Experiment 1;Orientation;1;39;;;;;;;17;1
6;59;174.53125;-64.46875;9;1;-65.0;43;0;Samaha et al. (2019);Experiment 1;Orientation;1;39;;;;;;;18;1
6;130;150.9921875;20.9921875;9;1;-71.0;44;0;Samaha et al. (2019);Experiment 1;Orientation;1;39;;;;;;;19;1
6;74;63.7734375;-10.2265625;9;1;56.0;45;1;Samaha et al. (2019);Experiment 1;Orientation;1;40;;;;;;;26;1
6;40;51.671875;11.671875;9;1;34.0;46;0;Samaha et al. (2019);Experiment 1;Orientation;1;39;;;;;;;20;1
6;131;128.4140625;-2.5859375;9;1;89.0;47;1;Samaha et al. (2019);Experiment 1;Orientation;1;40;;;;;;;27;1
6;128;152.0;24.0;9;1;3.0;48;1;Samaha et al. (2019);Experiment 1;Orientation;1;40;;;;;;;28;1
6;58;36.4375;-21.5625;9;1;70.0;49;1;Samaha et al. (2019);Experiment 1;Orientation;1;40;;;;;;;29;1
6;47;51.2734375;4.2734375;9;1;11.0;50;1;Samaha et al. (2019);Experiment 1;Orientation;1;40;;;;;;;30;1
6;81;86.0703125;5.0703125;9;1;-34.0;51;1;Samaha et al. (2019);Experiment 1;Orientation;1;40;;;;;;;31;1
6;168;121.140625;-46.859375;9;1;-87.0;52;0;Samaha et al. (2019);Experiment 1;Orientation;1;39;;;;;;;21;1
6;15;172.3828125;-22.6171875;9;1;-27.0;53;0;Samaha et al. (2019);Experiment 1;Orientation;1;39;;;;;;;22;1
6;101;119.5546875;18.5546875;9;1;-86.0;54;1;Samaha et al. (2019);Experiment 1;Orientation;1;40;;;;;;;32;1
6;141;27.59375;66.59375;9;1;-40.0;55;1;Samaha et al. (2019);Experiment 1;Orientation;1;40;;;;;;;33;1
6;170;164.515625;-5.484375;9;1;-29.0;56;0;Samaha et al. (2019);Experiment 1;Orientation;1;39;;;;;;;23;1
6;23;23.7890625;0.7890625;9;1;-33.0;57;0;Samaha et al. (2019);Experiment 1;Orientation;1;39;;;;;;;24;1
6;26;161.5703125;-44.4296875;9;1;-3.0;58;1;Samaha et al. (2019);Experiment 1;Orientation;1;40;;;;;;;34;1
6;140;126.9609375;-13.0390625;9;1;66.0;59;0;Samaha et al. (2019);Experiment 1;Orientation;1;39;;;;;;;25;1
6;104;101.8515625;-2.1484375;9;1;36.0;60;0;Samaha et al. (2019);Experiment 1;Orientation;1;39;;;;;;;26;1
6;104;101.8515625;-2.1484375;9;1;0.0;61;1;Samaha et al. (2019);Experiment 1;Orientation;1;40;;;;;;;35;1
6;83;126.28125;43.28125;9;2;21.0;251;1;Samaha et al. (2019);Experiment 1;Orientation;1;40;;;;;;;1;2
6;87;139.1640625;52.1640625;9;2;-4.0;252;0;Samaha et al. (2019);Experiment 1;Orientation;1;39;;;;;;;1;2
6;3;2.234375;-0.765625;9;2;84.0;253;1;Samaha et al. (2019);Experiment 1;Orientation;1;40;;;;;;;2;2
6;122;25.625;83.625;9;2;61.0;254;0;Samaha et al. (2019);Experiment 1;Orientation;1;39;;;;;;;2;2
6;117;143.7421875;26.7421875;9;2;5.0;255;1;Samaha et al. (2019);Experiment 1;Orientation;1;40;;;;;;;3;2
6;110;110.3984375;0.3984375;9;2;7.0;256;1;Samaha et al. (2019);Experiment 1;Orientation;1;40;;;;;;;4;2
6;11;25.2578125;14.2578125;9;2;-81.0;257;1;Samaha et al. (2019);Experiment 1;Orientation;1;40;;;;;;;5;2
6;39;44.7109375;5.7109375;9;2;-28.0;258;0;Samaha et al. (2019);Experiment 1;Orientation;1;39;;;;;;;3;2
6;62;32.0234375;-29.9765625;9;2;-23.0;259;0;Samaha et al. (2019);Experiment 1;Orientation;1;39;;;;;;;4;2
6;124;136.6015625;12.6015625;9;2;-62.0;260;0;Samaha et al. (2019);Experiment 1;Orientation;1;39;;;;;;;5;2
6;54;51.96875;-2.03125;9;2;70.0;261;0;Samaha et al. (2019);Experiment 1;Orientation;1;39;;;;;;;6;2
6;41;44.765625;3.765625;9;2;13.0;262;1;Samaha et al. (2019);Experiment 1;Orientation;1;40;;;;;;;6;2
6;26;128.3984375;-77.6015625;9;2;15.0;263;0;Samaha et al. (2019);Experiment 1;Orientation;1;39;;;;;;;7;2
6;15;5.8046875;-9.1953125;9;2;11.0;264;1;Samaha et al. (2019);Experiment 1;Orientation;1;40;;;;;;;7;2
6;148;141.046875;-6.953125;9;2;47.0;265;0;Samaha et al. (2019);Experiment 1;Orientation;1;39;;;;;;;8;2
6;171;163.2734375;-7.7265625;9;2;-23.0;266;1;Samaha et al. (2019);Experiment 1;Orientation;1;40;;;;;;;8;2
6;154;166.7109375;12.7109375;9;2;17.0;267;0;Samaha et al. (2019);Experiment 1;Orientation;1;39;;;;;;;9;2
6;10;46.6953125;36.6953125;9;2;-36.0;268;1;Samaha et al. (2019);Experiment 1;Orientation;1;40;;;;;;;9;2
6;46;132.3671875;86.3671875;9;2;-36.0;269;0;Samaha et al. (2019);Experiment 1;Orientation;1;39;;;;;;;10;2
6;167;54.1875;67.1875;9;2;59.0;270;1;Samaha et al. (2019);Experiment 1;Orientation;1;40;;;;;;;10;2
6;36;53.671875;17.671875;9;2;-49.0;271;1;Samaha et al. (2019);Experiment 1;Orientation;1;40;;;;;;;11;2
6;141;143.390625;2.390625;9;2;75.0;272;0;Samaha et al. (2019);Experiment 1;Orientation;1;39;;;;;;;11;2
6;168;7.921875;19.921875;9;2;-27.0;273;0;Samaha et al. (2019);Experiment 1;Orientation;1;39;;;;;;;12;2
6;98;143.359375;45.359375;9;2;70.0;274;0;Samaha et al. (2019);Experiment 1;Orientation;1;39;;;;;;;13;2
6;94;104.8125;10.8125;9;2;4.0;275;1;Samaha et al. (2019);Experiment 1;Orientation;1;40;;;;;;;12;2
6;83;105.2109375;22.2109375;9;2;11.0;276;0;Samaha et al. (2019);Experiment 1;Orientation;1;39;;;;;;;14;2
6;44;56.828125;12.828125;9;2;39.0;277;1;Samaha et al. (2019);Experiment 1;Orientation;1;40;;;;;;;13;2
6;62;133.03125;71.03125;9;2;-18.0;278;0;Samaha et al. (2019);Experiment 1;Orientation;1;39;;;;;;;15;2
6;33;65.1953125;32.1953125;9;2;29.0;279;1;Samaha et al. (2019);Experiment 1;Orientation;1;40;;;;;;;14;2
6;80;124.6328125;44.6328125;9;2;-47.0;280;1;Samaha et al. (2019);Experiment 1;Orientation;1;40;;;;;;;15;2
6;137;124.7109375;-12.2890625;9;2;-57.0;281;1;Samaha et al. (2019);Experiment 1;Orientation;1;40;;;;;;;16;2
6;58;86.46875;28.46875;9;2;79.0;282;0;Samaha et al. (2019);Experiment 1;Orientation;1;39;;;;;;;16;2
6;97;145.6875;48.6875;9;2;-39.0;283;1;Samaha et al. (2019);Experiment 1;Orientation;1;40;;;;;;;17;2
6;29;147.65625;-61.34375;9;2;68.0;284;1;Samaha et al. (2019);Experiment 1;Orientation;1;40;;;;;;;18;2
6;151;150.3671875;-0.6328125;9;2;58.0;285;1;Samaha et al. (2019);Experiment 1;Orientation;1;40;;;;;;;19;2
6;108;106.203125;-1.796875;9;2;43.0;286;0;Samaha et al. (2019);Experiment 1;Orientation;1;39;;;;;;;17;2
6;176;175.8203125;-0.1796875;9;2;-68.0;287;1;Samaha et al. (2019);Experiment 1;Orientation;1;40;;;;;;;20;2
6;162;147.34375;-14.65625;9;2;14.0;288;0;Samaha et al. (2019);Experiment 1;Orientation;1;39;;;;;;;18;2
6;80;134.546875;54.546875;9;2;82.0;289;0;Samaha et al. (2019);Experiment 1;Orientation;1;39;;;;;;;19;2
6;34;37.7890625;3.7890625;9;2;46.0;290;1;Samaha et al. (2019);Experiment 1;Orientation;1;40;;;;;;;21;2
6;12;176.28125;-15.71875;9;2;22.0;291;1;Samaha et al. (2019);Experiment 1;Orientation;1;40;;;;;;;22;2
6;129;20.9453125;71.9453125;9;2;63.0;292;0;Samaha et al. (2019);Experiment 1;Orientation;1;39;;;;;;;20;2
6;167;174.6328125;7.6328125;9;2;-38.0;293;1;Samaha et al. (2019);Experiment 1;Orientation;1;40;;;;;;;23;2
6;118;120.8125;2.8125;9;2;49.0;294;1;Samaha et al. (2019);Experiment 1;Orientation;1;40;;;;;;;24;2
6;5;149.4765625;-35.5234375;9;2;-67.0;295;1;Samaha et al. (2019);Experiment 1;Orientation;1;40;;;;;;;25;2
6;127;45.90625;-81.09375;9;2;58.0;296;1;Samaha et al. (2019);Experiment 1;Orientation;1;40;;;;;;;26;2
6;175;136.0703125;-38.9296875;9;2;-48.0;297;1;Samaha et al. (2019);Experiment 1;Orientation;1;40;;;;;;;27;2
6;95;131.4765625;36.4765625;9;2;80.0;298;0;Samaha et al. (2019);Experiment 1;Orientation;1;39;;;;;;;21;2
6;171;177.5546875;6.5546875;9;2;-76.0;299;1;Samaha et al. (2019);Experiment 1;Orientation;1;40;;;;;;;28;2
6;122;107.2265625;-14.7734375;9;2;49.0;300;0;Samaha et al. (2019);Experiment 1;Orientation;1;39;;;;;;;22;2
6;85;96.0;11.0;9;2;37.0;301;0;Samaha et al. (2019);Experiment 1;Orientation;1;39;;;;;;;23;2
6;59;116.6484375;57.6484375;9;2;26.0;302;1;Samaha et al. (2019);Experiment 1;Orientation;1;40;;;;;;;29;2
6;7;37.9375;30.9375;9;2;52.0;303;0;Samaha et al. (2019);Experiment 1;Orientation;1;39;;;;;;;24;2
6;54;140.9453125;86.9453125;9;2;-47.0;304;0;Samaha et al. (2019);Experiment 1;Orientation;1;39;;;;;;;25;2
6;142;147.2109375;5.2109375;9;2;-88.0;305;1;Samaha et al. (2019);Experiment 1;Orientation;1;40;;;;;;;30;2
6;108;121.8359375;13.8359375;9;2;34.0;306;0;Samaha et al. (2019);Experiment 1;Orientation;1;39;;;;;;;26;2
6;159;167.4453125;8.4453125;9;2;-51.0;307;0;Samaha et al. (2019);Experiment 1;Orientation;1;39;;;;;;;27;2
6;173;170.0546875;-2.9453125;9;2;-14.0;308;0;Samaha et al. (2019);Experiment 1;Orientation;1;39;;;;;;;28;2
6;179;1.9375;2.9375;9;2;-6.0;309;0;Samaha et al. (2019);Experiment 1;Orientation;1;39;;;;;;;29;2
6;120;119.296875;-0.703125;9;2;59.0;310;0;Samaha et al. (2019);Experiment 1;Orientation;1;39;;;;;;;30;2
6;120;119.296875;-0.703125;9;2;0.0;311;1;Samaha et al. (2019);Experiment 1;Orientation;1;40;;;;;;;31;2
6;148;157.96875;9.96875;9;3;-28.0;501;1;Samaha et al. (2019);Experiment 1;Orientation;1;40;;;;;;;1;3
6;161;130.203125;-30.796875;9;3;-13.0;502;1;Samaha et al. (2019);Experiment 1;Orientation;1;40;;;;;;;2;3
6;90;103.421875;13.421875;9;3;71.0;503;0;Samaha et al. (2019);Experiment 1;Orientation;1;39;;;;;;;1;3
6;50;64.828125;14.828125;9;3;40.0;504;1;Samaha et al. (2019);Experiment 1;Orientation;1;40;;;;;;;3;3
6;151;150.7109375;-0.2890625;9;3;79.0;505;1;Samaha et al. (2019);Experiment 1;Orientation;1;40;;;;;;;4;3
6;53;39.5234375;-13.4765625;9;3;-82.0;506;1;Samaha et al. (2019);Experiment 1;Orientation;1;40;;;;;;;5;3
6;117;130.0390625;13.0390625;9;3;-64.0;507;0;Samaha et al. (2019);Experiment 1;Orientation;1;39;;;;;;;2;3
6;71;49.8046875;-21.1953125;9;3;46.0;508;0;Samaha et al. (2019);Experiment 1;Orientation;1;39;;;;;;;3;3
6;42;48.6640625;6.6640625;9;3;29.0;509;1;Samaha et al. (2019);Experiment 1;Orientation;1;40;;;;;;;6;3
6;178;175.109375;-2.890625;9;3;44.0;510;0;Samaha et al. (2019);Experiment 1;Orientation;1;39;;;;;;;4;3
6;15;173.7578125;-21.2421875;9;3;-17.0;511;1;Samaha et al. (2019);Experiment 1;Orientation;1;40;;;;;;;7;3
6;105;148.0234375;43.0234375;9;3;-90.0;512;0;Samaha et al. (2019);Experiment 1;Orientation;1;39;;;;;;;5;3
6;15;13.7734375;-1.2265625;9;3;90.0;513;1;Samaha et al. (2019);Experiment 1;Orientation;1;40;;;;;;;8;3
6;59;51.625;-7.375;9;3;-44.0;514;1;Samaha et al. (2019);Experiment 1;Orientation;1;40;;;;;;;9;3
6;111;141.7265625;30.7265625;9;3;-52.0;515;1;Samaha et al. (2019);Experiment 1;Orientation;1;40;;;;;;;10;3
6;179;167.1796875;-11.8203125;9;3;-68.0;516;0;Samaha et al. (2019);Experiment 1;Orientation;1;39;;;;;;;6;3
6;144;176.5859375;32.5859375;9;3;35.0;517;1;Samaha et al. (2019);Experiment 1;Orientation;1;40;;;;;;;11;3
6;20;14.9296875;-5.0703125;9;3;-56.0;518;0;Samaha et al. (2019);Experiment 1;Orientation;1;39;;;;;;;7;3
6;115;52.234375;-62.765625;9;3;85.0;519;1;Samaha et al. (2019);Experiment 1;Orientation;1;40;;;;;;;12;3
6;27;64.28125;37.28125;9;3;88.0;520;1;Samaha et al. (2019);Experiment 1;Orientation;1;40;;;;;;;13;3
6;44;55.625;11.625;9;3;-17.0;521;1;Samaha et al. (2019);Experiment 1;Orientation;1;40;;;;;;;14;3
6;19;134.0078125;-64.9921875;9;3;25.0;522;0;Samaha et al. (2019);Experiment 1;Orientation;1;39;;;;;;;8;3
6;96;130.25;34.25;9;3;-77.0;523;1;Samaha et al. (2019);Experiment 1;Orientation;1;40;;;;;;;15;3
6;108;111.046875;3.046875;9;3;-12.0;524;0;Samaha et al. (2019);Experiment 1;Orientation;1;39;;;;;;;9;3
6;13;18.0;5.0;9;3;-85.0;525;0;Samaha et al. (2019);Experiment 1;Orientation;1;39;;;;;;;10;3
6;118;160.8671875;42.8671875;9;3;75.0;526;0;Samaha et al. (2019);Experiment 1;Orientation;1;39;;;;;;;11;3
6;92;79.9375;-12.0625;9;3;26.0;527;0;Samaha et al. (2019);Experiment 1;Orientation;1;39;;;;;;;12;3
6;144;136.0;-8.0;9;3;-52.0;528;1;Samaha et al. (2019);Experiment 1;Orientation;1;40;;;;;;;16;3
6;86;71.2109375;-14.7890625;9;3;58.0;529;0;Samaha et al. (2019);Experiment 1;Orientation;1;39;;;;;;;13;3
6;87;101.8203125;14.8203125;9;3;-1.0;530;0;Samaha et al. (2019);Experiment 1;Orientation;1;39;;;;;;;14;3
6;173;156.21875;-16.78125;9;3;-86.0;531;1;Samaha et al. (2019);Experiment 1;Orientation;1;40;;;;;;;17;3
6;141;163.59375;22.59375;9;3;32.0;532;0;Samaha et al. (2019);Experiment 1;Orientation;1;39;;;;;;;15;3
6;105;139.375;34.375;9;3;36.0;533;0;Samaha et al. (2019);Experiment 1;Orientation;1;39;;;;;;;16;3
6;107;134.484375;27.484375;9;3;-2.0;534;1;Samaha et al. (2019);Experiment 1;Orientation;1;40;;;;;;;18;3
6;66;66.1875;0.1875;9;3;41.0;535;1;Samaha et al. (2019);Experiment 1;Orientation;1;40;;;;;;;19;3
6;82;98.53125;16.53125;9;3;-16.0;536;1;Samaha et al. (2019);Experiment 1;Orientation;1;40;;;;;;;20;3
6;174;0.28125;6.28125;9;3;88.0;537;0;Samaha et al. (2019);Experiment 1;Orientation;1;39;;;;;;;17;3
6;130;120.0;-10.0;9;3;44.0;538;0;Samaha et al. (2019);Experiment 1;Orientation;1;39;;;;;;;18;3
6;11;39.1640625;28.1640625;9;3;-61.0;539;1;Samaha et al. (2019);Experiment 1;Orientation;1;40;;;;;;;21;3
6;145;134.9609375;-10.0390625;9;3;46.0;540;0;Samaha et al. (2019);Experiment 1;Orientation;1;39;;;;;;;19;3
6;52;49.90625;-2.09375;9;3;-87.0;541;0;Samaha et al. (2019);Experiment 1;Orientation;1;39;;;;;;;20;3
6;47;42.0;-5.0;9;3;5.0;542;0;Samaha et al. (2019);Experiment 1;Orientation;1;39;;;;;;;21;3
6;73;75.5703125;2.5703125;9;3;-26.0;543;1;Samaha et al. (2019);Experiment 1;Orientation;1;40;;;;;;;22;3
6;98;65.7890625;-32.2109375;9;3;-25.0;544;0;Samaha et al. (2019);Experiment 1;Orientation;1;39;;;;;;;22;3
6;143;125.4609375;-17.5390625;9;3;-45.0;545;1;Samaha et al. (2019);Experiment 1;Orientation;1;40;;;;;;;23;3
6;82;90.3515625;8.3515625;9;3;61.0;546;0;Samaha et al. (2019);Experiment 1;Orientation;1;39;;;;;;;23;3
6;142;128.4140625;-13.5859375;9;3;-60.0;547;0;Samaha et al. (2019);Experiment 1;Orientation;1;39;;;;;;;24;3
6;65;171.359375;-73.640625;9;3;77.0;548;0;Samaha et al. (2019);Experiment 1;Orientation;1;39;;;;;;;25;3
6;106;126.75;20.75;9;3;-41.0;549;1;Samaha et al. (2019);Experiment 1;Orientation;1;40;;;;;;;24;3
6;103;72.8125;-30.1875;9;3;3.0;550;1;Samaha et al. (2019);Experiment 1;Orientation;1;40;;;;;;;25;3
6;166;146.1328125;-19.8671875;9;3;-63.0;551;0;Samaha et al. (2019);Experiment 1;Orientation;1;39;;;;;;;26;3
6;160;139.015625;-20.984375;9;3;6.0;552;1;Samaha et al. (2019);Experiment 1;Orientation;1;40;;;;;;;26;3
6;139;168.203125;29.203125;9;3;21.0;553;0;Samaha et al. (2019);Experiment 1;Orientation;1;39;;;;;;;27;3
6;150;157.7265625;7.7265625;9;3;-11.0;554;1;Samaha et al. (2019);Experiment 1;Orientation;1;40;;;;;;;27;3
6;114;154.9921875;40.9921875;9;3;36.0;555;1;Samaha et al. (2019);Experiment 1;Orientation;1;40;;;;;;;28;3
6;174;45.125;51.125;9;3;-60.0;556;1;Samaha et al. (2019);Experiment 1;Orientation;1;40;;;;;;;29;3
6;40;59.609375;19.609375;9;3;-46.0;557;0;Samaha et al. (2019);Experiment 1;Orientation;1;39;;;;;;;28;3
6;152;132.7109375;-19.2890625;9;3;68.0;558;0;Samaha et al. (2019);Experiment 1;Orientation;1;39;;;;;;;29;3
6;111;119.5234375;8.5234375;9;3;41.0;559;1;Samaha et al. (2019);Experiment 1;Orientation;1;40;;;;;;;30;3
6;82;83.96875;1.96875;9;3;29.0;560;0;Samaha et al. (2019);Experiment 1;Orientation;1;39;;;;;;;30;3
6;82;83.96875;1.96875;9;3;0.0;561;1;Samaha et al. (2019);Experiment 1;Orientation;1;40;;;;;;;31;3
6;152;118.765625;-33.234375;9;4;-70.0;751;1;Samaha et al. (2019);Experiment 1;Orientation;1;40;;;;;;;1;4
6;118;111.34375;-6.65625;9;4;34.0;752;1;Samaha et al. (2019);Experiment 1;Orientation;1;40;;;;;;;2;4
6;160;148.0390625;-11.9609375;9;4;-42.0;753;0;Samaha et al. (2019);Experiment 1;Orientation;1;39;;;;;;;1;4
6;159;146.3515625;-12.6484375;9;4;1.0;754;1;Samaha et al. (2019);Experiment 1;Orientation;1;40;;;;;;;3;4
6;159;146.1875;-12.8125;9;4;0.0;755;0;Samaha et al. (2019);Experiment 1;Orientation;1;39;;;;;;;2;4
6;0;132.0390625;-47.9609375;9;4;-21.0;756;1;Samaha et al. (2019);Experiment 1;Orientation;1;40;;;;;;;4;4
6;91;102.0859375;11.0859375;9;4;89.0;757;0;Samaha et al. (2019);Experiment 1;Orientation;1;39;;;;;;;3;4
6;62;60.8984375;-1.1015625;9;4;29.0;758;1;Samaha et al. (2019);Experiment 1;Orientation;1;40;;;;;;;5;4
6;94;113.1953125;19.1953125;9;4;-32.0;759;0;Samaha et al. (2019);Experiment 1;Orientation;1;39;;;;;;;4;4
6;3;147.65625;-35.34375;9;4;-89.0;760;0;Samaha et al. (2019);Experiment 1;Orientation;1;39;;;;;;;5;4
6;45;46.8125;1.8125;9;4;-42.0;761;1;Samaha et al. (2019);Experiment 1;Orientation;1;40;;;;;;;6;4
6;141;145.7265625;4.7265625;9;4;84.0;762;0;Samaha et al. (2019);Experiment 1;Orientation;1;39;;;;;;;6;4
6;121;119.390625;-1.609375;9;4;20.0;763;1;Samaha et al. (2019);Experiment 1;Orientation;1;40;;;;;;;7;4
6;168;156.78125;-11.21875;9;4;-47.0;764;1;Samaha et al. (2019);Experiment 1;Orientation;1;40;;;;;;;8;4
6;141;125.8359375;-15.1640625;9;4;27.0;765;1;Samaha et al. (2019);Experiment 1;Orientation;1;40;;;;;;;9;4
6;75;26.6484375;-48.3515625;9;4;66.0;766;0;Samaha et al. (2019);Experiment 1;Orientation;1;39;;;;;;;7;4
6;23;44.5859375;21.5859375;9;4;52.0;767;0;Samaha et al. (2019);Experiment 1;Orientation;1;39;;;;;;;8;4
6;80;57.9375;-22.0625;9;4;-57.0;768;1;Samaha et al. (2019);Experiment 1;Orientation;1;40;;;;;;;10;4
6;56;73.078125;17.078125;9;4;24.0;769;1;Samaha et al. (2019);Experiment 1;Orientation;1;40;;;;;;;11;4
6;80;81.5703125;1.5703125;9;4;-24.0;770;1;Samaha et al. (2019);Experiment 1;Orientation;1;40;;;;;;;12;4
6;160;134.203125;-25.796875;9;4;-80.0;771;0;Samaha et al. (2019);Experiment 1;Orientation;1;39;;;;;;;9;4
6;121;115.0625;-5.9375;9;4;39.0;772;1;Samaha et al. (2019);Experiment 1;Orientation;1;40;;;;;;;13;4
6;71;99.890625;28.890625;9;4;50.0;773;0;Samaha et al. (2019);Experiment 1;Orientation;1;39;;;;;;;10;4
6;78;65.359375;-12.640625;9;4;-7.0;774;1;Samaha et al. (2019);Experiment 1;Orientation;1;40;;;;;;;14;4
6;166;141.1953125;-24.8046875;9;4;-88.0;775;0;Samaha et al. (2019);Experiment 1;Orientation;1;39;;;;;;;11;4
6;89;132.9609375;43.9609375;9;4;77.0;776;1;Samaha et al. (2019);Experiment 1;Orientation;1;40;;;;;;;15;4
6;2;179.4453125;-2.5546875;9;4;87.0;777;0;Samaha et al. (2019);Experiment 1;Orientation;1;39;;;;;;;12;4
6;112;106.0;-6.0;9;4;70.0;778;0;Samaha et al. (2019);Experiment 1;Orientation;1;39;;;;;;;13;4
6;120;121.296875;1.296875;9;4;-8.0;779;1;Samaha et al. (2019);Experiment 1;Orientation;1;40;;;;;;;16;4
6;116;125.140625;9.140625;9;4;4.0;780;1;Samaha et al. (2019);Experiment 1;Orientation;1;40;;;;;;;17;4
6;100;115.09375;15.09375;9;4;16.0;781;0;Samaha et al. (2019);Experiment 1;Orientation;1;39;;;;;;;14;4
6;163;146.9609375;-16.0390625;9;4;-63.0;782;1;Samaha et al. (2019);Experiment 1;Orientation;1;40;;;;;;;18;4
6;38;51.59375;13.59375;9;4;-55.0;783;1;Samaha et al. (2019);Experiment 1;Orientation;1;40;;;;;;;19;4
6;116;133.875;17.875;9;4;-78.0;784;1;Samaha et al. (2019);Experiment 1;Orientation;1;40;;;;;;;20;4
6;72;137.0625;65.0625;9;4;44.0;785;0;Samaha et al. (2019);Experiment 1;Orientation;1;39;;;;;;;15;4
6;143;112.4140625;-30.5859375;9;4;-71.0;786;0;Samaha et al. (2019);Experiment 1;Orientation;1;39;;;;;;;16;4
6;89;61.109375;-27.890625;9;4;54.0;787;0;Samaha et al. (2019);Experiment 1;Orientation;1;39;;;;;;;17;4
6;49;48.828125;-0.171875;9;4;40.0;788;0;Samaha et al. (2019);Experiment 1;Orientation;1;39;;;;;;;18;4
6;135;136.0859375;1.0859375;9;4;-86.0;789;0;Samaha et al. (2019);Experiment 1;Orientation;1;39;;;;;;;19;4
6;174;139.703125;-34.296875;9;4;-39.0;790;0;Samaha et al. (2019);Experiment 1;Orientation;1;39;;;;;;;20;4
6;85;75.046875;-9.953125;9;4;89.0;791;1;Samaha et al. (2019);Experiment 1;Orientation;1;40;;;;;;;21;4
6;153;117.03125;-35.96875;9;4;-68.0;792;0;Samaha et al. (2019);Experiment 1;Orientation;1;39;;;;;;;21;4
6;169;167.7890625;-1.2109375;9;4;-16.0;793;1;Samaha et al. (2019);Experiment 1;Orientation;1;40;;;;;;;22;4
6;135;133.09375;-1.90625;9;4;34.0;794;1;Samaha et al. (2019);Experiment 1;Orientation;1;40;;;;;;;23;4
6;119;137.59375;18.59375;9;4;16.0;795;1;Samaha et al. (2019);Experiment 1;Orientation;1;40;;;;;;;24;4
6;77;115.5234375;38.5234375;9;4;42.0;796;0;Samaha et al. (2019);Experiment 1;Orientation;1;39;;;;;;;22;4
6;110;136.9921875;26.9921875;9;4;-33.0;797;0;Samaha et al. (2019);Experiment 1;Orientation;1;39;;;;;;;23;4
6;108;149.2734375;41.2734375;9;4;2.0;798;1;Samaha et al. (2019);Experiment 1;Orientation;1;40;;;;;;;25;4
6;99;135.96875;36.96875;9;4;9.0;799;1;Samaha et al. (2019);Experiment 1;Orientation;1;40;;;;;;;26;4
6;82;75.7421875;-6.2578125;9;4;17.0;800;1;Samaha et al. (2019);Experiment 1;Orientation;1;40;;;;;;;27;4
6;119;116.0;-3.0;9;4;-37.0;801;0;Samaha et al. (2019);Experiment 1;Orientation;1;39;;;;;;;24;4
6;116;78.6796875;-37.3203125;9;4;3.0;802;1;Samaha et al. (2019);Experiment 1;Orientation;1;40;;;;;;;28;4
6;14;133.0625;-60.9375;9;4;-78.0;803;0;Samaha et al. (2019);Experiment 1;Orientation;1;39;;;;;;;25;4
6;38;177.8515625;-40.1484375;9;4;-24.0;804;1;Samaha et al. (2019);Experiment 1;Orientation;1;40;;;;;;;29;4
6;82;78.6640625;-3.3359375;9;4;-44.0;805;0;Samaha et al. (2019);Experiment 1;Orientation;1;39;;;;;;;26;4
6;40;36.0;-4.0;9;4;42.0;806;1;Samaha et al. (2019);Experiment 1;Orientation;1;40;;;;;;;30;4
6;160;146.859375;-13.140625;9;4;60.0;807;1;Samaha et al. (2019);Experiment 1;Orientation;1;40;;;;;;;31;4
6;131;141.1796875;10.1796875;9;4;29.0;808;1;Samaha et al. (2019);Experiment 1;Orientation;1;40;;;;;;;32;4
6;89;105.4765625;16.4765625;9;4;42.0;809;1;Samaha et al. (2019);Experiment 1;Orientation;1;40;;;;;;;33;4
6;96;138.0;42.0;9;4;-7.0;810;1;Samaha et al. (2019);Experiment 1;Orientation;1;40;;;;;;;34;4
6;96;138.0;42.0;9;4;0.0;811;0;Samaha et al. (2019);Experiment 1;Orientation;1;39;;;;;;;27;4
7;134;151.7890625;17.7890625;9;1;-38.0;1;1;Samaha et al. (2019);Experiment 1;Orientation;1;40;;;;;;;1;1
7;15;33.7734375;18.7734375;9;1;-61.0;2;1;Samaha et al. (2019);Experiment 1;Orientation;1;40;;;;;;;2;1
7;173;9.015625;16.015625;9;1;22.0;3;0;Samaha et al. (2019);Experiment 1;Orientation;1;39;;;;;;;1;1
7;6;18.828125;12.828125;9;1;-13.0;4;1;Samaha et al. (2019);Experiment 1;Orientation;1;40;;;;;;;3;1
7;119;125.2578125;6.2578125;9;1;67.0;5;1;Samaha et al. (2019);Experiment 1;Orientation;1;40;;;;;;;4;1
7;64;55.953125;-8.046875;9;1;55.0;6;1;Samaha et al. (2019);Experiment 1;Orientation;1;40;;;;;;;5;1
7;62;152.46875;-89.53125;9;1;2.0;7;1;Samaha et al. (2019);Experiment 1;Orientation;1;40;;;;;;;6;1
7;25;25.703125;0.703125;9;1;37.0;8;1;Samaha et al. (2019);Experiment 1;Orientation;1;40;;;;;;;7;1
7;104;84.25;-19.75;9;1;-79.0;9;1;Samaha et al. (2019);Experiment 1;Orientation;1;40;;;;;;;8;1
7;57;96.0546875;39.0546875;9;1;47.0;10;0;Samaha et al. (2019);Experiment 1;Orientation;1;39;;;;;;;2;1
7;24;78.0;54.0;9;1;33.0;11;0;Samaha et al. (2019);Experiment 1;Orientation;1;39;;;;;;;3;1
7;164;152.15625;-11.84375;9;1;40.0;12;1;Samaha et al. (2019);Experiment 1;Orientation;1;40;;;;;;;9;1
7;46;58.734375;12.734375;9;1;-62.0;13;0;Samaha et al. (2019);Experiment 1;Orientation;1;39;;;;;;;4;1
7;68;59.984375;-8.015625;9;1;-22.0;14;0;Samaha et al. (2019);Experiment 1;Orientation;1;39;;;;;;;5;1
7;177;31.375;34.375;9;1;71.0;15;0;Samaha et al. (2019);Experiment 1;Orientation;1;39;;;;;;;6;1
7;92;105.59375;13.59375;9;1;85.0;16;0;Samaha et al. (2019);Experiment 1;Orientation;1;39;;;;;;;7;1
7;109;125.1796875;16.1796875;9;1;-17.0;17;1;Samaha et al. (2019);Experiment 1;Orientation;1;40;;;;;;;10;1
7;61;62.734375;1.734375;9;1;48.0;18;0;Samaha et al. (2019);Experiment 1;Orientation;1;39;;;;;;;8;1
7;71;63.921875;-7.078125;9;1;-10.0;19;0;Samaha et al. (2019);Experiment 1;Orientation;1;39;;;;;;;9;1
7;66;77.2734375;11.2734375;9;1;5.0;20;0;Samaha et al. (2019);Experiment 1;Orientation;1;39;;;;;;;10;1
7;53;64.3046875;11.3046875;9;1;13.0;21;0;Samaha et al. (2019);Experiment 1;Orientation;1;39;;;;;;;11;1
7;36;11.890625;-24.109375;9;1;17.0;22;0;Samaha et al. (2019);Experiment 1;Orientation;1;39;;;;;;;12;1
7;66;70.0;4.0;9;1;-30.0;23;0;Samaha et al. (2019);Experiment 1;Orientation;1;39;;;;;;;13;1
7;76;61.921875;-14.078125;9;1;-10.0;24;0;Samaha et al. (2019);Experiment 1;Orientation;1;39;;;;;;;14;1
7;12;155.7734375;-36.2265625;9;1;64.0;25;1;Samaha et al. (2019);Experiment 1;Orientation;1;40;;;;;;;11;1
7;128;144.0234375;16.0234375;9;1;64.0;26;0;Samaha et al. (2019);Experiment 1;Orientation;1;39;;;;;;;15;1
7;54;42.3828125;-11.6171875;9;1;74.0;27;1;Samaha et al. (2019);Experiment 1;Orientation;1;40;;;;;;;12;1
7;78;66.3828125;-11.6171875;9;1;-24.0;28;0;Samaha et al. (2019);Experiment 1;Orientation;1;39;;;;;;;16;1
7;26;35.7890625;9.7890625;9;1;52.0;29;1;Samaha et al. (2019);Experiment 1;Orientation;1;40;;;;;;;13;1
7;2;52.0;50.0;9;1;24.0;30;0;Samaha et al. (2019);Experiment 1;Orientation;1;39;;;;;;;17;1
7;85;38.3984375;-46.6015625;9;1;-83.0;31;0;Samaha et al. (2019);Experiment 1;Orientation;1;39;;;;;;;18;1
7;21;42.765625;21.765625;9;1;64.0;32;1;Samaha et al. (2019);Experiment 1;Orientation;1;40;;;;;;;14;1
7;130;149.8046875;19.8046875;9;1;71.0;33;1;Samaha et al. (2019);Experiment 1;Orientation;1;40;;;;;;;15;1
7;133;142.9140625;9.9140625;9;1;-3.0;34;1;Samaha et al. (2019);Experiment 1;Orientation;1;40;;;;;;;16;1
7;163;179.078125;16.078125;9;1;-30.0;35;0;Samaha et al. (2019);Experiment 1;Orientation;1;39;;;;;;;19;1
7;65;14.3046875;-50.6953125;9;1;-82.0;36;1;Samaha et al. (2019);Experiment 1;Orientation;1;40;;;;;;;17;1
7;152;44.4140625;72.4140625;9;1;-87.0;37;1;Samaha et al. (2019);Experiment 1;Orientation;1;40;;;;;;;18;1
7;115;5.671875;70.671875;9;1;37.0;38;1;Samaha et al. (2019);Experiment 1;Orientation;1;40;;;;;;;19;1
7;117;76.765625;-40.234375;9;1;-2.0;39;1;Samaha et al. (2019);Experiment 1;Orientation;1;40;;;;;;;20;1
7;10;2.6640625;-7.3359375;9;1;-73.0;40;1;Samaha et al. (2019);Experiment 1;Orientation;1;40;;;;;;;21;1
7;158;177.390625;19.390625;9;1;32.0;41;0;Samaha et al. (2019);Experiment 1;Orientation;1;39;;;;;;;20;1
7;21;47.015625;26.015625;9;1;-43.0;42;0;Samaha et al. (2019);Experiment 1;Orientation;1;39;;;;;;;21;1
7;146;22.78125;56.78125;9;1;55.0;43;0;Samaha et al. (2019);Experiment 1;Orientation;1;39;;;;;;;22;1
7;134;122.6484375;-11.3515625;9;1;12.0;44;0;Samaha et al. (2019);Experiment 1;Orientation;1;39;;;;;;;23;1
7;149;123.09375;-25.90625;9;1;-15.0;45;0;Samaha et al. (2019);Experiment 1;Orientation;1;39;;;;;;;24;1
7;48;25.5546875;-22.4453125;9;1;-79.0;46;1;Samaha et al. (2019);Experiment 1;Orientation;1;40;;;;;;;22;1
7;170;37.7890625;47.7890625;9;1;58.0;47;1;Samaha et al. (2019);Experiment 1;Orientation;1;40;;;;;;;23;1
7;49;53.984375;4.984375;9;1;-59.0;48;0;Samaha et al. (2019);Experiment 1;Orientation;1;39;;;;;;;25;1
7;66;48.46875;-17.53125;9;1;-17.0;49;1;Samaha et al. (2019);Experiment 1;Orientation;1;40;;;;;;;24;1
7;30;19.8046875;-10.1953125;9;1;36.0;50;0;Samaha et al. (2019);Experiment 1;Orientation;1;39;;;;;;;26;1
7;136;122.453125;-13.546875;9;1;74.0;51;0;Samaha et al. (2019);Experiment 1;Orientation;1;39;;;;;;;27;1
7;77;59.1796875;-17.8203125;9;1;59.0;52;0;Samaha et al. (2019);Experiment 1;Orientation;1;39;;;;;;;28;1
7;113;129.703125;16.703125;9;1;-36.0;53;0;Samaha et al. (2019);Experiment 1;Orientation;1;39;;;;;;;29;1
7;72;25.2421875;-46.7578125;9;1;41.0;54;0;Samaha et al. (2019);Experiment 1;Orientation;1;39;;;;;;;30;1
7;146;132.0390625;-13.9609375;9;1;-74.0;55;1;Samaha et al. (2019);Experiment 1;Orientation;1;40;;;;;;;25;1
7;67;62.8671875;-4.1328125;9;1;79.0;56;1;Samaha et al. (2019);Experiment 1;Orientation;1;40;;;;;;;26;1
7;63;43.7578125;-19.2421875;9;1;4.0;57;1;Samaha et al. (2019);Experiment 1;Orientation;1;40;;;;;;;27;1
7;119;120.84375;1.84375;9;1;-56.0;58;1;Samaha et al. (2019);Experiment 1;Orientation;1;40;;;;;;;28;1
7;166;162.3671875;-3.6328125;9;1;-47.0;59;0;Samaha et al. (2019);Experiment 1;Orientation;1;39;;;;;;;31;1
7;94;138.0546875;44.0546875;9;1;72.0;60;1;Samaha et al. (2019);Experiment 1;Orientation;1;40;;;;;;;29;1
7;94;138.0546875;44.0546875;9;1;0.0;61;0;Samaha et al. (2019);Experiment 1;Orientation;1;39;;;;;;;32;1
7;167;101.2578125;-65.7421875;9;2;-73.0;251;0;Samaha et al. (2019);Experiment 1;Orientation;1;39;;;;;;;1;2
7;149;140.3359375;-8.6640625;9;2;18.0;252;0;Samaha et al. (2019);Experiment 1;Orientation;1;39;;;;;;;2;2
7;66;76.15625;10.15625;9;2;83.0;253;0;Samaha et al. (2019);Experiment 1;Orientation;1;39;;;;;;;3;2
7;109;116.0;7.0;9;2;-43.0;254;1;Samaha et al. (2019);Experiment 1;Orientation;1;40;;;;;;;1;2
7;169;166.1875;-2.8125;9;2;-60.0;255;1;Samaha et al. (2019);Experiment 1;Orientation;1;40;;;;;;;2;2
7;68;12.765625;-55.234375;9;2;-79.0;256;1;Samaha et al. (2019);Experiment 1;Orientation;1;40;;;;;;;3;2
7;56;80.484375;24.484375;9;2;12.0;257;1;Samaha et al. (2019);Experiment 1;Orientation;1;40;;;;;;;4;2
7;101;82.6015625;-18.3984375;9;2;-45.0;258;0;Samaha et al. (2019);Experiment 1;Orientation;1;39;;;;;;;4;2
7;26;28.3984375;2.3984375;9;2;75.0;259;0;Samaha et al. (2019);Experiment 1;Orientation;1;39;;;;;;;5;2
7;93;136.171875;43.171875;9;2;-67.0;260;1;Samaha et al. (2019);Experiment 1;Orientation;1;40;;;;;;;5;2
7;137;121.0625;-15.9375;9;2;-44.0;261;0;Samaha et al. (2019);Experiment 1;Orientation;1;39;;;;;;;6;2
7;162;164.3515625;2.3515625;9;2;-25.0;262;0;Samaha et al. (2019);Experiment 1;Orientation;1;39;;;;;;;7;2
7;176;169.2265625;-6.7734375;9;2;-14.0;263;0;Samaha et al. (2019);Experiment 1;Orientation;1;39;;;;;;;8;2
7;108;15.078125;87.078125;9;2;68.0;264;1;Samaha et al. (2019);Experiment 1;Orientation;1;40;;;;;;;6;2
7;135;74.0546875;-60.9453125;9;2;-27.0;265;1;Samaha et al. (2019);Experiment 1;Orientation;1;40;;;;;;;7;2
7;21;5.921875;-15.078125;9;2;-66.0;266;1;Samaha et al. (2019);Experiment 1;Orientation;1;40;;;;;;;8;2
7;12;15.5078125;3.5078125;9;2;9.0;267;0;Samaha et al. (2019);Experiment 1;Orientation;1;39;;;;;;;9;2
7;165;11.7734375;26.7734375;9;2;27.0;268;1;Samaha et al. (2019);Experiment 1;Orientation;1;40;;;;;;;9;2
7;20;12.0703125;-7.9296875;9;2;-35.0;269;0;Samaha et al. (2019);Experiment 1;Orientation;1;39;;;;;;;10;2
7;133;139.65625;6.65625;9;2;67.0;270;1;Samaha et al. (2019);Experiment 1;Orientation;1;40;;;;;;;10;2
7;31;65.703125;34.703125;9;2;-78.0;271;1;Samaha et al. (2019);Experiment 1;Orientation;1;40;;;;;;;11;2
7;139;130.6328125;-8.3671875;9;2;72.0;272;1;Samaha et al. (2019);Experiment 1;Orientation;1;40;;;;;;;12;2
7;148;141.046875;-6.953125;9;2;-9.0;273;1;Samaha et al. (2019);Experiment 1;Orientation;1;40;;;;;;;13;2
7;5;4.203125;-0.796875;9;2;-37.0;274;0;Samaha et al. (2019);Experiment 1;Orientation;1;39;;;;;;;11;2
7;123;123.90625;0.90625;9;2;62.0;275;1;Samaha et al. (2019);Experiment 1;Orientation;1;40;;;;;;;14;2
7;97;111.8046875;14.8046875;9;2;26.0;276;1;Samaha et al. (2019);Experiment 1;Orientation;1;40;;;;;;;15;2
7;170;173.2578125;3.2578125;9;2;-73.0;277;1;Samaha et al. (2019);Experiment 1;Orientation;1;40;;;;;;;16;2
7;155;151.890625;-3.109375;9;2;15.0;278;0;Samaha et al. (2019);Experiment 1;Orientation;1;39;;;;;;;12;2
7;11;12.0;1.0;9;2;-36.0;279;1;Samaha et al. (2019);Experiment 1;Orientation;1;40;;;;;;;17;2
7;0;170.3203125;-9.6796875;9;2;11.0;280;0;Samaha et al. (2019);Experiment 1;Orientation;1;39;;;;;;;13;2
7;120;127.1640625;7.1640625;9;2;60.0;281;0;Samaha et al. (2019);Experiment 1;Orientation;1;39;;;;;;;14;2
7;179;17.046875;18.046875;9;2;-59.0;282;0;Samaha et al. (2019);Experiment 1;Orientation;1;39;;;;;;;15;2
7;142;132.5;-9.5;9;2;37.0;283;1;Samaha et al. (2019);Experiment 1;Orientation;1;40;;;;;;;18;2
7;133;137.875;4.875;9;2;9.0;284;1;Samaha et al. (2019);Experiment 1;Orientation;1;40;;;;;;;19;2
7;179;8.6953125;9.6953125;9;2;-46.0;285;1;Samaha et al. (2019);Experiment 1;Orientation;1;40;;;;;;;20;2
7;155;146.234375;-8.765625;9;2;24.0;286;1;Samaha et al. (2019);Experiment 1;Orientation;1;40;;;;;;;21;2
7;76;24.21875;-51.78125;9;2;79.0;287;0;Samaha et al. (2019);Experiment 1;Orientation;1;39;;;;;;;16;2
7;85;95.953125;10.953125;9;2;-9.0;288;0;Samaha et al. (2019);Experiment 1;Orientation;1;39;;;;;;;17;2
7;162;80.7109375;-81.2890625;9;2;-77.0;289;1;Samaha et al. (2019);Experiment 1;Orientation;1;40;;;;;;;22;2
7;71;82.828125;11.828125;9;2;-89.0;290;0;Samaha et al. (2019);Experiment 1;Orientation;1;39;;;;;;;18;2
7;93;90.3203125;-2.6796875;9;2;-22.0;291;1;Samaha et al. (2019);Experiment 1;Orientation;1;40;;;;;;;23;2
7;168;30.3984375;42.3984375;9;2;-75.0;292;1;Samaha et al. (2019);Experiment 1;Orientation;1;40;;;;;;;24;2
7;44;63.4453125;19.4453125;9;2;-56.0;293;1;Samaha et al. (2019);Experiment 1;Orientation;1;40;;;;;;;25;2
7;85;102.234375;17.234375;9;2;-41.0;294;0;Samaha et al. (2019);Experiment 1;Orientation;1;39;;;;;;;19;2
7;100;112.9609375;12.9609375;9;2;-15.0;295;1;Samaha et al. (2019);Experiment 1;Orientation;1;40;;;;;;;26;2
7;121;65.2578125;-55.7421875;9;2;-21.0;296;0;Samaha et al. (2019);Experiment 1;Orientation;1;39;;;;;;;20;2
7;0;116.78125;-63.21875;9;2;-59.0;297;1;Samaha et al. (2019);Experiment 1;Orientation;1;40;;;;;;;27;2
7;42;38.6640625;-3.3359375;9;2;-42.0;298;0;Samaha et al. (2019);Experiment 1;Orientation;1;39;;;;;;;21;2
7;100;100.234375;0.234375;9;2;-58.0;299;1;Samaha et al. (2019);Experiment 1;Orientation;1;40;;;;;;;28;2
7;108;120.0;12.0;9;2;-8.0;300;1;Samaha et al. (2019);Experiment 1;Orientation;1;40;;;;;;;29;2
7;3;33.2421875;30.2421875;9;2;-75.0;301;0;Samaha et al. (2019);Experiment 1;Orientation;1;39;;;;;;;22;2
7;163;131.40625;-31.59375;9;2;20.0;302;0;Samaha et al. (2019);Experiment 1;Orientation;1;39;;;;;;;23;2
7;1;162.734375;-18.265625;9;2;-18.0;303;0;Samaha et al. (2019);Experiment 1;Orientation;1;39;;;;;;;24;2
7;163;11.2578125;28.2578125;9;2;18.0;304;0;Samaha et al. (2019);Experiment 1;Orientation;1;39;;;;;;;25;2
7;144;2.546875;38.546875;9;2;19.0;305;0;Samaha et al. (2019);Experiment 1;Orientation;1;39;;;;;;;26;2
7;19;138.3203125;-60.6796875;9;2;-55.0;306;0;Samaha et al. (2019);Experiment 1;Orientation;1;39;;;;;;;27;2
7;7;12.9609375;5.9609375;9;2;12.0;307;0;Samaha et al. (2019);Experiment 1;Orientation;1;39;;;;;;;28;2
7;120;110.734375;-9.265625;9;2;67.0;308;1;Samaha et al. (2019);Experiment 1;Orientation;1;40;;;;;;;30;2
7;138;157.8359375;19.8359375;9;2;-18.0;309;1;Samaha et al. (2019);Experiment 1;Orientation;1;40;;;;;;;31;2
7;176;175.109375;-0.890625;9;2;-38.0;310;1;Samaha et al. (2019);Experiment 1;Orientation;1;40;;;;;;;32;2
7;176;175.109375;-0.890625;9;2;0.0;311;1;Samaha et al. (2019);Experiment 1;Orientation;1;40;;;;;;;33;2
7;1;28.6484375;27.6484375;9;3;-5.0;501;0;Samaha et al. (2019);Experiment 1;Orientation;1;39;;;;;;;1;3
7;138;114.203125;-23.796875;9;3;43.0;502;1;Samaha et al. (2019);Experiment 1;Orientation;1;40;;;;;;;1;3
7;150;45.7265625;75.7265625;9;3;-12.0;503;1;Samaha et al. (2019);Experiment 1;Orientation;1;40;;;;;;;2;3
7;162;135.703125;-26.296875;9;3;-12.0;504;0;Samaha et al. (2019);Experiment 1;Orientation;1;39;;;;;;;2;3
7;42;42.0859375;0.0859375;9;3;-60.0;505;0;Samaha et al. (2019);Experiment 1;Orientation;1;39;;;;;;;3;3
7;1;179.2109375;-1.7890625;9;3;41.0;506;1;Samaha et al. (2019);Experiment 1;Orientation;1;40;;;;;;;3;3
7;38;57.65625;19.65625;9;3;-37.0;507;1;Samaha et al. (2019);Experiment 1;Orientation;1;40;;;;;;;4;3
7;17;16.6015625;-0.3984375;9;3;21.0;508;0;Samaha et al. (2019);Experiment 1;Orientation;1;39;;;;;;;4;3
7;96;108.7109375;12.7109375;9;3;-79.0;509;0;Samaha et al. (2019);Experiment 1;Orientation;1;39;;;;;;;5;3
7;131;156.6328125;25.6328125;9;3;-35.0;510;0;Samaha et al. (2019);Experiment 1;Orientation;1;39;;;;;;;6;3
7;100;92.3203125;-7.6796875;9;3;31.0;511;1;Samaha et al. (2019);Experiment 1;Orientation;1;40;;;;;;;5;3
7;32;55.7890625;23.7890625;9;3;68.0;512;0;Samaha et al. (2019);Experiment 1;Orientation;1;39;;;;;;;7;3
7;88;73.328125;-14.671875;9;3;-56.0;513;0;Samaha et al. (2019);Experiment 1;Orientation;1;39;;;;;;;8;3
7;122;107.5234375;-14.4765625;9;3;-34.0;514;1;Samaha et al. (2019);Experiment 1;Orientation;1;40;;;;;;;6;3
7;31;30.0546875;-0.9453125;9;3;-89.0;515;0;Samaha et al. (2019);Experiment 1;Orientation;1;39;;;;;;;9;3
7;149;34.0703125;65.0703125;9;3;62.0;516;0;Samaha et al. (2019);Experiment 1;Orientation;1;39;;;;;;;10;3
7;171;22.25;31.25;9;3;-22.0;517;0;Samaha et al. (2019);Experiment 1;Orientation;1;39;;;;;;;11;3
7;18;32.5859375;14.5859375;9;3;-27.0;518;0;Samaha et al. (2019);Experiment 1;Orientation;1;39;;;;;;;12;3
7;167;166.0;-1.0;9;3;31.0;519;1;Samaha et al. (2019);Experiment 1;Orientation;1;40;;;;;;;7;3
7;17;17.296875;0.296875;9;3;-30.0;520;0;Samaha et al. (2019);Experiment 1;Orientation;1;39;;;;;;;13;3
7;136;145.4609375;9.4609375;9;3;61.0;521;1;Samaha et al. (2019);Experiment 1;Orientation;1;40;;;;;;;8;3
7;63;45.078125;-17.921875;9;3;73.0;522;0;Samaha et al. (2019);Experiment 1;Orientation;1;39;;;;;;;14;3
7;73;87.65625;14.65625;9;3;-10.0;523;0;Samaha et al. (2019);Experiment 1;Orientation;1;39;;;;;;;15;3
7;137;137.5390625;0.5390625;9;3;-64.0;524;1;Samaha et al. (2019);Experiment 1;Orientation;1;40;;;;;;;9;3
7;5;175.125;-9.875;9;3;-48.0;525;0;Samaha et al. (2019);Experiment 1;Orientation;1;39;;;;;;;16;3
7;107;132.0;25.0;9;3;78.0;526;0;Samaha et al. (2019);Experiment 1;Orientation;1;39;;;;;;;17;3
7;153;143.2421875;-9.7578125;9;3;-46.0;527;1;Samaha et al. (2019);Experiment 1;Orientation;1;40;;;;;;;10;3
7;103;151.609375;48.609375;9;3;50.0;528;0;Samaha et al. (2019);Experiment 1;Orientation;1;39;;;;;;;18;3
7;47;30.0;-17.0;9;3;56.0;529;1;Samaha et al. (2019);Experiment 1;Orientation;1;40;;;;;;;11;3
7;58;42.53125;-15.46875;9;3;-11.0;530;0;Samaha et al. (2019);Experiment 1;Orientation;1;39;;;;;;;19;3
7;31;43.8203125;12.8203125;9;3;27.0;531;1;Samaha et al. (2019);Experiment 1;Orientation;1;40;;;;;;;12;3
7;170;161.875;-8.125;9;3;41.0;532;0;Samaha et al. (2019);Experiment 1;Orientation;1;39;;;;;;;20;3
7;19;35.90625;16.90625;9;3;-29.0;533;0;Samaha et al. (2019);Experiment 1;Orientation;1;39;;;;;;;21;3
7;169;163.59375;-5.40625;9;3;30.0;534;1;Samaha et al. (2019);Experiment 1;Orientation;1;40;;;;;;;13;3
7;30;30.515625;0.515625;9;3;-41.0;535;0;Samaha et al. (2019);Experiment 1;Orientation;1;39;;;;;;;22;3
7;144;122.0859375;-21.9140625;9;3;66.0;536;0;Samaha et al. (2019);Experiment 1;Orientation;1;39;;;;;;;23;3
7;41;46.9765625;5.9765625;9;3;-77.0;537;0;Samaha et al. (2019);Experiment 1;Orientation;1;39;;;;;;;24;3
7;1;31.4921875;30.4921875;9;3;40.0;538;1;Samaha et al. (2019);Experiment 1;Orientation;1;40;;;;;;;14;3
7;106;93.421875;-12.578125;9;3;75.0;539;0;Samaha et al. (2019);Experiment 1;Orientation;1;39;;;;;;;25;3
7;136;131.1953125;-4.8046875;9;3;-30.0;540;0;Samaha et al. (2019);Experiment 1;Orientation;1;39;;;;;;;26;3
7;110;124.0;14.0;9;3;26.0;541;1;Samaha et al. (2019);Experiment 1;Orientation;1;40;;;;;;;15;3
7;178;167.078125;-10.921875;9;3;-68.0;542;1;Samaha et al. (2019);Experiment 1;Orientation;1;40;;;;;;;16;3
7;16;131.2734375;-64.7265625;9;3;-18.0;543;0;Samaha et al. (2019);Experiment 1;Orientation;1;39;;;;;;;27;3
7;69;141.390625;72.390625;9;3;-53.0;544;0;Samaha et al. (2019);Experiment 1;Orientation;1;39;;;;;;;28;3
7;86;80.6640625;-5.3359375;9;3;-17.0;545;1;Samaha et al. (2019);Experiment 1;Orientation;1;40;;;;;;;17;3
7;61;47.2734375;-13.7265625;9;3;25.0;546;1;Samaha et al. (2019);Experiment 1;Orientation;1;40;;;;;;;18;3
7;5;15.2421875;10.2421875;9;3;56.0;547;1;Samaha et al. (2019);Experiment 1;Orientation;1;40;;;;;;;19;3
7;104;113.5234375;9.5234375;9;3;81.0;548;0;Samaha et al. (2019);Experiment 1;Orientation;1;39;;;;;;;29;3
7;148;136.171875;-11.828125;9;3;-44.0;549;1;Samaha et al. (2019);Experiment 1;Orientation;1;40;;;;;;;20;3
7;33;56.0546875;23.0546875;9;3;-65.0;550;1;Samaha et al. (2019);Experiment 1;Orientation;1;40;;;;;;;21;3
7;144;154.15625;10.15625;9;3;69.0;551;0;Samaha et al. (2019);Experiment 1;Orientation;1;39;;;;;;;30;3
7;30;54.3984375;24.3984375;9;3;-66.0;552;1;Samaha et al. (2019);Experiment 1;Orientation;1;40;;;;;;;22;3
7;100;114.84375;14.84375;9;3;-70.0;553;0;Samaha et al. (2019);Experiment 1;Orientation;1;39;;;;;;;31;3
7;114;98.84375;-15.15625;9;3;-14.0;554;0;Samaha et al. (2019);Experiment 1;Orientation;1;39;;;;;;;32;3
7;151;24.3671875;53.3671875;9;3;-37.0;555;1;Samaha et al. (2019);Experiment 1;Orientation;1;40;;;;;;;23;3
7;31;39.8046875;8.8046875;9;3;-60.0;556;1;Samaha et al. (2019);Experiment 1;Orientation;1;40;;;;;;;24;3
7;179;30.234375;31.234375;9;3;32.0;557;0;Samaha et al. (2019);Experiment 1;Orientation;1;39;;;;;;;33;3
7;103;98.5625;-4.4375;9;3;76.0;558;0;Samaha et al. (2019);Experiment 1;Orientation;1;39;;;;;;;34;3
7;145;120.0;-25.0;9;3;-42.0;559;0;Samaha et al. (2019);Experiment 1;Orientation;1;39;;;;;;;35;3
7;112;132.9296875;20.9296875;9;3;33.0;560;0;Samaha et al. (2019);Experiment 1;Orientation;1;39;;;;;;;36;3
7;112;132.9296875;20.9296875;9;3;0.0;561;1;Samaha et al. (2019);Experiment 1;Orientation;1;40;;;;;;;25;3
7;43;47.390625;4.390625;9;4;69.0;751;0;Samaha et al. (2019);Experiment 1;Orientation;1;39;;;;;;;1;4
7;94;108.3203125;14.3203125;9;4;-51.0;752;0;Samaha et al. (2019);Experiment 1;Orientation;1;39;;;;;;;2;4
7;115;141.890625;26.890625;9;4;-21.0;753;0;Samaha et al. (2019);Experiment 1;Orientation;1;39;;;;;;;3;4
7;97;105.078125;8.078125;9;4;18.0;754;1;Samaha et al. (2019);Experiment 1;Orientation;1;40;;;;;;;1;4
7;11;55.65625;44.65625;9;4;86.0;755;0;Samaha et al. (2019);Experiment 1;Orientation;1;39;;;;;;;4;4
7;173;113.9375;-59.0625;9;4;18.0;756;1;Samaha et al. (2019);Experiment 1;Orientation;1;40;;;;;;;2;4
7;118;116.3515625;-1.6484375;9;4;55.0;757;0;Samaha et al. (2019);Experiment 1;Orientation;1;39;;;;;;;5;4
7;11;10.0859375;-0.9140625;9;4;-73.0;758;1;Samaha et al. (2019);Experiment 1;Orientation;1;40;;;;;;;3;4
7;47;33.671875;-13.328125;9;4;-36.0;759;0;Samaha et al. (2019);Experiment 1;Orientation;1;39;;;;;;;6;4
7;15;7.125;-7.875;9;4;32.0;760;0;Samaha et al. (2019);Experiment 1;Orientation;1;39;;;;;;;7;4
7;101;86.0;-15.0;9;4;-86.0;761;0;Samaha et al. (2019);Experiment 1;Orientation;1;39;;;;;;;8;4
7;8;7.4453125;-0.5546875;9;4;-87.0;762;1;Samaha et al. (2019);Experiment 1;Orientation;1;40;;;;;;;4;4
7;71;87.40625;16.40625;9;4;-63.0;763;1;Samaha et al. (2019);Experiment 1;Orientation;1;40;;;;;;;5;4
7;93;89.6875;-3.3125;9;4;-22.0;764;1;Samaha et al. (2019);Experiment 1;Orientation;1;40;;;;;;;6;4
7;50;62.0859375;12.0859375;9;4;43.0;765;1;Samaha et al. (2019);Experiment 1;Orientation;1;40;;;;;;;7;4
7;157;177.65625;20.65625;9;4;73.0;766;0;Samaha et al. (2019);Experiment 1;Orientation;1;39;;;;;;;9;4
7;65;53.375;-11.625;9;4;-88.0;767;1;Samaha et al. (2019);Experiment 1;Orientation;1;40;;;;;;;8;4
7;122;116.0;-6.0;9;4;-57.0;768;0;Samaha et al. (2019);Experiment 1;Orientation;1;39;;;;;;;10;4
7;83;81.8359375;-1.1640625;9;4;39.0;769;1;Samaha et al. (2019);Experiment 1;Orientation;1;40;;;;;;;9;4
7;169;0.234375;11.234375;9;4;-86.0;770;0;Samaha et al. (2019);Experiment 1;Orientation;1;39;;;;;;;11;4
7;153;34.6484375;61.6484375;9;4;16.0;771;0;Samaha et al. (2019);Experiment 1;Orientation;1;39;;;;;;;12;4
7;117;128.9453125;11.9453125;9;4;36.0;772;1;Samaha et al. (2019);Experiment 1;Orientation;1;40;;;;;;;10;4
7;166;170.9453125;4.9453125;9;4;-49.0;773;1;Samaha et al. (2019);Experiment 1;Orientation;1;40;;;;;;;11;4
7;45;31.890625;-13.109375;9;4;-59.0;774;1;Samaha et al. (2019);Experiment 1;Orientation;1;40;;;;;;;12;4
7;65;46.0;-19.0;9;4;-20.0;775;0;Samaha et al. (2019);Experiment 1;Orientation;1;39;;;;;;;13;4
7;86;66.8828125;-19.1171875;9;4;-21.0;776;1;Samaha et al. (2019);Experiment 1;Orientation;1;40;;;;;;;13;4
7;176;2.0390625;6.0390625;9;4;-90.0;777;0;Samaha et al. (2019);Experiment 1;Orientation;1;39;;;;;;;14;4
7;123;173.2421875;50.2421875;9;4;53.0;778;0;Samaha et al. (2019);Experiment 1;Orientation;1;39;;;;;;;15;4
7;13;37.125;24.125;9;4;-70.0;779;0;Samaha et al. (2019);Experiment 1;Orientation;1;39;;;;;;;16;4
7;67;67.2578125;0.2578125;9;4;-54.0;780;1;Samaha et al. (2019);Experiment 1;Orientation;1;40;;;;;;;14;4
7;109;104.78125;-4.21875;9;4;-42.0;781;1;Samaha et al. (2019);Experiment 1;Orientation;1;40;;;;;;;15;4
7;109;118.0234375;9.0234375;9;4;0.0;782;0;Samaha et al. (2019);Experiment 1;Orientation;1;39;;;;;;;17;4
7;123;125.390625;2.390625;9;4;-14.0;783;1;Samaha et al. (2019);Experiment 1;Orientation;1;40;;;;;;;16;4
7;0;166.0;-14.0;9;4;-57.0;784;1;Samaha et al. (2019);Experiment 1;Orientation;1;40;;;;;;;17;4
7;0;156.0;-24.0;9;4;0.0;785;1;Samaha et al. (2019);Experiment 1;Orientation;1;40;;;;;;;18;4
7;167;153.921875;-13.078125;9;4;13.0;786;0;Samaha et al. (2019);Experiment 1;Orientation;1;39;;;;;;;18;4
7;85;71.8046875;-13.1953125;9;4;82.0;787;1;Samaha et al. (2019);Experiment 1;Orientation;1;40;;;;;;;19;4
7;139;65.2265625;-73.7734375;9;4;-54.0;788;1;Samaha et al. (2019);Experiment 1;Orientation;1;40;;;;;;;20;4
7;161;127.890625;-33.109375;9;4;-22.0;789;0;Samaha et al. (2019);Experiment 1;Orientation;1;39;;;;;;;19;4
7;106;139.703125;33.703125;9;4;55.0;790;0;Samaha et al. (2019);Experiment 1;Orientation;1;39;;;;;;;20;4
7;129;123.640625;-5.359375;9;4;-23.0;791;1;Samaha et al. (2019);Experiment 1;Orientation;1;40;;;;;;;21;4
7;101;128.3203125;27.3203125;9;4;28.0;792;1;Samaha et al. (2019);Experiment 1;Orientation;1;40;;;;;;;22;4
7;169;77.2265625;88.2265625;9;4;-68.0;793;1;Samaha et al. (2019);Experiment 1;Orientation;1;40;;;;;;;23;4
7;51;63.609375;12.609375;9;4;-62.0;794;1;Samaha et al. (2019);Experiment 1;Orientation;1;40;;;;;;;24;4
7;6;51.1640625;45.1640625;9;4;45.0;795;1;Samaha et al. (2019);Experiment 1;Orientation;1;40;;;;;;;25;4
7;23;44.3671875;21.3671875;9;4;-17.0;796;0;Samaha et al. (2019);Experiment 1;Orientation;1;39;;;;;;;21;4
7;53;48.6171875;-4.3828125;9;4;-30.0;797;1;Samaha et al. (2019);Experiment 1;Orientation;1;40;;;;;;;26;4
7;27;80.0859375;53.0859375;9;4;26.0;798;1;Samaha et al. (2019);Experiment 1;Orientation;1;40;;;;;;;27;4
7;127;119.359375;-7.640625;9;4;80.0;799;0;Samaha et al. (2019);Experiment 1;Orientation;1;39;;;;;;;22;4
7;149;126.0;-23.0;9;4;-22.0;800;0;Samaha et al. (2019);Experiment 1;Orientation;1;39;;;;;;;23;4
7;169;29.1953125;40.1953125;9;4;-20.0;801;0;Samaha et al. (2019);Experiment 1;Orientation;1;39;;;;;;;24;4
7;55;37.59375;-17.40625;9;4;-66.0;802;1;Samaha et al. (2019);Experiment 1;Orientation;1;40;;;;;;;28;4
7;168;40.5;52.5;9;4;67.0;803;0;Samaha et al. (2019);Experiment 1;Orientation;1;39;;;;;;;25;4
7;134;137.8046875;3.8046875;9;4;34.0;804;1;Samaha et al. (2019);Experiment 1;Orientation;1;40;;;;;;;29;4
7;171;152.1015625;-18.8984375;9;4;-37.0;805;0;Samaha et al. (2019);Experiment 1;Orientation;1;39;;;;;;;26;4
7;131;147.7734375;16.7734375;9;4;40.0;806;0;Samaha et al. (2019);Experiment 1;Orientation;1;39;;;;;;;27;4
7;8;155.2421875;-32.7578125;9;4;-57.0;807;1;Samaha et al. (2019);Experiment 1;Orientation;1;40;;;;;;;30;4
7;168;145.109375;-22.890625;9;4;20.0;808;0;Samaha et al. (2019);Experiment 1;Orientation;1;39;;;;;;;28;4
7;117;131.125;14.125;9;4;51.0;809;1;Samaha et al. (2019);Experiment 1;Orientation;1;40;;;;;;;31;4
7;76;78.6640625;2.6640625;9;4;41.0;810;1;Samaha et al. (2019);Experiment 1;Orientation;1;40;;;;;;;32;4
7;76;78.6640625;2.6640625;9;4;0.0;811;0;Samaha et al. (2019);Experiment 1;Orientation;1;39;;;;;;;29;4
8;110;123.59375;13.59375;9;1;-34.0;1;1;Samaha et al. (2019);Experiment 1;Orientation;1;40;;;;;;;1;1
8;68;48.5859375;-19.4140625;9;1;42.0;2;1;Samaha et al. (2019);Experiment 1;Orientation;1;40;;;;;;;2;1
8;38;47.421875;9.421875;9;1;30.0;3;1;Samaha et al. (2019);Experiment 1;Orientation;1;40;;;;;;;3;1
8;131;141.4453125;10.4453125;9;1;87.0;4;0;Samaha et al. (2019);Experiment 1;Orientation;1;39;;;;;;;1;1
8;159;137.2734375;-21.7265625;9;1;-28.0;5;1;Samaha et al. (2019);Experiment 1;Orientation;1;40;;;;;;;4;1
8;115;133.8359375;18.8359375;9;1;44.0;6;0;Samaha et al. (2019);Experiment 1;Orientation;1;39;;;;;;;2;1
8;62;37.5078125;-24.4921875;9;1;53.0;7;1;Samaha et al. (2019);Experiment 1;Orientation;1;40;;;;;;;5;1
8;120;132.1171875;12.1171875;9;1;-58.0;8;0;Samaha et al. (2019);Experiment 1;Orientation;1;39;;;;;;;3;1
8;108;140.3046875;32.3046875;9;1;12.0;9;0;Samaha et al. (2019);Experiment 1;Orientation;1;39;;;;;;;4;1
8;133;138.6640625;5.6640625;9;1;-25.0;10;0;Samaha et al. (2019);Experiment 1;Orientation;1;39;;;;;;;5;1
8;110;134.0;24.0;9;1;23.0;11;1;Samaha et al. (2019);Experiment 1;Orientation;1;40;;;;;;;6;1
8;2;12.78125;10.78125;9;1;-72.0;12;1;Samaha et al. (2019);Experiment 1;Orientation;1;40;;;;;;;7;1
8;149;162.3828125;13.3828125;9;1;33.0;13;1;Samaha et al. (2019);Experiment 1;Orientation;1;40;;;;;;;8;1
8;125;122.75;-2.25;9;1;24.0;14;1;Samaha et al. (2019);Experiment 1;Orientation;1;40;;;;;;;9;1
8;82;58.21875;-23.78125;9;1;43.0;15;1;Samaha et al. (2019);Experiment 1;Orientation;1;40;;;;;;;10;1
8;111;112.0234375;1.0234375;9;1;-29.0;16;0;Samaha et al. (2019);Experiment 1;Orientation;1;39;;;;;;;6;1
8;135;127.2109375;-7.7890625;9;1;-24.0;17;0;Samaha et al. (2019);Experiment 1;Orientation;1;39;;;;;;;7;1
8;0;160.8671875;-19.1328125;9;1;-45.0;18;1;Samaha et al. (2019);Experiment 1;Orientation;1;40;;;;;;;11;1
8;65;54.3046875;-10.6953125;9;1;-65.0;19;1;Samaha et al. (2019);Experiment 1;Orientation;1;40;;;;;;;12;1
8;120;140.75;20.75;9;1;-55.0;20;1;Samaha et al. (2019);Experiment 1;Orientation;1;40;;;;;;;13;1
8;7;173.921875;-13.078125;9;1;-67.0;21;1;Samaha et al. (2019);Experiment 1;Orientation;1;40;;;;;;;14;1
8;44;42.3046875;-1.6953125;9;1;-37.0;22;0;Samaha et al. (2019);Experiment 1;Orientation;1;39;;;;;;;8;1
8;103;101.4921875;-1.5078125;9;1;-59.0;23;0;Samaha et al. (2019);Experiment 1;Orientation;1;39;;;;;;;9;1
8;143;142.5859375;-0.4140625;9;1;-40.0;24;0;Samaha et al. (2019);Experiment 1;Orientation;1;39;;;;;;;10;1
8;157;157.2421875;0.2421875;9;1;-14.0;25;1;Samaha et al. (2019);Experiment 1;Orientation;1;40;;;;;;;15;1
8;178;9.5546875;11.5546875;9;1;-21.0;26;0;Samaha et al. (2019);Experiment 1;Orientation;1;39;;;;;;;11;1
8;18;16.0703125;-1.9296875;9;1;-20.0;27;0;Samaha et al. (2019);Experiment 1;Orientation;1;39;;;;;;;12;1
8;70;49.8515625;-20.1484375;9;1;-52.0;28;0;Samaha et al. (2019);Experiment 1;Orientation;1;39;;;;;;;13;1
8;120;161.296875;41.296875;9;1;-50.0;29;0;Samaha et al. (2019);Experiment 1;Orientation;1;39;;;;;;;14;1
8;44;38.265625;-5.734375;9;1;76.0;30;0;Samaha et al. (2019);Experiment 1;Orientation;1;39;;;;;;;15;1
8;75;65.5390625;-9.4609375;9;1;-31.0;31;1;Samaha et al. (2019);Experiment 1;Orientation;1;40;;;;;;;16;1
8;77;131.953125;54.953125;9;1;-2.0;32;0;Samaha et al. (2019);Experiment 1;Orientation;1;39;;;;;;;16;1
8;98;108.75;10.75;9;1;-21.0;33;0;Samaha et al. (2019);Experiment 1;Orientation;1;39;;;;;;;17;1
8;104;111.8203125;7.8203125;9;1;-6.0;34;0;Samaha et al. (2019);Experiment 1;Orientation;1;39;;;;;;;18;1
8;153;173.015625;20.015625;9;1;-49.0;35;1;Samaha et al. (2019);Experiment 1;Orientation;1;40;;;;;;;17;1
8;24;17.7265625;-6.2734375;9;1;-51.0;36;1;Samaha et al. (2019);Experiment 1;Orientation;1;40;;;;;;;18;1
8;89;95.7421875;6.7421875;9;1;-65.0;37;0;Samaha et al. (2019);Experiment 1;Orientation;1;39;;;;;;;19;1
8;170;156.203125;-13.796875;9;1;-81.0;38;1;Samaha et al. (2019);Experiment 1;Orientation;1;40;;;;;;;19;1
8;50;51.59375;1.59375;9;1;-60.0;39;0;Samaha et al. (2019);Experiment 1;Orientation;1;39;;;;;;;20;1
8;161;151.2421875;-9.7578125;9;1;69.0;40;1;Samaha et al. (2019);Experiment 1;Orientation;1;40;;;;;;;20;1
8;68;62.6015625;-5.3984375;9;1;-87.0;41;1;Samaha et al. (2019);Experiment 1;Orientation;1;40;;;;;;;21;1
8;135;144.8125;9.8125;9;1;-67.0;42;0;Samaha et al. (2019);Experiment 1;Orientation;1;39;;;;;;;21;1
8;143;127.2734375;-15.7265625;9;1;-8.0;43;0;Samaha et al. (2019);Experiment 1;Orientation;1;39;;;;;;;22;1
8;166;5.7890625;19.7890625;9;1;-23.0;44;0;Samaha et al. (2019);Experiment 1;Orientation;1;39;;;;;;;23;1
8;124;133.671875;9.671875;9;1;42.0;45;0;Samaha et al. (2019);Experiment 1;Orientation;1;39;;;;;;;24;1
8;90;66.3984375;-23.6015625;9;1;34.0;46;1;Samaha et al. (2019);Experiment 1;Orientation;1;40;;;;;;;22;1
8;113;142.7109375;29.7109375;9;1;-23.0;47;1;Samaha et al. (2019);Experiment 1;Orientation;1;40;;;;;;;23;1
8;88;72.0859375;-15.9140625;9;1;25.0;48;0;Samaha et al. (2019);Experiment 1;Orientation;1;39;;;;;;;25;1
8;130;10.0;60.0;9;1;-42.0;49;0;Samaha et al. (2019);Experiment 1;Orientation;1;39;;;;;;;26;1
8;101;110.0;9.0;9;1;29.0;50;1;Samaha et al. (2019);Experiment 1;Orientation;1;40;;;;;;;24;1
8;29;51.640625;22.640625;9;1;72.0;51;1;Samaha et al. (2019);Experiment 1;Orientation;1;40;;;;;;;25;1
8;5;16.8828125;11.8828125;9;1;24.0;52;1;Samaha et al. (2019);Experiment 1;Orientation;1;40;;;;;;;26;1
8;143;131.296875;-11.703125;9;1;42.0;53;0;Samaha et al. (2019);Experiment 1;Orientation;1;39;;;;;;;27;1
8;42;19.9375;-22.0625;9;1;-79.0;54;1;Samaha et al. (2019);Experiment 1;Orientation;1;40;;;;;;;27;1
8;129;141.8046875;12.8046875;9;1;-87.0;55;1;Samaha et al. (2019);Experiment 1;Orientation;1;40;;;;;;;28;1
8;161;141.2421875;-19.7578125;9;1;-32.0;56;1;Samaha et al. (2019);Experiment 1;Orientation;1;40;;;;;;;29;1
8;1;22.78125;21.78125;9;1;-20.0;57;0;Samaha et al. (2019);Experiment 1;Orientation;1;39;;;;;;;28;1
8;77;59.046875;-17.953125;9;1;-76.0;58;1;Samaha et al. (2019);Experiment 1;Orientation;1;40;;;;;;;30;1
8;131;143.7890625;12.7890625;9;1;-54.0;59;0;Samaha et al. (2019);Experiment 1;Orientation;1;39;;;;;;;29;1
8;147;135.5390625;-11.4609375;9;1;-16.0;60;0;Samaha et al. (2019);Experiment 1;Orientation;1;39;;;;;;;30;1
8;147;135.5390625;-11.4609375;9;1;0.0;61;0;Samaha et al. (2019);Experiment 1;Orientation;1;39;;;;;;;31;1
8;85;56.3359375;-28.6640625;9;2;62.0;251;1;Samaha et al. (2019);Experiment 1;Orientation;1;40;;;;;;;1;2
8;128;128.84375;0.84375;9;2;-43.0;252;0;Samaha et al. (2019);Experiment 1;Orientation;1;39;;;;;;;1;2
8;167;150.25;-16.75;9;2;-39.0;253;0;Samaha et al. (2019);Experiment 1;Orientation;1;39;;;;;;;2;2
8;62;55.0625;-6.9375;9;2;-75.0;254;1;Samaha et al. (2019);Experiment 1;Orientation;1;40;;;;;;;2;2
8;149;150.265625;1.265625;9;2;-87.0;255;0;Samaha et al. (2019);Experiment 1;Orientation;1;39;;;;;;;3;2
8;72;40.1328125;-31.8671875;9;2;77.0;256;0;Samaha et al. (2019);Experiment 1;Orientation;1;39;;;;;;;4;2
8;171;164.15625;-6.84375;9;2;81.0;257;1;Samaha et al. (2019);Experiment 1;Orientation;1;40;;;;;;;3;2
8;117;127.609375;10.609375;9;2;54.0;258;0;Samaha et al. (2019);Experiment 1;Orientation;1;39;;;;;;;5;2
8;95;82.0234375;-12.9765625;9;2;22.0;259;1;Samaha et al. (2019);Experiment 1;Orientation;1;40;;;;;;;4;2
8;76;75.078125;-0.921875;9;2;19.0;260;1;Samaha et al. (2019);Experiment 1;Orientation;1;40;;;;;;;5;2
8;148;143.34375;-4.65625;9;2;-72.0;261;1;Samaha et al. (2019);Experiment 1;Orientation;1;40;;;;;;;6;2
8;108;135.5703125;27.5703125;9;2;40.0;262;1;Samaha et al. (2019);Experiment 1;Orientation;1;40;;;;;;;7;2
8;106;121.5546875;15.5546875;9;2;2.0;263;0;Samaha et al. (2019);Experiment 1;Orientation;1;39;;;;;;;6;2
8;158;178.9453125;20.9453125;9;2;-52.0;264;1;Samaha et al. (2019);Experiment 1;Orientation;1;40;;;;;;;8;2
8;172;32.6484375;40.6484375;9;2;-14.0;265;1;Samaha et al. (2019);Experiment 1;Orientation;1;40;;;;;;;9;2
8;110;123.8359375;13.8359375;9;2;62.0;266;0;Samaha et al. (2019);Experiment 1;Orientation;1;39;;;;;;;7;2
8;85;81.90625;-3.09375;9;2;25.0;267;0;Samaha et al. (2019);Experiment 1;Orientation;1;39;;;;;;;8;2
8;46;71.875;25.875;9;2;39.0;268;1;Samaha et al. (2019);Experiment 1;Orientation;1;40;;;;;;;10;2
8;116;63.34375;-52.65625;9;2;-70.0;269;0;Samaha et al. (2019);Experiment 1;Orientation;1;39;;;;;;;9;2
8;126;29.4921875;83.4921875;9;2;-10.0;270;1;Samaha et al. (2019);Experiment 1;Orientation;1;40;;;;;;;11;2
8;78;95.875;17.875;9;2;48.0;271;0;Samaha et al. (2019);Experiment 1;Orientation;1;39;;;;;;;10;2
8;145;151.4609375;6.4609375;9;2;-67.0;272;0;Samaha et al. (2019);Experiment 1;Orientation;1;39;;;;;;;11;2
8;42;26.734375;-15.265625;9;2;-77.0;273;1;Samaha et al. (2019);Experiment 1;Orientation;1;40;;;;;;;12;2
8;113;127.609375;14.609375;9;2;-71.0;274;1;Samaha et al. (2019);Experiment 1;Orientation;1;40;;;;;;;13;2
8;154;147.890625;-6.109375;9;2;-41.0;275;1;Samaha et al. (2019);Experiment 1;Orientation;1;40;;;;;;;14;2
8;69;35.984375;-33.015625;9;2;85.0;276;1;Samaha et al. (2019);Experiment 1;Orientation;1;40;;;;;;;15;2
8;151;138.75;-12.25;9;2;-82.0;277;0;Samaha et al. (2019);Experiment 1;Orientation;1;39;;;;;;;12;2
8;129;136.234375;7.234375;9;2;22.0;278;1;Samaha et al. (2019);Experiment 1;Orientation;1;40;;;;;;;16;2
8;109;36.9765625;-72.0234375;9;2;20.0;279;0;Samaha et al. (2019);Experiment 1;Orientation;1;39;;;;;;;13;2
8;156;145.125;-10.875;9;2;-47.0;280;1;Samaha et al. (2019);Experiment 1;Orientation;1;40;;;;;;;17;2
8;67;48.546875;-18.453125;9;2;89.0;281;0;Samaha et al. (2019);Experiment 1;Orientation;1;39;;;;;;;14;2
8;154;176.0546875;22.0546875;9;2;-87.0;282;0;Samaha et al. (2019);Experiment 1;Orientation;1;39;;;;;;;15;2
8;120;46.9296875;-73.0703125;9;2;34.0;283;1;Samaha et al. (2019);Experiment 1;Orientation;1;40;;;;;;;18;2
8;166;167.09375;1.09375;9;2;-46.0;284;1;Samaha et al. (2019);Experiment 1;Orientation;1;40;;;;;;;19;2
8;96;97.609375;1.609375;9;2;70.0;285;0;Samaha et al. (2019);Experiment 1;Orientation;1;39;;;;;;;16;2
8;1;5.96875;4.96875;9;2;-85.0;286;0;Samaha et al. (2019);Experiment 1;Orientation;1;39;;;;;;;17;2
8;117;128.25;11.25;9;2;64.0;287;0;Samaha et al. (2019);Experiment 1;Orientation;1;39;;;;;;;18;2
8;94;85.8203125;-8.1796875;9;2;23.0;288;1;Samaha et al. (2019);Experiment 1;Orientation;1;40;;;;;;;20;2
8;97;93.125;-3.875;9;2;-3.0;289;0;Samaha et al. (2019);Experiment 1;Orientation;1;39;;;;;;;19;2
8;137;128.21875;-8.78125;9;2;-40.0;290;0;Samaha et al. (2019);Experiment 1;Orientation;1;39;;;;;;;20;2
8;97;52.25;-44.75;9;2;40.0;291;1;Samaha et al. (2019);Experiment 1;Orientation;1;40;;;;;;;21;2
8;168;134.6640625;-33.3359375;9;2;-71.0;292;0;Samaha et al. (2019);Experiment 1;Orientation;1;39;;;;;;;21;2
8;57;49.046875;-7.953125;9;2;-69.0;293;1;Samaha et al. (2019);Experiment 1;Orientation;1;40;;;;;;;22;2
8;1;161.5546875;-19.4453125;9;2;56.0;294;0;Samaha et al. (2019);Experiment 1;Orientation;1;39;;;;;;;22;2
8;59;41.671875;-17.328125;9;2;-58.0;295;0;Samaha et al. (2019);Experiment 1;Orientation;1;39;;;;;;;23;2
8;37;38.4140625;1.4140625;9;2;22.0;296;1;Samaha et al. (2019);Experiment 1;Orientation;1;40;;;;;;;23;2
8;163;157.921875;-5.078125;9;2;54.0;297;1;Samaha et al. (2019);Experiment 1;Orientation;1;40;;;;;;;24;2
8;176;123.921875;-52.078125;9;2;-13.0;298;0;Samaha et al. (2019);Experiment 1;Orientation;1;39;;;;;;;24;2
8;2;165.5390625;-16.4609375;9;2;-6.0;299;0;Samaha et al. (2019);Experiment 1;Orientation;1;39;;;;;;;25;2
8;162;165.296875;3.296875;9;2;20.0;300;1;Samaha et al. (2019);Experiment 1;Orientation;1;40;;;;;;;25;2
8;47;33.703125;-13.296875;9;2;-65.0;301;0;Samaha et al. (2019);Experiment 1;Orientation;1;39;;;;;;;26;2
8;109;136.3359375;27.3359375;9;2;-62.0;302;1;Samaha et al. (2019);Experiment 1;Orientation;1;40;;;;;;;26;2
8;65;37.953125;-27.046875;9;2;44.0;303;1;Samaha et al. (2019);Experiment 1;Orientation;1;40;;;;;;;27;2
8;165;162.484375;-2.515625;9;2;80.0;304;1;Samaha et al. (2019);Experiment 1;Orientation;1;40;;;;;;;28;2
8;90;81.9375;-8.0625;9;2;75.0;305;0;Samaha et al. (2019);Experiment 1;Orientation;1;39;;;;;;;27;2
8;36;31.046875;-4.953125;9;2;54.0;306;1;Samaha et al. (2019);Experiment 1;Orientation;1;40;;;;;;;29;2
8;94;120.9453125;26.9453125;9;2;-58.0;307;1;Samaha et al. (2019);Experiment 1;Orientation;1;40;;;;;;;30;2
8;94;46.859375;-47.140625;9;2;0.0;308;0;Samaha et al. (2019);Experiment 1;Orientation;1;39;;;;;;;28;2
8;34;52.9765625;18.9765625;9;2;60.0;309;0;Samaha et al. (2019);Experiment 1;Orientation;1;39;;;;;;;29;2
8;1;178.46875;-2.53125;9;2;33.0;310;1;Samaha et al. (2019);Experiment 1;Orientation;1;40;;;;;;;31;2
8;1;178.46875;-2.53125;9;2;0.0;311;0;Samaha et al. (2019);Experiment 1;Orientation;1;39;;;;;;;30;2
8;58;44.4140625;-13.5859375;9;3;-57.0;501;1;Samaha et al. (2019);Experiment 1;Orientation;1;40;;;;;;;1;3
8;39;41.1640625;2.1640625;9;3;19.0;502;0;Samaha et al. (2019);Experiment 1;Orientation;1;39;;;;;;;1;3
8;55;47.2734375;-7.7265625;9;3;-16.0;503;0;Samaha et al. (2019);Experiment 1;Orientation;1;39;;;;;;;2;3
8;133;136.546875;3.546875;9;3;-78.0;504;0;Samaha et al. (2019);Experiment 1;Orientation;1;39;;;;;;;3;3
8;3;179.2421875;-3.7578125;9;3;-50.0;505;1;Samaha et al. (2019);Experiment 1;Orientation;1;40;;;;;;;2;3
8;58;47.09375;-10.90625;9;3;-55.0;506;0;Samaha et al. (2019);Experiment 1;Orientation;1;39;;;;;;;4;3
8;124;127.6875;3.6875;9;3;-66.0;507;0;Samaha et al. (2019);Experiment 1;Orientation;1;39;;;;;;;5;3
8;166;158.3359375;-7.6640625;9;3;-42.0;508;0;Samaha et al. (2019);Experiment 1;Orientation;1;39;;;;;;;6;3
8;166;169.671875;3.671875;9;3;0.0;509;1;Samaha et al. (2019);Experiment 1;Orientation;1;40;;;;;;;3;3
8;169;159.4765625;-9.5234375;9;3;-3.0;510;1;Samaha et al. (2019);Experiment 1;Orientation;1;40;;;;;;;4;3
8;167;155.4609375;-11.5390625;9;3;2.0;511;1;Samaha et al. (2019);Experiment 1;Orientation;1;40;;;;;;;5;3
8;77;60.9765625;-16.0234375;9;3;90.0;512;0;Samaha et al. (2019);Experiment 1;Orientation;1;39;;;;;;;7;3
8;147;137.375;-9.625;9;3;-70.0;513;0;Samaha et al. (2019);Experiment 1;Orientation;1;39;;;;;;;8;3
8;42;29.5234375;-12.4765625;9;3;-75.0;514;0;Samaha et al. (2019);Experiment 1;Orientation;1;39;;;;;;;9;3
8;127;133.7890625;6.7890625;9;3;-85.0;515;0;Samaha et al. (2019);Experiment 1;Orientation;1;39;;;;;;;10;3
8;38;37.1796875;-0.8203125;9;3;89.0;516;0;Samaha et al. (2019);Experiment 1;Orientation;1;39;;;;;;;11;3
8;63;48.0234375;-14.9765625;9;3;-25.0;517;0;Samaha et al. (2019);Experiment 1;Orientation;1;39;;;;;;;12;3
8;92;53.5546875;-38.4453125;9;3;-29.0;518;0;Samaha et al. (2019);Experiment 1;Orientation;1;39;;;;;;;13;3
8;67;56.171875;-10.828125;9;3;25.0;519;1;Samaha et al. (2019);Experiment 1;Orientation;1;40;;;;;;;6;3
8;58;80.828125;22.828125;9;3;9.0;520;1;Samaha et al. (2019);Experiment 1;Orientation;1;40;;;;;;;7;3
8;132;122.9140625;-9.0859375;9;3;-74.0;521;0;Samaha et al. (2019);Experiment 1;Orientation;1;39;;;;;;;14;3
8;106;114.6640625;8.6640625;9;3;26.0;522;0;Samaha et al. (2019);Experiment 1;Orientation;1;39;;;;;;;15;3
8;145;116.4375;-28.5625;9;3;-39.0;523;0;Samaha et al. (2019);Experiment 1;Orientation;1;39;;;;;;;16;3
8;23;36.9140625;13.9140625;9;3;-58.0;524;1;Samaha et al. (2019);Experiment 1;Orientation;1;40;;;;;;;8;3
8;25;16.46875;-8.53125;9;3;-2.0;525;0;Samaha et al. (2019);Experiment 1;Orientation;1;39;;;;;;;17;3
8;91;100.75;9.75;9;3;-66.0;526;0;Samaha et al. (2019);Experiment 1;Orientation;1;39;;;;;;;18;3
8;50;56.6640625;6.6640625;9;3;41.0;527;1;Samaha et al. (2019);Experiment 1;Orientation;1;40;;;;;;;9;3
8;72;74.484375;2.484375;9;3;-22.0;528;0;Samaha et al. (2019);Experiment 1;Orientation;1;39;;;;;;;19;3
8;66;68.9140625;2.9140625;9;3;6.0;529;1;Samaha et al. (2019);Experiment 1;Orientation;1;40;;;;;;;10;3
8;53;54.9609375;1.9609375;9;3;13.0;530;1;Samaha et al. (2019);Experiment 1;Orientation;1;40;;;;;;;11;3
8;68;63.1953125;-4.8046875;9;3;-15.0;531;0;Samaha et al. (2019);Experiment 1;Orientation;1;39;;;;;;;20;3
8;72;52.0546875;-19.9453125;9;3;-4.0;532;1;Samaha et al. (2019);Experiment 1;Orientation;1;40;;;;;;;12;3
8;51;60.0;9.0;9;3;21.0;533;0;Samaha et al. (2019);Experiment 1;Orientation;1;39;;;;;;;21;3
8;120;145.5078125;25.5078125;9;3;-69.0;534;1;Samaha et al. (2019);Experiment 1;Orientation;1;40;;;;;;;13;3
8;104;140.0;36.0;9;3;16.0;535;1;Samaha et al. (2019);Experiment 1;Orientation;1;40;;;;;;;14;3
8;170;166.265625;-3.734375;9;3;-66.0;536;1;Samaha et al. (2019);Experiment 1;Orientation;1;40;;;;;;;15;3
8;122;147.671875;25.671875;9;3;48.0;537;1;Samaha et al. (2019);Experiment 1;Orientation;1;40;;;;;;;16;3
8;146;154.484375;8.484375;9;3;-24.0;538;1;Samaha et al. (2019);Experiment 1;Orientation;1;40;;;;;;;17;3
8;106;128.765625;22.765625;9;3;40.0;539;0;Samaha et al. (2019);Experiment 1;Orientation;1;39;;;;;;;22;3
8;129;123.8203125;-5.1796875;9;3;-23.0;540;1;Samaha et al. (2019);Experiment 1;Orientation;1;40;;;;;;;18;3
8;115;134.4140625;19.4140625;9;3;14.0;541;1;Samaha et al. (2019);Experiment 1;Orientation;1;40;;;;;;;19;3
8;32;151.046875;-60.953125;9;3;83.0;542;1;Samaha et al. (2019);Experiment 1;Orientation;1;40;;;;;;;20;3
8;128;152.0;24.0;9;3;84.0;543;1;Samaha et al. (2019);Experiment 1;Orientation;1;40;;;;;;;21;3
8;162;137.8203125;-24.1796875;9;3;-34.0;544;1;Samaha et al. (2019);Experiment 1;Orientation;1;40;;;;;;;22;3
8;43;14.6640625;-28.3359375;9;3;-61.0;545;1;Samaha et al. (2019);Experiment 1;Orientation;1;40;;;;;;;23;3
8;21;42.0234375;21.0234375;9;3;22.0;546;1;Samaha et al. (2019);Experiment 1;Orientation;1;40;;;;;;;24;3
8;129;129.4609375;0.4609375;9;3;72.0;547;0;Samaha et al. (2019);Experiment 1;Orientation;1;39;;;;;;;23;3
8;118;140.6171875;22.6171875;9;3;11.0;548;0;Samaha et al. (2019);Experiment 1;Orientation;1;39;;;;;;;24;3
8;26;51.953125;25.953125;9;3;-88.0;549;0;Samaha et al. (2019);Experiment 1;Orientation;1;39;;;;;;;25;3
8;50;48.28125;-1.71875;9;3;-24.0;550;0;Samaha et al. (2019);Experiment 1;Orientation;1;39;;;;;;;26;3
8;74;43.9375;-30.0625;9;3;-24.0;551;0;Samaha et al. (2019);Experiment 1;Orientation;1;39;;;;;;;27;3
8;133;126.3046875;-6.6953125;9;3;-59.0;552;0;Samaha et al. (2019);Experiment 1;Orientation;1;39;;;;;;;28;3
8;52;32.546875;-19.453125;9;3;81.0;553;1;Samaha et al. (2019);Experiment 1;Orientation;1;40;;;;;;;25;3
8;101;133.984375;32.984375;9;3;-49.0;554;1;Samaha et al. (2019);Experiment 1;Orientation;1;40;;;;;;;26;3
8;4;159.7265625;-24.2734375;9;3;-83.0;555;1;Samaha et al. (2019);Experiment 1;Orientation;1;40;;;;;;;27;3
8;84;48.265625;-35.734375;9;3;-80.0;556;0;Samaha et al. (2019);Experiment 1;Orientation;1;39;;;;;;;29;3
8;19;178.6171875;-20.3828125;9;3;65.0;557;0;Samaha et al. (2019);Experiment 1;Orientation;1;39;;;;;;;30;3
8;16;19.5546875;3.5546875;9;3;3.0;558;0;Samaha et al. (2019);Experiment 1;Orientation;1;39;;;;;;;31;3
8;138;142.0;4.0;9;3;58.0;559;0;Samaha et al. (2019);Experiment 1;Orientation;1;39;;;;;;;32;3
8;108;117.2265625;9.2265625;9;3;30.0;560;0;Samaha et al. (2019);Experiment 1;Orientation;1;39;;;;;;;33;3
8;108;117.2265625;9.2265625;9;3;0.0;561;0;Samaha et al. (2019);Experiment 1;Orientation;1;39;;;;;;;34;3
8;20;19.7578125;-0.2421875;9;4;88.0;751;0;Samaha et al. (2019);Experiment 1;Orientation;1;39;;;;;;;1;4
8;54;52.0;-2.0;9;4;-34.0;752;1;Samaha et al. (2019);Experiment 1;Orientation;1;40;;;;;;;1;4
8;94;99.4921875;5.4921875;9;4;-40.0;753;0;Samaha et al. (2019);Experiment 1;Orientation;1;39;;;;;;;2;4
8;122;105.8203125;-16.1796875;9;4;-28.0;754;0;Samaha et al. (2019);Experiment 1;Orientation;1;39;;;;;;;3;4
8;34;38.3046875;4.3046875;9;4;88.0;755;1;Samaha et al. (2019);Experiment 1;Orientation;1;40;;;;;;;2;4
8;179;38.0;39.0;9;4;35.0;756;1;Samaha et al. (2019);Experiment 1;Orientation;1;40;;;;;;;3;4
8;146;138.9296875;-7.0703125;9;4;33.0;757;0;Samaha et al. (2019);Experiment 1;Orientation;1;39;;;;;;;4;4
8;178;3.5234375;5.5234375;9;4;-32.0;758;0;Samaha et al. (2019);Experiment 1;Orientation;1;39;;;;;;;5;4
8;50;54.453125;4.453125;9;4;-52.0;759;1;Samaha et al. (2019);Experiment 1;Orientation;1;40;;;;;;;4;4
8;20;57.109375;37.109375;9;4;30.0;760;1;Samaha et al. (2019);Experiment 1;Orientation;1;40;;;;;;;5;4
8;105;132.0234375;27.0234375;9;4;-85.0;761;1;Samaha et al. (2019);Experiment 1;Orientation;1;40;;;;;;;6;4
8;138;140.0;2.0;9;4;-33.0;762;0;Samaha et al. (2019);Experiment 1;Orientation;1;39;;;;;;;6;4
8;35;36.828125;1.828125;9;4;-77.0;763;1;Samaha et al. (2019);Experiment 1;Orientation;1;40;;;;;;;7;4
8;175;10.1328125;15.1328125;9;4;40.0;764;0;Samaha et al. (2019);Experiment 1;Orientation;1;39;;;;;;;7;4
8;96;104.9609375;8.9609375;9;4;79.0;765;1;Samaha et al. (2019);Experiment 1;Orientation;1;40;;;;;;;8;4
8;116;129.09375;13.09375;9;4;-20.0;766;1;Samaha et al. (2019);Experiment 1;Orientation;1;40;;;;;;;9;4
8;79;44.6171875;-34.3828125;9;4;37.0;767;1;Samaha et al. (2019);Experiment 1;Orientation;1;40;;;;;;;10;4
8;20;63.296875;43.296875;9;4;59.0;768;0;Samaha et al. (2019);Experiment 1;Orientation;1;39;;;;;;;8;4
8;59;70.0;11.0;9;4;-39.0;769;0;Samaha et al. (2019);Experiment 1;Orientation;1;39;;;;;;;9;4
8;111;135.140625;24.140625;9;4;-52.0;770;1;Samaha et al. (2019);Experiment 1;Orientation;1;40;;;;;;;11;4
8;61;129.2421875;68.2421875;9;4;50.0;771;0;Samaha et al. (2019);Experiment 1;Orientation;1;39;;;;;;;10;4
8;5;161.59375;-23.40625;9;4;56.0;772;0;Samaha et al. (2019);Experiment 1;Orientation;1;39;;;;;;;11;4
8;6;158.796875;-27.203125;9;4;-1.0;773;0;Samaha et al. (2019);Experiment 1;Orientation;1;39;;;;;;;12;4
8;157;165.390625;8.390625;9;4;29.0;774;1;Samaha et al. (2019);Experiment 1;Orientation;1;40;;;;;;;12;4
8;49;53.984375;4.984375;9;4;-72.0;775;1;Samaha et al. (2019);Experiment 1;Orientation;1;40;;;;;;;13;4
8;15;57.4609375;42.4609375;9;4;34.0;776;0;Samaha et al. (2019);Experiment 1;Orientation;1;39;;;;;;;13;4
8;13;38.9921875;25.9921875;9;4;2.0;777;1;Samaha et al. (2019);Experiment 1;Orientation;1;40;;;;;;;14;4
8;68;60.484375;-7.515625;9;4;-55.0;778;0;Samaha et al. (2019);Experiment 1;Orientation;1;39;;;;;;;14;4
8;127;137.2109375;10.2109375;9;4;-59.0;779;1;Samaha et al. (2019);Experiment 1;Orientation;1;40;;;;;;;15;4
8;26;177.2421875;-28.7578125;9;4;-79.0;780;0;Samaha et al. (2019);Experiment 1;Orientation;1;39;;;;;;;15;4
8;117;118.0859375;1.0859375;9;4;89.0;781;1;Samaha et al. (2019);Experiment 1;Orientation;1;40;;;;;;;16;4
8;164;170.546875;6.546875;9;4;-47.0;782;1;Samaha et al. (2019);Experiment 1;Orientation;1;40;;;;;;;17;4
8;62;176.9765625;-65.0234375;9;4;-78.0;783;0;Samaha et al. (2019);Experiment 1;Orientation;1;39;;;;;;;16;4
8;138;146.6484375;8.6484375;9;4;-76.0;784;1;Samaha et al. (2019);Experiment 1;Orientation;1;40;;;;;;;18;4
8;102;123.390625;21.390625;9;4;36.0;785;0;Samaha et al. (2019);Experiment 1;Orientation;1;39;;;;;;;17;4
8;126;113.2734375;-12.7265625;9;4;-24.0;786;0;Samaha et al. (2019);Experiment 1;Orientation;1;39;;;;;;;18;4
8;88;117.3125;29.3125;9;4;38.0;787;0;Samaha et al. (2019);Experiment 1;Orientation;1;39;;;;;;;19;4
8;112;128.0234375;16.0234375;9;4;-24.0;788;1;Samaha et al. (2019);Experiment 1;Orientation;1;40;;;;;;;19;4
8;15;22.0;7.0;9;4;-83.0;789;1;Samaha et al. (2019);Experiment 1;Orientation;1;40;;;;;;;20;4
8;49;43.1640625;-5.8359375;9;4;-34.0;790;0;Samaha et al. (2019);Experiment 1;Orientation;1;39;;;;;;;20;4
8;108;132.6640625;24.6640625;9;4;-59.0;791;1;Samaha et al. (2019);Experiment 1;Orientation;1;40;;;;;;;21;4
8;179;161.2265625;-17.7734375;9;4;-71.0;792;1;Samaha et al. (2019);Experiment 1;Orientation;1;40;;;;;;;22;4
8;27;28.84375;1.84375;9;4;-28.0;793;1;Samaha et al. (2019);Experiment 1;Orientation;1;40;;;;;;;23;4
8;9;19.1796875;10.1796875;9;4;18.0;794;1;Samaha et al. (2019);Experiment 1;Orientation;1;40;;;;;;;24;4
8;178;128.8671875;-49.1328125;9;4;11.0;795;0;Samaha et al. (2019);Experiment 1;Orientation;1;39;;;;;;;21;4
8;101;131.125;30.125;9;4;77.0;796;1;Samaha et al. (2019);Experiment 1;Orientation;1;40;;;;;;;25;4
8;175;137.1640625;-37.8359375;9;4;-74.0;797;0;Samaha et al. (2019);Experiment 1;Orientation;1;39;;;;;;;22;4
8;9;25.7421875;16.7421875;9;4;-14.0;798;1;Samaha et al. (2019);Experiment 1;Orientation;1;40;;;;;;;26;4
8;66;46.0859375;-19.9140625;9;4;-57.0;799;0;Samaha et al. (2019);Experiment 1;Orientation;1;39;;;;;;;23;4
8;144;162.0;18.0;9;4;-78.0;800;0;Samaha et al. (2019);Experiment 1;Orientation;1;39;;;;;;;24;4
8;67;116.0859375;49.0859375;9;4;77.0;801;1;Samaha et al. (2019);Experiment 1;Orientation;1;40;;;;;;;27;4
8;168;175.8203125;7.8203125;9;4;79.0;802;0;Samaha et al. (2019);Experiment 1;Orientation;1;39;;;;;;;25;4
8;148;55.7578125;87.7578125;9;4;20.0;803;0;Samaha et al. (2019);Experiment 1;Orientation;1;39;;;;;;;26;4
8;105;142.6484375;37.6484375;9;4;43.0;804;1;Samaha et al. (2019);Experiment 1;Orientation;1;40;;;;;;;28;4
8;139;152.5;13.5;9;4;-34.0;805;0;Samaha et al. (2019);Experiment 1;Orientation;1;39;;;;;;;27;4
8;47;26.8125;-20.1875;9;4;-88.0;806;1;Samaha et al. (2019);Experiment 1;Orientation;1;40;;;;;;;29;4
8;27;8.9453125;-18.0546875;9;4;20.0;807;0;Samaha et al. (2019);Experiment 1;Orientation;1;39;;;;;;;28;4
8;152;139.5234375;-12.4765625;9;4;55.0;808;0;Samaha et al. (2019);Experiment 1;Orientation;1;39;;;;;;;29;4
8;90;64.234375;-25.765625;9;4;62.0;809;1;Samaha et al. (2019);Experiment 1;Orientation;1;40;;;;;;;30;4
8;72;68.75;-3.25;9;4;18.0;810;1;Samaha et al. (2019);Experiment 1;Orientation;1;40;;;;;;;31;4
8;72;68.75;-3.25;9;4;0.0;811;1;Samaha et al. (2019);Experiment 1;Orientation;1;40;;;;;;;32;4
8;98;121.890625;23.890625;9;5;-26.0;1001;1;Samaha et al. (2019);Experiment 1;Orientation;1;40;;;;;;;1;5
8;127;147.109375;20.109375;9;5;-29.0;1002;1;Samaha et al. (2019);Experiment 1;Orientation;1;40;;;;;;;2;5
8;9;61.4609375;52.4609375;9;5;-62.0;1003;0;Samaha et al. (2019);Experiment 1;Orientation;1;39;;;;;;;1;5
8;125;120.203125;-4.796875;9;5;64.0;1004;0;Samaha et al. (2019);Experiment 1;Orientation;1;39;;;;;;;2;5
8;154;132.734375;-21.265625;9;5;-29.0;1005;1;Samaha et al. (2019);Experiment 1;Orientation;1;40;;;;;;;3;5
8;64;34.1875;-29.8125;9;5;90.0;1006;1;Samaha et al. (2019);Experiment 1;Orientation;1;40;;;;;;;4;5
8;65;38.25;-26.75;9;5;-1.0;1007;0;Samaha et al. (2019);Experiment 1;Orientation;1;39;;;;;;;3;5
8;107;117.40625;10.40625;9;5;-42.0;1008;1;Samaha et al. (2019);Experiment 1;Orientation;1;40;;;;;;;5;5
8;62;56.6484375;-5.3515625;9;5;45.0;1009;1;Samaha et al. (2019);Experiment 1;Orientation;1;40;;;;;;;6;5
8;153;62.3046875;89.3046875;9;5;89.0;1010;0;Samaha et al. (2019);Experiment 1;Orientation;1;39;;;;;;;4;5
8;47;34.9765625;-12.0234375;9;5;-74.0;1011;1;Samaha et al. (2019);Experiment 1;Orientation;1;40;;;;;;;7;5
8;84;106.9765625;22.9765625;9;5;-37.0;1012;0;Samaha et al. (2019);Experiment 1;Orientation;1;39;;;;;;;5;5
8;13;29.96875;16.96875;9;5;71.0;1013;0;Samaha et al. (2019);Experiment 1;Orientation;1;39;;;;;;;6;5
9;122;136.3046875;14.3046875;9;1;71.0;1;0;Samaha et al. (2019);Experiment 1;Orientation;1;39;;;;;;;1;1
9;44;55.5703125;11.5703125;9;1;78.0;2;1;Samaha et al. (2019);Experiment 1;Orientation;1;40;;;;;;;1;1
9;169;163.59375;-5.40625;9;1;55.0;3;1;Samaha et al. (2019);Experiment 1;Orientation;1;40;;;;;;;2;1
9;136;132.7109375;-3.2890625;9;1;33.0;4;0;Samaha et al. (2019);Experiment 1;Orientation;1;39;;;;;;;2;1
9;116;130.46875;14.46875;9;1;20.0;5;0;Samaha et al. (2019);Experiment 1;Orientation;1;39;;;;;;;3;1
9;175;10.203125;15.203125;9;1;-59.0;6;0;Samaha et al. (2019);Experiment 1;Orientation;1;39;;;;;;;4;1
9;4;175.078125;-8.921875;9;1;-9.0;7;0;Samaha et al. (2019);Experiment 1;Orientation;1;39;;;;;;;5;1
9;4;154.53125;-29.46875;9;1;0.0;8;1;Samaha et al. (2019);Experiment 1;Orientation;1;40;;;;;;;3;1
9;58;57.5703125;-0.4296875;9;1;-54.0;9;1;Samaha et al. (2019);Experiment 1;Orientation;1;40;;;;;;;4;1
9;39;59.2421875;20.2421875;9;1;19.0;10;1;Samaha et al. (2019);Experiment 1;Orientation;1;40;;;;;;;5;1
9;49;55.890625;6.890625;9;1;-10.0;11;1;Samaha et al. (2019);Experiment 1;Orientation;1;40;;;;;;;6;1
9;94;81.4765625;-12.5234375;9;1;-45.0;12;0;Samaha et al. (2019);Experiment 1;Orientation;1;39;;;;;;;6;1
9;170;158.828125;-11.171875;9;1;-76.0;13;0;Samaha et al. (2019);Experiment 1;Orientation;1;39;;;;;;;7;1
9;75;78.6640625;3.6640625;9;1;-85.0;14;1;Samaha et al. (2019);Experiment 1;Orientation;1;40;;;;;;;7;1
9;130;142.0;12.0;9;1;-55.0;15;1;Samaha et al. (2019);Experiment 1;Orientation;1;40;;;;;;;8;1
9;139;139.5546875;0.5546875;9;1;-9.0;16;0;Samaha et al. (2019);Experiment 1;Orientation;1;39;;;;;;;8;1
9;10;0.5625;-9.4375;9;1;-51.0;17;0;Samaha et al. (2019);Experiment 1;Orientation;1;39;;;;;;;9;1
9;126;120.6171875;-5.3828125;9;1;64.0;18;0;Samaha et al. (2019);Experiment 1;Orientation;1;39;;;;;;;10;1
9;91;103.7421875;12.7421875;9;1;35.0;19;1;Samaha et al. (2019);Experiment 1;Orientation;1;40;;;;;;;9;1
9;33;64.1015625;31.1015625;9;1;58.0;20;0;Samaha et al. (2019);Experiment 1;Orientation;1;39;;;;;;;11;1
9;161;30.3046875;49.3046875;9;1;52.0;21;1;Samaha et al. (2019);Experiment 1;Orientation;1;40;;;;;;;10;1
9;73;102.25;29.25;9;1;88.0;22;1;Samaha et al. (2019);Experiment 1;Orientation;1;40;;;;;;;11;1
9;89;59.5546875;-29.4453125;9;1;-16.0;23;1;Samaha et al. (2019);Experiment 1;Orientation;1;40;;;;;;;12;1
9;54;61.5546875;7.5546875;9;1;35.0;24;1;Samaha et al. (2019);Experiment 1;Orientation;1;40;;;;;;;13;1
9;32;51.8515625;19.8515625;9;1;22.0;25;1;Samaha et al. (2019);Experiment 1;Orientation;1;40;;;;;;;14;1
9;73;52.25;-20.75;9;1;-41.0;26;0;Samaha et al. (2019);Experiment 1;Orientation;1;39;;;;;;;12;1
9;105;155.2421875;50.2421875;9;1;-32.0;27;1;Samaha et al. (2019);Experiment 1;Orientation;1;40;;;;;;;15;1
9;38;39.2578125;1.2578125;9;1;67.0;28;1;Samaha et al. (2019);Experiment 1;Orientation;1;40;;;;;;;16;1
9;58;71.5234375;13.5234375;9;1;-20.0;29;1;Samaha et al. (2019);Experiment 1;Orientation;1;40;;;;;;;17;1
9;171;151.96875;-19.03125;9;1;67.0;30;0;Samaha et al. (2019);Experiment 1;Orientation;1;39;;;;;;;13;1
9;178;3.671875;5.671875;9;1;-7.0;31;1;Samaha et al. (2019);Experiment 1;Orientation;1;40;;;;;;;18;1
9;52;9.2265625;-42.7734375;9;1;-54.0;32;0;Samaha et al. (2019);Experiment 1;Orientation;1;39;;;;;;;14;1
9;23;10.8984375;-12.1015625;9;1;29.0;33;0;Samaha et al. (2019);Experiment 1;Orientation;1;39;;;;;;;15;1
9;108;58.8125;-49.1875;9;1;-85.0;34;1;Samaha et al. (2019);Experiment 1;Orientation;1;40;;;;;;;19;1
9;117;105.4765625;-11.5234375;9;1;-9.0;35;1;Samaha et al. (2019);Experiment 1;Orientation;1;40;;;;;;;20;1
9;150;126.3046875;-23.6953125;9;1;-33.0;36;1;Samaha et al. (2019);Experiment 1;Orientation;1;40;;;;;;;21;1
9;72;88.828125;16.828125;9;1;78.0;37;1;Samaha et al. (2019);Experiment 1;Orientation;1;40;;;;;;;22;1
9;3;8.46875;5.46875;9;1;69.0;38;1;Samaha et al. (2019);Experiment 1;Orientation;1;40;;;;;;;23;1
9;75;70.484375;-4.515625;9;1;-72.0;39;1;Samaha et al. (2019);Experiment 1;Orientation;1;40;;;;;;;24;1
9;173;73.7421875;80.7421875;9;1;82.0;40;1;Samaha et al. (2019);Experiment 1;Orientation;1;40;;;;;;;25;1
9;19;23.984375;4.984375;9;1;-26.0;41;0;Samaha et al. (2019);Experiment 1;Orientation;1;39;;;;;;;16;1
9;9;37.890625;28.890625;9;1;10.0;42;0;Samaha et al. (2019);Experiment 1;Orientation;1;39;;;;;;;17;1
9;155;126.0;-29.0;9;1;34.0;43;1;Samaha et al. (2019);Experiment 1;Orientation;1;40;;;;;;;26;1
9;167;68.8828125;81.8828125;9;1;-12.0;44;0;Samaha et al. (2019);Experiment 1;Orientation;1;39;;;;;;;18;1
9;158;162.3828125;4.3828125;9;1;9.0;45;1;Samaha et al. (2019);Experiment 1;Orientation;1;40;;;;;;;27;1
9;36;38.515625;2.515625;9;1;-58.0;46;1;Samaha et al. (2019);Experiment 1;Orientation;1;40;;;;;;;28;1
9;137;150.0078125;13.0078125;9;1;79.0;47;0;Samaha et al. (2019);Experiment 1;Orientation;1;39;;;;;;;19;1
9;100;106.546875;6.546875;9;1;37.0;48;1;Samaha et al. (2019);Experiment 1;Orientation;1;40;;;;;;;29;1
9;17;9.8203125;-7.1796875;9;1;83.0;49;0;Samaha et al. (2019);Experiment 1;Orientation;1;39;;;;;;;20;1
9;82;61.984375;-20.015625;9;1;-65.0;50;1;Samaha et al. (2019);Experiment 1;Orientation;1;40;;;;;;;30;1
9;8;156.8125;-31.1875;9;1;74.0;51;0;Samaha et al. (2019);Experiment 1;Orientation;1;39;;;;;;;21;1
9;54;66.6015625;12.6015625;9;1;-46.0;52;1;Samaha et al. (2019);Experiment 1;Orientation;1;40;;;;;;;31;1
9;157;154.1015625;-2.8984375;9;1;77.0;53;0;Samaha et al. (2019);Experiment 1;Orientation;1;39;;;;;;;22;1
9;140;123.2421875;-16.7578125;9;1;17.0;54;0;Samaha et al. (2019);Experiment 1;Orientation;1;39;;;;;;;23;1
9;150;151.7421875;1.7421875;9;1;-10.0;55;1;Samaha et al. (2019);Experiment 1;Orientation;1;40;;;;;;;32;1
9;162;151.609375;-10.390625;9;1;-12.0;56;1;Samaha et al. (2019);Experiment 1;Orientation;1;40;;;;;;;33;1
9;118;125.9375;7.9375;9;1;44.0;57;0;Samaha et al. (2019);Experiment 1;Orientation;1;39;;;;;;;24;1
9;42;63.1796875;21.1796875;9;1;76.0;58;0;Samaha et al. (2019);Experiment 1;Orientation;1;39;;;;;;;25;1
9;96;87.0625;-8.9375;9;1;-54.0;59;1;Samaha et al. (2019);Experiment 1;Orientation;1;40;;;;;;;34;1
9;95;78.171875;-16.828125;9;1;1.0;60;0;Samaha et al. (2019);Experiment 1;Orientation;1;39;;;;;;;26;1
9;95;78.171875;-16.828125;9;1;0.0;61;1;Samaha et al. (2019);Experiment 1;Orientation;1;40;;;;;;;35;1
9;86;79.7890625;-6.2109375;9;2;9.0;251;1;Samaha et al. (2019);Experiment 1;Orientation;1;40;;;;;;;1;2
9;91;105.4453125;14.4453125;9;2;-5.0;252;0;Samaha et al. (2019);Experiment 1;Orientation;1;39;;;;;;;1;2
9;91;84.1875;-6.8125;9;2;0.0;253;1;Samaha et al. (2019);Experiment 1;Orientation;1;40;;;;;;;2;2
9;57;70.7109375;13.7109375;9;2;34.0;254;0;Samaha et al. (2019);Experiment 1;Orientation;1;39;;;;;;;2;2
9;120;119.703125;-0.296875;9;2;-63.0;255;0;Samaha et al. (2019);Experiment 1;Orientation;1;39;;;;;;;3;2
9;59;52.6640625;-6.3359375;9;2;61.0;256;0;Samaha et al. (2019);Experiment 1;Orientation;1;39;;;;;;;4;2
9;44;42.0;-2.0;9;2;15.0;257;0;Samaha et al. (2019);Experiment 1;Orientation;1;39;;;;;;;5;2
9;141;129.5390625;-11.4609375;9;2;83.0;258;0;Samaha et al. (2019);Experiment 1;Orientation;1;39;;;;;;;6;2
9;127;114.28125;-12.71875;9;2;14.0;259;1;Samaha et al. (2019);Experiment 1;Orientation;1;40;;;;;;;3;2
9;19;22.53125;3.53125;9;2;-72.0;260;0;Samaha et al. (2019);Experiment 1;Orientation;1;39;;;;;;;7;2
9;102;14.0;-88.0;9;2;-83.0;261;1;Samaha et al. (2019);Experiment 1;Orientation;1;40;;;;;;;4;2
9;9;20.78125;11.78125;9;2;-87.0;262;0;Samaha et al. (2019);Experiment 1;Orientation;1;39;;;;;;;8;2
9;160;150.0;-10.0;9;2;29.0;263;0;Samaha et al. (2019);Experiment 1;Orientation;1;39;;;;;;;9;2
9;76;63.625;-12.375;9;2;84.0;264;1;Samaha et al. (2019);Experiment 1;Orientation;1;40;;;;;;;5;2
9;26;48.0234375;22.0234375;9;2;50.0;265;1;Samaha et al. (2019);Experiment 1;Orientation;1;40;;;;;;;6;2
9;76;50.25;-25.75;9;2;-50.0;266;1;Samaha et al. (2019);Experiment 1;Orientation;1;40;;;;;;;7;2
9;97;105.5390625;8.5390625;9;2;-21.0;267;0;Samaha et al. (2019);Experiment 1;Orientation;1;39;;;;;;;10;2
9;60;69.328125;9.328125;9;2;37.0;268;0;Samaha et al. (2019);Experiment 1;Orientation;1;39;;;;;;;11;2
9;121;113.8046875;-7.1953125;9;2;-61.0;269;1;Samaha et al. (2019);Experiment 1;Orientation;1;40;;;;;;;8;2
9;147;53.921875;86.921875;9;2;-26.0;270;0;Samaha et al. (2019);Experiment 1;Orientation;1;39;;;;;;;12;2
9;150;141.7265625;-8.2734375;9;2;-3.0;271;1;Samaha et al. (2019);Experiment 1;Orientation;1;40;;;;;;;9;2
9;113;122.0;9.0;9;2;37.0;272;1;Samaha et al. (2019);Experiment 1;Orientation;1;40;;;;;;;10;2
9;1;128.6015625;-52.3984375;9;2;-68.0;273;1;Samaha et al. (2019);Experiment 1;Orientation;1;40;;;;;;;11;2
9;129;124.0;-5.0;9;2;52.0;274;1;Samaha et al. (2019);Experiment 1;Orientation;1;40;;;;;;;12;2
9;167;161.4765625;-5.5234375;9;2;-38.0;275;0;Samaha et al. (2019);Experiment 1;Orientation;1;39;;;;;;;13;2
9;115;115.4921875;0.4921875;9;2;52.0;276;1;Samaha et al. (2019);Experiment 1;Orientation;1;40;;;;;;;13;2
9;67;61.1640625;-5.8359375;9;2;48.0;277;1;Samaha et al. (2019);Experiment 1;Orientation;1;40;;;;;;;14;2
9;64;66.78125;2.78125;9;2;3.0;278;1;Samaha et al. (2019);Experiment 1;Orientation;1;40;;;;;;;15;2
9;143;126.4140625;-16.5859375;9;2;-79.0;279;1;Samaha et al. (2019);Experiment 1;Orientation;1;40;;;;;;;16;2
9;89;69.3125;-19.6875;9;2;54.0;280;1;Samaha et al. (2019);Experiment 1;Orientation;1;40;;;;;;;17;2
9;169;151.1953125;-17.8046875;9;2;-80.0;281;1;Samaha et al. (2019);Experiment 1;Orientation;1;40;;;;;;;18;2
9;5;41.8359375;36.8359375;9;2;-16.0;282;0;Samaha et al. (2019);Experiment 1;Orientation;1;39;;;;;;;14;2
9;179;158.6171875;-20.3828125;9;2;6.0;283;0;Samaha et al. (2019);Experiment 1;Orientation;1;39;;;;;;;15;2
9;159;145.5390625;-13.4609375;9;2;20.0;284;1;Samaha et al. (2019);Experiment 1;Orientation;1;40;;;;;;;19;2
9;53;57.9375;4.9375;9;2;-74.0;285;1;Samaha et al. (2019);Experiment 1;Orientation;1;40;;;;;;;20;2
9;82;78.0;-4.0;9;2;-29.0;286;0;Samaha et al. (2019);Experiment 1;Orientation;1;39;;;;;;;16;2
9;73;61.609375;-11.390625;9;2;9.0;287;0;Samaha et al. (2019);Experiment 1;Orientation;1;39;;;;;;;17;2
9;164;135.7578125;-28.2421875;9;2;89.0;288;0;Samaha et al. (2019);Experiment 1;Orientation;1;39;;;;;;;18;2
9;77;72.6484375;-4.3515625;9;2;87.0;289;0;Samaha et al. (2019);Experiment 1;Orientation;1;39;;;;;;;19;2
9;9;123.1953125;-65.8046875;9;2;68.0;290;1;Samaha et al. (2019);Experiment 1;Orientation;1;40;;;;;;;21;2
9;59;57.4921875;-1.5078125;9;2;-50.0;291;0;Samaha et al. (2019);Experiment 1;Orientation;1;39;;;;;;;20;2
9;49;28.6015625;-20.3984375;9;2;10.0;292;1;Samaha et al. (2019);Experiment 1;Orientation;1;40;;;;;;;22;2
9;174;169.5234375;-4.4765625;9;2;55.0;293;1;Samaha et al. (2019);Experiment 1;Orientation;1;40;;;;;;;23;2
9;22;9.40625;-12.59375;9;2;-28.0;294;0;Samaha et al. (2019);Experiment 1;Orientation;1;39;;;;;;;21;2
9;51;27.3125;-23.6875;9;2;-29.0;295;1;Samaha et al. (2019);Experiment 1;Orientation;1;40;;;;;;;24;2
9;26;21.59375;-4.40625;9;2;25.0;296;1;Samaha et al. (2019);Experiment 1;Orientation;1;40;;;;;;;25;2
9;26;46.0;20.0;9;2;0.0;297;1;Samaha et al. (2019);Experiment 1;Orientation;1;40;;;;;;;26;2
9;115;119.953125;4.953125;9;2;-89.0;298;0;Samaha et al. (2019);Experiment 1;Orientation;1;39;;;;;;;22;2
9;107;146.46875;39.46875;9;2;8.0;299;1;Samaha et al. (2019);Experiment 1;Orientation;1;40;;;;;;;27;2
9;61;62.9296875;1.9296875;9;2;46.0;300;1;Samaha et al. (2019);Experiment 1;Orientation;1;40;;;;;;;28;2
9;8;16.8125;8.8125;9;2;53.0;301;1;Samaha et al. (2019);Experiment 1;Orientation;1;40;;;;;;;29;2
9;113;126.0;13.0;9;2;75.0;302;1;Samaha et al. (2019);Experiment 1;Orientation;1;40;;;;;;;30;2
9;34;30.0;-4.0;9;2;79.0;303;1;Samaha et al. (2019);Experiment 1;Orientation;1;40;;;;;;;31;2
9;174;7.2421875;13.2421875;9;2;40.0;304;0;Samaha et al. (2019);Experiment 1;Orientation;1;39;;;;;;;23;2
9;65;22.4375;-42.5625;9;2;-71.0;305;0;Samaha et al. (2019);Experiment 1;Orientation;1;39;;;;;;;24;2
9;12;116.0;-76.0;9;2;53.0;306;1;Samaha et al. (2019);Experiment 1;Orientation;1;40;;;;;;;32;2
9;134;128.0;-6.0;9;2;58.0;307;0;Samaha et al. (2019);Experiment 1;Orientation;1;39;;;;;;;25;2
9;124;26.0;82.0;9;2;10.0;308;0;Samaha et al. (2019);Experiment 1;Orientation;1;39;;;;;;;26;2
9;169;45.4609375;56.4609375;9;2;-45.0;309;1;Samaha et al. (2019);Experiment 1;Orientation;1;40;;;;;;;33;2
9;157;111.1796875;-45.8203125;9;2;12.0;310;1;Samaha et al. (2019);Experiment 1;Orientation;1;40;;;;;;;34;2
9;157;111.1796875;-45.8203125;9;2;0.0;311;1;Samaha et al. (2019);Experiment 1;Orientation;1;40;;;;;;;35;2
9;111;64.15625;-46.84375;9;3;46.0;501;1;Samaha et al. (2019);Experiment 1;Orientation;1;40;;;;;;;1;3
9;114;121.65625;7.65625;9;3;-3.0;502;1;Samaha et al. (2019);Experiment 1;Orientation;1;40;;;;;;;2;3
9;94;120.1875;26.1875;9;3;20.0;503;1;Samaha et al. (2019);Experiment 1;Orientation;1;40;;;;;;;3;3
9;2;8.9921875;6.9921875;9;3;-88.0;504;1;Samaha et al. (2019);Experiment 1;Orientation;1;40;;;;;;;4;3
9;11;157.5390625;-33.4609375;9;3;-9.0;505;1;Samaha et al. (2019);Experiment 1;Orientation;1;40;;;;;;;5;3
9;79;64.0;-15.0;9;3;-68.0;506;0;Samaha et al. (2019);Experiment 1;Orientation;1;39;;;;;;;1;3
9;107;108.1015625;1.1015625;9;3;-28.0;507;0;Samaha et al. (2019);Experiment 1;Orientation;1;39;;;;;;;2;3
9;5;29.2421875;24.2421875;9;3;-78.0;508;0;Samaha et al. (2019);Experiment 1;Orientation;1;39;;;;;;;3;3
9;48;53.7421875;5.7421875;9;3;-43.0;509;1;Samaha et al. (2019);Experiment 1;Orientation;1;40;;;;;;;6;3
9;51;55.4765625;4.4765625;9;3;-3.0;510;0;Samaha et al. (2019);Experiment 1;Orientation;1;39;;;;;;;4;3
9;120;132.0;12.0;9;3;-69.0;511;1;Samaha et al. (2019);Experiment 1;Orientation;1;40;;;;;;;7;3
9;160;154.0;-6.0;9;3;-40.0;512;0;Samaha et al. (2019);Experiment 1;Orientation;1;39;;;;;;;5;3
9;8;167.5703125;-20.4296875;9;3;-28.0;513;1;Samaha et al. (2019);Experiment 1;Orientation;1;40;;;;;;;8;3
9;166;152.25;-13.75;9;3;22.0;514;0;Samaha et al. (2019);Experiment 1;Orientation;1;39;;;;;;;6;3
9;53;31.3125;-21.6875;9;3;-67.0;515;1;Samaha et al. (2019);Experiment 1;Orientation;1;40;;;;;;;9;3
9;39;52.1171875;13.1171875;9;3;14.0;516;1;Samaha et al. (2019);Experiment 1;Orientation;1;40;;;;;;;10;3
9;68;67.7578125;-0.2421875;9;3;-29.0;517;0;Samaha et al. (2019);Experiment 1;Orientation;1;39;;;;;;;7;3
9;18;18.9296875;0.9296875;9;3;50.0;518;1;Samaha et al. (2019);Experiment 1;Orientation;1;40;;;;;;;11;3
9;162;165.125;3.125;9;3;36.0;519;1;Samaha et al. (2019);Experiment 1;Orientation;1;40;;;;;;;12;3
9;101;111.9375;10.9375;9;3;61.0;520;0;Samaha et al. (2019);Experiment 1;Orientation;1;39;;;;;;;8;3
9;8;24.1171875;16.1171875;9;3;-87.0;521;0;Samaha et al. (2019);Experiment 1;Orientation;1;39;;;;;;;9;3
9;11;14.0;3.0;9;3;-3.0;522;0;Samaha et al. (2019);Experiment 1;Orientation;1;39;;;;;;;10;3
9;34;22.0;-12.0;9;3;-23.0;523;1;Samaha et al. (2019);Experiment 1;Orientation;1;40;;;;;;;13;3
9;113;109.984375;-3.015625;9;3;-79.0;524;1;Samaha et al. (2019);Experiment 1;Orientation;1;40;;;;;;;14;3
9;14;45.640625;31.640625;9;3;-81.0;525;1;Samaha et al. (2019);Experiment 1;Orientation;1;40;;;;;;;15;3
9;77;64.515625;-12.484375;9;3;-63.0;526;1;Samaha et al. (2019);Experiment 1;Orientation;1;40;;;;;;;16;3
9;23;34.6328125;11.6328125;9;3;54.0;527;1;Samaha et al. (2019);Experiment 1;Orientation;1;40;;;;;;;17;3
9;21;32.3984375;11.3984375;9;3;2.0;528;0;Samaha et al. (2019);Experiment 1;Orientation;1;39;;;;;;;11;3
9;67;64.4296875;-2.5703125;9;3;-46.0;529;0;Samaha et al. (2019);Experiment 1;Orientation;1;39;;;;;;;12;3
9;31;29.90625;-1.09375;9;3;36.0;530;1;Samaha et al. (2019);Experiment 1;Orientation;1;40;;;;;;;18;3
9;92;85.5546875;-6.4453125;9;3;-61.0;531;1;Samaha et al. (2019);Experiment 1;Orientation;1;40;;;;;;;19;3
9;44;92.8671875;48.8671875;9;3;48.0;532;1;Samaha et al. (2019);Experiment 1;Orientation;1;40;;;;;;;20;3
9;173;146.0;-27.0;9;3;51.0;533;0;Samaha et al. (2019);Experiment 1;Orientation;1;39;;;;;;;13;3
9;97;114.6328125;17.6328125;9;3;76.0;534;1;Samaha et al. (2019);Experiment 1;Orientation;1;40;;;;;;;21;3
9;149;138.9296875;-10.0703125;9;3;-52.0;535;0;Samaha et al. (2019);Experiment 1;Orientation;1;39;;;;;;;14;3
9;114;127.703125;13.703125;9;3;35.0;536;1;Samaha et al. (2019);Experiment 1;Orientation;1;40;;;;;;;22;3
9;151;120.8828125;-30.1171875;9;3;-37.0;537;1;Samaha et al. (2019);Experiment 1;Orientation;1;40;;;;;;;23;3
9;51;40.0234375;-10.9765625;9;3;-80.0;538;1;Samaha et al. (2019);Experiment 1;Orientation;1;40;;;;;;;24;3
9;87;94.0;7.0;9;3;-36.0;539;0;Samaha et al. (2019);Experiment 1;Orientation;1;39;;;;;;;15;3
9;131;129.5703125;-1.4296875;9;3;-44.0;540;0;Samaha et al. (2019);Experiment 1;Orientation;1;39;;;;;;;16;3
9;117;80.3828125;-36.6171875;9;3;14.0;541;0;Samaha et al. (2019);Experiment 1;Orientation;1;39;;;;;;;17;3
9;165;167.8359375;2.8359375;9;3;-48.0;542;1;Samaha et al. (2019);Experiment 1;Orientation;1;40;;;;;;;25;3
9;45;68.8828125;23.8828125;9;3;-60.0;543;0;Samaha et al. (2019);Experiment 1;Orientation;1;39;;;;;;;18;3
9;140;157.5703125;17.5703125;9;3;85.0;544;0;Samaha et al. (2019);Experiment 1;Orientation;1;39;;;;;;;19;3
9;17;56.53125;39.53125;9;3;-57.0;545;1;Samaha et al. (2019);Experiment 1;Orientation;1;40;;;;;;;26;3
9;128;136.6171875;8.6171875;9;3;69.0;546;1;Samaha et al. (2019);Experiment 1;Orientation;1;40;;;;;;;27;3
9;8;48.0;40.0;9;3;-60.0;547;1;Samaha et al. (2019);Experiment 1;Orientation;1;40;;;;;;;28;3
9;9;82.6640625;73.6640625;9;3;-1.0;548;0;Samaha et al. (2019);Experiment 1;Orientation;1;39;;;;;;;20;3
9;67;74.28125;7.28125;9;3;-58.0;549;0;Samaha et al. (2019);Experiment 1;Orientation;1;39;;;;;;;21;3
9;104;114.796875;10.796875;9;3;-37.0;550;1;Samaha et al. (2019);Experiment 1;Orientation;1;40;;;;;;;29;3
9;81;83.7421875;2.7421875;9;3;23.0;551;0;Samaha et al. (2019);Experiment 1;Orientation;1;39;;;;;;;22;3
9;77;79.140625;2.140625;9;3;4.0;552;1;Samaha et al. (2019);Experiment 1;Orientation;1;40;;;;;;;30;3
9;114;110.6484375;-3.3515625;9;3;-37.0;553;1;Samaha et al. (2019);Experiment 1;Orientation;1;40;;;;;;;31;3
9;172;168.46875;-3.53125;9;3;-58.0;554;1;Samaha et al. (2019);Experiment 1;Orientation;1;40;;;;;;;32;3
9;102;99.2734375;-2.7265625;9;3;70.0;555;1;Samaha et al. (2019);Experiment 1;Orientation;1;40;;;;;;;33;3
9;13;170.0;-23.0;9;3;89.0;556;1;Samaha et al. (2019);Experiment 1;Orientation;1;40;;;;;;;34;3
9;64;48.265625;-15.734375;9;3;-51.0;557;0;Samaha et al. (2019);Experiment 1;Orientation;1;39;;;;;;;23;3
9;41;64.21875;23.21875;9;3;23.0;558;0;Samaha et al. (2019);Experiment 1;Orientation;1;39;;;;;;;24;3
9;169;162.8671875;-6.1328125;9;3;52.0;559;0;Samaha et al. (2019);Experiment 1;Orientation;1;39;;;;;;;25;3
9;163;68.0;85.0;9;3;6.0;560;0;Samaha et al. (2019);Experiment 1;Orientation;1;39;;;;;;;26;3
9;163;68.0;85.0;9;3;0.0;561;0;Samaha et al. (2019);Experiment 1;Orientation;1;39;;;;;;;27;3
9;146;22.171875;56.171875;9;4;17.0;751;0;Samaha et al. (2019);Experiment 1;Orientation;1;39;;;;;;;1;4
9;40;51.703125;11.703125;9;4;-74.0;752;1;Samaha et al. (2019);Experiment 1;Orientation;1;40;;;;;;;1;4
9;73;55.703125;-17.296875;9;4;-33.0;753;1;Samaha et al. (2019);Experiment 1;Orientation;1;40;;;;;;;2;4
9;7;30.0;23.0;9;4;66.0;754;1;Samaha et al. (2019);Experiment 1;Orientation;1;40;;;;;;;3;4
9;53;52.25;-0.75;9;4;-46.0;755;0;Samaha et al. (2019);Experiment 1;Orientation;1;39;;;;;;;2;4
9;16;12.515625;-3.484375;9;4;37.0;756;0;Samaha et al. (2019);Experiment 1;Orientation;1;39;;;;;;;3;4
9;144;159.875;15.875;9;4;52.0;757;1;Samaha et al. (2019);Experiment 1;Orientation;1;40;;;;;;;4;4
9;97;140.0703125;43.0703125;9;4;47.0;758;0;Samaha et al. (2019);Experiment 1;Orientation;1;39;;;;;;;4;4
9;91;27.078125;-63.921875;9;4;6.0;759;0;Samaha et al. (2019);Experiment 1;Orientation;1;39;;;;;;;5;4
9;39;70.9140625;31.9140625;9;4;52.0;760;0;Samaha et al. (2019);Experiment 1;Orientation;1;39;;;;;;;6;4
9;108;114.0;6.0;9;4;-69.0;761;1;Samaha et al. (2019);Experiment 1;Orientation;1;40;;;;;;;5;4
9;137;34.1171875;77.1171875;9;4;-29.0;762;0;Samaha et al. (2019);Experiment 1;Orientation;1;39;;;;;;;7;4
9;164;165.7578125;1.7578125;9;4;-27.0;763;1;Samaha et al. (2019);Experiment 1;Orientation;1;40;;;;;;;6;4
9;174;79.8359375;85.8359375;9;4;-10.0;764;1;Samaha et al. (2019);Experiment 1;Orientation;1;40;;;;;;;7;4
9;151;142.9296875;-8.0703125;9;4;23.0;765;0;Samaha et al. (2019);Experiment 1;Orientation;1;39;;;;;;;8;4
9;9;100.0;-89.0;9;4;-38.0;766;0;Samaha et al. (2019);Experiment 1;Orientation;1;39;;;;;;;9;4
9;14;13.4765625;-0.5234375;9;4;-5.0;767;0;Samaha et al. (2019);Experiment 1;Orientation;1;39;;;;;;;10;4
9;118;109.359375;-8.640625;9;4;76.0;768;1;Samaha et al. (2019);Experiment 1;Orientation;1;40;;;;;;;8;4
9;98;113.1796875;15.1796875;9;4;20.0;769;0;Samaha et al. (2019);Experiment 1;Orientation;1;39;;;;;;;11;4
9;88;97.4765625;9.4765625;9;4;10.0;770;1;Samaha et al. (2019);Experiment 1;Orientation;1;40;;;;;;;9;4
9;24;56.0;32.0;9;4;64.0;771;0;Samaha et al. (2019);Experiment 1;Orientation;1;39;;;;;;;12;4
9;134;4.0859375;50.0859375;9;4;70.0;772;0;Samaha et al. (2019);Experiment 1;Orientation;1;39;;;;;;;13;4
9;176;79.8359375;83.8359375;9;4;-42.0;773;1;Samaha et al. (2019);Experiment 1;Orientation;1;40;;;;;;;10;4
9;126;176.0859375;50.0859375;9;4;50.0;774;1;Samaha et al. (2019);Experiment 1;Orientation;1;40;;;;;;;11;4
9;132;137.5390625;5.5390625;9;4;-6.0;775;0;Samaha et al. (2019);Experiment 1;Orientation;1;39;;;;;;;14;4
9;38;106.0;68.0;9;4;-86.0;776;0;Samaha et al. (2019);Experiment 1;Orientation;1;39;;;;;;;15;4
9;139;126.3359375;-12.6640625;9;4;79.0;777;1;Samaha et al. (2019);Experiment 1;Orientation;1;40;;;;;;;12;4
9;143;149.90625;6.90625;9;4;-4.0;778;0;Samaha et al. (2019);Experiment 1;Orientation;1;39;;;;;;;16;4
9;12;37.1640625;25.1640625;9;4;-49.0;779;1;Samaha et al. (2019);Experiment 1;Orientation;1;40;;;;;;;13;4
9;70;42.1171875;-27.8828125;9;4;-58.0;780;1;Samaha et al. (2019);Experiment 1;Orientation;1;40;;;;;;;14;4
9;162;131.4453125;-30.5546875;9;4;88.0;781;0;Samaha et al. (2019);Experiment 1;Orientation;1;39;;;;;;;17;4
9;7;58.9296875;51.9296875;9;4;-25.0;782;0;Samaha et al. (2019);Experiment 1;Orientation;1;39;;;;;;;18;4
9;36;114.0;78.0;9;4;-29.0;783;0;Samaha et al. (2019);Experiment 1;Orientation;1;39;;;;;;;19;4
9;20;174.0;-26.0;9;4;16.0;784;0;Samaha et al. (2019);Experiment 1;Orientation;1;39;;;;;;;20;4
9;80;70.484375;-9.515625;9;4;-60.0;785;1;Samaha et al. (2019);Experiment 1;Orientation;1;40;;;;;;;15;4
9;95;100.3828125;5.3828125;9;4;-15.0;786;0;Samaha et al. (2019);Experiment 1;Orientation;1;39;;;;;;;21;4
9;116;112.7109375;-3.2890625;9;4;-21.0;787;1;Samaha et al. (2019);Experiment 1;Orientation;1;40;;;;;;;16;4
9;27;26.3984375;-0.6015625;9;4;89.0;788;0;Samaha et al. (2019);Experiment 1;Orientation;1;39;;;;;;;22;4
9;174;34.0;40.0;9;4;33.0;789;0;Samaha et al. (2019);Experiment 1;Orientation;1;39;;;;;;;23;4
9;147;142.0;-5.0;9;4;27.0;790;1;Samaha et al. (2019);Experiment 1;Orientation;1;40;;;;;;;17;4
9;6;46.453125;40.453125;9;4;-39.0;791;0;Samaha et al. (2019);Experiment 1;Orientation;1;39;;;;;;;24;4
9;12;38.6953125;26.6953125;9;4;-6.0;792;0;Samaha et al. (2019);Experiment 1;Orientation;1;39;;;;;;;25;4
9;74;49.4453125;-24.5546875;9;4;-62.0;793;1;Samaha et al. (2019);Experiment 1;Orientation;1;40;;;;;;;18;4
9;126;134.0;8.0;9;4;-52.0;794;1;Samaha et al. (2019);Experiment 1;Orientation;1;40;;;;;;;19;4
9;153;129.296875;-23.703125;9;4;-27.0;795;1;Samaha et al. (2019);Experiment 1;Orientation;1;40;;;;;;;20;4
9;8;41.1953125;33.1953125;9;4;-35.0;796;1;Samaha et al. (2019);Experiment 1;Orientation;1;40;;;;;;;21;4
9;152;36.6640625;64.6640625;9;4;36.0;797;1;Samaha et al. (2019);Experiment 1;Orientation;1;40;;;;;;;22;4
9;101;64.0;-37.0;9;4;51.0;798;1;Samaha et al. (2019);Experiment 1;Orientation;1;40;;;;;;;23;4
9;137;143.921875;6.921875;9;4;-36.0;799;0;Samaha et al. (2019);Experiment 1;Orientation;1;39;;;;;;;26;4
9;175;76.0;81.0;9;4;-38.0;800;0;Samaha et al. (2019);Experiment 1;Orientation;1;39;;;;;;;27;4
9;166;56.0;70.0;9;4;9.0;801;0;Samaha et al. (2019);Experiment 1;Orientation;1;39;;;;;;;28;4
9;114;141.5078125;27.5078125;9;4;52.0;802;1;Samaha et al. (2019);Experiment 1;Orientation;1;40;;;;;;;24;4
9;38;54.3203125;16.3203125;9;4;76.0;803;0;Samaha et al. (2019);Experiment 1;Orientation;1;39;;;;;;;29;4
9;30;116.0;86.0;9;4;8.0;804;0;Samaha et al. (2019);Experiment 1;Orientation;1;39;;;;;;;30;4
9;4;37.984375;33.984375;9;4;26.0;805;0;Samaha et al. (2019);Experiment 1;Orientation;1;39;;;;;;;31;4
9;126;116.0;-10.0;9;4;58.0;806;1;Samaha et al. (2019);Experiment 1;Orientation;1;40;;;;;;;25;4
9;95;93.390625;-1.609375;9;4;31.0;807;0;Samaha et al. (2019);Experiment 1;Orientation;1;39;;;;;;;32;4
9;151;110.9296875;-40.0703125;9;4;-56.0;808;0;Samaha et al. (2019);Experiment 1;Orientation;1;39;;;;;;;33;4
9;39;76.0390625;37.0390625;9;4;-68.0;809;0;Samaha et al. (2019);Experiment 1;Orientation;1;39;;;;;;;34;4
9;59;70.9921875;11.9921875;9;4;-20.0;810;0;Samaha et al. (2019);Experiment 1;Orientation;1;39;;;;;;;35;4
9;59;70.9921875;11.9921875;9;4;0.0;811;0;Samaha et al. (2019);Experiment 1;Orientation;1;39;;;;;;;36;4
9;141;151.390625;10.390625;9;5;-82.0;1001;0;Samaha et al. (2019);Experiment 1;Orientation;1;39;;;;;;;1;5
9;99;119.5703125;20.5703125;9;5;42.0;1002;1;Samaha et al. (2019);Experiment 1;Orientation;1;40;;;;;;;1;5
9;113;121.875;8.875;9;5;-14.0;1003;1;Samaha et al. (2019);Experiment 1;Orientation;1;40;;;;;;;2;5
9;63;70.6171875;7.6171875;9;5;50.0;1004;0;Samaha et al. (2019);Experiment 1;Orientation;1;39;;;;;;;2;5
9;62;66.0703125;4.0703125;9;5;1.0;1005;0;Samaha et al. (2019);Experiment 1;Orientation;1;39;;;;;;;3;5
9;151;156.9765625;5.9765625;9;5;-89.0;1006;1;Samaha et al. (2019);Experiment 1;Orientation;1;40;;;;;;;3;5
9;139;136.9140625;-2.0859375;9;5;12.0;1007;0;Samaha et al. (2019);Experiment 1;Orientation;1;39;;;;;;;4;5
9;112;133.046875;21.046875;9;5;27.0;1008;1;Samaha et al. (2019);Experiment 1;Orientation;1;40;;;;;;;4;5
9;100;44.0;-56.0;9;5;12.0;1009;0;Samaha et al. (2019);Experiment 1;Orientation;1;39;;;;;;;5;5
9;2;96.53125;-85.46875;9;5;-82.0;1010;1;Samaha et al. (2019);Experiment 1;Orientation;1;40;;;;;;;5;5
9;145;143.7890625;-1.2109375;9;5;37.0;1011;0;Samaha et al. (2019);Experiment 1;Orientation;1;39;;;;;;;6;5
9;58;46.53125;-11.46875;9;5;87.0;1012;0;Samaha et al. (2019);Experiment 1;Orientation;1;39;;;;;;;7;5
9;47;28.0;-19.0;9;5;11.0;1013;1;Samaha et al. (2019);Experiment 1;Orientation;1;40;;;;;;;6;5
9;12;13.7578125;1.7578125;9;5;35.0;1014;0;Samaha et al. (2019);Experiment 1;Orientation;1;39;;;;;;;8;5
9;55;20.3046875;-34.6953125;9;5;-43.0;1015;0;Samaha et al. (2019);Experiment 1;Orientation;1;39;;;;;;;9;5
9;77;63.4453125;-13.5546875;9;5;-22.0;1016;0;Samaha et al. (2019);Experiment 1;Orientation;1;39;;;;;;;10;5
9;35;56.3984375;21.3984375;9;5;42.0;1017;0;Samaha et al. (2019);Experiment 1;Orientation;1;39;;;;;;;11;5
9;57;123.5546875;66.5546875;9;5;-22.0;1018;1;Samaha et al. (2019);Experiment 1;Orientation;1;40;;;;;;;7;5
9;89;90.3515625;1.3515625;9;5;-32.0;1019;0;Samaha et al. (2019);Experiment 1;Orientation;1;39;;;;;;;12;5
9;35;20.46875;-14.53125;9;5;54.0;1020;0;Samaha et al. (2019);Experiment 1;Orientation;1;39;;;;;;;13;5
9;85;92.0;7.0;9;5;-50.0;1021;0;Samaha et al. (2019);Experiment 1;Orientation;1;39;;;;;;;14;5
9;152;158.546875;6.546875;9;5;-67.0;1022;1;Samaha et al. (2019);Experiment 1;Orientation;1;40;;;;;;;8;5
9;104;103.2578125;-0.7421875;9;5;48.0;1023;0;Samaha et al. (2019);Experiment 1;Orientation;1;39;;;;;;;15;5
9;36;29.34375;-6.65625;9;5;68.0;1024;1;Samaha et al. (2019);Experiment 1;Orientation;1;40;;;;;;;9;5
9;84;55.5546875;-28.4453125;9;5;-48.0;1025;1;Samaha et al. (2019);Experiment 1;Orientation;1;40;;;;;;;10;5
9;5;173.0625;-11.9375;9;5;79.0;1026;0;Samaha et al. (2019);Experiment 1;Orientation;1;39;;;;;;;16;5
9;32;42.3359375;10.3359375;9;5;-27.0;1027;1;Samaha et al. (2019);Experiment 1;Orientation;1;40;;;;;;;11;5
9;118;143.625;25.625;9;5;-86.0;1028;0;Samaha et al. (2019);Experiment 1;Orientation;1;39;;;;;;;17;5
9;21;99.859375;78.859375;9;5;-83.0;1029;1;Samaha et al. (2019);Experiment 1;Orientation;1;40;;;;;;;12;5
9;122;104.6484375;-17.3515625;9;5;79.0;1030;1;Samaha et al. (2019);Experiment 1;Orientation;1;40;;;;;;;13;5
9;132;92.0;-40.0;9;5;-10.0;1031;0;Samaha et al. (2019);Experiment 1;Orientation;1;39;;;;;;;18;5
9;56;44.9765625;-11.0234375;9;5;76.0;1032;0;Samaha et al. (2019);Experiment 1;Orientation;1;39;;;;;;;19;5
9;82;84.0;2.0;9;5;-26.0;1033;0;Samaha et al. (2019);Experiment 1;Orientation;1;39;;;;;;;20;5
9;140;122.0;-18.0;9;5;-58.0;1034;0;Samaha et al. (2019);Experiment 1;Orientation;1;39;;;;;;;21;5
9;115;117.1796875;2.1796875;9;5;25.0;1035;1;Samaha et al. (2019);Experiment 1;Orientation;1;40;;;;;;;14;5
9;8;50.0;42.0;9;5;-73.0;1036;1;Samaha et al. (2019);Experiment 1;Orientation;1;40;;;;;;;15;5
9;21;40.453125;19.453125;9;5;-13.0;1037;0;Samaha et al. (2019);Experiment 1;Orientation;1;39;;;;;;;22;5
9;83;37.65625;-45.34375;9;5;-62.0;1038;0;Samaha et al. (2019);Experiment 1;Orientation;1;39;;;;;;;23;5
9;119;108.0;-11.0;9;5;-36.0;1039;1;Samaha et al. (2019);Experiment 1;Orientation;1;40;;;;;;;16;5
9;50;79.7421875;29.7421875;9;5;69.0;1040;0;Samaha et al. (2019);Experiment 1;Orientation;1;39;;;;;;;24;5
9;53;47.7890625;-5.2109375;9;5;-3.0;1041;1;Samaha et al. (2019);Experiment 1;Orientation;1;40;;;;;;;17;5
9;10;140.0;-50.0;9;5;43.0;1042;0;Samaha et al. (2019);Experiment 1;Orientation;1;39;;;;;;;25;5
9;23;80.0;57.0;9;5;-13.0;1043;1;Samaha et al. (2019);Experiment 1;Orientation;1;40;;;;;;;18;5
9;18;42.0;24.0;9;5;5.0;1044;1;Samaha et al. (2019);Experiment 1;Orientation;1;40;;;;;;;19;5
9;162;122.1328125;-39.8671875;9;5;36.0;1045;1;Samaha et al. (2019);Experiment 1;Orientation;1;40;;;;;;;20;5
9;109;143.609375;34.609375;9;5;53.0;1046;0;Samaha et al. (2019);Experiment 1;Orientation;1;39;;;;;;;26;5
9;83;111.015625;28.015625;9;5;26.0;1047;0;Samaha et al. (2019);Experiment 1;Orientation;1;39;;;;;;;27;5
9;138;150.0;12.0;9;5;-55.0;1048;0;Samaha et al. (2019);Experiment 1;Orientation;1;39;;;;;;;28;5
9;170;171.390625;1.390625;9;5;-32.0;1049;1;Samaha et al. (2019);Experiment 1;Orientation;1;40;;;;;;;21;5
9;23;2.84375;-20.15625;9;5;-33.0;1050;1;Samaha et al. (2019);Experiment 1;Orientation;1;40;;;;;;;22;5
9;35;39.8046875;4.8046875;9;5;-12.0;1051;0;Samaha et al. (2019);Experiment 1;Orientation;1;39;;;;;;;29;5
9;142;104.0;-38.0;9;5;73.0;1052;0;Samaha et al. (2019);Experiment 1;Orientation;1;39;;;;;;;30;5
9;109;168.0;59.0;9;5;33.0;1053;1;Samaha et al. (2019);Experiment 1;Orientation;1;40;;;;;;;23;5
9;104;117.296875;13.296875;9;5;5.0;1054;0;Samaha et al. (2019);Experiment 1;Orientation;1;39;;;;;;;31;5
9;173;26.0;33.0;9;5;-69.0;1055;0;Samaha et al. (2019);Experiment 1;Orientation;1;39;;;;;;;32;5
9;18;12.0;-6.0;9;5;-25.0;1056;1;Samaha et al. (2019);Experiment 1;Orientation;1;40;;;;;;;24;5
9;3;172.9453125;-10.0546875;9;5;15.0;1057;1;Samaha et al. (2019);Experiment 1;Orientation;1;40;;;;;;;25;5
9;5;50.4296875;45.4296875;9;5;-2.0;1058;1;Samaha et al. (2019);Experiment 1;Orientation;1;40;;;;;;;26;5
9;146;163.1953125;17.1953125;9;5;39.0;1059;1;Samaha et al. (2019);Experiment 1;Orientation;1;40;;;;;;;27;5
9;19;135.921875;-63.078125;9;5;-53.0;1060;0;Samaha et al. (2019);Experiment 1;Orientation;1;39;;;;;;;33;5
9;19;135.921875;-63.078125;9;5;0.0;1061;0;Samaha et al. (2019);Experiment 1;Orientation;1;39;;;;;;;34;5
10;176;8.0703125;12.0703125;9;1;23.0;1;0;Samaha et al. (2019);Experiment 1;Orientation;1;39;;;;;;;1;1
10;60;56.0546875;-3.9453125;9;1;-64.0;2;0;Samaha et al. (2019);Experiment 1;Orientation;1;39;;;;;;;2;1
10;147;146.9765625;-0.0234375;9;1;-87.0;3;0;Samaha et al. (2019);Experiment 1;Orientation;1;39;;;;;;;3;1
10;126;121.921875;-4.078125;9;1;21.0;4;1;Samaha et al. (2019);Experiment 1;Orientation;1;40;;;;;;;1;1
10;173;170.0;-3.0;9;1;-47.0;5;0;Samaha et al. (2019);Experiment 1;Orientation;1;39;;;;;;;4;1
10;153;150.9765625;-2.0234375;9;1;20.0;6;1;Samaha et al. (2019);Experiment 1;Orientation;1;40;;;;;;;2;1
10;71;41.875;-29.125;9;1;82.0;7;0;Samaha et al. (2019);Experiment 1;Orientation;1;39;;;;;;;5;1
10;31;16.1015625;-14.8984375;9;1;40.0;8;1;Samaha et al. (2019);Experiment 1;Orientation;1;40;;;;;;;3;1
10;55;24.515625;-30.484375;9;1;-24.0;9;0;Samaha et al. (2019);Experiment 1;Orientation;1;39;;;;;;;6;1
10;47;42.9609375;-4.0390625;9;1;8.0;10;1;Samaha et al. (2019);Experiment 1;Orientation;1;40;;;;;;;4;1
10;173;23.4921875;30.4921875;9;1;54.0;11;0;Samaha et al. (2019);Experiment 1;Orientation;1;39;;;;;;;7;1
10;50;59.421875;9.421875;9;1;-57.0;12;0;Samaha et al. (2019);Experiment 1;Orientation;1;39;;;;;;;8;1
10;89;101.921875;12.921875;9;1;-39.0;13;0;Samaha et al. (2019);Experiment 1;Orientation;1;39;;;;;;;9;1
10;89;55.8515625;-33.1484375;9;1;0.0;14;1;Samaha et al. (2019);Experiment 1;Orientation;1;40;;;;;;;5;1
10;84;76.3828125;-7.6171875;9;1;5.0;15;1;Samaha et al. (2019);Experiment 1;Orientation;1;40;;;;;;;6;1
10;103;115.3125;12.3125;9;1;-19.0;16;1;Samaha et al. (2019);Experiment 1;Orientation;1;40;;;;;;;7;1
10;111;116.28125;5.28125;9;1;-8.0;17;0;Samaha et al. (2019);Experiment 1;Orientation;1;39;;;;;;;10;1
10;15;59.7890625;44.7890625;9;1;-84.0;18;0;Samaha et al. (2019);Experiment 1;Orientation;1;39;;;;;;;11;1
10;18;13.703125;-4.296875;9;1;-3.0;19;0;Samaha et al. (2019);Experiment 1;Orientation;1;39;;;;;;;12;1
10;103;110.0703125;7.0703125;9;1;-85.0;20;0;Samaha et al. (2019);Experiment 1;Orientation;1;39;;;;;;;13;1
10;109;115.34375;6.34375;9;1;-6.0;21;0;Samaha et al. (2019);Experiment 1;Orientation;1;39;;;;;;;14;1
10;151;158.0;7.0;9;1;-42.0;22;1;Samaha et al. (2019);Experiment 1;Orientation;1;40;;;;;;;8;1
10;26;73.359375;47.359375;9;1;-55.0;23;1;Samaha et al. (2019);Experiment 1;Orientation;1;40;;;;;;;9;1
10;159;136.5859375;-22.4140625;9;1;47.0;24;1;Samaha et al. (2019);Experiment 1;Orientation;1;40;;;;;;;10;1
10;132;47.8359375;-84.1640625;9;1;27.0;25;1;Samaha et al. (2019);Experiment 1;Orientation;1;40;;;;;;;11;1
10;42;41.2421875;-0.7578125;9;1;90.0;26;1;Samaha et al. (2019);Experiment 1;Orientation;1;40;;;;;;;12;1
10;98;103.078125;5.078125;9;1;-56.0;27;0;Samaha et al. (2019);Experiment 1;Orientation;1;39;;;;;;;15;1
10;13;28.0;15.0;9;1;85.0;28;1;Samaha et al. (2019);Experiment 1;Orientation;1;40;;;;;;;13;1
10;82;83.8359375;1.8359375;9;1;-69.0;29;0;Samaha et al. (2019);Experiment 1;Orientation;1;39;;;;;;;16;1
10;127;10.0;63.0;9;1;-45.0;30;0;Samaha et al. (2019);Experiment 1;Orientation;1;39;;;;;;;17;1
10;69;71.4765625;2.4765625;9;1;58.0;31;1;Samaha et al. (2019);Experiment 1;Orientation;1;40;;;;;;;14;1
10;140;149.625;9.625;9;1;-71.0;32;1;Samaha et al. (2019);Experiment 1;Orientation;1;40;;;;;;;15;1
10;105;111.5703125;6.5703125;9;1;35.0;33;0;Samaha et al. (2019);Experiment 1;Orientation;1;39;;;;;;;18;1
10;130;124.8828125;-5.1171875;9;1;-25.0;34;0;Samaha et al. (2019);Experiment 1;Orientation;1;39;;;;;;;19;1
10;54;43.96875;-10.03125;9;1;76.0;35;0;Samaha et al. (2019);Experiment 1;Orientation;1;39;;;;;;;20;1
10;127;130.78125;3.78125;9;1;-73.0;36;0;Samaha et al. (2019);Experiment 1;Orientation;1;39;;;;;;;21;1
10;101;103.2109375;2.2109375;9;1;26.0;37;0;Samaha et al. (2019);Experiment 1;Orientation;1;39;;;;;;;22;1
10;148;155.03125;7.03125;9;1;-47.0;38;1;Samaha et al. (2019);Experiment 1;Orientation;1;40;;;;;;;16;1
10;11;92.6171875;81.6171875;9;1;-43.0;39;0;Samaha et al. (2019);Experiment 1;Orientation;1;39;;;;;;;23;1
10;114;114.84375;0.84375;9;1;77.0;40;1;Samaha et al. (2019);Experiment 1;Orientation;1;40;;;;;;;17;1
10;94;113.046875;19.046875;9;1;20.0;41;0;Samaha et al. (2019);Experiment 1;Orientation;1;39;;;;;;;24;1
10;77;65.625;-11.375;9;1;17.0;42;1;Samaha et al. (2019);Experiment 1;Orientation;1;40;;;;;;;18;1
10;157;179.109375;22.109375;9;1;-80.0;43;1;Samaha et al. (2019);Experiment 1;Orientation;1;40;;;;;;;19;1
10;78;70.0;-8.0;9;1;79.0;44;0;Samaha et al. (2019);Experiment 1;Orientation;1;39;;;;;;;25;1
10;12;10.0;-2.0;9;1;66.0;45;1;Samaha et al. (2019);Experiment 1;Orientation;1;40;;;;;;;20;1
10;91;80.28125;-10.71875;9;1;-79.0;46;1;Samaha et al. (2019);Experiment 1;Orientation;1;40;;;;;;;21;1
10;128;126.8828125;-1.1171875;9;1;-37.0;47;1;Samaha et al. (2019);Experiment 1;Orientation;1;40;;;;;;;22;1
10;96;99.90625;3.90625;9;1;32.0;48;0;Samaha et al. (2019);Experiment 1;Orientation;1;39;;;;;;;26;1
10;98;103.328125;5.328125;9;1;-2.0;49;0;Samaha et al. (2019);Experiment 1;Orientation;1;39;;;;;;;27;1
10;133;149.703125;16.703125;9;1;-35.0;50;1;Samaha et al. (2019);Experiment 1;Orientation;1;40;;;;;;;23;1
10;27;41.09375;14.09375;9;1;-74.0;51;1;Samaha et al. (2019);Experiment 1;Orientation;1;40;;;;;;;24;1
10;150;143.03125;-6.96875;9;1;57.0;52;0;Samaha et al. (2019);Experiment 1;Orientation;1;39;;;;;;;28;1
10;12;27.2109375;15.2109375;9;1;-42.0;53;1;Samaha et al. (2019);Experiment 1;Orientation;1;40;;;;;;;25;1
10;56;62.8125;6.8125;9;1;-44.0;54;0;Samaha et al. (2019);Experiment 1;Orientation;1;39;;;;;;;29;1
10;152;125.359375;-26.640625;9;1;84.0;55;1;Samaha et al. (2019);Experiment 1;Orientation;1;40;;;;;;;26;1
10;90;92.8671875;2.8671875;9;1;62.0;56;0;Samaha et al. (2019);Experiment 1;Orientation;1;39;;;;;;;30;1
10;45;47.4921875;2.4921875;9;1;45.0;57;1;Samaha et al. (2019);Experiment 1;Orientation;1;40;;;;;;;27;1
10;141;138.4296875;-2.5703125;9;1;84.0;58;0;Samaha et al. (2019);Experiment 1;Orientation;1;39;;;;;;;31;1
10;70;65.703125;-4.296875;9;1;71.0;59;1;Samaha et al. (2019);Experiment 1;Orientation;1;40;;;;;;;28;1
10;145;147.5703125;2.5703125;9;1;-75.0;60;1;Samaha et al. (2019);Experiment 1;Orientation;1;40;;;;;;;29;1
10;145;147.5703125;2.5703125;9;1;0.0;61;0;Samaha et al. (2019);Experiment 1;Orientation;1;39;;;;;;;32;1
10;8;116.9140625;-71.0859375;9;2;-43.0;251;1;Samaha et al. (2019);Experiment 1;Orientation;1;40;;;;;;;1;2
10;72;66.6953125;-5.3046875;9;2;-64.0;252;1;Samaha et al. (2019);Experiment 1;Orientation;1;40;;;;;;;2;2
10;83;69.359375;-13.640625;9;2;-11.0;253;1;Samaha et al. (2019);Experiment 1;Orientation;1;40;;;;;;;3;2
10;40;31.984375;-8.015625;9;2;43.0;254;0;Samaha et al. (2019);Experiment 1;Orientation;1;39;;;;;;;1;2
10;133;144.6171875;11.6171875;9;2;87.0;255;1;Samaha et al. (2019);Experiment 1;Orientation;1;40;;;;;;;4;2
10;32;38.3671875;6.3671875;9;2;-79.0;256;1;Samaha et al. (2019);Experiment 1;Orientation;1;40;;;;;;;5;2
10;136;139.4453125;3.4453125;9;2;76.0;257;1;Samaha et al. (2019);Experiment 1;Orientation;1;40;;;;;;;6;2
10;55;38.234375;-16.765625;9;2;81.0;258;1;Samaha et al. (2019);Experiment 1;Orientation;1;40;;;;;;;7;2
10;143;146.0;3.0;9;2;-88.0;259;0;Samaha et al. (2019);Experiment 1;Orientation;1;39;;;;;;;2;2
10;176;98.4375;-77.5625;9;2;-33.0;260;1;Samaha et al. (2019);Experiment 1;Orientation;1;40;;;;;;;8;2
10;137;175.078125;38.078125;9;2;39.0;261;0;Samaha et al. (2019);Experiment 1;Orientation;1;39;;;;;;;3;2
10;124;111.625;-12.375;9;2;13.0;262;0;Samaha et al. (2019);Experiment 1;Orientation;1;39;;;;;;;4;2
10;120;136.4296875;16.4296875;9;2;4.0;263;0;Samaha et al. (2019);Experiment 1;Orientation;1;39;;;;;;;5;2
10;122;113.90625;-8.09375;9;2;-2.0;264;1;Samaha et al. (2019);Experiment 1;Orientation;1;40;;;;;;;9;2
10;75;57.359375;-17.640625;9;2;47.0;265;0;Samaha et al. (2019);Experiment 1;Orientation;1;39;;;;;;;6;2
10;61;114.8671875;53.8671875;9;2;14.0;266;1;Samaha et al. (2019);Experiment 1;Orientation;1;40;;;;;;;10;2
10;19;22.0390625;3.0390625;9;2;42.0;267;0;Samaha et al. (2019);Experiment 1;Orientation;1;39;;;;;;;7;2
10;80;29.140625;-50.859375;9;2;-61.0;268;0;Samaha et al. (2019);Experiment 1;Orientation;1;39;;;;;;;8;2
10;160;134.0;-26.0;9;2;-80.0;269;1;Samaha et al. (2019);Experiment 1;Orientation;1;40;;;;;;;11;2
10;117;108.0;-9.0;9;2;43.0;270;0;Samaha et al. (2019);Experiment 1;Orientation;1;39;;;;;;;9;2
10;118;116.1328125;-1.8671875;9;2;-1.0;271;0;Samaha et al. (2019);Experiment 1;Orientation;1;39;;;;;;;10;2
10;118;118.4140625;0.4140625;9;2;0.0;272;1;Samaha et al. (2019);Experiment 1;Orientation;1;40;;;;;;;12;2
10;132;114.8828125;-17.1171875;9;2;-14.0;273;1;Samaha et al. (2019);Experiment 1;Orientation;1;40;;;;;;;13;2
10;88;164.0;76.0;9;2;44.0;274;0;Samaha et al. (2019);Experiment 1;Orientation;1;39;;;;;;;11;2
10;77;104.171875;27.171875;9;2;11.0;275;1;Samaha et al. (2019);Experiment 1;Orientation;1;40;;;;;;;14;2
10;147;159.1640625;12.1640625;9;2;-70.0;276;0;Samaha et al. (2019);Experiment 1;Orientation;1;39;;;;;;;12;2
10;41;25.1953125;-15.8046875;9;2;-74.0;277;1;Samaha et al. (2019);Experiment 1;Orientation;1;40;;;;;;;15;2
10;84;60.21875;-23.78125;9;2;-43.0;278;0;Samaha et al. (2019);Experiment 1;Orientation;1;39;;;;;;;13;2
10;149;140.9921875;-8.0078125;9;2;-65.0;279;0;Samaha et al. (2019);Experiment 1;Orientation;1;39;;;;;;;14;2
10;73;56.3671875;-16.6328125;9;2;76.0;280;0;Samaha et al. (2019);Experiment 1;Orientation;1;39;;;;;;;15;2
10;107;111.890625;4.890625;9;2;-34.0;281;0;Samaha et al. (2019);Experiment 1;Orientation;1;39;;;;;;;16;2
10;13;20.6015625;7.6015625;9;2;-86.0;282;1;Samaha et al. (2019);Experiment 1;Orientation;1;40;;;;;;;16;2
10;46;8.5859375;-37.4140625;9;2;-33.0;283;1;Samaha et al. (2019);Experiment 1;Orientation;1;40;;;;;;;17;2
10;27;29.921875;2.921875;9;2;19.0;284;0;Samaha et al. (2019);Experiment 1;Orientation;1;39;;;;;;;17;2
10;83;174.25;-88.75;9;2;-56.0;285;0;Samaha et al. (2019);Experiment 1;Orientation;1;39;;;;;;;18;2
10;176;150.234375;-25.765625;9;2;87.0;286;0;Samaha et al. (2019);Experiment 1;Orientation;1;39;;;;;;;19;2
10;131;125.671875;-5.328125;9;2;45.0;287;1;Samaha et al. (2019);Experiment 1;Orientation;1;40;;;;;;;18;2
10;30;45.359375;15.359375;9;2;-79.0;288;1;Samaha et al. (2019);Experiment 1;Orientation;1;40;;;;;;;19;2
10;15;36.9765625;21.9765625;9;2;15.0;289;0;Samaha et al. (2019);Experiment 1;Orientation;1;39;;;;;;;20;2
10;59;73.390625;14.390625;9;2;-44.0;290;1;Samaha et al. (2019);Experiment 1;Orientation;1;40;;;;;;;20;2
10;134;165.7578125;31.7578125;9;2;-75.0;291;1;Samaha et al. (2019);Experiment 1;Orientation;1;40;;;;;;;21;2
10;139;126.6484375;-12.3515625;9;2;-5.0;292;1;Samaha et al. (2019);Experiment 1;Orientation;1;40;;;;;;;22;2
10;60;52.9921875;-7.0078125;9;2;79.0;293;0;Samaha et al. (2019);Experiment 1;Orientation;1;39;;;;;;;21;2
10;165;148.6640625;-16.3359375;9;2;75.0;294;0;Samaha et al. (2019);Experiment 1;Orientation;1;39;;;;;;;22;2
10;1;128.265625;-52.734375;9;2;-16.0;295;0;Samaha et al. (2019);Experiment 1;Orientation;1;39;;;;;;;23;2
10;130;116.4140625;-13.5859375;9;2;51.0;296;1;Samaha et al. (2019);Experiment 1;Orientation;1;40;;;;;;;23;2
10;20;11.4921875;-8.5078125;9;2;-70.0;297;1;Samaha et al. (2019);Experiment 1;Orientation;1;40;;;;;;;24;2
10;93;86.234375;-6.765625;9;2;-73.0;298;0;Samaha et al. (2019);Experiment 1;Orientation;1;39;;;;;;;24;2
10;99;95.7421875;-3.2578125;9;2;-6.0;299;1;Samaha et al. (2019);Experiment 1;Orientation;1;40;;;;;;;25;2
10;27;56.0;29.0;9;2;72.0;300;1;Samaha et al. (2019);Experiment 1;Orientation;1;40;;;;;;;26;2
10;0;156.3671875;-23.6328125;9;2;27.0;301;1;Samaha et al. (2019);Experiment 1;Orientation;1;40;;;;;;;27;2
10;69;62.0;-7.0;9;2;-69.0;302;1;Samaha et al. (2019);Experiment 1;Orientation;1;40;;;;;;;28;2
10;148;144.9765625;-3.0234375;9;2;-79.0;303;1;Samaha et al. (2019);Experiment 1;Orientation;1;40;;;;;;;29;2
10;177;153.140625;-23.859375;9;2;-29.0;304;1;Samaha et al. (2019);Experiment 1;Orientation;1;40;;;;;;;30;2
10;119;64.0;-55.0;9;2;58.0;305;1;Samaha et al. (2019);Experiment 1;Orientation;1;40;;;;;;;31;2
10;54;47.109375;-6.890625;9;2;65.0;306;1;Samaha et al. (2019);Experiment 1;Orientation;1;40;;;;;;;32;2
10;154;137.109375;-16.890625;9;2;80.0;307;0;Samaha et al. (2019);Experiment 1;Orientation;1;39;;;;;;;25;2
10;90;92.6171875;2.6171875;9;2;64.0;308;1;Samaha et al. (2019);Experiment 1;Orientation;1;40;;;;;;;33;2
10;34;47.8203125;13.8203125;9;2;56.0;309;1;Samaha et al. (2019);Experiment 1;Orientation;1;40;;;;;;;34;2
10;129;130.1171875;1.1171875;9;2;85.0;310;0;Samaha et al. (2019);Experiment 1;Orientation;1;39;;;;;;;26;2
10;129;130.1171875;1.1171875;9;2;0.0;311;0;Samaha et al. (2019);Experiment 1;Orientation;1;39;;;;;;;27;2
10;40;40.1328125;0.1328125;9;3;89.0;501;0;Samaha et al. (2019);Experiment 1;Orientation;1;39;;;;;;;1;3
10;171;136.453125;-34.546875;9;3;49.0;502;1;Samaha et al. (2019);Experiment 1;Orientation;1;40;;;;;;;1;3
10;100;101.7578125;1.7578125;9;3;71.0;503;0;Samaha et al. (2019);Experiment 1;Orientation;1;39;;;;;;;2;3
10;165;157.703125;-7.296875;9;3;-65.0;504;0;Samaha et al. (2019);Experiment 1;Orientation;1;39;;;;;;;3;3
10;78;70.6171875;-7.3828125;9;3;87.0;505;1;Samaha et al. (2019);Experiment 1;Orientation;1;40;;;;;;;2;3
10;110;129.296875;19.296875;9;3;-32.0;506;1;Samaha et al. (2019);Experiment 1;Orientation;1;40;;;;;;;3;3
10;8;141.640625;-46.359375;9;3;-78.0;507;1;Samaha et al. (2019);Experiment 1;Orientation;1;40;;;;;;;4;3
10;77;74.515625;-2.484375;9;3;-69.0;508;1;Samaha et al. (2019);Experiment 1;Orientation;1;40;;;;;;;5;3
10;174;162.8671875;-11.1328125;9;3;83.0;509;1;Samaha et al. (2019);Experiment 1;Orientation;1;40;;;;;;;6;3
10;90;79.890625;-10.109375;9;3;84.0;510;0;Samaha et al. (2019);Experiment 1;Orientation;1;39;;;;;;;4;3
10;125;127.6875;2.6875;9;3;-35.0;511;0;Samaha et al. (2019);Experiment 1;Orientation;1;39;;;;;;;5;3
10;170;165.4453125;-4.5546875;9;3;-45.0;512;0;Samaha et al. (2019);Experiment 1;Orientation;1;39;;;;;;;6;3
10;103;98.6328125;-4.3671875;9;3;67.0;513;1;Samaha et al. (2019);Experiment 1;Orientation;1;40;;;;;;;7;3
10;120;121.09375;1.09375;9;3;-17.0;514;1;Samaha et al. (2019);Experiment 1;Orientation;1;40;;;;;;;8;3
10;41;55.0625;14.0625;9;3;79.0;515;1;Samaha et al. (2019);Experiment 1;Orientation;1;40;;;;;;;9;3
10;39;121.703125;82.703125;9;3;2.0;516;1;Samaha et al. (2019);Experiment 1;Orientation;1;40;;;;;;;10;3
10;77;105.109375;28.109375;9;3;-38.0;517;1;Samaha et al. (2019);Experiment 1;Orientation;1;40;;;;;;;11;3
10;129;144.3046875;15.3046875;9;3;-52.0;518;0;Samaha et al. (2019);Experiment 1;Orientation;1;39;;;;;;;7;3
10;126;133.2734375;7.2734375;9;3;3.0;519;0;Samaha et al. (2019);Experiment 1;Orientation;1;39;;;;;;;8;3
10;85;86.8671875;1.8671875;9;3;41.0;520;0;Samaha et al. (2019);Experiment 1;Orientation;1;39;;;;;;;9;3
10;30;25.5390625;-4.4609375;9;3;55.0;521;1;Samaha et al. (2019);Experiment 1;Orientation;1;40;;;;;;;12;3
10;137;148.3984375;11.3984375;9;3;73.0;522;0;Samaha et al. (2019);Experiment 1;Orientation;1;39;;;;;;;10;3
10;86;100.9609375;14.9609375;9;3;51.0;523;0;Samaha et al. (2019);Experiment 1;Orientation;1;39;;;;;;;11;3
10;157;164.0;7.0;9;3;-71.0;524;0;Samaha et al. (2019);Experiment 1;Orientation;1;39;;;;;;;12;3
10;176;160.3203125;-15.6796875;9;3;-19.0;525;0;Samaha et al. (2019);Experiment 1;Orientation;1;39;;;;;;;13;3
10;178;178.859375;0.859375;9;3;-2.0;526;0;Samaha et al. (2019);Experiment 1;Orientation;1;39;;;;;;;14;3
10;144;140.6640625;-3.3359375;9;3;34.0;527;1;Samaha et al. (2019);Experiment 1;Orientation;1;40;;;;;;;13;3
10;110;106.265625;-3.734375;9;3;34.0;528;1;Samaha et al. (2019);Experiment 1;Orientation;1;40;;;;;;;14;3
10;124;139.921875;15.921875;9;3;-14.0;529;1;Samaha et al. (2019);Experiment 1;Orientation;1;40;;;;;;;15;3
10;139;125.2421875;-13.7578125;9;3;-15.0;530;1;Samaha et al. (2019);Experiment 1;Orientation;1;40;;;;;;;16;3
10;140;153.375;13.375;9;3;-1.0;531;1;Samaha et al. (2019);Experiment 1;Orientation;1;40;;;;;;;17;3
10;11;30.8984375;19.8984375;9;3;-51.0;532;1;Samaha et al. (2019);Experiment 1;Orientation;1;40;;;;;;;18;3
10;151;135.984375;-15.015625;9;3;40.0;533;0;Samaha et al. (2019);Experiment 1;Orientation;1;39;;;;;;;15;3
10;42;44.6328125;2.6328125;9;3;-71.0;534;1;Samaha et al. (2019);Experiment 1;Orientation;1;40;;;;;;;19;3
10;165;42.5;57.5;9;3;57.0;535;1;Samaha et al. (2019);Experiment 1;Orientation;1;40;;;;;;;20;3
10;103;107.375;4.375;9;3;62.0;536;0;Samaha et al. (2019);Experiment 1;Orientation;1;39;;;;;;;16;3
10;44;54.0859375;10.0859375;9;3;59.0;537;0;Samaha et al. (2019);Experiment 1;Orientation;1;39;;;;;;;17;3
10;118;110.75;-7.25;9;3;-74.0;538;1;Samaha et al. (2019);Experiment 1;Orientation;1;40;;;;;;;21;3
10;63;55.359375;-7.640625;9;3;55.0;539;0;Samaha et al. (2019);Experiment 1;Orientation;1;39;;;;;;;18;3
10;143;154.25;11.25;9;3;-80.0;540;1;Samaha et al. (2019);Experiment 1;Orientation;1;40;;;;;;;22;3
10;65;48.46875;-16.53125;9;3;78.0;541;0;Samaha et al. (2019);Experiment 1;Orientation;1;39;;;;;;;19;3
10;151;149.03125;-1.96875;9;3;-86.0;542;0;Samaha et al. (2019);Experiment 1;Orientation;1;39;;;;;;;20;3
10;124;116.203125;-7.796875;9;3;27.0;543;1;Samaha et al. (2019);Experiment 1;Orientation;1;40;;;;;;;23;3
10;179;164.15625;-14.84375;9;3;-55.0;544;0;Samaha et al. (2019);Experiment 1;Orientation;1;39;;;;;;;21;3
10;122;172.546875;50.546875;9;3;57.0;545;0;Samaha et al. (2019);Experiment 1;Orientation;1;39;;;;;;;22;3
10;23;163.8046875;-39.1953125;9;3;-81.0;546;1;Samaha et al. (2019);Experiment 1;Orientation;1;40;;;;;;;24;3
10;56;62.3984375;6.3984375;9;3;-33.0;547;1;Samaha et al. (2019);Experiment 1;Orientation;1;40;;;;;;;25;3
10;46;62.0;16.0;9;3;10.0;548;0;Samaha et al. (2019);Experiment 1;Orientation;1;39;;;;;;;23;3
10;131;129.359375;-1.640625;9;3;-85.0;549;1;Samaha et al. (2019);Experiment 1;Orientation;1;40;;;;;;;26;3
10;108;109.5078125;1.5078125;9;3;23.0;550;1;Samaha et al. (2019);Experiment 1;Orientation;1;40;;;;;;;27;3
10;51;45.109375;-5.890625;9;3;57.0;551;0;Samaha et al. (2019);Experiment 1;Orientation;1;39;;;;;;;24;3
10;79;76.0;-3.0;9;3;-28.0;552;0;Samaha et al. (2019);Experiment 1;Orientation;1;39;;;;;;;25;3
10;71;71.2265625;0.2265625;9;3;8.0;553;1;Samaha et al. (2019);Experiment 1;Orientation;1;40;;;;;;;28;3
10;126;122.9765625;-3.0234375;9;3;-55.0;554;1;Samaha et al. (2019);Experiment 1;Orientation;1;40;;;;;;;29;3
10;52;51.90625;-0.09375;9;3;74.0;555;1;Samaha et al. (2019);Experiment 1;Orientation;1;40;;;;;;;30;3
10;79;45.375;-33.625;9;3;-27.0;556;0;Samaha et al. (2019);Experiment 1;Orientation;1;39;;;;;;;26;3
10;107;112.5859375;5.5859375;9;3;-28.0;557;0;Samaha et al. (2019);Experiment 1;Orientation;1;39;;;;;;;27;3
10;69;50.765625;-18.234375;9;3;38.0;558;0;Samaha et al. (2019);Experiment 1;Orientation;1;39;;;;;;;28;3
10;70;67.5703125;-2.4296875;9;3;-1.0;559;1;Samaha et al. (2019);Experiment 1;Orientation;1;40;;;;;;;31;3
10;5;7.40625;2.40625;9;3;65.0;560;1;Samaha et al. (2019);Experiment 1;Orientation;1;40;;;;;;;32;3
10;5;7.40625;2.40625;9;3;0.0;561;0;Samaha et al. (2019);Experiment 1;Orientation;1;39;;;;;;;29;3
10;39;2.6328125;-36.3671875;9;4;-34.0;751;0;Samaha et al. (2019);Experiment 1;Orientation;1;39;;;;;;;1;4
10;69;60.4296875;-8.5703125;9;4;-30.0;752;1;Samaha et al. (2019);Experiment 1;Orientation;1;40;;;;;;;1;4
10;6;123.671875;-62.328125;9;4;63.0;753;0;Samaha et al. (2019);Experiment 1;Orientation;1;39;;;;;;;2;4
10;153;156.3984375;3.3984375;9;4;33.0;754;0;Samaha et al. (2019);Experiment 1;Orientation;1;39;;;;;;;3;4
10;24;26.828125;2.828125;9;4;-51.0;755;1;Samaha et al. (2019);Experiment 1;Orientation;1;40;;;;;;;2;4
10;66;74.9765625;8.9765625;9;4;-42.0;756;0;Samaha et al. (2019);Experiment 1;Orientation;1;39;;;;;;;4;4
10;37;32.0;-5.0;9;4;29.0;757;1;Samaha et al. (2019);Experiment 1;Orientation;1;40;;;;;;;3;4
10;62;70.6328125;8.6328125;9;4;-25.0;758;0;Samaha et al. (2019);Experiment 1;Orientation;1;39;;;;;;;5;4
10;55;56.7109375;1.7109375;9;4;7.0;759;0;Samaha et al. (2019);Experiment 1;Orientation;1;39;;;;;;;6;4
10;40;53.2578125;13.2578125;9;4;15.0;760;0;Samaha et al. (2019);Experiment 1;Orientation;1;39;;;;;;;7;4
10;143;125.96875;-17.03125;9;4;77.0;761;1;Samaha et al. (2019);Experiment 1;Orientation;1;40;;;;;;;4;4
10;175;156.84375;-18.15625;9;4;-32.0;762;0;Samaha et al. (2019);Experiment 1;Orientation;1;39;;;;;;;8;4
10;98;97.90625;-0.09375;9;4;77.0;763;0;Samaha et al. (2019);Experiment 1;Orientation;1;39;;;;;;;9;4
10;22;11.015625;-10.984375;9;4;76.0;764;0;Samaha et al. (2019);Experiment 1;Orientation;1;39;;;;;;;10;4
10;150;152.546875;2.546875;9;4;52.0;765;0;Samaha et al. (2019);Experiment 1;Orientation;1;39;;;;;;;11;4
10;122;12.0;70.0;9;4;28.0;766;0;Samaha et al. (2019);Experiment 1;Orientation;1;39;;;;;;;12;4
10;113;129.5390625;16.5390625;9;4;9.0;767;0;Samaha et al. (2019);Experiment 1;Orientation;1;39;;;;;;;13;4
10;34;40.0;6.0;9;4;79.0;768;1;Samaha et al. (2019);Experiment 1;Orientation;1;40;;;;;;;5;4
10;177;0.28125;3.28125;9;4;37.0;769;0;Samaha et al. (2019);Experiment 1;Orientation;1;39;;;;;;;14;4
10;34;56.515625;22.515625;9;4;-37.0;770;1;Samaha et al. (2019);Experiment 1;Orientation;1;40;;;;;;;6;4
10;84;87.328125;3.328125;9;4;-50.0;771;1;Samaha et al. (2019);Experiment 1;Orientation;1;40;;;;;;;7;4
10;44;34.84375;-9.15625;9;4;40.0;772;1;Samaha et al. (2019);Experiment 1;Orientation;1;40;;;;;;;8;4
10;101;106.453125;5.453125;9;4;-57.0;773;0;Samaha et al. (2019);Experiment 1;Orientation;1;39;;;;;;;15;4
10;40;17.7890625;-22.2109375;9;4;61.0;774;0;Samaha et al. (2019);Experiment 1;Orientation;1;39;;;;;;;16;4
10;92;106.46875;14.46875;9;4;-52.0;775;0;Samaha et al. (2019);Experiment 1;Orientation;1;39;;;;;;;17;4
10;177;51.421875;54.421875;9;4;-85.0;776;1;Samaha et al. (2019);Experiment 1;Orientation;1;40;;;;;;;9;4
10;59;52.1015625;-6.8984375;9;4;-62.0;777;0;Samaha et al. (2019);Experiment 1;Orientation;1;39;;;;;;;18;4
10;98;4.0;86.0;9;4;-39.0;778;0;Samaha et al. (2019);Experiment 1;Orientation;1;39;;;;;;;19;4
10;179;160.4375;-18.5625;9;4;-81.0;779;1;Samaha et al. (2019);Experiment 1;Orientation;1;40;;;;;;;10;4
10;174;157.03125;-16.96875;9;4;5.0;780;1;Samaha et al. (2019);Experiment 1;Orientation;1;40;;;;;;;11;4
10;110;118.9921875;8.9921875;9;4;64.0;781;0;Samaha et al. (2019);Experiment 1;Orientation;1;39;;;;;;;20;4
10;169;155.09375;-13.90625;9;4;-59.0;782;0;Samaha et al. (2019);Experiment 1;Orientation;1;39;;;;;;;21;4
10;117;117.921875;0.921875;9;4;52.0;783;1;Samaha et al. (2019);Experiment 1;Orientation;1;40;;;;;;;12;4
10;24;50.0;26.0;9;4;-87.0;784;0;Samaha et al. (2019);Experiment 1;Orientation;1;39;;;;;;;22;4
10;122;119.296875;-2.703125;9;4;82.0;785;1;Samaha et al. (2019);Experiment 1;Orientation;1;40;;;;;;;13;4
10;146;146.453125;0.453125;9;4;-24.0;786;1;Samaha et al. (2019);Experiment 1;Orientation;1;40;;;;;;;14;4
10;63;60.6484375;-2.3515625;9;4;83.0;787;0;Samaha et al. (2019);Experiment 1;Orientation;1;39;;;;;;;23;4
10;168;146.4375;-21.5625;9;4;75.0;788;1;Samaha et al. (2019);Experiment 1;Orientation;1;40;;;;;;;15;4
10;74;69.984375;-4.015625;9;4;-86.0;789;0;Samaha et al. (2019);Experiment 1;Orientation;1;39;;;;;;;24;4
10;135;123.875;-11.125;9;4;-61.0;790;1;Samaha et al. (2019);Experiment 1;Orientation;1;40;;;;;;;16;4
10;111;104.6171875;-6.3828125;9;4;24.0;791;0;Samaha et al. (2019);Experiment 1;Orientation;1;39;;;;;;;25;4
10;79;89.390625;10.390625;9;4;32.0;792;1;Samaha et al. (2019);Experiment 1;Orientation;1;40;;;;;;;17;4
10;41;50.53125;9.53125;9;4;38.0;793;0;Samaha et al. (2019);Experiment 1;Orientation;1;39;;;;;;;26;4
10;93;89.65625;-3.34375;9;4;-52.0;794;1;Samaha et al. (2019);Experiment 1;Orientation;1;40;;;;;;;18;4
10;90;90.6015625;0.6015625;9;4;3.0;795;0;Samaha et al. (2019);Experiment 1;Orientation;1;39;;;;;;;27;4
10;108;106.0;-2.0;9;4;-18.0;796;1;Samaha et al. (2019);Experiment 1;Orientation;1;40;;;;;;;19;4
10;131;138.6953125;7.6953125;9;4;-23.0;797;1;Samaha et al. (2019);Experiment 1;Orientation;1;40;;;;;;;20;4
10;98;156.0703125;58.0703125;9;4;33.0;798;0;Samaha et al. (2019);Experiment 1;Orientation;1;39;;;;;;;28;4
10;128;139.6875;11.6875;9;4;-30.0;799;1;Samaha et al. (2019);Experiment 1;Orientation;1;40;;;;;;;21;4
10;88;121.8046875;33.8046875;9;4;40.0;800;0;Samaha et al. (2019);Experiment 1;Orientation;1;39;;;;;;;29;4
10;121;118.84375;-2.15625;9;4;-33.0;801;0;Samaha et al. (2019);Experiment 1;Orientation;1;39;;;;;;;30;4
10;162;159.7734375;-2.2265625;9;4;-41.0;802;1;Samaha et al. (2019);Experiment 1;Orientation;1;40;;;;;;;22;4
10;162;55.1640625;73.1640625;9;4;0.0;803;0;Samaha et al. (2019);Experiment 1;Orientation;1;39;;;;;;;31;4
10;55;52.3984375;-2.6015625;9;4;-73.0;804;1;Samaha et al. (2019);Experiment 1;Orientation;1;40;;;;;;;23;4
10;30;25.7890625;-4.2109375;9;4;25.0;805;0;Samaha et al. (2019);Experiment 1;Orientation;1;39;;;;;;;32;4
10;173;23.5546875;30.5546875;9;4;37.0;806;1;Samaha et al. (2019);Experiment 1;Orientation;1;40;;;;;;;24;4
10;43;51.2421875;8.2421875;9;4;-50.0;807;0;Samaha et al. (2019);Experiment 1;Orientation;1;39;;;;;;;33;4
10;7;16.828125;9.828125;9;4;36.0;808;0;Samaha et al. (2019);Experiment 1;Orientation;1;39;;;;;;;34;4
10;102;113.390625;11.390625;9;4;85.0;809;0;Samaha et al. (2019);Experiment 1;Orientation;1;39;;;;;;;35;4
10;173;117.8203125;-55.1796875;9;4;-71.0;810;0;Samaha et al. (2019);Experiment 1;Orientation;1;39;;;;;;;36;4
10;173;117.8203125;-55.1796875;9;4;0.0;811;1;Samaha et al. (2019);Experiment 1;Orientation;1;40;;;;;;;25;4
10;143;138.6015625;-4.3984375;9;5;30.0;1001;1;Samaha et al. (2019);Experiment 1;Orientation;1;40;;;;;;;1;5
10;47;80.0859375;33.0859375;9;5;-84.0;1002;0;Samaha et al. (2019);Experiment 1;Orientation;1;39;;;;;;;1;5
10;139;137.328125;-1.671875;9;5;88.0;1003;1;Samaha et al. (2019);Experiment 1;Orientation;1;40;;;;;;;2;5
10;115;116.765625;1.765625;9;5;24.0;1004;1;Samaha et al. (2019);Experiment 1;Orientation;1;40;;;;;;;3;5
10;75;75.359375;0.359375;9;5;40.0;1005;1;Samaha et al. (2019);Experiment 1;Orientation;1;40;;;;;;;4;5
10;100;131.7421875;31.7421875;9;5;-25.0;1006;0;Samaha et al. (2019);Experiment 1;Orientation;1;39;;;;;;;2;5
10;89;97.8359375;8.8359375;9;5;11.0;1007;0;Samaha et al. (2019);Experiment 1;Orientation;1;39;;;;;;;3;5
10;99;105.1640625;6.1640625;9;5;-10.0;1008;1;Samaha et al. (2019);Experiment 1;Orientation;1;40;;;;;;;5;5
10;152;104.25;-47.75;9;5;-53.0;1009;1;Samaha et al. (2019);Experiment 1;Orientation;1;40;;;;;;;6;5
10;168;170.8671875;2.8671875;9;5;-16.0;1010;1;Samaha et al. (2019);Experiment 1;Orientation;1;40;;;;;;;7;5
10;47;46.796875;-0.203125;9;5;-59.0;1011;1;Samaha et al. (2019);Experiment 1;Orientation;1;40;;;;;;;8;5
10;141;14.0;53.0;9;5;86.0;1012;1;Samaha et al. (2019);Experiment 1;Orientation;1;40;;;;;;;9;5
10;55;62.5859375;7.5859375;9;5;86.0;1013;0;Samaha et al. (2019);Experiment 1;Orientation;1;39;;;;;;;4;5
10;75;106.4296875;31.4296875;9;5;-20.0;1014;1;Samaha et al. (2019);Experiment 1;Orientation;1;40;;;;;;;10;5
10;111;111.8515625;0.8515625;9;5;-36.0;1015;1;Samaha et al. (2019);Experiment 1;Orientation;1;40;;;;;;;11;5
10;177;168.0703125;-8.9296875;9;5;-66.0;1016;0;Samaha et al. (2019);Experiment 1;Orientation;1;39;;;;;;;5;5
10;120;119.7421875;-0.2578125;9;5;57.0;1017;1;Samaha et al. (2019);Experiment 1;Orientation;1;40;;;;;;;12;5
10;105;111.125;6.125;9;5;15.0;1018;1;Samaha et al. (2019);Experiment 1;Orientation;1;40;;;;;;;13;5
10;37;118.234375;81.234375;9;5;68.0;1019;1;Samaha et al. (2019);Experiment 1;Orientation;1;40;;;;;;;14;5
10;137;133.4765625;-3.5234375;9;5;80.0;1020;1;Samaha et al. (2019);Experiment 1;Orientation;1;40;;;;;;;15;5
10;37;45.921875;8.921875;9;5;-80.0;1021;0;Samaha et al. (2019);Experiment 1;Orientation;1;39;;;;;;;6;5
10;81;114.0234375;33.0234375;9;5;-44.0;1022;0;Samaha et al. (2019);Experiment 1;Orientation;1;39;;;;;;;7;5
10;161;168.78125;7.78125;9;5;-80.0;1023;1;Samaha et al. (2019);Experiment 1;Orientation;1;40;;;;;;;16;5
10;78;71.8203125;-6.1796875;9;5;83.0;1024;0;Samaha et al. (2019);Experiment 1;Orientation;1;39;;;;;;;8;5
10;86;92.8828125;6.8828125;9;5;-8.0;1025;1;Samaha et al. (2019);Experiment 1;Orientation;1;40;;;;;;;17;5
10;45;39.5078125;-5.4921875;9;5;41.0;1026;1;Samaha et al. (2019);Experiment 1;Orientation;1;40;;;;;;;18;5
10;32;40.1171875;8.1171875;9;5;13.0;1027;1;Samaha et al. (2019);Experiment 1;Orientation;1;40;;;;;;;19;5
10;55;62.4375;7.4375;9;5;-23.0;1028;1;Samaha et al. (2019);Experiment 1;Orientation;1;40;;;;;;;20;5
10;125;116.0;-9.0;9;5;-70.0;1029;0;Samaha et al. (2019);Experiment 1;Orientation;1;39;;;;;;;9;5
10;118;120.0;2.0;9;5;7.0;1030;0;Samaha et al. (2019);Experiment 1;Orientation;1;39;;;;;;;10;5
10;15;53.7578125;38.7578125;9;5;-77.0;1031;0;Samaha et al. (2019);Experiment 1;Orientation;1;39;;;;;;;11;5
10;8;160.1328125;-27.8671875;9;5;7.0;1032;0;Samaha et al. (2019);Experiment 1;Orientation;1;39;;;;;;;12;5
10;100;39.8359375;-60.1640625;9;5;88.0;1033;0;Samaha et al. (2019);Experiment 1;Orientation;1;39;;;;;;;13;5
10;14;31.5546875;17.5546875;9;5;86.0;1034;1;Samaha et al. (2019);Experiment 1;Orientation;1;40;;;;;;;21;5
10;66;68.9296875;2.9296875;9;5;-52.0;1035;1;Samaha et al. (2019);Experiment 1;Orientation;1;40;;;;;;;22;5
10;69;78.0;9.0;9;5;-3.0;1036;0;Samaha et al. (2019);Experiment 1;Orientation;1;39;;;;;;;14;5
10;109;119.109375;10.109375;9;5;-40.0;1037;0;Samaha et al. (2019);Experiment 1;Orientation;1;39;;;;;;;15;5
10;25;31.625;6.625;9;5;84.0;1038;0;Samaha et al. (2019);Experiment 1;Orientation;1;39;;;;;;;16;5
10;158;175.640625;17.640625;9;5;47.0;1039;0;Samaha et al. (2019);Experiment 1;Orientation;1;39;;;;;;;17;5
10;138;125.4765625;-12.5234375;9;5;20.0;1040;1;Samaha et al. (2019);Experiment 1;Orientation;1;40;;;;;;;23;5
10;51;50.1015625;-0.8984375;9;5;87.0;1041;0;Samaha et al. (2019);Experiment 1;Orientation;1;39;;;;;;;18;5
10;80;87.703125;7.703125;9;5;-29.0;1042;0;Samaha et al. (2019);Experiment 1;Orientation;1;39;;;;;;;19;5
10;127;120.75;-6.25;9;5;-47.0;1043;0;Samaha et al. (2019);Experiment 1;Orientation;1;39;;;;;;;20;5
10;82;66.7109375;-15.2890625;9;5;45.0;1044;1;Samaha et al. (2019);Experiment 1;Orientation;1;40;;;;;;;24;5
10;179;154.7109375;-24.2890625;9;5;83.0;1045;1;Samaha et al. (2019);Experiment 1;Orientation;1;40;;;;;;;25;5
10;175;145.8046875;-29.1953125;9;5;4.0;1046;0;Samaha et al. (2019);Experiment 1;Orientation;1;39;;;;;;;21;5
10;66;58.453125;-7.546875;9;5;-71.0;1047;0;Samaha et al. (2019);Experiment 1;Orientation;1;39;;;;;;;22;5
10;16;20.28125;4.28125;9;5;50.0;1048;1;Samaha et al. (2019);Experiment 1;Orientation;1;40;;;;;;;26;5
10;179;37.7578125;38.7578125;9;5;17.0;1049;0;Samaha et al. (2019);Experiment 1;Orientation;1;39;;;;;;;23;5
10;142;127.296875;-14.703125;9;5;37.0;1050;0;Samaha et al. (2019);Experiment 1;Orientation;1;39;;;;;;;24;5
10;12;33.109375;21.109375;9;5;-50.0;1051;0;Samaha et al. (2019);Experiment 1;Orientation;1;39;;;;;;;25;5
10;162;140.53125;-21.46875;9;5;30.0;1052;1;Samaha et al. (2019);Experiment 1;Orientation;1;40;;;;;;;27;5
10;75;77.4609375;2.4609375;9;5;87.0;1053;1;Samaha et al. (2019);Experiment 1;Orientation;1;40;;;;;;;28;5
10;41;49.046875;8.046875;9;5;34.0;1054;1;Samaha et al. (2019);Experiment 1;Orientation;1;40;;;;;;;29;5
10;12;2.1015625;-9.8984375;9;5;29.0;1055;1;Samaha et al. (2019);Experiment 1;Orientation;1;40;;;;;;;30;5
10;128;116.8125;-11.1875;9;5;64.0;1056;1;Samaha et al. (2019);Experiment 1;Orientation;1;40;;;;;;;31;5
10;138;135.2109375;-2.7890625;9;5;-10.0;1057;1;Samaha et al. (2019);Experiment 1;Orientation;1;40;;;;;;;32;5
10;12;136.546875;-55.453125;9;5;-54.0;1058;1;Samaha et al. (2019);Experiment 1;Orientation;1;40;;;;;;;33;5
10;81;43.4453125;-37.5546875;9;5;-69.0;1059;0;Samaha et al. (2019);Experiment 1;Orientation;1;39;;;;;;;26;5
10;132;132.0;0.0;9;5;-51.0;1060;0;Samaha et al. (2019);Experiment 1;Orientation;1;39;;;;;;;27;5
10;132;132.0;0.0;9;5;0.0;1061;0;Samaha et al. (2019);Experiment 1;Orientation;1;39;;;;;;;28;5
11;8;5.375;-2.625;9;1;-56.0;1;1;Samaha et al. (2019);Experiment 1;Orientation;1;40;;;;;;;1;1
11;113;170.921875;57.921875;9;1;75.0;2;1;Samaha et al. (2019);Experiment 1;Orientation;1;40;;;;;;;2;1
11;156;139.421875;-16.578125;9;1;-43.0;3;1;Samaha et al. (2019);Experiment 1;Orientation;1;40;;;;;;;3;1
11;127;137.7890625;10.7890625;9;1;29.0;4;1;Samaha et al. (2019);Experiment 1;Orientation;1;40;;;;;;;4;1
11;4;57.1953125;53.1953125;9;1;-57.0;5;0;Samaha et al. (2019);Experiment 1;Orientation;1;39;;;;;;;1;1
11;124;110.8125;-13.1875;9;1;60.0;6;0;Samaha et al. (2019);Experiment 1;Orientation;1;39;;;;;;;2;1
11;121;108.21875;-12.78125;9;1;3.0;7;1;Samaha et al. (2019);Experiment 1;Orientation;1;40;;;;;;;5;1
11;155;147.125;-7.875;9;1;-34.0;8;0;Samaha et al. (2019);Experiment 1;Orientation;1;39;;;;;;;3;1
11;89;85.2578125;-3.7421875;9;1;66.0;9;0;Samaha et al. (2019);Experiment 1;Orientation;1;39;;;;;;;4;1
11;44;46.1015625;2.1015625;9;1;45.0;10;0;Samaha et al. (2019);Experiment 1;Orientation;1;39;;;;;;;5;1
11;86;70.6171875;-15.3828125;9;1;-42.0;11;1;Samaha et al. (2019);Experiment 1;Orientation;1;40;;;;;;;6;1
11;51;28.0703125;-22.9296875;9;1;35.0;12;1;Samaha et al. (2019);Experiment 1;Orientation;1;40;;;;;;;7;1
11;179;6.9765625;7.9765625;9;1;52.0;13;0;Samaha et al. (2019);Experiment 1;Orientation;1;39;;;;;;;6;1
11;88;61.2734375;-26.7265625;9;1;-89.0;14;1;Samaha et al. (2019);Experiment 1;Orientation;1;40;;;;;;;8;1
11;82;97.703125;15.703125;9;1;6.0;15;0;Samaha et al. (2019);Experiment 1;Orientation;1;39;;;;;;;7;1
11;23;28.8125;5.8125;9;1;59.0;16;1;Samaha et al. (2019);Experiment 1;Orientation;1;40;;;;;;;9;1
11;82;75.1640625;-6.8359375;9;1;-59.0;17;0;Samaha et al. (2019);Experiment 1;Orientation;1;39;;;;;;;8;1
11;172;179.140625;7.140625;9;1;-90.0;18;0;Samaha et al. (2019);Experiment 1;Orientation;1;39;;;;;;;9;1
11;122;129.34375;7.34375;9;1;50.0;19;0;Samaha et al. (2019);Experiment 1;Orientation;1;39;;;;;;;10;1
11;32;41.609375;9.609375;9;1;90.0;20;1;Samaha et al. (2019);Experiment 1;Orientation;1;40;;;;;;;10;1
11;60;54.9609375;-5.0390625;9;1;-28.0;21;1;Samaha et al. (2019);Experiment 1;Orientation;1;40;;;;;;;11;1
11;21;33.421875;12.421875;9;1;39.0;22;1;Samaha et al. (2019);Experiment 1;Orientation;1;40;;;;;;;12;1
11;72;71.375;-0.625;9;1;-51.0;23;0;Samaha et al. (2019);Experiment 1;Orientation;1;39;;;;;;;11;1
11;162;163.03125;1.03125;9;1;-90.0;24;0;Samaha et al. (2019);Experiment 1;Orientation;1;39;;;;;;;12;1
11;13;21.1953125;8.1953125;9;1;-31.0;25;1;Samaha et al. (2019);Experiment 1;Orientation;1;40;;;;;;;13;1
11;149;165.046875;16.046875;9;1;44.0;26;0;Samaha et al. (2019);Experiment 1;Orientation;1;39;;;;;;;13;1
11;152;158.1875;6.1875;9;1;-3.0;27;0;Samaha et al. (2019);Experiment 1;Orientation;1;39;;;;;;;14;1
11;11;33.109375;22.109375;9;1;-39.0;28;1;Samaha et al. (2019);Experiment 1;Orientation;1;40;;;;;;;14;1
11;114;94.78125;-19.21875;9;1;77.0;29;0;Samaha et al. (2019);Experiment 1;Orientation;1;39;;;;;;;15;1
11;44;29.390625;-14.609375;9;1;70.0;30;1;Samaha et al. (2019);Experiment 1;Orientation;1;40;;;;;;;15;1
11;134;23.359375;69.359375;9;1;-90.0;31;0;Samaha et al. (2019);Experiment 1;Orientation;1;39;;;;;;;16;1
11;24;33.9375;9.9375;9;1;-70.0;32;1;Samaha et al. (2019);Experiment 1;Orientation;1;40;;;;;;;16;1
11;124;126.46875;2.46875;9;1;80.0;33;1;Samaha et al. (2019);Experiment 1;Orientation;1;40;;;;;;;17;1
11;34;40.46875;6.46875;9;1;90.0;34;1;Samaha et al. (2019);Experiment 1;Orientation;1;40;;;;;;;18;1
11;108;122.9453125;14.9453125;9;1;-74.0;35;1;Samaha et al. (2019);Experiment 1;Orientation;1;40;;;;;;;19;1
11;106;101.03125;-4.96875;9;1;2.0;36;0;Samaha et al. (2019);Experiment 1;Orientation;1;39;;;;;;;17;1
11;169;163.8046875;-5.1953125;9;1;-63.0;37;0;Samaha et al. (2019);Experiment 1;Orientation;1;39;;;;;;;18;1
11;90;91.2265625;1.2265625;9;1;79.0;38;1;Samaha et al. (2019);Experiment 1;Orientation;1;40;;;;;;;20;1
11;106;150.8125;44.8125;9;1;-16.0;39;1;Samaha et al. (2019);Experiment 1;Orientation;1;40;;;;;;;21;1
11;29;35.140625;6.140625;9;1;77.0;40;1;Samaha et al. (2019);Experiment 1;Orientation;1;40;;;;;;;22;1
11;150;142.4140625;-7.5859375;9;1;59.0;41;0;Samaha et al. (2019);Experiment 1;Orientation;1;39;;;;;;;19;1
11;61;57.7421875;-3.2578125;9;1;89.0;42;0;Samaha et al. (2019);Experiment 1;Orientation;1;39;;;;;;;20;1
11;129;140.0;11.0;9;1;-68.0;43;1;Samaha et al. (2019);Experiment 1;Orientation;1;40;;;;;;;23;1
11;92;79.1796875;-12.8203125;9;1;37.0;44;1;Samaha et al. (2019);Experiment 1;Orientation;1;40;;;;;;;24;1
11;92;92.5859375;0.5859375;9;1;0.0;45;0;Samaha et al. (2019);Experiment 1;Orientation;1;39;;;;;;;21;1
11;77;78.5;1.5;9;1;15.0;46;1;Samaha et al. (2019);Experiment 1;Orientation;1;40;;;;;;;25;1
11;28;51.96875;23.96875;9;1;49.0;47;0;Samaha et al. (2019);Experiment 1;Orientation;1;39;;;;;;;22;1
11;133;144.46875;11.46875;9;1;75.0;48;1;Samaha et al. (2019);Experiment 1;Orientation;1;40;;;;;;;26;1
11;81;54.0859375;-26.9140625;9;1;52.0;49;1;Samaha et al. (2019);Experiment 1;Orientation;1;40;;;;;;;27;1
11;21;36.546875;15.546875;9;1;60.0;50;0;Samaha et al. (2019);Experiment 1;Orientation;1;39;;;;;;;23;1
11;137;136.15625;-0.84375;9;1;64.0;51;0;Samaha et al. (2019);Experiment 1;Orientation;1;39;;;;;;;24;1
11;179;7.1796875;8.1796875;9;1;-42.0;52;0;Samaha et al. (2019);Experiment 1;Orientation;1;39;;;;;;;25;1
11;76;73.4765625;-2.5234375;9;1;-77.0;53;1;Samaha et al. (2019);Experiment 1;Orientation;1;40;;;;;;;28;1
11;65;45.4453125;-19.5546875;9;1;11.0;54;0;Samaha et al. (2019);Experiment 1;Orientation;1;39;;;;;;;26;1
11;95;28.25;-66.75;9;1;-30.0;55;1;Samaha et al. (2019);Experiment 1;Orientation;1;40;;;;;;;29;1
11;156;164.734375;8.734375;9;1;-61.0;56;0;Samaha et al. (2019);Experiment 1;Orientation;1;39;;;;;;;27;1
11;158;171.2734375;13.2734375;9;1;-2.0;57;1;Samaha et al. (2019);Experiment 1;Orientation;1;40;;;;;;;30;1
11;132;162.859375;30.859375;9;1;26.0;58;0;Samaha et al. (2019);Experiment 1;Orientation;1;39;;;;;;;28;1
11;152;160.6015625;8.6015625;9;1;-20.0;59;0;Samaha et al. (2019);Experiment 1;Orientation;1;39;;;;;;;29;1
11;24;28.484375;4.484375;9;1;-52.0;60;1;Samaha et al. (2019);Experiment 1;Orientation;1;40;;;;;;;31;1
11;24;28.484375;4.484375;9;1;0.0;61;1;Samaha et al. (2019);Experiment 1;Orientation;1;40;;;;;;;32;1
11;112;159.2421875;47.2421875;9;2;-88.0;251;1;Samaha et al. (2019);Experiment 1;Orientation;1;40;;;;;;;1;2
11;164;152.171875;-11.828125;9;2;-52.0;252;0;Samaha et al. (2019);Experiment 1;Orientation;1;39;;;;;;;1;2
11;93;68.84375;-24.15625;9;2;71.0;253;0;Samaha et al. (2019);Experiment 1;Orientation;1;39;;;;;;;2;2
11;52;42.3203125;-9.6796875;9;2;41.0;254;0;Samaha et al. (2019);Experiment 1;Orientation;1;39;;;;;;;3;2
11;118;122.8671875;4.8671875;9;2;-66.0;255;0;Samaha et al. (2019);Experiment 1;Orientation;1;39;;;;;;;4;2
11;167;162.0390625;-4.9609375;9;2;-49.0;256;1;Samaha et al. (2019);Experiment 1;Orientation;1;40;;;;;;;2;2
11;142;148.53125;6.53125;9;2;25.0;257;0;Samaha et al. (2019);Experiment 1;Orientation;1;39;;;;;;;5;2
11;124;146.0390625;22.0390625;9;2;18.0;258;0;Samaha et al. (2019);Experiment 1;Orientation;1;39;;;;;;;6;2
11;72;49.921875;-22.078125;9;2;52.0;259;1;Samaha et al. (2019);Experiment 1;Orientation;1;40;;;;;;;3;2
11;136;120.0;-16.0;9;2;-64.0;260;1;Samaha et al. (2019);Experiment 1;Orientation;1;40;;;;;;;4;2
11;101;103.890625;2.890625;9;2;35.0;261;0;Samaha et al. (2019);Experiment 1;Orientation;1;39;;;;;;;7;2
11;163;124.6640625;-38.3359375;9;2;-62.0;262;0;Samaha et al. (2019);Experiment 1;Orientation;1;39;;;;;;;8;2
11;19;25.2265625;6.2265625;9;2;-36.0;263;1;Samaha et al. (2019);Experiment 1;Orientation;1;40;;;;;;;5;2
11;52;57.7265625;5.7265625;9;2;-33.0;264;1;Samaha et al. (2019);Experiment 1;Orientation;1;40;;;;;;;6;2
11;173;3.8359375;10.8359375;9;2;59.0;265;1;Samaha et al. (2019);Experiment 1;Orientation;1;40;;;;;;;7;2
11;121;147.5078125;26.5078125;9;2;52.0;266;1;Samaha et al. (2019);Experiment 1;Orientation;1;40;;;;;;;8;2
11;139;153.421875;14.421875;9;2;-18.0;267;0;Samaha et al. (2019);Experiment 1;Orientation;1;39;;;;;;;9;2
11;115;174.8828125;59.8828125;9;2;24.0;268;1;Samaha et al. (2019);Experiment 1;Orientation;1;40;;;;;;;9;2
11;154;168.3203125;14.3203125;9;2;-39.0;269;0;Samaha et al. (2019);Experiment 1;Orientation;1;39;;;;;;;10;2
11;158;7.703125;29.703125;9;2;-4.0;270;1;Samaha et al. (2019);Experiment 1;Orientation;1;40;;;;;;;10;2
11;33;45.625;12.625;9;2;-55.0;271;0;Samaha et al. (2019);Experiment 1;Orientation;1;39;;;;;;;11;2
11;88;51.65625;-36.34375;9;2;-55.0;272;1;Samaha et al. (2019);Experiment 1;Orientation;1;40;;;;;;;11;2
11;41;13.4765625;-27.5234375;9;2;47.0;273;1;Samaha et al. (2019);Experiment 1;Orientation;1;40;;;;;;;12;2
11;149;163.359375;14.359375;9;2;72.0;274;0;Samaha et al. (2019);Experiment 1;Orientation;1;39;;;;;;;12;2
11;6;26.0;20.0;9;2;-37.0;275;1;Samaha et al. (2019);Experiment 1;Orientation;1;40;;;;;;;13;2
11;67;51.40625;-15.59375;9;2;-61.0;276;1;Samaha et al. (2019);Experiment 1;Orientation;1;40;;;;;;;14;2
11;171;167.875;-3.125;9;2;76.0;277;1;Samaha et al. (2019);Experiment 1;Orientation;1;40;;;;;;;15;2
11;46;16.3359375;-29.6640625;9;2;-55.0;278;1;Samaha et al. (2019);Experiment 1;Orientation;1;40;;;;;;;16;2
11;112;150.5;38.5;9;2;-66.0;279;1;Samaha et al. (2019);Experiment 1;Orientation;1;40;;;;;;;17;2
11;0;4.9296875;4.9296875;9;2;-68.0;280;1;Samaha et al. (2019);Experiment 1;Orientation;1;40;;;;;;;18;2
11;15;5.375;-9.625;9;2;-15.0;281;1;Samaha et al. (2019);Experiment 1;Orientation;1;40;;;;;;;19;2
11;46;43.125;-2.875;9;2;-31.0;282;1;Samaha et al. (2019);Experiment 1;Orientation;1;40;;;;;;;20;2
11;59;34.78125;-24.21875;9;2;-13.0;283;0;Samaha et al. (2019);Experiment 1;Orientation;1;39;;;;;;;13;2
11;10;44.6484375;34.6484375;9;2;49.0;284;1;Samaha et al. (2019);Experiment 1;Orientation;1;40;;;;;;;21;2
11;175;179.109375;4.109375;9;2;15.0;285;1;Samaha et al. (2019);Experiment 1;Orientation;1;40;;;;;;;22;2
11;19;25.2421875;6.2421875;9;2;-24.0;286;0;Samaha et al. (2019);Experiment 1;Orientation;1;39;;;;;;;14;2
11;102;106.6953125;4.6953125;9;2;-83.0;287;0;Samaha et al. (2019);Experiment 1;Orientation;1;39;;;;;;;15;2
11;26;28.84375;2.84375;9;2;76.0;288;1;Samaha et al. (2019);Experiment 1;Orientation;1;40;;;;;;;23;2
11;146;161.015625;15.015625;9;2;60.0;289;0;Samaha et al. (2019);Experiment 1;Orientation;1;39;;;;;;;16;2
11;67;38.6796875;-28.3203125;9;2;79.0;290;1;Samaha et al. (2019);Experiment 1;Orientation;1;40;;;;;;;24;2
11;73;81.046875;8.046875;9;2;-6.0;291;0;Samaha et al. (2019);Experiment 1;Orientation;1;39;;;;;;;17;2
11;123;109.7421875;-13.2578125;9;2;-50.0;292;1;Samaha et al. (2019);Experiment 1;Orientation;1;40;;;;;;;25;2
11;164;149.875;-14.125;9;2;-41.0;293;1;Samaha et al. (2019);Experiment 1;Orientation;1;40;;;;;;;26;2
11;66;14.8984375;-51.1015625;9;2;-82.0;294;0;Samaha et al. (2019);Experiment 1;Orientation;1;39;;;;;;;18;2
11;137;2.6328125;45.6328125;9;2;-71.0;295;1;Samaha et al. (2019);Experiment 1;Orientation;1;40;;;;;;;27;2
11;85;152.796875;67.796875;9;2;52.0;296;0;Samaha et al. (2019);Experiment 1;Orientation;1;39;;;;;;;19;2
11;56;22.6484375;-33.3515625;9;2;29.0;297;0;Samaha et al. (2019);Experiment 1;Orientation;1;39;;;;;;;20;2
11;86;87.2265625;1.2265625;9;2;-30.0;298;1;Samaha et al. (2019);Experiment 1;Orientation;1;40;;;;;;;28;2
11;6;73.5390625;67.5390625;9;2;80.0;299;1;Samaha et al. (2019);Experiment 1;Orientation;1;40;;;;;;;29;2
11;52;64.0;12.0;9;2;-46.0;300;1;Samaha et al. (2019);Experiment 1;Orientation;1;40;;;;;;;30;2
11;26;32.6328125;6.6328125;9;2;26.0;301;0;Samaha et al. (2019);Experiment 1;Orientation;1;39;;;;;;;21;2
11;70;55.6875;-14.3125;9;2;-44.0;302;0;Samaha et al. (2019);Experiment 1;Orientation;1;39;;;;;;;22;2
11;105;102.546875;-2.453125;9;2;-35.0;303;0;Samaha et al. (2019);Experiment 1;Orientation;1;39;;;;;;;23;2
11;59;65.0625;6.0625;9;2;46.0;304;0;Samaha et al. (2019);Experiment 1;Orientation;1;39;;;;;;;24;2
11;178;14.15625;16.15625;9;2;61.0;305;1;Samaha et al. (2019);Experiment 1;Orientation;1;40;;;;;;;31;2
11;149;39.890625;70.890625;9;2;29.0;306;0;Samaha et al. (2019);Experiment 1;Orientation;1;39;;;;;;;25;2
11;64;47.1640625;-16.8359375;9;2;85.0;307;0;Samaha et al. (2019);Experiment 1;Orientation;1;39;;;;;;;26;2
11;117;13.3125;76.3125;9;2;-53.0;308;0;Samaha et al. (2019);Experiment 1;Orientation;1;39;;;;;;;27;2
11;71;55.125;-15.875;9;2;46.0;309;1;Samaha et al. (2019);Experiment 1;Orientation;1;40;;;;;;;32;2
11;62;82.3515625;20.3515625;9;2;9.0;310;1;Samaha et al. (2019);Experiment 1;Orientation;1;40;;;;;;;33;2
11;62;82.3515625;20.3515625;9;2;0.0;311;0;Samaha et al. (2019);Experiment 1;Orientation;1;39;;;;;;;28;2
11;158;158.1015625;0.1015625;9;3;84.0;501;0;Samaha et al. (2019);Experiment 1;Orientation;1;39;;;;;;;1;3
11;110;75.9375;-34.0625;9;3;48.0;502;1;Samaha et al. (2019);Experiment 1;Orientation;1;40;;;;;;;1;3
11;19;35.3125;16.3125;9;3;-89.0;503;0;Samaha et al. (2019);Experiment 1;Orientation;1;39;;;;;;;2;3
11;67;57.59375;-9.40625;9;3;-48.0;504;1;Samaha et al. (2019);Experiment 1;Orientation;1;40;;;;;;;2;3
11;75;81.109375;6.109375;9;3;-8.0;505;1;Samaha et al. (2019);Experiment 1;Orientation;1;40;;;;;;;3;3
11;28;45.8203125;17.8203125;9;3;47.0;506;1;Samaha et al. (2019);Experiment 1;Orientation;1;40;;;;;;;4;3
11;154;164.53125;10.53125;9;3;54.0;507;0;Samaha et al. (2019);Experiment 1;Orientation;1;39;;;;;;;3;3
11;15;50.3046875;35.3046875;9;3;-41.0;508;0;Samaha et al. (2019);Experiment 1;Orientation;1;39;;;;;;;4;3
11;136;144.0;8.0;9;3;59.0;509;0;Samaha et al. (2019);Experiment 1;Orientation;1;39;;;;;;;5;3
11;147;150.3046875;3.3046875;9;3;-11.0;510;1;Samaha et al. (2019);Experiment 1;Orientation;1;40;;;;;;;5;3
11;89;77.1796875;-11.8203125;9;3;58.0;511;1;Samaha et al. (2019);Experiment 1;Orientation;1;40;;;;;;;6;3
11;85;66.765625;-18.234375;9;3;4.0;512;1;Samaha et al. (2019);Experiment 1;Orientation;1;40;;;;;;;7;3
11;38;29.6875;-8.3125;9;3;47.0;513;0;Samaha et al. (2019);Experiment 1;Orientation;1;39;;;;;;;6;3
11;110;145.375;35.375;9;3;-72.0;514;0;Samaha et al. (2019);Experiment 1;Orientation;1;39;;;;;;;7;3
11;156;139.140625;-16.859375;9;3;-46.0;515;1;Samaha et al. (2019);Experiment 1;Orientation;1;40;;;;;;;8;3
11;66;46.9609375;-19.0390625;9;3;90.0;516;0;Samaha et al. (2019);Experiment 1;Orientation;1;39;;;;;;;8;3
11;121;161.34375;40.34375;9;3;-55.0;517;0;Samaha et al. (2019);Experiment 1;Orientation;1;39;;;;;;;9;3
11;133;155.125;22.125;9;3;-12.0;518;0;Samaha et al. (2019);Experiment 1;Orientation;1;39;;;;;;;10;3
11;161;147.09375;-13.90625;9;3;-28.0;519;0;Samaha et al. (2019);Experiment 1;Orientation;1;39;;;;;;;11;3
11;65;51.390625;-13.609375;9;3;-84.0;520;0;Samaha et al. (2019);Experiment 1;Orientation;1;39;;;;;;;12;3
11;157;165.046875;8.046875;9;3;88.0;521;0;Samaha et al. (2019);Experiment 1;Orientation;1;39;;;;;;;13;3
11;51;30.8984375;-20.1015625;9;3;-74.0;522;0;Samaha et al. (2019);Experiment 1;Orientation;1;39;;;;;;;14;3
11;74;75.34375;1.34375;9;3;-23.0;523;0;Samaha et al. (2019);Experiment 1;Orientation;1;39;;;;;;;15;3
11;48;69.328125;21.328125;9;3;26.0;524;1;Samaha et al. (2019);Experiment 1;Orientation;1;40;;;;;;;9;3
11;177;4.8828125;7.8828125;9;3;51.0;525;1;Samaha et al. (2019);Experiment 1;Orientation;1;40;;;;;;;10;3
11;43;11.421875;-31.578125;9;3;-46.0;526;1;Samaha et al. (2019);Experiment 1;Orientation;1;40;;;;;;;11;3
11;121;141.984375;20.984375;9;3;-78.0;527;0;Samaha et al. (2019);Experiment 1;Orientation;1;39;;;;;;;16;3
11;132;132.75;0.75;9;3;-11.0;528;0;Samaha et al. (2019);Experiment 1;Orientation;1;39;;;;;;;17;3
11;3;168.4140625;-14.5859375;9;3;-51.0;529;1;Samaha et al. (2019);Experiment 1;Orientation;1;40;;;;;;;12;3
11;132;150.8125;18.8125;9;3;51.0;530;1;Samaha et al. (2019);Experiment 1;Orientation;1;40;;;;;;;13;3
11;157;164.3984375;7.3984375;9;3;-25.0;531;1;Samaha et al. (2019);Experiment 1;Orientation;1;40;;;;;;;14;3
11;124;140.3984375;16.3984375;9;3;33.0;532;0;Samaha et al. (2019);Experiment 1;Orientation;1;39;;;;;;;18;3
11;79;56.1875;-22.8125;9;3;45.0;533;0;Samaha et al. (2019);Experiment 1;Orientation;1;39;;;;;;;19;3
11;140;156.9453125;16.9453125;9;3;-61.0;534;0;Samaha et al. (2019);Experiment 1;Orientation;1;39;;;;;;;20;3
11;95;101.7421875;6.7421875;9;3;45.0;535;0;Samaha et al. (2019);Experiment 1;Orientation;1;39;;;;;;;21;3
11;100;21.2265625;-78.7734375;9;3;-5.0;536;1;Samaha et al. (2019);Experiment 1;Orientation;1;40;;;;;;;15;3
11;7;16.203125;9.203125;9;3;-87.0;537;0;Samaha et al. (2019);Experiment 1;Orientation;1;39;;;;;;;22;3
11;145;143.5703125;-1.4296875;9;3;42.0;538;1;Samaha et al. (2019);Experiment 1;Orientation;1;40;;;;;;;16;3
11;77;17.1640625;-59.8359375;9;3;68.0;539;1;Samaha et al. (2019);Experiment 1;Orientation;1;40;;;;;;;17;3
11;155;152.734375;-2.265625;9;3;-78.0;540;0;Samaha et al. (2019);Experiment 1;Orientation;1;39;;;;;;;23;3
11;133;130.3671875;-2.6328125;9;3;22.0;541;1;Samaha et al. (2019);Experiment 1;Orientation;1;40;;;;;;;18;3
11;122;132.234375;10.234375;9;3;11.0;542;1;Samaha et al. (2019);Experiment 1;Orientation;1;40;;;;;;;19;3
11;4;1.109375;-2.890625;9;3;-62.0;543;1;Samaha et al. (2019);Experiment 1;Orientation;1;40;;;;;;;20;3
11;141;159.609375;18.609375;9;3;43.0;544;0;Samaha et al. (2019);Experiment 1;Orientation;1;39;;;;;;;24;3
11;65;27.4921875;-37.5078125;9;3;76.0;545;1;Samaha et al. (2019);Experiment 1;Orientation;1;40;;;;;;;21;3
11;7;6.6015625;-0.3984375;9;3;58.0;546;0;Samaha et al. (2019);Experiment 1;Orientation;1;39;;;;;;;25;3
11;113;103.625;-9.375;9;3;74.0;547;1;Samaha et al. (2019);Experiment 1;Orientation;1;40;;;;;;;22;3
11;93;143.0625;50.0625;9;3;20.0;548;0;Samaha et al. (2019);Experiment 1;Orientation;1;39;;;;;;;26;3
11;151;150.828125;-0.171875;9;3;-58.0;549;0;Samaha et al. (2019);Experiment 1;Orientation;1;39;;;;;;;27;3
11;74;123.390625;49.390625;9;3;77.0;550;1;Samaha et al. (2019);Experiment 1;Orientation;1;40;;;;;;;23;3
11;173;178.0;5.0;9;3;81.0;551;1;Samaha et al. (2019);Experiment 1;Orientation;1;40;;;;;;;24;3
11;56;41.4765625;-14.5234375;9;3;-63.0;552;1;Samaha et al. (2019);Experiment 1;Orientation;1;40;;;;;;;25;3
11;76;9.34375;-66.65625;9;3;-20.0;553;0;Samaha et al. (2019);Experiment 1;Orientation;1;39;;;;;;;28;3
11;97;152.6328125;55.6328125;9;3;-21.0;554;0;Samaha et al. (2019);Experiment 1;Orientation;1;39;;;;;;;29;3
11;3;22.859375;19.859375;9;3;-86.0;555;1;Samaha et al. (2019);Experiment 1;Orientation;1;40;;;;;;;26;3
11;169;138.6953125;-30.3046875;9;3;14.0;556;1;Samaha et al. (2019);Experiment 1;Orientation;1;40;;;;;;;27;3
11;152;142.4296875;-9.5703125;9;3;17.0;557;1;Samaha et al. (2019);Experiment 1;Orientation;1;40;;;;;;;28;3
11;144;170.3359375;26.3359375;9;3;8.0;558;1;Samaha et al. (2019);Experiment 1;Orientation;1;40;;;;;;;29;3
11;91;130.6796875;39.6796875;9;3;53.0;559;0;Samaha et al. (2019);Experiment 1;Orientation;1;39;;;;;;;30;3
11;73;21.59375;-51.40625;9;3;18.0;560;0;Samaha et al. (2019);Experiment 1;Orientation;1;39;;;;;;;31;3
11;73;21.59375;-51.40625;9;3;0.0;561;1;Samaha et al. (2019);Experiment 1;Orientation;1;40;;;;;;;30;3
11;125;134.0;9.0;9;4;-52.0;751;1;Samaha et al. (2019);Experiment 1;Orientation;1;40;;;;;;;1;4
11;84;84.234375;0.234375;9;4;41.0;752;0;Samaha et al. (2019);Experiment 1;Orientation;1;39;;;;;;;1;4
11;59;58.3984375;-0.6015625;9;4;25.0;753;1;Samaha et al. (2019);Experiment 1;Orientation;1;40;;;;;;;2;4
11;99;92.6640625;-6.3359375;9;4;-40.0;754;1;Samaha et al. (2019);Experiment 1;Orientation;1;40;;;;;;;3;4
11;76;49.921875;-26.078125;9;4;23.0;755;1;Samaha et al. (2019);Experiment 1;Orientation;1;40;;;;;;;4;4
11;123;134.0;11.0;9;4;-47.0;756;1;Samaha et al. (2019);Experiment 1;Orientation;1;40;;;;;;;5;4
11;62;41.7890625;-20.2109375;9;4;61.0;757;1;Samaha et al. (2019);Experiment 1;Orientation;1;40;;;;;;;6;4
11;156;56.6484375;80.6484375;9;4;86.0;758;1;Samaha et al. (2019);Experiment 1;Orientation;1;40;;;;;;;7;4
11;123;149.8359375;26.8359375;9;4;33.0;759;0;Samaha et al. (2019);Experiment 1;Orientation;1;39;;;;;;;2;4
11;8;40.0546875;32.0546875;9;4;-65.0;760;0;Samaha et al. (2019);Experiment 1;Orientation;1;39;;;;;;;3;4
11;171;178.1015625;7.1015625;9;4;17.0;761;0;Samaha et al. (2019);Experiment 1;Orientation;1;39;;;;;;;4;4
11;109;158.1875;49.1875;9;4;62.0;762;0;Samaha et al. (2019);Experiment 1;Orientation;1;39;;;;;;;5;4
11;39;164.765625;-54.234375;9;4;70.0;763;0;Samaha et al. (2019);Experiment 1;Orientation;1;39;;;;;;;6;4
11;53;5.34375;-47.65625;9;4;-14.0;764;1;Samaha et al. (2019);Experiment 1;Orientation;1;40;;;;;;;8;4
11;98;174.1015625;76.1015625;9;4;-45.0;765;1;Samaha et al. (2019);Experiment 1;Orientation;1;40;;;;;;;9;4
11;119;141.2734375;22.2734375;9;4;-21.0;766;1;Samaha et al. (2019);Experiment 1;Orientation;1;40;;;;;;;10;4
11;46;19.8359375;-26.1640625;9;4;73.0;767;1;Samaha et al. (2019);Experiment 1;Orientation;1;40;;;;;;;11;4
11;59;61.8046875;2.8046875;9;4;-13.0;768;1;Samaha et al. (2019);Experiment 1;Orientation;1;40;;;;;;;12;4
11;104;136.6796875;32.6796875;9;4;-45.0;769;1;Samaha et al. (2019);Experiment 1;Orientation;1;40;;;;;;;13;4
11;135;90.0;-45.0;9;4;-31.0;770;0;Samaha et al. (2019);Experiment 1;Orientation;1;39;;;;;;;7;4
11;117;130.484375;13.484375;9;4;18.0;771;1;Samaha et al. (2019);Experiment 1;Orientation;1;40;;;;;;;14;4
11;8;177.109375;-10.890625;9;4;-71.0;772;0;Samaha et al. (2019);Experiment 1;Orientation;1;39;;;;;;;8;4
11;77;30.9296875;-46.0703125;9;4;-69.0;773;0;Samaha et al. (2019);Experiment 1;Orientation;1;39;;;;;;;9;4
11;88;83.65625;-4.34375;9;4;-11.0;774;1;Samaha et al. (2019);Experiment 1;Orientation;1;40;;;;;;;15;4
11;155;167.8359375;12.8359375;9;4;-67.0;775;0;Samaha et al. (2019);Experiment 1;Orientation;1;39;;;;;;;10;4
11;97;75.328125;-21.671875;9;4;58.0;776;0;Samaha et al. (2019);Experiment 1;Orientation;1;39;;;;;;;11;4
11;8;146.75;-41.25;9;4;89.0;777;0;Samaha et al. (2019);Experiment 1;Orientation;1;39;;;;;;;12;4
11;102;92.4140625;-9.5859375;9;4;86.0;778;0;Samaha et al. (2019);Experiment 1;Orientation;1;39;;;;;;;13;4
11;130;143.109375;13.109375;9;4;-28.0;779;0;Samaha et al. (2019);Experiment 1;Orientation;1;39;;;;;;;14;4
11;115;98.5625;-16.4375;9;4;15.0;780;0;Samaha et al. (2019);Experiment 1;Orientation;1;39;;;;;;;15;4
11;32;175.625;-36.375;9;4;83.0;781;1;Samaha et al. (2019);Experiment 1;Orientation;1;40;;;;;;;16;4
11;173;169.421875;-3.578125;9;4;39.0;782;0;Samaha et al. (2019);Experiment 1;Orientation;1;39;;;;;;;16;4
11;172;170.203125;-1.796875;9;4;1.0;783;0;Samaha et al. (2019);Experiment 1;Orientation;1;39;;;;;;;17;4
11;112;128.4375;16.4375;9;4;60.0;784;0;Samaha et al. (2019);Experiment 1;Orientation;1;39;;;;;;;18;4
11;84;90.4140625;6.4140625;9;4;28.0;785;0;Samaha et al. (2019);Experiment 1;Orientation;1;39;;;;;;;19;4
11;43;57.5703125;14.5703125;9;4;41.0;786;0;Samaha et al. (2019);Experiment 1;Orientation;1;39;;;;;;;20;4
11;162;135.4765625;-26.5234375;9;4;61.0;787;0;Samaha et al. (2019);Experiment 1;Orientation;1;39;;;;;;;21;4
11;145;129.890625;-15.109375;9;4;17.0;788;1;Samaha et al. (2019);Experiment 1;Orientation;1;40;;;;;;;17;4
11;91;45.4609375;-45.5390625;9;4;54.0;789;1;Samaha et al. (2019);Experiment 1;Orientation;1;40;;;;;;;18;4
11;16;28.3515625;12.3515625;9;4;75.0;790;1;Samaha et al. (2019);Experiment 1;Orientation;1;40;;;;;;;19;4
11;10;28.9921875;18.9921875;9;4;6.0;791;0;Samaha et al. (2019);Experiment 1;Orientation;1;39;;;;;;;22;4
11;115;179.375;64.375;9;4;75.0;792;0;Samaha et al. (2019);Experiment 1;Orientation;1;39;;;;;;;23;4
11;44;54.3984375;10.3984375;9;4;71.0;793;1;Samaha et al. (2019);Experiment 1;Orientation;1;40;;;;;;;20;4
11;79;72.21875;-6.78125;9;4;-35.0;794;0;Samaha et al. (2019);Experiment 1;Orientation;1;39;;;;;;;24;4
11;17;5.2265625;-11.7734375;9;4;62.0;795;0;Samaha et al. (2019);Experiment 1;Orientation;1;39;;;;;;;25;4
11;68;77.609375;9.609375;9;4;-51.0;796;0;Samaha et al. (2019);Experiment 1;Orientation;1;39;;;;;;;26;4
11;15;11.8046875;-3.1953125;9;4;53.0;797;1;Samaha et al. (2019);Experiment 1;Orientation;1;40;;;;;;;21;4
11;123;167.984375;44.984375;9;4;72.0;798;1;Samaha et al. (2019);Experiment 1;Orientation;1;40;;;;;;;22;4
11;21;32.0703125;11.0703125;9;4;-78.0;799;1;Samaha et al. (2019);Experiment 1;Orientation;1;40;;;;;;;23;4
11;136;152.1875;16.1875;9;4;65.0;800;0;Samaha et al. (2019);Experiment 1;Orientation;1;39;;;;;;;27;4
11;167;7.046875;20.046875;9;4;-31.0;801;0;Samaha et al. (2019);Experiment 1;Orientation;1;39;;;;;;;28;4
11;178;12.0859375;14.0859375;9;4;-11.0;802;1;Samaha et al. (2019);Experiment 1;Orientation;1;40;;;;;;;24;4
11;92;125.1953125;33.1953125;9;4;86.0;803;1;Samaha et al. (2019);Experiment 1;Orientation;1;40;;;;;;;25;4
11;134;114.9921875;-19.0078125;9;4;-42.0;804;1;Samaha et al. (2019);Experiment 1;Orientation;1;40;;;;;;;26;4
11;99;92.765625;-6.234375;9;4;35.0;805;0;Samaha et al. (2019);Experiment 1;Orientation;1;39;;;;;;;29;4
11;104;119.2109375;15.2109375;9;4;-5.0;806;1;Samaha et al. (2019);Experiment 1;Orientation;1;40;;;;;;;27;4
11;23;39.1953125;16.1953125;9;4;81.0;807;1;Samaha et al. (2019);Experiment 1;Orientation;1;40;;;;;;;28;4
11;82;6.78125;-75.21875;9;4;-59.0;808;0;Samaha et al. (2019);Experiment 1;Orientation;1;39;;;;;;;30;4
11;38;39.0625;1.0625;9;4;44.0;809;1;Samaha et al. (2019);Experiment 1;Orientation;1;40;;;;;;;29;4
11;22;131.328125;-70.671875;9;4;16.0;810;1;Samaha et al. (2019);Experiment 1;Orientation;1;40;;;;;;;30;4
11;22;131.328125;-70.671875;9;4;0.0;811;1;Samaha et al. (2019);Experiment 1;Orientation;1;40;;;;;;;31;4
11;63;45.5078125;-17.4921875;9;5;-41.0;1001;0;Samaha et al. (2019);Experiment 1;Orientation;1;39;;;;;;;1;5
11;20;12.6171875;-7.3828125;9;5;43.0;1002;0;Samaha et al. (2019);Experiment 1;Orientation;1;39;;;;;;;2;5
11;154;157.8046875;3.8046875;9;5;46.0;1003;0;Samaha et al. (2019);Experiment 1;Orientation;1;39;;;;;;;3;5
11;122;40.3984375;-81.6015625;9;5;32.0;1004;0;Samaha et al. (2019);Experiment 1;Orientation;1;39;;;;;;;4;5
11;53;37.7734375;-15.2265625;9;5;69.0;1005;0;Samaha et al. (2019);Experiment 1;Orientation;1;39;;;;;;;5;5
11;25;25.2265625;0.2265625;9;5;28.0;1006;1;Samaha et al. (2019);Experiment 1;Orientation;1;40;;;;;;;1;5
11;163;177.046875;14.046875;9;5;42.0;1007;0;Samaha et al. (2019);Experiment 1;Orientation;1;39;;;;;;;6;5
11;141;170.0;29.0;9;5;22.0;1008;0;Samaha et al. (2019);Experiment 1;Orientation;1;39;;;;;;;7;5
11;42;3.59375;-38.40625;9;5;-81.0;1009;0;Samaha et al. (2019);Experiment 1;Orientation;1;39;;;;;;;8;5
11;175;35.375;40.375;9;5;47.0;1010;0;Samaha et al. (2019);Experiment 1;Orientation;1;39;;;;;;;9;5
11;119;137.40625;18.40625;9;5;56.0;1011;1;Samaha et al. (2019);Experiment 1;Orientation;1;40;;;;;;;2;5
11;95;121.8359375;26.8359375;9;5;24.0;1012;0;Samaha et al. (2019);Experiment 1;Orientation;1;39;;;;;;;10;5
11;14;15.59375;1.59375;9;5;81.0;1013;0;Samaha et al. (2019);Experiment 1;Orientation;1;39;;;;;;;11;5
11;87;96.5625;9.5625;9;5;-73.0;1014;1;Samaha et al. (2019);Experiment 1;Orientation;1;40;;;;;;;3;5
11;105;71.2734375;-33.7265625;9;5;-18.0;1015;1;Samaha et al. (2019);Experiment 1;Orientation;1;40;;;;;;;4;5
11;89;85.8046875;-3.1953125;9;5;16.0;1016;0;Samaha et al. (2019);Experiment 1;Orientation;1;39;;;;;;;12;5
11;59;59.609375;0.609375;9;5;30.0;1017;0;Samaha et al. (2019);Experiment 1;Orientation;1;39;;;;;;;13;5
11;104;98.4140625;-5.5859375;9;5;-45.0;1018;1;Samaha et al. (2019);Experiment 1;Orientation;1;40;;;;;;;5;5
11;59;56.0234375;-2.9765625;9;5;45.0;1019;0;Samaha et al. (2019);Experiment 1;Orientation;1;39;;;;;;;14;5
11;121;114.9453125;-6.0546875;9;5;-62.0;1020;1;Samaha et al. (2019);Experiment 1;Orientation;1;40;;;;;;;6;5
11;91;76.203125;-14.796875;9;5;30.0;1021;0;Samaha et al. (2019);Experiment 1;Orientation;1;39;;;;;;;15;5
11;62;119.6875;57.6875;9;5;29.0;1022;0;Samaha et al. (2019);Experiment 1;Orientation;1;39;;;;;;;16;5
11;52;37.5390625;-14.4609375;9;5;10.0;1023;1;Samaha et al. (2019);Experiment 1;Orientation;1;40;;;;;;;7;5
11;147;140.7109375;-6.2890625;9;5;85.0;1024;0;Samaha et al. (2019);Experiment 1;Orientation;1;39;;;;;;;17;5
11;98;112.8125;14.8125;9;5;49.0;1025;1;Samaha et al. (2019);Experiment 1;Orientation;1;40;;;;;;;8;5
11;42;125.296875;83.296875;9;5;56.0;1026;1;Samaha et al. (2019);Experiment 1;Orientation;1;40;;;;;;;9;5
11;94;102.203125;8.203125;9;5;-52.0;1027;0;Samaha et al. (2019);Experiment 1;Orientation;1;39;;;;;;;18;5
11;37;72.203125;35.203125;9;5;57.0;1028;1;Samaha et al. (2019);Experiment 1;Orientation;1;40;;;;;;;10;5
11;23;18.53125;-4.46875;9;5;14.0;1029;1;Samaha et al. (2019);Experiment 1;Orientation;1;40;;;;;;;11;5
11;139;172.6953125;33.6953125;9;5;64.0;1030;1;Samaha et al. (2019);Experiment 1;Orientation;1;40;;;;;;;12;5
11;28;15.8203125;-12.1796875;9;5;-69.0;1031;0;Samaha et al. (2019);Experiment 1;Orientation;1;39;;;;;;;19;5
11;179;3.4921875;4.4921875;9;5;29.0;1032;0;Samaha et al. (2019);Experiment 1;Orientation;1;39;;;;;;;20;5
11;43;25.609375;-17.390625;9;5;-44.0;1033;1;Samaha et al. (2019);Experiment 1;Orientation;1;40;;;;;;;13;5
11;156;151.2109375;-4.7890625;9;5;67.0;1034;0;Samaha et al. (2019);Experiment 1;Orientation;1;39;;;;;;;21;5
11;104;72.203125;-31.796875;9;5;52.0;1035;0;Samaha et al. (2019);Experiment 1;Orientation;1;39;;;;;;;22;5
11;148;161.7265625;13.7265625;9;5;-44.0;1036;0;Samaha et al. (2019);Experiment 1;Orientation;1;39;;;;;;;23;5
11;149;129.5234375;-19.4765625;9;5;-1.0;1037;0;Samaha et al. (2019);Experiment 1;Orientation;1;39;;;;;;;24;5
11;93;101.65625;8.65625;9;5;56.0;1038;1;Samaha et al. (2019);Experiment 1;Orientation;1;40;;;;;;;14;5
11;72;71.390625;-0.609375;9;5;21.0;1039;1;Samaha et al. (2019);Experiment 1;Orientation;1;40;;;;;;;15;5
11;65;68.6796875;3.6796875;9;5;7.0;1040;1;Samaha et al. (2019);Experiment 1;Orientation;1;40;;;;;;;16;5
11;114;141.8046875;27.8046875;9;5;-49.0;1041;0;Samaha et al. (2019);Experiment 1;Orientation;1;39;;;;;;;25;5
11;77;17.5703125;-59.4296875;9;5;37.0;1042;1;Samaha et al. (2019);Experiment 1;Orientation;1;40;;;;;;;17;5
11;85;54.7109375;-30.2890625;9;5;-8.0;1043;0;Samaha et al. (2019);Experiment 1;Orientation;1;39;;;;;;;26;5
11;106;112.8828125;6.8828125;9;5;-21.0;1044;1;Samaha et al. (2019);Experiment 1;Orientation;1;40;;;;;;;18;5
11;128;147.140625;19.140625;9;5;-22.0;1045;0;Samaha et al. (2019);Experiment 1;Orientation;1;39;;;;;;;27;5
11;13;37.5390625;24.5390625;9;5;-65.0;1046;1;Samaha et al. (2019);Experiment 1;Orientation;1;40;;;;;;;19;5
11;69;52.0234375;-16.9765625;9;5;-56.0;1047;0;Samaha et al. (2019);Experiment 1;Orientation;1;39;;;;;;;28;5
11;115;107.328125;-7.671875;9;5;-46.0;1048;0;Samaha et al. (2019);Experiment 1;Orientation;1;39;;;;;;;29;5
11;4;23.078125;19.078125;9;5;-69.0;1049;1;Samaha et al. (2019);Experiment 1;Orientation;1;40;;;;;;;20;5
11;112;55.09375;-56.90625;9;5;72.0;1050;0;Samaha et al. (2019);Experiment 1;Orientation;1;39;;;;;;;30;5
11;162;21.359375;39.359375;9;5;-50.0;1051;0;Samaha et al. (2019);Experiment 1;Orientation;1;39;;;;;;;31;5
11;109;107.5078125;-1.4921875;9;5;53.0;1052;0;Samaha et al. (2019);Experiment 1;Orientation;1;39;;;;;;;32;5
11;159;12.75;33.75;9;5;-50.0;1053;0;Samaha et al. (2019);Experiment 1;Orientation;1;39;;;;;;;33;5
11;97;118.8984375;21.8984375;9;5;62.0;1054;0;Samaha et al. (2019);Experiment 1;Orientation;1;39;;;;;;;34;5
11;36;31.078125;-4.921875;9;5;61.0;1055;1;Samaha et al. (2019);Experiment 1;Orientation;1;40;;;;;;;21;5
11;114;27.9375;-86.0625;9;5;-78.0;1056;0;Samaha et al. (2019);Experiment 1;Orientation;1;39;;;;;;;35;5
11;102;14.796875;-87.203125;9;5;12.0;1057;1;Samaha et al. (2019);Experiment 1;Orientation;1;40;;;;;;;22;5
11;147;24.3984375;57.3984375;9;5;-45.0;1058;1;Samaha et al. (2019);Experiment 1;Orientation;1;40;;;;;;;23;5
11;174;8.0234375;14.0234375;9;5;-27.0;1059;1;Samaha et al. (2019);Experiment 1;Orientation;1;40;;;;;;;24;5
11;127;132.5625;5.5625;9;5;47.0;1060;1;Samaha et al. (2019);Experiment 1;Orientation;1;40;;;;;;;25;5
11;127;132.5625;5.5625;9;5;0.0;1061;0;Samaha et al. (2019);Experiment 1;Orientation;1;39;;;;;;;36;5
12;168;153.34375;-14.65625;9;1;-41.0;1;0;Samaha et al. (2019);Experiment 1;Orientation;1;39;;;;;;;1;1
12;2;21.296875;19.296875;9;1;-14.0;2;1;Samaha et al. (2019);Experiment 1;Orientation;1;40;;;;;;;1;1
12;28;54.734375;26.734375;9;1;-26.0;3;0;Samaha et al. (2019);Experiment 1;Orientation;1;39;;;;;;;2;1
12;175;130.515625;-44.484375;9;1;33.0;4;0;Samaha et al. (2019);Experiment 1;Orientation;1;39;;;;;;;3;1
12;157;145.5234375;-11.4765625;9;1;18.0;5;1;Samaha et al. (2019);Experiment 1;Orientation;1;40;;;;;;;2;1
12;59;45.65625;-13.34375;9;1;-82.0;6;1;Samaha et al. (2019);Experiment 1;Orientation;1;40;;;;;;;3;1
12;152;130.9296875;-21.0703125;9;1;87.0;7;0;Samaha et al. (2019);Experiment 1;Orientation;1;39;;;;;;;4;1
12;178;50.1875;52.1875;9;1;-26.0;8;0;Samaha et al. (2019);Experiment 1;Orientation;1;39;;;;;;;5;1
12;29;93.921875;64.921875;9;1;-31.0;9;1;Samaha et al. (2019);Experiment 1;Orientation;1;40;;;;;;;4;1
12;38;32.6953125;-5.3046875;9;1;-9.0;10;0;Samaha et al. (2019);Experiment 1;Orientation;1;39;;;;;;;6;1
12;1;176.84375;-4.15625;9;1;37.0;11;1;Samaha et al. (2019);Experiment 1;Orientation;1;40;;;;;;;5;1
12;6;50.0390625;44.0390625;9;1;-5.0;12;1;Samaha et al. (2019);Experiment 1;Orientation;1;40;;;;;;;6;1
12;48;50.6015625;2.6015625;9;1;-42.0;13;0;Samaha et al. (2019);Experiment 1;Orientation;1;39;;;;;;;7;1
12;51;50.5625;-0.4375;9;1;-3.0;14;1;Samaha et al. (2019);Experiment 1;Orientation;1;40;;;;;;;7;1
12;117;120.25;3.25;9;1;-66.0;15;1;Samaha et al. (2019);Experiment 1;Orientation;1;40;;;;;;;8;1
12;21;37.5390625;16.5390625;9;1;-84.0;16;1;Samaha et al. (2019);Experiment 1;Orientation;1;40;;;;;;;9;1
12;107;100.0390625;-6.9609375;9;1;-86.0;17;0;Samaha et al. (2019);Experiment 1;Orientation;1;39;;;;;;;8;1
12;99;100.3046875;1.3046875;9;1;8.0;18;1;Samaha et al. (2019);Experiment 1;Orientation;1;40;;;;;;;10;1
12;159;131.1640625;-27.8359375;9;1;-60.0;19;1;Samaha et al. (2019);Experiment 1;Orientation;1;40;;;;;;;11;1
12;178;1.1953125;3.1953125;9;1;-19.0;20;1;Samaha et al. (2019);Experiment 1;Orientation;1;40;;;;;;;12;1
12;56;56.9765625;0.9765625;9;1;-58.0;21;0;Samaha et al. (2019);Experiment 1;Orientation;1;39;;;;;;;9;1
12;154;127.984375;-26.015625;9;1;82.0;22;1;Samaha et al. (2019);Experiment 1;Orientation;1;40;;;;;;;13;1
12;132;120.3671875;-11.6328125;9;1;22.0;23;0;Samaha et al. (2019);Experiment 1;Orientation;1;39;;;;;;;10;1
12;22;36.765625;14.765625;9;1;-70.0;24;0;Samaha et al. (2019);Experiment 1;Orientation;1;39;;;;;;;11;1
12;79;65.7265625;-13.2734375;9;1;-57.0;25;0;Samaha et al. (2019);Experiment 1;Orientation;1;39;;;;;;;12;1
12;108;57.4765625;-50.5234375;9;1;-29.0;26;0;Samaha et al. (2019);Experiment 1;Orientation;1;39;;;;;;;13;1
12;109;118.8125;9.8125;9;1;-1.0;27;0;Samaha et al. (2019);Experiment 1;Orientation;1;39;;;;;;;14;1
12;119;120.1328125;1.1328125;9;1;-10.0;28;1;Samaha et al. (2019);Experiment 1;Orientation;1;40;;;;;;;14;1
12;158;131.296875;-26.703125;9;1;-39.0;29;1;Samaha et al. (2019);Experiment 1;Orientation;1;40;;;;;;;15;1
12;142;143.5078125;1.5078125;9;1;16.0;30;1;Samaha et al. (2019);Experiment 1;Orientation;1;40;;;;;;;16;1
12;145;117.640625;-27.359375;9;1;-3.0;31;1;Samaha et al. (2019);Experiment 1;Orientation;1;40;;;;;;;17;1
12;101;97.609375;-3.390625;9;1;44.0;32;1;Samaha et al. (2019);Experiment 1;Orientation;1;40;;;;;;;18;1
12;166;133.7578125;-32.2421875;9;1;-65.0;33;0;Samaha et al. (2019);Experiment 1;Orientation;1;39;;;;;;;15;1
12;49;57.5703125;8.5703125;9;1;-63.0;34;1;Samaha et al. (2019);Experiment 1;Orientation;1;40;;;;;;;19;1
12;175;9.5390625;14.5390625;9;1;54.0;35;1;Samaha et al. (2019);Experiment 1;Orientation;1;40;;;;;;;20;1
12;135;137.2734375;2.2734375;9;1;40.0;36;0;Samaha et al. (2019);Experiment 1;Orientation;1;39;;;;;;;16;1
12;59;41.4453125;-17.5546875;9;1;76.0;37;0;Samaha et al. (2019);Experiment 1;Orientation;1;39;;;;;;;17;1
12;100;87.640625;-12.359375;9;1;-41.0;38;1;Samaha et al. (2019);Experiment 1;Orientation;1;40;;;;;;;21;1
12;71;58.8671875;-12.1328125;9;1;29.0;39;0;Samaha et al. (2019);Experiment 1;Orientation;1;39;;;;;;;18;1
12;116;122.4140625;6.4140625;9;1;-45.0;40;0;Samaha et al. (2019);Experiment 1;Orientation;1;39;;;;;;;19;1
12;77;56.734375;-20.265625;9;1;39.0;41;0;Samaha et al. (2019);Experiment 1;Orientation;1;39;;;;;;;20;1
12;66;64.5625;-1.4375;9;1;11.0;42;0;Samaha et al. (2019);Experiment 1;Orientation;1;39;;;;;;;21;1
12;8;2.5859375;-5.4140625;9;1;58.0;43;1;Samaha et al. (2019);Experiment 1;Orientation;1;40;;;;;;;22;1
12;43;57.109375;14.109375;9;1;-35.0;44;1;Samaha et al. (2019);Experiment 1;Orientation;1;40;;;;;;;23;1
12;116;119.5234375;3.5234375;9;1;-73.0;45;1;Samaha et al. (2019);Experiment 1;Orientation;1;40;;;;;;;24;1
12;21;36.765625;15.765625;9;1;-85.0;46;0;Samaha et al. (2019);Experiment 1;Orientation;1;39;;;;;;;22;1
12;125;130.5;5.5;9;1;76.0;47;1;Samaha et al. (2019);Experiment 1;Orientation;1;40;;;;;;;25;1
12;0;170.6171875;-9.3828125;9;1;-55.0;48;0;Samaha et al. (2019);Experiment 1;Orientation;1;39;;;;;;;23;1
12;127;128.0546875;1.0546875;9;1;53.0;49;1;Samaha et al. (2019);Experiment 1;Orientation;1;40;;;;;;;26;1
12;144;162.0;18.0;9;1;-17.0;50;0;Samaha et al. (2019);Experiment 1;Orientation;1;39;;;;;;;24;1
12;124;128.9140625;4.9140625;9;1;20.0;51;1;Samaha et al. (2019);Experiment 1;Orientation;1;40;;;;;;;27;1
12;82;50.734375;-31.265625;9;1;42.0;52;0;Samaha et al. (2019);Experiment 1;Orientation;1;39;;;;;;;25;1
12;169;170.6484375;1.6484375;9;1;-87.0;53;0;Samaha et al. (2019);Experiment 1;Orientation;1;39;;;;;;;26;1
12;133;133.1640625;0.1640625;9;1;36.0;54;0;Samaha et al. (2019);Experiment 1;Orientation;1;39;;;;;;;27;1
12;131;136.8984375;5.8984375;9;1;2.0;55;0;Samaha et al. (2019);Experiment 1;Orientation;1;39;;;;;;;28;1
12;34;37.7734375;3.7734375;9;1;-83.0;56;1;Samaha et al. (2019);Experiment 1;Orientation;1;40;;;;;;;28;1
12;82;77.390625;-4.609375;9;1;-48.0;57;0;Samaha et al. (2019);Experiment 1;Orientation;1;39;;;;;;;29;1
12;41;50.5;9.5;9;1;41.0;58;0;Samaha et al. (2019);Experiment 1;Orientation;1;39;;;;;;;30;1
12;167;154.1328125;-12.8671875;9;1;54.0;59;0;Samaha et al. (2019);Experiment 1;Orientation;1;39;;;;;;;31;1
12;134;139.2421875;5.2421875;9;1;33.0;60;0;Samaha et al. (2019);Experiment 1;Orientation;1;39;;;;;;;32;1
12;134;139.2421875;5.2421875;9;1;0.0;61;1;Samaha et al. (2019);Experiment 1;Orientation;1;40;;;;;;;29;1
12;166;133.2421875;-32.7578125;9;2;-32.0;251;0;Samaha et al. (2019);Experiment 1;Orientation;1;39;;;;;;;1;2
12;142;134.9453125;-7.0546875;9;2;24.0;252;0;Samaha et al. (2019);Experiment 1;Orientation;1;39;;;;;;;2;2
12;7;16.9765625;9.9765625;9;2;-45.0;253;0;Samaha et al. (2019);Experiment 1;Orientation;1;39;;;;;;;3;2
12;151;138.84375;-12.15625;9;2;36.0;254;0;Samaha et al. (2019);Experiment 1;Orientation;1;39;;;;;;;4;2
12;86;78.5625;-7.4375;9;2;65.0;255;1;Samaha et al. (2019);Experiment 1;Orientation;1;40;;;;;;;1;2
12;178;5.3125;7.3125;9;2;88.0;256;1;Samaha et al. (2019);Experiment 1;Orientation;1;40;;;;;;;2;2
12;5;2.828125;-2.171875;9;2;-7.0;257;1;Samaha et al. (2019);Experiment 1;Orientation;1;40;;;;;;;3;2
12;154;144.84375;-9.15625;9;2;31.0;258;0;Samaha et al. (2019);Experiment 1;Orientation;1;39;;;;;;;5;2
12;71;51.640625;-19.359375;9;2;83.0;259;1;Samaha et al. (2019);Experiment 1;Orientation;1;40;;;;;;;4;2
12;23;32.6328125;9.6328125;9;2;48.0;260;0;Samaha et al. (2019);Experiment 1;Orientation;1;39;;;;;;;6;2
12;55;60.9140625;5.9140625;9;2;-32.0;261;0;Samaha et al. (2019);Experiment 1;Orientation;1;39;;;;;;;7;2
12;127;119.140625;-7.859375;9;2;-72.0;262;1;Samaha et al. (2019);Experiment 1;Orientation;1;40;;;;;;;5;2
12;69;70.0546875;1.0546875;9;2;58.0;263;0;Samaha et al. (2019);Experiment 1;Orientation;1;39;;;;;;;8;2
12;0;13.375;13.375;9;2;69.0;264;0;Samaha et al. (2019);Experiment 1;Orientation;1;39;;;;;;;9;2
12;100;105.109375;5.109375;9;2;80.0;265;0;Samaha et al. (2019);Experiment 1;Orientation;1;39;;;;;;;10;2
12;159;136.46875;-22.53125;9;2;-59.0;266;0;Samaha et al. (2019);Experiment 1;Orientation;1;39;;;;;;;11;2
12;66;64.15625;-1.84375;9;2;-87.0;267;0;Samaha et al. (2019);Experiment 1;Orientation;1;39;;;;;;;12;2
12;74;53.875;-20.125;9;2;-8.0;268;0;Samaha et al. (2019);Experiment 1;Orientation;1;39;;;;;;;13;2
12;163;138.9140625;-24.0859375;9;2;-89.0;269;1;Samaha et al. (2019);Experiment 1;Orientation;1;40;;;;;;;6;2
12;44;45.640625;1.640625;9;2;-61.0;270;1;Samaha et al. (2019);Experiment 1;Orientation;1;40;;;;;;;7;2
12;127;131.03125;4.03125;9;2;-83.0;271;0;Samaha et al. (2019);Experiment 1;Orientation;1;39;;;;;;;14;2
12;106;111.953125;5.953125;9;2;21.0;272;0;Samaha et al. (2019);Experiment 1;Orientation;1;39;;;;;;;15;2
12;172;139.34375;-32.65625;9;2;-66.0;273;1;Samaha et al. (2019);Experiment 1;Orientation;1;40;;;;;;;8;2
12;19;40.1015625;21.1015625;9;2;-27.0;274;1;Samaha et al. (2019);Experiment 1;Orientation;1;40;;;;;;;9;2
12;5;34.6796875;29.6796875;9;2;14.0;275;0;Samaha et al. (2019);Experiment 1;Orientation;1;39;;;;;;;16;2
12;13;52.84375;39.84375;9;2;-8.0;276;0;Samaha et al. (2019);Experiment 1;Orientation;1;39;;;;;;;17;2
12;113;117.015625;4.015625;9;2;80.0;277;1;Samaha et al. (2019);Experiment 1;Orientation;1;40;;;;;;;10;2
12;63;52.1015625;-10.8984375;9;2;50.0;278;1;Samaha et al. (2019);Experiment 1;Orientation;1;40;;;;;;;11;2
12;24;44.3046875;20.3046875;9;2;39.0;279;0;Samaha et al. (2019);Experiment 1;Orientation;1;39;;;;;;;18;2
12;143;129.6875;-13.3125;9;2;61.0;280;1;Samaha et al. (2019);Experiment 1;Orientation;1;40;;;;;;;12;2
12;76;54.78125;-21.21875;9;2;67.0;281;0;Samaha et al. (2019);Experiment 1;Orientation;1;39;;;;;;;19;2
12;93;95.7734375;2.7734375;9;2;-17.0;282;0;Samaha et al. (2019);Experiment 1;Orientation;1;39;;;;;;;20;2
12;130;132.9296875;2.9296875;9;2;-37.0;283;0;Samaha et al. (2019);Experiment 1;Orientation;1;39;;;;;;;21;2
12;157;142.453125;-14.546875;9;2;-27.0;284;1;Samaha et al. (2019);Experiment 1;Orientation;1;40;;;;;;;13;2
12;54;44.9921875;-9.0078125;9;2;-77.0;285;0;Samaha et al. (2019);Experiment 1;Orientation;1;39;;;;;;;22;2
12;82;83.0625;1.0625;9;2;-28.0;286;1;Samaha et al. (2019);Experiment 1;Orientation;1;40;;;;;;;14;2
12;25;41.2734375;16.2734375;9;2;57.0;287;0;Samaha et al. (2019);Experiment 1;Orientation;1;39;;;;;;;23;2
12;96;94.75;-1.25;9;2;-71.0;288;1;Samaha et al. (2019);Experiment 1;Orientation;1;40;;;;;;;15;2
12;101;93.2265625;-7.7734375;9;2;-5.0;289;1;Samaha et al. (2019);Experiment 1;Orientation;1;40;;;;;;;16;2
12;177;4.6328125;7.6328125;9;2;-76.0;290;0;Samaha et al. (2019);Experiment 1;Orientation;1;39;;;;;;;24;2
12;146;122.3671875;-23.6328125;9;2;31.0;291;1;Samaha et al. (2019);Experiment 1;Orientation;1;40;;;;;;;17;2
12;89;99.7265625;10.7265625;9;2;57.0;292;0;Samaha et al. (2019);Experiment 1;Orientation;1;39;;;;;;;25;2
12;159;160.53125;1.53125;9;2;-70.0;293;0;Samaha et al. (2019);Experiment 1;Orientation;1;39;;;;;;;26;2
12;87;78.0546875;-8.9453125;9;2;72.0;294;1;Samaha et al. (2019);Experiment 1;Orientation;1;40;;;;;;;18;2
12;0;6.9140625;6.9140625;9;2;87.0;295;1;Samaha et al. (2019);Experiment 1;Orientation;1;40;;;;;;;19;2
12;82;81.34375;-0.65625;9;2;-82.0;296;0;Samaha et al. (2019);Experiment 1;Orientation;1;39;;;;;;;27;2
12;131;162.8671875;31.8671875;9;2;-49.0;297;0;Samaha et al. (2019);Experiment 1;Orientation;1;39;;;;;;;28;2
12;84;72.46875;-11.53125;9;2;47.0;298;1;Samaha et al. (2019);Experiment 1;Orientation;1;40;;;;;;;20;2
12;141;124.515625;-16.484375;9;2;-57.0;299;1;Samaha et al. (2019);Experiment 1;Orientation;1;40;;;;;;;21;2
12;25;25.5703125;0.5703125;9;2;-64.0;300;0;Samaha et al. (2019);Experiment 1;Orientation;1;39;;;;;;;29;2
12;29;35.9375;6.9375;9;2;-4.0;301;1;Samaha et al. (2019);Experiment 1;Orientation;1;40;;;;;;;22;2
12;127;136.84375;9.84375;9;2;82.0;302;1;Samaha et al. (2019);Experiment 1;Orientation;1;40;;;;;;;23;2
12;126;156.796875;30.796875;9;2;1.0;303;1;Samaha et al. (2019);Experiment 1;Orientation;1;40;;;;;;;24;2
12;151;151.2421875;0.2421875;9;2;-25.0;304;0;Samaha et al. (2019);Experiment 1;Orientation;1;39;;;;;;;30;2
12;50;32.4140625;-17.5859375;9;2;-79.0;305;0;Samaha et al. (2019);Experiment 1;Orientation;1;39;;;;;;;31;2
12;116;32.3046875;-83.6953125;9;2;-66.0;306;0;Samaha et al. (2019);Experiment 1;Orientation;1;39;;;;;;;32;2
12;114;137.1640625;23.1640625;9;2;2.0;307;1;Samaha et al. (2019);Experiment 1;Orientation;1;40;;;;;;;25;2
12;107;111.0625;4.0625;9;2;7.0;308;1;Samaha et al. (2019);Experiment 1;Orientation;1;40;;;;;;;26;2
12;84;89.703125;5.703125;9;2;23.0;309;1;Samaha et al. (2019);Experiment 1;Orientation;1;40;;;;;;;27;2
12;149;120.0;-29.0;9;2;-65.0;310;0;Samaha et al. (2019);Experiment 1;Orientation;1;39;;;;;;;33;2
12;149;120.0;-29.0;9;2;0.0;311;1;Samaha et al. (2019);Experiment 1;Orientation;1;40;;;;;;;28;2
12;33;33.8359375;0.8359375;9;3;-64.0;501;0;Samaha et al. (2019);Experiment 1;Orientation;1;39;;;;;;;1;3
12;87;90.0078125;3.0078125;9;3;-54.0;502;0;Samaha et al. (2019);Experiment 1;Orientation;1;39;;;;;;;2;3
12;78;66.171875;-11.828125;9;3;9.0;503;0;Samaha et al. (2019);Experiment 1;Orientation;1;39;;;;;;;3;3
12;86;105.09375;19.09375;9;3;-8.0;504;1;Samaha et al. (2019);Experiment 1;Orientation;1;40;;;;;;;1;3
12;178;177.2421875;-0.7578125;9;3;88.0;505;0;Samaha et al. (2019);Experiment 1;Orientation;1;39;;;;;;;4;3
12;146;148.15625;2.15625;9;3;32.0;506;0;Samaha et al. (2019);Experiment 1;Orientation;1;39;;;;;;;5;3
12;103;119.2265625;16.2265625;9;3;43.0;507;0;Samaha et al. (2019);Experiment 1;Orientation;1;39;;;;;;;6;3
12;23;54.0703125;31.0703125;9;3;80.0;508;1;Samaha et al. (2019);Experiment 1;Orientation;1;40;;;;;;;2;3
12;56;59.375;3.375;9;3;-33.0;509;0;Samaha et al. (2019);Experiment 1;Orientation;1;39;;;;;;;7;3
12;100;109.7890625;9.7890625;9;3;-44.0;510;0;Samaha et al. (2019);Experiment 1;Orientation;1;39;;;;;;;8;3
12;119;121.5234375;2.5234375;9;3;-19.0;511;1;Samaha et al. (2019);Experiment 1;Orientation;1;40;;;;;;;3;3
12;60;51.5703125;-8.4296875;9;3;59.0;512;1;Samaha et al. (2019);Experiment 1;Orientation;1;40;;;;;;;4;3
12;178;1.90625;3.90625;9;3;62.0;513;0;Samaha et al. (2019);Experiment 1;Orientation;1;39;;;;;;;9;3
12;146;131.6875;-14.3125;9;3;32.0;514;0;Samaha et al. (2019);Experiment 1;Orientation;1;39;;;;;;;10;3
12;45;52.171875;7.171875;9;3;-79.0;515;1;Samaha et al. (2019);Experiment 1;Orientation;1;40;;;;;;;5;3
12;70;62.1171875;-7.8828125;9;3;-25.0;516;1;Samaha et al. (2019);Experiment 1;Orientation;1;40;;;;;;;6;3
12;147;124.0;-23.0;9;3;-77.0;517;0;Samaha et al. (2019);Experiment 1;Orientation;1;39;;;;;;;11;3
12;37;64.0;27.0;9;3;-70.0;518;1;Samaha et al. (2019);Experiment 1;Orientation;1;40;;;;;;;7;3
12;72;61.984375;-10.015625;9;3;-35.0;519;0;Samaha et al. (2019);Experiment 1;Orientation;1;39;;;;;;;12;3
12;95;95.921875;0.921875;9;3;-23.0;520;1;Samaha et al. (2019);Experiment 1;Orientation;1;40;;;;;;;8;3
12;137;141.390625;4.390625;9;3;-42.0;521;1;Samaha et al. (2019);Experiment 1;Orientation;1;40;;;;;;;9;3
12;59;62.4296875;3.4296875;9;3;78.0;522;1;Samaha et al. (2019);Experiment 1;Orientation;1;40;;;;;;;10;3
12;87;73.2109375;-13.7890625;9;3;-28.0;523;1;Samaha et al. (2019);Experiment 1;Orientation;1;40;;;;;;;11;3
12;75;83.0625;8.0625;9;3;12.0;524;0;Samaha et al. (2019);Experiment 1;Orientation;1;39;;;;;;;13;3
12;161;130.3203125;-30.6796875;9;3;-86.0;525;1;Samaha et al. (2019);Experiment 1;Orientation;1;40;;;;;;;12;3
12;63;52.0859375;-10.9140625;9;3;-82.0;526;0;Samaha et al. (2019);Experiment 1;Orientation;1;39;;;;;;;14;3
12;6;14.8984375;8.8984375;9;3;57.0;527;1;Samaha et al. (2019);Experiment 1;Orientation;1;40;;;;;;;13;3
12;72;66.734375;-5.265625;9;3;-66.0;528;1;Samaha et al. (2019);Experiment 1;Orientation;1;40;;;;;;;14;3
12;39;24.8984375;-14.1015625;9;3;33.0;529;0;Samaha et al. (2019);Experiment 1;Orientation;1;39;;;;;;;15;3
12;83;86.0390625;3.0390625;9;3;-44.0;530;1;Samaha et al. (2019);Experiment 1;Orientation;1;40;;;;;;;15;3
12;160;118.734375;-41.265625;9;3;-77.0;531;0;Samaha et al. (2019);Experiment 1;Orientation;1;39;;;;;;;16;3
12;91;95.046875;4.046875;9;3;69.0;532;1;Samaha et al. (2019);Experiment 1;Orientation;1;40;;;;;;;16;3
12;76;105.953125;29.953125;9;3;15.0;533;0;Samaha et al. (2019);Experiment 1;Orientation;1;39;;;;;;;17;3
12;132;130.484375;-1.515625;9;3;-56.0;534;1;Samaha et al. (2019);Experiment 1;Orientation;1;40;;;;;;;17;3
12;139;138.15625;-0.84375;9;3;-7.0;535;1;Samaha et al. (2019);Experiment 1;Orientation;1;40;;;;;;;18;3
12;36;46.6953125;10.6953125;9;3;-77.0;536;0;Samaha et al. (2019);Experiment 1;Orientation;1;39;;;;;;;18;3
12;165;143.4765625;-21.5234375;9;3;51.0;537;0;Samaha et al. (2019);Experiment 1;Orientation;1;39;;;;;;;19;3
12;165;159.7578125;-5.2421875;9;3;0.0;538;1;Samaha et al. (2019);Experiment 1;Orientation;1;40;;;;;;;19;3
12;175;175.6875;0.6875;9;3;-10.0;539;0;Samaha et al. (2019);Experiment 1;Orientation;1;39;;;;;;;20;3
12;8;20.3515625;12.3515625;9;3;-13.0;540;0;Samaha et al. (2019);Experiment 1;Orientation;1;39;;;;;;;21;3
12;93;90.9296875;-2.0703125;9;3;-85.0;541;0;Samaha et al. (2019);Experiment 1;Orientation;1;39;;;;;;;22;3
12;179;2.3515625;3.3515625;9;3;-86.0;542;1;Samaha et al. (2019);Experiment 1;Orientation;1;40;;;;;;;20;3
12;156;146.3984375;-9.6015625;9;3;23.0;543;0;Samaha et al. (2019);Experiment 1;Orientation;1;39;;;;;;;23;3
12;121;120.6484375;-0.3515625;9;3;35.0;544;0;Samaha et al. (2019);Experiment 1;Orientation;1;39;;;;;;;24;3
12;92;88.3359375;-3.6640625;9;3;29.0;545;1;Samaha et al. (2019);Experiment 1;Orientation;1;40;;;;;;;21;3
12;101;106.3671875;5.3671875;9;3;-9.0;546;0;Samaha et al. (2019);Experiment 1;Orientation;1;39;;;;;;;25;3
12;173;8.6953125;15.6953125;9;3;-72.0;547;0;Samaha et al. (2019);Experiment 1;Orientation;1;39;;;;;;;26;3
12;56;50.8984375;-5.1015625;9;3;-63.0;548;1;Samaha et al. (2019);Experiment 1;Orientation;1;40;;;;;;;22;3
12;78;63.7890625;-14.2109375;9;3;-22.0;549;0;Samaha et al. (2019);Experiment 1;Orientation;1;39;;;;;;;27;3
12;41;48.0546875;7.0546875;9;3;37.0;550;1;Samaha et al. (2019);Experiment 1;Orientation;1;40;;;;;;;23;3
12;108;130.4140625;22.4140625;9;3;-67.0;551;1;Samaha et al. (2019);Experiment 1;Orientation;1;40;;;;;;;24;3
12;167;161.9375;-5.0625;9;3;-59.0;552;1;Samaha et al. (2019);Experiment 1;Orientation;1;40;;;;;;;25;3
12;32;23.2734375;-8.7265625;9;3;-45.0;553;0;Samaha et al. (2019);Experiment 1;Orientation;1;39;;;;;;;28;3
12;133;132.6328125;-0.3671875;9;3;79.0;554;0;Samaha et al. (2019);Experiment 1;Orientation;1;39;;;;;;;29;3
12;138;137.390625;-0.609375;9;3;-5.0;555;1;Samaha et al. (2019);Experiment 1;Orientation;1;40;;;;;;;26;3
12;128;125.0625;-2.9375;9;3;10.0;556;0;Samaha et al. (2019);Experiment 1;Orientation;1;39;;;;;;;30;3
12;46;42.28125;-3.71875;9;3;82.0;557;1;Samaha et al. (2019);Experiment 1;Orientation;1;40;;;;;;;27;3
12;95;90.3203125;-4.6796875;9;3;-49.0;558;0;Samaha et al. (2019);Experiment 1;Orientation;1;39;;;;;;;31;3
12;145;124.859375;-20.140625;9;3;-50.0;559;0;Samaha et al. (2019);Experiment 1;Orientation;1;39;;;;;;;32;3
12;29;45.109375;16.109375;9;3;-64.0;560;1;Samaha et al. (2019);Experiment 1;Orientation;1;40;;;;;;;28;3
12;29;45.109375;16.109375;9;3;0.0;561;0;Samaha et al. (2019);Experiment 1;Orientation;1;39;;;;;;;33;3
12;153;136.78125;-16.21875;9;4;56.0;751;0;Samaha et al. (2019);Experiment 1;Orientation;1;39;;;;;;;1;4
12;81;58.0390625;-22.9609375;9;4;72.0;752;1;Samaha et al. (2019);Experiment 1;Orientation;1;40;;;;;;;1;4
12;86;74.1015625;-11.8984375;9;4;-5.0;753;1;Samaha et al. (2019);Experiment 1;Orientation;1;40;;;;;;;2;4
12;44;64.28125;20.28125;9;4;42.0;754;1;Samaha et al. (2019);Experiment 1;Orientation;1;40;;;;;;;3;4
12;139;128.203125;-10.796875;9;4;85.0;755;0;Samaha et al. (2019);Experiment 1;Orientation;1;39;;;;;;;2;4
12;123;114.6171875;-8.3828125;9;4;16.0;756;0;Samaha et al. (2019);Experiment 1;Orientation;1;39;;;;;;;3;4
12;170;169.140625;-0.859375;9;4;-47.0;757;0;Samaha et al. (2019);Experiment 1;Orientation;1;39;;;;;;;4;4
12;56;55.5234375;-0.4765625;9;4;-66.0;758;0;Samaha et al. (2019);Experiment 1;Orientation;1;39;;;;;;;5;4
12;76;74.5;-1.5;9;4;-20.0;759;0;Samaha et al. (2019);Experiment 1;Orientation;1;39;;;;;;;6;4
12;87;75.328125;-11.671875;9;4;-11.0;760;0;Samaha et al. (2019);Experiment 1;Orientation;1;39;;;;;;;7;4
12;38;49.703125;11.703125;9;4;49.0;761;0;Samaha et al. (2019);Experiment 1;Orientation;1;39;;;;;;;8;4
12;94;88.3203125;-5.6796875;9;4;-56.0;762;0;Samaha et al. (2019);Experiment 1;Orientation;1;39;;;;;;;9;4
12;26;56.15625;30.15625;9;4;68.0;763;0;Samaha et al. (2019);Experiment 1;Orientation;1;39;;;;;;;10;4
12;108;116.0859375;8.0859375;9;4;-82.0;764;1;Samaha et al. (2019);Experiment 1;Orientation;1;40;;;;;;;4;4
12;77;86.6171875;9.6171875;9;4;31.0;765;1;Samaha et al. (2019);Experiment 1;Orientation;1;40;;;;;;;5;4
12;67;49.609375;-17.390625;9;4;10.0;766;0;Samaha et al. (2019);Experiment 1;Orientation;1;39;;;;;;;11;4
12;60;60.9453125;0.9453125;9;4;7.0;767;0;Samaha et al. (2019);Experiment 1;Orientation;1;39;;;;;;;12;4
12;4;6.0;2.0;9;4;56.0;768;0;Samaha et al. (2019);Experiment 1;Orientation;1;39;;;;;;;13;4
12;27;48.4140625;21.4140625;9;4;-23.0;769;1;Samaha et al. (2019);Experiment 1;Orientation;1;40;;;;;;;6;4
12;0;8.9296875;8.9296875;9;4;27.0;770;1;Samaha et al. (2019);Experiment 1;Orientation;1;40;;;;;;;7;4
12;163;160.0390625;-2.9609375;9;4;17.0;771;0;Samaha et al. (2019);Experiment 1;Orientation;1;39;;;;;;;14;4
12;60;32.15625;-27.84375;9;4;-77.0;772;1;Samaha et al. (2019);Experiment 1;Orientation;1;40;;;;;;;8;4
12;43;60.0;17.0;9;4;17.0;773;1;Samaha et al. (2019);Experiment 1;Orientation;1;40;;;;;;;9;4
12;14;20.484375;6.484375;9;4;29.0;774;0;Samaha et al. (2019);Experiment 1;Orientation;1;39;;;;;;;15;4
12;119;135.625;16.625;9;4;75.0;775;1;Samaha et al. (2019);Experiment 1;Orientation;1;40;;;;;;;10;4
12;1;16.0;15.0;9;4;-62.0;776;0;Samaha et al. (2019);Experiment 1;Orientation;1;39;;;;;;;16;4
12;39;43.7421875;4.7421875;9;4;-38.0;777;1;Samaha et al. (2019);Experiment 1;Orientation;1;40;;;;;;;11;4
12;148;139.359375;-8.640625;9;4;71.0;778;0;Samaha et al. (2019);Experiment 1;Orientation;1;39;;;;;;;17;4
12;114;114.453125;0.453125;9;4;34.0;779;1;Samaha et al. (2019);Experiment 1;Orientation;1;40;;;;;;;12;4
12;18;51.390625;33.390625;9;4;-84.0;780;1;Samaha et al. (2019);Experiment 1;Orientation;1;40;;;;;;;13;4
12;87;94.0234375;7.0234375;9;4;-69.0;781;0;Samaha et al. (2019);Experiment 1;Orientation;1;39;;;;;;;18;4
12;78;47.03125;-30.96875;9;4;9.0;782;1;Samaha et al. (2019);Experiment 1;Orientation;1;40;;;;;;;14;4
12;147;122.828125;-24.171875;9;4;-69.0;783;1;Samaha et al. (2019);Experiment 1;Orientation;1;40;;;;;;;15;4
12;28;45.1953125;17.1953125;9;4;-61.0;784;1;Samaha et al. (2019);Experiment 1;Orientation;1;40;;;;;;;16;4
12;16;42.0;26.0;9;4;12.0;785;1;Samaha et al. (2019);Experiment 1;Orientation;1;40;;;;;;;17;4
12;4;4.3203125;0.3203125;9;4;12.0;786;0;Samaha et al. (2019);Experiment 1;Orientation;1;39;;;;;;;19;4
12;148;126.453125;-21.546875;9;4;36.0;787;1;Samaha et al. (2019);Experiment 1;Orientation;1;40;;;;;;;18;4
12;111;121.8359375;10.8359375;9;4;37.0;788;0;Samaha et al. (2019);Experiment 1;Orientation;1;39;;;;;;;20;4
12;103;118.6484375;15.6484375;9;4;8.0;789;1;Samaha et al. (2019);Experiment 1;Orientation;1;40;;;;;;;19;4
12;62;47.7890625;-14.2109375;9;4;41.0;790;1;Samaha et al. (2019);Experiment 1;Orientation;1;40;;;;;;;20;4
12;165;154.9140625;-10.0859375;9;4;77.0;791;1;Samaha et al. (2019);Experiment 1;Orientation;1;40;;;;;;;21;4
12;49;126.9921875;77.9921875;9;4;-64.0;792;1;Samaha et al. (2019);Experiment 1;Orientation;1;40;;;;;;;22;4
12;162;152.6640625;-9.3359375;9;4;67.0;793;1;Samaha et al. (2019);Experiment 1;Orientation;1;40;;;;;;;23;4
12;33;24.234375;-8.765625;9;4;-51.0;794;0;Samaha et al. (2019);Experiment 1;Orientation;1;39;;;;;;;21;4
12;54;46.6484375;-7.3515625;9;4;-21.0;795;0;Samaha et al. (2019);Experiment 1;Orientation;1;39;;;;;;;22;4
12;25;28.9140625;3.9140625;9;4;29.0;796;0;Samaha et al. (2019);Experiment 1;Orientation;1;39;;;;;;;23;4
12;27;36.265625;9.265625;9;4;-2.0;797;1;Samaha et al. (2019);Experiment 1;Orientation;1;40;;;;;;;24;4
12;54;60.6640625;6.6640625;9;4;-27.0;798;0;Samaha et al. (2019);Experiment 1;Orientation;1;39;;;;;;;24;4
12;141;127.625;-13.375;9;4;-87.0;799;0;Samaha et al. (2019);Experiment 1;Orientation;1;39;;;;;;;25;4
12;43;65.1796875;22.1796875;9;4;-82.0;800;1;Samaha et al. (2019);Experiment 1;Orientation;1;40;;;;;;;25;4
12;28;60.0;32.0;9;4;15.0;801;1;Samaha et al. (2019);Experiment 1;Orientation;1;40;;;;;;;26;4
12;31;20.4375;-10.5625;9;4;-3.0;802;1;Samaha et al. (2019);Experiment 1;Orientation;1;40;;;;;;;27;4
12;121;131.921875;10.921875;9;4;-90.0;803;1;Samaha et al. (2019);Experiment 1;Orientation;1;40;;;;;;;28;4
12;40;80.0;40.0;9;4;81.0;804;1;Samaha et al. (2019);Experiment 1;Orientation;1;40;;;;;;;29;4
12;109;119.875;10.875;9;4;-69.0;805;1;Samaha et al. (2019);Experiment 1;Orientation;1;40;;;;;;;30;4
12;134;140.5625;6.5625;9;4;-25.0;806;1;Samaha et al. (2019);Experiment 1;Orientation;1;40;;;;;;;31;4
12;75;117.390625;42.390625;9;4;59.0;807;0;Samaha et al. (2019);Experiment 1;Orientation;1;39;;;;;;;26;4
12;173;2.4296875;9.4296875;9;4;82.0;808;0;Samaha et al. (2019);Experiment 1;Orientation;1;39;;;;;;;27;4
12;159;157.328125;-1.671875;9;4;14.0;809;0;Samaha et al. (2019);Experiment 1;Orientation;1;39;;;;;;;28;4
12;144;141.5390625;-2.4609375;9;4;15.0;810;1;Samaha et al. (2019);Experiment 1;Orientation;1;40;;;;;;;32;4
12;144;141.5390625;-2.4609375;9;4;0.0;811;0;Samaha et al. (2019);Experiment 1;Orientation;1;39;;;;;;;29;4
12;112;114.9140625;2.9140625;9;5;32.0;1001;0;Samaha et al. (2019);Experiment 1;Orientation;1;39;;;;;;;1;5
12;71;61.8203125;-9.1796875;9;5;41.0;1002;1;Samaha et al. (2019);Experiment 1;Orientation;1;40;;;;;;;1;5
12;42;49.9375;7.9375;9;5;29.0;1003;0;Samaha et al. (2019);Experiment 1;Orientation;1;39;;;;;;;2;5
12;139;124.3359375;-14.6640625;9;5;83.0;1004;1;Samaha et al. (2019);Experiment 1;Orientation;1;40;;;;;;;2;5
12;118;131.34375;13.34375;9;5;21.0;1005;1;Samaha et al. (2019);Experiment 1;Orientation;1;40;;;;;;;3;5
12;168;158.0546875;-9.9453125;9;5;-50.0;1006;0;Samaha et al. (2019);Experiment 1;Orientation;1;39;;;;;;;3;5
12;125;118.3203125;-6.6796875;9;5;43.0;1007;1;Samaha et al. (2019);Experiment 1;Orientation;1;40;;;;;;;4;5
12;61;56.5625;-4.4375;9;5;64.0;1008;0;Samaha et al. (2019);Experiment 1;Orientation;1;39;;;;;;;4;5
12;167;167.703125;0.703125;9;5;74.0;1009;0;Samaha et al. (2019);Experiment 1;Orientation;1;39;;;;;;;5;5
12;130;147.5703125;17.5703125;9;5;37.0;1010;1;Samaha et al. (2019);Experiment 1;Orientation;1;40;;;;;;;5;5
12;94;114.453125;20.453125;9;5;36.0;1011;1;Samaha et al. (2019);Experiment 1;Orientation;1;40;;;;;;;6;5
12;155;110.234375;-44.765625;9;5;-61.0;1012;1;Samaha et al. (2019);Experiment 1;Orientation;1;40;;;;;;;7;5
12;125;76.9921875;-48.0078125;9;5;30.0;1013;0;Samaha et al. (2019);Experiment 1;Orientation;1;39;;;;;;;6;5
12;34;37.015625;3.015625;9;5;-89.0;1014;1;Samaha et al. (2019);Experiment 1;Orientation;1;40;;;;;;;8;5
12;61;58.9296875;-2.0703125;9;5;-27.0;1015;0;Samaha et al. (2019);Experiment 1;Orientation;1;39;;;;;;;7;5
12;116;119.0625;3.0625;9;5;-55.0;1016;1;Samaha et al. (2019);Experiment 1;Orientation;1;40;;;;;;;9;5
12;24;44.7109375;20.7109375;9;5;-88.0;1017;1;Samaha et al. (2019);Experiment 1;Orientation;1;40;;;;;;;10;5
12;54;44.1015625;-9.8984375;9;5;-30.0;1018;1;Samaha et al. (2019);Experiment 1;Orientation;1;40;;;;;;;11;5
12;30;53.375;23.375;9;5;24.0;1019;1;Samaha et al. (2019);Experiment 1;Orientation;1;40;;;;;;;12;5
12;142;138.84375;-3.15625;9;5;68.0;1020;1;Samaha et al. (2019);Experiment 1;Orientation;1;40;;;;;;;13;5
12;115;130.6796875;15.6796875;9;5;27.0;1021;1;Samaha et al. (2019);Experiment 1;Orientation;1;40;;;;;;;14;5
12;151;131.921875;-19.078125;9;5;-36.0;1022;0;Samaha et al. (2019);Experiment 1;Orientation;1;39;;;;;;;8;5
12;175;2.546875;7.546875;9;5;-24.0;1023;1;Samaha et al. (2019);Experiment 1;Orientation;1;40;;;;;;;15;5
12;86;89.1953125;3.1953125;9;5;89.0;1024;0;Samaha et al. (2019);Experiment 1;Orientation;1;39;;;;;;;9;5
12;108;103.90625;-4.09375;9;5;-22.0;1025;0;Samaha et al. (2019);Experiment 1;Orientation;1;39;;;;;;;10;5
12;65;57.2578125;-7.7421875;9;5;43.0;1026;1;Samaha et al. (2019);Experiment 1;Orientation;1;40;;;;;;;16;5
12;64;72.0;8.0;9;5;1.0;1027;0;Samaha et al. (2019);Experiment 1;Orientation;1;39;;;;;;;11;5
12;138;129.125;-8.875;9;5;-74.0;1028;0;Samaha et al. (2019);Experiment 1;Orientation;1;39;;;;;;;12;5
12;74;74.6796875;0.6796875;9;5;64.0;1029;1;Samaha et al. (2019);Experiment 1;Orientation;1;40;;;;;;;17;5
12;93;86.6328125;-6.3671875;9;5;-19.0;1030;1;Samaha et al. (2019);Experiment 1;Orientation;1;40;;;;;;;18;5
12;132;62.265625;-69.734375;9;5;-39.0;1031;0;Samaha et al. (2019);Experiment 1;Orientation;1;39;;;;;;;13;5
12;29;43.3125;14.3125;9;5;-77.0;1032;0;Samaha et al. (2019);Experiment 1;Orientation;1;39;;;;;;;14;5
12;155;126.25;-28.75;9;5;54.0;1033;1;Samaha et al. (2019);Experiment 1;Orientation;1;40;;;;;;;19;5
12;103;115.953125;12.953125;9;5;52.0;1034;1;Samaha et al. (2019);Experiment 1;Orientation;1;40;;;;;;;20;5
12;78;73.1640625;-4.8359375;9;5;25.0;1035;1;Samaha et al. (2019);Experiment 1;Orientation;1;40;;;;;;;21;5
12;88;80.3046875;-7.6953125;9;5;-10.0;1036;1;Samaha et al. (2019);Experiment 1;Orientation;1;40;;;;;;;22;5
12;93;87.328125;-5.671875;9;5;-5.0;1037;1;Samaha et al. (2019);Experiment 1;Orientation;1;40;;;;;;;23;5
12;79;60.546875;-18.453125;9;5;14.0;1038;0;Samaha et al. (2019);Experiment 1;Orientation;1;39;;;;;;;15;5
12;56;53.59375;-2.40625;9;5;23.0;1039;1;Samaha et al. (2019);Experiment 1;Orientation;1;40;;;;;;;24;5
12;150;109.640625;-40.359375;9;5;86.0;1040;1;Samaha et al. (2019);Experiment 1;Orientation;1;40;;;;;;;25;5
12;162;138.5859375;-23.4140625;9;5;-12.0;1041;0;Samaha et al. (2019);Experiment 1;Orientation;1;39;;;;;;;16;5
12;6;30.4296875;24.4296875;9;5;-24.0;1042;0;Samaha et al. (2019);Experiment 1;Orientation;1;39;;;;;;;17;5
12;167;148.9453125;-18.0546875;9;5;19.0;1043;0;Samaha et al. (2019);Experiment 1;Orientation;1;39;;;;;;;18;5
12;146;161.921875;15.921875;9;5;21.0;1044;0;Samaha et al. (2019);Experiment 1;Orientation;1;39;;;;;;;19;5
12;56;45.015625;-10.984375;9;5;90.0;1045;0;Samaha et al. (2019);Experiment 1;Orientation;1;39;;;;;;;20;5
12;62;60.78125;-1.21875;9;5;-6.0;1046;0;Samaha et al. (2019);Experiment 1;Orientation;1;39;;;;;;;21;5
12;108;96.1015625;-11.8984375;9;5;-46.0;1047;1;Samaha et al. (2019);Experiment 1;Orientation;1;40;;;;;;;26;5
12;0;177.2265625;-2.7734375;9;5;-72.0;1048;0;Samaha et al. (2019);Experiment 1;Orientation;1;39;;;;;;;22;5
12;106;115.7890625;9.7890625;9;5;74.0;1049;1;Samaha et al. (2019);Experiment 1;Orientation;1;40;;;;;;;27;5
12;38;38.9921875;0.9921875;9;5;68.0;1050;1;Samaha et al. (2019);Experiment 1;Orientation;1;40;;;;;;;28;5
12;127;118.171875;-8.828125;9;5;-89.0;1051;1;Samaha et al. (2019);Experiment 1;Orientation;1;40;;;;;;;29;5
12;8;25.96875;17.96875;9;5;-61.0;1052;1;Samaha et al. (2019);Experiment 1;Orientation;1;40;;;;;;;30;5
12;77;68.15625;-8.84375;9;5;-69.0;1053;1;Samaha et al. (2019);Experiment 1;Orientation;1;40;;;;;;;31;5
12;176;0.9296875;4.9296875;9;5;81.0;1054;0;Samaha et al. (2019);Experiment 1;Orientation;1;39;;;;;;;23;5
12;71;67.421875;-3.578125;9;5;-75.0;1055;1;Samaha et al. (2019);Experiment 1;Orientation;1;40;;;;;;;32;5
12;20;44.3671875;24.3671875;9;5;51.0;1056;1;Samaha et al. (2019);Experiment 1;Orientation;1;40;;;;;;;33;5
12;28;20.484375;-7.515625;9;5;-8.0;1057;0;Samaha et al. (2019);Experiment 1;Orientation;1;39;;;;;;;24;5
12;145;127.953125;-17.046875;9;5;63.0;1058;1;Samaha et al. (2019);Experiment 1;Orientation;1;40;;;;;;;34;5
12;104;119.953125;15.953125;9;5;41.0;1059;0;Samaha et al. (2019);Experiment 1;Orientation;1;39;;;;;;;25;5
12;64;35.03125;-28.96875;9;5;40.0;1060;1;Samaha et al. (2019);Experiment 1;Orientation;1;40;;;;;;;35;5
12;64;35.03125;-28.96875;9;5;0.0;1061;1;Samaha et al. (2019);Experiment 1;Orientation;1;40;;;;;;;36;5
13;154;125.4921875;-28.5078125;9;1;-90.0;1;1;Samaha et al. (2019);Experiment 1;Orientation;1;40;;;;;;;1;1
13;97;88.828125;-8.171875;9;1;57.0;2;0;Samaha et al. (2019);Experiment 1;Orientation;1;39;;;;;;;1;1
13;115;133.015625;18.015625;9;1;-18.0;3;1;Samaha et al. (2019);Experiment 1;Orientation;1;40;;;;;;;2;1
13;146;153.96875;7.96875;9;1;-31.0;4;0;Samaha et al. (2019);Experiment 1;Orientation;1;39;;;;;;;2;1
13;68;37.40625;-30.59375;9;1;78.0;5;1;Samaha et al. (2019);Experiment 1;Orientation;1;40;;;;;;;3;1
13;4;179.890625;-4.109375;9;1;64.0;6;1;Samaha et al. (2019);Experiment 1;Orientation;1;40;;;;;;;4;1
13;104;114.9921875;10.9921875;9;1;80.0;7;0;Samaha et al. (2019);Experiment 1;Orientation;1;39;;;;;;;3;1
13;27;25.34375;-1.65625;9;1;77.0;8;1;Samaha et al. (2019);Experiment 1;Orientation;1;40;;;;;;;5;1
13;112;118.8125;6.8125;9;1;-85.0;9;1;Samaha et al. (2019);Experiment 1;Orientation;1;40;;;;;;;6;1
13;3;21.7734375;18.7734375;9;1;-71.0;10;1;Samaha et al. (2019);Experiment 1;Orientation;1;40;;;;;;;7;1
13;118;117.96875;-0.03125;9;1;65.0;11;0;Samaha et al. (2019);Experiment 1;Orientation;1;39;;;;;;;4;1
13;73;143.2578125;70.2578125;9;1;45.0;12;0;Samaha et al. (2019);Experiment 1;Orientation;1;39;;;;;;;5;1
13;72;41.4453125;-30.5546875;9;1;1.0;13;0;Samaha et al. (2019);Experiment 1;Orientation;1;39;;;;;;;6;1
13;55;51.34375;-3.65625;9;1;17.0;14;1;Samaha et al. (2019);Experiment 1;Orientation;1;40;;;;;;;8;1
13;77;63.359375;-13.640625;9;1;-22.0;15;0;Samaha et al. (2019);Experiment 1;Orientation;1;39;;;;;;;7;1
13;111;119.5546875;8.5546875;9;1;-34.0;16;1;Samaha et al. (2019);Experiment 1;Orientation;1;40;;;;;;;9;1
13;72;60.8125;-11.1875;9;1;39.0;17;0;Samaha et al. (2019);Experiment 1;Orientation;1;39;;;;;;;8;1
13;169;177.375;8.375;9;1;83.0;18;0;Samaha et al. (2019);Experiment 1;Orientation;1;39;;;;;;;9;1
13;31;34.1015625;3.1015625;9;1;-42.0;19;1;Samaha et al. (2019);Experiment 1;Orientation;1;40;;;;;;;10;1
13;130;126.0;-4.0;9;1;81.0;20;1;Samaha et al. (2019);Experiment 1;Orientation;1;40;;;;;;;11;1
13;48;27.140625;-20.859375;9;1;82.0;21;1;Samaha et al. (2019);Experiment 1;Orientation;1;40;;;;;;;12;1
13;8;25.2265625;17.2265625;9;1;40.0;22;0;Samaha et al. (2019);Experiment 1;Orientation;1;39;;;;;;;10;1
13;23;28.6796875;5.6796875;9;1;-15.0;23;0;Samaha et al. (2019);Experiment 1;Orientation;1;39;;;;;;;11;1
13;173;171.7734375;-1.2265625;9;1;30.0;24;0;Samaha et al. (2019);Experiment 1;Orientation;1;39;;;;;;;12;1
13;90;75.078125;-14.921875;9;1;83.0;25;0;Samaha et al. (2019);Experiment 1;Orientation;1;39;;;;;;;13;1
13;72;71.8515625;-0.1484375;9;1;18.0;26;1;Samaha et al. (2019);Experiment 1;Orientation;1;40;;;;;;;13;1
13;100;92.171875;-7.828125;9;1;-28.0;27;1;Samaha et al. (2019);Experiment 1;Orientation;1;40;;;;;;;14;1
13;77;56.3984375;-20.6015625;9;1;23.0;28;1;Samaha et al. (2019);Experiment 1;Orientation;1;40;;;;;;;15;1
13;140;150.0;10.0;9;1;-63.0;29;1;Samaha et al. (2019);Experiment 1;Orientation;1;40;;;;;;;16;1
13;19;18.6953125;-0.3046875;9;1;-59.0;30;0;Samaha et al. (2019);Experiment 1;Orientation;1;39;;;;;;;14;1
13;86;88.0234375;2.0234375;9;1;-67.0;31;0;Samaha et al. (2019);Experiment 1;Orientation;1;39;;;;;;;15;1
13;112;106.0859375;-5.9140625;9;1;-26.0;32;1;Samaha et al. (2019);Experiment 1;Orientation;1;40;;;;;;;17;1
13;146;161.90625;15.90625;9;1;-34.0;33;0;Samaha et al. (2019);Experiment 1;Orientation;1;39;;;;;;;16;1
13;23;21.65625;-1.34375;9;1;-57.0;34;0;Samaha et al. (2019);Experiment 1;Orientation;1;39;;;;;;;17;1
13;145;126.6171875;-18.3828125;9;1;58.0;35;1;Samaha et al. (2019);Experiment 1;Orientation;1;40;;;;;;;18;1
13;27;18.3515625;-8.6484375;9;1;-62.0;36;1;Samaha et al. (2019);Experiment 1;Orientation;1;40;;;;;;;19;1
13;67;65.375;-1.625;9;1;-40.0;37;1;Samaha et al. (2019);Experiment 1;Orientation;1;40;;;;;;;20;1
13;26;29.2734375;3.2734375;9;1;41.0;38;0;Samaha et al. (2019);Experiment 1;Orientation;1;39;;;;;;;18;1
13;61;60.5859375;-0.4140625;9;1;-35.0;39;0;Samaha et al. (2019);Experiment 1;Orientation;1;39;;;;;;;19;1
13;112;119.2265625;7.2265625;9;1;-51.0;40;0;Samaha et al. (2019);Experiment 1;Orientation;1;39;;;;;;;20;1
13;113;130.3828125;17.3828125;9;1;-1.0;41;1;Samaha et al. (2019);Experiment 1;Orientation;1;40;;;;;;;21;1
13;40;34.0;-6.0;9;1;73.0;42;0;Samaha et al. (2019);Experiment 1;Orientation;1;39;;;;;;;21;1
13;133;139.8203125;6.8203125;9;1;87.0;43;1;Samaha et al. (2019);Experiment 1;Orientation;1;40;;;;;;;22;1
13;125;136.5;11.5;9;1;8.0;44;0;Samaha et al. (2019);Experiment 1;Orientation;1;39;;;;;;;22;1
13;89;79.703125;-9.296875;9;1;36.0;45;1;Samaha et al. (2019);Experiment 1;Orientation;1;40;;;;;;;23;1
13;91;90.484375;-0.515625;9;1;-2.0;46;1;Samaha et al. (2019);Experiment 1;Orientation;1;40;;;;;;;24;1
13;102;106.546875;4.546875;9;1;-11.0;47;1;Samaha et al. (2019);Experiment 1;Orientation;1;40;;;;;;;25;1
13;16;18.8828125;2.8828125;9;1;86.0;48;0;Samaha et al. (2019);Experiment 1;Orientation;1;39;;;;;;;23;1
13;14;15.34375;1.34375;9;1;2.0;49;0;Samaha et al. (2019);Experiment 1;Orientation;1;39;;;;;;;24;1
13;53;53.1796875;0.1796875;9;1;-39.0;50;1;Samaha et al. (2019);Experiment 1;Orientation;1;40;;;;;;;26;1
13;48;35.390625;-12.609375;9;1;5.0;51;0;Samaha et al. (2019);Experiment 1;Orientation;1;39;;;;;;;25;1
13;26;34.0;8.0;9;1;22.0;52;0;Samaha et al. (2019);Experiment 1;Orientation;1;39;;;;;;;26;1
13;13;25.7421875;12.7421875;9;1;13.0;53;0;Samaha et al. (2019);Experiment 1;Orientation;1;39;;;;;;;27;1
13;120;34.0;-86.0;9;1;73.0;54;0;Samaha et al. (2019);Experiment 1;Orientation;1;39;;;;;;;28;1
13;125;125.109375;0.109375;9;1;-5.0;55;1;Samaha et al. (2019);Experiment 1;Orientation;1;40;;;;;;;27;1
13;23;26.46875;3.46875;9;1;-78.0;56;0;Samaha et al. (2019);Experiment 1;Orientation;1;39;;;;;;;29;1
13;50;41.5703125;-8.4296875;9;1;-27.0;57;0;Samaha et al. (2019);Experiment 1;Orientation;1;39;;;;;;;30;1
13;152;156.9921875;4.9921875;9;1;78.0;58;0;Samaha et al. (2019);Experiment 1;Orientation;1;39;;;;;;;31;1
13;118;132.8984375;14.8984375;9;1;34.0;59;0;Samaha et al. (2019);Experiment 1;Orientation;1;39;;;;;;;32;1
13;60;52.84375;-7.15625;9;1;58.0;60;1;Samaha et al. (2019);Experiment 1;Orientation;1;40;;;;;;;28;1
13;60;52.84375;-7.15625;9;1;0.0;61;1;Samaha et al. (2019);Experiment 1;Orientation;1;40;;;;;;;29;1
13;151;57.34375;86.34375;9;2;89.0;251;1;Samaha et al. (2019);Experiment 1;Orientation;1;40;;;;;;;1;2
13;143;143.8203125;0.8203125;9;2;8.0;252;0;Samaha et al. (2019);Experiment 1;Orientation;1;39;;;;;;;1;2
13;82;75.2578125;-6.7421875;9;2;61.0;253;0;Samaha et al. (2019);Experiment 1;Orientation;1;39;;;;;;;2;2
13;163;156.3671875;-6.6328125;9;2;-81.0;254;1;Samaha et al. (2019);Experiment 1;Orientation;1;40;;;;;;;2;2
13;3;170.234375;-12.765625;9;2;-20.0;255;1;Samaha et al. (2019);Experiment 1;Orientation;1;40;;;;;;;3;2
13;165;162.0;-3.0;9;2;18.0;256;1;Samaha et al. (2019);Experiment 1;Orientation;1;40;;;;;;;4;2
13;167;143.34375;-23.65625;9;2;-2.0;257;0;Samaha et al. (2019);Experiment 1;Orientation;1;39;;;;;;;3;2
13;148;150.6171875;2.6171875;9;2;19.0;258;0;Samaha et al. (2019);Experiment 1;Orientation;1;39;;;;;;;4;2
13;123;139.1953125;16.1953125;9;2;25.0;259;1;Samaha et al. (2019);Experiment 1;Orientation;1;40;;;;;;;5;2
13;171;166.6171875;-4.3828125;9;2;-48.0;260;1;Samaha et al. (2019);Experiment 1;Orientation;1;40;;;;;;;6;2
13;139;141.0625;2.0625;9;2;32.0;261;0;Samaha et al. (2019);Experiment 1;Orientation;1;39;;;;;;;5;2
13;122;113.1953125;-8.8046875;9;2;17.0;262;1;Samaha et al. (2019);Experiment 1;Orientation;1;40;;;;;;;7;2
13;148;134.9921875;-13.0078125;9;2;-26.0;263;1;Samaha et al. (2019);Experiment 1;Orientation;1;40;;;;;;;8;2
13;71;55.2421875;-15.7578125;9;2;77.0;264;1;Samaha et al. (2019);Experiment 1;Orientation;1;40;;;;;;;9;2
13;61;60.5859375;-0.4140625;9;2;10.0;265;0;Samaha et al. (2019);Experiment 1;Orientation;1;39;;;;;;;6;2
13;23;36.0;13.0;9;2;38.0;266;1;Samaha et al. (2019);Experiment 1;Orientation;1;40;;;;;;;10;2
13;39;38.0390625;-0.9609375;9;2;-16.0;267;1;Samaha et al. (2019);Experiment 1;Orientation;1;40;;;;;;;11;2
13;100;95.96875;-4.03125;9;2;-61.0;268;1;Samaha et al. (2019);Experiment 1;Orientation;1;40;;;;;;;12;2
13;179;164.515625;-14.484375;9;2;-79.0;269;0;Samaha et al. (2019);Experiment 1;Orientation;1;39;;;;;;;7;2
13;105;112.6171875;7.6171875;9;2;74.0;270;0;Samaha et al. (2019);Experiment 1;Orientation;1;39;;;;;;;8;2
13;65;45.7890625;-19.2109375;9;2;40.0;271;0;Samaha et al. (2019);Experiment 1;Orientation;1;39;;;;;;;9;2
13;66;58.9609375;-7.0390625;9;2;-1.0;272;0;Samaha et al. (2019);Experiment 1;Orientation;1;39;;;;;;;10;2
13;84;69.0625;-14.9375;9;2;-18.0;273;0;Samaha et al. (2019);Experiment 1;Orientation;1;39;;;;;;;11;2
13;139;116.0859375;-22.9140625;9;2;-55.0;274;0;Samaha et al. (2019);Experiment 1;Orientation;1;39;;;;;;;12;2
13;31;31.609375;0.609375;9;2;-72.0;275;0;Samaha et al. (2019);Experiment 1;Orientation;1;39;;;;;;;13;2
13;127;128.6171875;1.6171875;9;2;84.0;276;0;Samaha et al. (2019);Experiment 1;Orientation;1;39;;;;;;;14;2
13;28;28.6171875;0.6171875;9;2;-81.0;277;0;Samaha et al. (2019);Experiment 1;Orientation;1;39;;;;;;;15;2
13;15;37.90625;22.90625;9;2;13.0;278;0;Samaha et al. (2019);Experiment 1;Orientation;1;39;;;;;;;16;2
13;36;41.5390625;5.5390625;9;2;-21.0;279;1;Samaha et al. (2019);Experiment 1;Orientation;1;40;;;;;;;13;2
13;160;155.7421875;-4.2578125;9;2;56.0;280;0;Samaha et al. (2019);Experiment 1;Orientation;1;39;;;;;;;17;2
13;133;132.84375;-0.15625;9;2;27.0;281;1;Samaha et al. (2019);Experiment 1;Orientation;1;40;;;;;;;14;2
13;132;140.0;8.0;9;2;1.0;282;1;Samaha et al. (2019);Experiment 1;Orientation;1;40;;;;;;;15;2
13;168;148.0;-20.0;9;2;-36.0;283;0;Samaha et al. (2019);Experiment 1;Orientation;1;39;;;;;;;18;2
13;156;148.6328125;-7.3671875;9;2;12.0;284;1;Samaha et al. (2019);Experiment 1;Orientation;1;40;;;;;;;16;2
13;78;72.0;-6.0;9;2;78.0;285;0;Samaha et al. (2019);Experiment 1;Orientation;1;39;;;;;;;19;2
13;174;170.8125;-3.1875;9;2;84.0;286;0;Samaha et al. (2019);Experiment 1;Orientation;1;39;;;;;;;20;2
13;172;178.0703125;6.0703125;9;2;2.0;287;0;Samaha et al. (2019);Experiment 1;Orientation;1;39;;;;;;;21;2
13;178;175.2109375;-2.7890625;9;2;-6.0;288;0;Samaha et al. (2019);Experiment 1;Orientation;1;39;;;;;;;22;2
13;82;80.9140625;-1.0859375;9;2;-84.0;289;1;Samaha et al. (2019);Experiment 1;Orientation;1;40;;;;;;;17;2
13;47;46.6484375;-0.3515625;9;2;35.0;290;0;Samaha et al. (2019);Experiment 1;Orientation;1;39;;;;;;;23;2
13;15;10.6015625;-4.3984375;9;2;32.0;291;0;Samaha et al. (2019);Experiment 1;Orientation;1;39;;;;;;;24;2
13;109;108.25;-0.75;9;2;86.0;292;1;Samaha et al. (2019);Experiment 1;Orientation;1;40;;;;;;;18;2
13;141;138.75;-2.25;9;2;-32.0;293;0;Samaha et al. (2019);Experiment 1;Orientation;1;39;;;;;;;25;2
13;150;153.7734375;3.7734375;9;2;-9.0;294;0;Samaha et al. (2019);Experiment 1;Orientation;1;39;;;;;;;26;2
13;16;24.0078125;8.0078125;9;2;-46.0;295;0;Samaha et al. (2019);Experiment 1;Orientation;1;39;;;;;;;27;2
13;136;135.3125;-0.6875;9;2;60.0;296;0;Samaha et al. (2019);Experiment 1;Orientation;1;39;;;;;;;28;2
13;93;89.109375;-3.890625;9;2;43.0;297;1;Samaha et al. (2019);Experiment 1;Orientation;1;40;;;;;;;19;2
13;115;133.2109375;18.2109375;9;2;-22.0;298;0;Samaha et al. (2019);Experiment 1;Orientation;1;39;;;;;;;29;2
13;172;165.9375;-6.0625;9;2;-57.0;299;0;Samaha et al. (2019);Experiment 1;Orientation;1;39;;;;;;;30;2
13;145;146.84375;1.84375;9;2;27.0;300;0;Samaha et al. (2019);Experiment 1;Orientation;1;39;;;;;;;31;2
13;166;167.5703125;1.5703125;9;2;-21.0;301;0;Samaha et al. (2019);Experiment 1;Orientation;1;39;;;;;;;32;2
13;175;165.7265625;-9.2734375;9;2;-9.0;302;1;Samaha et al. (2019);Experiment 1;Orientation;1;40;;;;;;;20;2
13;167;157.4765625;-9.5234375;9;2;8.0;303;1;Samaha et al. (2019);Experiment 1;Orientation;1;40;;;;;;;21;2
13;105;106.6640625;1.6640625;9;2;62.0;304;1;Samaha et al. (2019);Experiment 1;Orientation;1;40;;;;;;;22;2
13;120;129.703125;9.703125;9;2;-15.0;305;0;Samaha et al. (2019);Experiment 1;Orientation;1;39;;;;;;;33;2
13;147;131.7421875;-15.2578125;9;2;-27.0;306;1;Samaha et al. (2019);Experiment 1;Orientation;1;40;;;;;;;23;2
13;65;53.8359375;-11.1640625;9;2;82.0;307;1;Samaha et al. (2019);Experiment 1;Orientation;1;40;;;;;;;24;2
13;24;30.6640625;6.6640625;9;2;41.0;308;1;Samaha et al. (2019);Experiment 1;Orientation;1;40;;;;;;;25;2
13;172;144.6796875;-27.3203125;9;2;32.0;309;1;Samaha et al. (2019);Experiment 1;Orientation;1;40;;;;;;;26;2
13;146;132.6171875;-13.3828125;9;2;26.0;310;0;Samaha et al. (2019);Experiment 1;Orientation;1;39;;;;;;;34;2
13;146;132.6171875;-13.3828125;9;2;0.0;311;0;Samaha et al. (2019);Experiment 1;Orientation;1;39;;;;;;;35;2
13;169;167.5390625;-1.4609375;9;3;-23.0;501;0;Samaha et al. (2019);Experiment 1;Orientation;1;39;;;;;;;1;3
13;131;135.2109375;4.2109375;9;3;38.0;502;1;Samaha et al. (2019);Experiment 1;Orientation;1;40;;;;;;;1;3
13;112;114.9921875;2.9921875;9;3;19.0;503;1;Samaha et al. (2019);Experiment 1;Orientation;1;40;;;;;;;2;3
13;166;151.5234375;-14.4765625;9;3;-54.0;504;1;Samaha et al. (2019);Experiment 1;Orientation;1;40;;;;;;;3;3
13;68;69.59375;1.59375;9;3;-82.0;505;0;Samaha et al. (2019);Experiment 1;Orientation;1;39;;;;;;;2;3
13;112;115.7578125;3.7578125;9;3;-44.0;506;1;Samaha et al. (2019);Experiment 1;Orientation;1;40;;;;;;;4;3
13;136;154.0703125;18.0703125;9;3;-24.0;507;0;Samaha et al. (2019);Experiment 1;Orientation;1;39;;;;;;;3;3
13;83;62.4140625;-20.5859375;9;3;53.0;508;0;Samaha et al. (2019);Experiment 1;Orientation;1;39;;;;;;;4;3
13;76;68.5625;-7.4375;9;3;7.0;509;0;Samaha et al. (2019);Experiment 1;Orientation;1;39;;;;;;;5;3
13;156;137.109375;-18.890625;9;3;-80.0;510;1;Samaha et al. (2019);Experiment 1;Orientation;1;40;;;;;;;5;3
13;34;27.296875;-6.703125;9;3;-58.0;511;1;Samaha et al. (2019);Experiment 1;Orientation;1;40;;;;;;;6;3
13;87;67.2421875;-19.7578125;9;3;-53.0;512;0;Samaha et al. (2019);Experiment 1;Orientation;1;39;;;;;;;6;3
13;83;69.8203125;-13.1796875;9;3;4.0;513;1;Samaha et al. (2019);Experiment 1;Orientation;1;40;;;;;;;7;3
13;140;149.015625;9.015625;9;3;-57.0;514;1;Samaha et al. (2019);Experiment 1;Orientation;1;40;;;;;;;8;3
13;77;63.8046875;-13.1953125;9;3;63.0;515;1;Samaha et al. (2019);Experiment 1;Orientation;1;40;;;;;;;9;3
13;104;105.671875;1.671875;9;3;-27.0;516;1;Samaha et al. (2019);Experiment 1;Orientation;1;40;;;;;;;10;3
13;42;29.1953125;-12.8046875;9;3;62.0;517;1;Samaha et al. (2019);Experiment 1;Orientation;1;40;;;;;;;11;3
13;103;118.828125;15.828125;9;3;-61.0;518;1;Samaha et al. (2019);Experiment 1;Orientation;1;40;;;;;;;12;3
13;98;110.453125;12.453125;9;3;5.0;519;0;Samaha et al. (2019);Experiment 1;Orientation;1;39;;;;;;;7;3
13;99;109.953125;10.953125;9;3;-1.0;520;1;Samaha et al. (2019);Experiment 1;Orientation;1;40;;;;;;;13;3
13;171;161.890625;-9.109375;9;3;-72.0;521;1;Samaha et al. (2019);Experiment 1;Orientation;1;40;;;;;;;14;3
13;2;176.828125;-5.171875;9;3;-11.0;522;0;Samaha et al. (2019);Experiment 1;Orientation;1;39;;;;;;;8;3
13;113;127.96875;14.96875;9;3;69.0;523;1;Samaha et al. (2019);Experiment 1;Orientation;1;40;;;;;;;15;3
13;42;33.2734375;-8.7265625;9;3;71.0;524;0;Samaha et al. (2019);Experiment 1;Orientation;1;39;;;;;;;9;3
13;29;35.8046875;6.8046875;9;3;13.0;525;0;Samaha et al. (2019);Experiment 1;Orientation;1;39;;;;;;;10;3
13;152;135.8046875;-16.1953125;9;3;57.0;526;1;Samaha et al. (2019);Experiment 1;Orientation;1;40;;;;;;;16;3
13;140;150.0390625;10.0390625;9;3;12.0;527;1;Samaha et al. (2019);Experiment 1;Orientation;1;40;;;;;;;17;3
13;41;34.0;-7.0;9;3;-81.0;528;0;Samaha et al. (2019);Experiment 1;Orientation;1;39;;;;;;;11;3
13;141;153.390625;12.390625;9;3;80.0;529;0;Samaha et al. (2019);Experiment 1;Orientation;1;39;;;;;;;12;3
13;71;62.9296875;-8.0703125;9;3;70.0;530;0;Samaha et al. (2019);Experiment 1;Orientation;1;39;;;;;;;13;3
13;170;166.0234375;-3.9765625;9;3;81.0;531;0;Samaha et al. (2019);Experiment 1;Orientation;1;39;;;;;;;14;3
13;5;21.875;16.875;9;3;-15.0;532;1;Samaha et al. (2019);Experiment 1;Orientation;1;40;;;;;;;18;3
13;57;60.0859375;3.0859375;9;3;-52.0;533;1;Samaha et al. (2019);Experiment 1;Orientation;1;40;;;;;;;19;3
13;114;139.6875;25.6875;9;3;-57.0;534;1;Samaha et al. (2019);Experiment 1;Orientation;1;40;;;;;;;20;3
13;19;19.7734375;0.7734375;9;3;-85.0;535;1;Samaha et al. (2019);Experiment 1;Orientation;1;40;;;;;;;21;3
13;63;37.046875;-25.953125;9;3;-44.0;536;0;Samaha et al. (2019);Experiment 1;Orientation;1;39;;;;;;;15;3
13;157;138.6796875;-18.3203125;9;3;86.0;537;1;Samaha et al. (2019);Experiment 1;Orientation;1;40;;;;;;;22;3
13;83;58.6484375;-24.3515625;9;3;74.0;538;0;Samaha et al. (2019);Experiment 1;Orientation;1;39;;;;;;;16;3
13;17;12.84375;-4.15625;9;3;66.0;539;1;Samaha et al. (2019);Experiment 1;Orientation;1;40;;;;;;;23;3
13;139;133.2578125;-5.7421875;9;3;58.0;540;1;Samaha et al. (2019);Experiment 1;Orientation;1;40;;;;;;;24;3
13;169;159.8046875;-9.1953125;9;3;-30.0;541;0;Samaha et al. (2019);Experiment 1;Orientation;1;39;;;;;;;17;3
13;163;160.0859375;-2.9140625;9;3;6.0;542;0;Samaha et al. (2019);Experiment 1;Orientation;1;39;;;;;;;18;3
13;128;131.4921875;3.4921875;9;3;35.0;543;0;Samaha et al. (2019);Experiment 1;Orientation;1;39;;;;;;;19;3
13;43;47.671875;4.671875;9;3;85.0;544;0;Samaha et al. (2019);Experiment 1;Orientation;1;39;;;;;;;20;3
13;16;14.9765625;-1.0234375;9;3;27.0;545;1;Samaha et al. (2019);Experiment 1;Orientation;1;40;;;;;;;25;3
13;127;136.859375;9.859375;9;3;69.0;546;1;Samaha et al. (2019);Experiment 1;Orientation;1;40;;;;;;;26;3
13;2;167.8203125;-14.1796875;9;3;-55.0;547;1;Samaha et al. (2019);Experiment 1;Orientation;1;40;;;;;;;27;3
13;109;110.21875;1.21875;9;3;73.0;548;0;Samaha et al. (2019);Experiment 1;Orientation;1;39;;;;;;;21;3
13;78;67.703125;-10.296875;9;3;31.0;549;1;Samaha et al. (2019);Experiment 1;Orientation;1;40;;;;;;;28;3
13;172;175.90625;3.90625;9;3;86.0;550;0;Samaha et al. (2019);Experiment 1;Orientation;1;39;;;;;;;22;3
13;168;170.0234375;2.0234375;9;3;4.0;551;0;Samaha et al. (2019);Experiment 1;Orientation;1;39;;;;;;;23;3
13;49;39.984375;-9.015625;9;3;-61.0;552;0;Samaha et al. (2019);Experiment 1;Orientation;1;39;;;;;;;24;3
13;174;175.640625;1.640625;9;3;55.0;553;0;Samaha et al. (2019);Experiment 1;Orientation;1;39;;;;;;;25;3
13;116;124.1015625;8.1015625;9;3;58.0;554;0;Samaha et al. (2019);Experiment 1;Orientation;1;39;;;;;;;26;3
13;121;116.234375;-4.765625;9;3;-5.0;555;1;Samaha et al. (2019);Experiment 1;Orientation;1;40;;;;;;;29;3
13;123;114.4296875;-8.5703125;9;3;-2.0;556;1;Samaha et al. (2019);Experiment 1;Orientation;1;40;;;;;;;30;3
13;89;91.640625;2.640625;9;3;34.0;557;0;Samaha et al. (2019);Experiment 1;Orientation;1;39;;;;;;;27;3
13;165;169.078125;4.078125;9;3;-76.0;558;0;Samaha et al. (2019);Experiment 1;Orientation;1;39;;;;;;;28;3
13;118;121.4921875;3.4921875;9;3;47.0;559;0;Samaha et al. (2019);Experiment 1;Orientation;1;39;;;;;;;29;3
13;119;116.265625;-2.734375;9;3;-1.0;560;1;Samaha et al. (2019);Experiment 1;Orientation;1;40;;;;;;;31;3
13;119;116.265625;-2.734375;9;3;0.0;561;1;Samaha et al. (2019);Experiment 1;Orientation;1;40;;;;;;;32;3
13;164;151.8359375;-12.1640625;9;4;-45.0;751;1;Samaha et al. (2019);Experiment 1;Orientation;1;40;;;;;;;1;4
13;153;152.859375;-0.140625;9;4;11.0;752;1;Samaha et al. (2019);Experiment 1;Orientation;1;40;;;;;;;2;4
13;67;71.59375;4.59375;9;4;86.0;753;0;Samaha et al. (2019);Experiment 1;Orientation;1;39;;;;;;;1;4
13;96;104.3515625;8.3515625;9;4;-29.0;754;0;Samaha et al. (2019);Experiment 1;Orientation;1;39;;;;;;;2;4
13;142;157.421875;15.421875;9;4;-46.0;755;0;Samaha et al. (2019);Experiment 1;Orientation;1;39;;;;;;;3;4
13;74;60.3046875;-13.6953125;9;4;68.0;756;0;Samaha et al. (2019);Experiment 1;Orientation;1;39;;;;;;;4;4
13;38;29.8203125;-8.1796875;9;4;36.0;757;0;Samaha et al. (2019);Experiment 1;Orientation;1;39;;;;;;;5;4
13;38;35.015625;-2.984375;9;4;0.0;758;1;Samaha et al. (2019);Experiment 1;Orientation;1;40;;;;;;;3;4
13;46;46.234375;0.234375;9;4;-8.0;759;0;Samaha et al. (2019);Experiment 1;Orientation;1;39;;;;;;;6;4
13;35;37.359375;2.359375;9;4;11.0;760;1;Samaha et al. (2019);Experiment 1;Orientation;1;40;;;;;;;4;4
13;57;49.7734375;-7.2265625;9;4;-22.0;761;0;Samaha et al. (2019);Experiment 1;Orientation;1;39;;;;;;;7;4
13;44;45.4609375;1.4609375;9;4;13.0;762;1;Samaha et al. (2019);Experiment 1;Orientation;1;40;;;;;;;5;4
13;173;171.015625;-1.984375;9;4;51.0;763;1;Samaha et al. (2019);Experiment 1;Orientation;1;40;;;;;;;6;4
13;30;33.375;3.375;9;4;-37.0;764;1;Samaha et al. (2019);Experiment 1;Orientation;1;40;;;;;;;7;4
13;148;133.8359375;-14.1640625;9;4;62.0;765;1;Samaha et al. (2019);Experiment 1;Orientation;1;40;;;;;;;8;4
13;108;125.953125;17.953125;9;4;40.0;766;0;Samaha et al. (2019);Experiment 1;Orientation;1;39;;;;;;;8;4
13;139;135.7734375;-3.2265625;9;4;-31.0;767;0;Samaha et al. (2019);Experiment 1;Orientation;1;39;;;;;;;9;4
13;148;155.1953125;7.1953125;9;4;-9.0;768;1;Samaha et al. (2019);Experiment 1;Orientation;1;40;;;;;;;9;4
13;172;156.9765625;-15.0234375;9;4;-24.0;769;1;Samaha et al. (2019);Experiment 1;Orientation;1;40;;;;;;;10;4
13;176;0.6796875;4.6796875;9;4;-4.0;770;1;Samaha et al. (2019);Experiment 1;Orientation;1;40;;;;;;;11;4
13;143;150.6328125;7.6328125;9;4;33.0;771;0;Samaha et al. (2019);Experiment 1;Orientation;1;39;;;;;;;10;4
13;164;158.765625;-5.234375;9;4;-21.0;772;0;Samaha et al. (2019);Experiment 1;Orientation;1;39;;;;;;;11;4
13;21;30.4140625;9.4140625;9;4;-37.0;773;1;Samaha et al. (2019);Experiment 1;Orientation;1;40;;;;;;;12;4
13;9;6.25;-2.75;9;4;12.0;774;0;Samaha et al. (2019);Experiment 1;Orientation;1;39;;;;;;;12;4
13;77;74.6171875;-2.3828125;9;4;-68.0;775;1;Samaha et al. (2019);Experiment 1;Orientation;1;40;;;;;;;13;4
13;51;34.828125;-16.171875;9;4;26.0;776;0;Samaha et al. (2019);Experiment 1;Orientation;1;39;;;;;;;13;4
13;76;72.3984375;-3.6015625;9;4;-25.0;777;0;Samaha et al. (2019);Experiment 1;Orientation;1;39;;;;;;;14;4
13;175;173.8359375;-1.1640625;9;4;81.0;778;1;Samaha et al. (2019);Experiment 1;Orientation;1;40;;;;;;;14;4
13;65;56.1875;-8.8125;9;4;-70.0;779;1;Samaha et al. (2019);Experiment 1;Orientation;1;40;;;;;;;15;4
13;167;167.09375;0.09375;9;4;78.0;780;1;Samaha et al. (2019);Experiment 1;Orientation;1;40;;;;;;;16;4
13;126;132.21875;6.21875;9;4;41.0;781;0;Samaha et al. (2019);Experiment 1;Orientation;1;39;;;;;;;15;4
13;137;128.6796875;-8.3203125;9;4;-11.0;782;1;Samaha et al. (2019);Experiment 1;Orientation;1;40;;;;;;;17;4
13;121;106.53125;-14.46875;9;4;16.0;783;0;Samaha et al. (2019);Experiment 1;Orientation;1;39;;;;;;;16;4
13;163;158.1171875;-4.8828125;9;4;-42.0;784;0;Samaha et al. (2019);Experiment 1;Orientation;1;39;;;;;;;17;4
13;166;166.0;0.0;9;4;-3.0;785;0;Samaha et al. (2019);Experiment 1;Orientation;1;39;;;;;;;18;4
13;149;152.6171875;3.6171875;9;4;17.0;786;0;Samaha et al. (2019);Experiment 1;Orientation;1;39;;;;;;;19;4
13;129;127.1953125;-1.8046875;9;4;20.0;787;0;Samaha et al. (2019);Experiment 1;Orientation;1;39;;;;;;;20;4
13;112;125.5234375;13.5234375;9;4;17.0;788;0;Samaha et al. (2019);Experiment 1;Orientation;1;39;;;;;;;21;4
13;133;125.96875;-7.03125;9;4;-21.0;789;1;Samaha et al. (2019);Experiment 1;Orientation;1;40;;;;;;;18;4
13;15;35.703125;20.703125;9;4;-62.0;790;0;Samaha et al. (2019);Experiment 1;Orientation;1;39;;;;;;;22;4
13;159;138.515625;-20.484375;9;4;36.0;791;0;Samaha et al. (2019);Experiment 1;Orientation;1;39;;;;;;;23;4
13;116;126.0;10.0;9;4;43.0;792;0;Samaha et al. (2019);Experiment 1;Orientation;1;39;;;;;;;24;4
13;35;45.4765625;10.4765625;9;4;81.0;793;1;Samaha et al. (2019);Experiment 1;Orientation;1;40;;;;;;;19;4
13;40;36.6640625;-3.3359375;9;4;-5.0;794;1;Samaha et al. (2019);Experiment 1;Orientation;1;40;;;;;;;20;4
13;162;158.0;-4.0;9;4;58.0;795;0;Samaha et al. (2019);Experiment 1;Orientation;1;39;;;;;;;25;4
13;65;70.0;5.0;9;4;-83.0;796;1;Samaha et al. (2019);Experiment 1;Orientation;1;40;;;;;;;21;4
13;126;143.375;17.375;9;4;-61.0;797;0;Samaha et al. (2019);Experiment 1;Orientation;1;39;;;;;;;26;4
13;53;49.640625;-3.359375;9;4;73.0;798;1;Samaha et al. (2019);Experiment 1;Orientation;1;40;;;;;;;22;4
13;85;92.203125;7.203125;9;4;-32.0;799;0;Samaha et al. (2019);Experiment 1;Orientation;1;39;;;;;;;27;4
13;158;159.953125;1.953125;9;4;-73.0;800;1;Samaha et al. (2019);Experiment 1;Orientation;1;40;;;;;;;23;4
13;67;76.0;9.0;9;4;-89.0;801;0;Samaha et al. (2019);Experiment 1;Orientation;1;39;;;;;;;28;4
13;64;144.0;80.0;9;4;3.0;802;0;Samaha et al. (2019);Experiment 1;Orientation;1;39;;;;;;;29;4
13;58;35.40625;-22.59375;9;4;6.0;803;1;Samaha et al. (2019);Experiment 1;Orientation;1;40;;;;;;;24;4
13;135;134.78125;-0.21875;9;4;-77.0;804;1;Samaha et al. (2019);Experiment 1;Orientation;1;40;;;;;;;25;4
13;142;138.0703125;-3.9296875;9;4;-7.0;805;0;Samaha et al. (2019);Experiment 1;Orientation;1;39;;;;;;;30;4
13;91;76.3203125;-14.6796875;9;4;51.0;806;1;Samaha et al. (2019);Experiment 1;Orientation;1;40;;;;;;;26;4
13;116;118.84375;2.84375;9;4;-25.0;807;1;Samaha et al. (2019);Experiment 1;Orientation;1;40;;;;;;;27;4
13;65;46.234375;-18.765625;9;4;51.0;808;0;Samaha et al. (2019);Experiment 1;Orientation;1;39;;;;;;;31;4
13;31;27.890625;-3.109375;9;4;34.0;809;0;Samaha et al. (2019);Experiment 1;Orientation;1;39;;;;;;;32;4
13;100;104.15625;4.15625;9;4;-69.0;810;1;Samaha et al. (2019);Experiment 1;Orientation;1;40;;;;;;;28;4
13;100;104.15625;4.15625;9;4;0.0;811;0;Samaha et al. (2019);Experiment 1;Orientation;1;39;;;;;;;33;4
13;152;156.5859375;4.5859375;9;5;-52.0;1001;1;Samaha et al. (2019);Experiment 1;Orientation;1;40;;;;;;;1;5
13;162;159.40625;-2.59375;9;5;-10.0;1002;0;Samaha et al. (2019);Experiment 1;Orientation;1;39;;;;;;;1;5
13;69;60.53125;-8.46875;9;5;-87.0;1003;1;Samaha et al. (2019);Experiment 1;Orientation;1;40;;;;;;;2;5
13;156;143.109375;-12.890625;9;5;-87.0;1004;0;Samaha et al. (2019);Experiment 1;Orientation;1;39;;;;;;;2;5
13;29;33.2421875;4.2421875;9;5;-53.0;1005;1;Samaha et al. (2019);Experiment 1;Orientation;1;40;;;;;;;3;5
13;149;138.1328125;-10.8671875;9;5;60.0;1006;1;Samaha et al. (2019);Experiment 1;Orientation;1;40;;;;;;;4;5
13;127;134.3828125;7.3828125;9;5;22.0;1007;1;Samaha et al. (2019);Experiment 1;Orientation;1;40;;;;;;;5;5
13;8;9.1953125;1.1953125;9;5;-61.0;1008;0;Samaha et al. (2019);Experiment 1;Orientation;1;39;;;;;;;3;5
13;22;43.8359375;21.8359375;9;5;-14.0;1009;1;Samaha et al. (2019);Experiment 1;Orientation;1;40;;;;;;;6;5
13;71;70.453125;-0.546875;9;5;-49.0;1010;0;Samaha et al. (2019);Experiment 1;Orientation;1;39;;;;;;;4;5
13;14;12.265625;-1.734375;9;5;57.0;1011;0;Samaha et al. (2019);Experiment 1;Orientation;1;39;;;;;;;5;5
13;99;103.2265625;4.2265625;9;5;-85.0;1012;1;Samaha et al. (2019);Experiment 1;Orientation;1;40;;;;;;;7;5
13;124;110.5859375;-13.4140625;9;5;-25.0;1013;0;Samaha et al. (2019);Experiment 1;Orientation;1;39;;;;;;;6;5
13;175;172.5;-2.5;9;5;-51.0;1014;1;Samaha et al. (2019);Experiment 1;Orientation;1;40;;;;;;;8;5
13;169;170.0;1.0;9;5;6.0;1015;0;Samaha et al. (2019);Experiment 1;Orientation;1;39;;;;;;;7;5
13;119;125.90625;6.90625;9;5;50.0;1016;1;Samaha et al. (2019);Experiment 1;Orientation;1;40;;;;;;;9;5
13;0;4.1015625;4.1015625;9;5;-61.0;1017;0;Samaha et al. (2019);Experiment 1;Orientation;1;39;;;;;;;8;5
13;108;126.6328125;18.6328125;9;5;72.0;1018;0;Samaha et al. (2019);Experiment 1;Orientation;1;39;;;;;;;9;5
13;40;50.0;10.0;9;5;68.0;1019;0;Samaha et al. (2019);Experiment 1;Orientation;1;39;;;;;;;10;5
13;143;136.203125;-6.796875;9;5;77.0;1020;0;Samaha et al. (2019);Experiment 1;Orientation;1;39;;;;;;;11;5
13;91;47.1953125;-43.8046875;9;5;52.0;1021;0;Samaha et al. (2019);Experiment 1;Orientation;1;39;;;;;;;12;5
13;177;165.5390625;-11.4609375;9;5;-86.0;1022;0;Samaha et al. (2019);Experiment 1;Orientation;1;39;;;;;;;13;5
13;89;70.6015625;-18.3984375;9;5;88.0;1023;0;Samaha et al. (2019);Experiment 1;Orientation;1;39;;;;;;;14;5
13;55;53.640625;-1.359375;9;5;34.0;1024;1;Samaha et al. (2019);Experiment 1;Orientation;1;40;;;;;;;10;5
13;104;123.625;19.625;9;5;-49.0;1025;1;Samaha et al. (2019);Experiment 1;Orientation;1;40;;;;;;;11;5
13;20;31.1796875;11.1796875;9;5;84.0;1026;0;Samaha et al. (2019);Experiment 1;Orientation;1;39;;;;;;;15;5
13;144;127.109375;-16.890625;9;5;56.0;1027;0;Samaha et al. (2019);Experiment 1;Orientation;1;39;;;;;;;16;5
13;156;149.90625;-6.09375;9;5;-12.0;1028;1;Samaha et al. (2019);Experiment 1;Orientation;1;40;;;;;;;12;5
13;0;170.0;-10.0;9;5;-24.0;1029;1;Samaha et al. (2019);Experiment 1;Orientation;1;40;;;;;;;13;5
13;54;53.8046875;-0.1953125;9;5;-54.0;1030;0;Samaha et al. (2019);Experiment 1;Orientation;1;39;;;;;;;17;5
13;91;105.2109375;14.2109375;9;5;-37.0;1031;0;Samaha et al. (2019);Experiment 1;Orientation;1;39;;;;;;;18;5
13;70;50.3828125;-19.6171875;9;5;21.0;1032;0;Samaha et al. (2019);Experiment 1;Orientation;1;39;;;;;;;19;5
13;113;127.0625;14.0625;9;5;-43.0;1033;0;Samaha et al. (2019);Experiment 1;Orientation;1;39;;;;;;;20;5
13;168;171.5390625;3.5390625;9;5;-55.0;1034;1;Samaha et al. (2019);Experiment 1;Orientation;1;40;;;;;;;14;5
13;96;111.8515625;15.8515625;9;5;72.0;1035;1;Samaha et al. (2019);Experiment 1;Orientation;1;40;;;;;;;15;5
13;54;53.140625;-0.859375;9;5;42.0;1036;0;Samaha et al. (2019);Experiment 1;Orientation;1;39;;;;;;;21;5
13;33;57.59375;24.59375;9;5;21.0;1037;0;Samaha et al. (2019);Experiment 1;Orientation;1;39;;;;;;;22;5
13;92;93.6875;1.6875;9;5;-59.0;1038;1;Samaha et al. (2019);Experiment 1;Orientation;1;40;;;;;;;16;5
13;107;122.15625;15.15625;9;5;-15.0;1039;1;Samaha et al. (2019);Experiment 1;Orientation;1;40;;;;;;;17;5
13;167;166.3046875;-0.6953125;9;5;-60.0;1040;0;Samaha et al. (2019);Experiment 1;Orientation;1;39;;;;;;;23;5
13;81;51.078125;-29.921875;9;5;86.0;1041;0;Samaha et al. (2019);Experiment 1;Orientation;1;39;;;;;;;24;5
13;8;1.125;-6.875;9;5;73.0;1042;0;Samaha et al. (2019);Experiment 1;Orientation;1;39;;;;;;;25;5
13;150;148.3671875;-1.6328125;9;5;38.0;1043;1;Samaha et al. (2019);Experiment 1;Orientation;1;40;;;;;;;18;5
13;85;89.671875;4.671875;9;5;65.0;1044;1;Samaha et al. (2019);Experiment 1;Orientation;1;40;;;;;;;19;5
13;179;7.09375;8.09375;9;5;86.0;1045;1;Samaha et al. (2019);Experiment 1;Orientation;1;40;;;;;;;20;5
13;119;115.703125;-3.296875;9;5;60.0;1046;0;Samaha et al. (2019);Experiment 1;Orientation;1;39;;;;;;;26;5
13;177;20.0859375;23.0859375;9;5;-58.0;1047;0;Samaha et al. (2019);Experiment 1;Orientation;1;39;;;;;;;27;5
13;153;155.8359375;2.8359375;9;5;24.0;1048;1;Samaha et al. (2019);Experiment 1;Orientation;1;40;;;;;;;21;5
13;174;167.953125;-6.046875;9;5;-21.0;1049;0;Samaha et al. (2019);Experiment 1;Orientation;1;39;;;;;;;28;5
13;107;104.0234375;-2.9765625;9;5;67.0;1050;0;Samaha et al. (2019);Experiment 1;Orientation;1;39;;;;;;;29;5
13;4;177.703125;-6.296875;9;5;-77.0;1051;1;Samaha et al. (2019);Experiment 1;Orientation;1;40;;;;;;;22;5
13;112;115.328125;3.328125;9;5;72.0;1052;1;Samaha et al. (2019);Experiment 1;Orientation;1;40;;;;;;;23;5
13;82;66.234375;-15.765625;9;5;30.0;1053;1;Samaha et al. (2019);Experiment 1;Orientation;1;40;;;;;;;24;5
13;37;38.21875;1.21875;9;5;45.0;1054;0;Samaha et al. (2019);Experiment 1;Orientation;1;39;;;;;;;30;5
13;17;27.1640625;10.1640625;9;5;20.0;1055;0;Samaha et al. (2019);Experiment 1;Orientation;1;39;;;;;;;31;5
13;47;51.1796875;4.1796875;9;5;-30.0;1056;0;Samaha et al. (2019);Experiment 1;Orientation;1;39;;;;;;;32;5
13;76;72.0;-4.0;9;5;-29.0;1057;1;Samaha et al. (2019);Experiment 1;Orientation;1;40;;;;;;;25;5
13;64;60.0859375;-3.9140625;9;5;12.0;1058;1;Samaha et al. (2019);Experiment 1;Orientation;1;40;;;;;;;26;5
13;97;91.7265625;-5.2734375;9;5;-33.0;1059;1;Samaha et al. (2019);Experiment 1;Orientation;1;40;;;;;;;27;5
13;21;18.6015625;-2.3984375;9;5;76.0;1060;1;Samaha et al. (2019);Experiment 1;Orientation;1;40;;;;;;;28;5
13;21;18.6015625;-2.3984375;9;5;0.0;1061;0;Samaha et al. (2019);Experiment 1;Orientation;1;39;;;;;;;33;5
14;110;120.53125;10.53125;9;1;-89.0;1;0;Samaha et al. (2019);Experiment 1;Orientation;1;39;;;;;;;1;1
14;164;141.2421875;-22.7578125;9;1;-54.0;2;1;Samaha et al. (2019);Experiment 1;Orientation;1;40;;;;;;;1;1
14;155;151.640625;-3.359375;9;1;9.0;3;0;Samaha et al. (2019);Experiment 1;Orientation;1;39;;;;;;;2;1
14;40;36.6328125;-3.3671875;9;1;-65.0;4;1;Samaha et al. (2019);Experiment 1;Orientation;1;40;;;;;;;2;1
14;14;44.8828125;30.8828125;9;1;26.0;5;0;Samaha et al. (2019);Experiment 1;Orientation;1;39;;;;;;;3;1
14;86;92.0703125;6.0703125;9;1;-72.0;6;0;Samaha et al. (2019);Experiment 1;Orientation;1;39;;;;;;;4;1
14;102;125.8203125;23.8203125;9;1;-16.0;7;1;Samaha et al. (2019);Experiment 1;Orientation;1;40;;;;;;;3;1
14;156;150.8125;-5.1875;9;1;-54.0;8;0;Samaha et al. (2019);Experiment 1;Orientation;1;39;;;;;;;5;1
14;111;136.8984375;25.8984375;9;1;45.0;9;1;Samaha et al. (2019);Experiment 1;Orientation;1;40;;;;;;;4;1
14;125;138.5859375;13.5859375;9;1;-14.0;10;0;Samaha et al. (2019);Experiment 1;Orientation;1;39;;;;;;;6;1
14;106;131.359375;25.359375;9;1;19.0;11;0;Samaha et al. (2019);Experiment 1;Orientation;1;39;;;;;;;7;1
14;8;30.3984375;22.3984375;9;1;-82.0;12;1;Samaha et al. (2019);Experiment 1;Orientation;1;40;;;;;;;5;1
14;177;157.5234375;-19.4765625;9;1;11.0;13;0;Samaha et al. (2019);Experiment 1;Orientation;1;39;;;;;;;8;1
14;25;147.390625;-57.609375;9;1;-28.0;14;0;Samaha et al. (2019);Experiment 1;Orientation;1;39;;;;;;;9;1
14;72;71.03125;-0.96875;9;1;-47.0;15;1;Samaha et al. (2019);Experiment 1;Orientation;1;40;;;;;;;6;1
14;159;136.234375;-22.765625;9;1;-87.0;16;0;Samaha et al. (2019);Experiment 1;Orientation;1;39;;;;;;;10;1
14;50;60.5859375;10.5859375;9;1;-71.0;17;0;Samaha et al. (2019);Experiment 1;Orientation;1;39;;;;;;;11;1
14;121;130.9296875;9.9296875;9;1;-71.0;18;0;Samaha et al. (2019);Experiment 1;Orientation;1;39;;;;;;;12;1
14;160;130.9921875;-29.0078125;9;1;-39.0;19;1;Samaha et al. (2019);Experiment 1;Orientation;1;40;;;;;;;7;1
14;147;163.421875;16.421875;9;1;13.0;20;0;Samaha et al. (2019);Experiment 1;Orientation;1;39;;;;;;;13;1
14;75;47.7890625;-27.2109375;9;1;72.0;21;1;Samaha et al. (2019);Experiment 1;Orientation;1;40;;;;;;;8;1
14;102;108.0;6.0;9;1;-27.0;22;0;Samaha et al. (2019);Experiment 1;Orientation;1;39;;;;;;;14;1
14;62;66.0;4.0;9;1;40.0;23;1;Samaha et al. (2019);Experiment 1;Orientation;1;40;;;;;;;9;1
14;22;28.84375;6.84375;9;1;40.0;24;1;Samaha et al. (2019);Experiment 1;Orientation;1;40;;;;;;;10;1
14;56;48.8125;-7.1875;9;1;-34.0;25;0;Samaha et al. (2019);Experiment 1;Orientation;1;39;;;;;;;15;1
14;84;59.8046875;-24.1953125;9;1;-28.0;26;0;Samaha et al. (2019);Experiment 1;Orientation;1;39;;;;;;;16;1
14;71;71.109375;0.109375;9;1;13.0;27;1;Samaha et al. (2019);Experiment 1;Orientation;1;40;;;;;;;11;1
14;85;84.203125;-0.796875;9;1;-14.0;28;1;Samaha et al. (2019);Experiment 1;Orientation;1;40;;;;;;;12;1
14;72;78.203125;6.203125;9;1;13.0;29;1;Samaha et al. (2019);Experiment 1;Orientation;1;40;;;;;;;13;1
14;177;51.5390625;54.5390625;9;1;75.0;30;0;Samaha et al. (2019);Experiment 1;Orientation;1;39;;;;;;;17;1
14;112;139.2578125;27.2578125;9;1;65.0;31;1;Samaha et al. (2019);Experiment 1;Orientation;1;40;;;;;;;14;1
14;121;2.0;61.0;9;1;-9.0;32;0;Samaha et al. (2019);Experiment 1;Orientation;1;39;;;;;;;18;1
14;135;124.8125;-10.1875;9;1;-14.0;33;1;Samaha et al. (2019);Experiment 1;Orientation;1;40;;;;;;;15;1
14;95;110.0;15.0;9;1;40.0;34;1;Samaha et al. (2019);Experiment 1;Orientation;1;40;;;;;;;16;1
14;130;138.9921875;8.9921875;9;1;-35.0;35;0;Samaha et al. (2019);Experiment 1;Orientation;1;39;;;;;;;19;1
14;11;36.9921875;25.9921875;9;1;-61.0;36;0;Samaha et al. (2019);Experiment 1;Orientation;1;39;;;;;;;20;1
14;38;48.0390625;10.0390625;9;1;-27.0;37;1;Samaha et al. (2019);Experiment 1;Orientation;1;40;;;;;;;17;1
14;88;103.921875;15.921875;9;1;-50.0;38;0;Samaha et al. (2019);Experiment 1;Orientation;1;39;;;;;;;21;1
14;161;124.3828125;-36.6171875;9;1;-73.0;39;0;Samaha et al. (2019);Experiment 1;Orientation;1;39;;;;;;;22;1
14;30;28.6484375;-1.3515625;9;1;-49.0;40;0;Samaha et al. (2019);Experiment 1;Orientation;1;39;;;;;;;23;1
14;39;48.78125;9.78125;9;1;-9.0;41;1;Samaha et al. (2019);Experiment 1;Orientation;1;40;;;;;;;18;1
14;86;103.90625;17.90625;9;1;-47.0;42;0;Samaha et al. (2019);Experiment 1;Orientation;1;39;;;;;;;24;1
14;84;78.1171875;-5.8828125;9;1;2.0;43;0;Samaha et al. (2019);Experiment 1;Orientation;1;39;;;;;;;25;1
14;83;118.0;35.0;9;1;1.0;44;1;Samaha et al. (2019);Experiment 1;Orientation;1;40;;;;;;;19;1
14;85;124.0;39.0;9;1;-2.0;45;1;Samaha et al. (2019);Experiment 1;Orientation;1;40;;;;;;;20;1
14;57;46.3515625;-10.6484375;9;1;28.0;46;1;Samaha et al. (2019);Experiment 1;Orientation;1;40;;;;;;;21;1
14;7;22.8125;15.8125;9;1;50.0;47;1;Samaha et al. (2019);Experiment 1;Orientation;1;40;;;;;;;22;1
14;136;121.875;-14.125;9;1;51.0;48;0;Samaha et al. (2019);Experiment 1;Orientation;1;39;;;;;;;26;1
14;136;124.765625;-11.234375;9;1;0.0;49;1;Samaha et al. (2019);Experiment 1;Orientation;1;40;;;;;;;23;1
14;126;123.5703125;-2.4296875;9;1;10.0;50;1;Samaha et al. (2019);Experiment 1;Orientation;1;40;;;;;;;24;1
14;165;151.4453125;-13.5546875;9;1;-39.0;51;0;Samaha et al. (2019);Experiment 1;Orientation;1;39;;;;;;;27;1
14;161;144.3359375;-16.6640625;9;1;4.0;52;0;Samaha et al. (2019);Experiment 1;Orientation;1;39;;;;;;;28;1
14;16;37.328125;21.328125;9;1;-35.0;53;1;Samaha et al. (2019);Experiment 1;Orientation;1;40;;;;;;;25;1
14;44;40.0;-4.0;9;1;-28.0;54;0;Samaha et al. (2019);Experiment 1;Orientation;1;39;;;;;;;29;1
14;121;117.2890625;-3.7109375;9;1;-77.0;55;1;Samaha et al. (2019);Experiment 1;Orientation;1;40;;;;;;;26;1
14;28;52.3671875;24.3671875;9;1;-87.0;56;0;Samaha et al. (2019);Experiment 1;Orientation;1;39;;;;;;;30;1
14;142;147.609375;5.609375;9;1;66.0;57;1;Samaha et al. (2019);Experiment 1;Orientation;1;40;;;;;;;27;1
14;171;142.5625;-28.4375;9;1;-29.0;58;0;Samaha et al. (2019);Experiment 1;Orientation;1;39;;;;;;;31;1
14;165;120.53125;-44.46875;9;1;6.0;59;0;Samaha et al. (2019);Experiment 1;Orientation;1;39;;;;;;;32;1
14;27;35.671875;8.671875;9;1;-42.0;60;0;Samaha et al. (2019);Experiment 1;Orientation;1;39;;;;;;;33;1
14;27;35.671875;8.671875;9;1;0.0;61;0;Samaha et al. (2019);Experiment 1;Orientation;1;39;;;;;;;34;1
14;28;31.90625;3.90625;9;2;-1.0;251;1;Samaha et al. (2019);Experiment 1;Orientation;1;40;;;;;;;1;2
14;52;42.203125;-9.796875;9;2;-24.0;252;0;Samaha et al. (2019);Experiment 1;Orientation;1;39;;;;;;;1;2
14;69;74.9921875;5.9921875;9;2;-17.0;253;0;Samaha et al. (2019);Experiment 1;Orientation;1;39;;;;;;;2;2
14;154;12.0;38.0;9;2;-85.0;254;0;Samaha et al. (2019);Experiment 1;Orientation;1;39;;;;;;;3;2
14;95;114.546875;19.546875;9;2;59.0;255;0;Samaha et al. (2019);Experiment 1;Orientation;1;39;;;;;;;4;2
14;35;31.65625;-3.34375;9;2;60.0;256;0;Samaha et al. (2019);Experiment 1;Orientation;1;39;;;;;;;5;2
14;141;152.75;11.75;9;2;74.0;257;0;Samaha et al. (2019);Experiment 1;Orientation;1;39;;;;;;;6;2
14;59;44.9296875;-14.0703125;9;2;82.0;258;0;Samaha et al. (2019);Experiment 1;Orientation;1;39;;;;;;;7;2
14;161;145.390625;-15.609375;9;2;78.0;259;0;Samaha et al. (2019);Experiment 1;Orientation;1;39;;;;;;;8;2
14;115;129.2421875;14.2421875;9;2;46.0;260;1;Samaha et al. (2019);Experiment 1;Orientation;1;40;;;;;;;2;2
14;57;43.875;-13.125;9;2;58.0;261;0;Samaha et al. (2019);Experiment 1;Orientation;1;39;;;;;;;9;2
14;118;55.921875;-62.078125;9;2;-61.0;262;0;Samaha et al. (2019);Experiment 1;Orientation;1;39;;;;;;;10;2
14;63;71.5234375;8.5234375;9;2;55.0;263;1;Samaha et al. (2019);Experiment 1;Orientation;1;40;;;;;;;3;2
14;62;43.015625;-18.984375;9;2;1.0;264;0;Samaha et al. (2019);Experiment 1;Orientation;1;39;;;;;;;11;2
14;139;146.234375;7.234375;9;2;-77.0;265;1;Samaha et al. (2019);Experiment 1;Orientation;1;40;;;;;;;4;2
14;19;25.890625;6.890625;9;2;-60.0;266;1;Samaha et al. (2019);Experiment 1;Orientation;1;40;;;;;;;5;2
14;146;134.8125;-11.1875;9;2;53.0;267;0;Samaha et al. (2019);Experiment 1;Orientation;1;39;;;;;;;12;2
14;17;32.8984375;15.8984375;9;2;-51.0;268;1;Samaha et al. (2019);Experiment 1;Orientation;1;40;;;;;;;6;2
14;48;42.234375;-5.765625;9;2;-31.0;269;0;Samaha et al. (2019);Experiment 1;Orientation;1;39;;;;;;;13;2
14;59;56.25;-2.75;9;2;-11.0;270;1;Samaha et al. (2019);Experiment 1;Orientation;1;40;;;;;;;7;2
14;119;117.1953125;-1.8046875;9;2;-60.0;271;1;Samaha et al. (2019);Experiment 1;Orientation;1;40;;;;;;;8;2
14;32;40.8671875;8.8671875;9;2;87.0;272;1;Samaha et al. (2019);Experiment 1;Orientation;1;40;;;;;;;9;2
14;102;122.0;20.0;9;2;-70.0;273;0;Samaha et al. (2019);Experiment 1;Orientation;1;39;;;;;;;14;2
14;29;32.9140625;3.9140625;9;2;73.0;274;1;Samaha et al. (2019);Experiment 1;Orientation;1;40;;;;;;;10;2
14;72;54.0703125;-17.9296875;9;2;-43.0;275;0;Samaha et al. (2019);Experiment 1;Orientation;1;39;;;;;;;15;2
14;123;120.0;-3.0;9;2;-51.0;276;0;Samaha et al. (2019);Experiment 1;Orientation;1;39;;;;;;;16;2
14;82;80.0;-2.0;9;2;41.0;277;0;Samaha et al. (2019);Experiment 1;Orientation;1;39;;;;;;;17;2
14;127;144.0;17.0;9;2;-45.0;278;1;Samaha et al. (2019);Experiment 1;Orientation;1;40;;;;;;;11;2
14;25;102.0;77.0;9;2;-78.0;279;1;Samaha et al. (2019);Experiment 1;Orientation;1;40;;;;;;;12;2
14;179;174.0;-5.0;9;2;26.0;280;1;Samaha et al. (2019);Experiment 1;Orientation;1;40;;;;;;;13;2
14;59;61.328125;2.328125;9;2;-60.0;281;0;Samaha et al. (2019);Experiment 1;Orientation;1;39;;;;;;;18;2
14;23;36.8984375;13.8984375;9;2;36.0;282;1;Samaha et al. (2019);Experiment 1;Orientation;1;40;;;;;;;14;2
14;95;135.140625;40.140625;9;2;-72.0;283;1;Samaha et al. (2019);Experiment 1;Orientation;1;40;;;;;;;15;2
14;33;44.9296875;11.9296875;9;2;62.0;284;1;Samaha et al. (2019);Experiment 1;Orientation;1;40;;;;;;;16;2
14;57;62.796875;5.796875;9;2;-24.0;285;1;Samaha et al. (2019);Experiment 1;Orientation;1;40;;;;;;;17;2
14;92;114.1328125;22.1328125;9;2;-35.0;286;1;Samaha et al. (2019);Experiment 1;Orientation;1;40;;;;;;;18;2
14;104;111.2265625;7.2265625;9;2;-12.0;287;0;Samaha et al. (2019);Experiment 1;Orientation;1;39;;;;;;;19;2
14;21;42.8984375;21.8984375;9;2;83.0;288;0;Samaha et al. (2019);Experiment 1;Orientation;1;39;;;;;;;20;2
14;50;57.2734375;7.2734375;9;2;-29.0;289;0;Samaha et al. (2019);Experiment 1;Orientation;1;39;;;;;;;21;2
14;148;141.875;-6.125;9;2;82.0;290;0;Samaha et al. (2019);Experiment 1;Orientation;1;39;;;;;;;22;2
14;140;123.8203125;-16.1796875;9;2;8.0;291;0;Samaha et al. (2019);Experiment 1;Orientation;1;39;;;;;;;23;2
14;29;39.4453125;10.4453125;9;2;-69.0;292;1;Samaha et al. (2019);Experiment 1;Orientation;1;40;;;;;;;19;2
14;70;59.5546875;-10.4453125;9;2;-41.0;293;0;Samaha et al. (2019);Experiment 1;Orientation;1;39;;;;;;;24;2
14;72;70.0;-2.0;9;2;-2.0;294;0;Samaha et al. (2019);Experiment 1;Orientation;1;39;;;;;;;25;2
14;71;62.765625;-8.234375;9;2;1.0;295;1;Samaha et al. (2019);Experiment 1;Orientation;1;40;;;;;;;20;2
14;141;126.75;-14.25;9;2;-70.0;296;1;Samaha et al. (2019);Experiment 1;Orientation;1;40;;;;;;;21;2
14;135;135.2734375;0.2734375;9;2;6.0;297;0;Samaha et al. (2019);Experiment 1;Orientation;1;39;;;;;;;26;2
14;25;39.40625;14.40625;9;2;-70.0;298;0;Samaha et al. (2019);Experiment 1;Orientation;1;39;;;;;;;27;2
14;133;133.9375;0.9375;9;2;72.0;299;0;Samaha et al. (2019);Experiment 1;Orientation;1;39;;;;;;;28;2
14;65;62.1171875;-2.8828125;9;2;68.0;300;1;Samaha et al. (2019);Experiment 1;Orientation;1;40;;;;;;;22;2
14;59;58.0859375;-0.9140625;9;2;6.0;301;0;Samaha et al. (2019);Experiment 1;Orientation;1;39;;;;;;;29;2
14;48;53.609375;5.609375;9;2;11.0;302;1;Samaha et al. (2019);Experiment 1;Orientation;1;40;;;;;;;23;2
14;49;52.0;3.0;9;2;-1.0;303;0;Samaha et al. (2019);Experiment 1;Orientation;1;39;;;;;;;30;2
14;83;118.546875;35.546875;9;2;-34.0;304;1;Samaha et al. (2019);Experiment 1;Orientation;1;40;;;;;;;24;2
14;50;62.0;12.0;9;2;33.0;305;0;Samaha et al. (2019);Experiment 1;Orientation;1;39;;;;;;;31;2
14;11;116.0;-75.0;9;2;39.0;306;0;Samaha et al. (2019);Experiment 1;Orientation;1;39;;;;;;;32;2
14;157;128.6015625;-28.3984375;9;2;34.0;307;0;Samaha et al. (2019);Experiment 1;Orientation;1;39;;;;;;;33;2
14;59;52.7109375;-6.2890625;9;2;-82.0;308;0;Samaha et al. (2019);Experiment 1;Orientation;1;39;;;;;;;34;2
14;144;141.9375;-2.0625;9;2;-85.0;309;1;Samaha et al. (2019);Experiment 1;Orientation;1;40;;;;;;;25;2
14;84;87.8515625;3.8515625;9;2;60.0;310;1;Samaha et al. (2019);Experiment 1;Orientation;1;40;;;;;;;26;2
14;84;87.8515625;3.8515625;9;2;0.0;311;0;Samaha et al. (2019);Experiment 1;Orientation;1;39;;;;;;;35;2
14;103;130.3984375;27.3984375;9;3;-19.0;501;0;Samaha et al. (2019);Experiment 1;Orientation;1;39;;;;;;;1;3
14;153;141.296875;-11.703125;9;3;-50.0;502;1;Samaha et al. (2019);Experiment 1;Orientation;1;40;;;;;;;1;3
14;118;104.0;-14.0;9;3;35.0;503;1;Samaha et al. (2019);Experiment 1;Orientation;1;40;;;;;;;2;3
14;35;30.84375;-4.15625;9;3;83.0;504;0;Samaha et al. (2019);Experiment 1;Orientation;1;39;;;;;;;2;3
14;90;83.046875;-6.953125;9;3;-55.0;505;1;Samaha et al. (2019);Experiment 1;Orientation;1;40;;;;;;;3;3
14;122;116.9765625;-5.0234375;9;3;-32.0;506;1;Samaha et al. (2019);Experiment 1;Orientation;1;40;;;;;;;4;3
14;64;61.359375;-2.640625;9;3;58.0;507;1;Samaha et al. (2019);Experiment 1;Orientation;1;40;;;;;;;5;3
14;17;46.0;29.0;9;3;47.0;508;0;Samaha et al. (2019);Experiment 1;Orientation;1;39;;;;;;;3;3
14;128;119.2265625;-8.7734375;9;3;69.0;509;1;Samaha et al. (2019);Experiment 1;Orientation;1;40;;;;;;;6;3
14;159;148.3828125;-10.6171875;9;3;-31.0;510;1;Samaha et al. (2019);Experiment 1;Orientation;1;40;;;;;;;7;3
14;145;148.46875;3.46875;9;3;14.0;511;1;Samaha et al. (2019);Experiment 1;Orientation;1;40;;;;;;;8;3
14;45;52.6328125;7.6328125;9;3;-80.0;512;1;Samaha et al. (2019);Experiment 1;Orientation;1;40;;;;;;;9;3
14;5;26.8671875;21.8671875;9;3;40.0;513;0;Samaha et al. (2019);Experiment 1;Orientation;1;39;;;;;;;4;3
14;25;47.359375;22.359375;9;3;-20.0;514;1;Samaha et al. (2019);Experiment 1;Orientation;1;40;;;;;;;10;3
14;28;40.1875;12.1875;9;3;-3.0;515;0;Samaha et al. (2019);Experiment 1;Orientation;1;39;;;;;;;5;3
14;96;117.4921875;21.4921875;9;3;-68.0;516;1;Samaha et al. (2019);Experiment 1;Orientation;1;40;;;;;;;11;3
14;102;111.984375;9.984375;9;3;-6.0;517;0;Samaha et al. (2019);Experiment 1;Orientation;1;39;;;;;;;6;3
14;176;28.9453125;32.9453125;9;3;-74.0;518;0;Samaha et al. (2019);Experiment 1;Orientation;1;39;;;;;;;7;3
14;98;100.78125;2.78125;9;3;78.0;519;0;Samaha et al. (2019);Experiment 1;Orientation;1;39;;;;;;;8;3
14;42;47.421875;5.421875;9;3;56.0;520;0;Samaha et al. (2019);Experiment 1;Orientation;1;39;;;;;;;9;3
14;91;75.90625;-15.09375;9;3;-49.0;521;0;Samaha et al. (2019);Experiment 1;Orientation;1;39;;;;;;;10;3
14;60;63.109375;3.109375;9;3;31.0;522;0;Samaha et al. (2019);Experiment 1;Orientation;1;39;;;;;;;11;3
14;116;53.2265625;-62.7734375;9;3;-56.0;523;1;Samaha et al. (2019);Experiment 1;Orientation;1;40;;;;;;;12;3
14;139;125.640625;-13.359375;9;3;-23.0;524;1;Samaha et al. (2019);Experiment 1;Orientation;1;40;;;;;;;13;3
14;55;65.140625;10.140625;9;3;84.0;525;1;Samaha et al. (2019);Experiment 1;Orientation;1;40;;;;;;;14;3
14;86;75.140625;-10.859375;9;3;-31.0;526;1;Samaha et al. (2019);Experiment 1;Orientation;1;40;;;;;;;15;3
14;23;48.8671875;25.8671875;9;3;63.0;527;1;Samaha et al. (2019);Experiment 1;Orientation;1;40;;;;;;;16;3
14;101;137.34375;36.34375;9;3;-78.0;528;1;Samaha et al. (2019);Experiment 1;Orientation;1;40;;;;;;;17;3
14;130;131.2109375;1.2109375;9;3;-29.0;529;1;Samaha et al. (2019);Experiment 1;Orientation;1;40;;;;;;;18;3
14;133;129.6875;-3.3125;9;3;-3.0;530;1;Samaha et al. (2019);Experiment 1;Orientation;1;40;;;;;;;19;3
14;77;41.390625;-35.609375;9;3;56.0;531;1;Samaha et al. (2019);Experiment 1;Orientation;1;40;;;;;;;20;3
14;148;138.53125;-9.46875;9;3;-71.0;532;0;Samaha et al. (2019);Experiment 1;Orientation;1;39;;;;;;;12;3
14;155;138.1171875;-16.8828125;9;3;-7.0;533;0;Samaha et al. (2019);Experiment 1;Orientation;1;39;;;;;;;13;3
14;32;30.7109375;-1.2890625;9;3;-57.0;534;1;Samaha et al. (2019);Experiment 1;Orientation;1;40;;;;;;;21;3
14;126;122.6796875;-3.3203125;9;3;86.0;535;0;Samaha et al. (2019);Experiment 1;Orientation;1;39;;;;;;;14;3
14;147;134.1015625;-12.8984375;9;3;-21.0;536;1;Samaha et al. (2019);Experiment 1;Orientation;1;40;;;;;;;22;3
14;38;38.734375;0.734375;9;3;-71.0;537;1;Samaha et al. (2019);Experiment 1;Orientation;1;40;;;;;;;23;3
14;68;48.9765625;-19.0234375;9;3;-30.0;538;1;Samaha et al. (2019);Experiment 1;Orientation;1;40;;;;;;;24;3
14;64;51.3125;-12.6875;9;3;4.0;539;1;Samaha et al. (2019);Experiment 1;Orientation;1;40;;;;;;;25;3
14;20;62.0;42.0;9;3;44.0;540;0;Samaha et al. (2019);Experiment 1;Orientation;1;39;;;;;;;15;3
14;4;44.0703125;40.0703125;9;3;16.0;541;1;Samaha et al. (2019);Experiment 1;Orientation;1;40;;;;;;;26;3
14;33;0.0;-33.0;9;3;-29.0;542;0;Samaha et al. (2019);Experiment 1;Orientation;1;39;;;;;;;16;3
14;146;130.8125;-15.1875;9;3;67.0;543;0;Samaha et al. (2019);Experiment 1;Orientation;1;39;;;;;;;17;3
14;55;41.9375;-13.0625;9;3;-89.0;544;1;Samaha et al. (2019);Experiment 1;Orientation;1;40;;;;;;;27;3
14;52;37.359375;-14.640625;9;3;3.0;545;0;Samaha et al. (2019);Experiment 1;Orientation;1;39;;;;;;;18;3
14;106;124.453125;18.453125;9;3;-54.0;546;0;Samaha et al. (2019);Experiment 1;Orientation;1;39;;;;;;;19;3
14;135;138.46875;3.46875;9;3;-29.0;547;1;Samaha et al. (2019);Experiment 1;Orientation;1;40;;;;;;;28;3
14;38;49.375;11.375;9;3;-83.0;548;0;Samaha et al. (2019);Experiment 1;Orientation;1;39;;;;;;;20;3
14;85;56.1015625;-28.8984375;9;3;-47.0;549;0;Samaha et al. (2019);Experiment 1;Orientation;1;39;;;;;;;21;3
14;80;69.4453125;-10.5546875;9;3;5.0;550;1;Samaha et al. (2019);Experiment 1;Orientation;1;40;;;;;;;29;3
14;157;138.0;-19.0;9;3;-77.0;551;1;Samaha et al. (2019);Experiment 1;Orientation;1;40;;;;;;;30;3
14;98;126.0;28.0;9;3;59.0;552;0;Samaha et al. (2019);Experiment 1;Orientation;1;39;;;;;;;22;3
14;148;138.9921875;-9.0078125;9;3;-50.0;553;0;Samaha et al. (2019);Experiment 1;Orientation;1;39;;;;;;;23;3
14;91;98.0;7.0;9;3;57.0;554;0;Samaha et al. (2019);Experiment 1;Orientation;1;39;;;;;;;24;3
14;29;26.9453125;-2.0546875;9;3;62.0;555;0;Samaha et al. (2019);Experiment 1;Orientation;1;39;;;;;;;25;3
14;17;21.328125;4.328125;9;3;12.0;556;0;Samaha et al. (2019);Experiment 1;Orientation;1;39;;;;;;;26;3
14;161;153.7578125;-7.2421875;9;3;36.0;557;0;Samaha et al. (2019);Experiment 1;Orientation;1;39;;;;;;;27;3
14;16;29.078125;13.078125;9;3;-35.0;558;1;Samaha et al. (2019);Experiment 1;Orientation;1;40;;;;;;;31;3
14;95;92.765625;-2.234375;9;3;-79.0;559;0;Samaha et al. (2019);Experiment 1;Orientation;1;39;;;;;;;28;3
14;102;116.515625;14.515625;9;3;-7.0;560;0;Samaha et al. (2019);Experiment 1;Orientation;1;39;;;;;;;29;3
14;102;116.515625;14.515625;9;3;0.0;561;1;Samaha et al. (2019);Experiment 1;Orientation;1;40;;;;;;;32;3
14;38;150.4140625;-67.5859375;9;4;64.0;751;0;Samaha et al. (2019);Experiment 1;Orientation;1;39;;;;;;;1;4
14;10;19.625;9.625;9;4;28.0;752;1;Samaha et al. (2019);Experiment 1;Orientation;1;40;;;;;;;1;4
14;143;137.125;-5.875;9;4;47.0;753;1;Samaha et al. (2019);Experiment 1;Orientation;1;40;;;;;;;2;4
14;179;166.0859375;-12.9140625;9;4;-36.0;754;1;Samaha et al. (2019);Experiment 1;Orientation;1;40;;;;;;;3;4
14;173;30.3203125;37.3203125;9;4;6.0;755;0;Samaha et al. (2019);Experiment 1;Orientation;1;39;;;;;;;2;4
14;148;138.46875;-9.53125;9;4;25.0;756;0;Samaha et al. (2019);Experiment 1;Orientation;1;39;;;;;;;3;4
14;164;134.5625;-29.4375;9;4;-16.0;757;0;Samaha et al. (2019);Experiment 1;Orientation;1;39;;;;;;;4;4
14;120;124.3984375;4.3984375;9;4;44.0;758;1;Samaha et al. (2019);Experiment 1;Orientation;1;40;;;;;;;4;4
14;91;124.25;33.25;9;4;29.0;759;1;Samaha et al. (2019);Experiment 1;Orientation;1;40;;;;;;;5;4
14;24;36.9453125;12.9453125;9;4;67.0;760;1;Samaha et al. (2019);Experiment 1;Orientation;1;40;;;;;;;6;4
14;130;137.359375;7.359375;9;4;74.0;761;1;Samaha et al. (2019);Experiment 1;Orientation;1;40;;;;;;;7;4
14;133;134.5625;1.5625;9;4;-3.0;762;0;Samaha et al. (2019);Experiment 1;Orientation;1;39;;;;;;;5;4
14;158;133.984375;-24.015625;9;4;-25.0;763;0;Samaha et al. (2019);Experiment 1;Orientation;1;39;;;;;;;6;4
14;150;125.5234375;-24.4765625;9;4;8.0;764;1;Samaha et al. (2019);Experiment 1;Orientation;1;40;;;;;;;8;4
14;88;76.9140625;-11.0859375;9;4;62.0;765;0;Samaha et al. (2019);Experiment 1;Orientation;1;39;;;;;;;7;4
14;88;71.59375;-16.40625;9;4;0.0;766;1;Samaha et al. (2019);Experiment 1;Orientation;1;40;;;;;;;9;4
14;110;117.34375;7.34375;9;4;-22.0;767;1;Samaha et al. (2019);Experiment 1;Orientation;1;40;;;;;;;10;4
14;44;38.0;-6.0;9;4;66.0;768;1;Samaha et al. (2019);Experiment 1;Orientation;1;40;;;;;;;11;4
14;158;46.796875;68.796875;9;4;66.0;769;0;Samaha et al. (2019);Experiment 1;Orientation;1;39;;;;;;;8;4
14;145;141.9375;-3.0625;9;4;13.0;770;0;Samaha et al. (2019);Experiment 1;Orientation;1;39;;;;;;;9;4
14;125;116.0;-9.0;9;4;20.0;771;1;Samaha et al. (2019);Experiment 1;Orientation;1;40;;;;;;;12;4
14;91;92.6640625;1.6640625;9;4;34.0;772;1;Samaha et al. (2019);Experiment 1;Orientation;1;40;;;;;;;13;4
14;138;82.0;-56.0;9;4;-47.0;773;0;Samaha et al. (2019);Experiment 1;Orientation;1;39;;;;;;;10;4
14;89;81.6875;-7.3125;9;4;49.0;774;0;Samaha et al. (2019);Experiment 1;Orientation;1;39;;;;;;;11;4
14;154;144.9765625;-9.0234375;9;4;-65.0;775;0;Samaha et al. (2019);Experiment 1;Orientation;1;39;;;;;;;12;4
14;69;59.65625;-9.34375;9;4;85.0;776;0;Samaha et al. (2019);Experiment 1;Orientation;1;39;;;;;;;13;4
14;47;42.6796875;-4.3203125;9;4;22.0;777;1;Samaha et al. (2019);Experiment 1;Orientation;1;40;;;;;;;14;4
14;126;126.1171875;0.1171875;9;4;-79.0;778;0;Samaha et al. (2019);Experiment 1;Orientation;1;39;;;;;;;14;4
14;129;135.015625;6.015625;9;4;-3.0;779;1;Samaha et al. (2019);Experiment 1;Orientation;1;40;;;;;;;15;4
14;46;46.3203125;0.3203125;9;4;83.0;780;0;Samaha et al. (2019);Experiment 1;Orientation;1;39;;;;;;;15;4
14;120;139.1796875;19.1796875;9;4;-74.0;781;0;Samaha et al. (2019);Experiment 1;Orientation;1;39;;;;;;;16;4
14;175;140.203125;-34.796875;9;4;-55.0;782;1;Samaha et al. (2019);Experiment 1;Orientation;1;40;;;;;;;16;4
14;58;59.921875;1.921875;9;4;-63.0;783;0;Samaha et al. (2019);Experiment 1;Orientation;1;39;;;;;;;17;4
14;43;43.359375;0.359375;9;4;15.0;784;1;Samaha et al. (2019);Experiment 1;Orientation;1;40;;;;;;;17;4
14;5;60.765625;55.765625;9;4;38.0;785;0;Samaha et al. (2019);Experiment 1;Orientation;1;39;;;;;;;18;4
14;107;125.328125;18.328125;9;4;78.0;786;1;Samaha et al. (2019);Experiment 1;Orientation;1;40;;;;;;;18;4
14;105;108.8125;3.8125;9;4;2.0;787;1;Samaha et al. (2019);Experiment 1;Orientation;1;40;;;;;;;19;4
14;95;106.1328125;11.1328125;9;4;10.0;788;0;Samaha et al. (2019);Experiment 1;Orientation;1;39;;;;;;;19;4
14;32;34.78125;2.78125;9;4;63.0;789;0;Samaha et al. (2019);Experiment 1;Orientation;1;39;;;;;;;20;4
14;44;48.15625;4.15625;9;4;-12.0;790;0;Samaha et al. (2019);Experiment 1;Orientation;1;39;;;;;;;21;4
14;151;138.0;-13.0;9;4;73.0;791;1;Samaha et al. (2019);Experiment 1;Orientation;1;40;;;;;;;20;4
14;129;150.9296875;21.9296875;9;4;22.0;792;1;Samaha et al. (2019);Experiment 1;Orientation;1;40;;;;;;;21;4
14;76;52.1171875;-23.8828125;9;4;53.0;793;0;Samaha et al. (2019);Experiment 1;Orientation;1;39;;;;;;;22;4
14;136;138.28125;2.28125;9;4;-60.0;794;1;Samaha et al. (2019);Experiment 1;Orientation;1;40;;;;;;;22;4
14;46;33.5546875;-12.4453125;9;4;90.0;795;1;Samaha et al. (2019);Experiment 1;Orientation;1;40;;;;;;;23;4
14;89;71.5703125;-17.4296875;9;4;-43.0;796;1;Samaha et al. (2019);Experiment 1;Orientation;1;40;;;;;;;24;4
14;48;106.5;58.5;9;4;41.0;797;0;Samaha et al. (2019);Experiment 1;Orientation;1;39;;;;;;;23;4
14;179;160.0;-19.0;9;4;49.0;798;1;Samaha et al. (2019);Experiment 1;Orientation;1;40;;;;;;;25;4
14;114;104.0390625;-9.9609375;9;4;65.0;799;0;Samaha et al. (2019);Experiment 1;Orientation;1;39;;;;;;;24;4
14;72;68.171875;-3.828125;9;4;42.0;800;0;Samaha et al. (2019);Experiment 1;Orientation;1;39;;;;;;;25;4
14;5;18.1015625;13.1015625;9;4;67.0;801;0;Samaha et al. (2019);Experiment 1;Orientation;1;39;;;;;;;26;4
14;61;58.0;-3.0;9;4;-56.0;802;0;Samaha et al. (2019);Experiment 1;Orientation;1;39;;;;;;;27;4
14;59;50.0;-9.0;9;4;2.0;803;0;Samaha et al. (2019);Experiment 1;Orientation;1;39;;;;;;;28;4
14;34;35.8203125;1.8203125;9;4;25.0;804;1;Samaha et al. (2019);Experiment 1;Orientation;1;40;;;;;;;26;4
14;137;129.2578125;-7.7421875;9;4;77.0;805;0;Samaha et al. (2019);Experiment 1;Orientation;1;39;;;;;;;29;4
14;118;118.6640625;0.6640625;9;4;19.0;806;0;Samaha et al. (2019);Experiment 1;Orientation;1;39;;;;;;;30;4
14;84;65.3125;-18.6875;9;4;34.0;807;0;Samaha et al. (2019);Experiment 1;Orientation;1;39;;;;;;;31;4
14;108;110.84375;2.84375;9;4;-24.0;808;0;Samaha et al. (2019);Experiment 1;Orientation;1;39;;;;;;;32;4
14;2;143.40625;-38.59375;9;4;-74.0;809;0;Samaha et al. (2019);Experiment 1;Orientation;1;39;;;;;;;33;4
14;135;148.1875;13.1875;9;4;47.0;810;1;Samaha et al. (2019);Experiment 1;Orientation;1;40;;;;;;;27;4
14;135;148.1875;13.1875;9;4;0.0;811;0;Samaha et al. (2019);Experiment 1;Orientation;1;39;;;;;;;34;4
14;174;168.3671875;-5.6328125;9;5;-39.0;1001;0;Samaha et al. (2019);Experiment 1;Orientation;1;39;;;;;;;1;5
14;120;132.9609375;12.9609375;9;5;54.0;1002;1;Samaha et al. (2019);Experiment 1;Orientation;1;40;;;;;;;1;5
14;61;58.4140625;-2.5859375;9;5;59.0;1003;0;Samaha et al. (2019);Experiment 1;Orientation;1;39;;;;;;;2;5
14;171;141.5703125;-29.4296875;9;5;70.0;1004;1;Samaha et al. (2019);Experiment 1;Orientation;1;40;;;;;;;2;5
14;22;32.8984375;10.8984375;9;5;-31.0;1005;0;Samaha et al. (2019);Experiment 1;Orientation;1;39;;;;;;;3;5
14;2;160.9140625;-21.0859375;9;5;20.0;1006;0;Samaha et al. (2019);Experiment 1;Orientation;1;39;;;;;;;4;5
14;23;22.84375;-0.15625;9;5;-21.0;1007;0;Samaha et al. (2019);Experiment 1;Orientation;1;39;;;;;;;5;5
14;136;136.6171875;0.6171875;9;5;67.0;1008;0;Samaha et al. (2019);Experiment 1;Orientation;1;39;;;;;;;6;5
14;132;131.9375;-0.0625;9;5;4.0;1009;0;Samaha et al. (2019);Experiment 1;Orientation;1;39;;;;;;;7;5
14;110;112.6328125;2.6328125;9;5;22.0;1010;1;Samaha et al. (2019);Experiment 1;Orientation;1;40;;;;;;;3;5
14;111;110.3671875;-0.6328125;9;5;-1.0;1011;0;Samaha et al. (2019);Experiment 1;Orientation;1;39;;;;;;;8;5
14;142;141.703125;-0.296875;9;5;-31.0;1012;1;Samaha et al. (2019);Experiment 1;Orientation;1;40;;;;;;;4;5
14;100;111.5078125;11.5078125;9;5;42.0;1013;0;Samaha et al. (2019);Experiment 1;Orientation;1;39;;;;;;;9;5
14;15;29.2421875;14.2421875;9;5;85.0;1014;1;Samaha et al. (2019);Experiment 1;Orientation;1;40;;;;;;;5;5
14;117;125.4765625;8.4765625;9;5;78.0;1015;1;Samaha et al. (2019);Experiment 1;Orientation;1;40;;;;;;;6;5
14;40;35.4609375;-4.5390625;9;5;77.0;1016;1;Samaha et al. (2019);Experiment 1;Orientation;1;40;;;;;;;7;5
14;134;138.9453125;4.9453125;9;5;86.0;1017;0;Samaha et al. (2019);Experiment 1;Orientation;1;39;;;;;;;10;5
14;117;114.25;-2.75;9;5;17.0;1018;0;Samaha et al. (2019);Experiment 1;Orientation;1;39;;;;;;;11;5
14;106;108.0;2.0;9;5;11.0;1019;1;Samaha et al. (2019);Experiment 1;Orientation;1;40;;;;;;;8;5
14;2;26.6640625;24.6640625;9;5;-76.0;1020;1;Samaha et al. (2019);Experiment 1;Orientation;1;40;;;;;;;9;5
14;92;98.0;6.0;9;5;-90.0;1021;1;Samaha et al. (2019);Experiment 1;Orientation;1;40;;;;;;;10;5
14;121;108.0;-13.0;9;5;-29.0;1022;0;Samaha et al. (2019);Experiment 1;Orientation;1;39;;;;;;;12;5
14;91;98.0;7.0;9;5;30.0;1023;1;Samaha et al. (2019);Experiment 1;Orientation;1;40;;;;;;;11;5
14;132;110.6015625;-21.3984375;9;5;-41.0;1024;0;Samaha et al. (2019);Experiment 1;Orientation;1;39;;;;;;;13;5
14;127;104.0;-23.0;9;5;5.0;1025;0;Samaha et al. (2019);Experiment 1;Orientation;1;39;;;;;;;14;5
14;19;21.4921875;2.4921875;9;5;-72.0;1026;1;Samaha et al. (2019);Experiment 1;Orientation;1;40;;;;;;;12;5
14;168;157.625;-10.375;9;5;31.0;1027;0;Samaha et al. (2019);Experiment 1;Orientation;1;39;;;;;;;15;5
14;121;121.125;0.125;9;5;47.0;1028;1;Samaha et al. (2019);Experiment 1;Orientation;1;40;;;;;;;13;5
14;87;59.2109375;-27.7890625;9;5;34.0;1029;0;Samaha et al. (2019);Experiment 1;Orientation;1;39;;;;;;;16;5
14;159;143.8515625;-15.1484375;9;5;-72.0;1030;0;Samaha et al. (2019);Experiment 1;Orientation;1;39;;;;;;;17;5
14;151;117.90625;-33.09375;9;5;8.0;1031;0;Samaha et al. (2019);Experiment 1;Orientation;1;39;;;;;;;18;5
14;128;118.0;-10.0;9;5;23.0;1032;1;Samaha et al. (2019);Experiment 1;Orientation;1;40;;;;;;;14;5
14;24;22.484375;-1.515625;9;5;-76.0;1033;0;Samaha et al. (2019);Experiment 1;Orientation;1;39;;;;;;;19;5
14;74;69.078125;-4.921875;9;5;-50.0;1034;0;Samaha et al. (2019);Experiment 1;Orientation;1;39;;;;;;;20;5
14;178;26.3984375;28.3984375;9;5;76.0;1035;0;Samaha et al. (2019);Experiment 1;Orientation;1;39;;;;;;;21;5
14;25;15.875;-9.125;9;5;-27.0;1036;1;Samaha et al. (2019);Experiment 1;Orientation;1;40;;;;;;;15;5
14;7;26.28125;19.28125;9;5;18.0;1037;0;Samaha et al. (2019);Experiment 1;Orientation;1;39;;;;;;;22;5
14;148;159.2734375;11.2734375;9;5;39.0;1038;1;Samaha et al. (2019);Experiment 1;Orientation;1;40;;;;;;;16;5
14;118;134.0;16.0;9;5;30.0;1039;1;Samaha et al. (2019);Experiment 1;Orientation;1;40;;;;;;;17;5
14;128;124.484375;-3.515625;9;5;-10.0;1040;0;Samaha et al. (2019);Experiment 1;Orientation;1;39;;;;;;;23;5
14;114;126.3671875;12.3671875;9;5;14.0;1041;0;Samaha et al. (2019);Experiment 1;Orientation;1;39;;;;;;;24;5
14;107;108.0;1.0;9;5;7.0;1042;0;Samaha et al. (2019);Experiment 1;Orientation;1;39;;;;;;;25;5
14;113;105.4765625;-7.5234375;9;5;-6.0;1043;0;Samaha et al. (2019);Experiment 1;Orientation;1;39;;;;;;;26;5
14;149;149.5078125;0.5078125;9;5;-36.0;1044;1;Samaha et al. (2019);Experiment 1;Orientation;1;40;;;;;;;18;5
14;3;21.09375;18.09375;9;5;-34.0;1045;0;Samaha et al. (2019);Experiment 1;Orientation;1;39;;;;;;;27;5
14;96;114.28125;18.28125;9;5;87.0;1046;0;Samaha et al. (2019);Experiment 1;Orientation;1;39;;;;;;;28;5
14;111;124.9296875;13.9296875;9;5;-15.0;1047;1;Samaha et al. (2019);Experiment 1;Orientation;1;40;;;;;;;19;5
14;147;140.0;-7.0;9;5;-36.0;1048;1;Samaha et al. (2019);Experiment 1;Orientation;1;40;;;;;;;20;5
14;89;70.28125;-18.71875;9;5;58.0;1049;1;Samaha et al. (2019);Experiment 1;Orientation;1;40;;;;;;;21;5
14;142;152.453125;10.453125;9;5;-53.0;1050;1;Samaha et al. (2019);Experiment 1;Orientation;1;40;;;;;;;22;5
14;35;21.09375;-13.90625;9;5;-73.0;1051;0;Samaha et al. (2019);Experiment 1;Orientation;1;39;;;;;;;29;5
14;147;152.0546875;5.0546875;9;5;68.0;1052;1;Samaha et al. (2019);Experiment 1;Orientation;1;40;;;;;;;23;5
14;151;128.3359375;-22.6640625;9;5;-4.0;1053;0;Samaha et al. (2019);Experiment 1;Orientation;1;39;;;;;;;30;5
14;114;118.7109375;4.7109375;9;5;37.0;1054;0;Samaha et al. (2019);Experiment 1;Orientation;1;39;;;;;;;31;5
14;31;31.875;0.875;9;5;83.0;1055;0;Samaha et al. (2019);Experiment 1;Orientation;1;39;;;;;;;32;5
14;81;65.921875;-15.078125;9;5;-50.0;1056;1;Samaha et al. (2019);Experiment 1;Orientation;1;40;;;;;;;24;5
14;124;67.296875;-56.703125;9;5;-43.0;1057;0;Samaha et al. (2019);Experiment 1;Orientation;1;39;;;;;;;33;5
14;20;38.6328125;18.6328125;9;5;-76.0;1058;1;Samaha et al. (2019);Experiment 1;Orientation;1;40;;;;;;;25;5
14;82;73.4921875;-8.5078125;9;5;-62.0;1059;1;Samaha et al. (2019);Experiment 1;Orientation;1;40;;;;;;;26;5
14;155;130.46875;-24.53125;9;5;-73.0;1060;0;Samaha et al. (2019);Experiment 1;Orientation;1;39;;;;;;;34;5
14;155;130.46875;-24.53125;9;5;0.0;1061;0;Samaha et al. (2019);Experiment 1;Orientation;1;39;;;;;;;35;5
15;174;48.0703125;54.0703125;9;1;-19.0;1;1;Samaha et al. (2019);Experiment 1;Orientation;1;40;;;;;;;1;1
15;78;134.734375;56.734375;9;1;-84.0;2;1;Samaha et al. (2019);Experiment 1;Orientation;1;40;;;;;;;2;1
15;101;127.984375;26.984375;9;1;-23.0;3;0;Samaha et al. (2019);Experiment 1;Orientation;1;39;;;;;;;1;1
15;149;151.4609375;2.4609375;9;1;-48.0;4;1;Samaha et al. (2019);Experiment 1;Orientation;1;40;;;;;;;3;1
15;48;44.6796875;-3.3203125;9;1;-79.0;5;1;Samaha et al. (2019);Experiment 1;Orientation;1;40;;;;;;;4;1
15;173;155.2265625;-17.7734375;9;1;55.0;6;1;Samaha et al. (2019);Experiment 1;Orientation;1;40;;;;;;;5;1
15;29;53.703125;24.703125;9;1;-36.0;7;0;Samaha et al. (2019);Experiment 1;Orientation;1;39;;;;;;;2;1
15;106;109.953125;3.953125;9;1;-77.0;8;1;Samaha et al. (2019);Experiment 1;Orientation;1;40;;;;;;;6;1
15;19;121.390625;-77.609375;9;1;87.0;9;1;Samaha et al. (2019);Experiment 1;Orientation;1;40;;;;;;;7;1
15;56;47.4765625;-8.5234375;9;1;-37.0;10;1;Samaha et al. (2019);Experiment 1;Orientation;1;40;;;;;;;8;1
15;97;127.8515625;30.8515625;9;1;-41.0;11;0;Samaha et al. (2019);Experiment 1;Orientation;1;39;;;;;;;3;1
15;25;28.546875;3.546875;9;1;72.0;12;0;Samaha et al. (2019);Experiment 1;Orientation;1;39;;;;;;;4;1
15;49;32.0;-17.0;9;1;-24.0;13;1;Samaha et al. (2019);Experiment 1;Orientation;1;40;;;;;;;9;1
15;67;49.640625;-17.359375;9;1;-18.0;14;1;Samaha et al. (2019);Experiment 1;Orientation;1;40;;;;;;;10;1
15;92;138.28125;46.28125;9;1;-25.0;15;0;Samaha et al. (2019);Experiment 1;Orientation;1;39;;;;;;;5;1
15;25;51.921875;26.921875;9;1;67.0;16;0;Samaha et al. (2019);Experiment 1;Orientation;1;39;;;;;;;6;1
15;126;136.9765625;10.9765625;9;1;79.0;17;0;Samaha et al. (2019);Experiment 1;Orientation;1;39;;;;;;;7;1
15;78;53.90625;-24.09375;9;1;48.0;18;0;Samaha et al. (2019);Experiment 1;Orientation;1;39;;;;;;;8;1
15;138;143.9375;5.9375;9;1;-60.0;19;1;Samaha et al. (2019);Experiment 1;Orientation;1;40;;;;;;;11;1
15;18;47.640625;29.640625;9;1;-60.0;20;0;Samaha et al. (2019);Experiment 1;Orientation;1;39;;;;;;;9;1
15;2;32.546875;30.546875;9;1;16.0;21;1;Samaha et al. (2019);Experiment 1;Orientation;1;40;;;;;;;12;1
15;171;159.34375;-11.65625;9;1;11.0;22;1;Samaha et al. (2019);Experiment 1;Orientation;1;40;;;;;;;13;1
15;170;159.4453125;-10.5546875;9;1;1.0;23;0;Samaha et al. (2019);Experiment 1;Orientation;1;39;;;;;;;10;1
15;26;155.2734375;-50.7265625;9;1;-36.0;24;0;Samaha et al. (2019);Experiment 1;Orientation;1;39;;;;;;;11;1
15;130;129.8359375;-0.1640625;9;1;76.0;25;1;Samaha et al. (2019);Experiment 1;Orientation;1;40;;;;;;;14;1
15;127;124.734375;-2.265625;9;1;3.0;26;0;Samaha et al. (2019);Experiment 1;Orientation;1;39;;;;;;;12;1
15;132;137.359375;5.359375;9;1;-5.0;27;0;Samaha et al. (2019);Experiment 1;Orientation;1;39;;;;;;;13;1
15;26;23.8359375;-2.1640625;9;1;-74.0;28;0;Samaha et al. (2019);Experiment 1;Orientation;1;39;;;;;;;14;1
15;95;98.0234375;3.0234375;9;1;-69.0;29;1;Samaha et al. (2019);Experiment 1;Orientation;1;40;;;;;;;15;1
15;128;120.1328125;-7.8671875;9;1;-33.0;30;1;Samaha et al. (2019);Experiment 1;Orientation;1;40;;;;;;;16;1
15;45;49.625;4.625;9;1;83.0;31;1;Samaha et al. (2019);Experiment 1;Orientation;1;40;;;;;;;17;1
15;148;139.890625;-8.109375;9;1;77.0;32;1;Samaha et al. (2019);Experiment 1;Orientation;1;40;;;;;;;18;1
15;160;149.09375;-10.90625;9;1;-12.0;33;0;Samaha et al. (2019);Experiment 1;Orientation;1;39;;;;;;;15;1
15;39;56.0546875;17.0546875;9;1;-59.0;34;0;Samaha et al. (2019);Experiment 1;Orientation;1;39;;;;;;;16;1
15;155;147.7890625;-7.2109375;9;1;64.0;35;0;Samaha et al. (2019);Experiment 1;Orientation;1;39;;;;;;;17;1
15;175;58.9765625;63.9765625;9;1;-20.0;36;0;Samaha et al. (2019);Experiment 1;Orientation;1;39;;;;;;;18;1
15;112;126.3515625;14.3515625;9;1;63.0;37;0;Samaha et al. (2019);Experiment 1;Orientation;1;39;;;;;;;19;1
15;80;56.171875;-23.828125;9;1;32.0;38;1;Samaha et al. (2019);Experiment 1;Orientation;1;40;;;;;;;19;1
15;78;59.5390625;-18.4609375;9;1;2.0;39;1;Samaha et al. (2019);Experiment 1;Orientation;1;40;;;;;;;20;1
15;118;115.296875;-2.703125;9;1;-40.0;40;0;Samaha et al. (2019);Experiment 1;Orientation;1;39;;;;;;;20;1
15;158;157.390625;-0.609375;9;1;-40.0;41;1;Samaha et al. (2019);Experiment 1;Orientation;1;40;;;;;;;21;1
15;141;160.453125;19.453125;9;1;17.0;42;1;Samaha et al. (2019);Experiment 1;Orientation;1;40;;;;;;;22;1
15;134;120.5859375;-13.4140625;9;1;7.0;43;0;Samaha et al. (2019);Experiment 1;Orientation;1;39;;;;;;;21;1
15;72;62.75;-9.25;9;1;62.0;44;1;Samaha et al. (2019);Experiment 1;Orientation;1;40;;;;;;;23;1
15;40;54.3203125;14.3203125;9;1;32.0;45;1;Samaha et al. (2019);Experiment 1;Orientation;1;40;;;;;;;24;1
15;53;52.0;-1.0;9;1;-13.0;46;1;Samaha et al. (2019);Experiment 1;Orientation;1;40;;;;;;;25;1
15;14;154.0390625;-39.9609375;9;1;39.0;47;1;Samaha et al. (2019);Experiment 1;Orientation;1;40;;;;;;;26;1
15;162;148.6796875;-13.3203125;9;1;32.0;48;1;Samaha et al. (2019);Experiment 1;Orientation;1;40;;;;;;;27;1
15;98;99.8046875;1.8046875;9;1;64.0;49;0;Samaha et al. (2019);Experiment 1;Orientation;1;39;;;;;;;22;1
15;133;37.421875;84.421875;9;1;-35.0;50;1;Samaha et al. (2019);Experiment 1;Orientation;1;40;;;;;;;28;1
15;91;107.7265625;16.7265625;9;1;42.0;51;1;Samaha et al. (2019);Experiment 1;Orientation;1;40;;;;;;;29;1
15;63;42.28125;-20.71875;9;1;28.0;52;1;Samaha et al. (2019);Experiment 1;Orientation;1;40;;;;;;;30;1
15;127;125.9375;-1.0625;9;1;-64.0;53;0;Samaha et al. (2019);Experiment 1;Orientation;1;39;;;;;;;23;1
15;77;49.59375;-27.40625;9;1;50.0;54;0;Samaha et al. (2019);Experiment 1;Orientation;1;39;;;;;;;24;1
15;148;146.28125;-1.71875;9;1;-71.0;55;1;Samaha et al. (2019);Experiment 1;Orientation;1;40;;;;;;;31;1
15;85;68.9140625;-16.0859375;9;1;63.0;56;1;Samaha et al. (2019);Experiment 1;Orientation;1;40;;;;;;;32;1
15;53;142.4296875;89.4296875;9;1;32.0;57;0;Samaha et al. (2019);Experiment 1;Orientation;1;39;;;;;;;25;1
15;134;131.5703125;-2.4296875;9;1;-81.0;58;1;Samaha et al. (2019);Experiment 1;Orientation;1;40;;;;;;;33;1
15;6;52.6953125;46.6953125;9;1;-52.0;59;1;Samaha et al. (2019);Experiment 1;Orientation;1;40;;;;;;;34;1
15;79;142.0703125;63.0703125;9;1;-73.0;60;0;Samaha et al. (2019);Experiment 1;Orientation;1;39;;;;;;;26;1
15;79;142.0703125;63.0703125;9;1;0.0;61;0;Samaha et al. (2019);Experiment 1;Orientation;1;39;;;;;;;27;1
15;141;129.5703125;-11.4296875;9;2;-62.0;251;1;Samaha et al. (2019);Experiment 1;Orientation;1;40;;;;;;;1;2
15;40;50.9296875;10.9296875;9;2;-79.0;252;0;Samaha et al. (2019);Experiment 1;Orientation;1;39;;;;;;;1;2
15;52;51.015625;-0.984375;9;2;-12.0;253;1;Samaha et al. (2019);Experiment 1;Orientation;1;40;;;;;;;2;2
15;66;127.421875;61.421875;9;2;-14.0;254;1;Samaha et al. (2019);Experiment 1;Orientation;1;40;;;;;;;3;2
15;83;52.8671875;-30.1328125;9;2;-17.0;255;1;Samaha et al. (2019);Experiment 1;Orientation;1;40;;;;;;;4;2
15;32;26.0;-6.0;9;2;51.0;256;0;Samaha et al. (2019);Experiment 1;Orientation;1;39;;;;;;;2;2
15;95;103.2265625;8.2265625;9;2;-63.0;257;0;Samaha et al. (2019);Experiment 1;Orientation;1;39;;;;;;;3;2
15;134;138.9296875;4.9296875;9;2;-39.0;258;0;Samaha et al. (2019);Experiment 1;Orientation;1;39;;;;;;;4;2
15;151;46.75;75.75;9;2;-17.0;259;0;Samaha et al. (2019);Experiment 1;Orientation;1;39;;;;;;;5;2
15;128;131.90625;3.90625;9;2;23.0;260;1;Samaha et al. (2019);Experiment 1;Orientation;1;40;;;;;;;5;2
15;174;175.625;1.625;9;2;-46.0;261;1;Samaha et al. (2019);Experiment 1;Orientation;1;40;;;;;;;6;2
15;110;107.703125;-2.296875;9;2;64.0;262;1;Samaha et al. (2019);Experiment 1;Orientation;1;40;;;;;;;7;2
15;11;16.765625;5.765625;9;2;-81.0;263;1;Samaha et al. (2019);Experiment 1;Orientation;1;40;;;;;;;8;2
15;62;101.7578125;39.7578125;9;2;-51.0;264;1;Samaha et al. (2019);Experiment 1;Orientation;1;40;;;;;;;9;2
15;29;18.6796875;-10.3203125;9;2;33.0;265;0;Samaha et al. (2019);Experiment 1;Orientation;1;39;;;;;;;6;2
15;94;117.8515625;23.8515625;9;2;-65.0;266;1;Samaha et al. (2019);Experiment 1;Orientation;1;40;;;;;;;10;2
15;76;52.9140625;-23.0859375;9;2;18.0;267;1;Samaha et al. (2019);Experiment 1;Orientation;1;40;;;;;;;11;2
15;87;118.796875;31.796875;9;2;-11.0;268;1;Samaha et al. (2019);Experiment 1;Orientation;1;40;;;;;;;12;2
15;156;158.0859375;2.0859375;9;2;-69.0;269;1;Samaha et al. (2019);Experiment 1;Orientation;1;40;;;;;;;13;2
15;163;167.0625;4.0625;9;2;-7.0;270;0;Samaha et al. (2019);Experiment 1;Orientation;1;39;;;;;;;7;2
15;111;118.0234375;7.0234375;9;2;52.0;271;1;Samaha et al. (2019);Experiment 1;Orientation;1;40;;;;;;;14;2
15;133;143.96875;10.96875;9;2;-22.0;272;0;Samaha et al. (2019);Experiment 1;Orientation;1;39;;;;;;;8;2
15;88;57.96875;-30.03125;9;2;45.0;273;0;Samaha et al. (2019);Experiment 1;Orientation;1;39;;;;;;;9;2
15;146;123.3125;-22.6875;9;2;-58.0;274;1;Samaha et al. (2019);Experiment 1;Orientation;1;40;;;;;;;15;2
15;18;33.890625;15.890625;9;2;-52.0;275;1;Samaha et al. (2019);Experiment 1;Orientation;1;40;;;;;;;16;2
15;152;138.3515625;-13.6484375;9;2;46.0;276;1;Samaha et al. (2019);Experiment 1;Orientation;1;40;;;;;;;17;2
15;143;124.15625;-18.84375;9;2;9.0;277;0;Samaha et al. (2019);Experiment 1;Orientation;1;39;;;;;;;10;2
15;152;147.34375;-4.65625;9;2;-9.0;278;1;Samaha et al. (2019);Experiment 1;Orientation;1;40;;;;;;;18;2
15;29;56.0;27.0;9;2;-57.0;279;1;Samaha et al. (2019);Experiment 1;Orientation;1;40;;;;;;;19;2
15;0;116.9609375;-63.0390625;9;2;29.0;280;0;Samaha et al. (2019);Experiment 1;Orientation;1;39;;;;;;;11;2
15;98;93.328125;-4.671875;9;2;82.0;281;1;Samaha et al. (2019);Experiment 1;Orientation;1;40;;;;;;;20;2
15;77;95.046875;18.046875;9;2;21.0;282;0;Samaha et al. (2019);Experiment 1;Orientation;1;39;;;;;;;12;2
15;123;124.0;1.0;9;2;-46.0;283;0;Samaha et al. (2019);Experiment 1;Orientation;1;39;;;;;;;13;2
15;118;117.984375;-0.015625;9;2;5.0;284;1;Samaha et al. (2019);Experiment 1;Orientation;1;40;;;;;;;21;2
15;4;56.0;52.0;9;2;-66.0;285;1;Samaha et al. (2019);Experiment 1;Orientation;1;40;;;;;;;22;2
15;177;48.46875;51.46875;9;2;7.0;286;0;Samaha et al. (2019);Experiment 1;Orientation;1;39;;;;;;;14;2
15;25;31.34375;6.34375;9;2;-28.0;287;1;Samaha et al. (2019);Experiment 1;Orientation;1;40;;;;;;;23;2
15;11;134.1015625;-56.8984375;9;2;14.0;288;0;Samaha et al. (2019);Experiment 1;Orientation;1;39;;;;;;;15;2
15;164;158.8984375;-5.1015625;9;2;27.0;289;1;Samaha et al. (2019);Experiment 1;Orientation;1;40;;;;;;;24;2
15;36;30.0;-6.0;9;2;-52.0;290;1;Samaha et al. (2019);Experiment 1;Orientation;1;40;;;;;;;25;2
15;155;136.0859375;-18.9140625;9;2;61.0;291;0;Samaha et al. (2019);Experiment 1;Orientation;1;39;;;;;;;16;2
15;11;25.59375;14.59375;9;2;-36.0;292;1;Samaha et al. (2019);Experiment 1;Orientation;1;40;;;;;;;26;2
15;114;128.25;14.25;9;2;77.0;293;0;Samaha et al. (2019);Experiment 1;Orientation;1;39;;;;;;;17;2
15;111;108.5859375;-2.4140625;9;2;3.0;294;1;Samaha et al. (2019);Experiment 1;Orientation;1;40;;;;;;;27;2
15;1;146.0;-35.0;9;2;-70.0;295;1;Samaha et al. (2019);Experiment 1;Orientation;1;40;;;;;;;28;2
15;153;145.671875;-7.328125;9;2;28.0;296;0;Samaha et al. (2019);Experiment 1;Orientation;1;39;;;;;;;18;2
15;13;5.65625;-7.34375;9;2;-40.0;297;1;Samaha et al. (2019);Experiment 1;Orientation;1;40;;;;;;;29;2
15;2;11.921875;9.921875;9;2;11.0;298;0;Samaha et al. (2019);Experiment 1;Orientation;1;39;;;;;;;19;2
15;114;111.7265625;-2.2734375;9;2;68.0;299;1;Samaha et al. (2019);Experiment 1;Orientation;1;40;;;;;;;30;2
15;142;119.671875;-22.328125;9;2;-28.0;300;1;Samaha et al. (2019);Experiment 1;Orientation;1;40;;;;;;;31;2
15;76;62.5625;-13.4375;9;2;66.0;301;1;Samaha et al. (2019);Experiment 1;Orientation;1;40;;;;;;;32;2
15;115;124.1171875;9.1171875;9;2;-39.0;302;1;Samaha et al. (2019);Experiment 1;Orientation;1;40;;;;;;;33;2
15;139;136.0;-3.0;9;2;-24.0;303;1;Samaha et al. (2019);Experiment 1;Orientation;1;40;;;;;;;34;2
15;55;61.4609375;6.4609375;9;2;84.0;304;1;Samaha et al. (2019);Experiment 1;Orientation;1;40;;;;;;;35;2
15;124;51.8359375;-72.1640625;9;2;-69.0;305;0;Samaha et al. (2019);Experiment 1;Orientation;1;39;;;;;;;20;2
15;143;122.7109375;-20.2890625;9;2;-19.0;306;1;Samaha et al. (2019);Experiment 1;Orientation;1;40;;;;;;;36;2
15;169;145.5078125;-23.4921875;9;2;-26.0;307;0;Samaha et al. (2019);Experiment 1;Orientation;1;39;;;;;;;21;2
15;84;80.6171875;-3.3828125;9;2;85.0;308;1;Samaha et al. (2019);Experiment 1;Orientation;1;40;;;;;;;37;2
15;92;96.8125;4.8125;9;2;-8.0;309;0;Samaha et al. (2019);Experiment 1;Orientation;1;39;;;;;;;22;2
15;50;64.9921875;14.9921875;9;2;42.0;310;1;Samaha et al. (2019);Experiment 1;Orientation;1;40;;;;;;;38;2
15;50;64.9921875;14.9921875;9;2;0.0;311;1;Samaha et al. (2019);Experiment 1;Orientation;1;40;;;;;;;39;2
15;44;53.2734375;9.2734375;9;3;6.0;501;1;Samaha et al. (2019);Experiment 1;Orientation;1;40;;;;;;;1;3
15;85;60.9453125;-24.0546875;9;3;-41.0;502;1;Samaha et al. (2019);Experiment 1;Orientation;1;40;;;;;;;2;3
15;119;123.328125;4.328125;9;3;-34.0;503;0;Samaha et al. (2019);Experiment 1;Orientation;1;39;;;;;;;1;3
15;37;44.453125;7.453125;9;3;82.0;504;0;Samaha et al. (2019);Experiment 1;Orientation;1;39;;;;;;;2;3
15;91;145.6875;54.6875;9;3;-54.0;505;0;Samaha et al. (2019);Experiment 1;Orientation;1;39;;;;;;;3;3
15;122;116.0234375;-5.9765625;9;3;-31.0;506;0;Samaha et al. (2019);Experiment 1;Orientation;1;39;;;;;;;4;3
15;30;31.703125;1.703125;9;3;-88.0;507;0;Samaha et al. (2019);Experiment 1;Orientation;1;39;;;;;;;5;3
15;146;122.0859375;-23.9140625;9;3;64.0;508;1;Samaha et al. (2019);Experiment 1;Orientation;1;40;;;;;;;3;3
15;166;158.5625;-7.4375;9;3;-20.0;509;1;Samaha et al. (2019);Experiment 1;Orientation;1;40;;;;;;;4;3
15;98;102.171875;4.171875;9;3;68.0;510;0;Samaha et al. (2019);Experiment 1;Orientation;1;39;;;;;;;6;3
15;1;119.8203125;-61.1796875;9;3;-83.0;511;0;Samaha et al. (2019);Experiment 1;Orientation;1;39;;;;;;;7;3
15;81;64.6796875;-16.3203125;9;3;-80.0;512;0;Samaha et al. (2019);Experiment 1;Orientation;1;39;;;;;;;8;3
15;172;146.3984375;-25.6015625;9;3;89.0;513;1;Samaha et al. (2019);Experiment 1;Orientation;1;40;;;;;;;5;3
15;80;29.03125;-50.96875;9;3;-88.0;514;1;Samaha et al. (2019);Experiment 1;Orientation;1;40;;;;;;;6;3
15;98;96.515625;-1.484375;9;3;-18.0;515;1;Samaha et al. (2019);Experiment 1;Orientation;1;40;;;;;;;7;3
15;84;48.6640625;-35.3359375;9;3;14.0;516;1;Samaha et al. (2019);Experiment 1;Orientation;1;40;;;;;;;8;3
15;81;73.96875;-7.03125;9;3;3.0;517;0;Samaha et al. (2019);Experiment 1;Orientation;1;39;;;;;;;9;3
15;25;20.9609375;-4.0390625;9;3;56.0;518;1;Samaha et al. (2019);Experiment 1;Orientation;1;40;;;;;;;9;3
15;8;165.5078125;-22.4921875;9;3;17.0;519;0;Samaha et al. (2019);Experiment 1;Orientation;1;39;;;;;;;10;3
15;76;80.9296875;4.9296875;9;3;-68.0;520;1;Samaha et al. (2019);Experiment 1;Orientation;1;40;;;;;;;10;3
15;148;148.4375;0.4375;9;3;-72.0;521;0;Samaha et al. (2019);Experiment 1;Orientation;1;39;;;;;;;11;3
15;92;103.390625;11.390625;9;3;56.0;522;0;Samaha et al. (2019);Experiment 1;Orientation;1;39;;;;;;;12;3
15;116;141.1953125;25.1953125;9;3;-24.0;523;1;Samaha et al. (2019);Experiment 1;Orientation;1;40;;;;;;;11;3
15;172;161.140625;-10.859375;9;3;-56.0;524;1;Samaha et al. (2019);Experiment 1;Orientation;1;40;;;;;;;12;3
15;38;50.21875;12.21875;9;3;-46.0;525;1;Samaha et al. (2019);Experiment 1;Orientation;1;40;;;;;;;13;3
15;77;52.765625;-24.234375;9;3;-39.0;526;1;Samaha et al. (2019);Experiment 1;Orientation;1;40;;;;;;;14;3
15;23;24.4296875;1.4296875;9;3;54.0;527;0;Samaha et al. (2019);Experiment 1;Orientation;1;39;;;;;;;13;3
15;44;45.640625;1.640625;9;3;-21.0;528;1;Samaha et al. (2019);Experiment 1;Orientation;1;40;;;;;;;15;3
15;124;125.6875;1.6875;9;3;-80.0;529;0;Samaha et al. (2019);Experiment 1;Orientation;1;39;;;;;;;14;3
15;65;44.0859375;-20.9140625;9;3;59.0;530;0;Samaha et al. (2019);Experiment 1;Orientation;1;39;;;;;;;15;3
15;72;78.0;6.0;9;3;-7.0;531;0;Samaha et al. (2019);Experiment 1;Orientation;1;39;;;;;;;16;3
15;18;28.0703125;10.0703125;9;3;54.0;532;0;Samaha et al. (2019);Experiment 1;Orientation;1;39;;;;;;;17;3
15;41;55.4765625;14.4765625;9;3;-23.0;533;1;Samaha et al. (2019);Experiment 1;Orientation;1;40;;;;;;;16;3
15;155;141.2109375;-13.7890625;9;3;66.0;534;1;Samaha et al. (2019);Experiment 1;Orientation;1;40;;;;;;;17;3
15;57;52.0546875;-4.9453125;9;3;-82.0;535;1;Samaha et al. (2019);Experiment 1;Orientation;1;40;;;;;;;18;3
15;12;134.6015625;-57.3984375;9;3;45.0;536;0;Samaha et al. (2019);Experiment 1;Orientation;1;39;;;;;;;18;3
15;178;38.765625;40.765625;9;3;14.0;537;1;Samaha et al. (2019);Experiment 1;Orientation;1;40;;;;;;;19;3
15;109;66.25;-42.75;9;3;69.0;538;1;Samaha et al. (2019);Experiment 1;Orientation;1;40;;;;;;;20;3
15;173;146.6640625;-26.3359375;9;3;-64.0;539;0;Samaha et al. (2019);Experiment 1;Orientation;1;39;;;;;;;19;3
15;39;42.0;3.0;9;3;-46.0;540;0;Samaha et al. (2019);Experiment 1;Orientation;1;39;;;;;;;20;3
15;64;56.9140625;-7.0859375;9;3;-25.0;541;0;Samaha et al. (2019);Experiment 1;Orientation;1;39;;;;;;;21;3
15;157;145.625;-11.375;9;3;87.0;542;0;Samaha et al. (2019);Experiment 1;Orientation;1;39;;;;;;;22;3
15;92;37.1796875;-54.8203125;9;3;65.0;543;0;Samaha et al. (2019);Experiment 1;Orientation;1;39;;;;;;;23;3
15;55;116.53125;61.53125;9;3;37.0;544;0;Samaha et al. (2019);Experiment 1;Orientation;1;39;;;;;;;24;3
15;72;54.0078125;-17.9921875;9;3;-17.0;545;1;Samaha et al. (2019);Experiment 1;Orientation;1;40;;;;;;;21;3
15;163;139.890625;-23.109375;9;3;89.0;546;1;Samaha et al. (2019);Experiment 1;Orientation;1;40;;;;;;;22;3
15;104;103.109375;-0.890625;9;3;59.0;547;1;Samaha et al. (2019);Experiment 1;Orientation;1;40;;;;;;;23;3
15;43;31.4609375;-11.5390625;9;3;61.0;548;0;Samaha et al. (2019);Experiment 1;Orientation;1;39;;;;;;;25;3
15;48;47.4921875;-0.5078125;9;3;-5.0;549;1;Samaha et al. (2019);Experiment 1;Orientation;1;40;;;;;;;24;3
15;8;2.84375;-5.15625;9;3;40.0;550;1;Samaha et al. (2019);Experiment 1;Orientation;1;40;;;;;;;25;3
15;153;155.984375;2.984375;9;3;35.0;551;1;Samaha et al. (2019);Experiment 1;Orientation;1;40;;;;;;;26;3
15;16;113.609375;-82.390625;9;3;-43.0;552;0;Samaha et al. (2019);Experiment 1;Orientation;1;39;;;;;;;26;3
15;85;79.3125;-5.6875;9;3;-69.0;553;0;Samaha et al. (2019);Experiment 1;Orientation;1;39;;;;;;;27;3
15;75;59.09375;-15.90625;9;3;10.0;554;1;Samaha et al. (2019);Experiment 1;Orientation;1;40;;;;;;;27;3
15;1;171.7421875;-9.2578125;9;3;74.0;555;1;Samaha et al. (2019);Experiment 1;Orientation;1;40;;;;;;;28;3
15;2;162.25;-19.75;9;3;-1.0;556;0;Samaha et al. (2019);Experiment 1;Orientation;1;39;;;;;;;28;3
15;108;109.4609375;1.4609375;9;3;74.0;557;0;Samaha et al. (2019);Experiment 1;Orientation;1;39;;;;;;;29;3
15;66;58.1875;-7.8125;9;3;42.0;558;0;Samaha et al. (2019);Experiment 1;Orientation;1;39;;;;;;;30;3
15;130;132.171875;2.171875;9;3;-64.0;559;1;Samaha et al. (2019);Experiment 1;Orientation;1;40;;;;;;;29;3
15;18;30.0;12.0;9;3;-68.0;560;1;Samaha et al. (2019);Experiment 1;Orientation;1;40;;;;;;;30;3
15;18;30.0;12.0;9;3;0.0;561;0;Samaha et al. (2019);Experiment 1;Orientation;1;39;;;;;;;31;3
15;146;130.234375;-15.765625;9;4;52.0;751;0;Samaha et al. (2019);Experiment 1;Orientation;1;39;;;;;;;1;4
15;45;32.3984375;-12.6015625;9;4;-79.0;752;1;Samaha et al. (2019);Experiment 1;Orientation;1;40;;;;;;;1;4
15;149;125.1953125;-23.8046875;9;4;76.0;753;0;Samaha et al. (2019);Experiment 1;Orientation;1;39;;;;;;;2;4
15;45;29.140625;-15.859375;9;4;-76.0;754;0;Samaha et al. (2019);Experiment 1;Orientation;1;39;;;;;;;3;4
15;36;27.8203125;-8.1796875;9;4;9.0;755;1;Samaha et al. (2019);Experiment 1;Orientation;1;40;;;;;;;2;4
15;18;47.703125;29.703125;9;4;18.0;756;0;Samaha et al. (2019);Experiment 1;Orientation;1;39;;;;;;;4;4
15;3;120.6953125;-62.3046875;9;4;15.0;757;0;Samaha et al. (2019);Experiment 1;Orientation;1;39;;;;;;;5;4
15;122;136.15625;14.15625;9;4;61.0;758;1;Samaha et al. (2019);Experiment 1;Orientation;1;40;;;;;;;3;4
15;53;49.296875;-3.703125;9;4;69.0;759;0;Samaha et al. (2019);Experiment 1;Orientation;1;39;;;;;;;6;4
15;39;43.2421875;4.2421875;9;4;14.0;760;1;Samaha et al. (2019);Experiment 1;Orientation;1;40;;;;;;;4;4
15;175;134.234375;-40.765625;9;4;44.0;761;0;Samaha et al. (2019);Experiment 1;Orientation;1;39;;;;;;;7;4
15;46;54.234375;8.234375;9;4;-51.0;762;0;Samaha et al. (2019);Experiment 1;Orientation;1;39;;;;;;;8;4
15;144;138.0;-6.0;9;4;82.0;763;0;Samaha et al. (2019);Experiment 1;Orientation;1;39;;;;;;;9;4
15;83;76.546875;-6.453125;9;4;61.0;764;1;Samaha et al. (2019);Experiment 1;Orientation;1;40;;;;;;;5;4
15;87;55.7734375;-31.2265625;9;4;-4.0;765;1;Samaha et al. (2019);Experiment 1;Orientation;1;40;;;;;;;6;4
15;58;54.6328125;-3.3671875;9;4;29.0;766;1;Samaha et al. (2019);Experiment 1;Orientation;1;40;;;;;;;7;4
15;19;20.0859375;1.0859375;9;4;39.0;767;1;Samaha et al. (2019);Experiment 1;Orientation;1;40;;;;;;;8;4
15;92;67.2109375;-24.7890625;9;4;-73.0;768;1;Samaha et al. (2019);Experiment 1;Orientation;1;40;;;;;;;9;4
15;23;132.3046875;-70.6953125;9;4;69.0;769;1;Samaha et al. (2019);Experiment 1;Orientation;1;40;;;;;;;10;4
15;63;42.5859375;-20.4140625;9;4;-40.0;770;1;Samaha et al. (2019);Experiment 1;Orientation;1;40;;;;;;;11;4
15;96;120.5859375;24.5859375;9;4;-33.0;771;0;Samaha et al. (2019);Experiment 1;Orientation;1;39;;;;;;;10;4
15;14;107.640625;-86.359375;9;4;82.0;772;1;Samaha et al. (2019);Experiment 1;Orientation;1;40;;;;;;;12;4
15;66;61.390625;-4.609375;9;4;-52.0;773;1;Samaha et al. (2019);Experiment 1;Orientation;1;40;;;;;;;13;4
15;144;53.2109375;89.2109375;9;4;-78.0;774;0;Samaha et al. (2019);Experiment 1;Orientation;1;39;;;;;;;11;4
15;92;58.5625;-33.4375;9;4;52.0;775;1;Samaha et al. (2019);Experiment 1;Orientation;1;40;;;;;;;14;4
15;80;69.03125;-10.96875;9;4;12.0;776;1;Samaha et al. (2019);Experiment 1;Orientation;1;40;;;;;;;15;4
15;20;38.9921875;18.9921875;9;4;60.0;777;0;Samaha et al. (2019);Experiment 1;Orientation;1;39;;;;;;;12;4
15;167;132.203125;-34.796875;9;4;33.0;778;0;Samaha et al. (2019);Experiment 1;Orientation;1;39;;;;;;;13;4
15;150;102.9296875;-47.0703125;9;4;17.0;779;0;Samaha et al. (2019);Experiment 1;Orientation;1;39;;;;;;;14;4
15;14;23.671875;9.671875;9;4;-44.0;780;1;Samaha et al. (2019);Experiment 1;Orientation;1;40;;;;;;;16;4
15;85;94.8984375;9.8984375;9;4;-71.0;781;0;Samaha et al. (2019);Experiment 1;Orientation;1;39;;;;;;;15;4
15;85;54.0;-31.0;9;4;0.0;782;1;Samaha et al. (2019);Experiment 1;Orientation;1;40;;;;;;;17;4
15;104;98.6171875;-5.3828125;9;4;-19.0;783;0;Samaha et al. (2019);Experiment 1;Orientation;1;39;;;;;;;16;4
15;33;43.8359375;10.8359375;9;4;71.0;784;0;Samaha et al. (2019);Experiment 1;Orientation;1;39;;;;;;;17;4
15;30;110.7109375;80.7109375;9;4;3.0;785;0;Samaha et al. (2019);Experiment 1;Orientation;1;39;;;;;;;18;4
15;57;60.171875;3.171875;9;4;-27.0;786;1;Samaha et al. (2019);Experiment 1;Orientation;1;40;;;;;;;18;4
15;164;153.8515625;-10.1484375;9;4;73.0;787;1;Samaha et al. (2019);Experiment 1;Orientation;1;40;;;;;;;19;4
15;164;160.453125;-3.546875;9;4;0.0;788;1;Samaha et al. (2019);Experiment 1;Orientation;1;40;;;;;;;20;4
15;104;116.3203125;12.3203125;9;4;60.0;789;1;Samaha et al. (2019);Experiment 1;Orientation;1;40;;;;;;;21;4
15;74;60.484375;-13.515625;9;4;30.0;790;0;Samaha et al. (2019);Experiment 1;Orientation;1;39;;;;;;;19;4
15;15;145.875;-49.125;9;4;59.0;791;1;Samaha et al. (2019);Experiment 1;Orientation;1;40;;;;;;;22;4
15;157;159.296875;2.296875;9;4;38.0;792;0;Samaha et al. (2019);Experiment 1;Orientation;1;39;;;;;;;20;4
15;84;89.5546875;5.5546875;9;4;73.0;793;1;Samaha et al. (2019);Experiment 1;Orientation;1;40;;;;;;;23;4
15;96;102.203125;6.203125;9;4;-12.0;794;1;Samaha et al. (2019);Experiment 1;Orientation;1;40;;;;;;;24;4
15;18;37.90625;19.90625;9;4;78.0;795;0;Samaha et al. (2019);Experiment 1;Orientation;1;39;;;;;;;21;4
15;140;110.6015625;-29.3984375;9;4;58.0;796;1;Samaha et al. (2019);Experiment 1;Orientation;1;40;;;;;;;25;4
15;179;169.015625;-9.984375;9;4;-39.0;797;0;Samaha et al. (2019);Experiment 1;Orientation;1;39;;;;;;;22;4
15;173;122.0703125;-50.9296875;9;4;6.0;798;1;Samaha et al. (2019);Experiment 1;Orientation;1;40;;;;;;;26;4
15;68;60.0234375;-7.9765625;9;4;-75.0;799;0;Samaha et al. (2019);Experiment 1;Orientation;1;39;;;;;;;23;4
15;67;60.8671875;-6.1328125;9;4;1.0;800;1;Samaha et al. (2019);Experiment 1;Orientation;1;40;;;;;;;27;4
15;8;142.6953125;-45.3046875;9;4;59.0;801;0;Samaha et al. (2019);Experiment 1;Orientation;1;39;;;;;;;24;4
15;29;174.515625;-34.484375;9;4;-21.0;802;0;Samaha et al. (2019);Experiment 1;Orientation;1;39;;;;;;;25;4
15;48;41.015625;-6.984375;9;4;-19.0;803;0;Samaha et al. (2019);Experiment 1;Orientation;1;39;;;;;;;26;4
15;42;131.671875;89.671875;9;4;6.0;804;1;Samaha et al. (2019);Experiment 1;Orientation;1;40;;;;;;;28;4
15;33;39.4609375;6.4609375;9;4;9.0;805;1;Samaha et al. (2019);Experiment 1;Orientation;1;40;;;;;;;29;4
15;93;85.7890625;-7.2109375;9;4;-60.0;806;0;Samaha et al. (2019);Experiment 1;Orientation;1;39;;;;;;;27;4
15;17;48.234375;31.234375;9;4;76.0;807;1;Samaha et al. (2019);Experiment 1;Orientation;1;40;;;;;;;30;4
15;63;62.0;-1.0;9;4;-46.0;808;0;Samaha et al. (2019);Experiment 1;Orientation;1;39;;;;;;;28;4
15;110;109.078125;-0.921875;9;4;-47.0;809;1;Samaha et al. (2019);Experiment 1;Orientation;1;40;;;;;;;31;4
15;5;17.875;12.875;9;4;-75.0;810;0;Samaha et al. (2019);Experiment 1;Orientation;1;39;;;;;;;29;4
15;5;17.875;12.875;9;4;0.0;811;1;Samaha et al. (2019);Experiment 1;Orientation;1;40;;;;;;;32;4
15;49;51.328125;2.328125;9;5;-44.0;1001;0;Samaha et al. (2019);Experiment 1;Orientation;1;39;;;;;;;1;5
15;154;141.7578125;-12.2421875;9;5;75.0;1002;1;Samaha et al. (2019);Experiment 1;Orientation;1;40;;;;;;;1;5
15;49;57.921875;8.921875;9;5;-75.0;1003;0;Samaha et al. (2019);Experiment 1;Orientation;1;39;;;;;;;2;5
15;144;145.140625;1.140625;9;5;85.0;1004;1;Samaha et al. (2019);Experiment 1;Orientation;1;40;;;;;;;2;5
15;175;168.484375;-6.515625;9;5;-31.0;1005;1;Samaha et al. (2019);Experiment 1;Orientation;1;40;;;;;;;3;5
15;137;113.8515625;-23.1484375;9;5;38.0;1006;0;Samaha et al. (2019);Experiment 1;Orientation;1;39;;;;;;;3;5
15;143;136.25;-6.75;9;5;-6.0;1007;0;Samaha et al. (2019);Experiment 1;Orientation;1;39;;;;;;;4;5
15;153;129.390625;-23.609375;9;5;-10.0;1008;1;Samaha et al. (2019);Experiment 1;Orientation;1;40;;;;;;;4;5
15;66;74.53125;8.53125;9;5;87.0;1009;0;Samaha et al. (2019);Experiment 1;Orientation;1;39;;;;;;;5;5
15;5;171.40625;-13.59375;9;5;61.0;1010;0;Samaha et al. (2019);Experiment 1;Orientation;1;39;;;;;;;6;5
15;145;117.4609375;-27.5390625;9;5;40.0;1011;1;Samaha et al. (2019);Experiment 1;Orientation;1;40;;;;;;;5;5
15;50;53.8359375;3.8359375;9;5;-85.0;1012;0;Samaha et al. (2019);Experiment 1;Orientation;1;39;;;;;;;7;5
15;165;141.703125;-23.296875;9;5;65.0;1013;0;Samaha et al. (2019);Experiment 1;Orientation;1;39;;;;;;;8;5
15;17;39.4765625;22.4765625;9;5;-32.0;1014;1;Samaha et al. (2019);Experiment 1;Orientation;1;40;;;;;;;6;5
15;33;121.640625;88.640625;9;5;-16.0;1015;0;Samaha et al. (2019);Experiment 1;Orientation;1;39;;;;;;;9;5
15;57;57.8359375;0.8359375;9;5;-24.0;1016;0;Samaha et al. (2019);Experiment 1;Orientation;1;39;;;;;;;10;5
15;79;98.78125;19.78125;9;5;-22.0;1017;1;Samaha et al. (2019);Experiment 1;Orientation;1;40;;;;;;;7;5
15;0;171.328125;-8.671875;9;5;79.0;1018;0;Samaha et al. (2019);Experiment 1;Orientation;1;39;;;;;;;11;5
15;153;108.46875;-44.53125;9;5;27.0;1019;0;Samaha et al. (2019);Experiment 1;Orientation;1;39;;;;;;;12;5
15;74;67.03125;-6.96875;9;5;79.0;1020;0;Samaha et al. (2019);Experiment 1;Orientation;1;39;;;;;;;13;5
15;100;112.3359375;12.3359375;9;5;-26.0;1021;1;Samaha et al. (2019);Experiment 1;Orientation;1;40;;;;;;;8;5
15;20;78.15625;58.15625;9;5;80.0;1022;1;Samaha et al. (2019);Experiment 1;Orientation;1;40;;;;;;;9;5
15;150;151.96875;1.96875;9;5;50.0;1023;1;Samaha et al. (2019);Experiment 1;Orientation;1;40;;;;;;;10;5
15;85;92.1015625;7.1015625;9;5;65.0;1024;0;Samaha et al. (2019);Experiment 1;Orientation;1;39;;;;;;;14;5
15;176;3.125;7.125;9;5;89.0;1025;0;Samaha et al. (2019);Experiment 1;Orientation;1;39;;;;;;;15;5
15;0;173.5234375;-6.4765625;9;5;-4.0;1026;1;Samaha et al. (2019);Experiment 1;Orientation;1;40;;;;;;;11;5
15;166;150.546875;-15.453125;9;5;14.0;1027;0;Samaha et al. (2019);Experiment 1;Orientation;1;39;;;;;;;16;5
15;123;119.9375;-3.0625;9;5;43.0;1028;0;Samaha et al. (2019);Experiment 1;Orientation;1;39;;;;;;;17;5
15;72;34.9609375;-37.0390625;9;5;51.0;1029;1;Samaha et al. (2019);Experiment 1;Orientation;1;40;;;;;;;12;5
15;16;108.78125;-87.21875;9;5;56.0;1030;1;Samaha et al. (2019);Experiment 1;Orientation;1;40;;;;;;;13;5
15;124;134.3046875;10.3046875;9;5;72.0;1031;1;Samaha et al. (2019);Experiment 1;Orientation;1;40;;;;;;;14;5
15;156;148.8828125;-7.1171875;9;5;-32.0;1032;1;Samaha et al. (2019);Experiment 1;Orientation;1;40;;;;;;;15;5
15;150;128.734375;-21.265625;9;5;6.0;1033;1;Samaha et al. (2019);Experiment 1;Orientation;1;40;;;;;;;16;5
15;48;35.4765625;-12.5234375;9;5;-78.0;1034;0;Samaha et al. (2019);Experiment 1;Orientation;1;39;;;;;;;18;5
15;10;24.46875;14.46875;9;5;38.0;1035;0;Samaha et al. (2019);Experiment 1;Orientation;1;39;;;;;;;19;5
15;30;26.3671875;-3.6328125;9;5;-20.0;1036;0;Samaha et al. (2019);Experiment 1;Orientation;1;39;;;;;;;20;5
15;144;105.125;-38.875;9;5;66.0;1037;0;Samaha et al. (2019);Experiment 1;Orientation;1;39;;;;;;;21;5
15;23;25.5390625;2.5390625;9;5;-59.0;1038;1;Samaha et al. (2019);Experiment 1;Orientation;1;40;;;;;;;17;5
15;116;108.53125;-7.46875;9;5;87.0;1039;1;Samaha et al. (2019);Experiment 1;Orientation;1;40;;;;;;;18;5
15;57;43.0625;-13.9375;9;5;59.0;1040;0;Samaha et al. (2019);Experiment 1;Orientation;1;39;;;;;;;22;5
15;117;110.265625;-6.734375;9;5;-60.0;1041;1;Samaha et al. (2019);Experiment 1;Orientation;1;40;;;;;;;19;5
15;8;25.375;17.375;9;5;-71.0;1042;1;Samaha et al. (2019);Experiment 1;Orientation;1;40;;;;;;;20;5
15;45;64.0;19.0;9;5;-37.0;1043;0;Samaha et al. (2019);Experiment 1;Orientation;1;39;;;;;;;23;5
15;163;151.7265625;-11.2734375;9;5;62.0;1044;1;Samaha et al. (2019);Experiment 1;Orientation;1;40;;;;;;;21;5
15;158;174.0859375;16.0859375;9;5;5.0;1045;0;Samaha et al. (2019);Experiment 1;Orientation;1;39;;;;;;;24;5
15;80;31.328125;-48.671875;9;5;78.0;1046;0;Samaha et al. (2019);Experiment 1;Orientation;1;39;;;;;;;25;5
15;27;12.0703125;-14.9296875;9;5;53.0;1047;1;Samaha et al. (2019);Experiment 1;Orientation;1;40;;;;;;;22;5
15;16;23.6875;7.6875;9;5;11.0;1048;1;Samaha et al. (2019);Experiment 1;Orientation;1;40;;;;;;;23;5
15;62;47.390625;-14.609375;9;5;-46.0;1049;0;Samaha et al. (2019);Experiment 1;Orientation;1;39;;;;;;;26;5
15;157;125.625;-31.375;9;5;85.0;1050;1;Samaha et al. (2019);Experiment 1;Orientation;1;40;;;;;;;24;5
15;28;35.390625;7.390625;9;5;-51.0;1051;0;Samaha et al. (2019);Experiment 1;Orientation;1;39;;;;;;;27;5
15;158;151.4921875;-6.5078125;9;5;50.0;1052;1;Samaha et al. (2019);Experiment 1;Orientation;1;40;;;;;;;25;5
15;7;33.296875;26.296875;9;5;-29.0;1053;1;Samaha et al. (2019);Experiment 1;Orientation;1;40;;;;;;;26;5
15;159;116.453125;-42.546875;9;5;28.0;1054;1;Samaha et al. (2019);Experiment 1;Orientation;1;40;;;;;;;27;5
15;104;20.9921875;-83.0078125;9;5;55.0;1055;0;Samaha et al. (2019);Experiment 1;Orientation;1;39;;;;;;;28;5
15;59;66.1171875;7.1171875;9;5;45.0;1056;1;Samaha et al. (2019);Experiment 1;Orientation;1;40;;;;;;;28;5
15;113;123.2578125;10.2578125;9;5;-54.0;1057;0;Samaha et al. (2019);Experiment 1;Orientation;1;39;;;;;;;29;5
15;50;35.59375;-14.40625;9;5;63.0;1058;1;Samaha et al. (2019);Experiment 1;Orientation;1;40;;;;;;;29;5
15;80;126.9140625;46.9140625;9;5;-30.0;1059;1;Samaha et al. (2019);Experiment 1;Orientation;1;40;;;;;;;30;5
15;83;148.3046875;65.3046875;9;5;-3.0;1060;0;Samaha et al. (2019);Experiment 1;Orientation;1;39;;;;;;;30;5
15;83;148.3046875;65.3046875;9;5;0.0;1061;1;Samaha et al. (2019);Experiment 1;Orientation;1;40;;;;;;;31;5
16;113;124.25;11.25;9;1;-30.0;1;0;Samaha et al. (2019);Experiment 1;Orientation;1;39;;;;;;;1;1
16;142;148.4375;6.4375;9;1;-29.0;2;0;Samaha et al. (2019);Experiment 1;Orientation;1;39;;;;;;;2;1
16;117;112.28125;-4.71875;9;1;25.0;3;0;Samaha et al. (2019);Experiment 1;Orientation;1;39;;;;;;;3;1
16;15;26.171875;11.171875;9;1;-78.0;4;0;Samaha et al. (2019);Experiment 1;Orientation;1;39;;;;;;;4;1
16;101;94.6328125;-6.3671875;9;1;-86.0;5;1;Samaha et al. (2019);Experiment 1;Orientation;1;40;;;;;;;1;1
16;27;29.1953125;2.1953125;9;1;74.0;6;0;Samaha et al. (2019);Experiment 1;Orientation;1;39;;;;;;;5;1
16;76;67.65625;-8.34375;9;1;-49.0;7;1;Samaha et al. (2019);Experiment 1;Orientation;1;40;;;;;;;2;1
16;135;131.046875;-3.953125;9;1;-59.0;8;1;Samaha et al. (2019);Experiment 1;Orientation;1;40;;;;;;;3;1
16;82;84.546875;2.546875;9;1;53.0;9;1;Samaha et al. (2019);Experiment 1;Orientation;1;40;;;;;;;4;1
16;164;86.0703125;-77.9296875;9;1;-82.0;10;0;Samaha et al. (2019);Experiment 1;Orientation;1;39;;;;;;;6;1
16;25;38.6640625;13.6640625;9;1;-41.0;11;0;Samaha et al. (2019);Experiment 1;Orientation;1;39;;;;;;;7;1
16;137;134.8125;-2.1875;9;1;68.0;12;0;Samaha et al. (2019);Experiment 1;Orientation;1;39;;;;;;;8;1
16;18;14.6953125;-3.3046875;9;1;-61.0;13;1;Samaha et al. (2019);Experiment 1;Orientation;1;40;;;;;;;5;1
16;29;24.3828125;-4.6171875;9;1;-11.0;14;1;Samaha et al. (2019);Experiment 1;Orientation;1;40;;;;;;;6;1
16;107;122.796875;15.796875;9;1;-78.0;15;0;Samaha et al. (2019);Experiment 1;Orientation;1;39;;;;;;;9;1
16;154;129.671875;-24.328125;9;1;-47.0;16;0;Samaha et al. (2019);Experiment 1;Orientation;1;39;;;;;;;10;1
16;158;144.5859375;-13.4140625;9;1;-4.0;17;0;Samaha et al. (2019);Experiment 1;Orientation;1;39;;;;;;;11;1
16;151;143.2265625;-7.7734375;9;1;7.0;18;1;Samaha et al. (2019);Experiment 1;Orientation;1;40;;;;;;;7;1
16;49;53.359375;4.359375;9;1;-78.0;19;0;Samaha et al. (2019);Experiment 1;Orientation;1;39;;;;;;;12;1
16;86;44.1015625;-41.8984375;9;1;-37.0;20;0;Samaha et al. (2019);Experiment 1;Orientation;1;39;;;;;;;13;1
16;177;23.4609375;26.4609375;9;1;89.0;21;1;Samaha et al. (2019);Experiment 1;Orientation;1;40;;;;;;;8;1
16;7;7.1796875;0.1796875;9;1;-10.0;22;0;Samaha et al. (2019);Experiment 1;Orientation;1;39;;;;;;;14;1
16;176;177.8203125;1.8203125;9;1;11.0;23;1;Samaha et al. (2019);Experiment 1;Orientation;1;40;;;;;;;9;1
16;109;127.5078125;18.5078125;9;1;67.0;24;0;Samaha et al. (2019);Experiment 1;Orientation;1;39;;;;;;;15;1
16;146;148.3828125;2.3828125;9;1;-37.0;25;1;Samaha et al. (2019);Experiment 1;Orientation;1;40;;;;;;;10;1
16;171;155.296875;-15.703125;9;1;-25.0;26;0;Samaha et al. (2019);Experiment 1;Orientation;1;39;;;;;;;16;1
16;113;177.65625;64.65625;9;1;58.0;27;0;Samaha et al. (2019);Experiment 1;Orientation;1;39;;;;;;;17;1
16;175;8.8828125;13.8828125;9;1;-62.0;28;0;Samaha et al. (2019);Experiment 1;Orientation;1;39;;;;;;;18;1
16;13;171.1640625;-21.8359375;9;1;-18.0;29;1;Samaha et al. (2019);Experiment 1;Orientation;1;40;;;;;;;11;1
16;80;167.328125;87.328125;9;1;-67.0;30;0;Samaha et al. (2019);Experiment 1;Orientation;1;39;;;;;;;19;1
16;63;80.234375;17.234375;9;1;17.0;31;1;Samaha et al. (2019);Experiment 1;Orientation;1;40;;;;;;;12;1
16;131;148.0859375;17.0859375;9;1;-68.0;32;1;Samaha et al. (2019);Experiment 1;Orientation;1;40;;;;;;;13;1
16;136;146.265625;10.265625;9;1;-5.0;33;1;Samaha et al. (2019);Experiment 1;Orientation;1;40;;;;;;;14;1
16;111;131.953125;20.953125;9;1;25.0;34;1;Samaha et al. (2019);Experiment 1;Orientation;1;40;;;;;;;15;1
16;1;13.875;12.875;9;1;-70.0;35;0;Samaha et al. (2019);Experiment 1;Orientation;1;39;;;;;;;20;1
16;41;162.15625;-58.84375;9;1;-40.0;36;1;Samaha et al. (2019);Experiment 1;Orientation;1;40;;;;;;;16;1
16;80;76.4296875;-3.5703125;9;1;-39.0;37;0;Samaha et al. (2019);Experiment 1;Orientation;1;39;;;;;;;21;1
16;60;51.625;-8.375;9;1;20.0;38;1;Samaha et al. (2019);Experiment 1;Orientation;1;40;;;;;;;17;1
16;141;141.984375;0.984375;9;1;-81.0;39;1;Samaha et al. (2019);Experiment 1;Orientation;1;40;;;;;;;18;1
16;2;28.9921875;26.9921875;9;1;-41.0;40;0;Samaha et al. (2019);Experiment 1;Orientation;1;39;;;;;;;22;1
16;28;24.6953125;-3.3046875;9;1;-26.0;41;1;Samaha et al. (2019);Experiment 1;Orientation;1;40;;;;;;;19;1
16;78;177.890625;-80.109375;9;1;-50.0;42;0;Samaha et al. (2019);Experiment 1;Orientation;1;39;;;;;;;23;1
16;170;24.234375;34.234375;9;1;88.0;43;1;Samaha et al. (2019);Experiment 1;Orientation;1;40;;;;;;;20;1
16;71;66.46875;-4.53125;9;1;-81.0;44;0;Samaha et al. (2019);Experiment 1;Orientation;1;39;;;;;;;24;1
16;18;18.234375;0.234375;9;1;53.0;45;0;Samaha et al. (2019);Experiment 1;Orientation;1;39;;;;;;;25;1
16;107;125.078125;18.078125;9;1;-89.0;46;1;Samaha et al. (2019);Experiment 1;Orientation;1;40;;;;;;;21;1
16;171;155.7734375;-15.2265625;9;1;-64.0;47;1;Samaha et al. (2019);Experiment 1;Orientation;1;40;;;;;;;22;1
16;158;137.9375;-20.0625;9;1;13.0;48;1;Samaha et al. (2019);Experiment 1;Orientation;1;40;;;;;;;23;1
16;1;166.765625;-14.234375;9;1;-23.0;49;0;Samaha et al. (2019);Experiment 1;Orientation;1;39;;;;;;;26;1
16;53;26.21875;-26.78125;9;1;-52.0;50;1;Samaha et al. (2019);Experiment 1;Orientation;1;40;;;;;;;24;1
16;130;126.5625;-3.4375;9;1;-77.0;51;1;Samaha et al. (2019);Experiment 1;Orientation;1;40;;;;;;;25;1
16;43;48.3515625;5.3515625;9;1;87.0;52;0;Samaha et al. (2019);Experiment 1;Orientation;1;39;;;;;;;27;1
16;1;127.984375;-53.015625;9;1;42.0;53;0;Samaha et al. (2019);Experiment 1;Orientation;1;39;;;;;;;28;1
16;60;56.9765625;-3.0234375;9;1;-59.0;54;0;Samaha et al. (2019);Experiment 1;Orientation;1;39;;;;;;;29;1
16;30;31.2734375;1.2734375;9;1;30.0;55;0;Samaha et al. (2019);Experiment 1;Orientation;1;39;;;;;;;30;1
16;112;126.171875;14.171875;9;1;-82.0;56;0;Samaha et al. (2019);Experiment 1;Orientation;1;39;;;;;;;31;1
16;138;7.921875;49.921875;9;1;-26.0;57;0;Samaha et al. (2019);Experiment 1;Orientation;1;39;;;;;;;32;1
16;111;121.40625;10.40625;9;1;27.0;58;1;Samaha et al. (2019);Experiment 1;Orientation;1;40;;;;;;;26;1
16;89;103.953125;14.953125;9;1;22.0;59;1;Samaha et al. (2019);Experiment 1;Orientation;1;40;;;;;;;27;1
16;172;129.8046875;-42.1953125;9;1;-83.0;60;0;Samaha et al. (2019);Experiment 1;Orientation;1;39;;;;;;;33;1
16;172;129.8046875;-42.1953125;9;1;0.0;61;1;Samaha et al. (2019);Experiment 1;Orientation;1;40;;;;;;;28;1
16;168;155.5078125;-12.4921875;9;2;4.0;251;1;Samaha et al. (2019);Experiment 1;Orientation;1;40;;;;;;;1;2
16;42;39.2265625;-2.7734375;9;2;-54.0;252;1;Samaha et al. (2019);Experiment 1;Orientation;1;40;;;;;;;2;2
16;85;93.0625;8.0625;9;2;-43.0;253;0;Samaha et al. (2019);Experiment 1;Orientation;1;39;;;;;;;1;2
16;170;144.46875;-25.53125;9;2;-85.0;254;0;Samaha et al. (2019);Experiment 1;Orientation;1;39;;;;;;;2;2
16;130;143.015625;13.015625;9;2;40.0;255;1;Samaha et al. (2019);Experiment 1;Orientation;1;40;;;;;;;3;2
16;174;8.0;14.0;9;2;-44.0;256;1;Samaha et al. (2019);Experiment 1;Orientation;1;40;;;;;;;4;2
16;173;5.65625;12.65625;9;2;1.0;257;1;Samaha et al. (2019);Experiment 1;Orientation;1;40;;;;;;;5;2
16;30;37.015625;7.015625;9;2;-37.0;258;1;Samaha et al. (2019);Experiment 1;Orientation;1;40;;;;;;;6;2
16;169;160.9453125;-8.0546875;9;2;41.0;259;0;Samaha et al. (2019);Experiment 1;Orientation;1;39;;;;;;;3;2
16;41;53.125;12.125;9;2;-52.0;260;0;Samaha et al. (2019);Experiment 1;Orientation;1;39;;;;;;;4;2
16;139;140.0703125;1.0703125;9;2;82.0;261;0;Samaha et al. (2019);Experiment 1;Orientation;1;39;;;;;;;5;2
16;86;83.2265625;-2.7734375;9;2;53.0;262;0;Samaha et al. (2019);Experiment 1;Orientation;1;39;;;;;;;6;2
16;127;142.53125;15.53125;9;2;-41.0;263;1;Samaha et al. (2019);Experiment 1;Orientation;1;40;;;;;;;7;2
16;32;39.359375;7.359375;9;2;-85.0;264;0;Samaha et al. (2019);Experiment 1;Orientation;1;39;;;;;;;7;2
16;90;100.3984375;10.3984375;9;2;-58.0;265;1;Samaha et al. (2019);Experiment 1;Orientation;1;40;;;;;;;8;2
16;80;61.5234375;-18.4765625;9;2;10.0;266;1;Samaha et al. (2019);Experiment 1;Orientation;1;40;;;;;;;9;2
16;17;99.7265625;82.7265625;9;2;63.0;267;0;Samaha et al. (2019);Experiment 1;Orientation;1;39;;;;;;;8;2
16;91;99.1796875;8.1796875;9;2;-74.0;268;0;Samaha et al. (2019);Experiment 1;Orientation;1;39;;;;;;;9;2
16;57;61.5234375;4.5234375;9;2;34.0;269;1;Samaha et al. (2019);Experiment 1;Orientation;1;40;;;;;;;10;2
16;143;153.5546875;10.5546875;9;2;-86.0;270;0;Samaha et al. (2019);Experiment 1;Orientation;1;39;;;;;;;10;2
16;143;161.703125;18.703125;9;2;0.0;271;0;Samaha et al. (2019);Experiment 1;Orientation;1;39;;;;;;;11;2
16;131;135.2109375;4.2109375;9;2;12.0;272;0;Samaha et al. (2019);Experiment 1;Orientation;1;39;;;;;;;12;2
16;83;130.5;47.5;9;2;48.0;273;0;Samaha et al. (2019);Experiment 1;Orientation;1;39;;;;;;;13;2
16;166;1.015625;15.015625;9;2;-83.0;274;0;Samaha et al. (2019);Experiment 1;Orientation;1;39;;;;;;;14;2
16;36;63.625;27.625;9;2;-50.0;275;1;Samaha et al. (2019);Experiment 1;Orientation;1;40;;;;;;;11;2
16;140;131.421875;-8.578125;9;2;76.0;276;0;Samaha et al. (2019);Experiment 1;Orientation;1;39;;;;;;;15;2
16;68;34.4296875;-33.5703125;9;2;72.0;277;1;Samaha et al. (2019);Experiment 1;Orientation;1;40;;;;;;;12;2
16;100;149.375;49.375;9;2;-32.0;278;1;Samaha et al. (2019);Experiment 1;Orientation;1;40;;;;;;;13;2
16;28;49.1796875;21.1796875;9;2;72.0;279;0;Samaha et al. (2019);Experiment 1;Orientation;1;39;;;;;;;16;2
16;66;62.859375;-3.140625;9;2;-38.0;280;0;Samaha et al. (2019);Experiment 1;Orientation;1;39;;;;;;;17;2
16;89;70.6015625;-18.3984375;9;2;-23.0;281;0;Samaha et al. (2019);Experiment 1;Orientation;1;39;;;;;;;18;2
16;89;90.171875;1.171875;9;2;0.0;282;1;Samaha et al. (2019);Experiment 1;Orientation;1;40;;;;;;;14;2
16;157;167.90625;10.90625;9;2;-68.0;283;1;Samaha et al. (2019);Experiment 1;Orientation;1;40;;;;;;;15;2
16;53;7.2421875;-45.7578125;9;2;-76.0;284;1;Samaha et al. (2019);Experiment 1;Orientation;1;40;;;;;;;16;2
16;12;30.9296875;18.9296875;9;2;41.0;285;1;Samaha et al. (2019);Experiment 1;Orientation;1;40;;;;;;;17;2
16;21;44.0859375;23.0859375;9;2;-9.0;286;1;Samaha et al. (2019);Experiment 1;Orientation;1;40;;;;;;;18;2
16;75;64.171875;-10.828125;9;2;-54.0;287;0;Samaha et al. (2019);Experiment 1;Orientation;1;39;;;;;;;19;2
16;155;72.796875;-82.203125;9;2;-80.0;288;1;Samaha et al. (2019);Experiment 1;Orientation;1;40;;;;;;;19;2
16;64;65.3125;1.3125;9;2;-89.0;289;0;Samaha et al. (2019);Experiment 1;Orientation;1;39;;;;;;;20;2
16;93;134.9765625;41.9765625;9;2;-29.0;290;1;Samaha et al. (2019);Experiment 1;Orientation;1;40;;;;;;;20;2
16;126;148.0;22.0;9;2;-33.0;291;1;Samaha et al. (2019);Experiment 1;Orientation;1;40;;;;;;;21;2
16;84;131.90625;47.90625;9;2;42.0;292;0;Samaha et al. (2019);Experiment 1;Orientation;1;39;;;;;;;21;2
16;46;31.296875;-14.703125;9;2;38.0;293;1;Samaha et al. (2019);Experiment 1;Orientation;1;40;;;;;;;22;2
16;149;154.3984375;5.3984375;9;2;77.0;294;1;Samaha et al. (2019);Experiment 1;Orientation;1;40;;;;;;;23;2
16;45;50.6171875;5.6171875;9;2;-76.0;295;1;Samaha et al. (2019);Experiment 1;Orientation;1;40;;;;;;;24;2
16;107;112.3828125;5.3828125;9;2;-62.0;296;0;Samaha et al. (2019);Experiment 1;Orientation;1;39;;;;;;;22;2
16;110;43.3125;-66.6875;9;2;-3.0;297;1;Samaha et al. (2019);Experiment 1;Orientation;1;40;;;;;;;25;2
16;86;138.0703125;52.0703125;9;2;24.0;298;0;Samaha et al. (2019);Experiment 1;Orientation;1;39;;;;;;;23;2
16;125;127.2578125;2.2578125;9;2;-39.0;299;0;Samaha et al. (2019);Experiment 1;Orientation;1;39;;;;;;;24;2
16;42;32.3203125;-9.6796875;9;2;83.0;300;1;Samaha et al. (2019);Experiment 1;Orientation;1;40;;;;;;;26;2
16;83;68.8671875;-14.1328125;9;2;-41.0;301;0;Samaha et al. (2019);Experiment 1;Orientation;1;39;;;;;;;25;2
16;165;142.265625;-22.734375;9;2;-82.0;302;1;Samaha et al. (2019);Experiment 1;Orientation;1;40;;;;;;;27;2
16;51;61.59375;10.59375;9;2;-66.0;303;0;Samaha et al. (2019);Experiment 1;Orientation;1;39;;;;;;;26;2
16;20;52.8984375;32.8984375;9;2;31.0;304;0;Samaha et al. (2019);Experiment 1;Orientation;1;39;;;;;;;27;2
16;138;139.8046875;1.8046875;9;2;62.0;305;1;Samaha et al. (2019);Experiment 1;Orientation;1;40;;;;;;;28;2
16;15;35.046875;20.046875;9;2;-57.0;306;0;Samaha et al. (2019);Experiment 1;Orientation;1;39;;;;;;;28;2
16;146;133.59375;-12.40625;9;2;49.0;307;0;Samaha et al. (2019);Experiment 1;Orientation;1;39;;;;;;;29;2
16;59;57.421875;-1.578125;9;2;87.0;308;1;Samaha et al. (2019);Experiment 1;Orientation;1;40;;;;;;;29;2
16;101;112.3203125;11.3203125;9;2;-42.0;309;1;Samaha et al. (2019);Experiment 1;Orientation;1;40;;;;;;;30;2
16;27;111.125;84.125;9;2;74.0;310;0;Samaha et al. (2019);Experiment 1;Orientation;1;39;;;;;;;30;2
16;27;111.125;84.125;9;2;0.0;311;1;Samaha et al. (2019);Experiment 1;Orientation;1;40;;;;;;;31;2
16;142;146.6796875;4.6796875;9;3;65.0;501;1;Samaha et al. (2019);Experiment 1;Orientation;1;40;;;;;;;1;3
16;172;150.1015625;-21.8984375;9;3;-30.0;502;0;Samaha et al. (2019);Experiment 1;Orientation;1;39;;;;;;;1;3
16;162;155.5390625;-6.4609375;9;3;10.0;503;0;Samaha et al. (2019);Experiment 1;Orientation;1;39;;;;;;;2;3
16;6;25.625;19.625;9;3;-24.0;504;0;Samaha et al. (2019);Experiment 1;Orientation;1;39;;;;;;;3;3
16;67;52.828125;-14.171875;9;3;-61.0;505;1;Samaha et al. (2019);Experiment 1;Orientation;1;40;;;;;;;2;3
16;160;145.3125;-14.6875;9;3;87.0;506;1;Samaha et al. (2019);Experiment 1;Orientation;1;40;;;;;;;3;3
16;121;13.671875;72.671875;9;3;39.0;507;0;Samaha et al. (2019);Experiment 1;Orientation;1;39;;;;;;;4;3
16;149;144.171875;-4.828125;9;3;-28.0;508;1;Samaha et al. (2019);Experiment 1;Orientation;1;40;;;;;;;4;3
16;79;94.796875;15.796875;9;3;70.0;509;0;Samaha et al. (2019);Experiment 1;Orientation;1;39;;;;;;;5;3
16;41;39.375;-1.625;9;3;38.0;510;1;Samaha et al. (2019);Experiment 1;Orientation;1;40;;;;;;;5;3
16;86;86.6796875;0.6796875;9;3;-45.0;511;1;Samaha et al. (2019);Experiment 1;Orientation;1;40;;;;;;;6;3
16;20;64.8125;44.8125;9;3;66.0;512;1;Samaha et al. (2019);Experiment 1;Orientation;1;40;;;;;;;7;3
16;82;87.953125;5.953125;9;3;-62.0;513;1;Samaha et al. (2019);Experiment 1;Orientation;1;40;;;;;;;8;3
16;5;129.875;-55.125;9;3;77.0;514;1;Samaha et al. (2019);Experiment 1;Orientation;1;40;;;;;;;9;3
16;19;127.953125;-71.046875;9;3;-14.0;515;0;Samaha et al. (2019);Experiment 1;Orientation;1;39;;;;;;;6;3
16;6;152.0859375;-33.9140625;9;3;13.0;516;1;Samaha et al. (2019);Experiment 1;Orientation;1;40;;;;;;;10;3
16;140;125.046875;-14.953125;9;3;46.0;517;0;Samaha et al. (2019);Experiment 1;Orientation;1;39;;;;;;;7;3
16;128;126.234375;-1.765625;9;3;12.0;518;0;Samaha et al. (2019);Experiment 1;Orientation;1;39;;;;;;;8;3
16;37;9.2265625;-27.7734375;9;3;-89.0;519;1;Samaha et al. (2019);Experiment 1;Orientation;1;40;;;;;;;11;3
16;65;69.1640625;4.1640625;9;3;-28.0;520;1;Samaha et al. (2019);Experiment 1;Orientation;1;40;;;;;;;12;3
16;132;143.96875;11.96875;9;3;-67.0;521;0;Samaha et al. (2019);Experiment 1;Orientation;1;39;;;;;;;9;3
16;144;147.7890625;3.7890625;9;3;-12.0;522;0;Samaha et al. (2019);Experiment 1;Orientation;1;39;;;;;;;10;3
16;5;169.984375;-15.015625;9;3;-41.0;523;1;Samaha et al. (2019);Experiment 1;Orientation;1;40;;;;;;;13;3
16;117;93.359375;-23.640625;9;3;68.0;524;0;Samaha et al. (2019);Experiment 1;Orientation;1;39;;;;;;;11;3
16;35;58.15625;23.15625;9;3;82.0;525;1;Samaha et al. (2019);Experiment 1;Orientation;1;40;;;;;;;14;3
16;50;46.9453125;-3.0546875;9;3;-15.0;526;1;Samaha et al. (2019);Experiment 1;Orientation;1;40;;;;;;;15;3
16;176;175.984375;-0.015625;9;3;54.0;527;1;Samaha et al. (2019);Experiment 1;Orientation;1;40;;;;;;;16;3
16;144;143.96875;-0.03125;9;3;32.0;528;0;Samaha et al. (2019);Experiment 1;Orientation;1;39;;;;;;;12;3
16;128;32.0703125;84.0703125;9;3;16.0;529;0;Samaha et al. (2019);Experiment 1;Orientation;1;39;;;;;;;13;3
16;170;146.3359375;-23.6640625;9;3;-42.0;530;0;Samaha et al. (2019);Experiment 1;Orientation;1;39;;;;;;;14;3
16;118;127.1796875;9.1796875;9;3;52.0;531;0;Samaha et al. (2019);Experiment 1;Orientation;1;39;;;;;;;15;3
16;46;38.1328125;-7.8671875;9;3;72.0;532;0;Samaha et al. (2019);Experiment 1;Orientation;1;39;;;;;;;16;3
16;7;1.890625;-5.109375;9;3;39.0;533;1;Samaha et al. (2019);Experiment 1;Orientation;1;40;;;;;;;17;3
16;4;3.5234375;-0.4765625;9;3;3.0;534;0;Samaha et al. (2019);Experiment 1;Orientation;1;39;;;;;;;17;3
16;153;163.5703125;10.5703125;9;3;31.0;535;0;Samaha et al. (2019);Experiment 1;Orientation;1;39;;;;;;;18;3
16;44;38.9453125;-5.0546875;9;3;-71.0;536;1;Samaha et al. (2019);Experiment 1;Orientation;1;40;;;;;;;18;3
16;2;1.59375;-0.40625;9;3;42.0;537;1;Samaha et al. (2019);Experiment 1;Orientation;1;40;;;;;;;19;3
16;120;139.7890625;19.7890625;9;3;62.0;538;1;Samaha et al. (2019);Experiment 1;Orientation;1;40;;;;;;;20;3
16;43;32.15625;-10.84375;9;3;77.0;539;0;Samaha et al. (2019);Experiment 1;Orientation;1;39;;;;;;;19;3
16;55;59.59375;4.59375;9;3;-12.0;540;1;Samaha et al. (2019);Experiment 1;Orientation;1;40;;;;;;;21;3
16;107;42.25;-64.75;9;3;-52.0;541;1;Samaha et al. (2019);Experiment 1;Orientation;1;40;;;;;;;22;3
16;7;10.6484375;3.6484375;9;3;-80.0;542;0;Samaha et al. (2019);Experiment 1;Orientation;1;39;;;;;;;20;3
16;57;66.28125;9.28125;9;3;-50.0;543;0;Samaha et al. (2019);Experiment 1;Orientation;1;39;;;;;;;21;3
16;11;4.8828125;-6.1171875;9;3;46.0;544;0;Samaha et al. (2019);Experiment 1;Orientation;1;39;;;;;;;22;3
16;74;75.109375;1.109375;9;3;-63.0;545;0;Samaha et al. (2019);Experiment 1;Orientation;1;39;;;;;;;23;3
16;4;67.40625;63.40625;9;3;70.0;546;1;Samaha et al. (2019);Experiment 1;Orientation;1;40;;;;;;;23;3
16;166;167.984375;1.984375;9;3;18.0;547;1;Samaha et al. (2019);Experiment 1;Orientation;1;40;;;;;;;24;3
16;174;179.4453125;5.4453125;9;3;-8.0;548;1;Samaha et al. (2019);Experiment 1;Orientation;1;40;;;;;;;25;3
16;49;43.625;-5.375;9;3;-55.0;549;0;Samaha et al. (2019);Experiment 1;Orientation;1;39;;;;;;;24;3
16;109;126.9765625;17.9765625;9;3;-60.0;550;1;Samaha et al. (2019);Experiment 1;Orientation;1;40;;;;;;;26;3
16;59;51.59375;-7.40625;9;3;50.0;551;0;Samaha et al. (2019);Experiment 1;Orientation;1;39;;;;;;;25;3
16;111;129.953125;18.953125;9;3;-52.0;552;0;Samaha et al. (2019);Experiment 1;Orientation;1;39;;;;;;;26;3
16;147;136.6171875;-10.3828125;9;3;-36.0;553;1;Samaha et al. (2019);Experiment 1;Orientation;1;40;;;;;;;27;3
16;137;142.0390625;5.0390625;9;3;10.0;554;0;Samaha et al. (2019);Experiment 1;Orientation;1;39;;;;;;;27;3
16;69;65.7734375;-3.2265625;9;3;68.0;555;1;Samaha et al. (2019);Experiment 1;Orientation;1;40;;;;;;;28;3
16;8;166.78125;-21.21875;9;3;61.0;556;0;Samaha et al. (2019);Experiment 1;Orientation;1;39;;;;;;;28;3
16;58;25.5546875;-32.4453125;9;3;-50.0;557;0;Samaha et al. (2019);Experiment 1;Orientation;1;39;;;;;;;29;3
16;115;90.8828125;-24.1171875;9;3;-57.0;558;1;Samaha et al. (2019);Experiment 1;Orientation;1;40;;;;;;;29;3
16;173;175.2109375;2.2109375;9;3;-58.0;559;1;Samaha et al. (2019);Experiment 1;Orientation;1;40;;;;;;;30;3
16;73;52.234375;-20.765625;9;3;-80.0;560;1;Samaha et al. (2019);Experiment 1;Orientation;1;40;;;;;;;31;3
16;73;52.234375;-20.765625;9;3;0.0;561;1;Samaha et al. (2019);Experiment 1;Orientation;1;40;;;;;;;32;3
16;52;49.5390625;-2.4609375;9;4;21.0;751;0;Samaha et al. (2019);Experiment 1;Orientation;1;39;;;;;;;1;4
16;155;134.484375;-20.515625;9;4;77.0;752;1;Samaha et al. (2019);Experiment 1;Orientation;1;40;;;;;;;1;4
16;154;155.7421875;1.7421875;9;4;1.0;753;1;Samaha et al. (2019);Experiment 1;Orientation;1;40;;;;;;;2;4
16;163;12.453125;29.453125;9;4;-9.0;754;0;Samaha et al. (2019);Experiment 1;Orientation;1;39;;;;;;;2;4
16;69;58.1875;-10.8125;9;4;-86.0;755;1;Samaha et al. (2019);Experiment 1;Orientation;1;40;;;;;;;3;4
16;171;8.234375;17.234375;9;4;78.0;756;1;Samaha et al. (2019);Experiment 1;Orientation;1;40;;;;;;;4;4
16;155;166.9453125;11.9453125;9;4;16.0;757;0;Samaha et al. (2019);Experiment 1;Orientation;1;39;;;;;;;3;4
16;142;21.2109375;59.2109375;9;4;13.0;758;0;Samaha et al. (2019);Experiment 1;Orientation;1;39;;;;;;;4;4
16;121;119.1953125;-1.8046875;9;4;21.0;759;0;Samaha et al. (2019);Experiment 1;Orientation;1;39;;;;;;;5;4
16;16;37.4921875;21.4921875;9;4;-75.0;760;1;Samaha et al. (2019);Experiment 1;Orientation;1;40;;;;;;;5;4
16;179;11.8515625;12.8515625;9;4;17.0;761;1;Samaha et al. (2019);Experiment 1;Orientation;1;40;;;;;;;6;4
16;60;67.890625;7.890625;9;4;-61.0;762;1;Samaha et al. (2019);Experiment 1;Orientation;1;40;;;;;;;7;4
16;60;66.0;6.0;9;4;0.0;763;0;Samaha et al. (2019);Experiment 1;Orientation;1;39;;;;;;;6;4
16;113;53.390625;-59.609375;9;4;-53.0;764;0;Samaha et al. (2019);Experiment 1;Orientation;1;39;;;;;;;7;4
16;1;121.7890625;-59.2109375;9;4;-68.0;765;1;Samaha et al. (2019);Experiment 1;Orientation;1;40;;;;;;;8;4
16;14;33.8203125;19.8203125;9;4;-13.0;766;0;Samaha et al. (2019);Experiment 1;Orientation;1;39;;;;;;;8;4
16;141;145.4765625;4.4765625;9;4;53.0;767;0;Samaha et al. (2019);Experiment 1;Orientation;1;39;;;;;;;9;4
16;143;152.3359375;9.3359375;9;4;-2.0;768;0;Samaha et al. (2019);Experiment 1;Orientation;1;39;;;;;;;10;4
16;8;141.359375;-46.640625;9;4;-45.0;769;0;Samaha et al. (2019);Experiment 1;Orientation;1;39;;;;;;;11;4
16;76;77.921875;1.921875;9;4;-68.0;770;1;Samaha et al. (2019);Experiment 1;Orientation;1;40;;;;;;;9;4
16;169;7.015625;18.015625;9;4;87.0;771;0;Samaha et al. (2019);Experiment 1;Orientation;1;39;;;;;;;12;4
16;123;91.4609375;-31.5390625;9;4;46.0;772;1;Samaha et al. (2019);Experiment 1;Orientation;1;40;;;;;;;10;4
16;136;174.3515625;38.3515625;9;4;-13.0;773;0;Samaha et al. (2019);Experiment 1;Orientation;1;39;;;;;;;13;4
16;92;87.671875;-4.328125;9;4;44.0;774;0;Samaha et al. (2019);Experiment 1;Orientation;1;39;;;;;;;14;4
16;138;130.515625;-7.484375;9;4;-46.0;775;0;Samaha et al. (2019);Experiment 1;Orientation;1;39;;;;;;;15;4
16;140;144.8671875;4.8671875;9;4;-2.0;776;0;Samaha et al. (2019);Experiment 1;Orientation;1;39;;;;;;;16;4
16;152;154.28125;2.28125;9;4;-12.0;777;0;Samaha et al. (2019);Experiment 1;Orientation;1;39;;;;;;;17;4
16;148;136.75;-11.25;9;4;4.0;778;1;Samaha et al. (2019);Experiment 1;Orientation;1;40;;;;;;;11;4
16;118;123.875;5.875;9;4;30.0;779;1;Samaha et al. (2019);Experiment 1;Orientation;1;40;;;;;;;12;4
16;36;44.5625;8.5625;9;4;82.0;780;0;Samaha et al. (2019);Experiment 1;Orientation;1;39;;;;;;;18;4
16;26;55.296875;29.296875;9;4;10.0;781;1;Samaha et al. (2019);Experiment 1;Orientation;1;40;;;;;;;13;4
16;132;130.25;-1.75;9;4;74.0;782;1;Samaha et al. (2019);Experiment 1;Orientation;1;40;;;;;;;14;4
16;140;142.0703125;2.0703125;9;4;-8.0;783;0;Samaha et al. (2019);Experiment 1;Orientation;1;39;;;;;;;19;4
16;166;144.6328125;-21.3671875;9;4;-26.0;784;1;Samaha et al. (2019);Experiment 1;Orientation;1;40;;;;;;;15;4
16;174;165.8515625;-8.1484375;9;4;-8.0;785;0;Samaha et al. (2019);Experiment 1;Orientation;1;39;;;;;;;20;4
16;50;50.6171875;0.6171875;9;4;-56.0;786;1;Samaha et al. (2019);Experiment 1;Orientation;1;40;;;;;;;16;4
16;98;141.7421875;43.7421875;9;4;-48.0;787;0;Samaha et al. (2019);Experiment 1;Orientation;1;39;;;;;;;21;4
16;5;51.390625;46.390625;9;4;-87.0;788;1;Samaha et al. (2019);Experiment 1;Orientation;1;40;;;;;;;17;4
16;106;88.234375;-17.765625;9;4;79.0;789;0;Samaha et al. (2019);Experiment 1;Orientation;1;39;;;;;;;22;4
16;125;122.0;-3.0;9;4;-19.0;790;1;Samaha et al. (2019);Experiment 1;Orientation;1;40;;;;;;;18;4
16;123;116.9765625;-6.0234375;9;4;2.0;791;0;Samaha et al. (2019);Experiment 1;Orientation;1;39;;;;;;;23;4
16;65;51.921875;-13.078125;9;4;58.0;792;1;Samaha et al. (2019);Experiment 1;Orientation;1;40;;;;;;;19;4
16;97;59.4921875;-37.5078125;9;4;-32.0;793;0;Samaha et al. (2019);Experiment 1;Orientation;1;39;;;;;;;24;4
16;165;172.6953125;7.6953125;9;4;-68.0;794;0;Samaha et al. (2019);Experiment 1;Orientation;1;39;;;;;;;25;4
16;71;65.390625;-5.609375;9;4;-86.0;795;1;Samaha et al. (2019);Experiment 1;Orientation;1;40;;;;;;;20;4
16;90;74.6171875;-15.3828125;9;4;-19.0;796;1;Samaha et al. (2019);Experiment 1;Orientation;1;40;;;;;;;21;4
16;169;6.3046875;17.3046875;9;4;-79.0;797;1;Samaha et al. (2019);Experiment 1;Orientation;1;40;;;;;;;22;4
16;15;15.390625;0.390625;9;4;-26.0;798;1;Samaha et al. (2019);Experiment 1;Orientation;1;40;;;;;;;23;4
16;85;87.96875;2.96875;9;4;-70.0;799;0;Samaha et al. (2019);Experiment 1;Orientation;1;39;;;;;;;26;4
16;35;27.109375;-7.890625;9;4;50.0;800;1;Samaha et al. (2019);Experiment 1;Orientation;1;40;;;;;;;24;4
16;178;85.359375;87.359375;9;4;37.0;801;1;Samaha et al. (2019);Experiment 1;Orientation;1;40;;;;;;;25;4
16;55;48.3359375;-6.6640625;9;4;-57.0;802;1;Samaha et al. (2019);Experiment 1;Orientation;1;40;;;;;;;26;4
16;65;76.734375;11.734375;9;4;-10.0;803;1;Samaha et al. (2019);Experiment 1;Orientation;1;40;;;;;;;27;4
16;62;63.7578125;1.7578125;9;4;3.0;804;0;Samaha et al. (2019);Experiment 1;Orientation;1;39;;;;;;;27;4
16;142;148.8984375;6.8984375;9;4;-80.0;805;0;Samaha et al. (2019);Experiment 1;Orientation;1;39;;;;;;;28;4
16;3;173.2578125;-9.7421875;9;4;-41.0;806;0;Samaha et al. (2019);Experiment 1;Orientation;1;39;;;;;;;29;4
16;21;6.53125;-14.46875;9;4;-18.0;807;1;Samaha et al. (2019);Experiment 1;Orientation;1;40;;;;;;;28;4
16;39;14.78125;-24.21875;9;4;-18.0;808;0;Samaha et al. (2019);Experiment 1;Orientation;1;39;;;;;;;30;4
16;99;140.5625;41.5625;9;4;-60.0;809;1;Samaha et al. (2019);Experiment 1;Orientation;1;40;;;;;;;29;4
16;168;172.203125;4.203125;9;4;-69.0;810;1;Samaha et al. (2019);Experiment 1;Orientation;1;40;;;;;;;30;4
16;168;172.203125;4.203125;9;4;0.0;811;0;Samaha et al. (2019);Experiment 1;Orientation;1;39;;;;;;;31;4
16;69;0.6015625;-68.3984375;9;5;-81.0;1001;0;Samaha et al. (2019);Experiment 1;Orientation;1;39;;;;;;;1;5
16;98;93.015625;-4.984375;9;5;-29.0;1002;0;Samaha et al. (2019);Experiment 1;Orientation;1;39;;;;;;;2;5
16;115;127.2734375;12.2734375;9;5;-17.0;1003;1;Samaha et al. (2019);Experiment 1;Orientation;1;40;;;;;;;1;5
16;3;1.2265625;-1.7734375;9;5;-68.0;1004;1;Samaha et al. (2019);Experiment 1;Orientation;1;40;;;;;;;2;5
16;35;45.8046875;10.8046875;9;5;-32.0;1005;1;Samaha et al. (2019);Experiment 1;Orientation;1;40;;;;;;;3;5
16;105;89.890625;-15.109375;9;5;-70.0;1006;1;Samaha et al. (2019);Experiment 1;Orientation;1;40;;;;;;;4;5
16;142;154.3515625;12.3515625;9;5;-37.0;1007;0;Samaha et al. (2019);Experiment 1;Orientation;1;39;;;;;;;3;5
16;30;30.765625;0.765625;9;5;-68.0;1008;1;Samaha et al. (2019);Experiment 1;Orientation;1;40;;;;;;;5;5
16;62;53.625;-8.375;9;5;-32.0;1009;1;Samaha et al. (2019);Experiment 1;Orientation;1;40;;;;;;;6;5
16;117;135.4765625;18.4765625;9;5;-55.0;1010;0;Samaha et al. (2019);Experiment 1;Orientation;1;39;;;;;;;4;5
16;0;143.921875;-36.078125;9;5;-63.0;1011;1;Samaha et al. (2019);Experiment 1;Orientation;1;40;;;;;;;7;5
16;164;154.9765625;-9.0234375;9;5;16.0;1012;1;Samaha et al. (2019);Experiment 1;Orientation;1;40;;;;;;;8;5
16;30;33.2421875;3.2421875;9;5;-46.0;1013;1;Samaha et al. (2019);Experiment 1;Orientation;1;40;;;;;;;9;5
16;76;62.8671875;-13.1328125;9;5;-46.0;1014;0;Samaha et al. (2019);Experiment 1;Orientation;1;39;;;;;;;5;5
16;157;154.0;-3.0;9;5;-81.0;1015;1;Samaha et al. (2019);Experiment 1;Orientation;1;40;;;;;;;10;5
16;130;158.0;28.0;9;5;27.0;1016;1;Samaha et al. (2019);Experiment 1;Orientation;1;40;;;;;;;11;5
16;135;126.453125;-8.546875;9;5;-5.0;1017;0;Samaha et al. (2019);Experiment 1;Orientation;1;39;;;;;;;6;5
16;18;147.1953125;-50.8046875;9;5;-63.0;1018;1;Samaha et al. (2019);Experiment 1;Orientation;1;40;;;;;;;12;5
16;134;119.921875;-14.078125;9;5;64.0;1019;1;Samaha et al. (2019);Experiment 1;Orientation;1;40;;;;;;;13;5
16;108;125.1953125;17.1953125;9;5;26.0;1020;1;Samaha et al. (2019);Experiment 1;Orientation;1;40;;;;;;;14;5
16;9;113.03125;-75.96875;9;5;-81.0;1021;0;Samaha et al. (2019);Experiment 1;Orientation;1;39;;;;;;;7;5
16;19;23.2734375;4.2734375;9;5;-10.0;1022;1;Samaha et al. (2019);Experiment 1;Orientation;1;40;;;;;;;15;5
16;155;156.75;1.75;9;5;44.0;1023;1;Samaha et al. (2019);Experiment 1;Orientation;1;40;;;;;;;16;5
16;54;42.0390625;-11.9609375;9;5;-79.0;1024;1;Samaha et al. (2019);Experiment 1;Orientation;1;40;;;;;;;17;5
16;3;4.171875;1.171875;9;5;51.0;1025;1;Samaha et al. (2019);Experiment 1;Orientation;1;40;;;;;;;18;5
16;3;170.3359375;-12.6640625;9;5;0.0;1026;1;Samaha et al. (2019);Experiment 1;Orientation;1;40;;;;;;;19;5
16;145;128.0;-17.0;9;5;38.0;1027;1;Samaha et al. (2019);Experiment 1;Orientation;1;40;;;;;;;20;5
16;34;29.4765625;-4.5234375;9;5;-69.0;1028;0;Samaha et al. (2019);Experiment 1;Orientation;1;39;;;;;;;8;5
16;134;97.5390625;-36.4609375;9;5;80.0;1029;0;Samaha et al. (2019);Experiment 1;Orientation;1;39;;;;;;;9;5
16;149;157.875;8.875;9;5;-15.0;1030;1;Samaha et al. (2019);Experiment 1;Orientation;1;40;;;;;;;21;5
16;43;38.6171875;-4.3828125;9;5;-74.0;1031;1;Samaha et al. (2019);Experiment 1;Orientation;1;40;;;;;;;22;5
16;179;143.2109375;-35.7890625;9;5;44.0;1032;1;Samaha et al. (2019);Experiment 1;Orientation;1;40;;;;;;;23;5
16;17;176.796875;-20.203125;9;5;-18.0;1033;0;Samaha et al. (2019);Experiment 1;Orientation;1;39;;;;;;;10;5
16;1;9.078125;8.078125;9;5;16.0;1034;1;Samaha et al. (2019);Experiment 1;Orientation;1;40;;;;;;;24;5
16;86;96.0;10.0;9;5;-85.0;1035;0;Samaha et al. (2019);Experiment 1;Orientation;1;39;;;;;;;11;5
16;11;3.7421875;-7.2578125;9;5;75.0;1036;1;Samaha et al. (2019);Experiment 1;Orientation;1;40;;;;;;;25;5
16;20;8.3359375;-11.6640625;9;5;-9.0;1037;0;Samaha et al. (2019);Experiment 1;Orientation;1;39;;;;;;;12;5
16;147;136.9140625;-10.0859375;9;5;53.0;1038;1;Samaha et al. (2019);Experiment 1;Orientation;1;40;;;;;;;26;5
16;8;11.125;3.125;9;5;-41.0;1039;1;Samaha et al. (2019);Experiment 1;Orientation;1;40;;;;;;;27;5
16;173;173.7578125;0.7578125;9;5;15.0;1040;0;Samaha et al. (2019);Experiment 1;Orientation;1;39;;;;;;;13;5
16;39;178.1328125;-40.8671875;9;5;-46.0;1041;0;Samaha et al. (2019);Experiment 1;Orientation;1;39;;;;;;;14;5
16;160;161.625;1.625;9;5;59.0;1042;0;Samaha et al. (2019);Experiment 1;Orientation;1;39;;;;;;;15;5
16;130;138.6640625;8.6640625;9;5;30.0;1043;0;Samaha et al. (2019);Experiment 1;Orientation;1;39;;;;;;;16;5
16;140;172.8125;32.8125;9;5;-10.0;1044;0;Samaha et al. (2019);Experiment 1;Orientation;1;39;;;;;;;17;5
16;150;138.15625;-11.84375;9;5;-10.0;1045;1;Samaha et al. (2019);Experiment 1;Orientation;1;40;;;;;;;28;5
16;125;146.0;21.0;9;5;25.0;1046;0;Samaha et al. (2019);Experiment 1;Orientation;1;39;;;;;;;18;5
16;177;160.234375;-16.765625;9;5;-52.0;1047;1;Samaha et al. (2019);Experiment 1;Orientation;1;40;;;;;;;29;5
16;88;48.0859375;-39.9140625;9;5;89.0;1048;1;Samaha et al. (2019);Experiment 1;Orientation;1;40;;;;;;;30;5
16;132;156.1015625;24.1015625;9;5;-44.0;1049;0;Samaha et al. (2019);Experiment 1;Orientation;1;39;;;;;;;19;5
16;0;142.3828125;-37.6171875;9;5;-48.0;1050;0;Samaha et al. (2019);Experiment 1;Orientation;1;39;;;;;;;20;5
16;109;125.7421875;16.7421875;9;5;71.0;1051;1;Samaha et al. (2019);Experiment 1;Orientation;1;40;;;;;;;31;5
16;41;33.40625;-7.59375;9;5;68.0;1052;1;Samaha et al. (2019);Experiment 1;Orientation;1;40;;;;;;;32;5
16;34;46.0;12.0;9;5;7.0;1053;0;Samaha et al. (2019);Experiment 1;Orientation;1;39;;;;;;;21;5
16;115;138.9921875;23.9921875;9;5;-81.0;1054;0;Samaha et al. (2019);Experiment 1;Orientation;1;39;;;;;;;22;5
16;38;39.03125;1.03125;9;5;77.0;1055;1;Samaha et al. (2019);Experiment 1;Orientation;1;40;;;;;;;33;5
16;173;9.625;16.625;9;5;45.0;1056;0;Samaha et al. (2019);Experiment 1;Orientation;1;39;;;;;;;23;5
16;93;113.1953125;20.1953125;9;5;80.0;1057;0;Samaha et al. (2019);Experiment 1;Orientation;1;39;;;;;;;24;5
16;125;116.9921875;-8.0078125;9;5;-32.0;1058;1;Samaha et al. (2019);Experiment 1;Orientation;1;40;;;;;;;34;5
16;173;150.9609375;-22.0390625;9;5;-48.0;1059;0;Samaha et al. (2019);Experiment 1;Orientation;1;39;;;;;;;25;5
16;13;4.78125;-8.21875;9;5;-20.0;1060;1;Samaha et al. (2019);Experiment 1;Orientation;1;40;;;;;;;35;5
16;13;4.78125;-8.21875;9;5;0.0;1061;1;Samaha et al. (2019);Experiment 1;Orientation;1;40;;;;;;;36;5
17;57;32.3984375;-24.6015625;9;1;-44.0;1;1;Samaha et al. (2019);Experiment 1;Orientation;1;40;;;;;;;1;1
17;156;141.015625;-14.984375;9;1;81.0;2;0;Samaha et al. (2019);Experiment 1;Orientation;1;39;;;;;;;1;1
17;128;122.3359375;-5.6640625;9;1;28.0;3;1;Samaha et al. (2019);Experiment 1;Orientation;1;40;;;;;;;2;1
17;118;115.296875;-2.703125;9;1;10.0;4;1;Samaha et al. (2019);Experiment 1;Orientation;1;40;;;;;;;3;1
17;94;120.0546875;26.0546875;9;1;24.0;5;0;Samaha et al. (2019);Experiment 1;Orientation;1;39;;;;;;;2;1
17;151;152.15625;1.15625;9;1;-57.0;6;1;Samaha et al. (2019);Experiment 1;Orientation;1;40;;;;;;;4;1
17;94;49.2578125;-44.7421875;9;1;57.0;7;0;Samaha et al. (2019);Experiment 1;Orientation;1;39;;;;;;;3;1
17;114;131.34375;17.34375;9;1;-20.0;8;1;Samaha et al. (2019);Experiment 1;Orientation;1;40;;;;;;;5;1
17;122;89.7421875;-32.2578125;9;1;-8.0;9;1;Samaha et al. (2019);Experiment 1;Orientation;1;40;;;;;;;6;1
17;178;175.5703125;-2.4296875;9;1;-56.0;10;1;Samaha et al. (2019);Experiment 1;Orientation;1;40;;;;;;;7;1
17;44;36.0;-8.0;9;1;-46.0;11;1;Samaha et al. (2019);Experiment 1;Orientation;1;40;;;;;;;8;1
17;134;111.609375;-22.390625;9;1;-90.0;12;1;Samaha et al. (2019);Experiment 1;Orientation;1;40;;;;;;;9;1
17;58;33.2265625;-24.7734375;9;1;76.0;13;1;Samaha et al. (2019);Experiment 1;Orientation;1;40;;;;;;;10;1
17;107;126.3828125;19.3828125;9;1;-49.0;14;1;Samaha et al. (2019);Experiment 1;Orientation;1;40;;;;;;;11;1
17;75;49.2421875;-25.7578125;9;1;32.0;15;0;Samaha et al. (2019);Experiment 1;Orientation;1;39;;;;;;;4;1
17;84;73.2734375;-10.7265625;9;1;-9.0;16;0;Samaha et al. (2019);Experiment 1;Orientation;1;39;;;;;;;5;1
17;13;34.0234375;21.0234375;9;1;71.0;17;1;Samaha et al. (2019);Experiment 1;Orientation;1;40;;;;;;;12;1
17;119;79.09375;-39.90625;9;1;74.0;18;1;Samaha et al. (2019);Experiment 1;Orientation;1;40;;;;;;;13;1
17;30;55.8515625;25.8515625;9;1;89.0;19;0;Samaha et al. (2019);Experiment 1;Orientation;1;39;;;;;;;6;1
17;163;31.7421875;48.7421875;9;1;47.0;20;0;Samaha et al. (2019);Experiment 1;Orientation;1;39;;;;;;;7;1
17;31;45.703125;14.703125;9;1;-48.0;21;1;Samaha et al. (2019);Experiment 1;Orientation;1;40;;;;;;;14;1
17;174;74.0703125;80.0703125;9;1;37.0;22;1;Samaha et al. (2019);Experiment 1;Orientation;1;40;;;;;;;15;1
17;56;85.5703125;29.5703125;9;1;-62.0;23;1;Samaha et al. (2019);Experiment 1;Orientation;1;40;;;;;;;16;1
17;174;18.8671875;24.8671875;9;1;62.0;24;1;Samaha et al. (2019);Experiment 1;Orientation;1;40;;;;;;;17;1
17;35;18.1328125;-16.8671875;9;1;-41.0;25;0;Samaha et al. (2019);Experiment 1;Orientation;1;39;;;;;;;8;1
17;118;63.2265625;-54.7734375;9;1;-83.0;26;0;Samaha et al. (2019);Experiment 1;Orientation;1;39;;;;;;;9;1
17;33;46.3359375;13.3359375;9;1;85.0;27;0;Samaha et al. (2019);Experiment 1;Orientation;1;39;;;;;;;10;1
17;55;75.4609375;20.4609375;9;1;-22.0;28;1;Samaha et al. (2019);Experiment 1;Orientation;1;40;;;;;;;18;1
17;8;30.6015625;22.6015625;9;1;47.0;29;1;Samaha et al. (2019);Experiment 1;Orientation;1;40;;;;;;;19;1
17;2;24.0;22.0;9;1;6.0;30;1;Samaha et al. (2019);Experiment 1;Orientation;1;40;;;;;;;20;1
17;4;170.0703125;-13.9296875;9;1;-2.0;31;0;Samaha et al. (2019);Experiment 1;Orientation;1;39;;;;;;;11;1
17;36;35.1640625;-0.8359375;9;1;-32.0;32;0;Samaha et al. (2019);Experiment 1;Orientation;1;39;;;;;;;12;1
17;1;177.625;-3.375;9;1;35.0;33;0;Samaha et al. (2019);Experiment 1;Orientation;1;39;;;;;;;13;1
17;1;173.2265625;-7.7734375;9;1;0.0;34;0;Samaha et al. (2019);Experiment 1;Orientation;1;39;;;;;;;14;1
17;9;18.25;9.25;9;1;-8.0;35;1;Samaha et al. (2019);Experiment 1;Orientation;1;40;;;;;;;21;1
17;120;104.734375;-15.265625;9;1;69.0;36;1;Samaha et al. (2019);Experiment 1;Orientation;1;40;;;;;;;22;1
17;67;61.359375;-5.640625;9;1;53.0;37;1;Samaha et al. (2019);Experiment 1;Orientation;1;40;;;;;;;23;1
17;104;122.0;18.0;9;1;-37.0;38;1;Samaha et al. (2019);Experiment 1;Orientation;1;40;;;;;;;24;1
17;168;74.765625;86.765625;9;1;-64.0;39;0;Samaha et al. (2019);Experiment 1;Orientation;1;39;;;;;;;15;1
17;132;128.828125;-3.171875;9;1;36.0;40;1;Samaha et al. (2019);Experiment 1;Orientation;1;40;;;;;;;25;1
17;119;147.59375;28.59375;9;1;13.0;41;0;Samaha et al. (2019);Experiment 1;Orientation;1;39;;;;;;;16;1
17;148;122.0859375;-25.9140625;9;1;-29.0;42;1;Samaha et al. (2019);Experiment 1;Orientation;1;40;;;;;;;26;1
17;41;55.59375;14.59375;9;1;-73.0;43;1;Samaha et al. (2019);Experiment 1;Orientation;1;40;;;;;;;27;1
17;4;80.9296875;76.9296875;9;1;37.0;44;0;Samaha et al. (2019);Experiment 1;Orientation;1;39;;;;;;;17;1
17;107;109.96875;2.96875;9;1;77.0;45;0;Samaha et al. (2019);Experiment 1;Orientation;1;39;;;;;;;18;1
17;119;110.0;-9.0;9;1;-12.0;46;0;Samaha et al. (2019);Experiment 1;Orientation;1;39;;;;;;;19;1
17;138;70.8828125;-67.1171875;9;1;-19.0;47;0;Samaha et al. (2019);Experiment 1;Orientation;1;39;;;;;;;20;1
17;138;127.7421875;-10.2578125;9;1;0.0;48;0;Samaha et al. (2019);Experiment 1;Orientation;1;39;;;;;;;21;1
17;65;65.421875;0.421875;9;1;73.0;49;0;Samaha et al. (2019);Experiment 1;Orientation;1;39;;;;;;;22;1
17;62;53.390625;-8.609375;9;1;3.0;50;0;Samaha et al. (2019);Experiment 1;Orientation;1;39;;;;;;;23;1
17;85;93.34375;8.34375;9;1;-23.0;51;0;Samaha et al. (2019);Experiment 1;Orientation;1;39;;;;;;;24;1
17;4;67.1796875;63.1796875;9;1;81.0;52;1;Samaha et al. (2019);Experiment 1;Orientation;1;40;;;;;;;28;1
17;138;116.6640625;-21.3359375;9;1;46.0;53;1;Samaha et al. (2019);Experiment 1;Orientation;1;40;;;;;;;29;1
17;11;66.0;55.0;9;1;-53.0;54;1;Samaha et al. (2019);Experiment 1;Orientation;1;40;;;;;;;30;1
17;66;63.390625;-2.609375;9;1;-55.0;55;0;Samaha et al. (2019);Experiment 1;Orientation;1;39;;;;;;;25;1
17;94;91.2265625;-2.7734375;9;1;-28.0;56;0;Samaha et al. (2019);Experiment 1;Orientation;1;39;;;;;;;26;1
17;161;151.2734375;-9.7265625;9;1;-67.0;57;0;Samaha et al. (2019);Experiment 1;Orientation;1;39;;;;;;;27;1
17;56;49.2421875;-6.7578125;9;1;-75.0;58;1;Samaha et al. (2019);Experiment 1;Orientation;1;40;;;;;;;31;1
17;104;118.0546875;14.0546875;9;1;-48.0;59;0;Samaha et al. (2019);Experiment 1;Orientation;1;39;;;;;;;28;1
17;21;33.359375;12.359375;9;1;83.0;60;1;Samaha et al. (2019);Experiment 1;Orientation;1;40;;;;;;;32;1
17;21;33.359375;12.359375;9;1;0.0;61;0;Samaha et al. (2019);Experiment 1;Orientation;1;39;;;;;;;29;1
17;58;151.8359375;-86.1640625;9;2;-37.0;251;1;Samaha et al. (2019);Experiment 1;Orientation;1;40;;;;;;;1;2
17;139;132.6015625;-6.3984375;9;2;-81.0;252;0;Samaha et al. (2019);Experiment 1;Orientation;1;39;;;;;;;1;2
17;154;122.734375;-31.265625;9;2;-15.0;253;0;Samaha et al. (2019);Experiment 1;Orientation;1;39;;;;;;;2;2
17;27;49.140625;22.140625;9;2;-53.0;254;1;Samaha et al. (2019);Experiment 1;Orientation;1;40;;;;;;;2;2
17;167;137.5078125;-29.4921875;9;2;40.0;255;1;Samaha et al. (2019);Experiment 1;Orientation;1;40;;;;;;;3;2
17;52;45.4921875;-6.5078125;9;2;-65.0;256;0;Samaha et al. (2019);Experiment 1;Orientation;1;39;;;;;;;3;2
17;164;136.0234375;-27.9765625;9;2;68.0;257;1;Samaha et al. (2019);Experiment 1;Orientation;1;40;;;;;;;4;2
17;59;50.453125;-8.546875;9;2;-75.0;258;1;Samaha et al. (2019);Experiment 1;Orientation;1;40;;;;;;;5;2
17;161;54.1875;73.1875;9;2;78.0;259;1;Samaha et al. (2019);Experiment 1;Orientation;1;40;;;;;;;6;2
17;131;127.96875;-3.03125;9;2;30.0;260;0;Samaha et al. (2019);Experiment 1;Orientation;1;39;;;;;;;4;2
17;87;125.4609375;38.4609375;9;2;44.0;261;1;Samaha et al. (2019);Experiment 1;Orientation;1;40;;;;;;;7;2
17;122;130.0546875;8.0546875;9;2;-35.0;262;0;Samaha et al. (2019);Experiment 1;Orientation;1;39;;;;;;;5;2
17;93;70.3046875;-22.6953125;9;2;29.0;263;0;Samaha et al. (2019);Experiment 1;Orientation;1;39;;;;;;;6;2
17;179;74.0;75.0;9;2;-86.0;264;1;Samaha et al. (2019);Experiment 1;Orientation;1;40;;;;;;;8;2
17;149;124.21875;-24.78125;9;2;30.0;265;1;Samaha et al. (2019);Experiment 1;Orientation;1;40;;;;;;;9;2
17;51;77.328125;26.328125;9;2;-82.0;266;1;Samaha et al. (2019);Experiment 1;Orientation;1;40;;;;;;;10;2
17;24;116.171875;-87.828125;9;2;27.0;267;0;Samaha et al. (2019);Experiment 1;Orientation;1;39;;;;;;;7;2
17;163;154.6171875;-8.3828125;9;2;41.0;268;0;Samaha et al. (2019);Experiment 1;Orientation;1;39;;;;;;;8;2
17;172;139.34375;-32.65625;9;2;-9.0;269;0;Samaha et al. (2019);Experiment 1;Orientation;1;39;;;;;;;9;2
17;76;37.375;-38.625;9;2;-84.0;270;1;Samaha et al. (2019);Experiment 1;Orientation;1;40;;;;;;;11;2
17;34;41.7890625;7.7890625;9;2;42.0;271;0;Samaha et al. (2019);Experiment 1;Orientation;1;39;;;;;;;10;2
17;121;124.0859375;3.0859375;9;2;-87.0;272;0;Samaha et al. (2019);Experiment 1;Orientation;1;39;;;;;;;11;2
17;79;77.640625;-1.359375;9;2;42.0;273;1;Samaha et al. (2019);Experiment 1;Orientation;1;40;;;;;;;12;2
17;79;87.046875;8.046875;9;2;0.0;274;0;Samaha et al. (2019);Experiment 1;Orientation;1;39;;;;;;;12;2
17;144;82.0;-62.0;9;2;-65.0;275;0;Samaha et al. (2019);Experiment 1;Orientation;1;39;;;;;;;13;2
17;47;31.078125;-15.921875;9;2;-83.0;276;0;Samaha et al. (2019);Experiment 1;Orientation;1;39;;;;;;;14;2
17;54;42.6484375;-11.3515625;9;2;-7.0;277;0;Samaha et al. (2019);Experiment 1;Orientation;1;39;;;;;;;15;2
17;0;45.7421875;45.7421875;9;2;54.0;278;1;Samaha et al. (2019);Experiment 1;Orientation;1;40;;;;;;;13;2
17;156;137.984375;-18.015625;9;2;24.0;279;1;Samaha et al. (2019);Experiment 1;Orientation;1;40;;;;;;;14;2
17;28;43.375;15.375;9;2;-52.0;280;1;Samaha et al. (2019);Experiment 1;Orientation;1;40;;;;;;;15;2
17;89;130.0;41.0;9;2;-61.0;281;0;Samaha et al. (2019);Experiment 1;Orientation;1;39;;;;;;;16;2
17;175;60.28125;65.28125;9;2;-86.0;282;1;Samaha et al. (2019);Experiment 1;Orientation;1;40;;;;;;;16;2
17;35;25.109375;-9.890625;9;2;-40.0;283;1;Samaha et al. (2019);Experiment 1;Orientation;1;40;;;;;;;17;2
17;79;69.5546875;-9.4453125;9;2;-44.0;284;0;Samaha et al. (2019);Experiment 1;Orientation;1;39;;;;;;;17;2
17;18;33.609375;15.609375;9;2;61.0;285;0;Samaha et al. (2019);Experiment 1;Orientation;1;39;;;;;;;18;2
17;115;33.2265625;-81.7734375;9;2;83.0;286;0;Samaha et al. (2019);Experiment 1;Orientation;1;39;;;;;;;19;2
17;161;130.6796875;-30.3203125;9;2;-46.0;287;0;Samaha et al. (2019);Experiment 1;Orientation;1;39;;;;;;;20;2
17;119;115.8046875;-3.1953125;9;2;42.0;288;0;Samaha et al. (2019);Experiment 1;Orientation;1;39;;;;;;;21;2
17;142;144.9765625;2.9765625;9;2;-23.0;289;0;Samaha et al. (2019);Experiment 1;Orientation;1;39;;;;;;;22;2
17;176;138.0859375;-37.9140625;9;2;-34.0;290;1;Samaha et al. (2019);Experiment 1;Orientation;1;40;;;;;;;18;2
17;88;151.921875;63.921875;9;2;88.0;291;1;Samaha et al. (2019);Experiment 1;Orientation;1;40;;;;;;;19;2
17;107;134.0859375;27.0859375;9;2;-19.0;292;0;Samaha et al. (2019);Experiment 1;Orientation;1;39;;;;;;;23;2
17;120;107.3125;-12.6875;9;2;-13.0;293;0;Samaha et al. (2019);Experiment 1;Orientation;1;39;;;;;;;24;2
17;17;48.9921875;31.9921875;9;2;-77.0;294;1;Samaha et al. (2019);Experiment 1;Orientation;1;40;;;;;;;20;2
17;102;83.4921875;-18.5078125;9;2;-85.0;295;1;Samaha et al. (2019);Experiment 1;Orientation;1;40;;;;;;;21;2
17;58;58.8828125;0.8828125;9;2;44.0;296;1;Samaha et al. (2019);Experiment 1;Orientation;1;40;;;;;;;22;2
17;134;141.125;7.125;9;2;-76.0;297;0;Samaha et al. (2019);Experiment 1;Orientation;1;39;;;;;;;25;2
17;168;146.234375;-21.765625;9;2;-34.0;298;0;Samaha et al. (2019);Experiment 1;Orientation;1;39;;;;;;;26;2
17;120;132.9140625;12.9140625;9;2;48.0;299;0;Samaha et al. (2019);Experiment 1;Orientation;1;39;;;;;;;27;2
17;109;112.8125;3.8125;9;2;11.0;300;0;Samaha et al. (2019);Experiment 1;Orientation;1;39;;;;;;;28;2
17;26;103.921875;77.921875;9;2;83.0;301;1;Samaha et al. (2019);Experiment 1;Orientation;1;40;;;;;;;23;2
17;106;134.6171875;28.6171875;9;2;-80.0;302;1;Samaha et al. (2019);Experiment 1;Orientation;1;40;;;;;;;24;2
17;74;111.1796875;37.1796875;9;2;32.0;303;1;Samaha et al. (2019);Experiment 1;Orientation;1;40;;;;;;;25;2
17;150;158.0859375;8.0859375;9;2;-76.0;304;1;Samaha et al. (2019);Experiment 1;Orientation;1;40;;;;;;;26;2
17;157;166.0;9.0;9;2;-7.0;305;1;Samaha et al. (2019);Experiment 1;Orientation;1;40;;;;;;;27;2
17;86;129.2265625;43.2265625;9;2;71.0;306;0;Samaha et al. (2019);Experiment 1;Orientation;1;39;;;;;;;29;2
17;152;99.5703125;-52.4296875;9;2;-66.0;307;0;Samaha et al. (2019);Experiment 1;Orientation;1;39;;;;;;;30;2
17;125;107.34375;-17.65625;9;2;27.0;308;1;Samaha et al. (2019);Experiment 1;Orientation;1;40;;;;;;;28;2
17;123;118.1015625;-4.8984375;9;2;2.0;309;1;Samaha et al. (2019);Experiment 1;Orientation;1;40;;;;;;;29;2
17;83;88.828125;5.828125;9;2;40.0;310;0;Samaha et al. (2019);Experiment 1;Orientation;1;39;;;;;;;31;2
17;83;88.828125;5.828125;9;2;0.0;311;0;Samaha et al. (2019);Experiment 1;Orientation;1;39;;;;;;;32;2
17;30;51.40625;21.40625;9;3;53.0;501;1;Samaha et al. (2019);Experiment 1;Orientation;1;40;;;;;;;1;3
17;35;29.703125;-5.296875;9;3;-5.0;502;0;Samaha et al. (2019);Experiment 1;Orientation;1;39;;;;;;;1;3
17;83;51.8046875;-31.1953125;9;3;-48.0;503;0;Samaha et al. (2019);Experiment 1;Orientation;1;39;;;;;;;2;3
17;54;50.171875;-3.828125;9;3;29.0;504;1;Samaha et al. (2019);Experiment 1;Orientation;1;40;;;;;;;2;3
17;135;134.203125;-0.796875;9;3;-81.0;505;1;Samaha et al. (2019);Experiment 1;Orientation;1;40;;;;;;;3;3
17;175;122.15625;-52.84375;9;3;-40.0;506;0;Samaha et al. (2019);Experiment 1;Orientation;1;39;;;;;;;3;3
17;153;109.5703125;-43.4296875;9;3;22.0;507;1;Samaha et al. (2019);Experiment 1;Orientation;1;40;;;;;;;4;3
17;132;115.1953125;-16.8046875;9;3;21.0;508;1;Samaha et al. (2019);Experiment 1;Orientation;1;40;;;;;;;5;3
17;6;135.8515625;-50.1484375;9;3;-54.0;509;0;Samaha et al. (2019);Experiment 1;Orientation;1;39;;;;;;;4;3
17;41;126.3203125;85.3203125;9;3;-35.0;510;1;Samaha et al. (2019);Experiment 1;Orientation;1;40;;;;;;;6;3
17;74;57.5546875;-16.4453125;9;3;-33.0;511;0;Samaha et al. (2019);Experiment 1;Orientation;1;39;;;;;;;5;3
17;28;118.0;90.0;9;3;46.0;512;1;Samaha et al. (2019);Experiment 1;Orientation;1;40;;;;;;;7;3
17;124;114.0;-10.0;9;3;84.0;513;0;Samaha et al. (2019);Experiment 1;Orientation;1;39;;;;;;;6;3
17;55;60.4140625;5.4140625;9;3;69.0;514;1;Samaha et al. (2019);Experiment 1;Orientation;1;40;;;;;;;8;3
17;97;89.5234375;-7.4765625;9;3;-42.0;515;0;Samaha et al. (2019);Experiment 1;Orientation;1;39;;;;;;;7;3
17;95;101.046875;6.046875;9;3;2.0;516;1;Samaha et al. (2019);Experiment 1;Orientation;1;40;;;;;;;9;3
17;125;126.0;1.0;9;3;-30.0;517;0;Samaha et al. (2019);Experiment 1;Orientation;1;39;;;;;;;8;3
17;122;117.1640625;-4.8359375;9;3;3.0;518;0;Samaha et al. (2019);Experiment 1;Orientation;1;39;;;;;;;9;3
17;134;122.0546875;-11.9453125;9;3;-12.0;519;1;Samaha et al. (2019);Experiment 1;Orientation;1;40;;;;;;;10;3
17;86;121.890625;35.890625;9;3;48.0;520;1;Samaha et al. (2019);Experiment 1;Orientation;1;40;;;;;;;11;3
17;39;42.171875;3.171875;9;3;47.0;521;1;Samaha et al. (2019);Experiment 1;Orientation;1;40;;;;;;;12;3
17;157;71.8515625;-85.1484375;9;3;62.0;522;1;Samaha et al. (2019);Experiment 1;Orientation;1;40;;;;;;;13;3
17;106;99.96875;-6.03125;9;3;51.0;523;0;Samaha et al. (2019);Experiment 1;Orientation;1;39;;;;;;;10;3
17;110;109.4609375;-0.5390625;9;3;-4.0;524;1;Samaha et al. (2019);Experiment 1;Orientation;1;40;;;;;;;14;3
17;63;124.203125;61.203125;9;3;47.0;525;1;Samaha et al. (2019);Experiment 1;Orientation;1;40;;;;;;;15;3
17;142;133.7421875;-8.2578125;9;3;-79.0;526;0;Samaha et al. (2019);Experiment 1;Orientation;1;39;;;;;;;11;3
17;59;39.671875;-19.328125;9;3;83.0;527;0;Samaha et al. (2019);Experiment 1;Orientation;1;39;;;;;;;12;3
17;174;121.90625;-52.09375;9;3;65.0;528;1;Samaha et al. (2019);Experiment 1;Orientation;1;40;;;;;;;16;3
17;94;107.1953125;13.1953125;9;3;80.0;529;0;Samaha et al. (2019);Experiment 1;Orientation;1;39;;;;;;;13;3
17;162;103.015625;-58.984375;9;3;-68.0;530;1;Samaha et al. (2019);Experiment 1;Orientation;1;40;;;;;;;17;3
17;67;62.0078125;-4.9921875;9;3;-85.0;531;0;Samaha et al. (2019);Experiment 1;Orientation;1;39;;;;;;;14;3
17;151;131.703125;-19.296875;9;3;-84.0;532;0;Samaha et al. (2019);Experiment 1;Orientation;1;39;;;;;;;15;3
17;179;28.75;29.75;9;3;-28.0;533;1;Samaha et al. (2019);Experiment 1;Orientation;1;40;;;;;;;18;3
17;109;128.9921875;19.9921875;9;3;70.0;534;1;Samaha et al. (2019);Experiment 1;Orientation;1;40;;;;;;;19;3
17;119;54.84375;-64.15625;9;3;-10.0;535;1;Samaha et al. (2019);Experiment 1;Orientation;1;40;;;;;;;20;3
17;67;44.6796875;-22.3203125;9;3;52.0;536;0;Samaha et al. (2019);Experiment 1;Orientation;1;39;;;;;;;16;3
17;51;48.484375;-2.515625;9;3;16.0;537;1;Samaha et al. (2019);Experiment 1;Orientation;1;40;;;;;;;21;3
17;161;141.609375;-19.390625;9;3;70.0;538;0;Samaha et al. (2019);Experiment 1;Orientation;1;39;;;;;;;17;3
17;35;52.75;17.75;9;3;-54.0;539;1;Samaha et al. (2019);Experiment 1;Orientation;1;40;;;;;;;22;3
17;151;86.78125;-64.21875;9;3;64.0;540;0;Samaha et al. (2019);Experiment 1;Orientation;1;39;;;;;;;18;3
17;20;32.0546875;12.0546875;9;3;-49.0;541;0;Samaha et al. (2019);Experiment 1;Orientation;1;39;;;;;;;19;3
17;24;26.5;2.5;9;3;-4.0;542;0;Samaha et al. (2019);Experiment 1;Orientation;1;39;;;;;;;20;3
17;33;19.3125;-13.6875;9;3;-9.0;543;1;Samaha et al. (2019);Experiment 1;Orientation;1;40;;;;;;;23;3
17;64;109.34375;45.34375;9;3;-31.0;544;1;Samaha et al. (2019);Experiment 1;Orientation;1;40;;;;;;;24;3
17;92;112.9140625;20.9140625;9;3;-28.0;545;0;Samaha et al. (2019);Experiment 1;Orientation;1;39;;;;;;;21;3
17;28;110.6015625;82.6015625;9;3;64.0;546;0;Samaha et al. (2019);Experiment 1;Orientation;1;39;;;;;;;22;3
17;129;144.0;15.0;9;3;79.0;547;0;Samaha et al. (2019);Experiment 1;Orientation;1;39;;;;;;;23;3
17;87;106.0;19.0;9;3;42.0;548;1;Samaha et al. (2019);Experiment 1;Orientation;1;40;;;;;;;25;3
17;111;178.484375;67.484375;9;3;-24.0;549;0;Samaha et al. (2019);Experiment 1;Orientation;1;39;;;;;;;24;3
17;113;126.5625;13.5625;9;3;-2.0;550;0;Samaha et al. (2019);Experiment 1;Orientation;1;39;;;;;;;25;3
17;101;110.9453125;9.9453125;9;3;12.0;551;1;Samaha et al. (2019);Experiment 1;Orientation;1;40;;;;;;;26;3
17;85;124.828125;39.828125;9;3;16.0;552;1;Samaha et al. (2019);Experiment 1;Orientation;1;40;;;;;;;27;3
17;64;62.3046875;-1.6953125;9;3;21.0;553;0;Samaha et al. (2019);Experiment 1;Orientation;1;39;;;;;;;26;3
17;33;147.7578125;-65.2421875;9;3;31.0;554;0;Samaha et al. (2019);Experiment 1;Orientation;1;39;;;;;;;27;3
17;151;157.8046875;6.8046875;9;3;62.0;555;0;Samaha et al. (2019);Experiment 1;Orientation;1;39;;;;;;;28;3
17;174;5.1640625;11.1640625;9;3;-23.0;556;1;Samaha et al. (2019);Experiment 1;Orientation;1;40;;;;;;;28;3
17;87;18.515625;-68.484375;9;3;87.0;557;1;Samaha et al. (2019);Experiment 1;Orientation;1;40;;;;;;;29;3
17;57;33.125;-23.875;9;3;30.0;558;1;Samaha et al. (2019);Experiment 1;Orientation;1;40;;;;;;;30;3
17;143;128.0;-15.0;9;3;-86.0;559;1;Samaha et al. (2019);Experiment 1;Orientation;1;40;;;;;;;31;3
17;139;116.53125;-22.46875;9;3;4.0;560;0;Samaha et al. (2019);Experiment 1;Orientation;1;39;;;;;;;29;3
17;139;116.53125;-22.46875;9;3;0.0;561;0;Samaha et al. (2019);Experiment 1;Orientation;1;39;;;;;;;30;3
17;103;72.3671875;-30.6328125;9;4;36.0;751;0;Samaha et al. (2019);Experiment 1;Orientation;1;39;;;;;;;1;4
17;66;78.828125;12.828125;9;4;37.0;752;0;Samaha et al. (2019);Experiment 1;Orientation;1;39;;;;;;;2;4
17;100;121.7421875;21.7421875;9;4;-34.0;753;1;Samaha et al. (2019);Experiment 1;Orientation;1;40;;;;;;;1;4
17;140;167.2265625;27.2265625;9;4;-40.0;754;1;Samaha et al. (2019);Experiment 1;Orientation;1;40;;;;;;;2;4
17;129;124.515625;-4.484375;9;4;11.0;755;0;Samaha et al. (2019);Experiment 1;Orientation;1;39;;;;;;;3;4
17;115;117.4609375;2.4609375;9;4;14.0;756;1;Samaha et al. (2019);Experiment 1;Orientation;1;40;;;;;;;3;4
17;106;112.9921875;6.9921875;9;4;9.0;757;0;Samaha et al. (2019);Experiment 1;Orientation;1;39;;;;;;;4;4
17;42;56.6171875;14.6171875;9;4;64.0;758;0;Samaha et al. (2019);Experiment 1;Orientation;1;39;;;;;;;5;4
17;142;116.9140625;-25.0859375;9;4;80.0;759;0;Samaha et al. (2019);Experiment 1;Orientation;1;39;;;;;;;6;4
17;100;109.1640625;9.1640625;9;4;42.0;760;1;Samaha et al. (2019);Experiment 1;Orientation;1;40;;;;;;;4;4
17;125;127.59375;2.59375;9;4;-25.0;761;1;Samaha et al. (2019);Experiment 1;Orientation;1;40;;;;;;;5;4
17;13;90.0;77.0;9;4;-68.0;762;1;Samaha et al. (2019);Experiment 1;Orientation;1;40;;;;;;;6;4
17;36;63.2421875;27.2421875;9;4;-23.0;763;1;Samaha et al. (2019);Experiment 1;Orientation;1;40;;;;;;;7;4
17;114;109.2578125;-4.7421875;9;4;-78.0;764;0;Samaha et al. (2019);Experiment 1;Orientation;1;39;;;;;;;7;4
17;47;100.0;53.0;9;4;67.0;765;0;Samaha et al. (2019);Experiment 1;Orientation;1;39;;;;;;;8;4
17;21;32.484375;11.484375;9;4;26.0;766;0;Samaha et al. (2019);Experiment 1;Orientation;1;39;;;;;;;9;4
17;135;126.0390625;-8.9609375;9;4;66.0;767;1;Samaha et al. (2019);Experiment 1;Orientation;1;40;;;;;;;8;4
17;37;38.8671875;1.8671875;9;4;-82.0;768;0;Samaha et al. (2019);Experiment 1;Orientation;1;39;;;;;;;10;4
17;8;68.0;60.0;9;4;29.0;769;0;Samaha et al. (2019);Experiment 1;Orientation;1;39;;;;;;;11;4
17;139;124.1015625;-14.8984375;9;4;49.0;770;0;Samaha et al. (2019);Experiment 1;Orientation;1;39;;;;;;;12;4
17;122;137.0625;15.0625;9;4;17.0;771;0;Samaha et al. (2019);Experiment 1;Orientation;1;39;;;;;;;13;4
17;36;55.2578125;19.2578125;9;4;86.0;772;1;Samaha et al. (2019);Experiment 1;Orientation;1;40;;;;;;;9;4
17;146;141.375;-4.625;9;4;70.0;773;0;Samaha et al. (2019);Experiment 1;Orientation;1;39;;;;;;;14;4
17;50;51.140625;1.140625;9;4;-84.0;774;0;Samaha et al. (2019);Experiment 1;Orientation;1;39;;;;;;;15;4
17;63;40.9609375;-22.0390625;9;4;-13.0;775;1;Samaha et al. (2019);Experiment 1;Orientation;1;40;;;;;;;10;4
17;19;48.0;29.0;9;4;44.0;776;0;Samaha et al. (2019);Experiment 1;Orientation;1;39;;;;;;;16;4
17;30;31.4765625;1.4765625;9;4;-11.0;777;1;Samaha et al. (2019);Experiment 1;Orientation;1;40;;;;;;;11;4
17;119;139.953125;20.953125;9;4;-89.0;778;0;Samaha et al. (2019);Experiment 1;Orientation;1;39;;;;;;;17;4
17;8;36.203125;28.203125;9;4;-69.0;779;0;Samaha et al. (2019);Experiment 1;Orientation;1;39;;;;;;;18;4
17;51;88.0;37.0;9;4;-43.0;780;1;Samaha et al. (2019);Experiment 1;Orientation;1;40;;;;;;;12;4
17;64;82.6328125;18.6328125;9;4;-13.0;781;1;Samaha et al. (2019);Experiment 1;Orientation;1;40;;;;;;;13;4
17;109;95.328125;-13.671875;9;4;-45.0;782;0;Samaha et al. (2019);Experiment 1;Orientation;1;39;;;;;;;19;4
17;147;121.03125;-25.96875;9;4;-38.0;783;0;Samaha et al. (2019);Experiment 1;Orientation;1;39;;;;;;;20;4
17;104;118.0;14.0;9;4;43.0;784;1;Samaha et al. (2019);Experiment 1;Orientation;1;40;;;;;;;14;4
17;114;143.59375;29.59375;9;4;-10.0;785;1;Samaha et al. (2019);Experiment 1;Orientation;1;40;;;;;;;15;4
17;118;126.53125;8.53125;9;4;-4.0;786;0;Samaha et al. (2019);Experiment 1;Orientation;1;39;;;;;;;21;4
17;45;43.4921875;-1.5078125;9;4;73.0;787;0;Samaha et al. (2019);Experiment 1;Orientation;1;39;;;;;;;22;4
17;69;50.265625;-18.734375;9;4;-24.0;788;1;Samaha et al. (2019);Experiment 1;Orientation;1;40;;;;;;;16;4
17;170;106.78125;-63.21875;9;4;79.0;789;1;Samaha et al. (2019);Experiment 1;Orientation;1;40;;;;;;;17;4
17;118;125.7578125;7.7578125;9;4;52.0;790;0;Samaha et al. (2019);Experiment 1;Orientation;1;39;;;;;;;23;4
17;6;38.8984375;32.8984375;9;4;-68.0;791;1;Samaha et al. (2019);Experiment 1;Orientation;1;40;;;;;;;18;4
17;57;66.9453125;9.9453125;9;4;-51.0;792;0;Samaha et al. (2019);Experiment 1;Orientation;1;39;;;;;;;24;4
17;154;142.0546875;-11.9453125;9;4;83.0;793;0;Samaha et al. (2019);Experiment 1;Orientation;1;39;;;;;;;25;4
17;70;66.1328125;-3.8671875;9;4;84.0;794;0;Samaha et al. (2019);Experiment 1;Orientation;1;39;;;;;;;26;4
17;31;46.515625;15.515625;9;4;39.0;795;1;Samaha et al. (2019);Experiment 1;Orientation;1;40;;;;;;;19;4
17;112;114.9765625;2.9765625;9;4;-81.0;796;0;Samaha et al. (2019);Experiment 1;Orientation;1;39;;;;;;;27;4
17;14;53.7578125;39.7578125;9;4;-82.0;797;0;Samaha et al. (2019);Experiment 1;Orientation;1;39;;;;;;;28;4
17;82;86.265625;4.265625;9;4;-68.0;798;0;Samaha et al. (2019);Experiment 1;Orientation;1;39;;;;;;;29;4
17;92;78.3984375;-13.6015625;9;4;-10.0;799;0;Samaha et al. (2019);Experiment 1;Orientation;1;39;;;;;;;30;4
17;27;49.8359375;22.8359375;9;4;65.0;800;1;Samaha et al. (2019);Experiment 1;Orientation;1;40;;;;;;;20;4
17;10;28.796875;18.796875;9;4;17.0;801;1;Samaha et al. (2019);Experiment 1;Orientation;1;40;;;;;;;21;4
17;8;46.546875;38.546875;9;4;2.0;802;0;Samaha et al. (2019);Experiment 1;Orientation;1;39;;;;;;;31;4
17;127;87.7265625;-39.2734375;9;4;61.0;803;0;Samaha et al. (2019);Experiment 1;Orientation;1;39;;;;;;;32;4
17;84;122.0859375;38.0859375;9;4;43.0;804;0;Samaha et al. (2019);Experiment 1;Orientation;1;39;;;;;;;33;4
17;66;81.640625;15.640625;9;4;18.0;805;1;Samaha et al. (2019);Experiment 1;Orientation;1;40;;;;;;;22;4
17;65;74.4140625;9.4140625;9;4;1.0;806;0;Samaha et al. (2019);Experiment 1;Orientation;1;39;;;;;;;34;4
17;102;168.0859375;66.0859375;9;4;-37.0;807;0;Samaha et al. (2019);Experiment 1;Orientation;1;39;;;;;;;35;4
17;120;140.6640625;20.6640625;9;4;-18.0;808;1;Samaha et al. (2019);Experiment 1;Orientation;1;40;;;;;;;23;4
17;3;41.4453125;38.4453125;9;4;-63.0;809;1;Samaha et al. (2019);Experiment 1;Orientation;1;40;;;;;;;24;4
17;50;55.390625;5.390625;9;4;-47.0;810;1;Samaha et al. (2019);Experiment 1;Orientation;1;40;;;;;;;25;4
17;50;55.390625;5.390625;9;4;0.0;811;0;Samaha et al. (2019);Experiment 1;Orientation;1;39;;;;;;;36;4
17;143;24.0546875;61.0546875;9;5;87.0;1001;0;Samaha et al. (2019);Experiment 1;Orientation;1;39;;;;;;;1;5
17;42;40.5625;-1.4375;9;5;-79.0;1002;1;Samaha et al. (2019);Experiment 1;Orientation;1;40;;;;;;;1;5
17;47;45.8515625;-1.1484375;9;5;-5.0;1003;1;Samaha et al. (2019);Experiment 1;Orientation;1;40;;;;;;;2;5
17;34;63.7421875;29.7421875;9;5;13.0;1004;0;Samaha et al. (2019);Experiment 1;Orientation;1;39;;;;;;;2;5
17;103;112.4296875;9.4296875;9;5;-69.0;1005;0;Samaha et al. (2019);Experiment 1;Orientation;1;39;;;;;;;3;5
17;34;112.0;78.0;9;5;69.0;1006;0;Samaha et al. (2019);Experiment 1;Orientation;1;39;;;;;;;4;5
17;154;117.7265625;-36.2734375;9;5;60.0;1007;0;Samaha et al. (2019);Experiment 1;Orientation;1;39;;;;;;;5;5
17;155;42.9296875;67.9296875;9;5;-1.0;1008;0;Samaha et al. (2019);Experiment 1;Orientation;1;39;;;;;;;6;5
17;111;130.9296875;19.9296875;9;5;44.0;1009;0;Samaha et al. (2019);Experiment 1;Orientation;1;39;;;;;;;7;5
17;36;31.640625;-4.359375;9;5;75.0;1010;0;Samaha et al. (2019);Experiment 1;Orientation;1;39;;;;;;;8;5
17;172;17.2578125;25.2578125;9;5;44.0;1011;0;Samaha et al. (2019);Experiment 1;Orientation;1;39;;;;;;;9;5
17;85;120.3515625;35.3515625;9;5;87.0;1012;0;Samaha et al. (2019);Experiment 1;Orientation;1;39;;;;;;;10;5
17;96;94.0;-2.0;9;5;-11.0;1013;0;Samaha et al. (2019);Experiment 1;Orientation;1;39;;;;;;;11;5
17;27;49.2734375;22.2734375;9;5;69.0;1014;0;Samaha et al. (2019);Experiment 1;Orientation;1;39;;;;;;;12;5
17;21;110.0;89.0;9;5;6.0;1015;0;Samaha et al. (2019);Experiment 1;Orientation;1;39;;;;;;;13;5
17;129;116.796875;-12.203125;9;5;72.0;1016;0;Samaha et al. (2019);Experiment 1;Orientation;1;39;;;;;;;14;5
17;24;45.109375;21.109375;9;5;-75.0;1017;1;Samaha et al. (2019);Experiment 1;Orientation;1;40;;;;;;;3;5
17;92;117.7578125;25.7578125;9;5;-68.0;1018;0;Samaha et al. (2019);Experiment 1;Orientation;1;39;;;;;;;15;5
17;35;142.0;-73.0;9;5;57.0;1019;0;Samaha et al. (2019);Experiment 1;Orientation;1;39;;;;;;;16;5
17;38;130.46875;-87.53125;9;5;-3.0;1020;1;Samaha et al. (2019);Experiment 1;Orientation;1;40;;;;;;;4;5
17;130;160.0;30.0;9;5;88.0;1021;0;Samaha et al. (2019);Experiment 1;Orientation;1;39;;;;;;;17;5
17;39;52.4140625;13.4140625;9;5;-89.0;1022;1;Samaha et al. (2019);Experiment 1;Orientation;1;40;;;;;;;5;5
17;15;117.4609375;-77.5390625;9;5;24.0;1023;1;Samaha et al. (2019);Experiment 1;Orientation;1;40;;;;;;;6;5
17;12;19.34375;7.34375;9;5;3.0;1024;0;Samaha et al. (2019);Experiment 1;Orientation;1;39;;;;;;;18;5
17;61;7.5546875;-53.4453125;9;5;-49.0;1025;0;Samaha et al. (2019);Experiment 1;Orientation;1;39;;;;;;;19;5
17;8;15.1953125;7.1953125;9;5;53.0;1026;0;Samaha et al. (2019);Experiment 1;Orientation;1;39;;;;;;;20;5
17;141;118.15625;-22.84375;9;5;47.0;1027;0;Samaha et al. (2019);Experiment 1;Orientation;1;39;;;;;;;21;5
17;76;52.6953125;-23.3046875;9;5;65.0;1028;1;Samaha et al. (2019);Experiment 1;Orientation;1;40;;;;;;;7;5
17;143;5.3125;42.3125;9;5;-67.0;1029;0;Samaha et al. (2019);Experiment 1;Orientation;1;39;;;;;;;22;5
17;153;173.2421875;20.2421875;9;5;-10.0;1030;0;Samaha et al. (2019);Experiment 1;Orientation;1;39;;;;;;;23;5
17;41;30.25;-10.75;9;5;-68.0;1031;1;Samaha et al. (2019);Experiment 1;Orientation;1;40;;;;;;;8;5
17;34;22.0234375;-11.9765625;9;5;7.0;1032;1;Samaha et al. (2019);Experiment 1;Orientation;1;40;;;;;;;9;5
17;19;124.0;-75.0;9;5;15.0;1033;1;Samaha et al. (2019);Experiment 1;Orientation;1;40;;;;;;;10;5
17;125;110.21875;-14.78125;9;5;74.0;1034;0;Samaha et al. (2019);Experiment 1;Orientation;1;39;;;;;;;24;5
17;173;7.015625;14.015625;9;5;-48.0;1035;1;Samaha et al. (2019);Experiment 1;Orientation;1;40;;;;;;;11;5
17;19;41.40625;22.40625;9;5;-26.0;1036;0;Samaha et al. (2019);Experiment 1;Orientation;1;39;;;;;;;25;5
17;50;65.65625;15.65625;9;5;-31.0;1037;1;Samaha et al. (2019);Experiment 1;Orientation;1;40;;;;;;;12;5
17;160;178.6171875;18.6171875;9;5;70.0;1038;1;Samaha et al. (2019);Experiment 1;Orientation;1;40;;;;;;;13;5
17;67;81.328125;14.328125;9;5;-87.0;1039;1;Samaha et al. (2019);Experiment 1;Orientation;1;40;;;;;;;14;5
17;3;128.0;-55.0;9;5;64.0;1040;0;Samaha et al. (2019);Experiment 1;Orientation;1;39;;;;;;;26;5
17;109;115.046875;6.046875;9;5;74.0;1041;1;Samaha et al. (2019);Experiment 1;Orientation;1;40;;;;;;;15;5
17;1;4.0703125;3.0703125;9;5;-72.0;1042;0;Samaha et al. (2019);Experiment 1;Orientation;1;39;;;;;;;27;5
17;46;24.171875;-21.828125;9;5;-45.0;1043;0;Samaha et al. (2019);Experiment 1;Orientation;1;39;;;;;;;28;5
17;155;146.6171875;-8.3828125;9;5;71.0;1044;1;Samaha et al. (2019);Experiment 1;Orientation;1;40;;;;;;;16;5
17;124;134.9296875;10.9296875;9;5;31.0;1045;1;Samaha et al. (2019);Experiment 1;Orientation;1;40;;;;;;;17;5
17;103;115.7421875;12.7421875;9;5;21.0;1046;0;Samaha et al. (2019);Experiment 1;Orientation;1;39;;;;;;;29;5
17;72;66.484375;-5.515625;9;5;31.0;1047;1;Samaha et al. (2019);Experiment 1;Orientation;1;40;;;;;;;18;5
17;75;66.53125;-8.46875;9;5;-3.0;1048;1;Samaha et al. (2019);Experiment 1;Orientation;1;40;;;;;;;19;5
17;97;84.234375;-12.765625;9;5;-22.0;1049;1;Samaha et al. (2019);Experiment 1;Orientation;1;40;;;;;;;20;5
17;96;78.234375;-17.765625;9;5;1.0;1050;0;Samaha et al. (2019);Experiment 1;Orientation;1;39;;;;;;;30;5
17;1;157.984375;-23.015625;9;5;-85.0;1051;1;Samaha et al. (2019);Experiment 1;Orientation;1;40;;;;;;;21;5
17;151;135.921875;-15.078125;9;5;30.0;1052;1;Samaha et al. (2019);Experiment 1;Orientation;1;40;;;;;;;22;5
17;89;84.484375;-4.515625;9;5;62.0;1053;1;Samaha et al. (2019);Experiment 1;Orientation;1;40;;;;;;;23;5
17;75;86.0703125;11.0703125;9;5;14.0;1054;0;Samaha et al. (2019);Experiment 1;Orientation;1;39;;;;;;;31;5
17;37;71.8203125;34.8203125;9;5;38.0;1055;1;Samaha et al. (2019);Experiment 1;Orientation;1;40;;;;;;;24;5
17;33;33.921875;0.921875;9;5;4.0;1056;1;Samaha et al. (2019);Experiment 1;Orientation;1;40;;;;;;;25;5
17;84;38.7109375;-45.2890625;9;5;-51.0;1057;0;Samaha et al. (2019);Experiment 1;Orientation;1;39;;;;;;;32;5
17;45;113.015625;68.015625;9;5;39.0;1058;1;Samaha et al. (2019);Experiment 1;Orientation;1;40;;;;;;;26;5
17;8;57.671875;49.671875;9;5;37.0;1059;1;Samaha et al. (2019);Experiment 1;Orientation;1;40;;;;;;;27;5
17;7;40.453125;33.453125;9;5;1.0;1060;1;Samaha et al. (2019);Experiment 1;Orientation;1;40;;;;;;;28;5
17;7;40.453125;33.453125;9;5;0.0;1061;1;Samaha et al. (2019);Experiment 1;Orientation;1;40;;;;;;;29;5
18;65;41.421875;-23.578125;9;1;-58.0;1;1;Samaha et al. (2019);Experiment 1;Orientation;1;40;;;;;;;1;1
18;101;27.2109375;-73.7890625;9;1;-36.0;2;1;Samaha et al. (2019);Experiment 1;Orientation;1;40;;;;;;;2;1
18;48;42.21875;-5.78125;9;1;53.0;3;1;Samaha et al. (2019);Experiment 1;Orientation;1;40;;;;;;;3;1
18;66;45.421875;-20.578125;9;1;-18.0;4;0;Samaha et al. (2019);Experiment 1;Orientation;1;39;;;;;;;1;1
18;132;42.1875;-89.8125;9;1;-66.0;5;1;Samaha et al. (2019);Experiment 1;Orientation;1;40;;;;;;;4;1
18;136;147.8359375;11.8359375;9;1;-4.0;6;1;Samaha et al. (2019);Experiment 1;Orientation;1;40;;;;;;;5;1
18;8;145.65625;-42.34375;9;1;-52.0;7;1;Samaha et al. (2019);Experiment 1;Orientation;1;40;;;;;;;6;1
18;151;168.1015625;17.1015625;9;1;37.0;8;1;Samaha et al. (2019);Experiment 1;Orientation;1;40;;;;;;;7;1
18;177;122.84375;-54.15625;9;1;-26.0;9;0;Samaha et al. (2019);Experiment 1;Orientation;1;39;;;;;;;2;1
18;67;49.2734375;-17.7265625;9;1;-70.0;10;1;Samaha et al. (2019);Experiment 1;Orientation;1;40;;;;;;;8;1
18;152;17.03125;45.03125;9;1;-85.0;11;0;Samaha et al. (2019);Experiment 1;Orientation;1;39;;;;;;;3;1
18;170;11.8203125;21.8203125;9;1;-18.0;12;1;Samaha et al. (2019);Experiment 1;Orientation;1;40;;;;;;;9;1
18;152;169.2734375;17.2734375;9;1;18.0;13;0;Samaha et al. (2019);Experiment 1;Orientation;1;39;;;;;;;4;1
18;38;40.6796875;2.6796875;9;1;-66.0;14;1;Samaha et al. (2019);Experiment 1;Orientation;1;40;;;;;;;10;1
18;109;125.046875;16.046875;9;1;-71.0;15;0;Samaha et al. (2019);Experiment 1;Orientation;1;39;;;;;;;5;1
18;102;102.46875;0.46875;9;1;7.0;16;1;Samaha et al. (2019);Experiment 1;Orientation;1;40;;;;;;;11;1
18;125;103.90625;-21.09375;9;1;-23.0;17;0;Samaha et al. (2019);Experiment 1;Orientation;1;39;;;;;;;6;1
18;56;32.7109375;-23.2890625;9;1;69.0;18;1;Samaha et al. (2019);Experiment 1;Orientation;1;40;;;;;;;12;1
18;119;81.5703125;-37.4296875;9;1;-63.0;19;1;Samaha et al. (2019);Experiment 1;Orientation;1;40;;;;;;;13;1
18;21;22.453125;1.453125;9;1;-82.0;20;1;Samaha et al. (2019);Experiment 1;Orientation;1;40;;;;;;;14;1
18;124;56.515625;-67.484375;9;1;77.0;21;0;Samaha et al. (2019);Experiment 1;Orientation;1;39;;;;;;;7;1
18;139;147.875;8.875;9;1;-15.0;22;1;Samaha et al. (2019);Experiment 1;Orientation;1;40;;;;;;;15;1
18;51;36.0234375;-14.9765625;9;1;88.0;23;0;Samaha et al. (2019);Experiment 1;Orientation;1;39;;;;;;;8;1
18;67;52.3046875;-14.6953125;9;1;-16.0;24;1;Samaha et al. (2019);Experiment 1;Orientation;1;40;;;;;;;16;1
18;65;145.984375;80.984375;9;1;2.0;25;0;Samaha et al. (2019);Experiment 1;Orientation;1;39;;;;;;;9;1
18;176;14.28125;18.28125;9;1;69.0;26;0;Samaha et al. (2019);Experiment 1;Orientation;1;39;;;;;;;10;1
18;139;126.0703125;-12.9296875;9;1;37.0;27;0;Samaha et al. (2019);Experiment 1;Orientation;1;39;;;;;;;11;1
18;144;135.375;-8.625;9;1;-5.0;28;1;Samaha et al. (2019);Experiment 1;Orientation;1;40;;;;;;;17;1
18;135;145.7734375;10.7734375;9;1;9.0;29;0;Samaha et al. (2019);Experiment 1;Orientation;1;39;;;;;;;12;1
18;33;1.140625;-31.859375;9;1;-78.0;30;0;Samaha et al. (2019);Experiment 1;Orientation;1;39;;;;;;;13;1
18;10;2.9453125;-7.0546875;9;1;23.0;31;1;Samaha et al. (2019);Experiment 1;Orientation;1;40;;;;;;;18;1
18;173;121.5234375;-51.4765625;9;1;17.0;32;0;Samaha et al. (2019);Experiment 1;Orientation;1;39;;;;;;;14;1
18;105;57.5234375;-47.4765625;9;1;68.0;33;0;Samaha et al. (2019);Experiment 1;Orientation;1;39;;;;;;;15;1
18;64;59.390625;-4.609375;9;1;41.0;34;1;Samaha et al. (2019);Experiment 1;Orientation;1;40;;;;;;;19;1
18;19;176.15625;-22.84375;9;1;45.0;35;1;Samaha et al. (2019);Experiment 1;Orientation;1;40;;;;;;;20;1
18;137;134.7109375;-2.2890625;9;1;62.0;36;0;Samaha et al. (2019);Experiment 1;Orientation;1;39;;;;;;;16;1
18;178;177.2578125;-0.7421875;9;1;-41.0;37;0;Samaha et al. (2019);Experiment 1;Orientation;1;39;;;;;;;17;1
18;10;176.75;-13.25;9;1;-12.0;38;0;Samaha et al. (2019);Experiment 1;Orientation;1;39;;;;;;;18;1
18;82;73.96875;-8.03125;9;1;-72.0;39;0;Samaha et al. (2019);Experiment 1;Orientation;1;39;;;;;;;19;1
18;9;147.375;-41.625;9;1;73.0;40;1;Samaha et al. (2019);Experiment 1;Orientation;1;40;;;;;;;21;1
18;114;110.4140625;-3.5859375;9;1;75.0;41;0;Samaha et al. (2019);Experiment 1;Orientation;1;39;;;;;;;20;1
18;173;32.6171875;39.6171875;9;1;-59.0;42;0;Samaha et al. (2019);Experiment 1;Orientation;1;39;;;;;;;21;1
18;122;133.4765625;11.4765625;9;1;51.0;43;0;Samaha et al. (2019);Experiment 1;Orientation;1;39;;;;;;;22;1
18;101;104.1875;3.1875;9;1;21.0;44;0;Samaha et al. (2019);Experiment 1;Orientation;1;39;;;;;;;23;1
18;161;161.7578125;0.7578125;9;1;-60.0;45;1;Samaha et al. (2019);Experiment 1;Orientation;1;40;;;;;;;22;1
18;96;26.53125;-69.46875;9;1;65.0;46;1;Samaha et al. (2019);Experiment 1;Orientation;1;40;;;;;;;23;1
18;173;168.0390625;-4.9609375;9;1;-77.0;47;1;Samaha et al. (2019);Experiment 1;Orientation;1;40;;;;;;;24;1
18;37;167.890625;-49.109375;9;1;-44.0;48;1;Samaha et al. (2019);Experiment 1;Orientation;1;40;;;;;;;25;1
18;13;25.921875;12.921875;9;1;24.0;49;1;Samaha et al. (2019);Experiment 1;Orientation;1;40;;;;;;;26;1
18;167;33.7734375;46.7734375;9;1;26.0;50;1;Samaha et al. (2019);Experiment 1;Orientation;1;40;;;;;;;27;1
18;56;66.265625;10.265625;9;1;-69.0;51;1;Samaha et al. (2019);Experiment 1;Orientation;1;40;;;;;;;28;1
18;119;28.6171875;89.6171875;9;1;-63.0;52;0;Samaha et al. (2019);Experiment 1;Orientation;1;39;;;;;;;24;1
18;128;118.8984375;-9.1015625;9;1;-9.0;53;0;Samaha et al. (2019);Experiment 1;Orientation;1;39;;;;;;;25;1
18;130;130.3046875;0.3046875;9;1;-2.0;54;0;Samaha et al. (2019);Experiment 1;Orientation;1;39;;;;;;;26;1
18;17;142.796875;-54.203125;9;1;-67.0;55;0;Samaha et al. (2019);Experiment 1;Orientation;1;39;;;;;;;27;1
18;23;111.296875;88.296875;9;1;-6.0;56;1;Samaha et al. (2019);Experiment 1;Orientation;1;40;;;;;;;29;1
18;53;178.6484375;-54.3515625;9;1;-30.0;57;0;Samaha et al. (2019);Experiment 1;Orientation;1;39;;;;;;;28;1
18;126;140.484375;14.484375;9;1;-73.0;58;1;Samaha et al. (2019);Experiment 1;Orientation;1;40;;;;;;;30;1
18;85;130.796875;45.796875;9;1;41.0;59;0;Samaha et al. (2019);Experiment 1;Orientation;1;39;;;;;;;29;1
18;30;54.171875;24.171875;9;1;55.0;60;1;Samaha et al. (2019);Experiment 1;Orientation;1;40;;;;;;;31;1
18;30;54.171875;24.171875;9;1;0.0;61;0;Samaha et al. (2019);Experiment 1;Orientation;1;39;;;;;;;30;1
18;53;59.5546875;6.5546875;9;2;-23.0;251;1;Samaha et al. (2019);Experiment 1;Orientation;1;40;;;;;;;1;2
18;89;140.8671875;51.8671875;9;2;-36.0;252;1;Samaha et al. (2019);Experiment 1;Orientation;1;40;;;;;;;2;2
18;99;64.75;-34.25;9;2;-10.0;253;0;Samaha et al. (2019);Experiment 1;Orientation;1;39;;;;;;;1;2
18;139;136.75;-2.25;9;2;-40.0;254;1;Samaha et al. (2019);Experiment 1;Orientation;1;40;;;;;;;3;2
18;91;40.0390625;-50.9609375;9;2;48.0;255;0;Samaha et al. (2019);Experiment 1;Orientation;1;39;;;;;;;2;2
18;129;141.6875;12.6875;9;2;-38.0;256;1;Samaha et al. (2019);Experiment 1;Orientation;1;40;;;;;;;4;2
18;124;143.4921875;19.4921875;9;2;5.0;257;0;Samaha et al. (2019);Experiment 1;Orientation;1;39;;;;;;;3;2
18;171;164.6328125;-6.3671875;9;2;-47.0;258;1;Samaha et al. (2019);Experiment 1;Orientation;1;40;;;;;;;5;2
18;124;130.84375;6.84375;9;2;47.0;259;1;Samaha et al. (2019);Experiment 1;Orientation;1;40;;;;;;;6;2
18;154;157.2578125;3.2578125;9;2;-30.0;260;1;Samaha et al. (2019);Experiment 1;Orientation;1;40;;;;;;;7;2
18;124;110.203125;-13.796875;9;2;30.0;261;1;Samaha et al. (2019);Experiment 1;Orientation;1;40;;;;;;;8;2
18;23;36.5625;13.5625;9;2;-79.0;262;0;Samaha et al. (2019);Experiment 1;Orientation;1;39;;;;;;;4;2
18;111;131.609375;20.609375;9;2;-88.0;263;1;Samaha et al. (2019);Experiment 1;Orientation;1;40;;;;;;;9;2
18;54;34.265625;-19.734375;9;2;57.0;264;0;Samaha et al. (2019);Experiment 1;Orientation;1;39;;;;;;;5;2
18;75;134.25;59.25;9;2;-21.0;265;0;Samaha et al. (2019);Experiment 1;Orientation;1;39;;;;;;;6;2
18;33;37.984375;4.984375;9;2;42.0;266;0;Samaha et al. (2019);Experiment 1;Orientation;1;39;;;;;;;7;2
18;70;52.6328125;-17.3671875;9;2;-37.0;267;0;Samaha et al. (2019);Experiment 1;Orientation;1;39;;;;;;;8;2
18;56;36.53125;-19.46875;9;2;14.0;268;0;Samaha et al. (2019);Experiment 1;Orientation;1;39;;;;;;;9;2
18;157;143.703125;-13.296875;9;2;79.0;269;1;Samaha et al. (2019);Experiment 1;Orientation;1;40;;;;;;;10;2
18;26;156.8828125;-49.1171875;9;2;-49.0;270;1;Samaha et al. (2019);Experiment 1;Orientation;1;40;;;;;;;11;2
18;5;118.0703125;-66.9296875;9;2;21.0;271;1;Samaha et al. (2019);Experiment 1;Orientation;1;40;;;;;;;12;2
18;87;157.609375;70.609375;9;2;-82.0;272;1;Samaha et al. (2019);Experiment 1;Orientation;1;40;;;;;;;13;2
18;123;120.78125;-2.21875;9;2;-36.0;273;0;Samaha et al. (2019);Experiment 1;Orientation;1;39;;;;;;;10;2
18;118;127.7734375;9.7734375;9;2;5.0;274;1;Samaha et al. (2019);Experiment 1;Orientation;1;40;;;;;;;14;2
18;38;0.5625;-37.4375;9;2;80.0;275;0;Samaha et al. (2019);Experiment 1;Orientation;1;39;;;;;;;11;2
18;4;35.7578125;31.7578125;9;2;34.0;276;0;Samaha et al. (2019);Experiment 1;Orientation;1;39;;;;;;;12;2
18;162;157.609375;-4.390625;9;2;22.0;277;0;Samaha et al. (2019);Experiment 1;Orientation;1;39;;;;;;;13;2
18;46;48.5625;2.5625;9;2;-64.0;278;1;Samaha et al. (2019);Experiment 1;Orientation;1;40;;;;;;;15;2
18;159;168.234375;9.234375;9;2;67.0;279;0;Samaha et al. (2019);Experiment 1;Orientation;1;39;;;;;;;14;2
18;154;153.921875;-0.078125;9;2;5.0;280;0;Samaha et al. (2019);Experiment 1;Orientation;1;39;;;;;;;15;2
18;75;68.1171875;-6.8828125;9;2;79.0;281;0;Samaha et al. (2019);Experiment 1;Orientation;1;39;;;;;;;16;2
18;161;141.2265625;-19.7734375;9;2;-86.0;282;1;Samaha et al. (2019);Experiment 1;Orientation;1;40;;;;;;;16;2
18;77;53.2421875;-23.7578125;9;2;84.0;283;1;Samaha et al. (2019);Experiment 1;Orientation;1;40;;;;;;;17;2
18;85;67.984375;-17.015625;9;2;-8.0;284;0;Samaha et al. (2019);Experiment 1;Orientation;1;39;;;;;;;17;2
18;106;131.640625;25.640625;9;2;-21.0;285;0;Samaha et al. (2019);Experiment 1;Orientation;1;39;;;;;;;18;2
18;122;145.7265625;23.7265625;9;2;-16.0;286;1;Samaha et al. (2019);Experiment 1;Orientation;1;40;;;;;;;18;2
18;2;36.546875;34.546875;9;2;-60.0;287;0;Samaha et al. (2019);Experiment 1;Orientation;1;39;;;;;;;19;2
18;7;6.6171875;-0.3828125;9;2;-5.0;288;1;Samaha et al. (2019);Experiment 1;Orientation;1;40;;;;;;;19;2
18;149;146.3828125;-2.6171875;9;2;38.0;289;1;Samaha et al. (2019);Experiment 1;Orientation;1;40;;;;;;;20;2
18;160;2.75;22.75;9;2;-11.0;290;1;Samaha et al. (2019);Experiment 1;Orientation;1;40;;;;;;;21;2
18;29;41.625;12.625;9;2;-49.0;291;1;Samaha et al. (2019);Experiment 1;Orientation;1;40;;;;;;;22;2
18;21;49.9375;28.9375;9;2;8.0;292;0;Samaha et al. (2019);Experiment 1;Orientation;1;39;;;;;;;20;2
18;55;37.671875;-17.328125;9;2;-34.0;293;1;Samaha et al. (2019);Experiment 1;Orientation;1;40;;;;;;;23;2
18;162;47.296875;65.296875;9;2;73.0;294;1;Samaha et al. (2019);Experiment 1;Orientation;1;40;;;;;;;24;2
18;38;58.0234375;20.0234375;9;2;-56.0;295;1;Samaha et al. (2019);Experiment 1;Orientation;1;40;;;;;;;25;2
18;59;59.03125;0.03125;9;2;-21.0;296;0;Samaha et al. (2019);Experiment 1;Orientation;1;39;;;;;;;21;2
18;70;66.53125;-3.46875;9;2;-11.0;297;1;Samaha et al. (2019);Experiment 1;Orientation;1;40;;;;;;;26;2
18;11;160.484375;-30.515625;9;2;59.0;298;1;Samaha et al. (2019);Experiment 1;Orientation;1;40;;;;;;;27;2
18;139;161.5234375;22.5234375;9;2;52.0;299;0;Samaha et al. (2019);Experiment 1;Orientation;1;39;;;;;;;22;2
18;82;73.6875;-8.3125;9;2;57.0;300;0;Samaha et al. (2019);Experiment 1;Orientation;1;39;;;;;;;23;2
18;29;22.171875;-6.828125;9;2;53.0;301;1;Samaha et al. (2019);Experiment 1;Orientation;1;40;;;;;;;28;2
18;103;70.84375;-32.15625;9;2;-74.0;302;1;Samaha et al. (2019);Experiment 1;Orientation;1;40;;;;;;;29;2
18;65;56.9453125;-8.0546875;9;2;38.0;303;0;Samaha et al. (2019);Experiment 1;Orientation;1;39;;;;;;;24;2
18;119;21.703125;82.703125;9;2;-54.0;304;1;Samaha et al. (2019);Experiment 1;Orientation;1;40;;;;;;;30;2
18;160;159.359375;-0.640625;9;2;-41.0;305;1;Samaha et al. (2019);Experiment 1;Orientation;1;40;;;;;;;31;2
18;71;172.6640625;-78.3359375;9;2;89.0;306;1;Samaha et al. (2019);Experiment 1;Orientation;1;40;;;;;;;32;2
18;108;137.03125;29.03125;9;2;-37.0;307;1;Samaha et al. (2019);Experiment 1;Orientation;1;40;;;;;;;33;2
18;133;176.265625;43.265625;9;2;-25.0;308;1;Samaha et al. (2019);Experiment 1;Orientation;1;40;;;;;;;34;2
18;45;148.8828125;-76.1171875;9;2;88.0;309;0;Samaha et al. (2019);Experiment 1;Orientation;1;39;;;;;;;25;2
18;114;130.1328125;16.1328125;9;2;-69.0;310;0;Samaha et al. (2019);Experiment 1;Orientation;1;39;;;;;;;26;2
18;114;130.1328125;16.1328125;9;2;0.0;311;0;Samaha et al. (2019);Experiment 1;Orientation;1;39;;;;;;;27;2
18;23;147.8203125;-55.1796875;9;3;-89.0;501;0;Samaha et al. (2019);Experiment 1;Orientation;1;39;;;;;;;1;3
18;137;135.7890625;-1.2109375;9;3;66.0;502;0;Samaha et al. (2019);Experiment 1;Orientation;1;39;;;;;;;2;3
18;84;74.5625;-9.4375;9;3;53.0;503;1;Samaha et al. (2019);Experiment 1;Orientation;1;40;;;;;;;1;3
18;141;154.75;13.75;9;3;-57.0;504;0;Samaha et al. (2019);Experiment 1;Orientation;1;39;;;;;;;3;3
18;49;56.6953125;7.6953125;9;3;-88.0;505;1;Samaha et al. (2019);Experiment 1;Orientation;1;40;;;;;;;2;3
18;150;158.7109375;8.7109375;9;3;79.0;506;0;Samaha et al. (2019);Experiment 1;Orientation;1;39;;;;;;;4;3
18;82;54.203125;-27.796875;9;3;68.0;507;1;Samaha et al. (2019);Experiment 1;Orientation;1;40;;;;;;;3;3
18;114;140.75;26.75;9;3;-32.0;508;1;Samaha et al. (2019);Experiment 1;Orientation;1;40;;;;;;;4;3
18;145;149.078125;4.078125;9;3;-31.0;509;0;Samaha et al. (2019);Experiment 1;Orientation;1;39;;;;;;;5;3
18;93;128.28125;35.28125;9;3;52.0;510;1;Samaha et al. (2019);Experiment 1;Orientation;1;40;;;;;;;5;3
18;172;173.1953125;1.1953125;9;3;-79.0;511;0;Samaha et al. (2019);Experiment 1;Orientation;1;39;;;;;;;6;3
18;38;57.59375;19.59375;9;3;-46.0;512;1;Samaha et al. (2019);Experiment 1;Orientation;1;40;;;;;;;6;3
18;112;125.7890625;13.7890625;9;3;-74.0;513;0;Samaha et al. (2019);Experiment 1;Orientation;1;39;;;;;;;7;3
18;67;60.53125;-6.46875;9;3;45.0;514;0;Samaha et al. (2019);Experiment 1;Orientation;1;39;;;;;;;8;3
18;126;134.21875;8.21875;9;3;-59.0;515;0;Samaha et al. (2019);Experiment 1;Orientation;1;39;;;;;;;9;3
18;63;60.9140625;-2.0859375;9;3;63.0;516;1;Samaha et al. (2019);Experiment 1;Orientation;1;40;;;;;;;7;3
18;116;141.5078125;25.5078125;9;3;-53.0;517;1;Samaha et al. (2019);Experiment 1;Orientation;1;40;;;;;;;8;3
18;94;62.3515625;-31.6484375;9;3;22.0;518;1;Samaha et al. (2019);Experiment 1;Orientation;1;40;;;;;;;9;3
18;74;72.0;-2.0;9;3;20.0;519;1;Samaha et al. (2019);Experiment 1;Orientation;1;40;;;;;;;10;3
18;167;166.4375;-0.5625;9;3;87.0;520;0;Samaha et al. (2019);Experiment 1;Orientation;1;39;;;;;;;10;3
18;131;145.359375;14.359375;9;3;36.0;521;0;Samaha et al. (2019);Experiment 1;Orientation;1;39;;;;;;;11;3
18;152;177.4453125;25.4453125;9;3;-21.0;522;1;Samaha et al. (2019);Experiment 1;Orientation;1;40;;;;;;;11;3
18;18;28.3984375;10.3984375;9;3;-46.0;523;1;Samaha et al. (2019);Experiment 1;Orientation;1;40;;;;;;;12;3
18;53;63.390625;10.390625;9;3;-35.0;524;1;Samaha et al. (2019);Experiment 1;Orientation;1;40;;;;;;;13;3
18;116;32.1328125;-83.8671875;9;3;-63.0;525;0;Samaha et al. (2019);Experiment 1;Orientation;1;39;;;;;;;12;3
18;127;128.6171875;1.6171875;9;3;-11.0;526;0;Samaha et al. (2019);Experiment 1;Orientation;1;39;;;;;;;13;3
18;130;143.984375;13.984375;9;3;-3.0;527;1;Samaha et al. (2019);Experiment 1;Orientation;1;40;;;;;;;14;3
18;46;26.8828125;-19.1171875;9;3;84.0;528;1;Samaha et al. (2019);Experiment 1;Orientation;1;40;;;;;;;15;3
18;92;64.7109375;-27.2890625;9;3;-46.0;529;1;Samaha et al. (2019);Experiment 1;Orientation;1;40;;;;;;;16;3
18;13;28.8125;15.8125;9;3;79.0;530;1;Samaha et al. (2019);Experiment 1;Orientation;1;40;;;;;;;17;3
18;73;64.5625;-8.4375;9;3;-60.0;531;1;Samaha et al. (2019);Experiment 1;Orientation;1;40;;;;;;;18;3
18;64;36.203125;-27.796875;9;3;9.0;532;0;Samaha et al. (2019);Experiment 1;Orientation;1;39;;;;;;;14;3
18;154;154.3515625;0.3515625;9;3;-90.0;533;0;Samaha et al. (2019);Experiment 1;Orientation;1;39;;;;;;;15;3
18;95;126.3203125;31.3203125;9;3;59.0;534;1;Samaha et al. (2019);Experiment 1;Orientation;1;40;;;;;;;19;3
18;22;19.3125;-2.6875;9;3;73.0;535;1;Samaha et al. (2019);Experiment 1;Orientation;1;40;;;;;;;20;3
18;120;126.6484375;6.6484375;9;3;82.0;536;0;Samaha et al. (2019);Experiment 1;Orientation;1;39;;;;;;;16;3
18;108;111.1953125;3.1953125;9;3;12.0;537;1;Samaha et al. (2019);Experiment 1;Orientation;1;40;;;;;;;21;3
18;100;120.1875;20.1875;9;3;8.0;538;1;Samaha et al. (2019);Experiment 1;Orientation;1;40;;;;;;;22;3
18;59;40.234375;-18.765625;9;3;41.0;539;1;Samaha et al. (2019);Experiment 1;Orientation;1;40;;;;;;;23;3
18;43;32.9140625;-10.0859375;9;3;16.0;540;1;Samaha et al. (2019);Experiment 1;Orientation;1;40;;;;;;;24;3
18;17;172.9921875;-24.0078125;9;3;26.0;541;0;Samaha et al. (2019);Experiment 1;Orientation;1;39;;;;;;;17;3
18;4;31.640625;27.640625;9;3;13.0;542;0;Samaha et al. (2019);Experiment 1;Orientation;1;39;;;;;;;18;3
18;157;167.015625;10.015625;9;3;27.0;543;0;Samaha et al. (2019);Experiment 1;Orientation;1;39;;;;;;;19;3
18;65;58.546875;-6.453125;9;3;-88.0;544;0;Samaha et al. (2019);Experiment 1;Orientation;1;39;;;;;;;20;3
18;2;164.1015625;-17.8984375;9;3;63.0;545;0;Samaha et al. (2019);Experiment 1;Orientation;1;39;;;;;;;21;3
18;91;94.0703125;3.0703125;9;3;-89.0;546;0;Samaha et al. (2019);Experiment 1;Orientation;1;39;;;;;;;22;3
18;128;49.65625;-78.34375;9;3;-37.0;547;1;Samaha et al. (2019);Experiment 1;Orientation;1;40;;;;;;;25;3
18;102;29.5234375;-72.4765625;9;3;26.0;548;1;Samaha et al. (2019);Experiment 1;Orientation;1;40;;;;;;;26;3
18;71;62.6328125;-8.3671875;9;3;31.0;549;1;Samaha et al. (2019);Experiment 1;Orientation;1;40;;;;;;;27;3
18;65;61.5078125;-3.4921875;9;3;6.0;550;0;Samaha et al. (2019);Experiment 1;Orientation;1;39;;;;;;;23;3
18;147;158.3671875;11.3671875;9;3;-82.0;551;1;Samaha et al. (2019);Experiment 1;Orientation;1;40;;;;;;;28;3
18;155;142.3046875;-12.6953125;9;3;-8.0;552;1;Samaha et al. (2019);Experiment 1;Orientation;1;40;;;;;;;29;3
18;34;141.046875;-72.953125;9;3;-59.0;553;1;Samaha et al. (2019);Experiment 1;Orientation;1;40;;;;;;;30;3
18;84;93.375;9.375;9;3;-50.0;554;0;Samaha et al. (2019);Experiment 1;Orientation;1;39;;;;;;;24;3
18;131;153.59375;22.59375;9;3;-47.0;555;0;Samaha et al. (2019);Experiment 1;Orientation;1;39;;;;;;;25;3
18;3;174.25;-8.75;9;3;-52.0;556;1;Samaha et al. (2019);Experiment 1;Orientation;1;40;;;;;;;31;3
18;78;52.0546875;-25.9453125;9;3;-75.0;557;0;Samaha et al. (2019);Experiment 1;Orientation;1;39;;;;;;;26;3
18;85;74.3203125;-10.6796875;9;3;-7.0;558;0;Samaha et al. (2019);Experiment 1;Orientation;1;39;;;;;;;27;3
18;15;32.3046875;17.3046875;9;3;70.0;559;1;Samaha et al. (2019);Experiment 1;Orientation;1;40;;;;;;;32;3
18;34;44.9453125;10.9453125;9;3;-19.0;560;0;Samaha et al. (2019);Experiment 1;Orientation;1;39;;;;;;;28;3
18;34;44.9453125;10.9453125;9;3;0.0;561;1;Samaha et al. (2019);Experiment 1;Orientation;1;40;;;;;;;33;3
18;50;126.6484375;76.6484375;9;4;-16.0;751;1;Samaha et al. (2019);Experiment 1;Orientation;1;40;;;;;;;1;4
18;119;145.5546875;26.5546875;9;4;-69.0;752;1;Samaha et al. (2019);Experiment 1;Orientation;1;40;;;;;;;2;4
18;4;30.796875;26.796875;9;4;-65.0;753;1;Samaha et al. (2019);Experiment 1;Orientation;1;40;;;;;;;3;4
18;21;153.328125;-47.671875;9;4;-17.0;754;1;Samaha et al. (2019);Experiment 1;Orientation;1;40;;;;;;;4;4
18;127;132.6484375;5.6484375;9;4;74.0;755;0;Samaha et al. (2019);Experiment 1;Orientation;1;39;;;;;;;1;4
18;54;37.078125;-16.921875;9;4;73.0;756;1;Samaha et al. (2019);Experiment 1;Orientation;1;40;;;;;;;5;4
18;158;19.59375;41.59375;9;4;76.0;757;0;Samaha et al. (2019);Experiment 1;Orientation;1;39;;;;;;;2;4
18;88;79.625;-8.375;9;4;70.0;758;0;Samaha et al. (2019);Experiment 1;Orientation;1;39;;;;;;;3;4
18;19;21.5078125;2.5078125;9;4;69.0;759;1;Samaha et al. (2019);Experiment 1;Orientation;1;40;;;;;;;6;4
18;56;53.7578125;-2.2421875;9;4;-37.0;760;0;Samaha et al. (2019);Experiment 1;Orientation;1;39;;;;;;;4;4
18;149;138.3671875;-10.6328125;9;4;87.0;761;1;Samaha et al. (2019);Experiment 1;Orientation;1;40;;;;;;;7;4
18;155;29.015625;54.015625;9;4;-6.0;762;1;Samaha et al. (2019);Experiment 1;Orientation;1;40;;;;;;;8;4
18;93;93.9375;0.9375;9;4;62.0;763;1;Samaha et al. (2019);Experiment 1;Orientation;1;40;;;;;;;9;4
18;145;163.1640625;18.1640625;9;4;-52.0;764;0;Samaha et al. (2019);Experiment 1;Orientation;1;39;;;;;;;5;4
18;51;39.953125;-11.046875;9;4;-86.0;765;0;Samaha et al. (2019);Experiment 1;Orientation;1;39;;;;;;;6;4
18;111;115.4921875;4.4921875;9;4;-60.0;766;1;Samaha et al. (2019);Experiment 1;Orientation;1;40;;;;;;;10;4
18;125;111.078125;-13.921875;9;4;-14.0;767;1;Samaha et al. (2019);Experiment 1;Orientation;1;40;;;;;;;11;4
18;134;128.796875;-5.203125;9;4;-9.0;768;0;Samaha et al. (2019);Experiment 1;Orientation;1;39;;;;;;;7;4
18;116;126.84375;10.84375;9;4;18.0;769;0;Samaha et al. (2019);Experiment 1;Orientation;1;39;;;;;;;8;4
18;84;56.3203125;-27.6796875;9;4;32.0;770;0;Samaha et al. (2019);Experiment 1;Orientation;1;39;;;;;;;9;4
18;138;108.9921875;-29.0078125;9;4;-54.0;771;0;Samaha et al. (2019);Experiment 1;Orientation;1;39;;;;;;;10;4
18;73;68.5;-4.5;9;4;65.0;772;1;Samaha et al. (2019);Experiment 1;Orientation;1;40;;;;;;;12;4
18;29;12.3671875;-16.6328125;9;4;44.0;773;0;Samaha et al. (2019);Experiment 1;Orientation;1;39;;;;;;;11;4
18;11;14.0;3.0;9;4;18.0;774;1;Samaha et al. (2019);Experiment 1;Orientation;1;40;;;;;;;13;4
18;133;38.6796875;85.6796875;9;4;58.0;775;1;Samaha et al. (2019);Experiment 1;Orientation;1;40;;;;;;;14;4
18;111;142.0234375;31.0234375;9;4;22.0;776;0;Samaha et al. (2019);Experiment 1;Orientation;1;39;;;;;;;12;4
18;4;30.8984375;26.8984375;9;4;-73.0;777;0;Samaha et al. (2019);Experiment 1;Orientation;1;39;;;;;;;13;4
18;101;113.1953125;12.1953125;9;4;83.0;778;0;Samaha et al. (2019);Experiment 1;Orientation;1;39;;;;;;;14;4
18;81;48.78125;-32.21875;9;4;20.0;779;1;Samaha et al. (2019);Experiment 1;Orientation;1;40;;;;;;;15;4
18;96;124.265625;28.265625;9;4;-15.0;780;1;Samaha et al. (2019);Experiment 1;Orientation;1;40;;;;;;;16;4
18;167;153.921875;-13.078125;9;4;-71.0;781;1;Samaha et al. (2019);Experiment 1;Orientation;1;40;;;;;;;17;4
18;40;29.015625;-10.984375;9;4;-53.0;782;1;Samaha et al. (2019);Experiment 1;Orientation;1;40;;;;;;;18;4
18;64;69.4453125;5.4453125;9;4;-24.0;783;1;Samaha et al. (2019);Experiment 1;Orientation;1;40;;;;;;;19;4
18;41;40.9921875;-0.0078125;9;4;23.0;784;0;Samaha et al. (2019);Experiment 1;Orientation;1;39;;;;;;;15;4
18;27;144.6171875;-62.3828125;9;4;14.0;785;1;Samaha et al. (2019);Experiment 1;Orientation;1;40;;;;;;;20;4
18;102;104.203125;2.203125;9;4;-75.0;786;1;Samaha et al. (2019);Experiment 1;Orientation;1;40;;;;;;;21;4
18;135;83.65625;-51.34375;9;4;-33.0;787;0;Samaha et al. (2019);Experiment 1;Orientation;1;39;;;;;;;16;4
18;95;112.1015625;17.1015625;9;4;40.0;788;0;Samaha et al. (2019);Experiment 1;Orientation;1;39;;;;;;;17;4
18;127;62.3671875;-64.6328125;9;4;-32.0;789;0;Samaha et al. (2019);Experiment 1;Orientation;1;39;;;;;;;18;4
18;143;69.5703125;-73.4296875;9;4;-16.0;790;0;Samaha et al. (2019);Experiment 1;Orientation;1;39;;;;;;;19;4
18;50;54.0;4.0;9;4;-87.0;791;1;Samaha et al. (2019);Experiment 1;Orientation;1;40;;;;;;;22;4
18;98;146.6328125;48.6328125;9;4;-48.0;792;1;Samaha et al. (2019);Experiment 1;Orientation;1;40;;;;;;;23;4
18;8;147.921875;-40.078125;9;4;90.0;793;0;Samaha et al. (2019);Experiment 1;Orientation;1;39;;;;;;;20;4
18;10;177.5234375;-12.4765625;9;4;-2.0;794;0;Samaha et al. (2019);Experiment 1;Orientation;1;39;;;;;;;21;4
18;44;27.4921875;-16.5078125;9;4;-34.0;795;0;Samaha et al. (2019);Experiment 1;Orientation;1;39;;;;;;;22;4
18;19;25.640625;6.640625;9;4;25.0;796;1;Samaha et al. (2019);Experiment 1;Orientation;1;40;;;;;;;24;4
18;76;65.8203125;-10.1796875;9;4;-57.0;797;1;Samaha et al. (2019);Experiment 1;Orientation;1;40;;;;;;;25;4
18;128;155.5546875;27.5546875;9;4;-52.0;798;0;Samaha et al. (2019);Experiment 1;Orientation;1;39;;;;;;;23;4
18;17;159.1953125;-37.8046875;9;4;-69.0;799;1;Samaha et al. (2019);Experiment 1;Orientation;1;40;;;;;;;26;4
18;47;117.5078125;70.5078125;9;4;-30.0;800;0;Samaha et al. (2019);Experiment 1;Orientation;1;39;;;;;;;24;4
18;139;154.9609375;15.9609375;9;4;88.0;801;0;Samaha et al. (2019);Experiment 1;Orientation;1;39;;;;;;;25;4
18;103;100.6796875;-2.3203125;9;4;36.0;802;0;Samaha et al. (2019);Experiment 1;Orientation;1;39;;;;;;;26;4
18;80;77.90625;-2.09375;9;4;23.0;803;0;Samaha et al. (2019);Experiment 1;Orientation;1;39;;;;;;;27;4
18;63;178.3359375;-64.6640625;9;4;17.0;804;1;Samaha et al. (2019);Experiment 1;Orientation;1;40;;;;;;;27;4
18;122;175.2265625;53.2265625;9;4;-59.0;805;0;Samaha et al. (2019);Experiment 1;Orientation;1;39;;;;;;;28;4
18;179;48.75;49.75;9;4;-57.0;806;0;Samaha et al. (2019);Experiment 1;Orientation;1;39;;;;;;;29;4
18;101;113.984375;12.984375;9;4;78.0;807;0;Samaha et al. (2019);Experiment 1;Orientation;1;39;;;;;;;30;4
18;162;134.46875;-27.53125;9;4;-61.0;808;0;Samaha et al. (2019);Experiment 1;Orientation;1;39;;;;;;;31;4
18;150;146.1328125;-3.8671875;9;4;12.0;809;1;Samaha et al. (2019);Experiment 1;Orientation;1;40;;;;;;;28;4
18;63;43.2109375;-19.7890625;9;4;87.0;810;0;Samaha et al. (2019);Experiment 1;Orientation;1;39;;;;;;;32;4
18;63;43.2109375;-19.7890625;9;4;0.0;811;0;Samaha et al. (2019);Experiment 1;Orientation;1;39;;;;;;;33;4
18;74;77.9375;3.9375;9;5;-11.0;1001;0;Samaha et al. (2019);Experiment 1;Orientation;1;39;;;;;;;1;5
18;55;51.2421875;-3.7578125;9;5;19.0;1002;1;Samaha et al. (2019);Experiment 1;Orientation;1;40;;;;;;;1;5
18;114;8.0859375;74.0859375;9;5;-59.0;1003;1;Samaha et al. (2019);Experiment 1;Orientation;1;40;;;;;;;2;5
18;86;87.2109375;1.2109375;9;5;28.0;1004;1;Samaha et al. (2019);Experiment 1;Orientation;1;40;;;;;;;3;5
18;48;29.2109375;-18.7890625;9;5;38.0;1005;1;Samaha et al. (2019);Experiment 1;Orientation;1;40;;;;;;;4;5
18;16;23.2265625;7.2265625;9;5;32.0;1006;1;Samaha et al. (2019);Experiment 1;Orientation;1;40;;;;;;;5;5
18;6;4.9765625;-1.0234375;9;5;10.0;1007;0;Samaha et al. (2019);Experiment 1;Orientation;1;39;;;;;;;2;5
18;99;127.984375;28.984375;9;5;87.0;1008;1;Samaha et al. (2019);Experiment 1;Orientation;1;40;;;;;;;6;5
18;110;149.078125;39.078125;9;5;-11.0;1009;0;Samaha et al. (2019);Experiment 1;Orientation;1;39;;;;;;;3;5
18;159;172.765625;13.765625;9;5;-49.0;1010;0;Samaha et al. (2019);Experiment 1;Orientation;1;39;;;;;;;4;5
18;127;154.1171875;27.1171875;9;5;32.0;1011;0;Samaha et al. (2019);Experiment 1;Orientation;1;39;;;;;;;5;5
18;22;8.5625;-13.4375;9;5;-75.0;1012;0;Samaha et al. (2019);Experiment 1;Orientation;1;39;;;;;;;6;5
18;96;122.53125;26.53125;9;5;-74.0;1013;0;Samaha et al. (2019);Experiment 1;Orientation;1;39;;;;;;;7;5
18;171;13.5390625;22.5390625;9;5;-75.0;1014;0;Samaha et al. (2019);Experiment 1;Orientation;1;39;;;;;;;8;5
18;46;47.4609375;1.4609375;9;5;-55.0;1015;1;Samaha et al. (2019);Experiment 1;Orientation;1;40;;;;;;;7;5
18;31;17.296875;-13.703125;9;5;15.0;1016;0;Samaha et al. (2019);Experiment 1;Orientation;1;39;;;;;;;9;5
18;55;133.8515625;78.8515625;9;5;-24.0;1017;1;Samaha et al. (2019);Experiment 1;Orientation;1;40;;;;;;;8;5
18;27;46.0390625;19.0390625;9;5;28.0;1018;0;Samaha et al. (2019);Experiment 1;Orientation;1;39;;;;;;;10;5
18;62;63.421875;1.421875;9;5;-35.0;1019;0;Samaha et al. (2019);Experiment 1;Orientation;1;39;;;;;;;11;5
18;105;122.6796875;17.6796875;9;5;-43.0;1020;0;Samaha et al. (2019);Experiment 1;Orientation;1;39;;;;;;;12;5
18;7;4.5;-2.5;9;5;-82.0;1021;0;Samaha et al. (2019);Experiment 1;Orientation;1;39;;;;;;;13;5
18;60;66.21875;6.21875;9;5;-53.0;1022;1;Samaha et al. (2019);Experiment 1;Orientation;1;40;;;;;;;9;5
18;28;33.2421875;5.2421875;9;5;32.0;1023;0;Samaha et al. (2019);Experiment 1;Orientation;1;39;;;;;;;14;5
18;1;174.9765625;-6.0234375;9;5;27.0;1024;1;Samaha et al. (2019);Experiment 1;Orientation;1;40;;;;;;;10;5
18;81;78.46875;-2.53125;9;5;-80.0;1025;0;Samaha et al. (2019);Experiment 1;Orientation;1;39;;;;;;;15;5
18;47;46.8984375;-0.1015625;9;5;34.0;1026;1;Samaha et al. (2019);Experiment 1;Orientation;1;40;;;;;;;11;5
18;20;16.28125;-3.71875;9;5;27.0;1027;1;Samaha et al. (2019);Experiment 1;Orientation;1;40;;;;;;;12;5
18;115;143.8046875;28.8046875;9;5;85.0;1028;1;Samaha et al. (2019);Experiment 1;Orientation;1;40;;;;;;;13;5
18;97;139.875;42.875;9;5;18.0;1029;1;Samaha et al. (2019);Experiment 1;Orientation;1;40;;;;;;;14;5
18;19;13.390625;-5.609375;9;5;78.0;1030;0;Samaha et al. (2019);Experiment 1;Orientation;1;39;;;;;;;16;5
18;3;144.1875;-38.8125;9;5;16.0;1031;0;Samaha et al. (2019);Experiment 1;Orientation;1;39;;;;;;;17;5
18;115;14.0078125;79.0078125;9;5;68.0;1032;1;Samaha et al. (2019);Experiment 1;Orientation;1;40;;;;;;;15;5
18;160;79.953125;-80.046875;9;5;-45.0;1033;0;Samaha et al. (2019);Experiment 1;Orientation;1;39;;;;;;;18;5
18;4;29.1953125;25.1953125;9;5;-24.0;1034;0;Samaha et al. (2019);Experiment 1;Orientation;1;39;;;;;;;19;5
18;26;34.3984375;8.3984375;9;5;-22.0;1035;1;Samaha et al. (2019);Experiment 1;Orientation;1;40;;;;;;;16;5
18;55;68.75;13.75;9;5;-29.0;1036;1;Samaha et al. (2019);Experiment 1;Orientation;1;40;;;;;;;17;5
18;102;133.2734375;31.2734375;9;5;-47.0;1037;0;Samaha et al. (2019);Experiment 1;Orientation;1;39;;;;;;;20;5
18;162;178.4375;16.4375;9;5;-60.0;1038;0;Samaha et al. (2019);Experiment 1;Orientation;1;39;;;;;;;21;5
18;78;34.6953125;-43.3046875;9;5;84.0;1039;0;Samaha et al. (2019);Experiment 1;Orientation;1;39;;;;;;;22;5
18;75;47.7421875;-27.2578125;9;5;3.0;1040;1;Samaha et al. (2019);Experiment 1;Orientation;1;40;;;;;;;18;5
18;108;164.25;56.25;9;5;-33.0;1041;0;Samaha et al. (2019);Experiment 1;Orientation;1;39;;;;;;;23;5
18;125;125.078125;0.078125;9;5;-17.0;1042;1;Samaha et al. (2019);Experiment 1;Orientation;1;40;;;;;;;19;5
18;69;80.5;11.5;9;5;56.0;1043;1;Samaha et al. (2019);Experiment 1;Orientation;1;40;;;;;;;20;5
18;68;67.953125;-0.046875;9;5;1.0;1044;0;Samaha et al. (2019);Experiment 1;Orientation;1;39;;;;;;;24;5
18;136;159.015625;23.015625;9;5;-68.0;1045;1;Samaha et al. (2019);Experiment 1;Orientation;1;40;;;;;;;21;5
18;54;61.4765625;7.4765625;9;5;82.0;1046;1;Samaha et al. (2019);Experiment 1;Orientation;1;40;;;;;;;22;5
18;61;130.3046875;69.3046875;9;5;-7.0;1047;0;Samaha et al. (2019);Experiment 1;Orientation;1;39;;;;;;;25;5
18;38;5.8046875;-32.1953125;9;5;23.0;1048;0;Samaha et al. (2019);Experiment 1;Orientation;1;39;;;;;;;26;5
18;148;141.1796875;-6.8203125;9;5;70.0;1049;1;Samaha et al. (2019);Experiment 1;Orientation;1;40;;;;;;;23;5
18;163;170.3046875;7.3046875;9;5;-15.0;1050;0;Samaha et al. (2019);Experiment 1;Orientation;1;39;;;;;;;27;5
18;81;106.3671875;25.3671875;9;5;82.0;1051;0;Samaha et al. (2019);Experiment 1;Orientation;1;39;;;;;;;28;5
18;65;51.6875;-13.3125;9;5;16.0;1052;0;Samaha et al. (2019);Experiment 1;Orientation;1;39;;;;;;;29;5
18;147;153.09375;6.09375;9;5;-82.0;1053;0;Samaha et al. (2019);Experiment 1;Orientation;1;39;;;;;;;30;5
18;3;173.59375;-9.40625;9;5;-36.0;1054;1;Samaha et al. (2019);Experiment 1;Orientation;1;40;;;;;;;24;5
18;102;163.984375;61.984375;9;5;81.0;1055;0;Samaha et al. (2019);Experiment 1;Orientation;1;39;;;;;;;31;5
18;148;27.109375;59.109375;9;5;-46.0;1056;0;Samaha et al. (2019);Experiment 1;Orientation;1;39;;;;;;;32;5
18;179;11.3125;12.3125;9;5;-31.0;1057;0;Samaha et al. (2019);Experiment 1;Orientation;1;39;;;;;;;33;5
18;5;19.375;14.375;9;5;-6.0;1058;0;Samaha et al. (2019);Experiment 1;Orientation;1;39;;;;;;;34;5
18;0;54.3984375;54.3984375;9;5;5.0;1059;1;Samaha et al. (2019);Experiment 1;Orientation;1;40;;;;;;;25;5
18;65;14.0234375;-50.9765625;9;5;-65.0;1060;0;Samaha et al. (2019);Experiment 1;Orientation;1;39;;;;;;;35;5
18;65;14.0234375;-50.9765625;9;5;0.0;1061;1;Samaha et al. (2019);Experiment 1;Orientation;1;40;;;;;;;26;5
19;139;14.6796875;55.6796875;9;1;-74.0;1;0;Samaha et al. (2019);Experiment 1;Orientation;1;39;;;;;;;1;1
19;62;59.8203125;-2.1796875;9;1;77.0;2;1;Samaha et al. (2019);Experiment 1;Orientation;1;40;;;;;;;1;1
19;120;125.703125;5.703125;9;1;-58.0;3;1;Samaha et al. (2019);Experiment 1;Orientation;1;40;;;;;;;2;1
19;1;104.0703125;-76.9296875;9;1;-61.0;4;0;Samaha et al. (2019);Experiment 1;Orientation;1;39;;;;;;;2;1
19;177;124.6328125;-52.3671875;9;1;4.0;5;1;Samaha et al. (2019);Experiment 1;Orientation;1;40;;;;;;;3;1
19;132;127.7890625;-4.2109375;9;1;45.0;6;0;Samaha et al. (2019);Experiment 1;Orientation;1;39;;;;;;;3;1
19;9;157.703125;-31.296875;9;1;-57.0;7;0;Samaha et al. (2019);Experiment 1;Orientation;1;39;;;;;;;4;1
19;35;110.8125;75.8125;9;1;-26.0;8;1;Samaha et al. (2019);Experiment 1;Orientation;1;40;;;;;;;4;1
19;77;33.8359375;-43.1640625;9;1;-42.0;9;0;Samaha et al. (2019);Experiment 1;Orientation;1;39;;;;;;;5;1
19;54;62.5625;8.5625;9;1;23.0;10;1;Samaha et al. (2019);Experiment 1;Orientation;1;40;;;;;;;5;1
19;92;104.234375;12.234375;9;1;-38.0;11;0;Samaha et al. (2019);Experiment 1;Orientation;1;39;;;;;;;6;1
19;13;152.859375;-40.140625;9;1;79.0;12;1;Samaha et al. (2019);Experiment 1;Orientation;1;40;;;;;;;6;1
19;53;126.546875;73.546875;9;1;-40.0;13;1;Samaha et al. (2019);Experiment 1;Orientation;1;40;;;;;;;7;1
19;123;133.5703125;10.5703125;9;1;-70.0;14;0;Samaha et al. (2019);Experiment 1;Orientation;1;39;;;;;;;7;1
19;80;97.5390625;17.5390625;9;1;43.0;15;0;Samaha et al. (2019);Experiment 1;Orientation;1;39;;;;;;;8;1
19;2;144.5859375;-37.4140625;9;1;78.0;16;1;Samaha et al. (2019);Experiment 1;Orientation;1;40;;;;;;;8;1
19;6;107.953125;-78.046875;9;1;-4.0;17;0;Samaha et al. (2019);Experiment 1;Orientation;1;39;;;;;;;9;1
19;147;132.8984375;-14.1015625;9;1;39.0;18;1;Samaha et al. (2019);Experiment 1;Orientation;1;40;;;;;;;9;1
19;62;65.4609375;3.4609375;9;1;85.0;19;0;Samaha et al. (2019);Experiment 1;Orientation;1;39;;;;;;;10;1
19;49;125.8515625;76.8515625;9;1;13.0;20;0;Samaha et al. (2019);Experiment 1;Orientation;1;39;;;;;;;11;1
19;141;125.984375;-15.015625;9;1;88.0;21;1;Samaha et al. (2019);Experiment 1;Orientation;1;40;;;;;;;10;1
19;116;137.8515625;21.8515625;9;1;25.0;22;1;Samaha et al. (2019);Experiment 1;Orientation;1;40;;;;;;;11;1
19;142;132.6328125;-9.3671875;9;1;-26.0;23;1;Samaha et al. (2019);Experiment 1;Orientation;1;40;;;;;;;12;1
19;48;80.25;32.25;9;1;-86.0;24;0;Samaha et al. (2019);Experiment 1;Orientation;1;39;;;;;;;12;1
19;74;78.6640625;4.6640625;9;1;-26.0;25;1;Samaha et al. (2019);Experiment 1;Orientation;1;40;;;;;;;13;1
19;80;125.640625;45.640625;9;1;-6.0;26;0;Samaha et al. (2019);Experiment 1;Orientation;1;39;;;;;;;13;1
19;109;85.109375;-23.890625;9;1;-29.0;27;0;Samaha et al. (2019);Experiment 1;Orientation;1;39;;;;;;;14;1
19;35;27.3125;-7.6875;9;1;74.0;28;0;Samaha et al. (2019);Experiment 1;Orientation;1;39;;;;;;;15;1
19;167;109.96875;-57.03125;9;1;48.0;29;0;Samaha et al. (2019);Experiment 1;Orientation;1;39;;;;;;;16;1
19;169;112.3515625;-56.6484375;9;1;-2.0;30;1;Samaha et al. (2019);Experiment 1;Orientation;1;40;;;;;;;14;1
19;89;129.4609375;40.4609375;9;1;80.0;31;0;Samaha et al. (2019);Experiment 1;Orientation;1;39;;;;;;;17;1
19;49;30.765625;-18.234375;9;1;40.0;32;0;Samaha et al. (2019);Experiment 1;Orientation;1;39;;;;;;;18;1
19;34;123.328125;89.328125;9;1;15.0;33;1;Samaha et al. (2019);Experiment 1;Orientation;1;40;;;;;;;15;1
19;75;112.1328125;37.1328125;9;1;-41.0;34;1;Samaha et al. (2019);Experiment 1;Orientation;1;40;;;;;;;16;1
19;137;158.6796875;21.6796875;9;1;-62.0;35;0;Samaha et al. (2019);Experiment 1;Orientation;1;39;;;;;;;19;1
19;150;136.828125;-13.171875;9;1;-13.0;36;1;Samaha et al. (2019);Experiment 1;Orientation;1;40;;;;;;;17;1
19;102;104.0;2.0;9;1;48.0;37;0;Samaha et al. (2019);Experiment 1;Orientation;1;39;;;;;;;20;1
19;115;136.28125;21.28125;9;1;-13.0;38;1;Samaha et al. (2019);Experiment 1;Orientation;1;40;;;;;;;18;1
19;43;51.5078125;8.5078125;9;1;72.0;39;0;Samaha et al. (2019);Experiment 1;Orientation;1;39;;;;;;;21;1
19;132;96.0;-36.0;9;1;-89.0;40;0;Samaha et al. (2019);Experiment 1;Orientation;1;39;;;;;;;22;1
19;23;136.4140625;-66.5859375;9;1;-71.0;41;1;Samaha et al. (2019);Experiment 1;Orientation;1;40;;;;;;;19;1
19;121;69.7734375;-51.2265625;9;1;82.0;42;1;Samaha et al. (2019);Experiment 1;Orientation;1;40;;;;;;;20;1
19;76;110.7109375;34.7109375;9;1;45.0;43;1;Samaha et al. (2019);Experiment 1;Orientation;1;40;;;;;;;21;1
19;55;35.953125;-19.046875;9;1;21.0;44;0;Samaha et al. (2019);Experiment 1;Orientation;1;39;;;;;;;23;1
19;61;118.9609375;57.9609375;9;1;-6.0;45;1;Samaha et al. (2019);Experiment 1;Orientation;1;40;;;;;;;22;1
19;4;120.515625;-63.484375;9;1;57.0;46;0;Samaha et al. (2019);Experiment 1;Orientation;1;39;;;;;;;24;1
19;107;38.0078125;-68.9921875;9;1;77.0;47;0;Samaha et al. (2019);Experiment 1;Orientation;1;39;;;;;;;25;1
19;103;140.6015625;37.6015625;9;1;4.0;48;1;Samaha et al. (2019);Experiment 1;Orientation;1;40;;;;;;;23;1
19;5;116.6484375;-68.3515625;9;1;-82.0;49;1;Samaha et al. (2019);Experiment 1;Orientation;1;40;;;;;;;24;1
19;5;112.9296875;-72.0703125;9;1;0.0;50;1;Samaha et al. (2019);Experiment 1;Orientation;1;40;;;;;;;25;1
19;120;122.25;2.25;9;1;65.0;51;1;Samaha et al. (2019);Experiment 1;Orientation;1;40;;;;;;;26;1
19;110;128.0703125;18.0703125;9;1;10.0;52;1;Samaha et al. (2019);Experiment 1;Orientation;1;40;;;;;;;27;1
19;132;123.6875;-8.3125;9;1;-22.0;53;0;Samaha et al. (2019);Experiment 1;Orientation;1;39;;;;;;;26;1
19;7;126.84375;-60.15625;9;1;-55.0;54;1;Samaha et al. (2019);Experiment 1;Orientation;1;40;;;;;;;28;1
19;167;135.296875;-31.703125;9;1;20.0;55;0;Samaha et al. (2019);Experiment 1;Orientation;1;39;;;;;;;27;1
19;45;114.8984375;69.8984375;9;1;-58.0;56;1;Samaha et al. (2019);Experiment 1;Orientation;1;40;;;;;;;29;1
19;171;128.84375;-42.15625;9;1;54.0;57;1;Samaha et al. (2019);Experiment 1;Orientation;1;40;;;;;;;30;1
19;148;161.8046875;13.8046875;9;1;23.0;58;1;Samaha et al. (2019);Experiment 1;Orientation;1;40;;;;;;;31;1
19;135;106.203125;-28.796875;9;1;13.0;59;1;Samaha et al. (2019);Experiment 1;Orientation;1;40;;;;;;;32;1
19;20;156.21875;-43.78125;9;1;-65.0;60;0;Samaha et al. (2019);Experiment 1;Orientation;1;39;;;;;;;28;1
19;20;156.21875;-43.78125;9;1;0.0;61;1;Samaha et al. (2019);Experiment 1;Orientation;1;40;;;;;;;33;1
19;158;118.3203125;-39.6796875;9;2;42.0;251;1;Samaha et al. (2019);Experiment 1;Orientation;1;40;;;;;;;1;2
19;7;26.0;19.0;9;2;-29.0;252;0;Samaha et al. (2019);Experiment 1;Orientation;1;39;;;;;;;1;2
19;112;115.875;3.875;9;2;75.0;253;0;Samaha et al. (2019);Experiment 1;Orientation;1;39;;;;;;;2;2
19;99;110.1875;11.1875;9;2;13.0;254;0;Samaha et al. (2019);Experiment 1;Orientation;1;39;;;;;;;3;2
19;166;130.6640625;-35.3359375;9;2;-67.0;255;1;Samaha et al. (2019);Experiment 1;Orientation;1;40;;;;;;;2;2
19;117;132.0078125;15.0078125;9;2;49.0;256;0;Samaha et al. (2019);Experiment 1;Orientation;1;39;;;;;;;4;2
19;26;123.5078125;-82.4921875;9;2;-89.0;257;1;Samaha et al. (2019);Experiment 1;Orientation;1;40;;;;;;;3;2
19;148;134.3671875;-13.6328125;9;2;58.0;258;0;Samaha et al. (2019);Experiment 1;Orientation;1;39;;;;;;;5;2
19;168;170.5625;2.5625;9;2;-20.0;259;1;Samaha et al. (2019);Experiment 1;Orientation;1;40;;;;;;;4;2
19;78;104.0;26.0;9;2;90.0;260;0;Samaha et al. (2019);Experiment 1;Orientation;1;39;;;;;;;6;2
19;100;127.875;27.875;9;2;-22.0;261;0;Samaha et al. (2019);Experiment 1;Orientation;1;39;;;;;;;7;2
19;46;50.546875;4.546875;9;2;54.0;262;1;Samaha et al. (2019);Experiment 1;Orientation;1;40;;;;;;;5;2
19;70;105.8203125;35.8203125;9;2;-24.0;263;0;Samaha et al. (2019);Experiment 1;Orientation;1;39;;;;;;;8;2
19;100;118.3671875;18.3671875;9;2;-30.0;264;1;Samaha et al. (2019);Experiment 1;Orientation;1;40;;;;;;;6;2
19;54;60.1328125;6.1328125;9;2;46.0;265;0;Samaha et al. (2019);Experiment 1;Orientation;1;39;;;;;;;9;2
19;104;123.7421875;19.7421875;9;2;-50.0;266;1;Samaha et al. (2019);Experiment 1;Orientation;1;40;;;;;;;7;2
19;107;121.1953125;14.1953125;9;2;-3.0;267;1;Samaha et al. (2019);Experiment 1;Orientation;1;40;;;;;;;8;2
19;114;115.5390625;1.5390625;9;2;-7.0;268;0;Samaha et al. (2019);Experiment 1;Orientation;1;39;;;;;;;10;2
19;28;12.1875;-15.8125;9;2;86.0;269;0;Samaha et al. (2019);Experiment 1;Orientation;1;39;;;;;;;11;2
19;102;123.671875;21.671875;9;2;-74.0;270;1;Samaha et al. (2019);Experiment 1;Orientation;1;40;;;;;;;9;2
19;173;140.0;-33.0;9;2;-71.0;271;1;Samaha et al. (2019);Experiment 1;Orientation;1;40;;;;;;;10;2
19;158;154.5859375;-3.4140625;9;2;15.0;272;1;Samaha et al. (2019);Experiment 1;Orientation;1;40;;;;;;;11;2
19;3;17.90625;14.90625;9;2;-25.0;273;0;Samaha et al. (2019);Experiment 1;Orientation;1;39;;;;;;;12;2
19;92;109.8515625;17.8515625;9;2;-89.0;274;0;Samaha et al. (2019);Experiment 1;Orientation;1;39;;;;;;;13;2
19;161;128.0703125;-32.9296875;9;2;-69.0;275;0;Samaha et al. (2019);Experiment 1;Orientation;1;39;;;;;;;14;2
19;69;77.984375;8.984375;9;2;-88.0;276;0;Samaha et al. (2019);Experiment 1;Orientation;1;39;;;;;;;15;2
19;5;144.8671875;-40.1328125;9;2;64.0;277;0;Samaha et al. (2019);Experiment 1;Orientation;1;39;;;;;;;16;2
19;101;107.7265625;6.7265625;9;2;84.0;278;1;Samaha et al. (2019);Experiment 1;Orientation;1;40;;;;;;;12;2
19;107;162.0;55.0;9;2;-6.0;279;0;Samaha et al. (2019);Experiment 1;Orientation;1;39;;;;;;;17;2
19;102;111.421875;9.421875;9;2;5.0;280;0;Samaha et al. (2019);Experiment 1;Orientation;1;39;;;;;;;18;2
19;173;156.765625;-16.234375;9;2;-71.0;281;1;Samaha et al. (2019);Experiment 1;Orientation;1;40;;;;;;;13;2
19;114;112.9296875;-1.0703125;9;2;59.0;282;0;Samaha et al. (2019);Experiment 1;Orientation;1;39;;;;;;;19;2
19;34;52.46875;18.46875;9;2;80.0;283;0;Samaha et al. (2019);Experiment 1;Orientation;1;39;;;;;;;20;2
19;78;68.0;-10.0;9;2;-44.0;284;1;Samaha et al. (2019);Experiment 1;Orientation;1;40;;;;;;;14;2
19;165;128.0546875;-36.9453125;9;2;-87.0;285;1;Samaha et al. (2019);Experiment 1;Orientation;1;40;;;;;;;15;2
19;26;66.9453125;40.9453125;9;2;-41.0;286;0;Samaha et al. (2019);Experiment 1;Orientation;1;39;;;;;;;21;2
19;79;117.5078125;38.5078125;9;2;-53.0;287;0;Samaha et al. (2019);Experiment 1;Orientation;1;39;;;;;;;22;2
19;147;115.8515625;-31.1484375;9;2;-68.0;288;0;Samaha et al. (2019);Experiment 1;Orientation;1;39;;;;;;;23;2
19;49;37.8515625;-11.1484375;9;2;-82.0;289;0;Samaha et al. (2019);Experiment 1;Orientation;1;39;;;;;;;24;2
19;24;121.609375;-82.390625;9;2;25.0;290;0;Samaha et al. (2019);Experiment 1;Orientation;1;39;;;;;;;25;2
19;92;106.234375;14.234375;9;2;-68.0;291;0;Samaha et al. (2019);Experiment 1;Orientation;1;39;;;;;;;26;2
19;11;20.265625;9.265625;9;2;81.0;292;0;Samaha et al. (2019);Experiment 1;Orientation;1;39;;;;;;;27;2
19;94;120.8828125;26.8828125;9;2;-83.0;293;1;Samaha et al. (2019);Experiment 1;Orientation;1;40;;;;;;;16;2
19;126;127.921875;1.921875;9;2;-32.0;294;0;Samaha et al. (2019);Experiment 1;Orientation;1;39;;;;;;;28;2
19;38;63.921875;25.921875;9;2;88.0;295;0;Samaha et al. (2019);Experiment 1;Orientation;1;39;;;;;;;29;2
19;8;71.359375;63.359375;9;2;30.0;296;1;Samaha et al. (2019);Experiment 1;Orientation;1;40;;;;;;;17;2
19;92;112.828125;20.828125;9;2;-84.0;297;1;Samaha et al. (2019);Experiment 1;Orientation;1;40;;;;;;;18;2
19;132;140.0859375;8.0859375;9;2;-40.0;298;0;Samaha et al. (2019);Experiment 1;Orientation;1;39;;;;;;;30;2
19;71;67.984375;-3.015625;9;2;61.0;299;1;Samaha et al. (2019);Experiment 1;Orientation;1;40;;;;;;;19;2
19;1;133.296875;-47.703125;9;2;70.0;300;1;Samaha et al. (2019);Experiment 1;Orientation;1;40;;;;;;;20;2
19;72;107.34375;35.34375;9;2;-71.0;301;1;Samaha et al. (2019);Experiment 1;Orientation;1;40;;;;;;;21;2
19;134;137.2734375;3.2734375;9;2;-62.0;302;1;Samaha et al. (2019);Experiment 1;Orientation;1;40;;;;;;;22;2
19;145;119.9375;-25.0625;9;2;-11.0;303;1;Samaha et al. (2019);Experiment 1;Orientation;1;40;;;;;;;23;2
19;176;148.3046875;-27.6953125;9;2;-31.0;304;0;Samaha et al. (2019);Experiment 1;Orientation;1;39;;;;;;;31;2
19;147;133.2421875;-13.7578125;9;2;29.0;305;1;Samaha et al. (2019);Experiment 1;Orientation;1;40;;;;;;;24;2
19;21;90.515625;69.515625;9;2;-54.0;306;1;Samaha et al. (2019);Experiment 1;Orientation;1;40;;;;;;;25;2
19;97;121.421875;24.421875;9;2;-76.0;307;1;Samaha et al. (2019);Experiment 1;Orientation;1;40;;;;;;;26;2
19;1;28.3515625;27.3515625;9;2;-84.0;308;1;Samaha et al. (2019);Experiment 1;Orientation;1;40;;;;;;;27;2
19;75;82.1328125;7.1328125;9;2;-74.0;309;1;Samaha et al. (2019);Experiment 1;Orientation;1;40;;;;;;;28;2
19;90;39.625;-50.375;9;2;-15.0;310;1;Samaha et al. (2019);Experiment 1;Orientation;1;40;;;;;;;29;2
19;90;39.625;-50.375;9;2;0.0;311;1;Samaha et al. (2019);Experiment 1;Orientation;1;40;;;;;;;30;2
19;68;64.453125;-3.546875;9;3;22.0;501;0;Samaha et al. (2019);Experiment 1;Orientation;1;39;;;;;;;1;3
19;149;126.6328125;-22.3671875;9;3;-81.0;502;0;Samaha et al. (2019);Experiment 1;Orientation;1;39;;;;;;;2;3
19;167;131.7734375;-35.2265625;9;3;-18.0;503;0;Samaha et al. (2019);Experiment 1;Orientation;1;39;;;;;;;3;3
19;99;133.90625;34.90625;9;3;68.0;504;1;Samaha et al. (2019);Experiment 1;Orientation;1;40;;;;;;;1;3
19;139;123.4765625;-15.5234375;9;3;-40.0;505;0;Samaha et al. (2019);Experiment 1;Orientation;1;39;;;;;;;4;3
19;64;61.671875;-2.328125;9;3;75.0;506;0;Samaha et al. (2019);Experiment 1;Orientation;1;39;;;;;;;5;3
19;136;139.2734375;3.2734375;9;3;-72.0;507;0;Samaha et al. (2019);Experiment 1;Orientation;1;39;;;;;;;6;3
19;32;43.5234375;11.5234375;9;3;-76.0;508;0;Samaha et al. (2019);Experiment 1;Orientation;1;39;;;;;;;7;3
19;67;119.4921875;52.4921875;9;3;-35.0;509;0;Samaha et al. (2019);Experiment 1;Orientation;1;39;;;;;;;8;3
19;131;118.0;-13.0;9;3;-64.0;510;0;Samaha et al. (2019);Experiment 1;Orientation;1;39;;;;;;;9;3
19;95;71.4609375;-23.5390625;9;3;36.0;511;1;Samaha et al. (2019);Experiment 1;Orientation;1;40;;;;;;;2;3
19;137;126.8671875;-10.1328125;9;3;-42.0;512;1;Samaha et al. (2019);Experiment 1;Orientation;1;40;;;;;;;3;3
19;6;46.0;40.0;9;3;-49.0;513;0;Samaha et al. (2019);Experiment 1;Orientation;1;39;;;;;;;10;3
19;10;134.1015625;-55.8984375;9;3;-4.0;514;0;Samaha et al. (2019);Experiment 1;Orientation;1;39;;;;;;;11;3
19;154;150.171875;-3.828125;9;3;36.0;515;0;Samaha et al. (2019);Experiment 1;Orientation;1;39;;;;;;;12;3
19;178;126.25;-51.75;9;3;-24.0;516;1;Samaha et al. (2019);Experiment 1;Orientation;1;40;;;;;;;4;3
19;10;103.1953125;-86.8046875;9;3;-12.0;517;0;Samaha et al. (2019);Experiment 1;Orientation;1;39;;;;;;;13;3
19;72;50.0;-22.0;9;3;-62.0;518;0;Samaha et al. (2019);Experiment 1;Orientation;1;39;;;;;;;14;3
19;85;119.1953125;34.1953125;9;3;-13.0;519;0;Samaha et al. (2019);Experiment 1;Orientation;1;39;;;;;;;15;3
19;41;45.875;4.875;9;3;44.0;520;1;Samaha et al. (2019);Experiment 1;Orientation;1;40;;;;;;;5;3
19;56;106.8828125;50.8828125;9;3;-15.0;521;0;Samaha et al. (2019);Experiment 1;Orientation;1;39;;;;;;;16;3
19;176;120.3203125;-55.6796875;9;3;60.0;522;0;Samaha et al. (2019);Experiment 1;Orientation;1;39;;;;;;;17;3
19;119;122.8984375;3.8984375;9;3;57.0;523;0;Samaha et al. (2019);Experiment 1;Orientation;1;39;;;;;;;18;3
19;112;105.1640625;-6.8359375;9;3;7.0;524;0;Samaha et al. (2019);Experiment 1;Orientation;1;39;;;;;;;19;3
19;15;122.203125;-72.796875;9;3;-83.0;525;1;Samaha et al. (2019);Experiment 1;Orientation;1;40;;;;;;;6;3
19;150;119.8515625;-30.1484375;9;3;45.0;526;1;Samaha et al. (2019);Experiment 1;Orientation;1;40;;;;;;;7;3
19;6;45.328125;39.328125;9;3;-36.0;527;1;Samaha et al. (2019);Experiment 1;Orientation;1;40;;;;;;;8;3
19;151;127.921875;-23.078125;9;3;35.0;528;1;Samaha et al. (2019);Experiment 1;Orientation;1;40;;;;;;;9;3
19;82;25.03125;-56.96875;9;3;69.0;529;1;Samaha et al. (2019);Experiment 1;Orientation;1;40;;;;;;;10;3
19;60;110.9609375;50.9609375;9;3;22.0;530;0;Samaha et al. (2019);Experiment 1;Orientation;1;39;;;;;;;20;3
19;16;49.140625;33.140625;9;3;44.0;531;1;Samaha et al. (2019);Experiment 1;Orientation;1;40;;;;;;;11;3
19;153;124.6015625;-28.3984375;9;3;43.0;532;0;Samaha et al. (2019);Experiment 1;Orientation;1;39;;;;;;;21;3
19;149;128.9765625;-20.0234375;9;3;4.0;533;1;Samaha et al. (2019);Experiment 1;Orientation;1;40;;;;;;;12;3
19;169;134.8828125;-34.1171875;9;3;-20.0;534;1;Samaha et al. (2019);Experiment 1;Orientation;1;40;;;;;;;13;3
19;149;132.484375;-16.515625;9;3;20.0;535;0;Samaha et al. (2019);Experiment 1;Orientation;1;39;;;;;;;22;3
19;46;117.671875;71.671875;9;3;-77.0;536;0;Samaha et al. (2019);Experiment 1;Orientation;1;39;;;;;;;23;3
19;111;56.0;-55.0;9;3;-65.0;537;0;Samaha et al. (2019);Experiment 1;Orientation;1;39;;;;;;;24;3
19;45;119.046875;74.046875;9;3;66.0;538;0;Samaha et al. (2019);Experiment 1;Orientation;1;39;;;;;;;25;3
19;168;98.0;-70.0;9;3;57.0;539;1;Samaha et al. (2019);Experiment 1;Orientation;1;40;;;;;;;14;3
19;166;114.8984375;-51.1015625;9;3;2.0;540;0;Samaha et al. (2019);Experiment 1;Orientation;1;39;;;;;;;26;3
19;94;94.8828125;0.8828125;9;3;72.0;541;0;Samaha et al. (2019);Experiment 1;Orientation;1;39;;;;;;;27;3
19;142;36.0234375;74.0234375;9;3;-48.0;542;1;Samaha et al. (2019);Experiment 1;Orientation;1;40;;;;;;;15;3
19;1;124.453125;-56.546875;9;3;-39.0;543;1;Samaha et al. (2019);Experiment 1;Orientation;1;40;;;;;;;16;3
19;10;56.0390625;46.0390625;9;3;-9.0;544;0;Samaha et al. (2019);Experiment 1;Orientation;1;39;;;;;;;28;3
19;175;146.1015625;-28.8984375;9;3;15.0;545;1;Samaha et al. (2019);Experiment 1;Orientation;1;40;;;;;;;17;3
19;158;140.9921875;-17.0078125;9;3;17.0;546;1;Samaha et al. (2019);Experiment 1;Orientation;1;40;;;;;;;18;3
19;108;117.125;9.125;9;3;50.0;547;1;Samaha et al. (2019);Experiment 1;Orientation;1;40;;;;;;;19;3
19;122;138.0234375;16.0234375;9;3;-14.0;548;1;Samaha et al. (2019);Experiment 1;Orientation;1;40;;;;;;;20;3
19;33;32.0;-1.0;9;3;89.0;549;1;Samaha et al. (2019);Experiment 1;Orientation;1;40;;;;;;;21;3
19;128;128.0;0.0;9;3;85.0;550;0;Samaha et al. (2019);Experiment 1;Orientation;1;39;;;;;;;29;3
19;144;124.8671875;-19.1328125;9;3;-16.0;551;1;Samaha et al. (2019);Experiment 1;Orientation;1;40;;;;;;;22;3
19;45;136.0390625;-88.9609375;9;3;-81.0;552;0;Samaha et al. (2019);Experiment 1;Orientation;1;39;;;;;;;30;3
19;109;115.921875;6.921875;9;3;-64.0;553;1;Samaha et al. (2019);Experiment 1;Orientation;1;40;;;;;;;23;3
19;99;121.8046875;22.8046875;9;3;10.0;554;1;Samaha et al. (2019);Experiment 1;Orientation;1;40;;;;;;;24;3
19;18;110.9765625;-87.0234375;9;3;81.0;555;1;Samaha et al. (2019);Experiment 1;Orientation;1;40;;;;;;;25;3
19;177;54.0;57.0;9;3;21.0;556;0;Samaha et al. (2019);Experiment 1;Orientation;1;39;;;;;;;31;3
19;42;112.8671875;70.8671875;9;3;-45.0;557;1;Samaha et al. (2019);Experiment 1;Orientation;1;40;;;;;;;26;3
19;169;137.3125;-31.6875;9;3;53.0;558;1;Samaha et al. (2019);Experiment 1;Orientation;1;40;;;;;;;27;3
19;132;120.6953125;-11.3046875;9;3;37.0;559;0;Samaha et al. (2019);Experiment 1;Orientation;1;39;;;;;;;32;3
19;129;115.875;-13.125;9;3;3.0;560;0;Samaha et al. (2019);Experiment 1;Orientation;1;39;;;;;;;33;3
19;129;115.875;-13.125;9;3;0.0;561;1;Samaha et al. (2019);Experiment 1;Orientation;1;40;;;;;;;28;3
19;165;120.734375;-44.265625;9;4;-36.0;751;1;Samaha et al. (2019);Experiment 1;Orientation;1;40;;;;;;;1;4
19;66;53.7734375;-12.2265625;9;4;-81.0;752;1;Samaha et al. (2019);Experiment 1;Orientation;1;40;;;;;;;2;4
19;56;33.7890625;-22.2109375;9;4;10.0;753;0;Samaha et al. (2019);Experiment 1;Orientation;1;39;;;;;;;1;4
19;138;130.46875;-7.53125;9;4;-82.0;754;1;Samaha et al. (2019);Experiment 1;Orientation;1;40;;;;;;;3;4
19;176;49.390625;53.390625;9;4;-38.0;755;1;Samaha et al. (2019);Experiment 1;Orientation;1;40;;;;;;;4;4
19;1;18.859375;17.859375;9;4;-5.0;756;1;Samaha et al. (2019);Experiment 1;Orientation;1;40;;;;;;;5;4
19;37;33.625;-3.375;9;4;-36.0;757;0;Samaha et al. (2019);Experiment 1;Orientation;1;39;;;;;;;2;4
19;47;40.0;-7.0;9;4;-10.0;758;1;Samaha et al. (2019);Experiment 1;Orientation;1;40;;;;;;;6;4
19;37;36.46875;-0.53125;9;4;10.0;759;1;Samaha et al. (2019);Experiment 1;Orientation;1;40;;;;;;;7;4
19;147;125.609375;-21.390625;9;4;70.0;760;1;Samaha et al. (2019);Experiment 1;Orientation;1;40;;;;;;;8;4
19;3;49.5078125;46.5078125;9;4;-36.0;761;0;Samaha et al. (2019);Experiment 1;Orientation;1;39;;;;;;;3;4
19;162;117.5546875;-44.4453125;9;4;21.0;762;1;Samaha et al. (2019);Experiment 1;Orientation;1;40;;;;;;;9;4
19;67;63.921875;-3.078125;9;4;-85.0;763;0;Samaha et al. (2019);Experiment 1;Orientation;1;39;;;;;;;4;4
19;38;38.15625;0.15625;9;4;29.0;764;0;Samaha et al. (2019);Experiment 1;Orientation;1;39;;;;;;;5;4
19;72;127.1796875;55.1796875;9;4;-34.0;765;1;Samaha et al. (2019);Experiment 1;Orientation;1;40;;;;;;;10;4
19;33;51.5390625;18.5390625;9;4;39.0;766;0;Samaha et al. (2019);Experiment 1;Orientation;1;39;;;;;;;6;4
19;71;135.921875;64.921875;9;4;-38.0;767;0;Samaha et al. (2019);Experiment 1;Orientation;1;39;;;;;;;7;4
19;20;136.6640625;-63.3359375;9;4;51.0;768;1;Samaha et al. (2019);Experiment 1;Orientation;1;40;;;;;;;11;4
19;146;147.703125;1.703125;9;4;54.0;769;0;Samaha et al. (2019);Experiment 1;Orientation;1;39;;;;;;;8;4
19;37;120.8984375;83.8984375;9;4;-71.0;770;1;Samaha et al. (2019);Experiment 1;Orientation;1;40;;;;;;;12;4
19;116;129.5703125;13.5703125;9;4;-79.0;771;0;Samaha et al. (2019);Experiment 1;Orientation;1;39;;;;;;;9;4
19;154;133.078125;-20.921875;9;4;-38.0;772;0;Samaha et al. (2019);Experiment 1;Orientation;1;39;;;;;;;10;4
19;28;38.453125;10.453125;9;4;-54.0;773;0;Samaha et al. (2019);Experiment 1;Orientation;1;39;;;;;;;11;4
19;25;123.9375;-81.0625;9;4;3.0;774;1;Samaha et al. (2019);Experiment 1;Orientation;1;40;;;;;;;13;4
19;115;117.8359375;2.8359375;9;4;-90.0;775;1;Samaha et al. (2019);Experiment 1;Orientation;1;40;;;;;;;14;4
19;90;113.2578125;23.2578125;9;4;25.0;776;0;Samaha et al. (2019);Experiment 1;Orientation;1;39;;;;;;;12;4
19;174;139.296875;-34.703125;9;4;-84.0;777;0;Samaha et al. (2019);Experiment 1;Orientation;1;39;;;;;;;13;4
19;15;61.2265625;46.2265625;9;4;-21.0;778;1;Samaha et al. (2019);Experiment 1;Orientation;1;40;;;;;;;15;4
19;119;144.1328125;25.1328125;9;4;76.0;779;1;Samaha et al. (2019);Experiment 1;Orientation;1;40;;;;;;;16;4
19;169;137.625;-31.375;9;4;-50.0;780;0;Samaha et al. (2019);Experiment 1;Orientation;1;39;;;;;;;14;4
19;140;109.6875;-30.3125;9;4;29.0;781;1;Samaha et al. (2019);Experiment 1;Orientation;1;40;;;;;;;17;4
19;60;125.2265625;65.2265625;9;4;80.0;782;0;Samaha et al. (2019);Experiment 1;Orientation;1;39;;;;;;;15;4
19;118;122.0;4.0;9;4;-58.0;783;0;Samaha et al. (2019);Experiment 1;Orientation;1;39;;;;;;;16;4
19;98;110.4375;12.4375;9;4;20.0;784;1;Samaha et al. (2019);Experiment 1;Orientation;1;40;;;;;;;18;4
19;29;19.1953125;-9.8046875;9;4;69.0;785;1;Samaha et al. (2019);Experiment 1;Orientation;1;40;;;;;;;19;4
19;110;107.328125;-2.671875;9;4;-81.0;786;0;Samaha et al. (2019);Experiment 1;Orientation;1;39;;;;;;;17;4
19;110;111.7578125;1.7578125;9;4;0.0;787;1;Samaha et al. (2019);Experiment 1;Orientation;1;40;;;;;;;20;4
19;71;109.7890625;38.7890625;9;4;39.0;788;1;Samaha et al. (2019);Experiment 1;Orientation;1;40;;;;;;;21;4
19;51;32.0390625;-18.9609375;9;4;20.0;789;0;Samaha et al. (2019);Experiment 1;Orientation;1;39;;;;;;;18;4
19;163;121.40625;-41.59375;9;4;68.0;790;0;Samaha et al. (2019);Experiment 1;Orientation;1;39;;;;;;;19;4
19;78;79.109375;1.109375;9;4;85.0;791;1;Samaha et al. (2019);Experiment 1;Orientation;1;40;;;;;;;22;4
19;124;123.359375;-0.640625;9;4;-46.0;792;1;Samaha et al. (2019);Experiment 1;Orientation;1;40;;;;;;;23;4
19;81;60.1875;-20.8125;9;4;43.0;793;0;Samaha et al. (2019);Experiment 1;Orientation;1;39;;;;;;;20;4
19;117;109.296875;-7.703125;9;4;-36.0;794;0;Samaha et al. (2019);Experiment 1;Orientation;1;39;;;;;;;21;4
19;100;115.078125;15.078125;9;4;17.0;795;1;Samaha et al. (2019);Experiment 1;Orientation;1;40;;;;;;;24;4
19;26;126.0859375;-79.9140625;9;4;74.0;796;1;Samaha et al. (2019);Experiment 1;Orientation;1;40;;;;;;;25;4
19;89;114.78125;25.78125;9;4;-63.0;797;0;Samaha et al. (2019);Experiment 1;Orientation;1;39;;;;;;;22;4
19;132;113.2109375;-18.7890625;9;4;-43.0;798;0;Samaha et al. (2019);Experiment 1;Orientation;1;39;;;;;;;23;4
19;43;44.0546875;1.0546875;9;4;89.0;799;1;Samaha et al. (2019);Experiment 1;Orientation;1;40;;;;;;;26;4
19;118;110.0;-8.0;9;4;-75.0;800;0;Samaha et al. (2019);Experiment 1;Orientation;1;39;;;;;;;24;4
19;51;68.171875;17.171875;9;4;67.0;801;1;Samaha et al. (2019);Experiment 1;Orientation;1;40;;;;;;;27;4
19;3;118.9140625;-64.0859375;9;4;48.0;802;1;Samaha et al. (2019);Experiment 1;Orientation;1;40;;;;;;;28;4
19;72;70.1328125;-1.8671875;9;4;-69.0;803;1;Samaha et al. (2019);Experiment 1;Orientation;1;40;;;;;;;29;4
19;84;107.328125;23.328125;9;4;-12.0;804;1;Samaha et al. (2019);Experiment 1;Orientation;1;40;;;;;;;30;4
19;179;151.5078125;-27.4921875;9;4;85.0;805;1;Samaha et al. (2019);Experiment 1;Orientation;1;40;;;;;;;31;4
19;175;119.046875;-55.953125;9;4;4.0;806;1;Samaha et al. (2019);Experiment 1;Orientation;1;40;;;;;;;32;4
19;69;72.75;3.75;9;4;-74.0;807;0;Samaha et al. (2019);Experiment 1;Orientation;1;39;;;;;;;25;4
19;169;152.0;-17.0;9;4;80.0;808;1;Samaha et al. (2019);Experiment 1;Orientation;1;40;;;;;;;33;4
19;162;168.0;6.0;9;4;7.0;809;1;Samaha et al. (2019);Experiment 1;Orientation;1;40;;;;;;;34;4
19;46;62.0;16.0;9;4;-64.0;810;0;Samaha et al. (2019);Experiment 1;Orientation;1;39;;;;;;;26;4
19;46;62.0;16.0;9;4;0.0;811;1;Samaha et al. (2019);Experiment 1;Orientation;1;40;;;;;;;35;4
19;54;60.5859375;6.5859375;9;5;-8.0;1001;1;Samaha et al. (2019);Experiment 1;Orientation;1;40;;;;;;;1;5
19;112;120.734375;8.734375;9;5;-58.0;1002;0;Samaha et al. (2019);Experiment 1;Orientation;1;39;;;;;;;1;5
19;156;120.6640625;-35.3359375;9;5;-44.0;1003;0;Samaha et al. (2019);Experiment 1;Orientation;1;39;;;;;;;2;5
19;162;131.2578125;-30.7421875;9;5;-6.0;1004;1;Samaha et al. (2019);Experiment 1;Orientation;1;40;;;;;;;2;5
19;138;129.59375;-8.40625;9;5;24.0;1005;0;Samaha et al. (2019);Experiment 1;Orientation;1;39;;;;;;;3;5
19;33;36.9296875;3.9296875;9;5;-75.0;1006;1;Samaha et al. (2019);Experiment 1;Orientation;1;40;;;;;;;3;5
19;68;110.9140625;42.9140625;9;5;-35.0;1007;1;Samaha et al. (2019);Experiment 1;Orientation;1;40;;;;;;;4;5
19;175;122.8828125;-52.1171875;9;5;73.0;1008;0;Samaha et al. (2019);Experiment 1;Orientation;1;39;;;;;;;4;5
19;178;155.4921875;-22.5078125;9;5;-3.0;1009;0;Samaha et al. (2019);Experiment 1;Orientation;1;39;;;;;;;5;5
19;116;130.0;14.0;9;5;62.0;1010;0;Samaha et al. (2019);Experiment 1;Orientation;1;39;;;;;;;6;5
19;104;127.7265625;23.7265625;9;5;12.0;1011;1;Samaha et al. (2019);Experiment 1;Orientation;1;40;;;;;;;5;5
19;36;117.5078125;81.5078125;9;5;68.0;1012;1;Samaha et al. (2019);Experiment 1;Orientation;1;40;;;;;;;6;5
19;96;120.0;24.0;9;5;-60.0;1013;1;Samaha et al. (2019);Experiment 1;Orientation;1;40;;;;;;;7;5
19;164;42.0234375;58.0234375;9;5;-68.0;1014;0;Samaha et al. (2019);Experiment 1;Orientation;1;39;;;;;;;7;5
19;6;112.0;-74.0;9;5;-22.0;1015;0;Samaha et al. (2019);Experiment 1;Orientation;1;39;;;;;;;8;5
19;7;109.03125;-77.96875;9;5;-1.0;1016;1;Samaha et al. (2019);Experiment 1;Orientation;1;40;;;;;;;8;5
19;95;62.3046875;-32.6953125;9;5;-88.0;1017;0;Samaha et al. (2019);Experiment 1;Orientation;1;39;;;;;;;9;5
19;65;110.0;45.0;9;5;30.0;1018;0;Samaha et al. (2019);Experiment 1;Orientation;1;39;;;;;;;10;5
19;70;53.34375;-16.65625;9;5;-5.0;1019;1;Samaha et al. (2019);Experiment 1;Orientation;1;40;;;;;;;9;5
19;77;48.6171875;-28.3828125;9;5;-7.0;1020;0;Samaha et al. (2019);Experiment 1;Orientation;1;39;;;;;;;11;5
19;24;132.0;-72.0;9;5;53.0;1021;0;Samaha et al. (2019);Experiment 1;Orientation;1;39;;;;;;;12;5
19;174;126.5859375;-47.4140625;9;5;30.0;1022;1;Samaha et al. (2019);Experiment 1;Orientation;1;40;;;;;;;10;5
19;47;57.4921875;10.4921875;9;5;-53.0;1023;1;Samaha et al. (2019);Experiment 1;Orientation;1;40;;;;;;;11;5
19;27;141.7265625;-65.2734375;9;5;20.0;1024;0;Samaha et al. (2019);Experiment 1;Orientation;1;39;;;;;;;13;5
19;121;104.0;-17.0;9;5;86.0;1025;0;Samaha et al. (2019);Experiment 1;Orientation;1;39;;;;;;;14;5
19;156;90.546875;-65.453125;9;5;-35.0;1026;1;Samaha et al. (2019);Experiment 1;Orientation;1;40;;;;;;;12;5
19;53;52.0546875;-0.9453125;9;5;-77.0;1027;0;Samaha et al. (2019);Experiment 1;Orientation;1;39;;;;;;;15;5
19;114;114.9609375;0.9609375;9;5;-61.0;1028;1;Samaha et al. (2019);Experiment 1;Orientation;1;40;;;;;;;13;5
19;8;133.015625;-54.984375;9;5;-74.0;1029;0;Samaha et al. (2019);Experiment 1;Orientation;1;39;;;;;;;16;5
19;24;124.1328125;-79.8671875;9;5;-16.0;1030;0;Samaha et al. (2019);Experiment 1;Orientation;1;39;;;;;;;17;5
19;145;35.953125;70.953125;9;5;59.0;1031;1;Samaha et al. (2019);Experiment 1;Orientation;1;40;;;;;;;14;5
19;62;70.8828125;8.8828125;9;5;83.0;1032;1;Samaha et al. (2019);Experiment 1;Orientation;1;40;;;;;;;15;5
19;1;116.25;-64.75;9;5;61.0;1033;0;Samaha et al. (2019);Experiment 1;Orientation;1;39;;;;;;;18;5
19;155;56.5625;81.5625;9;5;26.0;1034;0;Samaha et al. (2019);Experiment 1;Orientation;1;39;;;;;;;19;5
19;26;38.6171875;12.6171875;9;5;-51.0;1035;0;Samaha et al. (2019);Experiment 1;Orientation;1;39;;;;;;;20;5
19;179;120.9765625;-58.0234375;9;5;27.0;1036;0;Samaha et al. (2019);Experiment 1;Orientation;1;39;;;;;;;21;5
19;0;125.921875;-54.078125;9;5;-1.0;1037;1;Samaha et al. (2019);Experiment 1;Orientation;1;40;;;;;;;16;5
19;141;31.7890625;70.7890625;9;5;39.0;1038;0;Samaha et al. (2019);Experiment 1;Orientation;1;39;;;;;;;22;5
19;164;126.0390625;-37.9609375;9;5;-23.0;1039;0;Samaha et al. (2019);Experiment 1;Orientation;1;39;;;;;;;23;5
19;53;42.6171875;-10.3828125;9;5;-69.0;1040;0;Samaha et al. (2019);Experiment 1;Orientation;1;39;;;;;;;24;5
19;40;34.53125;-5.46875;9;5;13.0;1041;0;Samaha et al. (2019);Experiment 1;Orientation;1;39;;;;;;;25;5
19;144;122.25;-21.75;9;5;76.0;1042;1;Samaha et al. (2019);Experiment 1;Orientation;1;40;;;;;;;17;5
19;65;52.5;-12.5;9;5;79.0;1043;0;Samaha et al. (2019);Experiment 1;Orientation;1;39;;;;;;;26;5
19;109;117.7265625;8.7265625;9;5;-44.0;1044;0;Samaha et al. (2019);Experiment 1;Orientation;1;39;;;;;;;27;5
19;70;123.296875;53.296875;9;5;39.0;1045;0;Samaha et al. (2019);Experiment 1;Orientation;1;39;;;;;;;28;5
19;41;37.609375;-3.390625;9;5;29.0;1046;1;Samaha et al. (2019);Experiment 1;Orientation;1;40;;;;;;;18;5
19;114;127.96875;13.96875;9;5;-73.0;1047;0;Samaha et al. (2019);Experiment 1;Orientation;1;39;;;;;;;29;5
19;112;112.0;0.0;9;5;2.0;1048;0;Samaha et al. (2019);Experiment 1;Orientation;1;39;;;;;;;30;5
19;1;130.3359375;-50.6640625;9;5;-69.0;1049;1;Samaha et al. (2019);Experiment 1;Orientation;1;40;;;;;;;19;5
19;66;25.1796875;-40.8203125;9;5;-65.0;1050;0;Samaha et al. (2019);Experiment 1;Orientation;1;39;;;;;;;31;5
19;170;139.7265625;-30.2734375;9;5;76.0;1051;1;Samaha et al. (2019);Experiment 1;Orientation;1;40;;;;;;;20;5
19;12;16.546875;4.546875;9;5;-22.0;1052;1;Samaha et al. (2019);Experiment 1;Orientation;1;40;;;;;;;21;5
19;36;140.0;-76.0;9;5;-24.0;1053;0;Samaha et al. (2019);Experiment 1;Orientation;1;39;;;;;;;32;5
19;98;122.8671875;24.8671875;9;5;-62.0;1054;0;Samaha et al. (2019);Experiment 1;Orientation;1;39;;;;;;;33;5
19;66;43.609375;-22.390625;9;5;32.0;1055;1;Samaha et al. (2019);Experiment 1;Orientation;1;40;;;;;;;22;5
19;158;126.1328125;-31.8671875;9;5;88.0;1056;1;Samaha et al. (2019);Experiment 1;Orientation;1;40;;;;;;;23;5
19;132;112.0;-20.0;9;5;26.0;1057;1;Samaha et al. (2019);Experiment 1;Orientation;1;40;;;;;;;24;5
19;122;123.359375;1.359375;9;5;10.0;1058;0;Samaha et al. (2019);Experiment 1;Orientation;1;39;;;;;;;34;5
19;49;38.28125;-10.71875;9;5;73.0;1059;1;Samaha et al. (2019);Experiment 1;Orientation;1;40;;;;;;;25;5
19;16;141.6875;-54.3125;9;5;33.0;1060;1;Samaha et al. (2019);Experiment 1;Orientation;1;40;;;;;;;26;5
19;16;141.6875;-54.3125;9;5;0.0;1061;1;Samaha et al. (2019);Experiment 1;Orientation;1;40;;;;;;;27;5
20;73;175.8515625;-77.1484375;9;1;-57.0;1;1;Samaha et al. (2019);Experiment 1;Orientation;1;40;;;;;;;1;1
20;76;53.671875;-22.328125;9;1;-3.0;2;0;Samaha et al. (2019);Experiment 1;Orientation;1;39;;;;;;;1;1
20;19;14.484375;-4.515625;9;1;57.0;3;0;Samaha et al. (2019);Experiment 1;Orientation;1;39;;;;;;;2;1
20;109;108.203125;-0.796875;9;1;-90.0;4;0;Samaha et al. (2019);Experiment 1;Orientation;1;39;;;;;;;3;1
20;22;29.125;7.125;9;1;87.0;5;1;Samaha et al. (2019);Experiment 1;Orientation;1;40;;;;;;;2;1
20;96;92.171875;-3.828125;9;1;-74.0;6;0;Samaha et al. (2019);Experiment 1;Orientation;1;39;;;;;;;4;1
20;128;118.0546875;-9.9453125;9;1;-32.0;7;0;Samaha et al. (2019);Experiment 1;Orientation;1;39;;;;;;;5;1
20;173;178.234375;5.234375;9;1;-45.0;8;0;Samaha et al. (2019);Experiment 1;Orientation;1;39;;;;;;;6;1
20;97;92.0234375;-4.9765625;9;1;76.0;9;1;Samaha et al. (2019);Experiment 1;Orientation;1;40;;;;;;;3;1
20;98;89.703125;-8.296875;9;1;-1.0;10;1;Samaha et al. (2019);Experiment 1;Orientation;1;40;;;;;;;4;1
20;140;123.3125;-16.6875;9;1;-42.0;11;1;Samaha et al. (2019);Experiment 1;Orientation;1;40;;;;;;;5;1
20;120;125.671875;5.671875;9;1;20.0;12;1;Samaha et al. (2019);Experiment 1;Orientation;1;40;;;;;;;6;1
20;103;90.6953125;-12.3046875;9;1;17.0;13;0;Samaha et al. (2019);Experiment 1;Orientation;1;39;;;;;;;7;1
20;56;56.3515625;0.3515625;9;1;47.0;14;1;Samaha et al. (2019);Experiment 1;Orientation;1;40;;;;;;;7;1
20;0;0.6484375;0.6484375;9;1;56.0;15;1;Samaha et al. (2019);Experiment 1;Orientation;1;40;;;;;;;8;1
20;162;142.828125;-19.171875;9;1;18.0;16;1;Samaha et al. (2019);Experiment 1;Orientation;1;40;;;;;;;9;1
20;115;120.28125;5.28125;9;1;47.0;17;1;Samaha et al. (2019);Experiment 1;Orientation;1;40;;;;;;;10;1
20;49;57.5078125;8.5078125;9;1;66.0;18;1;Samaha et al. (2019);Experiment 1;Orientation;1;40;;;;;;;11;1
20;44;36.0;-8.0;9;1;5.0;19;1;Samaha et al. (2019);Experiment 1;Orientation;1;40;;;;;;;12;1
20;179;154.234375;-24.765625;9;1;45.0;20;0;Samaha et al. (2019);Experiment 1;Orientation;1;39;;;;;;;8;1
20;57;40.0;-17.0;9;1;-58.0;21;1;Samaha et al. (2019);Experiment 1;Orientation;1;40;;;;;;;13;1
20;164;174.28125;10.28125;9;1;73.0;22;1;Samaha et al. (2019);Experiment 1;Orientation;1;40;;;;;;;14;1
20;130;147.640625;17.640625;9;1;34.0;23;1;Samaha et al. (2019);Experiment 1;Orientation;1;40;;;;;;;15;1
20;7;176.859375;-10.140625;9;1;-57.0;24;0;Samaha et al. (2019);Experiment 1;Orientation;1;39;;;;;;;9;1
20;121;114.8671875;-6.1328125;9;1;66.0;25;0;Samaha et al. (2019);Experiment 1;Orientation;1;39;;;;;;;10;1
20;158;133.984375;-24.015625;9;1;-37.0;26;1;Samaha et al. (2019);Experiment 1;Orientation;1;40;;;;;;;16;1
20;37;56.1328125;19.1328125;9;1;-59.0;27;1;Samaha et al. (2019);Experiment 1;Orientation;1;40;;;;;;;17;1
20;123;65.609375;-57.390625;9;1;-86.0;28;0;Samaha et al. (2019);Experiment 1;Orientation;1;39;;;;;;;11;1
20;25;20.6796875;-4.3203125;9;1;-82.0;29;1;Samaha et al. (2019);Experiment 1;Orientation;1;40;;;;;;;18;1
20;81;94.8125;13.8125;9;1;-56.0;30;1;Samaha et al. (2019);Experiment 1;Orientation;1;40;;;;;;;19;1
20;93;63.046875;-29.953125;9;1;-12.0;31;0;Samaha et al. (2019);Experiment 1;Orientation;1;39;;;;;;;12;1
20;162;149.8046875;-12.1953125;9;1;-69.0;32;1;Samaha et al. (2019);Experiment 1;Orientation;1;40;;;;;;;20;1
20;89;74.0;-15.0;9;1;73.0;33;1;Samaha et al. (2019);Experiment 1;Orientation;1;40;;;;;;;21;1
20;70;49.8046875;-20.1953125;9;1;19.0;34;1;Samaha et al. (2019);Experiment 1;Orientation;1;40;;;;;;;22;1
20;177;2.5625;5.5625;9;1;73.0;35;1;Samaha et al. (2019);Experiment 1;Orientation;1;40;;;;;;;23;1
20;93;86.5;-6.5;9;1;84.0;36;1;Samaha et al. (2019);Experiment 1;Orientation;1;40;;;;;;;24;1
20;106;84.3828125;-21.6171875;9;1;-13.0;37;1;Samaha et al. (2019);Experiment 1;Orientation;1;40;;;;;;;25;1
20;151;127.296875;-23.703125;9;1;-45.0;38;1;Samaha et al. (2019);Experiment 1;Orientation;1;40;;;;;;;26;1
20;131;138.1015625;7.1015625;9;1;20.0;39;1;Samaha et al. (2019);Experiment 1;Orientation;1;40;;;;;;;27;1
20;107;103.8203125;-3.1796875;9;1;24.0;40;1;Samaha et al. (2019);Experiment 1;Orientation;1;40;;;;;;;28;1
20;139;109.296875;-29.703125;9;1;-32.0;41;0;Samaha et al. (2019);Experiment 1;Orientation;1;39;;;;;;;13;1
20;41;35.7734375;-5.2265625;9;1;-82.0;42;0;Samaha et al. (2019);Experiment 1;Orientation;1;39;;;;;;;14;1
20;13;178.3203125;-14.6796875;9;1;28.0;43;1;Samaha et al. (2019);Experiment 1;Orientation;1;40;;;;;;;29;1
20;172;178.765625;6.765625;9;1;21.0;44;0;Samaha et al. (2019);Experiment 1;Orientation;1;39;;;;;;;15;1
20;21;178.8828125;-22.1171875;9;1;-29.0;45;0;Samaha et al. (2019);Experiment 1;Orientation;1;39;;;;;;;16;1
20;64;44.0859375;-19.9140625;9;1;-43.0;46;0;Samaha et al. (2019);Experiment 1;Orientation;1;39;;;;;;;17;1
20;5;177.6875;-7.3125;9;1;59.0;47;0;Samaha et al. (2019);Experiment 1;Orientation;1;39;;;;;;;18;1
20;1;179.4453125;-1.5546875;9;1;4.0;48;0;Samaha et al. (2019);Experiment 1;Orientation;1;39;;;;;;;19;1
20;81;89.390625;8.390625;9;1;-80.0;49;0;Samaha et al. (2019);Experiment 1;Orientation;1;39;;;;;;;20;1
20;13;42.8671875;29.8671875;9;1;68.0;50;0;Samaha et al. (2019);Experiment 1;Orientation;1;39;;;;;;;21;1
20;143;120.6953125;-22.3046875;9;1;50.0;51;0;Samaha et al. (2019);Experiment 1;Orientation;1;39;;;;;;;22;1
20;47;43.984375;-3.015625;9;1;-84.0;52;1;Samaha et al. (2019);Experiment 1;Orientation;1;40;;;;;;;30;1
20;136;116.3984375;-19.6015625;9;1;-89.0;53;1;Samaha et al. (2019);Experiment 1;Orientation;1;40;;;;;;;31;1
20;147;134.53125;-12.46875;9;1;-11.0;54;1;Samaha et al. (2019);Experiment 1;Orientation;1;40;;;;;;;32;1
20;177;18.0;21.0;9;1;-30.0;55;0;Samaha et al. (2019);Experiment 1;Orientation;1;39;;;;;;;23;1
20;34;17.59375;-16.40625;9;1;-37.0;56;0;Samaha et al. (2019);Experiment 1;Orientation;1;39;;;;;;;24;1
20;53;41.90625;-11.09375;9;1;-19.0;57;0;Samaha et al. (2019);Experiment 1;Orientation;1;39;;;;;;;25;1
20;156;154.3984375;-1.6015625;9;1;77.0;58;1;Samaha et al. (2019);Experiment 1;Orientation;1;40;;;;;;;33;1
20;128;107.90625;-20.09375;9;1;28.0;59;0;Samaha et al. (2019);Experiment 1;Orientation;1;39;;;;;;;26;1
20;137;142.4140625;5.4140625;9;1;-9.0;60;0;Samaha et al. (2019);Experiment 1;Orientation;1;39;;;;;;;27;1
20;137;142.4140625;5.4140625;9;1;0.0;61;0;Samaha et al. (2019);Experiment 1;Orientation;1;39;;;;;;;28;1
20;20;9.2578125;-10.7421875;9;2;-63.0;251;1;Samaha et al. (2019);Experiment 1;Orientation;1;40;;;;;;;1;2
20;152;136.9609375;-15.0390625;9;2;48.0;252;1;Samaha et al. (2019);Experiment 1;Orientation;1;40;;;;;;;2;2
20;71;61.5390625;-9.4609375;9;2;81.0;253;1;Samaha et al. (2019);Experiment 1;Orientation;1;40;;;;;;;3;2
20;92;90.0;-2.0;9;2;-21.0;254;0;Samaha et al. (2019);Experiment 1;Orientation;1;39;;;;;;;1;2
20;102;108.234375;6.234375;9;2;-10.0;255;1;Samaha et al. (2019);Experiment 1;Orientation;1;40;;;;;;;4;2
20;29;15.40625;-13.59375;9;2;73.0;256;1;Samaha et al. (2019);Experiment 1;Orientation;1;40;;;;;;;5;2
20;113;110.0;-3.0;9;2;-84.0;257;1;Samaha et al. (2019);Experiment 1;Orientation;1;40;;;;;;;6;2
20;41;35.2109375;-5.7890625;9;2;72.0;258;1;Samaha et al. (2019);Experiment 1;Orientation;1;40;;;;;;;7;2
20;114;132.3515625;18.3515625;9;2;-73.0;259;1;Samaha et al. (2019);Experiment 1;Orientation;1;40;;;;;;;8;2
20;16;6.6171875;-9.3828125;9;2;-82.0;260;0;Samaha et al. (2019);Experiment 1;Orientation;1;39;;;;;;;2;2
20;168;167.5390625;-0.4609375;9;2;28.0;261;0;Samaha et al. (2019);Experiment 1;Orientation;1;39;;;;;;;3;2
20;43;44.234375;1.234375;9;2;-55.0;262;0;Samaha et al. (2019);Experiment 1;Orientation;1;39;;;;;;;4;2
20;70;63.390625;-6.609375;9;2;-27.0;263;0;Samaha et al. (2019);Experiment 1;Orientation;1;39;;;;;;;5;2
20;134;142.203125;8.203125;9;2;-64.0;264;0;Samaha et al. (2019);Experiment 1;Orientation;1;39;;;;;;;6;2
20;171;13.5078125;22.5078125;9;2;-37.0;265;1;Samaha et al. (2019);Experiment 1;Orientation;1;40;;;;;;;9;2
20;65;43.3125;-21.6875;9;2;-74.0;266;0;Samaha et al. (2019);Experiment 1;Orientation;1;39;;;;;;;7;2
20;75;56.3828125;-18.6171875;9;2;-10.0;267;1;Samaha et al. (2019);Experiment 1;Orientation;1;40;;;;;;;10;2
20;38;37.078125;-0.921875;9;2;37.0;268;0;Samaha et al. (2019);Experiment 1;Orientation;1;39;;;;;;;8;2
20;67;89.4765625;22.4765625;9;2;-29.0;269;1;Samaha et al. (2019);Experiment 1;Orientation;1;40;;;;;;;11;2
20;72;59.1640625;-12.8359375;9;2;-5.0;270;0;Samaha et al. (2019);Experiment 1;Orientation;1;39;;;;;;;9;2
20;57;72.0;15.0;9;2;15.0;271;1;Samaha et al. (2019);Experiment 1;Orientation;1;40;;;;;;;12;2
20;103;141.140625;38.140625;9;2;-46.0;272;1;Samaha et al. (2019);Experiment 1;Orientation;1;40;;;;;;;13;2
20;149;121.296875;-27.703125;9;2;-46.0;273;0;Samaha et al. (2019);Experiment 1;Orientation;1;39;;;;;;;10;2
20;160;176.828125;16.828125;9;2;-11.0;274;0;Samaha et al. (2019);Experiment 1;Orientation;1;39;;;;;;;11;2
20;17;177.6875;-19.3125;9;2;-37.0;275;1;Samaha et al. (2019);Experiment 1;Orientation;1;40;;;;;;;14;2
20;109;85.7890625;-23.2109375;9;2;88.0;276;1;Samaha et al. (2019);Experiment 1;Orientation;1;40;;;;;;;15;2
20;33;7.5078125;-25.4921875;9;2;76.0;277;1;Samaha et al. (2019);Experiment 1;Orientation;1;40;;;;;;;16;2
20;171;1.2265625;10.2265625;9;2;42.0;278;1;Samaha et al. (2019);Experiment 1;Orientation;1;40;;;;;;;17;2
20;171;159.34375;-11.65625;9;2;0.0;279;1;Samaha et al. (2019);Experiment 1;Orientation;1;40;;;;;;;18;2
20;81;99.09375;18.09375;9;2;90.0;280;1;Samaha et al. (2019);Experiment 1;Orientation;1;40;;;;;;;19;2
20;54;54.6171875;0.6171875;9;2;27.0;281;1;Samaha et al. (2019);Experiment 1;Orientation;1;40;;;;;;;20;2
20;50;30.515625;-19.484375;9;2;4.0;282;0;Samaha et al. (2019);Experiment 1;Orientation;1;39;;;;;;;12;2
20;118;52.0;-66.0;9;2;-68.0;283;0;Samaha et al. (2019);Experiment 1;Orientation;1;39;;;;;;;13;2
20;77;95.0625;18.0625;9;2;41.0;284;0;Samaha et al. (2019);Experiment 1;Orientation;1;39;;;;;;;14;2
20;122;111.015625;-10.984375;9;2;-45.0;285;1;Samaha et al. (2019);Experiment 1;Orientation;1;40;;;;;;;21;2
20;125;126.484375;1.484375;9;2;-3.0;286;1;Samaha et al. (2019);Experiment 1;Orientation;1;40;;;;;;;22;2
20;133;129.7734375;-3.2265625;9;2;-8.0;287;0;Samaha et al. (2019);Experiment 1;Orientation;1;39;;;;;;;15;2
20;165;9.015625;24.015625;9;2;-32.0;288;0;Samaha et al. (2019);Experiment 1;Orientation;1;39;;;;;;;16;2
20;52;42.4140625;-9.5859375;9;2;-67.0;289;0;Samaha et al. (2019);Experiment 1;Orientation;1;39;;;;;;;17;2
20;85;65.875;-19.125;9;2;-33.0;290;0;Samaha et al. (2019);Experiment 1;Orientation;1;39;;;;;;;18;2
20;136;131.375;-4.625;9;2;-51.0;291;1;Samaha et al. (2019);Experiment 1;Orientation;1;40;;;;;;;23;2
20;28;20.3984375;-7.6015625;9;2;-72.0;292;1;Samaha et al. (2019);Experiment 1;Orientation;1;40;;;;;;;24;2
20;34;57.078125;23.078125;9;2;-6.0;293;0;Samaha et al. (2019);Experiment 1;Orientation;1;39;;;;;;;19;2
20;98;90.0546875;-7.9453125;9;2;-64.0;294;1;Samaha et al. (2019);Experiment 1;Orientation;1;40;;;;;;;25;2
20;145;144.203125;-0.796875;9;2;-47.0;295;0;Samaha et al. (2019);Experiment 1;Orientation;1;39;;;;;;;20;2
20;91;89.90625;-1.09375;9;2;54.0;296;0;Samaha et al. (2019);Experiment 1;Orientation;1;39;;;;;;;21;2
20;129;145.921875;16.921875;9;2;-38.0;297;1;Samaha et al. (2019);Experiment 1;Orientation;1;40;;;;;;;26;2
20;20;17.046875;-2.953125;9;2;-71.0;298;1;Samaha et al. (2019);Experiment 1;Orientation;1;40;;;;;;;27;2
20;172;178.734375;6.734375;9;2;28.0;299;1;Samaha et al. (2019);Experiment 1;Orientation;1;40;;;;;;;28;2
20;47;43.7421875;-3.2578125;9;2;-55.0;300;0;Samaha et al. (2019);Experiment 1;Orientation;1;39;;;;;;;22;2
20;35;21.4453125;-13.5546875;9;2;12.0;301;1;Samaha et al. (2019);Experiment 1;Orientation;1;40;;;;;;;29;2
20;61;68.3203125;7.3203125;9;2;-26.0;302;0;Samaha et al. (2019);Experiment 1;Orientation;1;39;;;;;;;23;2
20;147;163.03125;16.03125;9;2;-86.0;303;1;Samaha et al. (2019);Experiment 1;Orientation;1;40;;;;;;;30;2
20;90;83.59375;-6.40625;9;2;57.0;304;1;Samaha et al. (2019);Experiment 1;Orientation;1;40;;;;;;;31;2
20;7;2.78125;-4.21875;9;2;83.0;305;1;Samaha et al. (2019);Experiment 1;Orientation;1;40;;;;;;;32;2
20;123;116.9296875;-6.0703125;9;2;64.0;306;1;Samaha et al. (2019);Experiment 1;Orientation;1;40;;;;;;;33;2
20;72;54.6015625;-17.3984375;9;2;51.0;307;1;Samaha et al. (2019);Experiment 1;Orientation;1;40;;;;;;;34;2
20;50;56.234375;6.234375;9;2;22.0;308;0;Samaha et al. (2019);Experiment 1;Orientation;1;39;;;;;;;24;2
20;140;131.046875;-8.953125;9;2;-90.0;309;1;Samaha et al. (2019);Experiment 1;Orientation;1;40;;;;;;;35;2
20;146;129.625;-16.375;9;2;-6.0;310;0;Samaha et al. (2019);Experiment 1;Orientation;1;39;;;;;;;25;2
20;146;129.625;-16.375;9;2;0.0;311;0;Samaha et al. (2019);Experiment 1;Orientation;1;39;;;;;;;26;2
20;153;63.8359375;-89.1640625;9;3;-7.0;501;1;Samaha et al. (2019);Experiment 1;Orientation;1;40;;;;;;;1;3
20;139;133.40625;-5.59375;9;3;14.0;502;0;Samaha et al. (2019);Experiment 1;Orientation;1;39;;;;;;;1;3
20;126;125.296875;-0.703125;9;3;13.0;503;0;Samaha et al. (2019);Experiment 1;Orientation;1;39;;;;;;;2;3
20;93;109.03125;16.03125;9;3;33.0;504;0;Samaha et al. (2019);Experiment 1;Orientation;1;39;;;;;;;3;3
20;67;62.6484375;-4.3515625;9;3;26.0;505;0;Samaha et al. (2019);Experiment 1;Orientation;1;39;;;;;;;4;3
20;14;6.546875;-7.453125;9;3;53.0;506;1;Samaha et al. (2019);Experiment 1;Orientation;1;40;;;;;;;2;3
20;129;128.3671875;-0.6328125;9;3;65.0;507;1;Samaha et al. (2019);Experiment 1;Orientation;1;40;;;;;;;3;3
20;46;51.0625;5.0625;9;3;83.0;508;1;Samaha et al. (2019);Experiment 1;Orientation;1;40;;;;;;;4;3
20;64;52.0859375;-11.9140625;9;3;-18.0;509;0;Samaha et al. (2019);Experiment 1;Orientation;1;39;;;;;;;5;3
20;7;179.8046875;-7.1953125;9;3;57.0;510;0;Samaha et al. (2019);Experiment 1;Orientation;1;39;;;;;;;6;3
20;93;88.1328125;-4.8671875;9;3;-86.0;511;0;Samaha et al. (2019);Experiment 1;Orientation;1;39;;;;;;;7;3
20;126;113.1953125;-12.8046875;9;3;-33.0;512;0;Samaha et al. (2019);Experiment 1;Orientation;1;39;;;;;;;8;3
20;179;177.359375;-1.640625;9;3;-53.0;513;0;Samaha et al. (2019);Experiment 1;Orientation;1;39;;;;;;;9;3
20;71;45.8203125;-25.1796875;9;3;-72.0;514;0;Samaha et al. (2019);Experiment 1;Orientation;1;39;;;;;;;10;3
20;43;46.4296875;3.4296875;9;3;28.0;515;0;Samaha et al. (2019);Experiment 1;Orientation;1;39;;;;;;;11;3
20;151;148.6328125;-2.3671875;9;3;72.0;516;1;Samaha et al. (2019);Experiment 1;Orientation;1;40;;;;;;;5;3
20;61;35.65625;-25.34375;9;3;90.0;517;0;Samaha et al. (2019);Experiment 1;Orientation;1;39;;;;;;;12;3
20;118;116.453125;-1.546875;9;3;-57.0;518;1;Samaha et al. (2019);Experiment 1;Orientation;1;40;;;;;;;6;3
20;81;88.15625;7.15625;9;3;37.0;519;0;Samaha et al. (2019);Experiment 1;Orientation;1;39;;;;;;;13;3
20;158;174.0;16.0;9;3;-77.0;520;0;Samaha et al. (2019);Experiment 1;Orientation;1;39;;;;;;;14;3
20;128;120.3359375;-7.6640625;9;3;30.0;521;1;Samaha et al. (2019);Experiment 1;Orientation;1;40;;;;;;;7;3
20;13;0.15625;-12.84375;9;3;-65.0;522;1;Samaha et al. (2019);Experiment 1;Orientation;1;40;;;;;;;8;3
20;79;74.6484375;-4.3515625;9;3;-66.0;523;1;Samaha et al. (2019);Experiment 1;Orientation;1;40;;;;;;;9;3
20;163;172.0;9.0;9;3;-84.0;524;0;Samaha et al. (2019);Experiment 1;Orientation;1;39;;;;;;;15;3
20;170;12.3984375;22.3984375;9;3;-7.0;525;0;Samaha et al. (2019);Experiment 1;Orientation;1;39;;;;;;;16;3
20;111;126.9609375;15.9609375;9;3;59.0;526;1;Samaha et al. (2019);Experiment 1;Orientation;1;40;;;;;;;10;3
20;3;1.6875;-1.3125;9;3;-72.0;527;0;Samaha et al. (2019);Experiment 1;Orientation;1;39;;;;;;;17;3
20;158;170.4140625;12.4140625;9;3;25.0;528;0;Samaha et al. (2019);Experiment 1;Orientation;1;39;;;;;;;18;3
20;53;94.0;41.0;9;3;-75.0;529;1;Samaha et al. (2019);Experiment 1;Orientation;1;40;;;;;;;11;3
20;8;10.6640625;2.6640625;9;3;45.0;530;0;Samaha et al. (2019);Experiment 1;Orientation;1;39;;;;;;;19;3
20;160;170.1015625;10.1015625;9;3;28.0;531;0;Samaha et al. (2019);Experiment 1;Orientation;1;39;;;;;;;20;3
20;119;98.25;-20.75;9;3;41.0;532;1;Samaha et al. (2019);Experiment 1;Orientation;1;40;;;;;;;12;3
20;84;93.609375;9.609375;9;3;35.0;533;1;Samaha et al. (2019);Experiment 1;Orientation;1;40;;;;;;;13;3
20;77;77.7734375;0.7734375;9;3;7.0;534;0;Samaha et al. (2019);Experiment 1;Orientation;1;39;;;;;;;21;3
20;16;9.296875;-6.703125;9;3;61.0;535;1;Samaha et al. (2019);Experiment 1;Orientation;1;40;;;;;;;14;3
20;35;17.34375;-17.65625;9;3;-19.0;536;0;Samaha et al. (2019);Experiment 1;Orientation;1;39;;;;;;;22;3
20;128;129.7890625;1.7890625;9;3;87.0;537;1;Samaha et al. (2019);Experiment 1;Orientation;1;40;;;;;;;15;3
20;34;123.8203125;89.8203125;9;3;-86.0;538;0;Samaha et al. (2019);Experiment 1;Orientation;1;39;;;;;;;23;3
20;120;125.34375;5.34375;9;3;-86.0;539;1;Samaha et al. (2019);Experiment 1;Orientation;1;40;;;;;;;16;3
20;113;136.9609375;23.9609375;9;3;7.0;540;0;Samaha et al. (2019);Experiment 1;Orientation;1;39;;;;;;;24;3
20;141;127.2109375;-13.7890625;9;3;-28.0;541;0;Samaha et al. (2019);Experiment 1;Orientation;1;39;;;;;;;25;3
20;154;142.265625;-11.734375;9;3;-13.0;542;1;Samaha et al. (2019);Experiment 1;Orientation;1;40;;;;;;;17;3
20;13;127.96875;-65.03125;9;3;-39.0;543;1;Samaha et al. (2019);Experiment 1;Orientation;1;40;;;;;;;18;3
20;30;18.171875;-11.828125;9;3;-17.0;544;1;Samaha et al. (2019);Experiment 1;Orientation;1;40;;;;;;;19;3
20;29;35.4453125;6.4453125;9;3;1.0;545;0;Samaha et al. (2019);Experiment 1;Orientation;1;39;;;;;;;26;3
20;83;82.7109375;-0.2890625;9;3;-54.0;546;1;Samaha et al. (2019);Experiment 1;Orientation;1;40;;;;;;;20;3
20;68;76.6171875;8.6171875;9;3;15.0;547;1;Samaha et al. (2019);Experiment 1;Orientation;1;40;;;;;;;21;3
20;157;151.2109375;-5.7890625;9;3;-89.0;548;1;Samaha et al. (2019);Experiment 1;Orientation;1;40;;;;;;;22;3
20;59;40.0703125;-18.9296875;9;3;-82.0;549;0;Samaha et al. (2019);Experiment 1;Orientation;1;39;;;;;;;27;3
20;124;118.0;-6.0;9;3;-65.0;550;1;Samaha et al. (2019);Experiment 1;Orientation;1;40;;;;;;;23;3
20;52;45.7734375;-6.2265625;9;3;72.0;551;1;Samaha et al. (2019);Experiment 1;Orientation;1;40;;;;;;;24;3
20;18;73.5390625;55.5390625;9;3;34.0;552;1;Samaha et al. (2019);Experiment 1;Orientation;1;40;;;;;;;25;3
20;61;56.3203125;-4.6796875;9;3;-43.0;553;0;Samaha et al. (2019);Experiment 1;Orientation;1;39;;;;;;;28;3
20;76;95.1640625;19.1640625;9;3;-15.0;554;1;Samaha et al. (2019);Experiment 1;Orientation;1;40;;;;;;;26;3
20;128;112.0;-16.0;9;3;-52.0;555;1;Samaha et al. (2019);Experiment 1;Orientation;1;40;;;;;;;27;3
20;113;75.2421875;-37.7578125;9;3;15.0;556;1;Samaha et al. (2019);Experiment 1;Orientation;1;40;;;;;;;28;3
20;72;58.546875;-13.453125;9;3;41.0;557;0;Samaha et al. (2019);Experiment 1;Orientation;1;39;;;;;;;29;3
20;9;4.6796875;-4.3203125;9;3;63.0;558;0;Samaha et al. (2019);Experiment 1;Orientation;1;39;;;;;;;30;3
20;166;1.40625;15.40625;9;3;23.0;559;1;Samaha et al. (2019);Experiment 1;Orientation;1;40;;;;;;;29;3
20;12;178.3515625;-13.6484375;9;3;-26.0;560;1;Samaha et al. (2019);Experiment 1;Orientation;1;40;;;;;;;30;3
20;12;178.3515625;-13.6484375;9;3;0.0;561;1;Samaha et al. (2019);Experiment 1;Orientation;1;40;;;;;;;31;3
20;147;150.5625;3.5625;9;4;45.0;751;1;Samaha et al. (2019);Experiment 1;Orientation;1;40;;;;;;;1;4
20;11;36.453125;25.453125;9;4;-44.0;752;1;Samaha et al. (2019);Experiment 1;Orientation;1;40;;;;;;;2;4
20;39;50.0;11.0;9;4;-28.0;753;1;Samaha et al. (2019);Experiment 1;Orientation;1;40;;;;;;;3;4
20;39;50.21875;11.21875;9;4;0.0;754;1;Samaha et al. (2019);Experiment 1;Orientation;1;40;;;;;;;4;4
20;113;135.625;22.625;9;4;-74.0;755;1;Samaha et al. (2019);Experiment 1;Orientation;1;40;;;;;;;5;4
20;134;112.484375;-21.515625;9;4;-21.0;756;1;Samaha et al. (2019);Experiment 1;Orientation;1;40;;;;;;;6;4
20;2;1.328125;-0.671875;9;4;-48.0;757;0;Samaha et al. (2019);Experiment 1;Orientation;1;39;;;;;;;1;4
20;43;47.65625;4.65625;9;4;-41.0;758;0;Samaha et al. (2019);Experiment 1;Orientation;1;39;;;;;;;2;4
20;119;115.6875;-3.3125;9;4;-76.0;759;0;Samaha et al. (2019);Experiment 1;Orientation;1;39;;;;;;;3;4
20;116;114.75;-1.25;9;4;3.0;760;1;Samaha et al. (2019);Experiment 1;Orientation;1;40;;;;;;;7;4
20;113;103.8046875;-9.1953125;9;4;3.0;761;1;Samaha et al. (2019);Experiment 1;Orientation;1;40;;;;;;;8;4
20;16;12.0;-4.0;9;4;-83.0;762;0;Samaha et al. (2019);Experiment 1;Orientation;1;39;;;;;;;4;4
20;151;144.6171875;-6.3828125;9;4;45.0;763;1;Samaha et al. (2019);Experiment 1;Orientation;1;40;;;;;;;9;4
20;175;2.265625;7.265625;9;4;-24.0;764;0;Samaha et al. (2019);Experiment 1;Orientation;1;39;;;;;;;5;4
20;125;126.265625;1.265625;9;4;50.0;765;1;Samaha et al. (2019);Experiment 1;Orientation;1;40;;;;;;;10;4
20;83;95.7890625;12.7890625;9;4;42.0;766;0;Samaha et al. (2019);Experiment 1;Orientation;1;39;;;;;;;6;4
20;30;38.0;8.0;9;4;53.0;767;0;Samaha et al. (2019);Experiment 1;Orientation;1;39;;;;;;;7;4
20;152;145.4921875;-6.5078125;9;4;58.0;768;0;Samaha et al. (2019);Experiment 1;Orientation;1;39;;;;;;;8;4
20;159;160.6796875;1.6796875;9;4;-7.0;769;1;Samaha et al. (2019);Experiment 1;Orientation;1;40;;;;;;;11;4
20;158;128.3515625;-29.6484375;9;4;1.0;770;0;Samaha et al. (2019);Experiment 1;Orientation;1;39;;;;;;;9;4
20;165;1.890625;16.890625;9;4;-7.0;771;0;Samaha et al. (2019);Experiment 1;Orientation;1;39;;;;;;;10;4
20;135;123.125;-11.875;9;4;30.0;772;1;Samaha et al. (2019);Experiment 1;Orientation;1;40;;;;;;;12;4
20;113;118.1875;5.1875;9;4;22.0;773;0;Samaha et al. (2019);Experiment 1;Orientation;1;39;;;;;;;11;4
20;165;156.265625;-8.734375;9;4;-52.0;774;1;Samaha et al. (2019);Experiment 1;Orientation;1;40;;;;;;;13;4
20;88;85.9375;-2.0625;9;4;77.0;775;0;Samaha et al. (2019);Experiment 1;Orientation;1;39;;;;;;;12;4
20;176;0.6484375;4.6484375;9;4;-88.0;776;1;Samaha et al. (2019);Experiment 1;Orientation;1;40;;;;;;;14;4
20;30;38.0;8.0;9;4;-34.0;777;0;Samaha et al. (2019);Experiment 1;Orientation;1;39;;;;;;;13;4
20;99;88.9140625;-10.0859375;9;4;-69.0;778;1;Samaha et al. (2019);Experiment 1;Orientation;1;40;;;;;;;15;4
20;125;113.7890625;-11.2109375;9;4;-26.0;779;0;Samaha et al. (2019);Experiment 1;Orientation;1;39;;;;;;;14;4
20;62;49.1953125;-12.8046875;9;4;63.0;780;1;Samaha et al. (2019);Experiment 1;Orientation;1;40;;;;;;;16;4
20;52;67.5234375;15.5234375;9;4;10.0;781;1;Samaha et al. (2019);Experiment 1;Orientation;1;40;;;;;;;17;4
20;38;41.09375;3.09375;9;4;14.0;782;1;Samaha et al. (2019);Experiment 1;Orientation;1;40;;;;;;;18;4
20;36;44.84375;8.84375;9;4;2.0;783;0;Samaha et al. (2019);Experiment 1;Orientation;1;39;;;;;;;15;4
20;142;142.3984375;0.3984375;9;4;74.0;784;0;Samaha et al. (2019);Experiment 1;Orientation;1;39;;;;;;;16;4
20;149;141.921875;-7.078125;9;4;-7.0;785;0;Samaha et al. (2019);Experiment 1;Orientation;1;39;;;;;;;17;4
20;132;124.0;-8.0;9;4;17.0;786;1;Samaha et al. (2019);Experiment 1;Orientation;1;40;;;;;;;19;4
20;145;140.0;-5.0;9;4;-13.0;787;1;Samaha et al. (2019);Experiment 1;Orientation;1;40;;;;;;;20;4
20;23;52.8125;29.8125;9;4;-58.0;788;1;Samaha et al. (2019);Experiment 1;Orientation;1;40;;;;;;;21;4
20;59;50.84375;-8.15625;9;4;-36.0;789;0;Samaha et al. (2019);Experiment 1;Orientation;1;39;;;;;;;18;4
20;23;176.3515625;-26.6484375;9;4;36.0;790;1;Samaha et al. (2019);Experiment 1;Orientation;1;40;;;;;;;22;4
20;63;81.2734375;18.2734375;9;4;-40.0;791;0;Samaha et al. (2019);Experiment 1;Orientation;1;39;;;;;;;19;4
20;13;26.3984375;13.3984375;9;4;50.0;792;1;Samaha et al. (2019);Experiment 1;Orientation;1;40;;;;;;;23;4
20;52;50.0;-2.0;9;4;-39.0;793;0;Samaha et al. (2019);Experiment 1;Orientation;1;39;;;;;;;20;4
20;132;134.0234375;2.0234375;9;4;-80.0;794;0;Samaha et al. (2019);Experiment 1;Orientation;1;39;;;;;;;21;4
20;38;104.0;66.0;9;4;-86.0;795;1;Samaha et al. (2019);Experiment 1;Orientation;1;40;;;;;;;24;4
20;102;168.0;66.0;9;4;-64.0;796;1;Samaha et al. (2019);Experiment 1;Orientation;1;40;;;;;;;25;4
20;121;124.4375;3.4375;9;4;-19.0;797;0;Samaha et al. (2019);Experiment 1;Orientation;1;39;;;;;;;22;4
20;30;17.90625;-12.09375;9;4;-89.0;798;1;Samaha et al. (2019);Experiment 1;Orientation;1;40;;;;;;;26;4
20;79;87.4609375;8.4609375;9;4;-49.0;799;0;Samaha et al. (2019);Experiment 1;Orientation;1;39;;;;;;;23;4
20;6;102.0;-84.0;9;4;73.0;800;0;Samaha et al. (2019);Experiment 1;Orientation;1;39;;;;;;;24;4
20;171;2.484375;11.484375;9;4;15.0;801;1;Samaha et al. (2019);Experiment 1;Orientation;1;40;;;;;;;27;4
20;83;92.546875;9.546875;9;4;88.0;802;0;Samaha et al. (2019);Experiment 1;Orientation;1;39;;;;;;;25;4
20;85;83.4765625;-1.5234375;9;4;-2.0;803;1;Samaha et al. (2019);Experiment 1;Orientation;1;40;;;;;;;28;4
20;32;56.3671875;24.3671875;9;4;53.0;804;1;Samaha et al. (2019);Experiment 1;Orientation;1;40;;;;;;;29;4
20;101;102.3515625;1.3515625;9;4;-69.0;805;1;Samaha et al. (2019);Experiment 1;Orientation;1;40;;;;;;;30;4
20;42;56.0;14.0;9;4;59.0;806;0;Samaha et al. (2019);Experiment 1;Orientation;1;39;;;;;;;26;4
20;103;128.4375;25.4375;9;4;-61.0;807;0;Samaha et al. (2019);Experiment 1;Orientation;1;39;;;;;;;27;4
20;141;118.25;-22.75;9;4;-38.0;808;1;Samaha et al. (2019);Experiment 1;Orientation;1;40;;;;;;;31;4
20;126;118.0;-8.0;9;4;15.0;809;0;Samaha et al. (2019);Experiment 1;Orientation;1;39;;;;;;;28;4
20;123;122.0;-1.0;9;4;3.0;810;1;Samaha et al. (2019);Experiment 1;Orientation;1;40;;;;;;;32;4
20;123;122.0;-1.0;9;4;0.0;811;0;Samaha et al. (2019);Experiment 1;Orientation;1;39;;;;;;;29;4
20;167;14.8125;27.8125;9;5;-44.0;1001;0;Samaha et al. (2019);Experiment 1;Orientation;1;39;;;;;;;1;5
20;56;58.796875;2.796875;9;5;-69.0;1002;0;Samaha et al. (2019);Experiment 1;Orientation;1;39;;;;;;;2;5
20;59;55.375;-3.625;9;5;-3.0;1003;1;Samaha et al. (2019);Experiment 1;Orientation;1;40;;;;;;;1;5
20;77;68.765625;-8.234375;9;5;-18.0;1004;1;Samaha et al. (2019);Experiment 1;Orientation;1;40;;;;;;;2;5
20;144;112.6171875;-31.3828125;9;5;-67.0;1005;0;Samaha et al. (2019);Experiment 1;Orientation;1;39;;;;;;;3;5
20;142;129.8359375;-12.1640625;9;5;2.0;1006;0;Samaha et al. (2019);Experiment 1;Orientation;1;39;;;;;;;4;5
20;14;21.9375;7.9375;9;5;-52.0;1007;1;Samaha et al. (2019);Experiment 1;Orientation;1;40;;;;;;;3;5
20;141;123.4921875;-17.5078125;9;5;53.0;1008;0;Samaha et al. (2019);Experiment 1;Orientation;1;39;;;;;;;5;5
20;44;63.609375;19.609375;9;5;-83.0;1009;0;Samaha et al. (2019);Experiment 1;Orientation;1;39;;;;;;;6;5
20;150;135.296875;-14.703125;9;5;74.0;1010;1;Samaha et al. (2019);Experiment 1;Orientation;1;40;;;;;;;4;5
20;101;92.28125;-8.71875;9;5;49.0;1011;0;Samaha et al. (2019);Experiment 1;Orientation;1;39;;;;;;;7;5
20;130;117.375;-12.625;9;5;-29.0;1012;0;Samaha et al. (2019);Experiment 1;Orientation;1;39;;;;;;;8;5
20;23;32.265625;9.265625;9;5;-73.0;1013;0;Samaha et al. (2019);Experiment 1;Orientation;1;39;;;;;;;9;5
20;50;32.0546875;-17.9453125;9;5;-27.0;1014;1;Samaha et al. (2019);Experiment 1;Orientation;1;40;;;;;;;5;5
20;45;35.5234375;-9.4765625;9;5;5.0;1015;1;Samaha et al. (2019);Experiment 1;Orientation;1;40;;;;;;;6;5
20;67;57.359375;-9.640625;9;5;-22.0;1016;0;Samaha et al. (2019);Experiment 1;Orientation;1;39;;;;;;;10;5
20;41;63.4609375;22.4609375;9;5;26.0;1017;1;Samaha et al. (2019);Experiment 1;Orientation;1;40;;;;;;;7;5
20;112;104.0;-8.0;9;5;-71.0;1018;0;Samaha et al. (2019);Experiment 1;Orientation;1;39;;;;;;;11;5
20;153;141.8046875;-11.1953125;9;5;-41.0;1019;1;Samaha et al. (2019);Experiment 1;Orientation;1;40;;;;;;;8;5
20;22;17.4453125;-4.5546875;9;5;-49.0;1020;1;Samaha et al. (2019);Experiment 1;Orientation;1;40;;;;;;;9;5
20;100;22.0;-78.0;9;5;-78.0;1021;0;Samaha et al. (2019);Experiment 1;Orientation;1;39;;;;;;;12;5
20;70;47.421875;-22.578125;9;5;30.0;1022;0;Samaha et al. (2019);Experiment 1;Orientation;1;39;;;;;;;13;5
20;128;112.796875;-15.203125;9;5;-58.0;1023;1;Samaha et al. (2019);Experiment 1;Orientation;1;40;;;;;;;10;5
20;22;43.703125;21.703125;9;5;-74.0;1024;0;Samaha et al. (2019);Experiment 1;Orientation;1;39;;;;;;;14;5
20;58;46.0859375;-11.9140625;9;5;-36.0;1025;0;Samaha et al. (2019);Experiment 1;Orientation;1;39;;;;;;;15;5
20;165;163.7578125;-1.2421875;9;5;73.0;1026;1;Samaha et al. (2019);Experiment 1;Orientation;1;40;;;;;;;11;5
20;58;76.3671875;18.3671875;9;5;-73.0;1027;1;Samaha et al. (2019);Experiment 1;Orientation;1;40;;;;;;;12;5
20;46;48.9921875;2.9921875;9;5;12.0;1028;0;Samaha et al. (2019);Experiment 1;Orientation;1;39;;;;;;;16;5
20;101;60.8828125;-40.1171875;9;5;-55.0;1029;0;Samaha et al. (2019);Experiment 1;Orientation;1;39;;;;;;;17;5
20;128;114.234375;-13.765625;9;5;-27.0;1030;0;Samaha et al. (2019);Experiment 1;Orientation;1;39;;;;;;;18;5
20;90;110.8125;20.8125;9;5;38.0;1031;0;Samaha et al. (2019);Experiment 1;Orientation;1;39;;;;;;;19;5
20;71;31.7421875;-39.2578125;9;5;19.0;1032;0;Samaha et al. (2019);Experiment 1;Orientation;1;39;;;;;;;20;5
20;61;63.625;2.625;9;5;10.0;1033;0;Samaha et al. (2019);Experiment 1;Orientation;1;39;;;;;;;21;5
20;5;3.59375;-1.40625;9;5;56.0;1034;0;Samaha et al. (2019);Experiment 1;Orientation;1;39;;;;;;;22;5
20;69;90.3515625;21.3515625;9;5;-64.0;1035;1;Samaha et al. (2019);Experiment 1;Orientation;1;40;;;;;;;13;5
20;114;175.890625;61.890625;9;5;-45.0;1036;1;Samaha et al. (2019);Experiment 1;Orientation;1;40;;;;;;;14;5
20;17;60.0;43.0;9;5;-83.0;1037;0;Samaha et al. (2019);Experiment 1;Orientation;1;39;;;;;;;23;5
20;32;44.9140625;12.9140625;9;5;-15.0;1038;0;Samaha et al. (2019);Experiment 1;Orientation;1;39;;;;;;;24;5
20;42;31.078125;-10.921875;9;5;-10.0;1039;0;Samaha et al. (2019);Experiment 1;Orientation;1;39;;;;;;;25;5
20;163;68.9140625;85.9140625;9;5;59.0;1040;1;Samaha et al. (2019);Experiment 1;Orientation;1;40;;;;;;;15;5
20;79;89.984375;10.984375;9;5;84.0;1041;1;Samaha et al. (2019);Experiment 1;Orientation;1;40;;;;;;;16;5
20;170;173.5703125;3.5703125;9;5;89.0;1042;1;Samaha et al. (2019);Experiment 1;Orientation;1;40;;;;;;;17;5
20;73;60.7109375;-12.2890625;9;5;-83.0;1043;1;Samaha et al. (2019);Experiment 1;Orientation;1;40;;;;;;;18;5
20;118;46.0;-72.0;9;5;-45.0;1044;1;Samaha et al. (2019);Experiment 1;Orientation;1;40;;;;;;;19;5
20;107;20.0;-87.0;9;5;11.0;1045;0;Samaha et al. (2019);Experiment 1;Orientation;1;39;;;;;;;26;5
20;91;82.6953125;-8.3046875;9;5;16.0;1046;0;Samaha et al. (2019);Experiment 1;Orientation;1;39;;;;;;;27;5
20;72;74.0;2.0;9;5;19.0;1047;0;Samaha et al. (2019);Experiment 1;Orientation;1;39;;;;;;;28;5
20;37;79.421875;42.421875;9;5;35.0;1048;0;Samaha et al. (2019);Experiment 1;Orientation;1;39;;;;;;;29;5
20;161;58.0;77.0;9;5;56.0;1049;1;Samaha et al. (2019);Experiment 1;Orientation;1;40;;;;;;;20;5
20;99;91.046875;-7.953125;9;5;62.0;1050;1;Samaha et al. (2019);Experiment 1;Orientation;1;40;;;;;;;21;5
20;42;70.0;28.0;9;5;57.0;1051;1;Samaha et al. (2019);Experiment 1;Orientation;1;40;;;;;;;22;5
20;138;108.6328125;-29.3671875;9;5;84.0;1052;1;Samaha et al. (2019);Experiment 1;Orientation;1;40;;;;;;;23;5
20;132;120.0;-12.0;9;5;6.0;1053;0;Samaha et al. (2019);Experiment 1;Orientation;1;39;;;;;;;30;5
20;44;51.5234375;7.5234375;9;5;88.0;1054;0;Samaha et al. (2019);Experiment 1;Orientation;1;39;;;;;;;31;5
20;74;52.0;-22.0;9;5;-30.0;1055;1;Samaha et al. (2019);Experiment 1;Orientation;1;40;;;;;;;24;5
20;96;84.5625;-11.4375;9;5;-22.0;1056;0;Samaha et al. (2019);Experiment 1;Orientation;1;39;;;;;;;32;5
20;106;80.0;-26.0;9;5;-10.0;1057;0;Samaha et al. (2019);Experiment 1;Orientation;1;39;;;;;;;33;5
20;4;176.0;-8.0;9;5;-78.0;1058;0;Samaha et al. (2019);Experiment 1;Orientation;1;39;;;;;;;34;5
20;148;132.0;-16.0;9;5;36.0;1059;0;Samaha et al. (2019);Experiment 1;Orientation;1;39;;;;;;;35;5
20;133;133.375;0.375;9;5;15.0;1060;1;Samaha et al. (2019);Experiment 1;Orientation;1;40;;;;;;;25;5
20;133;133.375;0.375;9;5;0.0;1061;1;Samaha et al. (2019);Experiment 1;Orientation;1;40;;;;;;;26;5
