study,codenum,obs,block,cond,total_rows,comparisons,matches,mismatches
Abreo et al. (2023),1,1,1,1.0,26,25,0,25
Abreo et al. (2023),1,1,2,1.0,44,43,1,42
Abreo et al. (2023),1,1,3,1.0,33,32,1,31
Abreo et al. (2023),1,1,4,1.0,33,32,0,32
Abreo et al. (2023),1,1,5,1.0,33,32,0,32
Abreo et al. (2023),1,1,6,1.0,57,56,0,56
Abreo et al. (2023),1,2,1,1.0,29,28,0,28
Abreo et al. (2023),1,2,2,1.0,31,30,0,30
Abreo et al. (2023),1,2,3,1.0,37,36,0,36
Abreo et al. (2023),1,2,4,1.0,29,28,0,28
Abreo et al. (2023),1,2,5,1.0,43,42,1,41
Abreo et al. (2023),1,2,33,1.0,32,31,0,31
Abreo et al. (2023),1,3,1,1.0,23,22,0,22
Abreo et al. (2023),1,3,2,1.0,36,35,0,35
Abreo et al. (2023),1,3,3,1.0,28,27,1,26
Abreo et al. (2023),1,3,4,1.0,32,31,0,31
Abreo et al. (2023),1,3,5,1.0,31,30,0,30
Abreo et al. (2023),1,3,6,1.0,36,35,0,35
Abreo et al. (2023),1,4,1,1.0,26,25,0,25
Abreo et al. (2023),1,4,2,1.0,32,31,1,30
Abreo et al. (2023),1,4,3,1.0,31,30,1,29
Abreo et al. (2023),1,4,4,1.0,106,105,2,103
Abreo et al. (2023),1,4,5,1.0,30,29,0,29
Abreo et al. (2023),1,4,6,1.0,31,30,1,29
Abreo et al. (2023),1,5,1,1.0,37,36,0,36
Abreo et al. (2023),1,5,2,1.0,27,26,0,26
Abreo et al. (2023),1,5,3,1.0,34,33,0,33
Abreo et al. (2023),1,5,4,1.0,35,34,1,33
Abreo et al. (2023),1,5,5,1.0,41,40,0,40
Abreo et al. (2023),1,5,6,1.0,36,35,1,34
Abreo et al. (2023),1,6,1,1.0,36,35,0,35
Abreo et al. (2023),1,6,2,1.0,27,26,0,26
Abreo et al. (2023),1,6,3,1.0,32,31,0,31
Abreo et al. (2023),1,6,4,1.0,29,28,2,26
Abreo et al. (2023),1,6,5,1.0,27,26,0,26
Abreo et al. (2023),1,6,6,1.0,33,32,0,32
Abreo et al. (2023),1,7,1,1.0,33,32,0,32
Abreo et al. (2023),1,7,2,1.0,38,37,0,37
Abreo et al. (2023),1,7,3,1.0,33,32,1,31
Abreo et al. (2023),1,7,4,1.0,23,22,0,22
Abreo et al. (2023),1,7,5,1.0,29,28,0,28
Abreo et al. (2023),1,7,6,1.0,34,33,0,33
Abreo et al. (2023),1,8,1,1.0,29,28,0,28
Abreo et al. (2023),1,8,2,1.0,34,33,0,33
Abreo et al. (2023),1,8,3,1.0,34,33,0,33
Abreo et al. (2023),1,8,4,1.0,40,39,0,39
Abreo et al. (2023),1,8,5,1.0,37,36,0,36
Abreo et al. (2023),1,8,6,1.0,28,27,1,26
Abreo et al. (2023),1,9,1,1.0,32,31,0,31
Abreo et al. (2023),1,9,2,1.0,31,30,0,30
Abreo et al. (2023),1,9,3,1.0,26,25,0,25
Abreo et al. (2023),1,9,4,1.0,36,35,0,35
Abreo et al. (2023),1,9,5,1.0,31,30,0,30
Abreo et al. (2023),1,9,6,1.0,31,30,0,30
Abreo et al. (2023),1,10,1,1.0,32,31,0,31
Abreo et al. (2023),1,10,2,1.0,32,31,0,31
Abreo et al. (2023),1,10,3,1.0,32,31,1,30
Abreo et al. (2023),1,10,4,1.0,32,31,1,30
Abreo et al. (2023),1,10,5,1.0,29,28,0,28
Abreo et al. (2023),1,10,6,1.0,33,32,0,32
Abreo et al. (2023),1,11,1,1.0,25,24,0,24
Abreo et al. (2023),1,11,2,1.0,34,33,0,33
Abreo et al. (2023),1,11,3,1.0,36,35,0,35
Abreo et al. (2023),1,11,4,1.0,42,41,0,41
Abreo et al. (2023),1,11,5,1.0,33,32,0,32
Abreo et al. (2023),1,11,6,1.0,25,24,0,24
Abreo et al. (2023),1,12,1,1.0,31,30,0,30
Abreo et al. (2023),1,12,2,1.0,33,32,0,32
Abreo et al. (2023),1,12,3,1.0,36,35,0,35
Abreo et al. (2023),1,13,1,1.0,35,34,0,34
Abreo et al. (2023),1,13,2,1.0,35,34,0,34
Abreo et al. (2023),1,13,3,1.0,30,29,0,29
Abreo et al. (2023),1,13,4,1.0,28,27,1,26
Abreo et al. (2023),1,13,5,1.0,33,32,0,32
Abreo et al. (2023),1,13,6,1.0,32,31,0,31
Abreo et al. (2023),1,14,1,1.0,43,42,0,42
Abreo et al. (2023),1,14,2,1.0,36,35,0,35
Abreo et al. (2023),1,14,3,1.0,31,30,0,30
Abreo et al. (2023),1,14,4,1.0,35,34,0,34
Abreo et al. (2023),1,14,5,1.0,30,29,0,29
Abreo et al. (2023),1,14,6,1.0,34,33,1,32
Abreo et al. (2023),1,15,1,1.0,34,33,0,33
Abreo et al. (2023),1,15,2,1.0,31,30,1,29
Abreo et al. (2023),1,15,3,1.0,33,32,1,31
Abreo et al. (2023),1,15,4,1.0,34,33,0,33
Abreo et al. (2023),1,15,5,1.0,35,34,1,33
Abreo et al. (2023),1,15,6,1.0,35,34,1,33
Abreo et al. (2023),1,16,1,1.0,29,28,0,28
Abreo et al. (2023),1,16,2,1.0,33,32,0,32
Abreo et al. (2023),1,16,3,1.0,30,29,0,29
Abreo et al. (2023),1,16,4,1.0,26,25,0,25
Abreo et al. (2023),1,16,5,1.0,30,29,0,29
Abreo et al. (2023),1,16,6,1.0,34,33,0,33
Abreo et al. (2023),1,17,1,1.0,36,35,0,35
Abreo et al. (2023),1,17,2,1.0,30,29,1,28
Abreo et al. (2023),1,17,3,1.0,29,28,0,28
Abreo et al. (2023),1,17,4,1.0,38,37,0,37
Abreo et al. (2023),1,17,5,1.0,27,26,0,26
Abreo et al. (2023),1,17,6,1.0,27,26,0,26
Abreo et al. (2023),1,18,1,1.0,34,33,0,33
Abreo et al. (2023),1,18,2,1.0,33,32,0,32
Abreo et al. (2023),1,18,3,1.0,36,35,0,35
Abreo et al. (2023),1,18,4,1.0,27,26,0,26
Abreo et al. (2023),1,18,5,1.0,40,39,0,39
Abreo et al. (2023),1,18,6,1.0,37,36,0,36
Abreo et al. (2023),1,19,1,1.0,27,26,0,26
Abreo et al. (2023),1,19,2,1.0,40,39,0,39
Abreo et al. (2023),1,19,3,1.0,31,30,0,30
Abreo et al. (2023),1,19,4,1.0,35,34,1,33
Abreo et al. (2023),1,19,5,1.0,31,30,0,30
Abreo et al. (2023),1,19,6,1.0,34,33,0,33
Abreo et al. (2023),1,20,1,1.0,28,27,0,27
Abreo et al. (2023),1,20,2,1.0,34,33,0,33
Abreo et al. (2023),1,20,3,1.0,24,23,0,23
Abreo et al. (2023),1,20,4,1.0,37,36,0,36
Abreo et al. (2023),1,20,5,1.0,30,29,1,28
Abreo et al. (2023),1,20,6,1.0,29,28,0,28
Abreo et al. (2023),1,21,1,1.0,37,36,0,36
Abreo et al. (2023),1,21,2,1.0,26,25,0,25
Abreo et al. (2023),1,21,3,1.0,32,31,0,31
Abreo et al. (2023),1,21,4,1.0,31,30,0,30
Abreo et al. (2023),1,21,5,1.0,42,41,0,41
Abreo et al. (2023),1,22,1,1.0,34,33,1,32
Abreo et al. (2023),1,22,2,1.0,35,34,0,34
Abreo et al. (2023),1,22,3,1.0,33,32,0,32
Abreo et al. (2023),1,22,5,1.0,31,30,0,30
Abreo et al. (2023),1,22,6,1.0,25,24,0,24
Abreo et al. (2023),1,23,1,1.0,28,27,0,27
Abreo et al. (2023),1,23,2,1.0,30,29,0,29
Abreo et al. (2023),1,23,3,1.0,23,22,0,22
Abreo et al. (2023),1,23,4,1.0,26,25,0,25
Abreo et al. (2023),1,23,5,1.0,28,27,0,27
Abreo et al. (2023),1,23,6,1.0,36,35,0,35
Abreo et al. (2023),1,24,1,1.0,21,20,0,20
Abreo et al. (2023),1,24,2,1.0,34,33,1,32
Abreo et al. (2023),1,24,3,1.0,30,29,0,29
Abreo et al. (2023),1,24,24,1.0,29,28,0,28
Abreo et al. (2023),1,24,5,1.0,34,33,1,32
Abreo et al. (2023),1,24,6,1.0,21,20,0,20
Abreo et al. (2023),1,25,1,1.0,40,39,1,38
Abreo et al. (2023),1,25,2,1.0,39,38,0,38
Abreo et al. (2023),1,25,3,1.0,34,33,0,33
Abreo et al. (2023),1,25,4,1.0,40,39,0,39
Abreo et al. (2023),1,25,5,1.0,32,31,0,31
Abreo et al. (2023),1,25,6,1.0,34,33,0,33
Abreo et al. (2023),1,26,1,1.0,26,25,0,25
Abreo et al. (2023),1,26,2,1.0,26,25,0,25
Abreo et al. (2023),1,26,3,1.0,27,26,0,26
Abreo et al. (2023),1,26,4,1.0,23,22,0,22
Abreo et al. (2023),1,26,5,1.0,33,32,1,31
Abreo et al. (2023),1,26,6,1.0,30,29,0,29
Abreo et al. (2023),1,27,1,1.0,25,24,0,24
Abreo et al. (2023),1,27,2,1.0,28,27,0,27
Abreo et al. (2023),1,27,3,1.0,26,25,0,25
Abreo et al. (2023),1,27,4,1.0,32,31,0,31
Abreo et al. (2023),1,27,5,1.0,28,27,0,27
Abreo et al. (2023),1,27,6,1.0,33,32,0,32
Abreo et al. (2023),1,28,1,1.0,32,31,0,31
Abreo et al. (2023),1,28,2,1.0,29,28,0,28
Abreo et al. (2023),1,28,3,1.0,30,29,0,29
Abreo et al. (2023),1,28,4,1.0,33,32,0,32
Abreo et al. (2023),1,28,5,1.0,35,34,0,34
Abreo et al. (2023),1,28,6,1.0,42,41,0,41
Abreo et al. (2023),1,29,1,1.0,35,34,0,34
Abreo et al. (2023),1,29,2,1.0,30,29,1,28
Abreo et al. (2023),1,29,3,1.0,38,37,0,37
Abreo et al. (2023),1,29,4,1.0,32,31,0,31
Abreo et al. (2023),1,29,5,1.0,33,32,0,32
Abreo et al. (2023),1,29,6,1.0,31,30,0,30
Abreo et al. (2023),1,30,1,1.0,36,35,0,35
Abreo et al. (2023),1,30,2,1.0,32,31,0,31
Abreo et al. (2023),1,30,3,1.0,28,27,0,27
Abreo et al. (2023),1,30,4,1.0,41,40,1,39
Abreo et al. (2023),1,30,5,1.0,36,35,0,35
Abreo et al. (2023),1,30,6,1.0,28,27,0,27
Abreo et al. (2023),1,31,1,1.0,42,41,0,41
Abreo et al. (2023),1,31,2,1.0,31,30,0,30
Abreo et al. (2023),1,31,3,1.0,31,30,0,30
Abreo et al. (2023),1,31,4,1.0,36,35,0,35
Abreo et al. (2023),1,31,5,1.0,34,33,0,33
Abreo et al. (2023),1,31,6,1.0,29,28,0,28
Abreo et al. (2023),1,32,1,1.0,31,30,1,29
Abreo et al. (2023),1,32,2,1.0,32,31,0,31
Abreo et al. (2023),1,32,3,1.0,23,22,0,22
Abreo et al. (2023),1,32,4,1.0,36,35,0,35
Abreo et al. (2023),1,32,5,1.0,31,30,1,29
Abreo et al. (2023),1,32,6,1.0,23,22,0,22
Abreo et al. (2023),1,33,1,1.0,31,30,0,30
Abreo et al. (2023),1,33,3,1.0,27,26,0,26
Abreo et al. (2023),1,33,5,1.0,31,30,0,30
Abreo et al. (2023),1,33,6,1.0,28,27,0,27
Abreo et al. (2023),1,34,1,1.0,28,27,0,27
Abreo et al. (2023),1,34,2,1.0,32,31,0,31
Abreo et al. (2023),1,34,3,1.0,34,33,0,33
Abreo et al. (2023),1,34,4,1.0,34,33,0,33
Abreo et al. (2023),1,34,5,1.0,32,31,0,31
Abreo et al. (2023),1,34,6,1.0,25,24,0,24
Abreo et al. (2023),1,35,1,1.0,27,26,0,26
Abreo et al. (2023),1,35,2,1.0,37,36,0,36
Abreo et al. (2023),1,35,3,1.0,22,21,0,21
Abreo et al. (2023),1,35,4,1.0,27,26,0,26
Abreo et al. (2023),1,35,5,1.0,34,33,0,33
Abreo et al. (2023),1,35,6,1.0,35,34,1,33
Abreo et al. (2023),1,36,1,1.0,33,32,0,32
Abreo et al. (2023),1,36,2,1.0,29,28,1,27
Abreo et al. (2023),1,36,3,1.0,28,27,1,26
Abreo et al. (2023),1,36,4,1.0,34,33,0,33
Abreo et al. (2023),1,36,5,1.0,34,33,0,33
Abreo et al. (2023),1,36,6,1.0,23,22,0,22
Blonde et al. (2023),2,1,2,1.0,70,69,69,0
Blonde et al. (2023),2,1,4,1.0,70,69,69,0
Blonde et al. (2023),2,2,1,1.0,70,69,69,0
Blonde et al. (2023),2,2,3,1.0,70,69,69,0
Blonde et al. (2023),2,3,2,1.0,70,69,69,0
Blonde et al. (2023),2,3,4,1.0,70,69,69,0
Blonde et al. (2023),2,4,1,1.0,70,69,69,0
Blonde et al. (2023),2,4,3,1.0,70,69,69,0
Blonde et al. (2023),2,5,2,1.0,70,69,69,0
Blonde et al. (2023),2,5,4,1.0,70,69,69,0
Blonde et al. (2023),2,6,1,1.0,70,69,69,0
Blonde et al. (2023),2,6,3,1.0,70,69,69,0
Blonde et al. (2023),2,7,2,1.0,70,69,69,0
Blonde et al. (2023),2,7,4,1.0,70,69,69,0
Blonde et al. (2023),2,8,1,1.0,70,69,69,0
Blonde et al. (2023),2,8,3,1.0,70,69,69,0
Blonde et al. (2023),2,9,2,1.0,70,69,69,0
Blonde et al. (2023),2,9,4,1.0,70,69,69,0
Blonde et al. (2023),2,10,1,1.0,70,69,69,0
Blonde et al. (2023),2,10,3,1.0,70,69,69,0
Blonde et al. (2023),2,11,2,1.0,70,69,69,0
Blonde et al. (2023),2,11,4,1.0,70,69,69,0
Blonde et al. (2023),2,12,1,1.0,70,69,69,0
Blonde et al. (2023),2,12,3,1.0,70,69,69,0
Blonde et al. (2023),2,13,2,1.0,70,69,69,0
Blonde et al. (2023),2,13,4,1.0,70,69,69,0
Blonde et al. (2023),2,14,2,1.0,70,69,69,0
Blonde et al. (2023),2,14,4,1.0,70,69,69,0
Blonde et al. (2023),2,15,1,1.0,70,69,69,0
Blonde et al. (2023),2,15,3,1.0,70,69,69,0
Blonde et al. (2023),2,16,2,1.0,70,69,69,0
Blonde et al. (2023),2,16,4,1.0,70,69,69,0
Blonde et al. (2023),2,17,1,1.0,70,69,69,0
Blonde et al. (2023),2,17,3,1.0,70,69,69,0
Ceylan & Pascucci (2023),3,1,1,1.0,30,29,29,0
Ceylan & Pascucci (2023),3,1,2,1.0,30,29,29,0
Ceylan & Pascucci (2023),3,1,3,1.0,30,29,29,0
Ceylan & Pascucci (2023),3,1,4,1.0,30,29,29,0
Ceylan & Pascucci (2023),3,1,5,1.0,30,29,29,0
Ceylan & Pascucci (2023),3,1,6,1.0,30,29,29,0
Ceylan & Pascucci (2023),3,1,7,1.0,30,29,29,0
Ceylan & Pascucci (2023),3,1,8,1.0,30,29,29,0
Ceylan & Pascucci (2023),3,1,9,1.0,30,29,29,0
Ceylan & Pascucci (2023),3,1,10,1.0,30,29,29,0
Ceylan & Pascucci (2023),3,2,1,1.0,30,29,29,0
Ceylan & Pascucci (2023),3,2,2,1.0,30,29,29,0
Ceylan & Pascucci (2023),3,2,3,1.0,30,29,29,0
Ceylan & Pascucci (2023),3,2,4,1.0,30,29,29,0
Ceylan & Pascucci (2023),3,2,5,1.0,30,29,29,0
Ceylan & Pascucci (2023),3,2,6,1.0,30,29,29,0
Ceylan & Pascucci (2023),3,2,7,1.0,30,29,29,0
Ceylan & Pascucci (2023),3,2,8,1.0,30,29,29,0
Ceylan & Pascucci (2023),3,2,9,1.0,30,29,29,0
Ceylan & Pascucci (2023),3,2,10,1.0,30,29,29,0
Ceylan & Pascucci (2023),3,3,1,1.0,30,29,29,0
Ceylan & Pascucci (2023),3,3,2,1.0,30,29,29,0
Ceylan & Pascucci (2023),3,3,3,1.0,30,29,29,0
Ceylan & Pascucci (2023),3,3,4,1.0,30,29,29,0
Ceylan & Pascucci (2023),3,3,5,1.0,30,29,29,0
Ceylan & Pascucci (2023),3,3,6,1.0,30,29,29,0
Ceylan & Pascucci (2023),3,3,7,1.0,30,29,29,0
Ceylan & Pascucci (2023),3,3,8,1.0,30,29,29,0
Ceylan & Pascucci (2023),3,3,9,1.0,30,29,29,0
Ceylan & Pascucci (2023),3,3,10,1.0,30,29,29,0
Ceylan & Pascucci (2023),3,4,1,1.0,30,29,29,0
Ceylan & Pascucci (2023),3,4,2,1.0,30,29,29,0
Ceylan & Pascucci (2023),3,4,3,1.0,30,29,29,0
Ceylan & Pascucci (2023),3,4,4,1.0,30,29,29,0
Ceylan & Pascucci (2023),3,4,5,1.0,30,29,29,0
Ceylan & Pascucci (2023),3,4,6,1.0,30,29,29,0
Ceylan & Pascucci (2023),3,4,7,1.0,30,29,29,0
Ceylan & Pascucci (2023),3,4,8,1.0,30,29,29,0
Ceylan & Pascucci (2023),3,4,9,1.0,30,29,29,0
Ceylan & Pascucci (2023),3,4,10,1.0,30,29,29,0
Ceylan & Pascucci (2023),3,5,1,1.0,30,29,29,0
Ceylan & Pascucci (2023),3,5,2,1.0,30,29,29,0
Ceylan & Pascucci (2023),3,5,3,1.0,30,29,29,0
Ceylan & Pascucci (2023),3,5,4,1.0,30,29,29,0
Ceylan & Pascucci (2023),3,5,5,1.0,30,29,29,0
Ceylan & Pascucci (2023),3,5,6,1.0,30,29,29,0
Ceylan & Pascucci (2023),3,5,7,1.0,30,29,29,0
Ceylan & Pascucci (2023),3,5,8,1.0,30,29,29,0
Ceylan & Pascucci (2023),3,5,9,1.0,30,29,29,0
Ceylan & Pascucci (2023),3,5,10,1.0,30,29,29,0
Ceylan & Pascucci (2023),3,6,1,1.0,30,29,29,0
Ceylan & Pascucci (2023),3,6,2,1.0,30,29,29,0
Ceylan & Pascucci (2023),3,6,3,1.0,30,29,29,0
Ceylan & Pascucci (2023),3,6,4,1.0,30,29,29,0
Ceylan & Pascucci (2023),3,6,5,1.0,30,29,29,0
Ceylan & Pascucci (2023),3,6,6,1.0,30,29,29,0
Ceylan & Pascucci (2023),3,6,7,1.0,30,29,29,0
Ceylan & Pascucci (2023),3,6,8,1.0,30,29,29,0
Ceylan & Pascucci (2023),3,6,9,1.0,30,29,29,0
Ceylan & Pascucci (2023),3,6,10,1.0,30,29,29,0
Ceylan & Pascucci (2023),3,7,1,1.0,30,29,29,0
Ceylan & Pascucci (2023),3,7,2,1.0,30,29,29,0
Ceylan & Pascucci (2023),3,7,3,1.0,30,29,29,0
Ceylan & Pascucci (2023),3,7,4,1.0,30,29,29,0
Ceylan & Pascucci (2023),3,7,5,1.0,30,29,29,0
Ceylan & Pascucci (2023),3,7,6,1.0,30,29,29,0
Ceylan & Pascucci (2023),3,7,7,1.0,30,29,29,0
Ceylan & Pascucci (2023),3,7,8,1.0,30,29,29,0
Ceylan & Pascucci (2023),3,7,9,1.0,30,29,29,0
Ceylan & Pascucci (2023),3,7,10,1.0,30,29,29,0
Ceylan & Pascucci (2023),3,8,1,1.0,30,29,29,0
Ceylan & Pascucci (2023),3,8,2,1.0,30,29,29,0
Ceylan & Pascucci (2023),3,8,3,1.0,30,29,29,0
Ceylan & Pascucci (2023),3,8,4,1.0,30,29,29,0
Ceylan & Pascucci (2023),3,8,5,1.0,30,29,29,0
Ceylan & Pascucci (2023),3,8,6,1.0,30,29,29,0
Ceylan & Pascucci (2023),3,8,7,1.0,30,29,29,0
Ceylan & Pascucci (2023),3,8,8,1.0,30,29,29,0
Ceylan & Pascucci (2023),3,8,9,1.0,30,29,29,0
Ceylan & Pascucci (2023),3,8,10,1.0,30,29,29,0
Ceylan & Pascucci (2023),3,9,1,1.0,30,29,29,0
Ceylan & Pascucci (2023),3,9,2,1.0,30,29,29,0
Ceylan & Pascucci (2023),3,9,3,1.0,30,29,29,0
Ceylan & Pascucci (2023),3,9,4,1.0,30,29,29,0
Ceylan & Pascucci (2023),3,9,5,1.0,30,29,29,0
Ceylan & Pascucci (2023),3,9,6,1.0,30,29,29,0
Ceylan & Pascucci (2023),3,9,7,1.0,30,29,29,0
Ceylan & Pascucci (2023),3,9,8,1.0,30,29,29,0
Ceylan & Pascucci (2023),3,9,9,1.0,30,29,29,0
Ceylan & Pascucci (2023),3,9,10,1.0,30,29,29,0
Ceylan & Pascucci (2023),3,10,1,1.0,30,29,29,0
Ceylan & Pascucci (2023),3,10,2,1.0,30,29,29,0
Ceylan & Pascucci (2023),3,10,3,1.0,30,29,29,0
Ceylan & Pascucci (2023),3,10,4,1.0,30,29,29,0
Ceylan & Pascucci (2023),3,10,5,1.0,30,29,29,0
Ceylan & Pascucci (2023),3,10,6,1.0,30,29,29,0
Ceylan & Pascucci (2023),3,10,7,1.0,30,29,29,0
Ceylan & Pascucci (2023),3,10,8,1.0,30,29,29,0
Ceylan & Pascucci (2023),3,10,9,1.0,30,29,29,0
Ceylan & Pascucci (2023),3,10,10,1.0,30,29,29,0
Ceylan & Pascucci (2023),3,11,1,1.0,30,29,29,0
Ceylan & Pascucci (2023),3,11,2,1.0,30,29,29,0
Ceylan & Pascucci (2023),3,11,3,1.0,30,29,29,0
Ceylan & Pascucci (2023),3,11,4,1.0,30,29,29,0
Ceylan & Pascucci (2023),3,11,5,1.0,30,29,29,0
Ceylan & Pascucci (2023),3,11,6,1.0,30,29,29,0
Ceylan & Pascucci (2023),3,11,7,1.0,30,29,29,0
Ceylan & Pascucci (2023),3,11,8,1.0,30,29,29,0
Ceylan & Pascucci (2023),3,11,9,1.0,30,29,29,0
Ceylan & Pascucci (2023),3,11,10,1.0,30,29,29,0
Ceylan & Pascucci (2023),3,12,1,1.0,30,29,29,0
Ceylan & Pascucci (2023),3,12,2,1.0,30,29,29,0
Ceylan & Pascucci (2023),3,12,3,1.0,30,29,29,0
Ceylan & Pascucci (2023),3,12,4,1.0,30,29,29,0
Ceylan & Pascucci (2023),3,12,5,1.0,30,29,29,0
Ceylan & Pascucci (2023),3,12,6,1.0,30,29,29,0
Ceylan & Pascucci (2023),3,12,7,1.0,30,29,29,0
Ceylan & Pascucci (2023),3,12,8,1.0,30,29,29,0
Ceylan & Pascucci (2023),3,12,9,1.0,30,29,29,0
Ceylan & Pascucci (2023),3,12,10,1.0,30,29,29,0
Ceylan & Pascucci (2023),3,13,1,1.0,30,29,29,0
Ceylan & Pascucci (2023),3,13,2,1.0,30,29,29,0
Ceylan & Pascucci (2023),3,13,3,1.0,30,29,29,0
Ceylan & Pascucci (2023),3,13,4,1.0,30,29,29,0
Ceylan & Pascucci (2023),3,13,5,1.0,30,29,29,0
Ceylan & Pascucci (2023),3,13,6,1.0,30,29,29,0
Ceylan & Pascucci (2023),3,13,7,1.0,30,29,29,0
Ceylan & Pascucci (2023),3,13,8,1.0,30,29,29,0
Ceylan & Pascucci (2023),3,13,9,1.0,30,29,29,0
Ceylan & Pascucci (2023),3,13,10,1.0,30,29,29,0
Ceylan & Pascucci (2023),3,14,1,1.0,30,29,29,0
Ceylan & Pascucci (2023),3,14,2,1.0,30,29,29,0
Ceylan & Pascucci (2023),3,14,3,1.0,30,29,29,0
Ceylan & Pascucci (2023),3,14,4,1.0,30,29,29,0
Ceylan & Pascucci (2023),3,14,5,1.0,30,29,29,0
Ceylan & Pascucci (2023),3,14,6,1.0,30,29,29,0
Ceylan & Pascucci (2023),3,14,7,1.0,30,29,29,0
Ceylan & Pascucci (2023),3,14,8,1.0,30,29,29,0
Ceylan & Pascucci (2023),3,14,9,1.0,30,29,29,0
Ceylan & Pascucci (2023),3,14,10,1.0,30,29,29,0
Ceylan & Pascucci (2023),3,15,1,1.0,30,29,29,0
Ceylan & Pascucci (2023),3,15,2,1.0,30,29,29,0
Ceylan & Pascucci (2023),3,15,3,1.0,30,29,29,0
Ceylan & Pascucci (2023),3,15,4,1.0,30,29,29,0
Ceylan & Pascucci (2023),3,15,5,1.0,30,29,29,0
Ceylan & Pascucci (2023),3,15,6,1.0,30,29,29,0
Ceylan & Pascucci (2023),3,15,7,1.0,30,29,29,0
Ceylan & Pascucci (2023),3,15,8,1.0,30,29,29,0
Ceylan & Pascucci (2023),3,15,9,1.0,30,29,29,0
Ceylan & Pascucci (2023),3,15,10,1.0,30,29,29,0
Ceylan & Pascucci (2023),3,16,1,1.0,30,29,29,0
Ceylan & Pascucci (2023),3,16,2,1.0,30,29,29,0
Ceylan & Pascucci (2023),3,16,3,1.0,30,29,29,0
Ceylan & Pascucci (2023),3,16,4,1.0,30,29,29,0
Ceylan & Pascucci (2023),3,16,5,1.0,30,29,29,0
Ceylan & Pascucci (2023),3,16,6,1.0,30,29,29,0
Ceylan & Pascucci (2023),3,16,7,1.0,30,29,29,0
Ceylan & Pascucci (2023),3,16,8,1.0,30,29,29,0
Ceylan & Pascucci (2023),3,16,9,1.0,30,29,29,0
Ceylan & Pascucci (2023),3,16,10,1.0,30,29,29,0
Ceylan & Pascucci (2023),3,17,1,1.0,30,29,29,0
Ceylan & Pascucci (2023),3,17,2,1.0,30,29,29,0
Ceylan & Pascucci (2023),3,17,3,1.0,30,29,29,0
Ceylan & Pascucci (2023),3,17,4,1.0,30,29,29,0
Ceylan & Pascucci (2023),3,17,5,1.0,30,29,29,0
Ceylan & Pascucci (2023),3,17,6,1.0,30,29,29,0
Ceylan & Pascucci (2023),3,17,7,1.0,30,29,29,0
Ceylan & Pascucci (2023),3,17,8,1.0,30,29,29,0
Ceylan & Pascucci (2023),3,17,9,1.0,30,29,29,0
Ceylan & Pascucci (2023),3,17,10,1.0,30,29,29,0
Ceylan & Pascucci (2023),3,18,1,1.0,30,29,29,0
Ceylan & Pascucci (2023),3,18,2,1.0,30,29,29,0
Ceylan & Pascucci (2023),3,18,3,1.0,30,29,29,0
Ceylan & Pascucci (2023),3,18,4,1.0,30,29,29,0
Ceylan & Pascucci (2023),3,18,5,1.0,30,29,29,0
Ceylan & Pascucci (2023),3,18,6,1.0,30,29,29,0
Ceylan & Pascucci (2023),3,18,7,1.0,30,29,29,0
Ceylan & Pascucci (2023),3,18,8,1.0,30,29,29,0
Ceylan & Pascucci (2023),3,18,9,1.0,30,29,29,0
Ceylan & Pascucci (2023),3,18,10,1.0,30,29,29,0
Ceylan & Pascucci (2023),3,19,1,1.0,30,29,29,0
Ceylan & Pascucci (2023),3,19,2,1.0,30,29,29,0
Ceylan & Pascucci (2023),3,19,3,1.0,30,29,29,0
Ceylan & Pascucci (2023),3,19,4,1.0,30,29,29,0
Ceylan & Pascucci (2023),3,19,5,1.0,30,29,29,0
Ceylan & Pascucci (2023),3,19,6,1.0,30,29,29,0
Ceylan & Pascucci (2023),3,19,7,1.0,30,29,29,0
Ceylan & Pascucci (2023),3,19,8,1.0,30,29,29,0
Ceylan & Pascucci (2023),3,19,9,1.0,30,29,29,0
Ceylan & Pascucci (2023),3,19,10,1.0,30,29,29,0
Ceylan & Pascucci (2023),3,20,1,1.0,30,29,29,0
Ceylan & Pascucci (2023),3,20,2,1.0,30,29,29,0
Ceylan & Pascucci (2023),3,20,3,1.0,30,29,29,0
Ceylan & Pascucci (2023),3,20,4,1.0,30,29,29,0
Ceylan & Pascucci (2023),3,20,5,1.0,30,29,29,0
Ceylan & Pascucci (2023),3,20,6,1.0,30,29,29,0
Ceylan & Pascucci (2023),3,20,7,1.0,30,29,29,0
Ceylan & Pascucci (2023),3,20,8,1.0,30,29,29,0
Ceylan & Pascucci (2023),3,20,9,1.0,30,29,29,0
Ceylan & Pascucci (2023),3,20,10,1.0,30,29,29,0
Ceylan et al. (2021),4,1,1,0.0,200,199,199,0
Ceylan et al. (2021),4,2,1,0.0,200,199,199,0
Ceylan et al. (2021),4,3,1,0.0,200,199,199,0
Ceylan et al. (2021),4,4,1,0.0,200,199,199,0
Ceylan et al. (2021),4,5,1,0.0,200,199,199,0
Ceylan et al. (2021),4,6,1,0.0,200,199,199,0
Ceylan et al. (2021),4,7,1,0.0,200,199,199,0
Ceylan et al. (2021),4,8,1,0.0,200,199,199,0
Ceylan et al. (2021),4,9,1,0.0,200,199,199,0
Ceylan et al. (2021),4,10,1,0.0,200,199,199,0
Ceylan et al. (2021),4,11,1,0.0,200,199,199,0
Ceylan et al. (2021),4,12,1,0.0,200,199,199,0
Ceylan et al. (2021),4,13,1,0.0,200,199,199,0
Ceylan et al. (2021),4,14,1,0.0,200,199,199,0
Ceylan et al. (2021),4,15,1,0.0,200,199,199,0
Ceylan et al. (2021),4,16,1,0.0,200,199,199,0
Ceylan et al. (2021),4,17,1,0.0,200,199,199,0
Ceylan et al. (2021),4,18,1,0.0,200,199,199,0
Ceylan et al. (2021),4,19,1,0.0,200,199,199,0
Ceylan et al. (2021),4,20,1,0.0,200,199,199,0
Ceylan et al. (2021),4,21,1,0.0,200,199,199,0
Ceylan et al. (2021),4,22,1,0.0,200,199,199,0
Ceylan et al. (2021),4,23,1,0.0,200,199,199,0
Ceylan et al. (2021),4,24,1,0.0,200,199,199,0
Ceylan et al. (2021),5,1,2,1.0,200,199,199,0
Ceylan et al. (2021),5,2,2,1.0,200,199,199,0
Ceylan et al. (2021),5,3,2,1.0,200,199,199,0
Ceylan et al. (2021),5,4,2,1.0,200,199,199,0
Ceylan et al. (2021),5,5,2,1.0,200,199,199,0
Ceylan et al. (2021),5,6,2,1.0,200,199,199,0
Ceylan et al. (2021),5,7,2,1.0,200,199,199,0
Ceylan et al. (2021),5,8,2,1.0,200,199,199,0
Ceylan et al. (2021),5,9,2,1.0,200,199,199,0
Ceylan et al. (2021),5,10,2,1.0,200,199,199,0
Ceylan et al. (2021),5,11,2,1.0,200,199,199,0
Ceylan et al. (2021),5,12,2,1.0,200,199,199,0
Ceylan et al. (2021),5,13,2,1.0,200,199,199,0
Ceylan et al. (2021),5,14,2,1.0,200,199,199,0
Ceylan et al. (2021),5,15,2,1.0,200,199,199,0
Ceylan et al. (2021),5,16,2,1.0,200,199,199,0
Ceylan et al. (2021),5,17,2,1.0,200,199,199,0
Ceylan et al. (2021),5,18,2,1.0,200,199,199,0
Ceylan et al. (2021),5,19,2,1.0,200,199,199,0
Ceylan et al. (2021),5,20,2,1.0,200,199,199,0
Ceylan et al. (2021),5,21,2,1.0,200,199,199,0
Ceylan et al. (2021),5,22,2,1.0,200,199,199,0
Ceylan et al. (2021),5,23,2,1.0,200,199,199,0
Ceylan et al. (2021),5,24,2,1.0,200,199,199,0
Ceylan et al. (2021),6,1,1,0.0,200,199,199,0
Ceylan et al. (2021),6,2,1,0.0,200,199,199,0
Ceylan et al. (2021),6,3,1,0.0,200,199,199,0
Ceylan et al. (2021),6,4,1,0.0,200,199,199,0
Ceylan et al. (2021),6,5,1,0.0,200,199,199,0
Ceylan et al. (2021),6,6,1,0.0,200,199,199,0
Ceylan et al. (2021),6,7,1,0.0,200,199,199,0
Ceylan et al. (2021),6,8,1,0.0,200,199,199,0
Ceylan et al. (2021),6,9,1,0.0,200,199,199,0
Ceylan et al. (2021),6,10,1,0.0,200,199,199,0
Ceylan et al. (2021),6,11,1,0.0,200,199,199,0
Ceylan et al. (2021),6,12,1,0.0,200,199,199,0
Ceylan et al. (2021),6,13,1,0.0,200,199,199,0
Ceylan et al. (2021),6,14,1,0.0,200,199,199,0
Ceylan et al. (2021),6,15,1,0.0,200,199,199,0
Ceylan et al. (2021),6,16,1,0.0,200,199,199,0
Ceylan et al. (2021),6,17,1,0.0,200,199,199,0
Ceylan et al. (2021),6,18,1,0.0,200,199,199,0
Ceylan et al. (2021),6,19,1,0.0,200,199,199,0
Ceylan et al. (2021),6,20,1,0.0,200,199,199,0
Ceylan et al. (2021),6,21,1,0.0,200,199,199,0
Ceylan et al. (2021),6,22,1,0.0,200,199,199,0
Ceylan et al. (2021),6,23,1,0.0,200,199,199,0
Ceylan et al. (2021),6,24,1,0.0,200,199,199,0
Ceylan et al. (2021),7,1,2,1.0,200,199,199,0
Ceylan et al. (2021),7,2,2,1.0,200,199,199,0
Ceylan et al. (2021),7,3,2,1.0,200,199,199,0
Ceylan et al. (2021),7,4,2,1.0,200,199,199,0
Ceylan et al. (2021),7,5,2,1.0,200,199,199,0
Ceylan et al. (2021),7,6,2,1.0,200,199,199,0
Ceylan et al. (2021),7,7,2,1.0,200,199,199,0
Ceylan et al. (2021),7,8,2,1.0,200,199,199,0
Ceylan et al. (2021),7,9,2,1.0,200,199,199,0
Ceylan et al. (2021),7,10,2,1.0,200,199,199,0
Ceylan et al. (2021),7,11,2,1.0,200,199,199,0
Ceylan et al. (2021),7,12,2,1.0,200,199,199,0
Ceylan et al. (2021),7,13,2,1.0,200,199,199,0
Ceylan et al. (2021),7,14,2,1.0,200,199,199,0
Ceylan et al. (2021),7,15,2,1.0,200,199,199,0
Ceylan et al. (2021),7,16,2,1.0,200,199,199,0
Ceylan et al. (2021),7,17,2,1.0,200,199,199,0
Ceylan et al. (2021),7,18,2,1.0,200,199,199,0
Ceylan et al. (2021),7,19,2,1.0,200,199,199,0
Ceylan et al. (2021),7,20,2,1.0,200,199,199,0
Ceylan et al. (2021),7,21,2,1.0,200,199,199,0
Ceylan et al. (2021),7,22,2,1.0,200,199,199,0
Ceylan et al. (2021),7,23,2,1.0,200,199,199,0
Ceylan et al. (2021),7,24,2,1.0,200,199,199,0
Chetverikov & Jehee (2023),8,1,1,1.0,36,35,27,8
Chetverikov & Jehee (2023),8,1,2,1.0,36,35,24,11
Chetverikov & Jehee (2023),8,1,3,1.0,36,35,26,9
Chetverikov & Jehee (2023),8,1,4,1.0,36,35,28,7
Chetverikov & Jehee (2023),8,1,5,1.0,18,17,10,7
Chetverikov & Jehee (2023),8,1,6,1.0,18,17,14,3
Chetverikov & Jehee (2023),8,1,7,1.0,18,17,15,2
Chetverikov & Jehee (2023),8,1,8,1.0,18,17,11,6
Chetverikov & Jehee (2023),8,1,9,1.0,18,17,14,3
Chetverikov & Jehee (2023),8,1,10,1.0,18,17,15,2
Chetverikov & Jehee (2023),8,1,11,1.0,18,17,10,7
Chetverikov & Jehee (2023),8,1,12,1.0,18,17,12,5
Chetverikov & Jehee (2023),8,1,13,1.0,18,17,13,4
Chetverikov & Jehee (2023),8,1,14,1.0,18,17,14,3
Chetverikov & Jehee (2023),8,1,15,1.0,18,17,14,3
Chetverikov & Jehee (2023),8,1,16,1.0,18,17,14,3
Chetverikov & Jehee (2023),8,1,17,1.0,18,17,11,6
Chetverikov & Jehee (2023),8,2,1,1.0,18,17,9,8
Chetverikov & Jehee (2023),8,2,2,1.0,18,17,11,6
Chetverikov & Jehee (2023),8,2,3,1.0,18,17,13,4
Chetverikov & Jehee (2023),8,2,4,1.0,18,17,14,3
Chetverikov & Jehee (2023),8,2,5,1.0,18,17,11,6
Chetverikov & Jehee (2023),8,2,6,1.0,18,17,14,3
Chetverikov & Jehee (2023),8,2,7,1.0,18,17,11,6
Chetverikov & Jehee (2023),8,2,8,1.0,18,17,15,2
Chetverikov & Jehee (2023),8,2,9,1.0,18,17,10,7
Chetverikov & Jehee (2023),8,2,10,1.0,18,17,10,7
Chetverikov & Jehee (2023),8,2,11,1.0,18,17,10,7
Chetverikov & Jehee (2023),8,2,12,1.0,18,17,13,4
Chetverikov & Jehee (2023),8,2,13,1.0,18,17,10,7
Chetverikov & Jehee (2023),8,2,14,1.0,18,17,15,2
Chetverikov & Jehee (2023),8,2,15,1.0,18,17,15,2
Chetverikov & Jehee (2023),8,2,16,1.0,18,17,15,2
Chetverikov & Jehee (2023),8,2,17,1.0,18,17,13,4
Chetverikov & Jehee (2023),8,2,18,1.0,18,17,13,4
Chetverikov & Jehee (2023),8,2,19,1.0,18,17,13,4
Chetverikov & Jehee (2023),8,3,1,1.0,18,17,12,5
Chetverikov & Jehee (2023),8,3,2,1.0,18,17,12,5
Chetverikov & Jehee (2023),8,3,3,1.0,18,17,12,5
Chetverikov & Jehee (2023),8,3,4,1.0,18,17,15,2
Chetverikov & Jehee (2023),8,3,5,1.0,18,17,12,5
Chetverikov & Jehee (2023),8,3,6,1.0,18,17,16,1
Chetverikov & Jehee (2023),8,3,7,1.0,18,17,12,5
Chetverikov & Jehee (2023),8,3,8,1.0,18,17,15,2
Chetverikov & Jehee (2023),8,3,9,1.0,18,17,12,5
Chetverikov & Jehee (2023),8,3,10,1.0,18,17,14,3
Chetverikov & Jehee (2023),8,3,11,1.0,18,17,10,7
Chetverikov & Jehee (2023),8,3,12,1.0,18,17,13,4
Chetverikov & Jehee (2023),8,4,1,1.0,18,17,13,4
Chetverikov & Jehee (2023),8,4,2,1.0,18,17,12,5
Chetverikov & Jehee (2023),8,4,3,1.0,18,17,13,4
Chetverikov & Jehee (2023),8,4,4,1.0,18,17,14,3
Chetverikov & Jehee (2023),8,4,5,1.0,18,17,16,1
Chetverikov & Jehee (2023),8,4,6,1.0,18,17,15,2
Chetverikov & Jehee (2023),8,4,7,1.0,18,17,13,4
Chetverikov & Jehee (2023),8,4,8,1.0,18,17,12,5
Chetverikov & Jehee (2023),8,4,9,1.0,18,17,11,6
Chetverikov & Jehee (2023),8,4,10,1.0,18,17,15,2
Chetverikov & Jehee (2023),8,4,11,1.0,18,17,9,8
Chetverikov & Jehee (2023),8,4,12,1.0,18,17,13,4
Chetverikov & Jehee (2023),8,4,13,1.0,18,17,11,6
Chetverikov & Jehee (2023),8,4,14,1.0,18,17,12,5
Chetverikov & Jehee (2023),8,4,15,1.0,18,17,12,5
Chetverikov & Jehee (2023),8,4,16,1.0,18,17,11,6
Chetverikov & Jehee (2023),8,4,17,1.0,18,17,9,8
Chetverikov & Jehee (2023),8,5,1,1.0,18,17,14,3
Chetverikov & Jehee (2023),8,5,2,1.0,18,17,8,9
Chetverikov & Jehee (2023),8,5,3,1.0,18,17,9,8
Chetverikov & Jehee (2023),8,5,4,1.0,18,17,14,3
Chetverikov & Jehee (2023),8,5,5,1.0,18,17,11,6
Chetverikov & Jehee (2023),8,5,6,1.0,18,17,13,4
Chetverikov & Jehee (2023),8,5,7,1.0,18,17,10,7
Chetverikov & Jehee (2023),8,5,8,1.0,18,17,10,7
Chetverikov & Jehee (2023),8,5,9,1.0,18,17,15,2
Chetverikov & Jehee (2023),8,5,10,1.0,18,17,13,4
Chetverikov & Jehee (2023),8,5,11,1.0,18,17,12,5
Chetverikov & Jehee (2023),8,5,12,1.0,18,17,13,4
Chetverikov & Jehee (2023),8,5,13,1.0,18,17,12,5
Chetverikov & Jehee (2023),8,5,14,1.0,18,17,11,6
Chetverikov & Jehee (2023),8,5,15,1.0,18,17,11,6
Chetverikov & Jehee (2023),8,5,16,1.0,18,17,14,3
Chetverikov & Jehee (2023),8,5,17,1.0,18,17,12,5
Chetverikov & Jehee (2023),8,6,1,1.0,18,17,12,5
Chetverikov & Jehee (2023),8,6,2,1.0,18,17,14,3
Chetverikov & Jehee (2023),8,6,3,1.0,18,17,11,6
Chetverikov & Jehee (2023),8,6,4,1.0,18,17,12,5
Chetverikov & Jehee (2023),8,6,5,1.0,18,17,11,6
Chetverikov & Jehee (2023),8,6,6,1.0,18,17,15,2
Chetverikov & Jehee (2023),8,6,7,1.0,18,17,13,4
Chetverikov & Jehee (2023),8,6,8,1.0,18,17,11,6
Chetverikov & Jehee (2023),8,6,9,1.0,18,17,16,1
Chetverikov & Jehee (2023),8,6,10,1.0,18,17,12,5
Chetverikov & Jehee (2023),8,6,11,1.0,18,17,13,4
Chetverikov & Jehee (2023),8,6,12,1.0,18,17,10,7
Chetverikov & Jehee (2023),8,6,13,1.0,18,17,16,1
Chetverikov & Jehee (2023),8,6,14,1.0,18,17,11,6
Chetverikov & Jehee (2023),8,6,15,1.0,18,17,14,3
Chetverikov & Jehee (2023),8,7,1,1.0,18,17,10,7
Chetverikov & Jehee (2023),8,7,2,1.0,18,17,11,6
Chetverikov & Jehee (2023),8,7,3,1.0,18,17,15,2
Chetverikov & Jehee (2023),8,7,4,1.0,18,17,15,2
Chetverikov & Jehee (2023),8,7,5,1.0,18,17,12,5
Chetverikov & Jehee (2023),8,7,6,1.0,18,17,8,9
Chetverikov & Jehee (2023),8,7,7,1.0,18,17,16,1
Chetverikov & Jehee (2023),8,7,8,1.0,18,17,14,3
Chetverikov & Jehee (2023),8,7,9,1.0,18,17,14,3
Chetverikov & Jehee (2023),8,7,10,1.0,18,17,13,4
Chetverikov & Jehee (2023),8,7,11,1.0,18,17,14,3
Chetverikov & Jehee (2023),8,7,12,1.0,18,17,11,6
Chetverikov & Jehee (2023),8,7,13,1.0,18,17,14,3
Chetverikov & Jehee (2023),8,7,14,1.0,18,17,10,7
Chetverikov & Jehee (2023),8,7,15,1.0,18,17,15,2
Chetverikov & Jehee (2023),8,7,16,1.0,18,17,13,4
Chetverikov & Jehee (2023),8,7,17,1.0,18,17,14,3
Chetverikov & Jehee (2023),8,8,1,1.0,18,17,15,2
Chetverikov & Jehee (2023),8,8,2,1.0,18,17,12,5
Chetverikov & Jehee (2023),8,8,3,1.0,18,17,12,5
Chetverikov & Jehee (2023),8,8,4,1.0,18,17,7,10
Chetverikov & Jehee (2023),8,8,5,1.0,18,17,14,3
Chetverikov & Jehee (2023),8,8,6,1.0,18,17,13,4
Chetverikov & Jehee (2023),8,8,7,1.0,18,17,10,7
Chetverikov & Jehee (2023),8,8,8,1.0,18,17,12,5
Chetverikov & Jehee (2023),8,8,9,1.0,18,17,16,1
Chetverikov & Jehee (2023),8,8,10,1.0,18,17,13,4
Chetverikov & Jehee (2023),8,8,11,1.0,18,17,15,2
Chetverikov & Jehee (2023),8,8,12,1.0,18,17,13,4
Chetverikov & Jehee (2023),8,8,13,1.0,18,17,16,1
Chetverikov & Jehee (2023),8,8,14,1.0,18,17,11,6
Chetverikov & Jehee (2023),8,8,15,1.0,18,17,13,4
Chetverikov & Jehee (2023),8,8,16,1.0,18,17,15,2
Chetverikov & Jehee (2023),8,8,17,1.0,18,17,14,3
Chetverikov & Jehee (2023),8,9,1,1.0,18,17,13,4
Chetverikov & Jehee (2023),8,9,2,1.0,18,17,11,6
Chetverikov & Jehee (2023),8,9,3,1.0,18,17,14,3
Chetverikov & Jehee (2023),8,9,4,1.0,18,17,12,5
Chetverikov & Jehee (2023),8,9,5,1.0,18,17,11,6
Chetverikov & Jehee (2023),8,9,6,1.0,18,17,13,4
Chetverikov & Jehee (2023),8,9,7,1.0,18,17,14,3
Chetverikov & Jehee (2023),8,9,8,1.0,18,17,14,3
Chetverikov & Jehee (2023),8,9,9,1.0,18,17,11,6
Chetverikov & Jehee (2023),8,9,10,1.0,18,17,16,1
Chetverikov & Jehee (2023),8,9,11,1.0,18,17,12,5
Chetverikov & Jehee (2023),8,9,12,1.0,18,17,10,7
Chetverikov & Jehee (2023),8,9,13,1.0,18,17,16,1
Chetverikov & Jehee (2023),8,9,14,1.0,18,17,11,6
Chetverikov & Jehee (2023),8,9,15,1.0,18,17,15,2
Chetverikov & Jehee (2023),8,9,16,1.0,18,17,14,3
Chetverikov & Jehee (2023),8,9,17,1.0,18,17,15,2
Chetverikov & Jehee (2023),8,9,18,1.0,18,17,14,3
Chetverikov & Jehee (2023),8,9,19,1.0,18,17,14,3
Chetverikov & Jehee (2023),8,9,20,1.0,18,17,11,6
Chetverikov & Jehee (2023),8,10,1,1.0,18,17,14,3
Chetverikov & Jehee (2023),8,10,2,1.0,18,17,15,2
Chetverikov & Jehee (2023),8,10,3,1.0,18,17,16,1
Chetverikov & Jehee (2023),8,10,4,1.0,18,17,13,4
Chetverikov & Jehee (2023),8,10,5,1.0,18,17,17,0
Chetverikov & Jehee (2023),8,10,6,1.0,18,17,14,3
Chetverikov & Jehee (2023),8,10,7,1.0,18,17,15,2
Chetverikov & Jehee (2023),8,10,8,1.0,18,17,15,2
Chetverikov & Jehee (2023),8,10,9,1.0,18,17,13,4
Chetverikov & Jehee (2023),8,10,10,1.0,18,17,12,5
Chetverikov & Jehee (2023),8,10,11,1.0,18,17,11,6
Chetverikov & Jehee (2023),8,10,12,1.0,18,17,14,3
Chetverikov & Jehee (2023),8,10,13,1.0,18,17,14,3
Chetverikov & Jehee (2023),8,10,14,1.0,18,17,9,8
Chetverikov & Jehee (2023),8,10,15,1.0,18,17,10,7
Chetverikov & Jehee (2023),8,10,16,1.0,18,17,12,5
Chetverikov & Jehee (2023),8,11,1,1.0,18,17,15,2
Chetverikov & Jehee (2023),8,11,2,1.0,18,17,13,4
Chetverikov & Jehee (2023),8,11,3,1.0,18,17,9,8
Chetverikov & Jehee (2023),8,11,4,1.0,18,17,12,5
Chetverikov & Jehee (2023),8,11,5,1.0,18,17,15,2
Chetverikov & Jehee (2023),8,11,6,1.0,18,17,14,3
Chetverikov & Jehee (2023),8,11,7,1.0,18,17,10,7
Chetverikov & Jehee (2023),8,11,8,1.0,18,17,12,5
Chetverikov & Jehee (2023),8,11,9,1.0,18,17,12,5
Chetverikov & Jehee (2023),8,11,10,1.0,18,17,13,4
Chetverikov & Jehee (2023),8,11,11,1.0,18,17,15,2
Chetverikov & Jehee (2023),8,11,12,1.0,18,17,11,6
Chetverikov & Jehee (2023),8,11,13,1.0,18,17,13,4
Chetverikov & Jehee (2023),8,11,14,1.0,18,17,15,2
Chetverikov & Jehee (2023),8,11,15,1.0,18,17,10,7
Chetverikov & Jehee (2023),8,11,16,1.0,18,17,14,3
Chetverikov & Jehee (2023),8,11,17,1.0,18,17,14,3
Chetverikov & Jehee (2023),8,11,18,1.0,18,17,14,3
Chetverikov & Jehee (2023),8,11,19,1.0,18,17,10,7
Chetverikov & Jehee (2023),8,11,20,1.0,18,17,14,3
Chetverikov & Jehee (2023),8,12,1,1.0,18,17,12,5
Chetverikov & Jehee (2023),8,12,2,1.0,18,17,14,3
Chetverikov & Jehee (2023),8,12,3,1.0,18,17,11,6
Chetverikov & Jehee (2023),8,12,4,1.0,18,17,9,8
Chetverikov & Jehee (2023),8,12,5,1.0,18,17,13,4
Chetverikov & Jehee (2023),8,12,6,1.0,18,17,12,5
Chetverikov & Jehee (2023),8,12,7,1.0,18,17,9,8
Chetverikov & Jehee (2023),8,12,8,1.0,18,17,13,4
Chetverikov & Jehee (2023),8,12,9,1.0,18,17,11,6
Chetverikov & Jehee (2023),8,12,10,1.0,18,17,13,4
Chetverikov & Jehee (2023),8,12,11,1.0,18,17,10,7
Chetverikov & Jehee (2023),8,12,12,1.0,18,17,9,8
Chetverikov & Jehee (2023),8,12,13,1.0,18,17,12,5
Chetverikov & Jehee (2023),8,12,14,1.0,18,17,11,6
Chetverikov & Jehee (2023),8,12,15,1.0,18,17,13,4
Chetverikov & Jehee (2023),8,12,16,1.0,18,17,13,4
Chetverikov & Jehee (2023),8,13,1,1.0,18,17,10,7
Chetverikov & Jehee (2023),8,13,2,1.0,18,17,16,1
Chetverikov & Jehee (2023),8,13,3,1.0,18,17,16,1
Chetverikov & Jehee (2023),8,13,4,1.0,18,17,13,4
Chetverikov & Jehee (2023),8,13,5,1.0,18,17,14,3
Chetverikov & Jehee (2023),8,13,6,1.0,18,17,15,2
Chetverikov & Jehee (2023),8,13,7,1.0,18,17,12,5
Chetverikov & Jehee (2023),8,13,8,1.0,18,17,12,5
Chetverikov & Jehee (2023),8,13,9,1.0,18,17,16,1
Chetverikov & Jehee (2023),8,13,10,1.0,18,17,12,5
Chetverikov & Jehee (2023),8,13,11,1.0,18,17,15,2
Chetverikov & Jehee (2023),8,13,12,1.0,18,17,10,7
Chetverikov & Jehee (2023),8,13,13,1.0,18,17,14,3
Chetverikov & Jehee (2023),8,13,14,1.0,18,17,8,9
Chetverikov & Jehee (2023),8,13,15,1.0,18,17,14,3
Chetverikov & Jehee (2023),8,13,16,1.0,18,17,11,6
Chetverikov & Jehee (2023),8,13,17,1.0,18,17,10,7
Chetverikov & Jehee (2023),8,13,18,1.0,18,17,14,3
Chetverikov & Jehee (2023),8,13,19,1.0,18,17,10,7
Chetverikov & Jehee (2023),8,14,1,1.0,18,17,11,6
Chetverikov & Jehee (2023),8,14,2,1.0,18,17,16,1
Chetverikov & Jehee (2023),8,14,3,1.0,18,17,13,4
Chetverikov & Jehee (2023),8,14,4,1.0,18,17,11,6
Chetverikov & Jehee (2023),8,14,5,1.0,18,17,14,3
Chetverikov & Jehee (2023),8,14,6,1.0,18,17,12,5
Chetverikov & Jehee (2023),8,14,7,1.0,18,17,12,5
Chetverikov & Jehee (2023),8,14,8,1.0,18,17,11,6
Chetverikov & Jehee (2023),8,14,9,1.0,18,17,11,6
Chetverikov & Jehee (2023),8,14,10,1.0,18,17,13,4
Chetverikov & Jehee (2023),8,14,11,1.0,18,17,14,3
Chetverikov & Jehee (2023),8,14,12,1.0,18,17,12,5
Chetverikov & Jehee (2023),8,14,13,1.0,18,17,11,6
Chetverikov & Jehee (2023),8,14,14,1.0,18,17,15,2
Chetverikov & Jehee (2023),8,14,15,1.0,18,17,14,3
Chetverikov & Jehee (2023),8,14,16,1.0,18,17,13,4
Chetverikov & Jehee (2023),8,15,1,1.0,18,17,12,5
Chetverikov & Jehee (2023),8,15,2,1.0,18,17,9,8
Chetverikov & Jehee (2023),8,15,3,1.0,18,17,9,8
Chetverikov & Jehee (2023),8,15,4,1.0,18,17,10,7
Chetverikov & Jehee (2023),8,15,5,1.0,18,17,11,6
Chetverikov & Jehee (2023),8,15,6,1.0,18,17,14,3
Chetverikov & Jehee (2023),8,15,7,1.0,18,17,14,3
Chetverikov & Jehee (2023),8,15,8,1.0,18,17,14,3
Chetverikov & Jehee (2023),8,15,9,1.0,18,17,11,6
Chetverikov & Jehee (2023),8,15,10,1.0,18,17,13,4
Chetverikov & Jehee (2023),8,15,11,1.0,18,17,11,6
Chetverikov & Jehee (2023),8,15,12,1.0,18,17,13,4
Chetverikov & Jehee (2023),8,15,13,1.0,18,17,14,3
Chetverikov & Jehee (2023),8,15,14,1.0,18,17,16,1
Chetverikov & Jehee (2023),8,15,15,1.0,18,17,14,3
Chetverikov & Jehee (2023),8,15,16,1.0,18,17,11,6
Chetverikov & Jehee (2023),8,15,17,1.0,18,17,14,3
Chetverikov & Jehee (2023),8,16,1,1.0,18,17,13,4
Chetverikov & Jehee (2023),8,16,2,1.0,18,17,14,3
Chetverikov & Jehee (2023),8,16,3,1.0,18,17,8,9
Chetverikov & Jehee (2023),8,16,4,1.0,18,17,13,4
Chetverikov & Jehee (2023),8,16,5,1.0,18,17,17,0
Chetverikov & Jehee (2023),8,16,6,1.0,18,17,14,3
Chetverikov & Jehee (2023),8,16,7,1.0,18,17,10,7
Chetverikov & Jehee (2023),8,16,8,1.0,18,17,11,6
Chetverikov & Jehee (2023),8,16,9,1.0,18,17,11,6
Chetverikov & Jehee (2023),8,16,10,1.0,18,17,14,3
Chetverikov & Jehee (2023),8,16,11,1.0,18,17,13,4
Chetverikov & Jehee (2023),8,16,12,1.0,18,17,15,2
Chetverikov & Jehee (2023),8,16,13,1.0,18,17,11,6
Chetverikov & Jehee (2023),8,16,14,1.0,18,17,12,5
Chetverikov & Jehee (2023),8,16,15,1.0,18,17,10,7
Chetverikov & Jehee (2023),8,16,16,1.0,18,17,15,2
Chetverikov & Jehee (2023),8,16,17,1.0,18,17,13,4
Chetverikov & Jehee (2023),8,17,1,1.0,18,17,12,5
Chetverikov & Jehee (2023),8,17,2,1.0,18,17,8,9
Chetverikov & Jehee (2023),8,17,3,1.0,18,17,14,3
Chetverikov & Jehee (2023),8,17,4,1.0,18,17,14,3
Chetverikov & Jehee (2023),8,17,5,1.0,18,17,14,3
Chetverikov & Jehee (2023),8,17,6,1.0,18,17,14,3
Chetverikov & Jehee (2023),8,17,7,1.0,18,17,15,2
Chetverikov & Jehee (2023),8,17,8,1.0,18,17,11,6
Chetverikov & Jehee (2023),8,17,9,1.0,18,17,13,4
Chetverikov & Jehee (2023),8,17,10,1.0,18,17,11,6
Chetverikov & Jehee (2023),8,17,11,1.0,18,17,15,2
Chetverikov & Jehee (2023),8,17,12,1.0,18,17,12,5
Chetverikov & Jehee (2023),8,17,13,1.0,18,17,15,2
Chetverikov & Jehee (2023),8,17,14,1.0,18,17,13,4
Chetverikov & Jehee (2023),8,17,15,1.0,18,17,13,4
Chetverikov & Jehee (2023),8,17,16,1.0,18,17,9,8
Chetverikov & Jehee (2023),8,17,17,1.0,18,17,11,6
Chetverikov & Jehee (2023),8,18,1,1.0,18,17,12,5
Chetverikov & Jehee (2023),8,18,2,1.0,18,17,12,5
Chetverikov & Jehee (2023),8,18,3,1.0,18,17,12,5
Chetverikov & Jehee (2023),8,18,4,1.0,18,17,17,0
Chetverikov & Jehee (2023),8,18,5,1.0,18,17,13,4
Chetverikov & Jehee (2023),8,18,6,1.0,18,17,12,5
Chetverikov & Jehee (2023),8,18,7,1.0,18,17,14,3
Chetverikov & Jehee (2023),8,18,8,1.0,18,17,14,3
Chetverikov & Jehee (2023),8,18,9,1.0,18,17,14,3
Chetverikov & Jehee (2023),8,18,10,1.0,18,17,9,8
Chetverikov & Jehee (2023),8,18,11,1.0,18,17,11,6
Chetverikov & Jehee (2023),8,18,12,1.0,18,17,12,5
Chetverikov & Jehee (2023),8,18,13,1.0,18,17,10,7
Chetverikov & Jehee (2023),8,18,14,1.0,18,17,12,5
Chetverikov & Jehee (2023),8,18,15,1.0,18,17,10,7
Chetverikov & Jehee (2023),8,18,16,1.0,18,17,9,8
Chetverikov & Jehee (2023),9,1,1,2.0,18,17,15,2
Chetverikov & Jehee (2023),9,1,2,2.0,18,17,8,9
Chetverikov & Jehee (2023),9,1,3,2.0,18,17,13,4
Chetverikov & Jehee (2023),9,1,4,2.0,18,17,14,3
Chetverikov & Jehee (2023),9,1,5,2.0,18,17,15,2
Chetverikov & Jehee (2023),9,1,6,2.0,18,17,11,6
Chetverikov & Jehee (2023),9,1,7,2.0,18,17,14,3
Chetverikov & Jehee (2023),9,1,8,2.0,18,17,13,4
Chetverikov & Jehee (2023),9,1,9,2.0,18,17,14,3
Chetverikov & Jehee (2023),9,1,10,2.0,18,17,13,4
Chetverikov & Jehee (2023),9,1,11,2.0,18,17,15,2
Chetverikov & Jehee (2023),9,1,12,2.0,18,17,12,5
Chetverikov & Jehee (2023),9,1,13,2.0,18,17,11,6
Chetverikov & Jehee (2023),9,1,14,2.0,18,17,10,7
Chetverikov & Jehee (2023),9,1,15,2.0,18,17,11,6
Chetverikov & Jehee (2023),9,1,16,2.0,18,17,14,3
Chetverikov & Jehee (2023),9,1,17,2.0,18,17,12,5
Chetverikov & Jehee (2023),9,1,18,2.0,18,17,11,6
Chetverikov & Jehee (2023),9,1,19,2.0,18,17,14,3
Chetverikov & Jehee (2023),9,1,20,2.0,18,17,13,4
Chetverikov & Jehee (2023),9,1,21,2.0,18,17,14,3
Chetverikov & Jehee (2023),9,1,22,2.0,18,17,13,4
Chetverikov & Jehee (2023),9,1,23,2.0,18,17,11,6
Chetverikov & Jehee (2023),9,1,24,2.0,18,17,12,5
Chetverikov & Jehee (2023),9,1,25,2.0,18,17,15,2
Chetverikov & Jehee (2023),9,1,26,2.0,18,17,10,7
Chetverikov & Jehee (2023),9,1,27,2.0,18,17,12,5
Chetverikov & Jehee (2023),9,1,28,2.0,18,17,11,6
Chetverikov & Jehee (2023),9,1,29,2.0,18,17,12,5
Chetverikov & Jehee (2023),9,1,30,2.0,18,17,15,2
Chetverikov & Jehee (2023),9,1,31,2.0,18,17,15,2
Chetverikov & Jehee (2023),9,1,32,2.0,18,17,14,3
Chetverikov & Jehee (2023),9,1,33,2.0,18,17,9,8
Chetverikov & Jehee (2023),9,1,34,2.0,18,17,14,3
Chetverikov & Jehee (2023),9,1,35,2.0,18,17,11,6
Chetverikov & Jehee (2023),9,1,36,2.0,18,17,12,5
Chetverikov & Jehee (2023),9,1,37,2.0,18,17,14,3
Chetverikov & Jehee (2023),9,1,38,2.0,18,17,11,6
Chetverikov & Jehee (2023),9,1,39,2.0,18,17,10,7
Chetverikov & Jehee (2023),9,1,40,2.0,18,17,12,5
Chetverikov & Jehee (2023),9,1,41,2.0,18,17,15,2
Chetverikov & Jehee (2023),9,1,42,2.0,18,17,9,8
Chetverikov & Jehee (2023),9,2,1,2.0,18,17,12,5
Chetverikov & Jehee (2023),9,2,2,2.0,18,17,12,5
Chetverikov & Jehee (2023),9,2,3,2.0,18,17,11,6
Chetverikov & Jehee (2023),9,2,4,2.0,18,17,8,9
Chetverikov & Jehee (2023),9,2,5,2.0,18,17,13,4
Chetverikov & Jehee (2023),9,2,6,2.0,18,17,16,1
Chetverikov & Jehee (2023),9,2,7,2.0,18,17,11,6
Chetverikov & Jehee (2023),9,2,8,2.0,18,17,11,6
Chetverikov & Jehee (2023),9,2,9,2.0,18,17,12,5
Chetverikov & Jehee (2023),9,2,10,2.0,18,17,14,3
Chetverikov & Jehee (2023),9,2,11,2.0,18,17,12,5
Chetverikov & Jehee (2023),9,2,12,2.0,18,17,12,5
Chetverikov & Jehee (2023),9,2,13,2.0,18,17,13,4
Chetverikov & Jehee (2023),9,2,14,2.0,18,17,12,5
Chetverikov & Jehee (2023),9,2,15,2.0,18,17,11,6
Chetverikov & Jehee (2023),9,2,16,2.0,18,17,14,3
Chetverikov & Jehee (2023),9,2,17,2.0,18,17,11,6
Chetverikov & Jehee (2023),9,2,18,2.0,18,17,13,4
Chetverikov & Jehee (2023),9,2,19,2.0,18,17,14,3
Chetverikov & Jehee (2023),9,2,20,2.0,18,17,15,2
Chetverikov & Jehee (2023),9,2,21,2.0,18,17,9,8
Chetverikov & Jehee (2023),9,2,22,2.0,18,17,14,3
Chetverikov & Jehee (2023),9,2,23,2.0,18,17,14,3
Chetverikov & Jehee (2023),9,2,24,2.0,18,17,12,5
Chetverikov & Jehee (2023),9,2,25,2.0,18,17,11,6
Chetverikov & Jehee (2023),9,2,26,2.0,18,17,11,6
Chetverikov & Jehee (2023),9,2,27,2.0,18,17,15,2
Chetverikov & Jehee (2023),9,2,28,2.0,18,17,12,5
Chetverikov & Jehee (2023),9,2,29,2.0,18,17,14,3
Chetverikov & Jehee (2023),9,2,30,2.0,18,17,9,8
Chetverikov & Jehee (2023),9,2,31,2.0,18,17,12,5
Chetverikov & Jehee (2023),9,2,32,2.0,18,17,10,7
Chetverikov & Jehee (2023),9,2,33,2.0,18,17,12,5
Chetverikov & Jehee (2023),9,2,34,2.0,18,17,17,0
Chetverikov & Jehee (2023),9,2,35,2.0,18,17,15,2
Chetverikov & Jehee (2023),9,2,36,2.0,18,17,14,3
Chetverikov & Jehee (2023),9,2,37,2.0,18,17,12,5
Chetverikov & Jehee (2023),9,2,38,2.0,18,17,11,6
Chetverikov & Jehee (2023),9,2,39,2.0,18,17,12,5
Chetverikov & Jehee (2023),9,2,40,2.0,18,17,12,5
Chetverikov & Jehee (2023),9,3,1,2.0,18,17,10,7
Chetverikov & Jehee (2023),9,3,2,2.0,18,17,13,4
Chetverikov & Jehee (2023),9,3,3,2.0,18,17,10,7
Chetverikov & Jehee (2023),9,3,4,2.0,18,17,16,1
Chetverikov & Jehee (2023),9,3,5,2.0,18,17,13,4
Chetverikov & Jehee (2023),9,3,6,2.0,18,17,14,3
Chetverikov & Jehee (2023),9,3,7,2.0,18,17,14,3
Chetverikov & Jehee (2023),9,3,8,2.0,18,17,15,2
Chetverikov & Jehee (2023),9,3,9,2.0,18,17,14,3
Chetverikov & Jehee (2023),9,3,10,2.0,18,17,15,2
Chetverikov & Jehee (2023),9,3,11,2.0,18,17,14,3
Chetverikov & Jehee (2023),9,3,12,2.0,18,17,13,4
Chetverikov & Jehee (2023),9,3,13,2.0,18,17,10,7
Chetverikov & Jehee (2023),9,3,14,2.0,18,17,12,5
Chetverikov & Jehee (2023),9,3,15,2.0,18,17,12,5
Chetverikov & Jehee (2023),9,3,16,2.0,18,17,10,7
Chetverikov & Jehee (2023),9,3,17,2.0,18,17,9,8
Chetverikov & Jehee (2023),9,3,18,2.0,18,17,13,4
Chetverikov & Jehee (2023),9,3,19,2.0,18,17,10,7
Chetverikov & Jehee (2023),9,3,20,2.0,18,17,14,3
Chetverikov & Jehee (2023),9,3,21,2.0,18,17,15,2
Chetverikov & Jehee (2023),9,3,22,2.0,18,17,12,5
Chetverikov & Jehee (2023),9,3,23,2.0,18,17,13,4
Chetverikov & Jehee (2023),9,3,24,2.0,18,17,14,3
Chetverikov & Jehee (2023),9,3,25,2.0,18,17,15,2
Chetverikov & Jehee (2023),9,3,26,2.0,18,17,10,7
Chetverikov & Jehee (2023),9,3,27,2.0,18,17,11,6
Chetverikov & Jehee (2023),9,3,28,2.0,18,17,11,6
Chetverikov & Jehee (2023),9,3,29,2.0,18,17,12,5
Chetverikov & Jehee (2023),9,3,30,2.0,18,17,13,4
Chetverikov & Jehee (2023),9,3,31,2.0,18,17,17,0
Chetverikov & Jehee (2023),9,3,32,2.0,18,17,12,5
Chetverikov & Jehee (2023),9,3,33,2.0,18,17,10,7
Chetverikov & Jehee (2023),9,3,34,2.0,18,17,12,5
Chetverikov & Jehee (2023),9,3,35,2.0,18,17,13,4
Chetverikov & Jehee (2023),9,3,36,2.0,18,17,16,1
Chetverikov & Jehee (2023),9,3,37,2.0,18,17,12,5
Chetverikov & Jehee (2023),9,3,38,2.0,18,17,15,2
Chetverikov & Jehee (2023),9,3,39,2.0,18,17,13,4
Chetverikov & Jehee (2023),9,4,1,2.0,18,17,11,6
Chetverikov & Jehee (2023),9,4,2,2.0,18,17,14,3
Chetverikov & Jehee (2023),9,4,3,2.0,18,17,12,5
Chetverikov & Jehee (2023),9,4,4,2.0,18,17,12,5
Chetverikov & Jehee (2023),9,4,5,2.0,18,17,14,3
Chetverikov & Jehee (2023),9,4,6,2.0,18,17,16,1
Chetverikov & Jehee (2023),9,4,7,2.0,18,17,16,1
Chetverikov & Jehee (2023),9,4,8,2.0,18,17,14,3
Chetverikov & Jehee (2023),9,4,9,2.0,18,17,12,5
Chetverikov & Jehee (2023),9,4,10,2.0,18,17,15,2
Chetverikov & Jehee (2023),9,4,11,2.0,18,17,12,5
Chetverikov & Jehee (2023),9,4,12,2.0,18,17,11,6
Chetverikov & Jehee (2023),9,4,13,2.0,18,17,14,3
Chetverikov & Jehee (2023),9,4,14,2.0,18,17,14,3
Chetverikov & Jehee (2023),9,4,15,2.0,18,17,12,5
Chetverikov & Jehee (2023),9,4,16,2.0,18,17,11,6
Chetverikov & Jehee (2023),9,4,17,2.0,18,17,12,5
Chetverikov & Jehee (2023),9,4,18,2.0,18,17,14,3
Chetverikov & Jehee (2023),9,4,19,2.0,18,17,9,8
Chetverikov & Jehee (2023),9,4,20,2.0,18,17,12,5
Chetverikov & Jehee (2023),9,4,21,2.0,18,17,12,5
Chetverikov & Jehee (2023),9,4,22,2.0,18,17,13,4
Chetverikov & Jehee (2023),9,4,23,2.0,18,17,14,3
Chetverikov & Jehee (2023),9,4,24,2.0,18,17,14,3
Chetverikov & Jehee (2023),9,4,25,2.0,18,17,11,6
Chetverikov & Jehee (2023),9,4,26,2.0,18,17,11,6
Chetverikov & Jehee (2023),9,4,27,2.0,18,17,14,3
Chetverikov & Jehee (2023),9,4,28,2.0,18,17,12,5
Chetverikov & Jehee (2023),9,4,29,2.0,18,17,14,3
Chetverikov & Jehee (2023),9,4,30,2.0,18,17,13,4
Chetverikov & Jehee (2023),9,4,31,2.0,18,17,15,2
Chetverikov & Jehee (2023),9,4,32,2.0,18,17,11,6
Chetverikov & Jehee (2023),9,4,33,2.0,18,17,9,8
Chetverikov & Jehee (2023),9,4,34,2.0,18,17,14,3
Chetverikov & Jehee (2023),9,4,35,2.0,18,17,14,3
Chetverikov & Jehee (2023),9,4,36,2.0,18,17,14,3
Chetverikov & Jehee (2023),9,4,37,2.0,18,17,14,3
Chetverikov & Jehee (2023),9,4,38,2.0,18,17,10,7
Chetverikov & Jehee (2023),9,4,39,2.0,18,17,11,6
Chetverikov & Jehee (2023),9,4,40,2.0,18,17,8,9
Chetverikov & Jehee (2023),9,4,41,2.0,18,17,12,5
Chetverikov & Jehee (2023),9,4,42,2.0,18,17,14,3
Chetverikov & Jehee (2023),9,5,1,2.0,18,17,16,1
Chetverikov & Jehee (2023),9,5,2,2.0,18,17,15,2
Chetverikov & Jehee (2023),9,5,3,2.0,18,17,13,4
Chetverikov & Jehee (2023),9,5,4,2.0,18,17,11,6
Chetverikov & Jehee (2023),9,5,5,2.0,18,17,15,2
Chetverikov & Jehee (2023),9,5,6,2.0,18,17,11,6
Chetverikov & Jehee (2023),9,5,7,2.0,18,17,15,2
Chetverikov & Jehee (2023),9,5,8,2.0,18,17,10,7
Chetverikov & Jehee (2023),9,5,9,2.0,18,17,12,5
Chetverikov & Jehee (2023),9,5,10,2.0,18,17,12,5
Chetverikov & Jehee (2023),9,5,11,2.0,18,17,16,1
Chetverikov & Jehee (2023),9,5,12,2.0,18,17,12,5
Chetverikov & Jehee (2023),9,5,13,2.0,18,17,15,2
Chetverikov & Jehee (2023),9,5,14,2.0,18,17,14,3
Chetverikov & Jehee (2023),9,5,15,2.0,18,17,13,4
Chetverikov & Jehee (2023),9,5,16,2.0,18,17,12,5
Chetverikov & Jehee (2023),9,5,17,2.0,18,17,12,5
Chetverikov & Jehee (2023),9,5,18,2.0,18,17,11,6
Chetverikov & Jehee (2023),9,5,19,2.0,18,17,12,5
Chetverikov & Jehee (2023),9,5,20,2.0,18,17,11,6
Chetverikov & Jehee (2023),9,5,21,2.0,18,17,14,3
Chetverikov & Jehee (2023),9,5,22,2.0,18,17,15,2
Chetverikov & Jehee (2023),9,5,23,2.0,18,17,14,3
Chetverikov & Jehee (2023),9,5,24,2.0,18,17,11,6
Chetverikov & Jehee (2023),9,5,25,2.0,18,17,13,4
Chetverikov & Jehee (2023),9,5,26,2.0,18,17,12,5
Chetverikov & Jehee (2023),9,5,27,2.0,18,17,10,7
Chetverikov & Jehee (2023),9,5,28,2.0,18,17,13,4
Chetverikov & Jehee (2023),9,5,29,2.0,18,17,12,5
Chetverikov & Jehee (2023),9,5,30,2.0,18,17,11,6
Chetverikov & Jehee (2023),9,5,31,2.0,18,17,15,2
Chetverikov & Jehee (2023),9,5,32,2.0,18,17,10,7
Chetverikov & Jehee (2023),9,5,33,2.0,18,17,15,2
Chetverikov & Jehee (2023),9,5,34,2.0,18,17,13,4
Chetverikov & Jehee (2023),9,5,35,2.0,18,17,12,5
Chetverikov & Jehee (2023),9,5,36,2.0,18,17,8,9
Chetverikov & Jehee (2023),9,5,37,2.0,18,17,12,5
Chetverikov & Jehee (2023),9,5,38,2.0,18,17,16,1
Chetverikov & Jehee (2023),9,5,39,2.0,18,17,9,8
Chetverikov & Jehee (2023),9,5,40,2.0,18,17,13,4
Chetverikov & Jehee (2023),9,5,41,2.0,18,17,15,2
Chetverikov & Jehee (2023),9,5,42,2.0,18,17,9,8
Chetverikov & Jehee (2023),9,5,43,2.0,18,17,14,3
Chetverikov & Jehee (2023),9,5,44,2.0,18,17,11,6
Chetverikov & Jehee (2023),9,5,45,2.0,18,17,13,4
Chetverikov & Jehee (2023),9,5,46,2.0,18,17,14,3
Chetverikov & Jehee (2023),9,6,1,2.0,18,17,14,3
Chetverikov & Jehee (2023),9,6,2,2.0,18,17,12,5
Chetverikov & Jehee (2023),9,6,3,2.0,18,17,15,2
Chetverikov & Jehee (2023),9,6,4,2.0,18,17,14,3
Chetverikov & Jehee (2023),9,6,5,2.0,18,17,14,3
Chetverikov & Jehee (2023),9,6,6,2.0,18,17,10,7
Chetverikov & Jehee (2023),9,6,7,2.0,18,17,9,8
Chetverikov & Jehee (2023),9,6,8,2.0,18,17,12,5
Chetverikov & Jehee (2023),9,6,9,2.0,18,17,15,2
Chetverikov & Jehee (2023),9,6,10,2.0,18,17,17,0
Chetverikov & Jehee (2023),9,6,11,2.0,18,17,11,6
Chetverikov & Jehee (2023),9,6,12,2.0,18,17,12,5
Chetverikov & Jehee (2023),9,6,13,2.0,18,17,14,3
Chetverikov & Jehee (2023),9,6,14,2.0,18,17,15,2
Chetverikov & Jehee (2023),9,6,15,2.0,18,17,15,2
Chetverikov & Jehee (2023),9,6,16,2.0,18,17,15,2
Chetverikov & Jehee (2023),9,6,17,2.0,18,17,16,1
Chetverikov & Jehee (2023),9,6,18,2.0,18,17,15,2
Chetverikov & Jehee (2023),9,6,19,2.0,18,17,11,6
Chetverikov & Jehee (2023),9,6,20,2.0,18,17,17,0
Chetverikov & Jehee (2023),9,6,21,2.0,18,17,16,1
Chetverikov & Jehee (2023),9,6,22,2.0,18,17,11,6
Chetverikov & Jehee (2023),9,6,23,2.0,18,17,13,4
Chetverikov & Jehee (2023),9,6,24,2.0,18,17,13,4
Chetverikov & Jehee (2023),9,6,25,2.0,18,17,11,6
Chetverikov & Jehee (2023),9,6,26,2.0,18,17,16,1
Chetverikov & Jehee (2023),9,6,27,2.0,18,17,9,8
Chetverikov & Jehee (2023),9,6,28,2.0,18,17,15,2
Chetverikov & Jehee (2023),9,6,29,2.0,18,17,13,4
Chetverikov & Jehee (2023),9,6,30,2.0,18,17,14,3
Chetverikov & Jehee (2023),9,6,31,2.0,18,17,15,2
Chetverikov & Jehee (2023),9,6,32,2.0,18,17,14,3
Chetverikov & Jehee (2023),9,6,33,2.0,18,17,15,2
Chetverikov & Jehee (2023),9,6,34,2.0,18,17,14,3
Chetverikov & Jehee (2023),9,6,35,2.0,18,17,15,2
Chetverikov & Jehee (2023),9,6,36,2.0,18,17,15,2
Chetverikov & Jehee (2023),9,6,37,2.0,18,17,12,5
Chetverikov & Jehee (2023),9,6,38,2.0,18,17,12,5
Chetverikov & Jehee (2023),9,6,39,2.0,18,17,13,4
Chetverikov & Jehee (2023),9,6,40,2.0,18,17,10,7
Chetverikov & Jehee (2023),9,7,1,2.0,18,17,14,3
Chetverikov & Jehee (2023),9,7,2,2.0,18,17,11,6
Chetverikov & Jehee (2023),9,7,3,2.0,18,17,14,3
Chetverikov & Jehee (2023),9,7,4,2.0,18,17,15,2
Chetverikov & Jehee (2023),9,7,5,2.0,18,17,12,5
Chetverikov & Jehee (2023),9,7,6,2.0,18,17,12,5
Chetverikov & Jehee (2023),9,7,7,2.0,18,17,12,5
Chetverikov & Jehee (2023),9,7,8,2.0,18,17,15,2
Chetverikov & Jehee (2023),9,7,9,2.0,18,17,13,4
Chetverikov & Jehee (2023),9,7,10,2.0,18,17,12,5
Chetverikov & Jehee (2023),9,7,11,2.0,18,17,14,3
Chetverikov & Jehee (2023),9,7,12,2.0,18,17,15,2
Chetverikov & Jehee (2023),9,7,13,2.0,18,17,13,4
Chetverikov & Jehee (2023),9,7,14,2.0,18,17,15,2
Chetverikov & Jehee (2023),9,7,15,2.0,18,17,16,1
Chetverikov & Jehee (2023),9,7,16,2.0,18,17,12,5
Chetverikov & Jehee (2023),9,7,17,2.0,18,17,16,1
Chetverikov & Jehee (2023),9,7,18,2.0,18,17,15,2
Chetverikov & Jehee (2023),9,7,19,2.0,18,17,16,1
Chetverikov & Jehee (2023),9,7,20,2.0,18,17,12,5
Chetverikov & Jehee (2023),9,7,21,2.0,18,17,13,4
Chetverikov & Jehee (2023),9,7,22,2.0,18,17,9,8
Chetverikov & Jehee (2023),9,7,23,2.0,18,17,14,3
Chetverikov & Jehee (2023),9,7,24,2.0,18,17,10,7
Chetverikov & Jehee (2023),9,7,25,2.0,18,17,16,1
Chetverikov & Jehee (2023),9,7,26,2.0,18,17,11,6
Chetverikov & Jehee (2023),9,7,27,2.0,18,17,15,2
Chetverikov & Jehee (2023),9,7,28,2.0,18,17,9,8
Chetverikov & Jehee (2023),9,7,29,2.0,18,17,12,5
Chetverikov & Jehee (2023),9,7,30,2.0,18,17,13,4
Chetverikov & Jehee (2023),9,7,31,2.0,18,17,14,3
Chetverikov & Jehee (2023),9,7,32,2.0,18,17,12,5
Chetverikov & Jehee (2023),9,7,33,2.0,18,17,14,3
Chetverikov & Jehee (2023),9,7,34,2.0,18,17,15,2
Chetverikov & Jehee (2023),9,7,35,2.0,18,17,10,7
Chetverikov & Jehee (2023),9,7,36,2.0,18,17,14,3
Chetverikov & Jehee (2023),9,7,37,2.0,18,17,10,7
Chetverikov & Jehee (2023),9,7,38,2.0,18,17,14,3
Chetverikov & Jehee (2023),9,7,39,2.0,18,17,13,4
Chetverikov & Jehee (2023),9,7,40,2.0,18,17,9,8
Chetverikov & Jehee (2023),9,7,41,2.0,18,17,12,5
Chetverikov & Jehee (2023),9,7,42,2.0,18,17,13,4
Chetverikov & Jehee (2023),9,7,43,2.0,18,17,13,4
Chetverikov & Jehee (2023),9,7,44,2.0,18,17,13,4
Chetverikov & Jehee (2023),9,7,45,2.0,18,17,15,2
Chetverikov & Jehee (2023),9,8,1,2.0,18,17,13,4
Chetverikov & Jehee (2023),9,8,2,2.0,18,17,16,1
Chetverikov & Jehee (2023),9,8,3,2.0,18,17,16,1
Chetverikov & Jehee (2023),9,8,4,2.0,18,17,11,6
Chetverikov & Jehee (2023),9,8,5,2.0,18,17,11,6
Chetverikov & Jehee (2023),9,8,6,2.0,18,17,11,6
Chetverikov & Jehee (2023),9,8,7,2.0,18,17,16,1
Chetverikov & Jehee (2023),9,8,8,2.0,18,17,13,4
Chetverikov & Jehee (2023),9,8,9,2.0,18,17,9,8
Chetverikov & Jehee (2023),9,8,10,2.0,18,17,15,2
Chetverikov & Jehee (2023),9,8,11,2.0,18,17,11,6
Chetverikov & Jehee (2023),9,8,12,2.0,18,17,11,6
Chetverikov & Jehee (2023),9,8,13,2.0,18,17,11,6
Chetverikov & Jehee (2023),9,8,14,2.0,18,17,11,6
Chetverikov & Jehee (2023),9,8,15,2.0,18,17,11,6
Chetverikov & Jehee (2023),9,8,16,2.0,18,17,14,3
Chetverikov & Jehee (2023),9,8,17,2.0,18,17,13,4
Chetverikov & Jehee (2023),9,8,18,2.0,18,17,9,8
Chetverikov & Jehee (2023),9,8,19,2.0,18,17,15,2
Chetverikov & Jehee (2023),9,8,20,2.0,18,17,14,3
Chetverikov & Jehee (2023),9,8,21,2.0,18,17,14,3
Chetverikov & Jehee (2023),9,8,22,2.0,18,17,13,4
Chetverikov & Jehee (2023),9,8,23,2.0,18,17,16,1
Chetverikov & Jehee (2023),9,8,24,2.0,18,17,11,6
Chetverikov & Jehee (2023),9,8,25,2.0,18,17,12,5
Chetverikov & Jehee (2023),9,8,26,2.0,18,17,14,3
Chetverikov & Jehee (2023),9,8,27,2.0,18,17,12,5
Chetverikov & Jehee (2023),9,8,28,2.0,18,17,10,7
Chetverikov & Jehee (2023),9,8,29,2.0,18,17,14,3
Chetverikov & Jehee (2023),9,8,30,2.0,18,17,10,7
Chetverikov & Jehee (2023),9,8,31,2.0,18,17,12,5
Chetverikov & Jehee (2023),9,8,32,2.0,18,17,13,4
Chetverikov & Jehee (2023),9,8,33,2.0,18,17,15,2
Chetverikov & Jehee (2023),9,8,34,2.0,18,17,14,3
Chetverikov & Jehee (2023),9,8,35,2.0,18,17,11,6
Chetverikov & Jehee (2023),9,8,36,2.0,18,17,13,4
Chetverikov & Jehee (2023),9,8,37,2.0,18,17,14,3
Chetverikov & Jehee (2023),9,8,38,2.0,18,17,9,8
Chetverikov & Jehee (2023),9,8,39,2.0,18,17,10,7
Chetverikov & Jehee (2023),9,8,40,2.0,18,17,14,3
Chetverikov & Jehee (2023),9,8,41,2.0,18,17,11,6
Chetverikov & Jehee (2023),9,9,1,2.0,18,17,15,2
Chetverikov & Jehee (2023),9,9,2,2.0,18,17,14,3
Chetverikov & Jehee (2023),9,9,3,2.0,18,17,15,2
Chetverikov & Jehee (2023),9,9,4,2.0,18,17,13,4
Chetverikov & Jehee (2023),9,9,5,2.0,18,17,13,4
Chetverikov & Jehee (2023),9,9,6,2.0,18,17,12,5
Chetverikov & Jehee (2023),9,9,7,2.0,18,17,8,9
Chetverikov & Jehee (2023),9,9,8,2.0,18,17,9,8
Chetverikov & Jehee (2023),9,9,9,2.0,18,17,11,6
Chetverikov & Jehee (2023),9,9,10,2.0,18,17,13,4
Chetverikov & Jehee (2023),9,9,11,2.0,18,17,15,2
Chetverikov & Jehee (2023),9,9,12,2.0,18,17,13,4
Chetverikov & Jehee (2023),9,9,13,2.0,18,17,12,5
Chetverikov & Jehee (2023),9,9,14,2.0,18,17,14,3
Chetverikov & Jehee (2023),9,9,15,2.0,18,17,17,0
Chetverikov & Jehee (2023),9,9,16,2.0,18,17,12,5
Chetverikov & Jehee (2023),9,9,17,2.0,18,17,14,3
Chetverikov & Jehee (2023),9,9,18,2.0,18,17,11,6
Chetverikov & Jehee (2023),9,9,19,2.0,18,17,12,5
Chetverikov & Jehee (2023),9,9,20,2.0,18,17,12,5
Chetverikov & Jehee (2023),9,9,21,2.0,18,17,12,5
Chetverikov & Jehee (2023),9,9,22,2.0,18,17,15,2
Chetverikov & Jehee (2023),9,9,23,2.0,18,17,9,8
Chetverikov & Jehee (2023),9,9,24,2.0,18,17,17,0
Chetverikov & Jehee (2023),9,9,25,2.0,18,17,12,5
Chetverikov & Jehee (2023),9,9,26,2.0,18,17,14,3
Chetverikov & Jehee (2023),9,9,27,2.0,18,17,10,7
Chetverikov & Jehee (2023),9,9,28,2.0,18,17,12,5
Chetverikov & Jehee (2023),9,9,29,2.0,18,17,13,4
Chetverikov & Jehee (2023),9,9,30,2.0,18,17,16,1
Chetverikov & Jehee (2023),9,9,31,2.0,18,17,15,2
Chetverikov & Jehee (2023),9,9,32,2.0,18,17,11,6
Chetverikov & Jehee (2023),9,9,33,2.0,18,17,12,5
Chetverikov & Jehee (2023),9,9,34,2.0,18,17,12,5
Chetverikov & Jehee (2023),9,9,35,2.0,18,17,14,3
Chetverikov & Jehee (2023),9,9,36,2.0,18,17,14,3
Chetverikov & Jehee (2023),9,9,37,2.0,18,17,13,4
Chetverikov & Jehee (2023),9,9,38,2.0,18,17,14,3
Chetverikov & Jehee (2023),9,9,39,2.0,18,17,9,8
Chetverikov & Jehee (2023),9,9,40,2.0,18,17,11,6
Chetverikov & Jehee (2023),9,10,1,2.0,18,17,12,5
Chetverikov & Jehee (2023),9,10,2,2.0,18,17,12,5
Chetverikov & Jehee (2023),9,10,3,2.0,18,17,13,4
Chetverikov & Jehee (2023),9,10,4,2.0,18,17,15,2
Chetverikov & Jehee (2023),9,10,5,2.0,18,17,13,4
Chetverikov & Jehee (2023),9,10,6,2.0,18,17,14,3
Chetverikov & Jehee (2023),9,10,7,2.0,18,17,12,5
Chetverikov & Jehee (2023),9,10,8,2.0,18,17,13,4
Chetverikov & Jehee (2023),9,10,9,2.0,18,17,12,5
Chetverikov & Jehee (2023),9,10,10,2.0,18,17,15,2
Chetverikov & Jehee (2023),9,10,11,2.0,18,17,14,3
Chetverikov & Jehee (2023),9,10,12,2.0,18,17,14,3
Chetverikov & Jehee (2023),9,10,13,2.0,18,17,11,6
Chetverikov & Jehee (2023),9,10,14,2.0,18,17,10,7
Chetverikov & Jehee (2023),9,10,15,2.0,18,17,15,2
Chetverikov & Jehee (2023),9,10,16,2.0,18,17,10,7
Chetverikov & Jehee (2023),9,10,17,2.0,18,17,15,2
Chetverikov & Jehee (2023),9,10,18,2.0,18,17,12,5
Chetverikov & Jehee (2023),9,10,19,2.0,18,17,15,2
Chetverikov & Jehee (2023),9,10,20,2.0,18,17,12,5
Chetverikov & Jehee (2023),9,10,21,2.0,18,17,14,3
Chetverikov & Jehee (2023),9,10,22,2.0,18,17,12,5
Chetverikov & Jehee (2023),9,10,23,2.0,18,17,11,6
Chetverikov & Jehee (2023),9,10,24,2.0,18,17,12,5
Chetverikov & Jehee (2023),9,10,25,2.0,18,17,14,3
Chetverikov & Jehee (2023),9,10,26,2.0,18,17,12,5
Chetverikov & Jehee (2023),9,10,27,2.0,18,17,12,5
Chetverikov & Jehee (2023),9,10,28,2.0,18,17,14,3
Chetverikov & Jehee (2023),9,10,29,2.0,18,17,13,4
Chetverikov & Jehee (2023),9,10,30,2.0,18,17,10,7
Chetverikov & Jehee (2023),9,10,31,2.0,18,17,13,4
Chetverikov & Jehee (2023),9,10,32,2.0,18,17,15,2
Chetverikov & Jehee (2023),9,10,33,2.0,18,17,16,1
Chetverikov & Jehee (2023),9,10,34,2.0,18,17,15,2
Chetverikov & Jehee (2023),9,10,35,2.0,18,17,13,4
Chetverikov & Jehee (2023),9,10,36,2.0,18,17,12,5
Chetverikov & Jehee (2023),9,10,37,2.0,18,17,13,4
Chetverikov & Jehee (2023),9,10,38,2.0,18,17,9,8
Chetverikov & Jehee (2023),9,10,39,2.0,18,17,11,6
Chetverikov & Jehee (2023),9,10,40,2.0,18,17,12,5
Chetverikov & Jehee (2023),9,10,41,2.0,18,17,12,5
Chetverikov & Jehee (2023),9,10,42,2.0,18,17,17,0
Chetverikov & Jehee (2023),9,10,43,2.0,18,17,12,5
Chetverikov & Jehee (2023),9,11,1,2.0,18,17,17,0
Chetverikov & Jehee (2023),9,11,2,2.0,18,17,12,5
Chetverikov & Jehee (2023),9,11,3,2.0,18,17,13,4
Chetverikov & Jehee (2023),9,11,4,2.0,18,17,15,2
Chetverikov & Jehee (2023),9,11,5,2.0,18,17,12,5
Chetverikov & Jehee (2023),9,11,6,2.0,18,17,12,5
Chetverikov & Jehee (2023),9,11,7,2.0,18,17,13,4
Chetverikov & Jehee (2023),9,11,8,2.0,18,17,11,6
Chetverikov & Jehee (2023),9,11,9,2.0,18,17,9,8
Chetverikov & Jehee (2023),9,11,10,2.0,18,17,11,6
Chetverikov & Jehee (2023),9,11,11,2.0,18,17,12,5
Chetverikov & Jehee (2023),9,11,12,2.0,18,17,15,2
Chetverikov & Jehee (2023),9,11,13,2.0,18,17,11,6
Chetverikov & Jehee (2023),9,11,14,2.0,18,17,13,4
Chetverikov & Jehee (2023),9,11,15,2.0,18,17,12,5
Chetverikov & Jehee (2023),9,11,16,2.0,18,17,13,4
Chetverikov & Jehee (2023),9,11,17,2.0,18,17,12,5
Chetverikov & Jehee (2023),9,11,18,2.0,18,17,10,7
Chetverikov & Jehee (2023),9,11,19,2.0,18,17,13,4
Chetverikov & Jehee (2023),9,11,20,2.0,18,17,10,7
Chetverikov & Jehee (2023),9,11,21,2.0,18,17,15,2
Chetverikov & Jehee (2023),9,11,22,2.0,18,17,10,7
Chetverikov & Jehee (2023),9,11,23,2.0,18,17,15,2
Chetverikov & Jehee (2023),9,11,24,2.0,18,17,14,3
Chetverikov & Jehee (2023),9,11,25,2.0,18,17,13,4
Chetverikov & Jehee (2023),9,11,26,2.0,18,17,16,1
Chetverikov & Jehee (2023),9,11,27,2.0,18,17,12,5
Chetverikov & Jehee (2023),9,11,28,2.0,18,17,15,2
Chetverikov & Jehee (2023),9,11,29,2.0,18,17,13,4
Chetverikov & Jehee (2023),9,11,30,2.0,18,17,12,5
Chetverikov & Jehee (2023),9,11,31,2.0,18,17,15,2
Chetverikov & Jehee (2023),9,11,32,2.0,18,17,12,5
Chetverikov & Jehee (2023),9,11,33,2.0,18,17,11,6
Chetverikov & Jehee (2023),9,11,34,2.0,18,17,13,4
Chetverikov & Jehee (2023),9,11,35,2.0,18,17,15,2
Chetverikov & Jehee (2023),9,11,36,2.0,18,17,15,2
Chetverikov & Jehee (2023),9,11,37,2.0,18,17,14,3
Chetverikov & Jehee (2023),9,11,38,2.0,18,17,13,4
Chetverikov & Jehee (2023),9,11,39,2.0,18,17,15,2
Chetverikov & Jehee (2023),9,11,40,2.0,18,17,10,7
Chetverikov & Jehee (2023),9,11,41,2.0,18,17,13,4
Chetverikov & Jehee (2023),9,11,42,2.0,18,17,11,6
Chetverikov & Jehee (2023),9,11,43,2.0,18,17,13,4
Chetverikov & Jehee (2023),9,11,44,2.0,18,17,13,4
Chetverikov & Jehee (2023),9,11,45,2.0,18,17,11,6
Chetverikov & Jehee (2023),9,12,1,2.0,18,17,13,4
Chetverikov & Jehee (2023),9,12,2,2.0,18,17,13,4
Chetverikov & Jehee (2023),9,12,3,2.0,18,17,13,4
Chetverikov & Jehee (2023),9,12,4,2.0,18,17,16,1
Chetverikov & Jehee (2023),9,12,5,2.0,18,17,15,2
Chetverikov & Jehee (2023),9,12,6,2.0,18,17,12,5
Chetverikov & Jehee (2023),9,12,7,2.0,18,17,14,3
Chetverikov & Jehee (2023),9,12,8,2.0,18,17,11,6
Chetverikov & Jehee (2023),9,12,9,2.0,18,17,12,5
Chetverikov & Jehee (2023),9,12,10,2.0,18,17,12,5
Chetverikov & Jehee (2023),9,12,11,2.0,18,17,12,5
Chetverikov & Jehee (2023),9,12,12,2.0,18,17,12,5
Chetverikov & Jehee (2023),9,12,13,2.0,18,17,13,4
Chetverikov & Jehee (2023),9,12,14,2.0,18,17,14,3
Chetverikov & Jehee (2023),9,12,15,2.0,18,17,12,5
Chetverikov & Jehee (2023),9,12,16,2.0,18,17,14,3
Chetverikov & Jehee (2023),9,12,17,2.0,18,17,12,5
Chetverikov & Jehee (2023),9,12,18,2.0,18,17,14,3
Chetverikov & Jehee (2023),9,12,19,2.0,18,17,16,1
Chetverikov & Jehee (2023),9,12,20,2.0,18,17,12,5
Chetverikov & Jehee (2023),9,12,21,2.0,18,17,11,6
Chetverikov & Jehee (2023),9,12,22,2.0,18,17,15,2
Chetverikov & Jehee (2023),9,12,23,2.0,18,17,14,3
Chetverikov & Jehee (2023),9,12,24,2.0,18,17,8,9
Chetverikov & Jehee (2023),9,12,25,2.0,18,17,13,4
Chetverikov & Jehee (2023),9,12,26,2.0,18,17,13,4
Chetverikov & Jehee (2023),9,12,27,2.0,18,17,10,7
Chetverikov & Jehee (2023),9,12,28,2.0,18,17,13,4
Chetverikov & Jehee (2023),9,12,29,2.0,18,17,13,4
Chetverikov & Jehee (2023),9,12,30,2.0,18,17,15,2
Chetverikov & Jehee (2023),9,12,31,2.0,18,17,16,1
Chetverikov & Jehee (2023),9,12,32,2.0,18,17,16,1
Chetverikov & Jehee (2023),9,12,33,2.0,18,17,15,2
Chetverikov & Jehee (2023),9,12,34,2.0,18,17,11,6
Chetverikov & Jehee (2023),9,12,35,2.0,18,17,12,5
Chetverikov & Jehee (2023),9,12,36,2.0,18,17,16,1
Chetverikov & Jehee (2023),9,12,37,2.0,18,17,14,3
Chetverikov & Jehee (2023),9,12,38,2.0,18,17,15,2
Chetverikov & Jehee (2023),9,12,39,2.0,18,17,13,4
Chetverikov & Jehee (2023),9,12,40,2.0,18,17,11,6
Chetverikov & Jehee (2023),9,12,41,2.0,18,17,10,7
Chetverikov & Jehee (2023),9,12,42,2.0,18,17,11,6
Chetverikov & Jehee (2023),9,12,43,2.0,18,17,11,6
Chetverikov & Jehee (2023),9,12,44,2.0,18,17,14,3
Chetverikov & Jehee (2023),9,12,45,2.0,18,17,13,4
Chetverikov & Jehee (2023),9,12,46,2.0,18,17,16,1
Chetverikov & Jehee (2023),9,13,1,2.0,18,17,13,4
Chetverikov & Jehee (2023),9,13,2,2.0,18,17,14,3
Chetverikov & Jehee (2023),9,13,3,2.0,18,17,14,3
Chetverikov & Jehee (2023),9,13,4,2.0,18,17,11,6
Chetverikov & Jehee (2023),9,13,5,2.0,18,17,13,4
Chetverikov & Jehee (2023),9,13,6,2.0,18,17,14,3
Chetverikov & Jehee (2023),9,13,7,2.0,18,17,13,4
Chetverikov & Jehee (2023),9,13,8,2.0,18,17,12,5
Chetverikov & Jehee (2023),9,13,9,2.0,18,17,13,4
Chetverikov & Jehee (2023),9,13,10,2.0,18,17,15,2
Chetverikov & Jehee (2023),9,13,11,2.0,18,17,12,5
Chetverikov & Jehee (2023),9,13,12,2.0,18,17,9,8
Chetverikov & Jehee (2023),9,13,13,2.0,18,17,12,5
Chetverikov & Jehee (2023),9,13,14,2.0,18,17,9,8
Chetverikov & Jehee (2023),9,13,15,2.0,18,17,12,5
Chetverikov & Jehee (2023),9,13,16,2.0,18,17,13,4
Chetverikov & Jehee (2023),9,13,17,2.0,18,17,14,3
Chetverikov & Jehee (2023),9,13,18,2.0,18,17,14,3
Chetverikov & Jehee (2023),9,13,19,2.0,18,17,12,5
Chetverikov & Jehee (2023),9,13,20,2.0,18,17,12,5
Chetverikov & Jehee (2023),9,13,21,2.0,18,17,13,4
Chetverikov & Jehee (2023),9,13,22,2.0,18,17,16,1
Chetverikov & Jehee (2023),9,13,23,2.0,18,17,12,5
Chetverikov & Jehee (2023),9,13,24,2.0,18,17,14,3
Chetverikov & Jehee (2023),9,13,25,2.0,18,17,14,3
Chetverikov & Jehee (2023),9,13,26,2.0,18,17,12,5
Chetverikov & Jehee (2023),9,13,27,2.0,18,17,12,5
Chetverikov & Jehee (2023),9,13,28,2.0,18,17,13,4
Chetverikov & Jehee (2023),9,13,29,2.0,18,17,11,6
Chetverikov & Jehee (2023),9,13,30,2.0,18,17,13,4
Chetverikov & Jehee (2023),9,13,31,2.0,18,17,10,7
Chetverikov & Jehee (2023),9,13,32,2.0,18,17,8,9
Chetverikov & Jehee (2023),9,13,33,2.0,18,17,11,6
Chetverikov & Jehee (2023),9,13,34,2.0,18,17,12,5
Chetverikov & Jehee (2023),9,13,35,2.0,18,17,14,3
Chetverikov & Jehee (2023),9,13,36,2.0,18,17,11,6
Chetverikov & Jehee (2023),9,13,37,2.0,18,17,13,4
Chetverikov & Jehee (2023),9,13,38,2.0,18,17,11,6
Chetverikov & Jehee (2023),9,13,39,2.0,18,17,10,7
Chetverikov & Jehee (2023),9,13,40,2.0,18,17,15,2
Chetverikov & Jehee (2023),9,13,41,2.0,18,17,14,3
Chetverikov & Jehee (2023),9,13,42,2.0,18,17,11,6
Chetverikov & Jehee (2023),9,13,43,2.0,18,17,14,3
Chetverikov & Jehee (2023),9,13,44,2.0,18,17,12,5
Chetverikov & Jehee (2023),9,13,45,2.0,18,17,15,2
Chetverikov & Jehee (2023),9,13,46,2.0,18,17,14,3
Chetverikov & Jehee (2023),9,13,47,2.0,18,17,14,3
Chetverikov & Jehee (2023),9,13,48,2.0,18,17,15,2
Chetverikov & Jehee (2023),9,13,49,2.0,18,17,15,2
Chetverikov & Jehee (2023),9,14,1,2.0,18,17,13,4
Chetverikov & Jehee (2023),9,14,2,2.0,18,17,11,6
Chetverikov & Jehee (2023),9,14,3,2.0,18,17,9,8
Chetverikov & Jehee (2023),9,14,4,2.0,18,17,12,5
Chetverikov & Jehee (2023),9,14,5,2.0,18,17,14,3
Chetverikov & Jehee (2023),9,14,6,2.0,18,17,12,5
Chetverikov & Jehee (2023),9,14,7,2.0,18,17,14,3
Chetverikov & Jehee (2023),9,14,8,2.0,18,17,11,6
Chetverikov & Jehee (2023),9,14,9,2.0,18,17,11,6
Chetverikov & Jehee (2023),9,14,10,2.0,18,17,12,5
Chetverikov & Jehee (2023),9,14,11,2.0,18,17,13,4
Chetverikov & Jehee (2023),9,14,12,2.0,18,17,11,6
Chetverikov & Jehee (2023),9,14,13,2.0,18,17,11,6
Chetverikov & Jehee (2023),9,14,14,2.0,18,17,12,5
Chetverikov & Jehee (2023),9,14,15,2.0,18,17,14,3
Chetverikov & Jehee (2023),9,14,16,2.0,18,17,11,6
Chetverikov & Jehee (2023),9,14,17,2.0,18,17,12,5
Chetverikov & Jehee (2023),9,14,18,2.0,18,17,11,6
Chetverikov & Jehee (2023),9,14,19,2.0,18,17,12,5
Chetverikov & Jehee (2023),9,14,20,2.0,18,17,15,2
Chetverikov & Jehee (2023),9,14,21,2.0,18,17,11,6
Chetverikov & Jehee (2023),9,14,22,2.0,18,17,15,2
Chetverikov & Jehee (2023),9,14,23,2.0,18,17,14,3
Chetverikov & Jehee (2023),9,14,24,2.0,18,17,9,8
Chetverikov & Jehee (2023),9,14,25,2.0,18,17,12,5
Chetverikov & Jehee (2023),9,14,26,2.0,18,17,14,3
Chetverikov & Jehee (2023),9,14,27,2.0,18,17,15,2
Chetverikov & Jehee (2023),9,14,28,2.0,18,17,14,3
Chetverikov & Jehee (2023),9,14,29,2.0,18,17,13,4
Chetverikov & Jehee (2023),9,14,30,2.0,18,17,15,2
Chetverikov & Jehee (2023),9,14,31,2.0,18,17,17,0
Chetverikov & Jehee (2023),9,14,32,2.0,18,17,14,3
Chetverikov & Jehee (2023),9,14,33,2.0,18,17,14,3
Chetverikov & Jehee (2023),9,14,34,2.0,18,17,15,2
Chetverikov & Jehee (2023),9,14,35,2.0,18,17,11,6
Chetverikov & Jehee (2023),9,14,36,2.0,18,17,12,5
Chetverikov & Jehee (2023),9,14,37,2.0,18,17,14,3
Chetverikov & Jehee (2023),9,14,38,2.0,18,17,14,3
Chetverikov & Jehee (2023),9,14,39,2.0,18,17,10,7
Chetverikov & Jehee (2023),9,14,40,2.0,18,17,13,4
Chetverikov & Jehee (2023),9,14,41,2.0,18,17,14,3
Chetverikov & Jehee (2023),9,14,42,2.0,18,17,15,2
Chetverikov & Jehee (2023),9,14,43,2.0,18,17,11,6
Chetverikov & Jehee (2023),9,14,44,2.0,18,17,15,2
Chetverikov & Jehee (2023),9,14,45,2.0,18,17,13,4
Chetverikov & Jehee (2023),9,14,46,2.0,18,17,10,7
Chetverikov & Jehee (2023),9,15,1,2.0,18,17,17,0
Chetverikov & Jehee (2023),9,15,2,2.0,18,17,13,4
Chetverikov & Jehee (2023),9,15,3,2.0,18,17,15,2
Chetverikov & Jehee (2023),9,15,4,2.0,18,17,13,4
Chetverikov & Jehee (2023),9,15,5,2.0,18,17,16,1
Chetverikov & Jehee (2023),9,15,6,2.0,18,17,14,3
Chetverikov & Jehee (2023),9,15,7,2.0,18,17,14,3
Chetverikov & Jehee (2023),9,15,8,2.0,18,17,11,6
Chetverikov & Jehee (2023),9,15,9,2.0,18,17,12,5
Chetverikov & Jehee (2023),9,15,10,2.0,18,17,15,2
Chetverikov & Jehee (2023),9,15,11,2.0,18,17,11,6
Chetverikov & Jehee (2023),9,15,12,2.0,18,17,16,1
Chetverikov & Jehee (2023),9,15,13,2.0,18,17,12,5
Chetverikov & Jehee (2023),9,15,14,2.0,18,17,11,6
Chetverikov & Jehee (2023),9,15,15,2.0,18,17,12,5
Chetverikov & Jehee (2023),9,15,16,2.0,18,17,12,5
Chetverikov & Jehee (2023),9,15,17,2.0,18,17,13,4
Chetverikov & Jehee (2023),9,15,18,2.0,18,17,13,4
Chetverikov & Jehee (2023),9,15,19,2.0,18,17,11,6
Chetverikov & Jehee (2023),9,15,20,2.0,18,17,16,1
Chetverikov & Jehee (2023),9,15,21,2.0,18,17,11,6
Chetverikov & Jehee (2023),9,15,22,2.0,18,17,11,6
Chetverikov & Jehee (2023),9,15,23,2.0,18,17,14,3
Chetverikov & Jehee (2023),9,15,24,2.0,18,17,15,2
Chetverikov & Jehee (2023),9,15,25,2.0,18,17,17,0
Chetverikov & Jehee (2023),9,15,26,2.0,18,17,15,2
Chetverikov & Jehee (2023),9,15,27,2.0,18,17,12,5
Chetverikov & Jehee (2023),9,15,28,2.0,18,17,14,3
Chetverikov & Jehee (2023),9,15,29,2.0,18,17,9,8
Chetverikov & Jehee (2023),9,15,30,2.0,18,17,13,4
Chetverikov & Jehee (2023),9,15,31,2.0,18,17,12,5
Chetverikov & Jehee (2023),9,15,32,2.0,18,17,13,4
Chetverikov & Jehee (2023),9,15,33,2.0,18,17,12,5
Chetverikov & Jehee (2023),9,15,34,2.0,18,17,7,10
Chetverikov & Jehee (2023),9,15,35,2.0,18,17,9,8
Chetverikov & Jehee (2023),9,15,36,2.0,18,17,14,3
Chetverikov & Jehee (2023),9,15,37,2.0,18,17,16,1
Chetverikov & Jehee (2023),9,15,38,2.0,18,17,10,7
Chetverikov & Jehee (2023),9,15,39,2.0,18,17,17,0
Chetverikov & Jehee (2023),9,15,40,2.0,18,17,13,4
Chetverikov & Jehee (2023),9,15,41,2.0,18,17,13,4
Chetverikov & Jehee (2023),9,15,42,2.0,18,17,15,2
Chetverikov & Jehee (2023),9,15,43,2.0,18,17,14,3
Chetverikov & Jehee (2023),9,15,44,2.0,18,17,14,3
Chetverikov & Jehee (2023),9,15,45,2.0,18,17,12,5
Chetverikov & Jehee (2023),9,15,46,2.0,18,17,13,4
Chetverikov & Jehee (2023),9,15,47,2.0,18,17,9,8
Chetverikov & Jehee (2023),9,15,48,2.0,18,17,15,2
Chetverikov & Jehee (2023),9,16,1,2.0,18,17,12,5
Chetverikov & Jehee (2023),9,16,2,2.0,18,17,12,5
Chetverikov & Jehee (2023),9,16,3,2.0,18,17,13,4
Chetverikov & Jehee (2023),9,16,4,2.0,18,17,11,6
Chetverikov & Jehee (2023),9,16,5,2.0,18,17,11,6
Chetverikov & Jehee (2023),9,16,6,2.0,18,17,12,5
Chetverikov & Jehee (2023),9,16,7,2.0,18,17,9,8
Chetverikov & Jehee (2023),9,16,8,2.0,18,17,16,1
Chetverikov & Jehee (2023),9,16,9,2.0,18,17,10,7
Chetverikov & Jehee (2023),9,16,10,2.0,18,17,13,4
Chetverikov & Jehee (2023),9,16,11,2.0,18,17,12,5
Chetverikov & Jehee (2023),9,16,12,2.0,18,17,15,2
Chetverikov & Jehee (2023),9,16,13,2.0,18,17,14,3
Chetverikov & Jehee (2023),9,16,14,2.0,18,17,11,6
Chetverikov & Jehee (2023),9,16,15,2.0,18,17,12,5
Chetverikov & Jehee (2023),9,16,16,2.0,18,17,15,2
Chetverikov & Jehee (2023),9,16,17,2.0,18,17,14,3
Chetverikov & Jehee (2023),9,16,18,2.0,18,17,12,5
Chetverikov & Jehee (2023),9,16,19,2.0,18,17,15,2
Chetverikov & Jehee (2023),9,16,20,2.0,18,17,15,2
Chetverikov & Jehee (2023),9,16,21,2.0,18,17,12,5
Chetverikov & Jehee (2023),9,16,22,2.0,18,17,15,2
Chetverikov & Jehee (2023),9,16,23,2.0,18,17,14,3
Chetverikov & Jehee (2023),9,16,24,2.0,18,17,13,4
Chetverikov & Jehee (2023),9,16,25,2.0,18,17,11,6
Chetverikov & Jehee (2023),9,16,26,2.0,18,17,12,5
Chetverikov & Jehee (2023),9,16,27,2.0,18,17,8,9
Chetverikov & Jehee (2023),9,16,28,2.0,18,17,12,5
Chetverikov & Jehee (2023),9,16,29,2.0,18,17,13,4
Chetverikov & Jehee (2023),9,16,30,2.0,18,17,14,3
Chetverikov & Jehee (2023),9,16,31,2.0,18,17,12,5
Chetverikov & Jehee (2023),9,16,32,2.0,18,17,13,4
Chetverikov & Jehee (2023),9,16,33,2.0,18,17,16,1
Chetverikov & Jehee (2023),9,16,34,2.0,18,17,11,6
Chetverikov & Jehee (2023),9,16,35,2.0,18,17,13,4
Chetverikov & Jehee (2023),9,16,36,2.0,18,17,15,2
Chetverikov & Jehee (2023),9,16,37,2.0,18,17,13,4
Chetverikov & Jehee (2023),9,16,38,2.0,18,17,13,4
Chetverikov & Jehee (2023),9,16,39,2.0,18,17,14,3
Chetverikov & Jehee (2023),9,16,40,2.0,18,17,14,3
Chetverikov & Jehee (2023),9,16,41,2.0,18,17,11,6
Chetverikov & Jehee (2023),9,16,42,2.0,18,17,14,3
Chetverikov & Jehee (2023),9,16,43,2.0,18,17,16,1
Chetverikov & Jehee (2023),9,16,44,2.0,18,17,14,3
Chetverikov & Jehee (2023),9,16,45,2.0,18,17,12,5
Chetverikov & Jehee (2023),9,16,46,2.0,18,17,16,1
Chetverikov & Jehee (2023),9,16,47,2.0,18,17,13,4
Chetverikov & Jehee (2023),9,17,1,2.0,18,17,12,5
Chetverikov & Jehee (2023),9,17,2,2.0,18,17,14,3
Chetverikov & Jehee (2023),9,17,3,2.0,18,17,14,3
Chetverikov & Jehee (2023),9,17,4,2.0,18,17,17,0
Chetverikov & Jehee (2023),9,17,5,2.0,18,17,13,4
Chetverikov & Jehee (2023),9,17,6,2.0,18,17,11,6
Chetverikov & Jehee (2023),9,17,7,2.0,18,17,12,5
Chetverikov & Jehee (2023),9,17,8,2.0,18,17,14,3
Chetverikov & Jehee (2023),9,17,9,2.0,18,17,14,3
Chetverikov & Jehee (2023),9,17,10,2.0,18,17,11,6
Chetverikov & Jehee (2023),9,17,11,2.0,18,17,13,4
Chetverikov & Jehee (2023),9,17,12,2.0,18,17,7,10
Chetverikov & Jehee (2023),9,17,13,2.0,18,17,15,2
Chetverikov & Jehee (2023),9,17,14,2.0,18,17,10,7
Chetverikov & Jehee (2023),9,17,15,2.0,18,17,10,7
Chetverikov & Jehee (2023),9,17,16,2.0,18,17,12,5
Chetverikov & Jehee (2023),9,17,17,2.0,18,17,14,3
Chetverikov & Jehee (2023),9,17,18,2.0,18,17,10,7
Chetverikov & Jehee (2023),9,17,19,2.0,18,17,14,3
Chetverikov & Jehee (2023),9,17,20,2.0,18,17,14,3
Chetverikov & Jehee (2023),9,17,21,2.0,18,17,13,4
Chetverikov & Jehee (2023),9,17,22,2.0,18,17,9,8
Chetverikov & Jehee (2023),9,17,23,2.0,18,17,11,6
Chetverikov & Jehee (2023),9,17,24,2.0,18,17,13,4
Chetverikov & Jehee (2023),9,17,25,2.0,18,17,13,4
Chetverikov & Jehee (2023),9,17,26,2.0,18,17,17,0
Chetverikov & Jehee (2023),9,17,27,2.0,18,17,14,3
Chetverikov & Jehee (2023),9,17,28,2.0,18,17,12,5
Chetverikov & Jehee (2023),9,17,29,2.0,18,17,11,6
Chetverikov & Jehee (2023),9,17,30,2.0,18,17,12,5
Chetverikov & Jehee (2023),9,17,31,2.0,18,17,15,2
Chetverikov & Jehee (2023),9,17,32,2.0,18,17,7,10
Chetverikov & Jehee (2023),9,17,33,2.0,18,17,14,3
Chetverikov & Jehee (2023),9,17,34,2.0,18,17,12,5
Chetverikov & Jehee (2023),9,17,35,2.0,18,17,9,8
Chetverikov & Jehee (2023),9,17,36,2.0,18,17,17,0
Chetverikov & Jehee (2023),9,17,37,2.0,18,17,15,2
Chetverikov & Jehee (2023),9,17,38,2.0,18,17,9,8
Chetverikov & Jehee (2023),9,17,39,2.0,18,17,14,3
Chetverikov & Jehee (2023),9,17,40,2.0,18,17,15,2
Chetverikov & Jehee (2023),9,17,41,2.0,18,17,11,6
Chetverikov & Jehee (2023),9,17,42,2.0,18,17,12,5
Chetverikov & Jehee (2023),9,17,43,2.0,18,17,12,5
Chetverikov & Jehee (2023),9,17,44,2.0,18,17,13,4
Chetverikov & Jehee (2023),9,17,45,2.0,18,17,15,2
Chetverikov & Jehee (2023),9,17,46,2.0,18,17,14,3
Chetverikov & Jehee (2023),9,17,47,2.0,18,17,12,5
Chetverikov & Jehee (2023),9,17,48,2.0,18,17,15,2
Chetverikov & Jehee (2023),9,18,1,2.0,18,17,11,6
Chetverikov & Jehee (2023),9,18,2,2.0,18,17,12,5
Chetverikov & Jehee (2023),9,18,3,2.0,18,17,13,4
Chetverikov & Jehee (2023),9,18,4,2.0,18,17,13,4
Chetverikov & Jehee (2023),9,18,5,2.0,18,17,10,7
Chetverikov & Jehee (2023),9,18,6,2.0,18,17,12,5
Chetverikov & Jehee (2023),9,18,7,2.0,18,17,15,2
Chetverikov & Jehee (2023),9,18,8,2.0,18,17,15,2
Chetverikov & Jehee (2023),9,18,9,2.0,18,17,12,5
Chetverikov & Jehee (2023),9,18,10,2.0,18,17,15,2
Chetverikov & Jehee (2023),9,18,11,2.0,18,17,15,2
Chetverikov & Jehee (2023),9,18,12,2.0,18,17,12,5
Chetverikov & Jehee (2023),9,18,13,2.0,18,17,12,5
Chetverikov & Jehee (2023),9,18,14,2.0,18,17,10,7
Chetverikov & Jehee (2023),9,18,15,2.0,18,17,12,5
Chetverikov & Jehee (2023),9,18,16,2.0,18,17,15,2
Chetverikov & Jehee (2023),9,18,17,2.0,18,17,12,5
Chetverikov & Jehee (2023),9,18,18,2.0,18,17,13,4
Chetverikov & Jehee (2023),9,18,19,2.0,18,17,10,7
Chetverikov & Jehee (2023),9,18,20,2.0,18,17,14,3
Chetverikov & Jehee (2023),9,18,21,2.0,18,17,12,5
Chetverikov & Jehee (2023),9,18,22,2.0,18,17,12,5
Chetverikov & Jehee (2023),9,18,23,2.0,18,17,9,8
Chetverikov & Jehee (2023),9,18,24,2.0,18,17,12,5
Chetverikov & Jehee (2023),9,18,25,2.0,18,17,15,2
Chetverikov & Jehee (2023),9,18,26,2.0,18,17,13,4
Chetverikov & Jehee (2023),9,18,27,2.0,18,17,13,4
Chetverikov & Jehee (2023),9,18,28,2.0,18,17,11,6
Chetverikov & Jehee (2023),9,18,29,2.0,18,17,15,2
Chetverikov & Jehee (2023),9,18,30,2.0,18,17,13,4
Chetverikov & Jehee (2023),9,18,31,2.0,18,17,9,8
Chetverikov & Jehee (2023),9,18,32,2.0,18,17,17,0
Chetverikov & Jehee (2023),9,18,33,2.0,18,17,12,5
Chetverikov & Jehee (2023),9,18,34,2.0,18,17,14,3
Chetverikov & Jehee (2023),9,18,35,2.0,18,17,16,1
Chetverikov & Jehee (2023),9,18,36,2.0,18,17,15,2
Chetverikov & Jehee (2023),9,18,37,2.0,18,17,14,3
Chetverikov & Jehee (2023),9,18,38,2.0,18,17,12,5
Chetverikov & Jehee (2023),9,18,39,2.0,18,17,11,6
Chetverikov & Jehee (2023),9,18,40,2.0,18,17,9,8
Chetverikov & Jehee (2023),9,18,41,2.0,18,17,12,5
Chetverikov & Jehee (2023),9,18,42,2.0,18,17,13,4
Chetverikov & Jehee (2023),9,18,43,2.0,18,17,11,6
Chetverikov & Jehee (2023),9,18,44,2.0,18,17,11,6
Chetverikov & Jehee (2023),9,18,45,2.0,18,17,14,3
Chetverikov & Jehee (2023),9,18,46,2.0,18,17,13,4
Cicchini et al. (2018),10,1,1,1.0,60,59,59,0
Cicchini et al. (2018),10,1,2,1.0,60,59,59,0
Cicchini et al. (2018),10,1,3,1.0,60,59,59,0
Cicchini et al. (2018),10,1,4,1.0,60,59,59,0
Cicchini et al. (2018),10,1,5,1.0,60,59,59,0
Cicchini et al. (2018),10,1,6,1.0,60,59,59,0
Cicchini et al. (2018),10,1,7,1.0,60,59,59,0
Cicchini et al. (2018),10,1,8,1.0,60,59,59,0
Cicchini et al. (2018),10,1,9,1.0,60,59,59,0
Cicchini et al. (2018),10,1,10,1.0,60,59,59,0
Cicchini et al. (2018),10,1,11,1.0,60,59,59,0
Cicchini et al. (2018),10,1,12,1.0,60,59,59,0
Cicchini et al. (2018),10,1,13,1.0,60,59,59,0
Cicchini et al. (2018),10,1,14,1.0,60,59,59,0
Cicchini et al. (2018),10,1,15,1.0,60,59,59,0
Cicchini et al. (2018),10,1,16,1.0,60,59,59,0
Cicchini et al. (2018),10,1,17,1.0,60,59,59,0
Cicchini et al. (2018),10,1,18,1.0,60,59,59,0
Cicchini et al. (2018),10,1,19,1.0,60,59,59,0
Cicchini et al. (2018),10,1,20,1.0,60,59,59,0
Cicchini et al. (2018),10,1,21,1.0,60,59,59,0
Cicchini et al. (2018),10,1,22,1.0,60,59,59,0
Cicchini et al. (2018),10,1,23,1.0,60,59,59,0
Cicchini et al. (2018),10,1,24,1.0,60,59,59,0
Cicchini et al. (2018),10,1,25,1.0,60,59,59,0
Cicchini et al. (2018),10,1,26,1.0,60,59,59,0
Cicchini et al. (2018),10,1,27,1.0,60,59,59,0
Cicchini et al. (2018),10,1,28,1.0,60,59,59,0
Cicchini et al. (2018),10,1,29,1.0,60,59,59,0
Cicchini et al. (2018),10,1,30,1.0,60,59,59,0
Cicchini et al. (2018),10,1,31,1.0,60,59,59,0
Cicchini et al. (2018),10,1,32,1.0,60,59,59,0
Cicchini et al. (2018),10,1,33,1.0,60,59,59,0
Cicchini et al. (2018),10,1,34,1.0,60,59,59,0
Cicchini et al. (2018),10,2,1,1.0,60,59,59,0
Cicchini et al. (2018),10,2,2,1.0,60,59,59,0
Cicchini et al. (2018),10,2,3,1.0,60,59,59,0
Cicchini et al. (2018),10,2,4,1.0,60,59,59,0
Cicchini et al. (2018),10,2,5,1.0,60,59,59,0
Cicchini et al. (2018),10,2,6,1.0,60,59,59,0
Cicchini et al. (2018),10,2,7,1.0,60,59,59,0
Cicchini et al. (2018),10,2,8,1.0,60,59,59,0
Cicchini et al. (2018),10,2,9,1.0,60,59,59,0
Cicchini et al. (2018),10,2,10,1.0,60,59,59,0
Cicchini et al. (2018),10,2,11,1.0,60,59,59,0
Cicchini et al. (2018),10,2,12,1.0,60,59,59,0
Cicchini et al. (2018),10,2,13,1.0,60,59,59,0
Cicchini et al. (2018),10,2,14,1.0,60,59,59,0
Cicchini et al. (2018),10,2,15,1.0,60,59,59,0
Cicchini et al. (2018),10,2,16,1.0,60,59,59,0
Cicchini et al. (2018),10,2,17,1.0,60,59,59,0
Cicchini et al. (2018),10,2,18,1.0,60,59,59,0
Cicchini et al. (2018),10,2,19,1.0,60,59,59,0
Cicchini et al. (2018),10,2,20,1.0,60,59,59,0
Cicchini et al. (2018),10,2,21,1.0,60,59,59,0
Cicchini et al. (2018),10,2,22,1.0,60,59,59,0
Cicchini et al. (2018),10,2,23,1.0,60,59,59,0
Cicchini et al. (2018),10,2,24,1.0,60,59,59,0
Cicchini et al. (2018),10,2,25,1.0,60,59,59,0
Cicchini et al. (2018),10,2,26,1.0,60,59,59,0
Cicchini et al. (2018),10,2,27,1.0,60,59,59,0
Cicchini et al. (2018),10,2,28,1.0,60,59,59,0
Cicchini et al. (2018),10,2,29,1.0,60,59,59,0
Cicchini et al. (2018),10,2,30,1.0,60,59,59,0
Cicchini et al. (2018),10,2,31,1.0,60,59,59,0
Cicchini et al. (2018),10,2,32,1.0,60,59,59,0
Cicchini et al. (2018),10,2,33,1.0,60,59,59,0
Cicchini et al. (2018),10,2,34,1.0,60,59,59,0
Cicchini et al. (2018),10,2,35,1.0,60,59,59,0
Cicchini et al. (2018),10,2,36,1.0,60,59,59,0
Cicchini et al. (2018),10,2,37,1.0,60,59,59,0
Cicchini et al. (2018),10,2,38,1.0,60,59,59,0
Cicchini et al. (2018),10,2,39,1.0,60,59,59,0
Cicchini et al. (2018),10,2,40,1.0,60,59,59,0
Cicchini et al. (2018),10,3,1,1.0,60,59,59,0
Cicchini et al. (2018),10,3,2,1.0,60,59,59,0
Cicchini et al. (2018),10,3,3,1.0,60,59,59,0
Cicchini et al. (2018),10,3,4,1.0,60,59,59,0
Cicchini et al. (2018),10,3,5,1.0,60,59,59,0
Cicchini et al. (2018),10,3,6,1.0,60,59,59,0
Cicchini et al. (2018),10,3,7,1.0,60,59,59,0
Cicchini et al. (2018),10,3,8,1.0,60,59,59,0
Cicchini et al. (2018),10,3,9,1.0,60,59,59,0
Cicchini et al. (2018),10,3,10,1.0,60,59,59,0
Cicchini et al. (2018),10,3,11,1.0,60,59,59,0
Cicchini et al. (2018),10,3,12,1.0,60,59,59,0
Cicchini et al. (2018),10,3,13,1.0,60,59,59,0
Cicchini et al. (2018),10,3,14,1.0,60,59,59,0
Cicchini et al. (2018),10,3,15,1.0,60,59,59,0
Cicchini et al. (2018),10,3,16,1.0,60,59,59,0
Cicchini et al. (2018),10,3,17,1.0,60,59,59,0
Cicchini et al. (2018),10,3,18,1.0,60,59,59,0
Cicchini et al. (2018),10,3,19,1.0,60,59,59,0
Cicchini et al. (2018),10,3,20,1.0,60,59,59,0
Cicchini et al. (2018),10,3,21,1.0,60,59,59,0
Cicchini et al. (2018),10,3,22,1.0,60,59,59,0
Cicchini et al. (2018),10,3,23,1.0,60,59,59,0
Cicchini et al. (2018),10,3,24,1.0,60,59,59,0
Cicchini et al. (2018),10,3,25,1.0,60,59,59,0
Cicchini et al. (2018),10,3,26,1.0,60,59,59,0
Cicchini et al. (2018),10,4,1,1.0,60,59,59,0
Cicchini et al. (2018),10,4,2,1.0,60,59,59,0
Cicchini et al. (2018),10,4,3,1.0,60,59,59,0
Cicchini et al. (2018),10,4,4,1.0,60,59,59,0
Cicchini et al. (2018),10,4,5,1.0,60,59,59,0
Cicchini et al. (2018),10,4,6,1.0,60,59,59,0
Cicchini et al. (2018),10,4,7,1.0,60,59,59,0
Cicchini et al. (2018),10,4,8,1.0,60,59,59,0
Cicchini et al. (2018),10,4,9,1.0,60,59,59,0
Cicchini et al. (2018),10,4,10,1.0,60,59,59,0
Cicchini et al. (2018),10,4,11,1.0,60,59,59,0
Cicchini et al. (2018),10,4,12,1.0,60,59,59,0
Cicchini et al. (2018),10,4,13,1.0,60,59,59,0
Cicchini et al. (2018),10,4,14,1.0,60,59,59,0
Cicchini et al. (2018),10,4,15,1.0,60,59,59,0
Cicchini et al. (2018),10,4,16,1.0,60,59,59,0
Cicchini et al. (2018),10,4,17,1.0,60,59,59,0
Cicchini et al. (2018),10,4,18,1.0,60,59,59,0
Cicchini et al. (2018),10,4,19,1.0,60,59,59,0
Cicchini et al. (2018),10,4,20,1.0,60,59,59,0
Cicchini et al. (2018),10,4,21,1.0,60,59,59,0
Cicchini et al. (2018),10,4,22,1.0,60,59,59,0
Cicchini et al. (2018),10,4,23,1.0,60,59,59,0
Cicchini et al. (2018),10,4,24,1.0,60,59,59,0
Cicchini et al. (2018),10,4,25,1.0,60,59,59,0
Cicchini et al. (2018),10,4,26,1.0,60,59,59,0
Cicchini et al. (2018),10,4,27,1.0,60,59,59,0
Cicchini et al. (2018),10,4,28,1.0,60,59,59,0
Cicchini et al. (2018),10,4,29,1.0,60,59,59,0
Cicchini et al. (2018),10,4,30,1.0,60,59,59,0
Cicchini et al. (2018),10,4,31,1.0,60,59,59,0
Cicchini et al. (2018),10,4,32,1.0,60,59,59,0
Cicchini et al. (2018),10,4,33,1.0,60,59,59,0
Cicchini et al. (2018),10,4,34,1.0,60,59,59,0
Cicchini et al. (2018),10,5,1,1.0,60,59,59,0
Cicchini et al. (2018),10,5,2,1.0,60,59,59,0
Cicchini et al. (2018),10,5,3,1.0,60,59,59,0
Cicchini et al. (2018),10,5,4,1.0,60,59,59,0
Cicchini et al. (2018),10,5,5,1.0,60,59,59,0
Cicchini et al. (2018),10,5,6,1.0,60,59,59,0
Cicchini et al. (2018),10,5,7,1.0,60,59,59,0
Cicchini et al. (2018),10,5,8,1.0,60,59,59,0
Cicchini et al. (2018),10,5,9,1.0,60,59,59,0
Cicchini et al. (2018),10,5,10,1.0,60,59,59,0
Cicchini et al. (2018),10,5,11,1.0,60,59,59,0
Cicchini et al. (2018),10,5,12,1.0,60,59,59,0
Cicchini et al. (2018),10,5,13,1.0,60,59,59,0
Cicchini et al. (2018),10,5,14,1.0,60,59,59,0
Cicchini et al. (2018),10,5,15,1.0,60,59,59,0
Cicchini et al. (2018),10,5,16,1.0,60,59,59,0
Cicchini et al. (2018),10,5,17,1.0,60,59,59,0
Cicchini et al. (2018),10,5,18,1.0,60,59,59,0
Cicchini et al. (2018),10,5,19,1.0,60,59,59,0
Cicchini et al. (2018),10,5,20,1.0,60,59,59,0
Cicchini et al. (2018),10,5,21,1.0,60,59,59,0
Cicchini et al. (2018),10,5,22,1.0,60,59,59,0
Cicchini et al. (2018),10,5,23,1.0,60,59,59,0
Cicchini et al. (2018),10,5,24,1.0,60,59,59,0
Cicchini et al. (2018),10,5,25,1.0,60,59,59,0
Cicchini et al. (2018),10,5,26,1.0,60,59,59,0
Cicchini et al. (2018),10,5,27,1.0,60,59,59,0
Cicchini et al. (2018),10,5,28,1.0,60,59,59,0
Cicchini et al. (2018),10,5,29,1.0,60,59,59,0
Cicchini et al. (2018),10,5,30,1.0,60,59,59,0
Cicchini et al. (2018),10,5,31,1.0,60,59,59,0
Cicchini et al. (2018),10,5,32,1.0,60,59,59,0
Cicchini et al. (2018),10,5,33,1.0,60,59,59,0
Cicchini et al. (2018),10,5,34,1.0,60,59,59,0
Cicchini et al. (2018),10,5,35,1.0,60,59,59,0
Cicchini et al. (2018),10,6,1,1.0,60,59,59,0
Cicchini et al. (2018),10,6,2,1.0,60,59,59,0
Cicchini et al. (2018),10,6,3,1.0,60,59,59,0
Cicchini et al. (2018),10,6,4,1.0,60,59,59,0
Cicchini et al. (2018),10,6,5,1.0,60,59,59,0
Cicchini et al. (2018),10,6,6,1.0,60,59,59,0
Cicchini et al. (2018),10,6,7,1.0,60,59,59,0
Cicchini et al. (2018),10,6,8,1.0,60,59,59,0
Cicchini et al. (2018),10,6,9,1.0,60,59,59,0
Cicchini et al. (2018),10,6,10,1.0,60,59,59,0
Cicchini et al. (2018),10,6,11,1.0,60,59,59,0
Cicchini et al. (2018),10,6,12,1.0,60,59,59,0
Cicchini et al. (2018),10,6,13,1.0,60,59,59,0
Cicchini et al. (2018),10,6,14,1.0,60,59,59,0
Cicchini et al. (2018),10,6,15,1.0,60,59,59,0
Cicchini et al. (2018),10,6,16,1.0,60,59,59,0
Cicchini et al. (2018),10,6,17,1.0,60,59,59,0
Cicchini et al. (2018),10,6,18,1.0,60,59,59,0
Cicchini et al. (2018),10,6,19,1.0,60,59,59,0
Cicchini et al. (2018),10,6,20,1.0,60,59,59,0
Cicchini et al. (2018),10,6,21,1.0,60,59,59,0
Cicchini et al. (2018),10,6,22,1.0,60,59,59,0
Cicchini et al. (2018),10,6,23,1.0,60,59,59,0
Cicchini et al. (2018),10,6,24,1.0,60,59,59,0
Cicchini et al. (2018),10,6,25,1.0,60,59,59,0
Cicchini et al. (2018),10,6,26,1.0,60,59,59,0
Cicchini et al. (2018),10,6,27,1.0,60,59,59,0
Cicchini et al. (2018),10,6,28,1.0,60,59,59,0
Cicchini et al. (2018),10,6,29,1.0,60,59,59,0
Cicchini et al. (2018),10,6,30,1.0,60,59,59,0
Cicchini et al. (2018),10,6,31,1.0,60,59,59,0
Cicchini et al. (2018),10,6,32,1.0,60,59,59,0
Cicchini et al. (2018),10,6,33,1.0,60,59,59,0
Cicchini et al. (2018),10,6,34,1.0,60,59,59,0
Cicchini et al. (2018),10,6,35,1.0,60,59,59,0
Cicchini et al. (2018),10,6,36,1.0,60,59,59,0
Fischer & Whitney (2014),11,1,1,1.0,104,103,103,0
Fischer & Whitney (2014),11,1,2,1.0,104,103,103,0
Fischer & Whitney (2014),11,1,3,1.0,104,103,103,0
Fischer & Whitney (2014),11,1,4,1.0,104,103,103,0
Fischer & Whitney (2014),11,1,5,1.0,104,103,103,0
Fischer & Whitney (2014),11,1,6,1.0,104,103,103,0
Fischer & Whitney (2014),11,1,7,1.0,104,103,103,0
Fischer & Whitney (2014),11,1,8,1.0,104,103,103,0
Fischer & Whitney (2014),11,2,1,1.0,104,103,103,0
Fischer & Whitney (2014),11,2,2,1.0,104,103,103,0
Fischer & Whitney (2014),11,2,3,1.0,104,103,103,0
Fischer & Whitney (2014),11,2,4,1.0,104,103,103,0
Fischer & Whitney (2014),11,2,5,1.0,104,103,103,0
Fischer & Whitney (2014),11,2,6,1.0,104,103,103,0
Fischer & Whitney (2014),11,2,7,1.0,104,103,103,0
Fischer & Whitney (2014),11,2,8,1.0,104,103,103,0
Fischer & Whitney (2014),11,3,1,1.0,104,103,103,0
Fischer & Whitney (2014),11,3,2,1.0,104,103,103,0
Fischer & Whitney (2014),11,3,3,1.0,104,103,103,0
Fischer & Whitney (2014),11,3,4,1.0,104,103,103,0
Fischer & Whitney (2014),11,3,5,1.0,104,103,103,0
Fischer & Whitney (2014),11,3,6,1.0,104,103,103,0
Fischer & Whitney (2014),11,3,7,1.0,104,103,103,0
Fischer & Whitney (2014),11,3,8,1.0,104,103,103,0
Fischer & Whitney (2014),11,4,1,1.0,104,103,103,0
Fischer & Whitney (2014),11,4,2,1.0,104,103,103,0
Fischer & Whitney (2014),11,4,3,1.0,104,103,103,0
Fischer & Whitney (2014),11,4,4,1.0,104,103,103,0
Fischer & Whitney (2014),11,4,5,1.0,104,103,103,0
Fischer & Whitney (2014),11,4,6,1.0,104,103,103,0
Fischer & Whitney (2014),11,4,7,1.0,104,103,103,0
Fischer & Whitney (2014),11,4,8,1.0,104,103,103,0
Fischer et al. (2020),12,1,1,1.0,1632,1631,1631,0
Fischer et al. (2020),12,2,1,1.0,1632,1631,1631,0
Fischer et al. (2020),12,3,1,1.0,1632,1631,1631,0
Fischer et al. (2020),12,4,1,1.0,1632,1631,1631,0
Fischer et al. (2020),12,5,1,1.0,1632,1631,1631,0
Fischer et al. (2020),12,6,1,1.0,1632,1631,1631,0
Fischer et al. (2020),12,7,1,1.0,1632,1631,1631,0
Fischer et al. (2020),12,8,1,1.0,1632,1631,1631,0
Fischer et al. (2020),12,9,1,1.0,1632,1631,1631,0
Fischer et al. (2020),12,10,1,1.0,1632,1631,1631,0
Fischer et al. (2020),12,11,1,1.0,1632,1631,1631,0
Fischer et al. (2020),12,12,1,1.0,1632,1631,1631,0
Fischer et al. (2020),12,13,1,1.0,1632,1631,1631,0
Fischer et al. (2020),12,14,1,1.0,1632,1631,1631,0
Fischer et al. (2020),12,15,1,1.0,1632,1631,1631,0
Fischer et al. (2020),12,16,1,1.0,1632,1631,1631,0
Fischer et al. (2020),12,17,1,1.0,1632,1631,1631,0
Fischer et al. (2020),12,18,1,1.0,1632,1631,1631,0
Fischer et al. (2020),12,19,1,1.0,1632,1631,1631,0
Fischer et al. (2020),12,20,1,1.0,1632,1631,1631,0
Fischer et al. (2020),13,1,1,1.0,1632,1631,1631,0
Fischer et al. (2020),13,2,1,1.0,1632,1631,1631,0
Fischer et al. (2020),13,3,1,1.0,1632,1631,1631,0
Fischer et al. (2020),13,4,1,1.0,1632,1631,1631,0
Fischer et al. (2020),13,5,1,1.0,1632,1631,1631,0
Fischer et al. (2020),13,6,1,1.0,1632,1631,1631,0
Fischer et al. (2020),13,7,1,1.0,1632,1631,1631,0
Fischer et al. (2020),13,8,1,1.0,1632,1631,1631,0
Fischer et al. (2020),13,9,1,1.0,1632,1631,1631,0
Fischer et al. (2020),13,10,1,1.0,1632,1631,1631,0
Fischer et al. (2020),13,11,1,1.0,1632,1631,1631,0
Fischer et al. (2020),13,12,1,1.0,1632,1631,1631,0
Fischer et al. (2020),13,13,1,1.0,1632,1631,1631,0
Fischer et al. (2020),13,14,1,1.0,1632,1631,1631,0
Fischer et al. (2020),13,15,1,1.0,1632,1631,1631,0
Fischer et al. (2020),13,16,1,1.0,1632,1631,1631,0
Fischer et al. (2020),13,17,1,1.0,1632,1631,1631,0
Fischer et al. (2020),13,18,1,1.0,1632,1631,1631,0
Fischer et al. (2020),13,19,1,1.0,1632,1631,1631,0
Fischer et al. (2020),13,20,1,1.0,1632,1631,1631,0
Fischer et al. (2020),13,21,1,1.0,1632,1631,1631,0
Fischer et al. (2020),13,22,1,1.0,1632,1631,1631,0
Fischer et al. (2020),13,23,1,1.0,1632,1631,1631,0
Fischer et al. (2020),13,24,1,1.0,1632,1631,1631,0
Fischer et al. (2020),13,25,1,1.0,1632,1631,1631,0
Fischer et al. (2020),13,26,1,1.0,1632,1631,1631,0
Fischer et al. (2020),13,27,1,1.0,1632,1631,1631,0
Fischer et al. (2020),13,28,1,1.0,1632,1631,1631,0
Fischer et al. (2020),13,29,1,1.0,1632,1631,1631,0
Fischer et al. (2020),13,30,1,1.0,1632,1631,1631,0
Fischer et al. (2020),13,31,1,1.0,1632,1631,1631,0
Fischer et al. (2020),13,32,1,1.0,1632,1631,1631,0
Fischer et al. (2020),13,33,1,1.0,1632,1631,1631,0
Fischer et al. (2020),13,34,1,1.0,1632,1631,1631,0
Fischer et al. (2020),13,35,1,1.0,1632,1631,1631,0
Fischer et al. (2020),13,36,1,1.0,1632,1631,1631,0
Fischer et al. (2020),13,37,1,1.0,1632,1631,1631,0
Fischer et al. (2020),13,38,1,1.0,1632,1631,1631,0
Fischer et al. (2020),13,39,1,1.0,1632,1631,1631,0
Fischer et al. (2020),13,40,1,1.0,1632,1631,1631,0
Fischer et al. (2020),13,41,1,1.0,1632,1631,1631,0
Fischer et al. (2020),13,42,1,1.0,1632,1631,1631,0
Fischer et al. (2020),13,43,1,1.0,1632,1631,1631,0
Fischer et al. (2020),13,44,1,1.0,1632,1631,1631,0
Fischer et al. (2020),13,45,1,1.0,1632,1631,1631,0
Fischer et al. (2020),13,46,1,1.0,1632,1631,1631,0
Fischer et al. (2020),13,47,1,1.0,1632,1631,1631,0
Fischer et al. (2020),13,48,1,1.0,1632,1631,1631,0
Fischer et al. (2020),13,49,1,1.0,1632,1631,1631,0
Fischer et al. (2020),14,1,1,1.0,1632,1631,1631,0
Fischer et al. (2020),14,2,1,1.0,1632,1631,1631,0
Fischer et al. (2020),14,3,1,1.0,1632,1631,1631,0
Fischer et al. (2020),14,4,1,1.0,1632,1631,1631,0
Fischer et al. (2020),14,5,1,1.0,1632,1631,1631,0
Fischer et al. (2020),14,6,1,1.0,1632,1631,1631,0
Fischer et al. (2020),14,7,1,1.0,1632,1631,1631,0
Fischer et al. (2020),14,8,1,1.0,1632,1631,1631,0
Fischer et al. (2020),14,9,1,1.0,1632,1631,1631,0
Fischer et al. (2020),14,10,1,1.0,1632,1631,1631,0
Fischer et al. (2020),14,11,1,1.0,1632,1631,1631,0
Fischer et al. (2020),14,12,1,1.0,1632,1631,1631,0
Fischer et al. (2020),14,13,1,1.0,1632,1631,1631,0
Fischer et al. (2020),14,14,1,1.0,1632,1631,1631,0
Fischer et al. (2020),14,15,1,1.0,1632,1631,1631,0
Fischer et al. (2020),14,16,1,1.0,1632,1631,1631,0
Fischer et al. (2020),14,17,1,1.0,1632,1631,1631,0
Fischer et al. (2020),14,18,1,1.0,1632,1631,1631,0
Fischer et al. (2020),14,19,1,1.0,1632,1631,1631,0
Fischer et al. (2020),14,20,1,1.0,1632,1631,1631,0
Fischer et al. (2020),15,1,1,1.0,1632,1631,1631,0
Fischer et al. (2020),15,2,1,1.0,1632,1631,1631,0
Fischer et al. (2020),15,3,1,1.0,816,815,815,0
Fischer et al. (2020),15,4,1,1.0,1632,1631,1631,0
Fischer et al. (2020),15,5,1,1.0,1632,1631,1631,0
Fischer et al. (2020),15,6,1,1.0,1632,1631,1631,0
Fischer et al. (2020),15,7,1,1.0,1632,1631,1631,0
Fischer et al. (2020),15,8,1,1.0,1632,1631,1631,0
Fischer et al. (2020),15,9,1,1.0,1632,1631,1631,0
Fischer et al. (2020),15,10,1,1.0,1632,1631,1631,0
Fischer et al. (2020),15,11,1,1.0,1632,1631,1631,0
Fischer et al. (2020),15,12,1,1.0,816,815,815,0
Fischer et al. (2020),15,13,1,1.0,1632,1631,1631,0
Fischer et al. (2020),15,14,1,1.0,1632,1631,1631,0
Fischer et al. (2020),15,15,1,1.0,1632,1631,1631,0
Fischer et al. (2020),15,16,1,1.0,1632,1631,1631,0
Fischer et al. (2020),15,17,1,1.0,1632,1631,1631,0
Fischer et al. (2020),15,18,1,1.0,1632,1631,1631,0
Fischer et al. (2020),15,19,1,1.0,1632,1631,1631,0
Fischer et al. (2020),15,20,1,1.0,1632,1631,1631,0
Gallagher & Benton (2022),16,1,1,0.5,411,410,207,203
Gallagher & Benton (2022),16,2,1,0.5,411,410,206,204
Gallagher & Benton (2022),16,3,1,0.5,411,410,206,204
Gallagher & Benton (2022),16,4,1,0.5,411,410,206,204
Gallagher & Benton (2022),16,5,1,0.5,411,410,208,202
Gallagher & Benton (2022),16,6,1,0.5,411,410,205,205
Gallagher & Benton (2022),16,7,1,0.5,411,410,205,205
Gallagher & Benton (2022),16,8,1,0.5,411,410,206,204
Gallagher & Benton (2022),16,9,1,0.5,411,410,206,204
Gallagher & Benton (2022),16,10,1,0.5,411,410,205,205
Gallagher & Benton (2022),16,11,1,0.5,411,410,206,204
Gallagher & Benton (2022),16,12,1,0.5,411,410,206,204
Gallagher & Benton (2022),16,13,1,0.5,411,410,206,204
Gallagher & Benton (2022),16,14,1,0.5,411,410,206,204
Gallagher & Benton (2022),16,15,1,0.5,411,410,206,204
Gallagher & Benton (2022),16,16,1,0.5,411,410,206,204
Gallagher & Benton (2022),16,17,1,0.5,411,410,206,204
Gallagher & Benton (2022),16,18,1,0.5,411,410,207,203
Gallagher & Benton (2022),16,19,1,0.5,411,410,205,205
Gallagher & Benton (2022),16,20,1,0.5,411,410,205,205
Gallagher & Benton (2022),17,1,1,4.0,410,409,207,202
Gallagher & Benton (2022),17,2,1,4.0,410,409,206,203
Gallagher & Benton (2022),17,3,1,4.0,410,409,207,202
Gallagher & Benton (2022),17,4,1,4.0,410,409,206,203
Gallagher & Benton (2022),17,5,1,4.0,410,409,205,204
Gallagher & Benton (2022),17,6,1,4.0,410,409,205,204
Gallagher & Benton (2022),17,7,1,4.0,410,409,206,203
Gallagher & Benton (2022),17,8,1,4.0,410,409,207,202
Gallagher & Benton (2022),17,9,1,4.0,410,409,208,201
Gallagher & Benton (2022),17,10,1,4.0,410,409,206,203
Gallagher & Benton (2022),17,11,1,4.0,410,409,209,200
Gallagher & Benton (2022),17,12,1,4.0,410,409,206,203
Gallagher & Benton (2022),17,13,1,4.0,410,409,207,202
Gallagher & Benton (2022),17,14,1,4.0,410,409,207,202
Gallagher & Benton (2022),17,15,1,4.0,410,409,205,204
Gallagher & Benton (2022),17,16,1,4.0,410,409,207,202
Gallagher & Benton (2022),17,17,1,4.0,410,409,207,202
Gallagher & Benton (2022),17,18,1,4.0,410,409,207,202
Gallagher & Benton (2022),17,19,1,4.0,410,409,206,203
Gallagher & Benton (2022),17,20,1,4.0,410,409,207,202
Houborg et al. (2023),18,1,1,1.0,20,19,19,0
Houborg et al. (2023),18,1,2,1.0,20,19,19,0
Houborg et al. (2023),18,1,3,1.0,20,19,19,0
Houborg et al. (2023),18,1,4,1.0,20,19,19,0
Houborg et al. (2023),18,1,5,1.0,20,19,19,0
Houborg et al. (2023),18,1,6,1.0,20,19,19,0
Houborg et al. (2023),18,1,7,1.0,20,19,19,0
Houborg et al. (2023),18,1,8,1.0,20,19,19,0
Houborg et al. (2023),18,1,9,1.0,20,19,19,0
Houborg et al. (2023),18,1,10,1.0,20,19,19,0
Houborg et al. (2023),18,2,1,1.0,20,19,19,0
Houborg et al. (2023),18,2,2,1.0,20,19,19,0
Houborg et al. (2023),18,2,3,1.0,20,19,19,0
Houborg et al. (2023),18,2,4,1.0,20,19,19,0
Houborg et al. (2023),18,2,5,1.0,20,19,19,0
Houborg et al. (2023),18,2,6,1.0,20,19,19,0
Houborg et al. (2023),18,2,7,1.0,20,19,19,0
Houborg et al. (2023),18,2,8,1.0,20,19,19,0
Houborg et al. (2023),18,2,9,1.0,20,19,19,0
Houborg et al. (2023),18,2,10,1.0,20,19,19,0
Houborg et al. (2023),18,3,1,1.0,20,19,19,0
Houborg et al. (2023),18,3,2,1.0,20,19,19,0
Houborg et al. (2023),18,3,3,1.0,20,19,19,0
Houborg et al. (2023),18,3,4,1.0,20,19,19,0
Houborg et al. (2023),18,3,5,1.0,20,19,19,0
Houborg et al. (2023),18,3,6,1.0,20,19,19,0
Houborg et al. (2023),18,3,7,1.0,20,19,19,0
Houborg et al. (2023),18,3,8,1.0,20,19,19,0
Houborg et al. (2023),18,3,9,1.0,20,19,19,0
Houborg et al. (2023),18,3,10,1.0,20,19,19,0
Houborg et al. (2023),18,4,1,1.0,20,19,19,0
Houborg et al. (2023),18,4,2,1.0,20,19,19,0
Houborg et al. (2023),18,4,3,1.0,20,19,19,0
Houborg et al. (2023),18,4,4,1.0,20,19,19,0
Houborg et al. (2023),18,4,5,1.0,20,19,19,0
Houborg et al. (2023),18,4,6,1.0,20,19,19,0
Houborg et al. (2023),18,4,7,1.0,20,19,19,0
Houborg et al. (2023),18,4,8,1.0,20,19,19,0
Houborg et al. (2023),18,4,9,1.0,20,19,19,0
Houborg et al. (2023),18,4,10,1.0,20,19,19,0
Houborg et al. (2023),18,5,1,1.0,20,19,19,0
Houborg et al. (2023),18,5,2,1.0,20,19,19,0
Houborg et al. (2023),18,5,3,1.0,20,19,19,0
Houborg et al. (2023),18,5,4,1.0,20,19,19,0
Houborg et al. (2023),18,5,5,1.0,20,19,19,0
Houborg et al. (2023),18,5,6,1.0,20,19,19,0
Houborg et al. (2023),18,5,7,1.0,20,19,19,0
Houborg et al. (2023),18,5,8,1.0,20,19,19,0
Houborg et al. (2023),18,5,9,1.0,20,19,19,0
Houborg et al. (2023),18,5,10,1.0,20,19,19,0
Houborg et al. (2023),18,6,1,1.0,20,19,19,0
Houborg et al. (2023),18,6,2,1.0,20,19,19,0
Houborg et al. (2023),18,6,3,1.0,20,19,19,0
Houborg et al. (2023),18,6,4,1.0,20,19,19,0
Houborg et al. (2023),18,6,5,1.0,20,19,19,0
Houborg et al. (2023),18,6,6,1.0,20,19,19,0
Houborg et al. (2023),18,6,7,1.0,20,19,19,0
Houborg et al. (2023),18,6,8,1.0,20,19,19,0
Houborg et al. (2023),18,6,9,1.0,20,19,19,0
Houborg et al. (2023),18,6,10,1.0,20,19,19,0
Houborg et al. (2023),18,7,1,1.0,20,19,19,0
Houborg et al. (2023),18,7,2,1.0,20,19,19,0
Houborg et al. (2023),18,7,3,1.0,20,19,19,0
Houborg et al. (2023),18,7,4,1.0,20,19,19,0
Houborg et al. (2023),18,7,5,1.0,20,19,19,0
Houborg et al. (2023),18,7,6,1.0,20,19,19,0
Houborg et al. (2023),18,7,7,1.0,20,19,19,0
Houborg et al. (2023),18,7,8,1.0,20,19,19,0
Houborg et al. (2023),18,7,9,1.0,20,19,19,0
Houborg et al. (2023),18,7,10,1.0,20,19,19,0
Houborg et al. (2023),18,8,1,1.0,20,19,19,0
Houborg et al. (2023),18,8,2,1.0,20,19,19,0
Houborg et al. (2023),18,8,3,1.0,20,19,19,0
Houborg et al. (2023),18,8,4,1.0,20,19,19,0
Houborg et al. (2023),18,8,5,1.0,20,19,19,0
Houborg et al. (2023),18,8,6,1.0,20,19,19,0
Houborg et al. (2023),18,8,7,1.0,20,19,19,0
Houborg et al. (2023),18,8,8,1.0,20,19,19,0
Houborg et al. (2023),18,8,9,1.0,20,19,19,0
Houborg et al. (2023),18,8,10,1.0,20,19,19,0
Houborg et al. (2023),18,9,1,1.0,20,19,19,0
Houborg et al. (2023),18,9,2,1.0,20,19,19,0
Houborg et al. (2023),18,9,3,1.0,20,19,19,0
Houborg et al. (2023),18,9,4,1.0,20,19,19,0
Houborg et al. (2023),18,9,5,1.0,20,19,19,0
Houborg et al. (2023),18,9,6,1.0,20,19,19,0
Houborg et al. (2023),18,9,7,1.0,20,19,19,0
Houborg et al. (2023),18,9,8,1.0,20,19,19,0
Houborg et al. (2023),18,9,9,1.0,20,19,19,0
Houborg et al. (2023),18,9,10,1.0,20,19,19,0
Houborg et al. (2023),18,10,1,1.0,20,19,19,0
Houborg et al. (2023),18,10,2,1.0,20,19,19,0
Houborg et al. (2023),18,10,3,1.0,20,19,19,0
Houborg et al. (2023),18,10,4,1.0,20,19,19,0
Houborg et al. (2023),18,10,5,1.0,20,19,19,0
Houborg et al. (2023),18,10,6,1.0,20,19,19,0
Houborg et al. (2023),18,10,7,1.0,20,19,19,0
Houborg et al. (2023),18,10,8,1.0,20,19,19,0
Houborg et al. (2023),18,10,9,1.0,20,19,19,0
Houborg et al. (2023),18,10,10,1.0,20,19,19,0
Houborg et al. (2023),18,11,1,1.0,20,19,19,0
Houborg et al. (2023),18,11,2,1.0,20,19,19,0
Houborg et al. (2023),18,11,3,1.0,20,19,19,0
Houborg et al. (2023),18,11,4,1.0,20,19,19,0
Houborg et al. (2023),18,11,5,1.0,20,19,19,0
Houborg et al. (2023),18,11,6,1.0,20,19,19,0
Houborg et al. (2023),18,11,7,1.0,20,19,19,0
Houborg et al. (2023),18,11,8,1.0,20,19,19,0
Houborg et al. (2023),18,11,9,1.0,20,19,19,0
Houborg et al. (2023),18,11,10,1.0,20,19,19,0
Houborg et al. (2023),18,12,1,1.0,20,19,19,0
Houborg et al. (2023),18,12,2,1.0,20,19,19,0
Houborg et al. (2023),18,12,3,1.0,20,19,19,0
Houborg et al. (2023),18,12,4,1.0,20,19,19,0
Houborg et al. (2023),18,12,5,1.0,20,19,19,0
Houborg et al. (2023),18,12,6,1.0,20,19,19,0
Houborg et al. (2023),18,12,7,1.0,20,19,19,0
Houborg et al. (2023),18,12,8,1.0,20,19,19,0
Houborg et al. (2023),18,12,9,1.0,20,19,19,0
Houborg et al. (2023),18,12,10,1.0,20,19,19,0
Houborg et al. (2023),18,13,1,1.0,20,19,19,0
Houborg et al. (2023),18,13,2,1.0,20,19,19,0
Houborg et al. (2023),18,13,3,1.0,20,19,19,0
Houborg et al. (2023),18,13,4,1.0,20,19,19,0
Houborg et al. (2023),18,13,5,1.0,20,19,19,0
Houborg et al. (2023),18,13,6,1.0,20,19,19,0
Houborg et al. (2023),18,13,7,1.0,20,19,19,0
Houborg et al. (2023),18,13,8,1.0,20,19,19,0
Houborg et al. (2023),18,13,9,1.0,20,19,19,0
Houborg et al. (2023),18,13,10,1.0,20,19,19,0
Houborg et al. (2023),18,14,1,1.0,20,19,19,0
Houborg et al. (2023),18,14,2,1.0,20,19,19,0
Houborg et al. (2023),18,14,3,1.0,20,19,19,0
Houborg et al. (2023),18,14,4,1.0,20,19,19,0
Houborg et al. (2023),18,14,5,1.0,20,19,19,0
Houborg et al. (2023),18,14,6,1.0,20,19,19,0
Houborg et al. (2023),18,14,7,1.0,20,19,19,0
Houborg et al. (2023),18,14,8,1.0,20,19,19,0
Houborg et al. (2023),18,14,9,1.0,20,19,19,0
Houborg et al. (2023),18,14,10,1.0,20,19,19,0
Houborg et al. (2023),18,15,1,1.0,20,19,19,0
Houborg et al. (2023),18,15,2,1.0,20,19,19,0
Houborg et al. (2023),18,15,3,1.0,20,19,19,0
Houborg et al. (2023),18,15,4,1.0,20,19,19,0
Houborg et al. (2023),18,15,5,1.0,20,19,19,0
Houborg et al. (2023),18,15,6,1.0,20,19,19,0
Houborg et al. (2023),18,15,7,1.0,20,19,19,0
Houborg et al. (2023),18,15,8,1.0,20,19,19,0
Houborg et al. (2023),18,15,9,1.0,20,19,19,0
Houborg et al. (2023),18,15,10,1.0,20,19,19,0
Houborg et al. (2023),19,1,1,1.0,20,19,19,0
Houborg et al. (2023),19,1,2,1.0,20,19,19,0
Houborg et al. (2023),19,1,3,1.0,20,19,19,0
Houborg et al. (2023),19,1,4,1.0,20,19,19,0
Houborg et al. (2023),19,1,5,1.0,20,19,19,0
Houborg et al. (2023),19,1,6,1.0,20,19,19,0
Houborg et al. (2023),19,1,7,1.0,20,19,19,0
Houborg et al. (2023),19,1,8,1.0,20,19,19,0
Houborg et al. (2023),19,1,9,1.0,20,19,19,0
Houborg et al. (2023),19,1,10,1.0,20,19,19,0
Houborg et al. (2023),19,2,1,1.0,20,19,19,0
Houborg et al. (2023),19,2,2,1.0,20,19,19,0
Houborg et al. (2023),19,2,3,1.0,20,19,19,0
Houborg et al. (2023),19,2,4,1.0,20,19,19,0
Houborg et al. (2023),19,2,5,1.0,20,19,19,0
Houborg et al. (2023),19,2,6,1.0,20,19,19,0
Houborg et al. (2023),19,2,7,1.0,20,19,19,0
Houborg et al. (2023),19,2,8,1.0,20,19,19,0
Houborg et al. (2023),19,2,9,1.0,20,19,19,0
Houborg et al. (2023),19,2,10,1.0,20,19,19,0
Houborg et al. (2023),19,3,1,1.0,20,19,19,0
Houborg et al. (2023),19,3,2,1.0,20,19,19,0
Houborg et al. (2023),19,3,3,1.0,20,19,19,0
Houborg et al. (2023),19,3,4,1.0,20,19,19,0
Houborg et al. (2023),19,3,5,1.0,20,19,19,0
Houborg et al. (2023),19,3,6,1.0,20,19,19,0
Houborg et al. (2023),19,3,7,1.0,20,19,19,0
Houborg et al. (2023),19,3,8,1.0,20,19,19,0
Houborg et al. (2023),19,3,9,1.0,20,19,19,0
Houborg et al. (2023),19,3,10,1.0,20,19,19,0
Houborg et al. (2023),19,4,1,1.0,20,19,19,0
Houborg et al. (2023),19,4,2,1.0,20,19,19,0
Houborg et al. (2023),19,4,3,1.0,20,19,19,0
Houborg et al. (2023),19,4,4,1.0,20,19,19,0
Houborg et al. (2023),19,4,5,1.0,20,19,19,0
Houborg et al. (2023),19,4,6,1.0,20,19,19,0
Houborg et al. (2023),19,4,7,1.0,20,19,19,0
Houborg et al. (2023),19,4,8,1.0,20,19,19,0
Houborg et al. (2023),19,4,9,1.0,20,19,19,0
Houborg et al. (2023),19,4,10,1.0,20,19,19,0
Houborg et al. (2023),19,5,1,1.0,20,19,19,0
Houborg et al. (2023),19,5,2,1.0,20,19,19,0
Houborg et al. (2023),19,5,3,1.0,20,19,19,0
Houborg et al. (2023),19,5,4,1.0,20,19,19,0
Houborg et al. (2023),19,5,5,1.0,20,19,19,0
Houborg et al. (2023),19,5,6,1.0,20,19,19,0
Houborg et al. (2023),19,5,7,1.0,20,19,19,0
Houborg et al. (2023),19,5,8,1.0,20,19,19,0
Houborg et al. (2023),19,5,9,1.0,20,19,19,0
Houborg et al. (2023),19,5,10,1.0,20,19,19,0
Houborg et al. (2023),19,6,1,1.0,20,19,19,0
Houborg et al. (2023),19,6,2,1.0,20,19,19,0
Houborg et al. (2023),19,6,3,1.0,20,19,19,0
Houborg et al. (2023),19,6,4,1.0,20,19,19,0
Houborg et al. (2023),19,6,5,1.0,20,19,19,0
Houborg et al. (2023),19,6,6,1.0,20,19,19,0
Houborg et al. (2023),19,6,7,1.0,20,19,19,0
Houborg et al. (2023),19,6,8,1.0,20,19,19,0
Houborg et al. (2023),19,6,9,1.0,20,19,19,0
Houborg et al. (2023),19,6,10,1.0,20,19,19,0
Houborg et al. (2023),19,7,1,1.0,20,19,19,0
Houborg et al. (2023),19,7,2,1.0,20,19,19,0
Houborg et al. (2023),19,7,3,1.0,20,19,19,0
Houborg et al. (2023),19,7,4,1.0,20,19,19,0
Houborg et al. (2023),19,7,5,1.0,20,19,19,0
Houborg et al. (2023),19,7,6,1.0,20,19,19,0
Houborg et al. (2023),19,7,7,1.0,20,19,19,0
Houborg et al. (2023),19,7,8,1.0,20,19,19,0
Houborg et al. (2023),19,7,9,1.0,20,19,19,0
Houborg et al. (2023),19,7,10,1.0,20,19,19,0
Houborg et al. (2023),19,8,1,1.0,20,19,19,0
Houborg et al. (2023),19,8,2,1.0,20,19,19,0
Houborg et al. (2023),19,8,3,1.0,20,19,19,0
Houborg et al. (2023),19,8,4,1.0,20,19,19,0
Houborg et al. (2023),19,8,5,1.0,20,19,19,0
Houborg et al. (2023),19,8,6,1.0,20,19,19,0
Houborg et al. (2023),19,8,7,1.0,20,19,19,0
Houborg et al. (2023),19,8,8,1.0,20,19,19,0
Houborg et al. (2023),19,8,9,1.0,20,19,19,0
Houborg et al. (2023),19,8,10,1.0,20,19,19,0
Houborg et al. (2023),19,9,1,1.0,20,19,19,0
Houborg et al. (2023),19,9,2,1.0,20,19,19,0
Houborg et al. (2023),19,9,3,1.0,20,19,19,0
Houborg et al. (2023),19,9,4,1.0,20,19,19,0
Houborg et al. (2023),19,9,5,1.0,20,19,19,0
Houborg et al. (2023),19,9,6,1.0,20,19,19,0
Houborg et al. (2023),19,9,7,1.0,20,19,19,0
Houborg et al. (2023),19,9,8,1.0,20,19,19,0
Houborg et al. (2023),19,9,9,1.0,20,19,19,0
Houborg et al. (2023),19,9,10,1.0,20,19,19,0
Houborg et al. (2023),19,10,1,1.0,20,19,19,0
Houborg et al. (2023),19,10,2,1.0,20,19,19,0
Houborg et al. (2023),19,10,3,1.0,20,19,19,0
Houborg et al. (2023),19,10,4,1.0,20,19,19,0
Houborg et al. (2023),19,10,5,1.0,20,19,19,0
Houborg et al. (2023),19,10,6,1.0,20,19,19,0
Houborg et al. (2023),19,10,7,1.0,20,19,19,0
Houborg et al. (2023),19,10,8,1.0,20,19,19,0
Houborg et al. (2023),19,10,9,1.0,20,19,19,0
Houborg et al. (2023),19,10,10,1.0,20,19,19,0
Houborg et al. (2023),19,11,1,1.0,20,19,19,0
Houborg et al. (2023),19,11,2,1.0,20,19,19,0
Houborg et al. (2023),19,11,3,1.0,20,19,19,0
Houborg et al. (2023),19,11,4,1.0,20,19,19,0
Houborg et al. (2023),19,11,5,1.0,20,19,19,0
Houborg et al. (2023),19,11,6,1.0,20,19,19,0
Houborg et al. (2023),19,11,7,1.0,20,19,19,0
Houborg et al. (2023),19,11,8,1.0,20,19,19,0
Houborg et al. (2023),19,11,9,1.0,20,19,19,0
Houborg et al. (2023),19,11,10,1.0,20,19,19,0
Houborg et al. (2023),19,12,1,1.0,20,19,19,0
Houborg et al. (2023),19,12,2,1.0,20,19,19,0
Houborg et al. (2023),19,12,3,1.0,20,19,19,0
Houborg et al. (2023),19,12,4,1.0,20,19,19,0
Houborg et al. (2023),19,12,5,1.0,20,19,19,0
Houborg et al. (2023),19,12,6,1.0,20,19,19,0
Houborg et al. (2023),19,12,7,1.0,20,19,19,0
Houborg et al. (2023),19,12,8,1.0,20,19,19,0
Houborg et al. (2023),19,12,9,1.0,20,19,19,0
Houborg et al. (2023),19,12,10,1.0,20,19,19,0
Houborg et al. (2023),19,13,1,1.0,20,19,19,0
Houborg et al. (2023),19,13,2,1.0,20,19,19,0
Houborg et al. (2023),19,13,3,1.0,20,19,19,0
Houborg et al. (2023),19,13,4,1.0,20,19,19,0
Houborg et al. (2023),19,13,5,1.0,20,19,19,0
Houborg et al. (2023),19,13,6,1.0,20,19,19,0
Houborg et al. (2023),19,13,7,1.0,20,19,19,0
Houborg et al. (2023),19,13,8,1.0,20,19,19,0
Houborg et al. (2023),19,13,9,1.0,20,19,19,0
Houborg et al. (2023),19,13,10,1.0,20,19,19,0
Houborg et al. (2023),19,14,1,1.0,20,19,19,0
Houborg et al. (2023),19,14,2,1.0,20,19,19,0
Houborg et al. (2023),19,14,3,1.0,20,19,19,0
Houborg et al. (2023),19,14,4,1.0,20,19,19,0
Houborg et al. (2023),19,14,5,1.0,20,19,19,0
Houborg et al. (2023),19,14,6,1.0,20,19,19,0
Houborg et al. (2023),19,14,7,1.0,20,19,19,0
Houborg et al. (2023),19,14,8,1.0,20,19,19,0
Houborg et al. (2023),19,14,9,1.0,20,19,19,0
Houborg et al. (2023),19,14,10,1.0,20,19,19,0
Houborg et al. (2023),19,15,1,1.0,20,19,19,0
Houborg et al. (2023),19,15,2,1.0,20,19,19,0
Houborg et al. (2023),19,15,3,1.0,20,19,19,0
Houborg et al. (2023),19,15,4,1.0,20,19,19,0
Houborg et al. (2023),19,15,5,1.0,20,19,19,0
Houborg et al. (2023),19,15,6,1.0,20,19,19,0
Houborg et al. (2023),19,15,7,1.0,20,19,19,0
Houborg et al. (2023),19,15,8,1.0,20,19,19,0
Houborg et al. (2023),19,15,9,1.0,20,19,19,0
Houborg et al. (2023),19,15,10,1.0,20,19,19,0
Houborg et al. (2023),19,16,1,1.0,20,19,19,0
Houborg et al. (2023),19,16,2,1.0,20,19,19,0
Houborg et al. (2023),19,16,3,1.0,20,19,19,0
Houborg et al. (2023),19,16,4,1.0,20,19,19,0
Houborg et al. (2023),19,16,5,1.0,20,19,19,0
Houborg et al. (2023),19,16,6,1.0,20,19,19,0
Houborg et al. (2023),19,16,7,1.0,20,19,19,0
Houborg et al. (2023),19,16,8,1.0,20,19,19,0
Houborg et al. (2023),19,16,9,1.0,20,19,19,0
Houborg et al. (2023),19,16,10,1.0,20,19,19,0
Houborg et al. (2023b),20,1,1,1.0,160,159,158,1
Houborg et al. (2023b),20,1,2,1.0,160,159,158,1
Houborg et al. (2023b),20,1,3,1.0,160,159,158,1
Houborg et al. (2023b),20,1,4,1.0,160,159,158,1
Houborg et al. (2023b),20,1,5,1.0,160,159,158,1
Houborg et al. (2023b),20,1,6,1.0,160,159,158,1
Houborg et al. (2023b),20,2,1,1.0,160,159,158,1
Houborg et al. (2023b),20,2,2,1.0,160,159,158,1
Houborg et al. (2023b),20,2,3,1.0,160,159,158,1
Houborg et al. (2023b),20,2,4,1.0,160,159,158,1
Houborg et al. (2023b),20,2,5,1.0,160,159,158,1
Houborg et al. (2023b),20,2,6,1.0,160,159,158,1
Houborg et al. (2023b),20,3,1,1.0,200,199,198,1
Houborg et al. (2023b),20,3,2,1.0,200,199,198,1
Houborg et al. (2023b),20,3,3,1.0,200,199,198,1
Houborg et al. (2023b),20,3,4,1.0,200,199,198,1
Houborg et al. (2023b),20,3,5,1.0,100,99,99,0
Houborg et al. (2023b),20,3,6,1.0,100,99,99,0
Houborg et al. (2023b),20,4,1,1.0,200,199,198,1
Houborg et al. (2023b),20,4,2,1.0,200,199,198,1
Houborg et al. (2023b),20,4,3,1.0,200,199,198,1
Houborg et al. (2023b),20,4,4,1.0,200,199,198,1
Houborg et al. (2023b),20,4,5,1.0,100,99,99,0
Houborg et al. (2023b),20,4,6,1.0,100,99,99,0
Houborg et al. (2023b),20,5,1,1.0,200,199,198,1
Houborg et al. (2023b),20,5,2,1.0,200,199,198,1
Houborg et al. (2023b),20,5,3,1.0,200,199,198,1
Houborg et al. (2023b),20,5,4,1.0,200,199,198,1
Houborg et al. (2023b),20,5,5,1.0,100,99,99,0
Houborg et al. (2023b),20,5,6,1.0,100,99,99,0
Houborg et al. (2023b),20,6,1,1.0,200,199,198,1
Houborg et al. (2023b),20,6,2,1.0,200,199,198,1
Houborg et al. (2023b),20,6,3,1.0,200,199,198,1
Houborg et al. (2023b),20,6,4,1.0,200,199,198,1
Houborg et al. (2023b),20,6,5,1.0,100,99,99,0
Houborg et al. (2023b),20,6,6,1.0,100,99,99,0
Houborg et al. (2023b),20,7,1,1.0,200,199,198,1
Houborg et al. (2023b),20,7,2,1.0,200,199,198,1
Houborg et al. (2023b),20,7,3,1.0,200,199,198,1
Houborg et al. (2023b),20,7,4,1.0,200,199,198,1
Houborg et al. (2023b),20,7,5,1.0,100,99,99,0
Houborg et al. (2023b),20,7,6,1.0,100,99,99,0
Houborg et al. (2023b),20,8,1,1.0,200,199,198,1
Houborg et al. (2023b),20,8,2,1.0,200,199,198,1
Houborg et al. (2023b),20,8,3,1.0,200,199,198,1
Houborg et al. (2023b),20,8,4,1.0,200,199,198,1
Houborg et al. (2023b),20,8,5,1.0,100,99,99,0
Houborg et al. (2023b),20,8,6,1.0,100,99,99,0
Houborg et al. (2023b),20,9,1,1.0,200,199,198,1
Houborg et al. (2023b),20,9,2,1.0,200,199,198,1
Houborg et al. (2023b),20,9,3,1.0,200,199,198,1
Houborg et al. (2023b),20,9,4,1.0,200,199,198,1
Houborg et al. (2023b),20,9,5,1.0,100,99,99,0
Houborg et al. (2023b),20,9,6,1.0,100,99,99,0
Houborg et al. (2023b),20,10,1,1.0,200,199,198,1
Houborg et al. (2023b),20,10,2,1.0,200,199,198,1
Houborg et al. (2023b),20,10,3,1.0,200,199,198,1
Houborg et al. (2023b),20,10,4,1.0,200,199,198,1
Houborg et al. (2023b),20,10,5,1.0,100,99,99,0
Houborg et al. (2023b),20,10,6,1.0,100,99,99,0
Houborg et al. (2023b),20,11,1,1.0,200,199,198,1
Houborg et al. (2023b),20,11,2,1.0,200,199,198,1
Houborg et al. (2023b),20,11,3,1.0,200,199,198,1
Houborg et al. (2023b),20,11,4,1.0,200,199,198,1
Houborg et al. (2023b),20,11,5,1.0,100,99,99,0
Houborg et al. (2023b),20,11,6,1.0,100,99,99,0
Houborg et al. (2023b),20,12,1,1.0,200,199,198,1
Houborg et al. (2023b),20,12,2,1.0,200,199,198,1
Houborg et al. (2023b),20,12,3,1.0,200,199,198,1
Houborg et al. (2023b),20,12,4,1.0,200,199,198,1
Houborg et al. (2023b),20,12,5,1.0,100,99,99,0
Houborg et al. (2023b),20,12,6,1.0,100,99,99,0
Houborg et al. (2023b),20,13,1,1.0,200,199,198,1
Houborg et al. (2023b),20,13,2,1.0,200,199,198,1
Houborg et al. (2023b),20,13,3,1.0,200,199,198,1
Houborg et al. (2023b),20,13,4,1.0,200,199,198,1
Houborg et al. (2023b),20,13,5,1.0,100,99,99,0
Houborg et al. (2023b),20,13,6,1.0,100,99,99,0
Houborg et al. (2023b),20,14,1,1.0,200,199,198,1
Houborg et al. (2023b),20,14,2,1.0,200,199,198,1
Houborg et al. (2023b),20,14,3,1.0,200,199,198,1
Houborg et al. (2023b),20,14,4,1.0,200,199,198,1
Houborg et al. (2023b),20,14,5,1.0,100,99,99,0
Houborg et al. (2023b),20,14,6,1.0,100,99,99,0
Houborg et al. (2023b),21,1,1,1.0,200,199,198,1
Houborg et al. (2023b),21,1,2,1.0,200,199,198,1
Houborg et al. (2023b),21,1,3,1.0,200,199,198,1
Houborg et al. (2023b),21,1,4,1.0,200,199,198,1
Houborg et al. (2023b),21,1,5,1.0,100,99,99,0
Houborg et al. (2023b),21,1,6,1.0,100,99,99,0
Houborg et al. (2023b),21,2,1,1.0,200,199,198,1
Houborg et al. (2023b),21,2,2,1.0,200,199,198,1
Houborg et al. (2023b),21,2,3,1.0,200,199,198,1
Houborg et al. (2023b),21,2,4,1.0,200,199,198,1
Houborg et al. (2023b),21,2,5,1.0,100,99,99,0
Houborg et al. (2023b),21,2,6,1.0,100,99,99,0
Houborg et al. (2023b),21,3,1,1.0,200,199,198,1
Houborg et al. (2023b),21,3,2,1.0,200,199,198,1
Houborg et al. (2023b),21,3,3,1.0,200,199,198,1
Houborg et al. (2023b),21,3,4,1.0,200,199,198,1
Houborg et al. (2023b),21,3,5,1.0,100,99,99,0
Houborg et al. (2023b),21,3,6,1.0,100,99,99,0
Houborg et al. (2023b),21,4,1,1.0,200,199,198,1
Houborg et al. (2023b),21,4,2,1.0,200,199,198,1
Houborg et al. (2023b),21,4,3,1.0,200,199,198,1
Houborg et al. (2023b),21,4,4,1.0,200,199,198,1
Houborg et al. (2023b),21,4,5,1.0,100,99,99,0
Houborg et al. (2023b),21,4,6,1.0,100,99,99,0
Houborg et al. (2023b),21,5,1,1.0,200,199,198,1
Houborg et al. (2023b),21,5,2,1.0,200,199,198,1
Houborg et al. (2023b),21,5,3,1.0,200,199,198,1
Houborg et al. (2023b),21,5,4,1.0,200,199,198,1
Houborg et al. (2023b),21,5,5,1.0,100,99,99,0
Houborg et al. (2023b),21,5,6,1.0,100,99,99,0
Houborg et al. (2023b),21,6,1,1.0,200,199,198,1
Houborg et al. (2023b),21,6,2,1.0,200,199,198,1
Houborg et al. (2023b),21,6,3,1.0,200,199,198,1
Houborg et al. (2023b),21,6,4,1.0,200,199,198,1
Houborg et al. (2023b),21,6,5,1.0,100,99,99,0
Houborg et al. (2023b),21,6,6,1.0,100,99,99,0
Houborg et al. (2023b),21,7,1,1.0,200,199,198,1
Houborg et al. (2023b),21,7,2,1.0,200,199,198,1
Houborg et al. (2023b),21,7,3,1.0,200,199,198,1
Houborg et al. (2023b),21,7,4,1.0,200,199,198,1
Houborg et al. (2023b),21,7,5,1.0,100,99,99,0
Houborg et al. (2023b),21,7,6,1.0,100,99,99,0
Houborg et al. (2023b),21,8,1,1.0,200,199,198,1
Houborg et al. (2023b),21,8,2,1.0,200,199,198,1
Houborg et al. (2023b),21,8,3,1.0,200,199,198,1
Houborg et al. (2023b),21,8,4,1.0,200,199,198,1
Houborg et al. (2023b),21,8,5,1.0,100,99,99,0
Houborg et al. (2023b),21,8,6,1.0,100,99,99,0
Houborg et al. (2023b),21,9,1,1.0,200,199,198,1
Houborg et al. (2023b),21,9,2,1.0,200,199,198,1
Houborg et al. (2023b),21,9,3,1.0,200,199,198,1
Houborg et al. (2023b),21,9,4,1.0,200,199,198,1
Houborg et al. (2023b),21,9,5,1.0,100,99,99,0
Houborg et al. (2023b),21,9,6,1.0,100,99,99,0
Houborg et al. (2023b),21,10,1,1.0,200,199,198,1
Houborg et al. (2023b),21,10,2,1.0,200,199,198,1
Houborg et al. (2023b),21,10,3,1.0,200,199,198,1
Houborg et al. (2023b),21,10,4,1.0,200,199,198,1
Houborg et al. (2023b),21,10,5,1.0,100,99,99,0
Houborg et al. (2023b),21,10,6,1.0,100,99,99,0
Houborg et al. (2023b),21,11,1,1.0,200,199,198,1
Houborg et al. (2023b),21,11,2,1.0,200,199,198,1
Houborg et al. (2023b),21,11,3,1.0,200,199,198,1
Houborg et al. (2023b),21,11,4,1.0,200,199,198,1
Houborg et al. (2023b),21,11,5,1.0,100,99,99,0
Houborg et al. (2023b),21,11,6,1.0,100,99,99,0
Houborg et al. (2023b),21,12,1,1.0,200,199,198,1
Houborg et al. (2023b),21,12,2,1.0,200,199,198,1
Houborg et al. (2023b),21,12,3,1.0,200,199,198,1
Houborg et al. (2023b),21,12,4,1.0,200,199,198,1
Houborg et al. (2023b),21,12,5,1.0,100,99,99,0
Houborg et al. (2023b),21,12,6,1.0,100,99,99,0
Houborg et al. (2023b),21,13,1,1.0,200,199,198,1
Houborg et al. (2023b),21,13,2,1.0,200,199,198,1
Houborg et al. (2023b),21,13,3,1.0,200,199,198,1
Houborg et al. (2023b),21,13,4,1.0,200,199,198,1
Houborg et al. (2023b),21,13,5,1.0,100,99,99,0
Houborg et al. (2023b),21,13,6,1.0,100,99,99,0
Houborg et al. (2023b),21,14,1,1.0,200,199,198,1
Houborg et al. (2023b),21,14,2,1.0,200,199,198,1
Houborg et al. (2023b),21,14,3,1.0,200,199,198,1
Houborg et al. (2023b),21,14,4,1.0,200,199,198,1
Houborg et al. (2023b),21,14,5,1.0,100,99,99,0
Houborg et al. (2023b),21,14,6,1.0,100,99,99,0
Houborg et al. (2023b),21,15,1,1.0,200,199,198,1
Houborg et al. (2023b),21,15,2,1.0,200,199,198,1
Houborg et al. (2023b),21,15,3,1.0,200,199,198,1
Houborg et al. (2023b),21,15,4,1.0,200,199,198,1
Houborg et al. (2023b),21,15,5,1.0,100,99,99,0
Houborg et al. (2023b),21,15,6,1.0,100,99,99,0
Houborg et al. (2023b),21,16,1,1.0,200,199,198,1
Houborg et al. (2023b),21,16,2,1.0,200,199,198,1
Houborg et al. (2023b),21,16,3,1.0,200,199,198,1
Houborg et al. (2023b),21,16,4,1.0,200,199,198,1
Houborg et al. (2023b),21,16,5,1.0,100,99,99,0
Houborg et al. (2023b),21,16,6,1.0,100,99,99,0
Houborg et al. (2023b),21,17,1,1.0,200,199,198,1
Houborg et al. (2023b),21,17,2,1.0,200,199,198,1
Houborg et al. (2023b),21,17,3,1.0,200,199,198,1
Houborg et al. (2023b),21,17,4,1.0,200,199,198,1
Houborg et al. (2023b),21,18,1,1.0,200,199,198,1
Houborg et al. (2023b),21,18,2,1.0,200,199,198,1
Houborg et al. (2023b),21,18,3,1.0,200,199,198,1
Houborg et al. (2023b),21,18,4,1.0,200,199,198,1
Houborg et al. (2023b),21,18,5,1.0,100,99,99,0
Houborg et al. (2023b),21,18,6,1.0,100,99,99,0
Kondo et al. (2022),22,1,1,1.0,100,98,98,0
Kondo et al. (2022),22,1,2,1.0,100,99,98,1
Kondo et al. (2022),22,1,3,1.0,100,99,98,1
Kondo et al. (2022),22,1,4,1.0,100,99,98,1
Kondo et al. (2022),22,1,5,1.0,100,99,98,1
Kondo et al. (2022),22,1,6,1.0,100,99,98,1
Kondo et al. (2022),22,1,7,1.0,100,99,98,1
Kondo et al. (2022),22,1,8,1.0,100,99,98,1
Kondo et al. (2022),22,1,9,1.0,100,99,98,1
Kondo et al. (2022),22,1,10,1.0,100,99,98,1
Kondo et al. (2022),22,2,1,1.0,100,98,98,0
Kondo et al. (2022),22,2,2,1.0,100,99,98,1
Kondo et al. (2022),22,2,3,1.0,100,99,98,1
Kondo et al. (2022),22,2,4,1.0,100,99,98,1
Kondo et al. (2022),22,2,5,1.0,100,99,98,1
Kondo et al. (2022),22,2,6,1.0,100,99,98,1
Kondo et al. (2022),22,2,7,1.0,100,99,98,1
Kondo et al. (2022),22,2,8,1.0,100,99,98,1
Kondo et al. (2022),22,2,9,1.0,100,99,98,1
Kondo et al. (2022),22,2,10,1.0,100,99,98,1
Kondo et al. (2022),22,3,1,1.0,100,98,98,0
Kondo et al. (2022),22,3,2,1.0,100,99,98,1
Kondo et al. (2022),22,3,3,1.0,100,99,98,1
Kondo et al. (2022),22,3,4,1.0,100,99,98,1
Kondo et al. (2022),22,3,5,1.0,100,99,98,1
Kondo et al. (2022),22,3,6,1.0,100,99,98,1
Kondo et al. (2022),22,3,7,1.0,100,99,98,1
Kondo et al. (2022),22,3,8,1.0,100,99,98,1
Kondo et al. (2022),22,3,9,1.0,100,99,98,1
Kondo et al. (2022),22,3,10,1.0,100,99,98,1
Kondo et al. (2022),22,4,1,1.0,100,98,98,0
Kondo et al. (2022),22,4,2,1.0,100,99,98,1
Kondo et al. (2022),22,4,3,1.0,100,99,98,1
Kondo et al. (2022),22,4,4,1.0,100,99,98,1
Kondo et al. (2022),22,4,5,1.0,100,99,98,1
Kondo et al. (2022),22,4,6,1.0,100,99,98,1
Kondo et al. (2022),22,4,7,1.0,100,99,98,1
Kondo et al. (2022),22,4,8,1.0,100,99,98,1
Kondo et al. (2022),22,4,9,1.0,100,99,98,1
Kondo et al. (2022),22,4,10,1.0,100,99,98,1
Kondo et al. (2022),22,5,1,1.0,100,98,98,0
Kondo et al. (2022),22,5,2,1.0,100,99,98,1
Kondo et al. (2022),22,5,3,1.0,100,99,98,1
Kondo et al. (2022),22,5,4,1.0,100,99,98,1
Kondo et al. (2022),22,5,5,1.0,100,99,98,1
Kondo et al. (2022),22,5,6,1.0,100,99,98,1
Kondo et al. (2022),22,5,7,1.0,100,99,98,1
Kondo et al. (2022),22,5,8,1.0,100,99,98,1
Kondo et al. (2022),22,5,9,1.0,100,99,98,1
Kondo et al. (2022),22,5,10,1.0,100,99,98,1
Kondo et al. (2022),22,6,1,1.0,100,98,98,0
Kondo et al. (2022),22,6,2,1.0,100,99,98,1
Kondo et al. (2022),22,6,3,1.0,100,99,98,1
Kondo et al. (2022),22,6,4,1.0,100,99,98,1
Kondo et al. (2022),22,6,5,1.0,100,99,98,1
Kondo et al. (2022),22,6,6,1.0,100,99,98,1
Kondo et al. (2022),22,6,7,1.0,100,99,98,1
Kondo et al. (2022),22,6,8,1.0,100,99,98,1
Kondo et al. (2022),22,6,9,1.0,100,99,98,1
Kondo et al. (2022),22,6,10,1.0,100,99,98,1
Kondo et al. (2022),22,7,1,1.0,100,98,98,0
Kondo et al. (2022),22,7,2,1.0,100,99,98,1
Kondo et al. (2022),22,7,3,1.0,100,99,98,1
Kondo et al. (2022),22,7,4,1.0,100,99,98,1
Kondo et al. (2022),22,7,5,1.0,100,99,98,1
Kondo et al. (2022),22,7,6,1.0,100,99,98,1
Kondo et al. (2022),22,7,7,1.0,100,99,98,1
Kondo et al. (2022),22,7,8,1.0,100,99,98,1
Kondo et al. (2022),22,7,9,1.0,100,99,98,1
Kondo et al. (2022),22,7,10,1.0,100,99,98,1
Kondo et al. (2022),22,8,1,1.0,100,98,98,0
Kondo et al. (2022),22,8,2,1.0,100,99,98,1
Kondo et al. (2022),22,8,3,1.0,100,99,98,1
Kondo et al. (2022),22,8,4,1.0,100,99,98,1
Kondo et al. (2022),22,8,5,1.0,100,99,98,1
Kondo et al. (2022),22,8,6,1.0,100,99,98,1
Kondo et al. (2022),22,8,7,1.0,100,99,98,1
Kondo et al. (2022),22,8,8,1.0,100,99,98,1
Kondo et al. (2022),22,8,9,1.0,100,99,98,1
Kondo et al. (2022),22,8,10,1.0,100,99,98,1
Kondo et al. (2022),22,9,1,1.0,100,98,98,0
Kondo et al. (2022),22,9,2,1.0,100,99,98,1
Kondo et al. (2022),22,9,3,1.0,100,99,98,1
Kondo et al. (2022),22,9,4,1.0,100,99,98,1
Kondo et al. (2022),22,9,5,1.0,100,99,98,1
Kondo et al. (2022),22,9,6,1.0,100,99,98,1
Kondo et al. (2022),22,9,7,1.0,100,99,98,1
Kondo et al. (2022),22,9,8,1.0,100,99,98,1
Kondo et al. (2022),22,9,9,1.0,100,99,98,1
Kondo et al. (2022),22,9,10,1.0,100,99,98,1
Kondo et al. (2022),22,10,1,1.0,100,98,98,0
Kondo et al. (2022),22,10,2,1.0,100,99,98,1
Kondo et al. (2022),22,10,3,1.0,100,99,98,1
Kondo et al. (2022),22,10,4,1.0,100,99,98,1
Kondo et al. (2022),22,10,5,1.0,100,99,98,1
Kondo et al. (2022),22,10,6,1.0,100,99,98,1
Kondo et al. (2022),22,10,7,1.0,100,99,98,1
Kondo et al. (2022),22,10,8,1.0,100,99,98,1
Kondo et al. (2022),22,10,9,1.0,100,99,98,1
Kondo et al. (2022),22,10,10,1.0,100,99,98,1
Kondo et al. (2022),22,11,1,1.0,100,98,98,0
Kondo et al. (2022),22,11,2,1.0,100,99,98,1
Kondo et al. (2022),22,11,3,1.0,100,99,98,1
Kondo et al. (2022),22,11,4,1.0,100,99,98,1
Kondo et al. (2022),22,11,5,1.0,100,99,98,1
Kondo et al. (2022),22,11,6,1.0,100,99,98,1
Kondo et al. (2022),22,11,7,1.0,100,99,98,1
Kondo et al. (2022),22,11,8,1.0,100,99,98,1
Kondo et al. (2022),22,11,9,1.0,100,99,98,1
Kondo et al. (2022),22,11,10,1.0,100,99,98,1
Kondo et al. (2022),22,12,1,1.0,100,98,98,0
Kondo et al. (2022),22,12,2,1.0,100,99,98,1
Kondo et al. (2022),22,12,3,1.0,100,99,98,1
Kondo et al. (2022),22,12,4,1.0,100,99,98,1
Kondo et al. (2022),22,12,5,1.0,100,99,98,1
Kondo et al. (2022),22,12,6,1.0,100,99,98,1
Kondo et al. (2022),22,12,7,1.0,100,99,98,1
Kondo et al. (2022),22,12,8,1.0,100,99,98,1
Kondo et al. (2022),22,12,9,1.0,100,99,98,1
Kondo et al. (2022),22,12,10,1.0,100,99,98,1
Kondo et al. (2022),22,13,1,1.0,100,98,98,0
Kondo et al. (2022),22,13,2,1.0,100,99,98,1
Kondo et al. (2022),22,13,3,1.0,100,99,98,1
Kondo et al. (2022),22,13,4,1.0,100,99,98,1
Kondo et al. (2022),22,13,5,1.0,100,99,98,1
Kondo et al. (2022),22,13,6,1.0,100,99,98,1
Kondo et al. (2022),22,13,7,1.0,100,99,98,1
Kondo et al. (2022),22,13,8,1.0,100,99,98,1
Kondo et al. (2022),22,13,9,1.0,100,99,98,1
Kondo et al. (2022),22,13,10,1.0,100,99,98,1
Kondo et al. (2022),22,14,1,1.0,100,98,98,0
Kondo et al. (2022),22,14,2,1.0,100,99,98,1
Kondo et al. (2022),22,14,3,1.0,100,99,98,1
Kondo et al. (2022),22,14,4,1.0,100,99,98,1
Kondo et al. (2022),22,14,5,1.0,100,99,98,1
Kondo et al. (2022),22,14,6,1.0,100,99,98,1
Kondo et al. (2022),22,14,7,1.0,100,99,98,1
Kondo et al. (2022),22,14,8,1.0,100,99,98,1
Kondo et al. (2022),22,14,9,1.0,100,99,98,1
Kondo et al. (2022),22,14,10,1.0,100,99,98,1
Kondo et al. (2022),22,15,1,1.0,100,98,98,0
Kondo et al. (2022),22,15,2,1.0,100,99,98,1
Kondo et al. (2022),22,15,3,1.0,100,99,98,1
Kondo et al. (2022),22,15,4,1.0,100,99,98,1
Kondo et al. (2022),22,15,5,1.0,100,99,98,1
Kondo et al. (2022),22,15,6,1.0,100,99,98,1
Kondo et al. (2022),22,15,7,1.0,100,99,98,1
Kondo et al. (2022),22,15,8,1.0,100,99,98,1
Kondo et al. (2022),22,15,9,1.0,100,99,98,1
Kondo et al. (2022),22,15,10,1.0,100,99,98,1
Kondo et al. (2022),22,16,1,1.0,100,98,98,0
Kondo et al. (2022),22,16,2,1.0,100,99,98,1
Kondo et al. (2022),22,16,3,1.0,100,99,98,1
Kondo et al. (2022),22,16,4,1.0,100,99,98,1
Kondo et al. (2022),22,16,5,1.0,100,99,98,1
Kondo et al. (2022),22,16,6,1.0,100,99,98,1
Kondo et al. (2022),22,16,7,1.0,100,99,98,1
Kondo et al. (2022),22,16,8,1.0,100,99,98,1
Kondo et al. (2022),22,16,9,1.0,100,99,98,1
Kondo et al. (2022),22,16,10,1.0,100,99,98,1
Kondo et al. (2022),22,17,1,1.0,100,98,98,0
Kondo et al. (2022),22,17,2,1.0,100,99,98,1
Kondo et al. (2022),22,17,3,1.0,100,99,98,1
Kondo et al. (2022),22,17,4,1.0,100,99,98,1
Kondo et al. (2022),22,17,5,1.0,100,99,98,1
Kondo et al. (2022),22,17,6,1.0,100,99,98,1
Kondo et al. (2022),22,17,7,1.0,100,99,98,1
Kondo et al. (2022),22,17,8,1.0,100,99,98,1
Kondo et al. (2022),22,17,9,1.0,100,99,98,1
Kondo et al. (2022),22,17,10,1.0,100,99,98,1
Kondo et al. (2022),22,18,1,1.0,100,98,98,0
Kondo et al. (2022),22,18,2,1.0,100,99,98,1
Kondo et al. (2022),22,18,3,1.0,100,99,98,1
Kondo et al. (2022),22,18,4,1.0,100,99,98,1
Kondo et al. (2022),22,18,5,1.0,100,99,98,1
Kondo et al. (2022),22,18,6,1.0,100,99,98,1
Kondo et al. (2022),22,18,7,1.0,100,99,98,1
Kondo et al. (2022),22,18,8,1.0,100,99,98,1
Kondo et al. (2022),22,18,9,1.0,100,99,98,1
Kondo et al. (2022),22,18,10,1.0,100,99,98,1
Kondo et al. (2022),22,19,1,1.0,100,98,98,0
Kondo et al. (2022),22,19,2,1.0,100,99,98,1
Kondo et al. (2022),22,19,3,1.0,100,99,98,1
Kondo et al. (2022),22,19,4,1.0,100,99,98,1
Kondo et al. (2022),22,19,5,1.0,100,99,98,1
Kondo et al. (2022),22,19,6,1.0,100,99,98,1
Kondo et al. (2022),22,19,7,1.0,100,99,98,1
Kondo et al. (2022),22,19,8,1.0,100,99,98,1
Kondo et al. (2022),22,19,9,1.0,100,99,98,1
Kondo et al. (2022),22,19,10,1.0,100,99,98,1
Kondo et al. (2022),22,20,1,1.0,100,98,98,0
Kondo et al. (2022),22,20,2,1.0,100,99,98,1
Kondo et al. (2022),22,20,3,1.0,100,99,98,1
Kondo et al. (2022),22,20,4,1.0,100,99,98,1
Kondo et al. (2022),22,20,5,1.0,100,99,98,1
Kondo et al. (2022),22,20,6,1.0,100,99,98,1
Kondo et al. (2022),22,20,7,1.0,100,99,98,1
Kondo et al. (2022),22,20,8,1.0,100,99,98,1
Kondo et al. (2022),22,20,9,1.0,100,99,98,1
Kondo et al. (2022),22,20,10,1.0,100,99,98,1
Kondo et al. (2022),23,1,1,1.0,100,98,98,0
Kondo et al. (2022),23,1,2,1.0,100,99,98,1
Kondo et al. (2022),23,1,3,1.0,100,99,98,1
Kondo et al. (2022),23,1,4,1.0,100,99,98,1
Kondo et al. (2022),23,1,5,1.0,100,99,98,1
Kondo et al. (2022),23,1,6,1.0,100,99,98,1
Kondo et al. (2022),23,1,7,1.0,100,99,98,1
Kondo et al. (2022),23,1,8,1.0,100,99,98,1
Kondo et al. (2022),23,1,9,1.0,100,99,98,1
Kondo et al. (2022),23,1,10,1.0,100,99,98,1
Kondo et al. (2022),23,2,1,1.0,100,98,98,0
Kondo et al. (2022),23,2,2,1.0,100,99,98,1
Kondo et al. (2022),23,2,3,1.0,100,99,98,1
Kondo et al. (2022),23,2,4,1.0,100,99,98,1
Kondo et al. (2022),23,2,5,1.0,100,99,98,1
Kondo et al. (2022),23,2,6,1.0,100,99,98,1
Kondo et al. (2022),23,2,7,1.0,100,99,98,1
Kondo et al. (2022),23,2,8,1.0,100,99,98,1
Kondo et al. (2022),23,2,9,1.0,100,99,98,1
Kondo et al. (2022),23,2,10,1.0,100,99,98,1
Kondo et al. (2022),23,3,1,1.0,100,98,98,0
Kondo et al. (2022),23,3,2,1.0,100,99,98,1
Kondo et al. (2022),23,3,3,1.0,100,99,98,1
Kondo et al. (2022),23,3,4,1.0,100,99,98,1
Kondo et al. (2022),23,3,5,1.0,100,99,98,1
Kondo et al. (2022),23,3,6,1.0,100,99,98,1
Kondo et al. (2022),23,3,7,1.0,100,99,98,1
Kondo et al. (2022),23,3,8,1.0,100,99,98,1
Kondo et al. (2022),23,3,9,1.0,100,99,98,1
Kondo et al. (2022),23,3,10,1.0,100,99,99,0
Kondo et al. (2022),23,4,1,1.0,100,98,98,0
Kondo et al. (2022),23,4,2,1.0,100,99,98,1
Kondo et al. (2022),23,4,3,1.0,100,99,98,1
Kondo et al. (2022),23,4,4,1.0,100,99,98,1
Kondo et al. (2022),23,4,5,1.0,100,99,99,0
Kondo et al. (2022),23,4,6,1.0,100,99,98,1
Kondo et al. (2022),23,4,7,1.0,100,99,98,1
Kondo et al. (2022),23,4,8,1.0,100,99,98,1
Kondo et al. (2022),23,4,9,1.0,100,99,98,1
Kondo et al. (2022),23,4,10,1.0,100,99,98,1
Kondo et al. (2022),23,5,1,1.0,100,98,98,0
Kondo et al. (2022),23,5,2,1.0,100,99,98,1
Kondo et al. (2022),23,5,3,1.0,100,99,98,1
Kondo et al. (2022),23,5,4,1.0,100,99,98,1
Kondo et al. (2022),23,5,5,1.0,100,99,98,1
Kondo et al. (2022),23,5,6,1.0,100,99,98,1
Kondo et al. (2022),23,5,7,1.0,100,99,98,1
Kondo et al. (2022),23,5,8,1.0,100,99,98,1
Kondo et al. (2022),23,5,9,1.0,100,99,98,1
Kondo et al. (2022),23,5,10,1.0,100,99,98,1
Kondo et al. (2022),23,6,1,1.0,100,98,98,0
Kondo et al. (2022),23,6,2,1.0,100,99,98,1
Kondo et al. (2022),23,6,3,1.0,100,99,98,1
Kondo et al. (2022),23,6,4,1.0,100,99,98,1
Kondo et al. (2022),23,6,5,1.0,100,99,98,1
Kondo et al. (2022),23,6,6,1.0,100,99,98,1
Kondo et al. (2022),23,6,7,1.0,100,99,98,1
Kondo et al. (2022),23,6,8,1.0,100,99,98,1
Kondo et al. (2022),23,6,9,1.0,100,99,98,1
Kondo et al. (2022),23,6,10,1.0,100,99,98,1
Kondo et al. (2022),23,7,1,1.0,100,98,98,0
Kondo et al. (2022),23,7,2,1.0,100,99,98,1
Kondo et al. (2022),23,7,3,1.0,100,99,98,1
Kondo et al. (2022),23,7,4,1.0,100,99,98,1
Kondo et al. (2022),23,7,5,1.0,100,99,98,1
Kondo et al. (2022),23,7,6,1.0,100,99,98,1
Kondo et al. (2022),23,7,7,1.0,100,99,98,1
Kondo et al. (2022),23,7,8,1.0,100,99,98,1
Kondo et al. (2022),23,7,9,1.0,100,99,98,1
Kondo et al. (2022),23,7,10,1.0,100,99,98,1
Kondo et al. (2022),23,8,1,1.0,100,98,98,0
Kondo et al. (2022),23,8,2,1.0,100,99,98,1
Kondo et al. (2022),23,8,3,1.0,100,99,98,1
Kondo et al. (2022),23,8,4,1.0,100,99,98,1
Kondo et al. (2022),23,8,5,1.0,100,99,98,1
Kondo et al. (2022),23,8,6,1.0,100,99,98,1
Kondo et al. (2022),23,8,7,1.0,100,99,98,1
Kondo et al. (2022),23,8,8,1.0,100,99,98,1
Kondo et al. (2022),23,8,9,1.0,100,99,98,1
Kondo et al. (2022),23,8,10,1.0,100,99,98,1
Kondo et al. (2022),23,9,1,1.0,100,98,98,0
Kondo et al. (2022),23,9,2,1.0,100,99,98,1
Kondo et al. (2022),23,9,3,1.0,100,99,98,1
Kondo et al. (2022),23,9,4,1.0,100,99,98,1
Kondo et al. (2022),23,9,5,1.0,100,99,98,1
Kondo et al. (2022),23,9,6,1.0,100,99,98,1
Kondo et al. (2022),23,9,7,1.0,100,99,98,1
Kondo et al. (2022),23,9,8,1.0,100,99,98,1
Kondo et al. (2022),23,9,9,1.0,100,99,98,1
Kondo et al. (2022),23,9,10,1.0,100,99,98,1
Kondo et al. (2022),23,10,1,1.0,100,98,98,0
Kondo et al. (2022),23,10,2,1.0,100,99,98,1
Kondo et al. (2022),23,10,3,1.0,100,99,98,1
Kondo et al. (2022),23,10,4,1.0,100,99,98,1
Kondo et al. (2022),23,10,5,1.0,100,99,98,1
Kondo et al. (2022),23,10,6,1.0,100,99,98,1
Kondo et al. (2022),23,10,7,1.0,100,99,98,1
Kondo et al. (2022),23,10,8,1.0,100,99,98,1
Kondo et al. (2022),23,10,9,1.0,100,99,98,1
Kondo et al. (2022),23,10,10,1.0,100,99,98,1
Kondo et al. (2022),23,11,1,1.0,100,98,98,0
Kondo et al. (2022),23,11,2,1.0,100,99,98,1
Kondo et al. (2022),23,11,3,1.0,100,99,98,1
Kondo et al. (2022),23,11,4,1.0,100,99,98,1
Kondo et al. (2022),23,11,5,1.0,100,99,98,1
Kondo et al. (2022),23,11,6,1.0,100,99,98,1
Kondo et al. (2022),23,11,7,1.0,100,99,98,1
Kondo et al. (2022),23,11,8,1.0,100,99,98,1
Kondo et al. (2022),23,11,9,1.0,100,99,98,1
Kondo et al. (2022),23,11,10,1.0,100,99,98,1
Kondo et al. (2022),23,12,1,1.0,100,98,98,0
Kondo et al. (2022),23,12,2,1.0,100,99,98,1
Kondo et al. (2022),23,12,3,1.0,100,99,98,1
Kondo et al. (2022),23,12,4,1.0,100,99,98,1
Kondo et al. (2022),23,12,5,1.0,100,99,98,1
Kondo et al. (2022),23,12,6,1.0,100,99,98,1
Kondo et al. (2022),23,12,7,1.0,100,99,98,1
Kondo et al. (2022),23,12,8,1.0,100,99,98,1
Kondo et al. (2022),23,12,9,1.0,100,99,98,1
Kondo et al. (2022),23,12,10,1.0,100,99,98,1
Kondo et al. (2022),23,13,1,1.0,100,98,98,0
Kondo et al. (2022),23,13,2,1.0,100,99,98,1
Kondo et al. (2022),23,13,3,1.0,100,99,98,1
Kondo et al. (2022),23,13,4,1.0,100,99,98,1
Kondo et al. (2022),23,13,5,1.0,100,99,98,1
Kondo et al. (2022),23,13,6,1.0,100,99,98,1
Kondo et al. (2022),23,13,7,1.0,100,99,98,1
Kondo et al. (2022),23,13,8,1.0,100,99,98,1
Kondo et al. (2022),23,13,9,1.0,100,99,98,1
Kondo et al. (2022),23,13,10,1.0,100,99,98,1
Kondo et al. (2022),23,14,1,1.0,100,98,98,0
Kondo et al. (2022),23,14,2,1.0,100,99,98,1
Kondo et al. (2022),23,14,3,1.0,100,99,98,1
Kondo et al. (2022),23,14,4,1.0,100,99,98,1
Kondo et al. (2022),23,14,5,1.0,100,99,98,1
Kondo et al. (2022),23,14,6,1.0,100,99,98,1
Kondo et al. (2022),23,14,7,1.0,100,99,98,1
Kondo et al. (2022),23,14,8,1.0,100,99,98,1
Kondo et al. (2022),23,14,9,1.0,100,99,98,1
Kondo et al. (2022),23,14,10,1.0,100,99,98,1
Kondo et al. (2022),23,15,1,1.0,100,98,98,0
Kondo et al. (2022),23,15,2,1.0,100,99,98,1
Kondo et al. (2022),23,15,3,1.0,100,99,98,1
Kondo et al. (2022),23,15,4,1.0,100,99,98,1
Kondo et al. (2022),23,15,5,1.0,100,99,98,1
Kondo et al. (2022),23,15,6,1.0,100,99,98,1
Kondo et al. (2022),23,15,7,1.0,100,99,98,1
Kondo et al. (2022),23,15,8,1.0,100,99,98,1
Kondo et al. (2022),23,15,9,1.0,100,99,98,1
Kondo et al. (2022),23,15,10,1.0,100,99,98,1
Kondo et al. (2022),23,16,1,1.0,100,98,98,0
Kondo et al. (2022),23,16,2,1.0,100,99,98,1
Kondo et al. (2022),23,16,3,1.0,100,99,98,1
Kondo et al. (2022),23,16,4,1.0,100,99,98,1
Kondo et al. (2022),23,16,5,1.0,100,99,98,1
Kondo et al. (2022),23,16,6,1.0,100,99,98,1
Kondo et al. (2022),23,16,7,1.0,100,99,98,1
Kondo et al. (2022),23,16,8,1.0,100,99,98,1
Kondo et al. (2022),23,16,9,1.0,100,99,98,1
Kondo et al. (2022),23,16,10,1.0,100,99,98,1
Kondo et al. (2022),23,17,1,1.0,100,98,98,0
Kondo et al. (2022),23,17,2,1.0,100,99,98,1
Kondo et al. (2022),23,17,3,1.0,100,99,98,1
Kondo et al. (2022),23,17,4,1.0,100,99,98,1
Kondo et al. (2022),23,17,5,1.0,100,99,98,1
Kondo et al. (2022),23,17,6,1.0,100,99,98,1
Kondo et al. (2022),23,17,7,1.0,100,99,98,1
Kondo et al. (2022),23,17,8,1.0,100,99,98,1
Kondo et al. (2022),23,17,9,1.0,100,99,98,1
Kondo et al. (2022),23,17,10,1.0,100,99,98,1
Kondo et al. (2022),23,18,1,1.0,100,98,98,0
Kondo et al. (2022),23,18,2,1.0,100,99,98,1
Kondo et al. (2022),23,18,3,1.0,100,99,98,1
Kondo et al. (2022),23,18,4,1.0,100,99,98,1
Kondo et al. (2022),23,18,5,1.0,100,99,98,1
Kondo et al. (2022),23,18,6,1.0,100,99,98,1
Kondo et al. (2022),23,18,7,1.0,100,99,99,0
Kondo et al. (2022),23,18,8,1.0,100,99,98,1
Kondo et al. (2022),23,18,9,1.0,100,99,98,1
Kondo et al. (2022),23,18,10,1.0,100,99,98,1
Kondo et al. (2022),23,19,1,1.0,100,98,98,0
Kondo et al. (2022),23,19,2,1.0,100,99,98,1
Kondo et al. (2022),23,19,3,1.0,100,99,98,1
Kondo et al. (2022),23,19,4,1.0,100,99,98,1
Kondo et al. (2022),23,19,5,1.0,100,99,98,1
Kondo et al. (2022),23,19,6,1.0,100,99,98,1
Kondo et al. (2022),23,19,7,1.0,100,99,98,1
Kondo et al. (2022),23,19,8,1.0,100,99,98,1
Kondo et al. (2022),23,19,9,1.0,100,99,98,1
Kondo et al. (2022),23,19,10,1.0,100,99,98,1
Kondo et al. (2022),23,20,1,1.0,100,98,98,0
Kondo et al. (2022),23,20,2,1.0,100,99,98,1
Kondo et al. (2022),23,20,3,1.0,100,99,98,1
Kondo et al. (2022),23,20,4,1.0,100,99,98,1
Kondo et al. (2022),23,20,5,1.0,100,99,98,1
Kondo et al. (2022),23,20,6,1.0,100,99,98,1
Kondo et al. (2022),23,20,7,1.0,100,99,98,1
Kondo et al. (2022),23,20,8,1.0,100,99,98,1
Kondo et al. (2022),23,20,9,1.0,100,99,98,1
Kondo et al. (2022),23,20,10,1.0,100,99,98,1
Kondo et al. (2022),24,1,1,1.0,100,98,98,0
Kondo et al. (2022),24,1,2,1.0,100,99,98,1
Kondo et al. (2022),24,1,3,1.0,100,99,98,1
Kondo et al. (2022),24,1,4,1.0,100,99,98,1
Kondo et al. (2022),24,1,5,1.0,100,99,98,1
Kondo et al. (2022),24,1,6,1.0,100,99,98,1
Kondo et al. (2022),24,1,7,1.0,100,99,98,1
Kondo et al. (2022),24,1,8,1.0,100,99,98,1
Kondo et al. (2022),24,1,9,1.0,100,99,98,1
Kondo et al. (2022),24,1,10,1.0,100,99,98,1
Kondo et al. (2022),24,2,1,1.0,100,98,98,0
Kondo et al. (2022),24,2,2,1.0,100,99,98,1
Kondo et al. (2022),24,2,3,1.0,100,99,98,1
Kondo et al. (2022),24,2,4,1.0,100,99,98,1
Kondo et al. (2022),24,2,5,1.0,100,99,98,1
Kondo et al. (2022),24,2,6,1.0,100,99,98,1
Kondo et al. (2022),24,2,7,1.0,100,99,98,1
Kondo et al. (2022),24,2,8,1.0,100,99,98,1
Kondo et al. (2022),24,2,9,1.0,100,99,98,1
Kondo et al. (2022),24,2,10,1.0,100,99,98,1
Kondo et al. (2022),24,3,1,1.0,100,98,98,0
Kondo et al. (2022),24,3,2,1.0,100,99,98,1
Kondo et al. (2022),24,3,3,1.0,100,99,98,1
Kondo et al. (2022),24,3,4,1.0,100,99,98,1
Kondo et al. (2022),24,3,5,1.0,100,99,98,1
Kondo et al. (2022),24,3,6,1.0,100,99,98,1
Kondo et al. (2022),24,3,7,1.0,100,99,98,1
Kondo et al. (2022),24,3,8,1.0,100,99,98,1
Kondo et al. (2022),24,3,9,1.0,100,99,98,1
Kondo et al. (2022),24,3,10,1.0,100,99,98,1
Kondo et al. (2022),24,4,1,1.0,100,98,98,0
Kondo et al. (2022),24,4,2,1.0,100,99,98,1
Kondo et al. (2022),24,4,3,1.0,100,99,98,1
Kondo et al. (2022),24,4,4,1.0,100,99,98,1
Kondo et al. (2022),24,4,5,1.0,100,99,98,1
Kondo et al. (2022),24,4,6,1.0,100,99,98,1
Kondo et al. (2022),24,4,7,1.0,100,99,98,1
Kondo et al. (2022),24,4,8,1.0,100,99,98,1
Kondo et al. (2022),24,4,9,1.0,100,99,98,1
Kondo et al. (2022),24,4,10,1.0,100,99,98,1
Kondo et al. (2022),24,5,1,1.0,100,98,98,0
Kondo et al. (2022),24,5,2,1.0,100,99,98,1
Kondo et al. (2022),24,5,3,1.0,100,99,98,1
Kondo et al. (2022),24,5,4,1.0,100,99,98,1
Kondo et al. (2022),24,5,5,1.0,100,99,98,1
Kondo et al. (2022),24,5,6,1.0,100,99,98,1
Kondo et al. (2022),24,5,7,1.0,100,99,98,1
Kondo et al. (2022),24,5,8,1.0,100,99,98,1
Kondo et al. (2022),24,5,9,1.0,100,99,98,1
Kondo et al. (2022),24,5,10,1.0,100,99,98,1
Kondo et al. (2022),24,6,1,1.0,100,98,98,0
Kondo et al. (2022),24,6,2,1.0,100,99,98,1
Kondo et al. (2022),24,6,3,1.0,100,99,98,1
Kondo et al. (2022),24,6,4,1.0,100,99,98,1
Kondo et al. (2022),24,6,5,1.0,100,99,98,1
Kondo et al. (2022),24,6,6,1.0,100,99,98,1
Kondo et al. (2022),24,6,7,1.0,100,99,98,1
Kondo et al. (2022),24,6,8,1.0,100,99,98,1
Kondo et al. (2022),24,6,9,1.0,100,99,98,1
Kondo et al. (2022),24,6,10,1.0,100,99,98,1
Kondo et al. (2022),24,7,1,1.0,100,98,98,0
Kondo et al. (2022),24,7,2,1.0,100,99,98,1
Kondo et al. (2022),24,7,3,1.0,100,99,98,1
Kondo et al. (2022),24,7,4,1.0,100,99,98,1
Kondo et al. (2022),24,7,5,1.0,100,99,98,1
Kondo et al. (2022),24,7,6,1.0,100,99,98,1
Kondo et al. (2022),24,7,7,1.0,100,99,98,1
Kondo et al. (2022),24,7,8,1.0,100,99,98,1
Kondo et al. (2022),24,7,9,1.0,100,99,98,1
Kondo et al. (2022),24,7,10,1.0,100,99,98,1
Kondo et al. (2022),24,8,1,1.0,100,98,98,0
Kondo et al. (2022),24,8,2,1.0,100,99,98,1
Kondo et al. (2022),24,8,3,1.0,100,99,98,1
Kondo et al. (2022),24,8,4,1.0,100,99,98,1
Kondo et al. (2022),24,8,5,1.0,100,99,98,1
Kondo et al. (2022),24,8,6,1.0,100,99,98,1
Kondo et al. (2022),24,8,7,1.0,100,99,98,1
Kondo et al. (2022),24,8,8,1.0,100,99,98,1
Kondo et al. (2022),24,8,9,1.0,100,99,98,1
Kondo et al. (2022),24,8,10,1.0,100,99,98,1
Kondo et al. (2022),24,9,1,1.0,100,98,98,0
Kondo et al. (2022),24,9,2,1.0,100,99,98,1
Kondo et al. (2022),24,9,3,1.0,100,99,98,1
Kondo et al. (2022),24,9,4,1.0,100,99,98,1
Kondo et al. (2022),24,9,5,1.0,100,99,98,1
Kondo et al. (2022),24,9,6,1.0,100,99,98,1
Kondo et al. (2022),24,9,7,1.0,100,99,98,1
Kondo et al. (2022),24,9,8,1.0,100,99,98,1
Kondo et al. (2022),24,9,9,1.0,100,99,98,1
Kondo et al. (2022),24,9,10,1.0,100,99,98,1
Kondo et al. (2022),24,10,1,1.0,100,98,98,0
Kondo et al. (2022),24,10,2,1.0,100,99,98,1
Kondo et al. (2022),24,10,3,1.0,100,99,98,1
Kondo et al. (2022),24,10,4,1.0,100,99,98,1
Kondo et al. (2022),24,10,5,1.0,100,99,98,1
Kondo et al. (2022),24,10,6,1.0,100,99,98,1
Kondo et al. (2022),24,10,7,1.0,100,99,98,1
Kondo et al. (2022),24,10,8,1.0,100,99,98,1
Kondo et al. (2022),24,10,9,1.0,100,99,98,1
Kondo et al. (2022),24,10,10,1.0,100,99,98,1
Kondo et al. (2022),24,11,1,1.0,100,98,98,0
Kondo et al. (2022),24,11,2,1.0,100,99,98,1
Kondo et al. (2022),24,11,3,1.0,100,99,98,1
Kondo et al. (2022),24,11,4,1.0,100,99,98,1
Kondo et al. (2022),24,11,5,1.0,100,99,98,1
Kondo et al. (2022),24,11,6,1.0,100,99,98,1
Kondo et al. (2022),24,11,7,1.0,100,99,98,1
Kondo et al. (2022),24,11,8,1.0,100,99,98,1
Kondo et al. (2022),24,11,9,1.0,100,99,98,1
Kondo et al. (2022),24,11,10,1.0,100,99,98,1
Kondo et al. (2022),24,12,1,1.0,100,98,98,0
Kondo et al. (2022),24,12,2,1.0,100,99,98,1
Kondo et al. (2022),24,12,3,1.0,100,99,98,1
Kondo et al. (2022),24,12,4,1.0,100,99,98,1
Kondo et al. (2022),24,12,5,1.0,100,99,98,1
Kondo et al. (2022),24,12,6,1.0,100,99,98,1
Kondo et al. (2022),24,12,7,1.0,100,99,98,1
Kondo et al. (2022),24,12,8,1.0,100,99,98,1
Kondo et al. (2022),24,12,9,1.0,100,99,98,1
Kondo et al. (2022),24,12,10,1.0,100,99,98,1
Kondo et al. (2022),24,13,1,1.0,100,98,98,0
Kondo et al. (2022),24,13,2,1.0,100,99,98,1
Kondo et al. (2022),24,13,3,1.0,100,99,98,1
Kondo et al. (2022),24,13,4,1.0,100,99,98,1
Kondo et al. (2022),24,13,5,1.0,100,99,98,1
Kondo et al. (2022),24,13,6,1.0,100,99,98,1
Kondo et al. (2022),24,13,7,1.0,100,99,98,1
Kondo et al. (2022),24,13,8,1.0,100,99,98,1
Kondo et al. (2022),24,13,9,1.0,100,99,98,1
Kondo et al. (2022),24,13,10,1.0,100,99,98,1
Kondo et al. (2022),24,14,1,1.0,100,98,98,0
Kondo et al. (2022),24,14,2,1.0,100,99,98,1
Kondo et al. (2022),24,14,3,1.0,100,99,98,1
Kondo et al. (2022),24,14,4,1.0,100,99,98,1
Kondo et al. (2022),24,14,5,1.0,100,99,98,1
Kondo et al. (2022),24,14,6,1.0,100,99,98,1
Kondo et al. (2022),24,14,7,1.0,100,99,98,1
Kondo et al. (2022),24,14,8,1.0,100,99,98,1
Kondo et al. (2022),24,14,9,1.0,100,99,98,1
Kondo et al. (2022),24,14,10,1.0,100,99,98,1
Kondo et al. (2022),24,15,1,1.0,100,98,98,0
Kondo et al. (2022),24,15,2,1.0,100,99,98,1
Kondo et al. (2022),24,15,3,1.0,100,99,98,1
Kondo et al. (2022),24,15,4,1.0,100,99,98,1
Kondo et al. (2022),24,15,5,1.0,100,99,98,1
Kondo et al. (2022),24,15,6,1.0,100,99,98,1
Kondo et al. (2022),24,15,7,1.0,100,99,98,1
Kondo et al. (2022),24,15,8,1.0,100,99,98,1
Kondo et al. (2022),24,15,9,1.0,100,99,98,1
Kondo et al. (2022),24,15,10,1.0,100,99,98,1
Kondo et al. (2022),24,16,1,1.0,100,98,98,0
Kondo et al. (2022),24,16,2,1.0,100,99,98,1
Kondo et al. (2022),24,16,3,1.0,100,99,98,1
Kondo et al. (2022),24,16,4,1.0,100,99,98,1
Kondo et al. (2022),24,16,5,1.0,100,99,98,1
Kondo et al. (2022),24,16,6,1.0,100,99,98,1
Kondo et al. (2022),24,16,7,1.0,100,99,98,1
Kondo et al. (2022),24,16,8,1.0,100,99,98,1
Kondo et al. (2022),24,16,9,1.0,100,99,98,1
Kondo et al. (2022),24,16,10,1.0,100,99,98,1
Kondo et al. (2022),24,17,1,1.0,100,98,98,0
Kondo et al. (2022),24,17,2,1.0,100,99,98,1
Kondo et al. (2022),24,17,3,1.0,100,99,98,1
Kondo et al. (2022),24,17,4,1.0,100,99,98,1
Kondo et al. (2022),24,17,5,1.0,100,99,98,1
Kondo et al. (2022),24,17,6,1.0,100,99,98,1
Kondo et al. (2022),24,17,7,1.0,100,99,98,1
Kondo et al. (2022),24,17,8,1.0,100,99,98,1
Kondo et al. (2022),24,17,9,1.0,100,99,98,1
Kondo et al. (2022),24,17,10,1.0,100,99,98,1
Kondo et al. (2022),24,18,1,1.0,100,98,98,0
Kondo et al. (2022),24,18,2,1.0,100,99,98,1
Kondo et al. (2022),24,18,3,1.0,100,99,98,1
Kondo et al. (2022),24,18,4,1.0,100,99,98,1
Kondo et al. (2022),24,18,5,1.0,100,99,98,1
Kondo et al. (2022),24,18,6,1.0,100,99,98,1
Kondo et al. (2022),24,18,7,1.0,100,99,98,1
Kondo et al. (2022),24,18,8,1.0,100,99,98,1
Kondo et al. (2022),24,18,9,1.0,100,99,98,1
Kondo et al. (2022),24,18,10,1.0,100,99,98,1
Kondo et al. (2022),24,19,1,1.0,100,98,98,0
Kondo et al. (2022),24,19,2,1.0,100,99,98,1
Kondo et al. (2022),24,19,3,1.0,100,99,98,1
Kondo et al. (2022),24,19,4,1.0,100,99,98,1
Kondo et al. (2022),24,19,5,1.0,100,99,98,1
Kondo et al. (2022),24,19,6,1.0,100,99,98,1
Kondo et al. (2022),24,19,7,1.0,100,99,98,1
Kondo et al. (2022),24,19,8,1.0,100,99,98,1
Kondo et al. (2022),24,19,9,1.0,100,99,98,1
Kondo et al. (2022),24,19,10,1.0,100,99,98,1
Kondo et al. (2022),24,20,1,1.0,100,98,98,0
Kondo et al. (2022),24,20,2,1.0,100,99,98,1
Kondo et al. (2022),24,20,3,1.0,100,99,98,1
Kondo et al. (2022),24,20,4,1.0,100,99,98,1
Kondo et al. (2022),24,20,5,1.0,100,99,98,1
Kondo et al. (2022),24,20,6,1.0,100,99,98,1
Kondo et al. (2022),24,20,7,1.0,100,99,98,1
Kondo et al. (2022),24,20,8,1.0,100,99,98,1
Kondo et al. (2022),24,20,9,1.0,100,99,98,1
Kondo et al. (2022),24,20,10,1.0,100,99,99,0
Kondo et al. (2022),25,1,1,1.0,100,98,98,0
Kondo et al. (2022),25,1,2,1.0,100,99,98,1
Kondo et al. (2022),25,1,3,1.0,100,99,98,1
Kondo et al. (2022),25,1,4,1.0,100,99,98,1
Kondo et al. (2022),25,1,5,1.0,100,99,98,1
Kondo et al. (2022),25,1,6,1.0,100,99,98,1
Kondo et al. (2022),25,1,7,1.0,100,99,98,1
Kondo et al. (2022),25,1,8,1.0,100,99,98,1
Kondo et al. (2022),25,1,9,1.0,100,99,98,1
Kondo et al. (2022),25,1,10,1.0,100,99,98,1
Kondo et al. (2022),25,2,1,1.0,100,98,98,0
Kondo et al. (2022),25,2,2,1.0,100,99,98,1
Kondo et al. (2022),25,2,3,1.0,100,99,98,1
Kondo et al. (2022),25,2,4,1.0,100,99,98,1
Kondo et al. (2022),25,2,5,1.0,100,99,98,1
Kondo et al. (2022),25,2,6,1.0,100,99,98,1
Kondo et al. (2022),25,2,7,1.0,100,99,98,1
Kondo et al. (2022),25,2,8,1.0,100,99,98,1
Kondo et al. (2022),25,2,9,1.0,100,99,98,1
Kondo et al. (2022),25,2,10,1.0,100,99,98,1
Kondo et al. (2022),25,3,1,1.0,100,98,98,0
Kondo et al. (2022),25,3,2,1.0,100,99,98,1
Kondo et al. (2022),25,3,3,1.0,100,99,98,1
Kondo et al. (2022),25,3,4,1.0,100,99,98,1
Kondo et al. (2022),25,3,5,1.0,100,99,98,1
Kondo et al. (2022),25,3,6,1.0,100,99,98,1
Kondo et al. (2022),25,3,7,1.0,100,99,98,1
Kondo et al. (2022),25,3,8,1.0,100,99,98,1
Kondo et al. (2022),25,3,9,1.0,100,99,98,1
Kondo et al. (2022),25,3,10,1.0,100,99,98,1
Kondo et al. (2022),25,4,1,1.0,100,98,98,0
Kondo et al. (2022),25,4,2,1.0,100,99,98,1
Kondo et al. (2022),25,4,3,1.0,100,99,98,1
Kondo et al. (2022),25,4,4,1.0,100,99,98,1
Kondo et al. (2022),25,4,5,1.0,100,99,98,1
Kondo et al. (2022),25,4,6,1.0,100,99,98,1
Kondo et al. (2022),25,4,7,1.0,100,99,98,1
Kondo et al. (2022),25,4,8,1.0,100,99,98,1
Kondo et al. (2022),25,4,9,1.0,100,99,98,1
Kondo et al. (2022),25,4,10,1.0,100,99,98,1
Kondo et al. (2022),25,5,1,1.0,100,98,98,0
Kondo et al. (2022),25,5,2,1.0,100,99,98,1
Kondo et al. (2022),25,5,3,1.0,100,99,98,1
Kondo et al. (2022),25,5,4,1.0,100,99,98,1
Kondo et al. (2022),25,5,5,1.0,100,99,98,1
Kondo et al. (2022),25,5,6,1.0,100,99,98,1
Kondo et al. (2022),25,5,7,1.0,100,99,98,1
Kondo et al. (2022),25,5,8,1.0,100,99,98,1
Kondo et al. (2022),25,5,9,1.0,100,99,98,1
Kondo et al. (2022),25,5,10,1.0,100,99,99,0
Kondo et al. (2022),25,6,1,1.0,100,98,98,0
Kondo et al. (2022),25,6,2,1.0,100,99,98,1
Kondo et al. (2022),25,6,3,1.0,100,99,98,1
Kondo et al. (2022),25,6,4,1.0,100,99,98,1
Kondo et al. (2022),25,6,5,1.0,100,99,98,1
Kondo et al. (2022),25,6,6,1.0,100,99,98,1
Kondo et al. (2022),25,6,7,1.0,100,99,98,1
Kondo et al. (2022),25,6,8,1.0,100,99,98,1
Kondo et al. (2022),25,6,9,1.0,100,99,98,1
Kondo et al. (2022),25,6,10,1.0,100,99,98,1
Kondo et al. (2022),25,7,1,1.0,100,98,98,0
Kondo et al. (2022),25,7,2,1.0,100,99,98,1
Kondo et al. (2022),25,7,3,1.0,100,99,98,1
Kondo et al. (2022),25,7,4,1.0,100,99,98,1
Kondo et al. (2022),25,7,5,1.0,100,99,98,1
Kondo et al. (2022),25,7,6,1.0,100,99,98,1
Kondo et al. (2022),25,7,7,1.0,100,99,98,1
Kondo et al. (2022),25,7,8,1.0,100,99,98,1
Kondo et al. (2022),25,7,9,1.0,100,99,98,1
Kondo et al. (2022),25,7,10,1.0,100,99,98,1
Kondo et al. (2022),25,8,1,1.0,100,98,98,0
Kondo et al. (2022),25,8,2,1.0,100,99,98,1
Kondo et al. (2022),25,8,3,1.0,100,99,98,1
Kondo et al. (2022),25,8,4,1.0,100,99,98,1
Kondo et al. (2022),25,8,5,1.0,100,99,98,1
Kondo et al. (2022),25,8,6,1.0,100,99,98,1
Kondo et al. (2022),25,8,7,1.0,100,99,98,1
Kondo et al. (2022),25,8,8,1.0,100,99,98,1
Kondo et al. (2022),25,8,9,1.0,100,99,98,1
Kondo et al. (2022),25,8,10,1.0,100,99,98,1
Kondo et al. (2022),25,9,1,1.0,100,98,98,0
Kondo et al. (2022),25,9,2,1.0,100,99,98,1
Kondo et al. (2022),25,9,3,1.0,100,99,98,1
Kondo et al. (2022),25,9,4,1.0,100,99,98,1
Kondo et al. (2022),25,9,5,1.0,100,99,98,1
Kondo et al. (2022),25,9,6,1.0,100,99,98,1
Kondo et al. (2022),25,9,7,1.0,100,99,98,1
Kondo et al. (2022),25,9,8,1.0,100,99,98,1
Kondo et al. (2022),25,9,9,1.0,100,99,98,1
Kondo et al. (2022),25,9,10,1.0,100,99,98,1
Kondo et al. (2022),25,10,1,1.0,100,98,98,0
Kondo et al. (2022),25,10,2,1.0,100,99,98,1
Kondo et al. (2022),25,10,3,1.0,100,99,98,1
Kondo et al. (2022),25,10,4,1.0,100,99,98,1
Kondo et al. (2022),25,10,5,1.0,100,99,98,1
Kondo et al. (2022),25,10,6,1.0,100,99,98,1
Kondo et al. (2022),25,10,7,1.0,100,99,98,1
Kondo et al. (2022),25,10,8,1.0,100,99,98,1
Kondo et al. (2022),25,10,9,1.0,100,99,98,1
Kondo et al. (2022),25,10,10,1.0,100,99,98,1
Kondo et al. (2022),25,11,1,1.0,100,98,98,0
Kondo et al. (2022),25,11,2,1.0,100,99,98,1
Kondo et al. (2022),25,11,3,1.0,100,99,98,1
Kondo et al. (2022),25,11,4,1.0,100,99,98,1
Kondo et al. (2022),25,11,5,1.0,100,99,98,1
Kondo et al. (2022),25,11,6,1.0,100,99,98,1
Kondo et al. (2022),25,11,7,1.0,100,99,98,1
Kondo et al. (2022),25,11,8,1.0,100,99,98,1
Kondo et al. (2022),25,11,9,1.0,100,99,98,1
Kondo et al. (2022),25,11,10,1.0,100,99,98,1
Kondo et al. (2022),25,12,1,1.0,100,98,98,0
Kondo et al. (2022),25,12,2,1.0,100,99,98,1
Kondo et al. (2022),25,12,3,1.0,100,99,98,1
Kondo et al. (2022),25,12,4,1.0,100,99,98,1
Kondo et al. (2022),25,12,5,1.0,100,99,98,1
Kondo et al. (2022),25,12,6,1.0,100,99,98,1
Kondo et al. (2022),25,12,7,1.0,100,99,98,1
Kondo et al. (2022),25,12,8,1.0,100,99,98,1
Kondo et al. (2022),25,12,9,1.0,100,99,98,1
Kondo et al. (2022),25,12,10,1.0,100,99,98,1
Kondo et al. (2022),25,13,1,1.0,100,98,98,0
Kondo et al. (2022),25,13,2,1.0,100,99,98,1
Kondo et al. (2022),25,13,3,1.0,100,99,98,1
Kondo et al. (2022),25,13,4,1.0,100,99,98,1
Kondo et al. (2022),25,13,5,1.0,100,99,98,1
Kondo et al. (2022),25,13,6,1.0,100,99,98,1
Kondo et al. (2022),25,13,7,1.0,100,99,98,1
Kondo et al. (2022),25,13,8,1.0,100,99,98,1
Kondo et al. (2022),25,13,9,1.0,100,99,98,1
Kondo et al. (2022),25,13,10,1.0,100,99,98,1
Kondo et al. (2022),25,14,1,1.0,100,98,98,0
Kondo et al. (2022),25,14,2,1.0,100,99,98,1
Kondo et al. (2022),25,14,3,1.0,100,99,98,1
Kondo et al. (2022),25,14,4,1.0,100,99,98,1
Kondo et al. (2022),25,14,5,1.0,100,99,98,1
Kondo et al. (2022),25,14,6,1.0,100,99,98,1
Kondo et al. (2022),25,14,7,1.0,100,99,98,1
Kondo et al. (2022),25,14,8,1.0,100,99,98,1
Kondo et al. (2022),25,14,9,1.0,100,99,98,1
Kondo et al. (2022),25,14,10,1.0,100,99,98,1
Kondo et al. (2022),25,15,1,1.0,100,98,98,0
Kondo et al. (2022),25,15,2,1.0,100,99,98,1
Kondo et al. (2022),25,15,3,1.0,100,99,98,1
Kondo et al. (2022),25,15,4,1.0,100,99,98,1
Kondo et al. (2022),25,15,5,1.0,100,99,98,1
Kondo et al. (2022),25,15,6,1.0,100,99,98,1
Kondo et al. (2022),25,15,7,1.0,100,99,98,1
Kondo et al. (2022),25,15,8,1.0,100,99,98,1
Kondo et al. (2022),25,15,9,1.0,100,99,98,1
Kondo et al. (2022),25,15,10,1.0,100,99,98,1
Kondo et al. (2022),25,16,1,1.0,100,98,98,0
Kondo et al. (2022),25,16,2,1.0,100,99,98,1
Kondo et al. (2022),25,16,3,1.0,100,99,98,1
Kondo et al. (2022),25,16,4,1.0,100,99,98,1
Kondo et al. (2022),25,16,5,1.0,100,99,98,1
Kondo et al. (2022),25,16,6,1.0,100,99,98,1
Kondo et al. (2022),25,16,7,1.0,100,99,98,1
Kondo et al. (2022),25,16,8,1.0,100,99,98,1
Kondo et al. (2022),25,16,9,1.0,100,99,98,1
Kondo et al. (2022),25,16,10,1.0,100,99,98,1
Lau & Maus (2019),26,1,1,1.0,104,103,103,0
Lau & Maus (2019),26,1,2,1.0,104,103,103,0
Lau & Maus (2019),26,1,3,1.0,104,103,103,0
Lau & Maus (2019),26,1,4,1.0,104,103,103,0
Lau & Maus (2019),26,2,1,1.0,104,103,103,0
Lau & Maus (2019),26,2,2,1.0,104,103,103,0
Lau & Maus (2019),26,2,3,1.0,104,103,103,0
Lau & Maus (2019),26,2,4,1.0,104,103,103,0
Lau & Maus (2019),26,3,1,1.0,102,101,101,0
Lau & Maus (2019),26,3,10,1.0,102,101,101,0
Lau & Maus (2019),26,3,4,1.0,102,101,101,0
Lau & Maus (2019),26,3,5,1.0,102,101,101,0
Lau & Maus (2019),26,3,7,1.0,102,101,101,0
Lau & Maus (2019),26,4,1,1.0,104,103,103,0
Lau & Maus (2019),26,4,2,1.0,104,103,103,0
Lau & Maus (2019),26,4,3,1.0,104,103,103,0
Lau & Maus (2019),26,4,4,1.0,104,103,103,0
Lau & Maus (2019),26,5,10,1.0,102,101,101,0
Lau & Maus (2019),26,5,2,1.0,102,101,101,0
Lau & Maus (2019),26,5,5,1.0,102,101,101,0
Lau & Maus (2019),26,5,6,1.0,102,101,101,0
Lau & Maus (2019),26,5,7,1.0,102,101,101,0
Lau & Maus (2019),26,5,8,1.0,102,101,101,0
Lau & Maus (2019),26,5,9,1.0,102,101,101,0
Lau & Maus (2019),26,6,1,1.0,104,103,103,0
Lau & Maus (2019),26,6,2,1.0,104,103,103,0
Lau & Maus (2019),26,6,3,1.0,104,103,103,0
Lau & Maus (2019),26,6,4,1.0,104,103,103,0
Lau & Maus (2019),26,7,1,1.0,104,103,103,0
Lau & Maus (2019),26,7,2,1.0,104,103,103,0
Lau & Maus (2019),26,7,3,1.0,104,103,103,0
Lau & Maus (2019),26,7,4,1.0,104,103,103,0
Lau & Maus (2019),26,8,1,1.0,104,103,103,0
Lau & Maus (2019),26,8,2,1.0,104,103,103,0
Lau & Maus (2019),26,8,3,1.0,208,206,206,0
Lau & Maus (2019),26,8,4,1.0,208,206,206,0
Lau & Maus (2019),26,9,4,1.0,102,101,101,0
Lau & Maus (2019),26,9,7,1.0,102,101,101,0
Lau & Maus (2019),26,9,8,1.0,102,101,101,0
Lau & Maus (2019),26,9,9,1.0,102,101,101,0
Lau & Maus (2019),26,10,1,1.0,104,103,103,0
Lau & Maus (2019),26,10,2,1.0,104,103,103,0
Lau & Maus (2019),26,10,3,1.0,104,103,103,0
Lau & Maus (2019),26,10,4,1.0,104,103,103,0
Lau & Maus (2019),26,11,1,1.0,208,206,206,0
Lau & Maus (2019),26,11,2,1.0,104,103,103,0
Lau & Maus (2019),26,11,3,1.0,208,206,206,0
Lau & Maus (2019),26,11,4,1.0,104,103,103,0
Lau & Maus (2019),26,11,7,1.0,104,103,103,0
Lau & Maus (2019),26,12,1,1.0,104,103,103,0
Lau & Maus (2019),26,12,2,1.0,104,103,103,0
Lau & Maus (2019),26,12,3,1.0,104,103,103,0
Lau & Maus (2019),26,12,4,1.0,104,103,103,0
Lau & Maus (2019),26,13,1,1.0,102,101,101,0
Lau & Maus (2019),26,13,2,1.0,102,101,101,0
Lau & Maus (2019),26,13,3,1.0,102,101,101,0
Lau & Maus (2019),26,13,4,1.0,102,101,101,0
Lau & Maus (2019),26,13,6,1.0,102,101,101,0
Lau & Maus (2019),26,13,7,1.0,102,101,101,0
Lau & Maus (2019),26,13,8,1.0,102,101,101,0
Lau & Maus (2019),26,14,1,1.0,208,206,206,0
Lau & Maus (2019),26,14,2,1.0,104,103,103,0
Lau & Maus (2019),26,14,3,1.0,104,103,103,0
Lau & Maus (2019),26,14,4,1.0,104,103,103,0
Lau & Maus (2019),26,15,1,1.0,104,103,103,0
Lau & Maus (2019),26,15,2,1.0,104,103,103,0
Lau & Maus (2019),26,15,3,1.0,104,103,103,0
Lau & Maus (2019),26,15,4,1.0,104,103,103,0
Lau & Maus (2019),26,16,10,1.0,102,101,101,0
Lau & Maus (2019),26,16,4,1.0,102,101,101,0
Lau & Maus (2019),26,16,8,1.0,102,101,101,0
Lau & Maus (2019),26,17,1,1.0,104,103,103,0
Lau & Maus (2019),26,17,2,1.0,104,103,103,0
Lau & Maus (2019),26,17,3,1.0,104,103,103,0
Lau & Maus (2019),26,17,4,1.0,104,103,103,0
Lau & Maus (2019),26,17,6,1.0,104,103,103,0
Lau & Maus (2019),26,17,7,1.0,104,103,103,0
Lau & Maus (2019),26,17,8,1.0,104,103,103,0
Lau & Maus (2019),26,18,1,1.0,104,103,103,0
Lau & Maus (2019),26,18,2,1.0,208,206,206,0
Lau & Maus (2019),26,18,3,1.0,208,206,206,0
Lau & Maus (2019),26,18,4,1.0,208,206,206,0
Lau & Maus (2019),26,18,5,1.0,104,103,103,0
Lau & Maus (2019),26,18,8,1.0,104,103,103,0
Lau & Maus (2019),26,19,1,1.0,104,103,103,0
Lau & Maus (2019),26,19,2,1.0,104,103,103,0
Lau & Maus (2019),26,19,3,1.0,104,103,103,0
Lau & Maus (2019),26,19,4,1.0,104,103,103,0
Lau & Maus (2019),26,20,1,1.0,208,206,206,0
Lau & Maus (2019),26,20,2,1.0,208,206,206,0
Lau & Maus (2019),26,20,3,1.0,104,103,103,0
Lau & Maus (2019),26,20,4,1.0,208,206,206,0
Lau & Maus (2019),26,20,5,1.0,104,103,103,0
Lau & Maus (2019),26,20,6,1.0,104,103,103,0
Lau & Maus (2019),26,20,8,1.0,104,103,103,0
Lau & Maus (2019),26,21,1,1.0,102,101,101,0
Lau & Maus (2019),26,21,3,1.0,102,101,101,0
Lau & Maus (2019),26,21,5,1.0,102,101,101,0
Lau & Maus (2019),26,21,6,1.0,102,101,101,0
Lau & Maus (2019),26,21,7,1.0,102,101,101,0
Lau & Maus (2019),26,21,8,1.0,102,101,101,0
Lau & Maus (2019),26,21,9,1.0,102,101,101,0
Lau & Maus (2019),26,22,1,1.0,208,206,206,0
Lau & Maus (2019),26,22,2,1.0,104,103,103,0
Lau & Maus (2019),26,22,3,1.0,208,206,206,0
Lau & Maus (2019),26,22,4,1.0,104,103,103,0
Lau & Maus (2019),26,22,5,1.0,104,103,103,0
Lau & Maus (2019),26,23,10,1.0,102,101,101,0
Lau & Maus (2019),26,23,2,1.0,102,101,101,0
Lau & Maus (2019),26,23,9,1.0,102,101,101,0
Lau & Maus (2019),26,24,1,1.0,102,101,101,0
Lau & Maus (2019),26,24,10,1.0,102,101,101,0
Lau & Maus (2019),26,24,4,1.0,102,101,101,0
Lau & Maus (2019),26,24,9,1.0,102,101,101,0
Lau & Maus (2019),26,25,1,1.0,104,103,103,0
Lau & Maus (2019),26,25,2,1.0,104,103,103,0
Lau & Maus (2019),26,25,3,1.0,104,103,103,0
Lau & Maus (2019),26,25,4,1.0,104,103,103,0
Lau & Maus (2019),26,26,2,1.0,102,101,101,0
Lau & Maus (2019),26,26,5,1.0,102,101,101,0
Lau & Maus (2019),26,26,6,1.0,102,101,101,0
Lau & Maus (2019),26,27,1,1.0,208,206,206,0
Lau & Maus (2019),26,27,2,1.0,208,206,206,0
Lau & Maus (2019),26,27,3,1.0,104,103,103,0
Lau & Maus (2019),26,27,4,1.0,208,206,206,0
Lau & Maus (2019),26,27,7,1.0,104,103,103,0
Lau & Maus (2019),26,28,1,1.0,104,103,103,0
Lau & Maus (2019),26,28,2,1.0,104,103,103,0
Lau & Maus (2019),26,28,3,1.0,104,103,103,0
Lau & Maus (2019),26,28,4,1.0,104,103,103,0
Lau & Maus (2019),26,29,2,1.0,102,101,101,0
Lau & Maus (2019),26,29,7,1.0,102,101,101,0
Lau & Maus (2019),26,29,9,1.0,102,101,101,0
Moon & Kwon (2022),27,1,1,1.0,112,111,108,3
Moon & Kwon (2022),27,1,2,1.0,112,111,109,2
Moon & Kwon (2022),27,1,3,1.0,112,111,108,3
Moon & Kwon (2022),27,1,4,1.0,112,111,107,4
Moon & Kwon (2022),27,1,5,1.0,112,111,109,2
Moon & Kwon (2022),27,1,6,1.0,112,111,108,3
Moon & Kwon (2022),27,1,7,1.0,112,111,109,2
Moon & Kwon (2022),27,1,8,1.0,112,111,108,3
Moon & Kwon (2022),27,1,9,1.0,112,111,106,5
Moon & Kwon (2022),27,1,10,1.0,112,111,101,10
Moon & Kwon (2022),27,1,11,1.0,112,111,99,12
Moon & Kwon (2022),27,1,12,1.0,112,111,110,1
Moon & Kwon (2022),27,1,13,1.0,112,111,108,3
Moon & Kwon (2022),27,1,14,1.0,112,111,108,3
Moon & Kwon (2022),27,1,15,1.0,112,111,108,3
Moon & Kwon (2022),27,2,1,1.0,112,111,99,12
Moon & Kwon (2022),27,2,2,1.0,112,111,110,1
Moon & Kwon (2022),27,2,3,1.0,112,111,108,3
Moon & Kwon (2022),27,2,4,1.0,112,111,108,3
Moon & Kwon (2022),27,2,5,1.0,112,111,108,3
Moon & Kwon (2022),27,2,6,1.0,112,111,99,12
Moon & Kwon (2022),27,2,7,1.0,112,111,110,1
Moon & Kwon (2022),27,2,8,1.0,112,111,108,3
Moon & Kwon (2022),27,2,9,1.0,112,111,108,3
Moon & Kwon (2022),27,2,10,1.0,112,111,108,3
Moon & Kwon (2022),27,2,11,1.0,112,111,106,5
Moon & Kwon (2022),27,2,12,1.0,112,111,109,2
Moon & Kwon (2022),27,2,13,1.0,112,111,108,3
Moon & Kwon (2022),27,2,14,1.0,112,111,109,2
Moon & Kwon (2022),27,2,15,1.0,112,111,109,2
Moon & Kwon (2022),27,3,1,1.0,109,108,106,2
Moon & Kwon (2022),27,3,2,1.0,109,108,107,1
Moon & Kwon (2022),27,3,3,1.0,109,108,105,3
Moon & Kwon (2022),27,3,4,1.0,109,108,107,1
Moon & Kwon (2022),27,3,5,1.0,109,108,106,2
Moon & Kwon (2022),27,3,6,1.0,109,108,106,2
Moon & Kwon (2022),27,3,7,1.0,109,108,107,1
Moon & Kwon (2022),27,3,8,1.0,109,108,106,2
Moon & Kwon (2022),27,3,9,1.0,109,108,106,2
Moon & Kwon (2022),27,3,10,1.0,109,108,105,3
Moon & Kwon (2022),27,3,11,1.0,109,108,107,1
Moon & Kwon (2022),27,3,12,1.0,109,108,100,8
Moon & Kwon (2022),27,3,13,1.0,109,108,105,3
Moon & Kwon (2022),27,3,14,1.0,109,108,97,11
Moon & Kwon (2022),27,3,15,1.0,109,108,106,2
Moon & Kwon (2022),27,4,1,1.0,109,108,107,1
Moon & Kwon (2022),27,4,2,1.0,109,108,108,0
Moon & Kwon (2022),27,4,3,1.0,109,108,108,0
Moon & Kwon (2022),27,4,4,1.0,109,108,105,3
Moon & Kwon (2022),27,4,5,1.0,109,108,106,2
Moon & Kwon (2022),27,4,6,1.0,109,108,106,2
Moon & Kwon (2022),27,4,7,1.0,109,108,107,1
Moon & Kwon (2022),27,4,8,1.0,109,108,107,1
Moon & Kwon (2022),27,4,9,1.0,109,108,106,2
Moon & Kwon (2022),27,4,10,1.0,109,108,107,1
Moon & Kwon (2022),27,4,11,1.0,109,108,107,1
Moon & Kwon (2022),27,4,12,1.0,109,108,100,8
Moon & Kwon (2022),27,4,13,1.0,109,108,105,3
Moon & Kwon (2022),27,4,14,1.0,109,108,97,11
Moon & Kwon (2022),27,4,15,1.0,109,108,106,2
Moon & Kwon (2022),27,5,1,1.0,109,108,106,2
Moon & Kwon (2022),27,5,2,1.0,109,108,107,1
Moon & Kwon (2022),27,5,3,1.0,109,108,106,2
Moon & Kwon (2022),27,5,4,1.0,109,108,105,3
Moon & Kwon (2022),27,5,5,1.0,109,108,107,1
Moon & Kwon (2022),27,5,6,1.0,109,108,106,2
Moon & Kwon (2022),27,5,7,1.0,109,108,106,2
Moon & Kwon (2022),27,5,8,1.0,109,108,107,1
Moon & Kwon (2022),27,5,9,1.0,109,108,106,2
Moon & Kwon (2022),27,5,10,1.0,109,108,105,3
Moon & Kwon (2022),27,5,11,1.0,109,108,107,1
Moon & Kwon (2022),27,5,12,1.0,109,108,108,0
Moon & Kwon (2022),27,5,13,1.0,109,108,107,1
Moon & Kwon (2022),27,5,14,1.0,109,108,106,2
Moon & Kwon (2022),27,5,15,1.0,109,108,106,2
Moon & Kwon (2022),27,6,1,1.0,109,108,107,1
Moon & Kwon (2022),27,6,2,1.0,109,108,106,2
Moon & Kwon (2022),27,6,3,1.0,109,108,107,1
Moon & Kwon (2022),27,6,4,1.0,109,108,107,1
Moon & Kwon (2022),27,6,5,1.0,109,108,107,1
Moon & Kwon (2022),27,6,6,1.0,109,108,106,2
Moon & Kwon (2022),27,6,7,1.0,109,108,107,1
Moon & Kwon (2022),27,6,8,1.0,109,108,106,2
Moon & Kwon (2022),27,6,9,1.0,109,108,107,1
Moon & Kwon (2022),27,6,10,1.0,109,108,105,3
Moon & Kwon (2022),27,6,11,1.0,109,108,106,2
Moon & Kwon (2022),27,6,12,1.0,109,108,106,2
Moon & Kwon (2022),27,6,13,1.0,109,108,106,2
Moon & Kwon (2022),27,6,14,1.0,109,108,106,2
Moon & Kwon (2022),27,6,15,1.0,109,108,105,3
Moon & Kwon (2022),27,7,1,1.0,109,108,107,1
Moon & Kwon (2022),27,7,2,1.0,109,108,99,9
Moon & Kwon (2022),27,7,3,1.0,109,108,106,2
Moon & Kwon (2022),27,7,4,1.0,109,108,108,0
Moon & Kwon (2022),27,7,5,1.0,109,108,106,2
Moon & Kwon (2022),27,7,6,1.0,109,108,105,3
Moon & Kwon (2022),27,7,7,1.0,109,108,107,1
Moon & Kwon (2022),27,7,8,1.0,109,108,99,9
Moon & Kwon (2022),27,7,9,1.0,109,108,107,1
Moon & Kwon (2022),27,7,10,1.0,109,108,107,1
Moon & Kwon (2022),27,7,11,1.0,109,108,106,2
Moon & Kwon (2022),27,7,12,1.0,109,108,106,2
Moon & Kwon (2022),27,7,13,1.0,109,108,107,1
Moon & Kwon (2022),27,7,14,1.0,109,108,105,3
Moon & Kwon (2022),27,7,15,1.0,109,108,107,1
Moon & Kwon (2022),27,8,1,1.0,109,108,106,2
Moon & Kwon (2022),27,8,2,1.0,109,108,107,1
Moon & Kwon (2022),27,8,3,1.0,109,108,106,2
Moon & Kwon (2022),27,8,4,1.0,109,108,107,1
Moon & Kwon (2022),27,8,5,1.0,109,108,105,3
Moon & Kwon (2022),27,8,6,1.0,109,108,106,2
Moon & Kwon (2022),27,8,7,1.0,109,108,107,1
Moon & Kwon (2022),27,8,8,1.0,109,108,106,2
Moon & Kwon (2022),27,8,9,1.0,109,108,107,1
Moon & Kwon (2022),27,8,10,1.0,109,108,105,3
Moon & Kwon (2022),27,8,11,1.0,109,108,106,2
Moon & Kwon (2022),27,8,12,1.0,109,108,107,1
Moon & Kwon (2022),27,8,13,1.0,109,108,106,2
Moon & Kwon (2022),27,8,14,1.0,109,108,107,1
Moon & Kwon (2022),27,8,15,1.0,109,108,105,3
Moon et al. (2023),28,1,1,1.0,109,108,107,1
Moon et al. (2023),28,1,2,1.0,109,108,107,1
Moon et al. (2023),28,1,3,1.0,109,108,107,1
Moon et al. (2023),28,1,4,1.0,109,108,106,2
Moon et al. (2023),28,1,5,1.0,109,108,108,0
Moon et al. (2023),28,1,6,1.0,109,108,106,2
Moon et al. (2023),28,1,7,1.0,109,108,101,7
Moon et al. (2023),28,1,8,1.0,109,108,107,1
Moon et al. (2023),28,1,9,1.0,109,108,108,0
Moon et al. (2023),28,1,10,1.0,109,108,106,2
Moon et al. (2023),28,1,11,1.0,109,108,108,0
Moon et al. (2023),28,1,12,1.0,109,108,106,2
Moon et al. (2023),28,1,13,1.0,109,108,101,7
Moon et al. (2023),28,1,14,1.0,109,108,107,1
Moon et al. (2023),28,1,15,1.0,109,108,108,0
Moon et al. (2023),28,2,1,1.0,109,108,106,2
Moon et al. (2023),28,2,2,1.0,109,108,105,3
Moon et al. (2023),28,2,3,1.0,109,108,107,1
Moon et al. (2023),28,2,4,1.0,109,108,108,0
Moon et al. (2023),28,2,5,1.0,109,108,107,1
Moon et al. (2023),28,2,6,1.0,109,108,106,2
Moon et al. (2023),28,2,7,1.0,109,108,106,2
Moon et al. (2023),28,2,8,1.0,109,108,106,2
Moon et al. (2023),28,2,9,1.0,109,108,106,2
Moon et al. (2023),28,2,10,1.0,109,108,107,1
Moon et al. (2023),28,2,11,1.0,109,108,106,2
Moon et al. (2023),28,2,12,1.0,109,108,106,2
Moon et al. (2023),28,2,13,1.0,109,108,106,2
Moon et al. (2023),28,2,14,1.0,109,108,106,2
Moon et al. (2023),28,2,15,1.0,109,108,107,1
Moon et al. (2023),28,3,1,1.0,109,108,106,2
Moon et al. (2023),28,3,2,1.0,109,108,108,0
Moon et al. (2023),28,3,3,1.0,109,108,106,2
Moon et al. (2023),28,3,4,1.0,109,108,106,2
Moon et al. (2023),28,3,5,1.0,109,108,106,2
Moon et al. (2023),28,3,6,1.0,109,108,107,1
Moon et al. (2023),28,3,7,1.0,109,108,107,1
Moon et al. (2023),28,3,8,1.0,109,108,106,2
Moon et al. (2023),28,3,9,1.0,109,108,99,9
Moon et al. (2023),28,3,10,1.0,109,108,106,2
Moon et al. (2023),28,3,11,1.0,109,108,106,2
Moon et al. (2023),28,3,12,1.0,109,108,96,12
Moon et al. (2023),28,3,13,1.0,109,108,106,2
Moon et al. (2023),28,3,14,1.0,109,108,100,8
Moon et al. (2023),28,3,15,1.0,109,108,107,1
Moon et al. (2023),28,4,1,1.0,109,108,103,5
Moon et al. (2023),28,4,2,1.0,109,108,107,1
Moon et al. (2023),28,4,3,1.0,109,108,106,2
Moon et al. (2023),28,4,4,1.0,109,108,105,3
Moon et al. (2023),28,4,5,1.0,109,108,105,3
Moon et al. (2023),28,4,6,1.0,109,108,106,2
Moon et al. (2023),28,4,7,1.0,109,108,107,1
Moon et al. (2023),28,4,8,1.0,109,108,106,2
Moon et al. (2023),28,4,9,1.0,109,108,108,0
Moon et al. (2023),28,4,10,1.0,109,108,107,1
Moon et al. (2023),28,4,11,1.0,109,108,106,2
Moon et al. (2023),28,4,12,1.0,109,108,106,2
Moon et al. (2023),28,4,13,1.0,109,108,106,2
Moon et al. (2023),28,4,14,1.0,109,108,106,2
Moon et al. (2023),28,4,15,1.0,109,108,107,1
Moon et al. (2023),28,5,1,1.0,109,108,106,2
Moon et al. (2023),28,5,2,1.0,109,108,106,2
Moon et al. (2023),28,5,3,1.0,109,108,107,1
Moon et al. (2023),28,5,4,1.0,109,108,107,1
Moon et al. (2023),28,5,5,1.0,109,108,106,2
Moon et al. (2023),28,5,6,1.0,109,108,106,2
Moon et al. (2023),28,5,7,1.0,109,108,106,2
Moon et al. (2023),28,5,8,1.0,109,108,106,2
Moon et al. (2023),28,5,9,1.0,109,108,106,2
Moon et al. (2023),28,5,10,1.0,109,108,107,1
Moon et al. (2023),28,5,11,1.0,109,108,108,0
Moon et al. (2023),28,5,12,1.0,109,108,106,2
Moon et al. (2023),28,5,13,1.0,109,108,107,1
Moon et al. (2023),28,5,14,1.0,109,108,106,2
Moon et al. (2023),28,5,15,1.0,109,108,108,0
Moon et al. (2023),28,6,1,1.0,109,108,106,2
Moon et al. (2023),28,6,2,1.0,109,108,107,1
Moon et al. (2023),28,6,3,1.0,109,108,106,2
Moon et al. (2023),28,6,4,1.0,109,108,106,2
Moon et al. (2023),28,6,5,1.0,109,108,106,2
Moon et al. (2023),28,6,6,1.0,109,108,106,2
Moon et al. (2023),28,6,7,1.0,109,108,108,0
Moon et al. (2023),28,6,8,1.0,109,108,106,2
Moon et al. (2023),28,6,9,1.0,109,108,101,7
Moon et al. (2023),28,6,10,1.0,109,108,107,1
Moon et al. (2023),28,6,11,1.0,109,108,106,2
Moon et al. (2023),28,6,12,1.0,109,108,108,0
Moon et al. (2023),28,6,13,1.0,109,108,106,2
Moon et al. (2023),28,6,14,1.0,109,108,101,7
Moon et al. (2023),28,6,15,1.0,109,108,107,1
Moon et al. (2023),28,7,1,1.0,109,108,106,2
Moon et al. (2023),28,7,2,1.0,109,108,106,2
Moon et al. (2023),28,7,3,1.0,109,108,106,2
Moon et al. (2023),28,7,4,1.0,109,108,106,2
Moon et al. (2023),28,7,5,1.0,109,108,107,1
Moon et al. (2023),28,7,6,1.0,109,108,108,0
Moon et al. (2023),28,7,7,1.0,109,108,106,2
Moon et al. (2023),28,7,8,1.0,109,108,107,1
Moon et al. (2023),28,7,9,1.0,109,108,106,2
Moon et al. (2023),28,7,10,1.0,109,108,108,0
Moon et al. (2023),28,7,11,1.0,109,108,107,1
Moon et al. (2023),28,7,12,1.0,109,108,107,1
Moon et al. (2023),28,7,13,1.0,109,108,106,2
Moon et al. (2023),28,7,14,1.0,109,108,99,9
Moon et al. (2023),28,7,15,1.0,109,108,106,2
Moon et al. (2023),28,8,1,1.0,109,108,107,1
Moon et al. (2023),28,8,2,1.0,109,108,105,3
Moon et al. (2023),28,8,3,1.0,109,108,107,1
Moon et al. (2023),28,8,4,1.0,109,108,105,3
Moon et al. (2023),28,8,5,1.0,109,108,106,2
Moon et al. (2023),28,8,6,1.0,109,108,106,2
Moon et al. (2023),28,8,7,1.0,109,108,106,2
Moon et al. (2023),28,8,8,1.0,109,108,106,2
Moon et al. (2023),28,8,9,1.0,109,108,107,1
Moon et al. (2023),28,8,10,1.0,109,108,106,2
Moon et al. (2023),28,8,11,1.0,109,108,106,2
Moon et al. (2023),28,8,12,1.0,109,108,106,2
Moon et al. (2023),28,8,13,1.0,109,108,106,2
Moon et al. (2023),28,8,14,1.0,109,108,106,2
Moon et al. (2023),28,8,15,1.0,109,108,107,1
Moon et al. (2023),29,1,1,1.0,112,111,108,3
Moon et al. (2023),29,1,2,1.0,112,111,109,2
Moon et al. (2023),29,1,3,1.0,112,111,108,3
Moon et al. (2023),29,1,4,1.0,112,111,107,4
Moon et al. (2023),29,1,5,1.0,112,111,109,2
Moon et al. (2023),29,1,6,1.0,112,111,108,3
Moon et al. (2023),29,1,7,1.0,112,111,109,2
Moon et al. (2023),29,1,8,1.0,112,111,108,3
Moon et al. (2023),29,1,9,1.0,112,111,106,5
Moon et al. (2023),29,1,10,1.0,112,111,101,10
Moon et al. (2023),29,1,11,1.0,112,111,99,12
Moon et al. (2023),29,1,12,1.0,112,111,110,1
Moon et al. (2023),29,1,13,1.0,112,111,108,3
Moon et al. (2023),29,1,14,1.0,112,111,108,3
Moon et al. (2023),29,1,15,1.0,112,111,108,3
Moon et al. (2023),29,2,1,1.0,112,111,99,12
Moon et al. (2023),29,2,2,1.0,112,111,110,1
Moon et al. (2023),29,2,3,1.0,112,111,108,3
Moon et al. (2023),29,2,4,1.0,112,111,108,3
Moon et al. (2023),29,2,5,1.0,112,111,108,3
Moon et al. (2023),29,2,6,1.0,112,111,99,12
Moon et al. (2023),29,2,7,1.0,112,111,110,1
Moon et al. (2023),29,2,8,1.0,112,111,108,3
Moon et al. (2023),29,2,9,1.0,112,111,108,3
Moon et al. (2023),29,2,10,1.0,112,111,108,3
Moon et al. (2023),29,2,11,1.0,112,111,106,5
Moon et al. (2023),29,2,12,1.0,112,111,109,2
Moon et al. (2023),29,2,13,1.0,112,111,108,3
Moon et al. (2023),29,2,14,1.0,112,111,109,2
Moon et al. (2023),29,2,15,1.0,112,111,109,2
Moon et al. (2023),29,3,1,1.0,109,108,106,2
Moon et al. (2023),29,3,2,1.0,109,108,107,1
Moon et al. (2023),29,3,3,1.0,109,108,105,3
Moon et al. (2023),29,3,4,1.0,109,108,107,1
Moon et al. (2023),29,3,5,1.0,109,108,106,2
Moon et al. (2023),29,3,6,1.0,109,108,106,2
Moon et al. (2023),29,3,7,1.0,109,108,107,1
Moon et al. (2023),29,3,8,1.0,109,108,106,2
Moon et al. (2023),29,3,9,1.0,109,108,106,2
Moon et al. (2023),29,3,10,1.0,109,108,105,3
Moon et al. (2023),29,3,11,1.0,109,108,107,1
Moon et al. (2023),29,3,12,1.0,109,108,100,8
Moon et al. (2023),29,3,13,1.0,109,108,105,3
Moon et al. (2023),29,3,14,1.0,109,108,97,11
Moon et al. (2023),29,3,15,1.0,109,108,106,2
Moon et al. (2023),29,4,1,1.0,109,108,107,1
Moon et al. (2023),29,4,2,1.0,109,108,108,0
Moon et al. (2023),29,4,3,1.0,109,108,108,0
Moon et al. (2023),29,4,4,1.0,109,108,105,3
Moon et al. (2023),29,4,5,1.0,109,108,106,2
Moon et al. (2023),29,4,6,1.0,109,108,106,2
Moon et al. (2023),29,4,7,1.0,109,108,107,1
Moon et al. (2023),29,4,8,1.0,109,108,107,1
Moon et al. (2023),29,4,9,1.0,109,108,106,2
Moon et al. (2023),29,4,10,1.0,109,108,107,1
Moon et al. (2023),29,4,11,1.0,109,108,107,1
Moon et al. (2023),29,4,12,1.0,109,108,100,8
Moon et al. (2023),29,4,13,1.0,109,108,105,3
Moon et al. (2023),29,4,14,1.0,109,108,97,11
Moon et al. (2023),29,4,15,1.0,109,108,106,2
Moon et al. (2023),29,5,1,1.0,109,108,106,2
Moon et al. (2023),29,5,2,1.0,109,108,107,1
Moon et al. (2023),29,5,3,1.0,109,108,106,2
Moon et al. (2023),29,5,4,1.0,109,108,105,3
Moon et al. (2023),29,5,5,1.0,109,108,107,1
Moon et al. (2023),29,5,6,1.0,109,108,106,2
Moon et al. (2023),29,5,7,1.0,109,108,106,2
Moon et al. (2023),29,5,8,1.0,109,108,107,1
Moon et al. (2023),29,5,9,1.0,109,108,106,2
Moon et al. (2023),29,5,10,1.0,109,108,105,3
Moon et al. (2023),29,5,11,1.0,109,108,107,1
Moon et al. (2023),29,5,12,1.0,109,108,108,0
Moon et al. (2023),29,5,13,1.0,109,108,107,1
Moon et al. (2023),29,5,14,1.0,109,108,106,2
Moon et al. (2023),29,5,15,1.0,109,108,106,2
Moon et al. (2023),29,6,1,1.0,109,108,107,1
Moon et al. (2023),29,6,2,1.0,109,108,106,2
Moon et al. (2023),29,6,3,1.0,109,108,107,1
Moon et al. (2023),29,6,4,1.0,109,108,107,1
Moon et al. (2023),29,6,5,1.0,109,108,107,1
Moon et al. (2023),29,6,6,1.0,109,108,106,2
Moon et al. (2023),29,6,7,1.0,109,108,107,1
Moon et al. (2023),29,6,8,1.0,109,108,106,2
Moon et al. (2023),29,6,9,1.0,109,108,107,1
Moon et al. (2023),29,6,10,1.0,109,108,105,3
Moon et al. (2023),29,6,11,1.0,109,108,106,2
Moon et al. (2023),29,6,12,1.0,109,108,106,2
Moon et al. (2023),29,6,13,1.0,109,108,106,2
Moon et al. (2023),29,6,14,1.0,109,108,106,2
Moon et al. (2023),29,6,15,1.0,109,108,105,3
Moon et al. (2023),29,7,1,1.0,109,108,107,1
Moon et al. (2023),29,7,2,1.0,109,108,99,9
Moon et al. (2023),29,7,3,1.0,109,108,106,2
Moon et al. (2023),29,7,4,1.0,109,108,108,0
Moon et al. (2023),29,7,5,1.0,109,108,106,2
Moon et al. (2023),29,7,6,1.0,109,108,105,3
Moon et al. (2023),29,7,7,1.0,109,108,107,1
Moon et al. (2023),29,7,8,1.0,109,108,99,9
Moon et al. (2023),29,7,9,1.0,109,108,107,1
Moon et al. (2023),29,7,10,1.0,109,108,107,1
Moon et al. (2023),29,7,11,1.0,109,108,106,2
Moon et al. (2023),29,7,12,1.0,109,108,106,2
Moon et al. (2023),29,7,13,1.0,109,108,107,1
Moon et al. (2023),29,7,14,1.0,109,108,105,3
Moon et al. (2023),29,7,15,1.0,109,108,107,1
Moon et al. (2023),29,8,1,1.0,109,108,106,2
Moon et al. (2023),29,8,2,1.0,109,108,107,1
Moon et al. (2023),29,8,3,1.0,109,108,106,2
Moon et al. (2023),29,8,4,1.0,109,108,107,1
Moon et al. (2023),29,8,5,1.0,109,108,105,3
Moon et al. (2023),29,8,6,1.0,109,108,106,2
Moon et al. (2023),29,8,7,1.0,109,108,107,1
Moon et al. (2023),29,8,8,1.0,109,108,106,2
Moon et al. (2023),29,8,9,1.0,109,108,107,1
Moon et al. (2023),29,8,10,1.0,109,108,105,3
Moon et al. (2023),29,8,11,1.0,109,108,106,2
Moon et al. (2023),29,8,12,1.0,109,108,107,1
Moon et al. (2023),29,8,13,1.0,109,108,106,2
Moon et al. (2023),29,8,14,1.0,109,108,107,1
Moon et al. (2023),29,8,15,1.0,109,108,105,3
Moon et al. (2023),30,1,1,1.0,109,108,105,3
Moon et al. (2023),30,1,2,1.0,109,108,108,0
Moon et al. (2023),30,1,3,1.0,109,108,107,1
Moon et al. (2023),30,1,4,1.0,109,108,106,2
Moon et al. (2023),30,1,5,1.0,109,108,106,2
Moon et al. (2023),30,1,6,1.0,109,108,101,7
Moon et al. (2023),30,1,7,1.0,109,108,107,1
Moon et al. (2023),30,1,8,1.0,109,108,106,2
Moon et al. (2023),30,1,9,1.0,109,108,106,2
Moon et al. (2023),30,1,10,1.0,109,108,101,7
Moon et al. (2023),30,1,11,1.0,109,108,107,1
Moon et al. (2023),30,1,12,1.0,109,108,106,2
Moon et al. (2023),30,1,13,1.0,109,108,106,2
Moon et al. (2023),30,1,14,1.0,109,108,101,7
Moon et al. (2023),30,1,15,1.0,109,108,107,1
Moon et al. (2023),30,2,1,1.0,109,108,106,2
Moon et al. (2023),30,2,2,1.0,109,108,106,2
Moon et al. (2023),30,2,3,1.0,109,108,105,3
Moon et al. (2023),30,2,4,1.0,109,108,108,0
Moon et al. (2023),30,2,5,1.0,109,108,107,1
Moon et al. (2023),30,2,6,1.0,109,108,106,2
Moon et al. (2023),30,2,7,1.0,109,108,106,2
Moon et al. (2023),30,2,8,1.0,109,108,108,0
Moon et al. (2023),30,2,9,1.0,109,108,107,1
Moon et al. (2023),30,2,10,1.0,109,108,106,2
Moon et al. (2023),30,2,11,1.0,109,108,106,2
Moon et al. (2023),30,2,12,1.0,109,108,108,0
Moon et al. (2023),30,2,13,1.0,109,108,106,2
Moon et al. (2023),30,2,14,1.0,109,108,106,2
Moon et al. (2023),30,2,15,1.0,109,108,106,2
Moon et al. (2023),30,3,1,1.0,109,108,106,2
Moon et al. (2023),30,3,2,1.0,109,108,106,2
Moon et al. (2023),30,3,3,1.0,109,108,108,0
Moon et al. (2023),30,3,4,1.0,109,108,106,2
Moon et al. (2023),30,3,5,1.0,109,108,108,0
Moon et al. (2023),30,3,6,1.0,109,108,106,2
Moon et al. (2023),30,3,7,1.0,109,108,106,2
Moon et al. (2023),30,3,8,1.0,109,108,106,2
Moon et al. (2023),30,3,9,1.0,109,108,108,0
Moon et al. (2023),30,3,10,1.0,109,108,106,2
Moon et al. (2023),30,3,11,1.0,109,108,106,2
Moon et al. (2023),30,3,12,1.0,109,108,107,1
Moon et al. (2023),30,3,13,1.0,109,108,108,0
Moon et al. (2023),30,3,14,1.0,109,108,100,8
Moon et al. (2023),30,3,15,1.0,109,108,107,1
Moon et al. (2023),30,4,1,1.0,109,108,107,1
Moon et al. (2023),30,4,2,1.0,109,108,106,2
Moon et al. (2023),30,4,3,1.0,109,108,108,0
Moon et al. (2023),30,4,4,1.0,109,108,105,3
Moon et al. (2023),30,4,5,1.0,109,108,106,2
Moon et al. (2023),30,4,6,1.0,109,108,106,2
Moon et al. (2023),30,4,7,1.0,109,108,107,1
Moon et al. (2023),30,4,8,1.0,109,108,105,3
Moon et al. (2023),30,4,9,1.0,109,108,106,2
Moon et al. (2023),30,4,10,1.0,109,108,106,2
Moon et al. (2023),30,4,11,1.0,109,108,107,1
Moon et al. (2023),30,4,12,1.0,109,108,101,7
Moon et al. (2023),30,4,13,1.0,109,108,107,1
Moon et al. (2023),30,4,14,1.0,109,108,106,2
Moon et al. (2023),30,4,15,1.0,109,108,106,2
Moon et al. (2023),30,5,1,1.0,109,108,106,2
Moon et al. (2023),30,5,2,1.0,109,108,107,1
Moon et al. (2023),30,5,3,1.0,109,108,106,2
Moon et al. (2023),30,5,4,1.0,109,108,108,0
Moon et al. (2023),30,5,5,1.0,109,108,106,2
Moon et al. (2023),30,5,6,1.0,109,108,106,2
Moon et al. (2023),30,5,7,1.0,109,108,97,11
Moon et al. (2023),30,5,8,1.0,109,108,106,2
Moon et al. (2023),30,5,9,1.0,109,108,106,2
Moon et al. (2023),30,5,10,1.0,109,108,101,7
Moon et al. (2023),30,5,11,1.0,109,108,107,1
Moon et al. (2023),30,5,12,1.0,109,108,108,0
Moon et al. (2023),30,5,13,1.0,109,108,107,1
Moon et al. (2023),30,5,14,1.0,109,108,106,2
Moon et al. (2023),30,5,15,1.0,109,108,106,2
Moon et al. (2023),30,6,1,1.0,109,108,106,2
Moon et al. (2023),30,6,2,1.0,109,108,107,1
Moon et al. (2023),30,6,3,1.0,109,108,106,2
Moon et al. (2023),30,6,4,1.0,109,108,108,0
Moon et al. (2023),30,6,5,1.0,109,108,107,1
Moon et al. (2023),30,6,6,1.0,109,108,106,2
Moon et al. (2023),30,6,7,1.0,109,108,106,2
Moon et al. (2023),30,6,8,1.0,109,108,106,2
Moon et al. (2023),30,6,9,1.0,109,108,106,2
Moon et al. (2023),30,6,10,1.0,109,108,101,7
Moon et al. (2023),30,6,11,1.0,109,108,107,1
Moon et al. (2023),30,6,12,1.0,109,108,108,0
Moon et al. (2023),30,6,13,1.0,109,108,106,2
Moon et al. (2023),30,6,14,1.0,109,108,106,2
Moon et al. (2023),30,6,15,1.0,109,108,101,7
Moon et al. (2023),30,7,1,1.0,109,108,106,2
Moon et al. (2023),30,7,2,1.0,109,108,107,1
Moon et al. (2023),30,7,3,1.0,109,108,107,1
Moon et al. (2023),30,7,4,1.0,109,108,104,4
Moon et al. (2023),30,7,5,1.0,109,108,107,1
Moon et al. (2023),30,7,6,1.0,109,108,106,2
Moon et al. (2023),30,7,7,1.0,109,108,106,2
Moon et al. (2023),30,7,8,1.0,109,108,106,2
Moon et al. (2023),30,7,9,1.0,109,108,108,0
Moon et al. (2023),30,7,10,1.0,109,108,106,2
Moon et al. (2023),30,7,11,1.0,109,108,106,2
Moon et al. (2023),30,7,12,1.0,109,108,106,2
Moon et al. (2023),30,7,13,1.0,109,108,106,2
Moon et al. (2023),30,7,14,1.0,109,108,101,7
Moon et al. (2023),30,7,15,1.0,109,108,107,1
Moon et al. (2023),30,8,1,1.0,109,108,106,2
Moon et al. (2023),30,8,2,1.0,109,108,106,2
Moon et al. (2023),30,8,3,1.0,109,108,105,3
Moon et al. (2023),30,8,4,1.0,109,108,105,3
Moon et al. (2023),30,8,5,1.0,109,108,106,2
Moon et al. (2023),30,8,6,1.0,109,108,106,2
Moon et al. (2023),30,8,7,1.0,109,108,107,1
Moon et al. (2023),30,8,8,1.0,109,108,108,0
Moon et al. (2023),30,8,9,1.0,109,108,107,1
Moon et al. (2023),30,8,10,1.0,109,108,106,2
Moon et al. (2023),30,8,11,1.0,109,108,106,2
Moon et al. (2023),30,8,12,1.0,109,108,106,2
Moon et al. (2023),30,8,13,1.0,109,108,106,2
Moon et al. (2023),30,8,14,1.0,109,108,101,7
Moon et al. (2023),30,8,15,1.0,109,108,107,1
Ozkirli & Pascucci (2023),31,1,1,0.0,27,26,16,10
Ozkirli & Pascucci (2023),31,1,2,0.0,20,19,9,10
Ozkirli & Pascucci (2023),31,1,3,0.0,21,20,10,10
Ozkirli & Pascucci (2023),31,1,4,0.0,19,18,7,11
Ozkirli & Pascucci (2023),31,1,5,0.0,18,17,4,13
Ozkirli & Pascucci (2023),31,1,6,0.0,22,21,16,5
Ozkirli & Pascucci (2023),31,1,7,0.0,19,18,10,8
Ozkirli & Pascucci (2023),31,1,8,0.0,18,17,9,8
Ozkirli & Pascucci (2023),31,1,9,0.0,16,15,5,10
Ozkirli & Pascucci (2023),31,1,10,0.0,19,18,9,9
Ozkirli & Pascucci (2023),31,2,1,0.0,24,23,15,8
Ozkirli & Pascucci (2023),31,2,2,0.0,23,22,12,10
Ozkirli & Pascucci (2023),31,2,3,0.0,16,15,8,7
Ozkirli & Pascucci (2023),31,2,4,0.0,21,20,10,10
Ozkirli & Pascucci (2023),31,2,5,0.0,21,20,11,9
Ozkirli & Pascucci (2023),31,2,6,0.0,21,20,10,10
Ozkirli & Pascucci (2023),31,2,7,0.0,20,19,9,10
Ozkirli & Pascucci (2023),31,2,8,0.0,17,16,4,12
Ozkirli & Pascucci (2023),31,2,9,0.0,14,13,5,8
Ozkirli & Pascucci (2023),31,2,10,0.0,23,22,14,8
Ozkirli & Pascucci (2023),31,3,1,0.0,18,17,7,10
Ozkirli & Pascucci (2023),31,3,2,0.0,20,19,11,8
Ozkirli & Pascucci (2023),31,3,3,0.0,27,26,16,10
Ozkirli & Pascucci (2023),31,3,4,0.0,13,12,5,7
Ozkirli & Pascucci (2023),31,3,5,0.0,22,21,9,12
Ozkirli & Pascucci (2023),31,3,6,0.0,21,20,10,10
Ozkirli & Pascucci (2023),31,3,7,0.0,23,22,15,7
Ozkirli & Pascucci (2023),31,3,8,0.0,16,15,5,10
Ozkirli & Pascucci (2023),31,3,9,0.0,20,19,12,7
Ozkirli & Pascucci (2023),31,3,10,0.0,20,19,7,12
Ozkirli & Pascucci (2023),31,4,1,0.0,25,24,15,9
Ozkirli & Pascucci (2023),31,4,2,0.0,20,19,13,6
Ozkirli & Pascucci (2023),31,4,3,0.0,13,12,3,9
Ozkirli & Pascucci (2023),31,4,4,0.0,23,22,13,9
Ozkirli & Pascucci (2023),31,4,5,0.0,26,25,16,9
Ozkirli & Pascucci (2023),31,4,6,0.0,20,19,9,10
Ozkirli & Pascucci (2023),31,4,7,0.0,18,17,8,9
Ozkirli & Pascucci (2023),31,4,8,0.0,21,20,9,11
Ozkirli & Pascucci (2023),31,4,9,0.0,18,17,9,8
Ozkirli & Pascucci (2023),31,4,10,0.0,10,9,4,5
Ozkirli & Pascucci (2023),31,5,1,0.0,20,19,8,11
Ozkirli & Pascucci (2023),31,5,2,0.0,21,20,10,10
Ozkirli & Pascucci (2023),31,5,3,0.0,20,19,10,9
Ozkirli & Pascucci (2023),31,5,4,0.0,15,14,6,8
Ozkirli & Pascucci (2023),31,5,5,0.0,20,19,9,10
Ozkirli & Pascucci (2023),31,5,6,0.0,24,23,13,10
Ozkirli & Pascucci (2023),31,5,7,0.0,19,18,10,8
Ozkirli & Pascucci (2023),31,5,8,0.0,23,22,11,11
Ozkirli & Pascucci (2023),31,5,9,0.0,20,19,8,11
Ozkirli & Pascucci (2023),31,5,10,0.0,19,18,9,9
Ozkirli & Pascucci (2023),31,6,1,0.0,20,19,11,8
Ozkirli & Pascucci (2023),31,6,2,0.0,23,22,11,11
Ozkirli & Pascucci (2023),31,6,3,0.0,19,18,7,11
Ozkirli & Pascucci (2023),31,6,4,0.0,18,17,10,7
Ozkirli & Pascucci (2023),31,6,5,0.0,20,19,11,8
Ozkirli & Pascucci (2023),31,6,6,0.0,13,12,6,6
Ozkirli & Pascucci (2023),31,6,7,0.0,18,17,6,11
Ozkirli & Pascucci (2023),31,6,8,0.0,20,19,11,8
Ozkirli & Pascucci (2023),31,6,9,0.0,27,26,17,9
Ozkirli & Pascucci (2023),31,6,10,0.0,19,18,6,12
Ozkirli & Pascucci (2023),31,7,1,0.0,24,23,16,7
Ozkirli & Pascucci (2023),31,7,2,0.0,17,16,7,9
Ozkirli & Pascucci (2023),31,7,3,0.0,18,17,7,10
Ozkirli & Pascucci (2023),31,7,4,0.0,18,17,5,12
Ozkirli & Pascucci (2023),31,7,5,0.0,23,22,12,10
Ozkirli & Pascucci (2023),31,7,6,0.0,16,15,6,9
Ozkirli & Pascucci (2023),31,7,7,0.0,19,18,9,9
Ozkirli & Pascucci (2023),31,7,8,0.0,24,23,17,6
Ozkirli & Pascucci (2023),31,7,9,0.0,21,20,9,11
Ozkirli & Pascucci (2023),31,7,10,0.0,20,19,12,7
Ozkirli & Pascucci (2023),31,8,1,0.0,22,21,13,8
Ozkirli & Pascucci (2023),31,8,2,0.0,19,18,9,9
Ozkirli & Pascucci (2023),31,8,3,0.0,22,21,11,10
Ozkirli & Pascucci (2023),31,8,4,0.0,20,19,9,10
Ozkirli & Pascucci (2023),31,8,5,0.0,25,24,14,10
Ozkirli & Pascucci (2023),31,8,6,0.0,15,14,4,10
Ozkirli & Pascucci (2023),31,8,7,0.0,16,15,4,11
Ozkirli & Pascucci (2023),31,8,8,0.0,20,19,12,7
Ozkirli & Pascucci (2023),31,8,9,0.0,18,17,6,11
Ozkirli & Pascucci (2023),31,8,10,0.0,23,22,16,6
Ozkirli & Pascucci (2023),31,9,1,0.0,24,23,13,10
Ozkirli & Pascucci (2023),31,9,2,0.0,22,21,12,9
Ozkirli & Pascucci (2023),31,9,3,0.0,21,20,10,10
Ozkirli & Pascucci (2023),31,9,4,0.0,16,15,6,9
Ozkirli & Pascucci (2023),31,9,5,0.0,21,20,12,8
Ozkirli & Pascucci (2023),31,9,6,0.0,21,20,11,9
Ozkirli & Pascucci (2023),31,9,7,0.0,20,19,7,12
Ozkirli & Pascucci (2023),31,9,8,0.0,19,18,9,9
Ozkirli & Pascucci (2023),31,9,9,0.0,20,19,10,9
Ozkirli & Pascucci (2023),31,9,10,0.0,16,15,9,6
Ozkirli & Pascucci (2023),31,10,1,0.0,19,18,9,9
Ozkirli & Pascucci (2023),31,10,2,0.0,20,19,7,12
Ozkirli & Pascucci (2023),31,10,3,0.0,19,18,8,10
Ozkirli & Pascucci (2023),31,10,4,0.0,20,19,10,9
Ozkirli & Pascucci (2023),31,10,5,0.0,19,18,9,9
Ozkirli & Pascucci (2023),31,10,6,0.0,20,19,12,7
Ozkirli & Pascucci (2023),31,10,7,0.0,21,20,9,11
Ozkirli & Pascucci (2023),31,10,8,0.0,19,18,7,11
Ozkirli & Pascucci (2023),31,10,9,0.0,22,21,12,9
Ozkirli & Pascucci (2023),31,10,10,0.0,21,20,11,9
Ozkirli & Pascucci (2023),31,11,1,0.0,24,23,12,11
Ozkirli & Pascucci (2023),31,11,2,0.0,17,16,6,10
Ozkirli & Pascucci (2023),31,11,3,0.0,24,23,16,7
Ozkirli & Pascucci (2023),31,11,4,0.0,15,14,3,11
Ozkirli & Pascucci (2023),31,11,5,0.0,21,20,12,8
Ozkirli & Pascucci (2023),31,11,6,0.0,23,22,14,8
Ozkirli & Pascucci (2023),31,11,7,0.0,21,20,11,9
Ozkirli & Pascucci (2023),31,11,8,0.0,19,18,7,11
Ozkirli & Pascucci (2023),31,11,9,0.0,15,14,2,12
Ozkirli & Pascucci (2023),31,11,10,0.0,21,20,15,5
Ozkirli & Pascucci (2023),31,12,1,0.0,15,14,8,6
Ozkirli & Pascucci (2023),31,12,2,0.0,17,16,8,8
Ozkirli & Pascucci (2023),31,12,3,0.0,21,20,11,9
Ozkirli & Pascucci (2023),31,12,4,0.0,18,17,6,11
Ozkirli & Pascucci (2023),31,12,5,0.0,22,21,14,7
Ozkirli & Pascucci (2023),31,12,6,0.0,27,26,18,8
Ozkirli & Pascucci (2023),31,12,7,0.0,23,22,14,8
Ozkirli & Pascucci (2023),31,12,8,0.0,17,16,8,8
Ozkirli & Pascucci (2023),31,12,9,0.0,18,17,7,10
Ozkirli & Pascucci (2023),31,12,10,0.0,22,21,10,11
Ozkirli & Pascucci (2023),31,13,1,0.0,18,17,7,10
Ozkirli & Pascucci (2023),31,13,2,0.0,23,22,10,12
Ozkirli & Pascucci (2023),31,13,3,0.0,19,18,10,8
Ozkirli & Pascucci (2023),31,13,4,0.0,18,17,6,11
Ozkirli & Pascucci (2023),31,13,5,0.0,17,16,6,10
Ozkirli & Pascucci (2023),31,13,6,0.0,24,23,13,10
Ozkirli & Pascucci (2023),31,13,7,0.0,16,15,5,10
Ozkirli & Pascucci (2023),31,13,8,0.0,23,22,12,10
Ozkirli & Pascucci (2023),31,13,9,0.0,23,22,16,6
Ozkirli & Pascucci (2023),31,13,10,0.0,19,18,10,8
Ozkirli & Pascucci (2023),31,14,1,0.0,25,24,15,9
Ozkirli & Pascucci (2023),31,14,2,0.0,20,19,10,9
Ozkirli & Pascucci (2023),31,14,3,0.0,16,15,5,10
Ozkirli & Pascucci (2023),31,14,4,0.0,18,17,9,8
Ozkirli & Pascucci (2023),31,14,5,0.0,21,20,8,12
Ozkirli & Pascucci (2023),31,14,6,0.0,23,22,11,11
Ozkirli & Pascucci (2023),31,14,7,0.0,16,15,6,9
Ozkirli & Pascucci (2023),31,14,8,0.0,20,19,10,9
Ozkirli & Pascucci (2023),31,14,9,0.0,20,19,10,9
Ozkirli & Pascucci (2023),31,14,10,0.0,21,20,11,9
Ozkirli & Pascucci (2023),31,15,1,0.0,18,17,5,12
Ozkirli & Pascucci (2023),31,15,2,0.0,23,22,14,8
Ozkirli & Pascucci (2023),31,15,3,0.0,19,18,7,11
Ozkirli & Pascucci (2023),31,15,4,0.0,23,22,11,11
Ozkirli & Pascucci (2023),31,15,5,0.0,17,16,8,8
Ozkirli & Pascucci (2023),31,15,6,0.0,20,19,9,10
Ozkirli & Pascucci (2023),31,15,7,0.0,13,12,5,7
Ozkirli & Pascucci (2023),31,15,8,0.0,20,19,11,8
Ozkirli & Pascucci (2023),31,15,9,0.0,25,24,15,9
Ozkirli & Pascucci (2023),31,15,10,0.0,22,21,11,10
Ozkirli & Pascucci (2023),31,16,1,0.0,16,15,6,9
Ozkirli & Pascucci (2023),31,16,2,0.0,14,13,5,8
Ozkirli & Pascucci (2023),31,16,3,0.0,20,19,10,9
Ozkirli & Pascucci (2023),31,16,4,0.0,18,17,8,9
Ozkirli & Pascucci (2023),31,16,5,0.0,24,23,18,5
Ozkirli & Pascucci (2023),31,16,6,0.0,23,22,11,11
Ozkirli & Pascucci (2023),31,16,7,0.0,20,19,8,11
Ozkirli & Pascucci (2023),31,16,8,0.0,22,21,9,12
Ozkirli & Pascucci (2023),31,16,9,0.0,24,23,14,9
Ozkirli & Pascucci (2023),31,16,10,0.0,19,18,10,8
Ozkirli & Pascucci (2023),32,1,1,1.0,13,12,2,10
Ozkirli & Pascucci (2023),32,1,2,1.0,20,19,8,11
Ozkirli & Pascucci (2023),32,1,3,1.0,19,18,9,9
Ozkirli & Pascucci (2023),32,1,4,1.0,21,20,10,10
Ozkirli & Pascucci (2023),32,1,5,1.0,22,21,7,14
Ozkirli & Pascucci (2023),32,1,6,1.0,18,17,11,6
Ozkirli & Pascucci (2023),32,1,7,1.0,21,20,11,9
Ozkirli & Pascucci (2023),32,1,8,1.0,22,21,12,9
Ozkirli & Pascucci (2023),32,1,9,1.0,24,23,13,10
Ozkirli & Pascucci (2023),32,1,10,1.0,20,19,9,10
Ozkirli & Pascucci (2023),32,2,1,1.0,16,15,7,8
Ozkirli & Pascucci (2023),32,2,2,1.0,17,16,7,9
Ozkirli & Pascucci (2023),32,2,3,1.0,24,23,15,8
Ozkirli & Pascucci (2023),32,2,4,1.0,19,18,8,10
Ozkirli & Pascucci (2023),32,2,5,1.0,19,18,8,10
Ozkirli & Pascucci (2023),32,2,6,1.0,19,18,7,11
Ozkirli & Pascucci (2023),32,2,7,1.0,20,19,9,10
Ozkirli & Pascucci (2023),32,2,8,1.0,23,22,9,13
Ozkirli & Pascucci (2023),32,2,9,1.0,26,25,16,9
Ozkirli & Pascucci (2023),32,2,10,1.0,17,16,7,9
Ozkirli & Pascucci (2023),32,3,1,1.0,22,21,12,9
Ozkirli & Pascucci (2023),32,3,2,1.0,20,19,11,8
Ozkirli & Pascucci (2023),32,3,3,1.0,13,12,4,8
Ozkirli & Pascucci (2023),32,3,4,1.0,27,26,19,7
Ozkirli & Pascucci (2023),32,3,5,1.0,18,17,5,12
Ozkirli & Pascucci (2023),32,3,6,1.0,19,18,8,10
Ozkirli & Pascucci (2023),32,3,7,1.0,17,16,8,8
Ozkirli & Pascucci (2023),32,3,8,1.0,24,23,12,11
Ozkirli & Pascucci (2023),32,3,9,1.0,20,19,12,7
Ozkirli & Pascucci (2023),32,3,10,1.0,20,19,8,11
Ozkirli & Pascucci (2023),32,4,1,1.0,15,14,7,7
Ozkirli & Pascucci (2023),32,4,2,1.0,20,19,13,6
Ozkirli & Pascucci (2023),32,4,3,1.0,27,26,17,9
Ozkirli & Pascucci (2023),32,4,4,1.0,17,16,7,9
Ozkirli & Pascucci (2023),32,4,5,1.0,14,13,5,8
Ozkirli & Pascucci (2023),32,4,6,1.0,20,19,10,9
Ozkirli & Pascucci (2023),32,4,7,1.0,22,21,12,9
Ozkirli & Pascucci (2023),32,4,8,1.0,19,18,6,12
Ozkirli & Pascucci (2023),32,4,9,1.0,22,21,13,8
Ozkirli & Pascucci (2023),32,4,10,1.0,21,20,15,5
Ozkirli & Pascucci (2023),32,5,1,1.0,20,19,8,11
Ozkirli & Pascucci (2023),32,5,2,1.0,19,18,8,10
Ozkirli & Pascucci (2023),32,5,3,1.0,20,19,12,7
Ozkirli & Pascucci (2023),32,5,4,1.0,25,24,16,8
Ozkirli & Pascucci (2023),32,5,5,1.0,20,19,10,9
Ozkirli & Pascucci (2023),32,5,6,1.0,16,15,6,9
Ozkirli & Pascucci (2023),32,5,7,1.0,21,20,12,8
Ozkirli & Pascucci (2023),32,5,8,1.0,17,16,5,11
Ozkirli & Pascucci (2023),32,5,9,1.0,20,19,9,10
Ozkirli & Pascucci (2023),32,5,10,1.0,21,20,11,9
Ozkirli & Pascucci (2023),32,6,1,1.0,20,19,9,10
Ozkirli & Pascucci (2023),32,6,2,1.0,17,16,5,11
Ozkirli & Pascucci (2023),32,6,3,1.0,21,20,10,10
Ozkirli & Pascucci (2023),32,6,4,1.0,22,21,14,7
Ozkirli & Pascucci (2023),32,6,5,1.0,20,19,12,7
Ozkirli & Pascucci (2023),32,6,6,1.0,27,26,19,7
Ozkirli & Pascucci (2023),32,6,7,1.0,22,21,11,10
Ozkirli & Pascucci (2023),32,6,8,1.0,20,19,10,9
Ozkirli & Pascucci (2023),32,6,9,1.0,13,12,4,8
Ozkirli & Pascucci (2023),32,6,10,1.0,21,20,7,13
Ozkirli & Pascucci (2023),32,7,1,1.0,16,15,9,6
Ozkirli & Pascucci (2023),32,7,2,1.0,23,22,12,10
Ozkirli & Pascucci (2023),32,7,3,1.0,22,21,11,10
Ozkirli & Pascucci (2023),32,7,4,1.0,22,21,9,12
Ozkirli & Pascucci (2023),32,7,5,1.0,17,16,7,9
Ozkirli & Pascucci (2023),32,7,6,1.0,24,23,14,9
Ozkirli & Pascucci (2023),32,7,7,1.0,21,20,10,10
Ozkirli & Pascucci (2023),32,7,8,1.0,16,15,9,6
Ozkirli & Pascucci (2023),32,7,9,1.0,19,18,8,10
Ozkirli & Pascucci (2023),32,7,10,1.0,20,19,11,8
Ozkirli & Pascucci (2023),32,8,1,1.0,18,17,10,7
Ozkirli & Pascucci (2023),32,8,2,1.0,21,20,11,9
Ozkirli & Pascucci (2023),32,8,3,1.0,18,17,8,9
Ozkirli & Pascucci (2023),32,8,4,1.0,20,19,10,9
Ozkirli & Pascucci (2023),32,8,5,1.0,15,14,5,9
Ozkirli & Pascucci (2023),32,8,6,1.0,25,24,14,10
Ozkirli & Pascucci (2023),32,8,7,1.0,24,23,13,10
Ozkirli & Pascucci (2023),32,8,8,1.0,20,19,12,7
Ozkirli & Pascucci (2023),32,8,9,1.0,22,21,11,10
Ozkirli & Pascucci (2023),32,8,10,1.0,17,16,10,6
Ozkirli & Pascucci (2023),32,9,1,1.0,16,15,6,9
Ozkirli & Pascucci (2023),32,9,2,1.0,18,17,7,10
Ozkirli & Pascucci (2023),32,9,3,1.0,19,18,8,10
Ozkirli & Pascucci (2023),32,9,4,1.0,24,23,13,10
Ozkirli & Pascucci (2023),32,9,5,1.0,19,18,11,7
Ozkirli & Pascucci (2023),32,9,6,1.0,19,18,9,9
Ozkirli & Pascucci (2023),32,9,7,1.0,20,19,7,12
Ozkirli & Pascucci (2023),32,9,8,1.0,21,20,11,9
Ozkirli & Pascucci (2023),32,9,9,1.0,20,19,10,9
Ozkirli & Pascucci (2023),32,9,10,1.0,24,23,16,7
Ozkirli & Pascucci (2023),32,10,1,1.0,21,20,11,9
Ozkirli & Pascucci (2023),32,10,2,1.0,20,19,6,13
Ozkirli & Pascucci (2023),32,10,3,1.0,21,20,11,9
Ozkirli & Pascucci (2023),32,10,4,1.0,20,19,9,10
Ozkirli & Pascucci (2023),32,10,5,1.0,21,20,11,9
Ozkirli & Pascucci (2023),32,10,6,1.0,20,19,12,7
Ozkirli & Pascucci (2023),32,10,7,1.0,19,18,7,11
Ozkirli & Pascucci (2023),32,10,8,1.0,21,20,10,10
Ozkirli & Pascucci (2023),32,10,9,1.0,18,17,7,10
Ozkirli & Pascucci (2023),32,10,10,1.0,19,18,10,8
Ozkirli & Pascucci (2023),32,11,1,1.0,16,15,3,12
Ozkirli & Pascucci (2023),32,11,2,1.0,23,22,12,10
Ozkirli & Pascucci (2023),32,11,3,1.0,16,15,8,7
Ozkirli & Pascucci (2023),32,11,4,1.0,25,24,14,10
Ozkirli & Pascucci (2023),32,11,5,1.0,19,18,8,10
Ozkirli & Pascucci (2023),32,11,6,1.0,17,16,8,8
Ozkirli & Pascucci (2023),32,11,7,1.0,19,18,9,9
Ozkirli & Pascucci (2023),32,11,8,1.0,21,20,9,11
Ozkirli & Pascucci (2023),32,11,9,1.0,25,24,11,13
Ozkirli & Pascucci (2023),32,11,10,1.0,19,18,13,5
Ozkirli & Pascucci (2023),32,12,1,1.0,25,24,17,7
Ozkirli & Pascucci (2023),32,12,2,1.0,23,22,14,8
Ozkirli & Pascucci (2023),32,12,3,1.0,19,18,8,10
Ozkirli & Pascucci (2023),32,12,4,1.0,22,21,11,10
Ozkirli & Pascucci (2023),32,12,5,1.0,18,17,9,8
Ozkirli & Pascucci (2023),32,12,6,1.0,13,12,5,7
Ozkirli & Pascucci (2023),32,12,7,1.0,17,16,8,8
Ozkirli & Pascucci (2023),32,12,8,1.0,23,22,13,9
Ozkirli & Pascucci (2023),32,12,9,1.0,22,21,12,9
Ozkirli & Pascucci (2023),32,12,10,1.0,18,17,6,11
Ozkirli & Pascucci (2023),32,13,1,1.0,22,21,12,9
Ozkirli & Pascucci (2023),32,13,2,1.0,17,16,4,12
Ozkirli & Pascucci (2023),32,13,3,1.0,21,20,11,9
Ozkirli & Pascucci (2023),32,13,4,1.0,22,21,9,12
Ozkirli & Pascucci (2023),32,13,5,1.0,23,22,14,8
Ozkirli & Pascucci (2023),32,13,6,1.0,16,15,6,9
Ozkirli & Pascucci (2023),32,13,7,1.0,24,23,13,10
Ozkirli & Pascucci (2023),32,13,8,1.0,17,16,6,10
Ozkirli & Pascucci (2023),32,13,9,1.0,17,16,10,6
Ozkirli & Pascucci (2023),32,13,10,1.0,21,20,14,6
Ozkirli & Pascucci (2023),32,14,1,1.0,15,14,5,9
Ozkirli & Pascucci (2023),32,14,2,1.0,20,19,9,10
Ozkirli & Pascucci (2023),32,14,3,1.0,24,23,14,9
Ozkirli & Pascucci (2023),32,14,4,1.0,22,21,13,8
Ozkirli & Pascucci (2023),32,14,5,1.0,19,18,6,12
Ozkirli & Pascucci (2023),32,14,6,1.0,17,16,5,11
Ozkirli & Pascucci (2023),32,14,7,1.0,24,23,13,10
Ozkirli & Pascucci (2023),32,14,8,1.0,20,19,9,10
Ozkirli & Pascucci (2023),32,14,9,1.0,20,19,10,9
Ozkirli & Pascucci (2023),32,14,10,1.0,19,18,9,9
Ozkirli & Pascucci (2023),32,15,1,1.0,22,21,10,11
Ozkirli & Pascucci (2023),32,15,2,1.0,17,16,8,8
Ozkirli & Pascucci (2023),32,15,3,1.0,21,20,9,11
Ozkirli & Pascucci (2023),32,15,4,1.0,17,16,6,10
Ozkirli & Pascucci (2023),32,15,5,1.0,23,22,14,8
Ozkirli & Pascucci (2023),32,15,6,1.0,20,19,8,11
Ozkirli & Pascucci (2023),32,15,7,1.0,27,26,19,7
Ozkirli & Pascucci (2023),32,15,8,1.0,20,19,11,8
Ozkirli & Pascucci (2023),32,15,9,1.0,15,14,5,9
Ozkirli & Pascucci (2023),32,15,10,1.0,18,17,6,11
Ozkirli & Pascucci (2023),32,16,1,1.0,24,23,13,10
Ozkirli & Pascucci (2023),32,16,2,1.0,26,25,17,8
Ozkirli & Pascucci (2023),32,16,3,1.0,20,19,10,9
Ozkirli & Pascucci (2023),32,16,4,1.0,22,21,11,10
Ozkirli & Pascucci (2023),32,16,5,1.0,16,15,10,5
Ozkirli & Pascucci (2023),32,16,6,1.0,17,16,6,10
Ozkirli & Pascucci (2023),32,16,7,1.0,20,19,8,11
Ozkirli & Pascucci (2023),32,16,8,1.0,18,17,5,12
Ozkirli & Pascucci (2023),32,16,9,1.0,16,15,5,10
Ozkirli & Pascucci (2023),32,16,10,1.0,21,20,13,7
Ozkirli & Pascucci (2023),33,1,1,0.0,16,15,6,9
Ozkirli & Pascucci (2023),33,1,2,0.0,14,13,5,8
Ozkirli & Pascucci (2023),33,1,3,0.0,21,20,13,7
Ozkirli & Pascucci (2023),33,1,4,0.0,19,18,9,9
Ozkirli & Pascucci (2023),33,1,5,0.0,24,23,14,9
Ozkirli & Pascucci (2023),33,1,6,0.0,22,21,11,10
Ozkirli & Pascucci (2023),33,1,7,0.0,21,20,12,8
Ozkirli & Pascucci (2023),33,1,8,0.0,21,20,8,12
Ozkirli & Pascucci (2023),33,1,9,0.0,20,19,9,10
Ozkirli & Pascucci (2023),33,1,10,0.0,22,21,7,14
Ozkirli & Pascucci (2023),33,2,1,0.0,20,19,9,10
Ozkirli & Pascucci (2023),33,2,2,0.0,20,19,13,6
Ozkirli & Pascucci (2023),33,2,3,0.0,18,17,10,7
Ozkirli & Pascucci (2023),33,2,4,0.0,25,24,16,8
Ozkirli & Pascucci (2023),33,2,5,0.0,23,22,12,10
Ozkirli & Pascucci (2023),33,2,6,0.0,15,14,5,9
Ozkirli & Pascucci (2023),33,2,7,0.0,20,19,9,10
Ozkirli & Pascucci (2023),33,2,8,0.0,18,17,8,9
Ozkirli & Pascucci (2023),33,2,9,0.0,20,19,11,8
Ozkirli & Pascucci (2023),33,2,10,0.0,21,20,11,9
Ozkirli & Pascucci (2023),33,3,1,0.0,18,17,7,10
Ozkirli & Pascucci (2023),33,3,2,0.0,26,25,18,7
Ozkirli & Pascucci (2023),33,3,3,0.0,16,15,7,8
Ozkirli & Pascucci (2023),33,3,4,0.0,20,19,9,10
Ozkirli & Pascucci (2023),33,3,5,0.0,20,19,8,11
Ozkirli & Pascucci (2023),33,3,6,0.0,21,20,10,10
Ozkirli & Pascucci (2023),33,3,7,0.0,17,16,8,8
Ozkirli & Pascucci (2023),33,3,8,0.0,24,23,14,9
Ozkirli & Pascucci (2023),33,3,9,0.0,14,13,7,6
Ozkirli & Pascucci (2023),33,3,10,0.0,24,23,15,8
Ozkirli & Pascucci (2023),33,4,1,0.0,20,19,10,9
Ozkirli & Pascucci (2023),33,4,2,0.0,22,21,13,8
Ozkirli & Pascucci (2023),33,4,3,0.0,20,19,9,10
Ozkirli & Pascucci (2023),33,4,4,0.0,27,26,19,7
Ozkirli & Pascucci (2023),33,4,5,0.0,14,13,7,6
Ozkirli & Pascucci (2023),33,4,6,0.0,15,14,9,5
Ozkirli & Pascucci (2023),33,4,7,0.0,19,18,7,11
Ozkirli & Pascucci (2023),33,4,8,0.0,18,17,8,9
Ozkirli & Pascucci (2023),33,4,9,0.0,18,17,8,9
Ozkirli & Pascucci (2023),33,4,10,0.0,27,26,18,8
Ozkirli & Pascucci (2023),33,5,1,0.0,23,22,14,8
Ozkirli & Pascucci (2023),33,5,2,0.0,24,23,13,10
Ozkirli & Pascucci (2023),33,5,3,0.0,21,20,8,12
Ozkirli & Pascucci (2023),33,5,4,0.0,22,21,14,7
Ozkirli & Pascucci (2023),33,5,5,0.0,20,19,11,8
Ozkirli & Pascucci (2023),33,5,6,0.0,16,15,6,9
Ozkirli & Pascucci (2023),33,5,7,0.0,20,19,10,9
Ozkirli & Pascucci (2023),33,5,8,0.0,20,19,11,8
Ozkirli & Pascucci (2023),33,5,9,0.0,18,17,8,9
Ozkirli & Pascucci (2023),33,5,10,0.0,16,15,6,9
Ozkirli & Pascucci (2023),33,6,1,0.0,17,16,7,9
Ozkirli & Pascucci (2023),33,6,2,0.0,22,21,10,11
Ozkirli & Pascucci (2023),33,6,3,0.0,20,19,9,10
Ozkirli & Pascucci (2023),33,6,4,0.0,17,16,8,8
Ozkirli & Pascucci (2023),33,6,5,0.0,25,24,14,10
Ozkirli & Pascucci (2023),33,6,6,0.0,16,15,6,9
Ozkirli & Pascucci (2023),33,6,7,0.0,22,21,9,12
Ozkirli & Pascucci (2023),33,6,8,0.0,16,15,5,10
Ozkirli & Pascucci (2023),33,6,9,0.0,24,23,11,12
Ozkirli & Pascucci (2023),33,6,10,0.0,21,20,11,9
Ozkirli & Pascucci (2023),33,7,1,0.0,23,22,14,8
Ozkirli & Pascucci (2023),33,7,2,0.0,20,19,12,7
Ozkirli & Pascucci (2023),33,7,3,0.0,18,17,5,12
Ozkirli & Pascucci (2023),33,7,4,0.0,24,23,15,8
Ozkirli & Pascucci (2023),33,7,5,0.0,15,14,4,10
Ozkirli & Pascucci (2023),33,7,6,0.0,20,19,12,7
Ozkirli & Pascucci (2023),33,7,7,0.0,20,19,9,10
Ozkirli & Pascucci (2023),33,7,8,0.0,16,15,5,10
Ozkirli & Pascucci (2023),33,7,9,0.0,20,19,7,12
Ozkirli & Pascucci (2023),33,7,10,0.0,24,23,17,6
Ozkirli & Pascucci (2023),33,8,1,0.0,22,21,10,11
Ozkirli & Pascucci (2023),33,8,2,0.0,19,18,7,11
Ozkirli & Pascucci (2023),33,8,3,0.0,20,19,11,8
Ozkirli & Pascucci (2023),33,8,4,0.0,26,25,18,7
Ozkirli & Pascucci (2023),33,8,5,0.0,16,15,8,7
Ozkirli & Pascucci (2023),33,8,6,0.0,15,14,5,9
Ozkirli & Pascucci (2023),33,8,7,0.0,26,25,18,7
Ozkirli & Pascucci (2023),33,8,8,0.0,19,18,7,11
Ozkirli & Pascucci (2023),33,8,9,0.0,18,17,7,10
Ozkirli & Pascucci (2023),33,8,10,0.0,19,18,10,8
Ozkirli & Pascucci (2023),33,9,1,0.0,17,16,7,9
Ozkirli & Pascucci (2023),33,9,2,0.0,21,20,9,11
Ozkirli & Pascucci (2023),33,9,3,0.0,25,24,14,10
Ozkirli & Pascucci (2023),33,9,4,0.0,24,23,12,11
Ozkirli & Pascucci (2023),33,9,5,0.0,16,15,7,8
Ozkirli & Pascucci (2023),33,9,6,0.0,17,16,8,8
Ozkirli & Pascucci (2023),33,9,7,0.0,17,16,9,7
Ozkirli & Pascucci (2023),33,9,8,0.0,21,20,11,9
Ozkirli & Pascucci (2023),33,9,9,0.0,21,20,13,7
Ozkirli & Pascucci (2023),33,9,10,0.0,21,20,12,8
Ozkirli & Pascucci (2023),33,10,1,0.0,19,18,10,8
Ozkirli & Pascucci (2023),33,10,2,0.0,19,18,10,8
Ozkirli & Pascucci (2023),33,10,3,0.0,23,22,15,7
Ozkirli & Pascucci (2023),33,10,4,0.0,22,21,12,9
Ozkirli & Pascucci (2023),33,10,5,0.0,26,25,15,10
Ozkirli & Pascucci (2023),33,10,6,0.0,15,14,4,10
Ozkirli & Pascucci (2023),33,10,7,0.0,16,15,6,9
Ozkirli & Pascucci (2023),33,10,8,0.0,21,20,10,10
Ozkirli & Pascucci (2023),33,10,9,0.0,22,21,13,8
Ozkirli & Pascucci (2023),33,10,10,0.0,17,16,5,11
Ozkirli & Pascucci (2023),33,11,1,0.0,22,21,14,7
Ozkirli & Pascucci (2023),33,11,2,0.0,23,22,11,11
Ozkirli & Pascucci (2023),33,11,3,0.0,19,18,9,9
Ozkirli & Pascucci (2023),33,11,4,0.0,16,15,5,10
Ozkirli & Pascucci (2023),33,11,5,0.0,20,19,11,8
Ozkirli & Pascucci (2023),33,11,6,0.0,15,14,3,11
Ozkirli & Pascucci (2023),33,11,7,0.0,21,20,10,10
Ozkirli & Pascucci (2023),33,11,8,0.0,24,23,15,8
Ozkirli & Pascucci (2023),33,11,9,0.0,21,20,12,8
Ozkirli & Pascucci (2023),33,11,10,0.0,19,18,10,8
Ozkirli & Pascucci (2023),33,12,1,0.0,22,21,11,10
Ozkirli & Pascucci (2023),33,12,2,0.0,22,21,10,11
Ozkirli & Pascucci (2023),33,12,3,0.0,21,20,14,6
Ozkirli & Pascucci (2023),33,12,4,0.0,21,20,9,11
Ozkirli & Pascucci (2023),33,12,5,0.0,17,16,6,10
Ozkirli & Pascucci (2023),33,12,6,0.0,18,17,7,10
Ozkirli & Pascucci (2023),33,12,7,0.0,17,16,5,11
Ozkirli & Pascucci (2023),33,12,8,0.0,22,21,11,10
Ozkirli & Pascucci (2023),33,12,9,0.0,10,9,6,3
Ozkirli & Pascucci (2023),33,13,1,0.0,17,16,9,7
Ozkirli & Pascucci (2023),33,13,2,0.0,25,24,15,9
Ozkirli & Pascucci (2023),33,13,3,0.0,23,22,14,8
Ozkirli & Pascucci (2023),33,13,4,0.0,21,20,9,11
Ozkirli & Pascucci (2023),33,13,5,0.0,20,19,11,8
Ozkirli & Pascucci (2023),33,13,6,0.0,20,19,12,7
Ozkirli & Pascucci (2023),33,13,7,0.0,21,20,8,12
Ozkirli & Pascucci (2023),33,13,8,0.0,16,15,6,9
Ozkirli & Pascucci (2023),33,13,9,0.0,19,18,6,12
Ozkirli & Pascucci (2023),33,13,10,0.0,18,17,7,10
Ozkirli & Pascucci (2023),33,14,1,0.0,20,19,9,10
Ozkirli & Pascucci (2023),33,14,2,0.0,17,16,12,4
Ozkirli & Pascucci (2023),33,14,3,0.0,15,14,6,8
Ozkirli & Pascucci (2023),33,14,4,0.0,19,18,10,8
Ozkirli & Pascucci (2023),33,14,5,0.0,21,20,10,10
Ozkirli & Pascucci (2023),33,14,6,0.0,23,22,11,11
Ozkirli & Pascucci (2023),33,14,7,0.0,14,13,4,9
Ozkirli & Pascucci (2023),33,14,8,0.0,28,27,19,8
Ozkirli & Pascucci (2023),33,14,9,0.0,23,22,15,7
Ozkirli & Pascucci (2023),33,14,10,0.0,20,19,9,10
Ozkirli & Pascucci (2023),33,15,1,0.0,23,22,13,9
Ozkirli & Pascucci (2023),33,15,2,0.0,20,19,10,9
Ozkirli & Pascucci (2023),33,15,3,0.0,22,21,11,10
Ozkirli & Pascucci (2023),33,15,4,0.0,18,17,5,12
Ozkirli & Pascucci (2023),33,15,5,0.0,17,16,8,8
Ozkirli & Pascucci (2023),33,15,6,0.0,18,17,6,11
Ozkirli & Pascucci (2023),33,15,7,0.0,18,17,6,11
Ozkirli & Pascucci (2023),33,15,8,0.0,15,14,7,7
Ozkirli & Pascucci (2023),33,15,9,0.0,28,27,19,8
Ozkirli & Pascucci (2023),33,15,10,0.0,21,20,10,10
Ozkirli & Pascucci (2023),33,16,1,0.0,17,16,6,10
Ozkirli & Pascucci (2023),33,16,2,0.0,21,20,10,10
Ozkirli & Pascucci (2023),33,16,3,0.0,25,24,14,10
Ozkirli & Pascucci (2023),33,16,4,0.0,18,17,8,9
Ozkirli & Pascucci (2023),33,16,5,0.0,20,19,13,6
Ozkirli & Pascucci (2023),33,16,6,0.0,22,21,10,11
Ozkirli & Pascucci (2023),33,16,7,0.0,17,16,7,9
Ozkirli & Pascucci (2023),33,16,8,0.0,20,19,12,7
Ozkirli & Pascucci (2023),33,16,9,0.0,23,22,12,10
Ozkirli & Pascucci (2023),33,16,10,0.0,17,16,6,10
Ozkirli & Pascucci (2023),34,1,1,1.0,24,23,13,10
Ozkirli & Pascucci (2023),34,1,2,1.0,26,25,17,8
Ozkirli & Pascucci (2023),34,1,3,1.0,19,18,11,7
Ozkirli & Pascucci (2023),34,1,4,1.0,21,20,11,9
Ozkirli & Pascucci (2023),34,1,5,1.0,16,15,5,10
Ozkirli & Pascucci (2023),34,1,6,1.0,18,17,7,10
Ozkirli & Pascucci (2023),34,1,7,1.0,19,18,9,9
Ozkirli & Pascucci (2023),34,1,8,1.0,19,18,8,10
Ozkirli & Pascucci (2023),34,1,9,1.0,20,19,9,10
Ozkirli & Pascucci (2023),34,1,10,1.0,18,17,3,14
Ozkirli & Pascucci (2023),34,2,1,1.0,20,19,9,10
Ozkirli & Pascucci (2023),34,2,2,1.0,20,19,14,5
Ozkirli & Pascucci (2023),34,2,3,1.0,22,21,14,7
Ozkirli & Pascucci (2023),34,2,4,1.0,15,14,6,8
Ozkirli & Pascucci (2023),34,2,5,1.0,17,16,5,11
Ozkirli & Pascucci (2023),34,2,6,1.0,25,24,14,10
Ozkirli & Pascucci (2023),34,2,7,1.0,20,19,10,9
Ozkirli & Pascucci (2023),34,2,8,1.0,22,21,11,10
Ozkirli & Pascucci (2023),34,2,9,1.0,20,19,13,6
Ozkirli & Pascucci (2023),34,2,10,1.0,19,18,9,9
Ozkirli & Pascucci (2023),34,3,1,1.0,22,21,11,10
Ozkirli & Pascucci (2023),34,3,2,1.0,14,13,7,6
Ozkirli & Pascucci (2023),34,3,3,1.0,24,23,14,9
Ozkirli & Pascucci (2023),34,3,4,1.0,20,19,9,10
Ozkirli & Pascucci (2023),34,3,5,1.0,20,19,7,12
Ozkirli & Pascucci (2023),34,3,6,1.0,19,18,7,11
Ozkirli & Pascucci (2023),34,3,7,1.0,23,22,15,7
Ozkirli & Pascucci (2023),34,3,8,1.0,16,15,6,9
Ozkirli & Pascucci (2023),34,3,9,1.0,26,25,18,7
Ozkirli & Pascucci (2023),34,3,10,1.0,16,15,7,8
Ozkirli & Pascucci (2023),34,4,1,1.0,20,19,9,10
Ozkirli & Pascucci (2023),34,4,2,1.0,18,17,7,10
Ozkirli & Pascucci (2023),34,4,3,1.0,20,19,8,11
Ozkirli & Pascucci (2023),34,4,4,1.0,13,12,6,6
Ozkirli & Pascucci (2023),34,4,5,1.0,26,25,19,6
Ozkirli & Pascucci (2023),34,4,6,1.0,25,24,19,5
Ozkirli & Pascucci (2023),34,4,7,1.0,21,20,10,10
Ozkirli & Pascucci (2023),34,4,8,1.0,22,21,12,9
Ozkirli & Pascucci (2023),34,4,9,1.0,22,21,11,10
Ozkirli & Pascucci (2023),34,4,10,1.0,13,12,5,7
Ozkirli & Pascucci (2023),34,5,1,1.0,17,16,8,8
Ozkirli & Pascucci (2023),34,5,2,1.0,16,15,5,10
Ozkirli & Pascucci (2023),34,5,3,1.0,19,18,7,11
Ozkirli & Pascucci (2023),34,5,4,1.0,18,17,10,7
Ozkirli & Pascucci (2023),34,5,5,1.0,20,19,10,9
Ozkirli & Pascucci (2023),34,5,6,1.0,24,23,15,8
Ozkirli & Pascucci (2023),34,5,7,1.0,20,19,10,9
Ozkirli & Pascucci (2023),34,5,8,1.0,20,19,12,7
Ozkirli & Pascucci (2023),34,5,9,1.0,22,21,11,10
Ozkirli & Pascucci (2023),34,5,10,1.0,24,23,14,9
Ozkirli & Pascucci (2023),34,6,1,1.0,23,22,12,10
Ozkirli & Pascucci (2023),34,6,2,1.0,18,17,7,10
Ozkirli & Pascucci (2023),34,6,3,1.0,20,19,8,11
Ozkirli & Pascucci (2023),34,6,4,1.0,23,22,14,8
Ozkirli & Pascucci (2023),34,6,5,1.0,15,14,5,9
Ozkirli & Pascucci (2023),34,6,6,1.0,24,23,13,10
Ozkirli & Pascucci (2023),34,6,7,1.0,18,17,6,11
Ozkirli & Pascucci (2023),34,6,8,1.0,24,23,14,9
Ozkirli & Pascucci (2023),34,6,9,1.0,16,15,3,12
Ozkirli & Pascucci (2023),34,6,10,1.0,19,18,9,9
Ozkirli & Pascucci (2023),34,7,1,1.0,17,16,9,7
Ozkirli & Pascucci (2023),34,7,2,1.0,20,19,11,8
Ozkirli & Pascucci (2023),34,7,3,1.0,22,21,10,11
Ozkirli & Pascucci (2023),34,7,4,1.0,16,15,7,8
Ozkirli & Pascucci (2023),34,7,5,1.0,25,24,13,11
Ozkirli & Pascucci (2023),34,7,6,1.0,20,19,12,7
Ozkirli & Pascucci (2023),34,7,7,1.0,20,19,9,10
Ozkirli & Pascucci (2023),34,7,8,1.0,24,23,13,10
Ozkirli & Pascucci (2023),34,7,9,1.0,20,19,7,12
Ozkirli & Pascucci (2023),34,7,10,1.0,16,15,9,6
Ozkirli & Pascucci (2023),34,8,1,1.0,18,17,7,10
Ozkirli & Pascucci (2023),34,8,2,1.0,21,20,9,11
Ozkirli & Pascucci (2023),34,8,3,1.0,20,19,10,9
Ozkirli & Pascucci (2023),34,8,4,1.0,14,13,5,8
Ozkirli & Pascucci (2023),34,8,5,1.0,24,23,15,8
Ozkirli & Pascucci (2023),34,8,6,1.0,25,24,15,9
Ozkirli & Pascucci (2023),34,8,7,1.0,14,13,7,6
Ozkirli & Pascucci (2023),34,8,8,1.0,21,20,8,12
Ozkirli & Pascucci (2023),34,8,9,1.0,22,21,12,9
Ozkirli & Pascucci (2023),34,8,10,1.0,21,20,11,9
Ozkirli & Pascucci (2023),34,9,1,1.0,23,22,12,10
Ozkirli & Pascucci (2023),34,9,2,1.0,19,18,7,11
Ozkirli & Pascucci (2023),34,9,3,1.0,15,14,5,9
Ozkirli & Pascucci (2023),34,9,4,1.0,16,15,4,11
Ozkirli & Pascucci (2023),34,9,5,1.0,24,23,16,7
Ozkirli & Pascucci (2023),34,9,6,1.0,23,22,13,9
Ozkirli & Pascucci (2023),34,9,7,1.0,23,22,16,6
Ozkirli & Pascucci (2023),34,9,8,1.0,19,18,8,10
Ozkirli & Pascucci (2023),34,9,9,1.0,19,18,11,7
Ozkirli & Pascucci (2023),34,9,10,1.0,19,18,11,7
Ozkirli & Pascucci (2023),34,10,1,1.0,21,20,12,8
Ozkirli & Pascucci (2023),34,10,2,1.0,21,20,13,7
Ozkirli & Pascucci (2023),34,10,3,1.0,17,16,9,7
Ozkirli & Pascucci (2023),34,10,4,1.0,18,17,9,8
Ozkirli & Pascucci (2023),34,10,5,1.0,14,13,4,9
Ozkirli & Pascucci (2023),34,10,6,1.0,25,24,13,11
Ozkirli & Pascucci (2023),34,10,7,1.0,24,23,13,10
Ozkirli & Pascucci (2023),34,10,8,1.0,19,18,9,9
Ozkirli & Pascucci (2023),34,10,9,1.0,18,17,9,8
Ozkirli & Pascucci (2023),34,10,10,1.0,23,22,11,11
Ozkirli & Pascucci (2023),34,11,1,1.0,18,17,9,8
Ozkirli & Pascucci (2023),34,11,2,1.0,17,16,6,10
Ozkirli & Pascucci (2023),34,11,3,1.0,21,20,12,8
Ozkirli & Pascucci (2023),34,11,4,1.0,24,23,14,9
Ozkirli & Pascucci (2023),34,11,5,1.0,20,19,10,9
Ozkirli & Pascucci (2023),34,11,6,1.0,25,24,13,11
Ozkirli & Pascucci (2023),34,11,7,1.0,19,18,7,11
Ozkirli & Pascucci (2023),34,11,8,1.0,16,15,8,7
Ozkirli & Pascucci (2023),34,11,9,1.0,19,18,11,7
Ozkirli & Pascucci (2023),34,11,10,1.0,21,20,10,10
Ozkirli & Pascucci (2023),34,12,1,1.0,18,17,7,10
Ozkirli & Pascucci (2023),34,12,2,1.0,18,17,7,10
Ozkirli & Pascucci (2023),34,12,3,1.0,19,18,13,5
Ozkirli & Pascucci (2023),34,12,4,1.0,19,18,7,11
Ozkirli & Pascucci (2023),34,12,5,1.0,23,22,13,9
Ozkirli & Pascucci (2023),34,12,6,1.0,22,21,11,10
Ozkirli & Pascucci (2023),34,12,7,1.0,23,22,10,12
Ozkirli & Pascucci (2023),34,12,8,1.0,18,17,8,9
Ozkirli & Pascucci (2023),34,12,9,1.0,8,7,4,3
Ozkirli & Pascucci (2023),34,13,1,1.0,23,22,14,8
Ozkirli & Pascucci (2023),34,13,2,1.0,15,14,5,9
Ozkirli & Pascucci (2023),34,13,3,1.0,17,16,7,9
Ozkirli & Pascucci (2023),34,13,4,1.0,19,18,7,11
Ozkirli & Pascucci (2023),34,13,5,1.0,20,19,11,8
Ozkirli & Pascucci (2023),34,13,6,1.0,20,19,11,8
Ozkirli & Pascucci (2023),34,13,7,1.0,19,18,7,11
Ozkirli & Pascucci (2023),34,13,8,1.0,24,23,14,9
Ozkirli & Pascucci (2023),34,13,9,1.0,21,20,8,12
Ozkirli & Pascucci (2023),34,13,10,1.0,22,21,10,11
Ozkirli & Pascucci (2023),34,14,1,1.0,20,19,9,10
Ozkirli & Pascucci (2023),34,14,2,1.0,23,22,17,5
Ozkirli & Pascucci (2023),34,14,3,1.0,25,24,15,9
Ozkirli & Pascucci (2023),34,14,4,1.0,21,20,11,9
Ozkirli & Pascucci (2023),34,14,5,1.0,19,18,7,11
Ozkirli & Pascucci (2023),34,14,6,1.0,17,16,5,11
Ozkirli & Pascucci (2023),34,14,7,1.0,26,25,15,10
Ozkirli & Pascucci (2023),34,14,8,1.0,12,11,4,7
Ozkirli & Pascucci (2023),34,14,9,1.0,17,16,8,8
Ozkirli & Pascucci (2023),34,14,10,1.0,20,19,9,10
Ozkirli & Pascucci (2023),34,15,1,1.0,17,16,8,8
Ozkirli & Pascucci (2023),34,15,2,1.0,20,19,9,10
Ozkirli & Pascucci (2023),34,15,3,1.0,18,17,8,9
Ozkirli & Pascucci (2023),34,15,4,1.0,22,21,9,12
Ozkirli & Pascucci (2023),34,15,5,1.0,23,22,14,8
Ozkirli & Pascucci (2023),34,15,6,1.0,22,21,10,11
Ozkirli & Pascucci (2023),34,15,7,1.0,22,21,11,10
Ozkirli & Pascucci (2023),34,15,8,1.0,25,24,17,7
Ozkirli & Pascucci (2023),34,15,9,1.0,12,11,4,7
Ozkirli & Pascucci (2023),34,15,10,1.0,19,18,8,10
Ozkirli & Pascucci (2023),34,16,1,1.0,23,22,12,10
Ozkirli & Pascucci (2023),34,16,2,1.0,19,18,7,11
Ozkirli & Pascucci (2023),34,16,3,1.0,15,14,5,9
Ozkirli & Pascucci (2023),34,16,4,1.0,22,21,11,10
Ozkirli & Pascucci (2023),34,16,5,1.0,20,19,12,7
Ozkirli & Pascucci (2023),34,16,6,1.0,18,17,6,11
Ozkirli & Pascucci (2023),34,16,7,1.0,23,22,13,9
Ozkirli & Pascucci (2023),34,16,8,1.0,20,19,12,7
Ozkirli & Pascucci (2023),34,16,9,1.0,17,16,5,11
Ozkirli & Pascucci (2023),34,16,10,1.0,23,22,12,10
Ozkirli & Pascucci (2023),35,1,1,0.0,100,99,99,0
Ozkirli & Pascucci (2023),35,1,3,0.0,100,99,99,0
Ozkirli & Pascucci (2023),35,2,2,0.0,100,99,99,0
Ozkirli & Pascucci (2023),35,2,4,0.0,100,99,99,0
Ozkirli & Pascucci (2023),35,3,1,0.0,100,99,99,0
Ozkirli & Pascucci (2023),35,3,3,0.0,100,99,99,0
Ozkirli & Pascucci (2023),35,4,2,0.0,100,99,99,0
Ozkirli & Pascucci (2023),35,4,4,0.0,100,99,99,0
Ozkirli & Pascucci (2023),35,5,1,0.0,100,99,99,0
Ozkirli & Pascucci (2023),35,5,3,0.0,100,99,99,0
Ozkirli & Pascucci (2023),35,6,2,0.0,100,99,99,0
Ozkirli & Pascucci (2023),35,6,4,0.0,100,99,99,0
Ozkirli & Pascucci (2023),35,7,1,0.0,100,99,99,0
Ozkirli & Pascucci (2023),35,7,3,0.0,100,99,99,0
Ozkirli & Pascucci (2023),35,8,2,0.0,100,99,99,0
Ozkirli & Pascucci (2023),35,8,4,0.0,100,99,99,0
Ozkirli & Pascucci (2023),35,9,1,0.0,100,99,99,0
Ozkirli & Pascucci (2023),35,9,3,0.0,100,99,99,0
Ozkirli & Pascucci (2023),35,10,2,0.0,100,99,99,0
Ozkirli & Pascucci (2023),35,10,4,0.0,100,99,99,0
Ozkirli & Pascucci (2023),35,11,1,0.0,100,99,99,0
Ozkirli & Pascucci (2023),35,11,3,0.0,100,99,99,0
Ozkirli & Pascucci (2023),35,12,2,0.0,100,99,99,0
Ozkirli & Pascucci (2023),35,12,4,0.0,100,99,99,0
Ozkirli & Pascucci (2023),35,13,1,0.0,100,99,99,0
Ozkirli & Pascucci (2023),35,13,3,0.0,100,99,99,0
Ozkirli & Pascucci (2023),35,14,2,0.0,100,99,99,0
Ozkirli & Pascucci (2023),35,14,4,0.0,100,99,99,0
Ozkirli & Pascucci (2023),35,15,1,0.0,100,99,99,0
Ozkirli & Pascucci (2023),35,15,3,0.0,100,99,99,0
Ozkirli & Pascucci (2023),35,16,2,0.0,100,99,99,0
Ozkirli & Pascucci (2023),35,16,4,0.0,100,99,99,0
Ozkirli & Pascucci (2023),35,17,1,0.0,100,99,99,0
Ozkirli & Pascucci (2023),35,17,3,0.0,100,99,99,0
Ozkirli & Pascucci (2023),35,18,2,0.0,100,99,99,0
Ozkirli & Pascucci (2023),35,18,4,0.0,100,99,99,0
Ozkirli & Pascucci (2023),35,19,1,0.0,100,99,99,0
Ozkirli & Pascucci (2023),35,19,3,0.0,100,99,99,0
Ozkirli & Pascucci (2023),35,20,2,0.0,100,99,99,0
Ozkirli & Pascucci (2023),35,20,4,0.0,100,99,99,0
Ozkirli & Pascucci (2023),35,21,1,0.0,100,99,99,0
Ozkirli & Pascucci (2023),35,21,3,0.0,100,99,99,0
Ozkirli & Pascucci (2023),35,22,2,0.0,100,99,99,0
Ozkirli & Pascucci (2023),35,22,4,0.0,100,99,99,0
Ozkirli & Pascucci (2023),35,23,1,0.0,100,99,99,0
Ozkirli & Pascucci (2023),35,23,3,0.0,100,99,99,0
Ozkirli & Pascucci (2023),35,24,2,0.0,100,99,99,0
Ozkirli & Pascucci (2023),35,24,4,0.0,100,99,99,0
Ozkirli & Pascucci (2023),36,1,2,1.0,100,99,99,0
Ozkirli & Pascucci (2023),36,1,4,1.0,100,99,99,0
Ozkirli & Pascucci (2023),36,2,1,1.0,100,99,99,0
Ozkirli & Pascucci (2023),36,2,3,1.0,100,99,99,0
Ozkirli & Pascucci (2023),36,3,2,1.0,100,99,99,0
Ozkirli & Pascucci (2023),36,3,4,1.0,100,99,99,0
Ozkirli & Pascucci (2023),36,4,1,1.0,100,99,99,0
Ozkirli & Pascucci (2023),36,4,3,1.0,100,99,99,0
Ozkirli & Pascucci (2023),36,5,2,1.0,100,99,99,0
Ozkirli & Pascucci (2023),36,5,4,1.0,100,99,99,0
Ozkirli & Pascucci (2023),36,6,1,1.0,100,99,99,0
Ozkirli & Pascucci (2023),36,6,3,1.0,100,99,99,0
Ozkirli & Pascucci (2023),36,7,2,1.0,100,99,99,0
Ozkirli & Pascucci (2023),36,7,4,1.0,100,99,99,0
Ozkirli & Pascucci (2023),36,8,1,1.0,100,99,99,0
Ozkirli & Pascucci (2023),36,8,3,1.0,100,99,99,0
Ozkirli & Pascucci (2023),36,9,2,1.0,100,99,99,0
Ozkirli & Pascucci (2023),36,9,4,1.0,100,99,99,0
Ozkirli & Pascucci (2023),36,10,1,1.0,100,99,99,0
Ozkirli & Pascucci (2023),36,10,3,1.0,100,99,99,0
Ozkirli & Pascucci (2023),36,11,2,1.0,100,99,99,0
Ozkirli & Pascucci (2023),36,11,4,1.0,100,99,99,0
Ozkirli & Pascucci (2023),36,12,1,1.0,100,99,99,0
Ozkirli & Pascucci (2023),36,12,3,1.0,100,99,99,0
Ozkirli & Pascucci (2023),36,13,2,1.0,100,99,99,0
Ozkirli & Pascucci (2023),36,13,4,1.0,100,99,99,0
Ozkirli & Pascucci (2023),36,14,1,1.0,100,99,99,0
Ozkirli & Pascucci (2023),36,14,3,1.0,100,99,99,0
Ozkirli & Pascucci (2023),36,15,2,1.0,100,99,99,0
Ozkirli & Pascucci (2023),36,15,4,1.0,100,99,99,0
Ozkirli & Pascucci (2023),36,16,1,1.0,100,99,99,0
Ozkirli & Pascucci (2023),36,16,3,1.0,100,99,99,0
Ozkirli & Pascucci (2023),36,17,2,1.0,100,99,99,0
Ozkirli & Pascucci (2023),36,17,4,1.0,100,99,99,0
Ozkirli & Pascucci (2023),36,18,1,1.0,100,99,99,0
Ozkirli & Pascucci (2023),36,18,3,1.0,100,99,99,0
Ozkirli & Pascucci (2023),36,19,2,1.0,100,99,99,0
Ozkirli & Pascucci (2023),36,19,4,1.0,100,99,99,0
Ozkirli & Pascucci (2023),36,20,1,1.0,100,99,99,0
Ozkirli & Pascucci (2023),36,20,3,1.0,100,99,99,0
Ozkirli & Pascucci (2023),36,21,2,1.0,100,99,99,0
Ozkirli & Pascucci (2023),36,21,4,1.0,100,99,99,0
Ozkirli & Pascucci (2023),36,22,1,1.0,100,99,99,0
Ozkirli & Pascucci (2023),36,22,3,1.0,100,99,99,0
Ozkirli & Pascucci (2023),36,23,2,1.0,100,99,99,0
Ozkirli & Pascucci (2023),36,23,4,1.0,100,99,99,0
Ozkirli & Pascucci (2023),36,24,1,1.0,100,99,99,0
Ozkirli & Pascucci (2023),36,24,3,1.0,100,99,99,0
Pascucci et al. (2024),37,1,1,1.0,200,196,196,0
Pascucci et al. (2024),37,1,2,1.0,200,196,196,0
Pascucci et al. (2024),37,1,3,1.0,200,196,196,0
Pascucci et al. (2024),37,1,4,1.0,200,196,196,0
Pascucci et al. (2024),37,2,1,1.0,200,196,196,0
Pascucci et al. (2024),37,2,2,1.0,200,196,196,0
Pascucci et al. (2024),37,2,3,1.0,200,196,196,0
Pascucci et al. (2024),37,2,4,1.0,200,196,196,0
Pascucci et al. (2024),37,3,1,1.0,200,196,196,0
Pascucci et al. (2024),37,3,2,1.0,200,196,196,0
Pascucci et al. (2024),37,3,3,1.0,200,196,196,0
Pascucci et al. (2024),37,3,4,1.0,200,196,196,0
Pascucci et al. (2024),37,4,1,1.0,200,196,196,0
Pascucci et al. (2024),37,4,2,1.0,200,196,196,0
Pascucci et al. (2024),37,4,3,1.0,200,196,196,0
Pascucci et al. (2024),37,4,4,1.0,200,196,196,0
Pascucci et al. (2024),37,5,1,1.0,200,196,196,0
Pascucci et al. (2024),37,5,2,1.0,200,196,196,0
Pascucci et al. (2024),37,5,3,1.0,200,196,196,0
Pascucci et al. (2024),37,5,4,1.0,200,196,196,0
Pascucci et al. (2024),37,6,1,1.0,200,196,196,0
Pascucci et al. (2024),37,6,2,1.0,200,196,196,0
Pascucci et al. (2024),37,6,3,1.0,200,196,196,0
Pascucci et al. (2024),37,6,4,1.0,200,196,196,0
Pascucci et al. (2024),37,7,1,1.0,200,196,196,0
Pascucci et al. (2024),37,7,2,1.0,200,196,196,0
Pascucci et al. (2024),37,7,3,1.0,200,196,196,0
Pascucci et al. (2024),37,7,4,1.0,200,196,196,0
Pascucci et al. (2024),37,8,1,1.0,200,196,196,0
Pascucci et al. (2024),37,8,2,1.0,200,196,196,0
Pascucci et al. (2024),37,8,3,1.0,200,196,196,0
Pascucci et al. (2024),37,8,4,1.0,200,196,196,0
Pascucci et al. (2024),37,9,1,1.0,200,196,196,0
Pascucci et al. (2024),37,9,2,1.0,200,196,196,0
Pascucci et al. (2024),37,9,3,1.0,200,196,196,0
Pascucci et al. (2024),37,9,4,1.0,200,196,196,0
Pascucci et al. (2024),37,10,1,1.0,200,196,196,0
Pascucci et al. (2024),37,10,2,1.0,200,196,196,0
Pascucci et al. (2024),37,10,3,1.0,200,196,196,0
Pascucci et al. (2024),37,10,4,1.0,200,196,196,0
Pascucci et al. (2024),37,11,1,1.0,200,196,196,0
Pascucci et al. (2024),37,11,2,1.0,200,196,196,0
Pascucci et al. (2024),37,11,3,1.0,200,196,196,0
Pascucci et al. (2024),37,11,4,1.0,200,196,196,0
Pascucci et al. (2024),37,12,1,1.0,200,196,196,0
Pascucci et al. (2024),37,12,2,1.0,200,196,196,0
Pascucci et al. (2024),37,12,3,1.0,200,196,196,0
Pascucci et al. (2024),37,12,4,1.0,200,196,196,0
Pascucci et al. (2024),37,13,1,1.0,200,196,196,0
Pascucci et al. (2024),37,13,2,1.0,200,196,196,0
Pascucci et al. (2024),37,13,3,1.0,200,196,196,0
Pascucci et al. (2024),37,13,4,1.0,200,196,196,0
Pascucci et al. (2024),37,14,1,1.0,200,196,196,0
Pascucci et al. (2024),37,14,2,1.0,200,196,196,0
Pascucci et al. (2024),37,14,3,1.0,200,196,196,0
Pascucci et al. (2024),37,14,4,1.0,200,196,196,0
Pascucci et al. (2024),37,15,1,1.0,200,196,196,0
Pascucci et al. (2024),37,15,2,1.0,200,196,196,0
Pascucci et al. (2024),37,15,3,1.0,200,196,196,0
Pascucci et al. (2024),37,15,4,1.0,200,196,196,0
Pascucci et al. (2024),37,16,1,1.0,200,196,196,0
Pascucci et al. (2024),37,16,2,1.0,200,196,196,0
Pascucci et al. (2024),37,16,3,1.0,200,196,196,0
Pascucci et al. (2024),37,16,4,1.0,200,196,196,0
Pascucci et al. (2024),37,17,1,1.0,200,196,196,0
Pascucci et al. (2024),37,17,2,1.0,200,196,196,0
Pascucci et al. (2024),37,17,3,1.0,200,196,196,0
Pascucci et al. (2024),37,17,4,1.0,200,196,196,0
Pascucci et al. (2024),37,18,1,1.0,200,196,196,0
Pascucci et al. (2024),37,18,2,1.0,200,196,196,0
Pascucci et al. (2024),37,18,3,1.0,200,196,196,0
Pascucci et al. (2024),37,18,4,1.0,200,196,196,0
Pascucci et al. (2024),37,19,1,1.0,200,196,196,0
Pascucci et al. (2024),37,19,2,1.0,200,196,196,0
Pascucci et al. (2024),37,19,3,1.0,200,196,196,0
Pascucci et al. (2024),37,19,4,1.0,200,196,196,0
Pascucci et al. (2024),37,20,1,1.0,200,196,196,0
Pascucci et al. (2024),37,20,2,1.0,200,196,196,0
Pascucci et al. (2024),37,20,3,1.0,200,196,196,0
Pascucci et al. (2024),37,20,4,1.0,200,196,196,0
Pascucci et al. (2024),37,21,1,1.0,200,196,196,0
Pascucci et al. (2024),37,21,2,1.0,200,196,196,0
Pascucci et al. (2024),37,21,3,1.0,200,196,196,0
Pascucci et al. (2024),37,21,4,1.0,200,196,196,0
Pascucci et al. (2024),37,22,1,1.0,200,196,196,0
Pascucci et al. (2024),37,22,2,1.0,200,196,196,0
Pascucci et al. (2024),37,22,3,1.0,200,196,196,0
Pascucci et al. (2024),37,22,4,1.0,200,196,196,0
Pascucci et al. (2024),37,23,1,1.0,200,196,196,0
Pascucci et al. (2024),37,23,2,1.0,200,196,196,0
Pascucci et al. (2024),37,23,3,1.0,200,196,196,0
Pascucci et al. (2024),37,23,4,1.0,200,196,196,0
Pascucci et al. (2024),37,24,1,1.0,200,196,196,0
Pascucci et al. (2024),37,24,2,1.0,200,196,196,0
Pascucci et al. (2024),37,24,3,1.0,200,196,196,0
Pascucci et al. (2024),37,24,4,1.0,200,196,196,0
Pascucci et al. (2024),37,25,1,1.0,200,196,196,0
Pascucci et al. (2024),37,25,2,1.0,200,196,196,0
Pascucci et al. (2024),37,25,3,1.0,200,196,196,0
Pascucci et al. (2024),37,25,4,1.0,200,196,196,0
Pascucci et al. (2024),37,26,1,1.0,200,196,196,0
Pascucci et al. (2024),37,26,2,1.0,200,196,196,0
Pascucci et al. (2024),37,26,3,1.0,200,196,196,0
Pascucci et al. (2024),37,26,4,1.0,200,196,196,0
Sadil et al. (2024),38,1,1,1.0,101,100,100,0
Sadil et al. (2024),38,1,2,1.0,101,100,100,0
Sadil et al. (2024),38,1,3,1.0,101,100,100,0
Sadil et al. (2024),38,1,4,1.0,101,100,100,0
Sadil et al. (2024),38,1,5,1.0,101,100,100,0
Sadil et al. (2024),38,1,6,1.0,101,100,100,0
Sadil et al. (2024),38,1,7,1.0,101,100,100,0
Sadil et al. (2024),38,1,8,1.0,101,100,100,0
Sadil et al. (2024),38,1,9,1.0,101,100,100,0
Sadil et al. (2024),38,1,10,1.0,101,100,100,0
Sadil et al. (2024),38,1,11,1.0,101,100,100,0
Sadil et al. (2024),38,1,12,1.0,101,100,100,0
Sadil et al. (2024),38,1,13,1.0,101,100,100,0
Sadil et al. (2024),38,1,14,1.0,101,100,100,0
Sadil et al. (2024),38,1,15,1.0,101,100,100,0
Sadil et al. (2024),38,2,1,1.0,101,100,100,0
Sadil et al. (2024),38,2,2,1.0,101,100,100,0
Sadil et al. (2024),38,2,3,1.0,101,100,100,0
Sadil et al. (2024),38,2,4,1.0,101,100,100,0
Sadil et al. (2024),38,2,5,1.0,101,100,100,0
Sadil et al. (2024),38,2,6,1.0,101,100,100,0
Sadil et al. (2024),38,2,7,1.0,101,100,100,0
Sadil et al. (2024),38,2,8,1.0,101,100,100,0
Sadil et al. (2024),38,2,9,1.0,101,100,100,0
Sadil et al. (2024),38,2,10,1.0,101,100,100,0
Sadil et al. (2024),38,2,11,1.0,101,100,100,0
Sadil et al. (2024),38,2,12,1.0,101,100,100,0
Sadil et al. (2024),38,2,13,1.0,101,100,100,0
Sadil et al. (2024),38,2,14,1.0,101,100,100,0
Sadil et al. (2024),38,2,15,1.0,101,100,100,0
Sadil et al. (2024),38,3,1,1.0,101,100,100,0
Sadil et al. (2024),38,3,2,1.0,101,100,100,0
Sadil et al. (2024),38,3,3,1.0,101,100,100,0
Sadil et al. (2024),38,3,4,1.0,101,100,100,0
Sadil et al. (2024),38,3,5,1.0,101,100,100,0
Sadil et al. (2024),38,3,6,1.0,101,100,100,0
Sadil et al. (2024),38,3,7,1.0,101,100,100,0
Sadil et al. (2024),38,3,8,1.0,101,100,100,0
Sadil et al. (2024),38,3,9,1.0,101,100,100,0
Sadil et al. (2024),38,3,10,1.0,101,100,100,0
Sadil et al. (2024),38,3,11,1.0,101,100,100,0
Sadil et al. (2024),38,3,12,1.0,101,100,100,0
Sadil et al. (2024),38,3,13,1.0,101,100,100,0
Sadil et al. (2024),38,3,14,1.0,101,100,100,0
Sadil et al. (2024),38,3,15,1.0,101,100,100,0
Sadil et al. (2024),38,4,1,1.0,101,100,100,0
Sadil et al. (2024),38,4,2,1.0,101,100,100,0
Sadil et al. (2024),38,4,3,1.0,101,100,100,0
Sadil et al. (2024),38,4,4,1.0,101,100,100,0
Sadil et al. (2024),38,4,5,1.0,101,100,100,0
Sadil et al. (2024),38,4,6,1.0,101,100,100,0
Sadil et al. (2024),38,4,7,1.0,101,100,100,0
Sadil et al. (2024),38,4,8,1.0,101,100,100,0
Sadil et al. (2024),38,4,9,1.0,101,100,100,0
Sadil et al. (2024),38,4,10,1.0,101,100,100,0
Sadil et al. (2024),38,4,11,1.0,101,100,100,0
Sadil et al. (2024),38,4,12,1.0,101,100,100,0
Sadil et al. (2024),38,4,13,1.0,101,100,100,0
Sadil et al. (2024),38,4,14,1.0,101,100,100,0
Sadil et al. (2024),38,4,15,1.0,101,100,100,0
Sadil et al. (2024),38,5,1,1.0,101,100,100,0
Sadil et al. (2024),38,5,2,1.0,101,100,100,0
Sadil et al. (2024),38,5,3,1.0,101,100,100,0
Sadil et al. (2024),38,5,4,1.0,101,100,100,0
Sadil et al. (2024),38,5,5,1.0,101,100,100,0
Sadil et al. (2024),38,5,6,1.0,101,100,100,0
Sadil et al. (2024),38,5,7,1.0,101,100,100,0
Sadil et al. (2024),38,5,8,1.0,101,100,100,0
Sadil et al. (2024),38,5,9,1.0,101,100,100,0
Sadil et al. (2024),38,5,10,1.0,101,100,100,0
Sadil et al. (2024),38,5,11,1.0,101,100,100,0
Sadil et al. (2024),38,5,12,1.0,101,100,100,0
Sadil et al. (2024),38,5,13,1.0,101,100,100,0
Sadil et al. (2024),38,5,14,1.0,101,100,100,0
Sadil et al. (2024),38,5,15,1.0,101,100,100,0
Sadil et al. (2024),38,6,1,1.0,101,100,100,0
Sadil et al. (2024),38,6,2,1.0,101,100,100,0
Sadil et al. (2024),38,6,3,1.0,101,100,100,0
Sadil et al. (2024),38,6,4,1.0,101,100,100,0
Sadil et al. (2024),38,6,5,1.0,101,100,100,0
Sadil et al. (2024),38,6,6,1.0,101,100,100,0
Sadil et al. (2024),38,6,7,1.0,101,100,100,0
Sadil et al. (2024),38,6,8,1.0,101,100,100,0
Sadil et al. (2024),38,6,9,1.0,101,100,100,0
Sadil et al. (2024),38,6,10,1.0,101,100,100,0
Sadil et al. (2024),38,6,11,1.0,101,100,100,0
Sadil et al. (2024),38,6,12,1.0,101,100,100,0
Sadil et al. (2024),38,6,13,1.0,101,100,100,0
Sadil et al. (2024),38,6,14,1.0,101,100,100,0
Sadil et al. (2024),38,6,15,1.0,101,100,100,0
Sadil et al. (2024),38,7,1,1.0,101,100,100,0
Sadil et al. (2024),38,7,2,1.0,101,100,100,0
Sadil et al. (2024),38,7,3,1.0,101,100,100,0
Sadil et al. (2024),38,7,4,1.0,101,100,100,0
Sadil et al. (2024),38,7,5,1.0,101,100,100,0
Sadil et al. (2024),38,7,6,1.0,101,100,100,0
Sadil et al. (2024),38,7,7,1.0,101,100,100,0
Sadil et al. (2024),38,7,8,1.0,101,100,100,0
Sadil et al. (2024),38,7,9,1.0,101,100,100,0
Sadil et al. (2024),38,7,10,1.0,101,100,100,0
Sadil et al. (2024),38,7,11,1.0,101,100,100,0
Sadil et al. (2024),38,7,12,1.0,101,100,100,0
Sadil et al. (2024),38,7,13,1.0,101,100,100,0
Sadil et al. (2024),38,7,14,1.0,101,100,100,0
Sadil et al. (2024),38,7,15,1.0,101,100,100,0
Sadil et al. (2024),38,8,1,1.0,101,100,100,0
Sadil et al. (2024),38,8,2,1.0,101,100,100,0
Sadil et al. (2024),38,8,3,1.0,101,100,100,0
Sadil et al. (2024),38,8,4,1.0,101,100,100,0
Sadil et al. (2024),38,8,5,1.0,101,100,100,0
Sadil et al. (2024),38,8,6,1.0,101,100,100,0
Sadil et al. (2024),38,8,7,1.0,101,100,100,0
Sadil et al. (2024),38,8,8,1.0,101,100,100,0
Sadil et al. (2024),38,8,9,1.0,101,100,100,0
Sadil et al. (2024),38,8,10,1.0,101,100,100,0
Sadil et al. (2024),38,8,11,1.0,101,100,100,0
Sadil et al. (2024),38,8,12,1.0,101,100,100,0
Sadil et al. (2024),38,8,13,1.0,101,100,100,0
Sadil et al. (2024),38,8,14,1.0,101,100,100,0
Sadil et al. (2024),38,8,15,1.0,101,100,100,0
Sadil et al. (2024),38,9,1,1.0,101,100,100,0
Sadil et al. (2024),38,9,2,1.0,101,100,100,0
Sadil et al. (2024),38,9,3,1.0,101,100,100,0
Sadil et al. (2024),38,9,4,1.0,101,100,100,0
Sadil et al. (2024),38,9,5,1.0,101,100,100,0
Sadil et al. (2024),38,9,6,1.0,101,100,100,0
Sadil et al. (2024),38,9,7,1.0,101,100,100,0
Sadil et al. (2024),38,9,8,1.0,101,100,100,0
Sadil et al. (2024),38,9,9,1.0,101,100,100,0
Sadil et al. (2024),38,9,10,1.0,101,100,100,0
Sadil et al. (2024),38,9,11,1.0,101,100,100,0
Sadil et al. (2024),38,9,12,1.0,101,100,100,0
Sadil et al. (2024),38,9,13,1.0,101,100,100,0
Sadil et al. (2024),38,9,14,1.0,101,100,100,0
Sadil et al. (2024),38,9,15,1.0,101,100,100,0
Sadil et al. (2024),38,10,1,1.0,101,100,100,0
Sadil et al. (2024),38,10,2,1.0,101,100,100,0
Sadil et al. (2024),38,10,3,1.0,101,100,100,0
Sadil et al. (2024),38,10,4,1.0,101,100,100,0
Sadil et al. (2024),38,10,5,1.0,101,100,100,0
Sadil et al. (2024),38,10,6,1.0,101,100,100,0
Sadil et al. (2024),38,10,7,1.0,101,100,100,0
Sadil et al. (2024),38,10,8,1.0,101,100,100,0
Sadil et al. (2024),38,10,9,1.0,101,100,100,0
Sadil et al. (2024),38,10,10,1.0,101,100,100,0
Sadil et al. (2024),38,10,11,1.0,101,100,100,0
Sadil et al. (2024),38,10,12,1.0,101,100,100,0
Sadil et al. (2024),38,10,13,1.0,101,100,100,0
Sadil et al. (2024),38,10,14,1.0,101,100,100,0
Sadil et al. (2024),38,10,15,1.0,101,100,100,0
Sadil et al. (2024),38,11,1,1.0,101,100,100,0
Sadil et al. (2024),38,11,2,1.0,101,100,100,0
Sadil et al. (2024),38,11,3,1.0,101,100,100,0
Sadil et al. (2024),38,11,4,1.0,101,100,100,0
Sadil et al. (2024),38,11,5,1.0,101,100,100,0
Sadil et al. (2024),38,11,6,1.0,101,100,100,0
Sadil et al. (2024),38,11,7,1.0,101,100,100,0
Sadil et al. (2024),38,11,8,1.0,101,100,100,0
Sadil et al. (2024),38,11,9,1.0,101,100,100,0
Sadil et al. (2024),38,11,10,1.0,101,100,100,0
Sadil et al. (2024),38,11,11,1.0,101,100,100,0
Sadil et al. (2024),38,11,12,1.0,101,100,100,0
Sadil et al. (2024),38,11,13,1.0,101,100,100,0
Sadil et al. (2024),38,11,14,1.0,101,100,100,0
Sadil et al. (2024),38,11,15,1.0,101,100,100,0
Sadil et al. (2024),38,12,1,1.0,101,100,100,0
Sadil et al. (2024),38,12,2,1.0,101,100,100,0
Sadil et al. (2024),38,12,3,1.0,101,100,100,0
Sadil et al. (2024),38,12,4,1.0,101,100,100,0
Sadil et al. (2024),38,12,5,1.0,101,100,100,0
Sadil et al. (2024),38,12,6,1.0,101,100,100,0
Sadil et al. (2024),38,12,7,1.0,101,100,100,0
Sadil et al. (2024),38,12,8,1.0,101,100,100,0
Sadil et al. (2024),38,12,9,1.0,101,100,100,0
Sadil et al. (2024),38,12,10,1.0,101,100,100,0
Sadil et al. (2024),38,12,11,1.0,101,100,100,0
Sadil et al. (2024),38,12,12,1.0,101,100,100,0
Sadil et al. (2024),38,12,13,1.0,101,100,100,0
Sadil et al. (2024),38,12,14,1.0,101,100,100,0
Sadil et al. (2024),38,12,15,1.0,101,100,100,0
Sadil et al. (2024),38,13,1,1.0,101,100,100,0
Sadil et al. (2024),38,13,2,1.0,101,100,100,0
Sadil et al. (2024),38,13,3,1.0,101,100,100,0
Sadil et al. (2024),38,13,4,1.0,101,100,100,0
Sadil et al. (2024),38,13,5,1.0,101,100,100,0
Sadil et al. (2024),38,13,6,1.0,101,100,100,0
Sadil et al. (2024),38,13,7,1.0,101,100,100,0
Sadil et al. (2024),38,13,8,1.0,101,100,100,0
Sadil et al. (2024),38,13,9,1.0,101,100,100,0
Sadil et al. (2024),38,13,10,1.0,101,100,100,0
Sadil et al. (2024),38,13,11,1.0,101,100,100,0
Sadil et al. (2024),38,13,12,1.0,101,100,100,0
Sadil et al. (2024),38,13,13,1.0,101,100,100,0
Sadil et al. (2024),38,13,14,1.0,101,100,100,0
Sadil et al. (2024),38,13,15,1.0,101,100,100,0
Sadil et al. (2024),38,14,1,1.0,101,100,100,0
Sadil et al. (2024),38,14,2,1.0,101,100,100,0
Sadil et al. (2024),38,14,3,1.0,101,100,100,0
Sadil et al. (2024),38,14,4,1.0,101,100,100,0
Sadil et al. (2024),38,14,5,1.0,101,100,100,0
Sadil et al. (2024),38,14,6,1.0,101,100,100,0
Sadil et al. (2024),38,14,7,1.0,101,100,100,0
Sadil et al. (2024),38,14,8,1.0,101,100,100,0
Sadil et al. (2024),38,14,9,1.0,101,100,100,0
Sadil et al. (2024),38,14,10,1.0,101,100,100,0
Sadil et al. (2024),38,14,11,1.0,101,100,100,0
Sadil et al. (2024),38,14,12,1.0,101,100,100,0
Sadil et al. (2024),38,14,13,1.0,101,100,100,0
Sadil et al. (2024),38,14,14,1.0,101,100,100,0
Sadil et al. (2024),38,14,15,1.0,101,100,100,0
Sadil et al. (2024),38,15,1,1.0,101,100,100,0
Sadil et al. (2024),38,15,2,1.0,101,100,100,0
Sadil et al. (2024),38,15,3,1.0,101,100,100,0
Sadil et al. (2024),38,15,4,1.0,101,100,100,0
Sadil et al. (2024),38,15,5,1.0,101,100,100,0
Sadil et al. (2024),38,15,6,1.0,101,100,100,0
Sadil et al. (2024),38,15,7,1.0,101,100,100,0
Sadil et al. (2024),38,15,8,1.0,101,100,100,0
Sadil et al. (2024),38,15,9,1.0,101,100,100,0
Sadil et al. (2024),38,15,10,1.0,101,100,100,0
Sadil et al. (2024),38,15,11,1.0,101,100,100,0
Sadil et al. (2024),38,15,12,1.0,101,100,100,0
Sadil et al. (2024),38,15,13,1.0,101,100,100,0
Sadil et al. (2024),38,15,14,1.0,101,100,100,0
Sadil et al. (2024),38,15,15,1.0,101,100,100,0
Sadil et al. (2024),38,16,1,1.0,101,100,100,0
Sadil et al. (2024),38,16,2,1.0,101,100,100,0
Sadil et al. (2024),38,16,3,1.0,101,100,100,0
Sadil et al. (2024),38,16,4,1.0,101,100,100,0
Sadil et al. (2024),38,16,5,1.0,101,100,100,0
Sadil et al. (2024),38,16,6,1.0,101,100,100,0
Sadil et al. (2024),38,16,7,1.0,101,100,100,0
Sadil et al. (2024),38,16,8,1.0,101,100,100,0
Sadil et al. (2024),38,16,9,1.0,101,100,100,0
Sadil et al. (2024),38,16,10,1.0,101,100,100,0
Sadil et al. (2024),38,16,11,1.0,101,100,100,0
Sadil et al. (2024),38,16,12,1.0,101,100,100,0
Sadil et al. (2024),38,16,13,1.0,101,100,100,0
Sadil et al. (2024),38,16,14,1.0,101,100,100,0
Sadil et al. (2024),38,16,15,1.0,101,100,100,0
Samaha et al. (2019),39,1,1,0.0,28,27,14,13
Samaha et al. (2019),39,1,2,0.0,29,28,16,12
Samaha et al. (2019),39,1,3,0.0,31,30,14,16
Samaha et al. (2019),39,1,4,0.0,28,27,16,11
Samaha et al. (2019),39,1,5,0.0,32,31,18,13
Samaha et al. (2019),39,2,1,0.0,31,30,19,11
Samaha et al. (2019),39,2,2,0.0,30,29,12,17
Samaha et al. (2019),39,2,3,0.0,31,30,11,19
Samaha et al. (2019),39,2,4,0.0,30,29,18,11
Samaha et al. (2019),39,2,5,0.0,27,26,14,12
Samaha et al. (2019),39,3,1,0.0,28,27,14,13
Samaha et al. (2019),39,3,2,0.0,32,31,13,18
Samaha et al. (2019),39,3,3,0.0,36,35,20,15
Samaha et al. (2019),39,3,4,0.0,29,28,13,15
Samaha et al. (2019),39,3,5,0.0,37,36,22,14
Samaha et al. (2019),39,4,1,0.0,30,29,15,14
Samaha et al. (2019),39,4,2,0.0,30,29,15,14
Samaha et al. (2019),39,4,3,0.0,27,26,13,13
Samaha et al. (2019),39,4,4,0.0,29,28,11,17
Samaha et al. (2019),39,4,5,0.0,30,29,17,12
Samaha et al. (2019),39,5,1,0.0,31,30,15,15
Samaha et al. (2019),39,5,2,0.0,32,31,15,16
Samaha et al. (2019),39,5,3,0.0,26,25,12,13
Samaha et al. (2019),39,5,4,0.0,24,23,4,19
Samaha et al. (2019),39,5,5,0.0,36,35,23,12
Samaha et al. (2019),39,6,1,0.0,26,25,8,17
Samaha et al. (2019),39,6,2,0.0,30,29,12,17
Samaha et al. (2019),39,6,3,0.0,30,29,12,17
Samaha et al. (2019),39,6,4,0.0,27,26,10,16
Samaha et al. (2019),39,7,1,0.0,32,31,19,12
Samaha et al. (2019),39,7,2,0.0,28,27,14,13
Samaha et al. (2019),39,7,3,0.0,36,35,18,17
Samaha et al. (2019),39,7,4,0.0,29,28,11,17
Samaha et al. (2019),39,8,1,0.0,31,30,17,13
Samaha et al. (2019),39,8,2,0.0,30,29,11,18
Samaha et al. (2019),39,8,3,0.0,34,33,23,10
Samaha et al. (2019),39,8,4,0.0,29,28,10,18
Samaha et al. (2019),39,8,5,0.0,6,5,2,3
Samaha et al. (2019),39,9,1,0.0,26,25,10,15
Samaha et al. (2019),39,9,2,0.0,26,25,13,12
Samaha et al. (2019),39,9,3,0.0,27,26,13,13
Samaha et al. (2019),39,9,4,0.0,36,35,20,15
Samaha et al. (2019),39,9,5,0.0,34,33,16,17
Samaha et al. (2019),39,10,1,0.0,32,31,14,17
Samaha et al. (2019),39,10,2,0.0,27,26,12,14
Samaha et al. (2019),39,10,3,0.0,29,28,15,13
Samaha et al. (2019),39,10,4,0.0,36,35,16,19
Samaha et al. (2019),39,10,5,0.0,28,27,17,10
Samaha et al. (2019),39,11,1,0.0,29,28,12,16
Samaha et al. (2019),39,11,2,0.0,28,27,12,15
Samaha et al. (2019),39,11,3,0.0,31,30,17,13
Samaha et al. (2019),39,11,4,0.0,30,29,19,10
Samaha et al. (2019),39,11,5,0.0,36,35,19,16
Samaha et al. (2019),39,12,1,0.0,32,31,16,15
Samaha et al. (2019),39,12,2,0.0,33,32,17,15
Samaha et al. (2019),39,12,3,0.0,33,32,14,18
Samaha et al. (2019),39,12,4,0.0,29,28,15,13
Samaha et al. (2019),39,12,5,0.0,25,24,9,15
Samaha et al. (2019),39,13,1,0.0,32,31,17,14
Samaha et al. (2019),39,13,2,0.0,35,34,22,12
Samaha et al. (2019),39,13,3,0.0,29,28,15,13
Samaha et al. (2019),39,13,4,0.0,33,32,17,15
Samaha et al. (2019),39,13,5,0.0,33,32,18,14
Samaha et al. (2019),39,14,1,0.0,34,33,14,19
Samaha et al. (2019),39,14,2,0.0,35,34,20,14
Samaha et al. (2019),39,14,3,0.0,29,28,15,13
Samaha et al. (2019),39,14,4,0.0,34,33,18,15
Samaha et al. (2019),39,14,5,0.0,35,34,17,17
Samaha et al. (2019),39,15,1,0.0,27,26,13,13
Samaha et al. (2019),39,15,2,0.0,22,21,5,16
Samaha et al. (2019),39,15,3,0.0,31,30,18,12
Samaha et al. (2019),39,15,4,0.0,29,28,11,17
Samaha et al. (2019),39,15,5,0.0,30,29,12,17
Samaha et al. (2019),39,16,1,0.0,33,32,16,16
Samaha et al. (2019),39,16,2,0.0,30,29,14,15
Samaha et al. (2019),39,16,3,0.0,29,28,14,14
Samaha et al. (2019),39,16,4,0.0,31,30,13,17
Samaha et al. (2019),39,16,5,0.0,25,24,9,15
Samaha et al. (2019),39,17,1,0.0,29,28,16,12
Samaha et al. (2019),39,17,2,0.0,32,31,19,12
Samaha et al. (2019),39,17,3,0.0,30,29,12,17
Samaha et al. (2019),39,17,4,0.0,36,35,20,15
Samaha et al. (2019),39,17,5,0.0,32,31,18,13
Samaha et al. (2019),39,18,1,0.0,30,29,13,16
Samaha et al. (2019),39,18,2,0.0,27,26,13,13
Samaha et al. (2019),39,18,3,0.0,28,27,13,14
Samaha et al. (2019),39,18,4,0.0,33,32,19,13
Samaha et al. (2019),39,18,5,0.0,35,34,19,15
Samaha et al. (2019),39,19,1,0.0,28,27,9,18
Samaha et al. (2019),39,19,2,0.0,31,30,17,13
Samaha et al. (2019),39,19,3,0.0,33,32,19,13
Samaha et al. (2019),39,19,4,0.0,26,25,9,16
Samaha et al. (2019),39,19,5,0.0,34,33,18,15
Samaha et al. (2019),39,20,1,0.0,28,27,17,10
Samaha et al. (2019),39,20,2,0.0,26,25,12,13
Samaha et al. (2019),39,20,3,0.0,30,29,15,14
Samaha et al. (2019),39,20,4,0.0,29,28,10,18
Samaha et al. (2019),39,20,5,0.0,35,34,23,11
Samaha et al. (2019),40,1,1,1.0,33,32,17,15
Samaha et al. (2019),40,1,2,1.0,32,31,22,9
Samaha et al. (2019),40,1,3,1.0,30,29,12,17
Samaha et al. (2019),40,1,4,1.0,33,32,21,11
Samaha et al. (2019),40,1,5,1.0,29,28,14,14
Samaha et al. (2019),40,2,1,1.0,30,29,18,11
Samaha et al. (2019),40,2,2,1.0,31,30,14,16
Samaha et al. (2019),40,2,3,1.0,30,29,11,18
Samaha et al. (2019),40,2,4,1.0,31,30,19,11
Samaha et al. (2019),40,2,5,1.0,34,33,22,11
Samaha et al. (2019),40,3,1,1.0,33,32,19,13
Samaha et al. (2019),40,3,2,1.0,29,28,11,17
Samaha et al. (2019),40,3,3,1.0,25,24,10,14
Samaha et al. (2019),40,3,4,1.0,32,31,17,14
Samaha et al. (2019),40,3,5,1.0,24,23,9,14
Samaha et al. (2019),40,4,1,1.0,31,30,16,14
Samaha et al. (2019),40,4,2,1.0,31,30,16,14
Samaha et al. (2019),40,4,3,1.0,34,33,20,13
Samaha et al. (2019),40,4,4,1.0,32,31,15,16
Samaha et al. (2019),40,4,5,1.0,31,30,18,12
Samaha et al. (2019),40,5,1,1.0,30,29,15,14
Samaha et al. (2019),40,5,2,1.0,29,28,13,15
Samaha et al. (2019),40,5,3,1.0,35,34,20,14
Samaha et al. (2019),40,5,4,1.0,37,36,17,19
Samaha et al. (2019),40,5,5,1.0,25,24,12,12
Samaha et al. (2019),40,6,1,1.0,35,34,17,17
Samaha et al. (2019),40,6,2,1.0,31,30,12,18
Samaha et al. (2019),40,6,3,1.0,31,30,12,18
Samaha et al. (2019),40,6,4,1.0,34,33,17,16
Samaha et al. (2019),40,7,1,1.0,29,28,16,12
Samaha et al. (2019),40,7,2,1.0,33,32,19,13
Samaha et al. (2019),40,7,3,1.0,25,24,7,17
Samaha et al. (2019),40,7,4,1.0,32,31,16,15
Samaha et al. (2019),40,8,1,1.0,30,29,16,13
Samaha et al. (2019),40,8,2,1.0,31,30,12,18
Samaha et al. (2019),40,8,3,1.0,27,26,16,10
Samaha et al. (2019),40,8,4,1.0,32,31,13,18
Samaha et al. (2019),40,8,5,1.0,7,6,3,3
Samaha et al. (2019),40,9,1,1.0,35,34,19,15
Samaha et al. (2019),40,9,2,1.0,35,34,20,14
Samaha et al. (2019),40,9,3,1.0,34,33,20,13
Samaha et al. (2019),40,9,4,1.0,25,24,10,14
Samaha et al. (2019),40,9,5,1.0,27,26,10,16
Samaha et al. (2019),40,10,1,1.0,29,28,12,16
Samaha et al. (2019),40,10,2,1.0,34,33,19,14
Samaha et al. (2019),40,10,3,1.0,32,31,19,12
Samaha et al. (2019),40,10,4,1.0,25,24,7,17
Samaha et al. (2019),40,10,5,1.0,33,32,21,11
Samaha et al. (2019),40,11,1,1.0,32,31,15,16
Samaha et al. (2019),40,11,2,1.0,33,32,17,15
Samaha et al. (2019),40,11,3,1.0,30,29,16,13
Samaha et al. (2019),40,11,4,1.0,31,30,19,11
Samaha et al. (2019),40,11,5,1.0,25,24,9,15
Samaha et al. (2019),40,12,1,1.0,29,28,13,15
Samaha et al. (2019),40,12,2,1.0,28,27,12,15
Samaha et al. (2019),40,12,3,1.0,28,27,9,18
Samaha et al. (2019),40,12,4,1.0,32,31,19,12
Samaha et al. (2019),40,12,5,1.0,36,35,20,15
Samaha et al. (2019),40,13,1,1.0,29,28,13,15
Samaha et al. (2019),40,13,2,1.0,26,25,13,12
Samaha et al. (2019),40,13,3,1.0,32,31,18,13
Samaha et al. (2019),40,13,4,1.0,28,27,11,16
Samaha et al. (2019),40,13,5,1.0,28,27,13,14
Samaha et al. (2019),40,14,1,1.0,27,26,8,18
Samaha et al. (2019),40,14,2,1.0,26,25,11,14
Samaha et al. (2019),40,14,3,1.0,32,31,18,13
Samaha et al. (2019),40,14,4,1.0,27,26,12,14
Samaha et al. (2019),40,14,5,1.0,26,25,9,16
Samaha et al. (2019),40,15,1,1.0,34,33,20,13
Samaha et al. (2019),40,15,2,1.0,39,38,21,17
Samaha et al. (2019),40,15,3,1.0,30,29,17,12
Samaha et al. (2019),40,15,4,1.0,32,31,14,17
Samaha et al. (2019),40,15,5,1.0,31,30,13,17
Samaha et al. (2019),40,16,1,1.0,28,27,11,16
Samaha et al. (2019),40,16,2,1.0,31,30,14,16
Samaha et al. (2019),40,16,3,1.0,32,31,16,15
Samaha et al. (2019),40,16,4,1.0,30,29,13,16
Samaha et al. (2019),40,16,5,1.0,36,35,20,15
Samaha et al. (2019),40,17,1,1.0,32,31,19,12
Samaha et al. (2019),40,17,2,1.0,29,28,16,12
Samaha et al. (2019),40,17,3,1.0,31,30,13,17
Samaha et al. (2019),40,17,4,1.0,25,24,10,14
Samaha et al. (2019),40,17,5,1.0,29,28,15,13
Samaha et al. (2019),40,18,1,1.0,31,30,14,16
Samaha et al. (2019),40,18,2,1.0,34,33,19,14
Samaha et al. (2019),40,18,3,1.0,33,32,18,14
Samaha et al. (2019),40,18,4,1.0,28,27,14,13
Samaha et al. (2019),40,18,5,1.0,26,25,10,15
Samaha et al. (2019),40,19,1,1.0,33,32,14,18
Samaha et al. (2019),40,19,2,1.0,30,29,15,14
Samaha et al. (2019),40,19,3,1.0,28,27,14,13
Samaha et al. (2019),40,19,4,1.0,35,34,17,17
Samaha et al. (2019),40,19,5,1.0,27,26,10,16
Samaha et al. (2019),40,20,1,1.0,33,32,22,10
Samaha et al. (2019),40,20,2,1.0,35,34,21,13
Samaha et al. (2019),40,20,3,1.0,31,30,15,15
Samaha et al. (2019),40,20,4,1.0,32,31,13,18
Samaha et al. (2019),40,20,5,1.0,26,25,13,12
